match_id,league_code,season,match_date,kickoff_time,home_team,away_team,referee,home_goals,away_goals,home_ht_goals,away_ht_goals,full_time_result,half_time_result,source_file,imported_at
0f2308874945d21c04c3,E0,2022-23,2022-08-05,20:00,Crystal Palace,Arsenal,A Taylor,0,2,0,1,A,A,2022-23.csv,2026-09-03T00:14:36
76753107e6b79adfa7d0,E0,2022-23,2022-08-06,12:30,Fulham,Liverpool,A Madley,2,2,1,0,D,H,2022-23.csv,2026-09-03T00:14:36
49daf8f728a59f92ff13,E0,2022-23,2022-08-06,15:00,Bournemouth,Aston Villa,P Bankes,2,0,1,0,H,H,2022-23.csv,2026-09-03T00:14:36
12a3ad05307d9c73abed,E0,2022-23,2022-08-06,15:00,Leeds,Wolverhampton Wanderers,R Jones,2,1,1,1,H,D,2022-23.csv,2026-09-03T00:14:36
c3bac8e5b11ffb16cf95,E0,2022-23,2022-08-06,15:00,Newcastle United,Nottingham Forest,S Hooper,2,0,0,0,H,D,2022-23.csv,2026-09-03T00:14:36
74c696f73384943d0d85,E0,2022-23,2022-08-06,15:00,Tottenham,Southampton,A Marriner,4,1,2,1,H,H,2022-23.csv,2026-09-03T00:14:36
76e0d3d73ba4a9740e83,E0,2022-23,2022-08-06,17:30,Everton,Chelsea,C Pawson,0,1,0,1,A,A,2022-23.csv,2026-09-03T00:14:36
4425a1f5a2042ec3e44e,E0,2022-23,2022-08-07,14:00,Leicester,Brentford,J Gillett,2,2,1,0,D,H,2022-23.csv,2026-09-03T00:14:36
0278cc1f85c4f6838e51,E0,2022-23,2022-08-07,14:00,Manchester United,Brighton & Hove Albion,P Tierney,1,2,0,2,A,A,2022-23.csv,2026-09-03T00:14:36
413b42c3b7a0086813a0,E0,2022-23,2022-08-07,16:30,West Ham United,Manchester City,M Oliver,0,2,0,1,A,A,2022-23.csv,2026-09-03T00:14:36
0641a43591fdbac10cde,E0,2022-23,2022-08-13,12:30,Aston Villa,Everton,M Oliver,2,1,1,0,H,H,2022-23.csv,2026-09-03T00:14:36
207e193a3325c15a45b8,E0,2022-23,2022-08-13,15:00,Arsenal,Leicester,D England,4,2,2,0,H,H,2022-23.csv,2026-09-03T00:14:36
7f9a48950600028f37f6,E0,2022-23,2022-08-13,15:00,Brighton & Hove Albion,Newcastle United,G Scott,0,0,0,0,D,D,2022-23.csv,2026-09-03T00:14:36
68d5bb536923ed7b3db3,E0,2022-23,2022-08-13,15:00,Manchester City,Bournemouth,D Coote,4,0,3,0,H,H,2022-23.csv,2026-09-03T00:14:36
95472919b4681fc91908,E0,2022-23,2022-08-13,15:00,Southampton,Leeds,T Harrington,2,2,0,0,D,D,2022-23.csv,2026-09-03T00:14:36
9ce732d401a20ca2aaa2,E0,2022-23,2022-08-13,15:00,Wolverhampton Wanderers,Fulham,J Brooks,0,0,0,0,D,D,2022-23.csv,2026-09-03T00:14:36
ed72ddba123d47855542,E0,2022-23,2022-08-13,17:30,Brentford,Manchester United,S Attwell,4,0,4,0,H,H,2022-23.csv,2026-09-03T00:14:36
6ac31ba93290f71ed065,E0,2022-23,2022-08-14,14:00,Nottingham Forest,West Ham United,R Jones,1,0,1,0,H,H,2022-23.csv,2026-09-03T00:14:36
0cb4bd87ace687b405de,E0,2022-23,2022-08-14,16:30,Chelsea,Tottenham,A Taylor,2,2,1,0,D,H,2022-23.csv,2026-09-03T00:14:36
11829d986f8ddbf72044,E0,2022-23,2022-08-15,20:00,Liverpool,Crystal Palace,P Tierney,1,1,0,1,D,A,2022-23.csv,2026-09-03T00:14:36
bd3b2d95af6af16b564a,E0,2022-23,2022-08-20,12:30,Tottenham,Wolverhampton Wanderers,S Hooper,1,0,0,0,H,D,2022-23.csv,2026-09-03T00:14:36
b6021694be1558d6976d,E0,2022-23,2022-08-20,15:00,Crystal Palace,Aston Villa,A Madley,3,1,1,1,H,D,2022-23.csv,2026-09-03T00:14:36
21c3d08dd45f869e7e8a,E0,2022-23,2022-08-20,15:00,Everton,Nottingham Forest,A Marriner,1,1,0,0,D,D,2022-23.csv,2026-09-03T00:14:36
70e0d4cdf1bb4143b520,E0,2022-23,2022-08-20,15:00,Fulham,Brentford,P Bankes,3,2,2,1,H,H,2022-23.csv,2026-09-03T00:14:36
fb6eca0bc83f24dcc9f4,E0,2022-23,2022-08-20,15:00,Leicester,Southampton,M Salisbury,1,2,0,0,A,D,2022-23.csv,2026-09-03T00:14:36
d78e9cfccc26018f13da,E0,2022-23,2022-08-20,17:30,Bournemouth,Arsenal,C Pawson,0,3,0,2,A,A,2022-23.csv,2026-09-03T00:14:36
bc749c481a84a8b7a04d,E0,2022-23,2022-08-21,14:00,Leeds,Chelsea,S Attwell,3,0,2,0,H,H,2022-23.csv,2026-09-03T00:14:36
a0af28dbfe94f7978658,E0,2022-23,2022-08-21,14:00,West Ham United,Brighton & Hove Albion,A Taylor,0,2,0,1,A,A,2022-23.csv,2026-09-03T00:14:36
3ed04b7c103118c3c537,E0,2022-23,2022-08-21,16:30,Newcastle United,Manchester City,J Gillett,3,3,2,1,D,H,2022-23.csv,2026-09-03T00:14:36
739f138c9898bbaec5f6,E0,2022-23,2022-08-22,20:00,Manchester United,Liverpool,M Oliver,2,1,1,0,H,H,2022-23.csv,2026-09-03T00:14:36
55e149c0887df239055c,E0,2022-23,2022-08-27,12:30,Southampton,Manchester United,A Madley,0,1,0,0,A,D,2022-23.csv,2026-09-03T00:14:36
58ca09d53dfd06f27583,E0,2022-23,2022-08-27,15:00,Brentford,Everton,J Brooks,1,1,0,1,D,A,2022-23.csv,2026-09-03T00:14:36
ed6459cb9468ee98f639,E0,2022-23,2022-08-27,15:00,Brighton & Hove Albion,Leeds,M Salisbury,1,0,0,0,H,D,2022-23.csv,2026-09-03T00:14:36
a5b41da30e678233f737,E0,2022-23,2022-08-27,15:00,Chelsea,Leicester,P Tierney,2,1,0,0,H,D,2022-23.csv,2026-09-03T00:14:36
9fa74d6d56604f44758e,E0,2022-23,2022-08-27,15:00,Liverpool,Bournemouth,S Attwell,9,0,5,0,H,H,2022-23.csv,2026-09-03T00:14:36
cad29ba7261bde8df39e,E0,2022-23,2022-08-27,15:00,Manchester City,Crystal Palace,D England,4,2,0,2,H,A,2022-23.csv,2026-09-03T00:14:36
938b05c9beb26b34732d,E0,2022-23,2022-08-27,17:30,Arsenal,Fulham,J Gillett,2,1,0,0,H,D,2022-23.csv,2026-09-03T00:14:36
8eb85e26ed77f62e482a,E0,2022-23,2022-08-28,14:00,Aston Villa,West Ham United,D Coote,0,1,0,0,A,D,2022-23.csv,2026-09-03T00:14:36
678fcc81c4b4d4e5e44d,E0,2022-23,2022-08-28,14:00,Wolverhampton Wanderers,Newcastle United,P Bankes,1,1,1,0,D,H,2022-23.csv,2026-09-03T00:14:36
cc1d46e4a08501f89ef0,E0,2022-23,2022-08-28,16:30,Nottingham Forest,Tottenham,C Pawson,0,2,0,1,A,A,2022-23.csv,2026-09-03T00:14:36
2a3d680d1ade6e6b156b,E0,2022-23,2022-08-30,19:30,Crystal Palace,Brentford,S Hooper,1,1,0,0,D,D,2022-23.csv,2026-09-03T00:14:36
2af9ea2917fecf89f24a,E0,2022-23,2022-08-30,19:30,Fulham,Brighton & Hove Albion,T Bramall,2,1,0,0,H,D,2022-23.csv,2026-09-03T00:14:36
45319b047afdfbb45eb4,E0,2022-23,2022-08-30,19:45,Southampton,Chelsea,M Oliver,2,1,2,1,H,H,2022-23.csv,2026-09-03T00:14:36
b9f804d807f45a523d7c,E0,2022-23,2022-08-30,20:00,Leeds,Everton,D England,1,1,0,1,D,A,2022-23.csv,2026-09-03T00:14:36
5a7467b6529cce0fb817,E0,2022-23,2022-08-31,19:30,Arsenal,Aston Villa,R Jones,2,1,1,0,H,H,2022-23.csv,2026-09-03T00:14:36
646595881355e20719df,E0,2022-23,2022-08-31,19:30,Bournemouth,Wolverhampton Wanderers,A Taylor,0,0,0,0,D,D,2022-23.csv,2026-09-03T00:14:36
509868b83370658fe495,E0,2022-23,2022-08-31,19:30,Manchester City,Nottingham Forest,P Tierney,6,0,3,0,H,H,2022-23.csv,2026-09-03T00:14:36
5dd0e8639f5b46f6b677,E0,2022-23,2022-08-31,19:45,West Ham United,Tottenham,P Bankes,1,1,0,1,D,A,2022-23.csv,2026-09-03T00:14:36
a9de602daac9b8b219cf,E0,2022-23,2022-08-31,20:00,Liverpool,Newcastle United,A Marriner,2,1,0,1,H,A,2022-23.csv,2026-09-03T00:14:36
8e2cbdcca7bb19fcba61,E0,2022-23,2022-09-01,20:00,Leicester,Manchester United,C Pawson,0,1,0,1,A,A,2022-23.csv,2026-09-03T00:14:36
18f91f5030354cc2cad0,E0,2022-23,2022-09-03,12:30,Everton,Liverpool,A Taylor,0,0,0,0,D,D,2022-23.csv,2026-09-03T00:14:36
74de37cbabd626103ee3,E0,2022-23,2022-09-03,15:00,Brentford,Leeds,R Jones,5,2,2,1,H,H,2022-23.csv,2026-09-03T00:14:36
6c610058ce247a88f5ef,E0,2022-23,2022-09-03,15:00,Chelsea,West Ham United,A Madley,2,1,0,0,H,D,2022-23.csv,2026-09-03T00:14:36
f52d8cc047fbd29ef11a,E0,2022-23,2022-09-03,15:00,Newcastle United,Crystal Palace,M Salisbury,0,0,0,0,D,D,2022-23.csv,2026-09-03T00:14:36
8e2498c407cf07be677e,E0,2022-23,2022-09-03,15:00,Nottingham Forest,Bournemouth,M Oliver,2,3,2,0,A,H,2022-23.csv,2026-09-03T00:14:36
b9c2ebf9fae0268d9e05,E0,2022-23,2022-09-03,15:00,Tottenham,Fulham,S Attwell,2,1,1,0,H,H,2022-23.csv,2026-09-03T00:14:36
a03f28b39c87e2f38bbc,E0,2022-23,2022-09-03,15:00,Wolverhampton Wanderers,Southampton,J Brooks,1,0,1,0,H,H,2022-23.csv,2026-09-03T00:14:36
30dc9b9e7f6980246208,E0,2022-23,2022-09-03,17:30,Aston Villa,Manchester City,S Hooper,1,1,0,0,D,D,2022-23.csv,2026-09-03T00:14:36
ac6a758eb258d3819767,E0,2022-23,2022-09-04,14:00,Brighton & Hove Albion,Leicester,T Harrington,5,2,2,2,H,D,2022-23.csv,2026-09-03T00:14:36
d976757611ea64e4b3f1,E0,2022-23,2022-09-04,16:30,Manchester United,Arsenal,P Tierney,3,1,1,0,H,H,2022-23.csv,2026-09-03T00:14:36
7e848d18b9a3232e5f3c,E0,2022-23,2022-09-16,20:00,Aston Villa,Southampton,T Harrington,1,0,1,0,H,H,2022-23.csv,2026-09-03T00:14:36
aba450c1c73b8cb4a412,E0,2022-23,2022-09-16,20:00,Nottingham Forest,Fulham,J Gillett,2,3,1,0,A,H,2022-23.csv,2026-09-03T00:14:36
90a09998cc14cb7abfc9,E0,2022-23,2022-09-17,12:30,Wolverhampton Wanderers,Manchester City,A Taylor,0,3,0,2,A,A,2022-23.csv,2026-09-03T00:14:36
6d99aecde41d477cf05b,E0,2022-23,2022-09-17,15:00,Newcastle United,Bournemouth,C Pawson,1,1,0,0,D,D,2022-23.csv,2026-09-03T00:14:36
b669c6b3514535b505f2,E0,2022-23,2022-09-17,17:30,Tottenham,Leicester,S Hooper,6,2,2,2,H,D,2022-23.csv,2026-09-03T00:14:36
c081c39d0fa21ad30f77,E0,2022-23,2022-09-18,12:00,Brentford,Arsenal,D Coote,0,3,0,2,A,A,2022-23.csv,2026-09-03T00:14:36
da401fbb3071289bcdea,E0,2022-23,2022-09-18,14:15,Everton,West Ham United,M Oliver,1,0,0,0,H,D,2022-23.csv,2026-09-03T00:14:36
610b0db09213c511285b,E0,2022-23,2022-10-01,12:30,Arsenal,Tottenham,A Taylor,3,1,1,1,H,D,2022-23.csv,2026-09-03T00:14:36
8e875663fb5882e8c541,E0,2022-23,2022-10-01,15:00,Bournemouth,Brentford,T Bramall,0,0,0,0,D,D,2022-23.csv,2026-09-03T00:14:36
1a9185b3f9f23028bd4b,E0,2022-23,2022-10-01,15:00,Crystal Palace,Chelsea,C Kavanagh,1,2,1,1,A,D,2022-23.csv,2026-09-03T00:14:36
2622354837b581f164f8,E0,2022-23,2022-10-01,15:00,Fulham,Newcastle United,D England,1,4,0,3,A,A,2022-23.csv,2026-09-03T00:14:36
9796b4940cbffcd524d3,E0,2022-23,2022-10-01,15:00,Liverpool,Brighton & Hove Albion,A Madley,3,3,1,2,D,A,2022-23.csv,2026-09-03T00:14:36
c458b0d5f6b6d94d54b2,E0,2022-23,2022-10-01,15:00,Southampton,Everton,A Marriner,1,2,0,0,A,D,2022-23.csv,2026-09-03T00:14:36
4e672756522a55a725b0,E0,2022-23,2022-10-01,17:30,West Ham United,Wolverhampton Wanderers,P Tierney,2,0,1,0,H,H,2022-23.csv,2026-09-03T00:14:36
993b4b278a3c976236b5,E0,2022-23,2022-10-02,14:00,Manchester City,Manchester United,M Oliver,6,3,4,0,H,H,2022-23.csv,2026-09-03T00:14:36
73c77a595e618a5e63e7,E0,2022-23,2022-10-02,16:30,Leeds,Aston Villa,S Attwell,0,0,0,0,D,D,2022-23.csv,2026-09-03T00:14:36
6393ab8792900465552a,E0,2022-23,2022-10-03,20:00,Leicester,Nottingham Forest,R Jones,4,0,3,0,H,H,2022-23.csv,2026-09-03T00:14:36
e9ebf963eb7a3b22fe20,E0,2022-23,2022-10-08,15:00,Bournemouth,Leicester,M Salisbury,2,1,0,1,H,A,2022-23.csv,2026-09-03T00:14:36
763e46622f20c97aec8b,E0,2022-23,2022-10-08,15:00,Chelsea,Wolverhampton Wanderers,S Hooper,3,0,1,0,H,H,2022-23.csv,2026-09-03T00:14:36
c1988c6a59219076ac7b,E0,2022-23,2022-10-08,15:00,Manchester City,Southampton,A Madley,4,0,2,0,H,H,2022-23.csv,2026-09-03T00:14:36
feb01c765a89969ffb90,E0,2022-23,2022-10-08,15:00,Newcastle United,Brentford,J Brooks,5,1,2,0,H,H,2022-23.csv,2026-09-03T00:14:36
f84341928b66f43c2618,E0,2022-23,2022-10-08,17:30,Brighton & Hove Albion,Tottenham,T Harrington,0,1,0,1,A,A,2022-23.csv,2026-09-03T00:14:36
2d2200e3e9ce873b51a9,E0,2022-23,2022-10-09,14:00,Crystal Palace,Leeds,P Tierney,2,1,1,1,H,D,2022-23.csv,2026-09-03T00:14:36
4ebc5cb839e2885b7818,E0,2022-23,2022-10-09,14:00,West Ham United,Fulham,C Kavanagh,3,1,1,1,H,D,2022-23.csv,2026-09-03T00:14:36
fcd1bb6e5784d419d314,E0,2022-23,2022-10-09,16:30,Arsenal,Liverpool,M Oliver,3,2,2,1,H,H,2022-23.csv,2026-09-03T00:14:36
cea1c23b9ea3346e5e2e,E0,2022-23,2022-10-09,19:00,Everton,Manchester United,D Coote,1,2,1,2,A,A,2022-23.csv,2026-09-03T00:14:36
c0f89a2a40c6a6587320,E0,2022-23,2022-10-10,20:00,Nottingham Forest,Aston Villa,A Taylor,1,1,1,1,D,D,2022-23.csv,2026-09-03T00:14:36
9f72f666b40755b4d1de,E0,2022-23,2022-10-14,20:00,Brentford,Brighton & Hove Albion,M Salisbury,2,0,1,0,H,H,2022-23.csv,2026-09-03T00:14:36
13d437617b1067ffb1c2,E0,2022-23,2022-10-15,12:30,Leicester,Crystal Palace,A Madley,0,0,0,0,D,D,2022-23.csv,2026-09-03T00:14:36
c07366a6a21438bc1cca,E0,2022-23,2022-10-15,15:00,Fulham,Bournemouth,G Scott,2,2,1,2,D,A,2022-23.csv,2026-09-03T00:14:36
0c292f968381c62af736,E0,2022-23,2022-10-15,15:00,Wolverhampton Wanderers,Nottingham Forest,T Bramall,1,0,0,0,H,D,2022-23.csv,2026-09-03T00:14:36
d30402bfc2e7d4b8cba9,E0,2022-23,2022-10-15,17:30,Tottenham,Everton,P Tierney,2,0,0,0,H,D,2022-23.csv,2026-09-03T00:14:36
39516139c2cd6825bea3,E0,2022-23,2022-10-16,14:00,Aston Villa,Chelsea,R Jones,0,2,0,1,A,A,2022-23.csv,2026-09-03T00:14:36
fab0b517e57658c6ae8c,E0,2022-23,2022-10-16,14:00,Leeds,Arsenal,C Kavanagh,0,1,0,1,A,A,2022-23.csv,2026-09-03T00:14:36
25398e71b525bef70438,E0,2022-23,2022-10-16,14:00,Manchester United,Newcastle United,C Pawson,0,0,0,0,D,D,2022-23.csv,2026-09-03T00:14:36
182e91cc778d40f2950b,E0,2022-23,2022-10-16,14:00,Southampton,West Ham United,P Bankes,1,1,1,0,D,H,2022-23.csv,2026-09-03T00:14:36
5ccc4988e5246ab2fdf3,E0,2022-23,2022-10-16,16:30,Liverpool,Manchester City,A Taylor,1,0,0,0,H,D,2022-23.csv,2026-09-03T00:14:36
07c6d90ed34538d90d2c,E0,2022-23,2022-10-18,19:30,Brighton & Hove Albion,Nottingham Forest,D England,0,0,0,0,D,D,2022-23.csv,2026-09-03T00:14:36
91f69f222c3e2660817f,E0,2022-23,2022-10-18,20:15,Crystal Palace,Wolverhampton Wanderers,D Coote,2,1,0,1,H,A,2022-23.csv,2026-09-03T00:14:36
cb3f7fc9e0b473d71044,E0,2022-23,2022-10-19,19:30,Bournemouth,Southampton,J Brooks,0,1,0,1,A,A,2022-23.csv,2026-09-03T00:14:36
8edc47c4b9cd4915821d,E0,2022-23,2022-10-19,19:30,Brentford,Chelsea,J Gillett,0,0,0,0,D,D,2022-23.csv,2026-09-03T00:14:36
2b4b603552f6b764b5d0,E0,2022-23,2022-10-19,19:30,Liverpool,West Ham United,S Attwell,1,0,1,0,H,H,2022-23.csv,2026-09-03T00:14:36
fa6737bde4f9e7b793e0,E0,2022-23,2022-10-19,19:30,Newcastle United,Everton,T Harrington,1,0,1,0,H,H,2022-23.csv,2026-09-03T00:14:36
421c7ecfc83a1e48901d,E0,2022-23,2022-10-19,20:15,Manchester United,Tottenham,S Hooper,2,0,0,0,H,D,2022-23.csv,2026-09-03T00:14:36
9d831fe3ccf2a7bb28e0,E0,2022-23,2022-10-20,19:30,Fulham,Aston Villa,M Oliver,3,0,1,0,H,H,2022-23.csv,2026-09-03T00:14:36
e23e7e3ac344adac8cda,E0,2022-23,2022-10-20,20:15,Leicester,Leeds,P Bankes,2,0,2,0,H,H,2022-23.csv,2026-09-03T00:14:36
7b3a984786f115384fbe,E0,2022-23,2022-10-22,12:30,Nottingham Forest,Liverpool,P Tierney,1,0,0,0,H,D,2022-23.csv,2026-09-03T00:14:36
dfe88935dcbb0a59ea2f,E0,2022-23,2022-10-22,15:00,Everton,Crystal Palace,S Hooper,3,0,1,0,H,H,2022-23.csv,2026-09-03T00:14:36
771d02a015862b098547,E0,2022-23,2022-10-22,15:00,Manchester City,Brighton & Hove Albion,C Pawson,3,1,2,0,H,H,2022-23.csv,2026-09-03T00:14:36
a8beb6e890f74936344b,E0,2022-23,2022-10-22,17:30,Chelsea,Manchester United,S Attwell,1,1,0,0,D,D,2022-23.csv,2026-09-03T00:14:36
2c3ba50de257810a0589,E0,2022-23,2022-10-23,14:00,Aston Villa,Brentford,D England,4,0,3,0,H,H,2022-23.csv,2026-09-03T00:14:36
30b32e90991488551eb7,E0,2022-23,2022-10-23,14:00,Leeds,Fulham,A Taylor,2,3,1,1,A,D,2022-23.csv,2026-09-03T00:14:36
df1169519b5ac80f8121,E0,2022-23,2022-10-23,14:00,Southampton,Arsenal,R Jones,1,1,0,1,D,A,2022-23.csv,2026-09-03T00:14:36
9aa2e2d88517c1c15e5a,E0,2022-23,2022-10-23,14:00,Wolverhampton Wanderers,Leicester,M Oliver,0,4,0,2,A,A,2022-23.csv,2026-09-03T00:14:36
5910abf6768075869641,E0,2022-23,2022-10-23,16:30,Tottenham,Newcastle United,J Gillett,1,2,0,2,A,A,2022-23.csv,2026-09-03T00:14:36
7e60f855a7ad1050573f,E0,2022-23,2022-10-24,20:00,West Ham United,Bournemouth,D Coote,2,0,1,0,H,H,2022-23.csv,2026-09-03T00:14:36
34715bc397bd2e0072d6,E0,2022-23,2022-10-29,12:30,Leicester,Manchester City,R Jones,0,1,0,0,A,D,2022-23.csv,2026-09-03T00:14:36
408ee1536c3a3bb3309c,E0,2022-23,2022-10-29,15:00,Bournemouth,Tottenham,A Taylor,2,3,1,0,A,H,2022-23.csv,2026-09-03T00:14:36
3c1da1711dba90a61cc9,E0,2022-23,2022-10-29,15:00,Brentford,Wolverhampton Wanderers,R Madley,1,1,0,0,D,D,2022-23.csv,2026-09-03T00:14:36
c9d88f5d1f95611acb51,E0,2022-23,2022-10-29,15:00,Brighton & Hove Albion,Chelsea,A Madley,4,1,3,0,H,H,2022-23.csv,2026-09-03T00:14:36
c22d3bd98749cb7cf404,E0,2022-23,2022-10-29,15:00,Crystal Palace,Southampton,M Salisbury,1,0,1,0,H,H,2022-23.csv,2026-09-03T00:14:36
ad79d8039a6a8172d710,E0,2022-23,2022-10-29,15:00,Newcastle United,Aston Villa,P Tierney,4,0,1,0,H,H,2022-23.csv,2026-09-03T00:14:36
63b5113e1b6d496bbbc5,E0,2022-23,2022-10-29,17:30,Fulham,Everton,J Brooks,0,0,0,0,D,D,2022-23.csv,2026-09-03T00:14:36
e96eaecfb14a783ab7b3,E0,2022-23,2022-10-29,19:45,Liverpool,Leeds,M Oliver,1,2,1,1,A,D,2022-23.csv,2026-09-03T00:14:36
bb71f16e3cc659cfeb23,E0,2022-23,2022-10-30,14:00,Arsenal,Nottingham Forest,S Hooper,5,0,1,0,H,H,2022-23.csv,2026-09-03T00:14:36
6639279e7625ef27e2de,E0,2022-23,2022-10-30,16:15,Manchester United,West Ham United,C Kavanagh,1,0,1,0,H,H,2022-23.csv,2026-09-03T00:14:36
cdeb45cc9a5de0e00d5d,E0,2022-23,2022-11-05,15:00,Leeds,Bournemouth,T Harrington,4,3,1,2,H,A,2022-23.csv,2026-09-03T00:14:36
48d1db9bd19ff7b75ec5,E0,2022-23,2022-11-05,15:00,Manchester City,Fulham,D England,2,1,1,1,H,D,2022-23.csv,2026-09-03T00:14:36
edd59e3f55b076e6b392,E0,2022-23,2022-11-05,15:00,Nottingham Forest,Brentford,A Marriner,2,2,1,1,D,D,2022-23.csv,2026-09-03T00:14:36
c8c5895277306343308c,E0,2022-23,2022-11-05,15:00,Wolverhampton Wanderers,Brighton & Hove Albion,G Scott,2,3,2,2,A,D,2022-23.csv,2026-09-03T00:14:36
8460120e433ed11af4ab,E0,2022-23,2022-11-05,17:30,Everton,Leicester,D Coote,0,2,0,1,A,A,2022-23.csv,2026-09-03T00:14:36
5b154787bd91f9fe72e7,E0,2022-23,2022-11-06,12:00,Chelsea,Arsenal,M Oliver,0,1,0,0,A,D,2022-23.csv,2026-09-03T00:14:36
24b48de736f2770e347a,E0,2022-23,2022-11-06,14:00,Aston Villa,Manchester United,A Taylor,3,1,2,1,H,H,2022-23.csv,2026-09-03T00:14:36
f6f84d20c8e062670ee5,E0,2022-23,2022-11-06,14:00,Southampton,Newcastle United,S Attwell,1,4,0,1,A,A,2022-23.csv,2026-09-03T00:14:36
b3c2b52de3a698522dee,E0,2022-23,2022-11-06,14:00,West Ham United,Crystal Palace,P Tierney,1,2,1,1,A,D,2022-23.csv,2026-09-03T00:14:36
71aa20108552d20cc6ea,E0,2022-23,2022-11-06,16:30,Tottenham,Liverpool,A Madley,1,2,0,2,A,A,2022-23.csv,2026-09-03T00:14:36
c5574176ea9e0d8f2f40,E0,2022-23,2022-11-12,12:30,Manchester City,Brentford,P Bankes,1,2,1,1,A,D,2022-23.csv,2026-09-03T00:14:36
17bd532ce6ef0c61f180,E0,2022-23,2022-11-12,15:00,Bournemouth,Everton,C Pawson,3,0,2,0,H,H,2022-23.csv,2026-09-03T00:14:36
acc035c3be31070b86a2,E0,2022-23,2022-11-12,15:00,Liverpool,Southampton,S Hooper,3,1,3,1,H,H,2022-23.csv,2026-09-03T00:14:36
4f24eafca55d3d08821c,E0,2022-23,2022-11-12,15:00,Nottingham Forest,Crystal Palace,J Brooks,1,0,0,0,H,D,2022-23.csv,2026-09-03T00:14:36
da85fb9d098b7ce27015,E0,2022-23,2022-11-12,15:00,Tottenham,Leeds,M Salisbury,4,3,1,2,H,A,2022-23.csv,2026-09-03T00:14:36
cdd19e5904da53bef70c,E0,2022-23,2022-11-12,15:00,West Ham United,Leicester,J Gillett,0,2,0,1,A,A,2022-23.csv,2026-09-03T00:14:36
8b90af383d78105c8273,E0,2022-23,2022-11-12,17:30,Newcastle United,Chelsea,R Jones,1,0,0,0,H,D,2022-23.csv,2026-09-03T00:14:36
53e133929ad636965a86,E0,2022-23,2022-11-12,19:45,Wolverhampton Wanderers,Arsenal,S Attwell,0,2,0,0,A,D,2022-23.csv,2026-09-03T00:14:36
b1ef11ed2b2a6f2dea44,E0,2022-23,2022-11-13,14:00,Brighton & Hove Albion,Aston Villa,C Kavanagh,1,2,1,1,A,D,2022-23.csv,2026-09-03T00:14:36
a67867f4ab82aa3147f2,E0,2022-23,2022-11-13,16:30,Fulham,Manchester United,P Tierney,1,2,0,1,A,A,2022-23.csv,2026-09-03T00:14:36
b0cded8c1ad3bf588700,E0,2022-23,2022-12-26,12:30,Brentford,Tottenham,D Coote,2,2,1,0,D,H,2022-23.csv,2026-09-03T00:14:36
06113e4eccf15bca2a04,E0,2022-23,2022-12-26,15:00,Crystal Palace,Fulham,A Madley,0,3,0,1,A,A,2022-23.csv,2026-09-03T00:14:36
5ee9432424747d4ec842,E0,2022-23,2022-12-26,15:00,Everton,Wolverhampton Wanderers,C Pawson,1,2,1,1,A,D,2022-23.csv,2026-09-03T00:14:36
ae3c7a00a7e36d10a62f,E0,2022-23,2022-12-26,15:00,Leicester,Newcastle United,J Gillett,0,3,0,3,A,A,2022-23.csv,2026-09-03T00:14:36
28c7eed2dd2589928545,E0,2022-23,2022-12-26,15:00,Southampton,Brighton & Hove Albion,R Jones,1,3,0,2,A,A,2022-23.csv,2026-09-03T00:14:36
85ede115af738f894c70,E0,2022-23,2022-12-26,17:30,Aston Villa,Liverpool,P Tierney,1,3,0,2,A,A,2022-23.csv,2026-09-03T00:14:36
71c77a8e8e2066b27069,E0,2022-23,2022-12-26,20:00,Arsenal,West Ham United,M Oliver,3,1,0,1,H,A,2022-23.csv,2026-09-03T00:14:36
85502ac444e621c25bc7,E0,2022-23,2022-12-27,17:30,Chelsea,Bournemouth,S Hooper,2,0,2,0,H,H,2022-23.csv,2026-09-03T00:14:36
4cae0e549b42351e4264,E0,2022-23,2022-12-27,20:00,Manchester United,Nottingham Forest,A Taylor,3,0,2,0,H,H,2022-23.csv,2026-09-03T00:14:36
e8c08a609e6423340ddd,E0,2022-23,2022-12-28,20:00,Leeds,Manchester City,S Attwell,1,3,0,1,A,A,2022-23.csv,2026-09-03T00:14:36
e5859a50ba04999288bf,E0,2022-23,2022-12-30,19:45,West Ham United,Brentford,D England,0,2,0,2,A,A,2022-23.csv,2026-09-03T00:14:36
9f6ee82122f03dc727bf,E0,2022-23,2022-12-30,20:00,Liverpool,Leicester,C Pawson,2,1,2,1,H,H,2022-23.csv,2026-09-03T00:14:36
8cdfdee3d33ae8b52293,E0,2022-23,2022-12-31,12:30,Wolverhampton Wanderers,Manchester United,R Jones,0,1,0,0,A,D,2022-23.csv,2026-09-03T00:14:36
2520214a052555235e37,E0,2022-23,2022-12-31,15:00,Bournemouth,Crystal Palace,A Marriner,0,2,0,2,A,A,2022-23.csv,2026-09-03T00:14:36
512b83ef3f3e41b908b8,E0,2022-23,2022-12-31,15:00,Fulham,Southampton,G Scott,2,1,1,0,H,H,2022-23.csv,2026-09-03T00:14:36
a1298f2302c2608f5e9a,E0,2022-23,2022-12-31,15:00,Manchester City,Everton,A Madley,1,1,1,0,D,H,2022-23.csv,2026-09-03T00:14:36
aad4f0aa1434d541677f,E0,2022-23,2022-12-31,15:00,Newcastle United,Leeds,S Hooper,0,0,0,0,D,D,2022-23.csv,2026-09-03T00:14:36
5eca2ba66dfd249bb643,E0,2022-23,2022-12-31,17:30,Brighton & Hove Albion,Arsenal,A Taylor,2,4,0,2,A,A,2022-23.csv,2026-09-03T00:14:36
e2a6089e60001f6bce42,E0,2022-23,2023-01-01,14:00,Tottenham,Aston Villa,J Brooks,0,2,0,0,A,D,2022-23.csv,2026-09-03T00:14:36
743d069d0726235b05dd,E0,2022-23,2023-01-01,16:30,Nottingham Forest,Chelsea,P Bankes,1,1,0,1,D,A,2022-23.csv,2026-09-03T00:14:36
325c97e8ce7bf1acde46,E0,2022-23,2023-01-02,17:30,Brentford,Liverpool,S Attwell,3,1,2,0,H,H,2022-23.csv,2026-09-03T00:14:36
2e3f90ad23c08563f2d1,E0,2022-23,2023-01-03,19:45,Arsenal,Newcastle United,A Madley,0,0,0,0,D,D,2022-23.csv,2026-09-03T00:14:36
e19dc355203f24f7c165,E0,2022-23,2023-01-03,19:45,Everton,Brighton & Hove Albion,A Marriner,1,4,0,1,A,A,2022-23.csv,2026-09-03T00:14:36
2c2589bc2d0bce8065d4,E0,2022-23,2023-01-03,19:45,Leicester,Fulham,D Bond,0,1,0,1,A,A,2022-23.csv,2026-09-03T00:14:36
852b725a88078716e1cb,E0,2022-23,2023-01-03,20:00,Manchester United,Bournemouth,M Salisbury,3,0,1,0,H,H,2022-23.csv,2026-09-03T00:14:36
11f144c11f9ac4cff113,E0,2022-23,2023-01-04,19:30,Southampton,Nottingham Forest,T Bramall,0,1,0,1,A,A,2022-23.csv,2026-09-03T00:14:36
da89caf91af685bc30ce,E0,2022-23,2023-01-04,19:45,Leeds,West Ham United,D Coote,2,2,1,1,D,D,2022-23.csv,2026-09-03T00:14:36
62a4a263fa059037b6f3,E0,2022-23,2023-01-04,20:00,Aston Villa,Wolverhampton Wanderers,J Gillett,1,1,0,1,D,A,2022-23.csv,2026-09-03T00:14:36
ca14c633ae65cf6e0b3b,E0,2022-23,2023-01-04,20:00,Crystal Palace,Tottenham,M Oliver,0,4,0,0,A,D,2022-23.csv,2026-09-03T00:14:36
12829f5db913705eb00b,E0,2022-23,2023-01-05,20:00,Chelsea,Manchester City,P Tierney,0,1,0,0,A,D,2022-23.csv,2026-09-03T00:14:36
9677f5fa9d1663ce16f9,E0,2022-23,2023-01-12,20:00,Fulham,Chelsea,D Coote,2,1,1,0,H,H,2022-23.csv,2026-09-03T00:14:36
bcfcad9ed79a03e16346,E0,2022-23,2023-01-13,20:00,Aston Villa,Leeds,M Oliver,2,1,1,0,H,H,2022-23.csv,2026-09-03T00:14:36
737ba57ef4c348f80652,E0,2022-23,2023-01-14,12:30,Manchester United,Manchester City,S Attwell,2,1,0,0,H,D,2022-23.csv,2026-09-03T00:14:36
abecc24ce937e472c362,E0,2022-23,2023-01-14,15:00,Brighton & Hove Albion,Liverpool,D England,3,0,0,0,H,D,2022-23.csv,2026-09-03T00:14:36
9fa5e4d76eadf9749db3,E0,2022-23,2023-01-14,15:00,Everton,Southampton,J Brooks,1,2,1,0,A,H,2022-23.csv,2026-09-03T00:14:36
519544747c60450e8722,E0,2022-23,2023-01-14,15:00,Nottingham Forest,Leicester,P Tierney,2,0,0,0,H,D,2022-23.csv,2026-09-03T00:14:36
0899d3f8280276601d33,E0,2022-23,2023-01-14,15:00,Wolverhampton Wanderers,West Ham United,S Hooper,1,0,0,0,H,D,2022-23.csv,2026-09-03T00:14:36
d5557c816326b99638db,E0,2022-23,2023-01-14,17:30,Brentford,Bournemouth,J Gillett,2,0,1,0,H,H,2022-23.csv,2026-09-03T00:14:36
d9f5baa60dd0db18e0a8,E0,2022-23,2023-01-15,14:00,Chelsea,Crystal Palace,P Bankes,1,0,0,0,H,D,2022-23.csv,2026-09-03T00:14:36
3366ac4bdaddb9c822bc,E0,2022-23,2023-01-15,14:00,Newcastle United,Fulham,R Jones,1,0,0,0,H,D,2022-23.csv,2026-09-03T00:14:36
d98705c50312db4b4f4d,E0,2022-23,2023-01-15,16:30,Tottenham,Arsenal,C Pawson,0,2,0,2,A,A,2022-23.csv,2026-09-03T00:14:36
cc506dd400b9bb2b18f0,E0,2022-23,2023-01-18,20:00,Crystal Palace,Manchester United,R Jones,1,1,0,1,D,A,2022-23.csv,2026-09-03T00:14:36
811948e3a0c5da6eab53,E0,2022-23,2023-01-19,20:00,Manchester City,Tottenham,S Hooper,4,2,0,2,H,A,2022-23.csv,2026-09-03T00:14:36
436832a8899c8c5ff235,E0,2022-23,2023-01-21,12:30,Liverpool,Chelsea,M Oliver,0,0,0,0,D,D,2022-23.csv,2026-09-03T00:14:36
c863e16bba8b4e1bbcd5,E0,2022-23,2023-01-21,15:00,Bournemouth,Nottingham Forest,A Madley,1,1,1,0,D,H,2022-23.csv,2026-09-03T00:14:36
d1d2dd5b1f53cad438a4,E0,2022-23,2023-01-21,15:00,Leicester,Brighton & Hove Albion,T Bramall,2,2,1,1,D,D,2022-23.csv,2026-09-03T00:14:36
fe56faae0784455a97b6,E0,2022-23,2023-01-21,15:00,Southampton,Aston Villa,M Salisbury,0,1,0,0,A,D,2022-23.csv,2026-09-03T00:14:36
bb066113a5ace0c49251,E0,2022-23,2023-01-21,15:00,West Ham United,Everton,S Attwell,2,0,2,0,H,H,2022-23.csv,2026-09-03T00:14:36
b68fd3aa91173d06a585,E0,2022-23,2023-01-21,17:30,Crystal Palace,Newcastle United,C Pawson,0,0,0,0,D,D,2022-23.csv,2026-09-03T00:14:36
b19fe132344023c7a19a,E0,2022-23,2023-01-22,14:00,Leeds,Brentford,P Bankes,0,0,0,0,D,D,2022-23.csv,2026-09-03T00:14:36
62355ea19c38f5504c25,E0,2022-23,2023-01-22,14:00,Manchester City,Wolverhampton Wanderers,D Coote,3,0,1,0,H,H,2022-23.csv,2026-09-03T00:14:36
461cf461f0c63d738caa,E0,2022-23,2023-01-22,16:30,Arsenal,Manchester United,A Taylor,3,2,1,1,H,D,2022-23.csv,2026-09-03T00:14:36
f2ccb4ffd2a71077cd85,E0,2022-23,2023-01-23,20:00,Fulham,Tottenham,P Tierney,0,1,0,1,A,A,2022-23.csv,2026-09-03T00:14:36
7c12ecc483157c7750a2,E0,2022-23,2023-02-03,20:00,Chelsea,Fulham,S Attwell,0,0,0,0,D,D,2022-23.csv,2026-09-03T00:14:36
4b330d497cc83aca8b5b,E0,2022-23,2023-02-04,12:30,Everton,Arsenal,D Coote,1,0,0,0,H,D,2022-23.csv,2026-09-03T00:14:36
593728ebd8d39a09e8e5,E0,2022-23,2023-02-04,15:00,Aston Villa,Leicester,D England,2,4,2,3,A,A,2022-23.csv,2026-09-03T00:14:36
c110dfa7909ae0c40f67,E0,2022-23,2023-02-04,15:00,Brentford,Southampton,D Bond,3,0,2,0,H,H,2022-23.csv,2026-09-03T00:14:36
9835fa1775c364bfec69,E0,2022-23,2023-02-04,15:00,Brighton & Hove Albion,Bournemouth,C Pawson,1,0,0,0,H,D,2022-23.csv,2026-09-03T00:14:36
4c1811e5f0bf896613c0,E0,2022-23,2023-02-04,15:00,Manchester United,Crystal Palace,A Marriner,2,1,1,0,H,H,2022-23.csv,2026-09-03T00:14:36
479b071ba9273fe6f067,E0,2022-23,2023-02-04,15:00,Wolverhampton Wanderers,Liverpool,P Tierney,3,0,2,0,H,H,2022-23.csv,2026-09-03T00:14:36
93c17537019144aff3ef,E0,2022-23,2023-02-04,17:30,Newcastle United,West Ham United,P Bankes,1,1,1,1,D,D,2022-23.csv,2026-09-03T00:14:36
863562118ab4d1bbe767,E0,2022-23,2023-02-05,14:00,Nottingham Forest,Leeds,R Jones,1,0,1,0,H,H,2022-23.csv,2026-09-03T00:14:36
c4f8fddc9f5a4ad3f44d,E0,2022-23,2023-02-05,16:30,Tottenham,Manchester City,A Madley,1,0,1,0,H,H,2022-23.csv,2026-09-03T00:14:36
52b317aa071bf8eebc1a,E0,2022-23,2023-02-08,20:00,Manchester United,Leeds,S Hooper,2,2,0,1,D,A,2022-23.csv,2026-09-03T00:14:36
a84c71a4cd5f3a0fac63,E0,2022-23,2023-02-11,12:30,West Ham United,Chelsea,C Pawson,1,1,1,1,D,D,2022-23.csv,2026-09-03T00:14:36
a133d2cf878d9098b533,E0,2022-23,2023-02-11,15:00,Arsenal,Brentford,P Bankes,1,1,0,0,D,D,2022-23.csv,2026-09-03T00:14:36
1a50a21f30352f9b3fe7,E0,2022-23,2023-02-11,15:00,Crystal Palace,Brighton & Hove Albion,M Oliver,1,1,0,0,D,D,2022-23.csv,2026-09-03T00:14:36
321bbf2b8294499c3681,E0,2022-23,2023-02-11,15:00,Fulham,Nottingham Forest,A Madley,2,0,1,0,H,H,2022-23.csv,2026-09-03T00:14:36
f63c5a8b9625182f623e,E0,2022-23,2023-02-11,15:00,Leicester,Tottenham,M Salisbury,4,1,3,1,H,H,2022-23.csv,2026-09-03T00:14:36
f09b187613a013aba84b,E0,2022-23,2023-02-11,15:00,Southampton,Wolverhampton Wanderers,J Gillett,1,2,1,0,A,H,2022-23.csv,2026-09-03T00:14:36
1dbde5f94683695d1ab9,E0,2022-23,2023-02-11,17:30,Bournemouth,Newcastle United,S Attwell,1,1,1,1,D,D,2022-23.csv,2026-09-03T00:14:36
767a06c641aee078919b,E0,2022-23,2023-02-12,14:00,Leeds,Manchester United,P Tierney,0,2,0,0,A,D,2022-23.csv,2026-09-03T00:14:36
1e87ebf5dafea7728807,E0,2022-23,2023-02-12,16:30,Manchester City,Aston Villa,R Jones,3,1,3,0,H,H,2022-23.csv,2026-09-03T00:14:36
99bc0001824d5e261ca0,E0,2022-23,2023-02-13,20:00,Liverpool,Everton,S Hooper,2,0,1,0,H,H,2022-23.csv,2026-09-03T00:14:36
83b56e35bc0e188edad2,E0,2022-23,2023-02-15,19:30,Arsenal,Manchester City,A Taylor,1,3,1,1,A,D,2022-23.csv,2026-09-03T00:14:36
dec0f09be8f67557ea5a,E0,2022-23,2023-02-18,12:30,Aston Villa,Arsenal,S Hooper,2,4,2,1,A,H,2022-23.csv,2026-09-03T00:14:36
a24876536322cd65118b,E0,2022-23,2023-02-18,15:00,Brentford,Crystal Palace,P Tierney,1,1,0,0,D,D,2022-23.csv,2026-09-03T00:14:36
011ad2bf23688b0d962d,E0,2022-23,2023-02-18,15:00,Brighton & Hove Albion,Fulham,D England,0,1,0,0,A,D,2022-23.csv,2026-09-03T00:14:36
b67098ac1f776e24387b,E0,2022-23,2023-02-18,15:00,Chelsea,Southampton,D Coote,0,1,0,1,A,A,2022-23.csv,2026-09-03T00:14:36
64dd30dcf4f7b70e7f64,E0,2022-23,2023-02-18,15:00,Everton,Leeds,A Madley,1,0,0,0,H,D,2022-23.csv,2026-09-03T00:14:36
cd33875386338a3b7cdf,E0,2022-23,2023-02-18,15:00,Nottingham Forest,Manchester City,G Scott,1,1,0,1,D,A,2022-23.csv,2026-09-03T00:14:36
15770bf52f59de2b5d89,E0,2022-23,2023-02-18,15:00,Wolverhampton Wanderers,Bournemouth,M Salisbury,0,1,0,0,A,D,2022-23.csv,2026-09-03T00:14:36
2154367e5dd739429633,E0,2022-23,2023-02-18,17:30,Newcastle United,Liverpool,A Taylor,0,2,0,2,A,A,2022-23.csv,2026-09-03T00:14:36
5ee521d3c88916c0278c,E0,2022-23,2023-02-19,14:00,Manchester United,Leicester,S Attwell,3,0,1,0,H,H,2022-23.csv,2026-09-03T00:14:36
01fa9adc11285a94e50c,E0,2022-23,2023-02-19,16:30,Tottenham,West Ham United,M Oliver,2,0,0,0,H,D,2022-23.csv,2026-09-03T00:14:36
1f07133a472137049340,E0,2022-23,2023-02-24,20:00,Fulham,Wolverhampton Wanderers,M Oliver,1,1,0,1,D,A,2022-23.csv,2026-09-03T00:14:36
2d985e858adc170f661b,E0,2022-23,2023-02-25,15:00,Everton,Aston Villa,A Taylor,0,2,0,0,A,D,2022-23.csv,2026-09-03T00:14:36
440573c8a608298dfd8e,E0,2022-23,2023-02-25,15:00,Leeds,Southampton,P Bankes,1,0,0,0,H,D,2022-23.csv,2026-09-03T00:14:36
d96567990416505d3735,E0,2022-23,2023-02-25,15:00,Leicester,Arsenal,C Pawson,0,1,0,0,A,D,2022-23.csv,2026-09-03T00:14:36
139982820cd769e37c30,E0,2022-23,2023-02-25,15:00,West Ham United,Nottingham Forest,J Gillett,4,0,0,0,H,D,2022-23.csv,2026-09-03T00:14:36
7207502546d8ddbd33f0,E0,2022-23,2023-02-25,17:30,Bournemouth,Manchester City,P Tierney,1,4,0,3,A,A,2022-23.csv,2026-09-03T00:14:36
ae14f94ef931b4e7bcd4,E0,2022-23,2023-02-25,19:45,Crystal Palace,Liverpool,D England,0,0,0,0,D,D,2022-23.csv,2026-09-03T00:14:36
25548fc19099ad013a99,E0,2022-23,2023-02-26,13:30,Tottenham,Chelsea,S Attwell,2,0,0,0,H,D,2022-23.csv,2026-09-03T00:14:36
8fb80c7700726a47d824,E0,2022-23,2023-03-01,19:45,Arsenal,Everton,M Oliver,4,0,2,0,H,H,2022-23.csv,2026-09-03T00:14:36
29d10748d5c39b2df49e,E0,2022-23,2023-03-01,20:00,Liverpool,Wolverhampton Wanderers,P Tierney,2,0,0,0,H,D,2022-23.csv,2026-09-03T00:14:36
ae903f24e8fbed3ac1c8,E0,2022-23,2023-03-04,12:30,Manchester City,Newcastle United,S Hooper,2,0,1,0,H,H,2022-23.csv,2026-09-03T00:14:36
a81ab1c723e88df7903a,E0,2022-23,2023-03-04,15:00,Arsenal,Bournemouth,C Kavanagh,3,2,0,1,H,A,2022-23.csv,2026-09-03T00:14:36
255922eb01681ed26f30,E0,2022-23,2023-03-04,15:00,Aston Villa,Crystal Palace,C Pawson,1,0,1,0,H,H,2022-23.csv,2026-09-03T00:14:36
79bb6b35578822ca934f,E0,2022-23,2023-03-04,15:00,Brighton & Hove Albion,West Ham United,S Attwell,4,0,1,0,H,H,2022-23.csv,2026-09-03T00:14:36
94e0754377c2c66e868a,E0,2022-23,2023-03-04,15:00,Chelsea,Leeds,M Oliver,1,0,0,0,H,D,2022-23.csv,2026-09-03T00:14:36
7b2c2c1cdc9c81808370,E0,2022-23,2023-03-04,15:00,Wolverhampton Wanderers,Tottenham,T Robinson,1,0,0,0,H,D,2022-23.csv,2026-09-03T00:14:36
5286605665bee474c9d3,E0,2022-23,2023-03-04,17:30,Southampton,Leicester,R Jones,1,0,1,0,H,H,2022-23.csv,2026-09-03T00:14:36
fc17961b091ae7c27d02,E0,2022-23,2023-03-05,14:00,Nottingham Forest,Everton,J Brooks,2,2,1,2,D,A,2022-23.csv,2026-09-03T00:14:36
14a2418c71a64fb1d95a,E0,2022-23,2023-03-05,16:30,Liverpool,Manchester United,A Madley,7,0,1,0,H,H,2022-23.csv,2026-09-03T00:14:36
fa4a9a7918a9592287f4,E0,2022-23,2023-03-06,20:00,Brentford,Fulham,A Taylor,3,2,1,1,H,D,2022-23.csv,2026-09-03T00:14:36
0af4bf4b189bf8379a54,E0,2022-23,2023-03-11,12:30,Bournemouth,Liverpool,J Brooks,1,0,1,0,H,H,2022-23.csv,2026-09-03T00:14:36
89f1ca7e287760c89280,E0,2022-23,2023-03-11,15:00,Everton,Brentford,S Hooper,1,0,1,0,H,H,2022-23.csv,2026-09-03T00:14:36
aab8bde2df6f04611522,E0,2022-23,2023-03-11,15:00,Leeds,Brighton & Hove Albion,P Tierney,2,2,1,1,D,D,2022-23.csv,2026-09-03T00:14:36
eb50204125ff685baa0c,E0,2022-23,2023-03-11,15:00,Leicester,Chelsea,A Marriner,1,3,1,2,A,A,2022-23.csv,2026-09-03T00:14:36
dc97a0c536c55f988bbc,E0,2022-23,2023-03-11,15:00,Tottenham,Nottingham Forest,C Pawson,3,1,2,0,H,H,2022-23.csv,2026-09-03T00:14:36
430f9d5827707e430ed3,E0,2022-23,2023-03-11,17:30,Crystal Palace,Manchester City,R Jones,0,1,0,0,A,D,2022-23.csv,2026-09-03T00:14:36
ae8757472fc025aa0a21,E0,2022-23,2023-03-12,14:00,Fulham,Arsenal,D Coote,0,3,0,3,A,A,2022-23.csv,2026-09-03T00:14:36
9d5e1075c53bf0a4f84b,E0,2022-23,2023-03-12,14:00,Manchester United,Southampton,A Taylor,0,0,0,0,D,D,2022-23.csv,2026-09-03T00:14:36
e3dafca157a9822ec85a,E0,2022-23,2023-03-12,14:00,West Ham United,Aston Villa,C Kavanagh,1,1,1,1,D,D,2022-23.csv,2026-09-03T00:14:36
8bc5370a4064ce9d7f93,E0,2022-23,2023-03-12,16:30,Newcastle United,Wolverhampton Wanderers,A Madley,2,1,1,0,H,H,2022-23.csv,2026-09-03T00:14:36
41a7f4226876bfd531cf,E0,2022-23,2023-03-15,19:30,Brighton & Hove Albion,Crystal Palace,P Bankes,1,0,1,0,H,H,2022-23.csv,2026-09-03T00:14:36
e1dbe52d901e27f11c93,E0,2022-23,2023-03-15,19:30,Southampton,Brentford,M Salisbury,0,2,0,1,A,A,2022-23.csv,2026-09-03T00:14:36
3af26066976c02603b4b,E0,2022-23,2023-03-17,20:00,Nottingham Forest,Newcastle United,P Tierney,1,2,1,1,A,D,2022-23.csv,2026-09-03T00:14:36
8e71f436a08dfc765601,E0,2022-23,2023-03-18,15:00,Aston Villa,Bournemouth,R Jones,3,0,1,0,H,H,2022-23.csv,2026-09-03T00:14:36
68e1181c29eb0dc728be,E0,2022-23,2023-03-18,15:00,Brentford,Leicester,D Bond,1,1,1,0,D,H,2022-23.csv,2026-09-03T00:14:36
906e5fcc20076e5c8c78,E0,2022-23,2023-03-18,15:00,Southampton,Tottenham,S Hooper,3,3,0,1,D,A,2022-23.csv,2026-09-03T00:14:36
a657e709aaa1ef8eb729,E0,2022-23,2023-03-18,15:00,Wolverhampton Wanderers,Leeds,M Salisbury,2,4,0,1,A,A,2022-23.csv,2026-09-03T00:14:36
1bf29fe445fe6a884e46,E0,2022-23,2023-03-18,17:30,Chelsea,Everton,D England,2,2,0,0,D,D,2022-23.csv,2026-09-03T00:14:36
2a41adcfd4b91ab863dc,E0,2022-23,2023-03-19,14:00,Arsenal,Crystal Palace,S Attwell,4,1,2,0,H,H,2022-23.csv,2026-09-03T00:14:36
f385a17aca485a48284f,E0,2022-23,2023-04-01,12:30,Manchester City,Liverpool,S Hooper,4,1,1,1,H,D,2022-23.csv,2026-09-03T00:14:36
cf4653bb41ce08cd534e,E0,2022-23,2023-04-01,15:00,Arsenal,Leeds,D England,4,1,1,0,H,H,2022-23.csv,2026-09-03T00:14:36
55cede9f35401e454a00,E0,2022-23,2023-04-01,15:00,Bournemouth,Fulham,P Bankes,2,1,0,1,H,A,2022-23.csv,2026-09-03T00:14:36
bfe9314415b950ea009e,E0,2022-23,2023-04-01,15:00,Brighton & Hove Albion,Brentford,M Oliver,3,3,2,2,D,D,2022-23.csv,2026-09-03T00:14:36
4ecf2e74d6cc8e21417e,E0,2022-23,2023-04-01,15:00,Crystal Palace,Leicester,T Robinson,2,1,0,0,H,D,2022-23.csv,2026-09-03T00:14:36
eb39f57d488fc9792408,E0,2022-23,2023-04-01,15:00,Nottingham Forest,Wolverhampton Wanderers,C Kavanagh,1,1,1,0,D,H,2022-23.csv,2026-09-03T00:14:36
913ff9bfc08feabfadcf,E0,2022-23,2023-04-01,17:30,Chelsea,Aston Villa,A Madley,0,2,0,1,A,A,2022-23.csv,2026-09-03T00:14:36
3f4844c0c3fb29284257,E0,2022-23,2023-04-02,14:00,West Ham United,Southampton,P Tierney,1,0,1,0,H,H,2022-23.csv,2026-09-03T00:14:36
80668ab78dc261b20d95,E0,2022-23,2023-04-02,16:30,Newcastle United,Manchester United,S Attwell,2,0,0,0,H,D,2022-23.csv,2026-09-03T00:14:36
a219b3e26340a11f9ca6,E0,2022-23,2023-04-03,20:00,Everton,Tottenham,D Coote,1,1,0,0,D,D,2022-23.csv,2026-09-03T00:14:36
2289b5d564054ae36f8b,E0,2022-23,2023-04-04,19:45,Bournemouth,Brighton & Hove Albion,D Bond,0,2,0,1,A,A,2022-23.csv,2026-09-03T00:14:36
4445e314c651e1ffebe1,E0,2022-23,2023-04-04,19:45,Leeds,Nottingham Forest,R Jones,2,1,2,1,H,H,2022-23.csv,2026-09-03T00:14:36
2e9348ff288dd97f42f4,E0,2022-23,2023-04-04,19:45,Leicester,Aston Villa,G Scott,1,2,1,1,A,D,2022-23.csv,2026-09-03T00:14:36
824d35c4ccd2a4bc7716,E0,2022-23,2023-04-04,20:00,Chelsea,Liverpool,A Taylor,0,0,0,0,D,D,2022-23.csv,2026-09-03T00:14:36
ad6bad2dadda987cb73c,E0,2022-23,2023-04-05,20:00,Manchester United,Brentford,J Brooks,1,0,1,0,H,H,2022-23.csv,2026-09-03T00:14:36
8b0f162522573c28ba91,E0,2022-23,2023-04-05,20:00,West Ham United,Newcastle United,C Pawson,1,5,1,2,A,A,2022-23.csv,2026-09-03T00:14:36
1c0d410f00800729d4c2,E0,2022-23,2023-04-08,12:30,Manchester United,Everton,M Oliver,2,0,1,0,H,H,2022-23.csv,2026-09-03T00:14:36
b1f17997710b65c2acff,E0,2022-23,2023-04-08,15:00,Aston Villa,Nottingham Forest,A Taylor,2,0,0,0,H,D,2022-23.csv,2026-09-03T00:14:36
e8f5f2754e83342c7482,E0,2022-23,2023-04-08,15:00,Brentford,Newcastle United,C Kavanagh,1,2,1,0,A,H,2022-23.csv,2026-09-03T00:14:36
7ad7ae801cbd86f70c61,E0,2022-23,2023-04-08,15:00,Fulham,West Ham United,J Gillett,0,1,0,1,A,A,2022-23.csv,2026-09-03T00:14:36
34ea7c547003a11fb980,E0,2022-23,2023-04-08,15:00,Leicester,Bournemouth,D Coote,0,1,0,1,A,A,2022-23.csv,2026-09-03T00:14:36
39e69df1c075aedb6bf2,E0,2022-23,2023-04-08,15:00,Tottenham,Brighton & Hove Albion,S Attwell,2,1,1,1,H,D,2022-23.csv,2026-09-03T00:14:36
12c2d360774158a32ee1,E0,2022-23,2023-04-08,15:00,Wolverhampton Wanderers,Chelsea,P Bankes,1,0,1,0,H,H,2022-23.csv,2026-09-03T00:14:36
4c53b3e5cac6c26e0eb6,E0,2022-23,2023-04-08,17:30,Southampton,Manchester City,R Jones,1,4,0,1,A,A,2022-23.csv,2026-09-03T00:14:36
1994dee26abc999110d4,E0,2022-23,2023-04-09,14:00,Leeds,Crystal Palace,S Hooper,1,5,1,1,A,D,2022-23.csv,2026-09-03T00:14:36
1825011f99c1c6f4d5a7,E0,2022-23,2023-04-09,16:30,Liverpool,Arsenal,P Tierney,2,2,1,2,D,A,2022-23.csv,2026-09-03T00:14:36
88d5531047e6e7f02c1a,E0,2022-23,2023-04-15,12:30,Aston Villa,Newcastle United,J Brooks,3,0,1,0,H,H,2022-23.csv,2026-09-03T00:14:36
c9c406212d345357cf27,E0,2022-23,2023-04-15,15:00,Chelsea,Brighton & Hove Albion,R Jones,1,2,1,1,A,D,2022-23.csv,2026-09-03T00:14:36
5e7a858ff478c9fb85e5,E0,2022-23,2023-04-15,15:00,Everton,Fulham,A Taylor,1,3,1,1,A,D,2022-23.csv,2026-09-03T00:14:36
6acc0e4cd2cb371649d7,E0,2022-23,2023-04-15,15:00,Southampton,Crystal Palace,M Oliver,0,2,0,0,A,D,2022-23.csv,2026-09-03T00:14:36
efda360678cf0d30ac0b,E0,2022-23,2023-04-15,15:00,Tottenham,Bournemouth,A Madley,2,3,1,1,A,D,2022-23.csv,2026-09-03T00:14:36
ffa369d55aba7172525c,E0,2022-23,2023-04-15,15:00,Wolverhampton Wanderers,Brentford,P Tierney,2,0,1,0,H,H,2022-23.csv,2026-09-03T00:14:36
228167a8fb037d70436d,E0,2022-23,2023-04-15,17:30,Manchester City,Leicester,D England,3,1,3,0,H,H,2022-23.csv,2026-09-03T00:14:36
5b465ecd7769b373ff1b,E0,2022-23,2023-04-16,14:00,West Ham United,Arsenal,D Coote,2,2,1,2,D,A,2022-23.csv,2026-09-03T00:14:36
05bcd23689ccdd0b4cf6,E0,2022-23,2023-04-16,16:30,Nottingham Forest,Manchester United,S Hooper,0,2,0,1,A,A,2022-23.csv,2026-09-03T00:14:36
f2a272ed60aa61e7cc3a,E0,2022-23,2023-04-17,20:00,Leeds,Liverpool,C Pawson,1,6,0,2,A,A,2022-23.csv,2026-09-03T00:14:36
1ead03f2af7ac40b7aae,E0,2022-23,2023-04-21,20:00,Arsenal,Southampton,S Hooper,3,3,1,2,D,A,2022-23.csv,2026-09-03T00:14:36
deabc102e9851d4705c8,E0,2022-23,2023-04-22,12:30,Fulham,Leeds,P Bankes,2,1,0,0,H,D,2022-23.csv,2026-09-03T00:14:36
0527dca1aca568446cbd,E0,2022-23,2023-04-22,15:00,Brentford,Aston Villa,M Salisbury,1,1,0,0,D,D,2022-23.csv,2026-09-03T00:14:36
46b29108569523246d69,E0,2022-23,2023-04-22,15:00,Crystal Palace,Everton,J Brooks,0,0,0,0,D,D,2022-23.csv,2026-09-03T00:14:36
107d219925cdcb045346,E0,2022-23,2023-04-22,15:00,Leicester,Wolverhampton Wanderers,A Madley,2,1,1,1,H,D,2022-23.csv,2026-09-03T00:14:36
71c0ede399bfabc4a1a0,E0,2022-23,2023-04-22,15:00,Liverpool,Nottingham Forest,M Oliver,3,2,0,0,H,D,2022-23.csv,2026-09-03T00:14:36
942db0742c88e27d4b01,E0,2022-23,2023-04-23,14:00,Bournemouth,West Ham United,A Taylor,0,4,0,3,A,A,2022-23.csv,2026-09-03T00:14:36
e9eb9b13d0678863f87b,E0,2022-23,2023-04-23,14:00,Newcastle United,Tottenham,D Coote,6,1,5,0,H,H,2022-23.csv,2026-09-03T00:14:36
15cd8ff7db121f50d1cf,E0,2022-23,2023-04-25,19:30,Wolverhampton Wanderers,Crystal Palace,R Jones,2,0,1,0,H,H,2022-23.csv,2026-09-03T00:14:36
862dfa48e475b669d0fe,E0,2022-23,2023-04-25,19:45,Aston Villa,Fulham,T Bramall,1,0,1,0,H,H,2022-23.csv,2026-09-03T00:14:36
1bc7b98de5dfff5f86f0,E0,2022-23,2023-04-25,20:00,Leeds,Leicester,P Tierney,1,1,1,0,D,H,2022-23.csv,2026-09-03T00:14:36
b8101018f36cb209189c,E0,2022-23,2023-04-26,19:30,Nottingham Forest,Brighton & Hove Albion,J Gillett,3,1,1,1,H,D,2022-23.csv,2026-09-03T00:14:36
d68ba8d1b5071e82da2e,E0,2022-23,2023-04-26,19:45,Chelsea,Brentford,A Madley,0,2,0,1,A,A,2022-23.csv,2026-09-03T00:14:36
ce900c4dc5384313d2ee,E0,2022-23,2023-04-26,19:45,West Ham United,Liverpool,C Kavanagh,1,2,1,1,A,D,2022-23.csv,2026-09-03T00:14:36
4db7bd83efb89836bd78,E0,2022-23,2023-04-26,20:00,Manchester City,Arsenal,M Oliver,4,1,2,0,H,H,2022-23.csv,2026-09-03T00:14:36
7781d01df8a931c19c60,E0,2022-23,2023-04-27,19:45,Everton,Newcastle United,A Marriner,1,4,0,1,A,A,2022-23.csv,2026-09-03T00:14:36
4ad54fd7e033e4e4f5eb,E0,2022-23,2023-04-27,19:45,Southampton,Bournemouth,D England,0,1,0,0,A,D,2022-23.csv,2026-09-03T00:14:36
67f59604c9cfd1f654d3,E0,2022-23,2023-04-27,20:15,Tottenham,Manchester United,A Taylor,2,2,0,2,D,A,2022-23.csv,2026-09-03T00:14:36
16ca9ec8b32a97e9c0b4,E0,2022-23,2023-04-29,12:30,Crystal Palace,West Ham United,C Pawson,4,3,3,2,H,H,2022-23.csv,2026-09-03T00:14:36
f622b7298c404687e13a,E0,2022-23,2023-04-29,15:00,Brentford,Nottingham Forest,P Bankes,2,1,0,1,H,A,2022-23.csv,2026-09-03T00:14:36
b3661b8aec4b3f5d413c,E0,2022-23,2023-04-29,15:00,Brighton & Hove Albion,Wolverhampton Wanderers,D Coote,6,0,4,0,H,H,2022-23.csv,2026-09-03T00:14:36
d29696438b8544be5636,E0,2022-23,2023-04-30,14:00,Bournemouth,Leeds,C Kavanagh,4,1,2,1,H,H,2022-23.csv,2026-09-03T00:14:36
2e643cec9c930233c9e7,E0,2022-23,2023-04-30,14:00,Fulham,Manchester City,S Hooper,1,2,1,2,A,A,2022-23.csv,2026-09-03T00:14:36
b1e90e84da65206c7d45,E0,2022-23,2023-04-30,14:00,Manchester United,Aston Villa,J Gillett,1,0,1,0,H,H,2022-23.csv,2026-09-03T00:14:36
800d918f6aabe6d38854,E0,2022-23,2023-04-30,14:00,Newcastle United,Southampton,A Taylor,3,1,0,1,H,A,2022-23.csv,2026-09-03T00:14:36
ab12c2f76633ff83ce39,E0,2022-23,2023-04-30,16:30,Liverpool,Tottenham,P Tierney,4,3,3,1,H,H,2022-23.csv,2026-09-03T00:14:36
53d1137761157e823a32,E0,2022-23,2023-05-01,20:00,Leicester,Everton,M Oliver,2,2,2,1,D,H,2022-23.csv,2026-09-03T00:14:36
759740e91546e13f1a3b,E0,2022-23,2023-05-02,20:00,Arsenal,Chelsea,R Jones,3,1,3,0,H,H,2022-23.csv,2026-09-03T00:14:36
bb85f3893db55f7dbc58,E0,2022-23,2023-05-03,20:00,Liverpool,Fulham,S Attwell,1,0,1,0,H,H,2022-23.csv,2026-09-03T00:14:36
fb3159dea2edb0dc40c5,E0,2022-23,2023-05-03,20:00,Manchester City,West Ham United,J Brooks,3,0,0,0,H,D,2022-23.csv,2026-09-03T00:14:36
69f0056ec7dc59a86d0b,E0,2022-23,2023-05-04,20:00,Brighton & Hove Albion,Manchester United,A Marriner,1,0,0,0,H,D,2022-23.csv,2026-09-03T00:14:36
3599af6dbec6945984f8,E0,2022-23,2023-05-06,15:00,Bournemouth,Chelsea,J Brooks,1,3,1,1,A,D,2022-23.csv,2026-09-03T00:14:36
afa7e659f5eb1c0c7431,E0,2022-23,2023-05-06,15:00,Manchester City,Leeds,A Madley,2,1,2,0,H,H,2022-23.csv,2026-09-03T00:14:36
008c856ba2eae948942b,E0,2022-23,2023-05-06,15:00,Tottenham,Crystal Palace,D England,1,0,1,0,H,H,2022-23.csv,2026-09-03T00:14:36
001f76b39ff89a6ef6b4,E0,2022-23,2023-05-06,15:00,Wolverhampton Wanderers,Aston Villa,S Attwell,1,0,1,0,H,H,2022-23.csv,2026-09-03T00:14:36
cbc4d3761c5487192c82,E0,2022-23,2023-05-06,17:30,Liverpool,Brentford,A Taylor,1,0,1,0,H,H,2022-23.csv,2026-09-03T00:14:36
2d48a4d9b63ce4226ef8,E0,2022-23,2023-05-07,16:30,Newcastle United,Arsenal,C Kavanagh,0,2,0,1,A,A,2022-23.csv,2026-09-03T00:14:36
66bcd715f2bd75f314b6,E0,2022-23,2023-05-07,19:00,West Ham United,Manchester United,P Bankes,1,0,1,0,H,H,2022-23.csv,2026-09-03T00:14:36
9f2ac647715fbb0d8bc4,E0,2022-23,2023-05-08,15:00,Fulham,Leicester,R Jones,5,3,3,0,H,H,2022-23.csv,2026-09-03T00:14:36
48354b748cda058d5846,E0,2022-23,2023-05-08,17:30,Brighton & Hove Albion,Everton,S Hooper,1,5,0,3,A,A,2022-23.csv,2026-09-03T00:14:36
ac0bb95684cc2beeb59f,E0,2022-23,2023-05-08,20:00,Nottingham Forest,Southampton,M Oliver,4,3,3,1,H,H,2022-23.csv,2026-09-03T00:14:36
31bb79b3e849437240ab,E0,2022-23,2023-05-13,12:30,Leeds,Newcastle United,S Hooper,2,2,1,1,D,D,2022-23.csv,2026-09-03T00:14:36
1f7ce864aa8f6a52d3b6,E0,2022-23,2023-05-13,15:00,Aston Villa,Tottenham,P Bankes,2,1,1,0,H,H,2022-23.csv,2026-09-03T00:14:36
38fcdb20cc289c948698,E0,2022-23,2023-05-13,15:00,Chelsea,Nottingham Forest,P Tierney,2,2,0,1,D,A,2022-23.csv,2026-09-03T00:14:36
aec5e9c4ccc57372e526,E0,2022-23,2023-05-13,15:00,Crystal Palace,Bournemouth,M Salisbury,2,0,1,0,H,H,2022-23.csv,2026-09-03T00:14:36
baafc04eee0490f3c92e,E0,2022-23,2023-05-13,15:00,Manchester United,Wolverhampton Wanderers,J Brooks,2,0,1,0,H,H,2022-23.csv,2026-09-03T00:14:36
f9f9e870138c6bbeb2eb,E0,2022-23,2023-05-13,15:00,Southampton,Fulham,T Bramall,0,2,0,0,A,D,2022-23.csv,2026-09-03T00:14:36
285efd936e98013d78ff,E0,2022-23,2023-05-14,14:00,Brentford,West Ham United,M Oliver,2,0,2,0,H,H,2022-23.csv,2026-09-03T00:14:36
67bde285e822c6f2db59,E0,2022-23,2023-05-14,14:00,Everton,Manchester City,A Taylor,0,3,0,2,A,A,2022-23.csv,2026-09-03T00:14:36
8bd235ad7d93877e4c5f,E0,2022-23,2023-05-14,16:30,Arsenal,Brighton & Hove Albion,A Madley,0,3,0,0,A,D,2022-23.csv,2026-09-03T00:14:36
dd3394848067d72aa115,E0,2022-23,2023-05-15,20:00,Leicester,Liverpool,C Pawson,0,3,0,2,A,A,2022-23.csv,2026-09-03T00:14:36
089edffeffe7c20e2b30,E0,2022-23,2023-05-18,19:30,Newcastle United,Brighton & Hove Albion,R Jones,4,1,2,0,H,H,2022-23.csv,2026-09-03T00:14:36
09c8724886068c09ccb4,E0,2022-23,2023-05-20,12:30,Tottenham,Brentford,J Gillett,1,3,1,0,A,H,2022-23.csv,2026-09-03T00:14:36
be3fd4de6a1ede958edd,E0,2022-23,2023-05-20,15:00,Bournemouth,Manchester United,C Kavanagh,0,1,0,1,A,A,2022-23.csv,2026-09-03T00:14:36
8e101e6f796ab4975983,E0,2022-23,2023-05-20,15:00,Fulham,Crystal Palace,J Smith,2,2,1,1,D,D,2022-23.csv,2026-09-03T00:14:36
c9c2f076a29d89a6a337,E0,2022-23,2023-05-20,15:00,Liverpool,Aston Villa,J Brooks,1,1,0,1,D,A,2022-23.csv,2026-09-03T00:14:36
37455b4eae15422e6cc7,E0,2022-23,2023-05-20,15:00,Wolverhampton Wanderers,Everton,D Coote,1,1,1,0,D,H,2022-23.csv,2026-09-03T00:14:36
ea64c4a0fb690bfa3167,E0,2022-23,2023-05-20,17:30,Nottingham Forest,Arsenal,A Taylor,1,0,1,0,H,H,2022-23.csv,2026-09-03T00:14:36
4b4d521fa6de5d66a668,E0,2022-23,2023-05-21,13:30,West Ham United,Leeds,P Bankes,3,1,1,1,H,D,2022-23.csv,2026-09-03T00:14:36
40dce6c1345b33dc1320,E0,2022-23,2023-05-21,14:00,Brighton & Hove Albion,Southampton,P Tierney,3,1,2,0,H,H,2022-23.csv,2026-09-03T00:14:36
f1daceed1e2314310b2a,E0,2022-23,2023-05-21,16:00,Manchester City,Chelsea,M Oliver,1,0,1,0,H,H,2022-23.csv,2026-09-03T00:14:36
f5ab696e5a1b49b84d42,E0,2022-23,2023-05-22,20:00,Newcastle United,Leicester,A Marriner,0,0,0,0,D,D,2022-23.csv,2026-09-03T00:14:36
e1a7d4c2b7073c168556,E0,2022-23,2023-05-24,20:00,Brighton & Hove Albion,Manchester City,S Hooper,1,1,1,1,D,D,2022-23.csv,2026-09-03T00:14:36
4bffbb07302b7789de69,E0,2022-23,2023-05-25,20:00,Manchester United,Chelsea,S Attwell,4,1,2,0,H,H,2022-23.csv,2026-09-03T00:14:36
743469609acab2affcc6,E0,2022-23,2023-05-28,16:30,Arsenal,Wolverhampton Wanderers,A Marriner,5,0,3,0,H,H,2022-23.csv,2026-09-03T00:14:36
c0ad591d4ffa5ef9dcfe,E0,2022-23,2023-05-28,16:30,Aston Villa,Brighton & Hove Albion,D Coote,2,1,2,1,H,H,2022-23.csv,2026-09-03T00:14:36
11443a1c0aea88149480,E0,2022-23,2023-05-28,16:30,Brentford,Manchester City,J Brooks,1,0,0,0,H,D,2022-23.csv,2026-09-03T00:14:36
c11cc21fdd56de257097,E0,2022-23,2023-05-28,16:30,Chelsea,Newcastle United,J Gillett,1,1,1,1,D,D,2022-23.csv,2026-09-03T00:14:36
1bb580230a8425e7bbbc,E0,2022-23,2023-05-28,16:30,Crystal Palace,Nottingham Forest,T Bramall,1,1,0,1,D,A,2022-23.csv,2026-09-03T00:14:36
af2ece7c9e60c05eebca,E0,2022-23,2023-05-28,16:30,Everton,Bournemouth,S Attwell,1,0,0,0,H,D,2022-23.csv,2026-09-03T00:14:36
0c9253598237b445a691,E0,2022-23,2023-05-28,16:30,Leeds,Tottenham,A Taylor,1,4,0,1,A,A,2022-23.csv,2026-09-03T00:14:36
3d9b142811f4ca26d6a8,E0,2022-23,2023-05-28,16:30,Leicester,West Ham United,S Hooper,2,1,1,0,H,H,2022-23.csv,2026-09-03T00:14:36
c24ce332f28dee28e855,E0,2022-23,2023-05-28,16:30,Manchester United,Fulham,R Jones,2,1,1,1,H,D,2022-23.csv,2026-09-03T00:14:36
5971df9ead05d1abc727,E0,2022-23,2023-05-28,16:30,Southampton,Liverpool,D England,4,4,2,2,D,D,2022-23.csv,2026-09-03T00:14:36
8d5227b352d3fdb98f48,E0,2023-24,2023-08-11,20:00,Burnley,Manchester City,C Pawson,0,3,0,2,A,A,2023-24.csv,2026-09-03T00:14:39
f751685abfbedc43515f,E0,2023-24,2023-08-12,12:30,Arsenal,Nottingham Forest,M Oliver,2,1,2,0,H,H,2023-24.csv,2026-09-03T00:14:39
784a632b87c974dce93c,E0,2023-24,2023-08-12,15:00,Bournemouth,West Ham United,P Bankes,1,1,0,0,D,D,2023-24.csv,2026-09-03T00:14:39
909bcd86c059f74d56be,E0,2023-24,2023-08-12,15:00,Brighton & Hove Albion,Luton,D Coote,4,1,1,0,H,H,2023-24.csv,2026-09-03T00:14:39
401d35f6264889c4f4d3,E0,2023-24,2023-08-12,15:00,Everton,Fulham,S Attwell,0,1,0,0,A,D,2023-24.csv,2026-09-03T00:14:39
adfa0ff2170ae937243e,E0,2023-24,2023-08-12,15:00,Sheffield United,Crystal Palace,J Brooks,0,1,0,0,A,D,2023-24.csv,2026-09-03T00:14:39
e0c796e56e336a924dcc,E0,2023-24,2023-08-12,17:30,Newcastle United,Aston Villa,A Madley,5,1,2,1,H,H,2023-24.csv,2026-09-03T00:14:39
1df8c4f9ff9891fb1e6e,E0,2023-24,2023-08-13,14:00,Brentford,Tottenham,R Jones,2,2,2,2,D,D,2023-24.csv,2026-09-03T00:14:39
00942a8b6bdbaf5f9517,E0,2023-24,2023-08-13,16:30,Chelsea,Liverpool,A Taylor,1,1,1,1,D,D,2023-24.csv,2026-09-03T00:14:39
22bdcd3c9c8232fe395e,E0,2023-24,2023-08-14,20:00,Manchester United,Wolverhampton Wanderers,S Hooper,1,0,0,0,H,D,2023-24.csv,2026-09-03T00:14:39
8a6597b54c5533f8a738,E0,2023-24,2023-08-18,19:45,Nottingham Forest,Sheffield United,P Bankes,2,1,1,0,H,H,2023-24.csv,2026-09-03T00:14:39
6bf1a44944661f6e14aa,E0,2023-24,2023-08-19,15:00,Fulham,Brentford,D Bond,0,3,0,1,A,A,2023-24.csv,2026-09-03T00:14:39
2d3871027105465f2118,E0,2023-24,2023-08-19,15:00,Liverpool,Bournemouth,T Bramall,3,1,2,1,H,H,2023-24.csv,2026-09-03T00:14:39
a2ff8b816303714cf5c1,E0,2023-24,2023-08-19,15:00,Wolverhampton Wanderers,Brighton & Hove Albion,A Madley,1,4,0,1,A,A,2023-24.csv,2026-09-03T00:14:39
d3d9dfa4a07caeb6f069,E0,2023-24,2023-08-19,17:30,Tottenham,Manchester United,M Oliver,2,0,0,0,H,D,2023-24.csv,2026-09-03T00:14:39
22660b8b3838735b39db,E0,2023-24,2023-08-19,20:00,Manchester City,Newcastle United,R Jones,1,0,1,0,H,H,2023-24.csv,2026-09-03T00:14:39
ee0acbc91a9fe08987d3,E0,2023-24,2023-08-20,14:00,Aston Villa,Everton,A Taylor,4,0,2,0,H,H,2023-24.csv,2026-09-03T00:14:39
f97e412f265c2d454a92,E0,2023-24,2023-08-20,16:30,West Ham United,Chelsea,J Brooks,3,1,1,1,H,D,2023-24.csv,2026-09-03T00:14:39
1bb051654e1187eb24ac,E0,2023-24,2023-08-21,20:00,Crystal Palace,Arsenal,D Coote,0,1,0,0,A,D,2023-24.csv,2026-09-03T00:14:39
157f04d46d92999e3b7f,E0,2023-24,2023-08-25,20:00,Chelsea,Luton,R Jones,3,0,1,0,H,H,2023-24.csv,2026-09-03T00:14:39
50a7c1760429e5cf1c27,E0,2023-24,2023-08-26,12:30,Bournemouth,Tottenham,T Robinson,0,2,0,1,A,A,2023-24.csv,2026-09-03T00:14:39
8ea773ed449f389b1c6f,E0,2023-24,2023-08-26,15:00,Arsenal,Fulham,P Tierney,2,2,0,1,D,A,2023-24.csv,2026-09-03T00:14:39
9fe4cfd7c48b6e057655,E0,2023-24,2023-08-26,15:00,Brentford,Crystal Palace,P Bankes,1,1,1,0,D,H,2023-24.csv,2026-09-03T00:14:39
b49e62b29190b31eb43b,E0,2023-24,2023-08-26,15:00,Everton,Wolverhampton Wanderers,C Pawson,0,1,0,0,A,D,2023-24.csv,2026-09-03T00:14:39
ea15fad9a17b65e315ca,E0,2023-24,2023-08-26,15:00,Manchester United,Nottingham Forest,S Attwell,3,2,1,2,H,A,2023-24.csv,2026-09-03T00:14:39
a3ffa54cf3fb18e84ab6,E0,2023-24,2023-08-26,17:30,Brighton & Hove Albion,West Ham United,A Taylor,1,3,0,1,A,A,2023-24.csv,2026-09-03T00:14:39
a616ea2cbb51877c69de,E0,2023-24,2023-08-27,14:00,Burnley,Aston Villa,M Salisbury,1,3,0,2,A,A,2023-24.csv,2026-09-03T00:14:39
164165830602d3d3bb7a,E0,2023-24,2023-08-27,14:00,Sheffield United,Manchester City,J Gillett,1,2,0,0,A,D,2023-24.csv,2026-09-03T00:14:39
7376a25ee7e06dc5e8c1,E0,2023-24,2023-08-27,16:30,Newcastle United,Liverpool,J Brooks,1,2,1,0,A,H,2023-24.csv,2026-09-03T00:14:39
ee3778e5b533da8084a0,E0,2023-24,2023-09-01,20:00,Luton,West Ham United,P Tierney,1,2,0,1,A,A,2023-24.csv,2026-09-03T00:14:39
a6db6337a516dfa25ab5,E0,2023-24,2023-09-02,12:30,Sheffield United,Everton,A Madley,2,2,2,1,D,H,2023-24.csv,2026-09-03T00:14:39
36c09c60ac1616ba0e69,E0,2023-24,2023-09-02,15:00,Brentford,Bournemouth,R Madley,2,2,1,1,D,D,2023-24.csv,2026-09-03T00:14:39
46a63a77266c5f426dc2,E0,2023-24,2023-09-02,15:00,Burnley,Tottenham,D England,2,5,1,2,A,A,2023-24.csv,2026-09-03T00:14:39
13be68fc70f15c6208af,E0,2023-24,2023-09-02,15:00,Chelsea,Nottingham Forest,T Robinson,0,1,0,0,A,D,2023-24.csv,2026-09-03T00:14:39
1ff777444071a56d24d7,E0,2023-24,2023-09-02,15:00,Manchester City,Fulham,M Oliver,5,1,2,1,H,H,2023-24.csv,2026-09-03T00:14:39
6fa192b4b19b473811a6,E0,2023-24,2023-09-02,17:30,Brighton & Hove Albion,Newcastle United,S Attwell,3,1,1,0,H,H,2023-24.csv,2026-09-03T00:14:39
17c1bc6a3fd4308e248e,E0,2023-24,2023-09-03,14:00,Crystal Palace,Wolverhampton Wanderers,R Jones,3,2,0,0,H,D,2023-24.csv,2026-09-03T00:14:39
809a930cb7a70ab56320,E0,2023-24,2023-09-03,14:00,Liverpool,Aston Villa,S Hooper,3,0,2,0,H,H,2023-24.csv,2026-09-03T00:14:39
817d03c278c9bf9481e7,E0,2023-24,2023-09-03,16:30,Arsenal,Manchester United,A Taylor,3,1,1,1,H,D,2023-24.csv,2026-09-03T00:14:39
23b0274b73dae99286ee,E0,2023-24,2023-09-16,12:30,Wolverhampton Wanderers,Liverpool,M Oliver,1,3,1,0,A,H,2023-24.csv,2026-09-03T00:14:39
f2c5267e14aee12e950a,E0,2023-24,2023-09-16,15:00,Aston Villa,Crystal Palace,D England,3,1,0,0,H,D,2023-24.csv,2026-09-03T00:14:39
21bf912664ba52a37d87,E0,2023-24,2023-09-16,15:00,Fulham,Luton,M Salisbury,1,0,0,0,H,D,2023-24.csv,2026-09-03T00:14:39
34654eddeb48243218bc,E0,2023-24,2023-09-16,15:00,Manchester United,Brighton & Hove Albion,J Gillett,1,3,0,1,A,A,2023-24.csv,2026-09-03T00:14:39
415114679d40ae6f9312,E0,2023-24,2023-09-16,15:00,Tottenham,Sheffield United,P Bankes,2,1,0,0,H,D,2023-24.csv,2026-09-03T00:14:39
dbd1d8f9d8584da5a0cf,E0,2023-24,2023-09-16,15:00,West Ham United,Manchester City,A Madley,1,3,1,0,A,H,2023-24.csv,2026-09-03T00:14:39
fb845a60a9078fbec946,E0,2023-24,2023-09-16,17:30,Newcastle United,Brentford,C Pawson,1,0,0,0,H,D,2023-24.csv,2026-09-03T00:14:39
79aa63eb6324a7a818aa,E0,2023-24,2023-09-17,14:00,Bournemouth,Chelsea,D Coote,0,0,0,0,D,D,2023-24.csv,2026-09-03T00:14:39
67bdf580d99c37bfad31,E0,2023-24,2023-09-17,16:30,Everton,Arsenal,S Hooper,0,1,0,0,A,D,2023-24.csv,2026-09-03T00:14:39
d1601667e6af3892c428,E0,2023-24,2023-09-18,19:45,Nottingham Forest,Burnley,R Jones,1,1,0,1,D,A,2023-24.csv,2026-09-03T00:14:39
5c1ca659ff74bf935dac,E0,2023-24,2023-09-23,15:00,Crystal Palace,Fulham,P Tierney,0,0,0,0,D,D,2023-24.csv,2026-09-03T00:14:39
4d192b0829e1067a241e,E0,2023-24,2023-09-23,15:00,Luton,Wolverhampton Wanderers,J Smith,1,1,0,0,D,D,2023-24.csv,2026-09-03T00:14:39
9902d59ccf208304069b,E0,2023-24,2023-09-23,15:00,Manchester City,Nottingham Forest,A Taylor,2,0,2,0,H,H,2023-24.csv,2026-09-03T00:14:39
21c12825f5336c11fcea,E0,2023-24,2023-09-23,17:30,Brentford,Everton,M Oliver,1,3,1,1,A,D,2023-24.csv,2026-09-03T00:14:39
f7f4389501ffcaed121f,E0,2023-24,2023-09-23,20:00,Burnley,Manchester United,T Harrington,0,1,0,1,A,A,2023-24.csv,2026-09-03T00:14:39
87be2c4c530c1dcf30eb,E0,2023-24,2023-09-24,14:00,Arsenal,Tottenham,R Jones,2,2,1,1,D,D,2023-24.csv,2026-09-03T00:14:39
3aff9ea097132c962194,E0,2023-24,2023-09-24,14:00,Brighton & Hove Albion,Bournemouth,J Brooks,3,1,1,1,H,D,2023-24.csv,2026-09-03T00:14:39
b5dcee3b39143f3c51f9,E0,2023-24,2023-09-24,14:00,Chelsea,Aston Villa,J Gillett,0,1,0,0,A,D,2023-24.csv,2026-09-03T00:14:39
e9fd8277d9eace81ae57,E0,2023-24,2023-09-24,14:00,Liverpool,West Ham United,C Kavanagh,3,1,1,1,H,D,2023-24.csv,2026-09-03T00:14:39
c5210a0fdf90fecaa1af,E0,2023-24,2023-09-24,16:30,Sheffield United,Newcastle United,S Attwell,0,8,0,3,A,A,2023-24.csv,2026-09-03T00:14:39
ee1c22ffdaca95eaca35,E0,2023-24,2023-09-30,12:30,Aston Villa,Brighton & Hove Albion,A Madley,6,1,3,0,H,H,2023-24.csv,2026-09-03T00:14:39
49d82abf99e615879b47,E0,2023-24,2023-09-30,15:00,Bournemouth,Arsenal,M Salisbury,0,4,0,2,A,A,2023-24.csv,2026-09-03T00:14:39
e1baf57ad47697e3ac7f,E0,2023-24,2023-09-30,15:00,Everton,Luton,A Taylor,1,2,1,2,A,A,2023-24.csv,2026-09-03T00:14:39
c3141c84075de519cf9c,E0,2023-24,2023-09-30,15:00,Manchester United,Crystal Palace,C Kavanagh,0,1,0,1,A,A,2023-24.csv,2026-09-03T00:14:39
eaa40e9fb32cbf47a809,E0,2023-24,2023-09-30,15:00,Newcastle United,Burnley,T Bramall,2,0,1,0,H,H,2023-24.csv,2026-09-03T00:14:39
83b749d3d3fd368eca6c,E0,2023-24,2023-09-30,15:00,West Ham United,Sheffield United,G Scott,2,0,2,0,H,H,2023-24.csv,2026-09-03T00:14:39
5d3e1d2106cd1d2662d5,E0,2023-24,2023-09-30,15:00,Wolverhampton Wanderers,Manchester City,C Pawson,2,1,1,0,H,H,2023-24.csv,2026-09-03T00:14:39
4bc1cfab88f1eb36d9be,E0,2023-24,2023-09-30,17:30,Tottenham,Liverpool,S Hooper,2,1,1,1,H,D,2023-24.csv,2026-09-03T00:14:39
3434c74abaad133906ea,E0,2023-24,2023-10-01,14:00,Nottingham Forest,Brentford,P Tierney,1,1,0,0,D,D,2023-24.csv,2026-09-03T00:14:39
59debc9834902000b8f4,E0,2023-24,2023-10-02,20:00,Fulham,Chelsea,T Robinson,0,2,0,2,A,A,2023-24.csv,2026-09-03T00:14:39
07ce35d9fc291b756371,E0,2023-24,2023-10-03,19:30,Luton,Burnley,P Bankes,1,2,0,1,A,A,2023-24.csv,2026-09-03T00:14:39
9c8694f1dc865fe96f62,E0,2023-24,2023-10-07,12:30,Luton,Tottenham,J Brooks,0,1,0,0,A,D,2023-24.csv,2026-09-03T00:14:39
5352639ae788e28ff827,E0,2023-24,2023-10-07,15:00,Burnley,Chelsea,S Attwell,1,4,1,1,A,D,2023-24.csv,2026-09-03T00:14:39
a772ca603280b084e5c2,E0,2023-24,2023-10-07,15:00,Everton,Bournemouth,D Coote,3,0,2,0,H,H,2023-24.csv,2026-09-03T00:14:39
3284fd2d0e08f5599296,E0,2023-24,2023-10-07,15:00,Fulham,Sheffield United,S Barrott,3,1,0,0,H,D,2023-24.csv,2026-09-03T00:14:39
876b59661fd7ce525f15,E0,2023-24,2023-10-07,15:00,Manchester United,Brentford,A Madley,2,1,0,1,H,A,2023-24.csv,2026-09-03T00:14:39
cf8e024177d3455d563c,E0,2023-24,2023-10-07,17:30,Crystal Palace,Nottingham Forest,C Pawson,0,0,0,0,D,D,2023-24.csv,2026-09-03T00:14:39
e8840c245034013f8aa6,E0,2023-24,2023-10-08,14:00,Brighton & Hove Albion,Liverpool,A Taylor,2,2,1,2,D,A,2023-24.csv,2026-09-03T00:14:39
afb93d0c72e43806b3bc,E0,2023-24,2023-10-08,14:00,West Ham United,Newcastle United,P Bankes,2,2,1,0,D,H,2023-24.csv,2026-09-03T00:14:39
2877d4bbe11cbaec5635,E0,2023-24,2023-10-08,14:00,Wolverhampton Wanderers,Aston Villa,R Jones,1,1,0,0,D,D,2023-24.csv,2026-09-03T00:14:39
2db4ef3ac8727cb51d8b,E0,2023-24,2023-10-08,16:30,Arsenal,Manchester City,M Oliver,1,0,0,0,H,D,2023-24.csv,2026-09-03T00:14:39
5444ed49b70e6ebc6162,E0,2023-24,2023-10-21,12:30,Liverpool,Everton,C Pawson,2,0,0,0,H,D,2023-24.csv,2026-09-03T00:14:39
780a060acfb82773b81d,E0,2023-24,2023-10-21,15:00,Bournemouth,Wolverhampton Wanderers,P Tierney,1,2,1,0,A,H,2023-24.csv,2026-09-03T00:14:39
21cf616caa98a2e0897a,E0,2023-24,2023-10-21,15:00,Brentford,Burnley,J Smith,3,0,1,0,H,H,2023-24.csv,2026-09-03T00:14:39
39d9bd0a4b21aea59181,E0,2023-24,2023-10-21,15:00,Manchester City,Brighton & Hove Albion,R Jones,2,1,2,0,H,H,2023-24.csv,2026-09-03T00:14:39
95e276f111b9d3b57e4a,E0,2023-24,2023-10-21,15:00,Newcastle United,Crystal Palace,T Robinson,4,0,3,0,H,H,2023-24.csv,2026-09-03T00:14:39
fb95a1e1dcd0ec29ae0f,E0,2023-24,2023-10-21,15:00,Nottingham Forest,Luton,S Barrott,2,2,0,0,D,D,2023-24.csv,2026-09-03T00:14:39
fdb007d2e41813d62388,E0,2023-24,2023-10-21,17:30,Chelsea,Arsenal,C Kavanagh,2,2,1,0,D,H,2023-24.csv,2026-09-03T00:14:39
e59f0e40f78f947b8323,E0,2023-24,2023-10-21,20:00,Sheffield United,Manchester United,M Oliver,1,2,1,1,A,D,2023-24.csv,2026-09-03T00:14:39
c9858a49a97cea11120e,E0,2023-24,2023-10-22,16:30,Aston Villa,West Ham United,D Coote,4,1,1,0,H,H,2023-24.csv,2026-09-03T00:14:39
eef7e814ec968990bd01,E0,2023-24,2023-10-23,20:00,Tottenham,Fulham,A Taylor,2,0,1,0,H,H,2023-24.csv,2026-09-03T00:14:39
d8383facd879687d2fe9,E0,2023-24,2023-10-27,20:00,Crystal Palace,Tottenham,A Madley,1,2,0,0,A,D,2023-24.csv,2026-09-03T00:14:39
4910f0ceea2817698b74,E0,2023-24,2023-10-28,12:30,Chelsea,Brentford,S Hooper,0,2,0,0,A,D,2023-24.csv,2026-09-03T00:14:39
b5c5b035abe83ca36815,E0,2023-24,2023-10-28,15:00,Arsenal,Sheffield United,T Robinson,5,0,1,0,H,H,2023-24.csv,2026-09-03T00:14:39
0ee4fef5bb801b55ab80,E0,2023-24,2023-10-28,15:00,Bournemouth,Burnley,S Barrott,2,1,1,1,H,D,2023-24.csv,2026-09-03T00:14:39
a7f40d32e49f61bac7bd,E0,2023-24,2023-10-28,17:30,Wolverhampton Wanderers,Newcastle United,A Taylor,2,2,1,2,D,A,2023-24.csv,2026-09-03T00:14:39
7f82fc263a2e8569f1fc,E0,2023-24,2023-10-29,13:00,West Ham United,Everton,S Attwell,0,1,0,0,A,D,2023-24.csv,2026-09-03T00:14:39
b088f82d41b9b3f4d984,E0,2023-24,2023-10-29,14:00,Aston Villa,Luton,J Brooks,3,1,1,0,H,H,2023-24.csv,2026-09-03T00:14:39
b149d5e2e3813d423c81,E0,2023-24,2023-10-29,14:00,Brighton & Hove Albion,Fulham,M Salisbury,1,1,1,0,D,H,2023-24.csv,2026-09-03T00:14:39
4b3c30bd26660cf13a30,E0,2023-24,2023-10-29,14:00,Liverpool,Nottingham Forest,C Kavanagh,3,0,2,0,H,H,2023-24.csv,2026-09-03T00:14:39
8eb93b6ef99c7f446cca,E0,2023-24,2023-10-29,15:30,Manchester United,Manchester City,P Tierney,0,3,0,1,A,A,2023-24.csv,2026-09-03T00:14:39
7b467227b436940a7069,E0,2023-24,2023-11-04,12:30,Fulham,Manchester United,J Brooks,0,1,0,0,A,D,2023-24.csv,2026-09-03T00:14:39
3a1e592b277e2cf4538d,E0,2023-24,2023-11-04,15:00,Brentford,West Ham United,T Bramall,3,2,1,2,H,A,2023-24.csv,2026-09-03T00:14:39
8c09192375f258734b67,E0,2023-24,2023-11-04,15:00,Burnley,Crystal Palace,P Bankes,0,2,0,1,A,A,2023-24.csv,2026-09-03T00:14:39
7fd278485b9285d72960,E0,2023-24,2023-11-04,15:00,Everton,Brighton & Hove Albion,T Robinson,1,1,1,0,D,H,2023-24.csv,2026-09-03T00:14:39
8c41891e42416a5351b5,E0,2023-24,2023-11-04,15:00,Manchester City,Bournemouth,C Pawson,6,1,3,0,H,H,2023-24.csv,2026-09-03T00:14:39
a7dc34ac9534fc02a14d,E0,2023-24,2023-11-04,15:00,Sheffield United,Wolverhampton Wanderers,R Jones,2,1,0,0,H,D,2023-24.csv,2026-09-03T00:14:39
e78307f0ce7be84a0166,E0,2023-24,2023-11-04,17:30,Newcastle United,Arsenal,S Attwell,1,0,0,0,H,D,2023-24.csv,2026-09-03T00:14:39
76d7f4cef87ec7b6cede,E0,2023-24,2023-11-05,14:00,Nottingham Forest,Aston Villa,J Gillett,2,0,1,0,H,H,2023-24.csv,2026-09-03T00:14:39
0688392d2abfc7b87d36,E0,2023-24,2023-11-05,16:30,Luton,Liverpool,A Madley,1,1,0,0,D,D,2023-24.csv,2026-09-03T00:14:39
1a23eb885a8de40dbdfb,E0,2023-24,2023-11-06,20:00,Tottenham,Chelsea,M Oliver,1,4,1,1,A,D,2023-24.csv,2026-09-03T00:14:39
cb0b14df15ed1e54c628,E0,2023-24,2023-11-11,12:30,Wolverhampton Wanderers,Tottenham,T Robinson,2,1,0,1,H,A,2023-24.csv,2026-09-03T00:14:39
8038051c088b7c0a04ca,E0,2023-24,2023-11-11,15:00,Arsenal,Burnley,M Oliver,3,1,1,0,H,H,2023-24.csv,2026-09-03T00:14:39
a4d1caae25bc21090b88,E0,2023-24,2023-11-11,15:00,Crystal Palace,Everton,S Barrott,2,3,1,1,A,D,2023-24.csv,2026-09-03T00:14:39
0cec446375b1019f50ed,E0,2023-24,2023-11-11,15:00,Manchester United,Luton,G Scott,1,0,0,0,H,D,2023-24.csv,2026-09-03T00:14:39
a67e432c42395033e94f,E0,2023-24,2023-11-11,17:30,Bournemouth,Newcastle United,C Kavanagh,2,0,0,0,H,D,2023-24.csv,2026-09-03T00:14:39
ee8fea8afc0d53c5e7ca,E0,2023-24,2023-11-12,14:00,Aston Villa,Fulham,S Hooper,3,1,2,0,H,H,2023-24.csv,2026-09-03T00:14:39
48c331ce949f04452b86,E0,2023-24,2023-11-12,14:00,Brighton & Hove Albion,Sheffield United,J Brooks,1,1,1,0,D,H,2023-24.csv,2026-09-03T00:14:39
bd55092853529c789be8,E0,2023-24,2023-11-12,14:00,Liverpool,Brentford,P Tierney,3,0,1,0,H,H,2023-24.csv,2026-09-03T00:14:39
18956db88766290649c4,E0,2023-24,2023-11-12,14:00,West Ham United,Nottingham Forest,M Salisbury,3,2,1,1,H,D,2023-24.csv,2026-09-03T00:14:39
2491572afe29753390fa,E0,2023-24,2023-11-12,16:30,Chelsea,Manchester City,A Taylor,4,4,2,2,D,D,2023-24.csv,2026-09-03T00:14:39
a5afa6dffa01562fb889,E0,2023-24,2023-11-25,12:30,Manchester City,Liverpool,C Kavanagh,1,1,1,0,D,H,2023-24.csv,2026-09-03T00:14:39
7ac97fddf3b45dff3976,E0,2023-24,2023-11-25,15:00,Burnley,West Ham United,S Barrott,1,2,0,0,A,D,2023-24.csv,2026-09-03T00:14:39
58a5beb66836020532ad,E0,2023-24,2023-11-25,15:00,Luton,Crystal Palace,J Gillett,2,1,0,0,H,D,2023-24.csv,2026-09-03T00:14:39
43b108d394bb423631cd,E0,2023-24,2023-11-25,15:00,Newcastle United,Chelsea,S Hooper,4,1,1,1,H,D,2023-24.csv,2026-09-03T00:14:39
224a516740d5ea2dcc7d,E0,2023-24,2023-11-25,15:00,Nottingham Forest,Brighton & Hove Albion,A Taylor,2,3,1,2,A,A,2023-24.csv,2026-09-03T00:14:39
1c62d2e1be33332fc7c5,E0,2023-24,2023-11-25,15:00,Sheffield United,Bournemouth,A Madley,1,3,0,2,A,A,2023-24.csv,2026-09-03T00:14:39
545796f6c66bf4c6c5f4,E0,2023-24,2023-11-25,17:30,Brentford,Arsenal,T Robinson,0,1,0,0,A,D,2023-24.csv,2026-09-03T00:14:39
b5311296f35d12b24ea3,E0,2023-24,2023-11-26,14:00,Tottenham,Aston Villa,R Jones,1,2,1,1,A,D,2023-24.csv,2026-09-03T00:14:39
8cacb86e1662b42a0b81,E0,2023-24,2023-11-26,16:30,Everton,Manchester United,J Brooks,0,3,0,1,A,A,2023-24.csv,2026-09-03T00:14:39
c1d53aa05d7b813a355d,E0,2023-24,2023-11-27,20:00,Fulham,Wolverhampton Wanderers,M Salisbury,3,2,1,1,H,D,2023-24.csv,2026-09-03T00:14:39
6cd43656c1bccf6a0bd2,E0,2023-24,2023-12-02,15:00,Arsenal,Wolverhampton Wanderers,P Bankes,2,1,2,0,H,H,2023-24.csv,2026-09-03T00:14:39
3995b44136d99baf6e73,E0,2023-24,2023-12-02,15:00,Brentford,Luton,A Taylor,3,1,0,0,H,D,2023-24.csv,2026-09-03T00:14:39
2dd54f89b97ba588367b,E0,2023-24,2023-12-02,15:00,Burnley,Sheffield United,C Kavanagh,5,0,2,0,H,H,2023-24.csv,2026-09-03T00:14:39
642247e6cd5a5d7f269b,E0,2023-24,2023-12-02,17:30,Nottingham Forest,Everton,P Tierney,0,1,0,0,A,D,2023-24.csv,2026-09-03T00:14:39
920479522195ee992eda,E0,2023-24,2023-12-02,20:00,Newcastle United,Manchester United,R Jones,1,0,0,0,H,D,2023-24.csv,2026-09-03T00:14:39
5a685eac310919a942d0,E0,2023-24,2023-12-03,14:00,Bournemouth,Aston Villa,T Bramall,2,2,1,1,D,D,2023-24.csv,2026-09-03T00:14:39
12098d80700ec31cd5e8,E0,2023-24,2023-12-03,14:00,Chelsea,Brighton & Hove Albion,C Pawson,3,2,2,1,H,H,2023-24.csv,2026-09-03T00:14:39
694ae8c361f369f0fda8,E0,2023-24,2023-12-03,14:00,Liverpool,Fulham,S Attwell,4,3,2,2,H,D,2023-24.csv,2026-09-03T00:14:39
97839c0fedf9f5ffdbd0,E0,2023-24,2023-12-03,14:00,West Ham United,Crystal Palace,M Oliver,1,1,1,0,D,H,2023-24.csv,2026-09-03T00:14:39
49998b98049a3a944205,E0,2023-24,2023-12-03,16:30,Manchester City,Tottenham,S Hooper,3,3,2,1,D,H,2023-24.csv,2026-09-03T00:14:39
9cdee2d2aff8b2b842aa,E0,2023-24,2023-12-05,19:30,Wolverhampton Wanderers,Burnley,J Gillett,1,0,1,0,H,H,2023-24.csv,2026-09-03T00:14:39
86c7d98547814b22503f,E0,2023-24,2023-12-05,20:15,Luton,Arsenal,S Barrott,3,4,1,2,A,A,2023-24.csv,2026-09-03T00:14:39
d3b4e8e1d84b77999796,E0,2023-24,2023-12-06,19:30,Brighton & Hove Albion,Brentford,P Bankes,2,1,1,1,H,D,2023-24.csv,2026-09-03T00:14:39
71deb7446bc2caa3241a,E0,2023-24,2023-12-06,19:30,Crystal Palace,Bournemouth,C Pawson,0,2,0,1,A,A,2023-24.csv,2026-09-03T00:14:39
e3402bd95155b6d56611,E0,2023-24,2023-12-06,19:30,Fulham,Nottingham Forest,J Smith,5,0,2,0,H,H,2023-24.csv,2026-09-03T00:14:39
2e1220cd94951fc0e5fe,E0,2023-24,2023-12-06,19:30,Sheffield United,Liverpool,S Hooper,0,2,0,1,A,A,2023-24.csv,2026-09-03T00:14:39
83179545065398589a62,E0,2023-24,2023-12-06,20:15,Aston Villa,Manchester City,J Brooks,1,0,0,0,H,D,2023-24.csv,2026-09-03T00:14:39
4523b77080fdb500be35,E0,2023-24,2023-12-06,20:15,Manchester United,Chelsea,C Kavanagh,2,1,1,1,H,D,2023-24.csv,2026-09-03T00:14:39
c8f85108e625032544da,E0,2023-24,2023-12-07,19:30,Everton,Newcastle United,T Robinson,3,0,0,0,H,D,2023-24.csv,2026-09-03T00:14:39
188001dc5d5b8cedfe6c,E0,2023-24,2023-12-07,20:15,Tottenham,West Ham United,M Salisbury,1,2,1,0,A,H,2023-24.csv,2026-09-03T00:14:39
fefa04bdba14488abd3a,E0,2023-24,2023-12-09,12:30,Crystal Palace,Liverpool,A Madley,1,2,0,0,A,D,2023-24.csv,2026-09-03T00:14:39
2309e597ab542b944511,E0,2023-24,2023-12-09,15:00,Brighton & Hove Albion,Burnley,S Hooper,1,1,0,1,D,A,2023-24.csv,2026-09-03T00:14:39
18752706ec13b9244884,E0,2023-24,2023-12-09,15:00,Manchester United,Bournemouth,P Bankes,0,3,0,1,A,A,2023-24.csv,2026-09-03T00:14:39
8089ba6acf36579c11c9,E0,2023-24,2023-12-09,15:00,Sheffield United,Brentford,S Attwell,1,0,1,0,H,H,2023-24.csv,2026-09-03T00:14:39
6e1f25df722e99ef66c9,E0,2023-24,2023-12-09,15:00,Wolverhampton Wanderers,Nottingham Forest,S Barrott,1,1,1,1,D,D,2023-24.csv,2026-09-03T00:14:39
a73dcbd646a475212f75,E0,2023-24,2023-12-09,17:30,Aston Villa,Arsenal,J Gillett,1,0,1,0,H,H,2023-24.csv,2026-09-03T00:14:39
60c64955ef458dfe3314,E0,2023-24,2023-12-10,14:00,Everton,Chelsea,M Oliver,2,0,0,0,H,D,2023-24.csv,2026-09-03T00:14:39
0b948128bf8dd875f38f,E0,2023-24,2023-12-10,14:00,Fulham,West Ham United,P Tierney,5,0,3,0,H,H,2023-24.csv,2026-09-03T00:14:39
d89294307c56dceb84e8,E0,2023-24,2023-12-10,14:00,Luton,Manchester City,T Robinson,1,2,1,0,A,H,2023-24.csv,2026-09-03T00:14:39
1d0ae1ce45e9dde52440,E0,2023-24,2023-12-10,16:30,Tottenham,Newcastle United,C Kavanagh,4,1,2,0,H,H,2023-24.csv,2026-09-03T00:14:39
b617594501bd44e0de64,E0,2023-24,2023-12-15,20:00,Nottingham Forest,Tottenham,J Gillett,0,2,0,1,A,A,2023-24.csv,2026-09-03T00:14:39
c3ec8a270fd62c1a974c,E0,2023-24,2023-12-16,15:00,Chelsea,Sheffield United,A Madley,2,0,0,0,H,D,2023-24.csv,2026-09-03T00:14:39
6f9046e5b5571c9ad97d,E0,2023-24,2023-12-16,15:00,Manchester City,Crystal Palace,P Tierney,2,2,1,0,D,H,2023-24.csv,2026-09-03T00:14:39
68f65f675d1a6deb7477,E0,2023-24,2023-12-16,15:00,Newcastle United,Fulham,S Barrott,3,0,0,0,H,D,2023-24.csv,2026-09-03T00:14:39
de3134a33f7ca34ab92e,E0,2023-24,2023-12-16,17:30,Burnley,Everton,A Taylor,0,2,0,2,A,A,2023-24.csv,2026-09-03T00:14:39
f48809d45beae0dbc834,E0,2023-24,2023-12-17,14:00,Arsenal,Brighton & Hove Albion,T Robinson,2,0,0,0,H,D,2023-24.csv,2026-09-03T00:14:39
d9a9e7955eebb04f940c,E0,2023-24,2023-12-17,14:00,Brentford,Aston Villa,D Coote,1,2,1,0,A,H,2023-24.csv,2026-09-03T00:14:39
13b5a029997dc9e7d40e,E0,2023-24,2023-12-17,14:00,West Ham United,Wolverhampton Wanderers,C Kavanagh,3,0,2,0,H,H,2023-24.csv,2026-09-03T00:14:39
b0c372e279bf83076ba2,E0,2023-24,2023-12-17,16:30,Liverpool,Manchester United,M Oliver,0,0,0,0,D,D,2023-24.csv,2026-09-03T00:14:39
692b52ff76d4d65dd7c9,E0,2023-24,2023-12-21,20:00,Crystal Palace,Brighton & Hove Albion,J Brooks,1,1,1,0,D,H,2023-24.csv,2026-09-03T00:14:39
aad2ef597f2e1d1dc33c,E0,2023-24,2023-12-22,20:00,Aston Villa,Sheffield United,A Taylor,1,1,0,0,D,D,2023-24.csv,2026-09-03T00:14:39
77ddf59ca34ff1bba75a,E0,2023-24,2023-12-23,12:30,West Ham United,Manchester United,S Hooper,2,0,0,0,H,D,2023-24.csv,2026-09-03T00:14:39
88f641260dc03e98b957,E0,2023-24,2023-12-23,15:00,Fulham,Burnley,R Welch,0,2,0,0,A,D,2023-24.csv,2026-09-03T00:14:39
55fee7b6a5a654a09179,E0,2023-24,2023-12-23,15:00,Luton,Newcastle United,D England,1,0,1,0,H,H,2023-24.csv,2026-09-03T00:14:39
73d77f17839c23f8e6ad,E0,2023-24,2023-12-23,15:00,Nottingham Forest,Bournemouth,R Jones,2,3,0,0,A,D,2023-24.csv,2026-09-03T00:14:39
a4fa7f3594de1cbb0699,E0,2023-24,2023-12-23,15:00,Tottenham,Everton,S Attwell,2,1,2,0,H,H,2023-24.csv,2026-09-03T00:14:39
8b3bc42322afb3618fe3,E0,2023-24,2023-12-23,17:30,Liverpool,Arsenal,C Kavanagh,1,1,1,1,D,D,2023-24.csv,2026-09-03T00:14:39
9595e8da9980aec1bcfe,E0,2023-24,2023-12-24,13:00,Wolverhampton Wanderers,Chelsea,D Coote,2,1,0,0,H,D,2023-24.csv,2026-09-03T00:14:39
076f84f0d447ef99936a,E0,2023-24,2023-12-26,12:30,Newcastle United,Nottingham Forest,C Kavanagh,1,3,1,1,A,D,2023-24.csv,2026-09-03T00:14:39
6afbb50e4e8a31e25af4,E0,2023-24,2023-12-26,15:00,Bournemouth,Fulham,T Robinson,3,0,1,0,H,H,2023-24.csv,2026-09-03T00:14:39
c86cdfc1be2f47169a9e,E0,2023-24,2023-12-26,15:00,Sheffield United,Luton,S Allison,2,3,0,1,A,A,2023-24.csv,2026-09-03T00:14:39
64e8de7bae810bc67eda,E0,2023-24,2023-12-26,17:30,Burnley,Liverpool,P Tierney,0,2,0,1,A,A,2023-24.csv,2026-09-03T00:14:39
6d149c59035e3e6cda4e,E0,2023-24,2023-12-26,20:00,Manchester United,Aston Villa,C Pawson,3,2,0,2,H,A,2023-24.csv,2026-09-03T00:14:39
93b37de27ff7fcf9fa74,E0,2023-24,2023-12-27,19:30,Brentford,Wolverhampton Wanderers,A Madley,1,4,1,3,A,A,2023-24.csv,2026-09-03T00:14:39
500e47b622e9b3ade5c8,E0,2023-24,2023-12-27,19:30,Chelsea,Crystal Palace,M Salisbury,2,1,1,1,H,D,2023-24.csv,2026-09-03T00:14:39
3afebccc94dff5de1e46,E0,2023-24,2023-12-27,20:15,Everton,Manchester City,J Brooks,1,3,1,0,A,H,2023-24.csv,2026-09-03T00:14:39
f1a259f170ef67bd87ad,E0,2023-24,2023-12-28,19:30,Brighton & Hove Albion,Tottenham,J Gillett,4,2,2,0,H,H,2023-24.csv,2026-09-03T00:14:39
62de02702b593cfe36bc,E0,2023-24,2023-12-28,20:15,Arsenal,West Ham United,M Oliver,0,2,0,1,A,A,2023-24.csv,2026-09-03T00:14:39
b85045f4da39290b0400,E0,2023-24,2023-12-30,12:30,Luton,Chelsea,P Tierney,2,3,0,2,A,A,2023-24.csv,2026-09-03T00:14:39
479bba7415df6d796fc0,E0,2023-24,2023-12-30,15:00,Aston Villa,Burnley,S Attwell,3,2,2,1,H,H,2023-24.csv,2026-09-03T00:14:39
317b6cc23679e88da296,E0,2023-24,2023-12-30,15:00,Crystal Palace,Brentford,R Jones,3,1,2,1,H,H,2023-24.csv,2026-09-03T00:14:39
83ef2604b10ca2aede97,E0,2023-24,2023-12-30,15:00,Manchester City,Sheffield United,D Coote,2,0,1,0,H,H,2023-24.csv,2026-09-03T00:14:39
2d0f2e65138b1ef2155a,E0,2023-24,2023-12-30,15:00,Wolverhampton Wanderers,Everton,T Bramall,3,0,1,0,H,H,2023-24.csv,2026-09-03T00:14:39
c68bac671717f5592d9f,E0,2023-24,2023-12-30,17:30,Nottingham Forest,Manchester United,T Robinson,2,1,0,0,H,D,2023-24.csv,2026-09-03T00:14:39
8ac3c6af0331003d7ffa,E0,2023-24,2023-12-31,14:00,Fulham,Arsenal,J Smith,2,1,1,1,H,D,2023-24.csv,2026-09-03T00:14:39
9a01eacbfe941b800a8a,E0,2023-24,2023-12-31,14:00,Tottenham,Bournemouth,S Hooper,3,1,1,0,H,H,2023-24.csv,2026-09-03T00:14:39
5ab14855160793d097de,E0,2023-24,2024-01-01,20:00,Liverpool,Newcastle United,A Taylor,4,2,0,0,H,D,2023-24.csv,2026-09-03T00:14:39
78a108af09bf2db7a1a4,E0,2023-24,2024-01-02,19:30,West Ham United,Brighton & Hove Albion,S Barrott,0,0,0,0,D,D,2023-24.csv,2026-09-03T00:14:39
e0e98e81464385ee94ea,E0,2023-24,2024-01-12,19:45,Burnley,Luton,T Harrington,1,1,1,0,D,H,2023-24.csv,2026-09-03T00:14:39
7b1773fb8ee986e70626,E0,2023-24,2024-01-13,12:30,Chelsea,Fulham,A Taylor,1,0,1,0,H,H,2023-24.csv,2026-09-03T00:14:39
8db2b57301b20e793abc,E0,2023-24,2024-01-13,17:30,Newcastle United,Manchester City,C Kavanagh,2,3,2,1,A,H,2023-24.csv,2026-09-03T00:14:39
d36f888a2377306fd793,E0,2023-24,2024-01-14,14:00,Everton,Aston Villa,D Coote,0,0,0,0,D,D,2023-24.csv,2026-09-03T00:14:39
48da64276cbd734f8996,E0,2023-24,2024-01-14,16:30,Manchester United,Tottenham,J Brooks,2,2,2,1,D,H,2023-24.csv,2026-09-03T00:14:39
be9a52a6bcdc8cfab928,E0,2023-24,2024-01-20,12:30,Arsenal,Crystal Palace,P Tierney,5,0,2,0,H,H,2023-24.csv,2026-09-03T00:14:39
64f82256cafb6d0523d6,E0,2023-24,2024-01-20,17:30,Brentford,Nottingham Forest,D England,3,2,1,1,H,D,2023-24.csv,2026-09-03T00:14:39
7287d064e396f3b12aae,E0,2023-24,2024-01-21,14:00,Sheffield United,West Ham United,M Salisbury,2,2,1,1,D,D,2023-24.csv,2026-09-03T00:14:39
f20749fb660ce524b3bf,E0,2023-24,2024-01-21,16:30,Bournemouth,Liverpool,A Madley,0,4,0,0,A,D,2023-24.csv,2026-09-03T00:14:39
b5f647c84e4ed560dd0c,E0,2023-24,2024-01-22,19:45,Brighton & Hove Albion,Wolverhampton Wanderers,C Pawson,0,0,0,0,D,D,2023-24.csv,2026-09-03T00:14:39
8018cb081bb64eb81660,E0,2023-24,2024-01-30,19:30,Nottingham Forest,Arsenal,S Hooper,1,2,0,0,A,D,2023-24.csv,2026-09-03T00:14:39
816283dde29215c9aa01,E0,2023-24,2024-01-30,19:45,Fulham,Everton,T Bramall,0,0,0,0,D,D,2023-24.csv,2026-09-03T00:14:39
e2e2f46d68fdd175fa05,E0,2023-24,2024-01-30,19:45,Luton,Brighton & Hove Albion,R Jones,4,0,3,0,H,H,2023-24.csv,2026-09-03T00:14:39
9fd5433c8bc8f2906527,E0,2023-24,2024-01-30,20:00,Crystal Palace,Sheffield United,T Harrington,3,2,2,2,H,D,2023-24.csv,2026-09-03T00:14:39
0fe0668d80c8e0dc6258,E0,2023-24,2024-01-30,20:15,Aston Villa,Newcastle United,J Brooks,1,3,0,2,A,A,2023-24.csv,2026-09-03T00:14:39
cf76ece8664414682cbb,E0,2023-24,2024-01-31,19:30,Manchester City,Burnley,S Barrott,3,1,2,0,H,H,2023-24.csv,2026-09-03T00:14:39
7e1ba9237ee605750d87,E0,2023-24,2024-01-31,19:30,Tottenham,Brentford,D Coote,3,2,0,1,H,A,2023-24.csv,2026-09-03T00:14:39
3d34b1f956d296b1f92d,E0,2023-24,2024-01-31,20:15,Liverpool,Chelsea,P Tierney,4,1,2,0,H,H,2023-24.csv,2026-09-03T00:14:39
2c703cd03bce69ea7d14,E0,2023-24,2024-02-01,19:30,West Ham United,Bournemouth,T Robinson,1,1,0,1,D,A,2023-24.csv,2026-09-03T00:14:39
7fa70f10f82e3bbc47b6,E0,2023-24,2024-02-01,20:15,Wolverhampton Wanderers,Manchester United,J Gillett,3,4,0,2,A,A,2023-24.csv,2026-09-03T00:14:39
4b4c4c2efa80c4830862,E0,2023-24,2024-02-03,12:30,Everton,Tottenham,M Oliver,2,2,1,2,D,A,2023-24.csv,2026-09-03T00:14:39
06c80db4fa069498ea20,E0,2023-24,2024-02-03,15:00,Brighton & Hove Albion,Crystal Palace,S Hooper,4,1,3,0,H,H,2023-24.csv,2026-09-03T00:14:39
4f374253978c00ce0c05,E0,2023-24,2024-02-03,15:00,Burnley,Fulham,D Bond,2,2,0,2,D,A,2023-24.csv,2026-09-03T00:14:39
8cfe9fe9efb3fc0221df,E0,2023-24,2024-02-03,15:00,Newcastle United,Luton,T Bramall,4,4,2,2,D,D,2023-24.csv,2026-09-03T00:14:39
e7ffe10a00994a15b4a6,E0,2023-24,2024-02-03,17:30,Sheffield United,Aston Villa,P Tierney,0,5,0,4,A,A,2023-24.csv,2026-09-03T00:14:39
27082edcf72c5354bc98,E0,2023-24,2024-02-04,14:00,Bournemouth,Nottingham Forest,R Welch,1,1,1,1,D,D,2023-24.csv,2026-09-03T00:14:39
caeb14e26441197a17b9,E0,2023-24,2024-02-04,14:00,Chelsea,Wolverhampton Wanderers,T Robinson,2,4,1,2,A,A,2023-24.csv,2026-09-03T00:14:39
badf44ad08ecf945a836,E0,2023-24,2024-02-04,14:00,Manchester United,West Ham United,A Madley,3,0,1,0,H,H,2023-24.csv,2026-09-03T00:14:39
2d27c22c1fd417d1b958,E0,2023-24,2024-02-04,16:30,Arsenal,Liverpool,A Taylor,3,1,1,1,H,D,2023-24.csv,2026-09-03T00:14:39
b017ed18b2392bfdebab,E0,2023-24,2024-02-05,20:00,Brentford,Manchester City,J Gillett,1,3,1,1,A,D,2023-24.csv,2026-09-03T00:14:39
9ac1df6cc3bbb30db242,E0,2023-24,2024-02-10,12:30,Manchester City,Everton,J Brooks,2,0,0,0,H,D,2023-24.csv,2026-09-03T00:14:39
4eed9de2e225a253fe13,E0,2023-24,2024-02-10,15:00,Fulham,Bournemouth,D England,3,1,2,0,H,H,2023-24.csv,2026-09-03T00:14:39
e45c7b0c07196ba07236,E0,2023-24,2024-02-10,15:00,Liverpool,Burnley,T Robinson,3,1,1,1,H,D,2023-24.csv,2026-09-03T00:14:39
8ac5d14f9894ab405357,E0,2023-24,2024-02-10,15:00,Luton,Sheffield United,C Kavanagh,1,3,0,2,A,A,2023-24.csv,2026-09-03T00:14:39
dd8ce445f7344963d7db,E0,2023-24,2024-02-10,15:00,Tottenham,Brighton & Hove Albion,S Barrott,2,1,0,1,H,A,2023-24.csv,2026-09-03T00:14:39
cc53a72d8ef46ea75f51,E0,2023-24,2024-02-10,15:00,Wolverhampton Wanderers,Brentford,S Hooper,0,2,0,1,A,A,2023-24.csv,2026-09-03T00:14:39
9263431d15c9f82aa428,E0,2023-24,2024-02-10,17:30,Nottingham Forest,Newcastle United,A Taylor,2,3,2,2,A,D,2023-24.csv,2026-09-03T00:14:39
8e6417159453eb7475c8,E0,2023-24,2024-02-11,14:00,West Ham United,Arsenal,C Pawson,0,6,0,4,A,A,2023-24.csv,2026-09-03T00:14:39
fdb31555c91279894c90,E0,2023-24,2024-02-11,16:30,Aston Villa,Manchester United,R Jones,1,2,0,1,A,A,2023-24.csv,2026-09-03T00:14:39
ffbca15c3a340096c9a3,E0,2023-24,2024-02-12,20:00,Crystal Palace,Chelsea,M Oliver,1,3,1,0,A,H,2023-24.csv,2026-09-03T00:14:39
aa5dfe58ae3d29d7ce3a,E0,2023-24,2024-02-17,12:30,Brentford,Liverpool,M Oliver,1,4,0,1,A,A,2023-24.csv,2026-09-03T00:14:39
07926bdd1cde2cc21a01,E0,2023-24,2024-02-17,15:00,Burnley,Arsenal,J Gillett,0,5,0,2,A,A,2023-24.csv,2026-09-03T00:14:39
ffb2deecb770c2c98fd6,E0,2023-24,2024-02-17,15:00,Fulham,Aston Villa,L Smith,1,2,0,1,A,A,2023-24.csv,2026-09-03T00:14:39
ce7d2fd666e4c0211876,E0,2023-24,2024-02-17,15:00,Newcastle United,Bournemouth,M Salisbury,2,2,0,0,D,D,2023-24.csv,2026-09-03T00:14:39
f3f9ad44702276fafc02,E0,2023-24,2024-02-17,15:00,Nottingham Forest,West Ham United,T Bramall,2,0,1,0,H,H,2023-24.csv,2026-09-03T00:14:39
69bd8f1fb37a28da8f9f,E0,2023-24,2024-02-17,15:00,Tottenham,Wolverhampton Wanderers,A Taylor,1,2,0,1,A,A,2023-24.csv,2026-09-03T00:14:39
23400484e8e6aac7f3d7,E0,2023-24,2024-02-17,17:30,Manchester City,Chelsea,A Madley,1,1,0,1,D,A,2023-24.csv,2026-09-03T00:14:39
5a2860b32cf3dc343d2c,E0,2023-24,2024-02-18,14:00,Sheffield United,Brighton & Hove Albion,S Attwell,0,5,0,2,A,A,2023-24.csv,2026-09-03T00:14:39
c04f63f243fc081339d2,E0,2023-24,2024-02-18,16:30,Luton,Manchester United,D Coote,1,2,1,2,A,A,2023-24.csv,2026-09-03T00:14:39
73ddcd7fb322727cf2ae,E0,2023-24,2024-02-19,20:00,Everton,Crystal Palace,P Tierney,1,1,0,0,D,D,2023-24.csv,2026-09-03T00:14:39
cc244639110aefe825fb,E0,2023-24,2024-02-20,19:30,Manchester City,Brentford,D England,1,0,0,0,H,D,2023-24.csv,2026-09-03T00:14:39
2b80337790581b480fe4,E0,2023-24,2024-02-21,19:30,Liverpool,Luton,A Madley,4,1,0,1,H,A,2023-24.csv,2026-09-03T00:14:39
60bda189750e426ea557,E0,2023-24,2024-02-24,15:00,Aston Villa,Nottingham Forest,S Barrott,4,2,3,1,H,H,2023-24.csv,2026-09-03T00:14:39
7a95da8c30eed43d81cb,E0,2023-24,2024-02-24,15:00,Brighton & Hove Albion,Everton,T Harrington,1,1,0,0,D,D,2023-24.csv,2026-09-03T00:14:39
2a562ee7a48334fb13b0,E0,2023-24,2024-02-24,15:00,Crystal Palace,Burnley,L Smith,3,0,0,0,H,D,2023-24.csv,2026-09-03T00:14:39
7ca9c63d95ae1a79a869,E0,2023-24,2024-02-24,15:00,Manchester United,Fulham,M Oliver,1,2,0,0,A,D,2023-24.csv,2026-09-03T00:14:39
ee60c85264355c98fc1a,E0,2023-24,2024-02-24,17:30,Bournemouth,Manchester City,J Gillett,0,1,0,1,A,A,2023-24.csv,2026-09-03T00:14:39
60cbce496c589a1d9bf2,E0,2023-24,2024-02-24,20:00,Arsenal,Newcastle United,P Tierney,4,1,2,0,H,H,2023-24.csv,2026-09-03T00:14:39
80efed3aeab656605626,E0,2023-24,2024-02-25,13:30,Wolverhampton Wanderers,Sheffield United,D Bond,1,0,1,0,H,H,2023-24.csv,2026-09-03T00:14:39
393a408bee80395abe35,E0,2023-24,2024-02-26,20:00,West Ham United,Brentford,S Hooper,4,2,2,1,H,H,2023-24.csv,2026-09-03T00:14:39
625f19b9ec4db20a1b80,E0,2023-24,2024-03-02,15:00,Brentford,Chelsea,J Gillett,2,2,0,1,D,A,2023-24.csv,2026-09-03T00:14:39
c25da5a342f39605c3a8,E0,2023-24,2024-03-02,15:00,Everton,West Ham United,C Pawson,1,3,0,0,A,D,2023-24.csv,2026-09-03T00:14:39
c88694b7631b9c859c36,E0,2023-24,2024-03-02,15:00,Fulham,Brighton & Hove Albion,S Hooper,3,0,2,0,H,H,2023-24.csv,2026-09-03T00:14:39
778b6c5d9dc9ec007d6a,E0,2023-24,2024-03-02,15:00,Newcastle United,Wolverhampton Wanderers,T Robinson,3,0,2,0,H,H,2023-24.csv,2026-09-03T00:14:39
9e423eed1a831e735c09,E0,2023-24,2024-03-02,15:00,Nottingham Forest,Liverpool,P Tierney,0,1,0,0,A,D,2023-24.csv,2026-09-03T00:14:39
d1fc6a9227cd789c7298,E0,2023-24,2024-03-02,15:00,Tottenham,Crystal Palace,J Brooks,3,1,0,0,H,D,2023-24.csv,2026-09-03T00:14:39
4d6de0bbedd2339f2ae4,E0,2023-24,2024-03-02,17:30,Luton,Aston Villa,M Oliver,2,3,0,2,A,A,2023-24.csv,2026-09-03T00:14:39
59da52c611dfd5cb7354,E0,2023-24,2024-03-03,13:00,Burnley,Bournemouth,D Coote,0,2,0,1,A,A,2023-24.csv,2026-09-03T00:14:39
d758f83569bd2cf40738,E0,2023-24,2024-03-03,15:30,Manchester City,Manchester United,A Madley,3,1,0,1,H,A,2023-24.csv,2026-09-03T00:14:39
b96f51da4b1ab6ee77ee,E0,2023-24,2024-03-04,20:00,Sheffield United,Arsenal,S Barrott,0,6,0,5,A,A,2023-24.csv,2026-09-03T00:14:39
5ad895df2a7bcef7c683,E0,2023-24,2024-03-09,12:30,Manchester United,Everton,S Hooper,2,0,2,0,H,H,2023-24.csv,2026-09-03T00:14:39
6b3f2f9a5ec6ab82d65a,E0,2023-24,2024-03-09,15:00,Bournemouth,Sheffield United,A Taylor,2,2,0,1,D,A,2023-24.csv,2026-09-03T00:14:39
3efa0fbc68d2ada1772c,E0,2023-24,2024-03-09,15:00,Crystal Palace,Luton,S Singh,1,1,1,0,D,H,2023-24.csv,2026-09-03T00:14:39
4f8354b24471d2ab5980,E0,2023-24,2024-03-09,15:00,Wolverhampton Wanderers,Fulham,T Harrington,2,1,0,0,H,D,2023-24.csv,2026-09-03T00:14:39
7c31a86b56f57a5655f9,E0,2023-24,2024-03-09,17:30,Arsenal,Brentford,R Jones,2,1,1,1,H,D,2023-24.csv,2026-09-03T00:14:39
335451e1446a6ceca253,E0,2023-24,2024-03-10,13:00,Aston Villa,Tottenham,C Kavanagh,0,4,0,0,A,D,2023-24.csv,2026-09-03T00:14:39
e79332c5dc8254a75a44,E0,2023-24,2024-03-10,14:00,Brighton & Hove Albion,Nottingham Forest,M Salisbury,1,0,1,0,H,H,2023-24.csv,2026-09-03T00:14:39
bbb96bf2d9e61210e310,E0,2023-24,2024-03-10,14:00,West Ham United,Burnley,D England,2,2,0,2,D,A,2023-24.csv,2026-09-03T00:14:39
c5c2126c29db58c08131,E0,2023-24,2024-03-10,15:45,Liverpool,Manchester City,M Oliver,1,1,0,1,D,A,2023-24.csv,2026-09-03T00:14:39
39db47e1762196f9cb29,E0,2023-24,2024-03-11,20:00,Chelsea,Newcastle United,J Brooks,3,2,1,1,H,D,2023-24.csv,2026-09-03T00:14:39
4265e4b21e20a5bcc7e0,E0,2023-24,2024-03-13,19:30,Bournemouth,Luton,S Allison,4,3,0,3,H,A,2023-24.csv,2026-09-03T00:14:39
17d05f087ca6dfda1ef8,E0,2023-24,2024-03-16,15:00,Burnley,Brentford,D Bond,2,1,1,0,H,H,2023-24.csv,2026-09-03T00:14:39
6697c37a8b7380634fbb,E0,2023-24,2024-03-16,15:00,Luton,Nottingham Forest,D England,1,1,0,1,D,A,2023-24.csv,2026-09-03T00:14:39
9c4a75cc9cad49c5ae50,E0,2023-24,2024-03-16,17:30,Fulham,Tottenham,R Jones,3,0,1,0,H,H,2023-24.csv,2026-09-03T00:14:39
2e4adb84b3437cbf2866,E0,2023-24,2024-03-17,14:00,West Ham United,Aston Villa,J Gillett,1,1,1,0,D,H,2023-24.csv,2026-09-03T00:14:39
295c537fb1e0688ec87b,E0,2023-24,2024-03-30,12:30,Newcastle United,West Ham United,R Jones,4,3,1,2,H,A,2023-24.csv,2026-09-03T00:14:39
e45b3c3f52b6c85c3097,E0,2023-24,2024-03-30,15:00,Bournemouth,Everton,S Barrott,2,1,0,0,H,D,2023-24.csv,2026-09-03T00:14:39
0f995097dc421a3faa59,E0,2023-24,2024-03-30,15:00,Chelsea,Burnley,D England,2,2,1,0,D,H,2023-24.csv,2026-09-03T00:14:39
c36ed87ee5874ce3776b,E0,2023-24,2024-03-30,15:00,Nottingham Forest,Crystal Palace,C Kavanagh,1,1,0,1,D,A,2023-24.csv,2026-09-03T00:14:39
c31130a4569dbd68c7c3,E0,2023-24,2024-03-30,15:00,Sheffield United,Fulham,T Robinson,3,3,0,0,D,D,2023-24.csv,2026-09-03T00:14:39
e4c4b3b42e284ec502c1,E0,2023-24,2024-03-30,15:00,Tottenham,Luton,J Gillett,2,1,0,1,H,A,2023-24.csv,2026-09-03T00:14:39
8cdb01d795ef940215be,E0,2023-24,2024-03-30,17:30,Aston Villa,Wolverhampton Wanderers,P Tierney,2,0,1,0,H,H,2023-24.csv,2026-09-03T00:14:39
0df1a2fdd83b87f35b06,E0,2023-24,2024-03-30,20:00,Brentford,Manchester United,S Hooper,1,1,0,0,D,D,2023-24.csv,2026-09-03T00:14:39
639717501748bb1dc866,E0,2023-24,2024-03-31,14:00,Liverpool,Brighton & Hove Albion,D Coote,2,1,1,1,H,D,2023-24.csv,2026-09-03T00:14:39
69daa084a5509bdf9e79,E0,2023-24,2024-03-31,16:30,Manchester City,Arsenal,A Taylor,0,0,0,0,D,D,2023-24.csv,2026-09-03T00:14:39
cffb8ee981e7f9483c2f,E0,2023-24,2024-04-02,19:30,Newcastle United,Everton,T Harrington,1,1,1,0,D,H,2023-24.csv,2026-09-03T00:14:39
e7a2753dede6443a7bcf,E0,2023-24,2024-04-02,19:30,Nottingham Forest,Fulham,M Oliver,3,1,3,0,H,H,2023-24.csv,2026-09-03T00:14:39
51588e1ad39f4310b2d5,E0,2023-24,2024-04-02,19:45,Bournemouth,Crystal Palace,G Scott,1,0,0,0,H,D,2023-24.csv,2026-09-03T00:14:39
6753d55cd43c896e2f23,E0,2023-24,2024-04-02,19:45,Burnley,Wolverhampton Wanderers,T Bramall,1,1,1,1,D,D,2023-24.csv,2026-09-03T00:14:39
a4127541798533f09980,E0,2023-24,2024-04-02,20:15,West Ham United,Tottenham,J Brooks,1,1,1,1,D,D,2023-24.csv,2026-09-03T00:14:39
ba1ce6ef28280707d225,E0,2023-24,2024-04-03,19:30,Arsenal,Luton,C Pawson,2,0,2,0,H,H,2023-24.csv,2026-09-03T00:14:39
4de43997bff20b3f22d2,E0,2023-24,2024-04-03,19:30,Brentford,Brighton & Hove Albion,A Madley,0,0,0,0,D,D,2023-24.csv,2026-09-03T00:14:39
d04ca8d3f62c2a3f9a6a,E0,2023-24,2024-04-03,20:15,Manchester City,Aston Villa,D England,4,1,2,1,H,H,2023-24.csv,2026-09-03T00:14:39
a664be75aa7abba196a0,E0,2023-24,2024-04-04,19:30,Liverpool,Sheffield United,S Attwell,3,1,1,0,H,H,2023-24.csv,2026-09-03T00:14:39
b5bd76439039c3115e02,E0,2023-24,2024-04-04,20:15,Chelsea,Manchester United,J Gillett,4,3,2,2,H,D,2023-24.csv,2026-09-03T00:14:39
a9d75bc4174d95d619b7,E0,2023-24,2024-04-06,12:30,Crystal Palace,Manchester City,P Tierney,2,4,1,1,A,D,2023-24.csv,2026-09-03T00:14:39
95b309baed963a9baff2,E0,2023-24,2024-04-06,15:00,Aston Villa,Brentford,M Salisbury,3,3,1,0,D,H,2023-24.csv,2026-09-03T00:14:39
c1e9db5907f5a08c6549,E0,2023-24,2024-04-06,15:00,Everton,Burnley,M Oliver,1,0,1,0,H,H,2023-24.csv,2026-09-03T00:14:39
404ee4bfbe7f9e50f6c3,E0,2023-24,2024-04-06,15:00,Fulham,Newcastle United,S Allison,0,1,0,0,A,D,2023-24.csv,2026-09-03T00:14:39
79ab970197529a960aae,E0,2023-24,2024-04-06,15:00,Luton,Bournemouth,A Madley,2,1,0,0,H,D,2023-24.csv,2026-09-03T00:14:39
fd52ebed0e930cffc7a6,E0,2023-24,2024-04-06,15:00,Wolverhampton Wanderers,West Ham United,T Harrington,1,2,1,0,A,H,2023-24.csv,2026-09-03T00:14:39
81d588786cc45c3806e8,E0,2023-24,2024-04-06,17:30,Brighton & Hove Albion,Arsenal,J Brooks,0,3,0,1,A,A,2023-24.csv,2026-09-03T00:14:39
7b3f38d56f48803c6bb9,E0,2023-24,2024-04-07,15:30,Manchester United,Liverpool,A Taylor,2,2,0,1,D,A,2023-24.csv,2026-09-03T00:14:39
1d93e8edf61477de66a1,E0,2023-24,2024-04-07,17:30,Sheffield United,Chelsea,R Jones,2,2,1,1,D,D,2023-24.csv,2026-09-03T00:14:39
24ce3697cb827f201c95,E0,2023-24,2024-04-07,18:00,Tottenham,Nottingham Forest,S Hooper,3,1,1,1,H,D,2023-24.csv,2026-09-03T00:14:39
8fe6937652c559c8c286,E0,2023-24,2024-04-13,12:30,Newcastle United,Tottenham,T Robinson,4,0,2,0,H,H,2023-24.csv,2026-09-03T00:14:39
6bee78ba1ed0c89ba9ae,E0,2023-24,2024-04-13,15:00,Brentford,Sheffield United,S Barrott,2,0,0,0,H,D,2023-24.csv,2026-09-03T00:14:39
218b0ce5ee4c7d119d23,E0,2023-24,2024-04-13,15:00,Burnley,Brighton & Hove Albion,S Hooper,1,1,0,0,D,D,2023-24.csv,2026-09-03T00:14:39
2a4422ca9dc54d56e479,E0,2023-24,2024-04-13,15:00,Manchester City,Luton,J Brooks,5,1,1,0,H,H,2023-24.csv,2026-09-03T00:14:39
ad53c91942bb597ecb67,E0,2023-24,2024-04-13,15:00,Nottingham Forest,Wolverhampton Wanderers,C Pawson,2,2,1,1,D,D,2023-24.csv,2026-09-03T00:14:39
903492baaf1a483dc900,E0,2023-24,2024-04-13,17:30,Bournemouth,Manchester United,T Harrington,2,2,2,1,D,H,2023-24.csv,2026-09-03T00:14:39
f8d44780dfcabd514709,E0,2023-24,2024-04-14,14:00,Liverpool,Crystal Palace,C Kavanagh,0,1,0,1,A,A,2023-24.csv,2026-09-03T00:14:39
0c4e2a730d93d839b4ca,E0,2023-24,2024-04-14,14:00,West Ham United,Fulham,S Attwell,0,2,0,1,A,A,2023-24.csv,2026-09-03T00:14:39
4a2410731425a213e7bc,E0,2023-24,2024-04-14,16:30,Arsenal,Aston Villa,D Coote,0,2,0,0,A,D,2023-24.csv,2026-09-03T00:14:39
d2f6da16c49135573a1e,E0,2023-24,2024-04-15,20:00,Chelsea,Everton,P Tierney,6,0,4,0,H,H,2023-24.csv,2026-09-03T00:14:39
23f51ff39942b6234268,E0,2023-24,2024-04-20,15:00,Luton,Brentford,J Gillett,1,5,0,2,A,A,2023-24.csv,2026-09-03T00:14:39
f78bde296f0bc349e0a1,E0,2023-24,2024-04-20,15:00,Sheffield United,Burnley,A Madley,1,4,0,2,A,A,2023-24.csv,2026-09-03T00:14:39
0e0683397e724195a478,E0,2023-24,2024-04-20,19:30,Wolverhampton Wanderers,Arsenal,P Tierney,0,2,0,1,A,A,2023-24.csv,2026-09-03T00:14:39
a8beb413472942f9884e,E0,2023-24,2024-04-21,13:30,Everton,Nottingham Forest,A Taylor,2,0,1,0,H,H,2023-24.csv,2026-09-03T00:14:39
53f8172152079a008223,E0,2023-24,2024-04-21,15:00,Aston Villa,Bournemouth,T Robinson,3,1,1,1,H,D,2023-24.csv,2026-09-03T00:14:39
082cd5909b148d07a5e9,E0,2023-24,2024-04-21,15:00,Crystal Palace,West Ham United,G Scott,5,2,4,1,H,H,2023-24.csv,2026-09-03T00:14:39
6187a3a0ea17d0d610f5,E0,2023-24,2024-04-21,16:30,Fulham,Liverpool,C Pawson,1,3,1,1,A,D,2023-24.csv,2026-09-03T00:14:39
b92901bb87b56c8c719d,E0,2023-24,2024-04-23,20:00,Arsenal,Chelsea,S Hooper,5,0,1,0,H,H,2023-24.csv,2026-09-03T00:14:39
c569fd3f219f02be7753,E0,2023-24,2024-04-24,19:45,Wolverhampton Wanderers,Bournemouth,S Attwell,0,1,0,1,A,A,2023-24.csv,2026-09-03T00:14:39
cf654c89c4d29b2252ab,E0,2023-24,2024-04-24,20:00,Crystal Palace,Newcastle United,T Bramall,2,0,0,0,H,D,2023-24.csv,2026-09-03T00:14:39
f78d358d7793d49f3f89,E0,2023-24,2024-04-24,20:00,Everton,Liverpool,A Madley,2,0,1,0,H,H,2023-24.csv,2026-09-03T00:14:39
83b8e5ac37d26410aa4d,E0,2023-24,2024-04-24,20:00,Manchester United,Sheffield United,M Salisbury,4,2,1,1,H,D,2023-24.csv,2026-09-03T00:14:39
44845b7e2ed200ba4a56,E0,2023-24,2024-04-25,20:00,Brighton & Hove Albion,Manchester City,J Gillett,0,4,0,3,A,A,2023-24.csv,2026-09-03T00:14:39
90dfa0c104ce6605e739,E0,2023-24,2024-04-27,12:30,West Ham United,Liverpool,A Taylor,2,2,1,0,D,H,2023-24.csv,2026-09-03T00:14:39
7941e88ebd61319088ee,E0,2023-24,2024-04-27,15:00,Fulham,Crystal Palace,S Attwell,1,1,0,0,D,D,2023-24.csv,2026-09-03T00:14:39
06f33c749fa885b7c114,E0,2023-24,2024-04-27,15:00,Manchester United,Burnley,J Brooks,1,1,0,0,D,D,2023-24.csv,2026-09-03T00:14:39
d9b772d7309e362dad81,E0,2023-24,2024-04-27,15:00,Newcastle United,Sheffield United,T Harrington,5,1,1,1,H,D,2023-24.csv,2026-09-03T00:14:39
159757ac11ddf90cb20a,E0,2023-24,2024-04-27,15:00,Wolverhampton Wanderers,Luton,D Coote,2,1,1,0,H,H,2023-24.csv,2026-09-03T00:14:39
0deb5e267dae048329d0,E0,2023-24,2024-04-27,17:30,Everton,Brentford,D England,1,0,0,0,H,D,2023-24.csv,2026-09-03T00:14:39
6ad35b8cf00558e2b86f,E0,2023-24,2024-04-27,20:00,Aston Villa,Chelsea,C Pawson,2,2,2,0,D,H,2023-24.csv,2026-09-03T00:14:39
5e878ff1bc1dc83221ad,E0,2023-24,2024-04-28,14:00,Bournemouth,Brighton & Hove Albion,P Tierney,3,0,1,0,H,H,2023-24.csv,2026-09-03T00:14:39
d30e4dfaa747950c32c7,E0,2023-24,2024-04-28,14:00,Tottenham,Arsenal,M Oliver,2,3,0,3,A,A,2023-24.csv,2026-09-03T00:14:39
8d33dffc88ab69785df9,E0,2023-24,2024-04-28,16:30,Nottingham Forest,Manchester City,S Hooper,0,2,0,1,A,A,2023-24.csv,2026-09-03T00:14:39
843e6ff70aac51beb2c1,E0,2023-24,2024-05-02,19:30,Chelsea,Tottenham,R Jones,2,0,1,0,H,H,2023-24.csv,2026-09-03T00:14:39
b515eeeb9ff1afbc8727,E0,2023-24,2024-05-03,20:00,Luton,Everton,T Robinson,1,1,1,1,D,D,2023-24.csv,2026-09-03T00:14:39
f8cd0f12f84bb1081d38,E0,2023-24,2024-05-04,12:30,Arsenal,Bournemouth,D Coote,3,0,1,0,H,H,2023-24.csv,2026-09-03T00:14:39
105d4b7e53f024babdc4,E0,2023-24,2024-05-04,15:00,Brentford,Fulham,G Scott,0,0,0,0,D,D,2023-24.csv,2026-09-03T00:14:39
11805ec8d68610d91138,E0,2023-24,2024-05-04,15:00,Burnley,Newcastle United,A Taylor,1,4,0,3,A,A,2023-24.csv,2026-09-03T00:14:39
0af29e5de2bcae47c1ca,E0,2023-24,2024-05-04,15:00,Sheffield United,Nottingham Forest,C Kavanagh,1,3,1,1,A,D,2023-24.csv,2026-09-03T00:14:39
e2972cd48af8f53efcf6,E0,2023-24,2024-05-04,17:30,Manchester City,Wolverhampton Wanderers,C Pawson,5,1,3,0,H,H,2023-24.csv,2026-09-03T00:14:39
9289db759b05a38271d4,E0,2023-24,2024-05-05,14:00,Brighton & Hove Albion,Aston Villa,R Jones,1,0,0,0,H,D,2023-24.csv,2026-09-03T00:14:39
d844dfd35d2c29e9b8bd,E0,2023-24,2024-05-05,14:00,Chelsea,West Ham United,A Madley,5,0,3,0,H,H,2023-24.csv,2026-09-03T00:14:39
cf413685301459f64558,E0,2023-24,2024-05-05,16:30,Liverpool,Tottenham,P Tierney,4,2,2,0,H,H,2023-24.csv,2026-09-03T00:14:39
9c6640f8ec2b95697bf3,E0,2023-24,2024-05-06,20:00,Crystal Palace,Manchester United,J Gillett,4,0,2,0,H,H,2023-24.csv,2026-09-03T00:14:39
0fd40a5453d199fe6792,E0,2023-24,2024-05-11,12:30,Fulham,Manchester City,A Taylor,0,4,0,1,A,A,2023-24.csv,2026-09-03T00:14:39
4a2724fcd6f8f0f9143b,E0,2023-24,2024-05-11,15:00,Bournemouth,Brentford,M Donohue,1,2,0,0,A,D,2023-24.csv,2026-09-03T00:14:39
014eb18e8c7644b22208,E0,2023-24,2024-05-11,15:00,Everton,Sheffield United,S Attwell,1,0,1,0,H,H,2023-24.csv,2026-09-03T00:14:39
563aaeccf8feef98d998,E0,2023-24,2024-05-11,15:00,Newcastle United,Brighton & Hove Albion,D England,1,1,1,1,D,D,2023-24.csv,2026-09-03T00:14:39
cac77b6454fc87dafed1,E0,2023-24,2024-05-11,15:00,Tottenham,Burnley,J Gillett,2,1,1,1,H,D,2023-24.csv,2026-09-03T00:14:39
c75af41a6c1bd58ab5a7,E0,2023-24,2024-05-11,15:00,West Ham United,Luton,M Oliver,3,1,0,1,H,A,2023-24.csv,2026-09-03T00:14:39
1aaf53d72d290d5eda31,E0,2023-24,2024-05-11,15:00,Wolverhampton Wanderers,Crystal Palace,T Bramall,1,3,0,2,A,A,2023-24.csv,2026-09-03T00:14:39
630360fca51c525d0e4e,E0,2023-24,2024-05-11,17:30,Nottingham Forest,Chelsea,T Harrington,2,3,1,1,A,D,2023-24.csv,2026-09-03T00:14:39
ec259d3a45a16a0eedc1,E0,2023-24,2024-05-12,16:30,Manchester United,Arsenal,P Tierney,0,1,0,1,A,A,2023-24.csv,2026-09-03T00:14:39
82381846c4f672b4dd86,E0,2023-24,2024-05-13,20:00,Aston Villa,Liverpool,S Hooper,3,3,1,2,D,A,2023-24.csv,2026-09-03T00:14:39
b0884f0d4faed9393c4f,E0,2023-24,2024-05-14,20:00,Tottenham,Manchester City,C Kavanagh,0,2,0,0,A,D,2023-24.csv,2026-09-03T00:14:39
8456564fe923e6b3f536,E0,2023-24,2024-05-15,19:45,Brighton & Hove Albion,Chelsea,M Salisbury,1,2,0,1,A,A,2023-24.csv,2026-09-03T00:14:39
5be315fecd4891d67a40,E0,2023-24,2024-05-15,20:00,Manchester United,Newcastle United,R Jones,3,2,1,0,H,H,2023-24.csv,2026-09-03T00:14:39
2380194cd3197059e9d4,E0,2023-24,2024-05-19,16:00,Arsenal,Everton,M Oliver,2,1,1,1,H,D,2023-24.csv,2026-09-03T00:14:39
a7256d14a7dcc78b177e,E0,2023-24,2024-05-19,16:00,Brentford,Newcastle United,S Hooper,2,4,0,3,A,A,2023-24.csv,2026-09-03T00:14:39
14356a6d1d070d757cf0,E0,2023-24,2024-05-19,16:00,Brighton & Hove Albion,Manchester United,C Pawson,0,2,0,0,A,D,2023-24.csv,2026-09-03T00:14:39
448813b9d96a6579a99b,E0,2023-24,2024-05-19,16:00,Burnley,Nottingham Forest,G Scott,1,2,0,2,A,A,2023-24.csv,2026-09-03T00:14:39
f2205f69e49de339bb7b,E0,2023-24,2024-05-19,16:00,Chelsea,Bournemouth,A Taylor,2,1,1,0,H,H,2023-24.csv,2026-09-03T00:14:39
4dbba7c37700344f604e,E0,2023-24,2024-05-19,16:00,Crystal Palace,Aston Villa,D Bond,5,0,2,0,H,H,2023-24.csv,2026-09-03T00:14:39
ca2d0a32e81cae4ef38a,E0,2023-24,2024-05-19,16:00,Liverpool,Wolverhampton Wanderers,C Kavanagh,2,0,2,0,H,H,2023-24.csv,2026-09-03T00:14:39
8c83115a48ced803b0d8,E0,2023-24,2024-05-19,16:00,Luton,Fulham,M Donohue,2,4,1,2,A,A,2023-24.csv,2026-09-03T00:14:39
5d4b71fc36ed4f46c4b4,E0,2023-24,2024-05-19,16:00,Manchester City,West Ham United,J Brooks,3,1,2,1,H,H,2023-24.csv,2026-09-03T00:14:39
5a852308e345f675b731,E0,2023-24,2024-05-19,16:00,Sheffield United,Tottenham,A Madley,0,3,0,1,A,A,2023-24.csv,2026-09-03T00:14:39
16997dc9cef7ead29809,E0,2024-25,2024-08-16,20:00,Manchester United,Fulham,R Jones,1,0,0,0,H,D,2024-25.csv,2026-09-03T00:14:41
acda54f2f3f96d9ef2bf,E0,2024-25,2024-08-17,12:30,Ipswich,Liverpool,T Robinson,0,2,0,0,A,D,2024-25.csv,2026-09-03T00:14:41
4b8a3ea6cf92b0ffc70e,E0,2024-25,2024-08-17,15:00,Arsenal,Wolverhampton Wanderers,J Gillett,2,0,1,0,H,H,2024-25.csv,2026-09-03T00:14:41
499c59f0daca85bad574,E0,2024-25,2024-08-17,15:00,Everton,Brighton & Hove Albion,S Hooper,0,3,0,1,A,A,2024-25.csv,2026-09-03T00:14:41
b8186753647d384486a3,E0,2024-25,2024-08-17,15:00,Newcastle United,Southampton,C Pawson,1,0,1,0,H,H,2024-25.csv,2026-09-03T00:14:41
fd844e217b8a15022a13,E0,2024-25,2024-08-17,15:00,Nottingham Forest,Bournemouth,M Oliver,1,1,1,0,D,H,2024-25.csv,2026-09-03T00:14:41
ae19425c66c76d464bec,E0,2024-25,2024-08-17,17:30,West Ham United,Aston Villa,T Harrington,1,2,1,1,A,D,2024-25.csv,2026-09-03T00:14:41
8d6d66aa23ffdd9ade87,E0,2024-25,2024-08-18,14:00,Brentford,Crystal Palace,S Barrott,2,1,1,0,H,H,2024-25.csv,2026-09-03T00:14:41
ceb89c6b965000bb9f36,E0,2024-25,2024-08-18,16:30,Chelsea,Manchester City,A Taylor,0,2,0,1,A,A,2024-25.csv,2026-09-03T00:14:41
2edb1146eb399e0cdf7f,E0,2024-25,2024-08-19,20:00,Leicester,Tottenham,C Kavanagh,1,1,0,1,D,A,2024-25.csv,2026-09-03T00:14:41
d1f8a476dab9e0960636,E0,2024-25,2024-08-24,12:30,Brighton & Hove Albion,Manchester United,C Pawson,2,1,1,0,H,H,2024-25.csv,2026-09-03T00:14:41
70210ce9164698508307,E0,2024-25,2024-08-24,15:00,Crystal Palace,West Ham United,R Jones,0,2,0,0,A,D,2024-25.csv,2026-09-03T00:14:41
e2c9013e59cc4570a453,E0,2024-25,2024-08-24,15:00,Fulham,Leicester,D Bond,2,1,1,1,H,D,2024-25.csv,2026-09-03T00:14:41
bd7038b597d2f59a2c1f,E0,2024-25,2024-08-24,15:00,Manchester City,Ipswich,M Salisbury,4,1,3,1,H,H,2024-25.csv,2026-09-03T00:14:41
e86fef38676b273dd980,E0,2024-25,2024-08-24,15:00,Southampton,Nottingham Forest,S Barrott,0,1,0,0,A,D,2024-25.csv,2026-09-03T00:14:41
852c6776babe2f471d01,E0,2024-25,2024-08-24,15:00,Tottenham,Everton,A Taylor,4,0,2,0,H,H,2024-25.csv,2026-09-03T00:14:41
92879e61febc38d792e0,E0,2024-25,2024-08-24,17:30,Aston Villa,Arsenal,M Oliver,0,2,0,0,A,D,2024-25.csv,2026-09-03T00:14:41
091d7bc0171562434782,E0,2024-25,2024-08-25,14:00,Bournemouth,Newcastle United,D Coote,1,1,1,0,D,H,2024-25.csv,2026-09-03T00:14:41
57ac59da0e7a5e7d2616,E0,2024-25,2024-08-25,14:00,Wolverhampton Wanderers,Chelsea,D England,2,6,2,2,A,D,2024-25.csv,2026-09-03T00:14:41
f91bec7c3470247ddb95,E0,2024-25,2024-08-25,16:30,Liverpool,Brentford,S Attwell,2,0,1,0,H,H,2024-25.csv,2026-09-03T00:14:41
13421664726e2a371ec4,E0,2024-25,2024-08-31,12:30,Arsenal,Brighton & Hove Albion,C Kavanagh,1,1,1,0,D,H,2024-25.csv,2026-09-03T00:14:41
c3b22e87ae6df2271953,E0,2024-25,2024-08-31,15:00,Brentford,Southampton,J Smith,3,1,1,0,H,H,2024-25.csv,2026-09-03T00:14:41
381a7273369ba9834372,E0,2024-25,2024-08-31,15:00,Everton,Bournemouth,S Attwell,2,3,0,0,A,D,2024-25.csv,2026-09-03T00:14:41
659d5af40c80b406dc41,E0,2024-25,2024-08-31,15:00,Ipswich,Fulham,L Smith,1,1,1,1,D,D,2024-25.csv,2026-09-03T00:14:41
6c250dd73a8414b73401,E0,2024-25,2024-08-31,15:00,Leicester,Aston Villa,D Coote,1,2,0,1,A,A,2024-25.csv,2026-09-03T00:14:41
904b326342eec31a2f8e,E0,2024-25,2024-08-31,15:00,Nottingham Forest,Wolverhampton Wanderers,S Hooper,1,1,1,1,D,D,2024-25.csv,2026-09-03T00:14:41
1935e2edb59fc7a29fb9,E0,2024-25,2024-08-31,17:30,West Ham United,Manchester City,M Oliver,1,3,1,2,A,A,2024-25.csv,2026-09-03T00:14:41
a475524798b54471285c,E0,2024-25,2024-09-01,13:30,Chelsea,Crystal Palace,J Gillett,1,1,1,0,D,H,2024-25.csv,2026-09-03T00:14:41
606d99a9666f8d772db0,E0,2024-25,2024-09-01,13:30,Newcastle United,Tottenham,R Jones,2,1,1,0,H,H,2024-25.csv,2026-09-03T00:14:41
a8cb75de1bfa7733e574,E0,2024-25,2024-09-01,16:00,Manchester United,Liverpool,A Taylor,0,3,0,2,A,A,2024-25.csv,2026-09-03T00:14:41
baa5123368738159d564,E0,2024-25,2024-09-14,12:30,Southampton,Manchester United,S Attwell,0,3,0,2,A,A,2024-25.csv,2026-09-03T00:14:41
912e32cae79f2b554d2b,E0,2024-25,2024-09-14,15:00,Brighton & Hove Albion,Ipswich,S Barrott,0,0,0,0,D,D,2024-25.csv,2026-09-03T00:14:41
07e3ac2fd9e5c37a2490,E0,2024-25,2024-09-14,15:00,Crystal Palace,Leicester,T Harrington,2,2,0,1,D,A,2024-25.csv,2026-09-03T00:14:41
722144bae21df1d7be74,E0,2024-25,2024-09-14,15:00,Fulham,West Ham United,T Robinson,1,1,1,0,D,H,2024-25.csv,2026-09-03T00:14:41
2a681b581e1aa44393c9,E0,2024-25,2024-09-14,15:00,Liverpool,Nottingham Forest,M Oliver,0,1,0,0,A,D,2024-25.csv,2026-09-03T00:14:41
0ff93546de9be99244f6,E0,2024-25,2024-09-14,15:00,Manchester City,Brentford,D Bond,2,1,2,1,H,H,2024-25.csv,2026-09-03T00:14:41
cd370b6a0957267aee09,E0,2024-25,2024-09-14,17:30,Aston Villa,Everton,C Pawson,3,2,1,2,H,A,2024-25.csv,2026-09-03T00:14:41
fc9ebf99efbe951045ea,E0,2024-25,2024-09-14,20:00,Bournemouth,Chelsea,A Taylor,0,1,0,0,A,D,2024-25.csv,2026-09-03T00:14:41
eeecc34b96667770e9d0,E0,2024-25,2024-09-15,14:00,Tottenham,Arsenal,J Gillett,0,1,0,0,A,D,2024-25.csv,2026-09-03T00:14:41
577b7e2ccf9200461a4c,E0,2024-25,2024-09-15,16:30,Wolverhampton Wanderers,Newcastle United,C Kavanagh,1,2,1,0,A,H,2024-25.csv,2026-09-03T00:14:41
314132237dce2cf3eb41,E0,2024-25,2024-09-21,12:30,West Ham United,Chelsea,S Barrott,0,3,0,2,A,A,2024-25.csv,2026-09-03T00:14:41
3f08e25117e4110c3ee8,E0,2024-25,2024-09-21,15:00,Aston Villa,Wolverhampton Wanderers,T Robinson,3,1,0,1,H,A,2024-25.csv,2026-09-03T00:14:41
b6976d9c682c70f34b25,E0,2024-25,2024-09-21,15:00,Fulham,Newcastle United,P Bankes,3,1,2,0,H,H,2024-25.csv,2026-09-03T00:14:41
e678f4f51a9330f7b8dd,E0,2024-25,2024-09-21,15:00,Leicester,Everton,D England,1,1,0,1,D,A,2024-25.csv,2026-09-03T00:14:41
d58fd70cb5b70dfb914a,E0,2024-25,2024-09-21,15:00,Liverpool,Bournemouth,T Harrington,3,0,3,0,H,H,2024-25.csv,2026-09-03T00:14:41
9042d79724ff5d2cf4fc,E0,2024-25,2024-09-21,15:00,Southampton,Ipswich,S Allison,1,1,1,0,D,H,2024-25.csv,2026-09-03T00:14:41
2afb4c078558ab18d5b3,E0,2024-25,2024-09-21,15:00,Tottenham,Brentford,J Brooks,3,1,2,1,H,H,2024-25.csv,2026-09-03T00:14:41
39c8cb44a9e6e25cf2e3,E0,2024-25,2024-09-21,17:30,Crystal Palace,Manchester United,D Coote,0,0,0,0,D,D,2024-25.csv,2026-09-03T00:14:41
53ca915ea4ceb339a7b8,E0,2024-25,2024-09-22,14:00,Brighton & Hove Albion,Nottingham Forest,R Jones,2,2,2,1,D,H,2024-25.csv,2026-09-03T00:14:41
da78061fe4581a01946e,E0,2024-25,2024-09-22,16:30,Manchester City,Arsenal,M Oliver,2,2,1,2,D,A,2024-25.csv,2026-09-03T00:14:41
2c2b592e65937d21f251,E0,2024-25,2024-09-28,12:30,Newcastle United,Manchester City,J Gillett,1,1,0,1,D,A,2024-25.csv,2026-09-03T00:14:41
507c9876097a41303059,E0,2024-25,2024-09-28,15:00,Arsenal,Leicester,S Barrott,4,2,2,0,H,H,2024-25.csv,2026-09-03T00:14:41
240337ade6aafa94ff78,E0,2024-25,2024-09-28,15:00,Brentford,West Ham United,S Hooper,1,1,1,0,D,H,2024-25.csv,2026-09-03T00:14:41
0930b2a5b3e644f1fded,E0,2024-25,2024-09-28,15:00,Chelsea,Brighton & Hove Albion,P Bankes,4,2,4,2,H,H,2024-25.csv,2026-09-03T00:14:41
32ed692662b304d2d15c,E0,2024-25,2024-09-28,15:00,Everton,Crystal Palace,A Madley,2,1,0,1,H,A,2024-25.csv,2026-09-03T00:14:41
dcba24777921de8e73db,E0,2024-25,2024-09-28,15:00,Nottingham Forest,Fulham,J Smith,0,1,0,0,A,D,2024-25.csv,2026-09-03T00:14:41
c3db4937d97f980dea85,E0,2024-25,2024-09-28,17:30,Wolverhampton Wanderers,Liverpool,A Taylor,1,2,0,1,A,A,2024-25.csv,2026-09-03T00:14:41
70b3fe0ea96b70f093d0,E0,2024-25,2024-09-29,14:00,Ipswich,Aston Villa,S Attwell,2,2,1,2,D,A,2024-25.csv,2026-09-03T00:14:41
e160766252655a401d4c,E0,2024-25,2024-09-29,16:30,Manchester United,Tottenham,C Kavanagh,0,3,0,1,A,A,2024-25.csv,2026-09-03T00:14:41
000fa9ff79966a897e61,E0,2024-25,2024-09-30,20:00,Bournemouth,Southampton,M Oliver,3,1,3,0,H,H,2024-25.csv,2026-09-03T00:14:41
eaddeeed6956df20abe8,E0,2024-25,2024-10-05,12:30,Crystal Palace,Liverpool,S Hooper,0,1,0,1,A,A,2024-25.csv,2026-09-03T00:14:41
0d4fd39c73eb475696b5,E0,2024-25,2024-10-05,15:00,Arsenal,Southampton,T Harrington,3,1,0,0,H,D,2024-25.csv,2026-09-03T00:14:41
f2d3c9be6508b1042ee8,E0,2024-25,2024-10-05,15:00,Brentford,Wolverhampton Wanderers,A Madley,5,3,4,2,H,H,2024-25.csv,2026-09-03T00:14:41
2ec4e90989d1507c44c1,E0,2024-25,2024-10-05,15:00,Leicester,Bournemouth,D Bond,1,0,1,0,H,H,2024-25.csv,2026-09-03T00:14:41
6cccf9717233a8f9fb4d,E0,2024-25,2024-10-05,15:00,Manchester City,Fulham,P Bankes,3,2,1,1,H,D,2024-25.csv,2026-09-03T00:14:41
6fa7d253353f88c11356,E0,2024-25,2024-10-05,15:00,West Ham United,Ipswich,A Taylor,4,1,2,1,H,H,2024-25.csv,2026-09-03T00:14:41
3aa00fed1a2391931a75,E0,2024-25,2024-10-05,17:30,Everton,Newcastle United,C Pawson,0,0,0,0,D,D,2024-25.csv,2026-09-03T00:14:41
6fd69feb5a7eebf6d1a4,E0,2024-25,2024-10-06,14:00,Aston Villa,Manchester United,R Jones,0,0,0,0,D,D,2024-25.csv,2026-09-03T00:14:41
3728c39b16301262f829,E0,2024-25,2024-10-06,14:00,Chelsea,Nottingham Forest,C Kavanagh,1,1,0,0,D,D,2024-25.csv,2026-09-03T00:14:41
94ffe859182cbc970be8,E0,2024-25,2024-10-06,16:30,Brighton & Hove Albion,Tottenham,D Coote,3,2,0,2,H,A,2024-25.csv,2026-09-03T00:14:41
5d81b501b8998265bae0,E0,2024-25,2024-10-19,12:30,Tottenham,West Ham United,A Madley,4,1,1,1,H,D,2024-25.csv,2026-09-03T00:14:41
776817b1d657b300815d,E0,2024-25,2024-10-19,15:00,Fulham,Aston Villa,D England,1,3,1,1,A,D,2024-25.csv,2026-09-03T00:14:41
6c549f7e36ced4973f03,E0,2024-25,2024-10-19,15:00,Ipswich,Everton,M Oliver,0,2,0,2,A,A,2024-25.csv,2026-09-03T00:14:41
ffbabf26ae3bf005f935,E0,2024-25,2024-10-19,15:00,Manchester United,Brentford,S Barrott,2,1,0,1,H,A,2024-25.csv,2026-09-03T00:14:41
2844d079e4b3d2004815,E0,2024-25,2024-10-19,15:00,Newcastle United,Brighton & Hove Albion,P Bankes,0,1,0,1,A,A,2024-25.csv,2026-09-03T00:14:41
c483806f776bb7b988b7,E0,2024-25,2024-10-19,15:00,Southampton,Leicester,A Taylor,2,3,2,0,A,H,2024-25.csv,2026-09-03T00:14:41
efab39dab365033ed3d6,E0,2024-25,2024-10-19,17:30,Bournemouth,Arsenal,R Jones,2,0,0,0,H,D,2024-25.csv,2026-09-03T00:14:41
8561ac5b59e0daf4b267,E0,2024-25,2024-10-20,14:00,Wolverhampton Wanderers,Manchester City,C Kavanagh,1,2,1,1,A,D,2024-25.csv,2026-09-03T00:14:41
54105bf610c97af95fa3,E0,2024-25,2024-10-20,16:30,Liverpool,Chelsea,J Brooks,2,1,1,0,H,H,2024-25.csv,2026-09-03T00:14:41
c349f872929b509adf99,E0,2024-25,2024-10-21,20:00,Nottingham Forest,Crystal Palace,T Robinson,1,0,0,0,H,D,2024-25.csv,2026-09-03T00:14:41
fe8d7fbc50e3d93452a6,E0,2024-25,2024-10-25,20:00,Leicester,Nottingham Forest,C Pawson,1,3,1,1,A,D,2024-25.csv,2026-09-03T00:14:41
8c6b8b092751d4f2b9e3,E0,2024-25,2024-10-26,15:00,Aston Villa,Bournemouth,A Madley,1,1,0,0,D,D,2024-25.csv,2026-09-03T00:14:41
46b413c39662e46a16c8,E0,2024-25,2024-10-26,15:00,Brentford,Ipswich,L Smith,4,3,2,2,H,D,2024-25.csv,2026-09-03T00:14:41
44d17d6a0d610b7b7d0c,E0,2024-25,2024-10-26,15:00,Brighton & Hove Albion,Wolverhampton Wanderers,M Oliver,2,2,1,0,D,H,2024-25.csv,2026-09-03T00:14:41
dd2d969ec5f39086b319,E0,2024-25,2024-10-26,15:00,Manchester City,Southampton,T Harrington,1,0,1,0,H,H,2024-25.csv,2026-09-03T00:14:41
0d608e355da043295302,E0,2024-25,2024-10-26,17:30,Everton,Fulham,J Brooks,1,1,0,0,D,D,2024-25.csv,2026-09-03T00:14:41
b13c5f95a3a9214f6323,E0,2024-25,2024-10-27,14:00,Chelsea,Newcastle United,S Hooper,2,1,1,1,H,D,2024-25.csv,2026-09-03T00:14:41
b5e2bb4af6a594e47587,E0,2024-25,2024-10-27,14:00,Crystal Palace,Tottenham,D Bond,1,0,1,0,H,H,2024-25.csv,2026-09-03T00:14:41
4bba1eecce8d84dce07e,E0,2024-25,2024-10-27,14:00,West Ham United,Manchester United,D Coote,2,1,0,0,H,D,2024-25.csv,2026-09-03T00:14:41
ee42e0f64fc747812698,E0,2024-25,2024-10-27,16:30,Arsenal,Liverpool,A Taylor,2,2,2,1,D,H,2024-25.csv,2026-09-03T00:14:41
4822bd8bcddd232db6df,E0,2024-25,2024-11-02,12:30,Newcastle United,Arsenal,J Brooks,1,0,1,0,H,H,2024-25.csv,2026-09-03T00:14:41
e21489c412ff2bcf2509,E0,2024-25,2024-11-02,15:00,Bournemouth,Manchester City,M Oliver,2,1,1,0,H,H,2024-25.csv,2026-09-03T00:14:41
ad898e079776977429c2,E0,2024-25,2024-11-02,15:00,Ipswich,Leicester,T Robinson,1,1,0,0,D,D,2024-25.csv,2026-09-03T00:14:41
6c9b438d36aec53dab7f,E0,2024-25,2024-11-02,15:00,Liverpool,Brighton & Hove Albion,T Harrington,2,1,0,1,H,A,2024-25.csv,2026-09-03T00:14:41
d07060ebb4dac369aafb,E0,2024-25,2024-11-02,15:00,Nottingham Forest,West Ham United,P Bankes,3,0,1,0,H,H,2024-25.csv,2026-09-03T00:14:41
e5f6047753ca22ec72a5,E0,2024-25,2024-11-02,15:00,Southampton,Everton,A Madley,1,0,0,0,H,D,2024-25.csv,2026-09-03T00:14:41
4363da999711871e284d,E0,2024-25,2024-11-02,17:30,Wolverhampton Wanderers,Crystal Palace,A Taylor,2,2,0,0,D,D,2024-25.csv,2026-09-03T00:14:41
818579f0abb2adc3ebde,E0,2024-25,2024-11-03,14:00,Tottenham,Aston Villa,C Pawson,4,1,0,1,H,A,2024-25.csv,2026-09-03T00:14:41
83814d1b1d971965ba09,E0,2024-25,2024-11-03,16:30,Manchester United,Chelsea,R Jones,1,1,0,0,D,D,2024-25.csv,2026-09-03T00:14:41
0f1ccf50e24fd8f674e6,E0,2024-25,2024-11-04,20:00,Fulham,Brentford,S Attwell,2,1,0,1,H,A,2024-25.csv,2026-09-03T00:14:41
821b2cebaa0649c130aa,E0,2024-25,2024-11-09,15:00,Brentford,Bournemouth,D Bond,3,2,1,1,H,D,2024-25.csv,2026-09-03T00:14:41
c87a66ba2b5e90fd3e27,E0,2024-25,2024-11-09,15:00,Crystal Palace,Fulham,M Salisbury,0,2,0,1,A,A,2024-25.csv,2026-09-03T00:14:41
4c13689c1a95f701a466,E0,2024-25,2024-11-09,15:00,West Ham United,Everton,S Attwell,0,0,0,0,D,D,2024-25.csv,2026-09-03T00:14:41
00ed886411c9ca029721,E0,2024-25,2024-11-09,15:00,Wolverhampton Wanderers,Southampton,T Bramall,2,0,1,0,H,H,2024-25.csv,2026-09-03T00:14:41
7928fcde7ef73f0528db,E0,2024-25,2024-11-09,17:30,Brighton & Hove Albion,Manchester City,S Barrott,2,1,0,1,H,A,2024-25.csv,2026-09-03T00:14:41
983866547736b29f5640,E0,2024-25,2024-11-09,20:00,Liverpool,Aston Villa,D Coote,2,0,1,0,H,H,2024-25.csv,2026-09-03T00:14:41
432559e11c3db283c575,E0,2024-25,2024-11-10,14:00,Manchester United,Leicester,P Bankes,3,0,2,0,H,H,2024-25.csv,2026-09-03T00:14:41
ce2648568d6f1ae7deb5,E0,2024-25,2024-11-10,14:00,Nottingham Forest,Newcastle United,A Taylor,1,3,1,0,A,H,2024-25.csv,2026-09-03T00:14:41
50d5031bcb9ee8dafc39,E0,2024-25,2024-11-10,14:00,Tottenham,Ipswich,D England,1,2,0,2,A,A,2024-25.csv,2026-09-03T00:14:41
8c08e64198431df192d8,E0,2024-25,2024-11-10,16:30,Chelsea,Arsenal,M Oliver,1,1,0,0,D,D,2024-25.csv,2026-09-03T00:14:41
6a2befe2412caa4d24ef,E0,2024-25,2024-11-23,12:30,Leicester,Chelsea,A Madley,1,2,0,1,A,A,2024-25.csv,2026-09-03T00:14:41
c824ac5097ea646b3d99,E0,2024-25,2024-11-23,15:00,Arsenal,Nottingham Forest,S Hooper,3,0,1,0,H,H,2024-25.csv,2026-09-03T00:14:41
22c6085b4aab0b4df038,E0,2024-25,2024-11-23,15:00,Aston Villa,Crystal Palace,T Robinson,2,2,1,2,D,A,2024-25.csv,2026-09-03T00:14:41
6b395985e966b6a966a1,E0,2024-25,2024-11-23,15:00,Bournemouth,Brighton & Hove Albion,S Attwell,1,2,0,1,A,A,2024-25.csv,2026-09-03T00:14:41
846fed34e17fe4c6c6f8,E0,2024-25,2024-11-23,15:00,Everton,Brentford,C Kavanagh,0,0,0,0,D,D,2024-25.csv,2026-09-03T00:14:41
ed318b510a290606badd,E0,2024-25,2024-11-23,15:00,Fulham,Wolverhampton Wanderers,R Jones,1,4,1,1,A,D,2024-25.csv,2026-09-03T00:14:41
a23bdaacb7ad24b73a91,E0,2024-25,2024-11-23,17:30,Manchester City,Tottenham,J Brooks,0,4,0,2,A,A,2024-25.csv,2026-09-03T00:14:41
87ab4d723868042edf5f,E0,2024-25,2024-11-24,14:00,Southampton,Liverpool,S Barrott,2,3,1,1,A,D,2024-25.csv,2026-09-03T00:14:41
843e34d2f9be09f8e388,E0,2024-25,2024-11-24,16:30,Ipswich,Manchester United,A Taylor,1,1,1,1,D,D,2024-25.csv,2026-09-03T00:14:41
77be518dd54927edfbca,E0,2024-25,2024-11-25,20:00,Newcastle United,West Ham United,C Pawson,0,2,0,1,A,A,2024-25.csv,2026-09-03T00:14:41
1c8aeca1de557db1b45f,E0,2024-25,2024-11-29,20:00,Brighton & Hove Albion,Southampton,R Jones,1,1,1,0,D,H,2024-25.csv,2026-09-03T00:14:41
54e0029948dc74548e5e,E0,2024-25,2024-11-30,15:00,Brentford,Leicester,M Oliver,4,1,3,1,H,H,2024-25.csv,2026-09-03T00:14:41
4b31cb45c198a8c3e3ca,E0,2024-25,2024-11-30,15:00,Crystal Palace,Newcastle United,D England,1,1,0,0,D,D,2024-25.csv,2026-09-03T00:14:41
17d0fdae7aa41fdd8ab2,E0,2024-25,2024-11-30,15:00,Nottingham Forest,Ipswich,T Harrington,1,0,0,0,H,D,2024-25.csv,2026-09-03T00:14:41
1cd23a488b30c75fd8ef,E0,2024-25,2024-11-30,15:00,Wolverhampton Wanderers,Bournemouth,P Bankes,2,4,1,3,A,A,2024-25.csv,2026-09-03T00:14:41
5cca42a9cda60cdf4eec,E0,2024-25,2024-11-30,17:30,West Ham United,Arsenal,A Taylor,2,5,2,5,A,A,2024-25.csv,2026-09-03T00:14:41
6ca7af4907a2a6df0847,E0,2024-25,2024-12-01,13:30,Chelsea,Aston Villa,S Attwell,3,0,2,0,H,H,2024-25.csv,2026-09-03T00:14:41
a9fedd6aef3d2f858598,E0,2024-25,2024-12-01,13:30,Manchester United,Everton,J Brooks,4,0,2,0,H,H,2024-25.csv,2026-09-03T00:14:41
7e20b3faa75a46542b03,E0,2024-25,2024-12-01,13:30,Tottenham,Fulham,D Bond,1,1,0,0,D,D,2024-25.csv,2026-09-03T00:14:41
cbe189431fe4c44b1d94,E0,2024-25,2024-12-01,16:00,Liverpool,Manchester City,C Kavanagh,2,0,1,0,H,H,2024-25.csv,2026-09-03T00:14:41
e1f49634814e9ecaa2d7,E0,2024-25,2024-12-03,19:30,Ipswich,Crystal Palace,C Pawson,0,1,0,0,A,D,2024-25.csv,2026-09-03T00:14:41
92a53a85683e5e19d646,E0,2024-25,2024-12-03,20:15,Leicester,West Ham United,J Smith,3,1,1,0,H,H,2024-25.csv,2026-09-03T00:14:41
1c316889f59ebfe38e73,E0,2024-25,2024-12-04,19:30,Everton,Wolverhampton Wanderers,M Salisbury,4,0,2,0,H,H,2024-25.csv,2026-09-03T00:14:41
4844d38e8d9c861d892e,E0,2024-25,2024-12-04,19:30,Manchester City,Nottingham Forest,M Oliver,3,0,2,0,H,H,2024-25.csv,2026-09-03T00:14:41
b4afdd646217152ce3f9,E0,2024-25,2024-12-04,19:30,Newcastle United,Liverpool,A Madley,3,3,1,0,D,H,2024-25.csv,2026-09-03T00:14:41
08c66ef3807c02ece8f4,E0,2024-25,2024-12-04,19:30,Southampton,Chelsea,T Harrington,1,5,1,3,A,A,2024-25.csv,2026-09-03T00:14:41
366feb81e9190b85b676,E0,2024-25,2024-12-04,20:15,Arsenal,Manchester United,S Barrott,2,0,0,0,H,D,2024-25.csv,2026-09-03T00:14:41
bd0b7cac2db0991fc945,E0,2024-25,2024-12-04,20:15,Aston Villa,Brentford,L Smith,3,1,3,0,H,H,2024-25.csv,2026-09-03T00:14:41
90dd584fcfd1a8959a7d,E0,2024-25,2024-12-05,19:30,Fulham,Brighton & Hove Albion,P Bankes,3,1,1,0,H,H,2024-25.csv,2026-09-03T00:14:41
30ac66a4a327c0ea7fe9,E0,2024-25,2024-12-05,20:15,Bournemouth,Tottenham,S Hooper,1,0,1,0,H,H,2024-25.csv,2026-09-03T00:14:41
b8f89ff90f9d1ab9dda2,E0,2024-25,2024-12-07,15:00,Aston Villa,Southampton,D Bond,1,0,1,0,H,H,2024-25.csv,2026-09-03T00:14:41
456f310919e84106ec74,E0,2024-25,2024-12-07,15:00,Brentford,Newcastle United,T Robinson,4,2,2,2,H,D,2024-25.csv,2026-09-03T00:14:41
a91700170dd3ba5b62fb,E0,2024-25,2024-12-07,15:00,Crystal Palace,Manchester City,R Jones,2,2,1,1,D,D,2024-25.csv,2026-09-03T00:14:41
a30a23d6aeb7843c42b7,E0,2024-25,2024-12-07,17:30,Manchester United,Nottingham Forest,D England,2,3,1,1,A,D,2024-25.csv,2026-09-03T00:14:41
9d91f62042abc735116d,E0,2024-25,2024-12-08,14:00,Fulham,Arsenal,C Kavanagh,1,1,1,0,D,H,2024-25.csv,2026-09-03T00:14:41
bafffc82f2f6135c496d,E0,2024-25,2024-12-08,14:00,Ipswich,Bournemouth,M Salisbury,1,2,1,0,A,H,2024-25.csv,2026-09-03T00:14:41
87981082b55cf72e22ad,E0,2024-25,2024-12-08,14:00,Leicester,Brighton & Hove Albion,S Attwell,2,2,0,1,D,A,2024-25.csv,2026-09-03T00:14:41
814693be5623758dfd58,E0,2024-25,2024-12-08,16:30,Tottenham,Chelsea,A Taylor,3,4,2,1,A,H,2024-25.csv,2026-09-03T00:14:41
6642415f99250e0062f4,E0,2024-25,2024-12-09,20:00,West Ham United,Wolverhampton Wanderers,J Brooks,2,1,0,0,H,D,2024-25.csv,2026-09-03T00:14:41
103b02a9b8638534cb92,E0,2024-25,2024-12-14,15:00,Arsenal,Everton,C Pawson,0,0,0,0,D,D,2024-25.csv,2026-09-03T00:14:41
3daa19b1d87c79ce9324,E0,2024-25,2024-12-14,15:00,Liverpool,Fulham,T Harrington,2,2,0,1,D,A,2024-25.csv,2026-09-03T00:14:41
656f62d8937a32eba80d,E0,2024-25,2024-12-14,15:00,Newcastle United,Leicester,T Bramall,4,0,1,0,H,H,2024-25.csv,2026-09-03T00:14:41
ec4e8beec900d40a9244,E0,2024-25,2024-12-14,15:00,Wolverhampton Wanderers,Ipswich,S Hooper,1,2,0,1,A,A,2024-25.csv,2026-09-03T00:14:41
8eaaa2a999b72369b12c,E0,2024-25,2024-12-14,17:30,Nottingham Forest,Aston Villa,S Barrott,2,1,0,0,H,D,2024-25.csv,2026-09-03T00:14:41
1067d5c43b28958e959a,E0,2024-25,2024-12-15,14:00,Brighton & Hove Albion,Crystal Palace,M Oliver,1,3,0,2,A,A,2024-25.csv,2026-09-03T00:14:41
6caa5d49bba70d33ea9d,E0,2024-25,2024-12-15,16:30,Manchester City,Manchester United,A Taylor,1,2,1,0,A,H,2024-25.csv,2026-09-03T00:14:41
32e0d8659c3b71f3152f,E0,2024-25,2024-12-15,19:00,Chelsea,Brentford,P Bankes,2,1,1,0,H,H,2024-25.csv,2026-09-03T00:14:41
4a8993c3b418348ae621,E0,2024-25,2024-12-15,19:00,Southampton,Tottenham,D England,0,5,0,5,A,A,2024-25.csv,2026-09-03T00:14:41
8cb59017cb316d07c47a,E0,2024-25,2024-12-16,20:00,Bournemouth,West Ham United,C Kavanagh,1,1,0,0,D,D,2024-25.csv,2026-09-03T00:14:41
d066471020c8d296310d,E0,2024-25,2024-12-21,12:30,Aston Villa,Manchester City,P Bankes,2,1,1,0,H,H,2024-25.csv,2026-09-03T00:14:41
f4e38bf9778e1062dc50,E0,2024-25,2024-12-21,15:00,Brentford,Nottingham Forest,M Oliver,0,2,0,1,A,A,2024-25.csv,2026-09-03T00:14:41
d29cc403b23fdbf2ab54,E0,2024-25,2024-12-21,15:00,Ipswich,Newcastle United,S Attwell,0,4,0,3,A,A,2024-25.csv,2026-09-03T00:14:41
64fb4ce228b8dffea3dd,E0,2024-25,2024-12-21,15:00,West Ham United,Brighton & Hove Albion,R Jones,1,1,0,0,D,D,2024-25.csv,2026-09-03T00:14:41
46db46fa1ec5b14ffb55,E0,2024-25,2024-12-21,17:30,Crystal Palace,Arsenal,S Hooper,1,5,1,3,A,A,2024-25.csv,2026-09-03T00:14:41
7658939b831e6113bab0,E0,2024-25,2024-12-22,14:00,Everton,Chelsea,C Kavanagh,0,0,0,0,D,D,2024-25.csv,2026-09-03T00:14:41
eb3b67b5666f5f159cf8,E0,2024-25,2024-12-22,14:00,Fulham,Southampton,T Robinson,0,0,0,0,D,D,2024-25.csv,2026-09-03T00:14:41
6b9c9f8fb9c6d86d30f9,E0,2024-25,2024-12-22,14:00,Leicester,Wolverhampton Wanderers,A Taylor,0,3,0,3,A,A,2024-25.csv,2026-09-03T00:14:41
d22e35bb6126a5a82e19,E0,2024-25,2024-12-22,14:00,Manchester United,Bournemouth,C Pawson,0,3,0,1,A,A,2024-25.csv,2026-09-03T00:14:41
ac2d3a7c41ff9a37d02b,E0,2024-25,2024-12-22,16:30,Tottenham,Liverpool,S Barrott,3,6,1,3,A,A,2024-25.csv,2026-09-03T00:14:41
cb99d680c73b30395d8e,E0,2024-25,2024-12-26,12:30,Manchester City,Everton,S Hooper,1,1,1,1,D,D,2024-25.csv,2026-09-03T00:14:41
ec68da85306f60919e74,E0,2024-25,2024-12-26,15:00,Bournemouth,Crystal Palace,T Bramall,0,0,0,0,D,D,2024-25.csv,2026-09-03T00:14:41
747423896338f54d44f9,E0,2024-25,2024-12-26,15:00,Chelsea,Fulham,S Barrott,1,2,1,0,A,H,2024-25.csv,2026-09-03T00:14:41
974646ea68579c5d9e19,E0,2024-25,2024-12-26,15:00,Newcastle United,Aston Villa,A Taylor,3,0,1,0,H,H,2024-25.csv,2026-09-03T00:14:41
ac44f46bb23bb3ec6a6c,E0,2024-25,2024-12-26,15:00,Nottingham Forest,Tottenham,C Pawson,1,0,1,0,H,H,2024-25.csv,2026-09-03T00:14:41
047554d353cbf958c798,E0,2024-25,2024-12-26,15:00,Southampton,West Ham United,L Smith,0,1,0,0,A,D,2024-25.csv,2026-09-03T00:14:41
ffe8b88d4326726b33ff,E0,2024-25,2024-12-26,17:30,Wolverhampton Wanderers,Manchester United,T Harrington,2,0,0,0,H,D,2024-25.csv,2026-09-03T00:14:41
79fa3edb59914d958b1e,E0,2024-25,2024-12-26,20:00,Liverpool,Leicester,D Bond,3,1,1,1,H,D,2024-25.csv,2026-09-03T00:14:41
561a54ebf34dc9b1d56f,E0,2024-25,2024-12-27,19:30,Brighton & Hove Albion,Brentford,A Madley,0,0,0,0,D,D,2024-25.csv,2026-09-03T00:14:41
d258fb22c900c39e641f,E0,2024-25,2024-12-27,20:15,Arsenal,Ipswich,D England,1,0,1,0,H,H,2024-25.csv,2026-09-03T00:14:41
bb6be406e35f3deb4033,E0,2024-25,2024-12-29,14:30,Leicester,Manchester City,M Oliver,0,2,0,1,A,A,2024-25.csv,2026-09-03T00:14:41
9b25210013baf99ab905,E0,2024-25,2024-12-29,15:00,Crystal Palace,Southampton,M Salisbury,2,1,1,1,H,D,2024-25.csv,2026-09-03T00:14:41
a6cccdbafa154d272832,E0,2024-25,2024-12-29,15:00,Everton,Nottingham Forest,T Harrington,0,2,0,1,A,A,2024-25.csv,2026-09-03T00:14:41
2bd4fd4afccc7249b967,E0,2024-25,2024-12-29,15:00,Fulham,Bournemouth,R Jones,2,2,1,0,D,H,2024-25.csv,2026-09-03T00:14:41
38d243a580bec22fdffe,E0,2024-25,2024-12-29,15:00,Tottenham,Wolverhampton Wanderers,C Kavanagh,2,2,2,1,D,H,2024-25.csv,2026-09-03T00:14:41
987775d8bf817c73f3f4,E0,2024-25,2024-12-29,17:15,West Ham United,Liverpool,A Taylor,0,5,0,3,A,A,2024-25.csv,2026-09-03T00:14:41
7804ce50ce2f5b4d2955,E0,2024-25,2024-12-30,19:45,Aston Villa,Brighton & Hove Albion,C Pawson,2,2,1,1,D,D,2024-25.csv,2026-09-03T00:14:41
1c89d5192471b7d62b57,E0,2024-25,2024-12-30,19:45,Ipswich,Chelsea,J Brooks,2,0,1,0,H,H,2024-25.csv,2026-09-03T00:14:41
4f9cba2c155fff6dd789,E0,2024-25,2024-12-30,20:00,Manchester United,Newcastle United,S Hooper,0,2,0,2,A,A,2024-25.csv,2026-09-03T00:14:41
289c271282f4768a0d4a,E0,2024-25,2025-01-01,17:30,Brentford,Arsenal,P Bankes,1,3,1,1,A,D,2024-25.csv,2026-09-03T00:14:41
326d7127bba4a503ba15,E0,2024-25,2025-01-04,12:30,Tottenham,Newcastle United,A Madley,1,2,1,2,A,A,2024-25.csv,2026-09-03T00:14:41
cdb45ddd3e45b5e2c64a,E0,2024-25,2025-01-04,15:00,Aston Villa,Leicester,J Gillett,2,1,0,0,H,D,2024-25.csv,2026-09-03T00:14:41
25b253d7cadc9a3d290d,E0,2024-25,2025-01-04,15:00,Bournemouth,Everton,J Brooks,1,0,0,0,H,D,2024-25.csv,2026-09-03T00:14:41
567deab140456f00f599,E0,2024-25,2025-01-04,15:00,Crystal Palace,Chelsea,T Robinson,1,1,0,1,D,A,2024-25.csv,2026-09-03T00:14:41
13afa4ae3e5c1ed73219,E0,2024-25,2025-01-04,15:00,Manchester City,West Ham United,M Salisbury,4,1,2,0,H,H,2024-25.csv,2026-09-03T00:14:41
470dc58ac40c4251c387,E0,2024-25,2025-01-04,15:00,Southampton,Brentford,S Attwell,0,5,0,1,A,A,2024-25.csv,2026-09-03T00:14:41
4414464725687b6cc06f,E0,2024-25,2025-01-04,17:30,Brighton & Hove Albion,Arsenal,A Taylor,1,1,0,1,D,A,2024-25.csv,2026-09-03T00:14:41
97a0ba6380d5af3546fa,E0,2024-25,2025-01-05,14:00,Fulham,Ipswich,D Bond,2,2,0,1,D,A,2024-25.csv,2026-09-03T00:14:41
05f21f39fc820865a17e,E0,2024-25,2025-01-05,16:30,Liverpool,Manchester United,M Oliver,2,2,0,0,D,D,2024-25.csv,2026-09-03T00:14:41
1a440980fd4ee8a12482,E0,2024-25,2025-01-06,20:00,Wolverhampton Wanderers,Nottingham Forest,P Bankes,0,3,0,2,A,A,2024-25.csv,2026-09-03T00:14:41
8bedeefaf5d6e80db912,E0,2024-25,2025-01-14,19:30,Brentford,Manchester City,A Taylor,2,2,0,0,D,D,2024-25.csv,2026-09-03T00:14:41
ad469a9572c4ff928c85,E0,2024-25,2025-01-14,19:30,Chelsea,Bournemouth,R Jones,2,2,1,0,D,H,2024-25.csv,2026-09-03T00:14:41
8a46fa971fdb9bd863c5,E0,2024-25,2025-01-14,19:30,West Ham United,Fulham,C Pawson,3,2,2,0,H,H,2024-25.csv,2026-09-03T00:14:41
ac23fb6fab3738a6a446,E0,2024-25,2025-01-14,20:00,Nottingham Forest,Liverpool,C Kavanagh,1,1,1,0,D,H,2024-25.csv,2026-09-03T00:14:41
391f532159e7d96c59b6,E0,2024-25,2025-01-15,19:30,Everton,Aston Villa,S Barrott,0,1,0,0,A,D,2024-25.csv,2026-09-03T00:14:41
1cc1e9abf996038d55ec,E0,2024-25,2025-01-15,19:30,Leicester,Crystal Palace,A Madley,0,2,0,0,A,D,2024-25.csv,2026-09-03T00:14:41
df29d758c0d3bfce6ecf,E0,2024-25,2025-01-15,19:30,Newcastle United,Wolverhampton Wanderers,D England,3,0,1,0,H,H,2024-25.csv,2026-09-03T00:14:41
9e91c587ed6d1aad2a75,E0,2024-25,2025-01-15,20:00,Arsenal,Tottenham,S Hooper,2,1,2,1,H,H,2024-25.csv,2026-09-03T00:14:41
d57b0a99b201677ef382,E0,2024-25,2025-01-16,19:30,Ipswich,Brighton & Hove Albion,T Harrington,0,2,0,0,A,D,2024-25.csv,2026-09-03T00:14:41
79ac2ac5d37cf9701560,E0,2024-25,2025-01-16,20:00,Manchester United,Southampton,J Brooks,3,1,0,1,H,A,2024-25.csv,2026-09-03T00:14:41
7ac62d6421a0ed0d2cfa,E0,2024-25,2025-01-18,12:30,Newcastle United,Bournemouth,S Attwell,1,4,1,2,A,A,2024-25.csv,2026-09-03T00:14:41
fe8053def36f8ad887c6,E0,2024-25,2025-01-18,15:00,Brentford,Liverpool,A Madley,0,2,0,0,A,D,2024-25.csv,2026-09-03T00:14:41
9fc36f57de1554ef79f6,E0,2024-25,2025-01-18,15:00,Leicester,Fulham,M Salisbury,0,2,0,0,A,D,2024-25.csv,2026-09-03T00:14:41
4e4c52c96bffa54bd2bb,E0,2024-25,2025-01-18,15:00,West Ham United,Crystal Palace,T Bramall,0,2,0,0,A,D,2024-25.csv,2026-09-03T00:14:41
9a5089f65023df089e57,E0,2024-25,2025-01-18,17:30,Arsenal,Aston Villa,C Kavanagh,2,2,1,0,D,H,2024-25.csv,2026-09-03T00:14:41
6bf45df904910eda79c9,E0,2024-25,2025-01-19,14:00,Everton,Tottenham,D England,3,2,3,0,H,H,2024-25.csv,2026-09-03T00:14:41
745f0018a6cb843f9bfa,E0,2024-25,2025-01-19,14:00,Manchester United,Brighton & Hove Albion,P Bankes,1,3,1,1,A,D,2024-25.csv,2026-09-03T00:14:41
9b210d64c16b201fff5b,E0,2024-25,2025-01-19,14:00,Nottingham Forest,Southampton,A Taylor,3,2,3,0,H,H,2024-25.csv,2026-09-03T00:14:41
6797376b42db691daf9a,E0,2024-25,2025-01-19,16:30,Ipswich,Manchester City,S Barrott,0,6,0,3,A,A,2024-25.csv,2026-09-03T00:14:41
0f6411017486dc05c6b9,E0,2024-25,2025-01-20,20:00,Chelsea,Wolverhampton Wanderers,S Hooper,3,1,1,1,H,D,2024-25.csv,2026-09-03T00:14:41
ac21cd8acdadf7b65840,E0,2024-25,2025-01-25,15:00,Bournemouth,Nottingham Forest,C Pawson,5,0,1,0,H,H,2024-25.csv,2026-09-03T00:14:41
5f6ceddf5cf98bee6df1,E0,2024-25,2025-01-25,15:00,Brighton & Hove Albion,Everton,T Robinson,0,1,0,1,A,A,2024-25.csv,2026-09-03T00:14:41
712cc8fbb56f1eda64d4,E0,2024-25,2025-01-25,15:00,Liverpool,Ipswich,M Salisbury,4,1,3,0,H,H,2024-25.csv,2026-09-03T00:14:41
f54973d2c7a88d7c5421,E0,2024-25,2025-01-25,15:00,Southampton,Newcastle United,S Barrott,1,3,1,2,A,A,2024-25.csv,2026-09-03T00:14:41
f3423752d4535b86831f,E0,2024-25,2025-01-25,15:00,Wolverhampton Wanderers,Arsenal,M Oliver,0,1,0,0,A,D,2024-25.csv,2026-09-03T00:14:41
d78d30f9021e9b579c0b,E0,2024-25,2025-01-25,17:30,Manchester City,Chelsea,J Brooks,3,1,1,1,H,D,2024-25.csv,2026-09-03T00:14:41
5de9f5fc43e6f08d2762,E0,2024-25,2025-01-26,14:00,Crystal Palace,Brentford,T Harrington,1,2,0,0,A,D,2024-25.csv,2026-09-03T00:14:41
b733bdb688e7157b9173,E0,2024-25,2025-01-26,14:00,Tottenham,Leicester,R Jones,1,2,1,0,A,H,2024-25.csv,2026-09-03T00:14:41
0b042698543fba3baa8b,E0,2024-25,2025-01-26,16:30,Aston Villa,West Ham United,P Bankes,1,1,1,0,D,H,2024-25.csv,2026-09-03T00:14:41
433cab5f11ea07db13fd,E0,2024-25,2025-01-26,19:00,Fulham,Manchester United,A Taylor,0,1,0,0,A,D,2024-25.csv,2026-09-03T00:14:41
8570e5efd70c9cdedef0,E0,2024-25,2025-02-01,12:30,Nottingham Forest,Brighton & Hove Albion,S Hooper,7,0,3,0,H,H,2024-25.csv,2026-09-03T00:14:41
f9f4efaec7ae2579aa3e,E0,2024-25,2025-02-01,15:00,Bournemouth,Liverpool,D England,0,2,0,1,A,A,2024-25.csv,2026-09-03T00:14:41
659e2d3499aea87a19ff,E0,2024-25,2025-02-01,15:00,Everton,Leicester,D Bond,4,0,3,0,H,H,2024-25.csv,2026-09-03T00:14:41
8f364d05ab0294b3e07e,E0,2024-25,2025-02-01,15:00,Ipswich,Southampton,M Oliver,1,2,1,1,A,D,2024-25.csv,2026-09-03T00:14:41
0f1fb6bfb45397446372,E0,2024-25,2025-02-01,15:00,Newcastle United,Fulham,C Kavanagh,1,2,1,0,A,H,2024-25.csv,2026-09-03T00:14:41
2b95e6a01c5e16434d13,E0,2024-25,2025-02-01,17:30,Wolverhampton Wanderers,Aston Villa,A Madley,2,0,1,0,H,H,2024-25.csv,2026-09-03T00:14:41
870d020839899d8405da,E0,2024-25,2025-02-02,14:00,Brentford,Tottenham,J Gillett,0,2,0,1,A,A,2024-25.csv,2026-09-03T00:14:41
4abb421b026e2452bf40,E0,2024-25,2025-02-02,14:00,Manchester United,Crystal Palace,J Brooks,0,2,0,0,A,D,2024-25.csv,2026-09-03T00:14:41
f2d47a587223227036ef,E0,2024-25,2025-02-02,16:30,Arsenal,Manchester City,P Bankes,5,1,1,0,H,H,2024-25.csv,2026-09-03T00:14:41
3af7a65e3052f96981a8,E0,2024-25,2025-02-03,20:00,Chelsea,West Ham United,S Attwell,2,1,0,1,H,A,2024-25.csv,2026-09-03T00:14:41
b98ade36f0a67d9d3e81,E0,2024-25,2025-02-12,19:30,Everton,Liverpool,M Oliver,2,2,1,1,D,D,2024-25.csv,2026-09-03T00:14:41
39bf6cc1e9fb89758456,E0,2024-25,2025-02-14,20:00,Brighton & Hove Albion,Chelsea,K Kavanagh,3,0,2,0,H,H,2024-25.csv,2026-09-03T00:14:41
f39ed7f396b6ea51f6e7,E0,2024-25,2025-02-15,12:30,Leicester,Arsenal,S Barrott,0,2,0,0,A,D,2024-25.csv,2026-09-03T00:14:41
40272d27158319ed1392,E0,2024-25,2025-02-15,15:00,Aston Villa,Ipswich,R Jones,1,1,0,0,D,D,2024-25.csv,2026-09-03T00:14:41
3e07cfe8dd75d7c0b36f,E0,2024-25,2025-02-15,15:00,Fulham,Nottingham Forest,T Bramall,2,1,1,1,H,D,2024-25.csv,2026-09-03T00:14:41
cf1decfb6f8cd529b5c4,E0,2024-25,2025-02-15,15:00,Manchester City,Newcastle United,A Madley,4,0,3,0,H,H,2024-25.csv,2026-09-03T00:14:41
973cb778bcea1ebf316a,E0,2024-25,2025-02-15,15:00,Southampton,Bournemouth,J Gillett,1,3,0,2,A,A,2024-25.csv,2026-09-03T00:14:41
5456c40fe06bc5e7dacc,E0,2024-25,2025-02-15,15:00,West Ham United,Brentford,D England,0,1,0,1,A,A,2024-25.csv,2026-09-03T00:14:41
8d4b1b3352f3a7cc1909,E0,2024-25,2025-02-15,17:30,Crystal Palace,Everton,A Taylor,1,2,0,1,A,A,2024-25.csv,2026-09-03T00:14:41
6af160b29e08cf1cdd03,E0,2024-25,2025-02-16,14:00,Liverpool,Wolverhampton Wanderers,S Hooper,2,1,2,0,H,H,2024-25.csv,2026-09-03T00:14:41
fe677c72d2b0c0548c55,E0,2024-25,2025-02-16,16:30,Tottenham,Manchester United,P Bankes,1,0,1,0,H,H,2024-25.csv,2026-09-03T00:14:41
cb04b6f36a90f2def0cb,E0,2024-25,2025-02-19,19:30,Aston Villa,Liverpool,C Pawson,2,2,2,1,D,H,2024-25.csv,2026-09-03T00:14:41
12b297cb3f99dfcdcf21,E0,2024-25,2025-02-21,20:00,Leicester,Brentford,T Harrington,0,4,0,3,A,A,2024-25.csv,2026-09-03T00:14:41
6f13a59b49ded5abc9ab,E0,2024-25,2025-02-22,12:30,Everton,Manchester United,A Madley,2,2,2,0,D,H,2024-25.csv,2026-09-03T00:14:41
36399cc53d11c10cfce5,E0,2024-25,2025-02-22,15:00,Arsenal,West Ham United,C Pawson,0,1,0,1,A,A,2024-25.csv,2026-09-03T00:14:41
c0637de2814ecd1310ed,E0,2024-25,2025-02-22,15:00,Bournemouth,Wolverhampton Wanderers,M Salisbury,0,1,0,1,A,A,2024-25.csv,2026-09-03T00:14:41
2550264aa916f39e18f2,E0,2024-25,2025-02-22,15:00,Fulham,Crystal Palace,R Jones,0,2,0,1,A,A,2024-25.csv,2026-09-03T00:14:41
c0c589a2b7e8c2d5f8e5,E0,2024-25,2025-02-22,15:00,Ipswich,Tottenham,T Robinson,1,4,1,2,A,A,2024-25.csv,2026-09-03T00:14:41
0a96d26895206cc0fef3,E0,2024-25,2025-02-22,15:00,Southampton,Brighton & Hove Albion,D Bond,0,4,0,1,A,A,2024-25.csv,2026-09-03T00:14:41
e990e67be559bcd67895,E0,2024-25,2025-02-22,17:30,Aston Villa,Chelsea,M Oliver,2,1,0,1,H,A,2024-25.csv,2026-09-03T00:14:41
1e29ec3c7f3b3936f340,E0,2024-25,2025-02-23,14:00,Newcastle United,Nottingham Forest,J Gillett,4,3,4,1,H,H,2024-25.csv,2026-09-03T00:14:41
893783e9e9efa35687da,E0,2024-25,2025-02-23,16:30,Manchester City,Liverpool,A Taylor,0,2,0,2,A,A,2024-25.csv,2026-09-03T00:14:41
59d8d8808e7a60471585,E0,2024-25,2025-02-25,19:30,Brighton & Hove Albion,Bournemouth,M Oliver,2,1,1,0,H,H,2024-25.csv,2026-09-03T00:14:41
850564044cb5dc7c7f4f,E0,2024-25,2025-02-25,19:30,Crystal Palace,Aston Villa,S Barrott,4,1,1,0,H,H,2024-25.csv,2026-09-03T00:14:41
5b21a1984351fe314b22,E0,2024-25,2025-02-25,19:30,Wolverhampton Wanderers,Fulham,P Bankes,1,2,1,1,A,D,2024-25.csv,2026-09-03T00:14:41
d1e0245b680bd04e9d89,E0,2024-25,2025-02-25,20:15,Chelsea,Southampton,T Bramall,4,0,3,0,H,H,2024-25.csv,2026-09-03T00:14:41
0065d8e025db6a515e61,E0,2024-25,2025-02-26,19:30,Brentford,Everton,S Hooper,1,1,1,0,D,H,2024-25.csv,2026-09-03T00:14:41
4ca3a316433a04fd023e,E0,2024-25,2025-02-26,19:30,Manchester United,Ipswich,D England,3,2,2,2,H,D,2024-25.csv,2026-09-03T00:14:41
9e05757f039c2e578fd5,E0,2024-25,2025-02-26,19:30,Nottingham Forest,Arsenal,A Madley,0,0,0,0,D,D,2024-25.csv,2026-09-03T00:14:41
83d08e092a4018ea519c,E0,2024-25,2025-02-26,19:30,Tottenham,Manchester City,J Gillett,0,1,0,1,A,A,2024-25.csv,2026-09-03T00:14:41
15adbd147343bf0f6cb1,E0,2024-25,2025-02-26,20:15,Liverpool,Newcastle United,C Kavanagh,2,0,1,0,H,H,2024-25.csv,2026-09-03T00:14:41
5b11f7dcd320378d7a31,E0,2024-25,2025-02-27,20:00,West Ham United,Leicester,S Attwell,2,0,2,0,H,H,2024-25.csv,2026-09-03T00:14:41
f972e096278b5ade1aba,E0,2024-25,2025-03-08,12:30,Nottingham Forest,Manchester City,C Kavanagh,1,0,0,0,H,D,2024-25.csv,2026-09-03T00:14:41
96b5795a0186264f1aef,E0,2024-25,2025-03-08,15:00,Brighton & Hove Albion,Fulham,S Barrott,2,1,1,1,H,D,2024-25.csv,2026-09-03T00:14:41
3c512ba90ad1af15ca54,E0,2024-25,2025-03-08,15:00,Crystal Palace,Ipswich,S Hooper,1,0,0,0,H,D,2024-25.csv,2026-09-03T00:14:41
814f86354ef1bc566aec,E0,2024-25,2025-03-08,15:00,Liverpool,Southampton,L Smith,3,1,0,1,H,A,2024-25.csv,2026-09-03T00:14:41
811f37e87bb3ff9c6e5d,E0,2024-25,2025-03-08,17:30,Brentford,Aston Villa,J Gillett,0,1,0,0,A,D,2024-25.csv,2026-09-03T00:14:41
492b55e6328d0ef90a29,E0,2024-25,2025-03-08,20:00,Wolverhampton Wanderers,Everton,S Attwell,1,1,1,1,D,D,2024-25.csv,2026-09-03T00:14:41
55b7db40f30ef7a37200,E0,2024-25,2025-03-09,14:00,Chelsea,Leicester,T Robinson,1,0,0,0,H,D,2024-25.csv,2026-09-03T00:14:41
0f40addffe30839d2464,E0,2024-25,2025-03-09,14:00,Tottenham,Bournemouth,J Brooks,2,2,0,1,D,A,2024-25.csv,2026-09-03T00:14:41
516c0de6028a40405999,E0,2024-25,2025-03-09,16:30,Manchester United,Arsenal,A Taylor,1,1,1,0,D,H,2024-25.csv,2026-09-03T00:14:41
0d70e4615c4ef30f4023,E0,2024-25,2025-03-10,20:00,West Ham United,Newcastle United,M Salisbury,0,1,0,0,A,D,2024-25.csv,2026-09-03T00:14:41
8ccad75a6effb3bfe628,E0,2024-25,2025-03-15,15:00,Everton,West Ham United,D Bond,1,1,0,0,D,D,2024-25.csv,2026-09-03T00:14:41
eaf24b45194c0e2d0c55,E0,2024-25,2025-03-15,15:00,Ipswich,Nottingham Forest,M Salisbury,2,4,0,3,A,A,2024-25.csv,2026-09-03T00:14:41
e0a957f97d244a2af43d,E0,2024-25,2025-03-15,15:00,Manchester City,Brighton & Hove Albion,S Hooper,2,2,2,1,D,H,2024-25.csv,2026-09-03T00:14:41
3a5afb1d2351758d38b2,E0,2024-25,2025-03-15,15:00,Southampton,Wolverhampton Wanderers,R Jones,1,2,0,1,A,A,2024-25.csv,2026-09-03T00:14:41
fa0ad98f46a8222fbc63,E0,2024-25,2025-03-15,17:30,Bournemouth,Brentford,C Pawson,1,2,1,1,A,D,2024-25.csv,2026-09-03T00:14:41
40adf861f2ca0eebfcbc,E0,2024-25,2025-03-16,13:30,Arsenal,Chelsea,C Kavanagh,1,0,1,0,H,H,2024-25.csv,2026-09-03T00:14:41
e2f534196f4b8c7cce74,E0,2024-25,2025-03-16,13:30,Fulham,Tottenham,A Madley,2,0,0,0,H,D,2024-25.csv,2026-09-03T00:14:41
7f6c9d63bdd0715476c7,E0,2024-25,2025-03-16,19:00,Leicester,Manchester United,T Bramall,0,3,0,1,A,A,2024-25.csv,2026-09-03T00:14:41
1c051feb086d745cac26,E0,2024-25,2025-04-01,19:45,Arsenal,Fulham,J Brooks,2,1,1,0,H,H,2024-25.csv,2026-09-03T00:14:41
c5aeb8d3348985d00464,E0,2024-25,2025-04-01,19:45,Wolverhampton Wanderers,West Ham United,T Harrington,1,0,1,0,H,H,2024-25.csv,2026-09-03T00:14:41
71ee351f86c6fe662433,E0,2024-25,2025-04-01,20:00,Nottingham Forest,Manchester United,J Gillett,1,0,1,0,H,H,2024-25.csv,2026-09-03T00:14:41
465230139add89da44d0,E0,2024-25,2025-04-02,19:45,Bournemouth,Ipswich,R Jones,1,2,0,1,A,A,2024-25.csv,2026-09-03T00:14:41
7c2787f256bcf380dc04,E0,2024-25,2025-04-02,19:45,Brighton & Hove Albion,Aston Villa,S Attwell,0,3,0,0,A,D,2024-25.csv,2026-09-03T00:14:41
4a3a1d69299d67d57607,E0,2024-25,2025-04-02,19:45,Manchester City,Leicester,D England,2,0,2,0,H,H,2024-25.csv,2026-09-03T00:14:41
e955f346ef7c05c3beff,E0,2024-25,2025-04-02,19:45,Newcastle United,Brentford,P Bankes,2,1,1,0,H,H,2024-25.csv,2026-09-03T00:14:41
1b24b4a4a9a35a37df6d,E0,2024-25,2025-04-02,19:45,Southampton,Crystal Palace,A Madley,1,1,1,0,D,H,2024-25.csv,2026-09-03T00:14:41
a69d9cc1d234dbeb0a8e,E0,2024-25,2025-04-02,20:00,Liverpool,Everton,S Barrott,1,0,0,0,H,D,2024-25.csv,2026-09-03T00:14:41
c24ee2c5b7c108d178ff,E0,2024-25,2025-04-03,20:00,Chelsea,Tottenham,C Pawson,1,0,0,0,H,D,2024-25.csv,2026-09-03T00:14:41
30a0c4d950bb49f63a20,E0,2024-25,2025-04-05,12:30,Everton,Arsenal,D England,1,1,0,1,D,A,2024-25.csv,2026-09-03T00:14:41
c21dbc9f2e79d23207ed,E0,2024-25,2025-04-05,15:00,Crystal Palace,Brighton & Hove Albion,A Taylor,2,1,1,1,H,D,2024-25.csv,2026-09-03T00:14:41
4e4d370bec4f503924e8,E0,2024-25,2025-04-05,15:00,Ipswich,Wolverhampton Wanderers,P Bankes,1,2,1,0,A,H,2024-25.csv,2026-09-03T00:14:41
5942ab71f8d8409bfe57,E0,2024-25,2025-04-05,15:00,West Ham United,Bournemouth,T Robinson,2,2,0,1,D,A,2024-25.csv,2026-09-03T00:14:41
bfd7a5e741155349f498,E0,2024-25,2025-04-05,17:30,Aston Villa,Nottingham Forest,S Hooper,2,1,2,0,H,H,2024-25.csv,2026-09-03T00:14:41
12348e5b970f198f8ed7,E0,2024-25,2025-04-06,14:00,Brentford,Chelsea,M Oliver,0,0,0,0,D,D,2024-25.csv,2026-09-03T00:14:41
66745bbf49d7d8060b2a,E0,2024-25,2025-04-06,14:00,Fulham,Liverpool,C Kavanagh,3,2,3,1,H,H,2024-25.csv,2026-09-03T00:14:41
95a6a18dca861905898e,E0,2024-25,2025-04-06,14:00,Tottenham,Southampton,M Salisbury,3,1,2,0,H,H,2024-25.csv,2026-09-03T00:14:41
f23480af2b86bb1b909b,E0,2024-25,2025-04-06,16:30,Manchester United,Manchester City,J Brooks,0,0,0,0,D,D,2024-25.csv,2026-09-03T00:14:41
f68c131c9d4a35fdbdf5,E0,2024-25,2025-04-07,20:00,Leicester,Newcastle United,R Jones,0,3,0,3,A,A,2024-25.csv,2026-09-03T00:14:41
58bbd2c2f6b3e4a74e20,E0,2024-25,2025-04-12,12:30,Manchester City,Crystal Palace,J Gillett,5,2,2,2,H,D,2024-25.csv,2026-09-03T00:14:41
15660a362eefdc7798f5,E0,2024-25,2025-04-12,15:00,Brighton & Hove Albion,Leicester,D Bond,2,2,1,1,D,D,2024-25.csv,2026-09-03T00:14:41
8307137a21f814c6d212,E0,2024-25,2025-04-12,15:00,Nottingham Forest,Everton,C Pawson,0,1,0,0,A,D,2024-25.csv,2026-09-03T00:14:41
bd949c137f35d5786fe7,E0,2024-25,2025-04-12,15:00,Southampton,Aston Villa,T Bramall,0,3,0,0,A,D,2024-25.csv,2026-09-03T00:14:41
a608e882f5ff8fa49982,E0,2024-25,2025-04-12,17:30,Arsenal,Brentford,S Hooper,1,1,0,0,D,D,2024-25.csv,2026-09-03T00:14:41
f7be52f6fac82d1590a6,E0,2024-25,2025-04-13,14:00,Chelsea,Ipswich,S Attwell,2,2,0,2,D,A,2024-25.csv,2026-09-03T00:14:41
228006295a08042d77a3,E0,2024-25,2025-04-13,14:00,Liverpool,West Ham United,A Madley,2,1,1,0,H,H,2024-25.csv,2026-09-03T00:14:41
a3c033d881ebfc3fe78d,E0,2024-25,2025-04-13,14:00,Wolverhampton Wanderers,Tottenham,A Taylor,4,2,2,0,H,H,2024-25.csv,2026-09-03T00:14:41
ff9f29ca53e8ebe3309b,E0,2024-25,2025-04-13,16:30,Newcastle United,Manchester United,C Kavanagh,4,1,1,1,H,D,2024-25.csv,2026-09-03T00:14:41
776ed6d2730307f231fd,E0,2024-25,2025-04-14,20:00,Bournemouth,Fulham,O Oliver,1,0,1,0,H,H,2024-25.csv,2026-09-03T00:14:41
1fa7784000feb5993730,E0,2024-25,2025-04-16,19:30,Newcastle United,Crystal Palace,D England,5,0,4,0,H,H,2024-25.csv,2026-09-03T00:14:41
96d2e697709fc9d2ee20,E0,2024-25,2025-04-19,15:00,Brentford,Brighton & Hove Albion,T Robinson,4,2,1,1,H,D,2024-25.csv,2026-09-03T00:14:41
0365367e7679593889ca,E0,2024-25,2025-04-19,15:00,Crystal Palace,Bournemouth,S Barrott,0,0,0,0,D,D,2024-25.csv,2026-09-03T00:14:41
0d962805963ff0423ed0,E0,2024-25,2025-04-19,15:00,Everton,Manchester City,S Hooper,0,2,0,0,A,D,2024-25.csv,2026-09-03T00:14:41
5ae005ada43097a03505,E0,2024-25,2025-04-19,15:00,West Ham United,Southampton,A Kitchen,1,1,0,0,D,D,2024-25.csv,2026-09-03T00:14:41
cfa104a47e1e8aa6f177,E0,2024-25,2025-04-19,17:30,Aston Villa,Newcastle United,J Gillett,4,1,1,1,H,D,2024-25.csv,2026-09-03T00:14:41
4b8876d7d12dab80d41f,E0,2024-25,2025-04-20,14:00,Fulham,Chelsea,A Taylor,1,2,1,0,A,H,2024-25.csv,2026-09-03T00:14:41
f5a1300243bc1a2b224f,E0,2024-25,2025-04-20,14:00,Ipswich,Arsenal,C Kavanagh,0,4,0,2,A,A,2024-25.csv,2026-09-03T00:14:41
5ca56c3d9972454d6162,E0,2024-25,2025-04-20,14:00,Manchester United,Wolverhampton Wanderers,R Jones,0,1,0,0,A,D,2024-25.csv,2026-09-03T00:14:41
33afc239ca752bd3e8c0,E0,2024-25,2025-04-20,16:30,Leicester,Liverpool,S Attwell,0,1,0,0,A,D,2024-25.csv,2026-09-03T00:14:41
529149a817e4c1386a71,E0,2024-25,2025-04-21,20:00,Tottenham,Nottingham Forest,P Bankes,1,2,0,2,A,A,2024-25.csv,2026-09-03T00:14:41
6e1aa2a4d7b78f7d481d,E0,2024-25,2025-04-22,20:00,Manchester City,Aston Villa,C Pawson,2,1,1,1,H,D,2024-25.csv,2026-09-03T00:14:41
4c70adeb9654c2c335c5,E0,2024-25,2025-04-23,20:00,Arsenal,Crystal Palace,M Salisbury,2,2,2,1,D,H,2024-25.csv,2026-09-03T00:14:41
77ad6207d1c3cb1320dd,E0,2024-25,2025-04-26,12:30,Chelsea,Everton,C Kavanagh,1,0,1,0,H,H,2024-25.csv,2026-09-03T00:14:41
71b1c8ff2b598bd25e25,E0,2024-25,2025-04-26,15:00,Brighton & Hove Albion,West Ham United,D England,3,2,1,0,H,H,2024-25.csv,2026-09-03T00:14:41
b84182aeabe8d380e37a,E0,2024-25,2025-04-26,15:00,Newcastle United,Ipswich,M Salisbury,3,0,1,0,H,H,2024-25.csv,2026-09-03T00:14:41
55e82d44e00c061b5fe7,E0,2024-25,2025-04-26,15:00,Southampton,Fulham,T Harrington,1,2,1,0,A,H,2024-25.csv,2026-09-03T00:14:41
7f0193db29a854b0deef,E0,2024-25,2025-04-26,15:00,Wolverhampton Wanderers,Leicester,S Barrott,3,0,1,0,H,H,2024-25.csv,2026-09-03T00:14:41
beec82698db68a88d05f,E0,2024-25,2025-04-27,14:00,Bournemouth,Manchester United,P Bankes,1,1,1,0,D,H,2024-25.csv,2026-09-03T00:14:41
d86d2f05dcc2e9201238,E0,2024-25,2025-04-27,16:30,Liverpool,Tottenham,T Bramall,5,1,3,1,H,H,2024-25.csv,2026-09-03T00:14:41
a955a978cde7096baf67,E0,2024-25,2025-05-01,19:30,Nottingham Forest,Brentford,D England,0,2,0,1,A,A,2024-25.csv,2026-09-03T00:14:41
95b39f526986307c2ec8,E0,2024-25,2025-05-02,20:00,Manchester City,Wolverhampton Wanderers,P Bankes,1,0,1,0,H,H,2024-25.csv,2026-09-03T00:14:41
aeaffc99a49c105d1268,E0,2024-25,2025-05-03,12:30,Aston Villa,Fulham,R Jones,1,0,1,0,H,H,2024-25.csv,2026-09-03T00:14:41
cde56882ed86806f66c5,E0,2024-25,2025-05-03,15:00,Everton,Ipswich,L Smith,2,2,2,1,D,H,2024-25.csv,2026-09-03T00:14:41
0c471aec605dd3c07287,E0,2024-25,2025-05-03,15:00,Leicester,Southampton,D Webb,2,0,2,0,H,H,2024-25.csv,2026-09-03T00:14:41
6c19453db5a5668145fc,E0,2024-25,2025-05-03,17:30,Arsenal,Bournemouth,J Gillett,1,2,1,0,A,H,2024-25.csv,2026-09-03T00:14:41
043067b9c89c5fe9b6e4,E0,2024-25,2025-05-04,14:00,Brentford,Manchester United,A Taylor,4,3,2,1,H,H,2024-25.csv,2026-09-03T00:14:41
c7354098cb25de605b94,E0,2024-25,2025-05-04,14:00,Brighton & Hove Albion,Newcastle United,C Pawson,1,1,1,0,D,H,2024-25.csv,2026-09-03T00:14:41
8c406e8dbd638cebdf91,E0,2024-25,2025-05-04,14:00,West Ham United,Tottenham,M Oliver,1,1,1,1,D,D,2024-25.csv,2026-09-03T00:14:41
852dab646e83efe43b59,E0,2024-25,2025-05-04,16:30,Chelsea,Liverpool,S Hooper,3,1,1,0,H,H,2024-25.csv,2026-09-03T00:14:41
87d84f9df92b188b9039,E0,2024-25,2025-05-05,20:00,Crystal Palace,Nottingham Forest,A Madley,1,1,0,0,D,D,2024-25.csv,2026-09-03T00:14:41
dd6501252014d4a371bc,E0,2024-25,2025-05-10,15:00,Fulham,Everton,M Salisbury,1,3,1,1,A,D,2024-25.csv,2026-09-03T00:14:41
250c0b4008e75de49172,E0,2024-25,2025-05-10,15:00,Ipswich,Brentford,S Barrott,0,1,0,1,A,A,2024-25.csv,2026-09-03T00:14:41
00e33bf49fbd87348cc3,E0,2024-25,2025-05-10,15:00,Southampton,Manchester City,T Robinson,0,0,0,0,D,D,2024-25.csv,2026-09-03T00:14:41
2374cdf7057ecdeb8094,E0,2024-25,2025-05-10,15:00,Wolverhampton Wanderers,Brighton & Hove Albion,M Oliver,0,2,0,1,A,A,2024-25.csv,2026-09-03T00:14:41
f71f4f84d4f32bb8d63c,E0,2024-25,2025-05-10,17:30,Bournemouth,Aston Villa,S Attwell,0,1,0,1,A,A,2024-25.csv,2026-09-03T00:14:41
28961720ec8eec5813d5,E0,2024-25,2025-05-11,12:00,Newcastle United,Chelsea,J Brooks,2,0,1,0,H,H,2024-25.csv,2026-09-03T00:14:41
5961d57c661ead305810,E0,2024-25,2025-05-11,14:15,Manchester United,West Ham United,J Gillett,0,2,0,1,A,A,2024-25.csv,2026-09-03T00:14:41
14788e605a155225a4fd,E0,2024-25,2025-05-11,14:15,Nottingham Forest,Leicester,T Harrington,2,2,1,1,D,D,2024-25.csv,2026-09-03T00:14:41
7d80ab4357a046472a21,E0,2024-25,2025-05-11,14:15,Tottenham,Crystal Palace,C Kavanagh,0,2,0,1,A,A,2024-25.csv,2026-09-03T00:14:41
ce5ad1681cd296f4ff1d,E0,2024-25,2025-05-11,16:30,Liverpool,Arsenal,A Taylor,2,2,2,0,D,H,2024-25.csv,2026-09-03T00:14:41
2c6c0bc906622fa1a6a0,E0,2024-25,2025-05-16,19:30,Aston Villa,Tottenham,P Bankes,2,0,0,0,H,D,2024-25.csv,2026-09-03T00:14:41
96026f9680d350aeebdd,E0,2024-25,2025-05-16,20:15,Chelsea,Manchester United,C Kavanagh,1,0,0,0,H,D,2024-25.csv,2026-09-03T00:14:41
ce658cf4e0d441d208f8,E0,2024-25,2025-05-18,12:00,Everton,Southampton,M Oliver,2,0,2,0,H,H,2024-25.csv,2026-09-03T00:14:41
761c4f5e983909f891c6,E0,2024-25,2025-05-18,14:15,West Ham United,Nottingham Forest,S Barrott,1,2,0,1,A,A,2024-25.csv,2026-09-03T00:14:41
11187115c771a4197504,E0,2024-25,2025-05-18,15:00,Brentford,Fulham,J Gillett,2,3,2,1,A,H,2024-25.csv,2026-09-03T00:14:41
bc1c3c97d3911228dfc1,E0,2024-25,2025-05-18,15:00,Leicester,Ipswich,A Kitchen,2,0,1,0,H,H,2024-25.csv,2026-09-03T00:14:41
97a51e6d338ee34b7d56,E0,2024-25,2025-05-18,16:30,Arsenal,Newcastle United,S Hooper,1,0,0,0,H,D,2024-25.csv,2026-09-03T00:14:41
5f94ae890443fb42f0f5,E0,2024-25,2025-05-19,20:00,Brighton & Hove Albion,Liverpool,J Brooks,3,2,1,2,H,A,2024-25.csv,2026-09-03T00:14:41
ecb2224d7e4ad12d227b,E0,2024-25,2025-05-20,20:00,Crystal Palace,Wolverhampton Wanderers,D Webb,4,2,2,1,H,H,2024-25.csv,2026-09-03T00:14:41
d5aa0d786abc3ef9a53f,E0,2024-25,2025-05-20,20:00,Manchester City,Bournemouth,T Bramall,3,1,2,0,H,H,2024-25.csv,2026-09-03T00:14:41
dd7fd630d79d192ec295,E0,2024-25,2025-05-25,16:00,Bournemouth,Leicester,L Smith,2,0,0,0,H,D,2024-25.csv,2026-09-03T00:14:41
915d70969705ea41e9ae,E0,2024-25,2025-05-25,16:00,Fulham,Manchester City,A Madley,0,2,0,1,A,A,2024-25.csv,2026-09-03T00:14:41
b9fbdafa8cec4926ad79,E0,2024-25,2025-05-25,16:00,Ipswich,West Ham United,T Robinson,1,3,0,1,A,A,2024-25.csv,2026-09-03T00:14:41
a9586b25fd7e2f479701,E0,2024-25,2025-05-25,16:00,Liverpool,Crystal Palace,D England,1,1,0,1,D,A,2024-25.csv,2026-09-03T00:14:41
22184e5f7e54f1795026,E0,2024-25,2025-05-25,16:00,Manchester United,Aston Villa,T Bramall,2,0,0,0,H,D,2024-25.csv,2026-09-03T00:14:41
e799c093d21549daaf88,E0,2024-25,2025-05-25,16:00,Newcastle United,Everton,T Harrington,0,1,0,0,A,D,2024-25.csv,2026-09-03T00:14:41
d674dec66ce330323223,E0,2024-25,2025-05-25,16:00,Nottingham Forest,Chelsea,A Taylor,0,1,0,0,A,D,2024-25.csv,2026-09-03T00:14:41
9048e4c7201d6ee445c0,E0,2024-25,2025-05-25,16:00,Southampton,Arsenal,D Bond,1,2,0,1,A,A,2024-25.csv,2026-09-03T00:14:41
7a7df5c8b4e5b88663b5,E0,2024-25,2025-05-25,16:00,Tottenham,Brighton & Hove Albion,R Jones,1,4,1,0,A,H,2024-25.csv,2026-09-03T00:14:41
24755a099779b5a53e1a,E0,2024-25,2025-05-25,16:00,Wolverhampton Wanderers,Brentford,C Pawson,1,1,0,1,D,A,2024-25.csv,2026-09-03T00:14:41
0b1af42a17aec96420b5,E0,2025-26,2025-08-15,20:00,Liverpool,Bournemouth,A Taylor,4,2,1,0,H,H,2025-26.csv,2026-09-03T00:14:44
65d04dbc5e4b1d6e896b,E0,2025-26,2025-08-16,12:30,Aston Villa,Newcastle United,C Pawson,0,0,0,0,D,D,2025-26.csv,2026-09-03T00:14:44
fd61477ad12eb7e1d922,E0,2025-26,2025-08-16,15:00,Brighton & Hove Albion,Fulham,S Barrott,1,1,0,0,D,D,2025-26.csv,2026-09-03T00:14:44
5420c68f6f1918d72432,E0,2025-26,2025-08-16,15:00,Sunderland,West Ham United,R Jones,3,0,0,0,H,D,2025-26.csv,2026-09-03T00:14:44
dbaf3a0a88259c2d62c7,E0,2025-26,2025-08-16,15:00,Tottenham,Burnley,M Oliver,3,0,1,0,H,H,2025-26.csv,2026-09-03T00:14:44
f17f537eb41aa245ad3f,E0,2025-26,2025-08-16,17:30,Wolverhampton Wanderers,Manchester City,J Gillett,0,4,0,2,A,A,2025-26.csv,2026-09-03T00:14:44
21dc5f69a9d1995daa2e,E0,2025-26,2025-08-17,14:00,Chelsea,Crystal Palace,D England,0,0,0,0,D,D,2025-26.csv,2026-09-03T00:14:44
1aa62c11d10789ae3e92,E0,2025-26,2025-08-17,14:00,Nottingham Forest,Brentford,P Bankes,3,1,3,0,H,H,2025-26.csv,2026-09-03T00:14:44
9044d0d676ce7c2bcfa5,E0,2025-26,2025-08-17,16:30,Manchester United,Arsenal,S Hooper,0,1,0,1,A,A,2025-26.csv,2026-09-03T00:14:44
b89c7702ee02e85ed667,E0,2025-26,2025-08-18,20:00,Leeds,Everton,C Kavanagh,1,0,0,0,H,D,2025-26.csv,2026-09-03T00:14:44
6bae600ff3f41ad94aee,E0,2025-26,2025-08-22,20:00,West Ham United,Chelsea,M Oliver,1,5,1,3,A,A,2025-26.csv,2026-09-03T00:14:44
61efff67c895681bc2c0,E0,2025-26,2025-08-23,12:30,Manchester City,Tottenham,P Bankes,0,2,0,2,A,A,2025-26.csv,2026-09-03T00:14:44
0ef1fd2aac63d0a6a2b6,E0,2025-26,2025-08-23,15:00,Bournemouth,Wolverhampton Wanderers,T Bramall,1,0,1,0,H,H,2025-26.csv,2026-09-03T00:14:44
4edba4c41915dfe80d1d,E0,2025-26,2025-08-23,15:00,Brentford,Aston Villa,T Harrington,1,0,1,0,H,H,2025-26.csv,2026-09-03T00:14:44
e1d2b0a29e47aca45b53,E0,2025-26,2025-08-23,15:00,Burnley,Sunderland,M Salisbury,2,0,0,0,H,D,2025-26.csv,2026-09-03T00:14:44
bd741f511de757b73b5f,E0,2025-26,2025-08-23,17:30,Arsenal,Leeds,J Gillett,5,0,2,0,H,H,2025-26.csv,2026-09-03T00:14:44
a68f84d0ba8a7e8df3c7,E0,2025-26,2025-08-24,14:00,Crystal Palace,Nottingham Forest,A Taylor,1,1,1,0,D,H,2025-26.csv,2026-09-03T00:14:44
30970af3285da8a891f0,E0,2025-26,2025-08-24,14:00,Everton,Brighton & Hove Albion,S Attwell,2,0,1,0,H,H,2025-26.csv,2026-09-03T00:14:44
d8b2dd1904f58ab96dc6,E0,2025-26,2025-08-24,16:30,Fulham,Manchester United,C Kavanagh,1,1,0,0,D,D,2025-26.csv,2026-09-03T00:14:44
c322406b953eca33daf2,E0,2025-26,2025-08-25,20:00,Newcastle United,Liverpool,S Hooper,2,3,0,1,A,A,2025-26.csv,2026-09-03T00:14:44
2b53d83261c37138838c,E0,2025-26,2025-08-30,12:30,Chelsea,Fulham,R Jones,2,0,1,0,H,H,2025-26.csv,2026-09-03T00:14:44
43dbb151702e11ab0d73,E0,2025-26,2025-08-30,15:00,Manchester United,Burnley,S Barrott,3,2,1,0,H,H,2025-26.csv,2026-09-03T00:14:44
7cf7c5c4f92cab0bb87b,E0,2025-26,2025-08-30,15:00,Sunderland,Brentford,A Taylor,2,1,0,0,H,D,2025-26.csv,2026-09-03T00:14:44
6d6ea000d7d2308d708d,E0,2025-26,2025-08-30,15:00,Tottenham,Bournemouth,S Hooper,0,1,0,1,A,A,2025-26.csv,2026-09-03T00:14:44
ed8744209cb7d0f308a6,E0,2025-26,2025-08-30,15:00,Wolverhampton Wanderers,Everton,M Oliver,2,3,1,2,A,A,2025-26.csv,2026-09-03T00:14:44
db81310bd0694ede27ed,E0,2025-26,2025-08-30,17:30,Leeds,Newcastle United,P Bankes,0,0,0,0,D,D,2025-26.csv,2026-09-03T00:14:44
5a851244ca5ce40437c1,E0,2025-26,2025-08-31,14:00,Brighton & Hove Albion,Manchester City,D England,2,1,0,1,H,A,2025-26.csv,2026-09-03T00:14:44
a5d0ac0596d23bc378d5,E0,2025-26,2025-08-31,14:00,Nottingham Forest,West Ham United,C Pawson,0,3,0,0,A,D,2025-26.csv,2026-09-03T00:14:44
900eb69d3c0ee844ede0,E0,2025-26,2025-08-31,16:30,Liverpool,Arsenal,C Kavanagh,1,0,0,0,H,D,2025-26.csv,2026-09-03T00:14:44
a4a99c07b2e9b1f52541,E0,2025-26,2025-08-31,19:00,Aston Villa,Crystal Palace,S Attwell,0,3,0,1,A,A,2025-26.csv,2026-09-03T00:14:44
2389db6207a3546ae310,E0,2025-26,2025-09-13,12:30,Arsenal,Nottingham Forest,D England,3,0,1,0,H,H,2025-26.csv,2026-09-03T00:14:44
daee8a08b71dc9b0240d,E0,2025-26,2025-09-13,15:00,Bournemouth,Brighton & Hove Albion,P Bankes,2,1,1,0,H,H,2025-26.csv,2026-09-03T00:14:44
29ddc40596dc2ce99478,E0,2025-26,2025-09-13,15:00,Crystal Palace,Sunderland,T Bramall,0,0,0,0,D,D,2025-26.csv,2026-09-03T00:14:44
0edbf9f22de4e6874331,E0,2025-26,2025-09-13,15:00,Everton,Aston Villa,S Hooper,0,0,0,0,D,D,2025-26.csv,2026-09-03T00:14:44
710f4ec393465c23c9eb,E0,2025-26,2025-09-13,15:00,Fulham,Leeds,C Pawson,1,0,0,0,H,D,2025-26.csv,2026-09-03T00:14:44
db97397fb67764500fd9,E0,2025-26,2025-09-13,15:00,Newcastle United,Wolverhampton Wanderers,C Kavanagh,1,0,1,0,H,H,2025-26.csv,2026-09-03T00:14:44
76d24653b890e17b5fe2,E0,2025-26,2025-09-13,17:30,West Ham United,Tottenham,J Gillett,0,3,0,0,A,D,2025-26.csv,2026-09-03T00:14:44
00c447e451478096d7a3,E0,2025-26,2025-09-13,20:00,Brentford,Chelsea,S Attwell,2,2,1,0,D,H,2025-26.csv,2026-09-03T00:14:44
e91b6f121f29c0a0d919,E0,2025-26,2025-09-14,14:00,Burnley,Liverpool,M Oliver,0,1,0,0,A,D,2025-26.csv,2026-09-03T00:14:44
c964b636734a558df1ae,E0,2025-26,2025-09-14,16:30,Manchester City,Manchester United,A Taylor,3,0,1,0,H,H,2025-26.csv,2026-09-03T00:14:44
2157fb234fe7b06df58b,E0,2025-26,2025-09-20,12:30,Liverpool,Everton,D England,2,1,2,0,H,H,2025-26.csv,2026-09-03T00:14:44
0890bd9cde9867de83bf,E0,2025-26,2025-09-20,15:00,Brighton & Hove Albion,Tottenham,C Kavanagh,2,2,2,1,D,H,2025-26.csv,2026-09-03T00:14:44
454fd2ca7c474bd4aa3f,E0,2025-26,2025-09-20,15:00,Burnley,Nottingham Forest,T Bramall,1,1,1,1,D,D,2025-26.csv,2026-09-03T00:14:44
2284cf276976adfdddff,E0,2025-26,2025-09-20,15:00,West Ham United,Crystal Palace,T Harrington,1,2,0,1,A,A,2025-26.csv,2026-09-03T00:14:44
be83f04f053e5dfdb49d,E0,2025-26,2025-09-20,15:00,Wolverhampton Wanderers,Leeds,A Taylor,1,3,1,3,A,A,2025-26.csv,2026-09-03T00:14:44
e449895385bc6819e021,E0,2025-26,2025-09-20,17:30,Manchester United,Chelsea,P Bankes,2,1,2,0,H,H,2025-26.csv,2026-09-03T00:14:44
0d4bc4eb124df2bb5b1c,E0,2025-26,2025-09-20,20:00,Fulham,Brentford,M Oliver,3,1,2,1,H,H,2025-26.csv,2026-09-03T00:14:44
319565fe07f7f71d19b5,E0,2025-26,2025-09-21,14:00,Bournemouth,Newcastle United,R Jones,0,0,0,0,D,D,2025-26.csv,2026-09-03T00:14:44
514a9b38d9b91746a476,E0,2025-26,2025-09-21,14:00,Sunderland,Aston Villa,S Barrott,1,1,0,0,D,D,2025-26.csv,2026-09-03T00:14:44
f060e33b82d01b6bde39,E0,2025-26,2025-09-21,16:30,Arsenal,Manchester City,S Attwell,1,1,0,1,D,A,2025-26.csv,2026-09-03T00:14:44
b1a4d23ae44af996a598,E0,2025-26,2025-09-27,12:30,Brentford,Manchester United,C Pawson,3,1,2,1,H,H,2025-26.csv,2026-09-03T00:14:44
7807db37bc3a166acdf8,E0,2025-26,2025-09-27,15:00,Chelsea,Brighton & Hove Albion,S Hooper,1,3,1,0,A,H,2025-26.csv,2026-09-03T00:14:44
e2315a38d748c5d7b97d,E0,2025-26,2025-09-27,15:00,Crystal Palace,Liverpool,C Kavanagh,2,1,1,0,H,H,2025-26.csv,2026-09-03T00:14:44
222ed4ca81d1e81e8b49,E0,2025-26,2025-09-27,15:00,Leeds,Bournemouth,M Oliver,2,2,1,1,D,D,2025-26.csv,2026-09-03T00:14:44
6fde501ebdf4fd3f9c28,E0,2025-26,2025-09-27,15:00,Manchester City,Burnley,R Jones,5,1,1,1,H,D,2025-26.csv,2026-09-03T00:14:44
2adaf851eb6f404943a0,E0,2025-26,2025-09-27,17:30,Nottingham Forest,Sunderland,T Harrington,0,1,0,1,A,A,2025-26.csv,2026-09-03T00:14:44
9dc49494a7cceda01a24,E0,2025-26,2025-09-27,20:00,Tottenham,Wolverhampton Wanderers,M Salisbury,1,1,0,0,D,D,2025-26.csv,2026-09-03T00:14:44
297484f5896b08cba8ff,E0,2025-26,2025-09-28,14:00,Aston Villa,Fulham,A Madley,3,1,1,1,H,D,2025-26.csv,2026-09-03T00:14:44
df2d2b671b9cf16d10e4,E0,2025-26,2025-09-28,16:30,Newcastle United,Arsenal,J Gillett,1,2,1,0,A,H,2025-26.csv,2026-09-03T00:14:44
8429741e071f5b33f77c,E0,2025-26,2025-09-29,20:00,Everton,West Ham United,S Barrott,1,1,1,0,D,H,2025-26.csv,2026-09-03T00:14:44
59a652e8aace7c197b4f,E0,2025-26,2025-10-03,20:00,Bournemouth,Fulham,S Hooper,3,1,0,0,H,D,2025-26.csv,2026-09-03T00:14:44
d1ab35aae2ccc0aea649,E0,2025-26,2025-10-04,12:30,Leeds,Tottenham,T Bramall,1,2,1,1,A,D,2025-26.csv,2026-09-03T00:14:44
039e9845d1e62de863e8,E0,2025-26,2025-10-04,15:00,Arsenal,West Ham United,J Brooks,2,0,1,0,H,H,2025-26.csv,2026-09-03T00:14:44
3e1061c9cd20cc2c77de,E0,2025-26,2025-10-04,15:00,Manchester United,Sunderland,S Attwell,2,0,2,0,H,H,2025-26.csv,2026-09-03T00:14:44
f156e686ca8a019dbdef,E0,2025-26,2025-10-04,17:30,Chelsea,Liverpool,A Taylor,2,1,1,0,H,H,2025-26.csv,2026-09-03T00:14:44
0367112e74762d20ab59,E0,2025-26,2025-10-05,14:00,Aston Villa,Burnley,A Kitchen,2,1,1,0,H,H,2025-26.csv,2026-09-03T00:14:44
8975a8f6b3ceb61b8255,E0,2025-26,2025-10-05,14:00,Everton,Crystal Palace,M Salisbury,2,1,0,1,H,A,2025-26.csv,2026-09-03T00:14:44
d8a982c94093b87ea638,E0,2025-26,2025-10-05,14:00,Newcastle United,Nottingham Forest,P Bankes,2,0,0,0,H,D,2025-26.csv,2026-09-03T00:14:44
4b892e4f601232c15d8f,E0,2025-26,2025-10-05,14:00,Wolverhampton Wanderers,Brighton & Hove Albion,J Gillett,1,1,1,0,D,H,2025-26.csv,2026-09-03T00:14:44
127aa9729a538dfa93bc,E0,2025-26,2025-10-05,16:30,Brentford,Manchester City,D England,0,1,0,1,A,A,2025-26.csv,2026-09-03T00:14:44
25159dbefd791793f17e,E0,2025-26,2025-10-18,12:30,Nottingham Forest,Chelsea,C Kavanagh,0,3,0,0,A,D,2025-26.csv,2026-09-03T00:14:44
65f0e58d65f7178e22fc,E0,2025-26,2025-10-18,15:00,Brighton & Hove Albion,Newcastle United,C Pawson,2,1,1,0,H,H,2025-26.csv,2026-09-03T00:14:44
ca9f528940f55b5819dd,E0,2025-26,2025-10-18,15:00,Burnley,Leeds,T Robinson,2,0,1,0,H,H,2025-26.csv,2026-09-03T00:14:44
7e9bbb84692d8cae8ff9,E0,2025-26,2025-10-18,15:00,Crystal Palace,Bournemouth,J Gillett,3,3,0,2,D,A,2025-26.csv,2026-09-03T00:14:44
615767ddaf2c4508a10a,E0,2025-26,2025-10-18,15:00,Manchester City,Everton,T Harrington,2,0,0,0,H,D,2025-26.csv,2026-09-03T00:14:44
a5e6f7d909ff2be875fe,E0,2025-26,2025-10-18,15:00,Sunderland,Wolverhampton Wanderers,R Jones,2,0,1,0,H,H,2025-26.csv,2026-09-03T00:14:44
f66c3ebfad14501af579,E0,2025-26,2025-10-18,17:30,Fulham,Arsenal,A Taylor,0,1,0,0,A,D,2025-26.csv,2026-09-03T00:14:44
29b5c62b0a9767d33fb0,E0,2025-26,2025-10-19,14:00,Tottenham,Aston Villa,S Hooper,1,2,1,1,A,D,2025-26.csv,2026-09-03T00:14:44
6579db3e90e4f55a5cb6,E0,2025-26,2025-10-19,16:30,Liverpool,Manchester United,M Oliver,1,2,0,1,A,A,2025-26.csv,2026-09-03T00:14:44
2c6254c0c3c932eba93a,E0,2025-26,2025-10-20,20:00,West Ham United,Brentford,A Madley,0,2,0,1,A,A,2025-26.csv,2026-09-03T00:14:44
9cfcbc3a1d8780e6c59d,E0,2025-26,2025-10-24,20:00,Leeds,West Ham United,S Attwell,2,1,2,0,H,H,2025-26.csv,2026-09-03T00:14:44
d38a8e548465d5092670,E0,2025-26,2025-10-25,15:00,Chelsea,Sunderland,A Madley,1,2,1,1,A,D,2025-26.csv,2026-09-03T00:14:44
465aa5b3f2b7a150cc0d,E0,2025-26,2025-10-25,15:00,Newcastle United,Fulham,P Bankes,2,1,1,0,H,H,2025-26.csv,2026-09-03T00:14:44
cad70ae71bc002fed5a4,E0,2025-26,2025-10-25,17:30,Manchester United,Brighton & Hove Albion,A Taylor,4,2,2,0,H,H,2025-26.csv,2026-09-03T00:14:44
2b5dddc0ba9bf5156e0e,E0,2025-26,2025-10-25,20:00,Brentford,Liverpool,S Hooper,3,2,2,1,H,H,2025-26.csv,2026-09-03T00:14:44
338c7826594a0f7771c2,E0,2025-26,2025-10-26,14:00,Arsenal,Crystal Palace,T Bramall,1,0,1,0,H,H,2025-26.csv,2026-09-03T00:14:44
712b4e2b11c90f208c69,E0,2025-26,2025-10-26,14:00,Aston Villa,Manchester City,M Oliver,1,0,1,0,H,H,2025-26.csv,2026-09-03T00:14:44
a7cbc169465eafe0cce7,E0,2025-26,2025-10-26,14:00,Bournemouth,Nottingham Forest,S Barrott,2,0,2,0,H,H,2025-26.csv,2026-09-03T00:14:44
c901707df4b0f0eacd4f,E0,2025-26,2025-10-26,14:00,Wolverhampton Wanderers,Burnley,T Harrington,2,3,2,2,A,D,2025-26.csv,2026-09-03T00:14:44
e05fe499a79facb5034e,E0,2025-26,2025-10-26,16:30,Everton,Tottenham,C Pawson,0,3,0,2,A,A,2025-26.csv,2026-09-03T00:14:44
19509180f80e38b552e4,E0,2025-26,2025-11-01,15:00,Brighton & Hove Albion,Leeds,M Oliver,3,0,1,0,H,H,2025-26.csv,2026-09-03T00:14:44
70bb066d7a130efdf16c,E0,2025-26,2025-11-01,15:00,Burnley,Arsenal,C Kavanagh,0,2,0,2,A,A,2025-26.csv,2026-09-03T00:14:44
7b369edd14f3e150dc47,E0,2025-26,2025-11-01,15:00,Crystal Palace,Brentford,P Bankes,2,0,1,0,H,H,2025-26.csv,2026-09-03T00:14:44
0c433ebe0096e42ed3bb,E0,2025-26,2025-11-01,15:00,Fulham,Wolverhampton Wanderers,J Brooks,3,0,1,0,H,H,2025-26.csv,2026-09-03T00:14:44
c20f0e79c6f2715f26ea,E0,2025-26,2025-11-01,15:00,Nottingham Forest,Manchester United,D England,2,2,0,1,D,A,2025-26.csv,2026-09-03T00:14:44
2f9c5ee3196d19535c02,E0,2025-26,2025-11-01,17:30,Tottenham,Chelsea,J Gillett,0,1,0,1,A,A,2025-26.csv,2026-09-03T00:14:44
37baa8ab956b86d6880c,E0,2025-26,2025-11-01,20:00,Liverpool,Aston Villa,S Attwell,2,0,1,0,H,H,2025-26.csv,2026-09-03T00:14:44
091be63b9770c8854e3c,E0,2025-26,2025-11-02,14:00,West Ham United,Newcastle United,R Jones,3,1,2,1,H,H,2025-26.csv,2026-09-03T00:14:44
fa99af3fe48f9a75caa5,E0,2025-26,2025-11-02,16:30,Manchester City,Bournemouth,A Taylor,3,1,2,1,H,H,2025-26.csv,2026-09-03T00:14:44
dec9a4e0ba4434dc036d,E0,2025-26,2025-11-03,20:00,Sunderland,Everton,T Bramall,1,1,0,1,D,A,2025-26.csv,2026-09-03T00:14:44
9738f7f9365ff6784336,E0,2025-26,2025-11-08,12:30,Tottenham,Manchester United,S Barrott,2,2,0,1,D,A,2025-26.csv,2026-09-03T00:14:44
ec63f65a14998b9e4e19,E0,2025-26,2025-11-08,15:00,Everton,Fulham,A Madley,2,0,1,0,H,H,2025-26.csv,2026-09-03T00:14:44
882a81a4516636eb698a,E0,2025-26,2025-11-08,15:00,West Ham United,Burnley,M Salisbury,3,2,1,1,H,D,2025-26.csv,2026-09-03T00:14:44
0c0be508e48ac0b31b14,E0,2025-26,2025-11-08,17:30,Sunderland,Arsenal,C Pawson,2,2,1,0,D,H,2025-26.csv,2026-09-03T00:14:44
7e6952943fcc3fa08e93,E0,2025-26,2025-11-08,20:00,Chelsea,Wolverhampton Wanderers,A Kitchen,3,0,0,0,H,D,2025-26.csv,2026-09-03T00:14:44
b30b5efe06a205bc8417,E0,2025-26,2025-11-09,14:00,Aston Villa,Bournemouth,J Brooks,4,0,2,0,H,H,2025-26.csv,2026-09-03T00:14:44
6237c91d616d01ecbe24,E0,2025-26,2025-11-09,14:00,Brentford,Newcastle United,S Attwell,3,1,0,1,H,A,2025-26.csv,2026-09-03T00:14:44
7456c4f3ff46d21177c5,E0,2025-26,2025-11-09,14:00,Crystal Palace,Brighton & Hove Albion,T Robinson,0,0,0,0,D,D,2025-26.csv,2026-09-03T00:14:44
1ebb97df5bb14f8722f0,E0,2025-26,2025-11-09,14:00,Nottingham Forest,Leeds,J Gillett,3,1,1,1,H,D,2025-26.csv,2026-09-03T00:14:44
ececd161b259489b1207,E0,2025-26,2025-11-09,16:30,Manchester City,Liverpool,C Kavanagh,3,0,2,0,H,H,2025-26.csv,2026-09-03T00:14:44
e12b9dd898d753ecfd5e,E0,2025-26,2025-11-22,12:30,Burnley,Chelsea,P Bankes,0,2,0,1,A,A,2025-26.csv,2026-09-03T00:14:44
18a66dea6a3bae4a0361,E0,2025-26,2025-11-22,15:00,Bournemouth,West Ham United,T Bramall,2,2,0,2,D,A,2025-26.csv,2026-09-03T00:14:44
0027aa553ca625c27ad3,E0,2025-26,2025-11-22,15:00,Brighton & Hove Albion,Brentford,C Kavanagh,2,1,0,1,H,A,2025-26.csv,2026-09-03T00:14:44
50c74ef873aa0c4b51c1,E0,2025-26,2025-11-22,15:00,Fulham,Sunderland,D England,1,0,0,0,H,D,2025-26.csv,2026-09-03T00:14:44
56ac2bef165ec3d4e572,E0,2025-26,2025-11-22,15:00,Liverpool,Nottingham Forest,A Madley,0,3,0,1,A,A,2025-26.csv,2026-09-03T00:14:44
ee2a5992245bdc53c156,E0,2025-26,2025-11-22,15:00,Wolverhampton Wanderers,Crystal Palace,A Taylor,0,2,0,0,A,D,2025-26.csv,2026-09-03T00:14:44
c83a4c22456d2954b44c,E0,2025-26,2025-11-22,17:30,Newcastle United,Manchester City,S Barrott,2,1,0,0,H,D,2025-26.csv,2026-09-03T00:14:44
095f1daac3443a6e9c88,E0,2025-26,2025-11-23,14:00,Leeds,Aston Villa,R Jones,1,2,1,0,A,H,2025-26.csv,2026-09-03T00:14:44
caf8b889df42f3e54197,E0,2025-26,2025-11-23,16:30,Arsenal,Tottenham,M Oliver,4,1,2,0,H,H,2025-26.csv,2026-09-03T00:14:44
5e9e8b966300899424e6,E0,2025-26,2025-11-24,20:00,Manchester United,Everton,T Harrington,0,1,0,1,A,A,2025-26.csv,2026-09-03T00:14:44
caf3657263cdb7081892,E0,2025-26,2025-11-29,15:00,Brentford,Burnley,S Barrott,3,1,0,0,H,D,2025-26.csv,2026-09-03T00:14:44
9c0728e6f824792071f9,E0,2025-26,2025-11-29,15:00,Manchester City,Leeds,P Bankes,3,2,2,0,H,H,2025-26.csv,2026-09-03T00:14:44
d434c0211e884dc3a52a,E0,2025-26,2025-11-29,15:00,Sunderland,Bournemouth,T Robinson,3,2,1,2,H,A,2025-26.csv,2026-09-03T00:14:44
b91f8243033840e21b58,E0,2025-26,2025-11-29,17:30,Everton,Newcastle United,C Pawson,1,4,0,3,A,A,2025-26.csv,2026-09-03T00:14:44
ce07e7f6799c90d85a3e,E0,2025-26,2025-11-29,20:00,Tottenham,Fulham,S Attwell,1,2,0,2,A,A,2025-26.csv,2026-09-03T00:14:44
36dce84ffd446ba89f6a,E0,2025-26,2025-11-30,12:00,Crystal Palace,Manchester United,R Jones,1,2,1,0,A,H,2025-26.csv,2026-09-03T00:14:44
17c9c165edea0a8c19fa,E0,2025-26,2025-11-30,14:05,Aston Villa,Wolverhampton Wanderers,C Kavanagh,1,0,0,0,H,D,2025-26.csv,2026-09-03T00:14:44
3640496aad283a10bb1b,E0,2025-26,2025-11-30,14:05,Nottingham Forest,Brighton & Hove Albion,M Oliver,0,2,0,1,A,A,2025-26.csv,2026-09-03T00:14:44
a47b9f07e1d96bafb69a,E0,2025-26,2025-11-30,14:05,West Ham United,Liverpool,D England,0,2,0,0,A,D,2025-26.csv,2026-09-03T00:14:44
3039248b0ffc47cc1092,E0,2025-26,2025-11-30,16:30,Chelsea,Arsenal,A Taylor,1,1,0,0,D,D,2025-26.csv,2026-09-03T00:14:44
1b92082c8132bea03650,E0,2025-26,2025-12-02,19:30,Bournemouth,Everton,M Salisbury,0,1,0,0,A,D,2025-26.csv,2026-09-03T00:14:44
07663183663e12494174,E0,2025-26,2025-12-02,19:30,Fulham,Manchester City,C Pawson,4,5,1,3,A,A,2025-26.csv,2026-09-03T00:14:44
a4a7954eec86da1589f3,E0,2025-26,2025-12-02,20:15,Newcastle United,Tottenham,T Bramall,2,2,0,0,D,D,2025-26.csv,2026-09-03T00:14:44
4e5607368b5257bc1441,E0,2025-26,2025-12-03,19:30,Arsenal,Brentford,T Harrington,2,0,1,0,H,H,2025-26.csv,2026-09-03T00:14:44
fbf54508c9fd9629be09,E0,2025-26,2025-12-03,19:30,Brighton & Hove Albion,Aston Villa,A Madley,3,4,2,2,A,D,2025-26.csv,2026-09-03T00:14:44
bcb816e2e1e6d40404ec,E0,2025-26,2025-12-03,19:30,Burnley,Crystal Palace,T Kirk,0,1,0,1,A,A,2025-26.csv,2026-09-03T00:14:44
40f5db5bb56b993e28ff,E0,2025-26,2025-12-03,19:30,Wolverhampton Wanderers,Nottingham Forest,T Robinson,0,1,0,0,A,D,2025-26.csv,2026-09-03T00:14:44
21c1de6c8c3b8fd35921,E0,2025-26,2025-12-03,20:15,Leeds,Chelsea,D England,3,1,2,0,H,H,2025-26.csv,2026-09-03T00:14:44
510540b24a9f163b8153,E0,2025-26,2025-12-03,20:15,Liverpool,Sunderland,S Attwell,1,1,0,0,D,D,2025-26.csv,2026-09-03T00:14:44
c816b534d044946b0e3b,E0,2025-26,2025-12-04,20:00,Manchester United,West Ham United,A Kitchen,1,1,0,0,D,D,2025-26.csv,2026-09-03T00:14:44
4300e7240feba93f1a08,E0,2025-26,2025-12-06,12:30,Aston Villa,Arsenal,P Bankes,2,1,1,0,H,H,2025-26.csv,2026-09-03T00:14:44
3674698d596900e66adb,E0,2025-26,2025-12-06,15:00,Bournemouth,Chelsea,M Oliver,0,0,0,0,D,D,2025-26.csv,2026-09-03T00:14:44
98cd665969b1de68bc94,E0,2025-26,2025-12-06,15:00,Everton,Nottingham Forest,C Kavanagh,3,0,2,0,H,H,2025-26.csv,2026-09-03T00:14:44
ac54aec42e3342a1a731,E0,2025-26,2025-12-06,15:00,Manchester City,Sunderland,A Madley,3,0,2,0,H,H,2025-26.csv,2026-09-03T00:14:44
1260f75d6e2e39330176,E0,2025-26,2025-12-06,15:00,Newcastle United,Burnley,S Attwell,2,1,2,0,H,H,2025-26.csv,2026-09-03T00:14:44
f350a5bdaaba92c5eaba,E0,2025-26,2025-12-06,15:00,Tottenham,Brentford,R Jones,2,0,2,0,H,H,2025-26.csv,2026-09-03T00:14:44
d3863ca1f96e9bfaff38,E0,2025-26,2025-12-06,17:30,Leeds,Liverpool,A Taylor,3,3,0,0,D,D,2025-26.csv,2026-09-03T00:14:44
0aced93a3e98e00eb096,E0,2025-26,2025-12-07,14:00,Brighton & Hove Albion,West Ham United,S Hooper,1,1,0,0,D,D,2025-26.csv,2026-09-03T00:14:44
a90fef4e851feb5cf5f7,E0,2025-26,2025-12-07,16:30,Fulham,Crystal Palace,S Barrott,1,2,1,1,A,D,2025-26.csv,2026-09-03T00:14:44
83fdf7eab9de2901990a,E0,2025-26,2025-12-08,20:00,Wolverhampton Wanderers,Manchester United,M Salisbury,1,4,1,1,A,D,2025-26.csv,2026-09-03T00:14:44
44c77d5f62bdbe8a07a8,E0,2025-26,2025-12-13,15:00,Chelsea,Everton,T Bramall,2,0,2,0,H,H,2025-26.csv,2026-09-03T00:14:44
85025837a7a7585b4ca9,E0,2025-26,2025-12-13,15:00,Liverpool,Brighton & Hove Albion,C Pawson,2,0,1,0,H,H,2025-26.csv,2026-09-03T00:14:44
ca57fdce20cc54c09fb7,E0,2025-26,2025-12-13,17:30,Burnley,Fulham,M Oliver,2,3,1,2,A,A,2025-26.csv,2026-09-03T00:14:44
6689bb01471d6e19b697,E0,2025-26,2025-12-13,20:00,Arsenal,Wolverhampton Wanderers,R Jones,2,1,0,0,H,D,2025-26.csv,2026-09-03T00:14:44
e410238f398565c5b611,E0,2025-26,2025-12-14,14:00,Crystal Palace,Manchester City,D England,0,3,0,1,A,A,2025-26.csv,2026-09-03T00:14:44
a68163ebc962e1522324,E0,2025-26,2025-12-14,14:00,Nottingham Forest,Tottenham,S Barrott,3,0,1,0,H,H,2025-26.csv,2026-09-03T00:14:44
778dcf2b627318ac7bf4,E0,2025-26,2025-12-14,14:00,Sunderland,Newcastle United,P Bankes,1,0,0,0,H,D,2025-26.csv,2026-09-03T00:14:44
b08733bb230367e6f4ff,E0,2025-26,2025-12-14,14:00,West Ham United,Aston Villa,A Taylor,2,3,2,1,A,H,2025-26.csv,2026-09-03T00:14:44
97ff1a1d6acbfa126a03,E0,2025-26,2025-12-14,16:30,Brentford,Leeds,J Brooks,1,1,0,0,D,D,2025-26.csv,2026-09-03T00:14:44
357190c8c0bf8a8151ad,E0,2025-26,2025-12-15,20:00,Manchester United,Bournemouth,S Hooper,4,4,2,1,D,H,2025-26.csv,2026-09-03T00:14:44
ed643502156a64024d10,E0,2025-26,2025-12-20,12:30,Newcastle United,Chelsea,A Madley,2,2,2,0,D,H,2025-26.csv,2026-09-03T00:14:44
bc1557ac38779ba42eed,E0,2025-26,2025-12-20,15:00,Bournemouth,Burnley,C Kavanagh,1,1,0,0,D,D,2025-26.csv,2026-09-03T00:14:44
a1cd2b096cdfaddc8878,E0,2025-26,2025-12-20,15:00,Brighton & Hove Albion,Sunderland,D England,0,0,0,0,D,D,2025-26.csv,2026-09-03T00:14:44
73ba551f426742eebd26,E0,2025-26,2025-12-20,15:00,Manchester City,West Ham United,P Tierney,3,0,2,0,H,H,2025-26.csv,2026-09-03T00:14:44
725d7d81e073def2593c,E0,2025-26,2025-12-20,15:00,Wolverhampton Wanderers,Brentford,M Donohue,0,2,0,0,A,D,2025-26.csv,2026-09-03T00:14:44
ebc10eb19d027860183c,E0,2025-26,2025-12-20,17:30,Tottenham,Liverpool,J Brooks,1,2,0,0,A,D,2025-26.csv,2026-09-03T00:14:44
1c1241ae1de0b7c8d478,E0,2025-26,2025-12-20,20:00,Everton,Arsenal,S Barrott,0,1,0,1,A,A,2025-26.csv,2026-09-03T00:14:44
edca987cfea5c5b2536e,E0,2025-26,2025-12-20,20:00,Leeds,Crystal Palace,T Bramall,4,1,2,0,H,H,2025-26.csv,2026-09-03T00:14:44
998b5cbe14e39c51a599,E0,2025-26,2025-12-21,16:30,Aston Villa,Manchester United,M Oliver,2,1,1,1,H,D,2025-26.csv,2026-09-03T00:14:44
7955521a4390b7d1e836,E0,2025-26,2025-12-22,20:00,Fulham,Nottingham Forest,A Taylor,1,0,1,0,H,H,2025-26.csv,2026-09-03T00:14:44
996f0a0119d5a16a4ff3,E0,2025-26,2025-12-26,20:00,Manchester United,Newcastle United,A Taylor,1,0,1,0,H,H,2025-26.csv,2026-09-03T00:14:44
2ee0b3e83165cee905ca,E0,2025-26,2025-12-27,12:30,Nottingham Forest,Manchester City,R Jones,1,2,0,0,A,D,2025-26.csv,2026-09-03T00:14:44
24deb18c1a002f6fc844,E0,2025-26,2025-12-27,15:00,Arsenal,Brighton & Hove Albion,J Brooks,2,1,1,0,H,H,2025-26.csv,2026-09-03T00:14:44
e3f6c25fd1a096d5af2d,E0,2025-26,2025-12-27,15:00,Brentford,Bournemouth,P Bankes,4,1,2,0,H,H,2025-26.csv,2026-09-03T00:14:44
da267544b3c09b291d3f,E0,2025-26,2025-12-27,15:00,Burnley,Everton,C Pawson,0,0,0,0,D,D,2025-26.csv,2026-09-03T00:14:44
81d4fd284910c939c03f,E0,2025-26,2025-12-27,15:00,Liverpool,Wolverhampton Wanderers,S Hooper,2,1,2,0,H,H,2025-26.csv,2026-09-03T00:14:44
483a4309e4bc47aced41,E0,2025-26,2025-12-27,15:00,West Ham United,Fulham,C Kavanagh,0,1,0,0,A,D,2025-26.csv,2026-09-03T00:14:44
e658227636e86e42119e,E0,2025-26,2025-12-27,17:30,Chelsea,Aston Villa,S Attwell,1,2,1,0,A,H,2025-26.csv,2026-09-03T00:14:44
6697e3a57cb8218c811f,E0,2025-26,2025-12-28,14:00,Sunderland,Leeds,T Harrington,1,1,1,0,D,H,2025-26.csv,2026-09-03T00:14:44
4e59e3399e1defe8f6ce,E0,2025-26,2025-12-28,16:30,Crystal Palace,Tottenham,J Gillett,0,1,0,1,A,A,2025-26.csv,2026-09-03T00:14:44
76781232a88cb897f44a,E0,2025-26,2025-12-30,19:30,Burnley,Newcastle United,R Jones,1,3,1,2,A,A,2025-26.csv,2026-09-03T00:14:44
383f14093f7b4ad4cf6c,E0,2025-26,2025-12-30,19:30,Chelsea,Bournemouth,S Barrott,2,2,2,2,D,D,2025-26.csv,2026-09-03T00:14:44
2ee5d60a7c84e57118af,E0,2025-26,2025-12-30,19:30,Nottingham Forest,Everton,M Oliver,0,2,0,1,A,A,2025-26.csv,2026-09-03T00:14:44
5cb11e2bc4e58cebb8ba,E0,2025-26,2025-12-30,19:30,West Ham United,Brighton & Hove Albion,M Salisbury,2,2,2,1,D,H,2025-26.csv,2026-09-03T00:14:44
497fdcaf345cda7afe88,E0,2025-26,2025-12-30,20:15,Arsenal,Aston Villa,D England,4,1,0,0,H,D,2025-26.csv,2026-09-03T00:14:44
0f3de3fe580fda605306,E0,2025-26,2025-12-30,20:15,Manchester United,Wolverhampton Wanderers,T Bramall,1,1,1,1,D,D,2025-26.csv,2026-09-03T00:14:44
7ba76f1714bbfa3a0cab,E0,2025-26,2026-01-01,17:30,Crystal Palace,Fulham,T Harrington,1,1,1,0,D,H,2025-26.csv,2026-09-03T00:14:44
b756a90c74424d03f316,E0,2025-26,2026-01-01,17:30,Liverpool,Leeds,C Kavanagh,0,0,0,0,D,D,2025-26.csv,2026-09-03T00:14:44
de8e5ae1c55c69e1893b,E0,2025-26,2026-01-01,20:00,Brentford,Tottenham,A Madley,0,0,0,0,D,D,2025-26.csv,2026-09-03T00:14:44
c844038367d8cf0fce1b,E0,2025-26,2026-01-01,20:00,Sunderland,Manchester City,J Gillett,0,0,0,0,D,D,2025-26.csv,2026-09-03T00:14:44
656030adf1f05f486b64,E0,2025-26,2026-01-03,12:30,Aston Villa,Nottingham Forest,S Hooper,3,1,1,0,H,H,2025-26.csv,2026-09-03T00:14:44
dbc6e8fceebdd5899cb9,E0,2025-26,2026-01-03,15:00,Brighton & Hove Albion,Burnley,T Robinson,2,0,1,0,H,H,2025-26.csv,2026-09-03T00:14:44
b4b2b80da84334ee74d6,E0,2025-26,2026-01-03,15:00,Wolverhampton Wanderers,West Ham United,P Bankes,3,0,3,0,H,H,2025-26.csv,2026-09-03T00:14:44
c18b049ac382aee931b7,E0,2025-26,2026-01-03,17:30,Bournemouth,Arsenal,C Kavanagh,2,3,1,1,A,D,2025-26.csv,2026-09-03T00:14:44
a6eb775cab9beeb92966,E0,2025-26,2026-01-04,12:30,Leeds,Manchester United,J Gillett,1,1,0,0,D,D,2025-26.csv,2026-09-03T00:14:44
53f2f3225c8b67192369,E0,2025-26,2026-01-04,15:00,Everton,Brentford,A Taylor,2,4,0,1,A,A,2025-26.csv,2026-09-03T00:14:44
736cdd98fb3e9eb5f6bf,E0,2025-26,2026-01-04,15:00,Newcastle United,Crystal Palace,J Brooks,2,0,0,0,H,D,2025-26.csv,2026-09-03T00:14:44
3bf7a72f4b6ac2c4ee95,E0,2025-26,2026-01-04,15:00,Tottenham,Sunderland,S Attwell,1,1,1,0,D,H,2025-26.csv,2026-09-03T00:14:44
22ea961b884df6c287d6,E0,2025-26,2026-01-04,15:15,Fulham,Liverpool,C Pawson,2,2,1,0,D,H,2025-26.csv,2026-09-03T00:14:44
18f376fd3f28a3807bf5,E0,2025-26,2026-01-04,17:30,Manchester City,Chelsea,M Oliver,1,1,1,0,D,H,2025-26.csv,2026-09-03T00:14:44
5b8e612f607960cc817e,E0,2025-26,2026-01-06,20:00,West Ham United,Nottingham Forest,T Harrington,1,2,1,0,A,H,2025-26.csv,2026-09-03T00:14:44
022585709455ebddedaf,E0,2025-26,2026-01-07,19:30,Bournemouth,Tottenham,D England,3,2,2,1,H,H,2025-26.csv,2026-09-03T00:14:44
113907aae6140acaeac7,E0,2025-26,2026-01-07,19:30,Brentford,Sunderland,M Donohue,3,0,1,0,H,H,2025-26.csv,2026-09-03T00:14:44
7b82e72b0e723c6cbb9f,E0,2025-26,2026-01-07,19:30,Crystal Palace,Aston Villa,A Madley,0,0,0,0,D,D,2025-26.csv,2026-09-03T00:14:44
96ef19c44a569eb4c76c,E0,2025-26,2026-01-07,19:30,Everton,Wolverhampton Wanderers,T Kirk,1,1,1,0,D,H,2025-26.csv,2026-09-03T00:14:44
2854f68a59850bdd02a7,E0,2025-26,2026-01-07,19:30,Fulham,Chelsea,P Bankes,2,1,0,0,H,D,2025-26.csv,2026-09-03T00:14:44
18037c109930d2dee03b,E0,2025-26,2026-01-07,19:30,Manchester City,Brighton & Hove Albion,T Bramall,1,1,1,0,D,H,2025-26.csv,2026-09-03T00:14:44
04b0cb1a914ebce020a5,E0,2025-26,2026-01-07,20:15,Burnley,Manchester United,S Attwell,2,2,1,0,D,H,2025-26.csv,2026-09-03T00:14:44
25610c962b149e505c0a,E0,2025-26,2026-01-07,20:15,Newcastle United,Leeds,M Salisbury,4,3,1,2,H,A,2025-26.csv,2026-09-03T00:14:44
1749539dbe346797a5e0,E0,2025-26,2026-01-08,20:00,Arsenal,Liverpool,A Taylor,0,0,0,0,D,D,2025-26.csv,2026-09-03T00:14:44
52fcbf3d8152542c4715,E0,2025-26,2026-01-17,12:30,Manchester United,Manchester City,A Taylor,2,0,0,0,H,D,2025-26.csv,2026-09-03T00:14:44
67a4d31a9e660d650120,E0,2025-26,2026-01-17,15:00,Chelsea,Brentford,J Brooks,2,0,1,0,H,H,2025-26.csv,2026-09-03T00:14:44
fc5b0ee5782dee925e21,E0,2025-26,2026-01-17,15:00,Leeds,Fulham,C Kavanagh,1,0,0,0,H,D,2025-26.csv,2026-09-03T00:14:44
247dd233b4adac8bcc99,E0,2025-26,2026-01-17,15:00,Liverpool,Burnley,A Madley,1,1,1,0,D,H,2025-26.csv,2026-09-03T00:14:44
35726903e7d882b352b4,E0,2025-26,2026-01-17,15:00,Sunderland,Crystal Palace,R Jones,2,1,1,1,H,D,2025-26.csv,2026-09-03T00:14:44
2aa163f9a22dfad204c1,E0,2025-26,2026-01-17,15:00,Tottenham,West Ham United,J Gillett,1,2,0,1,A,A,2025-26.csv,2026-09-03T00:14:44
204f559a6052fbe9d7ac,E0,2025-26,2026-01-17,17:30,Nottingham Forest,Arsenal,M Oliver,0,0,0,0,D,D,2025-26.csv,2026-09-03T00:14:44
03c93544eda4ad474853,E0,2025-26,2026-01-18,14:00,Wolverhampton Wanderers,Newcastle United,S Barrott,0,0,0,0,D,D,2025-26.csv,2026-09-03T00:14:44
6ae07f348c89e0c9e7da,E0,2025-26,2026-01-18,16:30,Aston Villa,Everton,T Harrington,0,1,0,0,A,D,2025-26.csv,2026-09-03T00:14:44
0249d70f44f581a709c6,E0,2025-26,2026-01-19,20:00,Brighton & Hove Albion,Bournemouth,P Tierney,1,1,0,1,D,A,2025-26.csv,2026-09-03T00:14:44
5cefde467ba4645d8590,E0,2025-26,2026-01-24,12:30,West Ham United,Sunderland,T Bramall,3,1,3,0,H,H,2025-26.csv,2026-09-03T00:14:44
edda8f51580ebee33eec,E0,2025-26,2026-01-24,15:00,Burnley,Tottenham,P Bankes,2,2,1,1,D,D,2025-26.csv,2026-09-03T00:14:44
89c5203cbb73e7575a58,E0,2025-26,2026-01-24,15:00,Fulham,Brighton & Hove Albion,M Oliver,2,1,0,1,H,A,2025-26.csv,2026-09-03T00:14:44
fc5938b3befd7e363b67,E0,2025-26,2026-01-24,15:00,Manchester City,Wolverhampton Wanderers,F Hallam,2,0,2,0,H,H,2025-26.csv,2026-09-03T00:14:44
e32d2ad886548b86c2a4,E0,2025-26,2026-01-24,17:30,Bournemouth,Liverpool,M Salisbury,3,2,2,1,H,H,2025-26.csv,2026-09-03T00:14:44
714cf121b9ae3e17e5a7,E0,2025-26,2026-01-25,14:00,Brentford,Nottingham Forest,S Barrott,0,2,0,1,A,A,2025-26.csv,2026-09-03T00:14:44
5bc905fa5a0312f70dcc,E0,2025-26,2026-01-25,14:00,Crystal Palace,Chelsea,D England,1,3,0,1,A,A,2025-26.csv,2026-09-03T00:14:44
bf5ed5505e91051efcb3,E0,2025-26,2026-01-25,14:00,Newcastle United,Aston Villa,J Gillett,0,2,0,1,A,A,2025-26.csv,2026-09-03T00:14:44
4b6945e4aeb5abfece57,E0,2025-26,2026-01-25,16:30,Arsenal,Manchester United,C Pawson,2,3,1,1,A,D,2025-26.csv,2026-09-03T00:14:44
7bf300c44a9f874dd6d8,E0,2025-26,2026-01-26,20:00,Everton,Leeds,S Hooper,1,1,0,1,D,A,2025-26.csv,2026-09-03T00:14:44
4bb3269f8123399441b5,E0,2025-26,2026-01-31,15:00,Brighton & Hove Albion,Everton,C Kavanagh,1,1,0,0,D,D,2025-26.csv,2026-09-03T00:14:44
b715db5c0c22599679de,E0,2025-26,2026-01-31,15:00,Leeds,Arsenal,S Attwell,0,4,0,2,A,A,2025-26.csv,2026-09-03T00:14:44
05d8b4d8480f48aec7d1,E0,2025-26,2026-01-31,15:00,Wolverhampton Wanderers,Bournemouth,M Oliver,0,2,0,1,A,A,2025-26.csv,2026-09-03T00:14:44
495431c380309e97db1b,E0,2025-26,2026-01-31,17:30,Chelsea,West Ham United,A Taylor,3,2,0,2,H,A,2025-26.csv,2026-09-03T00:14:44
8e0b557a8aa0060d321f,E0,2025-26,2026-01-31,20:00,Liverpool,Newcastle United,S Hooper,4,1,2,1,H,H,2025-26.csv,2026-09-03T00:14:44
e293b7a341e2a95bef63,E0,2025-26,2026-02-01,14:00,Aston Villa,Brentford,T Robinson,0,1,0,1,A,A,2025-26.csv,2026-09-03T00:14:44
a77e70af7e6334fbeddc,E0,2025-26,2026-02-01,14:00,Manchester United,Fulham,J Brooks,3,2,1,0,H,H,2025-26.csv,2026-09-03T00:14:44
89ad153bb913d06c65ef,E0,2025-26,2026-02-01,14:00,Nottingham Forest,Crystal Palace,M Salisbury,1,1,1,1,D,D,2025-26.csv,2026-09-03T00:14:44
89eb132219e64f90296e,E0,2025-26,2026-02-01,16:30,Tottenham,Manchester City,R Jones,2,2,0,2,D,A,2025-26.csv,2026-09-03T00:14:44
99869d75a542910699eb,E0,2025-26,2026-02-02,20:00,Sunderland,Burnley,P Tierney,3,0,2,0,H,H,2025-26.csv,2026-09-03T00:14:44
7f7f936f63e8d45d7b8f,E0,2025-26,2026-02-06,20:00,Leeds,Nottingham Forest,P Bankes,3,1,2,0,H,H,2025-26.csv,2026-09-03T00:14:44
84e70867719cbb70787e,E0,2025-26,2026-02-07,12:30,Manchester United,Tottenham,M Oliver,2,0,1,0,H,H,2025-26.csv,2026-09-03T00:14:44
61f4584b3e6525a39a97,E0,2025-26,2026-02-07,15:00,Arsenal,Sunderland,S Barrott,3,0,1,0,H,H,2025-26.csv,2026-09-03T00:14:44
3412aad69b1e66cb28ee,E0,2025-26,2026-02-07,15:00,Bournemouth,Aston Villa,A Taylor,1,1,0,1,D,A,2025-26.csv,2026-09-03T00:14:44
b0cb4b88bf8f8f587370,E0,2025-26,2026-02-07,15:00,Burnley,West Ham United,D England,0,2,0,2,A,A,2025-26.csv,2026-09-03T00:14:44
0e180fee81efe92bee7d,E0,2025-26,2026-02-07,15:00,Fulham,Everton,S Attwell,1,2,1,0,A,H,2025-26.csv,2026-09-03T00:14:44
c4cb0168420b36281d96,E0,2025-26,2026-02-07,15:00,Wolverhampton Wanderers,Chelsea,J Gillett,1,3,0,3,A,A,2025-26.csv,2026-09-03T00:14:44
a21568ac8b2d81675d55,E0,2025-26,2026-02-07,17:30,Newcastle United,Brentford,A Madley,2,3,1,2,A,A,2025-26.csv,2026-09-03T00:14:44
06a53f17184e4abc1289,E0,2025-26,2026-02-08,14:00,Brighton & Hove Albion,Crystal Palace,T Bramall,0,1,0,0,A,D,2025-26.csv,2026-09-03T00:14:44
2ca7bd9ec6364cf540b8,E0,2025-26,2026-02-08,16:30,Liverpool,Manchester City,C Pawson,1,2,0,0,A,D,2025-26.csv,2026-09-03T00:14:44
31d3a4ae814c9c0d416e,E0,2025-26,2026-02-10,19:30,Chelsea,Leeds,R Jones,2,2,1,0,D,H,2025-26.csv,2026-09-03T00:14:44
da17fd208cae964cb94f,E0,2025-26,2026-02-10,19:30,Everton,Bournemouth,A Madley,1,2,1,0,A,H,2025-26.csv,2026-09-03T00:14:44
764572aa79b4b1126a05,E0,2025-26,2026-02-10,19:30,Tottenham,Newcastle United,A Taylor,1,2,0,1,A,A,2025-26.csv,2026-09-03T00:14:44
99037afb61466fe8704e,E0,2025-26,2026-02-10,20:15,West Ham United,Manchester United,S Hooper,1,1,0,0,D,D,2025-26.csv,2026-09-03T00:14:44
a311727305e0da12e939,E0,2025-26,2026-02-11,19:30,Aston Villa,Brighton & Hove Albion,P Bankes,1,0,0,0,H,D,2025-26.csv,2026-09-03T00:14:44
63837b7e826727f1b7c4,E0,2025-26,2026-02-11,19:30,Crystal Palace,Burnley,F Hallam,2,3,2,3,A,A,2025-26.csv,2026-09-03T00:14:44
0257961cc1425c1adfad,E0,2025-26,2026-02-11,19:30,Manchester City,Fulham,P Tierney,3,0,3,0,H,H,2025-26.csv,2026-09-03T00:14:44
31d0846eb96cd7727ab0,E0,2025-26,2026-02-11,19:30,Nottingham Forest,Wolverhampton Wanderers,T Robinson,0,0,0,0,D,D,2025-26.csv,2026-09-03T00:14:44
20efad507f628a102651,E0,2025-26,2026-02-11,20:15,Sunderland,Liverpool,C Kavanagh,0,1,0,0,A,D,2025-26.csv,2026-09-03T00:14:44
607b5fe3e96a4d89b8b9,E0,2025-26,2026-02-12,20:00,Brentford,Arsenal,J Brooks,1,1,0,0,D,D,2025-26.csv,2026-09-03T00:14:44
c916fcce3b968ccf5d74,E0,2025-26,2026-02-18,20:00,Wolverhampton Wanderers,Arsenal,P Tierney,2,2,0,1,D,A,2025-26.csv,2026-09-03T00:14:44
5f0626dde15bb0366cb3,E0,2025-26,2026-02-21,15:00,Aston Villa,Leeds,M Oliver,1,1,0,1,D,A,2025-26.csv,2026-09-03T00:14:44
26797923e6a7906e3bd9,E0,2025-26,2026-02-21,15:00,Brentford,Brighton & Hove Albion,J Gillett,0,2,0,2,A,A,2025-26.csv,2026-09-03T00:14:44
ffdfa80ff3988c8929fc,E0,2025-26,2026-02-21,15:00,Chelsea,Burnley,L Smith,1,1,1,0,D,H,2025-26.csv,2026-09-03T00:14:44
32a8f9b874a1b7e75dd5,E0,2025-26,2026-02-21,17:30,West Ham United,Bournemouth,S Barrott,0,0,0,0,D,D,2025-26.csv,2026-09-03T00:14:44
6ec185a516091120516c,E0,2025-26,2026-02-21,20:00,Manchester City,Newcastle United,T Bramall,2,1,2,1,H,H,2025-26.csv,2026-09-03T00:14:44
4e177ccc436e6824db28,E0,2025-26,2026-02-22,14:00,Crystal Palace,Wolverhampton Wanderers,T Kirk,1,0,0,0,H,D,2025-26.csv,2026-09-03T00:14:44
debd6e93a948a29daca5,E0,2025-26,2026-02-22,14:00,Nottingham Forest,Liverpool,A Taylor,0,1,0,0,A,D,2025-26.csv,2026-09-03T00:14:44
98dc1d86bb6e6306a5bf,E0,2025-26,2026-02-22,14:00,Sunderland,Fulham,C Pawson,1,3,0,0,A,D,2025-26.csv,2026-09-03T00:14:44
0629a2d353bc749397dd,E0,2025-26,2026-02-22,16:30,Tottenham,Arsenal,P Bankes,1,4,1,1,A,D,2025-26.csv,2026-09-03T00:14:44
95f3fd540d2262f24a32,E0,2025-26,2026-02-23,20:00,Everton,Manchester United,D England,0,1,0,0,A,D,2025-26.csv,2026-09-03T00:14:44
bab7107c11b46cbf53d8,E0,2025-26,2026-02-27,20:00,Wolverhampton Wanderers,Aston Villa,C Pawson,2,0,0,0,H,D,2025-26.csv,2026-09-03T00:14:44
3224c031286668121143,E0,2025-26,2026-02-28,12:30,Bournemouth,Sunderland,J Gillett,1,1,0,1,D,A,2025-26.csv,2026-09-03T00:14:44
29babd4bf55811fb9e81,E0,2025-26,2026-02-28,15:00,Burnley,Brentford,S Barrott,3,4,1,3,A,A,2025-26.csv,2026-09-03T00:14:44
37f20906e16370ca790c,E0,2025-26,2026-02-28,15:00,Liverpool,West Ham United,T Robinson,5,2,3,0,H,H,2025-26.csv,2026-09-03T00:14:44
b017c9d4349d169b94dd,E0,2025-26,2026-02-28,15:00,Newcastle United,Everton,S Attwell,2,3,1,2,A,A,2025-26.csv,2026-09-03T00:14:44
cd1a6117f593109e2341,E0,2025-26,2026-02-28,17:30,Leeds,Manchester City,P Bankes,0,1,0,1,A,A,2025-26.csv,2026-09-03T00:14:44
c789888144ce4ab51add,E0,2025-26,2026-03-01,14:00,Brighton & Hove Albion,Nottingham Forest,A Madley,2,1,2,1,H,H,2025-26.csv,2026-09-03T00:14:44
f645f95a774087521170,E0,2025-26,2026-03-01,14:00,Fulham,Tottenham,T Bramall,2,1,2,0,H,H,2025-26.csv,2026-09-03T00:14:44
249ca46882a9349e450c,E0,2025-26,2026-03-01,14:00,Manchester United,Crystal Palace,C Kavanagh,2,1,0,1,H,A,2025-26.csv,2026-09-03T00:14:44
dbdda2398f2bf90109b3,E0,2025-26,2026-03-01,16:30,Arsenal,Chelsea,D England,2,1,1,1,H,D,2025-26.csv,2026-09-03T00:14:44
cd3b78ae19cf4d3f2db4,E0,2025-26,2026-03-03,19:30,Bournemouth,Brentford,C Pawson,0,0,0,0,D,D,2025-26.csv,2026-09-03T00:14:44
2a9b2848628ee0e22aab,E0,2025-26,2026-03-03,19:30,Everton,Burnley,T Robinson,2,0,1,0,H,H,2025-26.csv,2026-09-03T00:14:44
01afedea81d5e0258f12,E0,2025-26,2026-03-03,19:30,Leeds,Sunderland,S Attwell,0,1,0,0,A,D,2025-26.csv,2026-09-03T00:14:44
5cf3171bc7678c977b4e,E0,2025-26,2026-03-03,20:15,Wolverhampton Wanderers,Liverpool,T Bramall,2,1,0,0,H,D,2025-26.csv,2026-09-03T00:14:44
c240494d3487f6557558,E0,2025-26,2026-03-04,19:30,Aston Villa,Chelsea,J Gillett,1,4,1,2,A,A,2025-26.csv,2026-09-03T00:14:44
e2929f93e6796afcaefa,E0,2025-26,2026-03-04,19:30,Brighton & Hove Albion,Arsenal,C Kavanagh,0,1,0,1,A,A,2025-26.csv,2026-09-03T00:14:44
3d3950b35cd98ee73b30,E0,2025-26,2026-03-04,19:30,Fulham,West Ham United,M Donohue,0,1,0,0,A,D,2025-26.csv,2026-09-03T00:14:44
142d0922f16ecf6c2d85,E0,2025-26,2026-03-04,19:30,Manchester City,Nottingham Forest,D England,2,2,1,0,D,H,2025-26.csv,2026-09-03T00:14:44
751beb2fd637b990782e,E0,2025-26,2026-03-04,20:15,Newcastle United,Manchester United,P Bankes,2,1,1,1,H,D,2025-26.csv,2026-09-03T00:14:44
1cc6c218219665df3971,E0,2025-26,2026-03-05,20:00,Tottenham,Crystal Palace,A Madley,1,3,1,3,A,A,2025-26.csv,2026-09-03T00:14:44
630d787184699485e50a,E0,2025-26,2026-03-14,15:00,Burnley,Bournemouth,P Bankes,0,0,0,0,D,D,2025-26.csv,2026-09-03T00:14:44
fa7b60f026fbafbbcd54,E0,2025-26,2026-03-14,15:00,Sunderland,Brighton & Hove Albion,T Kirk,0,1,0,0,A,D,2025-26.csv,2026-09-03T00:14:44
dde2ce971fae1bec09f0,E0,2025-26,2026-03-14,17:30,Arsenal,Everton,A Madley,2,0,0,0,H,D,2025-26.csv,2026-09-03T00:14:44
3e842201af695086934c,E0,2025-26,2026-03-14,17:30,Chelsea,Newcastle United,P Tierney,0,1,0,1,A,A,2025-26.csv,2026-09-03T00:14:44
970d2893e609aa9cfa52,E0,2025-26,2026-03-14,20:00,West Ham United,Manchester City,M Oliver,1,1,1,1,D,D,2025-26.csv,2026-09-03T00:14:44
52010f7591847b9da53a,E0,2025-26,2026-03-15,14:00,Crystal Palace,Leeds,T Bramall,0,0,0,0,D,D,2025-26.csv,2026-09-03T00:14:44
fe18f81dcc72eccbcc2f,E0,2025-26,2026-03-15,14:00,Manchester United,Aston Villa,A Taylor,3,1,0,0,H,D,2025-26.csv,2026-09-03T00:14:44
0ce38ed1e9540af56e6b,E0,2025-26,2026-03-15,14:00,Nottingham Forest,Fulham,S Barrott,0,0,0,0,D,D,2025-26.csv,2026-09-03T00:14:44
0db3cea12eda6b54fe12,E0,2025-26,2026-03-15,16:30,Liverpool,Tottenham,C Kavanagh,1,1,1,0,D,H,2025-26.csv,2026-09-03T00:14:44
e8e9540f34a352130bba,E0,2025-26,2026-03-16,20:00,Brentford,Wolverhampton Wanderers,S Attwell,2,2,2,1,D,H,2025-26.csv,2026-09-03T00:14:44
f81a3cd52e883f32463e,E0,2025-26,2026-03-20,20:00,Bournemouth,Manchester United,S Attwell,2,2,0,0,D,D,2025-26.csv,2026-09-03T00:14:44
e3cb7318914166b2e212,E0,2025-26,2026-03-21,12:30,Brighton & Hove Albion,Liverpool,D England,2,1,1,1,H,D,2025-26.csv,2026-09-03T00:14:44
4552df97b1b86b170a5d,E0,2025-26,2026-03-21,15:00,Fulham,Burnley,C Kavanagh,3,1,0,0,H,D,2025-26.csv,2026-09-03T00:14:44
c81f1166a30e51eb0db3,E0,2025-26,2026-03-21,17:30,Everton,Chelsea,S Barrott,3,0,1,0,H,H,2025-26.csv,2026-09-03T00:14:44
630b5bae36a72d638c6b,E0,2025-26,2026-03-21,20:00,Leeds,Brentford,J Gillett,0,0,0,0,D,D,2025-26.csv,2026-09-03T00:14:44
1bf1d218d048df454fe5,E0,2025-26,2026-03-22,12:00,Newcastle United,Sunderland,A Taylor,1,2,1,0,A,H,2025-26.csv,2026-09-03T00:14:44
29ad0ec5408d32882854,E0,2025-26,2026-03-22,14:15,Aston Villa,West Ham United,P Tierney,2,0,1,0,H,H,2025-26.csv,2026-09-03T00:14:44
0eacc08f1932770bf018,E0,2025-26,2026-03-22,14:15,Tottenham,Nottingham Forest,M Oliver,0,3,0,1,A,A,2025-26.csv,2026-09-03T00:14:44
cb2b6915f1a2553c63a2,E0,2025-26,2026-04-10,20:00,West Ham United,Wolverhampton Wanderers,J Gillett,4,0,1,0,H,H,2025-26.csv,2026-09-03T00:14:44
563ee77c8a5d8063c33f,E0,2025-26,2026-04-11,12:30,Arsenal,Bournemouth,M Oliver,1,2,1,1,A,D,2025-26.csv,2026-09-03T00:14:44
dc9763cca4017950517d,E0,2025-26,2026-04-11,15:00,Brentford,Everton,F Hallam,2,2,1,1,D,D,2025-26.csv,2026-09-03T00:14:44
d21eba8b4334e9010263,E0,2025-26,2026-04-11,15:00,Burnley,Brighton & Hove Albion,T Bramall,0,2,0,1,A,A,2025-26.csv,2026-09-03T00:14:44
1b45ddf44e36a2cfd9d9,E0,2025-26,2026-04-11,17:30,Liverpool,Fulham,A Taylor,2,0,2,0,H,H,2025-26.csv,2026-09-03T00:14:44
32962a30fae99ec760f2,E0,2025-26,2026-04-12,14:00,Crystal Palace,Newcastle United,A Madley,2,1,0,1,H,A,2025-26.csv,2026-09-03T00:14:44
00c8da6e33c32e94acdd,E0,2025-26,2026-04-12,14:00,Nottingham Forest,Aston Villa,M Salisbury,1,1,1,1,D,D,2025-26.csv,2026-09-03T00:14:44
85e6b18ed72f60018b26,E0,2025-26,2026-04-12,14:00,Sunderland,Tottenham,R Jones,1,0,0,0,H,D,2025-26.csv,2026-09-03T00:14:44
99ef482f5edf404f35df,E0,2025-26,2026-04-12,16:30,Chelsea,Manchester City,C Kavanagh,0,3,0,0,A,D,2025-26.csv,2026-09-03T00:14:44
84b5e5e920f8e6219185,E0,2025-26,2026-04-13,20:00,Manchester United,Leeds,P Tierney,1,2,0,2,A,A,2025-26.csv,2026-09-03T00:14:44
c401eb5363ef87ffb49d,E0,2025-26,2026-04-18,12:30,Brentford,Fulham,P Tierney,0,0,0,0,D,D,2025-26.csv,2026-09-03T00:14:44
b2dcfbcba67ca28375c7,E0,2025-26,2026-04-18,15:00,Leeds,Wolverhampton Wanderers,F Hallam,3,0,2,0,H,H,2025-26.csv,2026-09-03T00:14:44
53ab430adbe52fb75c47,E0,2025-26,2026-04-18,15:00,Newcastle United,Bournemouth,T Bramall,1,2,0,1,A,A,2025-26.csv,2026-09-03T00:14:44
799668670d8370ac3298,E0,2025-26,2026-04-18,17:30,Tottenham,Brighton & Hove Albion,S Attwell,2,2,1,1,D,D,2025-26.csv,2026-09-03T00:14:44
078b7349327132f0a1a8,E0,2025-26,2026-04-18,20:00,Chelsea,Manchester United,M Oliver,0,1,0,1,A,A,2025-26.csv,2026-09-03T00:14:44
94245937e3757f50d79e,E0,2025-26,2026-04-19,14:00,Aston Villa,Sunderland,S Barrott,4,3,2,1,H,H,2025-26.csv,2026-09-03T00:14:44
baae4a38c255cc51fb40,E0,2025-26,2026-04-19,14:00,Everton,Liverpool,C Kavanagh,1,2,0,1,A,A,2025-26.csv,2026-09-03T00:14:44
a79b5f1dc022e3257a54,E0,2025-26,2026-04-19,14:00,Nottingham Forest,Burnley,T Kirk,4,1,0,1,H,A,2025-26.csv,2026-09-03T00:14:44
7a995b3227c24576ddb5,E0,2025-26,2026-04-19,16:30,Manchester City,Arsenal,A Taylor,2,1,1,1,H,D,2025-26.csv,2026-09-03T00:14:44
5ae9b9511b0df837d2c7,E0,2025-26,2026-04-20,20:00,Crystal Palace,West Ham United,D England,0,0,0,0,D,D,2025-26.csv,2026-09-03T00:14:44
6a90ec6cb3268e5ecbd0,E0,2025-26,2026-04-21,20:00,Brighton & Hove Albion,Chelsea,C Pawson,3,0,1,0,H,H,2025-26.csv,2026-09-03T00:14:44
d1cb61f5ff572f731070,E0,2025-26,2026-04-22,20:00,Bournemouth,Leeds,M Salisbury,2,2,0,0,D,D,2025-26.csv,2026-09-03T00:14:44
26c1bfb70efbd5590a3e,E0,2025-26,2026-04-22,20:00,Burnley,Manchester City,A Madley,0,1,0,1,A,A,2025-26.csv,2026-09-03T00:14:44
811b5df1218b3a5aa1e6,E0,2025-26,2026-04-24,20:00,Sunderland,Nottingham Forest,D England,0,5,0,4,A,A,2025-26.csv,2026-09-03T00:14:44
584078ab8931f3e48415,E0,2025-26,2026-04-25,12:30,Fulham,Aston Villa,M Oliver,1,0,1,0,H,H,2025-26.csv,2026-09-03T00:14:44
4bb91e1f24665bc3c11e,E0,2025-26,2026-04-25,15:00,Liverpool,Crystal Palace,A Madley,3,1,2,0,H,H,2025-26.csv,2026-09-03T00:14:44
aaf3f0e6c1f9f536dc4e,E0,2025-26,2026-04-25,15:00,West Ham United,Everton,S Attwell,2,1,0,0,H,D,2025-26.csv,2026-09-03T00:14:44
af58cc8b6eeed98e8452,E0,2025-26,2026-04-25,15:00,Wolverhampton Wanderers,Tottenham,A Taylor,0,1,0,0,A,D,2025-26.csv,2026-09-03T00:14:44
b1d63d9d9cd6d243c3e7,E0,2025-26,2026-04-25,17:30,Arsenal,Newcastle United,S Barrott,1,0,1,0,H,H,2025-26.csv,2026-09-03T00:14:44
60bc443dcce32d7658ec,E0,2025-26,2026-04-27,20:00,Manchester United,Brentford,C Kavanagh,2,1,2,0,H,H,2025-26.csv,2026-09-03T00:14:44
282cd39cf3e0b3bc79c5,E0,2025-26,2026-05-01,20:00,Leeds,Burnley,T Bramall,3,1,1,0,H,H,2025-26.csv,2026-09-03T00:14:44
f4e074fae7b7efa8369f,E0,2025-26,2026-05-02,15:00,Brentford,West Ham United,C Pawson,3,0,1,0,H,H,2025-26.csv,2026-09-03T00:14:44
edf2903c39ba5174640f,E0,2025-26,2026-05-02,15:00,Newcastle United,Brighton & Hove Albion,C Kavanagh,3,1,2,0,H,H,2025-26.csv,2026-09-03T00:14:44
162faebe8ca596ee8b7d,E0,2025-26,2026-05-02,15:00,Wolverhampton Wanderers,Sunderland,P Tierney,1,1,0,1,D,A,2025-26.csv,2026-09-03T00:14:44
f2ea067dc0222239eeba,E0,2025-26,2026-05-02,17:30,Arsenal,Fulham,J Gillett,3,0,3,0,H,H,2025-26.csv,2026-09-03T00:14:44
5d6a296e81539e96a790,E0,2025-26,2026-05-03,14:00,Bournemouth,Crystal Palace,R Jones,3,0,2,0,H,H,2025-26.csv,2026-09-03T00:14:44
eda6ae3134f45e8f3123,E0,2025-26,2026-05-03,15:30,Manchester United,Liverpool,D England,3,2,2,0,H,H,2025-26.csv,2026-09-03T00:14:44
392999311c7a870ecbe1,E0,2025-26,2026-05-03,19:00,Aston Villa,Tottenham,S Barrott,1,2,0,2,A,A,2025-26.csv,2026-09-03T00:14:44
10540973f68c23ad08c3,E0,2025-26,2026-05-04,15:00,Chelsea,Nottingham Forest,A Taylor,1,3,0,2,A,A,2025-26.csv,2026-09-03T00:14:44
74dcb1dcd18513baf5c4,E0,2025-26,2026-05-04,20:00,Everton,Manchester City,M Oliver,3,3,0,1,D,A,2025-26.csv,2026-09-03T00:14:44
357b9b44bdc3b298c09d,E0,2025-26,2026-05-09,12:30,Liverpool,Chelsea,C Pawson,1,1,1,1,D,D,2025-26.csv,2026-09-03T00:14:44
2e36279a486e44f8e698,E0,2025-26,2026-05-09,15:00,Brighton & Hove Albion,Wolverhampton Wanderers,J Brooks,3,0,2,0,H,H,2025-26.csv,2026-09-03T00:14:44
75c16a5f77d36a35e1c7,E0,2025-26,2026-05-09,15:00,Fulham,Bournemouth,A Madley,0,1,0,0,A,D,2025-26.csv,2026-09-03T00:14:44
8f4f55739b493d318913,E0,2025-26,2026-05-09,15:00,Sunderland,Manchester United,S Attwell,0,0,0,0,D,D,2025-26.csv,2026-09-03T00:14:44
e06157009a58bf7a517c,E0,2025-26,2026-05-09,17:30,Manchester City,Brentford,M Salisbury,3,0,0,0,H,D,2025-26.csv,2026-09-03T00:14:44
5117a8132a9a0ce70c0c,E0,2025-26,2026-05-10,14:00,Burnley,Aston Villa,A Taylor,2,2,1,1,D,D,2025-26.csv,2026-09-03T00:14:44
5d110626dc0adc04ac49,E0,2025-26,2026-05-10,14:00,Crystal Palace,Everton,T Bramall,2,2,1,1,D,D,2025-26.csv,2026-09-03T00:14:44
c341f8cb0ccee7672c4f,E0,2025-26,2026-05-10,14:00,Nottingham Forest,Newcastle United,P Tierney,1,1,0,0,D,D,2025-26.csv,2026-09-03T00:14:44
8cfdf4238181118636af,E0,2025-26,2026-05-10,16:30,West Ham United,Arsenal,C Kavanagh,0,1,0,0,A,D,2025-26.csv,2026-09-03T00:14:44
e9143f1f7da972e8bbc5,E0,2025-26,2026-05-11,20:00,Tottenham,Leeds,J Gillett,1,1,0,0,D,D,2025-26.csv,2026-09-03T00:14:44
94a051a38206ab0440f9,E0,2025-26,2026-05-13,20:00,Manchester City,Crystal Palace,S Attwell,3,0,2,0,H,H,2025-26.csv,2026-09-03T00:14:44
47fb399e2b0298f0a5c6,E0,2025-26,2026-05-15,20:00,Aston Villa,Liverpool,C Kavanagh,4,2,1,0,H,H,2025-26.csv,2026-09-03T00:14:44
70793132b5cba140df56,E0,2025-26,2026-05-17,12:30,Manchester United,Nottingham Forest,M Salisbury,3,2,1,0,H,H,2025-26.csv,2026-09-03T00:14:44
b6b086e667f01fc321a7,E0,2025-26,2026-05-17,15:00,Brentford,Crystal Palace,S Barrott,2,2,1,1,D,D,2025-26.csv,2026-09-03T00:14:44
f33e788b92e93d3df749,E0,2025-26,2026-05-17,15:00,Everton,Sunderland,J Brooks,1,3,1,0,A,H,2025-26.csv,2026-09-03T00:14:44
717275c52836f9e908b3,E0,2025-26,2026-05-17,15:00,Leeds,Brighton & Hove Albion,M Oliver,1,0,0,0,H,D,2025-26.csv,2026-09-03T00:14:44
08ac84a9d86c10477bcf,E0,2025-26,2026-05-17,15:00,Wolverhampton Wanderers,Fulham,T Kirk,1,1,1,1,D,D,2025-26.csv,2026-09-03T00:14:44
d10c766f472d3e165def,E0,2025-26,2026-05-17,17:30,Newcastle United,West Ham United,J Gillett,3,1,2,0,H,H,2025-26.csv,2026-09-03T00:14:44
de3ccdeae6f95be60466,E0,2025-26,2026-05-18,20:00,Arsenal,Burnley,P Tierney,1,0,1,0,H,H,2025-26.csv,2026-09-03T00:14:44
b0ebd1c12b58f1c6e148,E0,2025-26,2026-05-19,19:30,Bournemouth,Manchester City,A Taylor,1,1,1,0,D,H,2025-26.csv,2026-09-03T00:14:44
d5865ba591119e2c3b7a,E0,2025-26,2026-05-19,20:15,Chelsea,Tottenham,S Attwell,2,1,1,0,H,H,2025-26.csv,2026-09-03T00:14:44
68d8ccd8f20b9df0cd48,E0,2025-26,2026-05-24,16:00,Brighton & Hove Albion,Manchester United,S Barrott,0,3,0,2,A,A,2025-26.csv,2026-09-03T00:14:44
c1c7ed940e7aed84aca8,E0,2025-26,2026-05-24,16:00,Burnley,Wolverhampton Wanderers,A Kitchen,1,1,0,1,D,A,2025-26.csv,2026-09-03T00:14:44
a653fc4b05c0576a884e,E0,2025-26,2026-05-24,16:00,Crystal Palace,Arsenal,F Hallam,1,2,0,1,A,A,2025-26.csv,2026-09-03T00:14:44
baa7080b4656f818b370,E0,2025-26,2026-05-24,16:00,Fulham,Newcastle United,R Jones,2,0,1,0,H,H,2025-26.csv,2026-09-03T00:14:44
be428d26171087c1b564,E0,2025-26,2026-05-24,16:00,Liverpool,Brentford,D England,1,1,0,0,D,D,2025-26.csv,2026-09-03T00:14:44
ee1aa1587511612c9b8e,E0,2025-26,2026-05-24,16:00,Manchester City,Aston Villa,A Madley,1,2,1,0,A,H,2025-26.csv,2026-09-03T00:14:44
f3691569a289a4821be6,E0,2025-26,2026-05-24,16:00,Nottingham Forest,Bournemouth,C Pawson,1,1,1,0,D,H,2025-26.csv,2026-09-03T00:14:44
7921a1c01164d6b3395d,E0,2025-26,2026-05-24,16:00,Sunderland,Chelsea,C Kavanagh,2,1,1,0,H,H,2025-26.csv,2026-09-03T00:14:44
aec3745c5a083e7138dd,E0,2025-26,2026-05-24,16:00,Tottenham,Everton,M Oliver,1,0,1,0,H,H,2025-26.csv,2026-09-03T00:14:44
cd46c4374068182ca4c8,E0,2025-26,2026-05-24,16:00,West Ham United,Leeds,A Taylor,3,0,0,0,H,D,2025-26.csv,2026-09-03T00:14:44
0a9f0bf0a8674d2a443b,E0,2026-27,2026-08-21,20:00,Arsenal,Coventry,T Bramall,3,0,2,0,H,H,2026-27.csv,2026-09-03T00:14:47
2304a830a7804f34b177,E0,2026-27,2026-08-22,12:30,Hull,Manchester United,D England,2,0,2,0,H,H,2026-27.csv,2026-09-03T00:14:47
0598a9ab3c118e779149,E0,2026-27,2026-08-22,15:00,Everton,Crystal Palace,P Tierney,2,0,1,0,H,H,2026-27.csv,2026-09-03T00:14:47
b2d5bc1930cf4a61af0f,E0,2026-27,2026-08-22,15:00,Ipswich,Sunderland,F Hallam,2,1,1,1,H,D,2026-27.csv,2026-09-03T00:14:47
10489473369ebe324438,E0,2026-27,2026-08-22,15:00,Nottingham Forest,Leeds,R Jones,0,1,0,0,A,D,2026-27.csv,2026-09-03T00:14:47
c5b6dd470d2e2dc1a27a,E0,2026-27,2026-08-22,17:30,Brentford,Tottenham,M Oliver,3,0,2,0,H,H,2026-27.csv,2026-09-03T00:14:47
80126a3bcc5879d95522,E0,2026-27,2026-08-23,14:00,Brighton & Hove Albion,Aston Villa,P Bankes,4,0,4,0,H,H,2026-27.csv,2026-09-03T00:14:47
ed9e18269eda32e0e17e,E0,2026-27,2026-08-23,14:00,Manchester City,Bournemouth,J Gillett,2,1,0,1,H,A,2026-27.csv,2026-09-03T00:14:47
2460c740d97e55fc3a94,E0,2026-27,2026-08-23,16:30,Newcastle United,Liverpool,S Attwell,2,2,1,0,D,H,2026-27.csv,2026-09-03T00:14:47
092f05f36b9603960bbf,E0,2026-27,2026-08-24,20:00,Fulham,Chelsea,J Brooks,2,3,1,2,A,A,2026-27.csv,2026-09-03T00:14:47
a0470ebb184b0bd4003b,E0,2026-27,2026-08-28,20:00,Crystal Palace,Manchester City,A Madley,1,4,0,1,A,A,2026-27.csv,2026-09-03T00:14:47
353bef59cda87f707b4c,E0,2026-27,2026-08-29,12:30,Liverpool,Nottingham Forest,S Barrott,2,2,0,1,D,A,2026-27.csv,2026-09-03T00:14:47
b24b89c2b322d9a9f56b,E0,2026-27,2026-08-29,15:00,Bournemouth,Everton,C Kavanagh,1,1,1,0,D,H,2026-27.csv,2026-09-03T00:14:47
abab64766a74e3378a6a,E0,2026-27,2026-08-29,15:00,Coventry,Hull,J Smith,0,1,0,0,A,D,2026-27.csv,2026-09-03T00:14:47
6688eafeea0b6c9e0a50,E0,2026-27,2026-08-29,17:30,Tottenham,Newcastle United,P Bankes,0,2,0,0,A,D,2026-27.csv,2026-09-03T00:14:47
7372144be6bbd6de972b,E0,2026-27,2026-08-30,14:00,Chelsea,Brighton & Hove Albion,M Oliver,4,3,3,1,H,H,2026-27.csv,2026-09-03T00:14:47
3f09a3810cb7e16ee46f,E0,2026-27,2026-08-30,14:00,Leeds,Brentford,T Harrington,1,1,0,1,D,A,2026-27.csv,2026-09-03T00:14:47
d0e7c9f309d445470105,E0,2026-27,2026-08-30,14:00,Sunderland,Fulham,M Salisbury,1,0,0,0,H,D,2026-27.csv,2026-09-03T00:14:47
067c1013a1455149f8a5,E0,2026-27,2026-08-30,16:30,Manchester United,Ipswich,C Pawson,5,2,1,1,H,D,2026-27.csv,2026-09-03T00:14:47
bf024f05349f8b455088,E0,2026-27,2026-08-31,20:00,Aston Villa,Arsenal,J Gillett,0,1,0,0,A,D,2026-27.csv,2026-09-03T00:14:47
