match_id,season,match_date,home_team,away_team,referee,home_position_before,away_position_before,home_points_before,away_points_before,home_ppg_before,away_ppg_before,home_rest_days,away_rest_days,referee_matches_before,referee_fouls_avg_before,referee_yellow_avg_before,league_matches_before,league_fouls_avg_before,league_yellow_avg_before,league_corners_avg_before,league_goals_avg_before
207e193a3325c15a45b8,2022-23,2022-08-13,Arsenal,Leicester,D England,2,11,3.0,1.0,3.0,1.0,8.0,6.0,0,,,10,20.6,3.0,10.4,2.8
938b05c9beb26b34732d,2022-23,2022-08-27,Arsenal,Fulham,J Gillett,1,7,9.0,5.0,3.0,1.6666666666666667,7.0,7.0,2,16.0,3.0,30,20.466666666666665,3.7,9.933333333333334,2.933333333333333
5a7467b6529cce0fb817,2022-23,2022-08-31,Arsenal,Aston Villa,R Jones,1,16,12.0,3.0,3.0,0.75,4.0,3.0,2,21.5,3.5,44,20.181818181818183,3.6818181818181817,9.840909090909092,2.909090909090909
610b0db09213c511285b,2022-23,2022-10-01,Arsenal,Tottenham,A Taylor,1,3,18.0,17.0,2.5714285714285716,2.4285714285714284,13.0,14.0,6,20.0,3.0,67,20.104477611940297,3.7761194029850746,10.059701492537313,2.955223880597015
fcd1bb6e5784d419d314,2022-23,2022-10-09,Arsenal,Liverpool,M Oliver,2,10,21.0,10.0,2.625,1.4285714285714286,8.0,8.0,7,17.857142857142858,3.2857142857142856,82,20.21951219512195,3.6463414634146343,9.987804878048781,3.0609756097560976
bb71f16e3cc659cfeb23,2022-23,2022-10-30,Arsenal,Nottingham Forest,S Hooper,2,20,28.0,9.0,2.5454545454545454,0.75,7.0,8.0,8,18.875,3.125,124,20.782258064516128,3.5403225806451615,10.21774193548387,2.7983870967741935
71c77a8e8e2066b27069,2022-23,2022-12-26,Arsenal,West Ham United,M Oliver,1,16,37.0,14.0,2.642857142857143,0.9333333333333333,44.0,44.0,12,19.75,3.25,146,20.623287671232877,3.5342465753424657,10.212328767123287,2.8698630136986303
2e3f90ad23c08563f2d1,2022-23,2023-01-03,Arsenal,Newcastle United,A Madley,1,3,43.0,34.0,2.6875,2.0,3.0,3.0,11,21.818181818181817,2.8181818181818183,167,20.87425149700599,3.532934131736527,10.125748502994012,2.874251497005988
461cf461f0c63d738caa,2022-23,2023-01-22,Arsenal,Manchester United,A Taylor,1,4,47.0,39.0,2.611111111111111,2.0526315789473686,7.0,4.0,14,19.785714285714285,3.7142857142857144,195,21.04102564102564,3.58974358974359,10.097435897435897,2.7794871794871794
a133d2cf878d9098b533,2022-23,2023-02-11,Arsenal,Brentford,P Bankes,1,7,50.0,33.0,2.5,1.5714285714285714,7.0,7.0,11,23.181818181818183,4.363636363636363,210,21.11904761904762,3.6,10.061904761904762,2.742857142857143
83b56e35bc0e188edad2,2022-23,2023-02-15,Arsenal,Manchester City,A Taylor,1,2,51.0,48.0,2.4285714285714284,2.1818181818181817,4.0,3.0,15,19.6,3.6666666666666665,220,21.15909090909091,3.6,10.00909090909091,2.7363636363636363
8fb80c7700726a47d824,2022-23,2023-03-01,Arsenal,Everton,M Oliver,1,18,57.0,21.0,2.375,0.875,4.0,4.0,19,21.42105263157895,3.263157894736842,239,21.205020920502093,3.6192468619246863,10.0,2.694560669456067
a81ab1c723e88df7903a,2022-23,2023-03-04,Arsenal,Bournemouth,C Kavanagh,1,19,60.0,21.0,2.4,0.875,3.0,7.0,5,21.6,4.6,241,21.21161825726141,3.6182572614107884,9.970954356846473,2.6970954356846475
2a41adcfd4b91ab863dc,2022-23,2023-03-19,Arsenal,Crystal Palace,S Attwell,1,12,66.0,27.0,2.4444444444444446,1.0,7.0,4.0,18,19.27777777777778,3.5555555555555554,269,21.356877323420075,3.620817843866171,10.018587360594795,2.717472118959108
cf4653bb41ce08cd534e,2022-23,2023-04-01,Arsenal,Leeds,D England,1,14,69.0,26.0,2.4642857142857144,0.9629629629629629,13.0,14.0,13,21.384615384615383,3.6153846153846154,270,21.344444444444445,3.611111111111111,10.014814814814814,2.725925925925926
1ead03f2af7ac40b7aae,2022-23,2023-04-21,Arsenal,Southampton,S Hooper,1,20,74.0,23.0,2.3870967741935485,0.7419354838709677,5.0,6.0,23,19.869565217391305,3.1739130434782608,306,21.437908496732025,3.6013071895424837,10.045751633986928,2.764705882352941
759740e91546e13f1a3b,2022-23,2023-05-02,Arsenal,Chelsea,R Jones,2,12,75.0,39.0,2.272727272727273,1.21875,6.0,6.0,22,22.181818181818183,4.136363636363637,333,21.444444444444443,3.6006006006006004,10.048048048048049,2.8378378378378377
8bd235ad7d93877e4c5f,2022-23,2023-05-14,Arsenal,Brighton & Hove Albion,A Madley,2,8,81.0,55.0,2.3142857142857145,1.6666666666666667,7.0,6.0,23,22.391304347826086,3.4782608695652173,353,21.555240793201133,3.6147308781869687,10.130311614730878,2.8470254957507084
743469609acab2affcc6,2022-23,2023-05-28,Arsenal,Wolverhampton Wanderers,A Marriner,2,13,81.0,41.0,2.189189189189189,1.1081081081081081,8.0,8.0,12,19.166666666666668,3.8333333333333335,370,21.562162162162164,3.608108108108108,10.102702702702702,2.8405405405405406
0641a43591fdbac10cde,2022-23,2022-08-13,Aston Villa,Everton,M Oliver,16,15,0.0,0.0,0.0,0.0,7.0,7.0,1,12.0,1.0,10,20.6,3.0,10.4,2.8
8eb85e26ed77f62e482a,2022-23,2022-08-28,Aston Villa,West Ham United,D Coote,15,20,3.0,0.0,1.0,0.0,8.0,7.0,1,18.0,3.0,37,20.0,3.6486486486486487,9.945945945945946,3.054054054054054
30dc9b9e7f6980246208,2022-23,2022-09-03,Aston Villa,Manchester City,S Hooper,19,2,3.0,13.0,0.6,2.6,3.0,3.0,3,20.0,3.3333333333333335,50,20.24,3.68,9.76,2.86
7e848d18b9a3232e5f3c,2022-23,2022-09-16,Aston Villa,Southampton,T Harrington,17,12,4.0,7.0,0.6666666666666666,1.1666666666666667,13.0,13.0,2,18.0,3.0,60,20.1,3.783333333333333,10.0,2.9166666666666665
39516139c2cd6825bea3,2022-23,2022-10-16,Aston Villa,Chelsea,R Jones,16,4,9.0,16.0,1.0,2.0,6.0,8.0,5,21.8,4.4,92,20.83695652173913,3.6956521739130435,9.847826086956522,3.010869565217391
2c3ba50de257810a0589,2022-23,2022-10-23,Aston Villa,Brentford,D England,17,10,9.0,14.0,0.8181818181818182,1.2727272727272727,3.0,4.0,5,21.6,3.4,110,20.87272727272727,3.618181818181818,9.945454545454545,2.7818181818181817
24b48de736f2770e347a,2022-23,2022-11-06,Aston Villa,Manchester United,A Taylor,17,5,12.0,23.0,0.9230769230769231,1.9166666666666667,8.0,7.0,11,20.363636363636363,3.272727272727273,131,20.763358778625953,3.5114503816793894,10.305343511450381,2.854961832061069
85ede115af738f894c70,2022-23,2022-12-26,Aston Villa,Liverpool,P Tierney,12,6,18.0,22.0,1.2,1.5714285714285714,43.0,44.0,12,20.333333333333332,3.75,146,20.623287671232877,3.5342465753424657,10.212328767123287,2.8698630136986303
62a4a263fa059037b6f3,2022-23,2023-01-04,Aston Villa,Wolverhampton Wanderers,J Gillett,12,19,21.0,13.0,1.2352941176470589,0.7647058823529411,3.0,4.0,8,16.875,3.375,171,20.894736842105264,3.584795321637427,10.105263157894736,2.8596491228070176
bcfcad9ed79a03e16346,2022-23,2023-01-13,Aston Villa,Leeds,M Oliver,11,14,22.0,17.0,1.2222222222222223,1.0,9.0,9.0,14,20.428571428571427,3.142857142857143,177,20.994350282485875,3.598870056497175,10.11864406779661,2.847457627118644
593728ebd8d39a09e8e5,2022-23,2023-02-04,Aston Villa,Leicester,D England,11,14,28.0,18.0,1.4,0.9,14.0,14.0,9,20.77777777777778,3.2222222222222223,200,21.08,3.595,10.105,2.755
dec0f09be8f67557ea5a,2022-23,2023-02-18,Aston Villa,Arsenal,S Hooper,11,2,28.0,51.0,1.2727272727272727,2.3181818181818183,6.0,3.0,16,19.8125,3.0625,221,21.18099547511312,3.6063348416289593,9.981900452488688,2.742081447963801
255922eb01681ed26f30,2022-23,2023-03-04,Aston Villa,Crystal Palace,C Pawson,11,12,31.0,27.0,1.2916666666666667,1.125,7.0,7.0,15,23.333333333333332,4.0,241,21.21161825726141,3.6182572614107884,9.970954356846473,2.6970954356846475
8e71f436a08dfc765601,2022-23,2023-03-18,Aston Villa,Bournemouth,R Jones,11,18,35.0,24.0,1.3461538461538463,0.9230769230769231,6.0,7.0,17,22.235294117647058,3.8823529411764706,264,21.356060606060606,3.606060606060606,9.984848484848484,2.6893939393939394
b1f17997710b65c2acff,2022-23,2023-04-08,Aston Villa,Nottingham Forest,A Taylor,7,17,44.0,27.0,1.5172413793103448,0.9310344827586207,4.0,4.0,21,20.38095238095238,3.5714285714285716,286,21.47902097902098,3.6188811188811187,10.038461538461538,2.734265734265734
88d5531047e6e7f02c1a,2022-23,2023-04-15,Aston Villa,Newcastle United,J Brooks,6,3,47.0,56.0,1.5666666666666667,1.9310344827586208,7.0,7.0,12,21.916666666666668,4.583333333333333,296,21.510135135135137,3.6216216216216215,10.077702702702704,2.7364864864864864
862dfa48e475b669d0fe,2022-23,2023-04-25,Aston Villa,Fulham,T Bramall,6,9,51.0,45.0,1.59375,1.4516129032258065,3.0,3.0,5,24.0,3.0,314,21.477707006369428,3.6019108280254777,10.073248407643312,2.789808917197452
1f7ce864aa8f6a52d3b6,2022-23,2023-05-13,Aston Villa,Tottenham,P Bankes,8,6,54.0,57.0,1.542857142857143,1.6285714285714286,7.0,7.0,19,23.31578947368421,4.2631578947368425,347,21.51008645533141,3.6080691642651295,10.115273775216139,2.847262247838617
c0ad591d4ffa5ef9dcfe,2022-23,2023-05-28,Aston Villa,Brighton & Hove Albion,D Coote,7,6,58.0,62.0,1.5675675675675675,1.6756756756756757,8.0,4.0,20,23.05,3.45,370,21.562162162162164,3.608108108108108,10.102702702702702,2.8405405405405406
49daf8f728a59f92ff13,2022-23,2022-08-06,Bournemouth,Aston Villa,P Bankes,3,2,0.0,0.0,,,,,0,,,1,27.0,3.0,8.0,2.0
d78e9cfccc26018f13da,2022-23,2022-08-20,Bournemouth,Arsenal,C Pawson,11,2,3.0,6.0,1.5,3.0,7.0,7.0,1,25.0,5.0,20,19.8,3.65,10.2,2.8
646595881355e20719df,2022-23,2022-08-31,Bournemouth,Wolverhampton Wanderers,A Taylor,18,19,3.0,2.0,0.75,0.5,4.0,3.0,3,20.666666666666668,2.6666666666666665,44,20.181818181818183,3.6818181818181817,9.840909090909092,2.909090909090909
8e875663fb5882e8c541,2022-23,2022-10-01,Bournemouth,Brentford,T Bramall,12,9,8.0,9.0,1.1428571428571428,1.2857142857142858,14.0,13.0,1,20.0,3.0,67,20.104477611940297,3.7761194029850746,10.059701492537313,2.955223880597015
e9ebf963eb7a3b22fe20,2022-23,2022-10-08,Bournemouth,Leicester,M Salisbury,13,19,9.0,4.0,1.125,0.5,7.0,5.0,3,27.0,4.333333333333333,77,20.25974025974026,3.7532467532467533,10.025974025974026,3.038961038961039
cb3f7fc9e0b473d71044,2022-23,2022-10-19,Bournemouth,Southampton,J Brooks,11,18,13.0,8.0,1.3,0.8,4.0,3.0,4,21.0,4.25,99,20.88888888888889,3.6666666666666665,9.868686868686869,2.888888888888889
408ee1536c3a3bb3309c,2022-23,2022-10-29,Bournemouth,Tottenham,A Taylor,14,3,13.0,23.0,1.0833333333333333,1.9166666666666667,5.0,6.0,10,20.9,3.3,116,20.870689655172413,3.5775862068965516,9.982758620689655,2.810344827586207
17bd532ce6ef0c61f180,2022-23,2022-11-12,Bournemouth,Everton,C Pawson,17,16,13.0,14.0,0.9285714285714286,1.0,7.0,7.0,7,23.0,4.428571428571429,136,20.75735294117647,3.5,10.242647058823529,2.8676470588235294
2520214a052555235e37,2022-23,2022-12-31,Bournemouth,Crystal Palace,A Marriner,14,11,16.0,19.0,1.0,1.2666666666666666,4.0,5.0,5,18.6,3.6,158,20.696202531645568,3.4430379746835444,10.170886075949367,2.8987341772151898
c863e16bba8b4e1bbcd5,2022-23,2023-01-21,Bournemouth,Nottingham Forest,A Madley,17,13,16.0,20.0,0.8421052631578947,1.0526315789473684,7.0,7.0,12,22.166666666666668,3.25,189,21.058201058201057,3.6031746031746033,10.068783068783068,2.82010582010582
1dbde5f94683695d1ab9,2022-23,2023-02-11,Bournemouth,Newcastle United,S Attwell,19,4,17.0,40.0,0.8095238095238095,1.9047619047619047,7.0,7.0,14,19.785714285714285,3.5,210,21.11904761904762,3.6,10.061904761904762,2.742857142857143
7207502546d8ddbd33f0,2022-23,2023-02-25,Bournemouth,Manchester City,P Tierney,17,2,21.0,52.0,0.9130434782608695,2.1666666666666665,7.0,7.0,19,20.05263157894737,3.3157894736842106,232,21.189655172413794,3.6163793103448274,10.017241379310345,2.711206896551724
0af4bf4b189bf8379a54,2022-23,2023-03-11,Bournemouth,Liverpool,J Brooks,20,5,21.0,42.0,0.84,1.68,7.0,6.0,10,22.6,4.7,251,21.294820717131476,3.641434262948207,9.952191235059761,2.7131474103585655
55cede9f35401e454a00,2022-23,2023-04-01,Bournemouth,Fulham,P Bankes,19,9,24.0,39.0,0.8888888888888888,1.4444444444444444,14.0,20.0,14,23.857142857142858,4.214285714285714,270,21.344444444444445,3.611111111111111,10.014814814814814,2.725925925925926
2289b5d564054ae36f8b,2022-23,2023-04-04,Bournemouth,Brighton & Hove Albion,D Bond,17,6,27.0,43.0,0.9642857142857143,1.6538461538461537,3.0,3.0,3,21.0,4.666666666666667,280,21.47142857142857,3.617857142857143,9.992857142857142,2.7392857142857143
942db0742c88e27d4b01,2022-23,2023-04-23,Bournemouth,West Ham United,A Taylor,14,15,33.0,31.0,1.064516129032258,1.0333333333333334,8.0,7.0,23,20.347826086956523,3.782608695652174,312,21.503205128205128,3.605769230769231,10.057692307692308,2.7724358974358974
d29696438b8544be5636,2022-23,2023-04-30,Bournemouth,Leeds,C Kavanagh,14,16,36.0,30.0,1.0909090909090908,0.9090909090909091,3.0,5.0,10,20.2,3.4,327,21.45565749235474,3.599388379204893,10.076452599388379,2.81651376146789
3599af6dbec6945984f8,2022-23,2023-05-06,Bournemouth,Chelsea,J Brooks,13,12,39.0,39.0,1.1470588235294117,1.1818181818181819,6.0,4.0,15,22.2,4.0,337,21.421364985163205,3.5905044510385755,10.059347181008903,2.830860534124629
be3fd4de6a1ede958edd,2022-23,2023-05-20,Bournemouth,Manchester United,C Kavanagh,14,4,39.0,66.0,1.0833333333333333,1.8857142857142857,7.0,7.0,12,21.333333333333332,3.1666666666666665,358,21.58100558659218,3.6033519553072626,10.12290502793296,2.85195530726257
ed72ddba123d47855542,2022-23,2022-08-13,Brentford,Manchester United,S Attwell,9,13,1.0,0.0,1.0,0.0,6.0,6.0,0,,,10,20.6,3.0,10.4,2.8
58ca09d53dfd06f27583,2022-23,2022-08-27,Brentford,Everton,J Brooks,8,17,4.0,1.0,1.3333333333333333,0.3333333333333333,7.0,7.0,1,21.0,6.0,30,20.466666666666665,3.7,9.933333333333334,2.933333333333333
74de37cbabd626103ee3,2022-23,2022-09-03,Brentford,Leeds,R Jones,11,7,6.0,8.0,1.2,1.6,4.0,4.0,3,22.333333333333332,4.0,50,20.24,3.68,9.76,2.86
c081c39d0fa21ad30f77,2022-23,2022-09-18,Brentford,Arsenal,D Coote,9,3,9.0,15.0,1.5,2.5,15.0,14.0,2,19.0,2.5,65,20.123076923076923,3.8,9.984615384615385,2.9846153846153847
9f72f666b40755b4d1de,2022-23,2022-10-14,Brentford,Brighton & Hove Albion,M Salisbury,11,7,10.0,14.0,1.1111111111111112,1.75,6.0,6.0,4,26.25,4.0,87,20.50574712643678,3.689655172413793,9.816091954022989,3.0804597701149423
8edc47c4b9cd4915821d,2022-23,2022-10-19,Brentford,Chelsea,J Gillett,9,4,13.0,19.0,1.3,2.111111111111111,5.0,3.0,4,17.75,4.25,99,20.88888888888889,3.6666666666666665,9.868686868686869,2.888888888888889
3c1da1711dba90a61cc9,2022-23,2022-10-29,Brentford,Wolverhampton Wanderers,R Madley,11,19,14.0,9.0,1.1666666666666667,0.75,6.0,6.0,0,,,116,20.870689655172413,3.5775862068965516,9.982758620689655,2.810344827586207
b0cded8c1ad3bf588700,2022-23,2022-12-26,Brentford,Tottenham,D Coote,10,4,19.0,29.0,1.2666666666666666,1.9333333333333333,44.0,44.0,7,20.571428571428573,2.2857142857142856,146,20.623287671232877,3.5342465753424657,10.212328767123287,2.8698630136986303
325c97e8ce7bf1acde46,2022-23,2023-01-02,Brentford,Liverpool,S Attwell,10,6,23.0,28.0,1.3529411764705883,1.75,3.0,3.0,10,20.1,3.5,166,20.92168674698795,3.5301204819277108,10.108433734939759,2.8674698795180724
d5557c816326b99638db,2022-23,2023-01-14,Brentford,Bournemouth,J Gillett,9,16,26.0,16.0,1.4444444444444444,0.8888888888888888,12.0,11.0,9,17.0,3.4444444444444446,178,20.98876404494382,3.601123595505618,10.123595505617978,2.848314606741573
c110dfa7909ae0c40f67,2022-23,2023-02-04,Brentford,Southampton,D Bond,8,20,30.0,15.0,1.5,0.75,13.0,14.0,1,23.0,8.0,200,21.08,3.595,10.105,2.755
a24876536322cd65118b,2022-23,2023-02-18,Brentford,Crystal Palace,P Tierney,8,12,34.0,25.0,1.5454545454545454,1.1363636363636365,7.0,7.0,18,20.166666666666668,3.2777777777777777,221,21.18099547511312,3.6063348416289593,9.981900452488688,2.742081447963801
fa4a9a7918a9592287f4,2022-23,2023-03-06,Brentford,Fulham,A Taylor,9,7,35.0,39.0,1.5217391304347827,1.56,16.0,10.0,18,19.72222222222222,3.611111111111111,250,21.264,3.644,9.972,2.704
68e1181c29eb0dc728be,2022-23,2023-03-18,Brentford,Leicester,D Bond,8,16,41.0,24.0,1.5769230769230769,0.9230769230769231,3.0,7.0,2,21.0,5.5,264,21.356060606060606,3.606060606060606,9.984848484848484,2.6893939393939394
e8f5f2754e83342c7482,2022-23,2023-04-08,Brentford,Newcastle United,C Kavanagh,9,3,43.0,53.0,1.4827586206896552,1.8928571428571428,3.0,3.0,8,20.375,4.25,286,21.47902097902098,3.6188811188811187,10.038461538461538,2.734265734265734
0527dca1aca568446cbd,2022-23,2023-04-22,Brentford,Aston Villa,M Salisbury,9,6,43.0,50.0,1.3870967741935485,1.6129032258064515,7.0,7.0,13,24.076923076923077,4.461538461538462,307,21.446254071661237,3.6091205211726383,10.042345276872965,2.775244299674267
f622b7298c404687e13a,2022-23,2023-04-29,Brentford,Nottingham Forest,P Bankes,9,17,47.0,30.0,1.4242424242424243,0.9090909090909091,3.0,3.0,17,24.176470588235293,4.470588235294118,324,21.438271604938272,3.6080246913580245,10.089506172839506,2.79320987654321
285efd936e98013d78ff,2022-23,2023-05-14,Brentford,West Ham United,M Oliver,10,15,50.0,37.0,1.4285714285714286,1.0571428571428572,8.0,7.0,28,21.428571428571427,3.0,353,21.555240793201133,3.6147308781869687,10.130311614730878,2.8470254957507084
11443a1c0aea88149480,2022-23,2023-05-28,Brentford,Manchester City,J Brooks,9,1,56.0,89.0,1.5135135135135136,2.4054054054054053,8.0,4.0,18,22.22222222222222,4.277777777777778,370,21.562162162162164,3.608108108108108,10.102702702702702,2.8405405405405406
7f9a48950600028f37f6,2022-23,2022-08-13,Brighton & Hove Albion,Newcastle United,G Scott,6,5,3.0,3.0,3.0,3.0,6.0,7.0,0,,,10,20.6,3.0,10.4,2.8
ed6459cb9468ee98f639,2022-23,2022-08-27,Brighton & Hove Albion,Leeds,M Salisbury,5,3,7.0,7.0,2.3333333333333335,2.3333333333333335,6.0,6.0,1,26.0,5.0,30,20.466666666666665,3.7,9.933333333333334,2.933333333333333
ac6a758eb258d3819767,2022-23,2022-09-04,Brighton & Hove Albion,Leicester,T Harrington,4,20,10.0,1.0,2.0,0.2,5.0,3.0,1,22.0,4.0,58,20.17241379310345,3.7758620689655173,10.03448275862069,2.8275862068965516
f84341928b66f43c2618,2022-23,2022-10-08,Brighton & Hove Albion,Tottenham,T Harrington,4,3,14.0,17.0,2.0,2.125,7.0,7.0,3,20.666666666666668,3.3333333333333335,77,20.25974025974026,3.7532467532467533,10.025974025974026,3.038961038961039
07c6d90ed34538d90d2c,2022-23,2022-10-18,Brighton & Hove Albion,Nottingham Forest,D England,7,20,14.0,5.0,1.5555555555555556,0.5,4.0,3.0,4,21.0,3.25,97,20.742268041237114,3.6597938144329896,9.896907216494846,2.917525773195876
c9d88f5d1f95611acb51,2022-23,2022-10-29,Brighton & Hove Albion,Chelsea,A Madley,9,5,15.0,21.0,1.3636363636363635,1.9090909090909092,7.0,7.0,7,20.857142857142858,3.0,116,20.870689655172413,3.5775862068965516,9.982758620689655,2.810344827586207
b1ef11ed2b2a6f2dea44,2022-23,2022-11-13,Brighton & Hove Albion,Aston Villa,C Kavanagh,7,15,21.0,15.0,1.6153846153846154,1.0714285714285714,8.0,7.0,4,20.75,3.5,144,20.604166666666668,3.5069444444444446,10.159722222222221,2.8680555555555554
5eca2ba66dfd249bb643,2022-23,2022-12-31,Brighton & Hove Albion,Arsenal,A Taylor,7,1,24.0,40.0,1.6,2.6666666666666665,5.0,5.0,13,19.923076923076923,3.5384615384615383,158,20.696202531645568,3.4430379746835444,10.170886075949367,2.8987341772151898
abecc24ce937e472c362,2022-23,2023-01-14,Brighton & Hove Albion,Liverpool,D England,8,7,27.0,28.0,1.588235294117647,1.6470588235294117,11.0,12.0,8,20.5,3.125,178,20.98876404494382,3.601123595505618,10.123595505617978,2.848314606741573
9835fa1775c364bfec69,2022-23,2023-02-04,Brighton & Hove Albion,Bournemouth,C Pawson,7,18,31.0,17.0,1.631578947368421,0.85,14.0,14.0,12,23.833333333333332,4.416666666666667,200,21.08,3.595,10.105,2.755
011ad2bf23688b0d962d,2022-23,2023-02-18,Brighton & Hove Albion,Fulham,D England,6,7,35.0,35.0,1.6666666666666667,1.5217391304347827,7.0,7.0,10,20.7,3.1,221,21.18099547511312,3.6063348416289593,9.981900452488688,2.742081447963801
79bb6b35578822ca934f,2022-23,2023-03-04,Brighton & Hove Albion,West Ham United,S Attwell,8,16,35.0,23.0,1.5909090909090908,0.9583333333333334,14.0,7.0,17,19.58823529411765,3.588235294117647,241,21.21161825726141,3.6182572614107884,9.970954356846473,2.6970954356846475
41a7f4226876bfd531cf,2022-23,2023-03-15,Brighton & Hove Albion,Crystal Palace,P Bankes,7,12,39.0,27.0,1.625,1.0384615384615385,4.0,4.0,13,23.153846153846153,4.3076923076923075,261,21.28352490421456,3.6015325670498086,10.019157088122606,2.6973180076628354
bfe9314415b950ea009e,2022-23,2023-04-01,Brighton & Hove Albion,Brentford,M Oliver,7,8,42.0,42.0,1.68,1.5555555555555556,17.0,14.0,21,21.0,3.142857142857143,270,21.344444444444445,3.611111111111111,10.014814814814814,2.725925925925926
b3661b8aec4b3f5d413c,2022-23,2023-04-29,Brighton & Hove Albion,Wolverhampton Wanderers,D Coote,8,13,49.0,37.0,1.6333333333333333,1.121212121212121,3.0,4.0,18,22.666666666666668,3.388888888888889,324,21.438271604938272,3.6080246913580245,10.089506172839506,2.79320987654321
69f0056ec7dc59a86d0b,2022-23,2023-05-04,Brighton & Hove Albion,Manchester United,A Marriner,8,4,52.0,63.0,1.6774193548387097,1.96875,5.0,4.0,10,19.2,3.6,336,21.413690476190474,3.5773809523809526,10.047619047619047,2.8363095238095237
48354b748cda058d5846,2022-23,2023-05-08,Brighton & Hove Albion,Everton,S Hooper,7,19,55.0,29.0,1.71875,0.8529411764705882,4.0,7.0,25,20.0,3.32,344,21.47093023255814,3.61046511627907,10.093023255813954,2.811046511627907
40dce6c1345b33dc1320,2022-23,2023-05-21,Brighton & Hove Albion,Southampton,P Tierney,6,20,58.0,24.0,1.6571428571428573,0.6666666666666666,3.0,8.0,29,21.103448275862068,3.689655172413793,364,21.604395604395606,3.6126373626373627,10.12087912087912,2.8434065934065935
e1a7d4c2b7073c168556,2022-23,2023-05-24,Brighton & Hove Albion,Manchester City,S Hooper,6,1,61.0,88.0,1.6944444444444444,2.4444444444444446,3.0,3.0,27,20.51851851851852,3.4814814814814814,368,21.557065217391305,3.614130434782609,10.122282608695652,2.8369565217391304
0cb4bd87ace687b405de,2022-23,2022-08-14,Chelsea,Tottenham,A Taylor,8,7,3.0,3.0,3.0,3.0,8.0,8.0,1,27.0,3.0,17,20.11764705882353,3.4705882352941178,10.117647058823529,2.8823529411764706
a5b41da30e678233f737,2022-23,2022-08-27,Chelsea,Leicester,P Tierney,12,19,4.0,1.0,1.3333333333333333,0.3333333333333333,6.0,7.0,2,17.0,5.5,30,20.466666666666665,3.7,9.933333333333334,2.933333333333333
6c610058ce247a88f5ef,2022-23,2022-09-03,Chelsea,West Ham United,A Madley,10,14,7.0,4.0,1.4,0.8,4.0,3.0,3,21.333333333333332,2.6666666666666665,50,20.24,3.68,9.76,2.86
763e46622f20c97aec8b,2022-23,2022-10-08,Chelsea,Wolverhampton Wanderers,S Hooper,5,18,13.0,6.0,1.8571428571428572,0.75,7.0,7.0,5,18.2,3.0,77,20.25974025974026,3.7532467532467533,10.025974025974026,3.038961038961039
a8beb6e890f74936344b,2022-23,2022-10-22,Chelsea,Manchester United,S Attwell,4,5,20.0,19.0,2.0,1.9,3.0,3.0,6,21.666666666666668,3.0,106,20.78301886792453,3.5754716981132075,9.943396226415095,2.792452830188679
5b154787bd91f9fe72e7,2022-23,2022-11-06,Chelsea,Arsenal,M Oliver,7,2,21.0,31.0,1.75,2.5833333333333335,8.0,7.0,11,18.545454545454547,2.909090909090909,131,20.763358778625953,3.5114503816793894,10.305343511450381,2.854961832061069
85502ac444e621c25bc7,2022-23,2022-12-27,Chelsea,Bournemouth,S Hooper,9,14,21.0,16.0,1.5,1.0666666666666667,45.0,45.0,10,18.4,2.8,153,20.73856209150327,3.477124183006536,10.124183006535947,2.9019607843137254
12829f5db913705eb00b,2022-23,2023-01-05,Chelsea,Manchester City,P Tierney,10,2,25.0,36.0,1.5625,2.25,4.0,5.0,13,20.23076923076923,3.4615384615384617,175,20.97142857142857,3.5885714285714285,10.137142857142857,2.857142857142857
d9f5baa60dd0db18e0a8,2022-23,2023-01-15,Chelsea,Crystal Palace,P Bankes,10,12,25.0,22.0,1.3888888888888888,1.2941176470588236,3.0,11.0,8,22.0,4.25,184,20.972826086956523,3.5760869565217392,10.032608695652174,2.8315217391304346
7c12ecc483157c7750a2,2022-23,2023-02-03,Chelsea,Fulham,S Attwell,10,7,29.0,31.0,1.45,1.4761904761904763,13.0,11.0,13,19.153846153846153,3.3846153846153846,199,21.045226130653266,3.5879396984924625,10.115577889447236,2.7688442211055277
b67098ac1f776e24387b,2022-23,2023-02-18,Chelsea,Southampton,D Coote,10,20,31.0,15.0,1.4090909090909092,0.6818181818181818,7.0,7.0,12,21.916666666666668,3.25,221,21.18099547511312,3.6063348416289593,9.981900452488688,2.742081447963801
94e0754377c2c66e868a,2022-23,2023-03-04,Chelsea,Leeds,M Oliver,10,17,31.0,22.0,1.2916666666666667,0.9166666666666666,6.0,7.0,20,21.2,3.2,241,21.21161825726141,3.6182572614107884,9.970954356846473,2.6970954356846475
1bf29fe445fe6a884e46,2022-23,2023-03-18,Chelsea,Everton,D England,10,15,37.0,25.0,1.4230769230769231,0.9259259259259259,7.0,7.0,12,21.5,3.5833333333333335,264,21.356060606060606,3.606060606060606,9.984848484848484,2.6893939393939394
913ff9bfc08feabfadcf,2022-23,2023-04-01,Chelsea,Aston Villa,A Madley,10,11,38.0,38.0,1.4074074074074074,1.4074074074074074,14.0,14.0,18,22.11111111111111,3.388888888888889,270,21.344444444444445,3.611111111111111,10.014814814814814,2.725925925925926
824d35c4ccd2a4bc7716,2022-23,2023-04-04,Chelsea,Liverpool,A Taylor,11,8,38.0,42.0,1.3571428571428572,1.5555555555555556,3.0,3.0,20,20.25,3.5,280,21.47142857142857,3.617857142857143,9.992857142857142,2.7392857142857143
c9c406212d345357cf27,2022-23,2023-04-15,Chelsea,Brighton & Hove Albion,R Jones,11,7,39.0,46.0,1.3,1.6428571428571428,7.0,7.0,20,21.95,3.9,296,21.510135135135137,3.6216216216216215,10.077702702702704,2.7364864864864864
d68ba8d1b5071e82da2e,2022-23,2023-04-26,Chelsea,Brentford,A Madley,11,10,39.0,44.0,1.2580645161290323,1.375,11.0,4.0,21,22.761904761904763,3.5238095238095237,317,21.526813880126184,3.630914826498423,10.091482649842272,2.779179810725552
38fcdb20cc289c948698,2022-23,2023-05-13,Chelsea,Nottingham Forest,P Tierney,11,16,42.0,33.0,1.2352941176470589,0.9428571428571428,7.0,5.0,28,20.857142857142858,3.6785714285714284,347,21.51008645533141,3.6080691642651295,10.115273775216139,2.847262247838617
c11cc21fdd56de257097,2022-23,2023-05-28,Chelsea,Newcastle United,J Gillett,12,4,43.0,70.0,1.162162162162162,1.8918918918918919,3.0,6.0,16,17.875,2.8125,370,21.562162162162164,3.608108108108108,10.102702702702702,2.8405405405405406
0f2308874945d21c04c3,2022-23,2022-08-05,Crystal Palace,Arsenal,A Taylor,7,1,0.0,0.0,,,,,0,,,0,,,,
b6021694be1558d6976d,2022-23,2022-08-20,Crystal Palace,Aston Villa,A Madley,16,9,1.0,3.0,0.5,1.5,5.0,7.0,1,16.0,2.0,20,19.8,3.65,10.2,2.8
2a3d680d1ade6e6b156b,2022-23,2022-08-30,Crystal Palace,Brentford,S Hooper,12,10,4.0,5.0,1.0,1.25,3.0,3.0,2,20.5,3.5,40,20.125,3.675,9.925,2.95
1a9185b3f9f23028bd4b,2022-23,2022-10-01,Crystal Palace,Chelsea,C Kavanagh,16,7,6.0,10.0,1.0,1.6666666666666667,28.0,28.0,0,,,67,20.104477611940297,3.7761194029850746,10.059701492537313,2.955223880597015
2d2200e3e9ce873b51a9,2022-23,2022-10-09,Crystal Palace,Leeds,P Tierney,17,13,6.0,9.0,0.8571428571428571,1.2857142857142858,8.0,7.0,6,17.166666666666668,4.166666666666667,82,20.21951219512195,3.6463414634146343,9.987804878048781,3.0609756097560976
91f69f222c3e2660817f,2022-23,2022-10-18,Crystal Palace,Wolverhampton Wanderers,D Coote,13,17,10.0,9.0,1.1111111111111112,0.9,3.0,3.0,4,19.5,2.5,97,20.742268041237114,3.6597938144329896,9.896907216494846,2.917525773195876
c22d3bd98749cb7cf404,2022-23,2022-10-29,Crystal Palace,Southampton,M Salisbury,13,16,13.0,12.0,1.1818181818181819,1.0,7.0,6.0,5,26.4,4.0,116,20.870689655172413,3.5775862068965516,9.982758620689655,2.810344827586207
06113e4eccf15bca2a04,2022-23,2022-12-26,Crystal Palace,Fulham,A Madley,11,9,19.0,19.0,1.3571428571428572,1.2666666666666666,44.0,43.0,9,20.666666666666668,2.6666666666666665,146,20.623287671232877,3.5342465753424657,10.212328767123287,2.8698630136986303
ca14c633ae65cf6e0b3b,2022-23,2023-01-04,Crystal Palace,Tottenham,M Oliver,11,5,22.0,30.0,1.375,1.7647058823529411,4.0,3.0,13,20.53846153846154,3.1538461538461537,171,20.894736842105264,3.584795321637427,10.105263157894736,2.8596491228070176
cc506dd400b9bb2b18f0,2022-23,2023-01-18,Crystal Palace,Manchester United,R Jones,12,4,22.0,38.0,1.2222222222222223,2.111111111111111,3.0,4.0,12,21.0,3.6666666666666665,187,21.053475935828878,3.609625668449198,10.085561497326204,2.807486631016043
b68fd3aa91173d06a585,2022-23,2023-01-21,Crystal Palace,Newcastle United,C Pawson,12,4,23.0,38.0,1.2105263157894737,2.0,3.0,6.0,11,24.181818181818183,4.2727272727272725,189,21.058201058201057,3.6031746031746033,10.068783068783068,2.82010582010582
1a50a21f30352f9b3fe7,2022-23,2023-02-11,Crystal Palace,Brighton & Hove Albion,M Oliver,12,6,24.0,34.0,1.1428571428571428,1.7,7.0,7.0,16,20.6875,3.25,210,21.11904761904762,3.6,10.061904761904762,2.742857142857143
ae14f94ef931b4e7bcd4,2022-23,2023-02-25,Crystal Palace,Liverpool,D England,12,8,26.0,35.0,1.1304347826086956,1.5909090909090908,7.0,7.0,11,21.181818181818183,3.272727272727273,232,21.189655172413794,3.6163793103448274,10.017241379310345,2.711206896551724
430f9d5827707e430ed3,2022-23,2023-03-11,Crystal Palace,Manchester City,R Jones,12,2,27.0,58.0,1.08,2.230769230769231,7.0,7.0,16,21.875,3.875,251,21.294820717131476,3.641434262948207,9.952191235059761,2.7131474103585655
4ecf2e74d6cc8e21417e,2022-23,2023-04-01,Crystal Palace,Leicester,T Robinson,12,17,27.0,25.0,0.9642857142857143,0.9259259259259259,13.0,14.0,1,29.0,2.0,270,21.344444444444445,3.611111111111111,10.014814814814814,2.725925925925926
46b29108569523246d69,2022-23,2023-04-22,Crystal Palace,Everton,J Brooks,12,17,36.0,27.0,1.1612903225806452,0.8709677419354839,7.0,7.0,13,22.384615384615383,4.384615384615385,307,21.446254071661237,3.6091205211726383,10.042345276872965,2.775244299674267
16ca9ec8b32a97e9c0b4,2022-23,2023-04-29,Crystal Palace,West Ham United,C Pawson,12,15,37.0,34.0,1.121212121212121,1.0625,4.0,3.0,19,23.57894736842105,3.8421052631578947,324,21.438271604938272,3.6080246913580245,10.089506172839506,2.79320987654321
aec5e9c4ccc57372e526,2022-23,2023-05-13,Crystal Palace,Bournemouth,M Salisbury,12,14,40.0,39.0,1.1428571428571428,1.1142857142857143,7.0,7.0,14,23.785714285714285,4.5,347,21.51008645533141,3.6080691642651295,10.115273775216139,2.847262247838617
1bb580230a8425e7bbbc,2022-23,2023-05-28,Crystal Palace,Nottingham Forest,T Bramall,11,16,44.0,37.0,1.1891891891891893,1.0,8.0,8.0,7,24.714285714285715,3.142857142857143,370,21.562162162162164,3.608108108108108,10.102702702702702,2.8405405405405406
76e0d3d73ba4a9740e83,2022-23,2022-08-06,Everton,Chelsea,C Pawson,7,6,0.0,0.0,,,,,0,,,1,27.0,3.0,8.0,2.0
21c3d08dd45f869e7e8a,2022-23,2022-08-20,Everton,Nottingham Forest,A Marriner,18,10,0.0,3.0,0.0,1.5,7.0,6.0,1,17.0,3.0,20,19.8,3.65,10.2,2.8
18f91f5030354cc2cad0,2022-23,2022-09-03,Everton,Liverpool,A Taylor,17,6,3.0,8.0,0.6,1.6,4.0,3.0,4,21.5,2.75,50,20.24,3.68,9.76,2.86
da401fbb3071289bcdea,2022-23,2022-09-18,Everton,West Ham United,M Oliver,17,18,4.0,4.0,0.6666666666666666,0.6666666666666666,15.0,15.0,5,18.8,3.2,65,20.123076923076923,3.8,9.984615384615385,2.9846153846153847
cea1c23b9ea3346e5e2e,2022-23,2022-10-09,Everton,Manchester United,D Coote,11,7,10.0,12.0,1.25,1.7142857142857142,8.0,7.0,3,19.333333333333332,2.3333333333333335,82,20.21951219512195,3.6463414634146343,9.987804878048781,3.0609756097560976
dfe88935dcbb0a59ea2f,2022-23,2022-10-22,Everton,Crystal Palace,S Hooper,15,11,10.0,13.0,0.9090909090909091,1.3,3.0,4.0,7,17.285714285714285,2.5714285714285716,106,20.78301886792453,3.5754716981132075,9.943396226415095,2.792452830188679
8460120e433ed11af4ab,2022-23,2022-11-05,Everton,Leicester,D Coote,12,18,14.0,11.0,1.0769230769230769,0.8461538461538461,7.0,7.0,6,21.666666666666668,2.6666666666666665,126,20.761904761904763,3.5238095238095237,10.277777777777779,2.8015873015873014
5ee9432424747d4ec842,2022-23,2022-12-26,Everton,Wolverhampton Wanderers,C Pawson,17,20,14.0,10.0,0.9333333333333333,0.6666666666666666,44.0,44.0,8,22.625,4.125,146,20.623287671232877,3.5342465753424657,10.212328767123287,2.8698630136986303
e19dc355203f24f7c165,2022-23,2023-01-03,Everton,Brighton & Hove Albion,A Marriner,16,10,15.0,24.0,0.8823529411764706,1.5,3.0,3.0,6,20.166666666666668,3.8333333333333335,167,20.87425149700599,3.532934131736527,10.125748502994012,2.874251497005988
9fa5e4d76eadf9749db3,2022-23,2023-01-14,Everton,Southampton,J Brooks,18,20,15.0,12.0,0.8333333333333334,0.6666666666666666,11.0,10.0,8,21.5,4.5,178,20.98876404494382,3.601123595505618,10.123595505617978,2.848314606741573
4b330d497cc83aca8b5b,2022-23,2023-02-04,Everton,Arsenal,D Coote,19,1,15.0,50.0,0.75,2.6315789473684212,14.0,13.0,11,22.0,3.090909090909091,200,21.08,3.595,10.105,2.755
64dd30dcf4f7b70e7f64,2022-23,2023-02-18,Everton,Leeds,A Madley,18,17,18.0,19.0,0.8181818181818182,0.8636363636363636,5.0,6.0,15,22.4,3.2,221,21.18099547511312,3.6063348416289593,9.981900452488688,2.742081447963801
2d985e858adc170f661b,2022-23,2023-02-25,Everton,Aston Villa,A Taylor,16,11,21.0,28.0,0.9130434782608695,1.2173913043478262,7.0,7.0,17,19.470588235294116,3.6470588235294117,232,21.189655172413794,3.6163793103448274,10.017241379310345,2.711206896551724
89f1ca7e287760c89280,2022-23,2023-03-11,Everton,Brentford,S Hooper,18,9,22.0,38.0,0.8461538461538461,1.5833333333333333,6.0,5.0,18,19.72222222222222,3.2222222222222223,251,21.294820717131476,3.641434262948207,9.952191235059761,2.7131474103585655
a219b3e26340a11f9ca6,2022-23,2023-04-03,Everton,Tottenham,D Coote,18,5,26.0,49.0,0.9285714285714286,1.75,16.0,16.0,14,23.0,3.5,279,21.462365591397848,3.620071684587814,10.007168458781361,2.7419354838709675
5e7a858ff478c9fb85e5,2022-23,2023-04-15,Everton,Fulham,A Taylor,17,10,27.0,39.0,0.9,1.3448275862068966,7.0,7.0,22,20.545454545454547,3.727272727272727,296,21.510135135135137,3.6216216216216215,10.077702702702704,2.7364864864864864
7781d01df8a931c19c60,2022-23,2023-04-27,Everton,Newcastle United,A Marriner,19,3,28.0,59.0,0.875,1.903225806451613,5.0,4.0,9,19.77777777777778,3.6666666666666665,321,21.485981308411215,3.6137071651090342,10.05607476635514,2.7881619937694704
67bde285e822c6f2db59,2022-23,2023-05-14,Everton,Manchester City,A Taylor,17,1,32.0,82.0,0.9142857142857143,2.411764705882353,6.0,8.0,27,20.14814814814815,3.8518518518518516,353,21.555240793201133,3.6147308781869687,10.130311614730878,2.8470254957507084
af2ece7c9e60c05eebca,2022-23,2023-05-28,Everton,Bournemouth,S Attwell,17,15,33.0,39.0,0.8918918918918919,1.054054054054054,8.0,8.0,24,20.0,3.2083333333333335,370,21.562162162162164,3.608108108108108,10.102702702702702,2.8405405405405406
76753107e6b79adfa7d0,2022-23,2022-08-06,Fulham,Liverpool,A Madley,8,11,0.0,0.0,,,,,0,,,1,27.0,3.0,8.0,2.0
70e0d4cdf1bb4143b520,2022-23,2022-08-20,Fulham,Brentford,P Bankes,13,3,2.0,4.0,1.0,2.0,7.0,7.0,1,34.0,6.0,20,19.8,3.65,10.2,2.8
2af9ea2917fecf89f24a,2022-23,2022-08-30,Fulham,Brighton & Hove Albion,T Bramall,11,4,5.0,10.0,1.25,2.5,3.0,3.0,0,,,40,20.125,3.675,9.925,2.95
2622354837b581f164f8,2022-23,2022-10-01,Fulham,Newcastle United,D England,6,10,11.0,8.0,1.5714285714285714,1.1428571428571428,15.0,14.0,3,21.666666666666668,3.6666666666666665,67,20.104477611940297,3.7761194029850746,10.059701492537313,2.955223880597015
c07366a6a21438bc1cca,2022-23,2022-10-15,Fulham,Bournemouth,G Scott,10,9,11.0,12.0,1.2222222222222223,1.3333333333333333,6.0,7.0,1,14.0,5.0,88,20.579545454545453,3.6931818181818183,9.852272727272727,3.0681818181818183
9d831fe3ccf2a7bb28e0,2022-23,2022-10-20,Fulham,Aston Villa,M Oliver,12,17,12.0,9.0,1.2,0.9,5.0,4.0,8,18.375,3.25,104,20.721153846153847,3.5961538461538463,9.875,2.798076923076923
63b5113e1b6d496bbbc5,2022-23,2022-10-29,Fulham,Everton,J Brooks,7,12,18.0,13.0,1.5,1.0833333333333333,6.0,7.0,5,21.0,4.2,116,20.870689655172413,3.5775862068965516,9.982758620689655,2.810344827586207
a67867f4ab82aa3147f2,2022-23,2022-11-13,Fulham,Manchester United,P Tierney,9,5,19.0,23.0,1.3571428571428572,1.7692307692307692,8.0,7.0,11,20.454545454545453,3.909090909090909,144,20.604166666666668,3.5069444444444446,10.159722222222221,2.8680555555555554
512b83ef3f3e41b908b8,2022-23,2022-12-31,Fulham,Southampton,G Scott,10,20,22.0,12.0,1.375,0.75,5.0,5.0,3,20.0,3.0,158,20.696202531645568,3.4430379746835444,10.170886075949367,2.8987341772151898
9677f5fa9d1663ce16f9,2022-23,2023-01-12,Fulham,Chelsea,D Coote,7,10,28.0,25.0,1.5555555555555556,1.4705882352941178,9.0,7.0,9,21.555555555555557,2.6666666666666665,176,20.954545454545453,3.5795454545454546,10.107954545454545,2.846590909090909
f2ccb4ffd2a71077cd85,2022-23,2023-01-23,Fulham,Tottenham,P Tierney,7,5,31.0,33.0,1.55,1.65,8.0,4.0,15,20.266666666666666,3.3333333333333335,198,21.050505050505052,3.585858585858586,10.11111111111111,2.7777777777777777
321bbf2b8294499c3681,2022-23,2023-02-11,Fulham,Nottingham Forest,A Madley,8,13,32.0,24.0,1.4545454545454546,1.1428571428571428,8.0,6.0,14,22.571428571428573,3.357142857142857,210,21.11904761904762,3.6,10.061904761904762,2.742857142857143
1f07133a472137049340,2022-23,2023-02-24,Fulham,Wolverhampton Wanderers,M Oliver,6,15,38.0,23.0,1.5833333333333333,1.0,6.0,6.0,18,21.0,3.3333333333333335,231,21.155844155844157,3.6233766233766236,10.030303030303031,2.7142857142857144
ae8757472fc025aa0a21,2022-23,2023-03-12,Fulham,Arsenal,D Coote,8,1,39.0,63.0,1.5,2.423076923076923,6.0,8.0,13,23.307692307692307,3.6923076923076925,257,21.32295719844358,3.630350194552529,9.961089494163424,2.708171206225681
7ad7ae801cbd86f70c61,2022-23,2023-04-08,Fulham,West Ham United,J Gillett,10,15,39.0,27.0,1.3928571428571428,0.9642857142857143,7.0,3.0,12,17.166666666666668,3.0833333333333335,286,21.47902097902098,3.6188811188811187,10.038461538461538,2.734265734265734
deabc102e9851d4705c8,2022-23,2023-04-22,Fulham,Leeds,P Bankes,10,16,42.0,29.0,1.4,0.9354838709677419,7.0,5.0,16,24.125,4.4375,307,21.446254071661237,3.6091205211726383,10.042345276872965,2.775244299674267
2e643cec9c930233c9e7,2022-23,2023-04-30,Fulham,Manchester City,S Hooper,10,2,45.0,73.0,1.40625,2.3548387096774195,5.0,4.0,24,20.041666666666668,3.2916666666666665,327,21.45565749235474,3.599388379204893,10.076452599388379,2.81651376146789
9f2ac647715fbb0d8bc4,2022-23,2023-05-08,Fulham,Leicester,R Jones,10,16,45.0,30.0,1.3235294117647058,0.8823529411764706,5.0,7.0,23,22.08695652173913,4.043478260869565,344,21.47093023255814,3.61046511627907,10.093023255813954,2.811046511627907
8e101e6f796ab4975983,2022-23,2023-05-20,Fulham,Crystal Palace,J Smith,10,12,51.0,43.0,1.4166666666666667,1.1944444444444444,7.0,7.0,0,,,358,21.58100558659218,3.6033519553072626,10.12290502793296,2.85195530726257
12a3ad05307d9c73abed,2022-23,2022-08-06,Leeds,Wolverhampton Wanderers,R Jones,9,19,0.0,0.0,,,,,0,,,1,27.0,3.0,8.0,2.0
bc749c481a84a8b7a04d,2022-23,2022-08-21,Leeds,Chelsea,S Attwell,7,8,4.0,4.0,2.0,2.0,8.0,7.0,1,21.0,4.0,26,20.26923076923077,3.769230769230769,9.807692307692308,2.8461538461538463
b9f804d807f45a523d7c,2022-23,2022-08-30,Leeds,Everton,D England,5,18,7.0,2.0,1.75,0.5,3.0,3.0,2,23.0,2.5,40,20.125,3.675,9.925,2.95
73c77a595e618a5e63e7,2022-23,2022-10-02,Leeds,Aston Villa,S Attwell,13,14,8.0,7.0,1.3333333333333333,1.0,29.0,16.0,4,19.5,3.25,74,20.10810810810811,3.7162162162162162,10.04054054054054,2.9864864864864864
fab0b517e57658c6ae8c,2022-23,2022-10-16,Leeds,Arsenal,C Kavanagh,15,1,9.0,24.0,1.125,2.6666666666666665,7.0,7.0,2,20.0,4.0,92,20.83695652173913,3.6956521739130435,9.847826086956522,3.010869565217391
30b32e90991488551eb7,2022-23,2022-10-23,Leeds,Fulham,A Taylor,16,9,9.0,15.0,0.9,1.3636363636363635,3.0,3.0,9,21.0,3.4444444444444446,110,20.87272727272727,3.618181818181818,9.945454545454545,2.7818181818181817
cdeb45cc9a5de0e00d5d,2022-23,2022-11-05,Leeds,Bournemouth,T Harrington,15,14,12.0,13.0,1.0,1.0,7.0,7.0,5,21.2,3.8,126,20.761904761904763,3.5238095238095237,10.277777777777779,2.8015873015873014
e8c08a609e6423340ddd,2022-23,2022-12-28,Leeds,Manchester City,S Attwell,15,3,15.0,32.0,1.0714285714285714,2.2857142857142856,46.0,46.0,9,19.555555555555557,3.2222222222222223,155,20.696774193548386,3.458064516129032,10.2,2.8967741935483873
da89caf91af685bc30ce,2022-23,2023-01-04,Leeds,West Ham United,D Coote,14,17,16.0,14.0,1.0,0.8235294117647058,4.0,5.0,8,20.625,2.5,171,20.894736842105264,3.584795321637427,10.105263157894736,2.8596491228070176
b19fe132344023c7a19a,2022-23,2023-01-22,Leeds,Brentford,P Bankes,16,9,17.0,29.0,0.9444444444444444,1.5263157894736843,9.0,8.0,9,22.555555555555557,4.555555555555555,195,21.04102564102564,3.58974358974359,10.097435897435897,2.7794871794871794
767a06c641aee078919b,2022-23,2023-02-12,Leeds,Manchester United,P Tierney,17,3,19.0,43.0,0.9047619047619048,1.9545454545454546,4.0,4.0,17,20.0,3.2941176470588234,217,21.110599078341014,3.6036866359447006,10.018433179723502,2.737327188940092
440573c8a608298dfd8e,2022-23,2023-02-25,Leeds,Southampton,P Bankes,19,20,19.0,18.0,0.8260869565217391,0.782608695652174,7.0,7.0,12,22.75,4.166666666666667,232,21.189655172413794,3.6163793103448274,10.017241379310345,2.711206896551724
aab8bde2df6f04611522,2022-23,2023-03-11,Leeds,Brighton & Hove Albion,P Tierney,17,8,22.0,38.0,0.88,1.6521739130434783,7.0,7.0,21,20.333333333333332,3.4285714285714284,251,21.294820717131476,3.641434262948207,9.952191235059761,2.7131474103585655
4445e314c651e1ffebe1,2022-23,2023-04-04,Leeds,Nottingham Forest,R Jones,18,16,26.0,27.0,0.9285714285714286,0.9642857142857143,3.0,3.0,18,22.166666666666668,3.9444444444444446,280,21.47142857142857,3.617857142857143,9.992857142857142,2.7392857142857143
1994dee26abc999110d4,2022-23,2023-04-09,Leeds,Crystal Palace,S Hooper,16,14,29.0,30.0,1.0,1.0344827586206897,5.0,8.0,21,20.0,3.0952380952380953,294,21.517006802721088,3.6054421768707483,10.095238095238095,2.7210884353741496
f2a272ed60aa61e7cc3a,2022-23,2023-04-17,Leeds,Liverpool,C Pawson,16,8,29.0,44.0,0.9666666666666667,1.5172413793103448,8.0,8.0,18,23.88888888888889,4.0,305,21.449180327868852,3.6098360655737705,10.059016393442622,2.7508196721311475
1bc7b98de5dfff5f86f0,2022-23,2023-04-25,Leeds,Leicester,P Tierney,16,17,29.0,28.0,0.90625,0.875,3.0,3.0,26,20.653846153846153,3.5384615384615383,314,21.477707006369428,3.6019108280254777,10.073248407643312,2.789808917197452
31bb79b3e849437240ab,2022-23,2023-05-13,Leeds,Newcastle United,S Hooper,19,3,30.0,65.0,0.8571428571428571,1.911764705882353,7.0,6.0,26,20.153846153846153,3.423076923076923,347,21.51008645533141,3.6080691642651295,10.115273775216139,2.847262247838617
0c9253598237b445a691,2022-23,2023-05-28,Leeds,Tottenham,A Taylor,19,8,31.0,57.0,0.8378378378378378,1.5405405405405406,7.0,8.0,29,20.103448275862068,3.793103448275862,370,21.562162162162164,3.608108108108108,10.102702702702702,2.8405405405405406
4425a1f5a2042ec3e44e,2022-23,2022-08-07,Leicester,Brentford,J Gillett,11,9,0.0,0.0,,,,,0,,,7,23.428571428571427,3.4285714285714284,11.428571428571429,2.7142857142857144
fb6eca0bc83f24dcc9f4,2022-23,2022-08-20,Leicester,Southampton,M Salisbury,15,17,1.0,1.0,0.5,0.5,7.0,7.0,0,,,20,19.8,3.65,10.2,2.8
8e2cbdcca7bb19fcba61,2022-23,2022-09-01,Leicester,Manchester United,C Pawson,20,12,1.0,6.0,0.25,1.5,5.0,5.0,3,23.666666666666668,5.0,49,20.20408163265306,3.673469387755102,9.877551020408163,2.8979591836734695
6393ab8792900465552a,2022-23,2022-10-03,Leicester,Nottingham Forest,R Jones,20,19,1.0,4.0,0.14285714285714285,0.5714285714285714,16.0,17.0,4,21.0,4.0,76,20.19736842105263,3.723684210526316,10.0,3.026315789473684
13d437617b1067ffb1c2,2022-23,2022-10-15,Leicester,Crystal Palace,A Madley,20,15,4.0,9.0,0.4444444444444444,1.125,7.0,6.0,6,19.166666666666668,2.8333333333333335,88,20.579545454545453,3.6931818181818183,9.852272727272727,3.0681818181818183
e23e7e3ac344adac8cda,2022-23,2022-10-20,Leicester,Leeds,P Bankes,20,16,5.0,9.0,0.5,1.0,5.0,4.0,5,20.8,4.6,104,20.721153846153847,3.5961538461538463,9.875,2.798076923076923
34715bc397bd2e0072d6,2022-23,2022-10-29,Leicester,Manchester City,R Jones,17,2,11.0,26.0,0.9166666666666666,2.3636363636363638,6.0,7.0,7,21.571428571428573,4.0,116,20.870689655172413,3.5775862068965516,9.982758620689655,2.810344827586207
ae3c7a00a7e36d10a62f,2022-23,2022-12-26,Leicester,Newcastle United,J Gillett,13,3,17.0,30.0,1.1333333333333333,2.0,44.0,44.0,7,17.142857142857142,3.857142857142857,146,20.623287671232877,3.5342465753424657,10.212328767123287,2.8698630136986303
2c2589bc2d0bce8065d4,2022-23,2023-01-03,Leicester,Fulham,D Bond,13,8,17.0,25.0,1.0,1.4705882352941178,4.0,3.0,0,,,167,20.87425149700599,3.532934131736527,10.125748502994012,2.874251497005988
d1d2dd5b1f53cad438a4,2022-23,2023-01-21,Leicester,Brighton & Hove Albion,T Bramall,15,7,17.0,30.0,0.8947368421052632,1.6666666666666667,7.0,7.0,4,25.5,3.5,189,21.058201058201057,3.6031746031746033,10.068783068783068,2.82010582010582
f63c5a8b9625182f623e,2022-23,2023-02-11,Leicester,Tottenham,M Salisbury,14,5,21.0,39.0,1.0,1.7727272727272727,7.0,6.0,9,24.444444444444443,3.7777777777777777,210,21.11904761904762,3.6,10.061904761904762,2.742857142857143
d96567990416505d3735,2022-23,2023-02-25,Leicester,Arsenal,C Pawson,14,1,24.0,54.0,1.0434782608695652,2.347826086956522,6.0,7.0,14,23.357142857142858,4.214285714285714,232,21.189655172413794,3.6163793103448274,10.017241379310345,2.711206896551724
eb50204125ff685baa0c,2022-23,2023-03-11,Leicester,Chelsea,A Marriner,15,10,24.0,34.0,0.96,1.36,7.0,7.0,8,19.625,3.75,251,21.294820717131476,3.641434262948207,9.952191235059761,2.7131474103585655
2e9348ff288dd97f42f4,2022-23,2023-04-04,Leicester,Aston Villa,G Scott,19,9,25.0,41.0,0.8928571428571429,1.4642857142857142,3.0,3.0,5,19.0,2.2,280,21.47142857142857,3.617857142857143,9.992857142857142,2.7392857142857143
34ea7c547003a11fb980,2022-23,2023-04-08,Leicester,Bournemouth,D Coote,19,18,25.0,27.0,0.8620689655172413,0.9310344827586207,4.0,4.0,15,23.066666666666666,3.466666666666667,286,21.47902097902098,3.6188811188811187,10.038461538461538,2.734265734265734
107d219925cdcb045346,2022-23,2023-04-22,Leicester,Wolverhampton Wanderers,A Madley,19,13,25.0,34.0,0.8064516129032258,1.096774193548387,7.0,7.0,20,22.25,3.5,307,21.446254071661237,3.6091205211726383,10.042345276872965,2.775244299674267
53d1137761157e823a32,2022-23,2023-05-01,Leicester,Everton,M Oliver,18,19,29.0,28.0,0.8787878787878788,0.8484848484848485,6.0,4.0,26,21.23076923076923,3.0,332,21.44277108433735,3.5963855421686746,10.045180722891565,2.8343373493975905
dd3394848067d72aa115,2022-23,2023-05-15,Leicester,Liverpool,C Pawson,19,5,30.0,62.0,0.8571428571428571,1.7714285714285714,7.0,9.0,20,23.7,3.8,356,21.530898876404493,3.598314606741573,10.137640449438202,2.845505617977528
3d9b142811f4ca26d6a8,2022-23,2023-05-28,Leicester,West Ham United,S Hooper,18,14,31.0,40.0,0.8378378378378378,1.0810810810810811,6.0,7.0,28,20.75,3.4642857142857144,370,21.562162162162164,3.608108108108108,10.102702702702702,2.8405405405405406
11829d986f8ddbf72044,2022-23,2022-08-15,Liverpool,Crystal Palace,P Tierney,13,18,1.0,0.0,1.0,0.0,9.0,10.0,1,19.0,5.0,19,20.05263157894737,3.526315789473684,10.421052631578947,2.8421052631578947
9fa74d6d56604f44758e,2022-23,2022-08-27,Liverpool,Bournemouth,S Attwell,16,15,2.0,3.0,0.6666666666666666,1.0,5.0,7.0,2,26.0,2.5,30,20.466666666666665,3.7,9.933333333333334,2.933333333333333
a9de602daac9b8b219cf,2022-23,2022-08-31,Liverpool,Newcastle United,A Marriner,12,10,5.0,6.0,1.25,1.5,4.0,3.0,2,16.0,4.0,44,20.181818181818183,3.6818181818181817,9.840909090909092,2.909090909090909
9796b4940cbffcd524d3,2022-23,2022-10-01,Liverpool,Brighton & Hove Albion,A Madley,8,4,9.0,13.0,1.5,2.1666666666666665,28.0,27.0,4,20.25,3.5,67,20.104477611940297,3.7761194029850746,10.059701492537313,2.955223880597015
5ccc4988e5246ab2fdf3,2022-23,2022-10-16,Liverpool,Manchester City,A Taylor,11,2,10.0,23.0,1.25,2.5555555555555554,7.0,8.0,8,21.5,3.375,92,20.83695652173913,3.6956521739130435,9.847826086956522,3.010869565217391
2b4b603552f6b764b5d0,2022-23,2022-10-19,Liverpool,West Ham United,S Attwell,8,13,13.0,11.0,1.4444444444444444,1.1,3.0,3.0,5,22.6,3.6,99,20.88888888888889,3.6666666666666665,9.868686868686869,2.888888888888889
e96eaecfb14a783ab7b3,2022-23,2022-10-29,Liverpool,Leeds,M Oliver,8,18,16.0,9.0,1.4545454545454546,0.8181818181818182,7.0,6.0,10,19.2,3.1,116,20.870689655172413,3.5775862068965516,9.982758620689655,2.810344827586207
acc035c3be31070b86a2,2022-23,2022-11-12,Liverpool,Southampton,S Hooper,8,18,19.0,12.0,1.4615384615384615,0.8571428571428571,6.0,6.0,9,18.666666666666668,2.888888888888889,136,20.75735294117647,3.5,10.242647058823529,2.8676470588235294
9f6ee82122f03dc727bf,2022-23,2022-12-30,Liverpool,Leicester,C Pawson,6,13,25.0,17.0,1.6666666666666667,1.0625,4.0,4.0,9,23.555555555555557,4.444444444444445,156,20.724358974358974,3.4743589743589745,10.185897435897436,2.9038461538461537
436832a8899c8c5ff235,2022-23,2023-01-21,Liverpool,Chelsea,M Oliver,9,10,28.0,28.0,1.5555555555555556,1.4736842105263157,7.0,6.0,15,20.4,3.2,189,21.058201058201057,3.6031746031746033,10.068783068783068,2.82010582010582
99bc0001824d5e261ca0,2022-23,2023-02-13,Liverpool,Everton,S Hooper,10,18,29.0,18.0,1.45,0.8571428571428571,9.0,9.0,15,19.533333333333335,3.0,219,21.14611872146119,3.598173515981735,10.027397260273972,2.73972602739726
29d10748d5c39b2df49e,2022-23,2023-03-01,Liverpool,Wolverhampton Wanderers,P Tierney,7,15,36.0,24.0,1.565217391304348,1.0,4.0,5.0,20,20.0,3.35,239,21.205020920502093,3.6192468619246863,10.0,2.694560669456067
14a2418c71a64fb1d95a,2022-23,2023-03-05,Liverpool,Manchester United,A Madley,6,3,39.0,49.0,1.625,2.0416666666666665,4.0,14.0,16,21.875,3.3125,248,21.213709677419356,3.620967741935484,10.0,2.681451612903226
1825011f99c1c6f4d5a7,2022-23,2023-04-09,Liverpool,Arsenal,P Tierney,8,1,43.0,72.0,1.5357142857142858,2.4827586206896552,5.0,8.0,24,20.625,3.4166666666666665,294,21.517006802721088,3.6054421768707483,10.095238095238095,2.7210884353741496
71c0ede399bfabc4a1a0,2022-23,2023-04-22,Liverpool,Nottingham Forest,M Oliver,8,18,47.0,27.0,1.5666666666666667,0.8709677419354839,5.0,6.0,24,21.041666666666668,3.0416666666666665,307,21.446254071661237,3.6091205211726383,10.042345276872965,2.775244299674267
ab12c2f76633ff83ce39,2022-23,2023-04-30,Liverpool,Tottenham,P Tierney,7,5,53.0,54.0,1.65625,1.6363636363636365,4.0,3.0,27,20.962962962962962,3.6296296296296298,327,21.45565749235474,3.599388379204893,10.076452599388379,2.81651376146789
bb85f3893db55f7dbc58,2022-23,2023-05-03,Liverpool,Fulham,S Attwell,5,10,56.0,45.0,1.696969696969697,1.3636363636363635,3.0,3.0,21,19.761904761904763,3.2857142857142856,334,21.440119760479043,3.595808383233533,10.044910179640718,2.841317365269461
cbc4d3761c5487192c82,2022-23,2023-05-06,Liverpool,Brentford,A Taylor,5,9,59.0,50.0,1.7352941176470589,1.4705882352941178,3.0,7.0,26,19.807692307692307,3.769230769230769,337,21.421364985163205,3.5905044510385755,10.059347181008903,2.830860534124629
c9c2f076a29d89a6a337,2022-23,2023-05-20,Liverpool,Aston Villa,J Brooks,5,8,65.0,57.0,1.8055555555555556,1.5833333333333333,5.0,7.0,17,21.823529411764707,4.0588235294117645,358,21.58100558659218,3.6033519553072626,10.12290502793296,2.85195530726257
68d5bb536923ed7b3db3,2022-23,2022-08-13,Manchester City,Bournemouth,D Coote,4,3,3.0,3.0,3.0,3.0,6.0,7.0,0,,,10,20.6,3.0,10.4,2.8
cad29ba7261bde8df39e,2022-23,2022-08-27,Manchester City,Crystal Palace,D England,2,9,7.0,4.0,2.3333333333333335,1.3333333333333333,6.0,7.0,1,24.0,2.0,30,20.466666666666665,3.7,9.933333333333334,2.933333333333333
509868b83370658fe495,2022-23,2022-08-31,Manchester City,Nottingham Forest,P Tierney,2,14,10.0,4.0,2.5,1.0,4.0,3.0,3,17.0,4.666666666666667,44,20.181818181818183,3.6818181818181817,9.840909090909092,2.909090909090909
993b4b278a3c976236b5,2022-23,2022-10-02,Manchester City,Manchester United,M Oliver,2,6,17.0,12.0,2.4285714285714284,2.0,15.0,28.0,6,18.833333333333332,3.3333333333333335,74,20.10810810810811,3.7162162162162162,10.04054054054054,2.9864864864864864
c1988c6a59219076ac7b,2022-23,2022-10-08,Manchester City,Southampton,A Madley,2,16,20.0,7.0,2.5,0.875,6.0,7.0,5,20.6,3.2,77,20.25974025974026,3.7532467532467533,10.025974025974026,3.038961038961039
771d02a015862b098547,2022-23,2022-10-22,Manchester City,Brighton & Hove Albion,C Pawson,2,8,23.0,15.0,2.3,1.5,6.0,4.0,6,23.0,4.5,106,20.78301886792453,3.5754716981132075,9.943396226415095,2.792452830188679
48d1db9bd19ff7b75ec5,2022-23,2022-11-05,Manchester City,Fulham,D England,2,7,29.0,19.0,2.4166666666666665,1.4615384615384615,7.0,7.0,6,22.166666666666668,3.0,126,20.761904761904763,3.5238095238095237,10.277777777777779,2.8015873015873014
c5574176ea9e0d8f2f40,2022-23,2022-11-12,Manchester City,Brentford,P Bankes,2,11,32.0,16.0,2.4615384615384617,1.1428571428571428,7.0,7.0,6,21.666666666666668,4.333333333333333,136,20.75735294117647,3.5,10.242647058823529,2.8676470588235294
a1298f2302c2608f5e9a,2022-23,2022-12-31,Manchester City,Everton,A Madley,2,16,35.0,14.0,2.3333333333333335,0.875,3.0,5.0,10,21.3,2.4,158,20.696202531645568,3.4430379746835444,10.170886075949367,2.8987341772151898
811948e3a0c5da6eab53,2022-23,2023-01-19,Manchester City,Tottenham,S Hooper,2,5,39.0,33.0,2.1666666666666665,1.736842105263158,5.0,4.0,13,19.307692307692307,2.923076923076923,188,21.04255319148936,3.606382978723404,10.063829787234043,2.8031914893617023
62355ea19c38f5504c25,2022-23,2023-01-22,Manchester City,Wolverhampton Wanderers,D Coote,2,17,42.0,17.0,2.210526315789474,0.8947368421052632,3.0,8.0,10,22.2,3.1,195,21.04102564102564,3.58974358974359,10.097435897435897,2.7794871794871794
1e87ebf5dafea7728807,2022-23,2023-02-12,Manchester City,Aston Villa,R Jones,2,11,45.0,28.0,2.142857142857143,1.3333333333333333,7.0,8.0,14,21.428571428571427,3.7857142857142856,217,21.110599078341014,3.6036866359447006,10.018433179723502,2.737327188940092
ae903f24e8fbed3ac1c8,2022-23,2023-03-04,Manchester City,Newcastle United,S Hooper,2,5,55.0,41.0,2.2,1.7826086956521738,7.0,14.0,17,19.647058823529413,3.0588235294117645,241,21.21161825726141,3.6182572614107884,9.970954356846473,2.6970954356846475
f385a17aca485a48284f,2022-23,2023-04-01,Manchester City,Liverpool,S Hooper,2,6,61.0,42.0,2.259259259259259,1.6153846153846154,21.0,21.0,20,19.95,3.15,270,21.344444444444445,3.611111111111111,10.014814814814814,2.725925925925926
228167a8fb037d70436d,2022-23,2023-04-15,Manchester City,Leicester,D England,2,19,67.0,25.0,2.310344827586207,0.8333333333333334,7.0,7.0,14,21.571428571428573,3.5,296,21.510135135135137,3.6216216216216215,10.077702702702704,2.7364864864864864
4db7bd83efb89836bd78,2022-23,2023-04-26,Manchester City,Arsenal,M Oliver,2,1,70.0,75.0,2.3333333333333335,2.34375,11.0,5.0,25,21.04,2.96,317,21.526813880126184,3.630914826498423,10.091482649842272,2.779179810725552
fb3159dea2edb0dc40c5,2022-23,2023-05-03,Manchester City,West Ham United,J Brooks,2,15,76.0,34.0,2.375,1.0303030303030303,3.0,4.0,14,22.642857142857142,4.214285714285714,334,21.440119760479043,3.595808383233533,10.044910179640718,2.841317365269461
afa7e659f5eb1c0c7431,2022-23,2023-05-06,Manchester City,Leeds,A Madley,1,17,79.0,30.0,2.393939393939394,0.8823529411764706,3.0,6.0,22,22.545454545454547,3.5,337,21.421364985163205,3.5905044510385755,10.059347181008903,2.830860534124629
f1daceed1e2314310b2a,2022-23,2023-05-21,Manchester City,Chelsea,M Oliver,1,12,85.0,43.0,2.4285714285714284,1.2285714285714286,7.0,8.0,29,21.03448275862069,2.9310344827586206,364,21.604395604395606,3.6126373626373627,10.12087912087912,2.8434065934065935
0278cc1f85c4f6838e51,2022-23,2022-08-07,Manchester United,Brighton & Hove Albion,P Tierney,13,10,0.0,0.0,,,,,0,,,7,23.428571428571427,3.4285714285714284,11.428571428571429,2.7142857142857144
739f138c9898bbaec5f6,2022-23,2022-08-22,Manchester United,Liverpool,M Oliver,19,15,0.0,2.0,0.0,1.0,9.0,7.0,2,14.0,3.0,29,20.551724137931036,3.689655172413793,9.793103448275861,2.9310344827586206
d976757611ea64e4b3f1,2022-23,2022-09-04,Manchester United,Arsenal,P Tierney,8,1,9.0,15.0,1.8,3.0,3.0,4.0,4,16.75,3.75,58,20.17241379310345,3.7758620689655173,10.03448275862069,2.8275862068965516
25398e71b525bef70438,2022-23,2022-10-16,Manchester United,Newcastle United,C Pawson,5,6,15.0,14.0,1.875,1.5555555555555556,7.0,8.0,5,22.8,4.6,92,20.83695652173913,3.6956521739130435,9.847826086956522,3.010869565217391
421c7ecfc83a1e48901d,2022-23,2022-10-19,Manchester United,Tottenham,S Hooper,5,3,16.0,23.0,1.7777777777777777,2.3,3.0,4.0,6,17.833333333333332,2.8333333333333335,99,20.88888888888889,3.6666666666666665,9.868686868686869,2.888888888888889
6639279e7625ef27e2de,2022-23,2022-10-30,Manchester United,West Ham United,C Kavanagh,6,13,20.0,14.0,1.8181818181818181,1.1666666666666667,8.0,6.0,3,20.333333333333332,3.3333333333333335,124,20.782258064516128,3.5403225806451615,10.21774193548387,2.7983870967741935
4cae0e549b42351e4264,2022-23,2022-12-27,Manchester United,Nottingham Forest,A Taylor,5,19,26.0,13.0,1.8571428571428572,0.8666666666666667,44.0,45.0,12,20.166666666666668,3.5,153,20.73856209150327,3.477124183006536,10.124183006535947,2.9019607843137254
852b725a88078716e1cb,2022-23,2023-01-03,Manchester United,Bournemouth,M Salisbury,4,15,32.0,16.0,2.0,0.9411764705882353,3.0,3.0,7,24.571428571428573,4.0,167,20.87425149700599,3.532934131736527,10.125748502994012,2.874251497005988
737ba57ef4c348f80652,2022-23,2023-01-14,Manchester United,Manchester City,S Attwell,4,2,35.0,39.0,2.0588235294117645,2.2941176470588234,11.0,9.0,11,19.454545454545453,3.5454545454545454,178,20.98876404494382,3.601123595505618,10.123595505617978,2.848314606741573
4c1811e5f0bf896613c0,2022-23,2023-02-04,Manchester United,Crystal Palace,A Marriner,4,12,39.0,24.0,1.95,1.2,13.0,14.0,7,19.857142857142858,3.857142857142857,200,21.08,3.595,10.105,2.755
52b317aa071bf8eebc1a,2022-23,2023-02-08,Manchester United,Leeds,S Hooper,3,17,42.0,18.0,2.0,0.9,4.0,3.0,14,19.642857142857142,2.9285714285714284,209,21.13397129186603,3.598086124401914,10.057416267942584,2.736842105263158
5ee521d3c88916c0278c,2022-23,2023-02-19,Manchester United,Leicester,S Attwell,3,14,46.0,24.0,2.0,1.0909090909090908,7.0,8.0,15,19.666666666666668,3.6,229,21.148471615720524,3.6331877729257642,10.017467248908297,2.7161572052401746
9d5e1075c53bf0a4f84b,2022-23,2023-03-12,Manchester United,Southampton,A Taylor,3,20,49.0,21.0,1.96,0.84,7.0,8.0,19,20.210526315789473,3.5789473684210527,257,21.32295719844358,3.630350194552529,9.961089494163424,2.708171206225681
ad6bad2dadda987cb73c,2022-23,2023-04-05,Manchester United,Brentford,J Brooks,5,9,50.0,43.0,1.8518518518518519,1.5357142857142858,3.0,4.0,11,22.0,4.545454545454546,284,21.475352112676056,3.6161971830985915,10.01056338028169,2.7288732394366195
1c0d410f00800729d4c2,2022-23,2023-04-08,Manchester United,Everton,M Oliver,4,16,53.0,27.0,1.8928571428571428,0.9310344827586207,3.0,5.0,22,21.227272727272727,3.1363636363636362,286,21.47902097902098,3.6188811188811187,10.038461538461538,2.734265734265734
b1e90e84da65206c7d45,2022-23,2023-04-30,Manchester United,Aston Villa,J Gillett,4,6,60.0,54.0,1.935483870967742,1.6363636363636365,3.0,5.0,14,17.357142857142858,2.9285714285714284,327,21.45565749235474,3.599388379204893,10.076452599388379,2.81651376146789
baafc04eee0490f3c92e,2022-23,2023-05-13,Manchester United,Wolverhampton Wanderers,J Brooks,4,13,63.0,40.0,1.8529411764705883,1.1428571428571428,6.0,7.0,16,22.0625,4.0,347,21.51008645533141,3.6080691642651295,10.115273775216139,2.847262247838617
4bffbb07302b7789de69,2022-23,2023-05-25,Manchester United,Chelsea,S Attwell,4,12,69.0,43.0,1.9166666666666667,1.1944444444444444,5.0,4.0,23,20.08695652173913,3.260869565217391,369,21.571815718157183,3.6124661246612466,10.11111111111111,2.834688346883469
c24ce332f28dee28e855,2022-23,2023-05-28,Manchester United,Fulham,R Jones,3,10,72.0,52.0,1.945945945945946,1.4054054054054055,3.0,8.0,25,22.76,4.08,370,21.562162162162164,3.608108108108108,10.102702702702702,2.8405405405405406
c3bac8e5b11ffb16cf95,2022-23,2022-08-06,Newcastle United,Nottingham Forest,S Hooper,14,15,0.0,0.0,,,,,0,,,1,27.0,3.0,8.0,2.0
3ed04b7c103118c3c537,2022-23,2022-08-21,Newcastle United,Manchester City,J Gillett,6,3,4.0,6.0,2.0,3.0,8.0,8.0,1,11.0,0.0,26,20.26923076923077,3.769230769230769,9.807692307692308,2.8461538461538463
f52d8cc047fbd29ef11a,2022-23,2022-09-03,Newcastle United,Crystal Palace,M Salisbury,12,13,6.0,5.0,1.2,1.0,3.0,4.0,2,25.0,5.0,50,20.24,3.68,9.76,2.86
6d99aecde41d477cf05b,2022-23,2022-09-17,Newcastle United,Bournemouth,C Pawson,11,14,7.0,7.0,1.1666666666666667,1.1666666666666667,14.0,14.0,4,23.25,4.75,62,20.20967741935484,3.8225806451612905,10.016129032258064,2.9193548387096775
feb01c765a89969ffb90,2022-23,2022-10-08,Newcastle United,Brentford,J Brooks,7,10,11.0,10.0,1.375,1.25,7.0,7.0,3,20.333333333333332,5.333333333333333,77,20.25974025974026,3.7532467532467533,10.025974025974026,3.038961038961039
fa6737bde4f9e7b793e0,2022-23,2022-10-19,Newcastle United,Everton,T Harrington,6,14,15.0,10.0,1.5,1.0,3.0,4.0,4,21.25,3.25,99,20.88888888888889,3.6666666666666665,9.868686868686869,2.888888888888889
ad79d8039a6a8172d710,2022-23,2022-10-29,Newcastle United,Aston Villa,P Tierney,4,15,21.0,12.0,1.75,1.0,6.0,6.0,9,20.666666666666668,4.333333333333333,116,20.870689655172413,3.5775862068965516,9.982758620689655,2.810344827586207
8b90af383d78105c8273,2022-23,2022-11-12,Newcastle United,Chelsea,R Jones,3,7,27.0,21.0,1.9285714285714286,1.6153846153846154,6.0,6.0,8,20.75,3.5,136,20.75735294117647,3.5,10.242647058823529,2.8676470588235294
aad4f0aa1434d541677f,2022-23,2022-12-31,Newcastle United,Leeds,S Hooper,3,15,33.0,15.0,2.0625,1.0,5.0,3.0,11,18.363636363636363,2.5454545454545454,158,20.696202531645568,3.4430379746835444,10.170886075949367,2.8987341772151898
3366ac4bdaddb9c822bc,2022-23,2023-01-15,Newcastle United,Fulham,R Jones,4,6,35.0,31.0,1.9444444444444444,1.631578947368421,12.0,3.0,11,21.09090909090909,3.6363636363636362,184,20.972826086956523,3.5760869565217392,10.032608695652174,2.8315217391304346
93c17537019144aff3ef,2022-23,2023-02-04,Newcastle United,West Ham United,P Bankes,3,16,39.0,18.0,1.95,0.9,14.0,14.0,10,23.1,4.5,200,21.08,3.595,10.105,2.755
2154367e5dd739429633,2022-23,2023-02-18,Newcastle United,Liverpool,A Taylor,4,9,41.0,32.0,1.8636363636363635,1.5238095238095237,7.0,5.0,16,20.0,3.75,221,21.18099547511312,3.6063348416289593,9.981900452488688,2.742081447963801
8bc5370a4064ce9d7f93,2022-23,2023-03-12,Newcastle United,Wolverhampton Wanderers,A Madley,6,13,41.0,27.0,1.7083333333333333,1.0384615384615385,8.0,8.0,17,22.176470588235293,3.411764705882353,257,21.32295719844358,3.630350194552529,9.961089494163424,2.708171206225681
80668ab78dc261b20d95,2022-23,2023-04-02,Newcastle United,Manchester United,S Attwell,5,3,47.0,50.0,1.8076923076923077,1.9230769230769231,16.0,21.0,19,19.210526315789473,3.4210526315789473,277,21.469314079422382,3.6389891696750905,10.010830324909747,2.7509025270758123
e9eb9b13d0678863f87b,2022-23,2023-04-23,Newcastle United,Tottenham,D Coote,4,5,56.0,53.0,1.8666666666666667,1.7096774193548387,8.0,8.0,17,22.823529411764707,3.411764705882353,312,21.503205128205128,3.605769230769231,10.057692307692308,2.7724358974358974
800d918f6aabe6d38854,2022-23,2023-04-30,Newcastle United,Southampton,A Taylor,3,20,62.0,24.0,1.9375,0.7272727272727273,3.0,3.0,25,19.92,3.72,327,21.45565749235474,3.599388379204893,10.076452599388379,2.81651376146789
2d48a4d9b63ce4226ef8,2022-23,2023-05-07,Newcastle United,Arsenal,C Kavanagh,3,2,65.0,78.0,1.9696969696969697,2.2941176470588234,7.0,5.0,11,20.727272727272727,3.1818181818181817,342,21.476608187134502,3.6169590643274856,10.08187134502924,2.818713450292398
089edffeffe7c20e2b30,2022-23,2023-05-18,Newcastle United,Brighton & Hove Albion,R Jones,3,6,66.0,58.0,1.8857142857142857,1.7058823529411764,5.0,4.0,24,22.333333333333332,4.0,357,21.54901960784314,3.596638655462185,10.131652661064425,2.84593837535014
f5ab696e5a1b49b84d42,2022-23,2023-05-22,Newcastle United,Leicester,A Marriner,3,19,69.0,30.0,1.9166666666666667,0.8333333333333334,4.0,7.0,11,19.636363636363637,4.0,367,21.577656675749317,3.6185286103542236,10.114441416893733,2.844686648501362
6ac31ba93290f71ed065,2022-23,2022-08-14,Nottingham Forest,West Ham United,R Jones,18,19,0.0,0.0,0.0,0.0,8.0,7.0,1,22.0,2.0,17,20.11764705882353,3.4705882352941178,10.117647058823529,2.8823529411764706
cc1d46e4a08501f89ef0,2022-23,2022-08-28,Nottingham Forest,Tottenham,C Pawson,12,4,4.0,7.0,1.3333333333333333,2.3333333333333335,8.0,8.0,2,23.5,4.0,37,20.0,3.6486486486486487,9.945945945945946,3.054054054054054
8e2498c407cf07be677e,2022-23,2022-09-03,Nottingham Forest,Bournemouth,M Oliver,15,16,4.0,4.0,0.8,0.8,3.0,3.0,4,17.75,3.25,50,20.24,3.68,9.76,2.86
aba450c1c73b8cb4a412,2022-23,2022-09-16,Nottingham Forest,Fulham,J Gillett,19,10,4.0,8.0,0.6666666666666666,1.3333333333333333,13.0,13.0,3,16.666666666666668,3.6666666666666665,60,20.1,3.783333333333333,10.0,2.9166666666666665
c0f89a2a40c6a6587320,2022-23,2022-10-10,Nottingham Forest,Aston Villa,A Taylor,20,16,4.0,8.0,0.5,1.0,7.0,8.0,7,20.0,3.0,86,20.372093023255815,3.6627906976744184,9.872093023255815,3.0930232558139537
7b3a984786f115384fbe,2022-23,2022-10-22,Nottingham Forest,Liverpool,P Tierney,20,7,6.0,16.0,0.5454545454545454,1.6,4.0,3.0,8,20.5,4.5,106,20.78301886792453,3.5754716981132075,9.943396226415095,2.792452830188679
edd59e3f55b076e6b392,2022-23,2022-11-05,Nottingham Forest,Brentford,A Marriner,20,11,9.0,15.0,0.6923076923076923,1.1538461538461537,6.0,7.0,4,18.0,3.5,126,20.761904761904763,3.5238095238095237,10.277777777777779,2.8015873015873014
4f24eafca55d3d08821c,2022-23,2022-11-12,Nottingham Forest,Crystal Palace,J Brooks,20,10,10.0,19.0,0.7142857142857143,1.4615384615384615,7.0,6.0,6,20.5,4.0,136,20.75735294117647,3.5,10.242647058823529,2.8676470588235294
743d069d0726235b05dd,2022-23,2023-01-01,Nottingham Forest,Chelsea,P Bankes,19,9,13.0,24.0,0.8125,1.6,5.0,5.0,7,20.857142857142858,4.285714285714286,164,20.841463414634145,3.5060975609756095,10.164634146341463,2.8780487804878048
519544747c60450e8722,2022-23,2023-01-14,Nottingham Forest,Leicester,P Tierney,15,13,17.0,17.0,0.9444444444444444,0.9444444444444444,10.0,11.0,14,20.071428571428573,3.357142857142857,178,20.98876404494382,3.601123595505618,10.123595505617978,2.848314606741573
863562118ab4d1bbe767,2022-23,2023-02-05,Nottingham Forest,Leeds,R Jones,14,17,21.0,18.0,1.05,0.9473684210526315,15.0,14.0,13,20.846153846153847,3.6153846153846154,207,21.03864734299517,3.579710144927536,10.096618357487923,2.753623188405797
cd33875386338a3b7cdf,2022-23,2023-02-18,Nottingham Forest,Manchester City,G Scott,14,1,24.0,51.0,1.0909090909090908,2.217391304347826,7.0,3.0,4,20.25,2.5,221,21.18099547511312,3.6063348416289593,9.981900452488688,2.742081447963801
fc17961b091ae7c27d02,2022-23,2023-03-05,Nottingham Forest,Everton,J Brooks,14,18,25.0,21.0,1.0416666666666667,0.84,8.0,4.0,9,22.0,4.333333333333333,248,21.213709677419356,3.620967741935484,10.0,2.681451612903226
3af26066976c02603b4b,2022-23,2023-03-17,Nottingham Forest,Newcastle United,P Tierney,14,5,26.0,44.0,1.0,1.76,6.0,5.0,22,20.363636363636363,3.3636363636363638,263,21.338403041825096,3.596958174904943,9.984790874524714,2.688212927756654
eb39f57d488fc9792408,2022-23,2023-04-01,Nottingham Forest,Wolverhampton Wanderers,C Kavanagh,16,13,26.0,27.0,0.9629629629629629,0.9642857142857143,15.0,14.0,7,19.428571428571427,3.7142857142857144,270,21.344444444444445,3.611111111111111,10.014814814814814,2.725925925925926
05bcd23689ccdd0b4cf6,2022-23,2023-04-16,Nottingham Forest,Manchester United,S Hooper,18,4,27.0,56.0,0.9,1.9310344827586208,8.0,8.0,22,19.954545454545453,3.1363636363636362,303,21.46864686468647,3.6105610561056105,10.052805280528053,2.7491749174917492
b8101018f36cb209189c,2022-23,2023-04-26,Nottingham Forest,Brighton & Hove Albion,J Gillett,19,8,27.0,49.0,0.84375,1.6896551724137931,4.0,11.0,13,17.53846153846154,3.0,317,21.526813880126184,3.630914826498423,10.091482649842272,2.779179810725552
ac0bb95684cc2beeb59f,2022-23,2023-05-08,Nottingham Forest,Southampton,M Oliver,18,20,30.0,24.0,0.8823529411764706,0.7058823529411765,9.0,8.0,27,21.25925925925926,3.074074074074074,344,21.47093023255814,3.61046511627907,10.093023255813954,2.811046511627907
ea64c4a0fb690bfa3167,2022-23,2023-05-20,Nottingham Forest,Arsenal,A Taylor,16,2,34.0,81.0,0.9444444444444444,2.25,7.0,6.0,28,20.0,3.75,358,21.58100558659218,3.6033519553072626,10.12290502793296,2.85195530726257
95472919b4681fc91908,2022-23,2022-08-13,Southampton,Leeds,T Harrington,20,7,0.0,3.0,0.0,3.0,7.0,7.0,0,,,10,20.6,3.0,10.4,2.8
55e149c0887df239055c,2022-23,2022-08-27,Southampton,Manchester United,A Madley,11,14,4.0,3.0,1.3333333333333333,1.0,7.0,5.0,2,23.0,2.5,30,20.466666666666665,3.7,9.933333333333334,2.933333333333333
45319b047afdfbb45eb4,2022-23,2022-08-30,Southampton,Chelsea,M Oliver,13,6,4.0,7.0,1.0,1.75,3.0,3.0,3,15.333333333333334,3.3333333333333335,40,20.125,3.675,9.925,2.95
c458b0d5f6b6d94d54b2,2022-23,2022-10-01,Southampton,Everton,A Marriner,14,13,7.0,7.0,1.0,1.0,15.0,13.0,3,17.0,3.3333333333333335,67,20.104477611940297,3.7761194029850746,10.059701492537313,2.955223880597015
182e91cc778d40f2950b,2022-23,2022-10-16,Southampton,West Ham United,P Bankes,18,13,7.0,10.0,0.7777777777777778,1.1111111111111112,8.0,7.0,4,23.5,5.25,92,20.83695652173913,3.6956521739130435,9.847826086956522,3.010869565217391
df1169519b5ac80f8121,2022-23,2022-10-23,Southampton,Arsenal,R Jones,15,1,11.0,27.0,1.0,2.7,4.0,7.0,6,22.0,4.166666666666667,110,20.87272727272727,3.618181818181818,9.945454545454545,2.7818181818181817
f6f84d20c8e062670ee5,2022-23,2022-11-06,Southampton,Newcastle United,S Attwell,18,4,12.0,24.0,0.9230769230769231,1.8461538461538463,8.0,8.0,7,21.142857142857142,3.2857142857142856,131,20.763358778625953,3.5114503816793894,10.305343511450381,2.854961832061069
28c7eed2dd2589928545,2022-23,2022-12-26,Southampton,Brighton & Hove Albion,R Jones,19,7,12.0,21.0,0.8,1.5,44.0,43.0,9,21.22222222222222,3.6666666666666665,146,20.623287671232877,3.5342465753424657,10.212328767123287,2.8698630136986303
11f144c11f9ac4cff113,2022-23,2023-01-04,Southampton,Nottingham Forest,T Bramall,20,18,12.0,14.0,0.7058823529411765,0.8235294117647058,4.0,3.0,3,23.666666666666668,3.3333333333333335,171,20.894736842105264,3.584795321637427,10.105263157894736,2.8596491228070176
fe56faae0784455a97b6,2022-23,2023-01-21,Southampton,Aston Villa,M Salisbury,20,11,15.0,25.0,0.7894736842105263,1.3157894736842106,7.0,8.0,8,24.0,3.875,189,21.058201058201057,3.6031746031746033,10.068783068783068,2.82010582010582
f09b187613a013aba84b,2022-23,2023-02-11,Southampton,Wolverhampton Wanderers,J Gillett,20,15,15.0,20.0,0.7142857142857143,0.9523809523809523,7.0,7.0,10,16.7,3.3,210,21.11904761904762,3.6,10.061904761904762,2.742857142857143
5286605665bee474c9d3,2022-23,2023-03-04,Southampton,Leicester,R Jones,20,14,18.0,24.0,0.75,1.0,7.0,7.0,15,21.8,3.7333333333333334,241,21.21161825726141,3.6182572614107884,9.970954356846473,2.6970954356846475
e1dbe52d901e27f11c93,2022-23,2023-03-15,Southampton,Brentford,M Salisbury,20,9,22.0,38.0,0.8461538461538461,1.52,3.0,4.0,11,24.09090909090909,4.2727272727272725,261,21.28352490421456,3.6015325670498086,10.019157088122606,2.6973180076628354
906e5fcc20076e5c8c78,2022-23,2023-03-18,Southampton,Tottenham,S Hooper,20,4,22.0,48.0,0.8148148148148148,1.7777777777777777,3.0,7.0,19,19.894736842105264,3.210526315789474,264,21.356060606060606,3.606060606060606,9.984848484848484,2.6893939393939394
4c53b3e5cac6c26e0eb6,2022-23,2023-04-08,Southampton,Manchester City,R Jones,20,2,23.0,64.0,0.7931034482758621,2.2857142857142856,6.0,7.0,19,22.263157894736842,4.0,286,21.47902097902098,3.6188811188811187,10.038461538461538,2.734265734265734
6acc0e4cd2cb371649d7,2022-23,2023-04-15,Southampton,Crystal Palace,M Oliver,20,12,23.0,33.0,0.7666666666666667,1.1,7.0,6.0,23,21.130434782608695,3.0,296,21.510135135135137,3.6216216216216215,10.077702702702704,2.7364864864864864
4ad54fd7e033e4e4f5eb,2022-23,2023-04-27,Southampton,Bournemouth,D England,20,15,24.0,33.0,0.75,1.03125,6.0,4.0,15,21.2,3.4,321,21.485981308411215,3.6137071651090342,10.05607476635514,2.7881619937694704
f9f9e870138c6bbeb2eb,2022-23,2023-05-13,Southampton,Fulham,T Bramall,20,10,24.0,48.0,0.6857142857142857,1.3714285714285714,5.0,5.0,6,24.0,3.3333333333333335,347,21.51008645533141,3.6080691642651295,10.115273775216139,2.847262247838617
5971df9ead05d1abc727,2022-23,2023-05-28,Southampton,Liverpool,D England,20,5,24.0,66.0,0.6486486486486487,1.7837837837837838,7.0,8.0,17,21.58823529411765,3.6470588235294117,370,21.562162162162164,3.608108108108108,10.102702702702702,2.8405405405405406
74c696f73384943d0d85,2022-23,2022-08-06,Tottenham,Southampton,A Marriner,17,16,0.0,0.0,,,,,0,,,1,27.0,3.0,8.0,2.0
bd3b2d95af6af16b564a,2022-23,2022-08-20,Tottenham,Wolverhampton Wanderers,S Hooper,4,14,4.0,1.0,2.0,0.5,6.0,7.0,1,23.0,3.0,20,19.8,3.65,10.2,2.8
b9c2ebf9fae0268d9e05,2022-23,2022-09-03,Tottenham,Fulham,S Attwell,3,8,11.0,8.0,2.2,1.6,3.0,4.0,3,21.0,2.0,50,20.24,3.68,9.76,2.86
b669c6b3514535b505f2,2022-23,2022-09-17,Tottenham,Leicester,S Hooper,3,20,14.0,1.0,2.3333333333333335,0.16666666666666666,14.0,13.0,4,18.25,3.0,62,20.20967741935484,3.8225806451612905,10.016129032258064,2.9193548387096775
d30402bfc2e7d4b8cba9,2022-23,2022-10-15,Tottenham,Everton,P Tierney,3,12,20.0,10.0,2.2222222222222223,1.1111111111111112,7.0,6.0,7,19.857142857142858,4.428571428571429,88,20.579545454545453,3.6931818181818183,9.852272727272727,3.0681818181818183
5910abf6768075869641,2022-23,2022-10-23,Tottenham,Newcastle United,J Gillett,3,6,23.0,18.0,2.090909090909091,1.6363636363636365,4.0,4.0,5,17.0,3.4,110,20.87272727272727,3.618181818181818,9.945454545454545,2.7818181818181817
71aa20108552d20cc6ea,2022-23,2022-11-06,Tottenham,Liverpool,A Madley,3,9,26.0,16.0,2.0,1.3333333333333333,8.0,8.0,8,21.0,3.0,131,20.763358778625953,3.5114503816793894,10.305343511450381,2.854961832061069
da85fb9d098b7ce27015,2022-23,2022-11-12,Tottenham,Leeds,M Salisbury,4,12,26.0,15.0,1.8571428571428572,1.1538461538461537,6.0,7.0,6,26.166666666666668,4.333333333333333,136,20.75735294117647,3.5,10.242647058823529,2.8676470588235294
e2a6089e60001f6bce42,2022-23,2023-01-01,Tottenham,Aston Villa,J Brooks,5,12,30.0,18.0,1.875,1.125,6.0,6.0,7,21.0,4.142857142857143,164,20.841463414634145,3.5060975609756095,10.164634146341463,2.8780487804878048
d98705c50312db4b4f4d,2022-23,2023-01-15,Tottenham,Arsenal,C Pawson,5,1,33.0,44.0,1.8333333333333333,2.588235294117647,11.0,12.0,10,23.5,4.1,184,20.972826086956523,3.5760869565217392,10.032608695652174,2.8315217391304346
c4f8fddc9f5a4ad3f44d,2022-23,2023-02-05,Tottenham,Manchester City,A Madley,5,2,36.0,45.0,1.7142857142857142,2.25,13.0,14.0,13,21.76923076923077,3.230769230769231,207,21.03864734299517,3.579710144927536,10.096618357487923,2.753623188405797
01fa9adc11285a94e50c,2022-23,2023-02-19,Tottenham,West Ham United,M Oliver,5,18,39.0,20.0,1.6956521739130435,0.9090909090909091,8.0,8.0,17,20.705882352941178,3.3529411764705883,229,21.148471615720524,3.6331877729257642,10.017467248908297,2.7161572052401746
25548fc19099ad013a99,2022-23,2023-02-26,Tottenham,Chelsea,S Attwell,4,10,42.0,31.0,1.75,1.3478260869565217,7.0,8.0,16,19.5625,3.5,238,21.210084033613445,3.6134453781512605,10.008403361344538,2.697478991596639
dc97a0c536c55f988bbc,2022-23,2023-03-11,Tottenham,Nottingham Forest,C Pawson,4,14,45.0,26.0,1.7307692307692308,1.04,7.0,6.0,16,23.8125,4.0625,251,21.294820717131476,3.641434262948207,9.952191235059761,2.7131474103585655
39e69df1c075aedb6bf2,2022-23,2023-04-08,Tottenham,Brighton & Hove Albion,S Attwell,5,6,50.0,46.0,1.7241379310344827,1.7037037037037037,5.0,4.0,20,19.25,3.25,286,21.47902097902098,3.6188811188811187,10.038461538461538,2.734265734265734
efda360678cf0d30ac0b,2022-23,2023-04-15,Tottenham,Bournemouth,A Madley,5,15,53.0,30.0,1.7666666666666666,1.0,7.0,7.0,19,22.526315789473685,3.526315789473684,296,21.510135135135137,3.6216216216216215,10.077702702702704,2.7364864864864864
67f59604c9cfd1f654d3,2022-23,2023-04-27,Tottenham,Manchester United,A Taylor,7,4,53.0,59.0,1.65625,1.9666666666666666,4.0,11.0,24,20.125,3.75,321,21.485981308411215,3.6137071651090342,10.05607476635514,2.7881619937694704
008c856ba2eae948942b,2022-23,2023-05-06,Tottenham,Crystal Palace,D England,7,11,54.0,40.0,1.588235294117647,1.1764705882352942,6.0,7.0,16,21.125,3.375,337,21.421364985163205,3.5905044510385755,10.059347181008903,2.830860534124629
09c8724886068c09ccb4,2022-23,2023-05-20,Tottenham,Brentford,J Gillett,7,9,57.0,53.0,1.5833333333333333,1.4722222222222223,7.0,6.0,15,17.733333333333334,2.8666666666666667,358,21.58100558659218,3.6033519553072626,10.12290502793296,2.85195530726257
413b42c3b7a0086813a0,2022-23,2022-08-07,West Ham United,Manchester City,M Oliver,14,12,0.0,0.0,,,,,0,,,7,23.428571428571427,3.4285714285714284,11.428571428571429,2.7142857142857144
a0af28dbfe94f7978658,2022-23,2022-08-21,West Ham United,Brighton & Hove Albion,A Taylor,19,9,0.0,4.0,0.0,2.0,7.0,8.0,2,22.5,3.0,26,20.26923076923077,3.769230769230769,9.807692307692308,2.8461538461538463
5dd0e8639f5b46f6b677,2022-23,2022-08-31,West Ham United,Tottenham,P Bankes,17,3,3.0,10.0,0.75,2.5,3.0,3.0,3,25.0,4.666666666666667,44,20.181818181818183,3.6818181818181817,9.840909090909092,2.909090909090909
4e672756522a55a725b0,2022-23,2022-10-01,West Ham United,Wolverhampton Wanderers,P Tierney,18,17,4.0,6.0,0.5714285714285714,0.8571428571428571,13.0,14.0,5,17.8,4.2,67,20.104477611940297,3.7761194029850746,10.059701492537313,2.955223880597015
4ebc5cb839e2885b7818,2022-23,2022-10-09,West Ham United,Fulham,C Kavanagh,15,9,7.0,11.0,0.875,1.375,8.0,8.0,1,24.0,4.0,82,20.21951219512195,3.6463414634146343,9.987804878048781,3.0609756097560976
7e60f855a7ad1050573f,2022-23,2022-10-24,West Ham United,Bournemouth,D Coote,17,13,11.0,13.0,1.0,1.1818181818181819,5.0,5.0,5,22.0,2.8,115,20.878260869565217,3.591304347826087,10.02608695652174,2.8173913043478263
b3c2b52de3a698522dee,2022-23,2022-11-06,West Ham United,Crystal Palace,P Tierney,14,11,14.0,16.0,1.0769230769230769,1.3333333333333333,7.0,8.0,10,20.8,4.1,131,20.763358778625953,3.5114503816793894,10.305343511450381,2.854961832061069
cdd19e5904da53bef70c,2022-23,2022-11-12,West Ham United,Leicester,J Gillett,15,14,14.0,14.0,1.0,1.0,6.0,7.0,6,17.166666666666668,3.8333333333333335,136,20.75735294117647,3.5,10.242647058823529,2.8676470588235294
e5859a50ba04999288bf,2022-23,2022-12-30,West Ham United,Brentford,D England,16,10,14.0,20.0,0.875,1.25,4.0,4.0,7,21.428571428571427,3.4285714285714284,156,20.724358974358974,3.4743589743589745,10.185897435897436,2.9038461538461537
bb066113a5ace0c49251,2022-23,2023-01-21,West Ham United,Everton,S Attwell,18,19,15.0,15.0,0.7894736842105263,0.7894736842105263,7.0,7.0,12,19.5,3.5,189,21.058201058201057,3.6031746031746033,10.068783068783068,2.82010582010582
a84c71a4cd5f3a0fac63,2022-23,2023-02-11,West Ham United,Chelsea,C Pawson,17,9,19.0,30.0,0.9047619047619048,1.4285714285714286,7.0,8.0,13,23.615384615384617,4.384615384615385,210,21.11904761904762,3.6,10.061904761904762,2.742857142857143
139982820cd769e37c30,2022-23,2023-02-25,West Ham United,Nottingham Forest,J Gillett,18,13,20.0,25.0,0.8695652173913043,1.0869565217391304,6.0,7.0,11,17.545454545454547,3.3636363636363638,232,21.189655172413794,3.6163793103448274,10.017241379310345,2.711206896551724
e3dafca157a9822ec85a,2022-23,2023-03-12,West Ham United,Aston Villa,C Kavanagh,18,11,23.0,34.0,0.92,1.36,8.0,8.0,6,20.333333333333332,4.166666666666667,257,21.32295719844358,3.630350194552529,9.961089494163424,2.708171206225681
3f4844c0c3fb29284257,2022-23,2023-04-02,West Ham United,Southampton,P Tierney,19,20,24.0,23.0,0.9230769230769231,0.8214285714285714,21.0,15.0,23,20.608695652173914,3.4782608695652173,277,21.469314079422382,3.6389891696750905,10.010830324909747,2.7509025270758123
8b0f162522573c28ba91,2022-23,2023-04-05,West Ham United,Newcastle United,C Pawson,15,3,27.0,50.0,1.0,1.8518518518518519,3.0,3.0,17,23.941176470588236,4.0588235294117645,284,21.475352112676056,3.6161971830985915,10.01056338028169,2.7288732394366195
5b465ecd7769b373ff1b,2022-23,2023-04-16,West Ham United,Arsenal,D Coote,15,1,30.0,73.0,1.0344827586206897,2.433333333333333,8.0,7.0,16,23.0625,3.4375,303,21.46864686468647,3.6105610561056105,10.052805280528053,2.7491749174917492
ce900c4dc5384313d2ee,2022-23,2023-04-26,West Ham United,Liverpool,C Kavanagh,14,7,34.0,50.0,1.096774193548387,1.6129032258064515,3.0,4.0,9,20.88888888888889,3.7777777777777777,317,21.526813880126184,3.630914826498423,10.091482649842272,2.779179810725552
66bcd715f2bd75f314b6,2022-23,2023-05-07,West Ham United,Manchester United,P Bankes,15,4,34.0,63.0,1.0,1.9090909090909092,4.0,3.0,18,23.88888888888889,4.388888888888889,342,21.476608187134502,3.6169590643274856,10.08187134502924,2.818713450292398
4b4d521fa6de5d66a668,2022-23,2023-05-21,West Ham United,Leeds,P Bankes,15,18,37.0,31.0,1.0277777777777777,0.8611111111111112,7.0,8.0,20,23.3,4.35,364,21.604395604395606,3.6126373626373627,10.12087912087912,2.8434065934065935
9ce732d401a20ca2aaa2,2022-23,2022-08-13,Wolverhampton Wanderers,Fulham,J Brooks,14,10,0.0,1.0,0.0,1.0,7.0,7.0,0,,,10,20.6,3.0,10.4,2.8
678fcc81c4b4d4e5e44d,2022-23,2022-08-28,Wolverhampton Wanderers,Newcastle United,P Bankes,18,10,1.0,5.0,0.3333333333333333,1.6666666666666667,8.0,7.0,2,27.0,5.5,37,20.0,3.6486486486486487,9.945945945945946,3.054054054054054
a03f28b39c87e2f38bbc,2022-23,2022-09-03,Wolverhampton Wanderers,Southampton,J Brooks,18,9,3.0,7.0,0.6,1.4,3.0,4.0,2,18.5,5.0,50,20.24,3.68,9.76,2.86
90a09998cc14cb7abfc9,2022-23,2022-09-17,Wolverhampton Wanderers,Manchester City,A Taylor,15,2,6.0,14.0,1.0,2.3333333333333335,14.0,14.0,5,20.8,3.0,62,20.20967741935484,3.8225806451612905,10.016129032258064,2.9193548387096775
0c292f968381c62af736,2022-23,2022-10-15,Wolverhampton Wanderers,Nottingham Forest,T Bramall,18,19,6.0,5.0,0.6666666666666666,0.5555555555555556,7.0,5.0,2,20.5,3.0,88,20.579545454545453,3.6931818181818183,9.852272727272727,3.0681818181818183
9aa2e2d88517c1c15e5a,2022-23,2022-10-23,Wolverhampton Wanderers,Leicester,M Oliver,18,20,9.0,8.0,0.8181818181818182,0.7272727272727273,5.0,3.0,9,18.77777777777778,3.111111111111111,110,20.87272727272727,3.618181818181818,9.945454545454545,2.7818181818181817
c8c5895277306343308c,2022-23,2022-11-05,Wolverhampton Wanderers,Brighton & Hove Albion,G Scott,19,8,10.0,18.0,0.7692307692307693,1.5,7.0,7.0,2,17.0,3.5,126,20.761904761904763,3.5238095238095237,10.277777777777779,2.8015873015873014
53e133929ad636965a86,2022-23,2022-11-12,Wolverhampton Wanderers,Arsenal,S Attwell,19,1,10.0,34.0,0.7142857142857143,2.6153846153846154,7.0,6.0,8,20.625,3.0,136,20.75735294117647,3.5,10.242647058823529,2.8676470588235294
8cdfdee3d33ae8b52293,2022-23,2022-12-31,Wolverhampton Wanderers,Manchester United,R Jones,18,5,13.0,29.0,0.8125,1.9333333333333333,5.0,4.0,10,21.0,3.6,158,20.696202531645568,3.4430379746835444,10.170886075949367,2.8987341772151898
0899d3f8280276601d33,2022-23,2023-01-14,Wolverhampton Wanderers,West Ham United,S Hooper,19,17,14.0,15.0,0.7777777777777778,0.8333333333333334,10.0,10.0,12,19.5,3.0,178,20.98876404494382,3.601123595505618,10.123595505617978,2.848314606741573
479b071ba9273fe6f067,2022-23,2023-02-04,Wolverhampton Wanderers,Liverpool,P Tierney,17,10,17.0,29.0,0.85,1.5263157894736843,13.0,14.0,16,20.25,3.375,200,21.08,3.595,10.105,2.755
15770bf52f59de2b5d89,2022-23,2023-02-18,Wolverhampton Wanderers,Bournemouth,M Salisbury,15,19,23.0,18.0,1.0454545454545454,0.8181818181818182,7.0,7.0,10,24.3,4.1,221,21.18099547511312,3.6063348416289593,9.981900452488688,2.742081447963801
7b2c2c1cdc9c81808370,2022-23,2023-03-04,Wolverhampton Wanderers,Tottenham,T Robinson,15,4,24.0,45.0,0.96,1.8,3.0,6.0,0,,,241,21.21161825726141,3.6182572614107884,9.970954356846473,2.6970954356846475
a657e709aaa1ef8eb729,2022-23,2023-03-18,Wolverhampton Wanderers,Leeds,M Salisbury,13,19,27.0,23.0,1.0,0.8846153846153846,6.0,7.0,12,24.083333333333332,4.166666666666667,264,21.356060606060606,3.606060606060606,9.984848484848484,2.6893939393939394
12c2d360774158a32ee1,2022-23,2023-04-08,Wolverhampton Wanderers,Chelsea,P Bankes,14,11,28.0,39.0,0.9655172413793104,1.3448275862068966,7.0,4.0,15,24.133333333333333,4.266666666666667,286,21.47902097902098,3.6188811188811187,10.038461538461538,2.734265734265734
ffa369d55aba7172525c,2022-23,2023-04-15,Wolverhampton Wanderers,Brentford,P Tierney,13,9,31.0,43.0,1.0333333333333334,1.4333333333333333,7.0,7.0,25,20.68,3.6,296,21.510135135135137,3.6216216216216215,10.077702702702704,2.7364864864864864
15cd8ff7db121f50d1cf,2022-23,2023-04-25,Wolverhampton Wanderers,Crystal Palace,R Jones,14,12,34.0,37.0,1.0625,1.15625,3.0,3.0,21,21.952380952380953,3.9047619047619047,314,21.477707006369428,3.6019108280254777,10.073248407643312,2.789808917197452
001f76b39ff89a6ef6b4,2022-23,2023-05-06,Wolverhampton Wanderers,Aston Villa,S Attwell,14,8,37.0,54.0,1.088235294117647,1.588235294117647,7.0,6.0,22,19.681818181818183,3.1363636363636362,337,21.421364985163205,3.5905044510385755,10.059347181008903,2.830860534124629
37455b4eae15422e6cc7,2022-23,2023-05-20,Wolverhampton Wanderers,Everton,D Coote,13,17,40.0,32.0,1.1111111111111112,0.8888888888888888,7.0,6.0,19,22.789473684210527,3.3157894736842106,358,21.58100558659218,3.6033519553072626,10.12290502793296,2.85195530726257
f751685abfbedc43515f,2023-24,2023-08-12,Arsenal,Nottingham Forest,M Oliver,2,15,0.0,0.0,,,,,0,,,1,19.0,0.0,11.0,3.0
8ea773ed449f389b1c6f,2023-24,2023-08-26,Arsenal,Fulham,P Tierney,3,14,6.0,3.0,3.0,1.5,5.0,7.0,0,,,20,22.55,4.7,10.85,2.9
817d03c278c9bf9481e7,2023-24,2023-09-03,Arsenal,Manchester United,A Taylor,6,10,7.0,6.0,2.3333333333333335,2.0,8.0,8.0,3,18.666666666666668,5.666666666666667,36,22.38888888888889,4.555555555555555,11.027777777777779,3.1944444444444446
87be2c4c530c1dcf30eb,2023-24,2023-09-24,Arsenal,Tottenham,R Jones,4,2,13.0,13.0,2.6,2.6,7.0,8.0,5,25.0,5.0,54,22.22222222222222,4.722222222222222,10.703703703703704,2.962962962962963
2db4ef3ac8727cb51d8b,2023-24,2023-10-08,Arsenal,Manchester City,M Oliver,3,2,17.0,18.0,2.4285714285714284,2.5714285714285716,8.0,8.0,5,20.0,4.4,76,22.56578947368421,4.631578947368421,10.81578947368421,3.013157894736842
b5c5b035abe83ca36815,2023-24,2023-10-28,Arsenal,Sheffield United,T Robinson,3,20,21.0,1.0,2.3333333333333335,0.1111111111111111,7.0,7.0,4,23.5,5.25,91,22.75824175824176,4.56043956043956,10.736263736263735,3.032967032967033
8038051c088b7c0a04ca,2023-24,2023-11-11,Arsenal,Burnley,M Oliver,4,19,24.0,4.0,2.1818181818181817,0.36363636363636365,7.0,7.0,8,21.25,4.625,110,22.51818181818182,4.554545454545455,10.736363636363636,3.0272727272727273
6cd43656c1bccf6a0bd2,2023-24,2023-12-02,Arsenal,Wolverhampton Wanderers,P Bankes,1,12,30.0,15.0,2.3076923076923075,1.1538461538461537,7.0,5.0,7,22.571428571428573,5.428571428571429,130,22.53076923076923,4.561538461538461,10.638461538461538,3.1076923076923078
f48809d45beae0dbc834,2023-24,2023-12-17,Arsenal,Brighton & Hove Albion,T Robinson,2,8,36.0,26.0,2.25,1.625,8.0,8.0,10,23.4,4.5,165,22.503030303030304,4.442424242424242,10.503030303030304,3.103030303030303
62de02702b593cfe36bc,2023-24,2023-12-28,Arsenal,West Ham United,M Oliver,2,7,40.0,30.0,2.2222222222222223,1.6666666666666667,5.0,5.0,12,21.333333333333332,4.166666666666667,186,22.489247311827956,4.5,10.56989247311828,3.0806451612903225
be9a52a6bcdc8cfab928,2023-24,2024-01-20,Arsenal,Crystal Palace,P Tierney,4,15,40.0,21.0,2.0,1.05,20.0,21.0,12,21.333333333333332,3.5,203,22.379310344827587,4.458128078817734,10.610837438423646,3.0935960591133007
2d27c22c1fd417d1b958,2023-24,2024-02-04,Arsenal,Liverpool,A Taylor,3,1,46.0,51.0,2.090909090909091,2.3181818181818183,5.0,4.0,16,22.25,5.0625,223,22.376681614349774,4.3991031390134525,10.627802690582959,3.188340807174888
60cbce496c589a1d9bf2,2023-24,2024-02-24,Arsenal,Newcastle United,P Tierney,3,8,55.0,37.0,2.2,1.48,7.0,7.0,16,21.5,3.1875,250,22.236,4.384,10.752,3.228
7c31a86b56f57a5655f9,2023-24,2024-03-09,Arsenal,Brentford,R Jones,3,16,61.0,26.0,2.259259259259259,0.9629629629629629,5.0,7.0,15,23.8,4.333333333333333,268,22.063432835820894,4.317164179104478,10.779850746268657,3.246268656716418
ba1ce6ef28280707d225,2023-24,2024-04-03,Arsenal,Luton,C Pawson,2,18,65.0,22.0,2.2413793103448274,0.7333333333333333,3.0,4.0,13,22.153846153846153,4.3076923076923075,298,22.248322147651006,4.318791946308725,10.865771812080537,3.221476510067114
4a2410731425a213e7bc,2023-24,2024-04-14,Arsenal,Aston Villa,D Coote,2,4,71.0,60.0,2.2903225806451615,1.875,8.0,8.0,13,24.692307692307693,5.3076923076923075,319,22.213166144200628,4.260188087774295,10.90282131661442,3.2445141065830723
b92901bb87b56c8c719d,2023-24,2024-04-23,Arsenal,Chelsea,S Hooper,1,9,74.0,47.0,2.242424242424242,1.5161290322580645,3.0,8.0,21,22.38095238095238,4.571428571428571,330,22.163636363636364,4.239393939393939,10.857575757575757,3.2606060606060607
f8cd0f12f84bb1081d38,2023-24,2024-05-04,Arsenal,Bournemouth,D Coote,1,10,80.0,48.0,2.2857142857142856,1.3714285714285714,6.0,6.0,15,24.533333333333335,5.133333333333334,348,22.169540229885058,4.181034482758621,10.89080459770115,3.2528735632183907
2380194cd3197059e9d4,2023-24,2024-05-19,Arsenal,Everton,M Oliver,2,11,86.0,48.0,2.324324324324324,1.2972972972972974,7.0,8.0,23,21.217391304347824,3.782608695652174,370,22.12972972972973,4.167567567567567,10.889189189189189,3.2675675675675677
ee0acbc91a9fe08987d3,2023-24,2023-08-20,Aston Villa,Everton,A Taylor,19,15,0.0,0.0,0.0,0.0,8.0,8.0,1,17.0,6.0,16,22.4375,4.625,10.8125,2.875
f2c5267e14aee12e950a,2023-24,2023-09-16,Aston Villa,Crystal Palace,D England,10,7,6.0,7.0,1.5,1.75,13.0,13.0,1,24.0,7.0,39,22.153846153846153,4.461538461538462,10.974358974358974,3.2564102564102564
ee1c22ffdaca95eaca35,2023-24,2023-09-30,Aston Villa,Brighton & Hove Albion,A Madley,6,3,12.0,15.0,2.0,2.5,6.0,6.0,4,24.0,6.25,59,22.45762711864407,4.711864406779661,10.779661016949152,3.0677966101694913
c9858a49a97cea11120e,2023-24,2023-10-22,Aston Villa,West Ham United,D Coote,6,9,16.0,14.0,2.0,1.75,14.0,14.0,4,27.75,4.0,88,22.647727272727273,4.6477272727272725,10.693181818181818,3.022727272727273
b088f82d41b9b3f4d984,2023-24,2023-10-29,Aston Villa,Luton,J Brooks,5,18,19.0,5.0,2.111111111111111,0.5555555555555556,7.0,8.0,5,25.6,4.0,95,22.74736842105263,4.557894736842106,10.789473684210526,3.0526315789473686
ee8fea8afc0d53c5e7ca,2023-24,2023-11-12,Aston Villa,Fulham,S Hooper,5,16,22.0,12.0,2.0,1.0909090909090908,7.0,8.0,5,22.4,4.4,115,22.51304347826087,4.51304347826087,10.756521739130434,3.026086956521739
83179545065398589a62,2023-24,2023-12-06,Aston Villa,Manchester City,J Brooks,4,3,29.0,30.0,2.0714285714285716,2.142857142857143,3.0,3.0,9,24.444444444444443,4.444444444444445,142,22.56338028169014,4.542253521126761,10.598591549295774,3.1690140845070425
a73dcbd646a475212f75,2023-24,2023-12-09,Aston Villa,Arsenal,J Gillett,3,1,32.0,36.0,2.1333333333333333,2.4,3.0,4.0,6,19.666666666666668,4.5,150,22.566666666666666,4.506666666666667,10.593333333333334,3.1466666666666665
aad2ef597f2e1d1dc33c,2023-24,2023-12-22,Aston Villa,Sheffield United,A Taylor,3,20,38.0,8.0,2.235294117647059,0.47058823529411764,5.0,6.0,13,21.23076923076923,4.6923076923076925,170,22.523529411764706,4.4941176470588236,10.535294117647059,3.070588235294118
479bba7415df6d796fc0,2023-24,2023-12-30,Aston Villa,Burnley,S Attwell,3,19,39.0,11.0,2.0526315789473686,0.5789473684210527,4.0,4.0,10,21.7,4.9,188,22.46276595744681,4.48936170212766,10.595744680851064,3.0904255319148937
0fe0668d80c8e0dc6258,2023-24,2024-01-30,Aston Villa,Newcastle United,J Brooks,4,10,43.0,29.0,2.0476190476190474,1.380952380952381,16.0,17.0,13,23.076923076923077,4.615384615384615,208,22.365384615384617,4.427884615384615,10.600961538461538,3.105769230769231
fdb31555c91279894c90,2023-24,2024-02-11,Aston Villa,Manchester United,R Jones,5,6,46.0,38.0,2.0,1.6521739130434783,8.0,7.0,14,24.357142857142858,4.285714285714286,235,22.272340425531915,4.370212765957447,10.731914893617022,3.2085106382978723
60bda189750e426ea557,2023-24,2024-02-24,Aston Villa,Nottingham Forest,S Barrott,4,17,49.0,24.0,1.96,0.96,7.0,7.0,11,20.0,3.272727272727273,250,22.236,4.384,10.752,3.228
335451e1446a6ceca253,2023-24,2024-03-10,Aston Villa,Tottenham,C Kavanagh,4,5,55.0,50.0,2.037037037037037,1.9230769230769231,8.0,8.0,14,21.071428571428573,4.5,273,22.08058608058608,4.333333333333333,10.805860805860807,3.238095238095238
8cdb01d795ef940215be,2023-24,2024-03-30,Aston Villa,Wolverhampton Wanderers,P Tierney,4,9,56.0,41.0,1.9310344827586208,1.4642857142857142,13.0,21.0,18,21.555555555555557,3.111111111111111,283,22.17314487632509,4.342756183745583,10.79505300353357,3.2402826855123674
95b309baed963a9baff2,2023-24,2024-04-06,Aston Villa,Brentford,M Salisbury,4,17,59.0,28.0,1.903225806451613,0.9032258064516129,3.0,3.0,11,23.90909090909091,4.090909090909091,303,22.2013201320132,4.2838283828382835,10.831683168316832,3.227722772277228
53f8172152079a008223,2023-24,2024-04-21,Aston Villa,Bournemouth,T Robinson,4,13,63.0,42.0,1.9090909090909092,1.3125,7.0,8.0,19,22.94736842105263,4.2631578947368425,326,22.190184049079754,4.2392638036809815,10.895705521472392,3.2484662576687118
6ad35b8cf00558e2b86f,2023-24,2024-04-27,Aston Villa,Chelsea,C Pawson,4,9,66.0,47.0,1.9411764705882353,1.46875,6.0,4.0,16,21.8125,4.125,336,22.133928571428573,4.226190476190476,10.880952380952381,3.261904761904762
82381846c4f672b4dd86,2023-24,2024-05-13,Aston Villa,Liverpool,S Hooper,4,3,67.0,78.0,1.8611111111111112,2.1666666666666665,8.0,8.0,23,22.043478260869566,4.3478260869565215,366,22.095628415300546,4.163934426229508,10.87704918032787,3.259562841530055
784a632b87c974dce93c,2023-24,2023-08-12,Bournemouth,West Ham United,P Bankes,4,18,0.0,0.0,,,,,0,,,1,19.0,0.0,11.0,3.0
50a7c1760429e5cf1c27,2023-24,2023-08-26,Bournemouth,Tottenham,T Robinson,15,6,1.0,4.0,0.5,2.0,7.0,7.0,0,,,20,22.55,4.7,10.85,2.9
79aa63eb6324a7a818aa,2023-24,2023-09-17,Bournemouth,Chelsea,D Coote,16,14,2.0,4.0,0.5,1.0,15.0,15.0,2,23.5,3.5,46,21.782608695652176,4.739130434782608,10.91304347826087,3.217391304347826
49d82abf99e615879b47,2023-24,2023-09-30,Bournemouth,Arsenal,M Salisbury,17,5,3.0,14.0,0.5,2.3333333333333335,6.0,6.0,2,21.5,3.0,59,22.45762711864407,4.711864406779661,10.779661016949152,3.0677966101694913
780a060acfb82773b81d,2023-24,2023-10-21,Bournemouth,Wolverhampton Wanderers,P Tierney,19,14,3.0,8.0,0.375,1.0,14.0,13.0,4,18.25,3.25,80,22.7375,4.625,10.725,3.0
0ee4fef5bb801b55ab80,2023-24,2023-10-28,Bournemouth,Burnley,S Barrott,19,18,3.0,4.0,0.3333333333333333,0.4444444444444444,7.0,7.0,2,20.5,3.0,91,22.75824175824176,4.56043956043956,10.736263736263735,3.032967032967033
a67e432c42395033e94f,2023-24,2023-11-11,Bournemouth,Newcastle United,C Kavanagh,18,6,6.0,20.0,0.5454545454545454,1.8181818181818181,7.0,7.0,4,21.5,4.5,110,22.51818181818182,4.554545454545455,10.736363636363636,3.0272727272727273
5a685eac310919a942d0,2023-24,2023-12-03,Bournemouth,Aston Villa,T Bramall,17,4,12.0,28.0,0.9230769230769231,2.1538461538461537,8.0,7.0,3,24.0,4.333333333333333,135,22.488888888888887,4.518518518518518,10.540740740740741,3.096296296296296
6afbb50e4e8a31e25af4,2023-24,2023-12-26,Bournemouth,Fulham,T Robinson,13,14,22.0,21.0,1.2941176470588236,1.1666666666666667,3.0,3.0,11,23.09090909090909,4.454545454545454,178,22.54494382022472,4.51685393258427,10.584269662921349,3.044943820224719
f20749fb660ce524b3bf,2023-24,2024-01-21,Bournemouth,Liverpool,A Madley,13,1,25.0,45.0,1.3157894736842106,2.25,21.0,20.0,12,25.25,5.083333333333333,205,22.37560975609756,4.434146341463415,10.61951219512195,3.1121951219512196
27082edcf72c5354bc98,2023-24,2024-02-04,Bournemouth,Nottingham Forest,R Welch,14,18,26.0,20.0,1.2380952380952381,0.9090909090909091,3.0,5.0,1,22.0,3.0,223,22.376681614349774,4.3991031390134525,10.627802690582959,3.188340807174888
ee60c85264355c98fc1a,2023-24,2024-02-24,Bournemouth,Manchester City,J Gillett,14,2,28.0,56.0,1.1666666666666667,2.24,7.0,4.0,12,20.083333333333332,4.583333333333333,250,22.236,4.384,10.752,3.228
6b3f2f9a5ec6ab82d65a,2023-24,2024-03-09,Bournemouth,Sheffield United,A Taylor,14,20,31.0,13.0,1.1923076923076923,0.48148148148148145,6.0,5.0,19,21.789473684210527,4.894736842105263,268,22.063432835820894,4.317164179104478,10.779850746268657,3.246268656716418
4265e4b21e20a5bcc7e0,2023-24,2024-03-13,Bournemouth,Luton,S Allison,13,18,32.0,21.0,1.1851851851851851,0.7777777777777778,4.0,4.0,1,26.0,5.0,278,22.107913669064747,4.338129496402877,10.762589928057555,3.237410071942446
e45b3c3f52b6c85c3097,2023-24,2024-03-30,Bournemouth,Everton,S Barrott,13,14,35.0,31.0,1.25,1.1071428571428572,17.0,21.0,13,19.846153846153847,3.076923076923077,283,22.17314487632509,4.342756183745583,10.79505300353357,3.2402826855123674
51588e1ad39f4310b2d5,2023-24,2024-04-02,Bournemouth,Crystal Palace,G Scott,13,15,38.0,30.0,1.3103448275862069,1.0344827586206897,3.0,3.0,2,17.5,2.0,293,22.255972696245735,4.341296928327645,10.856655290102388,3.2389078498293515
903492baaf1a483dc900,2023-24,2024-04-13,Bournemouth,Manchester United,T Harrington,12,6,41.0,49.0,1.3225806451612903,1.5806451612903225,7.0,6.0,7,21.285714285714285,4.0,313,22.20447284345048,4.274760383386582,10.888178913738018,3.236421725239617
5e878ff1bc1dc83221ad,2023-24,2024-04-28,Bournemouth,Brighton & Hove Albion,P Tierney,11,12,45.0,44.0,1.3235294117647058,1.3333333333333333,4.0,3.0,22,21.954545454545453,3.409090909090909,343,22.142857142857142,4.206997084548105,10.871720116618075,3.259475218658892
4a2724fcd6f8f0f9143b,2023-24,2024-05-11,Bournemouth,Brentford,M Donohue,10,16,48.0,36.0,1.3333333333333333,1.0,7.0,7.0,0,,,357,22.11764705882353,4.159663865546219,10.876750700280112,3.2661064425770308
1df8c4f9ff9891fb1e6e,2023-24,2023-08-13,Brentford,Tottenham,R Jones,9,13,0.0,0.0,,,,,0,,,7,23.571428571428573,3.7142857142857144,12.0,3.0
9fe4cfd7c48b6e057655,2023-24,2023-08-26,Brentford,Crystal Palace,P Bankes,4,12,4.0,3.0,2.0,1.5,7.0,5.0,2,18.5,5.0,20,22.55,4.7,10.85,2.9
36c09c60ac1616ba0e69,2023-24,2023-09-02,Brentford,Bournemouth,R Madley,9,16,5.0,1.0,1.6666666666666667,0.3333333333333333,7.0,7.0,0,,,30,22.166666666666668,4.333333333333333,11.466666666666667,2.966666666666667
21c12825f5336c11fcea,2023-24,2023-09-23,Brentford,Everton,M Oliver,11,18,6.0,1.0,1.2,0.2,7.0,6.0,4,19.75,4.5,49,22.142857142857142,4.714285714285714,10.83673469387755,3.0816326530612246
21cf616caa98a2e0897a,2023-24,2023-10-21,Brentford,Burnley,J Smith,15,18,7.0,4.0,0.875,0.5,14.0,14.0,1,29.0,2.0,80,22.7375,4.625,10.725,3.0
3a1e592b277e2cf4538d,2023-24,2023-11-04,Brentford,West Ham United,T Bramall,10,9,13.0,14.0,1.3,1.4,7.0,6.0,2,23.0,4.0,100,22.55,4.56,10.82,3.03
545796f6c66bf4c6c5f4,2023-24,2023-11-25,Brentford,Arsenal,T Robinson,11,3,16.0,27.0,1.3333333333333333,2.25,13.0,14.0,7,24.285714285714285,5.285714285714286,120,22.625,4.55,10.691666666666666,3.0833333333333335
3995b44136d99baf6e73,2023-24,2023-12-02,Brentford,Luton,A Taylor,11,18,16.0,9.0,1.2307692307692308,0.6923076923076923,7.0,7.0,11,21.90909090909091,5.181818181818182,130,22.53076923076923,4.561538461538461,10.638461538461538,3.1076923076923078
d9a9e7955eebb04f940c,2023-24,2023-12-17,Brentford,Aston Villa,D Coote,13,3,19.0,35.0,1.1875,2.1875,8.0,8.0,5,27.0,3.4,165,22.503030303030304,4.442424242424242,10.503030303030304,3.103030303030303
93b37de27ff7fcf9fa74,2023-24,2023-12-27,Brentford,Wolverhampton Wanderers,A Madley,15,13,19.0,22.0,1.1176470588235294,1.2222222222222223,10.0,3.0,11,25.818181818181817,5.363636363636363,183,22.497267759562842,4.502732240437158,10.584699453551913,3.0655737704918034
64f82256cafb6d0523d6,2023-24,2024-01-20,Brentford,Nottingham Forest,D England,17,16,19.0,20.0,1.0,1.0,21.0,21.0,3,20.666666666666668,6.0,203,22.379310344827587,4.458128078817734,10.610837438423646,3.0935960591133007
b017ed18b2392bfdebab,2023-24,2024-02-05,Brentford,Manchester City,J Gillett,16,3,22.0,46.0,1.0476190476190477,2.1904761904761907,5.0,5.0,10,21.6,5.1,227,22.39647577092511,4.405286343612334,10.647577092511014,3.198237885462555
aa5dfe58ae3d29d7ce3a,2023-24,2024-02-17,Brentford,Liverpool,M Oliver,15,1,25.0,54.0,1.0869565217391304,2.25,7.0,7.0,15,21.0,3.933333333333333,238,22.264705882352942,4.369747899159663,10.739495798319327,3.222689075630252
625f19b9ec4db20a1b80,2023-24,2024-03-02,Brentford,Chelsea,J Gillett,16,11,25.0,35.0,0.9615384615384616,1.4,5.0,14.0,13,20.076923076923077,4.538461538461538,258,22.131782945736433,4.364341085271318,10.790697674418604,3.2325581395348837
0df1a2fdd83b87f35b06,2023-24,2024-03-30,Brentford,Manchester United,S Hooper,16,6,26.0,47.0,0.896551724137931,1.6785714285714286,14.0,21.0,18,22.22222222222222,4.666666666666667,283,22.17314487632509,4.342756183745583,10.79505300353357,3.2402826855123674
4de43997bff20b3f22d2,2023-24,2024-04-03,Brentford,Brighton & Hove Albion,A Madley,17,9,27.0,42.0,0.9,1.4482758620689655,4.0,3.0,17,23.647058823529413,4.411764705882353,298,22.248322147651006,4.318791946308725,10.865771812080537,3.221476510067114
6bee78ba1ed0c89ba9ae,2023-24,2024-04-13,Brentford,Sheffield United,S Barrott,16,20,29.0,16.0,0.90625,0.5161290322580645,7.0,6.0,14,20.214285714285715,3.0714285714285716,313,22.20447284345048,4.274760383386582,10.888178913738018,3.236421725239617
105d4b7e53f024babdc4,2023-24,2024-05-04,Brentford,Fulham,G Scott,16,14,35.0,43.0,1.0,1.2285714285714286,7.0,7.0,4,20.0,3.5,348,22.169540229885058,4.181034482758621,10.89080459770115,3.2528735632183907
a7256d14a7dcc78b177e,2023-24,2024-05-19,Brentford,Newcastle United,S Hooper,16,7,39.0,57.0,1.054054054054054,1.5405405405405406,8.0,4.0,24,22.208333333333332,4.25,370,22.12972972972973,4.167567567567567,10.889189189189189,3.2675675675675677
909bcd86c059f74d56be,2023-24,2023-08-12,Brighton & Hove Albion,Luton,D Coote,6,12,0.0,0.0,,,,,0,,,1,19.0,0.0,11.0,3.0
a3ffa54cf3fb18e84ab6,2023-24,2023-08-26,Brighton & Hove Albion,West Ham United,A Taylor,1,7,6.0,4.0,3.0,2.0,7.0,6.0,2,18.5,6.5,20,22.55,4.7,10.85,2.9
6fa192b4b19b473811a6,2023-24,2023-09-02,Brighton & Hove Albion,Newcastle United,S Attwell,6,13,6.0,3.0,2.0,1.0,7.0,6.0,2,21.0,5.0,30,22.166666666666668,4.333333333333333,11.466666666666667,2.966666666666667
3aff9ea097132c962194,2023-24,2023-09-24,Brighton & Hove Albion,Bournemouth,J Brooks,5,17,12.0,3.0,2.4,0.6,8.0,7.0,3,25.333333333333332,3.6666666666666665,54,22.22222222222222,4.722222222222222,10.703703703703704,2.962962962962963
e8840c245034013f8aa6,2023-24,2023-10-08,Brighton & Hove Albion,Liverpool,A Taylor,6,4,15.0,16.0,2.142857142857143,2.2857142857142856,8.0,8.0,6,18.5,5.5,76,22.56578947368421,4.631578947368421,10.81578947368421,3.013157894736842
b149d5e2e3813d423c81,2023-24,2023-10-29,Brighton & Hove Albion,Fulham,M Salisbury,7,14,16.0,11.0,1.7777777777777777,1.2222222222222223,8.0,6.0,3,21.333333333333332,2.3333333333333335,95,22.74736842105263,4.557894736842106,10.789473684210526,3.0526315789473686
48c331ce949f04452b86,2023-24,2023-11-12,Brighton & Hove Albion,Sheffield United,J Brooks,8,20,18.0,4.0,1.6363636363636365,0.36363636363636365,8.0,8.0,7,24.714285714285715,4.571428571428571,115,22.51304347826087,4.51304347826087,10.756521739130434,3.026086956521739
d3b4e8e1d84b77999796,2023-24,2023-12-06,Brighton & Hove Albion,Brentford,P Bankes,8,11,22.0,19.0,1.5714285714285714,1.3571428571428572,3.0,4.0,8,22.25,5.125,142,22.56338028169014,4.542253521126761,10.598591549295774,3.1690140845070425
2309e597ab542b944511,2023-24,2023-12-09,Brighton & Hove Albion,Burnley,S Hooper,8,19,25.0,7.0,1.6666666666666667,0.4666666666666667,3.0,4.0,9,23.666666666666668,5.555555555555555,150,22.566666666666666,4.506666666666667,10.593333333333334,3.1466666666666665
f1a259f170ef67bd87ad,2023-24,2023-12-28,Brighton & Hove Albion,Tottenham,J Gillett,9,5,27.0,36.0,1.5,2.0,7.0,5.0,8,21.5,4.875,186,22.489247311827956,4.5,10.56989247311828,3.0806451612903225
b5f647c84e4ed560dd0c,2023-24,2024-01-22,Brighton & Hove Albion,Wolverhampton Wanderers,C Pawson,8,11,31.0,28.0,1.55,1.4,20.0,23.0,10,22.2,4.4,207,22.36231884057971,4.42512077294686,10.603864734299517,3.1207729468599035
06c80db4fa069498ea20,2023-24,2024-02-03,Brighton & Hove Albion,Crystal Palace,S Hooper,9,15,32.0,24.0,1.4545454545454546,1.0909090909090908,4.0,4.0,13,22.615384615384617,5.076923076923077,218,22.394495412844037,4.426605504587156,10.637614678899082,3.1422018348623855
7a95da8c30eed43d81cb,2023-24,2024-02-24,Brighton & Hove Albion,Everton,T Harrington,7,12,38.0,30.0,1.52,1.2,6.0,5.0,3,21.0,3.0,250,22.236,4.384,10.752,3.228
e79332c5dc8254a75a44,2023-24,2024-03-10,Brighton & Hove Albion,Nottingham Forest,M Salisbury,10,17,39.0,24.0,1.4444444444444444,0.8888888888888888,8.0,8.0,10,23.5,3.7,273,22.08058608058608,4.333333333333333,10.805860805860807,3.238095238095238
81d588786cc45c3806e8,2023-24,2024-04-06,Brighton & Hove Albion,Arsenal,J Brooks,9,2,43.0,68.0,1.4333333333333333,2.2666666666666666,3.0,3.0,18,22.61111111111111,4.388888888888889,303,22.2013201320132,4.2838283828382835,10.831683168316832,3.227722772277228
44845b7e2ed200ba4a56,2023-24,2024-04-25,Brighton & Hove Albion,Manchester City,J Gillett,11,3,44.0,73.0,1.375,2.28125,12.0,12.0,18,21.055555555555557,4.5,335,22.161194029850748,4.232835820895523,10.88955223880597,3.2597014925373133
9289db759b05a38271d4,2023-24,2024-05-05,Brighton & Hove Albion,Aston Villa,R Jones,14,4,44.0,67.0,1.2941176470588236,1.9142857142857144,7.0,8.0,20,23.1,4.25,353,22.110481586402265,4.1671388101983,10.875354107648725,3.2577903682719547
8456564fe923e6b3f536,2023-24,2024-05-15,Brighton & Hove Albion,Chelsea,M Salisbury,10,7,48.0,57.0,1.3333333333333333,1.5833333333333333,4.0,4.0,13,23.46153846153846,3.8461538461538463,368,22.11413043478261,4.163043478260869,10.872282608695652,3.2635869565217392
14356a6d1d070d757cf0,2023-24,2024-05-19,Brighton & Hove Albion,Manchester United,C Pawson,10,8,48.0,57.0,1.2972972972972974,1.5405405405405406,4.0,4.0,18,22.055555555555557,4.333333333333333,370,22.12972972972973,4.167567567567567,10.889189189189189,3.2675675675675677
8d5227b352d3fdb98f48,2023-24,2023-08-11,Burnley,Manchester City,C Pawson,6,13,0.0,0.0,,,,,0,,,0,,,,
a616ea2cbb51877c69de,2023-24,2023-08-27,Burnley,Aston Villa,M Salisbury,18,13,0.0,3.0,0.0,1.5,16.0,7.0,0,,,26,22.384615384615383,4.615384615384615,11.23076923076923,2.923076923076923
46a63a77266c5f426dc2,2023-24,2023-09-02,Burnley,Tottenham,D England,18,3,0.0,7.0,0.0,2.3333333333333335,6.0,7.0,0,,,30,22.166666666666668,4.333333333333333,11.466666666666667,2.966666666666667
f7f4389501ffcaed121f,2023-24,2023-09-23,Burnley,Manchester United,T Harrington,19,13,1.0,6.0,0.25,1.2,5.0,7.0,0,,,49,22.142857142857142,4.714285714285714,10.83673469387755,3.0816326530612246
5352639ae788e28ff827,2023-24,2023-10-07,Burnley,Chelsea,S Attwell,18,11,4.0,8.0,0.5714285714285714,1.1428571428571428,4.0,5.0,4,23.25,5.25,70,22.571428571428573,4.728571428571429,10.728571428571428,3.0428571428571427
8c09192375f258734b67,2023-24,2023-11-04,Burnley,Crystal Palace,P Bankes,19,13,4.0,12.0,0.4,1.2,7.0,8.0,6,22.833333333333332,5.5,100,22.55,4.56,10.82,3.03
7ac97fddf3b45dff3976,2023-24,2023-11-25,Burnley,West Ham United,S Barrott,20,9,4.0,17.0,0.3333333333333333,1.4166666666666667,14.0,13.0,4,22.25,4.0,120,22.625,4.55,10.691666666666666,3.0833333333333335
2dd54f89b97ba588367b,2023-24,2023-12-02,Burnley,Sheffield United,C Kavanagh,20,19,4.0,5.0,0.3076923076923077,0.38461538461538464,7.0,7.0,6,20.0,4.166666666666667,130,22.53076923076923,4.561538461538461,10.638461538461538,3.1076923076923078
de3134a33f7ca34ab92e,2023-24,2023-12-16,Burnley,Everton,A Taylor,19,10,8.0,23.0,0.5,1.4375,7.0,6.0,12,21.583333333333332,5.0,161,22.565217391304348,4.496894409937888,10.51552795031056,3.111801242236025
64e8de7bae810bc67eda,2023-24,2023-12-26,Burnley,Liverpool,P Tierney,19,2,11.0,39.0,0.6111111111111112,2.1666666666666665,3.0,3.0,10,20.4,3.5,178,22.54494382022472,4.51685393258427,10.584269662921349,3.044943820224719
e0e98e81464385ee94ea,2023-24,2024-01-12,Burnley,Luton,T Harrington,19,18,11.0,15.0,0.55,0.7894736842105263,13.0,13.0,1,18.0,3.0,198,22.464646464646464,4.47979797979798,10.545454545454545,3.111111111111111
4f374253978c00ce0c05,2023-24,2024-02-03,Burnley,Fulham,D Bond,19,14,12.0,25.0,0.5454545454545454,1.1363636363636365,3.0,4.0,1,25.0,4.0,218,22.394495412844037,4.426605504587156,10.637614678899082,3.1422018348623855
07926bdd1cde2cc21a01,2023-24,2024-02-17,Burnley,Arsenal,J Gillett,19,3,13.0,52.0,0.5416666666666666,2.1666666666666665,7.0,6.0,11,20.181818181818183,4.7272727272727275,238,22.264705882352942,4.369747899159663,10.739495798319327,3.222689075630252
59da52c611dfd5cb7354,2023-24,2024-03-03,Burnley,Bournemouth,D Coote,19,14,13.0,28.0,0.5,1.12,8.0,8.0,11,24.90909090909091,5.0,265,22.120754716981132,4.335849056603774,10.777358490566037,3.237735849056604
17d05f087ca6dfda1ef8,2023-24,2024-03-16,Burnley,Brentford,D Bond,19,16,14.0,26.0,0.5,0.9285714285714286,6.0,7.0,3,18.333333333333332,3.6666666666666665,279,22.125448028673834,4.333333333333333,10.774193548387096,3.25089605734767
6753d55cd43c896e2f23,2023-24,2024-04-02,Burnley,Wolverhampton Wanderers,T Bramall,19,10,18.0,41.0,0.6,1.4137931034482758,3.0,3.0,8,24.875,5.125,293,22.255972696245735,4.341296928327645,10.856655290102388,3.2389078498293515
218b0ce5ee4c7d119d23,2023-24,2024-04-13,Burnley,Brighton & Hove Albion,S Hooper,19,10,19.0,43.0,0.59375,1.3870967741935485,7.0,7.0,20,22.2,4.65,313,22.20447284345048,4.274760383386582,10.888178913738018,3.236421725239617
11805ec8d68610d91138,2023-24,2024-05-04,Burnley,Newcastle United,A Taylor,19,7,24.0,53.0,0.6857142857142857,1.5588235294117647,7.0,7.0,24,21.958333333333332,4.875,348,22.169540229885058,4.181034482758621,10.89080459770115,3.2528735632183907
448813b9d96a6579a99b,2023-24,2024-05-19,Burnley,Nottingham Forest,G Scott,19,17,24.0,33.0,0.6486486486486487,0.8918918918918919,8.0,8.0,5,17.8,3.2,370,22.12972972972973,4.167567567567567,10.889189189189189,3.2675675675675677
00942a8b6bdbaf5f9517,2023-24,2023-08-13,Chelsea,Liverpool,A Taylor,10,11,0.0,0.0,,,,,0,,,7,23.571428571428573,3.7142857142857144,12.0,3.0
157f04d46d92999e3b7f,2023-24,2023-08-25,Chelsea,Luton,R Jones,15,17,1.0,0.0,0.5,0.0,5.0,13.0,2,24.0,5.5,19,22.31578947368421,4.684210526315789,10.894736842105264,2.8947368421052633
13be68fc70f15c6208af,2023-24,2023-09-02,Chelsea,Nottingham Forest,T Robinson,10,14,4.0,3.0,1.3333333333333333,1.0,8.0,7.0,1,29.0,4.0,30,22.166666666666668,4.333333333333333,11.466666666666667,2.966666666666667
b5dcee3b39143f3c51f9,2023-24,2023-09-24,Chelsea,Aston Villa,J Gillett,14,7,5.0,9.0,1.0,1.8,7.0,8.0,2,15.0,3.5,54,22.22222222222222,4.722222222222222,10.703703703703704,2.962962962962963
fdb007d2e41813d62388,2023-24,2023-10-21,Chelsea,Arsenal,C Kavanagh,11,2,11.0,20.0,1.375,2.5,14.0,13.0,2,21.5,3.5,80,22.7375,4.625,10.725,3.0
4910f0ceea2817698b74,2023-24,2023-10-28,Chelsea,Brentford,S Hooper,10,14,12.0,10.0,1.3333333333333333,1.1111111111111112,7.0,7.0,4,23.25,4.25,91,22.75824175824176,4.56043956043956,10.736263736263735,3.032967032967033
2491572afe29753390fa,2023-24,2023-11-12,Chelsea,Manchester City,A Taylor,10,1,15.0,27.0,1.3636363636363635,2.4545454545454546,6.0,8.0,9,21.666666666666668,4.777777777777778,115,22.51304347826087,4.51304347826087,10.756521739130434,3.026086956521739
12098d80700ec31cd5e8,2023-24,2023-12-03,Chelsea,Brighton & Hove Albion,C Pawson,12,8,16.0,22.0,1.2307692307692308,1.6923076923076923,8.0,8.0,7,21.0,4.0,135,22.488888888888887,4.518518518518518,10.540740740740741,3.096296296296296
c3ec8a270fd62c1a974c,2023-24,2023-12-16,Chelsea,Sheffield United,A Madley,13,20,19.0,8.0,1.1875,0.5,6.0,7.0,10,26.1,5.5,161,22.565217391304348,4.496894409937888,10.51552795031056,3.111801242236025
500e47b622e9b3ade5c8,2023-24,2023-12-27,Chelsea,Crystal Palace,M Salisbury,12,16,22.0,18.0,1.2222222222222223,1.0,3.0,6.0,7,22.0,3.4285714285714284,183,22.497267759562842,4.502732240437158,10.584699453551913,3.0655737704918034
7b1773fb8ee986e70626,2023-24,2024-01-13,Chelsea,Fulham,A Taylor,10,14,28.0,24.0,1.4,1.2,14.0,13.0,15,22.266666666666666,5.0,199,22.44723618090452,4.4623115577889445,10.542713567839195,3.1055276381909547
caeb14e26441197a17b9,2023-24,2024-02-04,Chelsea,Wolverhampton Wanderers,T Robinson,10,11,31.0,29.0,1.4090909090909092,1.3181818181818181,4.0,3.0,14,22.714285714285715,4.357142857142857,223,22.376681614349774,4.3991031390134525,10.627802690582959,3.188340807174888
39db47e1762196f9cb29,2023-24,2024-03-11,Chelsea,Newcastle United,J Brooks,11,10,36.0,40.0,1.3846153846153846,1.4814814814814814,9.0,9.0,16,22.875,4.375,277,22.119133574007222,4.3393501805054155,10.787003610108304,3.2310469314079424
0f995097dc421a3faa59,2023-24,2024-03-30,Chelsea,Burnley,D England,11,19,39.0,17.0,1.4444444444444444,0.5862068965517241,19.0,14.0,8,22.75,5.0,283,22.17314487632509,4.342756183745583,10.79505300353357,3.2402826855123674
b5bd76439039c3115e02,2023-24,2024-04-04,Chelsea,Manchester United,J Gillett,12,6,40.0,48.0,1.4285714285714286,1.6551724137931034,5.0,5.0,16,20.9375,4.6875,301,22.225913621262457,4.299003322259137,10.807308970099667,3.212624584717608
d2f6da16c49135573a1e,2023-24,2024-04-15,Chelsea,Everton,P Tierney,9,14,44.0,35.0,1.4666666666666666,1.1290322580645162,8.0,9.0,20,21.7,3.25,322,22.18633540372671,4.248447204968944,10.903726708074535,3.229813664596273
843e6ff70aac51beb2c1,2023-24,2024-05-02,Chelsea,Tottenham,R Jones,9,5,48.0,60.0,1.4545454545454546,1.8181818181818181,5.0,4.0,19,22.842105263157894,4.421052631578948,346,22.141618497109828,4.190751445086705,10.872832369942197,3.260115606936416
d844dfd35d2c29e9b8bd,2023-24,2024-05-05,Chelsea,West Ham United,A Madley,8,9,51.0,49.0,1.5,1.4,3.0,8.0,21,22.952380952380953,3.857142857142857,353,22.110481586402265,4.1671388101983,10.875354107648725,3.2577903682719547
f2205f69e49de339bb7b,2023-24,2024-05-19,Chelsea,Bournemouth,A Taylor,6,12,60.0,48.0,1.6216216216216217,1.2972972972972974,4.0,8.0,26,21.46153846153846,4.6923076923076925,370,22.12972972972973,4.167567567567567,10.889189189189189,3.2675675675675677
1bb051654e1187eb24ac,2023-24,2023-08-21,Crystal Palace,Arsenal,D Coote,9,8,3.0,3.0,3.0,3.0,9.0,9.0,1,23.0,4.0,18,22.22222222222222,4.777777777777778,11.0,3.0
17c1bc6a3fd4308e248e,2023-24,2023-09-03,Crystal Palace,Wolverhampton Wanderers,R Jones,12,15,4.0,3.0,1.3333333333333333,1.0,8.0,8.0,3,25.0,5.333333333333333,36,22.38888888888889,4.555555555555555,11.027777777777779,3.1944444444444446
5c1ca659ff74bf935dac,2023-24,2023-09-23,Crystal Palace,Fulham,P Tierney,9,10,7.0,7.0,1.4,1.4,7.0,7.0,2,16.0,2.5,49,22.142857142857142,4.714285714285714,10.83673469387755,3.0816326530612246
cf8e024177d3455d563c,2023-24,2023-10-07,Crystal Palace,Nottingham Forest,C Pawson,9,12,11.0,8.0,1.5714285714285714,1.1428571428571428,7.0,6.0,4,23.25,6.0,70,22.571428571428573,4.728571428571429,10.728571428571428,3.0428571428571427
d8383facd879687d2fe9,2023-24,2023-10-27,Crystal Palace,Tottenham,A Madley,11,1,12.0,23.0,1.3333333333333333,2.5555555555555554,6.0,4.0,6,27.166666666666668,6.333333333333333,90,22.677777777777777,4.5777777777777775,10.71111111111111,3.033333333333333
a4d1caae25bc21090b88,2023-24,2023-11-11,Crystal Palace,Everton,S Barrott,11,16,15.0,11.0,1.3636363636363635,1.0,7.0,7.0,3,20.666666666666668,3.6666666666666665,110,22.51818181818182,4.554545454545455,10.736363636363636,3.0272727272727273
71deb7446bc2caa3241a,2023-24,2023-12-06,Crystal Palace,Bournemouth,C Pawson,14,17,16.0,13.0,1.1428571428571428,0.9285714285714286,3.0,3.0,8,21.875,4.5,142,22.56338028169014,4.542253521126761,10.598591549295774,3.1690140845070425
fefa04bdba14488abd3a,2023-24,2023-12-09,Crystal Palace,Liverpool,A Madley,15,2,16.0,34.0,1.0666666666666667,2.2666666666666666,3.0,3.0,9,25.22222222222222,5.333333333333333,150,22.566666666666666,4.506666666666667,10.593333333333334,3.1466666666666665
692b52ff76d4d65dd7c9,2023-24,2023-12-21,Crystal Palace,Brighton & Hove Albion,J Brooks,16,9,17.0,26.0,1.0,1.5294117647058822,5.0,4.0,10,24.6,4.4,169,22.5207100591716,4.479289940828402,10.57396449704142,3.076923076923077
317b6cc23679e88da296,2023-24,2023-12-30,Crystal Palace,Brentford,R Jones,16,15,18.0,19.0,0.9473684210526315,1.0555555555555556,3.0,3.0,12,24.166666666666668,4.583333333333333,188,22.46276595744681,4.48936170212766,10.595744680851064,3.0904255319148937
9fd5433c8bc8f2906527,2023-24,2024-01-30,Crystal Palace,Sheffield United,T Harrington,16,20,21.0,10.0,1.0,0.47619047619047616,10.0,9.0,2,18.5,2.0,208,22.365384615384617,4.427884615384615,10.600961538461538,3.105769230769231
ffbca15c3a340096c9a3,2023-24,2024-02-12,Crystal Palace,Chelsea,M Oliver,16,11,24.0,31.0,1.0434782608695652,1.3478260869565217,9.0,8.0,14,21.0,3.9285714285714284,237,22.270042194092827,4.371308016877637,10.751054852320674,3.219409282700422
2a562ee7a48334fb13b0,2023-24,2024-02-24,Crystal Palace,Burnley,L Smith,16,19,25.0,13.0,1.0,0.52,5.0,7.0,1,17.0,7.0,250,22.236,4.384,10.752,3.228
3efa0fbc68d2ada1772c,2023-24,2024-03-09,Crystal Palace,Luton,S Singh,15,18,28.0,20.0,1.037037037037037,0.7692307692307693,7.0,7.0,0,,,268,22.063432835820894,4.317164179104478,10.779850746268657,3.246268656716418
a9d75bc4174d95d619b7,2023-24,2024-04-06,Crystal Palace,Manchester City,P Tierney,15,3,30.0,67.0,1.0,2.2333333333333334,4.0,3.0,19,22.0,3.3157894736842106,303,22.2013201320132,4.2838283828382835,10.831683168316832,3.227722772277228
082cd5909b148d07a5e9,2023-24,2024-04-21,Crystal Palace,West Ham United,G Scott,16,8,33.0,48.0,1.03125,1.4545454545454546,7.0,7.0,3,20.666666666666668,3.0,326,22.190184049079754,4.2392638036809815,10.895705521472392,3.2484662576687118
cf654c89c4d29b2252ab,2023-24,2024-04-24,Crystal Palace,Newcastle United,T Bramall,15,6,36.0,50.0,1.0909090909090908,1.5625,3.0,11.0,9,24.555555555555557,4.777777777777778,331,22.16616314199396,4.238670694864048,10.842900302114804,3.2658610271903323
9c6640f8ec2b95697bf3,2023-24,2024-05-06,Crystal Palace,Manchester United,J Gillett,15,8,40.0,54.0,1.1428571428571428,1.588235294117647,9.0,9.0,19,20.63157894736842,4.368421052631579,356,22.123595505617978,4.165730337078652,10.882022471910112,3.264044943820225
4dbba7c37700344f604e,2023-24,2024-05-19,Crystal Palace,Aston Villa,D Bond,13,4,46.0,68.0,1.2432432432432432,1.837837837837838,8.0,6.0,4,21.5,4.25,370,22.12972972972973,4.167567567567567,10.889189189189189,3.2675675675675677
401d35f6264889c4f4d3,2023-24,2023-08-12,Everton,Fulham,S Attwell,9,10,0.0,0.0,,,,,0,,,1,19.0,0.0,11.0,3.0
b49e62b29190b31eb43b,2023-24,2023-08-26,Everton,Wolverhampton Wanderers,C Pawson,19,18,0.0,0.0,0.0,0.0,6.0,7.0,1,19.0,0.0,20,22.55,4.7,10.85,2.9
67bdf580d99c37bfad31,2023-24,2023-09-17,Everton,Arsenal,S Hooper,18,5,1.0,10.0,0.25,2.5,15.0,14.0,2,21.5,3.0,46,21.782608695652176,4.739130434782608,10.91304347826087,3.217391304347826
e1baf57ad47697e3ac7f,2023-24,2023-09-30,Everton,Luton,A Taylor,15,18,4.0,1.0,0.6666666666666666,0.2,7.0,7.0,5,18.6,6.4,59,22.45762711864407,4.711864406779661,10.779661016949152,3.0677966101694913
a772ca603280b084e5c2,2023-24,2023-10-07,Everton,Bournemouth,D Coote,16,19,4.0,3.0,0.5714285714285714,0.42857142857142855,7.0,7.0,3,27.333333333333332,4.333333333333333,70,22.571428571428573,4.728571428571429,10.728571428571428,3.0428571428571427
7fd278485b9285d72960,2023-24,2023-11-04,Everton,Brighton & Hove Albion,T Robinson,15,7,10.0,17.0,1.0,1.7,6.0,6.0,5,23.2,4.8,100,22.55,4.56,10.82,3.03
8cacb86e1662b42a0b81,2023-24,2023-11-26,Everton,Manchester United,J Brooks,14,8,14.0,21.0,1.1666666666666667,1.75,15.0,15.0,8,25.25,4.625,127,22.52755905511811,4.582677165354331,10.645669291338583,3.094488188976378
c8f85108e625032544da,2023-24,2023-12-07,Everton,Newcastle United,T Robinson,14,7,17.0,26.0,1.2142857142857142,1.8571428571428572,5.0,5.0,8,23.25,4.875,148,22.54054054054054,4.506756756756757,10.608108108108109,3.1486486486486487
60c64955ef458dfe3314,2023-24,2023-12-10,Everton,Chelsea,M Oliver,10,11,20.0,19.0,1.3333333333333333,1.2666666666666666,3.0,4.0,10,21.1,4.0,156,22.583333333333332,4.512820512820513,10.538461538461538,3.1025641025641026
3afebccc94dff5de1e46,2023-24,2023-12-27,Everton,Manchester City,J Brooks,10,5,26.0,34.0,1.4444444444444444,2.0,4.0,11.0,11,24.454545454545453,4.636363636363637,183,22.497267759562842,4.502732240437158,10.584699453551913,3.0655737704918034
d36f888a2377306fd793,2023-24,2024-01-14,Everton,Aston Villa,D Coote,12,3,26.0,42.0,1.3,2.1,15.0,15.0,8,23.875,4.625,201,22.402985074626866,4.462686567164179,10.567164179104477,3.1044776119402986
4b4c4c2efa80c4830862,2023-24,2024-02-03,Everton,Tottenham,M Oliver,12,4,28.0,43.0,1.2727272727272727,1.9545454545454546,4.0,3.0,13,20.923076923076923,4.0,218,22.394495412844037,4.426605504587156,10.637614678899082,3.1422018348623855
73ddcd7fb322727cf2ae,2023-24,2024-02-19,Everton,Crystal Palace,P Tierney,12,17,29.0,24.0,1.2083333333333333,1.0,9.0,7.0,15,21.6,3.2666666666666666,247,22.234817813765183,4.384615384615385,10.732793522267206,3.2348178137651824
c25da5a342f39605c3a8,2023-24,2024-03-02,Everton,West Ham United,C Pawson,13,8,31.0,39.0,1.1923076923076923,1.5,7.0,5.0,12,22.75,4.416666666666667,258,22.131782945736433,4.364341085271318,10.790697674418604,3.2325581395348837
c1e9db5907f5a08c6549,2023-24,2024-04-06,Everton,Burnley,M Oliver,14,19,32.0,19.0,1.0666666666666667,0.6129032258064516,4.0,4.0,20,20.6,3.85,303,22.2013201320132,4.2838283828382835,10.831683168316832,3.227722772277228
a8beb413472942f9884e,2023-24,2024-04-21,Everton,Nottingham Forest,A Taylor,15,17,35.0,30.0,1.09375,0.9090909090909091,6.0,8.0,22,22.045454545454547,5.0,326,22.190184049079754,4.2392638036809815,10.895705521472392,3.2484662576687118
f78d358d7793d49f3f89,2023-24,2024-04-24,Everton,Liverpool,A Madley,14,2,38.0,74.0,1.1515151515151516,2.242424242424242,3.0,3.0,20,23.15,3.9,331,22.16616314199396,4.238670694864048,10.842900302114804,3.2658610271903323
0deb5e267dae048329d0,2023-24,2024-04-27,Everton,Brentford,D England,14,16,41.0,35.0,1.2058823529411764,1.0294117647058822,3.0,7.0,10,22.0,4.7,336,22.133928571428573,4.226190476190476,10.880952380952381,3.261904761904762
014eb18e8c7644b22208,2023-24,2024-05-11,Everton,Sheffield United,S Attwell,13,20,45.0,16.0,1.25,0.4444444444444444,8.0,7.0,16,20.9375,4.375,357,22.11764705882353,4.159663865546219,10.876750700280112,3.2661064425770308
6bf1a44944661f6e14aa,2023-24,2023-08-19,Fulham,Brentford,D Bond,6,9,3.0,1.0,3.0,1.0,7.0,6.0,0,,,11,22.272727272727273,4.2727272727272725,11.727272727272727,2.8181818181818183
21bf912664ba52a37d87,2023-24,2023-09-16,Fulham,Luton,M Salisbury,13,19,4.0,0.0,1.0,0.0,14.0,15.0,1,23.0,2.0,39,22.153846153846153,4.461538461538462,10.974358974358974,3.2564102564102564
59debc9834902000b8f4,2023-24,2023-10-02,Fulham,Chelsea,T Robinson,12,15,8.0,5.0,1.3333333333333333,0.8333333333333334,9.0,8.0,2,24.0,5.5,68,22.544117647058822,4.705882352941177,10.720588235294118,3.0588235294117645
3284fd2d0e08f5599296,2023-24,2023-10-07,Fulham,Sheffield United,S Barrott,13,20,8.0,1.0,1.1428571428571428,0.14285714285714285,5.0,7.0,0,,,70,22.571428571428573,4.728571428571429,10.728571428571428,3.0428571428571427
7b467227b436940a7069,2023-24,2023-11-04,Fulham,Manchester United,J Brooks,14,8,12.0,15.0,1.2,1.5,6.0,6.0,6,24.833333333333332,4.166666666666667,100,22.55,4.56,10.82,3.03
c1d53aa05d7b813a355d,2023-24,2023-11-27,Fulham,Wolverhampton Wanderers,M Salisbury,16,12,12.0,15.0,1.0,1.25,15.0,16.0,5,21.0,2.8,129,22.503875968992247,4.565891472868217,10.65891472868217,3.0930232558139537
e3402bd95155b6d56611,2023-24,2023-12-06,Fulham,Nottingham Forest,J Smith,15,16,15.0,13.0,1.0714285714285714,0.9285714285714286,3.0,4.0,2,27.5,4.5,142,22.56338028169014,4.542253521126761,10.598591549295774,3.1690140845070425
0b948128bf8dd875f38f,2023-24,2023-12-10,Fulham,West Ham United,P Tierney,15,9,18.0,24.0,1.2,1.6,4.0,3.0,8,21.0,3.75,156,22.583333333333332,4.512820512820513,10.538461538461538,3.1025641025641026
88f641260dc03e98b957,2023-24,2023-12-23,Fulham,Burnley,R Welch,12,20,21.0,8.0,1.2352941176470589,0.47058823529411764,7.0,7.0,0,,,171,22.549707602339183,4.502923976608187,10.532163742690058,3.064327485380117
8ac3c6af0331003d7ffa,2023-24,2023-12-31,Fulham,Arsenal,J Smith,15,4,21.0,40.0,1.105263157894737,2.1052631578947367,5.0,3.0,3,24.0,3.3333333333333335,194,22.469072164948454,4.469072164948454,10.56701030927835,3.1082474226804124
816283dde29215c9aa01,2023-24,2024-01-30,Fulham,Everton,T Bramall,14,12,24.0,27.0,1.1428571428571428,1.2857142857142858,17.0,16.0,5,24.6,5.2,208,22.365384615384617,4.427884615384615,10.600961538461538,3.105769230769231
4eed9de2e225a253fe13,2023-24,2024-02-10,Fulham,Bournemouth,D England,14,13,26.0,27.0,1.1304347826086956,1.2272727272727273,7.0,6.0,4,21.5,5.5,228,22.32456140350877,4.390350877192983,10.692982456140351,3.2017543859649122
ffb2deecb770c2c98fd6,2023-24,2024-02-17,Fulham,Aston Villa,L Smith,12,5,29.0,46.0,1.2083333333333333,1.9166666666666667,7.0,6.0,0,,,238,22.264705882352942,4.369747899159663,10.739495798319327,3.222689075630252
c88694b7631b9c859c36,2023-24,2024-03-02,Fulham,Brighton & Hove Albion,S Hooper,12,7,32.0,39.0,1.2307692307692308,1.5,7.0,7.0,16,21.875,4.875,258,22.131782945736433,4.364341085271318,10.790697674418604,3.2325581395348837
9c4a75cc9cad49c5ae50,2023-24,2024-03-16,Fulham,Tottenham,R Jones,12,5,35.0,53.0,1.25,1.962962962962963,7.0,6.0,16,23.5,4.4375,279,22.125448028673834,4.333333333333333,10.774193548387096,3.25089605734767
404ee4bfbe7f9e50f6c3,2023-24,2024-04-06,Fulham,Newcastle United,S Allison,13,8,39.0,44.0,1.2580645161290323,1.4666666666666666,4.0,4.0,2,26.5,4.0,303,22.2013201320132,4.2838283828382835,10.831683168316832,3.227722772277228
6187a3a0ea17d0d610f5,2023-24,2024-04-21,Fulham,Liverpool,C Pawson,12,3,42.0,71.0,1.2727272727272727,2.21875,7.0,7.0,15,22.2,4.2,326,22.190184049079754,4.2392638036809815,10.895705521472392,3.2484662576687118
7941e88ebd61319088ee,2023-24,2024-04-27,Fulham,Crystal Palace,S Attwell,13,15,42.0,39.0,1.2352941176470589,1.1470588235294117,6.0,3.0,15,20.6,4.533333333333333,336,22.133928571428573,4.226190476190476,10.880952380952381,3.261904761904762
0fd40a5453d199fe6792,2023-24,2024-05-11,Fulham,Manchester City,A Taylor,14,2,44.0,82.0,1.2222222222222223,2.342857142857143,7.0,7.0,25,21.72,4.84,357,22.11764705882353,4.159663865546219,10.876750700280112,3.2661064425770308
2d3871027105465f2118,2023-24,2023-08-19,Liverpool,Bournemouth,T Bramall,13,11,1.0,1.0,1.0,1.0,6.0,7.0,0,,,11,22.272727272727273,4.2727272727272725,11.727272727272727,2.8181818181818183
809a930cb7a70ab56320,2023-24,2023-09-03,Liverpool,Aston Villa,S Hooper,5,8,7.0,6.0,2.3333333333333335,2.0,7.0,7.0,1,24.0,5.0,36,22.38888888888889,4.555555555555555,11.027777777777779,3.1944444444444446
e9fd8277d9eace81ae57,2023-24,2023-09-24,Liverpool,West Ham United,C Kavanagh,3,6,13.0,10.0,2.6,2.0,8.0,8.0,0,,,54,22.22222222222222,4.722222222222222,10.703703703703704,2.962962962962963
5444ed49b70e6ebc6162,2023-24,2023-10-21,Liverpool,Everton,C Pawson,4,16,17.0,7.0,2.125,0.875,13.0,14.0,5,22.4,5.0,80,22.7375,4.625,10.725,3.0
4b3c30bd26660cf13a30,2023-24,2023-10-29,Liverpool,Nottingham Forest,C Kavanagh,4,15,20.0,10.0,2.2222222222222223,1.1111111111111112,8.0,8.0,3,21.333333333333332,4.333333333333333,95,22.74736842105263,4.557894736842106,10.789473684210526,3.0526315789473686
bd55092853529c789be8,2023-24,2023-11-12,Liverpool,Brentford,P Tierney,4,9,24.0,16.0,2.1818181818181817,1.4545454545454546,7.0,8.0,6,18.5,4.333333333333333,115,22.51304347826087,4.51304347826087,10.756521739130434,3.026086956521739
694ae8c361f369f0fda8,2023-24,2023-12-03,Liverpool,Fulham,S Attwell,3,15,28.0,15.0,2.1538461538461537,1.1538461538461537,8.0,6.0,7,21.857142857142858,5.428571428571429,135,22.488888888888887,4.518518518518518,10.540740740740741,3.096296296296296
b0c372e279bf83076ba2,2023-24,2023-12-17,Liverpool,Manchester United,M Oliver,1,7,37.0,27.0,2.3125,1.6875,8.0,8.0,11,21.363636363636363,4.0,165,22.503030303030304,4.442424242424242,10.503030303030304,3.103030303030303
8b3bc42322afb3618fe3,2023-24,2023-12-23,Liverpool,Arsenal,C Kavanagh,3,1,38.0,39.0,2.235294117647059,2.2941176470588234,6.0,6.0,10,21.4,4.4,171,22.549707602339183,4.502923976608187,10.532163742690058,3.064327485380117
5ab14855160793d097de,2023-24,2024-01-01,Liverpool,Newcastle United,A Taylor,1,9,42.0,29.0,2.210526315789474,1.5263157894736843,6.0,6.0,14,21.642857142857142,4.785714285714286,196,22.48469387755102,4.479591836734694,10.591836734693878,3.1122448979591835
3d34b1f956d296b1f92d,2023-24,2024-01-31,Liverpool,Chelsea,P Tierney,1,10,48.0,31.0,2.2857142857142856,1.4761904761904763,10.0,18.0,13,21.23076923076923,3.230769230769231,213,22.36150234741784,4.408450704225352,10.690140845070422,3.107981220657277
e45c7b0c07196ba07236,2023-24,2024-02-10,Liverpool,Burnley,T Robinson,1,19,51.0,13.0,2.217391304347826,0.5652173913043478,6.0,7.0,15,22.933333333333334,4.4,228,22.32456140350877,4.390350877192983,10.692982456140351,3.2017543859649122
2b80337790581b480fe4,2023-24,2024-02-21,Liverpool,Luton,A Madley,1,18,57.0,20.0,2.28,0.8333333333333334,4.0,3.0,15,23.866666666666667,4.6,249,22.20883534136546,4.381526104417671,10.726907630522089,3.2208835341365463
c5c2126c29db58c08131,2023-24,2024-03-10,Liverpool,Manchester City,M Oliver,2,3,63.0,62.0,2.3333333333333335,2.2962962962962963,8.0,7.0,18,21.166666666666668,4.111111111111111,273,22.08058608058608,4.333333333333333,10.805860805860807,3.238095238095238
639717501748bb1dc866,2023-24,2024-03-31,Liverpool,Brighton & Hove Albion,D Coote,2,9,64.0,42.0,2.2857142857142856,1.5,21.0,21.0,12,24.583333333333332,5.083333333333333,291,22.219931271477662,4.3367697594501715,10.852233676975946,3.2508591065292096
a664be75aa7abba196a0,2023-24,2024-04-04,Liverpool,Sheffield United,S Attwell,2,20,67.0,15.0,2.310344827586207,0.5172413793103449,4.0,5.0,12,20.666666666666668,4.916666666666667,301,22.225913621262457,4.299003322259137,10.807308970099667,3.212624584717608
f8d44780dfcabd514709,2023-24,2024-04-14,Liverpool,Crystal Palace,C Kavanagh,3,17,71.0,30.0,2.2903225806451615,0.967741935483871,7.0,8.0,16,21.6875,4.1875,319,22.213166144200628,4.260188087774295,10.90282131661442,3.2445141065830723
cf413685301459f64558,2023-24,2024-05-05,Liverpool,Tottenham,P Tierney,3,5,75.0,60.0,2.142857142857143,1.7647058823529411,8.0,3.0,23,22.043478260869566,3.4347826086956523,353,22.110481586402265,4.1671388101983,10.875354107648725,3.2577903682719547
ca2d0a32e81cae4ef38a,2023-24,2024-05-19,Liverpool,Wolverhampton Wanderers,C Kavanagh,3,14,79.0,46.0,2.135135135135135,1.2432432432432432,6.0,8.0,19,21.473684210526315,4.0,370,22.12972972972973,4.167567567567567,10.889189189189189,3.2675675675675677
ee3778e5b533da8084a0,2023-24,2023-09-01,Luton,West Ham United,P Tierney,19,2,0.0,7.0,0.0,2.3333333333333335,7.0,6.0,1,11.0,3.0,29,22.20689655172414,4.413793103448276,11.344827586206897,2.9655172413793105
4d192b0829e1067a241e,2023-24,2023-09-23,Luton,Wolverhampton Wanderers,J Smith,20,16,0.0,3.0,0.0,0.6,7.0,7.0,0,,,49,22.142857142857142,4.714285714285714,10.83673469387755,3.0816326530612246
07ce35d9fc291b756371,2023-24,2023-10-03,Luton,Burnley,P Bankes,17,19,4.0,1.0,0.6666666666666666,0.16666666666666666,3.0,3.0,4,22.0,5.25,69,22.608695652173914,4.7101449275362315,10.695652173913043,3.0434782608695654
9c8694f1dc865fe96f62,2023-24,2023-10-07,Luton,Tottenham,J Brooks,17,2,4.0,17.0,0.5714285714285714,2.4285714285714284,4.0,7.0,4,26.25,4.25,70,22.571428571428573,4.728571428571429,10.728571428571428,3.0428571428571427
0688392d2abfc7b87d36,2023-24,2023-11-05,Luton,Liverpool,A Madley,18,4,5.0,23.0,0.5,2.3,7.0,7.0,7,27.571428571428573,5.857142857142857,107,22.514018691588785,4.588785046728972,10.77570093457944,3.02803738317757
58a5beb66836020532ad,2023-24,2023-11-25,Luton,Crystal Palace,J Gillett,18,13,6.0,15.0,0.5,1.25,14.0,14.0,4,16.25,3.5,120,22.625,4.55,10.691666666666666,3.0833333333333335
86c7d98547814b22503f,2023-24,2023-12-05,Luton,Arsenal,S Barrott,18,1,9.0,33.0,0.6428571428571429,2.357142857142857,3.0,3.0,5,21.4,4.0,140,22.55,4.542857142857143,10.571428571428571,3.157142857142857
d89294307c56dceb84e8,2023-24,2023-12-10,Luton,Manchester City,T Robinson,18,4,9.0,30.0,0.6,2.0,5.0,4.0,9,23.555555555555557,4.666666666666667,156,22.583333333333332,4.512820512820513,10.538461538461538,3.1025641025641026
55fee7b6a5a654a09179,2023-24,2023-12-23,Luton,Newcastle United,D England,18,6,9.0,29.0,0.5625,1.7058823529411764,13.0,7.0,2,23.0,7.5,171,22.549707602339183,4.502923976608187,10.532163742690058,3.064327485380117
b85045f4da39290b0400,2023-24,2023-12-30,Luton,Chelsea,P Tierney,18,11,15.0,25.0,0.8333333333333334,1.3157894736842106,4.0,3.0,11,20.09090909090909,3.4545454545454546,188,22.46276595744681,4.48936170212766,10.595744680851064,3.0904255319148937
e2e2f46d68fdd175fa05,2023-24,2024-01-30,Luton,Brighton & Hove Albion,R Jones,18,7,16.0,32.0,0.8,1.5238095238095237,18.0,8.0,13,24.153846153846153,4.3076923076923075,208,22.365384615384617,4.427884615384615,10.600961538461538,3.105769230769231
8ac5d14f9894ab405357,2023-24,2024-02-10,Luton,Sheffield United,C Kavanagh,18,20,20.0,10.0,0.9090909090909091,0.43478260869565216,7.0,7.0,13,21.23076923076923,4.615384615384615,228,22.32456140350877,4.390350877192983,10.692982456140351,3.2017543859649122
c04f63f243fc081339d2,2023-24,2024-02-18,Luton,Manchester United,D Coote,18,6,20.0,41.0,0.8695652173913043,1.7083333333333333,8.0,7.0,10,24.6,4.7,245,22.26938775510204,4.36734693877551,10.70204081632653,3.2285714285714286
4d6de0bbedd2339f2ae4,2023-24,2024-03-02,Luton,Aston Villa,M Oliver,18,4,20.0,52.0,0.8,2.0,10.0,7.0,17,20.823529411764707,4.0588235294117645,258,22.131782945736433,4.364341085271318,10.790697674418604,3.2325581395348837
6697c37a8b7380634fbb,2023-24,2024-03-16,Luton,Nottingham Forest,D England,18,17,21.0,24.0,0.75,0.8571428571428571,3.0,6.0,7,22.142857142857142,5.285714285714286,279,22.125448028673834,4.333333333333333,10.774193548387096,3.25089605734767
79ab970197529a960aae,2023-24,2024-04-06,Luton,Bournemouth,A Madley,18,12,22.0,41.0,0.7096774193548387,1.3666666666666667,3.0,4.0,18,23.5,4.277777777777778,303,22.2013201320132,4.2838283828382835,10.831683168316832,3.227722772277228
23f51ff39942b6234268,2023-24,2024-04-20,Luton,Brentford,J Gillett,18,16,25.0,32.0,0.7575757575757576,0.9696969696969697,7.0,7.0,17,21.0,4.588235294117647,323,22.19814241486068,4.25077399380805,10.907120743034056,3.238390092879257
b515eeeb9ff1afbc8727,2023-24,2024-05-03,Luton,Everton,T Robinson,18,13,25.0,44.0,0.7142857142857143,1.2571428571428571,6.0,6.0,20,22.9,4.25,347,22.15850144092219,4.181556195965418,10.878962536023055,3.2564841498559076
8c83115a48ced803b0d8,2023-24,2024-05-19,Luton,Fulham,M Donohue,18,15,26.0,44.0,0.7027027027027027,1.1891891891891893,8.0,8.0,1,28.0,4.0,370,22.12972972972973,4.167567567567567,10.889189189189189,3.2675675675675677
22660b8b3838735b39db,2023-24,2023-08-19,Manchester City,Newcastle United,R Jones,3,1,3.0,3.0,3.0,3.0,8.0,7.0,1,25.0,5.0,11,22.272727272727273,4.2727272727272725,11.727272727272727,2.8181818181818183
1ff777444071a56d24d7,2023-24,2023-09-02,Manchester City,Fulham,M Oliver,2,12,9.0,4.0,3.0,1.3333333333333333,6.0,7.0,2,20.5,4.0,30,22.166666666666668,4.333333333333333,11.466666666666667,2.966666666666667
9902d59ccf208304069b,2023-24,2023-09-23,Manchester City,Nottingham Forest,A Taylor,1,8,15.0,7.0,3.0,1.4,7.0,5.0,4,17.75,5.5,49,22.142857142857142,4.714285714285714,10.83673469387755,3.0816326530612246
39d9bd0a4b21aea59181,2023-24,2023-10-21,Manchester City,Brighton & Hove Albion,R Jones,3,6,18.0,16.0,2.25,2.0,13.0,13.0,7,26.285714285714285,5.142857142857143,80,22.7375,4.625,10.725,3.0
8c41891e42416a5351b5,2023-24,2023-11-04,Manchester City,Bournemouth,C Pawson,3,17,24.0,6.0,2.4,0.6,6.0,7.0,6,21.666666666666668,4.5,100,22.55,4.56,10.82,3.03
a5afa6dffa01562fb889,2023-24,2023-11-25,Manchester City,Liverpool,C Kavanagh,1,2,28.0,27.0,2.3333333333333335,2.25,13.0,13.0,5,20.0,4.2,120,22.625,4.55,10.691666666666666,3.0833333333333335
49998b98049a3a944205,2023-24,2023-12-03,Manchester City,Tottenham,S Hooper,2,6,29.0,26.0,2.230769230769231,2.0,8.0,7.0,7,23.571428571428573,5.285714285714286,135,22.488888888888887,4.518518518518518,10.540740740740741,3.096296296296296
6f9046e5b5571c9ad97d,2023-24,2023-12-16,Manchester City,Crystal Palace,P Tierney,4,16,33.0,16.0,2.0625,1.0,6.0,7.0,9,20.333333333333332,3.6666666666666665,161,22.565217391304348,4.496894409937888,10.51552795031056,3.111801242236025
83ef2604b10ca2aede97,2023-24,2023-12-30,Manchester City,Sheffield United,D Coote,4,20,37.0,9.0,2.0555555555555554,0.47368421052631576,3.0,4.0,7,25.714285714285715,5.0,188,22.46276595744681,4.48936170212766,10.595744680851064,3.0904255319148937
cf76ece8664414682cbb,2023-24,2024-01-31,Manchester City,Burnley,S Barrott,3,19,43.0,12.0,2.15,0.5714285714285714,18.0,19.0,9,19.666666666666668,3.0,213,22.36150234741784,4.408450704225352,10.690140845070422,3.107981220657277
9ac1df6cc3bbb30db242,2023-24,2024-02-10,Manchester City,Everton,J Brooks,2,12,49.0,29.0,2.227272727272727,1.2608695652173914,5.0,7.0,14,23.285714285714285,4.642857142857143,228,22.32456140350877,4.390350877192983,10.692982456140351,3.2017543859649122
23400484e8e6aac7f3d7,2023-24,2024-02-17,Manchester City,Chelsea,A Madley,2,10,52.0,34.0,2.260869565217391,1.4166666666666667,7.0,5.0,14,24.214285714285715,4.642857142857143,238,22.264705882352942,4.369747899159663,10.739495798319327,3.222689075630252
cc244639110aefe825fb,2023-24,2024-02-20,Manchester City,Brentford,D England,3,15,53.0,25.0,2.2083333333333335,1.0416666666666667,3.0,3.0,5,21.6,5.0,248,22.225806451612904,4.375,10.725806451612904,3.2298387096774195
d758f83569bd2cf40738,2023-24,2024-03-03,Manchester City,Manchester United,A Madley,2,6,59.0,44.0,2.269230769230769,1.6923076923076923,8.0,8.0,16,24.1875,4.625,265,22.120754716981132,4.335849056603774,10.777358490566037,3.237735849056604
69daa084a5509bdf9e79,2023-24,2024-03-31,Manchester City,Arsenal,A Taylor,3,1,63.0,64.0,2.25,2.2857142857142856,21.0,22.0,20,21.85,5.05,291,22.219931271477662,4.3367697594501715,10.852233676975946,3.2508591065292096
d04ca8d3f62c2a3f9a6a,2023-24,2024-04-03,Manchester City,Aston Villa,D England,3,4,64.0,59.0,2.206896551724138,1.9666666666666666,3.0,4.0,9,22.333333333333332,4.888888888888889,298,22.248322147651006,4.318791946308725,10.865771812080537,3.221476510067114
2a4422ca9dc54d56e479,2023-24,2024-04-13,Manchester City,Luton,J Brooks,3,18,70.0,25.0,2.2580645161290325,0.78125,7.0,7.0,19,22.842105263157894,4.315789473684211,313,22.20447284345048,4.274760383386582,10.888178913738018,3.236421725239617
e2972cd48af8f53efcf6,2023-24,2024-05-04,Manchester City,Wolverhampton Wanderers,C Pawson,2,11,79.0,46.0,2.323529411764706,1.3142857142857143,6.0,7.0,17,22.11764705882353,4.352941176470588,348,22.169540229885058,4.181034482758621,10.89080459770115,3.2528735632183907
5d4b71fc36ed4f46c4b4,2023-24,2024-05-19,Manchester City,West Ham United,J Brooks,1,9,88.0,52.0,2.3783783783783785,1.4054054054054055,5.0,8.0,21,22.142857142857142,4.142857142857143,370,22.12972972972973,4.167567567567567,10.889189189189189,3.2675675675675677
22bdcd3c9c8232fe395e,2023-24,2023-08-14,Manchester United,Wolverhampton Wanderers,S Hooper,13,14,0.0,0.0,,,,,0,,,9,23.0,4.111111111111111,11.222222222222221,3.0
ea15fad9a17b65e315ca,2023-24,2023-08-26,Manchester United,Nottingham Forest,S Attwell,13,11,3.0,3.0,1.5,1.5,7.0,8.0,1,18.0,2.0,20,22.55,4.7,10.85,2.9
34654eddeb48243218bc,2023-24,2023-09-16,Manchester United,Brighton & Hove Albion,J Gillett,11,6,6.0,9.0,1.5,2.25,13.0,14.0,1,13.0,3.0,39,22.153846153846153,4.461538461538462,10.974358974358974,3.2564102564102564
c3141c84075de519cf9c,2023-24,2023-09-30,Manchester United,Crystal Palace,C Kavanagh,9,10,9.0,8.0,1.5,1.3333333333333333,7.0,7.0,1,25.0,2.0,59,22.45762711864407,4.711864406779661,10.779661016949152,3.0677966101694913
876b59661fd7ce525f15,2023-24,2023-10-07,Manchester United,Brentford,A Madley,10,14,9.0,7.0,1.2857142857142858,1.0,7.0,6.0,5,27.2,6.6,70,22.571428571428573,4.728571428571429,10.728571428571428,3.0428571428571427
8eb93b6ef99c7f446cca,2023-24,2023-10-29,Manchester United,Manchester City,P Tierney,8,3,15.0,21.0,1.6666666666666667,2.3333333333333335,8.0,8.0,5,19.6,4.2,95,22.74736842105263,4.557894736842106,10.789473684210526,3.0526315789473686
0cec446375b1019f50ed,2023-24,2023-11-11,Manchester United,Luton,G Scott,8,17,18.0,6.0,1.6363636363636365,0.5454545454545454,7.0,6.0,1,15.0,2.0,110,22.51818181818182,4.554545454545455,10.736363636363636,3.0272727272727273
4523b77080fdb500be35,2023-24,2023-12-06,Manchester United,Chelsea,C Kavanagh,7,10,24.0,19.0,1.7142857142857142,1.3571428571428572,4.0,3.0,7,20.142857142857142,4.571428571428571,142,22.56338028169014,4.542253521126761,10.598591549295774,3.1690140845070425
18752706ec13b9244884,2023-24,2023-12-09,Manchester United,Bournemouth,P Bankes,6,16,27.0,16.0,1.8,1.0666666666666667,3.0,3.0,9,21.77777777777778,5.0,150,22.566666666666666,4.506666666666667,10.593333333333334,3.1466666666666665
6d149c59035e3e6cda4e,2023-24,2023-12-26,Manchester United,Aston Villa,C Pawson,8,3,28.0,39.0,1.5555555555555556,2.1666666666666665,3.0,4.0,9,22.444444444444443,4.444444444444445,178,22.54494382022472,4.51685393258427,10.584269662921349,3.044943820224719
48da64276cbd734f8996,2023-24,2024-01-14,Manchester United,Tottenham,J Brooks,9,5,31.0,39.0,1.55,1.95,15.0,14.0,12,23.916666666666668,4.75,201,22.402985074626866,4.462686567164179,10.567164179104477,3.1044776119402986
badf44ad08ecf945a836,2023-24,2024-02-04,Manchester United,West Ham United,A Madley,8,6,35.0,36.0,1.5909090909090908,1.6363636363636365,3.0,3.0,13,24.923076923076923,4.923076923076923,223,22.376681614349774,4.3991031390134525,10.627802690582959,3.188340807174888
7ca9c63d95ae1a79a869,2023-24,2024-02-24,Manchester United,Fulham,M Oliver,6,13,44.0,29.0,1.76,1.16,6.0,7.0,16,21.0625,3.875,250,22.236,4.384,10.752,3.228
5ad895df2a7bcef7c683,2023-24,2024-03-09,Manchester United,Everton,S Hooper,6,13,44.0,31.0,1.6296296296296295,1.1481481481481481,6.0,7.0,17,22.11764705882353,4.764705882352941,268,22.063432835820894,4.317164179104478,10.779850746268657,3.246268656716418
7b3f38d56f48803c6bb9,2023-24,2024-04-07,Manchester United,Liverpool,A Taylor,6,2,48.0,70.0,1.6,2.3333333333333335,3.0,3.0,21,22.19047619047619,4.904761904761905,310,22.212903225806453,4.258064516129032,10.851612903225806,3.229032258064516
83b8e5ac37d26410aa4d,2023-24,2024-04-24,Manchester United,Sheffield United,M Salisbury,7,20,50.0,16.0,1.5625,0.48484848484848486,11.0,4.0,12,24.083333333333332,4.083333333333333,331,22.16616314199396,4.238670694864048,10.842900302114804,3.2658610271903323
06f33c749fa885b7c114,2023-24,2024-04-27,Manchester United,Burnley,J Brooks,6,19,53.0,23.0,1.606060606060606,0.6764705882352942,3.0,7.0,20,22.35,4.15,336,22.133928571428573,4.226190476190476,10.880952380952381,3.261904761904762
ec259d3a45a16a0eedc1,2023-24,2024-05-12,Manchester United,Arsenal,P Tierney,8,2,54.0,83.0,1.542857142857143,2.3055555555555554,6.0,8.0,24,22.208333333333332,3.5,365,22.126027397260273,4.16986301369863,10.876712328767123,3.265753424657534
5be315fecd4891d67a40,2023-24,2024-05-15,Manchester United,Newcastle United,R Jones,8,6,54.0,57.0,1.5,1.5833333333333333,3.0,4.0,21,23.095238095238095,4.190476190476191,368,22.11413043478261,4.163043478260869,10.872282608695652,3.2635869565217392
e0c796e56e336a924dcc,2023-24,2023-08-12,Newcastle United,Aston Villa,A Madley,14,3,0.0,0.0,,,,,0,,,1,19.0,0.0,11.0,3.0
7376a25ee7e06dc5e8c1,2023-24,2023-08-27,Newcastle United,Liverpool,J Brooks,12,8,3.0,4.0,1.5,2.0,8.0,8.0,2,25.0,4.0,26,22.384615384615383,4.615384615384615,11.23076923076923,2.923076923076923
fb845a60a9078fbec946,2023-24,2023-09-16,Newcastle United,Brentford,C Pawson,14,8,3.0,6.0,0.75,1.5,14.0,14.0,2,21.5,3.5,39,22.153846153846153,4.461538461538462,10.974358974358974,3.2564102564102564
eaa40e9fb32cbf47a809,2023-24,2023-09-30,Newcastle United,Burnley,T Bramall,8,19,9.0,1.0,1.5,0.2,6.0,7.0,1,24.0,4.0,59,22.45762711864407,4.711864406779661,10.779661016949152,3.0677966101694913
95e276f111b9d3b57e4a,2023-24,2023-10-21,Newcastle United,Crystal Palace,T Robinson,8,9,13.0,12.0,1.625,1.5,13.0,14.0,3,25.0,5.333333333333333,80,22.7375,4.625,10.725,3.0
e78307f0ce7be84a0166,2023-24,2023-11-04,Newcastle United,Arsenal,S Attwell,6,2,17.0,24.0,1.7,2.4,7.0,7.0,6,21.666666666666668,5.333333333333333,100,22.55,4.56,10.82,3.03
43b108d394bb423631cd,2023-24,2023-11-25,Newcastle United,Chelsea,S Hooper,7,10,20.0,16.0,1.6666666666666667,1.3333333333333333,14.0,13.0,6,22.166666666666668,4.833333333333333,120,22.625,4.55,10.691666666666666,3.0833333333333335
920479522195ee992eda,2023-24,2023-12-02,Newcastle United,Manchester United,R Jones,7,6,23.0,24.0,1.7692307692307692,1.8461538461538463,7.0,6.0,10,25.1,4.9,130,22.53076923076923,4.561538461538461,10.638461538461538,3.1076923076923078
68f65f675d1a6deb7477,2023-24,2023-12-16,Newcastle United,Fulham,S Barrott,7,11,26.0,21.0,1.625,1.3125,6.0,6.0,7,21.142857142857142,3.4285714285714284,161,22.565217391304348,4.496894409937888,10.51552795031056,3.111801242236025
076f84f0d447ef99936a,2023-24,2023-12-26,Newcastle United,Nottingham Forest,C Kavanagh,7,17,29.0,14.0,1.6111111111111112,0.7777777777777778,3.0,3.0,11,21.90909090909091,4.636363636363637,178,22.54494382022472,4.51685393258427,10.584269662921349,3.044943820224719
8db2b57301b20e793abc,2023-24,2024-01-13,Newcastle United,Manchester City,C Kavanagh,9,3,29.0,40.0,1.45,2.1052631578947367,12.0,14.0,12,21.833333333333332,4.75,199,22.44723618090452,4.4623115577889445,10.542713567839195,3.1055276381909547
8cfe9fe9efb3fc0221df,2023-24,2024-02-03,Newcastle United,Luton,T Bramall,8,18,32.0,19.0,1.4545454545454546,0.9047619047619048,4.0,4.0,6,23.666666666666668,4.833333333333333,218,22.394495412844037,4.426605504587156,10.637614678899082,3.1422018348623855
ce7d2fd666e4c0211876,2023-24,2024-02-17,Newcastle United,Bournemouth,M Salisbury,7,14,36.0,27.0,1.5,1.173913043478261,7.0,7.0,9,22.666666666666668,3.6666666666666665,238,22.264705882352942,4.369747899159663,10.739495798319327,3.222689075630252
778b6c5d9dc9ec007d6a,2023-24,2024-03-02,Newcastle United,Wolverhampton Wanderers,T Robinson,10,9,37.0,38.0,1.4230769230769231,1.4615384615384615,7.0,6.0,16,23.0,4.4375,258,22.131782945736433,4.364341085271318,10.790697674418604,3.2325581395348837
295c537fb1e0688ec87b,2023-24,2024-03-30,Newcastle United,West Ham United,R Jones,10,7,40.0,44.0,1.4285714285714286,1.5172413793103448,19.0,13.0,17,23.235294117647058,4.470588235294118,283,22.17314487632509,4.342756183745583,10.79505300353357,3.2402826855123674
cffb8ee981e7f9483c2f,2023-24,2024-04-02,Newcastle United,Everton,T Harrington,8,14,43.0,31.0,1.4827586206896552,1.0689655172413792,3.0,3.0,5,20.8,3.6,293,22.255972696245735,4.341296928327645,10.856655290102388,3.2389078498293515
8fe6937652c559c8c286,2023-24,2024-04-13,Newcastle United,Tottenham,T Robinson,8,4,47.0,60.0,1.5161290322580645,1.935483870967742,7.0,6.0,18,22.77777777777778,4.277777777777778,313,22.20447284345048,4.274760383386582,10.888178913738018,3.236421725239617
d9b772d7309e362dad81,2023-24,2024-04-27,Newcastle United,Sheffield United,T Harrington,7,20,50.0,16.0,1.5151515151515151,0.47058823529411764,3.0,3.0,8,22.0,4.0,336,22.133928571428573,4.226190476190476,10.880952380952381,3.261904761904762
563aaeccf8feef98d998,2023-24,2024-05-11,Newcastle United,Brighton & Hove Albion,D England,6,11,56.0,47.0,1.6,1.3428571428571427,7.0,6.0,11,22.0,4.545454545454546,357,22.11764705882353,4.159663865546219,10.876750700280112,3.2661064425770308
8a6597b54c5533f8a738,2023-24,2023-08-18,Nottingham Forest,Sheffield United,P Bankes,14,16,0.0,0.0,0.0,0.0,6.0,6.0,1,23.0,5.0,10,23.1,4.2,11.6,2.8
d1601667e6af3892c428,2023-24,2023-09-18,Nottingham Forest,Burnley,R Jones,12,19,6.0,0.0,1.5,0.0,16.0,16.0,4,24.75,5.0,48,22.0625,4.708333333333333,10.875,3.1041666666666665
3434c74abaad133906ea,2023-24,2023-10-01,Nottingham Forest,Brentford,P Tierney,12,14,7.0,6.0,1.1666666666666667,1.0,8.0,8.0,3,19.0,3.3333333333333335,67,22.64179104477612,4.731343283582089,10.701492537313433,3.074626865671642
fb95a1e1dcd0ec29ae0f,2023-24,2023-10-21,Nottingham Forest,Luton,S Barrott,13,17,9.0,4.0,1.125,0.5,14.0,14.0,1,18.0,3.0,80,22.7375,4.625,10.725,3.0
76d7f4cef87ec7b6cede,2023-24,2023-11-05,Nottingham Forest,Aston Villa,J Gillett,16,5,10.0,22.0,1.0,2.2,7.0,7.0,3,16.666666666666668,4.0,107,22.514018691588785,4.588785046728972,10.77570093457944,3.02803738317757
224a516740d5ea2dcc7d,2023-24,2023-11-25,Nottingham Forest,Brighton & Hove Albion,A Taylor,15,8,13.0,19.0,1.0833333333333333,1.5833333333333333,13.0,13.0,10,22.2,5.1,120,22.625,4.55,10.691666666666666,3.0833333333333335
642247e6cd5a5d7f269b,2023-24,2023-12-02,Nottingham Forest,Everton,P Tierney,16,15,13.0,14.0,1.0,1.0769230769230769,7.0,6.0,7,19.857142857142858,4.142857142857143,130,22.53076923076923,4.561538461538461,10.638461538461538,3.1076923076923078
b617594501bd44e0de64,2023-24,2023-12-15,Nottingham Forest,Tottenham,J Gillett,17,5,14.0,30.0,0.875,1.875,6.0,5.0,7,20.714285714285715,4.714285714285714,160,22.5375,4.4875,10.51875,3.11875
73d77f17839c23f8e6ad,2023-24,2023-12-23,Nottingham Forest,Bournemouth,R Jones,17,15,14.0,19.0,0.8235294117647058,1.1875,8.0,14.0,11,24.545454545454547,4.7272727272727275,171,22.549707602339183,4.502923976608187,10.532163742690058,3.064327485380117
c68bac671717f5592d9f,2023-24,2023-12-30,Nottingham Forest,Manchester United,T Robinson,17,7,17.0,31.0,0.8947368421052632,1.631578947368421,4.0,4.0,12,22.833333333333332,4.25,188,22.46276595744681,4.48936170212766,10.595744680851064,3.0904255319148937
8018cb081bb64eb81660,2023-24,2024-01-30,Nottingham Forest,Arsenal,S Hooper,17,3,20.0,43.0,0.9523809523809523,2.0476190476190474,10.0,10.0,12,23.416666666666668,5.416666666666667,208,22.365384615384617,4.427884615384615,10.600961538461538,3.105769230769231
9263431d15c9f82aa428,2023-24,2024-02-10,Nottingham Forest,Newcastle United,A Taylor,17,9,21.0,33.0,0.9130434782608695,1.434782608695652,6.0,7.0,17,22.235294117647058,5.235294117647059,228,22.32456140350877,4.390350877192983,10.692982456140351,3.2017543859649122
f3f9ad44702276fafc02,2023-24,2024-02-17,Nottingham Forest,West Ham United,T Bramall,17,8,21.0,36.0,0.875,1.5,7.0,6.0,7,24.428571428571427,4.714285714285714,238,22.264705882352942,4.369747899159663,10.739495798319327,3.222689075630252
9e423eed1a831e735c09,2023-24,2024-03-02,Nottingham Forest,Liverpool,P Tierney,17,1,24.0,60.0,0.9230769230769231,2.3076923076923075,7.0,10.0,17,21.470588235294116,3.0588235294117645,258,22.131782945736433,4.364341085271318,10.790697674418604,3.2325581395348837
c36ed87ee5874ce3776b,2023-24,2024-03-30,Nottingham Forest,Crystal Palace,C Kavanagh,17,15,25.0,29.0,0.8620689655172413,1.0357142857142858,14.0,21.0,15,21.4,4.333333333333333,283,22.17314487632509,4.342756183745583,10.79505300353357,3.2402826855123674
e7a2753dede6443a7bcf,2023-24,2024-04-02,Nottingham Forest,Fulham,M Oliver,17,12,26.0,39.0,0.8666666666666667,1.3,3.0,3.0,19,20.894736842105264,4.052631578947368,293,22.255972696245735,4.341296928327645,10.856655290102388,3.2389078498293515
ad53c91942bb597ecb67,2023-24,2024-04-13,Nottingham Forest,Wolverhampton Wanderers,C Pawson,17,11,29.0,42.0,0.90625,1.3548387096774193,6.0,7.0,14,22.0,4.142857142857143,313,22.20447284345048,4.274760383386582,10.888178913738018,3.236421725239617
8d33dffc88ab69785df9,2023-24,2024-04-28,Nottingham Forest,Manchester City,S Hooper,17,2,30.0,76.0,0.8823529411764706,2.303030303030303,7.0,3.0,22,22.40909090909091,4.545454545454546,343,22.142857142857142,4.206997084548105,10.871720116618075,3.259475218658892
630360fca51c525d0e4e,2023-24,2024-05-11,Nottingham Forest,Chelsea,T Harrington,17,7,33.0,54.0,0.9166666666666666,1.542857142857143,7.0,6.0,9,21.666666666666668,3.5555555555555554,357,22.11764705882353,4.159663865546219,10.876750700280112,3.2661064425770308
adfa0ff2170ae937243e,2023-24,2023-08-12,Sheffield United,Crystal Palace,J Brooks,16,8,0.0,0.0,,,,,0,,,1,19.0,0.0,11.0,3.0
164165830602d3d3bb7a,2023-24,2023-08-27,Sheffield United,Manchester City,J Gillett,17,5,0.0,6.0,0.0,3.0,9.0,8.0,0,,,26,22.384615384615383,4.615384615384615,11.23076923076923,2.923076923076923
a6db6337a516dfa25ab5,2023-24,2023-09-02,Sheffield United,Everton,A Madley,17,19,0.0,0.0,0.0,0.0,6.0,7.0,2,27.0,8.5,30,22.166666666666668,4.333333333333333,11.466666666666667,2.966666666666667
c5210a0fdf90fecaa1af,2023-24,2023-09-24,Sheffield United,Newcastle United,S Attwell,18,12,1.0,6.0,0.2,1.2,8.0,8.0,3,24.333333333333332,6.0,54,22.22222222222222,4.722222222222222,10.703703703703704,2.962962962962963
e59f0e40f78f947b8323,2023-24,2023-10-21,Sheffield United,Manchester United,M Oliver,20,10,1.0,12.0,0.125,1.5,14.0,14.0,6,19.166666666666668,4.5,80,22.7375,4.625,10.725,3.0
a7dc34ac9534fc02a14d,2023-24,2023-11-04,Sheffield United,Wolverhampton Wanderers,R Jones,20,12,1.0,12.0,0.1,1.2,7.0,7.0,8,25.5,5.0,100,22.55,4.56,10.82,3.03
1c62d2e1be33332fc7c5,2023-24,2023-11-25,Sheffield United,Bournemouth,A Madley,19,17,5.0,9.0,0.4166666666666667,0.75,13.0,14.0,8,26.625,5.375,120,22.625,4.55,10.691666666666666,3.0833333333333335
2e1220cd94951fc0e5fe,2023-24,2023-12-06,Sheffield United,Liverpool,S Hooper,20,2,5.0,31.0,0.35714285714285715,2.2142857142857144,4.0,3.0,8,24.125,5.625,142,22.56338028169014,4.542253521126761,10.598591549295774,3.1690140845070425
8089ba6acf36579c11c9,2023-24,2023-12-09,Sheffield United,Brentford,S Attwell,20,12,5.0,19.0,0.3333333333333333,1.2666666666666666,3.0,3.0,8,20.75,4.75,150,22.566666666666666,4.506666666666667,10.593333333333334,3.1466666666666665
c86cdfc1be2f47169a9e,2023-24,2023-12-26,Sheffield United,Luton,S Allison,20,18,9.0,12.0,0.5,0.7058823529411765,4.0,3.0,0,,,178,22.54494382022472,4.51685393258427,10.584269662921349,3.044943820224719
7287d064e396f3b12aae,2023-24,2024-01-21,Sheffield United,West Ham United,M Salisbury,20,6,9.0,34.0,0.45,1.7,22.0,19.0,8,22.875,3.625,205,22.37560975609756,4.434146341463415,10.61951219512195,3.1121951219512196
e7ffe10a00994a15b4a6,2023-24,2024-02-03,Sheffield United,Aston Villa,P Tierney,20,5,10.0,43.0,0.45454545454545453,1.9545454545454546,4.0,4.0,14,21.928571428571427,3.4285714285714284,218,22.394495412844037,4.426605504587156,10.637614678899082,3.1422018348623855
5a2860b32cf3dc343d2c,2023-24,2024-02-18,Sheffield United,Brighton & Hove Albion,S Attwell,20,9,13.0,35.0,0.5416666666666666,1.4583333333333333,8.0,8.0,11,21.818181818181817,4.909090909090909,245,22.26938775510204,4.36734693877551,10.70204081632653,3.2285714285714286
b96f51da4b1ab6ee77ee,2023-24,2024-03-04,Sheffield United,Arsenal,S Barrott,20,3,13.0,58.0,0.5,2.230769230769231,8.0,9.0,12,20.25,3.25,267,22.089887640449437,4.329588014981273,10.794007490636703,3.235955056179775
c31130a4569dbd68c7c3,2023-24,2024-03-30,Sheffield United,Fulham,T Robinson,20,12,14.0,38.0,0.5,1.3103448275862069,21.0,14.0,17,22.764705882352942,4.235294117647059,283,22.17314487632509,4.342756183745583,10.79505300353357,3.2402826855123674
1d93e8edf61477de66a1,2023-24,2024-04-07,Sheffield United,Chelsea,R Jones,20,9,15.0,43.0,0.5,1.4827586206896552,3.0,3.0,18,22.88888888888889,4.333333333333333,310,22.212903225806453,4.258064516129032,10.851612903225806,3.229032258064516
f78bde296f0bc349e0a1,2023-24,2024-04-20,Sheffield United,Burnley,A Madley,20,19,16.0,20.0,0.5,0.6060606060606061,7.0,7.0,19,23.36842105263158,4.052631578947368,323,22.19814241486068,4.25077399380805,10.907120743034056,3.238390092879257
0af29e5de2bcae47c1ca,2023-24,2024-05-04,Sheffield United,Nottingham Forest,C Kavanagh,20,17,16.0,30.0,0.45714285714285713,0.8571428571428571,7.0,6.0,17,21.58823529411765,4.0588235294117645,348,22.169540229885058,4.181034482758621,10.89080459770115,3.2528735632183907
5a852308e345f675b731,2023-24,2024-05-19,Sheffield United,Tottenham,A Madley,20,5,16.0,63.0,0.43243243243243246,1.7027027027027026,8.0,5.0,22,22.90909090909091,3.8636363636363638,370,22.12972972972973,4.167567567567567,10.889189189189189,3.2675675675675677
d3d9dfa4a07caeb6f069,2023-24,2023-08-19,Tottenham,Manchester United,M Oliver,10,7,1.0,3.0,1.0,3.0,6.0,5.0,1,24.0,4.0,11,22.272727272727273,4.2727272727272725,11.727272727272727,2.8181818181818183
415114679d40ae6f9312,2023-24,2023-09-16,Tottenham,Sheffield United,P Bankes,2,17,10.0,1.0,2.5,0.25,14.0,14.0,3,20.333333333333332,3.3333333333333335,39,22.153846153846153,4.461538461538462,10.974358974358974,3.2564102564102564
4bc1cfab88f1eb36d9be,2023-24,2023-09-30,Tottenham,Liverpool,S Hooper,4,2,14.0,16.0,2.3333333333333335,2.6666666666666665,6.0,6.0,3,21.666666666666668,2.6666666666666665,59,22.45762711864407,4.711864406779661,10.779661016949152,3.0677966101694913
eef7e814ec968990bd01,2023-24,2023-10-23,Tottenham,Fulham,A Taylor,4,13,20.0,11.0,2.5,1.375,16.0,16.0,7,20.428571428571427,5.142857142857143,89,22.662921348314608,4.606741573033708,10.741573033707866,3.044943820224719
1a23eb885a8de40dbdfb,2023-24,2023-11-06,Tottenham,Chelsea,M Oliver,2,13,26.0,12.0,2.6,1.2,10.0,9.0,7,19.571428571428573,4.428571428571429,109,22.422018348623855,4.541284403669724,10.770642201834862,3.0091743119266057
b5311296f35d12b24ea3,2023-24,2023-11-26,Tottenham,Aston Villa,R Jones,4,5,26.0,25.0,2.1666666666666665,2.0833333333333335,15.0,14.0,9,25.22222222222222,5.0,127,22.52755905511811,4.582677165354331,10.645669291338583,3.094488188976378
188001dc5d5b8cedfe6c,2023-24,2023-12-07,Tottenham,West Ham United,M Salisbury,5,9,27.0,21.0,1.9285714285714286,1.5,4.0,4.0,6,21.833333333333332,3.0,148,22.54054054054054,4.506756756756757,10.608108108108109,3.1486486486486487
1d0ae1ce45e9dde52440,2023-24,2023-12-10,Tottenham,Newcastle United,C Kavanagh,5,7,27.0,26.0,1.8,1.7333333333333334,3.0,3.0,8,20.625,4.5,156,22.583333333333332,4.512820512820513,10.538461538461538,3.1025641025641026
a4fa7f3594de1cbb0699,2023-24,2023-12-23,Tottenham,Everton,S Attwell,5,10,33.0,26.0,1.9411764705882353,1.5294117647058822,8.0,7.0,9,21.444444444444443,4.888888888888889,171,22.549707602339183,4.502923976608187,10.532163742690058,3.064327485380117
9a01eacbfe941b800a8a,2023-24,2023-12-31,Tottenham,Bournemouth,S Hooper,5,13,36.0,25.0,1.894736842105263,1.3888888888888888,3.0,5.0,11,23.09090909090909,5.363636363636363,194,22.469072164948454,4.469072164948454,10.56701030927835,3.1082474226804124
7e1ba9237ee605750d87,2023-24,2024-01-31,Tottenham,Brentford,D Coote,5,16,40.0,22.0,1.9047619047619047,1.1,17.0,11.0,9,24.22222222222222,4.666666666666667,213,22.36150234741784,4.408450704225352,10.690140845070422,3.107981220657277
dd8ce445f7344963d7db,2023-24,2024-02-10,Tottenham,Brighton & Hove Albion,S Barrott,5,8,44.0,35.0,1.9130434782608696,1.5217391304347827,7.0,7.0,10,19.3,3.1,228,22.32456140350877,4.390350877192983,10.692982456140351,3.2017543859649122
69bd8f1fb37a28da8f9f,2023-24,2024-02-17,Tottenham,Wolverhampton Wanderers,A Taylor,4,11,47.0,32.0,1.9583333333333333,1.3333333333333333,7.0,7.0,18,21.833333333333332,5.111111111111111,238,22.264705882352942,4.369747899159663,10.739495798319327,3.222689075630252
d1fc6a9227cd789c7298,2023-24,2024-03-02,Tottenham,Crystal Palace,J Brooks,5,14,47.0,28.0,1.88,1.0769230769230769,14.0,7.0,15,22.866666666666667,4.466666666666667,258,22.131782945736433,4.364341085271318,10.790697674418604,3.2325581395348837
e4c4b3b42e284ec502c1,2023-24,2024-03-30,Tottenham,Luton,J Gillett,5,18,53.0,22.0,1.8928571428571428,0.7586206896551724,14.0,14.0,15,20.333333333333332,4.6,283,22.17314487632509,4.342756183745583,10.79505300353357,3.2402826855123674
24ce3697cb827f201c95,2023-24,2024-04-07,Tottenham,Nottingham Forest,S Hooper,5,17,57.0,29.0,1.9,0.9354838709677419,5.0,5.0,19,22.157894736842106,4.631578947368421,310,22.212903225806453,4.258064516129032,10.851612903225806,3.229032258064516
d30e4dfaa747950c32c7,2023-24,2024-04-28,Tottenham,Arsenal,M Oliver,5,1,60.0,77.0,1.875,2.264705882352941,15.0,5.0,21,20.761904761904763,3.8095238095238093,343,22.142857142857142,4.206997084548105,10.871720116618075,3.259475218658892
cac77b6454fc87dafed1,2023-24,2024-05-11,Tottenham,Burnley,J Gillett,5,19,60.0,24.0,1.7142857142857142,0.6666666666666666,6.0,7.0,20,20.6,4.25,357,22.11764705882353,4.159663865546219,10.876750700280112,3.2661064425770308
b0884f0d4faed9393c4f,2023-24,2024-05-14,Tottenham,Manchester City,C Kavanagh,5,2,63.0,85.0,1.75,2.361111111111111,3.0,3.0,18,21.27777777777778,3.888888888888889,367,22.106267029972752,4.1580381471389645,10.871934604904633,3.2670299727520438
f97e412f265c2d454a92,2023-24,2023-08-20,West Ham United,Chelsea,J Brooks,13,12,1.0,1.0,1.0,1.0,8.0,7.0,1,29.0,3.0,16,22.4375,4.625,10.8125,2.875
dbd1d8f9d8584da5a0cf,2023-24,2023-09-16,West Ham United,Manchester City,A Madley,4,1,10.0,12.0,2.5,3.0,15.0,14.0,3,26.0,6.666666666666667,39,22.153846153846153,4.461538461538462,10.974358974358974,3.2564102564102564
83b749d3d3fd368eca6c,2023-24,2023-09-30,West Ham United,Sheffield United,G Scott,7,20,10.0,1.0,1.6666666666666667,0.16666666666666666,6.0,6.0,0,,,59,22.45762711864407,4.711864406779661,10.779661016949152,3.0677966101694913
afb93d0c72e43806b3bc,2023-24,2023-10-08,West Ham United,Newcastle United,P Bankes,7,8,13.0,12.0,1.8571428571428572,1.7142857142857142,8.0,8.0,5,21.6,5.4,76,22.56578947368421,4.631578947368421,10.81578947368421,3.013157894736842
7f82fc263a2e8569f1fc,2023-24,2023-10-29,West Ham United,Everton,S Attwell,9,16,14.0,7.0,1.5555555555555556,0.7777777777777778,7.0,8.0,5,22.4,5.4,95,22.74736842105263,4.557894736842106,10.789473684210526,3.0526315789473686
18956db88766290649c4,2023-24,2023-11-12,West Ham United,Nottingham Forest,M Salisbury,13,15,14.0,13.0,1.2727272727272727,1.1818181818181819,8.0,7.0,4,21.0,2.5,115,22.51304347826087,4.51304347826087,10.756521739130434,3.026086956521739
97839c0fedf9f5ffdbd0,2023-24,2023-12-03,West Ham United,Crystal Palace,M Oliver,9,13,20.0,15.0,1.5384615384615385,1.1538461538461537,8.0,8.0,9,20.77777777777778,4.222222222222222,135,22.488888888888887,4.518518518518518,10.540740740740741,3.096296296296296
13b5a029997dc9e7d40e,2023-24,2023-12-17,West Ham United,Wolverhampton Wanderers,C Kavanagh,10,14,24.0,19.0,1.5,1.1875,7.0,8.0,9,20.77777777777778,4.444444444444445,165,22.503030303030304,4.442424242424242,10.503030303030304,3.103030303030303
77ddf59ca34ff1bba75a,2023-24,2023-12-23,West Ham United,Manchester United,S Hooper,9,7,27.0,28.0,1.588235294117647,1.6470588235294117,6.0,6.0,10,22.6,5.4,171,22.549707602339183,4.502923976608187,10.532163742690058,3.064327485380117
78a108af09bf2db7a1a4,2023-24,2024-01-02,West Ham United,Brighton & Hove Albion,S Barrott,6,8,33.0,30.0,1.736842105263158,1.5789473684210527,5.0,5.0,8,20.875,3.25,197,22.527918781725887,4.49746192893401,10.588832487309645,3.1269035532994924
2c703cd03bce69ea7d14,2023-24,2024-02-01,West Ham United,Bournemouth,T Robinson,6,14,35.0,25.0,1.6666666666666667,1.25,11.0,11.0,13,22.615384615384617,4.384615384615385,216,22.39814814814815,4.416666666666667,10.666666666666666,3.1296296296296298
8e6417159453eb7475c8,2023-24,2024-02-11,West Ham United,Arsenal,C Pawson,8,3,36.0,49.0,1.565217391304348,2.130434782608696,7.0,7.0,11,22.272727272727273,4.454545454545454,235,22.272340425531915,4.370212765957447,10.731914893617022,3.2085106382978723
393a408bee80395abe35,2023-24,2024-02-26,West Ham United,Brentford,S Hooper,10,16,36.0,25.0,1.44,1.0,9.0,6.0,15,22.4,5.0,257,22.163424124513618,4.36964980544747,10.801556420233464,3.2217898832684826
bbb96bf2d9e61210e310,2023-24,2024-03-10,West Ham United,Burnley,D England,7,20,42.0,13.0,1.5555555555555556,0.48148148148148145,8.0,7.0,6,21.0,5.166666666666667,273,22.08058608058608,4.333333333333333,10.805860805860807,3.238095238095238
2e4adb84b3437cbf2866,2023-24,2024-03-17,West Ham United,Aston Villa,J Gillett,7,4,43.0,55.0,1.5357142857142858,1.9642857142857142,7.0,7.0,14,20.0,4.5,282,22.163120567375888,4.336879432624113,10.76950354609929,3.24468085106383
a4127541798533f09980,2023-24,2024-04-02,West Ham United,Tottenham,J Brooks,7,5,44.0,56.0,1.4666666666666666,1.9310344827586208,3.0,3.0,17,22.647058823529413,4.352941176470588,293,22.255972696245735,4.341296928327645,10.856655290102388,3.2389078498293515
0c4e2a730d93d839b4ca,2023-24,2024-04-14,West Ham United,Fulham,S Attwell,8,13,48.0,39.0,1.5,1.21875,8.0,8.0,13,20.23076923076923,4.615384615384615,319,22.213166144200628,4.260188087774295,10.90282131661442,3.2445141065830723
90dfa0c104ce6605e739,2023-24,2024-04-27,West Ham United,Liverpool,A Taylor,8,3,48.0,74.0,1.411764705882353,2.176470588235294,6.0,3.0,23,22.130434782608695,5.0,336,22.133928571428573,4.226190476190476,10.880952380952381,3.261904761904762
c75af41a6c1bd58ab5a7,2023-24,2024-05-11,West Ham United,Luton,M Oliver,9,18,49.0,26.0,1.3611111111111112,0.7222222222222222,6.0,8.0,22,21.09090909090909,3.772727272727273,357,22.11764705882353,4.159663865546219,10.876750700280112,3.2661064425770308
a2ff8b816303714cf5c1,2023-24,2023-08-19,Wolverhampton Wanderers,Brighton & Hove Albion,A Madley,16,2,0.0,3.0,0.0,3.0,5.0,7.0,1,29.0,8.0,11,22.272727272727273,4.2727272727272725,11.727272727272727,2.8181818181818183
23b0274b73dae99286ee,2023-24,2023-09-16,Wolverhampton Wanderers,Liverpool,M Oliver,15,3,3.0,10.0,0.75,2.5,13.0,13.0,3,21.666666666666668,4.666666666666667,39,22.153846153846153,4.461538461538462,10.974358974358974,3.2564102564102564
5d3e1d2106cd1d2662d5,2023-24,2023-09-30,Wolverhampton Wanderers,Manchester City,C Pawson,16,1,4.0,18.0,0.6666666666666666,3.0,7.0,7.0,3,21.0,5.0,59,22.45762711864407,4.711864406779661,10.779661016949152,3.0677966101694913
2877d4bbe11cbaec5635,2023-24,2023-10-08,Wolverhampton Wanderers,Aston Villa,R Jones,16,5,7.0,15.0,1.0,2.142857142857143,8.0,8.0,6,26.0,5.333333333333333,76,22.56578947368421,4.631578947368421,10.81578947368421,3.013157894736842
a7f40d32e49f61bac7bd,2023-24,2023-10-28,Wolverhampton Wanderers,Newcastle United,A Taylor,12,6,11.0,16.0,1.2222222222222223,1.7777777777777777,7.0,7.0,8,20.875,4.75,91,22.75824175824176,4.56043956043956,10.736263736263735,3.032967032967033
cb0b14df15ed1e54c628,2023-24,2023-11-11,Wolverhampton Wanderers,Tottenham,T Robinson,14,2,12.0,26.0,1.0909090909090908,2.3636363636363638,7.0,5.0,6,22.666666666666668,5.0,110,22.51818181818182,4.554545454545455,10.736363636363636,3.0272727272727273
9cdee2d2aff8b2b842aa,2023-24,2023-12-05,Wolverhampton Wanderers,Burnley,J Gillett,14,19,15.0,7.0,1.0714285714285714,0.5,3.0,3.0,5,18.4,4.2,140,22.55,4.542857142857143,10.571428571428571,3.157142857142857
6e1f25df722e99ef66c9,2023-24,2023-12-09,Wolverhampton Wanderers,Nottingham Forest,S Barrott,14,17,18.0,13.0,1.2,0.8666666666666667,4.0,3.0,6,21.333333333333332,3.8333333333333335,150,22.566666666666666,4.506666666666667,10.593333333333334,3.1466666666666665
9595e8da9980aec1bcfe,2023-24,2023-12-24,Wolverhampton Wanderers,Chelsea,D Coote,15,11,19.0,22.0,1.1176470588235294,1.2941176470588236,7.0,8.0,6,26.666666666666668,4.5,177,22.559322033898304,4.497175141242938,10.55367231638418,3.0451977401129944
2d0f2e65138b1ef2155a,2023-24,2023-12-30,Wolverhampton Wanderers,Everton,T Bramall,12,10,25.0,26.0,1.3157894736842106,1.368421052631579,3.0,3.0,4,25.0,5.25,188,22.46276595744681,4.48936170212766,10.595744680851064,3.0904255319148937
7fa70f10f82e3bbc47b6,2023-24,2024-02-01,Wolverhampton Wanderers,Manchester United,J Gillett,11,9,29.0,32.0,1.380952380952381,1.5238095238095237,10.0,18.0,9,21.77777777777778,4.888888888888889,216,22.39814814814815,4.416666666666667,10.666666666666666,3.1296296296296298
cc53a72d8ef46ea75f51,2023-24,2024-02-10,Wolverhampton Wanderers,Brentford,S Hooper,10,16,32.0,22.0,1.391304347826087,1.0,6.0,5.0,14,22.571428571428573,5.0,228,22.32456140350877,4.390350877192983,10.692982456140351,3.2017543859649122
80efed3aeab656605626,2023-24,2024-02-25,Wolverhampton Wanderers,Sheffield United,D Bond,11,20,35.0,13.0,1.4,0.52,8.0,7.0,2,21.5,4.0,256,22.203125,4.375,10.80078125,3.23046875
4f8354b24471d2ab5980,2023-24,2024-03-09,Wolverhampton Wanderers,Fulham,T Harrington,10,12,38.0,35.0,1.4074074074074074,1.2962962962962963,7.0,7.0,4,21.5,3.5,268,22.063432835820894,4.317164179104478,10.779850746268657,3.246268656716418
fd52ebed0e930cffc7a6,2023-24,2024-04-06,Wolverhampton Wanderers,West Ham United,T Harrington,11,7,42.0,45.0,1.4,1.4516129032258065,4.0,4.0,6,21.166666666666668,3.5,303,22.2013201320132,4.2838283828382835,10.831683168316832,3.227722772277228
0e0683397e724195a478,2023-24,2024-04-20,Wolverhampton Wanderers,Arsenal,P Tierney,11,2,43.0,71.0,1.34375,2.21875,7.0,6.0,21,21.904761904761905,3.3333333333333335,323,22.19814241486068,4.25077399380805,10.907120743034056,3.238390092879257
c569fd3f219f02be7753,2023-24,2024-04-24,Wolverhampton Wanderers,Bournemouth,S Attwell,11,13,43.0,42.0,1.303030303030303,1.2727272727272727,4.0,3.0,14,20.142857142857142,4.5,331,22.16616314199396,4.238670694864048,10.842900302114804,3.2658610271903323
159757ac11ddf90cb20a,2023-24,2024-04-27,Wolverhampton Wanderers,Luton,D Coote,12,18,43.0,25.0,1.2647058823529411,0.7352941176470589,3.0,7.0,14,24.285714285714285,5.214285714285714,336,22.133928571428573,4.226190476190476,10.880952380952381,3.261904761904762
1aaf53d72d290d5eda31,2023-24,2024-05-11,Wolverhampton Wanderers,Crystal Palace,T Bramall,12,15,46.0,43.0,1.2777777777777777,1.1944444444444444,7.0,5.0,10,24.6,4.9,357,22.11764705882353,4.159663865546219,10.876750700280112,3.2661064425770308
4b8a3ea6cf92b0ffc70e,2024-25,2024-08-17,Arsenal,Wolverhampton Wanderers,J Gillett,2,19,0.0,0.0,,,,,0,,,1,22.0,5.0,15.0,1.0
13421664726e2a371ec4,2024-25,2024-08-31,Arsenal,Brighton & Hove Albion,C Kavanagh,3,2,6.0,6.0,3.0,3.0,7.0,7.0,1,23.0,2.0,20,24.35,3.8,11.0,2.65
507c9876097a41303059,2024-25,2024-09-28,Arsenal,Leicester,S Barrott,4,15,11.0,3.0,2.2,0.6,6.0,7.0,4,26.25,6.5,50,23.56,5.14,10.64,2.72
0d4fd39c73eb475696b5,2024-25,2024-10-05,Arsenal,Southampton,T Harrington,3,19,14.0,1.0,2.3333333333333335,0.16666666666666666,7.0,5.0,3,25.666666666666668,3.6666666666666665,60,23.5,5.25,10.816666666666666,2.8333333333333335
ee42e0f64fc747812698,2024-25,2024-10-27,Arsenal,Liverpool,A Taylor,4,2,17.0,21.0,2.125,2.625,8.0,7.0,7,21.142857142857142,5.0,86,22.662790697674417,5.093023255813954,11.290697674418604,2.9069767441860463
c824ac5097ea646b3d99,2024-25,2024-11-23,Arsenal,Nottingham Forest,S Hooper,4,5,19.0,19.0,1.7272727272727273,1.7272727272727273,13.0,13.0,5,22.6,5.8,110,22.80909090909091,4.990909090909091,11.154545454545454,2.8545454545454545
366feb81e9190b85b676,2024-25,2024-12-04,Arsenal,Manchester United,S Barrott,2,9,25.0,19.0,1.9230769230769231,1.4615384615384615,4.0,3.0,8,22.875,6.125,132,22.727272727272727,4.840909090909091,11.113636363636363,2.909090909090909
103b02a9b8638534cb92,2024-25,2024-12-14,Arsenal,Everton,C Pawson,3,15,29.0,14.0,1.9333333333333333,1.0,6.0,10.0,8,24.25,4.125,149,22.651006711409394,4.738255033557047,11.174496644295303,3.0134228187919465
d258fb22c900c39e641f,2024-25,2024-12-27,Arsenal,Ipswich,D England,4,19,33.0,12.0,1.9411764705882353,0.7058823529411765,6.0,6.0,7,23.714285714285715,4.571428571428571,177,22.559322033898304,4.598870056497175,10.954802259887005,2.983050847457627
9e91c587ed6d1aad2a75,2024-25,2025-01-15,Arsenal,Tottenham,S Hooper,3,13,40.0,24.0,2.0,1.2,11.0,11.0,11,20.181818181818183,4.636363636363637,203,22.408866995073893,4.467980295566503,10.77832512315271,2.9950738916256157
9a5089f65023df089e57,2024-25,2025-01-18,Arsenal,Aston Villa,C Kavanagh,2,7,43.0,35.0,2.0476190476190474,1.6666666666666667,3.0,3.0,13,20.76923076923077,4.384615384615385,209,22.39712918660287,4.421052631578948,10.751196172248804,2.9808612440191387
f2d47a587223227036ef,2024-25,2025-02-02,Arsenal,Manchester City,P Bankes,2,4,47.0,41.0,2.0434782608695654,1.7826086956521738,8.0,8.0,14,19.357142857142858,4.0,235,22.361702127659573,4.374468085106383,10.574468085106384,3.029787234042553
36399cc53d11c10cfce5,2024-25,2025-02-22,Arsenal,West Ham United,C Pawson,2,16,53.0,27.0,2.12,1.08,7.0,7.0,15,22.733333333333334,4.133333333333334,252,22.28968253968254,4.253968253968254,10.575396825396826,3.0277777777777777
40adf861f2ca0eebfcbc,2024-25,2025-03-16,Arsenal,Chelsea,C Kavanagh,2,4,55.0,49.0,1.9642857142857142,1.75,7.0,7.0,17,21.294117647058822,4.470588235294118,286,22.248251748251747,4.143356643356643,10.458041958041958,2.9965034965034967
1c051feb086d745cac26,2024-25,2025-04-01,Arsenal,Fulham,J Brooks,2,8,58.0,45.0,2.0,1.5517241379310345,16.0,16.0,13,23.53846153846154,5.461538461538462,289,22.217993079584776,4.1280276816609,10.453287197231834,2.986159169550173
a608e882f5ff8fa49982,2024-25,2025-04-12,Arsenal,Brentford,S Hooper,2,12,62.0,42.0,2.0,1.3548387096774193,7.0,6.0,19,20.210526315789473,4.7368421052631575,309,22.297734627831716,4.110032362459547,10.346278317152104,2.9449838187702264
4c70adeb9654c2c335c5,2024-25,2025-04-23,Arsenal,Crystal Palace,M Salisbury,2,12,66.0,44.0,2.0,1.3333333333333333,3.0,4.0,12,23.0,3.0833333333333335,331,22.199395770392748,4.111782477341389,10.389728096676738,2.9637462235649545
6c19453db5a5668145fc,2024-25,2025-05-03,Arsenal,Bournemouth,J Gillett,2,10,67.0,50.0,1.9705882352941178,1.4705882352941178,10.0,6.0,13,22.615384615384617,4.384615384615385,341,22.134897360703814,4.0821114369501466,10.392961876832844,2.964809384164223
97a51e6d338ee34b7d56,2024-25,2025-05-18,Arsenal,Newcastle United,S Hooper,2,3,68.0,66.0,1.8888888888888888,1.8333333333333333,7.0,7.0,22,19.727272727272727,4.636363636363637,362,22.162983425414364,4.088397790055248,10.334254143646408,2.93646408839779
92879e61febc38d792e0,2024-25,2024-08-24,Aston Villa,Arsenal,M Oliver,5,2,3.0,3.0,3.0,3.0,7.0,7.0,1,25.0,4.0,10,24.6,3.8,10.7,2.1
cd370b6a0957267aee09,2024-25,2024-09-14,Aston Villa,Everton,C Pawson,7,20,6.0,0.0,2.0,0.0,14.0,14.0,2,26.5,4.5,30,23.5,4.4,11.0,2.7666666666666666
3f08e25117e4110c3ee8,2024-25,2024-09-21,Aston Villa,Wolverhampton Wanderers,T Robinson,5,18,9.0,1.0,2.25,0.25,7.0,6.0,2,30.0,4.5,40,23.625,4.925,10.625,2.65
6fd69feb5a7eebf6d1a4,2024-25,2024-10-06,Aston Villa,Manchester United,R Jones,5,14,13.0,7.0,2.1666666666666665,1.1666666666666667,7.0,7.0,4,25.0,5.5,67,23.104477611940297,5.08955223880597,10.850746268656716,2.8955223880597014
8c6b8b092751d4f2b9e3,2024-25,2024-10-26,Aston Villa,Bournemouth,A Madley,4,11,17.0,11.0,2.125,1.375,7.0,7.0,3,22.666666666666668,4.0,81,22.839506172839506,5.098765432098766,11.246913580246913,2.888888888888889
22c6085b4aab0b4df038,2024-25,2024-11-23,Aston Villa,Crystal Palace,T Robinson,9,18,18.0,7.0,1.6363636363636365,0.6363636363636364,14.0,14.0,5,25.8,5.8,110,22.80909090909091,4.990909090909091,11.154545454545454,2.8545454545454545
bd0b7cac2db0991fc945,2024-25,2024-12-04,Aston Villa,Brentford,L Smith,12,8,19.0,20.0,1.4615384615384615,1.5384615384615385,3.0,4.0,2,23.5,3.0,132,22.727272727272727,4.840909090909091,11.113636363636363,2.909090909090909
b8f89ff90f9d1ab9dda2,2024-25,2024-12-07,Aston Villa,Southampton,D Bond,8,20,22.0,5.0,1.5714285714285714,0.35714285714285715,3.0,3.0,6,22.5,4.666666666666667,140,22.65,4.792857142857143,11.142857142857142,2.9571428571428573
d066471020c8d296310d,2024-25,2024-12-21,Aston Villa,Manchester City,P Bankes,7,5,25.0,27.0,1.5625,1.6875,7.0,6.0,9,18.22222222222222,3.6666666666666665,159,22.471698113207548,4.654088050314465,11.125786163522013,3.018867924528302
7804ce50ce2f5b4d2955,2024-25,2024-12-30,Aston Villa,Brighton & Hove Albion,C Pawson,9,10,28.0,26.0,1.5555555555555556,1.4444444444444444,4.0,3.0,11,23.272727272727273,4.090909090909091,185,22.518918918918917,4.52972972972973,10.875675675675677,2.9675675675675675
cdb45ddd3e45b5e2c64a,2024-25,2025-01-04,Aston Villa,Leicester,J Gillett,9,19,29.0,14.0,1.5263157894736843,0.7368421052631579,5.0,6.0,4,25.0,6.5,189,22.423280423280424,4.529100529100529,10.846560846560847,2.9682539682539684
0b042698543fba3baa8b,2024-25,2025-01-26,Aston Villa,West Ham United,P Bankes,8,14,36.0,26.0,1.6363636363636365,1.1818181818181819,8.0,8.0,13,18.615384615384617,3.923076923076923,225,22.315555555555555,4.386666666666667,10.666666666666666,3.031111111111111
40272d27158319ed1392,2024-25,2025-02-15,Aston Villa,Ipswich,R Jones,9,19,37.0,16.0,1.5416666666666667,0.6666666666666666,14.0,14.0,14,26.214285714285715,4.785714285714286,241,22.34439834024896,4.340248962655601,10.535269709543568,3.037344398340249
cb04b6f36a90f2def0cb,2024-25,2025-02-19,Aston Villa,Liverpool,C Pawson,9,1,38.0,60.0,1.52,2.4,4.0,3.0,14,23.357142857142858,4.357142857142857,250,22.332,4.268,10.56,3.02
e990e67be559bcd67895,2024-25,2025-02-22,Aston Villa,Chelsea,M Oliver,9,6,39.0,43.0,1.5,1.72,3.0,8.0,19,22.57894736842105,4.684210526315789,252,22.28968253968254,4.253968253968254,10.575396825396826,3.0277777777777777
bfd7a5e741155349f498,2024-25,2025-04-05,Aston Villa,Nottingham Forest,S Hooper,7,3,48.0,57.0,1.6,1.9,3.0,4.0,18,20.11111111111111,4.777777777777778,299,22.210702341137125,4.137123745819398,10.384615384615385,2.9531772575250836
cfa104a47e1e8aa6f177,2024-25,2025-04-19,Aston Villa,Newcastle United,J Gillett,7,3,54.0,59.0,1.6875,1.84375,7.0,3.0,12,22.75,4.416666666666667,320,22.24375,4.10625,10.384375,2.971875
aeaffc99a49c105d1268,2024-25,2025-05-03,Aston Villa,Fulham,R Jones,7,8,57.0,51.0,1.6764705882352942,1.5,11.0,7.0,20,25.1,4.2,341,22.134897360703814,4.0821114369501466,10.392961876832844,2.964809384164223
2c6c0bc906622fa1a6a0,2024-25,2025-05-16,Aston Villa,Tottenham,P Bankes,6,17,63.0,38.0,1.75,1.0555555555555556,6.0,5.0,22,20.227272727272727,3.727272727272727,360,22.17222222222222,4.083333333333333,10.338888888888889,2.9444444444444446
091d7bc0171562434782,2024-25,2024-08-25,Bournemouth,Newcastle United,D Coote,13,9,1.0,3.0,1.0,3.0,8.0,8.0,0,,,17,24.529411764705884,3.6470588235294117,10.588235294117647,2.411764705882353
fc9ebf99efbe951045ea,2024-25,2024-09-14,Bournemouth,Chelsea,A Taylor,8,11,5.0,4.0,1.6666666666666667,1.3333333333333333,14.0,13.0,3,20.333333333333332,2.3333333333333335,30,23.5,4.4,11.0,2.7666666666666666
000fa9ff79966a897e61,2024-25,2024-09-30,Bournemouth,Southampton,M Oliver,13,19,5.0,1.0,1.0,0.2,9.0,9.0,5,19.8,5.6,59,23.372881355932204,5.220338983050848,10.813559322033898,2.8135593220338984
efab39dab365033ed3d6,2024-25,2024-10-19,Bournemouth,Arsenal,R Jones,13,3,8.0,17.0,1.1428571428571428,2.4285714285714284,14.0,14.0,5,24.6,5.6,70,23.114285714285714,5.128571428571429,10.871428571428572,2.8714285714285714
e21489c412ff2bcf2509,2024-25,2024-11-02,Bournemouth,Manchester City,M Oliver,11,1,12.0,23.0,1.3333333333333333,2.5555555555555554,7.0,7.0,8,21.75,5.375,90,22.744444444444444,5.166666666666667,11.255555555555556,2.9
6b395985e966b6a966a1,2024-25,2024-11-23,Bournemouth,Brighton & Hove Albion,S Attwell,12,6,15.0,19.0,1.3636363636363635,1.7272727272727273,14.0,14.0,6,17.5,4.0,110,22.80909090909091,4.990909090909091,11.154545454545454,2.8545454545454545
30ac66a4a327c0ea7fe9,2024-25,2024-12-05,Bournemouth,Tottenham,S Hooper,13,8,18.0,20.0,1.3846153846153846,1.5384615384615385,5.0,4.0,6,20.666666666666668,5.666666666666667,138,22.702898550724637,4.804347826086956,11.123188405797102,2.963768115942029
8cb59017cb316d07c47a,2024-25,2024-12-16,Bournemouth,West Ham United,C Kavanagh,7,14,24.0,18.0,1.6,1.2,8.0,7.0,9,20.555555555555557,4.888888888888889,158,22.50632911392405,4.670886075949367,11.082278481012658,3.0253164556962027
ec68da85306f60919e74,2024-25,2024-12-26,Bournemouth,Crystal Palace,T Bramall,5,16,28.0,16.0,1.6470588235294117,0.9411764705882353,4.0,5.0,2,24.5,5.5,169,22.532544378698226,4.621301775147929,11.029585798816568,3.029585798816568
25b253d7cadc9a3d290d,2024-25,2025-01-04,Bournemouth,Everton,J Brooks,7,16,30.0,17.0,1.5789473684210527,0.9444444444444444,6.0,6.0,8,23.75,6.0,189,22.423280423280424,4.529100529100529,10.846560846560847,2.9682539682539684
ac21cd8acdadf7b65840,2024-25,2025-01-25,Bournemouth,Nottingham Forest,C Pawson,7,3,37.0,44.0,1.6818181818181819,2.0,7.0,6.0,13,23.53846153846154,4.3076923076923075,219,22.378995433789953,4.410958904109589,10.721461187214611,3.0228310502283104
f9f4efaec7ae2579aa3e,2024-25,2025-02-01,Bournemouth,Liverpool,D England,7,1,40.0,53.0,1.7391304347826086,2.409090909090909,7.0,7.0,10,23.6,3.9,229,22.30131004366812,4.379912663755459,10.615720524017467,3.017467248908297
c0637de2814ecd1310ed,2024-25,2025-02-22,Bournemouth,Wolverhampton Wanderers,M Salisbury,5,17,43.0,19.0,1.72,0.76,7.0,6.0,8,21.875,3.25,252,22.28968253968254,4.253968253968254,10.575396825396826,3.0277777777777777
fa0ad98f46a8222fbc63,2024-25,2025-03-15,Bournemouth,Brentford,C Pawson,9,12,44.0,38.0,1.5714285714285714,1.3571428571428572,6.0,7.0,16,23.25,4.125,281,22.281138790035588,4.1637010676156585,10.494661921708184,2.98576512455516
465230139add89da44d0,2024-25,2025-04-02,Bournemouth,Ipswich,R Jones,10,18,44.0,17.0,1.5172413793103448,0.5862068965517241,18.0,18.0,17,25.11764705882353,4.352941176470588,292,22.184931506849313,4.13013698630137,10.431506849315069,2.9726027397260273
776ed6d2730307f231fd,2024-25,2025-04-14,Bournemouth,Fulham,O Oliver,10,8,45.0,48.0,1.4516129032258065,1.5483870967741935,9.0,8.0,0,,,318,22.242138364779873,4.10062893081761,10.374213836477987,2.9716981132075473
beec82698db68a88d05f,2024-25,2025-04-27,Bournemouth,Manchester United,P Bankes,10,15,49.0,38.0,1.4848484848484849,1.1515151515151516,8.0,7.0,20,20.2,3.8,337,22.136498516320476,4.080118694362018,10.388724035608309,2.9673590504451037
f71f4f84d4f32bb8d63c,2024-25,2025-05-10,Bournemouth,Aston Villa,S Attwell,8,7,53.0,60.0,1.5142857142857142,1.7142857142857142,7.0,7.0,18,19.88888888888889,3.611111111111111,350,22.19142857142857,4.1,10.334285714285715,2.9657142857142857
dd7fd630d79d192ec295,2024-25,2025-05-25,Bournemouth,Leicester,L Smith,11,18,53.0,25.0,1.4324324324324325,0.6756756756756757,5.0,7.0,6,23.666666666666668,4.0,370,22.11891891891892,4.091891891891892,10.308108108108108,2.9486486486486485
8d6d66aa23ffdd9ade87,2024-25,2024-08-18,Brentford,Crystal Palace,S Barrott,9,11,0.0,0.0,,,,,0,,,7,25.857142857142858,4.0,10.571428571428571,2.0
c3b22e87ae6df2271953,2024-25,2024-08-31,Brentford,Southampton,J Smith,13,16,3.0,0.0,1.5,0.0,6.0,7.0,0,,,20,24.35,3.8,11.0,2.65
240337ade6aafa94ff78,2024-25,2024-09-28,Brentford,West Ham United,S Hooper,12,14,6.0,4.0,1.2,0.8,7.0,7.0,2,24.5,4.5,50,23.56,5.14,10.64,2.72
f2d3c9be6508b1042ee8,2024-25,2024-10-05,Brentford,Wolverhampton Wanderers,A Madley,12,20,7.0,1.0,1.1666666666666667,0.16666666666666666,7.0,7.0,1,24.0,3.0,60,23.5,5.25,10.816666666666666,2.8333333333333335
46b413c39662e46a16c8,2024-25,2024-10-26,Brentford,Ipswich,L Smith,13,17,10.0,4.0,1.25,0.5,7.0,7.0,1,30.0,5.0,81,22.839506172839506,5.098765432098766,11.246913580246913,2.888888888888889
821b2cebaa0649c130aa,2024-25,2024-11-09,Brentford,Bournemouth,D Bond,12,10,13.0,15.0,1.3,1.5,5.0,7.0,4,23.25,5.25,100,22.85,5.09,11.34,2.88
54e0029948dc74548e5e,2024-25,2024-11-30,Brentford,Leicester,M Oliver,11,16,17.0,10.0,1.4166666666666667,0.8333333333333334,7.0,7.0,10,21.5,5.2,121,22.818181818181817,4.900826446280992,11.107438016528926,2.8677685950413223
456f310919e84106ec74,2024-25,2024-12-07,Brentford,Newcastle United,T Robinson,11,12,20.0,20.0,1.4285714285714286,1.4285714285714286,3.0,3.0,6,25.0,5.666666666666667,140,22.65,4.792857142857143,11.142857142857142,2.9571428571428573
f4e38bf9778e1062dc50,2024-25,2024-12-21,Brentford,Nottingham Forest,M Oliver,11,4,23.0,28.0,1.4375,1.75,6.0,7.0,13,21.692307692307693,5.0,159,22.471698113207548,4.654088050314465,11.125786163522013,3.018867924528302
289c271282f4768a0d4a,2024-25,2025-01-01,Brentford,Arsenal,P Bankes,12,3,24.0,36.0,1.3333333333333333,2.0,5.0,5.0,10,18.5,3.9,188,22.46808510638298,4.537234042553192,10.867021276595745,2.9627659574468086
8bedeefaf5d6e80db912,2024-25,2025-01-14,Brentford,Manchester City,A Taylor,11,6,27.0,34.0,1.35,1.7,10.0,10.0,18,22.555555555555557,3.611111111111111,199,22.44221105527638,4.4874371859296485,10.829145728643216,2.979899497487437
fe8053def36f8ad887c6,2024-25,2025-01-18,Brentford,Liverpool,A Madley,11,1,28.0,47.0,1.3333333333333333,2.35,4.0,4.0,10,23.6,5.2,209,22.39712918660287,4.421052631578948,10.751196172248804,2.9808612440191387
870d020839899d8405da,2024-25,2025-02-02,Brentford,Tottenham,J Gillett,11,16,31.0,24.0,1.3478260869565217,1.0434782608695652,7.0,7.0,5,24.2,5.4,235,22.361702127659573,4.374468085106383,10.574468085106384,3.029787234042553
0065d8e025db6a515e61,2024-25,2025-02-26,Brentford,Everton,S Hooper,11,14,37.0,31.0,1.4230769230769231,1.1923076923076923,5.0,4.0,15,21.2,4.6,265,22.358490566037737,4.222641509433962,10.558490566037737,3.0452830188679245
811f37e87bb3ff9c6e5d,2024-25,2025-03-08,Brentford,Aston Villa,J Gillett,11,10,38.0,42.0,1.4074074074074074,1.5,10.0,11.0,9,23.88888888888889,4.444444444444445,271,22.339483394833948,4.191881918819188,10.527675276752767,3.022140221402214
12348e5b970f198f8ed7,2024-25,2025-04-06,Brentford,Chelsea,M Oliver,12,4,41.0,52.0,1.3666666666666667,1.7333333333333334,4.0,3.0,21,23.142857142857142,4.571428571428571,304,22.276315789473685,4.125,10.37171052631579,2.9539473684210527
96d2e697709fc9d2ee20,2024-25,2025-04-19,Brentford,Brighton & Hove Albion,T Robinson,11,10,43.0,48.0,1.34375,1.5,7.0,7.0,13,23.846153846153847,4.461538461538462,320,22.24375,4.10625,10.384375,2.971875
043067b9c89c5fe9b6e4,2024-25,2025-05-04,Brentford,Manchester United,A Taylor,11,15,49.0,39.0,1.4411764705882353,1.1470588235294117,3.0,7.0,27,21.444444444444443,2.962962962962963,345,22.16231884057971,4.089855072463768,10.368115942028986,2.9594202898550726
11187115c771a4197504,2024-25,2025-05-18,Brentford,Fulham,J Gillett,8,11,55.0,51.0,1.5277777777777777,1.4166666666666667,8.0,8.0,15,22.2,4.0,362,22.162983425414364,4.088397790055248,10.334254143646408,2.93646408839779
d1f8a476dab9e0960636,2024-25,2024-08-24,Brighton & Hove Albion,Manchester United,C Pawson,1,7,3.0,3.0,3.0,3.0,7.0,8.0,1,31.0,6.0,10,24.6,3.8,10.7,2.1
912e32cae79f2b554d2b,2024-25,2024-09-14,Brighton & Hove Albion,Ipswich,S Barrott,3,17,7.0,1.0,2.3333333333333335,0.3333333333333333,14.0,14.0,2,24.5,6.0,30,23.5,4.4,11.0,2.7666666666666666
53ca915ea4ceb339a7b8,2024-25,2024-09-22,Brighton & Hove Albion,Nottingham Forest,R Jones,7,9,8.0,8.0,2.0,2.0,8.0,8.0,3,25.666666666666668,5.0,48,23.708333333333332,5.0625,10.666666666666666,2.6666666666666665
94ffe859182cbc970be8,2024-25,2024-10-06,Brighton & Hove Albion,Tottenham,D Coote,10,8,9.0,10.0,1.5,1.6666666666666667,8.0,7.0,3,26.666666666666668,5.666666666666667,67,23.104477611940297,5.08955223880597,10.850746268656716,2.8955223880597014
44d17d6a0d610b7b7d0c,2024-25,2024-10-26,Brighton & Hove Albion,Wolverhampton Wanderers,M Oliver,6,20,15.0,1.0,1.875,0.125,7.0,6.0,7,21.714285714285715,5.285714285714286,81,22.839506172839506,5.098765432098766,11.246913580246913,2.888888888888889
7928fcde7ef73f0528db,2024-25,2024-11-09,Brighton & Hove Albion,Manchester City,S Barrott,8,2,16.0,23.0,1.6,2.3,7.0,7.0,6,23.5,6.0,100,22.85,5.09,11.34,2.88
1c8aeca1de557db1b45f,2024-25,2024-11-29,Brighton & Hove Albion,Southampton,R Jones,5,20,22.0,4.0,1.8333333333333333,0.3333333333333333,6.0,5.0,8,25.875,5.125,120,22.708333333333332,4.891666666666667,11.091666666666667,2.875
1067d5c43b28958e959a,2024-25,2024-12-15,Brighton & Hove Albion,Crystal Palace,M Oliver,7,17,24.0,13.0,1.6,0.8666666666666667,7.0,8.0,12,21.333333333333332,5.0,154,22.532467532467532,4.707792207792208,11.090909090909092,3.0064935064935066
561a54ebf34dc9b1d56f,2024-25,2024-12-27,Brighton & Hove Albion,Brentford,A Madley,10,12,25.0,23.0,1.4705882352941178,1.3529411764705883,6.0,6.0,7,25.571428571428573,6.428571428571429,177,22.559322033898304,4.598870056497175,10.954802259887005,2.983050847457627
4414464725687b6cc06f,2024-25,2025-01-04,Brighton & Hove Albion,Arsenal,A Taylor,10,2,27.0,39.0,1.4210526315789473,2.0526315789473686,5.0,3.0,17,22.058823529411764,3.5294117647058822,189,22.423280423280424,4.529100529100529,10.846560846560847,2.9682539682539684
5f6ceddf5cf98bee6df1,2024-25,2025-01-25,Brighton & Hove Albion,Everton,T Robinson,9,16,34.0,20.0,1.5454545454545454,0.9523809523809523,6.0,6.0,9,23.444444444444443,4.777777777777778,219,22.378995433789953,4.410958904109589,10.721461187214611,3.0228310502283104
39bf6cc1e9fb89758456,2024-25,2025-02-14,Brighton & Hove Albion,Chelsea,K Kavanagh,10,4,34.0,43.0,1.4166666666666667,1.7916666666666667,13.0,11.0,0,,,240,22.325,4.345833333333333,10.533333333333333,3.0375
59d8d8808e7a60471585,2024-25,2025-02-25,Brighton & Hove Albion,Bournemouth,M Oliver,9,6,40.0,43.0,1.5384615384615385,1.6538461538461537,3.0,3.0,20,23.0,4.65,261,22.344827586206897,4.233716475095785,10.57088122605364,3.0344827586206895
96b5795a0186264f1aef,2024-25,2025-03-08,Brighton & Hove Albion,Fulham,S Barrott,8,9,43.0,42.0,1.5925925925925926,1.5555555555555556,11.0,11.0,17,21.41176470588235,4.294117647058823,271,22.339483394833948,4.191881918819188,10.527675276752767,3.022140221402214
7c2787f256bcf380dc04,2024-25,2025-04-02,Brighton & Hove Albion,Aston Villa,S Attwell,7,9,47.0,45.0,1.6206896551724137,1.5517241379310345,18.0,25.0,15,19.666666666666668,3.6,292,22.184931506849313,4.13013698630137,10.431506849315069,2.9726027397260273
15660a362eefdc7798f5,2024-25,2025-04-12,Brighton & Hove Albion,Leicester,D Bond,9,19,47.0,17.0,1.5161290322580645,0.5483870967741935,7.0,5.0,12,23.083333333333332,4.0,309,22.297734627831716,4.110032362459547,10.346278317152104,2.9449838187702264
71b1c8ff2b598bd25e25,2024-25,2025-04-26,Brighton & Hove Albion,West Ham United,D England,10,17,48.0,36.0,1.4545454545454546,1.0909090909090908,7.0,7.0,16,23.8125,4.25,332,22.162650602409638,4.105421686746988,10.385542168674698,2.966867469879518
c7354098cb25de605b94,2024-25,2025-05-04,Brighton & Hove Albion,Newcastle United,C Pawson,10,4,51.0,62.0,1.5,1.8235294117647058,8.0,8.0,20,22.8,4.4,345,22.16231884057971,4.089855072463768,10.368115942028986,2.9594202898550726
5f94ae890443fb42f0f5,2024-25,2025-05-19,Brighton & Hove Albion,Liverpool,J Brooks,9,1,55.0,83.0,1.5277777777777777,2.3055555555555554,9.0,8.0,16,22.625,5.3125,367,22.138964577656676,4.1035422343324255,10.337874659400544,2.931880108991826
ceb89c6b965000bb9f36,2024-25,2024-08-18,Chelsea,Manchester City,A Taylor,10,13,0.0,0.0,,,,,0,,,7,25.857142857142858,4.0,10.571428571428571,2.0
a475524798b54471285c,2024-25,2024-09-01,Chelsea,Crystal Palace,J Gillett,12,18,3.0,0.0,1.5,0.0,7.0,8.0,1,31.0,4.0,27,23.703703703703702,4.185185185185185,10.925925925925926,2.7777777777777777
0930b2a5b3e644f1fded,2024-25,2024-09-28,Chelsea,Brighton & Hove Albion,P Bankes,5,7,10.0,9.0,2.0,1.8,7.0,6.0,1,24.0,6.0,50,23.56,5.14,10.64,2.72
3728c39b16301262f829,2024-25,2024-10-06,Chelsea,Nottingham Forest,C Kavanagh,4,11,13.0,9.0,2.1666666666666665,1.5,8.0,8.0,4,23.75,5.25,67,23.104477611940297,5.08955223880597,10.850746268656716,2.8955223880597014
b13c5f95a3a9214f6323,2024-25,2024-10-27,Chelsea,Newcastle United,S Hooper,7,12,14.0,12.0,1.75,1.5,7.0,8.0,4,21.0,5.0,86,22.662790697674417,5.093023255813954,11.290697674418604,2.9069767441860463
8c08e64198431df192d8,2024-25,2024-11-10,Chelsea,Arsenal,M Oliver,5,6,18.0,18.0,1.8,1.8,7.0,8.0,9,21.22222222222222,5.111111111111111,106,22.858490566037737,5.037735849056604,11.235849056603774,2.849056603773585
6ca7af4907a2a6df0847,2024-25,2024-12-01,Chelsea,Aston Villa,S Attwell,5,9,22.0,19.0,1.8333333333333333,1.5833333333333333,8.0,8.0,7,18.285714285714285,4.0,126,22.785714285714285,4.880952380952381,11.142857142857142,2.9206349206349205
32e0d8659c3b71f3152f,2024-25,2024-12-15,Chelsea,Brentford,P Bankes,2,10,31.0,23.0,2.066666666666667,1.5333333333333334,7.0,8.0,8,18.25,3.875,154,22.532467532467532,4.707792207792208,11.090909090909092,3.0064935064935066
747423896338f54d44f9,2024-25,2024-12-26,Chelsea,Fulham,S Barrott,2,9,35.0,25.0,2.0588235294117645,1.4705882352941178,4.0,4.0,11,21.545454545454547,5.181818181818182,169,22.532544378698226,4.621301775147929,11.029585798816568,3.029585798816568
ad469a9572c4ff928c85,2024-25,2025-01-14,Chelsea,Bournemouth,R Jones,4,7,36.0,33.0,1.8,1.65,10.0,10.0,12,26.166666666666668,4.666666666666667,199,22.44221105527638,4.4874371859296485,10.829145728643216,2.979899497487437
0f6411017486dc05c6b9,2024-25,2025-01-20,Chelsea,Wolverhampton Wanderers,S Hooper,6,17,37.0,16.0,1.7619047619047619,0.7619047619047619,6.0,5.0,12,20.583333333333332,4.583333333333333,218,22.380733944954127,4.4036697247706424,10.729357798165138,3.018348623853211
3af7a65e3052f96981a8,2024-25,2025-02-03,Chelsea,West Ham United,S Attwell,6,15,40.0,27.0,1.7391304347826086,1.173913043478261,9.0,8.0,12,19.083333333333332,3.8333333333333335,238,22.30252100840336,4.348739495798319,10.571428571428571,3.033613445378151
d1e0245b680bd04e9d89,2024-25,2025-02-25,Chelsea,Southampton,T Bramall,7,20,43.0,9.0,1.6538461538461537,0.34615384615384615,3.0,3.0,5,23.6,3.2,261,22.344827586206897,4.233716475095785,10.57088122605364,3.0344827586206895
55b7db40f30ef7a37200,2024-25,2025-03-09,Chelsea,Leicester,T Robinson,5,19,46.0,17.0,1.7037037037037037,0.6296296296296297,12.0,10.0,11,23.545454545454547,4.818181818181818,277,22.252707581227437,4.191335740072202,10.498194945848375,3.0
c24ee2c5b7c108d178ff,2024-25,2025-04-03,Chelsea,Tottenham,C Pawson,6,14,49.0,34.0,1.6896551724137931,1.1724137931034482,18.0,18.0,17,23.058823529411764,4.0588235294117645,298,22.20805369127517,4.117449664429531,10.385906040268456,2.959731543624161
f7be52f6fac82d1590a6,2024-25,2025-04-13,Chelsea,Ipswich,S Attwell,6,18,53.0,20.0,1.7096774193548387,0.6451612903225806,7.0,8.0,16,20.125,3.625,314,22.25796178343949,4.117834394904459,10.359872611464969,2.9522292993630574
77ad6207d1c3cb1320dd,2024-25,2025-04-26,Chelsea,Everton,C Kavanagh,6,13,57.0,38.0,1.7272727272727273,1.1515151515151516,6.0,7.0,21,20.80952380952381,4.142857142857143,332,22.162650602409638,4.105421686746988,10.385542168674698,2.966867469879518
852dab646e83efe43b59,2024-25,2025-05-04,Chelsea,Liverpool,S Hooper,5,1,60.0,82.0,1.7647058823529411,2.411764705882353,8.0,7.0,21,19.666666666666668,4.666666666666667,345,22.16231884057971,4.089855072463768,10.368115942028986,2.9594202898550726
96026f9680d350aeebdd,2024-25,2025-05-16,Chelsea,Manchester United,C Kavanagh,5,16,63.0,39.0,1.75,1.0833333333333333,5.0,5.0,23,20.91304347826087,3.869565217391304,360,22.17222222222222,4.083333333333333,10.338888888888889,2.9444444444444446
70210ce9164698508307,2024-25,2024-08-24,Crystal Palace,West Ham United,R Jones,13,14,0.0,0.0,0.0,0.0,6.0,7.0,1,22.0,5.0,10,24.6,3.8,10.7,2.1
07e3ac2fd9e5c37a2490,2024-25,2024-09-14,Crystal Palace,Leicester,T Harrington,16,15,1.0,1.0,0.3333333333333333,0.3333333333333333,13.0,14.0,1,29.0,3.0,30,23.5,4.4,11.0,2.7666666666666666
39c8cb44a9e6e25cf2e3,2024-25,2024-09-21,Crystal Palace,Manchester United,D Coote,16,10,2.0,6.0,0.5,1.5,7.0,7.0,2,30.5,6.5,40,23.625,4.925,10.625,2.65
eaddeeed6956df20abe8,2024-25,2024-10-05,Crystal Palace,Liverpool,S Hooper,18,1,3.0,15.0,0.5,2.5,7.0,7.0,3,20.666666666666668,4.666666666666667,60,23.5,5.25,10.816666666666666,2.8333333333333335
b5e2bb4af6a594e47587,2024-25,2024-10-27,Crystal Palace,Tottenham,D Bond,18,8,3.0,13.0,0.375,1.625,6.0,8.0,3,21.666666666666668,4.333333333333333,86,22.662790697674417,5.093023255813954,11.290697674418604,2.9069767441860463
c87a66ba2b5e90fd3e27,2024-25,2024-11-09,Crystal Palace,Fulham,M Salisbury,17,9,7.0,15.0,0.7,1.5,7.0,5.0,1,19.0,5.0,100,22.85,5.09,11.34,2.88
4b31cb45c198a8c3e3ca,2024-25,2024-11-30,Crystal Palace,Newcastle United,D England,19,10,8.0,18.0,0.6666666666666666,1.5,7.0,5.0,4,24.25,5.0,121,22.818181818181817,4.900826446280992,11.107438016528926,2.8677685950413223
a91700170dd3ba5b62fb,2024-25,2024-12-07,Crystal Palace,Manchester City,R Jones,17,4,12.0,26.0,0.8571428571428571,1.8571428571428572,4.0,3.0,9,27.0,5.222222222222222,140,22.65,4.792857142857143,11.142857142857142,2.9571428571428573
46db46fa1ec5b14ffb55,2024-25,2024-12-21,Crystal Palace,Arsenal,S Hooper,15,3,16.0,30.0,1.0,1.875,6.0,7.0,8,21.125,5.0,159,22.471698113207548,4.654088050314465,11.125786163522013,3.018867924528302
9b25210013baf99ab905,2024-25,2024-12-29,Crystal Palace,Southampton,M Salisbury,16,20,17.0,6.0,0.9444444444444444,0.3333333333333333,3.0,3.0,4,20.0,3.0,179,22.51396648044693,4.569832402234637,10.910614525139664,2.9553072625698324
567deab140456f00f599,2024-25,2025-01-04,Crystal Palace,Chelsea,T Robinson,15,4,20.0,35.0,1.0526315789473684,1.8421052631578947,6.0,5.0,8,23.75,5.125,189,22.423280423280424,4.529100529100529,10.846560846560847,2.9682539682539684
5de9f5fc43e6f08d2762,2024-25,2025-01-26,Crystal Palace,Brentford,T Harrington,12,11,27.0,28.0,1.2272727272727273,1.2727272727272727,8.0,8.0,12,22.916666666666668,3.75,225,22.315555555555555,4.386666666666667,10.666666666666666,3.031111111111111
8d4b1b3352f3a7cc1909,2024-25,2025-02-15,Crystal Palace,Everton,A Taylor,12,15,30.0,27.0,1.25,1.125,13.0,3.0,21,21.523809523809526,3.3333333333333335,241,22.34439834024896,4.340248962655601,10.535269709543568,3.037344398340249
850564044cb5dc7c7f4f,2024-25,2025-02-25,Crystal Palace,Aston Villa,S Barrott,13,8,33.0,42.0,1.2692307692307692,1.5555555555555556,3.0,3.0,16,20.9375,4.3125,261,22.344827586206897,4.233716475095785,10.57088122605364,3.0344827586206895
3c512ba90ad1af15ca54,2024-25,2025-03-08,Crystal Palace,Ipswich,S Hooper,12,18,36.0,17.0,1.3333333333333333,0.6296296296296297,11.0,10.0,16,20.4375,4.5,271,22.339483394833948,4.191881918819188,10.527675276752767,3.022140221402214
c21dbc9f2e79d23207ed,2024-25,2025-04-05,Crystal Palace,Brighton & Hove Albion,A Taylor,12,8,40.0,47.0,1.3793103448275863,1.5666666666666667,3.0,3.0,24,21.041666666666668,3.0,299,22.210702341137125,4.137123745819398,10.384615384615385,2.9531772575250836
0365367e7679593889ca,2024-25,2025-04-19,Crystal Palace,Bournemouth,S Barrott,12,8,43.0,48.0,1.34375,1.5,3.0,5.0,19,21.05263157894737,4.157894736842105,320,22.24375,4.10625,10.384375,2.971875
87d84f9df92b188b9039,2024-25,2025-05-05,Crystal Palace,Nottingham Forest,A Madley,12,6,45.0,60.0,1.3235294117647058,1.7647058823529411,12.0,4.0,18,23.555555555555557,4.166666666666667,349,22.186246418338108,4.080229226361031,10.332378223495702,2.968481375358166
ecb2224d7e4ad12d227b,2024-25,2025-05-20,Crystal Palace,Wolverhampton Wanderers,D Webb,12,14,49.0,41.0,1.3611111111111112,1.1388888888888888,9.0,10.0,1,25.0,4.0,368,22.125,4.095108695652174,10.326086956521738,2.9375
499c59f0daca85bad574,2024-25,2024-08-17,Everton,Brighton & Hove Albion,S Hooper,9,6,0.0,0.0,,,,,0,,,1,22.0,5.0,15.0,1.0
381a7273369ba9834372,2024-25,2024-08-31,Everton,Bournemouth,S Attwell,20,14,0.0,2.0,0.0,1.0,7.0,6.0,1,17.0,5.0,20,24.35,3.8,11.0,2.65
32ed692662b304d2d15c,2024-25,2024-09-28,Everton,Crystal Palace,A Madley,19,16,1.0,3.0,0.2,0.6,7.0,7.0,0,,,50,23.56,5.14,10.64,2.72
3aa00fed1a2391931a75,2024-25,2024-10-05,Everton,Newcastle United,C Pawson,16,7,4.0,11.0,0.6666666666666666,1.8333333333333333,7.0,7.0,3,25.0,4.666666666666667,60,23.5,5.25,10.816666666666666,2.8333333333333335
0d608e355da043295302,2024-25,2024-10-26,Everton,Fulham,J Brooks,16,10,8.0,11.0,1.0,1.375,7.0,7.0,2,22.5,5.5,81,22.839506172839506,5.098765432098766,11.246913580246913,2.888888888888889
846fed34e17fe4c6c6f8,2024-25,2024-11-23,Everton,Brentford,C Kavanagh,16,11,10.0,16.0,0.9090909090909091,1.4545454545454546,14.0,14.0,6,21.833333333333332,5.666666666666667,110,22.80909090909091,4.990909090909091,11.154545454545454,2.8545454545454545
1c316889f59ebfe38e73,2024-25,2024-12-04,Everton,Wolverhampton Wanderers,M Salisbury,17,18,11.0,9.0,0.8461538461538461,0.6923076923076923,3.0,4.0,2,20.0,3.5,132,22.727272727272727,4.840909090909091,11.113636363636363,2.909090909090909
7658939b831e6113bab0,2024-25,2024-12-22,Everton,Chelsea,C Kavanagh,16,2,15.0,34.0,1.0,2.125,8.0,7.0,10,20.2,4.6,164,22.463414634146343,4.652439024390244,11.054878048780488,3.0304878048780486
a6cccdbafa154d272832,2024-25,2024-12-29,Everton,Nottingham Forest,T Harrington,15,4,17.0,34.0,1.0,1.8888888888888888,3.0,3.0,10,22.5,3.6,179,22.51396648044693,4.569832402234637,10.910614525139664,2.9553072625698324
391f532159e7d96c59b6,2024-25,2025-01-15,Everton,Aston Villa,S Barrott,16,8,17.0,32.0,0.8947368421052632,1.6,11.0,11.0,12,21.916666666666668,5.083333333333333,203,22.408866995073893,4.467980295566503,10.77832512315271,2.9950738916256157
6bf45df904910eda79c9,2024-25,2025-01-19,Everton,Tottenham,D England,16,15,17.0,24.0,0.85,1.1428571428571428,4.0,4.0,9,23.11111111111111,4.0,214,22.397196261682243,4.420560747663552,10.75233644859813,2.9813084112149535
659e2d3499aea87a19ff,2024-25,2025-02-01,Everton,Leicester,D Bond,16,17,23.0,17.0,1.0454545454545454,0.7391304347826086,7.0,6.0,9,23.77777777777778,4.777777777777778,229,22.30131004366812,4.379912663755459,10.615720524017467,3.017467248908297
b98ade36f0a67d9d3e81,2024-25,2025-02-12,Everton,Liverpool,M Oliver,16,1,26.0,56.0,1.1304347826086956,2.4347826086956523,11.0,11.0,18,22.22222222222222,4.722222222222222,239,22.297071129707113,4.347280334728033,10.556485355648535,3.0334728033472804
6f13a59b49ded5abc9ab,2024-25,2025-02-22,Everton,Manchester United,A Madley,14,15,30.0,29.0,1.2,1.16,7.0,6.0,13,23.615384615384617,4.846153846153846,252,22.28968253968254,4.253968253968254,10.575396825396826,3.0277777777777777
8ccad75a6effb3bfe628,2024-25,2025-03-15,Everton,West Ham United,D Bond,15,16,33.0,33.0,1.1785714285714286,1.1785714285714286,7.0,5.0,11,23.363636363636363,4.090909090909091,281,22.281138790035588,4.1637010676156585,10.494661921708184,2.98576512455516
30a0c4d950bb49f63a20,2024-25,2025-04-05,Everton,Arsenal,D England,15,2,34.0,61.0,1.1333333333333333,2.033333333333333,3.0,4.0,14,23.357142857142858,4.214285714285714,299,22.210702341137125,4.137123745819398,10.384615384615385,2.9531772575250836
0d962805963ff0423ed0,2024-25,2025-04-19,Everton,Manchester City,S Hooper,13,5,38.0,55.0,1.1875,1.71875,7.0,7.0,20,20.0,4.7,320,22.24375,4.10625,10.384375,2.971875
cde56882ed86806f66c5,2024-25,2025-05-03,Everton,Ipswich,L Smith,15,18,38.0,21.0,1.1176470588235294,0.6176470588235294,7.0,7.0,5,23.0,3.2,341,22.134897360703814,4.0821114369501466,10.392961876832844,2.964809384164223
ce658cf4e0d441d208f8,2024-25,2025-05-18,Everton,Southampton,M Oliver,13,20,42.0,12.0,1.1666666666666667,0.3333333333333333,8.0,8.0,24,23.458333333333332,4.416666666666667,362,22.162983425414364,4.088397790055248,10.334254143646408,2.93646408839779
e2c9013e59cc4570a453,2024-25,2024-08-24,Fulham,Leicester,D Bond,15,10,0.0,1.0,0.0,1.0,8.0,5.0,0,,,10,24.6,3.8,10.7,2.1
722144bae21df1d7be74,2024-25,2024-09-14,Fulham,West Ham United,T Robinson,12,13,4.0,3.0,1.3333333333333333,1.0,14.0,14.0,1,27.0,4.0,30,23.5,4.4,11.0,2.7666666666666666
b6976d9c682c70f34b25,2024-25,2024-09-21,Fulham,Newcastle United,P Bankes,12,3,5.0,10.0,1.25,2.5,7.0,6.0,0,,,40,23.625,4.925,10.625,2.65
776817b1d657b300815d,2024-25,2024-10-19,Fulham,Aston Villa,D England,8,5,11.0,14.0,1.5714285714285714,2.0,14.0,13.0,2,24.5,4.0,70,23.114285714285714,5.128571428571429,10.871428571428572,2.8714285714285714
0f1ccf50e24fd8f674e6,2024-25,2024-11-04,Fulham,Brentford,S Attwell,12,11,12.0,13.0,1.3333333333333333,1.4444444444444444,9.0,9.0,4,18.25,4.5,99,22.949494949494948,5.111111111111111,11.313131313131313,2.878787878787879
ed318b510a290606badd,2024-25,2024-11-23,Fulham,Wolverhampton Wanderers,R Jones,7,19,18.0,6.0,1.6363636363636365,0.5454545454545454,14.0,14.0,7,25.571428571428573,5.428571428571429,110,22.80909090909091,4.990909090909091,11.154545454545454,2.8545454545454545
90dd584fcfd1a8959a7d,2024-25,2024-12-05,Fulham,Brighton & Hove Albion,P Bankes,12,5,19.0,23.0,1.4615384615384615,1.7692307692307692,4.0,6.0,7,18.714285714285715,3.857142857142857,138,22.702898550724637,4.804347826086956,11.123188405797102,2.963768115942029
9d91f62042abc735116d,2024-25,2024-12-08,Fulham,Arsenal,C Kavanagh,9,3,22.0,28.0,1.5714285714285714,2.0,3.0,4.0,8,20.75,4.75,144,22.625,4.729166666666667,11.13888888888889,2.986111111111111
eb3b67b5666f5f159cf8,2024-25,2024-12-22,Fulham,Southampton,T Robinson,10,20,24.0,5.0,1.5,0.3125,8.0,7.0,7,23.857142857142858,5.285714285714286,164,22.463414634146343,4.652439024390244,11.054878048780488,3.0304878048780486
2bd4fd4afccc7249b967,2024-25,2024-12-29,Fulham,Bournemouth,R Jones,8,6,28.0,29.0,1.5555555555555556,1.6111111111111112,3.0,3.0,11,26.454545454545453,4.7272727272727275,179,22.51396648044693,4.569832402234637,10.910614525139664,2.9553072625698324
97a0ba6380d5af3546fa,2024-25,2025-01-05,Fulham,Ipswich,D Bond,9,18,29.0,15.0,1.5263157894736843,0.7894736842105263,7.0,6.0,8,23.75,4.625,196,22.45408163265306,4.479591836734694,10.821428571428571,2.9693877551020407
433cab5f11ea07db13fd,2024-25,2025-01-26,Fulham,Manchester United,A Taylor,10,13,33.0,26.0,1.5,1.1818181818181819,8.0,7.0,20,21.8,3.45,225,22.315555555555555,4.386666666666667,10.666666666666666,3.031111111111111
3e07cfe8dd75d7c0b36f,2024-25,2025-02-15,Fulham,Nottingham Forest,T Bramall,10,3,36.0,47.0,1.5,1.9583333333333333,14.0,14.0,4,24.25,4.0,241,22.34439834024896,4.340248962655601,10.535269709543568,3.037344398340249
2550264aa916f39e18f2,2024-25,2025-02-22,Fulham,Crystal Palace,R Jones,8,13,39.0,30.0,1.56,1.2,7.0,7.0,15,25.666666666666668,4.666666666666667,252,22.28968253968254,4.253968253968254,10.575396825396826,3.0277777777777777
e2f534196f4b8c7cce74,2024-25,2025-03-16,Fulham,Tottenham,A Madley,10,13,42.0,34.0,1.5,1.2142857142857142,8.0,7.0,15,23.666666666666668,4.666666666666667,286,22.248251748251747,4.143356643356643,10.458041958041958,2.9965034965034967
66745bbf49d7d8060b2a,2024-25,2025-04-06,Fulham,Liverpool,C Kavanagh,10,1,45.0,73.0,1.5,2.433333333333333,5.0,4.0,18,21.38888888888889,4.555555555555555,304,22.276315789473685,4.125,10.37171052631579,2.9539473684210527
4b8876d7d12dab80d41f,2024-25,2025-04-20,Fulham,Chelsea,A Taylor,9,7,48.0,54.0,1.5,1.6875,6.0,7.0,26,21.423076923076923,2.923076923076923,325,22.215384615384615,4.116923076923077,10.375384615384615,2.9723076923076923
dd6501252014d4a371bc,2024-25,2025-05-10,Fulham,Everton,M Salisbury,11,14,51.0,39.0,1.457142857142857,1.1142857142857143,7.0,7.0,14,21.714285714285715,3.0,350,22.19142857142857,4.1,10.334285714285715,2.9657142857142857
915d70969705ea41e9ae,2024-25,2025-05-25,Fulham,Manchester City,A Madley,10,3,54.0,68.0,1.4594594594594594,1.837837837837838,7.0,5.0,19,23.57894736842105,4.526315789473684,370,22.11891891891892,4.091891891891892,10.308108108108108,2.9486486486486485
acda54f2f3f96d9ef2bf,2024-25,2024-08-17,Ipswich,Liverpool,T Robinson,10,12,0.0,0.0,,,,,0,,,1,22.0,5.0,15.0,1.0
659d5af40c80b406dc41,2024-25,2024-08-31,Ipswich,Fulham,L Smith,18,10,0.0,3.0,0.0,1.5,7.0,7.0,0,,,20,24.35,3.8,11.0,2.65
70b3fe0ea96b70f093d0,2024-25,2024-09-29,Ipswich,Aston Villa,S Attwell,18,5,3.0,12.0,0.6,2.4,8.0,8.0,3,16.333333333333332,4.333333333333333,57,23.24561403508772,5.175438596491228,10.87719298245614,2.789473684210526
6c549f7e36ced4973f03,2024-25,2024-10-19,Ipswich,Everton,M Oliver,17,16,4.0,5.0,0.5714285714285714,0.7142857142857143,14.0,14.0,6,21.666666666666668,5.833333333333333,70,23.114285714285714,5.128571428571429,10.871428571428572,2.8714285714285714
ad898e079776977429c2,2024-25,2024-11-02,Ipswich,Leicester,T Robinson,18,15,4.0,9.0,0.4444444444444444,1.0,7.0,8.0,4,27.0,5.75,90,22.744444444444444,5.166666666666667,11.255555555555556,2.9
843e34d2f9be09f8e388,2024-25,2024-11-24,Ipswich,Manchester United,A Taylor,19,12,8.0,15.0,0.7272727272727273,1.3636363636363635,14.0,14.0,10,21.1,4.4,117,22.77777777777778,4.948717948717949,11.11111111111111,2.871794871794872
e1f49634814e9ecaa2d7,2024-25,2024-12-03,Ipswich,Crystal Palace,C Pawson,19,17,9.0,9.0,0.6923076923076923,0.6923076923076923,3.0,3.0,7,23.857142857142858,3.857142857142857,130,22.746153846153845,4.838461538461538,11.107692307692307,2.9153846153846152
bafffc82f2f6135c496d,2024-25,2024-12-08,Ipswich,Bournemouth,M Salisbury,18,10,9.0,21.0,0.6428571428571429,1.5,5.0,3.0,3,19.333333333333332,3.0,144,22.625,4.729166666666667,11.13888888888889,2.986111111111111
d29cc403b23fdbf2ab54,2024-25,2024-12-21,Ipswich,Newcastle United,S Attwell,18,12,12.0,23.0,0.75,1.4375,7.0,7.0,9,19.333333333333332,3.888888888888889,159,22.471698113207548,4.654088050314465,11.125786163522013,3.018867924528302
1c89d5192471b7d62b57,2024-25,2024-12-30,Ipswich,Chelsea,J Brooks,19,4,12.0,35.0,0.6666666666666666,1.9444444444444444,3.0,4.0,7,25.142857142857142,5.714285714285714,185,22.518918918918917,4.52972972972973,10.875675675675677,2.9675675675675675
d57b0a99b201677ef382,2024-25,2025-01-16,Ipswich,Brighton & Hove Albion,T Harrington,17,11,16.0,28.0,0.8,1.4,11.0,12.0,11,22.545454545454547,3.727272727272727,207,22.40096618357488,4.42512077294686,10.76328502415459,2.9806763285024154
6797376b42db691daf9a,2024-25,2025-01-19,Ipswich,Manchester City,S Barrott,18,8,16.0,35.0,0.7619047619047619,1.6666666666666667,3.0,5.0,13,22.307692307692307,4.923076923076923,214,22.397196261682243,4.420560747663552,10.75233644859813,2.9813084112149535
8f364d05ab0294b3e07e,2024-25,2025-02-01,Ipswich,Southampton,M Oliver,19,20,16.0,6.0,0.6956521739130435,0.2608695652173913,7.0,7.0,17,22.058823529411764,4.823529411764706,229,22.30131004366812,4.379912663755459,10.615720524017467,3.017467248908297
c0c589a2b7e8c2d5f8e5,2024-25,2025-02-22,Ipswich,Tottenham,T Robinson,18,12,17.0,30.0,0.68,1.2,7.0,6.0,10,23.0,5.0,252,22.28968253968254,4.253968253968254,10.575396825396826,3.0277777777777777
eaf24b45194c0e2d0c55,2024-25,2025-03-15,Ipswich,Nottingham Forest,M Salisbury,18,3,17.0,51.0,0.6071428571428571,1.8214285714285714,7.0,7.0,10,22.3,3.3,281,22.281138790035588,4.1637010676156585,10.494661921708184,2.98576512455516
4e4d370bec4f503924e8,2024-25,2025-04-05,Ipswich,Wolverhampton Wanderers,P Bankes,18,17,20.0,29.0,0.6666666666666666,0.9666666666666667,3.0,4.0,18,19.61111111111111,3.7222222222222223,299,22.210702341137125,4.137123745819398,10.384615384615385,2.9531772575250836
f5a1300243bc1a2b224f,2024-25,2025-04-20,Ipswich,Arsenal,C Kavanagh,18,2,21.0,63.0,0.65625,1.96875,7.0,8.0,20,21.0,4.35,325,22.215384615384615,4.116923076923077,10.375384615384615,2.9723076923076923
250c0b4008e75de49172,2024-25,2025-05-10,Ipswich,Brentford,S Barrott,18,9,22.0,52.0,0.6285714285714286,1.4857142857142858,7.0,6.0,21,21.285714285714285,4.333333333333333,350,22.19142857142857,4.1,10.334285714285715,2.9657142857142857
b9fbdafa8cec4926ad79,2024-25,2025-05-25,Ipswich,West Ham United,T Robinson,19,15,22.0,40.0,0.5945945945945946,1.0810810810810811,7.0,7.0,15,23.0,4.4,370,22.11891891891892,4.091891891891892,10.308108108108108,2.9486486486486485
2edb1146eb399e0cdf7f,2024-25,2024-08-19,Leicester,Tottenham,C Kavanagh,11,12,0.0,0.0,,,,,0,,,9,24.77777777777778,4.0,10.222222222222221,2.111111111111111
6c250dd73a8414b73401,2024-25,2024-08-31,Leicester,Aston Villa,D Coote,15,12,1.0,3.0,0.5,1.5,7.0,7.0,1,27.0,4.0,20,24.35,3.8,11.0,2.65
e678f4f51a9330f7b8dd,2024-25,2024-09-21,Leicester,Everton,D England,15,20,2.0,0.0,0.5,0.0,7.0,7.0,1,26.0,5.0,40,23.625,4.925,10.625,2.65
2ec4e90989d1507c44c1,2024-25,2024-10-05,Leicester,Bournemouth,D Bond,17,11,3.0,8.0,0.5,1.3333333333333333,7.0,5.0,2,19.5,4.0,60,23.5,5.25,10.816666666666666,2.8333333333333335
fe8d7fbc50e3d93452a6,2024-25,2024-10-25,Leicester,Nottingham Forest,C Pawson,14,8,9.0,13.0,1.125,1.625,6.0,4.0,4,23.75,4.25,80,22.8125,5.075,11.225,2.875
6a2befe2412caa4d24ef,2024-25,2024-11-23,Leicester,Chelsea,A Madley,15,3,10.0,19.0,0.9090909090909091,1.7272727272727273,13.0,13.0,5,25.2,6.2,110,22.80909090909091,4.990909090909091,11.154545454545454,2.8545454545454545
92a53a85683e5e19d646,2024-25,2024-12-03,Leicester,West Ham United,J Smith,16,14,10.0,15.0,0.7692307692307693,1.1538461538461537,3.0,3.0,2,21.5,4.5,130,22.746153846153845,4.838461538461538,11.107692307692307,2.9153846153846152
87981082b55cf72e22ad,2024-25,2024-12-08,Leicester,Brighton & Hove Albion,S Attwell,17,8,13.0,23.0,0.9285714285714286,1.6428571428571428,5.0,3.0,8,19.375,4.0,144,22.625,4.729166666666667,11.13888888888889,2.986111111111111
6b9c9f8fb9c6d86d30f9,2024-25,2024-12-22,Leicester,Wolverhampton Wanderers,A Taylor,17,19,14.0,9.0,0.875,0.5625,8.0,8.0,14,21.571428571428573,3.9285714285714284,164,22.463414634146343,4.652439024390244,11.054878048780488,3.0304878048780486
bb6be406e35f3deb4033,2024-25,2024-12-29,Leicester,Manchester City,M Oliver,18,7,14.0,28.0,0.7777777777777778,1.5555555555555556,3.0,3.0,14,21.785714285714285,5.142857142857143,179,22.51396648044693,4.569832402234637,10.910614525139664,2.9553072625698324
1cc1e9abf996038d55ec,2024-25,2025-01-15,Leicester,Crystal Palace,A Madley,19,15,14.0,21.0,0.7,1.05,11.0,11.0,9,24.77777777777778,5.777777777777778,203,22.408866995073893,4.467980295566503,10.77832512315271,2.9950738916256157
9fc36f57de1554ef79f6,2024-25,2025-01-18,Leicester,Fulham,M Salisbury,19,10,14.0,30.0,0.6666666666666666,1.4285714285714286,3.0,4.0,6,23.0,3.3333333333333335,209,22.39712918660287,4.421052631578948,10.751196172248804,2.9808612440191387
f39ed7f396b6ea51f6e7,2024-25,2025-02-15,Leicester,Arsenal,S Barrott,18,2,17.0,50.0,0.7083333333333334,2.0833333333333335,14.0,13.0,15,21.066666666666666,4.4,241,22.34439834024896,4.340248962655601,10.535269709543568,3.037344398340249
12b297cb3f99dfcdcf21,2024-25,2025-02-21,Leicester,Brentford,T Harrington,19,11,17.0,34.0,0.68,1.36,6.0,6.0,13,22.615384615384617,3.769230769230769,251,22.298804780876495,4.254980079681275,10.573705179282868,3.0239043824701195
7f6c9d63bdd0715476c7,2024-25,2025-03-16,Leicester,Manchester United,T Bramall,19,15,17.0,34.0,0.6071428571428571,1.2142857142857142,7.0,7.0,6,22.166666666666668,3.1666666666666665,286,22.248251748251747,4.143356643356643,10.458041958041958,2.9965034965034967
f68c131c9d4a35fdbdf5,2024-25,2025-04-07,Leicester,Newcastle United,R Jones,19,7,17.0,50.0,0.5666666666666667,1.7241379310344827,5.0,5.0,18,25.333333333333332,4.277777777777778,308,22.314935064935064,4.116883116883117,10.334415584415584,2.9448051948051948
33afc239ca752bd3e8c0,2024-25,2025-04-20,Leicester,Liverpool,S Attwell,19,1,18.0,76.0,0.5625,2.375,8.0,7.0,17,20.0,3.6470588235294117,325,22.215384615384615,4.116923076923077,10.375384615384615,2.9723076923076923
0c471aec605dd3c07287,2024-25,2025-05-03,Leicester,Southampton,D Webb,19,20,18.0,11.0,0.5294117647058824,0.3235294117647059,7.0,7.0,0,,,341,22.134897360703814,4.0821114369501466,10.392961876832844,2.964809384164223
bc1c3c97d3911228dfc1,2024-25,2025-05-18,Leicester,Ipswich,A Kitchen,19,18,22.0,22.0,0.6111111111111112,0.6111111111111112,7.0,8.0,1,27.0,3.0,362,22.162983425414364,4.088397790055248,10.334254143646408,2.93646408839779
f91bec7c3470247ddb95,2024-25,2024-08-25,Liverpool,Brentford,S Attwell,6,8,3.0,3.0,3.0,3.0,8.0,7.0,0,,,17,24.529411764705884,3.6470588235294117,10.588235294117647,2.411764705882353
2a681b581e1aa44393c9,2024-25,2024-09-14,Liverpool,Nottingham Forest,M Oliver,2,9,9.0,5.0,3.0,1.6666666666666667,13.0,14.0,3,20.333333333333332,4.333333333333333,30,23.5,4.4,11.0,2.7666666666666666
d58fd70cb5b70dfb914a,2024-25,2024-09-21,Liverpool,Bournemouth,T Harrington,4,11,9.0,5.0,2.25,1.25,7.0,7.0,2,27.5,3.0,40,23.625,4.925,10.625,2.65
54105bf610c97af95fa3,2024-25,2024-10-20,Liverpool,Chelsea,J Brooks,1,6,18.0,14.0,2.5714285714285716,2.0,15.0,14.0,1,20.0,4.0,77,22.935064935064936,5.0519480519480515,11.168831168831169,2.896103896103896
6c9b438d36aec53dab7f,2024-25,2024-11-02,Liverpool,Brighton & Hove Albion,T Harrington,2,6,22.0,16.0,2.4444444444444446,1.7777777777777777,6.0,7.0,5,22.8,3.6,90,22.744444444444444,5.166666666666667,11.255555555555556,2.9
983866547736b29f5640,2024-25,2024-11-09,Liverpool,Aston Villa,D Coote,1,6,25.0,18.0,2.5,1.8,7.0,6.0,5,23.4,5.4,100,22.85,5.09,11.34,2.88
cbe189431fe4c44b1d94,2024-25,2024-12-01,Liverpool,Manchester City,C Kavanagh,1,4,31.0,23.0,2.5833333333333335,1.9166666666666667,7.0,8.0,7,21.285714285714285,4.857142857142857,126,22.785714285714285,4.880952380952381,11.142857142857142,2.9206349206349205
3daa19b1d87c79ce9324,2024-25,2024-12-14,Liverpool,Fulham,T Harrington,1,10,35.0,23.0,2.5,1.5333333333333334,10.0,6.0,8,23.0,3.125,149,22.651006711409394,4.738255033557047,11.174496644295303,3.0134228187919465
79fa3edb59914d958b1e,2024-25,2024-12-26,Liverpool,Leicester,D Bond,1,17,39.0,14.0,2.4375,0.8235294117647058,4.0,4.0,7,24.0,4.571428571428571,169,22.532544378698226,4.621301775147929,11.029585798816568,3.029585798816568
05f21f39fc820865a17e,2024-25,2025-01-05,Liverpool,Manchester United,M Oliver,1,14,45.0,22.0,2.5,1.1578947368421053,7.0,6.0,15,21.466666666666665,5.0,196,22.45408163265306,4.479591836734694,10.821428571428571,2.9693877551020407
712cc8fbb56f1eda64d4,2024-25,2025-01-25,Liverpool,Ipswich,M Salisbury,1,18,50.0,16.0,2.380952380952381,0.7272727272727273,7.0,6.0,7,22.0,3.4285714285714284,219,22.378995433789953,4.410958904109589,10.721461187214611,3.0228310502283104
6af160b29e08cf1cdd03,2024-25,2025-02-16,Liverpool,Wolverhampton Wanderers,S Hooper,1,17,57.0,19.0,2.375,0.7916666666666666,4.0,15.0,14,20.714285714285715,4.642857142857143,248,22.31048387096774,4.274193548387097,10.556451612903226,3.028225806451613
15adbd147343bf0f6cb1,2024-25,2025-02-26,Liverpool,Newcastle United,C Kavanagh,1,6,64.0,44.0,2.3703703703703702,1.6923076923076923,3.0,3.0,15,21.533333333333335,4.666666666666667,265,22.358490566037737,4.222641509433962,10.558490566037737,3.0452830188679245
814f86354ef1bc566aec,2024-25,2025-03-08,Liverpool,Southampton,L Smith,1,20,67.0,9.0,2.392857142857143,0.3333333333333333,10.0,11.0,4,24.0,3.25,271,22.339483394833948,4.191881918819188,10.527675276752767,3.022140221402214
a69d9cc1d234dbeb0a8e,2024-25,2025-04-02,Liverpool,Everton,S Barrott,1,15,70.0,34.0,2.413793103448276,1.1724137931034482,25.0,18.0,18,21.22222222222222,4.166666666666667,292,22.184931506849313,4.13013698630137,10.431506849315069,2.9726027397260273
228006295a08042d77a3,2024-25,2025-04-13,Liverpool,West Ham United,A Madley,1,16,73.0,35.0,2.3548387096774195,1.1290322580645162,7.0,8.0,17,23.58823529411765,4.294117647058823,314,22.25796178343949,4.117834394904459,10.359872611464969,2.9522292993630574
d86d2f05dcc2e9201238,2024-25,2025-04-27,Liverpool,Tottenham,T Bramall,1,16,79.0,37.0,2.393939393939394,1.121212121212121,7.0,6.0,8,20.0,3.125,337,22.136498516320476,4.080118694362018,10.388724035608309,2.9673590504451037
ce5ad1681cd296f4ff1d,2024-25,2025-05-11,Liverpool,Arsenal,A Taylor,1,2,82.0,67.0,2.342857142857143,1.9142857142857144,7.0,8.0,28,21.321428571428573,2.9285714285714284,355,22.1887323943662,4.092957746478874,10.352112676056338,2.9464788732394367
a9586b25fd7e2f479701,2024-25,2025-05-25,Liverpool,Crystal Palace,D England,1,12,83.0,52.0,2.2432432432432434,1.4054054054054055,6.0,5.0,18,23.27777777777778,4.333333333333333,370,22.11891891891892,4.091891891891892,10.308108108108108,2.9486486486486485
bd7038b597d2f59a2c1f,2024-25,2024-08-24,Manchester City,Ipswich,M Salisbury,4,18,3.0,0.0,3.0,0.0,6.0,7.0,0,,,10,24.6,3.8,10.7,2.1
0ff93546de9be99244f6,2024-25,2024-09-14,Manchester City,Brentford,D Bond,1,6,9.0,6.0,3.0,2.0,14.0,14.0,1,27.0,4.0,30,23.5,4.4,11.0,2.7666666666666666
da78061fe4581a01946e,2024-25,2024-09-22,Manchester City,Arsenal,M Oliver,2,5,12.0,10.0,3.0,2.5,8.0,7.0,4,20.5,5.25,48,23.708333333333332,5.0625,10.666666666666666,2.6666666666666665
6cccf9717233a8f9fb4d,2024-25,2024-10-05,Manchester City,Fulham,P Bankes,2,6,14.0,11.0,2.3333333333333335,1.8333333333333333,7.0,7.0,2,21.5,5.5,60,23.5,5.25,10.816666666666666,2.8333333333333335
dd2d969ec5f39086b319,2024-25,2024-10-26,Manchester City,Southampton,T Harrington,2,19,20.0,1.0,2.5,0.125,6.0,7.0,4,24.0,3.5,81,22.839506172839506,5.098765432098766,11.246913580246913,2.888888888888889
a23bdaacb7ad24b73a91,2024-25,2024-11-23,Manchester City,Tottenham,J Brooks,2,10,23.0,16.0,2.090909090909091,1.4545454545454546,14.0,13.0,4,23.75,5.0,110,22.80909090909091,4.990909090909091,11.154545454545454,2.8545454545454545
4844d38e8d9c861d892e,2024-25,2024-12-04,Manchester City,Nottingham Forest,M Oliver,5,6,23.0,22.0,1.7692307692307692,1.6923076923076923,3.0,4.0,11,21.272727272727273,4.909090909090909,132,22.727272727272727,4.840909090909091,11.113636363636363,2.909090909090909
6caa5d49bba70d33ea9d,2024-25,2024-12-15,Manchester City,Manchester United,A Taylor,5,13,27.0,19.0,1.8,1.2666666666666666,8.0,8.0,13,21.76923076923077,4.076923076923077,154,22.532467532467532,4.707792207792208,11.090909090909092,3.0064935064935066
cb99d680c73b30395d8e,2024-25,2024-12-26,Manchester City,Everton,S Hooper,7,15,27.0,16.0,1.588235294117647,1.0,5.0,4.0,9,20.666666666666668,4.888888888888889,169,22.532544378698226,4.621301775147929,11.029585798816568,3.029585798816568
13afa4ae3e5c1ed73219,2024-25,2025-01-04,Manchester City,West Ham United,M Salisbury,6,13,31.0,23.0,1.631578947368421,1.2105263157894737,6.0,6.0,5,23.4,3.4,189,22.423280423280424,4.529100529100529,10.846560846560847,2.9682539682539684
d78d30f9021e9b579c0b,2024-25,2025-01-25,Manchester City,Chelsea,J Brooks,5,4,38.0,40.0,1.7272727272727273,1.8181818181818181,6.0,5.0,10,23.6,5.6,219,22.378995433789953,4.410958904109589,10.721461187214611,3.0228310502283104
cf1decfb6f8cd529b5c4,2024-25,2025-02-15,Manchester City,Newcastle United,A Madley,5,6,41.0,41.0,1.7083333333333333,1.7083333333333333,13.0,14.0,12,24.083333333333332,5.166666666666667,241,22.34439834024896,4.340248962655601,10.535269709543568,3.037344398340249
893783e9e9efa35687da,2024-25,2025-02-23,Manchester City,Liverpool,A Taylor,4,1,44.0,61.0,1.76,2.3461538461538463,8.0,4.0,22,21.5,3.227272727272727,259,22.374517374517374,4.2471042471042475,10.555984555984557,3.023166023166023
e0a957f97d244a2af43d,2024-25,2025-03-15,Manchester City,Brighton & Hove Albion,S Hooper,5,7,47.0,46.0,1.6785714285714286,1.6428571428571428,7.0,7.0,17,20.11764705882353,4.647058823529412,281,22.281138790035588,4.1637010676156585,10.494661921708184,2.98576512455516
4a3a1d69299d67d57607,2024-25,2025-04-02,Manchester City,Leicester,D England,5,19,48.0,17.0,1.6551724137931034,0.5862068965517241,18.0,17.0,13,23.692307692307693,4.153846153846154,292,22.184931506849313,4.13013698630137,10.431506849315069,2.9726027397260273
58bbd2c2f6b3e4a74e20,2024-25,2025-04-12,Manchester City,Crystal Palace,J Gillett,6,11,52.0,43.0,1.6774193548387097,1.4333333333333333,6.0,7.0,11,22.454545454545453,4.363636363636363,309,22.297734627831716,4.110032362459547,10.346278317152104,2.9449838187702264
6e1aa2a4d7b78f7d481d,2024-25,2025-04-22,Manchester City,Aston Villa,C Pawson,5,7,58.0,57.0,1.7575757575757576,1.7272727272727273,3.0,3.0,19,23.0,4.315789473684211,330,22.20909090909091,4.106060606060606,10.384848484848485,2.963636363636364
95b39f526986307c2ec8,2024-25,2025-05-02,Manchester City,Wolverhampton Wanderers,P Bankes,4,13,61.0,41.0,1.7941176470588236,1.2058823529411764,10.0,6.0,21,20.333333333333332,3.9047619047619047,340,22.147058823529413,4.094117647058823,10.397058823529411,2.9705882352941178
d5aa0d786abc3ef9a53f,2024-25,2025-05-20,Manchester City,Bournemouth,T Bramall,6,11,65.0,53.0,1.8055555555555556,1.4722222222222223,10.0,10.0,9,20.555555555555557,3.111111111111111,368,22.125,4.095108695652174,10.326086956521738,2.9375
16997dc9cef7ead29809,2024-25,2024-08-16,Manchester United,Fulham,R Jones,14,9,0.0,0.0,,,,,0,,,0,,,,
a8cb75de1bfa7733e574,2024-25,2024-09-01,Manchester United,Liverpool,A Taylor,13,4,3.0,6.0,1.5,3.0,8.0,7.0,2,23.5,1.0,27,23.703703703703702,4.185185185185185,10.925925925925926,2.7777777777777777
e160766252655a401d4c,2024-25,2024-09-29,Manchester United,Tottenham,C Kavanagh,11,10,7.0,7.0,1.4,1.4,8.0,8.0,3,21.666666666666668,4.333333333333333,57,23.24561403508772,5.175438596491228,10.87719298245614,2.789473684210526
ffbabf26ae3bf005f935,2024-25,2024-10-19,Manchester United,Brentford,S Barrott,14,11,8.0,10.0,1.1428571428571428,1.4285714285714286,13.0,14.0,5,24.4,6.4,70,23.114285714285714,5.128571428571429,10.871428571428572,2.8714285714285714
83814d1b1d971965ba09,2024-25,2024-11-03,Manchester United,Chelsea,R Jones,13,6,11.0,17.0,1.2222222222222223,1.8888888888888888,7.0,7.0,6,24.333333333333332,5.0,97,22.79381443298969,5.11340206185567,11.31958762886598,2.865979381443299
432559e11c3db283c575,2024-25,2024-11-10,Manchester United,Leicester,P Bankes,13,15,12.0,10.0,1.2,1.0,7.0,8.0,5,18.6,4.2,106,22.858490566037737,5.037735849056604,11.235849056603774,2.849056603773585
a9fedd6aef3d2f858598,2024-25,2024-12-01,Manchester United,Everton,J Brooks,13,15,16.0,11.0,1.3333333333333333,0.9166666666666666,7.0,8.0,5,24.6,5.2,126,22.785714285714285,4.880952380952381,11.142857142857142,2.9206349206349205
a30a23d6aeb7843c42b7,2024-25,2024-12-07,Manchester United,Nottingham Forest,D England,13,7,19.0,22.0,1.3571428571428572,1.5714285714285714,3.0,3.0,5,24.0,5.2,140,22.65,4.792857142857143,11.142857142857142,2.9571428571428573
d22e35bb6126a5a82e19,2024-25,2024-12-22,Manchester United,Bournemouth,C Pawson,13,8,22.0,25.0,1.375,1.5625,7.0,6.0,9,23.22222222222222,4.0,164,22.463414634146343,4.652439024390244,11.054878048780488,3.0304878048780486
4f9cba2c155fff6dd789,2024-25,2024-12-30,Manchester United,Newcastle United,S Hooper,14,7,22.0,29.0,1.2222222222222223,1.6111111111111112,4.0,4.0,10,20.1,4.9,185,22.518918918918917,4.52972972972973,10.875675675675677,2.9675675675675675
79ac2ac5d37cf9701560,2024-25,2025-01-16,Manchester United,Southampton,J Brooks,15,20,23.0,6.0,1.15,0.3,11.0,12.0,9,24.333333333333332,5.777777777777778,207,22.40096618357488,4.42512077294686,10.76328502415459,2.9806763285024154
745f0018a6cb843f9bfa,2024-25,2025-01-19,Manchester United,Brighton & Hove Albion,P Bankes,13,10,26.0,31.0,1.2380952380952381,1.4761904761904763,3.0,3.0,12,18.083333333333332,3.75,214,22.397196261682243,4.420560747663552,10.75233644859813,2.9813084112149535
4abb421b026e2452bf40,2024-25,2025-02-02,Manchester United,Crystal Palace,J Brooks,12,13,29.0,27.0,1.2608695652173914,1.173913043478261,7.0,7.0,11,22.727272727272727,5.545454545454546,235,22.361702127659573,4.374468085106383,10.574468085106384,3.029787234042553
4ca3a316433a04fd023e,2024-25,2025-02-26,Manchester United,Ipswich,D England,15,18,30.0,17.0,1.1538461538461537,0.6538461538461539,4.0,4.0,12,23.583333333333332,3.8333333333333335,265,22.358490566037737,4.222641509433962,10.558490566037737,3.0452830188679245
516c0de6028a40405999,2024-25,2025-03-09,Manchester United,Arsenal,A Taylor,15,2,33.0,54.0,1.2222222222222223,2.0,11.0,11.0,23,21.130434782608695,3.0869565217391304,277,22.252707581227437,4.191335740072202,10.498194945848375,3.0
f23480af2b86bb1b909b,2024-25,2025-04-06,Manchester United,Manchester City,J Brooks,13,5,37.0,51.0,1.2333333333333334,1.7,5.0,4.0,14,22.714285714285715,5.285714285714286,304,22.276315789473685,4.125,10.37171052631579,2.9539473684210527
5ca56c3d9972454d6162,2024-25,2025-04-20,Manchester United,Wolverhampton Wanderers,R Jones,14,17,38.0,35.0,1.1875,1.09375,7.0,7.0,19,24.894736842105264,4.157894736842105,325,22.215384615384615,4.116923076923077,10.375384615384615,2.9723076923076923
5961d57c661ead305810,2024-25,2025-05-11,Manchester United,West Ham United,J Gillett,15,17,39.0,37.0,1.1142857142857143,1.0571428571428572,7.0,7.0,14,22.642857142857142,4.214285714285714,355,22.1887323943662,4.092957746478874,10.352112676056338,2.9464788732394367
22184e5f7e54f1795026,2024-25,2025-05-25,Manchester United,Aston Villa,T Bramall,16,6,39.0,66.0,1.054054054054054,1.7837837837837838,9.0,9.0,10,20.5,3.2,370,22.11891891891892,4.091891891891892,10.308108108108108,2.9486486486486485
b8186753647d384486a3,2024-25,2024-08-17,Newcastle United,Southampton,C Pawson,14,16,0.0,0.0,,,,,0,,,1,22.0,5.0,15.0,1.0
606d99a9666f8d772db0,2024-25,2024-09-01,Newcastle United,Tottenham,R Jones,10,9,4.0,4.0,2.0,2.0,7.0,8.0,2,24.0,3.5,27,23.703703703703702,4.185185185185185,10.925925925925926,2.7777777777777777
2c2b592e65937d21f251,2024-25,2024-09-28,Newcastle United,Manchester City,J Gillett,6,1,10.0,13.0,2.0,2.6,7.0,6.0,3,25.333333333333332,6.0,50,23.56,5.14,10.64,2.72
2844d079e4b3d2004815,2024-25,2024-10-19,Newcastle United,Brighton & Hove Albion,P Bankes,7,6,12.0,12.0,1.7142857142857142,1.7142857142857142,14.0,13.0,3,19.0,4.666666666666667,70,23.114285714285714,5.128571428571429,10.871428571428572,2.8714285714285714
4822bd8bcddd232db6df,2024-25,2024-11-02,Newcastle United,Arsenal,J Brooks,12,3,12.0,18.0,1.3333333333333333,2.0,6.0,6.0,3,20.333333333333332,4.0,90,22.744444444444444,5.166666666666667,11.255555555555556,2.9
77be518dd54927edfbca,2024-25,2024-11-25,Newcastle United,West Ham United,C Pawson,9,14,18.0,12.0,1.6363636363636365,1.0909090909090908,15.0,16.0,6,24.666666666666668,4.333333333333333,119,22.73949579831933,4.92436974789916,11.092436974789916,2.8823529411764706
b4afdd646217152ce3f9,2024-25,2024-12-04,Newcastle United,Liverpool,A Madley,11,1,19.0,34.0,1.4615384615384615,2.6153846153846154,4.0,3.0,6,25.5,6.333333333333333,132,22.727272727272727,4.840909090909091,11.113636363636363,2.909090909090909
656f62d8937a32eba80d,2024-25,2024-12-14,Newcastle United,Leicester,T Bramall,12,16,20.0,14.0,1.3333333333333333,0.9333333333333333,7.0,6.0,1,26.0,5.0,149,22.651006711409394,4.738255033557047,11.174496644295303,3.0134228187919465
974646ea68579c5d9e19,2024-25,2024-12-26,Newcastle United,Aston Villa,A Taylor,8,6,26.0,28.0,1.5294117647058822,1.6470588235294117,5.0,5.0,15,22.2,3.8,169,22.532544378698226,4.621301775147929,11.029585798816568,3.029585798816568
df29d758c0d3bfce6ecf,2024-25,2025-01-15,Newcastle United,Wolverhampton Wanderers,D England,5,17,35.0,16.0,1.75,0.8,11.0,9.0,8,23.125,4.25,203,22.408866995073893,4.467980295566503,10.77832512315271,2.9950738916256157
7ac62d6421a0ed0d2cfa,2024-25,2025-01-18,Newcastle United,Bournemouth,S Attwell,4,8,38.0,34.0,1.8095238095238095,1.619047619047619,3.0,4.0,11,18.545454545454547,3.5454545454545454,209,22.39712918660287,4.421052631578948,10.751196172248804,2.9808612440191387
0f1fb6bfb45397446372,2024-25,2025-02-01,Newcastle United,Fulham,C Kavanagh,5,10,41.0,33.0,1.7826086956521738,1.434782608695652,7.0,6.0,14,21.285714285714285,4.428571428571429,229,22.30131004366812,4.379912663755459,10.615720524017467,3.017467248908297
1e29ec3c7f3b3936f340,2024-25,2025-02-23,Newcastle United,Nottingham Forest,J Gillett,8,3,41.0,47.0,1.64,1.88,8.0,8.0,7,23.428571428571427,4.571428571428571,259,22.374517374517374,4.2471042471042475,10.555984555984557,3.023166023166023
e955f346ef7c05c3beff,2024-25,2025-04-02,Newcastle United,Brentford,P Bankes,6,11,47.0,41.0,1.6785714285714286,1.4137931034482758,23.0,18.0,17,19.352941176470587,3.823529411764706,292,22.184931506849313,4.13013698630137,10.431506849315069,2.9726027397260273
ff9f29ca53e8ebe3309b,2024-25,2025-04-13,Newcastle United,Manchester United,C Kavanagh,7,13,53.0,38.0,1.7666666666666666,1.2258064516129032,6.0,7.0,19,21.263157894736842,4.473684210526316,314,22.25796178343949,4.117834394904459,10.359872611464969,2.9522292993630574
1fa7784000feb5993730,2024-25,2025-04-16,Newcastle United,Crystal Palace,D England,4,12,56.0,43.0,1.8064516129032258,1.3870967741935485,3.0,4.0,15,23.8,4.2,319,22.238244514106583,4.103448275862069,10.38871473354232,2.9655172413793105
b84182aeabe8d380e37a,2024-25,2025-04-26,Newcastle United,Ipswich,M Salisbury,5,18,59.0,21.0,1.7878787878787878,0.6363636363636364,7.0,6.0,13,22.0,3.0,332,22.162650602409638,4.105421686746988,10.385542168674698,2.966867469879518
28961720ec8eec5813d5,2024-25,2025-05-11,Newcastle United,Chelsea,J Brooks,4,5,63.0,63.0,1.8,1.8,7.0,7.0,15,22.666666666666668,5.266666666666667,355,22.1887323943662,4.092957746478874,10.352112676056338,2.9464788732394367
e799c093d21549daaf88,2024-25,2025-05-25,Newcastle United,Everton,T Harrington,4,13,66.0,45.0,1.7837837837837838,1.2162162162162162,7.0,7.0,17,22.705882352941178,3.9411764705882355,370,22.11891891891892,4.091891891891892,10.308108108108108,2.9486486486486485
fd844e217b8a15022a13,2024-25,2024-08-17,Nottingham Forest,Bournemouth,M Oliver,15,4,0.0,0.0,,,,,0,,,1,22.0,5.0,15.0,1.0
904b326342eec31a2f8e,2024-25,2024-08-31,Nottingham Forest,Wolverhampton Wanderers,S Hooper,7,19,4.0,0.0,2.0,0.0,7.0,6.0,1,16.0,2.0,20,24.35,3.8,11.0,2.65
dcba24777921de8e73db,2024-25,2024-09-28,Nottingham Forest,Fulham,J Smith,8,9,9.0,8.0,1.8,1.6,6.0,7.0,1,17.0,3.0,50,23.56,5.14,10.64,2.72
c349f872929b509adf99,2024-25,2024-10-21,Nottingham Forest,Crystal Palace,T Robinson,12,18,10.0,3.0,1.4285714285714286,0.42857142857142855,15.0,16.0,3,29.0,6.0,79,22.835443037974684,5.075949367088608,11.215189873417721,2.8987341772151898
d07060ebb4dac369aafb,2024-25,2024-11-02,Nottingham Forest,West Ham United,P Bankes,7,13,16.0,11.0,1.7777777777777777,1.2222222222222223,8.0,6.0,4,19.25,4.5,90,22.744444444444444,5.166666666666667,11.255555555555556,2.9
ce2648568d6f1ae7deb5,2024-25,2024-11-10,Nottingham Forest,Newcastle United,A Taylor,3,12,19.0,15.0,1.9,1.5,8.0,8.0,9,21.333333333333332,4.666666666666667,106,22.858490566037737,5.037735849056604,11.235849056603774,2.849056603773585
17d0fdae7aa41fdd8ab2,2024-25,2024-11-30,Nottingham Forest,Ipswich,T Harrington,7,18,19.0,9.0,1.5833333333333333,0.75,7.0,6.0,6,23.666666666666668,3.3333333333333335,121,22.818181818181817,4.900826446280992,11.107438016528926,2.8677685950413223
8eaaa2a999b72369b12c,2024-25,2024-12-14,Nottingham Forest,Aston Villa,S Barrott,5,6,25.0,25.0,1.6666666666666667,1.6666666666666667,7.0,7.0,9,22.555555555555557,5.888888888888889,149,22.651006711409394,4.738255033557047,11.174496644295303,3.0134228187919465
ac44f46bb23bb3ec6a6c,2024-25,2024-12-26,Nottingham Forest,Tottenham,C Pawson,4,11,31.0,23.0,1.8235294117647058,1.3529411764705883,5.0,4.0,10,23.1,4.0,169,22.532544378698226,4.621301775147929,11.029585798816568,3.029585798816568
ac23fb6fab3738a6a446,2024-25,2025-01-14,Nottingham Forest,Liverpool,C Kavanagh,3,1,40.0,46.0,2.0,2.4210526315789473,8.0,9.0,12,21.083333333333332,4.5,199,22.44221105527638,4.4874371859296485,10.829145728643216,2.979899497487437
9b210d64c16b201fff5b,2024-25,2025-01-19,Nottingham Forest,Southampton,A Taylor,3,20,41.0,6.0,1.9523809523809523,0.2857142857142857,5.0,3.0,19,21.789473684210527,3.4210526315789473,214,22.397196261682243,4.420560747663552,10.75233644859813,2.9813084112149535
8570e5efd70c9cdedef0,2024-25,2025-02-01,Nottingham Forest,Brighton & Hove Albion,S Hooper,3,9,44.0,34.0,1.9130434782608696,1.4782608695652173,7.0,7.0,13,20.692307692307693,4.6923076923076925,229,22.30131004366812,4.379912663755459,10.615720524017467,3.017467248908297
9e05757f039c2e578fd5,2024-25,2025-02-26,Nottingham Forest,Arsenal,A Madley,3,2,47.0,53.0,1.8076923076923077,2.0384615384615383,3.0,4.0,14,23.428571428571427,4.857142857142857,265,22.358490566037737,4.222641509433962,10.558490566037737,3.0452830188679245
f972e096278b5ade1aba,2024-25,2025-03-08,Nottingham Forest,Manchester City,C Kavanagh,3,4,48.0,47.0,1.7777777777777777,1.7407407407407407,10.0,10.0,16,21.625,4.4375,271,22.339483394833948,4.191881918819188,10.527675276752767,3.022140221402214
71ee351f86c6fe662433,2024-25,2025-04-01,Nottingham Forest,Manchester United,J Gillett,3,13,54.0,37.0,1.8620689655172413,1.2758620689655173,17.0,16.0,10,23.0,4.4,289,22.217993079584776,4.1280276816609,10.453287197231834,2.986159169550173
8307137a21f814c6d212,2024-25,2025-04-12,Nottingham Forest,Everton,C Pawson,3,15,57.0,35.0,1.8387096774193548,1.1290322580645162,7.0,7.0,18,23.055555555555557,4.388888888888889,309,22.297734627831716,4.110032362459547,10.346278317152104,2.9449838187702264
a955a978cde7096baf67,2024-25,2025-05-01,Nottingham Forest,Brentford,D England,6,11,60.0,46.0,1.8181818181818181,1.393939393939394,10.0,12.0,17,23.352941176470587,4.117647058823529,339,22.14749262536873,4.0825958702064895,10.40117994100295,2.9734513274336285
14788e605a155225a4fd,2024-25,2025-05-11,Nottingham Forest,Leicester,T Harrington,7,19,61.0,21.0,1.7428571428571429,0.6,6.0,8.0,16,22.75,3.8125,355,22.1887323943662,4.092957746478874,10.352112676056338,2.9464788732394367
d674dec66ce330323223,2024-25,2025-05-25,Nottingham Forest,Chelsea,A Taylor,7,5,65.0,66.0,1.7567567567567568,1.7837837837837838,7.0,9.0,29,21.379310344827587,2.896551724137931,370,22.11891891891892,4.091891891891892,10.308108108108108,2.9486486486486485
e86fef38676b273dd980,2024-25,2024-08-24,Southampton,Nottingham Forest,S Barrott,16,11,0.0,1.0,0.0,1.0,7.0,7.0,1,21.0,6.0,10,24.6,3.8,10.7,2.1
baa5123368738159d564,2024-25,2024-09-14,Southampton,Manchester United,S Attwell,19,14,0.0,3.0,0.0,1.0,14.0,13.0,2,12.0,4.0,30,23.5,4.4,11.0,2.7666666666666666
9042d79724ff5d2cf4fc,2024-25,2024-09-21,Southampton,Ipswich,S Allison,19,17,0.0,2.0,0.0,0.5,7.0,7.0,0,,,40,23.625,4.925,10.625,2.65
c483806f776bb7b988b7,2024-25,2024-10-19,Southampton,Leicester,A Taylor,19,15,1.0,6.0,0.14285714285714285,0.8571428571428571,14.0,14.0,6,21.333333333333332,4.5,70,23.114285714285714,5.128571428571429,10.871428571428572,2.8714285714285714
e5f6047753ca22ec72a5,2024-25,2024-11-02,Southampton,Everton,A Madley,20,16,1.0,9.0,0.1111111111111111,1.0,7.0,7.0,4,23.5,6.25,90,22.744444444444444,5.166666666666667,11.255555555555556,2.9
87ab4d723868042edf5f,2024-25,2024-11-24,Southampton,Liverpool,S Barrott,20,1,4.0,28.0,0.36363636363636365,2.5454545454545454,15.0,15.0,7,23.285714285714285,6.0,117,22.77777777777778,4.948717948717949,11.11111111111111,2.871794871794872
08c66ef3807c02ece8f4,2024-25,2024-12-04,Southampton,Chelsea,T Harrington,20,3,5.0,25.0,0.38461538461538464,1.9230769230769231,5.0,3.0,7,23.285714285714285,3.4285714285714284,132,22.727272727272727,4.840909090909091,11.113636363636363,2.909090909090909
4a8993c3b418348ae621,2024-25,2024-12-15,Southampton,Tottenham,D England,20,12,5.0,20.0,0.3333333333333333,1.3333333333333333,8.0,7.0,6,23.833333333333332,4.666666666666667,154,22.532467532467532,4.707792207792208,11.090909090909092,3.0064935064935066
047554d353cbf958c798,2024-25,2024-12-26,Southampton,West Ham United,L Smith,20,14,6.0,20.0,0.35294117647058826,1.1764705882352942,4.0,5.0,3,24.333333333333332,3.3333333333333335,169,22.532544378698226,4.621301775147929,11.029585798816568,3.029585798816568
470dc58ac40c4251c387,2024-25,2025-01-04,Southampton,Brentford,S Attwell,20,12,6.0,24.0,0.3157894736842105,1.263157894736842,6.0,3.0,10,19.0,3.7,189,22.423280423280424,4.529100529100529,10.846560846560847,2.9682539682539684
f54973d2c7a88d7c5421,2024-25,2025-01-25,Southampton,Newcastle United,S Barrott,20,6,6.0,38.0,0.2727272727272727,1.7272727272727273,6.0,7.0,14,21.5,4.642857142857143,219,22.378995433789953,4.410958904109589,10.721461187214611,3.0228310502283104
973cb778bcea1ebf316a,2024-25,2025-02-15,Southampton,Bournemouth,J Gillett,20,7,9.0,40.0,0.375,1.6666666666666667,14.0,14.0,6,22.666666666666668,4.666666666666667,241,22.34439834024896,4.340248962655601,10.535269709543568,3.037344398340249
0a96d26895206cc0fef3,2024-25,2025-02-22,Southampton,Brighton & Hove Albion,D Bond,20,11,9.0,37.0,0.36,1.48,7.0,8.0,10,23.4,4.3,252,22.28968253968254,4.253968253968254,10.575396825396826,3.0277777777777777
3a5afb1d2351758d38b2,2024-25,2025-03-15,Southampton,Wolverhampton Wanderers,R Jones,20,17,9.0,23.0,0.32142857142857145,0.8214285714285714,7.0,7.0,16,25.125,4.625,281,22.281138790035588,4.1637010676156585,10.494661921708184,2.98576512455516
1b24b4a4a9a35a37df6d,2024-25,2025-04-02,Southampton,Crystal Palace,A Madley,20,12,9.0,39.0,0.3103448275862069,1.3928571428571428,18.0,25.0,16,23.625,4.375,292,22.184931506849313,4.13013698630137,10.431506849315069,2.9726027397260273
bd949c137f35d5786fe7,2024-25,2025-04-12,Southampton,Aston Villa,T Bramall,20,7,10.0,51.0,0.3225806451612903,1.6451612903225807,6.0,7.0,7,20.714285714285715,3.0,309,22.297734627831716,4.110032362459547,10.346278317152104,2.9449838187702264
55e82d44e00c061b5fe7,2024-25,2025-04-26,Southampton,Fulham,T Harrington,20,9,11.0,48.0,0.3333333333333333,1.4545454545454546,7.0,6.0,15,22.8,3.933333333333333,332,22.162650602409638,4.105421686746988,10.385542168674698,2.966867469879518
00e33bf49fbd87348cc3,2024-25,2025-05-10,Southampton,Manchester City,T Robinson,20,3,11.0,64.0,0.3142857142857143,1.8285714285714285,7.0,8.0,14,23.428571428571427,4.571428571428571,350,22.19142857142857,4.1,10.334285714285715,2.9657142857142857
9048e4c7201d6ee445c0,2024-25,2025-05-25,Southampton,Arsenal,D Bond,20,2,12.0,71.0,0.32432432432432434,1.9189189189189189,7.0,7.0,13,22.846153846153847,4.230769230769231,370,22.11891891891892,4.091891891891892,10.308108108108108,2.9486486486486485
852c6776babe2f471d01,2024-25,2024-08-24,Tottenham,Everton,A Taylor,12,20,1.0,0.0,1.0,0.0,5.0,7.0,1,21.0,2.0,10,24.6,3.8,10.7,2.1
eeecc34b96667770e9d0,2024-25,2024-09-15,Tottenham,Arsenal,J Gillett,13,6,4.0,7.0,1.3333333333333333,2.3333333333333335,14.0,15.0,2,26.5,5.0,38,23.657894736842106,4.815789473684211,10.552631578947368,2.6842105263157894
2afb4c078558ab18d5b3,2024-25,2024-09-21,Tottenham,Brentford,J Brooks,13,9,4.0,6.0,1.0,1.5,6.0,7.0,0,,,40,23.625,4.925,10.625,2.65
5d81b501b8998265bae0,2024-25,2024-10-19,Tottenham,West Ham United,A Madley,9,12,10.0,8.0,1.4285714285714286,1.1428571428571428,13.0,14.0,2,21.5,4.0,70,23.114285714285714,5.128571428571429,10.871428571428572,2.8714285714285714
818579f0abb2adc3ebde,2024-25,2024-11-03,Tottenham,Aston Villa,C Pawson,10,5,13.0,18.0,1.4444444444444444,2.0,7.0,8.0,5,24.0,4.8,97,22.79381443298969,5.11340206185567,11.31958762886598,2.865979381443299
50d5031bcb9ee8dafc39,2024-25,2024-11-10,Tottenham,Ipswich,D England,9,19,16.0,5.0,1.6,0.5,7.0,8.0,3,22.666666666666668,4.666666666666667,106,22.858490566037737,5.037735849056604,11.235849056603774,2.849056603773585
7e20b3faa75a46542b03,2024-25,2024-12-01,Tottenham,Fulham,D Bond,8,12,19.0,18.0,1.5833333333333333,1.5,8.0,8.0,5,23.4,5.4,126,22.785714285714285,4.880952380952381,11.142857142857142,2.9206349206349205
814693be5623758dfd58,2024-25,2024-12-08,Tottenham,Chelsea,A Taylor,11,2,20.0,28.0,1.4285714285714286,2.0,3.0,4.0,12,21.25,4.083333333333333,144,22.625,4.729166666666667,11.13888888888889,2.986111111111111
ac2d3a7c41ff9a37d02b,2024-25,2024-12-22,Tottenham,Liverpool,S Barrott,11,1,23.0,36.0,1.4375,2.4,7.0,8.0,10,22.1,5.4,164,22.463414634146343,4.652439024390244,11.054878048780488,3.0304878048780486
38d243a580bec22fdffe,2024-25,2024-12-29,Tottenham,Wolverhampton Wanderers,C Kavanagh,12,17,23.0,15.0,1.2777777777777777,0.8333333333333334,3.0,3.0,11,21.272727272727273,4.636363636363637,179,22.51396648044693,4.569832402234637,10.910614525139664,2.9553072625698324
326d7127bba4a503ba15,2024-25,2025-01-04,Tottenham,Newcastle United,A Madley,11,5,24.0,32.0,1.263157894736842,1.6842105263157894,6.0,5.0,8,24.625,5.875,189,22.423280423280424,4.529100529100529,10.846560846560847,2.9682539682539684
b733bdb688e7157b9173,2024-25,2025-01-26,Tottenham,Leicester,R Jones,15,19,24.0,14.0,1.0909090909090908,0.6363636363636364,7.0,8.0,13,26.53846153846154,4.6923076923076925,225,22.315555555555555,4.386666666666667,10.666666666666666,3.031111111111111
fe677c72d2b0c0548c55,2024-25,2025-02-16,Tottenham,Manchester United,P Bankes,15,14,27.0,29.0,1.125,1.2083333333333333,14.0,14.0,15,18.933333333333334,3.8666666666666667,248,22.31048387096774,4.274193548387097,10.556451612903226,3.028225806451613
83d08e092a4018ea519c,2024-25,2025-02-26,Tottenham,Manchester City,J Gillett,13,5,33.0,44.0,1.2692307692307692,1.6923076923076923,4.0,3.0,8,23.5,4.625,265,22.358490566037737,4.222641509433962,10.558490566037737,3.0452830188679245
0f40addffe30839d2464,2024-25,2025-03-09,Tottenham,Bournemouth,J Brooks,13,9,33.0,43.0,1.2222222222222223,1.5925925925925926,11.0,12.0,12,22.916666666666668,5.416666666666667,277,22.252707581227437,4.191335740072202,10.498194945848375,3.0
95a6a18dca861905898e,2024-25,2025-04-06,Tottenham,Southampton,M Salisbury,16,20,34.0,10.0,1.1333333333333333,0.3333333333333333,3.0,4.0,11,21.818181818181817,3.1818181818181817,304,22.276315789473685,4.125,10.37171052631579,2.9539473684210527
529149a817e4c1386a71,2024-25,2025-04-21,Tottenham,Nottingham Forest,P Bankes,16,6,37.0,57.0,1.15625,1.78125,8.0,9.0,19,20.05263157894737,3.736842105263158,329,22.206686930091184,4.103343465045593,10.39209726443769,2.9635258358662613
7d80ab4357a046472a21,2024-25,2025-05-11,Tottenham,Crystal Palace,C Kavanagh,16,12,38.0,46.0,1.0857142857142856,1.3142857142857143,7.0,6.0,22,20.863636363636363,3.9545454545454546,355,22.1887323943662,4.092957746478874,10.352112676056338,2.9464788732394367
7a7df5c8b4e5b88663b5,2024-25,2025-05-25,Tottenham,Brighton & Hove Albion,R Jones,17,8,38.0,58.0,1.027027027027027,1.5675675675675675,9.0,6.0,21,25.0,4.238095238095238,370,22.11891891891892,4.091891891891892,10.308108108108108,2.9486486486486485
ae19425c66c76d464bec,2024-25,2024-08-17,West Ham United,Aston Villa,T Harrington,18,3,0.0,0.0,,,,,0,,,1,22.0,5.0,15.0,1.0
1935e2edb59fc7a29fb9,2024-25,2024-08-31,West Ham United,Manchester City,M Oliver,9,1,3.0,6.0,1.5,3.0,7.0,7.0,2,24.0,4.0,20,24.35,3.8,11.0,2.65
314132237dce2cf3eb41,2024-25,2024-09-21,West Ham United,Chelsea,S Barrott,14,8,4.0,7.0,1.0,1.75,7.0,7.0,3,26.333333333333332,6.333333333333333,40,23.625,4.925,10.625,2.65
6fa7d253353f88c11356,2024-25,2024-10-05,West Ham United,Ipswich,A Taylor,14,15,5.0,4.0,0.8333333333333334,0.6666666666666666,7.0,6.0,5,22.0,5.2,60,23.5,5.25,10.816666666666666,2.8333333333333335
4bba1eecce8d84dce07e,2024-25,2024-10-27,West Ham United,Manchester United,D Coote,16,13,8.0,11.0,1.0,1.375,8.0,8.0,4,26.0,5.25,86,22.662790697674417,5.093023255813954,11.290697674418604,2.9069767441860463
4c13689c1a95f701a466,2024-25,2024-11-09,West Ham United,Everton,S Attwell,14,16,11.0,9.0,1.1,0.9,7.0,7.0,5,17.2,4.2,100,22.85,5.09,11.34,2.88
5cca42a9cda60cdf4eec,2024-25,2024-11-30,West Ham United,Arsenal,A Taylor,14,5,15.0,22.0,1.25,1.8333333333333333,5.0,7.0,11,21.09090909090909,4.0,121,22.818181818181817,4.900826446280992,11.107438016528926,2.8677685950413223
6642415f99250e0062f4,2024-25,2024-12-09,West Ham United,Wolverhampton Wanderers,J Brooks,14,19,15.0,9.0,1.0714285714285714,0.6428571428571429,6.0,5.0,6,24.5,5.166666666666667,148,22.60810810810811,4.70945945945946,11.175675675675675,3.0135135135135136
64fb4ce228b8dffea3dd,2024-25,2024-12-21,West Ham United,Brighton & Hove Albion,R Jones,14,9,19.0,24.0,1.1875,1.5,5.0,6.0,10,25.7,4.8,159,22.471698113207548,4.654088050314465,11.125786163522013,3.018867924528302
987775d8bf817c73f3f4,2024-25,2024-12-29,West Ham United,Liverpool,A Taylor,13,1,23.0,42.0,1.2777777777777777,2.4705882352941178,3.0,3.0,16,22.375,3.75,179,22.51396648044693,4.569832402234637,10.910614525139664,2.9553072625698324
8a46fa971fdb9bd863c5,2024-25,2025-01-14,West Ham United,Fulham,C Pawson,14,9,23.0,30.0,1.15,1.5,10.0,9.0,12,23.25,4.166666666666667,199,22.44221105527638,4.4874371859296485,10.829145728643216,2.979899497487437
4e4c52c96bffa54bd2bb,2024-25,2025-01-18,West Ham United,Crystal Palace,T Bramall,13,15,26.0,24.0,1.2380952380952381,1.1428571428571428,4.0,3.0,3,24.666666666666668,5.0,209,22.39712918660287,4.421052631578948,10.751196172248804,2.9808612440191387
5456c40fe06bc5e7dacc,2024-25,2025-02-15,West Ham United,Brentford,D England,16,11,27.0,31.0,1.125,1.2916666666666667,12.0,13.0,11,23.636363636363637,4.0,241,22.34439834024896,4.340248962655601,10.535269709543568,3.037344398340249
5b11f7dcd320378d7a31,2024-25,2025-02-27,West Ham United,Leicester,S Attwell,16,19,30.0,17.0,1.1538461538461537,0.6538461538461539,5.0,6.0,13,19.23076923076923,3.8461538461538463,270,22.355555555555554,4.207407407407407,10.544444444444444,3.025925925925926
0d70e4615c4ef30f4023,2024-25,2025-03-10,West Ham United,Newcastle United,M Salisbury,16,9,33.0,44.0,1.2222222222222223,1.6296296296296295,11.0,12.0,9,22.333333333333332,3.5555555555555554,280,22.28214285714286,4.175,10.507142857142858,2.992857142857143
5942ab71f8d8409bfe57,2024-25,2025-04-05,West Ham United,Bournemouth,T Robinson,16,10,34.0,44.0,1.1333333333333333,1.4666666666666666,4.0,3.0,12,23.666666666666668,4.5,299,22.210702341137125,4.137123745819398,10.384615384615385,2.9531772575250836
5ae005ada43097a03505,2024-25,2025-04-19,West Ham United,Southampton,A Kitchen,17,20,35.0,10.0,1.09375,0.3125,6.0,7.0,0,,,320,22.24375,4.10625,10.384375,2.971875
8c406e8dbd638cebdf91,2024-25,2025-05-04,West Ham United,Tottenham,M Oliver,17,16,36.0,37.0,1.0588235294117647,1.088235294117647,8.0,7.0,22,23.181818181818183,4.545454545454546,345,22.16231884057971,4.089855072463768,10.368115942028986,2.9594202898550726
761c4f5e983909f891c6,2024-25,2025-05-18,West Ham United,Nottingham Forest,S Barrott,15,7,40.0,62.0,1.1111111111111112,1.7222222222222223,7.0,7.0,22,21.136363636363637,4.409090909090909,362,22.162983425414364,4.088397790055248,10.334254143646408,2.93646408839779
57ac59da0e7a5e7d2616,2024-25,2024-08-25,Wolverhampton Wanderers,Chelsea,D England,17,15,0.0,0.0,0.0,0.0,8.0,7.0,0,,,17,24.529411764705884,3.6470588235294117,10.588235294117647,2.411764705882353
577b7e2ccf9200461a4c,2024-25,2024-09-15,Wolverhampton Wanderers,Newcastle United,C Kavanagh,18,8,1.0,7.0,0.3333333333333333,2.3333333333333335,15.0,14.0,2,21.0,3.5,38,23.657894736842106,4.815789473684211,10.552631578947368,2.6842105263157894
c3db4937d97f980dea85,2024-25,2024-09-28,Wolverhampton Wanderers,Liverpool,A Taylor,20,2,1.0,12.0,0.2,2.4,7.0,7.0,4,21.5,5.25,50,23.56,5.14,10.64,2.72
8561ac5b59e0daf4b267,2024-25,2024-10-20,Wolverhampton Wanderers,Manchester City,C Kavanagh,19,2,1.0,17.0,0.14285714285714285,2.4285714285714284,15.0,15.0,5,23.6,5.8,77,22.935064935064936,5.0519480519480515,11.168831168831169,2.896103896103896
4363da999711871e284d,2024-25,2024-11-02,Wolverhampton Wanderers,Crystal Palace,A Taylor,19,17,2.0,6.0,0.2222222222222222,0.6666666666666666,7.0,6.0,8,22.0,4.875,90,22.744444444444444,5.166666666666667,11.255555555555556,2.9
00ed886411c9ca029721,2024-25,2024-11-09,Wolverhampton Wanderers,Southampton,T Bramall,20,19,3.0,4.0,0.3,0.4,7.0,7.0,0,,,100,22.85,5.09,11.34,2.88
1cd23a488b30c75fd8ef,2024-25,2024-11-30,Wolverhampton Wanderers,Bournemouth,P Bankes,17,13,9.0,15.0,0.75,1.25,7.0,7.0,6,17.833333333333332,3.6666666666666665,121,22.818181818181817,4.900826446280992,11.107438016528926,2.8677685950413223
ec4e8beec900d40a9244,2024-25,2024-12-14,Wolverhampton Wanderers,Ipswich,S Hooper,19,18,9.0,9.0,0.6,0.6,5.0,6.0,7,21.0,5.428571428571429,149,22.651006711409394,4.738255033557047,11.174496644295303,3.0134228187919465
ffe8b88d4326726b33ff,2024-25,2024-12-26,Wolverhampton Wanderers,Manchester United,T Harrington,18,13,12.0,22.0,0.7058823529411765,1.2941176470588236,4.0,4.0,9,22.333333333333332,3.5555555555555554,169,22.532544378698226,4.621301775147929,11.029585798816568,3.029585798816568
1a440980fd4ee8a12482,2024-25,2025-01-06,Wolverhampton Wanderers,Nottingham Forest,P Bankes,17,3,16.0,37.0,0.8421052631578947,1.9473684210526316,8.0,8.0,11,18.09090909090909,3.8181818181818183,198,22.464646464646464,4.494949494949495,10.843434343434344,2.9797979797979797
f3423752d4535b86831f,2024-25,2025-01-25,Wolverhampton Wanderers,Arsenal,M Oliver,17,2,16.0,44.0,0.7272727272727273,2.0,5.0,7.0,16,21.5625,5.0625,219,22.378995433789953,4.410958904109589,10.721461187214611,3.0228310502283104
2b95e6a01c5e16434d13,2024-25,2025-02-01,Wolverhampton Wanderers,Aston Villa,A Madley,18,8,16.0,37.0,0.6956521739130435,1.608695652173913,7.0,6.0,11,23.272727272727273,5.181818181818182,229,22.30131004366812,4.379912663755459,10.615720524017467,3.017467248908297
5b21a1984351fe314b22,2024-25,2025-02-25,Wolverhampton Wanderers,Fulham,P Bankes,17,10,22.0,39.0,0.8461538461538461,1.5,3.0,3.0,16,19.125,3.8125,261,22.344827586206897,4.233716475095785,10.57088122605364,3.0344827586206895
492b55e6328d0ef90a29,2024-25,2025-03-08,Wolverhampton Wanderers,Everton,S Attwell,17,16,22.0,32.0,0.8148148148148148,1.1851851851851851,11.0,10.0,14,19.142857142857142,3.5714285714285716,271,22.339483394833948,4.191881918819188,10.527675276752767,3.022140221402214
c5aeb8d3348985d00464,2024-25,2025-04-01,Wolverhampton Wanderers,West Ham United,T Harrington,17,16,26.0,34.0,0.896551724137931,1.1724137931034482,17.0,17.0,14,22.428571428571427,3.7857142857142856,289,22.217993079584776,4.1280276816609,10.453287197231834,2.986159169550173
a3c033d881ebfc3fe78d,2024-25,2025-04-13,Wolverhampton Wanderers,Tottenham,A Taylor,17,15,32.0,37.0,1.032258064516129,1.1935483870967742,8.0,7.0,25,21.2,2.92,314,22.25796178343949,4.117834394904459,10.359872611464969,2.9522292993630574
7f0193db29a854b0deef,2024-25,2025-04-26,Wolverhampton Wanderers,Leicester,S Barrott,15,19,38.0,18.0,1.1515151515151516,0.5454545454545454,6.0,6.0,20,21.15,4.3,332,22.162650602409638,4.105421686746988,10.385542168674698,2.966867469879518
2374cdf7057ecdeb8094,2024-25,2025-05-10,Wolverhampton Wanderers,Brighton & Hove Albion,M Oliver,13,10,41.0,52.0,1.1714285714285715,1.4857142857142858,8.0,6.0,23,23.608695652173914,4.521739130434782,350,22.19142857142857,4.1,10.334285714285715,2.9657142857142857
24755a099779b5a53e1a,2024-25,2025-05-25,Wolverhampton Wanderers,Brentford,C Pawson,14,9,41.0,55.0,1.1081081081081081,1.4864864864864864,5.0,7.0,21,22.904761904761905,4.333333333333333,370,22.11891891891892,4.091891891891892,10.308108108108108,2.9486486486486485
bd741f511de757b73b5f,2025-26,2025-08-23,Arsenal,Leeds,J Gillett,7,8,3.0,3.0,3.0,3.0,6.0,5.0,1,20.0,3.0,11,21.454545454545453,2.8181818181818183,10.272727272727273,2.727272727272727
2389db6207a3546ae310,2025-26,2025-09-13,Arsenal,Nottingham Forest,D England,3,10,6.0,4.0,2.0,1.3333333333333333,13.0,13.0,2,26.0,4.5,30,22.4,3.5,9.2,2.6
f060e33b82d01b6bde39,2025-26,2025-09-21,Arsenal,Manchester City,S Attwell,3,12,9.0,6.0,2.25,1.5,8.0,7.0,3,21.666666666666668,5.666666666666667,47,22.51063829787234,3.5531914893617023,9.680851063829786,2.5531914893617023
039e9845d1e62de863e8,2025-26,2025-10-04,Arsenal,West Ham United,J Brooks,3,19,13.0,4.0,2.1666666666666665,0.6666666666666666,6.0,5.0,0,,,61,21.9672131147541,3.721311475409836,9.98360655737705,2.639344262295082
338c7826594a0f7771c2,2025-26,2025-10-26,Arsenal,Crystal Palace,T Bramall,1,9,19.0,13.0,2.375,1.625,8.0,8.0,4,23.0,3.75,85,21.96470588235294,3.588235294117647,9.776470588235295,2.6941176470588237
caf8b889df42f3e54197,2025-26,2025-11-23,Arsenal,Tottenham,M Oliver,1,8,26.0,18.0,2.3636363636363638,1.6363636363636365,15.0,15.0,9,21.555555555555557,2.3333333333333335,117,21.88888888888889,3.6495726495726495,9.965811965811966,2.7264957264957266
4e5607368b5257bc1441,2025-26,2025-12-03,Arsenal,Brentford,T Harrington,1,12,30.0,19.0,2.3076923076923075,1.4615384615384615,3.0,4.0,6,19.833333333333332,3.3333333333333335,133,22.06015037593985,3.6766917293233083,9.924812030075188,2.81203007518797
6689bb01471d6e19b697,2025-26,2025-12-13,Arsenal,Wolverhampton Wanderers,R Jones,1,20,33.0,2.0,2.2,0.13333333333333333,7.0,5.0,9,20.666666666666668,3.6666666666666665,150,22.0,3.6266666666666665,9.98,2.82
24deb18c1a002f6fc844,2025-26,2025-12-27,Arsenal,Brighton & Hove Albion,J Brooks,1,9,39.0,24.0,2.2941176470588234,1.411764705882353,7.0,7.0,5,23.2,3.2,171,21.859649122807017,3.6842105263157894,9.748538011695906,2.818713450292398
497fdcaf345cda7afe88,2025-26,2025-12-30,Arsenal,Aston Villa,D England,1,3,42.0,39.0,2.3333333333333335,2.1666666666666665,3.0,3.0,11,21.181818181818183,3.4545454545454546,180,21.63888888888889,3.683333333333333,9.794444444444444,2.7944444444444443
1749539dbe346797a5e0,2025-26,2026-01-08,Arsenal,Liverpool,A Taylor,1,4,48.0,34.0,2.4,1.7,5.0,4.0,16,19.8125,3.8125,209,21.47846889952153,3.665071770334928,9.803827751196172,2.8086124401913874
4b6945e4aeb5abfece57,2025-26,2026-01-25,Arsenal,Manchester United,C Pawson,1,5,50.0,35.0,2.272727272727273,1.5909090909090908,8.0,8.0,12,20.333333333333332,1.9166666666666667,225,21.42222222222222,3.6977777777777776,9.826666666666666,2.76
61f4584b3e6525a39a97,2025-26,2026-02-07,Arsenal,Sunderland,S Barrott,1,8,53.0,36.0,2.2083333333333335,1.5,7.0,5.0,14,19.642857142857142,3.7857142857142856,241,21.37759336099585,3.684647302904564,9.896265560165975,2.79253112033195
dbdda2398f2bf90109b3,2025-26,2026-03-01,Arsenal,Chelsea,D England,1,6,61.0,45.0,2.1785714285714284,1.6666666666666667,7.0,8.0,16,21.875,3.875,277,21.537906137184116,3.7220216606498195,9.873646209386282,2.783393501805054
dde2ce971fae1bec09f0,2025-26,2026-03-14,Arsenal,Everton,A Madley,1,8,67.0,43.0,2.2333333333333334,1.4827586206896552,10.0,11.0,15,22.733333333333334,3.6,291,21.68384879725086,3.745704467353952,9.8659793814433,2.7731958762886597
563ee77c8a5d8063c33f,2025-26,2026-04-11,Arsenal,Bournemouth,M Oliver,1,13,70.0,42.0,2.2580645161290325,1.3548387096774193,28.0,22.0,23,22.391304347826086,2.869565217391304,310,21.516129032258064,3.735483870967742,9.941935483870967,2.738709677419355
b1d63d9d9cd6d243c3e7,2025-26,2026-04-25,Arsenal,Newcastle United,S Barrott,2,14,70.0,42.0,2.121212121212121,1.2727272727272727,6.0,7.0,20,19.3,3.65,333,21.6006006006006,3.705705705705706,9.96996996996997,2.744744744744745
f2ea067dc0222239eeba,2025-26,2026-05-02,Arsenal,Fulham,J Gillett,1,10,73.0,48.0,2.1470588235294117,1.411764705882353,7.0,7.0,19,19.894736842105264,3.6842105263157894,340,21.594117647058823,3.7441176470588236,9.958823529411765,2.738235294117647
de3ccdeae6f95be60466,2025-26,2026-05-18,Arsenal,Burnley,P Tierney,1,19,79.0,21.0,2.1944444444444446,0.5833333333333334,8.0,8.0,11,19.90909090909091,3.272727272727273,367,21.623978201634877,3.741144414168937,9.991825613079019,2.76566757493188
65d04dbc5e4b1d6e896b,2025-26,2025-08-16,Aston Villa,Newcastle United,C Pawson,3,14,0.0,0.0,,,,,0,,,1,17.0,3.0,13.0,6.0
a4a99c07b2e9b1f52541,2025-26,2025-08-31,Aston Villa,Crystal Palace,S Attwell,17,14,1.0,2.0,0.5,1.0,8.0,7.0,1,22.0,7.0,26,22.46153846153846,3.5384615384615383,8.961538461538462,2.6153846153846154
297484f5896b08cba8ff,2025-26,2025-09-28,Aston Villa,Fulham,A Madley,18,9,3.0,8.0,0.6,1.6,7.0,8.0,0,,,57,22.087719298245613,3.7017543859649122,9.912280701754385,2.5964912280701755
0367112e74762d20ab59,2025-26,2025-10-05,Aston Villa,Burnley,A Kitchen,16,18,6.0,4.0,1.0,0.6666666666666666,7.0,8.0,0,,,65,21.984615384615385,3.707692307692308,9.830769230769231,2.6307692307692307
712b4e2b11c90f208c69,2025-26,2025-10-26,Aston Villa,Manchester City,M Oliver,12,3,12.0,16.0,1.5,2.0,7.0,8.0,7,21.857142857142858,2.142857142857143,85,21.96470588235294,3.588235294117647,9.776470588235295,2.6941176470588237
b30b5efe06a205bc8417,2025-26,2025-11-09,Aston Villa,Bournemouth,J Brooks,12,7,15.0,18.0,1.5,1.8,8.0,7.0,2,27.5,3.0,105,21.895238095238096,3.552380952380952,9.81904761904762,2.723809523809524
17c9c165edea0a8c19fa,2025-26,2025-11-30,Aston Villa,Wolverhampton Wanderers,C Kavanagh,5,20,21.0,2.0,1.75,0.16666666666666666,7.0,8.0,10,22.1,3.9,125,21.912,3.688,9.928,2.8
4300e7240feba93f1a08,2025-26,2025-12-06,Aston Villa,Arsenal,P Bankes,3,1,27.0,33.0,1.9285714285714286,2.357142857142857,3.0,3.0,10,24.6,4.2,140,21.97142857142857,3.6142857142857143,9.928571428571429,2.807142857142857
998b5cbe14e39c51a599,2025-26,2025-12-21,Aston Villa,Manchester United,M Oliver,3,7,33.0,26.0,2.0625,1.625,7.0,6.0,13,21.923076923076923,2.3846153846153846,168,21.93452380952381,3.6607142857142856,9.75,2.8392857142857144
656030adf1f05f486b64,2025-26,2026-01-03,Aston Villa,Nottingham Forest,S Hooper,3,17,39.0,18.0,2.0526315789473686,0.9473684210526315,4.0,4.0,11,24.181818181818183,4.363636363636363,190,21.521052631578947,3.663157894736842,9.76842105263158,2.768421052631579
6ae07f348c89e0c9e7da,2025-26,2026-01-18,Aston Villa,Everton,T Harrington,3,12,43.0,29.0,2.0476190476190474,1.380952380952381,11.0,11.0,10,19.2,3.0,217,21.451612903225808,3.7096774193548385,9.80184331797235,2.7649769585253456
e293b7a341e2a95bef63,2025-26,2026-02-01,Aston Villa,Brentford,T Robinson,3,9,46.0,33.0,2.0,1.434782608695652,7.0,7.0,5,24.0,5.2,235,21.425531914893618,3.6808510638297873,9.893617021276595,2.782978723404255
a311727305e0da12e939,2025-26,2026-02-11,Aston Villa,Brighton & Hove Albion,P Bankes,3,14,47.0,31.0,1.88,1.24,4.0,3.0,17,22.176470588235293,3.9411764705882355,254,21.437007874015748,3.704724409448819,9.858267716535433,2.795275590551181
5f0626dde15bb0366cb3,2025-26,2026-02-21,Aston Villa,Leeds,M Oliver,3,15,50.0,30.0,1.9230769230769231,1.1538461538461537,10.0,11.0,20,22.15,2.7,261,21.402298850574713,3.6934865900383143,9.854406130268199,2.781609195402299
c240494d3487f6557558,2025-26,2026-03-04,Aston Villa,Chelsea,J Gillett,4,6,51.0,45.0,1.8214285714285714,1.6071428571428572,5.0,3.0,16,20.375,3.6875,285,21.628070175438598,3.719298245614035,9.891228070175439,2.768421052631579
29ad0ec5408d32882854,2025-26,2026-03-22,Aston Villa,West Ham United,P Tierney,4,18,51.0,29.0,1.7,0.9666666666666667,7.0,8.0,6,18.666666666666668,3.8333333333333335,306,21.53267973856209,3.735294117647059,9.911764705882353,2.735294117647059
94245937e3757f50d79e,2025-26,2026-04-19,Aston Villa,Sunderland,S Barrott,4,11,55.0,46.0,1.71875,1.4375,7.0,7.0,19,19.157894736842106,3.6315789473684212,324,21.61111111111111,3.7253086419753085,9.95679012345679,2.7253086419753085
392999311c7a870ecbe1,2025-26,2026-05-03,Aston Villa,Tottenham,S Barrott,5,18,58.0,34.0,1.7058823529411764,1.0,8.0,8.0,21,19.476190476190474,3.6666666666666665,344,21.584302325581394,3.744186046511628,9.94767441860465,2.741279069767442
47fb399e2b0298f0a5c6,2025-26,2026-05-15,Aston Villa,Liverpool,C Kavanagh,5,4,59.0,59.0,1.6388888888888888,1.6388888888888888,5.0,6.0,28,22.142857142857142,3.9285714285714284,360,21.669444444444444,3.7583333333333333,9.969444444444445,2.7472222222222222
0ef1fd2aac63d0a6a2b6,2025-26,2025-08-23,Bournemouth,Wolverhampton Wanderers,T Bramall,16,19,0.0,0.0,0.0,0.0,8.0,7.0,0,,,11,21.454545454545453,2.8181818181818183,10.272727272727273,2.727272727272727
daee8a08b71dc9b0240d,2025-26,2025-09-13,Bournemouth,Brighton & Hove Albion,P Bankes,7,11,6.0,4.0,2.0,1.3333333333333333,14.0,13.0,3,22.0,3.3333333333333335,30,22.4,3.5,9.2,2.6
319565fe07f7f71d19b5,2025-26,2025-09-21,Bournemouth,Newcastle United,R Jones,5,13,9.0,5.0,2.25,1.25,8.0,8.0,2,23.0,2.5,47,22.51063829787234,3.5531914893617023,9.680851063829786,2.5531914893617023
59a652e8aace7c197b4f,2025-26,2025-10-03,Bournemouth,Fulham,S Hooper,6,11,11.0,8.0,1.8333333333333333,1.3333333333333333,6.0,5.0,5,29.6,6.0,60,22.033333333333335,3.7666666666666666,10.033333333333333,2.6166666666666667
a7cbc169465eafe0cce7,2025-26,2025-10-26,Bournemouth,Nottingham Forest,S Barrott,5,18,15.0,5.0,1.875,0.625,8.0,8.0,4,23.5,5.5,85,21.96470588235294,3.588235294117647,9.776470588235295,2.6941176470588237
18a66dea6a3bae4a0361,2025-26,2025-11-22,Bournemouth,West Ham United,T Bramall,9,18,18.0,10.0,1.6363636363636365,0.9090909090909091,13.0,14.0,6,21.833333333333332,3.3333333333333335,110,22.01818181818182,3.581818181818182,9.909090909090908,2.7363636363636363
1b92082c8132bea03650,2025-26,2025-12-02,Bournemouth,Everton,M Salisbury,11,14,19.0,18.0,1.4615384615384615,1.3846153846153846,3.0,3.0,4,22.75,3.75,130,22.1,3.6846153846153844,9.884615384615385,2.769230769230769
3674698d596900e66adb,2025-26,2025-12-06,Bournemouth,Chelsea,M Oliver,14,4,19.0,24.0,1.3571428571428572,1.7142857142857142,4.0,3.0,11,21.90909090909091,2.3636363636363638,140,21.97142857142857,3.6142857142857143,9.928571428571429,2.807142857142857
bc1557ac38779ba42eed,2025-26,2025-12-20,Bournemouth,Burnley,C Kavanagh,13,19,21.0,10.0,1.3125,0.625,5.0,7.0,12,23.916666666666668,4.166666666666667,160,21.98125,3.6125,9.83125,2.85625
c18b049ac382aee931b7,2025-26,2026-01-03,Bournemouth,Arsenal,C Kavanagh,15,1,23.0,45.0,1.2105263157894737,2.3684210526315788,4.0,4.0,15,22.866666666666667,3.8666666666666667,190,21.521052631578947,3.663157894736842,9.76842105263158,2.768421052631579
022585709455ebddedaf,2025-26,2026-01-07,Bournemouth,Tottenham,D England,15,13,23.0,27.0,1.15,1.35,4.0,3.0,12,21.666666666666668,3.5833333333333335,201,21.48258706467662,3.63681592039801,9.800995024875622,2.791044776119403
e32d2ad886548b86c2a4,2025-26,2026-01-24,Bournemouth,Liverpool,M Salisbury,15,4,27.0,36.0,1.2272727272727273,1.6363636363636365,5.0,7.0,8,24.75,4.875,220,21.445454545454545,3.713636363636364,9.840909090909092,2.7409090909090907
3412aad69b1e66cb28ee,2025-26,2026-02-07,Bournemouth,Aston Villa,A Taylor,12,3,33.0,46.0,1.375,1.9166666666666667,7.0,6.0,19,20.05263157894737,3.9473684210526314,241,21.37759336099585,3.684647302904564,9.896265560165975,2.79253112033195
3224c031286668121143,2025-26,2026-02-28,Bournemouth,Sunderland,J Gillett,8,12,38.0,36.0,1.4074074074074074,1.3333333333333333,7.0,6.0,15,19.933333333333334,3.533333333333333,272,21.53676470588235,3.7095588235294117,9.856617647058824,2.7536764705882355
cd3b78ae19cf4d3f2db4,2025-26,2026-03-03,Bournemouth,Brentford,C Pawson,10,7,39.0,43.0,1.3928571428571428,1.5357142857142858,3.0,3.0,16,21.5,2.4375,281,21.587188612099645,3.7330960854092528,9.88967971530249,2.786476868327402
f81a3cd52e883f32463e,2025-26,2026-03-20,Bournemouth,Manchester United,S Attwell,10,3,41.0,54.0,1.3666666666666667,1.8,6.0,5.0,19,21.36842105263158,4.631578947368421,301,21.611295681063122,3.7242524916943522,9.883720930232558,2.73421926910299
d1cb61f5ff572f731070,2025-26,2026-04-22,Bournemouth,Leeds,M Salisbury,9,15,48.0,39.0,1.4545454545454546,1.1818181818181819,4.0,4.0,11,23.0,4.454545454545454,330,21.596969696969698,3.709090909090909,9.951515151515151,2.7393939393939393
5d6a296e81539e96a790,2025-26,2026-05-03,Bournemouth,Crystal Palace,R Jones,8,14,49.0,43.0,1.4411764705882353,1.303030303030303,11.0,8.0,16,21.1875,4.3125,344,21.584302325581394,3.744186046511628,9.94767441860465,2.741279069767442
b0ebd1c12b58f1c6e148,2025-26,2026-05-19,Bournemouth,Manchester City,A Taylor,6,2,55.0,77.0,1.5277777777777777,2.138888888888889,10.0,6.0,29,20.24137931034483,3.896551724137931,368,21.627717391304348,3.7418478260869565,9.980978260869565,2.760869565217391
4edba4c41915dfe80d1d,2025-26,2025-08-23,Brentford,Aston Villa,T Harrington,17,11,0.0,1.0,0.0,1.0,6.0,7.0,0,,,11,21.454545454545453,2.8181818181818183,10.272727272727273,2.727272727272727
00c447e451478096d7a3,2025-26,2025-09-13,Brentford,Chelsea,S Attwell,15,2,3.0,7.0,1.0,2.3333333333333335,14.0,14.0,2,21.5,6.0,30,22.4,3.5,9.2,2.6
b1a4d23ae44af996a598,2025-26,2025-09-27,Brentford,Manchester United,C Pawson,17,11,4.0,7.0,0.8,1.4,7.0,7.0,3,26.333333333333332,1.6666666666666667,50,22.36,3.52,9.72,2.48
127aa9729a538dfa93bc,2025-26,2025-10-05,Brentford,Manchester City,D England,14,8,7.0,10.0,1.1666666666666667,1.6666666666666667,8.0,8.0,4,23.0,4.0,65,21.984615384615385,3.707692307692308,9.830769230769231,2.6307692307692307
2b5dddc0ba9bf5156e0e,2025-26,2025-10-25,Brentford,Liverpool,S Hooper,14,4,10.0,15.0,1.25,1.875,5.0,6.0,7,26.285714285714285,4.714285714285714,81,21.925925925925927,3.6049382716049383,9.851851851851851,2.617283950617284
6237c91d616d01ecbe24,2025-26,2025-11-09,Brentford,Newcastle United,S Attwell,13,14,13.0,12.0,1.3,1.2,8.0,7.0,7,22.142857142857142,5.142857142857143,105,21.895238095238096,3.552380952380952,9.81904761904762,2.723809523809524
caf3657263cdb7081892,2025-26,2025-11-29,Brentford,Burnley,S Barrott,13,19,16.0,10.0,1.3333333333333333,0.8333333333333334,7.0,7.0,7,22.428571428571427,5.142857142857143,120,22.016666666666666,3.658333333333333,9.891666666666667,2.7333333333333334
97ff1a1d6acbfa126a03,2025-26,2025-12-14,Brentford,Leeds,J Brooks,15,16,19.0,15.0,1.2666666666666666,1.0,8.0,8.0,3,27.666666666666668,3.3333333333333335,154,21.98051948051948,3.603896103896104,9.96103896103896,2.824675324675325
e3f6c25fd1a096d5af2d,2025-26,2025-12-27,Brentford,Bournemouth,P Bankes,12,15,23.0,22.0,1.3529411764705883,1.2941176470588236,7.0,7.0,12,23.666666666666668,4.416666666666667,171,21.859649122807017,3.6842105263157894,9.748538011695906,2.818713450292398
de8e5ae1c55c69e1893b,2025-26,2026-01-01,Brentford,Tottenham,A Madley,9,13,26.0,25.0,1.4444444444444444,1.3888888888888888,5.0,4.0,8,22.5,3.625,186,21.618279569892472,3.6774193548387095,9.806451612903226,2.817204301075269
113907aae6140acaeac7,2025-26,2026-01-07,Brentford,Sunderland,M Donohue,7,8,30.0,30.0,1.5,1.5,3.0,3.0,1,27.0,6.0,201,21.48258706467662,3.63681592039801,9.800995024875622,2.791044776119403
714cf121b9ae3e17e5a7,2025-26,2026-01-25,Brentford,Nottingham Forest,S Barrott,8,17,33.0,22.0,1.5,1.0,8.0,8.0,13,19.53846153846154,4.0,225,21.42222222222222,3.6977777777777776,9.826666666666666,2.76
607b5fe3e96a4d89b8b9,2025-26,2026-02-12,Brentford,Arsenal,J Brooks,7,1,39.0,56.0,1.56,2.24,5.0,5.0,9,20.555555555555557,3.6666666666666665,259,21.424710424710426,3.6911196911196913,9.876447876447877,2.77992277992278
26797923e6a7906e3bd9,2025-26,2026-02-21,Brentford,Brighton & Hove Albion,J Gillett,7,14,40.0,31.0,1.5384615384615385,1.1923076923076923,9.0,10.0,14,19.714285714285715,3.5714285714285716,261,21.402298850574713,3.6934865900383143,9.854406130268199,2.781609195402299
e8e9540f34a352130bba,2025-26,2026-03-16,Brentford,Wolverhampton Wanderers,S Attwell,7,20,44.0,16.0,1.5172413793103448,0.5333333333333333,13.0,13.0,18,21.333333333333332,4.555555555555555,300,21.61,3.716666666666667,9.896666666666667,2.73
dc9763cca4017950517d,2025-26,2026-04-11,Brentford,Everton,F Hallam,7,8,46.0,46.0,1.4838709677419355,1.4838709677419355,21.0,21.0,2,24.5,3.5,310,21.516129032258064,3.735483870967742,9.941935483870967,2.738709677419355
c401eb5363ef87ffb49d,2025-26,2026-04-18,Brentford,Fulham,P Tierney,7,12,47.0,44.0,1.46875,1.375,7.0,7.0,8,18.625,3.625,319,21.564263322884013,3.727272727272727,9.962382445141065,2.7335423197492164
f4e074fae7b7efa8369f,2025-26,2026-05-02,Brentford,West Ham United,C Pawson,9,17,48.0,36.0,1.411764705882353,1.0588235294117647,5.0,7.0,18,21.333333333333332,2.4444444444444446,340,21.594117647058823,3.7441176470588236,9.958823529411765,2.738235294117647
b6b086e667f01fc321a7,2025-26,2026-05-17,Brentford,Crystal Palace,S Barrott,8,15,51.0,44.0,1.4166666666666667,1.2222222222222223,8.0,4.0,22,19.681818181818183,3.8181818181818183,361,21.667590027700832,3.7590027700831024,9.977839335180056,2.7562326869806095
fd61477ad12eb7e1d922,2025-26,2025-08-16,Brighton & Hove Albion,Fulham,S Barrott,5,10,0.0,0.0,,,,,0,,,1,17.0,3.0,13.0,6.0
5a851244ca5ce40437c1,2025-26,2025-08-31,Brighton & Hove Albion,Manchester City,D England,18,11,1.0,3.0,0.5,1.5,7.0,8.0,1,22.0,5.0,26,22.46153846153846,3.5384615384615383,8.961538461538462,2.6153846153846154
0890bd9cde9867de83bf,2025-26,2025-09-20,Brighton & Hove Albion,Tottenham,C Kavanagh,13,3,4.0,9.0,1.0,2.25,7.0,7.0,4,20.0,3.25,40,22.5,3.475,9.575,2.425
65f0e58d65f7178e22fc,2025-26,2025-10-18,Brighton & Hove Albion,Newcastle United,C Pawson,12,11,9.0,9.0,1.2857142857142858,1.2857142857142858,13.0,13.0,4,25.75,2.25,70,22.15714285714286,3.7857142857142856,9.7,2.6
19509180f80e38b552e4,2025-26,2025-11-01,Brighton & Hove Albion,Leeds,M Oliver,13,15,12.0,11.0,1.3333333333333333,1.2222222222222223,7.0,8.0,8,22.125,2.5,90,21.866666666666667,3.522222222222222,9.822222222222223,2.6777777777777776
0027aa553ca625c27ad3,2025-26,2025-11-22,Brighton & Hove Albion,Brentford,C Kavanagh,11,12,16.0,16.0,1.4545454545454546,1.4545454545454546,13.0,13.0,9,22.444444444444443,3.6666666666666665,110,22.01818181818182,3.581818181818182,9.909090909090908,2.7363636363636363
fbf54508c9fd9629be09,2025-26,2025-12-03,Brighton & Hove Albion,Aston Villa,A Madley,5,4,22.0,24.0,1.6923076923076923,1.8461538461538463,3.0,3.0,5,23.0,3.0,133,22.06015037593985,3.6766917293233083,9.924812030075188,2.81203007518797
0aced93a3e98e00eb096,2025-26,2025-12-07,Brighton & Hove Albion,West Ham United,S Hooper,10,18,22.0,12.0,1.5714285714285714,0.8571428571428571,4.0,3.0,8,25.125,4.75,147,22.027210884353742,3.639455782312925,9.938775510204081,2.8095238095238093
a1cd2b096cdfaddc8878,2025-26,2025-12-20,Brighton & Hove Albion,Sunderland,D England,10,8,23.0,26.0,1.4375,1.625,7.0,6.0,10,20.7,3.4,160,21.98125,3.6125,9.83125,2.85625
dbc6e8fceebdd5899cb9,2025-26,2026-01-03,Brighton & Hove Albion,Burnley,T Robinson,14,19,25.0,12.0,1.3157894736842106,0.631578947368421,4.0,4.0,4,24.0,5.5,190,21.521052631578947,3.663157894736842,9.76842105263158,2.768421052631579
0249d70f44f581a709c6,2025-26,2026-01-19,Brighton & Hove Albion,Bournemouth,P Tierney,12,15,29.0,26.0,1.380952380952381,1.2380952380952381,12.0,12.0,1,26.0,2.0,219,21.484018264840184,3.7077625570776256,9.808219178082192,2.7442922374429224
4bb3269f8123399441b5,2025-26,2026-01-31,Brighton & Hove Albion,Everton,C Kavanagh,12,10,30.0,33.0,1.3043478260869565,1.434782608695652,7.0,5.0,17,22.41176470588235,4.0,230,21.404347826086955,3.6739130434782608,9.830434782608696,2.765217391304348
06a53f17184e4abc1289,2025-26,2026-02-08,Brighton & Hove Albion,Crystal Palace,T Bramall,13,15,31.0,29.0,1.2916666666666667,1.2083333333333333,8.0,7.0,13,21.076923076923077,3.6923076923076925,248,21.387096774193548,3.6774193548387095,9.887096774193548,2.7983870967741935
c789888144ce4ab51add,2025-26,2026-03-01,Brighton & Hove Albion,Nottingham Forest,A Madley,14,17,34.0,27.0,1.2592592592592593,1.0,8.0,7.0,13,22.153846153846153,3.4615384615384617,277,21.537906137184116,3.7220216606498195,9.873646209386282,2.783393501805054
e2929f93e6796afcaefa,2025-26,2026-03-04,Brighton & Hove Albion,Arsenal,C Kavanagh,12,1,37.0,64.0,1.3214285714285714,2.206896551724138,3.0,3.0,20,22.55,3.8,285,21.628070175438598,3.719298245614035,9.891228070175439,2.768421052631579
e3cb7318914166b2e212,2025-26,2026-03-21,Brighton & Hove Albion,Liverpool,D England,12,5,40.0,49.0,1.3333333333333333,1.6333333333333333,7.0,6.0,18,21.72222222222222,3.888888888888889,302,21.602649006622517,3.725165562913907,9.897350993377483,2.73841059602649
6a90ec6cb3268e5ecbd0,2025-26,2026-04-21,Brighton & Hove Albion,Chelsea,C Pawson,9,6,47.0,48.0,1.4242424242424243,1.4545454545454546,3.0,3.0,17,21.352941176470587,2.4705882352941178,329,21.598784194528875,3.7142857142857144,9.948328267477203,2.7386018237082066
2e36279a486e44f8e698,2025-26,2026-05-09,Brighton & Hove Albion,Wolverhampton Wanderers,J Brooks,8,20,50.0,18.0,1.4285714285714286,0.5142857142857142,7.0,7.0,10,20.8,3.8,349,21.59025787965616,3.7535816618911175,9.94269340974212,2.7621776504297992
68d8ccd8f20b9df0cd48,2025-26,2026-05-24,Brighton & Hove Albion,Manchester United,S Barrott,7,3,53.0,68.0,1.4324324324324325,1.837837837837838,7.0,7.0,23,19.347826086956523,3.8260869565217392,370,21.65135135135135,3.7567567567567566,9.981081081081081,2.7594594594594595
e1d2b0a29e47aca45b53,2025-26,2025-08-23,Burnley,Sunderland,M Salisbury,18,3,0.0,3.0,0.0,3.0,7.0,7.0,0,,,11,21.454545454545453,2.8181818181818183,10.272727272727273,2.727272727272727
e91b6f121f29c0a0d919,2025-26,2025-09-14,Burnley,Liverpool,M Oliver,17,3,3.0,9.0,1.0,3.0,15.0,14.0,3,21.333333333333332,0.6666666666666666,38,22.789473684210527,3.6052631578947367,9.552631578947368,2.4473684210526314
454fd2ca7c474bd4aa3f,2025-26,2025-09-20,Burnley,Nottingham Forest,T Bramall,17,15,3.0,4.0,0.75,1.0,6.0,7.0,2,23.5,4.0,40,22.5,3.475,9.575,2.425
ca9f528940f55b5819dd,2025-26,2025-10-18,Burnley,Leeds,T Robinson,18,15,4.0,8.0,0.5714285714285714,1.1428571428571428,13.0,14.0,0,,,70,22.15714285714286,3.7857142857142856,9.7,2.6
70bb066d7a130efdf16c,2025-26,2025-11-01,Burnley,Arsenal,C Kavanagh,16,1,10.0,22.0,1.1111111111111112,2.4444444444444446,6.0,6.0,7,21.428571428571427,3.4285714285714284,90,21.866666666666667,3.522222222222222,9.822222222222223,2.6777777777777776
e12b9dd898d753ecfd5e,2025-26,2025-11-22,Burnley,Chelsea,P Bankes,17,3,10.0,20.0,0.9090909090909091,1.8181818181818181,14.0,14.0,8,24.625,4.0,110,22.01818181818182,3.581818181818182,9.909090909090908,2.7363636363636363
bcb816e2e1e6d40404ec,2025-26,2025-12-03,Burnley,Crystal Palace,T Kirk,19,10,10.0,20.0,0.7692307692307693,1.5384615384615385,4.0,3.0,0,,,133,22.06015037593985,3.6766917293233083,9.924812030075188,2.81203007518797
ca57fdce20cc54c09fb7,2025-26,2025-12-13,Burnley,Fulham,M Oliver,19,15,10.0,17.0,0.6666666666666666,1.1333333333333333,7.0,6.0,12,22.416666666666668,2.3333333333333335,150,22.0,3.6266666666666665,9.98,2.82
da267544b3c09b291d3f,2025-26,2025-12-27,Burnley,Everton,C Pawson,19,10,11.0,24.0,0.6470588235294118,1.411764705882353,7.0,7.0,10,21.3,1.9,171,21.859649122807017,3.6842105263157894,9.748538011695906,2.818713450292398
76781232a88cb897f44a,2025-26,2025-12-30,Burnley,Newcastle United,R Jones,19,14,12.0,23.0,0.6666666666666666,1.2777777777777777,3.0,4.0,11,20.545454545454547,3.6363636363636362,180,21.63888888888889,3.683333333333333,9.794444444444444,2.7944444444444443
04b0cb1a914ebce020a5,2025-26,2026-01-07,Burnley,Manchester United,S Attwell,19,6,12.0,31.0,0.6,1.55,4.0,3.0,13,20.846153846153847,4.846153846153846,201,21.48258706467662,3.63681592039801,9.800995024875622,2.791044776119403
edda8f51580ebee33eec,2025-26,2026-01-24,Burnley,Tottenham,P Bankes,19,14,14.0,27.0,0.6363636363636364,1.2272727272727273,7.0,7.0,15,22.6,4.266666666666667,220,21.445454545454545,3.713636363636364,9.840909090909092,2.7409090909090907
b0cb4b88bf8f8f587370,2025-26,2026-02-07,Burnley,West Ham United,D England,19,18,15.0,20.0,0.625,0.8333333333333334,5.0,7.0,14,22.142857142857142,3.7857142857142856,241,21.37759336099585,3.684647302904564,9.896265560165975,2.79253112033195
29babd4bf55811fb9e81,2025-26,2026-02-28,Burnley,Brentford,S Barrott,19,7,19.0,40.0,0.7037037037037037,1.4814814814814814,7.0,7.0,16,19.6875,3.625,272,21.53676470588235,3.7095588235294117,9.856617647058824,2.7536764705882355
630d787184699485e50a,2025-26,2026-03-14,Burnley,Bournemouth,P Bankes,19,9,19.0,40.0,0.6551724137931034,1.3793103448275863,11.0,11.0,21,22.761904761904763,3.9523809523809526,291,21.68384879725086,3.745704467353952,9.8659793814433,2.7731958762886597
d21eba8b4334e9010263,2025-26,2026-04-11,Burnley,Brighton & Hove Albion,T Bramall,19,10,20.0,43.0,0.6451612903225806,1.3870967741935485,21.0,21.0,18,21.72222222222222,3.9444444444444446,310,21.516129032258064,3.735483870967742,9.941935483870967,2.738709677419355
26c1bfb70efbd5590a3e,2025-26,2026-04-22,Burnley,Manchester City,A Madley,19,2,20.0,67.0,0.6060606060606061,2.09375,3.0,3.0,17,23.11764705882353,3.3529411764705883,330,21.596969696969698,3.709090909090909,9.951515151515151,2.7393939393939393
5117a8132a9a0ce70c0c,2025-26,2026-05-10,Burnley,Aston Villa,A Taylor,19,5,20.0,58.0,0.5714285714285714,1.6571428571428573,9.0,7.0,28,20.035714285714285,3.9642857142857144,354,21.661016949152543,3.768361581920904,9.957627118644067,2.748587570621469
c1c7ed940e7aed84aca8,2025-26,2026-05-24,Burnley,Wolverhampton Wanderers,A Kitchen,19,20,21.0,19.0,0.5675675675675675,0.5135135135135135,6.0,7.0,3,24.0,3.6666666666666665,370,21.65135135135135,3.7567567567567566,9.981081081081081,2.7594594594594595
21dc5f69a9d1995daa2e,2025-26,2025-08-17,Chelsea,Crystal Palace,D England,11,12,0.0,0.0,,,,,0,,,6,22.0,2.5,10.333333333333334,3.0
2b53d83261c37138838c,2025-26,2025-08-30,Chelsea,Fulham,R Jones,4,13,4.0,2.0,2.0,1.0,8.0,6.0,1,18.0,1.0,20,21.75,3.4,9.3,2.6
7807db37bc3a166acdf8,2025-26,2025-09-27,Chelsea,Brighton & Hove Albion,S Hooper,6,14,8.0,5.0,1.6,1.0,7.0,7.0,4,30.75,5.5,50,22.36,3.52,9.72,2.48
f156e686ca8a019dbdef,2025-26,2025-10-04,Chelsea,Liverpool,A Taylor,8,1,8.0,15.0,1.3333333333333333,2.5,7.0,7.0,5,19.6,3.2,61,21.9672131147541,3.721311475409836,9.98360655737705,2.639344262295082
d38a8e548465d5092670,2025-26,2025-10-25,Chelsea,Sunderland,A Madley,5,7,14.0,14.0,1.75,1.75,7.0,7.0,2,21.5,3.5,81,21.925925925925927,3.6049382716049383,9.851851851851851,2.617283950617284
7e6952943fcc3fa08e93,2025-26,2025-11-08,Chelsea,Wolverhampton Wanderers,A Kitchen,7,20,17.0,2.0,1.7,0.2,7.0,7.0,1,24.0,4.0,100,21.76,3.53,9.85,2.68
3039248b0ffc47cc1092,2025-26,2025-11-30,Chelsea,Arsenal,A Taylor,3,1,23.0,29.0,1.9166666666666667,2.4166666666666665,8.0,7.0,10,18.8,3.1,125,21.912,3.688,9.928,2.8
44c77d5f62bdbe8a07a8,2025-26,2025-12-13,Chelsea,Everton,T Bramall,5,7,25.0,24.0,1.6666666666666667,1.6,7.0,7.0,8,20.875,3.5,150,22.0,3.6266666666666665,9.98,2.82
e658227636e86e42119e,2025-26,2025-12-27,Chelsea,Aston Villa,S Attwell,4,3,29.0,36.0,1.7058823529411764,2.1176470588235294,7.0,6.0,11,21.0,4.545454545454546,171,21.859649122807017,3.6842105263157894,9.748538011695906,2.818713450292398
383f14093f7b4ad4cf6c,2025-26,2025-12-30,Chelsea,Bournemouth,S Barrott,5,15,29.0,22.0,1.6111111111111112,1.2222222222222223,3.0,3.0,11,19.545454545454547,4.181818181818182,180,21.63888888888889,3.683333333333333,9.794444444444444,2.7944444444444443
67a4d31a9e660d650120,2025-26,2026-01-17,Chelsea,Brentford,J Brooks,8,5,31.0,33.0,1.4761904761904763,1.5714285714285714,10.0,10.0,7,21.857142857142858,3.5714285714285716,210,21.466666666666665,3.6666666666666665,9.771428571428572,2.795238095238095
495431c380309e97db1b,2025-26,2026-01-31,Chelsea,West Ham United,A Taylor,5,18,37.0,20.0,1.608695652173913,0.8695652173913043,6.0,7.0,18,19.833333333333332,3.888888888888889,230,21.404347826086955,3.6739130434782608,9.830434782608696,2.765217391304348
31d3a4ae814c9c0d416e,2025-26,2026-02-10,Chelsea,Leeds,R Jones,5,16,43.0,29.0,1.72,1.16,3.0,4.0,14,20.571428571428573,3.9285714285714284,250,21.416,3.688,9.872,2.792
ffdfa80ff3988c8929fc,2025-26,2026-02-21,Chelsea,Burnley,L Smith,5,19,44.0,18.0,1.6923076923076923,0.6923076923076923,11.0,10.0,0,,,261,21.402298850574713,3.6934865900383143,9.854406130268199,2.781609195402299
3e842201af695086934c,2025-26,2026-03-14,Chelsea,Newcastle United,P Tierney,5,12,48.0,39.0,1.6551724137931034,1.3448275862068966,10.0,10.0,5,18.6,3.8,291,21.68384879725086,3.745704467353952,9.8659793814433,2.7731958762886597
99ef482f5edf404f35df,2025-26,2026-04-12,Chelsea,Manchester City,C Kavanagh,6,2,48.0,61.0,1.5483870967741935,2.033333333333333,22.0,29.0,23,22.304347826086957,3.6956521739130435,314,21.480891719745223,3.71656050955414,9.945859872611464,2.738853503184713
078b7349327132f0a1a8,2025-26,2026-04-18,Chelsea,Manchester United,M Oliver,6,3,48.0,55.0,1.5,1.71875,6.0,5.0,24,22.708333333333332,2.9166666666666665,319,21.564263322884013,3.727272727272727,9.962382445141065,2.7335423197492164
10540973f68c23ad08c3,2025-26,2026-05-04,Chelsea,Nottingham Forest,A Taylor,9,16,48.0,39.0,1.411764705882353,1.1470588235294117,13.0,10.0,27,19.962962962962962,3.962962962962963,347,21.59365994236311,3.749279538904899,9.927953890489913,2.749279538904899
d5865ba591119e2c3b7a,2025-26,2026-05-19,Chelsea,Tottenham,S Attwell,10,17,49.0,38.0,1.3611111111111112,1.0555555555555556,10.0,8.0,24,21.416666666666668,4.5,368,21.627717391304348,3.7418478260869565,9.980978260869565,2.760869565217391
a68f84d0ba8a7e8df3c7,2025-26,2025-08-24,Crystal Palace,Nottingham Forest,A Taylor,14,6,1.0,3.0,1.0,3.0,7.0,7.0,1,17.0,3.0,16,21.0625,3.0,9.6875,2.5625
29ddc40596dc2ce99478,2025-26,2025-09-13,Crystal Palace,Sunderland,T Bramall,8,6,5.0,6.0,1.6666666666666667,2.0,13.0,14.0,1,29.0,6.0,30,22.4,3.5,9.2,2.6
e2315a38d748c5d7b97d,2025-26,2025-09-27,Crystal Palace,Liverpool,C Kavanagh,5,1,9.0,15.0,1.8,3.0,7.0,7.0,5,20.6,3.2,50,22.36,3.52,9.72,2.48
7e9bbb84692d8cae8ff9,2025-26,2025-10-18,Crystal Palace,Bournemouth,J Gillett,6,4,12.0,14.0,1.7142857142857142,2.0,13.0,15.0,5,18.6,3.0,70,22.15714285714286,3.7857142857142856,9.7,2.6
7b369edd14f3e150dc47,2025-26,2025-11-01,Crystal Palace,Brentford,P Bankes,10,11,13.0,13.0,1.4444444444444444,1.4444444444444444,6.0,7.0,7,25.571428571428573,4.142857142857143,90,21.866666666666667,3.522222222222222,9.822222222222223,2.6777777777777776
7456c4f3ff46d21177c5,2025-26,2025-11-09,Crystal Palace,Brighton & Hove Albion,T Robinson,9,10,16.0,15.0,1.6,1.5,8.0,8.0,1,17.0,3.0,105,21.895238095238096,3.552380952380952,9.81904761904762,2.723809523809524
36dce84ffd446ba89f6a,2025-26,2025-11-30,Crystal Palace,Manchester United,R Jones,6,12,20.0,18.0,1.6666666666666667,1.5,8.0,6.0,7,20.142857142857142,3.0,125,21.912,3.688,9.928,2.8
e410238f398565c5b611,2025-26,2025-12-14,Crystal Palace,Manchester City,D England,5,2,26.0,31.0,1.7333333333333334,2.066666666666667,7.0,8.0,9,21.333333333333332,3.5555555555555554,154,21.98051948051948,3.603896103896104,9.96103896103896,2.824675324675325
4e59e3399e1defe8f6ce,2025-26,2025-12-28,Crystal Palace,Tottenham,J Gillett,9,14,26.0,22.0,1.5294117647058822,1.2941176470588236,8.0,8.0,8,20.5,3.625,178,21.724719101123597,3.691011235955056,9.808988764044944,2.808988764044944
7ba76f1714bbfa3a0cab,2025-26,2026-01-01,Crystal Palace,Fulham,T Harrington,11,12,26.0,26.0,1.4444444444444444,1.4444444444444444,4.0,5.0,8,18.875,2.75,186,21.618279569892472,3.6774193548387095,9.806451612903226,2.817204301075269
7b82e72b0e723c6cbb9f,2025-26,2026-01-07,Crystal Palace,Aston Villa,A Madley,14,3,27.0,42.0,1.35,2.1,3.0,4.0,9,22.0,3.5555555555555554,201,21.48258706467662,3.63681592039801,9.800995024875622,2.791044776119403
5bc905fa5a0312f70dcc,2025-26,2026-01-25,Crystal Palace,Chelsea,D England,15,6,28.0,34.0,1.2727272727272727,1.5454545454545454,8.0,8.0,13,22.23076923076923,3.769230769230769,225,21.42222222222222,3.6977777777777776,9.826666666666666,2.76
63837b7e826727f1b7c4,2025-26,2026-02-11,Crystal Palace,Burnley,F Hallam,13,19,32.0,15.0,1.28,0.6,3.0,4.0,1,30.0,4.0,254,21.437007874015748,3.704724409448819,9.858267716535433,2.795275590551181
4e177ccc436e6824db28,2025-26,2026-02-22,Crystal Palace,Wolverhampton Wanderers,T Kirk,14,20,32.0,10.0,1.2307692307692308,0.37037037037037035,11.0,4.0,2,22.5,2.0,266,21.451127819548873,3.7030075187969924,9.88345864661654,2.763157894736842
52010f7591847b9da53a,2025-26,2026-03-15,Crystal Palace,Leeds,T Bramall,14,15,38.0,31.0,1.3103448275862069,1.0689655172413792,10.0,12.0,17,21.647058823529413,4.0,296,21.64189189189189,3.722972972972973,9.89864864864865,2.7466216216216215
32962a30fae99ec760f2,2025-26,2026-04-12,Crystal Palace,Newcastle United,A Madley,14,13,39.0,42.0,1.3,1.3548387096774193,28.0,21.0,16,22.75,3.375,314,21.480891719745223,3.71656050955414,9.945859872611464,2.738853503184713
5ae9b9511b0df837d2c7,2025-26,2026-04-20,Crystal Palace,West Ham United,D England,13,17,42.0,32.0,1.3548387096774193,1.0,8.0,10.0,19,21.736842105263158,4.2105263157894735,328,21.588414634146343,3.716463414634146,9.948170731707316,2.7469512195121952
5d110626dc0adc04ac49,2025-26,2026-05-10,Crystal Palace,Everton,T Bramall,15,10,43.0,48.0,1.2647058823529411,1.3714285714285714,7.0,6.0,21,21.666666666666668,4.142857142857143,354,21.661016949152543,3.768361581920904,9.957627118644067,2.748587570621469
a653fc4b05c0576a884e,2025-26,2026-05-24,Crystal Palace,Arsenal,F Hallam,15,1,45.0,82.0,1.2162162162162162,2.2162162162162162,7.0,6.0,4,22.0,3.0,370,21.65135135135135,3.7567567567567566,9.981081081081081,2.7594594594594595
30970af3285da8a891f0,2025-26,2025-08-24,Everton,Brighton & Hove Albion,S Attwell,17,12,0.0,1.0,0.0,1.0,6.0,8.0,0,,,16,21.0625,3.0,9.6875,2.5625
0edbf9f22de4e6874331,2025-26,2025-09-13,Everton,Aston Villa,S Hooper,5,19,6.0,1.0,2.0,0.3333333333333333,14.0,13.0,3,30.333333333333332,5.333333333333333,30,22.4,3.5,9.2,2.6
8429741e071f5b33f77c,2025-26,2025-09-29,Everton,West Ham United,S Barrott,12,19,7.0,3.0,1.4,0.6,9.0,9.0,3,23.666666666666668,5.0,59,22.016949152542374,3.711864406779661,10.067796610169491,2.6271186440677967
8975a8f6b3ceb61b8255,2025-26,2025-10-05,Everton,Crystal Palace,M Salisbury,10,5,8.0,12.0,1.3333333333333333,2.0,6.0,8.0,2,17.0,3.0,65,21.984615384615385,3.707692307692308,9.830769230769231,2.6307692307692307
e05fe499a79facb5034e,2025-26,2025-10-26,Everton,Tottenham,C Pawson,14,7,11.0,14.0,1.375,1.75,8.0,7.0,5,24.2,2.0,85,21.96470588235294,3.588235294117647,9.776470588235295,2.6941176470588237
ec63f65a14998b9e4e19,2025-26,2025-11-08,Everton,Fulham,A Madley,14,15,12.0,11.0,1.2,1.1,5.0,7.0,3,23.666666666666668,3.0,100,21.76,3.53,9.85,2.68
b91f8243033840e21b58,2025-26,2025-11-29,Everton,Newcastle United,C Pawson,11,14,18.0,15.0,1.5,1.25,5.0,7.0,7,23.428571428571427,2.142857142857143,120,22.016666666666666,3.658333333333333,9.891666666666667,2.7333333333333334
98cd665969b1de68bc94,2025-26,2025-12-06,Everton,Nottingham Forest,C Kavanagh,10,16,21.0,15.0,1.5,1.0714285714285714,4.0,3.0,11,23.181818181818183,3.909090909090909,140,21.97142857142857,3.6142857142857143,9.928571428571429,2.807142857142857
1c1241ae1de0b7c8d478,2025-26,2025-12-20,Everton,Arsenal,S Barrott,9,1,24.0,36.0,1.5,2.25,7.0,7.0,10,20.6,4.2,160,21.98125,3.6125,9.83125,2.85625
53f2f3225c8b67192369,2025-26,2026-01-04,Everton,Brentford,A Taylor,9,10,28.0,27.0,1.4736842105263157,1.4210526315789473,5.0,3.0,15,20.0,3.933333333333333,194,21.572164948453608,3.649484536082474,9.778350515463918,2.783505154639175
96ef19c44a569eb4c76c,2025-26,2026-01-07,Everton,Wolverhampton Wanderers,T Kirk,12,20,28.0,6.0,1.4,0.3,3.0,4.0,1,17.0,0.0,201,21.48258706467662,3.63681592039801,9.800995024875622,2.791044776119403
7bf300c44a9f874dd6d8,2025-26,2026-01-26,Everton,Leeds,S Hooper,11,16,32.0,25.0,1.4545454545454546,1.1363636363636365,8.0,9.0,12,24.666666666666668,4.25,229,21.40174672489083,3.6768558951965065,9.838427947598253,2.7685589519650655
da17fd208cae964cb94f,2025-26,2026-02-10,Everton,Bournemouth,A Madley,8,11,37.0,34.0,1.48,1.36,3.0,3.0,12,21.583333333333332,3.4166666666666665,250,21.416,3.688,9.872,2.792
95f3fd540d2262f24a32,2025-26,2026-02-23,Everton,Manchester United,D England,9,5,37.0,45.0,1.4230769230769231,1.7307692307692308,13.0,13.0,15,22.066666666666666,3.8,270,21.507407407407406,3.696296296296296,9.87037037037037,2.762962962962963
2a9b2848628ee0e22aab,2025-26,2026-03-03,Everton,Burnley,T Robinson,8,19,40.0,19.0,1.4285714285714286,0.6785714285714286,3.0,3.0,8,23.0,4.375,281,21.587188612099645,3.7330960854092528,9.88967971530249,2.786476868327402
c81f1166a30e51eb0db3,2025-26,2026-03-21,Everton,Chelsea,S Barrott,8,6,43.0,48.0,1.4333333333333333,1.6,7.0,7.0,18,19.5,3.7222222222222223,302,21.602649006622517,3.725165562913907,9.897350993377483,2.73841059602649
baae4a38c255cc51fb40,2025-26,2026-04-19,Everton,Liverpool,C Kavanagh,10,5,47.0,52.0,1.46875,1.625,8.0,8.0,24,22.375,3.7083333333333335,324,21.61111111111111,3.7253086419753085,9.95679012345679,2.7253086419753085
74dcb1dcd18513baf5c4,2025-26,2026-05-04,Everton,Manchester City,M Oliver,11,2,47.0,70.0,1.3823529411764706,2.121212121212121,9.0,12.0,26,22.923076923076923,3.0,347,21.59365994236311,3.749279538904899,9.927953890489913,2.749279538904899
f33e788b92e93d3df749,2025-26,2026-05-17,Everton,Sunderland,J Brooks,10,12,49.0,48.0,1.3611111111111112,1.3333333333333333,7.0,8.0,11,20.727272727272727,3.727272727272727,361,21.667590027700832,3.7590027700831024,9.977839335180056,2.7562326869806095
d8b2dd1904f58ab96dc6,2025-26,2025-08-24,Fulham,Manchester United,C Kavanagh,13,18,1.0,0.0,1.0,0.0,8.0,7.0,1,14.0,2.0,16,21.0625,3.0,9.6875,2.5625
710f4ec393465c23c9eb,2025-26,2025-09-13,Fulham,Leeds,C Pawson,18,12,2.0,4.0,0.6666666666666666,1.3333333333333333,14.0,14.0,2,22.0,1.0,30,22.4,3.5,9.2,2.6
0d4bc4eb124df2bb5b1c,2025-26,2025-09-20,Fulham,Brentford,M Oliver,11,12,5.0,4.0,1.25,1.0,7.0,7.0,4,20.5,1.0,40,22.5,3.475,9.575,2.425
f66c3ebfad14501af579,2025-26,2025-10-18,Fulham,Arsenal,A Taylor,14,1,8.0,16.0,1.1428571428571428,2.2857142857142856,15.0,14.0,6,19.166666666666668,3.0,70,22.15714285714286,3.7857142857142856,9.7,2.6
0c433ebe0096e42ed3bb,2025-26,2025-11-01,Fulham,Wolverhampton Wanderers,J Brooks,17,20,8.0,2.0,0.8888888888888888,0.2222222222222222,7.0,6.0,1,28.0,2.0,90,21.866666666666667,3.522222222222222,9.822222222222223,2.6777777777777776
50c74ef873aa0c4b51c1,2025-26,2025-11-22,Fulham,Sunderland,D England,15,4,11.0,19.0,1.0,1.7272727272727273,14.0,14.0,6,20.833333333333332,3.8333333333333335,110,22.01818181818182,3.581818181818182,9.909090909090908,2.7363636363636363
07663183663e12494174,2025-26,2025-12-02,Fulham,Manchester City,C Pawson,15,2,17.0,25.0,1.3076923076923077,1.9230769230769231,3.0,3.0,8,21.75,1.875,130,22.1,3.6846153846153844,9.884615384615385,2.769230769230769
a90fef4e851feb5cf5f7,2025-26,2025-12-07,Fulham,Crystal Palace,S Barrott,15,6,17.0,23.0,1.2142857142857142,1.6428571428571428,5.0,4.0,8,21.375,4.75,147,22.027210884353742,3.639455782312925,9.938775510204081,2.8095238095238093
7955521a4390b7d1e836,2025-26,2025-12-22,Fulham,Nottingham Forest,A Taylor,15,17,20.0,18.0,1.25,1.125,9.0,8.0,13,20.923076923076923,3.6153846153846154,169,21.952662721893493,3.6568047337278107,9.751479289940828,2.8402366863905324
22ea961b884df6c287d6,2025-26,2026-01-04,Fulham,Liverpool,C Pawson,12,4,27.0,33.0,1.4210526315789473,1.736842105263158,3.0,3.0,11,20.818181818181817,1.9090909090909092,194,21.572164948453608,3.649484536082474,9.778350515463918,2.783505154639175
2854f68a59850bdd02a7,2025-26,2026-01-07,Fulham,Chelsea,P Bankes,11,5,28.0,31.0,1.4,1.55,3.0,3.0,14,23.0,4.142857142857143,201,21.48258706467662,3.63681592039801,9.800995024875622,2.791044776119403
89c5203cbb73e7575a58,2025-26,2026-01-24,Fulham,Brighton & Hove Albion,M Oliver,11,12,31.0,30.0,1.4090909090909092,1.3636363636363635,7.0,5.0,17,22.235294117647058,2.5294117647058822,220,21.445454545454545,3.713636363636364,9.840909090909092,2.7409090909090907
0e180fee81efe92bee7d,2025-26,2026-02-07,Fulham,Everton,S Attwell,9,10,34.0,34.0,1.4166666666666667,1.4166666666666667,6.0,7.0,15,20.333333333333332,4.466666666666667,241,21.37759336099585,3.684647302904564,9.896265560165975,2.79253112033195
f645f95a774087521170,2025-26,2026-03-01,Fulham,Tottenham,T Bramall,10,16,37.0,29.0,1.3703703703703705,1.0740740740740742,7.0,7.0,15,21.333333333333332,3.933333333333333,277,21.537906137184116,3.7220216606498195,9.873646209386282,2.783393501805054
3d3950b35cd98ee73b30,2025-26,2026-03-04,Fulham,West Ham United,M Donohue,10,18,40.0,25.0,1.4285714285714286,0.8928571428571429,3.0,4.0,2,26.5,4.5,285,21.628070175438598,3.719298245614035,9.891228070175439,2.768421052631579
4552df97b1b86b170a5d,2025-26,2026-03-21,Fulham,Burnley,C Kavanagh,11,19,41.0,20.0,1.3666666666666667,0.6666666666666666,6.0,7.0,22,22.636363636363637,3.6818181818181817,302,21.602649006622517,3.725165562913907,9.897350993377483,2.73841059602649
584078ab8931f3e48415,2025-26,2026-04-25,Fulham,Aston Villa,M Oliver,12,4,45.0,58.0,1.3636363636363635,1.7575757575757576,7.0,6.0,25,22.8,2.96,333,21.6006006006006,3.705705705705706,9.96996996996997,2.744744744744745
75c16a5f77d36a35e1c7,2025-26,2026-05-09,Fulham,Bournemouth,A Madley,11,6,48.0,52.0,1.3714285714285714,1.4857142857142858,7.0,6.0,19,22.894736842105264,3.210526315789474,349,21.59025787965616,3.7535816618911175,9.94269340974212,2.7621776504297992
baa7080b4656f818b370,2025-26,2026-05-24,Fulham,Newcastle United,R Jones,13,11,49.0,49.0,1.3243243243243243,1.3243243243243243,7.0,7.0,17,21.176470588235293,4.176470588235294,370,21.65135135135135,3.7567567567567566,9.981081081081081,2.7594594594594595
b89c7702ee02e85ed667,2025-26,2025-08-18,Leeds,Everton,C Kavanagh,14,13,0.0,0.0,,,,,0,,,9,22.77777777777778,3.111111111111111,10.222222222222221,2.5555555555555554
db81310bd0694ede27ed,2025-26,2025-08-30,Leeds,Newcastle United,P Bankes,12,15,3.0,1.0,1.5,0.5,7.0,5.0,2,20.5,4.0,20,21.75,3.4,9.3,2.6
222ed4ca81d1e81e8b49,2025-26,2025-09-27,Leeds,Bournemouth,M Oliver,12,4,7.0,10.0,1.4,2.0,7.0,6.0,5,21.2,1.8,50,22.36,3.52,9.72,2.48
d1ab35aae2ccc0aea649,2025-26,2025-10-04,Leeds,Tottenham,T Bramall,12,5,8.0,11.0,1.3333333333333333,1.8333333333333333,7.0,7.0,3,23.333333333333332,3.3333333333333335,61,21.9672131147541,3.721311475409836,9.98360655737705,2.639344262295082
9cfcbc3a1d8780e6c59d,2025-26,2025-10-24,Leeds,West Ham United,S Attwell,16,19,8.0,4.0,1.0,0.5,6.0,4.0,5,21.6,5.0,80,21.9125,3.575,9.8875,2.6125
095f1daac3443a6e9c88,2025-26,2025-11-23,Leeds,Aston Villa,R Jones,18,9,11.0,18.0,1.0,1.6363636363636365,14.0,14.0,6,17.833333333333332,2.5,117,21.88888888888889,3.6495726495726495,9.965811965811966,2.7264957264957266
21c1de6c8c3b8fd35921,2025-26,2025-12-03,Leeds,Chelsea,D England,18,3,11.0,24.0,0.8461538461538461,1.8461538461538463,4.0,3.0,8,21.125,3.75,133,22.06015037593985,3.6766917293233083,9.924812030075188,2.81203007518797
d3863ca1f96e9bfaff38,2025-26,2025-12-06,Leeds,Liverpool,A Taylor,17,9,14.0,22.0,1.0,1.5714285714285714,3.0,3.0,11,19.363636363636363,3.4545454545454546,140,21.97142857142857,3.6142857142857143,9.928571428571429,2.807142857142857
edca987cfea5c5b2536e,2025-26,2025-12-20,Leeds,Crystal Palace,T Bramall,17,5,16.0,26.0,1.0,1.625,6.0,6.0,9,21.22222222222222,3.2222222222222223,160,21.98125,3.6125,9.83125,2.85625
a6eb775cab9beeb92966,2025-26,2026-01-04,Leeds,Manchester United,J Gillett,16,6,21.0,30.0,1.105263157894737,1.5789473684210527,3.0,5.0,10,19.1,3.6,194,21.572164948453608,3.649484536082474,9.778350515463918,2.783505154639175
fc5b0ee5782dee925e21,2025-26,2026-01-17,Leeds,Fulham,C Kavanagh,16,9,22.0,31.0,1.0476190476190477,1.4761904761904763,10.0,10.0,16,22.75,3.875,210,21.466666666666665,3.6666666666666665,9.771428571428572,2.795238095238095
b715db5c0c22599679de,2025-26,2026-01-31,Leeds,Arsenal,S Attwell,16,1,26.0,50.0,1.1304347826086956,2.1739130434782608,5.0,6.0,14,20.571428571428573,4.642857142857143,230,21.404347826086955,3.6739130434782608,9.830434782608696,2.765217391304348
7f7f936f63e8d45d7b8f,2025-26,2026-02-06,Leeds,Nottingham Forest,P Bankes,16,17,26.0,26.0,1.0833333333333333,1.0833333333333333,6.0,5.0,16,22.25,4.0625,240,21.379166666666666,3.691666666666667,9.875,2.7875
cd1a6117f593109e2341,2025-26,2026-02-28,Leeds,Manchester City,P Bankes,15,2,31.0,56.0,1.1481481481481481,2.074074074074074,7.0,7.0,19,22.57894736842105,3.9473684210526314,272,21.53676470588235,3.7095588235294117,9.856617647058824,2.7536764705882355
01afedea81d5e0258f12,2025-26,2026-03-03,Leeds,Sunderland,S Attwell,15,12,31.0,37.0,1.1071428571428572,1.3214285714285714,3.0,3.0,17,20.58823529411765,4.588235294117647,281,21.587188612099645,3.7330960854092528,9.88967971530249,2.786476868327402
630b5bae36a72d638c6b,2025-26,2026-03-21,Leeds,Brentford,J Gillett,15,7,32.0,45.0,1.0666666666666667,1.5,6.0,5.0,17,20.294117647058822,3.764705882352941,302,21.602649006622517,3.725165562913907,9.897350993377483,2.73841059602649
b2dcfbcba67ca28375c7,2025-26,2026-04-18,Leeds,Wolverhampton Wanderers,F Hallam,15,20,36.0,17.0,1.125,0.53125,5.0,8.0,3,20.666666666666668,3.0,319,21.564263322884013,3.727272727272727,9.962382445141065,2.7335423197492164
282cd39cf3e0b3bc79c5,2025-26,2026-05-01,Leeds,Burnley,T Bramall,15,19,40.0,20.0,1.1764705882352942,0.5882352941176471,9.0,9.0,20,21.6,4.0,339,21.589970501474927,3.734513274336283,9.973451327433628,2.734513274336283
717275c52836f9e908b3,2025-26,2026-05-17,Leeds,Brighton & Hove Albion,M Oliver,14,7,44.0,53.0,1.2222222222222223,1.4722222222222223,6.0,8.0,27,22.814814814814813,3.074074074074074,361,21.667590027700832,3.7590027700831024,9.977839335180056,2.7562326869806095
0b1af42a17aec96420b5,2025-26,2025-08-15,Liverpool,Bournemouth,A Taylor,12,3,0.0,0.0,,,,,0,,,0,,,,
900eb69d3c0ee844ede0,2025-26,2025-08-31,Liverpool,Arsenal,C Kavanagh,4,2,6.0,6.0,3.0,3.0,6.0,8.0,2,18.0,2.0,26,22.46153846153846,3.5384615384615383,8.961538461538462,2.6153846153846154
2157fb234fe7b06df58b,2025-26,2025-09-20,Liverpool,Everton,D England,1,6,12.0,7.0,3.0,1.75,6.0,7.0,3,23.666666666666668,3.6666666666666665,40,22.5,3.475,9.575,2.425
6579db3e90e4f55a5cb6,2025-26,2025-10-19,Liverpool,Manchester United,M Oliver,3,11,15.0,10.0,2.142857142857143,1.4285714285714286,15.0,15.0,6,21.833333333333332,2.1666666666666665,77,21.98701298701299,3.6363636363636362,9.74025974025974,2.6103896103896105
37baa8ab956b86d6880c,2025-26,2025-11-01,Liverpool,Aston Villa,S Attwell,7,8,15.0,15.0,1.6666666666666667,1.6666666666666667,7.0,6.0,6,21.833333333333332,5.166666666666667,90,21.866666666666667,3.522222222222222,9.822222222222223,2.6777777777777776
56ac2bef165ec3d4e572,2025-26,2025-11-22,Liverpool,Nottingham Forest,A Madley,8,19,18.0,9.0,1.6363636363636365,0.8181818181818182,13.0,13.0,4,24.0,3.25,110,22.01818181818182,3.581818181818182,9.909090909090908,2.7363636363636363
510540b24a9f163b8153,2025-26,2025-12-03,Liverpool,Sunderland,S Attwell,8,6,21.0,22.0,1.6153846153846154,1.6923076923076923,3.0,4.0,9,21.77777777777778,4.888888888888889,133,22.06015037593985,3.6766917293233083,9.924812030075188,2.81203007518797
85025837a7a7585b4ca9,2025-26,2025-12-13,Liverpool,Brighton & Hove Albion,C Pawson,10,8,23.0,23.0,1.5333333333333334,1.5333333333333334,7.0,6.0,9,21.11111111111111,1.7777777777777777,150,22.0,3.6266666666666665,9.98,2.82
81d4fd284910c939c03f,2025-26,2025-12-27,Liverpool,Wolverhampton Wanderers,S Hooper,6,20,29.0,2.0,1.7058823529411764,0.11764705882352941,7.0,7.0,10,24.8,4.7,171,21.859649122807017,3.6842105263157894,9.748538011695906,2.818713450292398
b756a90c74424d03f316,2025-26,2026-01-01,Liverpool,Leeds,C Kavanagh,4,16,32.0,20.0,1.7777777777777777,1.1111111111111112,5.0,4.0,14,23.214285714285715,4.0,186,21.618279569892472,3.6774193548387095,9.806451612903226,2.817204301075269
247dd233b4adac8bcc99,2025-26,2026-01-17,Liverpool,Burnley,A Madley,4,19,35.0,13.0,1.6666666666666667,0.6190476190476191,9.0,10.0,10,20.9,3.4,210,21.466666666666665,3.6666666666666665,9.771428571428572,2.795238095238095
8e0b557a8aa0060d321f,2025-26,2026-01-31,Liverpool,Newcastle United,S Hooper,6,9,36.0,33.0,1.565217391304348,1.434782608695652,7.0,6.0,13,24.46153846153846,4.153846153846154,230,21.404347826086955,3.6739130434782608,9.830434782608696,2.765217391304348
2ca7bd9ec6364cf540b8,2025-26,2026-02-08,Liverpool,Manchester City,C Pawson,6,2,39.0,47.0,1.625,1.9583333333333333,8.0,7.0,13,20.307692307692307,1.9230769230769231,248,21.387096774193548,3.6774193548387095,9.887096774193548,2.7983870967741935
37f20906e16370ca790c,2025-26,2026-02-28,Liverpool,West Ham United,T Robinson,6,18,45.0,25.0,1.6666666666666667,0.9259259259259259,6.0,7.0,7,23.0,4.428571428571429,272,21.53676470588235,3.7095588235294117,9.856617647058824,2.7536764705882355
0db3cea12eda6b54fe12,2025-26,2026-03-15,Liverpool,Tottenham,C Kavanagh,6,16,48.0,29.0,1.6551724137931034,1.0,12.0,10.0,21,22.714285714285715,3.857142857142857,296,21.64189189189189,3.722972972972973,9.89864864864865,2.7466216216216215
1b45ddf44e36a2cfd9d9,2025-26,2026-04-11,Liverpool,Fulham,A Taylor,5,9,49.0,44.0,1.5806451612903225,1.4193548387096775,21.0,21.0,24,20.25,4.0,310,21.516129032258064,3.735483870967742,9.941935483870967,2.738709677419355
4bb91e1f24665bc3c11e,2025-26,2026-04-25,Liverpool,Crystal Palace,A Madley,5,13,55.0,43.0,1.6666666666666667,1.34375,6.0,5.0,18,23.055555555555557,3.1666666666666665,333,21.6006006006006,3.705705705705706,9.96996996996997,2.744744744744745
357b9b44bdc3b298c09d,2025-26,2026-05-09,Liverpool,Chelsea,C Pawson,4,9,58.0,48.0,1.6571428571428573,1.3714285714285714,6.0,5.0,19,21.263157894736842,2.526315789473684,349,21.59025787965616,3.7535816618911175,9.94269340974212,2.7621776504297992
be428d26171087c1b564,2025-26,2026-05-24,Liverpool,Brentford,D England,5,9,59.0,52.0,1.5945945945945945,1.4054054054054055,9.0,7.0,22,22.227272727272727,4.2727272727272725,370,21.65135135135135,3.7567567567567566,9.981081081081081,2.7594594594594595
61efff67c895681bc2c0,2025-26,2025-08-23,Manchester City,Tottenham,P Bankes,2,4,3.0,3.0,3.0,3.0,7.0,7.0,1,22.0,3.0,11,21.454545454545453,2.8181818181818183,10.272727272727273,2.727272727272727
c964b636734a558df1ae,2025-26,2025-09-14,Manchester City,Manchester United,A Taylor,16,11,3.0,4.0,1.0,1.3333333333333333,14.0,15.0,3,20.666666666666668,4.666666666666667,38,22.789473684210527,3.6052631578947367,9.552631578947368,2.4473684210526314
6fde501ebdf4fd3f9c28,2025-26,2025-09-27,Manchester City,Burnley,R Jones,9,16,7.0,4.0,1.4,0.8,6.0,7.0,3,21.0,2.6666666666666665,50,22.36,3.52,9.72,2.48
615767ddaf2c4508a10a,2025-26,2025-10-18,Manchester City,Everton,T Harrington,5,8,13.0,11.0,1.8571428571428572,1.5714285714285714,13.0,13.0,3,19.0,5.0,70,22.15714285714286,3.7857142857142856,9.7,2.6
fa99af3fe48f9a75caa5,2025-26,2025-11-02,Manchester City,Bournemouth,A Taylor,8,2,16.0,18.0,1.7777777777777777,2.0,7.0,7.0,8,18.375,2.75,97,21.855670103092784,3.515463917525773,9.824742268041238,2.6597938144329896
ececd161b259489b1207,2025-26,2025-11-09,Manchester City,Liverpool,C Kavanagh,3,6,19.0,18.0,1.9,1.8,7.0,8.0,8,21.625,3.375,105,21.895238095238096,3.552380952380952,9.81904761904762,2.723809523809524
9c0728e6f824792071f9,2025-26,2025-11-29,Manchester City,Leeds,P Bankes,3,18,22.0,11.0,1.8333333333333333,0.9166666666666666,7.0,6.0,9,24.22222222222222,4.111111111111111,120,22.016666666666666,3.658333333333333,9.891666666666667,2.7333333333333334
ac54aec42e3342a1a731,2025-26,2025-12-06,Manchester City,Sunderland,A Madley,2,6,28.0,23.0,2.0,1.6428571428571428,4.0,3.0,6,22.333333333333332,3.1666666666666665,140,21.97142857142857,3.6142857142857143,9.928571428571429,2.807142857142857
73ba551f426742eebd26,2025-26,2025-12-20,Manchester City,West Ham United,P Tierney,2,18,34.0,13.0,2.125,0.8125,6.0,6.0,0,,,160,21.98125,3.6125,9.83125,2.85625
18f376fd3f28a3807bf5,2025-26,2026-01-04,Manchester City,Chelsea,M Oliver,3,5,41.0,30.0,2.1578947368421053,1.5789473684210527,3.0,5.0,15,22.0,2.3333333333333335,194,21.572164948453608,3.649484536082474,9.778350515463918,2.783505154639175
18037c109930d2dee03b,2025-26,2026-01-07,Manchester City,Brighton & Hove Albion,T Bramall,2,10,42.0,28.0,2.1,1.4,3.0,4.0,11,20.636363636363637,3.1818181818181817,201,21.48258706467662,3.63681592039801,9.800995024875622,2.791044776119403
fc5938b3befd7e363b67,2025-26,2026-01-24,Manchester City,Wolverhampton Wanderers,F Hallam,2,20,43.0,8.0,1.9545454545454546,0.36363636363636365,7.0,6.0,0,,,220,21.445454545454545,3.713636363636364,9.840909090909092,2.7409090909090907
0257961cc1425c1adfad,2025-26,2026-02-11,Manchester City,Fulham,P Tierney,2,12,50.0,34.0,2.0,1.36,3.0,4.0,3,20.333333333333332,4.0,254,21.437007874015748,3.704724409448819,9.858267716535433,2.795275590551181
6ec185a516091120516c,2025-26,2026-02-21,Manchester City,Newcastle United,T Bramall,2,10,53.0,36.0,2.0384615384615383,1.3846153846153846,10.0,11.0,14,21.071428571428573,3.7142857142857144,261,21.402298850574713,3.6934865900383143,9.854406130268199,2.781609195402299
142d0922f16ecf6c2d85,2025-26,2026-03-04,Manchester City,Nottingham Forest,D England,2,17,59.0,27.0,2.107142857142857,0.9642857142857143,4.0,3.0,17,22.058823529411764,3.8823529411764706,285,21.628070175438598,3.719298245614035,9.891228070175439,2.768421052631579
7a995b3227c24576ddb5,2025-26,2026-04-19,Manchester City,Arsenal,A Taylor,2,1,64.0,70.0,2.064516129032258,2.1875,7.0,8.0,25,20.0,3.84,324,21.61111111111111,3.7253086419753085,9.95679012345679,2.7253086419753085
e06157009a58bf7a517c,2025-26,2026-05-09,Manchester City,Brentford,M Salisbury,2,7,71.0,51.0,2.088235294117647,1.457142857142857,5.0,7.0,12,22.416666666666668,4.333333333333333,349,21.59025787965616,3.7535816618911175,9.94269340974212,2.7621776504297992
94a051a38206ab0440f9,2025-26,2026-05-13,Manchester City,Crystal Palace,S Attwell,2,15,74.0,44.0,2.1142857142857143,1.2571428571428571,4.0,3.0,23,21.608695652173914,4.608695652173913,359,21.682451253481894,3.7632311977715878,9.961002785515321,2.746518105849582
ee1aa1587511612c9b8e,2025-26,2026-05-24,Manchester City,Aston Villa,A Madley,2,4,78.0,62.0,2.108108108108108,1.6756756756756757,5.0,9.0,20,23.4,3.35,370,21.65135135135135,3.7567567567567566,9.981081081081081,2.7594594594594595
9044d0d676ce7c2bcfa5,2025-26,2025-08-17,Manchester United,Arsenal,S Hooper,15,9,0.0,0.0,,,,,0,,,6,22.0,2.5,10.333333333333334,3.0
43dbb151702e11ab0d73,2025-26,2025-08-30,Manchester United,Burnley,S Barrott,16,11,1.0,3.0,0.5,1.5,6.0,7.0,1,31.0,6.0,20,21.75,3.4,9.3,2.6
e449895385bc6819e021,2025-26,2025-09-20,Manchester United,Chelsea,P Bankes,14,5,4.0,8.0,1.0,2.0,6.0,7.0,4,23.0,4.5,40,22.5,3.475,9.575,2.425
3e1061c9cd20cc2c77de,2025-26,2025-10-04,Manchester United,Sunderland,S Attwell,14,6,7.0,11.0,1.1666666666666667,1.8333333333333333,7.0,7.0,4,21.5,5.0,61,21.9672131147541,3.721311475409836,9.98360655737705,2.639344262295082
cad70ae71bc002fed5a4,2025-26,2025-10-25,Manchester United,Brighton & Hove Albion,A Taylor,9,10,13.0,12.0,1.625,1.5,6.0,7.0,7,18.571428571428573,2.5714285714285716,81,21.925925925925927,3.6049382716049383,9.851851851851851,2.617283950617284
5e9e8b966300899424e6,2025-26,2025-11-24,Manchester United,Everton,T Harrington,10,13,18.0,15.0,1.6363636363636365,1.3636363636363635,16.0,16.0,5,19.6,3.6,119,22.025210084033613,3.672268907563025,9.890756302521009,2.7478991596638656
c816b534d044946b0e3b,2025-26,2025-12-04,Manchester United,West Ham United,A Kitchen,9,18,21.0,11.0,1.6153846153846154,0.8461538461538461,4.0,4.0,2,25.0,3.5,139,21.971223021582734,3.6115107913669067,9.913669064748202,2.8129496402877696
357190c8c0bf8a8151ad,2025-26,2025-12-15,Manchester United,Bournemouth,S Hooper,8,15,25.0,20.0,1.6666666666666667,1.3333333333333333,7.0,9.0,9,24.555555555555557,4.666666666666667,159,21.949685534591193,3.6037735849056602,9.836477987421384,2.8238993710691824
996f0a0119d5a16a4ff3,2025-26,2025-12-26,Manchester United,Newcastle United,A Taylor,7,11,26.0,23.0,1.5294117647058822,1.3529411764705883,5.0,6.0,14,20.428571428571427,4.0,170,21.905882352941177,3.6882352941176473,9.729411764705882,2.8294117647058825
0f3de3fe580fda605306,2025-26,2025-12-30,Manchester United,Wolverhampton Wanderers,T Bramall,6,20,29.0,2.0,1.6111111111111112,0.1111111111111111,4.0,3.0,10,20.6,3.3,180,21.63888888888889,3.683333333333333,9.794444444444444,2.7944444444444443
52fcbf3d8152542c4715,2025-26,2026-01-17,Manchester United,Manchester City,A Taylor,7,2,32.0,43.0,1.5238095238095237,2.0476190476190474,10.0,10.0,17,19.764705882352942,3.823529411764706,210,21.466666666666665,3.6666666666666665,9.771428571428572,2.795238095238095
a77e70af7e6334fbeddc,2025-26,2026-02-01,Manchester United,Fulham,J Brooks,6,7,38.0,34.0,1.6521739130434783,1.4782608695652173,7.0,8.0,8,21.25,3.75,235,21.425531914893618,3.6808510638297873,9.893617021276595,2.782978723404255
84e70867719cbb70787e,2025-26,2026-02-07,Manchester United,Tottenham,M Oliver,4,14,41.0,29.0,1.7083333333333333,1.2083333333333333,6.0,6.0,19,22.105263157894736,2.6842105263157894,241,21.37759336099585,3.684647302904564,9.896265560165975,2.79253112033195
249ca46882a9349e450c,2025-26,2026-03-01,Manchester United,Crystal Palace,C Kavanagh,4,13,48.0,35.0,1.7777777777777777,1.2962962962962963,6.0,7.0,19,22.42105263157895,3.789473684210526,277,21.537906137184116,3.7220216606498195,9.873646209386282,2.783393501805054
fe18f81dcc72eccbcc2f,2025-26,2026-03-15,Manchester United,Aston Villa,A Taylor,3,4,51.0,51.0,1.7586206896551724,1.7586206896551724,11.0,11.0,22,20.181818181818183,3.8181818181818183,296,21.64189189189189,3.722972972972973,9.89864864864865,2.7466216216216215
84b5e5e920f8e6219185,2025-26,2026-04-13,Manchester United,Leeds,P Tierney,3,15,55.0,33.0,1.7741935483870968,1.064516129032258,24.0,23.0,7,17.428571428571427,3.4285714285714284,318,21.547169811320753,3.7232704402515724,9.946540880503145,2.7327044025157234
60bc443dcce32d7658ec,2025-26,2026-04-27,Manchester United,Brentford,C Kavanagh,3,9,58.0,48.0,1.7575757575757576,1.4545454545454546,9.0,9.0,25,22.28,3.64,338,21.609467455621303,3.727810650887574,9.958579881656805,2.7337278106508878
eda6ae3134f45e8f3123,2025-26,2026-05-03,Manchester United,Liverpool,D England,3,4,61.0,58.0,1.7941176470588236,1.7058823529411764,6.0,8.0,21,22.19047619047619,4.285714285714286,344,21.584302325581394,3.744186046511628,9.94767441860465,2.741279069767442
70793132b5cba140df56,2025-26,2026-05-17,Manchester United,Nottingham Forest,M Salisbury,3,16,65.0,43.0,1.8055555555555556,1.1944444444444444,8.0,7.0,13,22.384615384615383,4.461538461538462,361,21.667590027700832,3.7590027700831024,9.977839335180056,2.7562326869806095
c322406b953eca33daf2,2025-26,2025-08-25,Newcastle United,Liverpool,S Hooper,15,5,1.0,3.0,1.0,3.0,9.0,10.0,1,29.0,5.0,19,21.210526315789473,3.3157894736842106,9.368421052631579,2.473684210526316
db97397fb67764500fd9,2025-26,2025-09-13,Newcastle United,Wolverhampton Wanderers,C Kavanagh,17,20,2.0,0.0,0.6666666666666666,0.0,14.0,14.0,3,17.666666666666668,2.6666666666666665,30,22.4,3.5,9.2,2.6
df2d2b671b9cf16d10e4,2025-26,2025-09-28,Newcastle United,Arsenal,J Gillett,15,7,6.0,10.0,1.2,2.0,7.0,7.0,3,18.0,2.0,57,22.087719298245613,3.7017543859649122,9.912280701754385,2.5964912280701755
d8a982c94093b87ea638,2025-26,2025-10-05,Newcastle United,Nottingham Forest,P Bankes,15,17,6.0,5.0,1.0,0.8333333333333334,7.0,8.0,5,23.8,4.6,65,21.984615384615385,3.707692307692308,9.830769230769231,2.6307692307692307
465aa5b3f2b7a150cc0d,2025-26,2025-10-25,Newcastle United,Fulham,P Bankes,15,16,9.0,8.0,1.125,1.0,7.0,7.0,6,25.0,4.5,81,21.925925925925927,3.6049382716049383,9.851851851851851,2.617283950617284
c83a4c22456d2954b44c,2025-26,2025-11-22,Newcastle United,Manchester City,S Barrott,14,2,12.0,22.0,1.0909090909090908,2.0,13.0,13.0,6,22.666666666666668,5.333333333333333,110,22.01818181818182,3.581818181818182,9.909090909090908,2.7363636363636363
a4a7954eec86da1589f3,2025-26,2025-12-02,Newcastle United,Tottenham,T Bramall,13,12,18.0,18.0,1.3846153846153846,1.3846153846153846,3.0,3.0,7,21.428571428571427,3.5714285714285716,130,22.1,3.6846153846153844,9.884615384615385,2.769230769230769
1260f75d6e2e39330176,2025-26,2025-12-06,Newcastle United,Burnley,S Attwell,12,19,19.0,10.0,1.3571428571428572,0.7142857142857143,4.0,3.0,10,21.1,4.6,140,21.97142857142857,3.6142857142857143,9.928571428571429,2.807142857142857
ed643502156a64024d10,2025-26,2025-12-20,Newcastle United,Chelsea,A Madley,12,4,22.0,28.0,1.375,1.75,6.0,7.0,7,21.857142857142858,2.857142857142857,160,21.98125,3.6125,9.83125,2.85625
736cdd98fb3e9eb5f6bf,2025-26,2026-01-04,Newcastle United,Crystal Palace,J Brooks,14,11,26.0,27.0,1.368421052631579,1.4210526315789473,5.0,3.0,6,22.666666666666668,3.5,194,21.572164948453608,3.649484536082474,9.778350515463918,2.783505154639175
25610c962b149e505c0a,2025-26,2026-01-07,Newcastle United,Leeds,M Salisbury,9,16,29.0,22.0,1.45,1.1,3.0,3.0,7,25.285714285714285,4.857142857142857,201,21.48258706467662,3.63681592039801,9.800995024875622,2.791044776119403
bf5ed5505e91051efcb3,2025-26,2026-01-25,Newcastle United,Aston Villa,J Gillett,9,3,33.0,43.0,1.5,1.9545454545454546,7.0,7.0,12,19.833333333333332,3.75,225,21.42222222222222,3.6977777777777776,9.826666666666666,2.76
a21568ac8b2d81675d55,2025-26,2026-02-07,Newcastle United,Brentford,A Madley,11,7,33.0,36.0,1.375,1.5,7.0,6.0,11,20.636363636363637,3.3636363636363638,241,21.37759336099585,3.684647302904564,9.896265560165975,2.79253112033195
b017c9d4349d169b94dd,2025-26,2026-02-28,Newcastle United,Everton,S Attwell,11,9,36.0,37.0,1.3333333333333333,1.3703703703703705,7.0,5.0,16,20.5,4.5625,272,21.53676470588235,3.7095588235294117,9.856617647058824,2.7536764705882355
751beb2fd637b990782e,2025-26,2026-03-04,Newcastle United,Manchester United,P Bankes,13,3,36.0,51.0,1.2857142857142858,1.8214285714285714,4.0,3.0,20,22.35,3.9,285,21.628070175438598,3.719298245614035,9.891228070175439,2.768421052631579
1bf1d218d048df454fe5,2025-26,2026-03-22,Newcastle United,Sunderland,A Taylor,11,13,42.0,40.0,1.4,1.3333333333333333,8.0,8.0,23,19.956521739130434,3.869565217391304,306,21.53267973856209,3.735294117647059,9.911764705882353,2.735294117647059
53ab430adbe52fb75c47,2025-26,2026-04-18,Newcastle United,Bournemouth,T Bramall,14,11,42.0,45.0,1.3125,1.40625,6.0,7.0,19,21.526315789473685,3.8947368421052633,319,21.564263322884013,3.727272727272727,9.962382445141065,2.7335423197492164
edf2903c39ba5174640f,2025-26,2026-05-02,Newcastle United,Brighton & Hove Albion,C Kavanagh,15,6,42.0,50.0,1.2352941176470589,1.4705882352941178,7.0,11.0,26,22.0,3.730769230769231,340,21.594117647058823,3.7441176470588236,9.958823529411765,2.738235294117647
d10c766f472d3e165def,2025-26,2026-05-17,Newcastle United,West Ham United,J Gillett,13,18,46.0,36.0,1.2777777777777777,1.0,7.0,7.0,21,19.80952380952381,3.5714285714285716,361,21.667590027700832,3.7590027700831024,9.977839335180056,2.7562326869806095
1aa62c11d10789ae3e92,2025-26,2025-08-17,Nottingham Forest,Brentford,P Bankes,16,10,0.0,0.0,,,,,0,,,6,22.0,2.5,10.333333333333334,3.0
a5d0ac0596d23bc378d5,2025-26,2025-08-31,Nottingham Forest,West Ham United,C Pawson,8,20,4.0,0.0,2.0,0.0,7.0,9.0,1,24.0,2.0,26,22.46153846153846,3.5384615384615383,8.961538461538462,2.6153846153846154
2adaf851eb6f404943a0,2025-26,2025-09-27,Nottingham Forest,Sunderland,T Harrington,15,7,5.0,8.0,1.0,1.6,7.0,6.0,2,20.0,4.5,50,22.36,3.52,9.72,2.48
25159dbefd791793f17e,2025-26,2025-10-18,Nottingham Forest,Chelsea,C Kavanagh,17,7,5.0,11.0,0.7142857142857143,1.5714285714285714,13.0,14.0,6,20.166666666666668,3.3333333333333335,70,22.15714285714286,3.7857142857142856,9.7,2.6
c20f0e79c6f2715f26ea,2025-26,2025-11-01,Nottingham Forest,Manchester United,D England,18,6,5.0,16.0,0.5555555555555556,1.7777777777777777,6.0,7.0,5,21.6,4.2,90,21.866666666666667,3.522222222222222,9.822222222222223,2.6777777777777776
1ebb97df5bb14f8722f0,2025-26,2025-11-09,Nottingham Forest,Leeds,J Gillett,19,16,6.0,11.0,0.6,1.1,8.0,8.0,7,20.428571428571427,3.7142857142857144,105,21.895238095238096,3.552380952380952,9.81904761904762,2.723809523809524
3640496aad283a10bb1b,2025-26,2025-11-30,Nottingham Forest,Brighton & Hove Albion,M Oliver,16,7,12.0,19.0,1.0,1.5833333333333333,8.0,8.0,10,22.0,2.5,125,21.912,3.688,9.928,2.8
a68163ebc962e1522324,2025-26,2025-12-14,Nottingham Forest,Tottenham,S Barrott,17,11,15.0,22.0,1.0,1.4666666666666666,8.0,8.0,9,20.444444444444443,4.222222222222222,154,21.98051948051948,3.603896103896104,9.96103896103896,2.824675324675325
2ee0b3e83165cee905ca,2025-26,2025-12-27,Nottingham Forest,Manchester City,R Jones,17,2,18.0,37.0,1.0588235294117647,2.176470588235294,5.0,7.0,10,20.8,3.7,171,21.859649122807017,3.6842105263157894,9.748538011695906,2.818713450292398
2ee5d60a7c84e57118af,2025-26,2025-12-30,Nottingham Forest,Everton,M Oliver,17,12,18.0,25.0,1.0,1.3888888888888888,3.0,3.0,14,22.142857142857142,2.4285714285714284,180,21.63888888888889,3.683333333333333,9.794444444444444,2.7944444444444443
204f559a6052fbe9d7ac,2025-26,2026-01-17,Nottingham Forest,Arsenal,M Oliver,17,1,21.0,49.0,1.0,2.3333333333333335,11.0,9.0,16,22.25,2.5625,210,21.466666666666665,3.6666666666666665,9.771428571428572,2.795238095238095
89ad153bb913d06c65ef,2025-26,2026-02-01,Nottingham Forest,Crystal Palace,M Salisbury,17,15,25.0,28.0,1.0869565217391304,1.2173913043478262,7.0,7.0,9,23.555555555555557,4.555555555555555,235,21.425531914893618,3.6808510638297873,9.893617021276595,2.782978723404255
31d0846eb96cd7727ab0,2025-26,2026-02-11,Nottingham Forest,Wolverhampton Wanderers,T Robinson,17,20,26.0,8.0,1.04,0.32,5.0,4.0,6,22.666666666666668,4.833333333333333,254,21.437007874015748,3.704724409448819,9.858267716535433,2.795275590551181
debd6e93a948a29daca5,2025-26,2026-02-22,Nottingham Forest,Liverpool,A Taylor,17,6,27.0,42.0,1.0384615384615385,1.6153846153846154,11.0,11.0,21,20.095238095238095,3.9047619047619047,266,21.451127819548873,3.7030075187969924,9.88345864661654,2.763157894736842
0ce38ed1e9540af56e6b,2025-26,2026-03-15,Nottingham Forest,Fulham,S Barrott,18,12,28.0,40.0,0.9655172413793104,1.3793103448275863,11.0,11.0,17,19.58823529411765,3.6470588235294117,296,21.64189189189189,3.722972972972973,9.89864864864865,2.7466216216216215
00c8da6e33c32e94acdd,2025-26,2026-04-12,Nottingham Forest,Aston Villa,M Salisbury,16,4,32.0,54.0,1.032258064516129,1.7419354838709677,21.0,21.0,10,22.8,4.5,314,21.480891719745223,3.71656050955414,9.945859872611464,2.738853503184713
a79b5f1dc022e3257a54,2025-26,2026-04-19,Nottingham Forest,Burnley,T Kirk,16,19,33.0,20.0,1.03125,0.625,7.0,8.0,4,24.0,3.25,324,21.61111111111111,3.7253086419753085,9.95679012345679,2.7253086419753085
c341f8cb0ccee7672c4f,2025-26,2026-05-10,Nottingham Forest,Newcastle United,P Tierney,16,13,42.0,45.0,1.2,1.2857142857142858,6.0,8.0,10,19.2,3.4,354,21.661016949152543,3.768361581920904,9.957627118644067,2.748587570621469
f3691569a289a4821be6,2025-26,2026-05-24,Nottingham Forest,Bournemouth,C Pawson,16,6,43.0,56.0,1.162162162162162,1.5135135135135136,7.0,5.0,20,21.9,2.7,370,21.65135135135135,3.7567567567567566,9.981081081081081,2.7594594594594595
5420c68f6f1918d72432,2025-26,2025-08-16,Sunderland,West Ham United,R Jones,16,18,0.0,0.0,,,,,0,,,1,17.0,3.0,13.0,6.0
7cf7c5c4f92cab0bb87b,2025-26,2025-08-30,Sunderland,Brentford,A Taylor,7,10,3.0,3.0,1.5,1.5,7.0,7.0,2,19.5,4.5,20,21.75,3.4,9.3,2.6
514a9b38d9b91746a476,2025-26,2025-09-21,Sunderland,Aston Villa,S Barrott,8,19,7.0,2.0,1.75,0.5,8.0,8.0,2,24.5,6.0,47,22.51063829787234,3.5531914893617023,9.680851063829786,2.5531914893617023
a5e6f7d909ff2be875fe,2025-26,2025-10-18,Sunderland,Wolverhampton Wanderers,R Jones,9,20,11.0,2.0,1.5714285714285714,0.2857142857142857,14.0,13.0,4,18.75,3.0,70,22.15714285714286,3.7857142857142856,9.7,2.6
dec9a4e0ba4434dc036d,2025-26,2025-11-03,Sunderland,Everton,T Bramall,7,15,17.0,11.0,1.8888888888888888,1.2222222222222223,9.0,8.0,5,21.8,3.0,99,21.757575757575758,3.515151515151515,9.8989898989899,2.686868686868687
0c0be508e48ac0b31b14,2025-26,2025-11-08,Sunderland,Arsenal,C Pawson,4,1,18.0,25.0,1.8,2.5,5.0,7.0,6,23.0,2.0,100,21.76,3.53,9.85,2.68
d434c0211e884dc3a52a,2025-26,2025-11-29,Sunderland,Bournemouth,T Robinson,7,8,19.0,19.0,1.5833333333333333,1.5833333333333333,7.0,7.0,2,19.5,4.0,120,22.016666666666666,3.658333333333333,9.891666666666667,2.7333333333333334
778dcf2b627318ac7bf4,2025-26,2025-12-14,Sunderland,Newcastle United,P Bankes,10,12,23.0,22.0,1.5333333333333334,1.4666666666666666,8.0,8.0,11,24.0,4.0,154,21.98051948051948,3.603896103896104,9.96103896103896,2.824675324675325
6697e3a57cb8218c811f,2025-26,2025-12-28,Sunderland,Leeds,T Harrington,7,16,27.0,19.0,1.588235294117647,1.1176470588235294,8.0,8.0,7,19.285714285714285,3.0,178,21.724719101123597,3.691011235955056,9.808988764044944,2.808988764044944
c844038367d8cf0fce1b,2025-26,2026-01-01,Sunderland,Manchester City,J Gillett,7,2,28.0,40.0,1.5555555555555556,2.2222222222222223,4.0,5.0,9,19.555555555555557,3.7777777777777777,186,21.618279569892472,3.6774193548387095,9.806451612903226,2.817204301075269
35726903e7d882b352b4,2025-26,2026-01-17,Sunderland,Crystal Palace,R Jones,10,13,30.0,28.0,1.4285714285714286,1.3333333333333333,10.0,10.0,12,19.833333333333332,3.5833333333333335,210,21.466666666666665,3.6666666666666665,9.771428571428572,2.795238095238095
99869d75a542910699eb,2025-26,2026-02-02,Sunderland,Burnley,P Tierney,11,19,33.0,15.0,1.434782608695652,0.6521739130434783,9.0,9.0,2,19.5,3.5,239,21.376569037656903,3.6861924686192467,9.903765690376568,2.786610878661088
20efad507f628a102651,2025-26,2026-02-11,Sunderland,Liverpool,C Kavanagh,11,6,36.0,39.0,1.44,1.56,4.0,3.0,18,22.666666666666668,3.9444444444444446,254,21.437007874015748,3.704724409448819,9.858267716535433,2.795275590551181
98dc1d86bb6e6306a5bf,2025-26,2026-02-22,Sunderland,Fulham,C Pawson,11,13,36.0,34.0,1.3846153846153846,1.3076923076923077,11.0,11.0,14,20.928571428571427,2.2142857142857144,266,21.451127819548873,3.7030075187969924,9.88345864661654,2.763157894736842
fa7b60f026fbafbbcd54,2025-26,2026-03-14,Sunderland,Brighton & Hove Albion,T Kirk,11,14,40.0,37.0,1.3793103448275863,1.2758620689655173,11.0,10.0,3,25.666666666666668,3.3333333333333335,291,21.68384879725086,3.745704467353952,9.8659793814433,2.7731958762886597
85e6b18ed72f60018b26,2025-26,2026-04-12,Sunderland,Tottenham,R Jones,12,18,43.0,30.0,1.3870967741935485,0.967741935483871,21.0,21.0,15,20.666666666666668,4.2,314,21.480891719745223,3.71656050955414,9.945859872611464,2.738853503184713
811b5df1218b3a5aa1e6,2025-26,2026-04-24,Sunderland,Nottingham Forest,D England,11,16,46.0,36.0,1.393939393939394,1.0909090909090908,5.0,5.0,20,21.9,4.15,332,21.58132530120482,3.6957831325301207,9.97289156626506,2.7379518072289155
8f4f55739b493d318913,2025-26,2026-05-09,Sunderland,Manchester United,S Attwell,12,3,47.0,64.0,1.3428571428571427,1.8285714285714285,7.0,6.0,22,21.5,4.681818181818182,349,21.59025787965616,3.7535816618911175,9.94269340974212,2.7621776504297992
7921a1c01164d6b3395d,2025-26,2026-05-24,Sunderland,Chelsea,C Kavanagh,10,8,51.0,52.0,1.3783783783783783,1.4054054054054055,7.0,5.0,29,22.103448275862068,3.9310344827586206,370,21.65135135135135,3.7567567567567566,9.981081081081081,2.7594594594594595
dbaf3a0a88259c2d62c7,2025-26,2025-08-16,Tottenham,Burnley,M Oliver,17,6,0.0,0.0,,,,,0,,,1,17.0,3.0,13.0,6.0
6d6ea000d7d2308d708d,2025-26,2025-08-30,Tottenham,Bournemouth,S Hooper,2,9,6.0,3.0,3.0,1.5,7.0,7.0,2,30.5,5.0,20,21.75,3.4,9.3,2.6
9dc49494a7cceda01a24,2025-26,2025-09-27,Tottenham,Wolverhampton Wanderers,M Salisbury,3,20,10.0,0.0,2.0,0.0,7.0,7.0,1,14.0,1.0,50,22.36,3.52,9.72,2.48
29b5c62b0a9767d33fb0,2025-26,2025-10-19,Tottenham,Aston Villa,S Hooper,5,13,14.0,9.0,2.0,1.2857142857142858,15.0,14.0,6,27.666666666666668,5.166666666666667,77,21.98701298701299,3.6363636363636362,9.74025974025974,2.6103896103896105
2f9c5ee3196d19535c02,2025-26,2025-11-01,Tottenham,Chelsea,J Gillett,3,9,17.0,14.0,1.8888888888888888,1.5555555555555556,6.0,7.0,6,19.5,3.3333333333333335,90,21.866666666666667,3.522222222222222,9.822222222222223,2.6777777777777776
9738f7f9365ff6784336,2025-26,2025-11-08,Tottenham,Manchester United,S Barrott,6,8,17.0,17.0,1.7,1.7,7.0,7.0,5,23.6,5.2,100,21.76,3.53,9.85,2.68
ce07e7f6799c90d85a3e,2025-26,2025-11-29,Tottenham,Fulham,S Attwell,9,15,18.0,14.0,1.5,1.1666666666666667,6.0,7.0,8,22.25,4.875,120,22.016666666666666,3.658333333333333,9.891666666666667,2.7333333333333334
f350a5bdaaba92c5eaba,2025-26,2025-12-06,Tottenham,Brentford,R Jones,11,13,19.0,19.0,1.3571428571428572,1.3571428571428572,4.0,3.0,8,21.125,3.25,140,21.97142857142857,3.6142857142857143,9.928571428571429,2.807142857142857
ebc10eb19d027860183c,2025-26,2025-12-20,Tottenham,Liverpool,J Brooks,11,7,22.0,26.0,1.375,1.625,6.0,7.0,4,25.0,2.5,160,21.98125,3.6125,9.83125,2.85625
3bf7a72f4b6ac2c4ee95,2025-26,2026-01-04,Tottenham,Sunderland,S Attwell,13,7,26.0,29.0,1.368421052631579,1.5263157894736843,3.0,3.0,12,21.25,4.833333333333333,194,21.572164948453608,3.649484536082474,9.778350515463918,2.783505154639175
2aa163f9a22dfad204c1,2025-26,2026-01-17,Tottenham,West Ham United,J Gillett,14,18,27.0,14.0,1.2857142857142858,0.6666666666666666,10.0,11.0,11,19.0,3.3636363636363638,210,21.466666666666665,3.6666666666666665,9.771428571428572,2.795238095238095
89eb132219e64f90296e,2025-26,2026-02-01,Tottenham,Manchester City,R Jones,14,2,28.0,46.0,1.2173913043478262,2.0,8.0,8.0,13,20.076923076923077,3.769230769230769,235,21.425531914893618,3.6808510638297873,9.893617021276595,2.782978723404255
764572aa79b4b1126a05,2025-26,2026-02-10,Tottenham,Newcastle United,A Taylor,15,12,29.0,33.0,1.16,1.32,3.0,3.0,20,19.8,3.85,250,21.416,3.688,9.872,2.792
0629a2d353bc749397dd,2025-26,2026-02-22,Tottenham,Arsenal,P Bankes,16,1,29.0,58.0,1.1153846153846154,2.1481481481481484,12.0,4.0,18,22.27777777777778,4.0,266,21.451127819548873,3.7030075187969924,9.88345864661654,2.763157894736842
1cc6c218219665df3971,2025-26,2026-03-05,Tottenham,Crystal Palace,A Madley,16,14,29.0,35.0,1.0357142857142858,1.25,4.0,4.0,14,22.357142857142858,3.5,290,21.662068965517243,3.7413793103448274,9.86896551724138,2.768965517241379
0eacc08f1932770bf018,2025-26,2026-03-22,Tottenham,Nottingham Forest,M Oliver,16,17,30.0,29.0,1.0,0.9666666666666667,7.0,7.0,22,22.227272727272727,2.8636363636363638,306,21.53267973856209,3.735294117647059,9.911764705882353,2.735294117647059
799668670d8370ac3298,2025-26,2026-04-18,Tottenham,Brighton & Hove Albion,S Attwell,18,9,30.0,46.0,0.9375,1.4375,6.0,7.0,20,21.25,4.6,319,21.564263322884013,3.727272727272727,9.962382445141065,2.7335423197492164
e9143f1f7da972e8bbc5,2025-26,2026-05-11,Tottenham,Leeds,J Gillett,17,16,37.0,43.0,1.0571428571428572,1.2285714285714286,8.0,10.0,20,19.85,3.55,358,21.689944134078214,3.7625698324022347,9.94413407821229,2.7486033519553073
aec3745c5a083e7138dd,2025-26,2026-05-24,Tottenham,Everton,M Oliver,17,12,38.0,49.0,1.027027027027027,1.3243243243243243,5.0,7.0,28,22.571428571428573,3.0,370,21.65135135135135,3.7567567567567566,9.981081081081081,2.7594594594594595
6bae600ff3f41ad94aee,2025-26,2025-08-22,West Ham United,Chelsea,M Oliver,19,11,0.0,1.0,0.0,1.0,6.0,5.0,1,22.0,0.0,10,21.9,3.0,10.1,2.4
76d24653b890e17b5fe2,2025-26,2025-09-13,West Ham United,Tottenham,J Gillett,16,4,3.0,6.0,1.0,2.0,13.0,14.0,2,19.5,2.5,30,22.4,3.5,9.2,2.6
2284cf276976adfdddff,2025-26,2025-09-20,West Ham United,Crystal Palace,T Harrington,18,9,3.0,6.0,0.75,1.5,7.0,7.0,1,20.0,3.0,40,22.5,3.475,9.575,2.425
2c6254c0c3c932eba93a,2025-26,2025-10-20,West Ham United,Brentford,A Madley,19,16,4.0,7.0,0.5714285714285714,1.0,16.0,15.0,1,23.0,5.0,79,21.936708860759495,3.5949367088607596,9.810126582278482,2.6202531645569622
091be63b9770c8854e3c,2025-26,2025-11-02,West Ham United,Newcastle United,R Jones,19,13,4.0,12.0,0.4444444444444444,1.3333333333333333,9.0,8.0,5,18.4,2.4,97,21.855670103092784,3.515463917525773,9.824742268041238,2.6597938144329896
882a81a4516636eb698a,2025-26,2025-11-08,West Ham United,Burnley,M Salisbury,18,17,7.0,10.0,0.7,1.0,6.0,7.0,3,21.0,3.6666666666666665,100,21.76,3.53,9.85,2.68
a47b9f07e1d96bafb69a,2025-26,2025-11-30,West Ham United,Liverpool,D England,17,13,11.0,18.0,0.9166666666666666,1.5,8.0,8.0,7,20.428571428571427,4.142857142857143,125,21.912,3.688,9.928,2.8
b08733bb230367e6f4ff,2025-26,2025-12-14,West Ham United,Aston Villa,A Taylor,18,3,13.0,30.0,0.8666666666666667,2.0,7.0,8.0,12,20.083333333333332,3.6666666666666665,154,21.98051948051948,3.603896103896104,9.96103896103896,2.824675324675325
483a4309e4bc47aced41,2025-26,2025-12-27,West Ham United,Fulham,C Kavanagh,18,13,13.0,23.0,0.7647058823529411,1.3529411764705883,7.0,5.0,13,23.76923076923077,4.0,171,21.859649122807017,3.6842105263157894,9.748538011695906,2.818713450292398
5cb11e2bc4e58cebb8ba,2025-26,2025-12-30,West Ham United,Brighton & Hove Albion,M Salisbury,18,13,13.0,24.0,0.7222222222222222,1.3333333333333333,3.0,3.0,6,24.666666666666668,4.333333333333333,180,21.63888888888889,3.683333333333333,9.794444444444444,2.7944444444444443
5b8e612f607960cc817e,2025-26,2026-01-06,West Ham United,Nottingham Forest,T Harrington,18,17,14.0,18.0,0.7,0.9,3.0,3.0,9,18.666666666666668,3.0,200,21.47,3.64,9.795,2.79
5cefde467ba4645d8590,2025-26,2026-01-24,West Ham United,Sunderland,T Bramall,18,9,17.0,33.0,0.7727272727272727,1.5,7.0,7.0,12,20.75,3.5,220,21.445454545454545,3.713636363636364,9.840909090909092,2.7409090909090907
99037afb61466fe8704e,2025-26,2026-02-10,West Ham United,Manchester United,S Hooper,18,4,23.0,44.0,0.92,1.76,3.0,3.0,14,24.0,4.142857142857143,250,21.416,3.688,9.872,2.792
32a8f9b874a1b7e75dd5,2025-26,2026-02-21,West Ham United,Bournemouth,S Barrott,18,9,24.0,37.0,0.9230769230769231,1.4230769230769231,11.0,11.0,15,19.6,3.7333333333333334,261,21.402298850574713,3.6934865900383143,9.854406130268199,2.781609195402299
970d2893e609aa9cfa52,2025-26,2026-03-14,West Ham United,Manchester City,M Oliver,18,2,28.0,60.0,0.9655172413793104,2.0689655172413794,10.0,10.0,21,22.38095238095238,2.8095238095238093,291,21.68384879725086,3.745704467353952,9.8659793814433,2.7731958762886597
cb2b6915f1a2553c63a2,2025-26,2026-04-10,West Ham United,Wolverhampton Wanderers,J Gillett,18,20,29.0,17.0,0.9354838709677419,0.5483870967741935,19.0,25.0,18,20.0,3.6666666666666665,309,21.527508090614887,3.73462783171521,9.951456310679612,2.73462783171521
aaf3f0e6c1f9f536dc4e,2025-26,2026-04-25,West Ham United,Everton,S Attwell,17,10,33.0,47.0,1.0,1.4242424242424243,5.0,6.0,21,21.571428571428573,4.571428571428571,333,21.6006006006006,3.705705705705706,9.96996996996997,2.744744744744745
8cfdf4238181118636af,2025-26,2026-05-10,West Ham United,Arsenal,C Kavanagh,18,1,36.0,76.0,1.0285714285714285,2.1714285714285713,8.0,8.0,27,22.0,3.814814814814815,354,21.661016949152543,3.768361581920904,9.957627118644067,2.748587570621469
cd46c4374068182ca4c8,2025-26,2026-05-24,West Ham United,Leeds,A Taylor,18,14,36.0,47.0,0.972972972972973,1.2702702702702702,7.0,7.0,30,20.333333333333332,3.966666666666667,370,21.65135135135135,3.7567567567567566,9.981081081081081,2.7594594594594595
f17f537eb41aa245ad3f,2025-26,2025-08-16,Wolverhampton Wanderers,Manchester City,J Gillett,19,12,0.0,0.0,,,,,0,,,1,17.0,3.0,13.0,6.0
ed8744209cb7d0f308a6,2025-26,2025-08-30,Wolverhampton Wanderers,Everton,M Oliver,19,8,0.0,3.0,0.0,1.5,7.0,6.0,2,19.5,0.5,20,21.75,3.4,9.3,2.6
be83f04f053e5dfdb49d,2025-26,2025-09-20,Wolverhampton Wanderers,Leeds,A Taylor,20,16,0.0,4.0,0.0,1.0,7.0,7.0,4,19.5,3.5,40,22.5,3.475,9.575,2.425
4b892e4f601232c15d8f,2025-26,2025-10-05,Wolverhampton Wanderers,Brighton & Hove Albion,J Gillett,20,11,1.0,8.0,0.16666666666666666,1.3333333333333333,8.0,8.0,4,17.75,2.25,65,21.984615384615385,3.707692307692308,9.830769230769231,2.6307692307692307
c901707df4b0f0eacd4f,2025-26,2025-10-26,Wolverhampton Wanderers,Burnley,T Harrington,20,17,2.0,7.0,0.25,0.875,8.0,8.0,4,19.75,4.25,85,21.96470588235294,3.588235294117647,9.776470588235295,2.6941176470588237
ee2a5992245bdc53c156,2025-26,2025-11-22,Wolverhampton Wanderers,Crystal Palace,A Taylor,20,10,2.0,17.0,0.18181818181818182,1.5454545454545454,14.0,13.0,9,18.444444444444443,2.888888888888889,110,22.01818181818182,3.581818181818182,9.909090909090908,2.7363636363636363
40f5db5bb56b993e28ff,2025-26,2025-12-03,Wolverhampton Wanderers,Nottingham Forest,T Robinson,20,16,2.0,12.0,0.15384615384615385,0.9230769230769231,3.0,3.0,3,22.0,6.0,133,22.06015037593985,3.6766917293233083,9.924812030075188,2.81203007518797
83fdf7eab9de2901990a,2025-26,2025-12-08,Wolverhampton Wanderers,Manchester United,M Salisbury,20,12,2.0,22.0,0.14285714285714285,1.5714285714285714,5.0,4.0,5,23.8,4.2,149,21.953020134228186,3.61744966442953,9.979865771812081,2.8053691275167787
725d7d81e073def2593c,2025-26,2025-12-20,Wolverhampton Wanderers,Brentford,M Donohue,20,15,2.0,20.0,0.125,1.25,7.0,6.0,0,,,160,21.98125,3.6125,9.83125,2.85625
b4b2b80da84334ee74d6,2025-26,2026-01-03,Wolverhampton Wanderers,West Ham United,P Bankes,20,18,3.0,14.0,0.15789473684210525,0.7368421052631579,4.0,4.0,13,23.153846153846153,4.384615384615385,190,21.521052631578947,3.663157894736842,9.76842105263158,2.768421052631579
03c93544eda4ad474853,2025-26,2026-01-18,Wolverhampton Wanderers,Newcastle United,S Barrott,20,9,7.0,32.0,0.3333333333333333,1.5238095238095237,11.0,11.0,12,19.333333333333332,4.0,217,21.451612903225808,3.7096774193548385,9.80184331797235,2.7649769585253456
05d8b4d8480f48aec7d1,2025-26,2026-01-31,Wolverhampton Wanderers,Bournemouth,M Oliver,20,13,8.0,30.0,0.34782608695652173,1.3043478260869565,7.0,7.0,18,21.88888888888889,2.5,230,21.404347826086955,3.6739130434782608,9.830434782608696,2.765217391304348
c4cb0168420b36281d96,2025-26,2026-02-07,Wolverhampton Wanderers,Chelsea,J Gillett,20,5,8.0,40.0,0.3333333333333333,1.6666666666666667,7.0,7.0,13,19.76923076923077,3.6923076923076925,241,21.37759336099585,3.684647302904564,9.896265560165975,2.79253112033195
c916fcce3b968ccf5d74,2025-26,2026-02-18,Wolverhampton Wanderers,Arsenal,P Tierney,20,1,9.0,57.0,0.34615384615384615,2.1923076923076925,7.0,6.0,4,19.75,4.0,260,21.43076923076923,3.6961538461538463,9.876923076923077,2.776923076923077
bab7107c11b46cbf53d8,2025-26,2026-02-27,Wolverhampton Wanderers,Aston Villa,C Pawson,20,3,10.0,51.0,0.35714285714285715,1.8888888888888888,5.0,6.0,15,20.8,2.2,271,21.498154981549817,3.7011070110701105,9.874538745387454,2.756457564575646
5cf3171bc7678c977b4e,2025-26,2026-03-03,Wolverhampton Wanderers,Liverpool,T Bramall,20,5,13.0,48.0,0.4482758620689655,1.7142857142857142,4.0,3.0,16,21.5625,4.0625,281,21.587188612099645,3.7330960854092528,9.88967971530249,2.786476868327402
af58cc8b6eeed98e8452,2025-26,2026-04-25,Wolverhampton Wanderers,Tottenham,A Taylor,20,18,17.0,31.0,0.5151515151515151,0.9393939393939394,7.0,7.0,26,19.884615384615383,3.8461538461538463,333,21.6006006006006,3.705705705705706,9.96996996996997,2.744744744744745
162faebe8ca596ee8b7d,2025-26,2026-05-02,Wolverhampton Wanderers,Sunderland,P Tierney,20,12,17.0,46.0,0.5,1.3529411764705883,7.0,8.0,9,18.88888888888889,3.3333333333333335,340,21.594117647058823,3.7441176470588236,9.958823529411765,2.738235294117647
08ac84a9d86c10477bcf,2025-26,2026-05-17,Wolverhampton Wanderers,Fulham,T Kirk,20,11,18.0,48.0,0.5,1.3333333333333333,8.0,8.0,5,23.2,3.0,361,21.667590027700832,3.7590027700831024,9.977839335180056,2.7562326869806095
0a9f0bf0a8674d2a443b,2026-27,2026-08-21,Arsenal,Coventry,T Bramall,1,7,0.0,0.0,,,,,0,,,0,,,,
c5b6dd470d2e2dc1a27a,2026-27,2026-08-22,Brentford,Tottenham,M Oliver,4,19,0.0,0.0,,,,,0,,,1,23.0,2.0,10.0,3.0
80126a3bcc5879d95522,2026-27,2026-08-23,Brighton & Hove Albion,Aston Villa,P Bankes,9,7,0.0,0.0,,,,,0,,,6,24.666666666666668,2.3333333333333335,7.333333333333333,2.3333333333333335
0598a9ab3c118e779149,2026-27,2026-08-22,Everton,Crystal Palace,P Tierney,8,7,0.0,0.0,,,,,0,,,1,23.0,2.0,10.0,3.0
092f05f36b9603960bbf,2026-27,2026-08-24,Fulham,Chelsea,J Brooks,12,11,0.0,0.0,,,,,0,,,9,24.88888888888889,3.3333333333333335,7.777777777777778,2.7777777777777777
2304a830a7804f34b177,2026-27,2026-08-22,Hull,Manchester United,D England,10,15,0.0,0.0,,,,,0,,,1,23.0,2.0,10.0,3.0
b2d5bc1930cf4a61af0f,2026-27,2026-08-22,Ipswich,Sunderland,F Hallam,11,18,0.0,0.0,,,,,0,,,1,23.0,2.0,10.0,3.0
ed9e18269eda32e0e17e,2026-27,2026-08-23,Manchester City,Bournemouth,J Gillett,13,8,0.0,0.0,,,,,0,,,6,24.666666666666668,2.3333333333333335,7.333333333333333,2.3333333333333335
2460c740d97e55fc3a94,2026-27,2026-08-23,Newcastle United,Liverpool,S Attwell,14,12,0.0,0.0,,,,,0,,,6,24.666666666666668,2.3333333333333335,7.333333333333333,2.3333333333333335
10489473369ebe324438,2026-27,2026-08-22,Nottingham Forest,Leeds,R Jones,17,12,0.0,0.0,,,,,0,,,1,23.0,2.0,10.0,3.0
