match_id,season,match_date,team,opponent,venue,referee,season_matches_before,season_fouls_committed_avg,season_fouls_suffered_avg,season_corners_for_avg,season_corners_against_avg,season_yellow_cards_avg,venue_matches_before,venue_fouls_committed_avg,venue_fouls_suffered_avg,venue_corners_for_avg,venue_corners_against_avg,last3_fouls_committed_avg,last5_fouls_committed_avg,last10_fouls_committed_avg,last3_fouls_suffered_avg,last5_fouls_suffered_avg,last10_fouls_suffered_avg,last5_corners_for_avg,last5_corners_against_avg,last5_yellow_cards_avg,target_fouls_committed,target_fouls_suffered,target_corners_for,target_yellow_cards
0f2308874945d21c04c3,2022-23,2022-08-05,Arsenal,Crystal Palace,A,A Taylor,0,,,,,,0,,,,,,,,,,,,,,11.0,16.0,5.0,2.0
207e193a3325c15a45b8,2022-23,2022-08-13,Arsenal,Leicester,H,D England,1,11.0,16.0,5.0,3.0,2.0,0,,,,,11.0,11.0,11.0,16.0,16.0,16.0,5.0,3.0,2.0,15.0,9.0,6.0,1.0
d78e9cfccc26018f13da,2022-23,2022-08-20,Arsenal,Bournemouth,A,C Pawson,2,13.0,12.5,5.5,2.5,1.5,1,11.0,16.0,5.0,3.0,13.0,13.0,13.0,12.5,12.5,12.5,5.5,2.5,1.5,10.0,12.0,4.0,1.0
938b05c9beb26b34732d,2022-23,2022-08-27,Arsenal,Fulham,H,J Gillett,3,12.0,12.333333333333334,5.0,2.6666666666666665,1.3333333333333333,1,15.0,9.0,6.0,2.0,12.0,12.0,12.0,12.333333333333334,12.333333333333334,12.333333333333334,5.0,2.6666666666666665,1.3333333333333333,6.0,12.0,9.0,2.0
5a7467b6529cce0fb817,2022-23,2022-08-31,Arsenal,Aston Villa,H,R Jones,4,10.5,12.25,6.0,2.5,1.5,2,10.5,10.5,7.5,2.0,10.333333333333334,10.5,10.5,11.0,12.25,12.25,6.0,2.5,1.5,10.0,14.0,10.0,2.0
d976757611ea64e4b3f1,2022-23,2022-09-04,Arsenal,Manchester United,A,P Tierney,5,10.4,12.6,6.8,2.6,1.6,2,10.5,14.0,4.5,3.0,8.666666666666666,10.4,10.4,12.666666666666666,12.6,12.6,6.8,2.6,1.6,9.0,13.0,5.0,3.0
c081c39d0fa21ad30f77,2022-23,2022-09-18,Arsenal,Brentford,A,D Coote,6,10.166666666666666,12.666666666666666,6.5,2.5,1.8333333333333333,3,10.0,13.666666666666666,4.666666666666667,2.6666666666666665,8.333333333333334,10.0,10.166666666666666,13.0,12.0,12.666666666666666,6.8,2.4,1.8,10.0,10.0,3.0,2.0
610b0db09213c511285b,2022-23,2022-10-01,Arsenal,Tottenham,H,A Taylor,7,10.142857142857142,12.285714285714286,6.0,2.5714285714285716,1.8571428571428572,3,10.333333333333334,11.666666666666666,8.333333333333334,2.3333333333333335,9.666666666666666,9.0,10.142857142857142,12.333333333333334,12.2,12.285714285714286,6.2,2.6,2.0,10.0,10.0,5.0,2.0
fcd1bb6e5784d419d314,2022-23,2022-10-09,Arsenal,Liverpool,H,M Oliver,8,10.125,12.0,5.875,2.5,1.875,4,10.25,11.25,7.5,2.25,9.666666666666666,9.0,10.125,11.0,11.8,12.0,6.4,2.4,2.2,11.0,11.0,4.0,1.0
fab0b517e57658c6ae8c,2022-23,2022-10-16,Arsenal,Leeds,A,C Kavanagh,9,10.222222222222221,11.88888888888889,5.666666666666667,2.5555555555555554,1.7777777777777777,4,10.0,12.75,4.25,2.75,10.333333333333334,10.0,10.222222222222221,10.333333333333334,11.6,11.88888888888889,5.4,2.6,2.0,11.0,10.0,3.0,2.0
df1169519b5ac80f8121,2022-23,2022-10-23,Arsenal,Southampton,A,R Jones,10,10.3,11.7,5.4,2.9,1.8,5,10.2,12.2,4.0,3.4,10.666666666666666,10.2,10.3,10.333333333333334,10.8,11.7,4.0,3.2,2.0,8.0,11.0,4.0,1.0
bb71f16e3cc659cfeb23,2022-23,2022-10-30,Arsenal,Nottingham Forest,H,S Hooper,11,10.090909090909092,11.636363636363637,5.2727272727272725,3.4545454545454546,1.7272727272727273,5,10.4,11.2,6.8,2.4,10.0,10.0,10.0,10.666666666666666,10.4,11.2,3.8,4.6,1.6,9.0,8.0,9.0,0.0
5b154787bd91f9fe72e7,2022-23,2022-11-06,Arsenal,Chelsea,A,M Oliver,12,10.0,11.333333333333334,5.583333333333333,3.5,1.5833333333333333,6,9.833333333333334,12.0,4.0,4.333333333333333,9.333333333333334,9.8,9.4,9.666666666666666,10.0,11.1,5.0,4.8,1.2,13.0,20.0,6.0,2.0
53e133929ad636965a86,2022-23,2022-11-12,Arsenal,Wolverhampton Wanderers,A,S Attwell,13,10.23076923076923,12.0,5.615384615384615,3.5384615384615383,1.6153846153846154,7,10.285714285714286,13.142857142857142,4.285714285714286,4.285714285714286,10.0,10.4,9.7,13.0,12.0,11.9,5.2,5.2,1.2,6.0,5.0,4.0,2.0
71c77a8e8e2066b27069,2022-23,2022-12-26,Arsenal,West Ham United,H,M Oliver,14,9.928571428571429,11.5,5.5,3.7142857142857144,1.6428571428571428,6,10.166666666666666,10.666666666666666,7.166666666666667,2.6666666666666665,9.333333333333334,9.4,9.7,11.0,10.8,11.2,5.2,5.8,1.4,13.0,17.0,7.0,0.0
5eca2ba66dfd249bb643,2022-23,2022-12-31,Arsenal,Brighton & Hove Albion,A,A Taylor,15,10.133333333333333,11.866666666666667,5.6,3.8,1.5333333333333334,8,9.75,12.125,4.25,4.5,10.666666666666666,9.8,10.0,14.0,12.2,11.5,6.0,5.6,1.0,11.0,7.0,4.0,3.0
2e3f90ad23c08563f2d1,2022-23,2023-01-03,Arsenal,Newcastle United,H,A Madley,16,10.1875,11.5625,5.5,4.0,1.625,7,10.571428571428571,11.571428571428571,7.142857142857143,3.0,10.0,10.4,10.2,9.666666666666666,11.4,10.9,6.0,5.2,1.4,10.0,16.0,5.0,4.0
d98705c50312db4b4f4d,2022-23,2023-01-15,Arsenal,Tottenham,A,C Pawson,17,10.176470588235293,11.823529411764707,5.470588235294118,4.0588235294117645,1.7647058823529411,9,9.88888888888889,11.555555555555555,4.222222222222222,4.777777777777778,11.333333333333334,10.6,10.2,13.333333333333334,13.0,11.5,5.2,5.4,2.2,15.0,16.0,3.0,2.0
461cf461f0c63d738caa,2022-23,2023-01-22,Arsenal,Manchester United,H,A Taylor,18,10.444444444444445,12.055555555555555,5.333333333333333,4.055555555555555,1.7777777777777777,8,10.5,12.125,6.875,3.25,12.0,11.0,10.7,13.0,12.2,12.1,4.6,5.4,2.2,8.0,9.0,12.0,1.0
4b330d497cc83aca8b5b,2022-23,2023-02-04,Arsenal,Everton,A,D Coote,19,10.31578947368421,11.894736842105264,5.684210526315789,4.052631578947368,1.736842105263158,10,10.4,12.0,4.1,4.7,11.0,11.4,10.4,13.666666666666666,13.0,11.9,6.2,5.0,2.0,8.0,13.0,5.0,1.0
a133d2cf878d9098b533,2022-23,2023-02-11,Arsenal,Brentford,H,P Bankes,20,10.2,11.95,5.65,4.2,1.7,9,10.222222222222221,11.777777777777779,7.444444444444445,3.3333333333333335,10.333333333333334,10.4,10.1,12.666666666666666,12.2,12.2,5.8,5.4,2.2,9.0,9.0,7.0,0.0
83b56e35bc0e188edad2,2022-23,2023-02-15,Arsenal,Manchester City,H,A Taylor,21,10.142857142857142,11.80952380952381,5.714285714285714,4.190476190476191,1.619047619047619,10,10.1,11.5,7.4,3.4,8.333333333333334,10.0,10.2,10.333333333333334,12.6,12.0,6.4,4.8,1.6,11.0,15.0,1.0,2.0
dec0f09be8f67557ea5a,2022-23,2023-02-18,Arsenal,Aston Villa,A,S Hooper,22,10.181818181818182,11.954545454545455,5.5,4.136363636363637,1.6363636363636365,11,10.181818181818182,12.090909090909092,4.181818181818182,4.909090909090909,9.333333333333334,10.2,10.4,12.333333333333334,12.4,12.7,5.6,4.4,1.2,4.0,13.0,9.0,1.0
d96567990416505d3735,2022-23,2023-02-25,Arsenal,Leicester,A,C Pawson,23,9.91304347826087,12.0,5.6521739130434785,4.043478260869565,1.608695652173913,12,9.666666666666666,12.166666666666666,4.583333333333333,4.666666666666667,8.0,8.0,9.5,12.333333333333334,11.8,12.0,6.8,4.0,1.0,9.0,14.0,8.0,1.0
8fb80c7700726a47d824,2022-23,2023-03-01,Arsenal,Everton,H,M Oliver,24,9.875,12.083333333333334,5.75,3.875,1.5833333333333333,11,10.181818181818182,11.818181818181818,6.818181818181818,3.3636363636363638,8.0,8.2,9.8,14.0,12.8,12.9,6.0,3.2,1.0,5.0,12.0,5.0,0.0
a81ab1c723e88df7903a,2022-23,2023-03-04,Arsenal,Bournemouth,H,C Kavanagh,25,9.68,12.08,5.72,3.76,1.52,12,9.75,11.833333333333334,6.666666666666667,3.1666666666666665,6.0,7.6,9.0,13.0,12.6,12.4,6.0,2.0,0.8,6.0,8.0,17.0,0.0
ae8757472fc025aa0a21,2022-23,2023-03-12,Arsenal,Fulham,A,D Coote,26,9.538461538461538,11.923076923076923,6.153846153846154,3.6538461538461537,1.4615384615384615,13,9.615384615384615,12.307692307692308,4.846153846153846,4.3076923076923075,6.666666666666667,7.0,8.5,11.333333333333334,12.4,12.5,8.0,1.4,0.8,9.0,10.0,8.0,1.0
2a41adcfd4b91ab863dc,2022-23,2023-03-19,Arsenal,Crystal Palace,H,S Attwell,27,9.518518518518519,11.851851851851851,6.222222222222222,3.6666666666666665,1.4444444444444444,13,9.461538461538462,11.538461538461538,7.461538461538462,3.0,6.666666666666667,6.6,8.4,10.0,11.4,11.9,9.4,1.6,0.6,8.0,10.0,5.0,0.0
cf4653bb41ce08cd534e,2022-23,2023-04-01,Arsenal,Leeds,H,D England,28,9.464285714285714,11.785714285714286,6.178571428571429,3.6785714285714284,1.3928571428571428,14,9.357142857142858,11.428571428571429,7.285714285714286,3.0714285714285716,7.666666666666667,7.4,7.7,9.333333333333334,10.8,11.3,8.6,2.0,0.4,11.0,13.0,4.0,0.0
1825011f99c1c6f4d5a7,2022-23,2023-04-09,Arsenal,Liverpool,A,P Tierney,29,9.517241379310345,11.827586206896552,6.103448275862069,3.6551724137931036,1.3448275862068966,14,9.571428571428571,12.142857142857142,5.071428571428571,4.285714285714286,9.333333333333334,7.8,8.0,11.0,10.6,11.7,7.8,2.6,0.2,11.0,11.0,4.0,4.0
5b465ecd7769b373ff1b,2022-23,2023-04-16,Arsenal,West Ham United,A,D Coote,30,9.566666666666666,11.8,6.033333333333333,3.7,1.4333333333333333,15,9.666666666666666,12.066666666666666,5.0,4.333333333333333,10.0,9.0,8.3,11.333333333333334,10.4,11.5,7.6,3.4,1.0,8.0,11.0,2.0,2.0
1ead03f2af7ac40b7aae,2022-23,2023-04-21,Arsenal,Southampton,H,S Hooper,31,9.516129032258064,11.774193548387096,5.903225806451613,3.806451612903226,1.4516129032258065,15,9.466666666666667,11.533333333333333,7.066666666666666,3.066666666666667,10.0,9.4,8.2,11.666666666666666,11.0,11.7,4.6,4.6,1.4,10.0,14.0,7.0,1.0
4db7bd83efb89836bd78,2022-23,2023-04-26,Arsenal,Manchester City,A,M Oliver,32,9.53125,11.84375,5.9375,3.75,1.4375,16,9.5625,12.0,4.8125,4.5,9.666666666666666,9.6,8.1,12.0,11.8,11.6,4.4,4.2,1.4,13.0,13.0,3.0,1.0
759740e91546e13f1a3b,2022-23,2023-05-02,Arsenal,Chelsea,H,R Jones,33,9.636363636363637,11.878787878787879,5.848484848484849,3.6666666666666665,1.4242424242424243,16,9.5,11.6875,7.0625,3.0,10.333333333333334,10.6,9.0,12.666666666666666,12.4,11.6,4.0,3.6,1.6,10.0,10.0,7.0,0.0
2d48a4d9b63ce4226ef8,2022-23,2023-05-07,Arsenal,Newcastle United,A,C Kavanagh,34,9.647058823529411,11.823529411764707,5.882352941176471,3.6176470588235294,1.3823529411764706,17,9.764705882352942,12.058823529411764,4.705882352941177,4.294117647058823,11.0,10.4,9.1,12.333333333333334,11.8,11.2,4.6,3.4,1.6,12.0,16.0,4.0,1.0
8bd235ad7d93877e4c5f,2022-23,2023-05-14,Arsenal,Brighton & Hove Albion,H,A Madley,35,9.714285714285714,11.942857142857143,5.828571428571428,3.7714285714285714,1.3714285714285714,17,9.529411764705882,11.588235294117647,7.0588235294117645,2.9411764705882355,11.666666666666666,10.6,9.8,13.0,12.8,11.6,4.6,4.2,1.0,13.0,17.0,5.0,1.0
ea64c4a0fb690bfa3167,2022-23,2023-05-20,Arsenal,Nottingham Forest,A,A Taylor,36,9.805555555555555,12.083333333333334,5.805555555555555,3.7222222222222223,1.3611111111111112,18,9.88888888888889,12.277777777777779,4.666666666666667,4.555555555555555,11.666666666666666,11.6,10.5,14.333333333333334,14.0,12.5,5.2,3.2,0.8,12.0,11.0,6.0,2.0
743469609acab2affcc6,2022-23,2023-05-28,Arsenal,Wolverhampton Wanderers,H,A Marriner,37,9.864864864864865,12.054054054054054,5.8108108108108105,3.7027027027027026,1.3783783783783783,18,9.722222222222221,11.88888888888889,6.944444444444445,2.888888888888889,12.333333333333334,12.0,10.8,14.666666666666666,13.4,12.6,5.0,3.4,1.0,8.0,11.0,8.0,0.0
49daf8f728a59f92ff13,2022-23,2022-08-06,Aston Villa,Bournemouth,A,P Bankes,0,,,,,,0,,,,,,,,,,,,,,16.0,18.0,5.0,3.0
0641a43591fdbac10cde,2022-23,2022-08-13,Aston Villa,Everton,H,M Oliver,1,16.0,18.0,5.0,5.0,3.0,0,,,,,16.0,16.0,16.0,18.0,18.0,18.0,5.0,5.0,3.0,9.0,7.0,5.0,4.0
b6021694be1558d6976d,2022-23,2022-08-20,Aston Villa,Crystal Palace,A,A Madley,2,12.5,12.5,5.0,6.5,3.5,1,16.0,18.0,5.0,5.0,12.5,12.5,12.5,12.5,12.5,12.5,5.0,6.5,3.5,14.0,16.0,2.0,1.0
8eb85e26ed77f62e482a,2022-23,2022-08-28,Aston Villa,West Ham United,H,D Coote,3,13.0,13.666666666666666,4.0,5.666666666666667,2.6666666666666665,1,9.0,7.0,5.0,8.0,13.0,13.0,13.0,13.666666666666666,13.666666666666666,13.666666666666666,4.0,5.666666666666667,2.6666666666666665,10.0,10.0,3.0,2.0
5a7467b6529cce0fb817,2022-23,2022-08-31,Aston Villa,Arsenal,A,R Jones,4,12.25,12.75,3.75,4.75,2.5,2,15.0,17.0,3.5,4.5,11.0,12.25,12.25,11.0,12.75,12.75,3.75,4.75,2.5,14.0,10.0,3.0,3.0
30dc9b9e7f6980246208,2022-23,2022-09-03,Aston Villa,Manchester City,H,S Hooper,5,12.6,12.2,3.6,5.8,2.6,2,9.5,8.5,4.0,5.0,12.666666666666666,12.6,12.6,12.0,12.2,12.2,3.6,5.8,2.6,7.0,6.0,1.0,2.0
7e848d18b9a3232e5f3c,2022-23,2022-09-16,Aston Villa,Southampton,H,T Harrington,6,11.666666666666666,11.166666666666666,3.1666666666666665,5.5,2.5,3,8.666666666666666,7.666666666666667,3.0,4.666666666666667,10.333333333333334,10.8,11.666666666666666,8.666666666666666,9.8,11.166666666666666,2.8,5.6,2.4,13.0,13.0,6.0,3.0
73c77a595e618a5e63e7,2022-23,2022-10-02,Aston Villa,Leeds,A,S Attwell,7,11.857142857142858,11.428571428571429,3.5714285714285716,5.142857142857143,2.5714285714285716,3,14.666666666666666,14.666666666666666,3.3333333333333335,6.333333333333333,11.333333333333334,11.6,11.857142857142858,9.666666666666666,11.0,11.428571428571429,3.0,4.6,2.2,12.0,23.0,9.0,2.0
c0f89a2a40c6a6587320,2022-23,2022-10-10,Aston Villa,Nottingham Forest,A,A Taylor,8,11.875,12.875,4.25,4.75,2.5,4,14.0,16.75,4.75,5.25,10.666666666666666,11.2,11.875,14.0,12.4,12.875,4.4,4.2,2.4,19.0,13.0,4.0,3.0
39516139c2cd6825bea3,2022-23,2022-10-16,Aston Villa,Chelsea,H,R Jones,9,12.666666666666666,12.88888888888889,4.222222222222222,4.333333333333333,2.5555555555555554,4,9.75,9.0,3.75,4.25,14.666666666666666,13.0,12.666666666666666,16.333333333333332,13.0,12.88888888888889,4.6,4.0,2.6,12.0,11.0,7.0,0.0
9d831fe3ccf2a7bb28e0,2022-23,2022-10-20,Aston Villa,Fulham,A,M Oliver,10,12.6,12.7,4.5,4.0,2.3,5,15.0,16.0,4.6,4.4,14.333333333333334,12.6,12.6,15.666666666666666,13.2,12.7,5.4,2.2,2.0,11.0,11.0,7.0,2.0
2c3ba50de257810a0589,2022-23,2022-10-23,Aston Villa,Brentford,H,D England,11,12.454545454545455,12.545454545454545,4.7272727272727275,4.454545454545454,2.272727272727273,5,10.2,9.4,4.4,3.6,14.0,13.4,12.1,11.666666666666666,14.2,12.0,6.6,3.2,2.0,14.0,11.0,7.0,1.0
ad79d8039a6a8172d710,2022-23,2022-10-29,Aston Villa,Newcastle United,A,P Tierney,12,12.583333333333334,12.416666666666666,4.916666666666667,4.583333333333333,2.1666666666666665,6,14.333333333333334,15.166666666666666,5.0,5.166666666666667,12.333333333333334,13.6,12.6,11.0,13.8,12.4,6.8,3.8,1.6,11.0,11.0,0.0,1.0
24b48de736f2770e347a,2022-23,2022-11-06,Aston Villa,Manchester United,H,A Taylor,13,12.461538461538462,12.307692307692308,4.538461538461538,4.461538461538462,2.076923076923077,6,10.833333333333334,9.666666666666666,4.833333333333333,4.0,12.0,13.4,12.3,11.0,11.4,11.9,5.0,4.0,1.4,6.0,12.0,3.0,3.0
b1ef11ed2b2a6f2dea44,2022-23,2022-11-13,Aston Villa,Brighton & Hove Albion,A,C Kavanagh,14,12.0,12.285714285714286,4.428571428571429,4.5,2.142857142857143,7,13.857142857142858,14.571428571428571,4.285714285714286,4.857142857142857,10.333333333333334,10.8,11.9,11.333333333333334,11.2,12.1,4.8,4.8,1.4,11.0,14.0,4.0,7.0
85ede115af738f894c70,2022-23,2022-12-26,Aston Villa,Liverpool,H,P Tierney,15,11.933333333333334,12.4,4.4,4.933333333333334,2.466666666666667,7,10.142857142857142,10.0,4.571428571428571,4.142857142857143,9.333333333333334,10.6,11.6,12.333333333333334,11.8,12.5,4.2,6.8,2.8,7.0,12.0,0.0,0.0
e2a6089e60001f6bce42,2022-23,2023-01-01,Aston Villa,Tottenham,A,J Brooks,16,11.625,12.375,4.125,5.0,2.3125,8,13.5,14.5,4.25,5.625,8.0,9.8,11.6,12.666666666666666,12.0,13.1,2.8,6.2,2.4,10.0,15.0,3.0,3.0
62a4a263fa059037b6f3,2022-23,2023-01-04,Aston Villa,Wolverhampton Wanderers,H,J Gillett,17,11.529411764705882,12.529411764705882,4.0588235294117645,5.0,2.3529411764705883,8,9.75,10.25,4.0,4.375,9.333333333333334,9.0,11.3,13.666666666666666,12.8,13.3,2.0,6.0,2.8,6.0,12.0,7.0,1.0
bcfcad9ed79a03e16346,2022-23,2023-01-13,Aston Villa,Leeds,H,M Oliver,18,11.222222222222221,12.5,4.222222222222222,5.166666666666667,2.2777777777777777,9,9.333333333333334,10.444444444444445,4.333333333333333,4.777777777777778,7.666666666666667,8.0,10.7,13.0,13.0,12.2,3.4,7.0,2.8,12.0,8.0,0.0,2.0
fe56faae0784455a97b6,2022-23,2023-01-21,Aston Villa,Southampton,A,M Salisbury,19,11.263157894736842,12.263157894736842,4.0,5.473684210526316,2.263157894736842,9,13.11111111111111,14.555555555555555,4.111111111111111,5.555555555555555,9.333333333333334,9.2,10.0,11.666666666666666,12.2,11.7,2.8,8.2,2.6,9.0,19.0,2.0,2.0
593728ebd8d39a09e8e5,2022-23,2023-02-04,Aston Villa,Leicester,H,D England,20,11.15,12.6,3.9,5.3,2.25,10,9.6,10.2,3.9,5.4,9.0,8.8,9.7,13.0,13.2,12.5,2.4,6.4,1.6,10.0,10.0,11.0,0.0
1e87ebf5dafea7728807,2022-23,2023-02-12,Aston Villa,Manchester City,A,R Jones,21,11.095238095238095,12.476190476190476,4.238095238095238,5.190476190476191,2.142857142857143,10,12.7,15.0,3.9,5.2,10.333333333333334,9.4,9.6,12.333333333333334,12.8,12.4,4.6,5.8,1.6,14.0,13.0,4.0,2.0
dec0f09be8f67557ea5a,2022-23,2023-02-18,Aston Villa,Arsenal,H,S Hooper,22,11.227272727272727,12.5,4.2272727272727275,5.318181818181818,2.1363636363636362,11,9.636363636363637,10.181818181818182,4.545454545454546,5.181818181818182,11.0,10.2,9.6,14.0,12.4,12.6,4.8,6.4,1.4,13.0,4.0,2.0,2.0
2d985e858adc170f661b,2022-23,2023-02-25,Aston Villa,Everton,A,A Taylor,23,11.304347826086957,12.130434782608695,4.130434782608695,5.478260869565218,2.130434782608696,11,12.818181818181818,14.818181818181818,3.909090909090909,5.454545454545454,12.333333333333334,11.6,9.8,9.0,10.8,11.9,3.8,6.6,1.6,12.0,12.0,1.0,1.0
255922eb01681ed26f30,2022-23,2023-03-04,Aston Villa,Crystal Palace,H,C Pawson,24,11.333333333333334,12.125,4.0,5.458333333333333,2.0833333333333335,12,9.916666666666666,9.666666666666666,4.333333333333333,5.5,13.0,11.6,10.4,9.666666666666666,11.6,11.9,4.0,5.4,1.4,14.0,17.0,2.0,2.0
e3dafca157a9822ec85a,2022-23,2023-03-12,Aston Villa,West Ham United,A,C Kavanagh,25,11.44,12.32,3.92,5.4,2.08,12,12.75,14.583333333333334,3.6666666666666665,5.416666666666667,13.0,12.6,10.7,11.0,11.2,12.2,4.0,5.8,1.4,6.0,8.0,2.0,0.0
8e71f436a08dfc765601,2022-23,2023-03-18,Aston Villa,Bournemouth,H,R Jones,26,11.23076923076923,12.153846153846153,3.8461538461538463,5.6923076923076925,2.0,13,10.23076923076923,10.23076923076923,4.153846153846154,5.384615384615385,10.666666666666666,11.8,10.6,12.333333333333334,10.8,11.8,2.2,7.8,1.4,8.0,13.0,9.0,1.0
913ff9bfc08feabfadcf,2022-23,2023-04-01,Aston Villa,Chelsea,A,A Madley,27,11.11111111111111,12.185185185185185,4.037037037037037,5.703703703703703,1.962962962962963,13,12.23076923076923,14.076923076923077,3.5384615384615383,6.0,9.333333333333334,10.6,10.4,12.666666666666666,10.8,11.6,3.2,7.4,1.2,16.0,14.0,2.0,3.0
2e9348ff288dd97f42f4,2022-23,2023-04-04,Aston Villa,Leicester,A,G Scott,28,11.285714285714286,12.25,3.9642857142857144,5.964285714285714,2.0,14,12.5,14.071428571428571,3.4285714285714284,6.5,10.0,11.2,11.4,11.666666666666666,12.8,11.8,3.2,8.2,1.4,14.0,10.0,8.0,0.0
b1f17997710b65c2acff,2022-23,2023-04-08,Aston Villa,Nottingham Forest,H,A Taylor,29,11.379310344827585,12.172413793103448,4.103448275862069,5.896551724137931,1.9310344827586208,14,10.071428571428571,10.428571428571429,4.5,5.428571428571429,12.666666666666666,11.6,11.6,12.333333333333334,12.4,12.0,4.6,8.0,1.2,7.0,17.0,1.0,3.0
88d5531047e6e7f02c1a,2022-23,2023-04-15,Aston Villa,Newcastle United,H,J Brooks,30,11.233333333333333,12.333333333333334,4.0,5.966666666666667,1.9666666666666666,15,9.866666666666667,10.866666666666667,4.266666666666667,5.6,12.333333333333334,10.2,11.4,13.666666666666666,12.4,11.8,4.4,8.8,1.4,13.0,15.0,7.0,1.0
0527dca1aca568446cbd,2022-23,2023-04-22,Aston Villa,Brentford,A,M Salisbury,31,11.290322580645162,12.419354838709678,4.096774193548387,5.838709677419355,1.935483870967742,15,12.6,13.8,3.7333333333333334,6.333333333333333,11.333333333333334,11.6,11.7,14.0,13.8,12.3,5.4,6.6,1.6,8.0,12.0,4.0,2.0
862dfa48e475b669d0fe,2022-23,2023-04-25,Aston Villa,Fulham,H,T Bramall,32,11.1875,12.40625,4.09375,5.90625,1.9375,16,10.0625,11.125,4.4375,5.375,9.333333333333334,11.6,11.1,14.666666666666666,13.6,12.2,4.4,7.0,1.8,6.0,18.0,8.0,3.0
b1e90e84da65206c7d45,2022-23,2023-04-30,Aston Villa,Manchester United,A,J Gillett,33,11.030303030303031,12.575757575757576,4.212121212121212,5.787878787878788,1.9696969696969697,16,12.3125,13.6875,3.75,6.4375,9.0,9.6,10.4,15.0,14.4,13.6,5.6,4.8,1.8,7.0,16.0,4.0,0.0
001f76b39ff89a6ef6b4,2022-23,2023-05-06,Aston Villa,Wolverhampton Wanderers,A,S Attwell,34,10.911764705882353,12.676470588235293,4.205882352941177,5.647058823529412,1.911764705882353,17,12.0,13.823529411764707,3.764705882352941,6.117647058823529,7.0,8.2,9.9,15.333333333333334,15.6,14.0,4.8,4.2,1.8,9.0,20.0,6.0,3.0
1f7ce864aa8f6a52d3b6,2022-23,2023-05-13,Aston Villa,Tottenham,H,P Bankes,35,10.857142857142858,12.885714285714286,4.257142857142857,5.628571428571429,1.9428571428571428,17,9.823529411764707,11.529411764705882,4.647058823529412,5.176470588235294,7.333333333333333,8.6,9.4,18.0,16.2,14.3,5.8,3.6,1.8,9.0,14.0,8.0,3.0
c9c2f076a29d89a6a337,2022-23,2023-05-20,Aston Villa,Liverpool,A,J Brooks,36,10.805555555555555,12.916666666666666,4.361111111111111,5.555555555555555,1.9722222222222223,18,11.833333333333334,14.166666666666666,3.888888888888889,6.055555555555555,8.333333333333334,7.8,9.7,16.666666666666668,16.0,14.9,6.0,3.8,2.2,13.0,16.0,4.0,5.0
c0ad591d4ffa5ef9dcfe,2022-23,2023-05-28,Aston Villa,Brighton & Hove Albion,H,D Coote,37,10.864864864864865,13.0,4.351351351351352,5.648648648648648,2.054054054054054,18,9.777777777777779,11.666666666666666,4.833333333333333,5.055555555555555,10.333333333333334,8.8,10.2,16.666666666666668,16.8,15.2,6.0,4.0,2.8,15.0,16.0,4.0,4.0
49daf8f728a59f92ff13,2022-23,2022-08-06,Bournemouth,Aston Villa,H,P Bankes,0,,,,,,0,,,,,,,,,,,,,,18.0,16.0,5.0,3.0
68d5bb536923ed7b3db3,2022-23,2022-08-13,Bournemouth,Manchester City,A,D Coote,1,18.0,16.0,5.0,5.0,3.0,0,,,,,18.0,18.0,18.0,16.0,16.0,16.0,5.0,5.0,3.0,9.0,9.0,1.0,3.0
d78e9cfccc26018f13da,2022-23,2022-08-20,Bournemouth,Arsenal,H,C Pawson,2,13.5,12.5,3.0,8.0,3.0,1,18.0,16.0,5.0,5.0,13.5,13.5,13.5,12.5,12.5,12.5,3.0,8.0,3.0,12.0,10.0,3.0,2.0
9fa74d6d56604f44758e,2022-23,2022-08-27,Bournemouth,Liverpool,A,S Attwell,3,13.0,11.666666666666666,3.0,6.666666666666667,2.6666666666666665,1,9.0,9.0,1.0,11.0,13.0,13.0,13.0,11.666666666666666,11.666666666666666,11.666666666666666,3.0,6.666666666666667,2.6666666666666665,5.0,6.0,1.0,1.0
646595881355e20719df,2022-23,2022-08-31,Bournemouth,Wolverhampton Wanderers,H,A Taylor,4,11.0,10.25,2.5,7.0,2.25,2,15.0,13.0,4.0,4.5,8.666666666666666,11.0,11.0,8.333333333333334,10.25,10.25,2.5,7.0,2.25,12.0,12.0,2.0,2.0
8e2498c407cf07be677e,2022-23,2022-09-03,Bournemouth,Nottingham Forest,A,M Oliver,5,11.2,10.6,2.4,6.6,2.2,2,7.0,7.5,1.0,9.5,9.666666666666666,11.2,11.2,9.333333333333334,10.6,10.6,2.4,6.6,2.2,10.0,13.0,6.0,1.0
6d99aecde41d477cf05b,2022-23,2022-09-17,Bournemouth,Newcastle United,A,C Pawson,6,11.0,11.0,3.0,6.166666666666667,2.0,3,8.0,9.333333333333334,2.6666666666666665,7.666666666666667,9.0,9.6,11.0,10.333333333333334,10.0,11.0,2.6,6.4,1.8,11.0,10.0,1.0,2.0
8e875663fb5882e8c541,2022-23,2022-10-01,Bournemouth,Brentford,H,T Bramall,7,11.0,10.857142857142858,2.7142857142857144,6.428571428571429,2.0,3,14.0,12.666666666666666,3.3333333333333335,4.666666666666667,11.0,10.0,11.0,11.666666666666666,10.2,10.857142857142858,2.6,5.8,1.6,11.0,10.0,7.0,1.0
e9ebf963eb7a3b22fe20,2022-23,2022-10-08,Bournemouth,Leicester,H,M Salisbury,8,11.0,10.75,3.25,6.625,1.875,4,13.25,12.0,4.25,5.5,10.666666666666666,9.8,11.0,11.0,10.2,10.75,3.4,6.6,1.4,8.0,16.0,7.0,1.0
c07366a6a21438bc1cca,2022-23,2022-10-15,Bournemouth,Fulham,A,G Scott,9,10.666666666666666,11.333333333333334,3.6666666666666665,6.111111111111111,1.7777777777777777,4,8.75,9.5,2.25,7.75,10.0,10.4,10.666666666666666,12.0,12.2,11.333333333333334,4.6,5.4,1.4,11.0,9.0,6.0,0.0
cb3f7fc9e0b473d71044,2022-23,2022-10-19,Bournemouth,Southampton,H,J Brooks,10,10.7,11.1,3.9,6.0,1.6,5,12.2,12.8,4.8,4.8,10.0,10.2,10.7,11.666666666666666,11.6,11.1,5.4,5.4,1.0,8.0,13.0,7.0,1.0
7e60f855a7ad1050573f,2022-23,2022-10-24,Bournemouth,West Ham United,A,D Coote,11,10.454545454545455,11.272727272727273,4.181818181818182,5.7272727272727275,1.5454545454545454,5,9.2,9.4,3.0,7.2,9.0,9.8,9.7,12.666666666666666,11.6,10.8,5.6,5.2,1.0,11.0,9.0,0.0,2.0
408ee1536c3a3bb3309c,2022-23,2022-10-29,Bournemouth,Tottenham,H,A Taylor,12,10.5,11.083333333333334,3.8333333333333335,5.666666666666667,1.5833333333333333,6,11.5,12.833333333333334,5.166666666666667,4.5,10.0,9.8,9.9,10.333333333333334,11.4,10.8,5.4,4.6,1.0,10.0,5.0,2.0,1.0
cdeb45cc9a5de0e00d5d,2022-23,2022-11-05,Bournemouth,Leeds,A,T Harrington,13,10.461538461538462,10.615384615384615,3.6923076923076925,6.6923076923076925,1.5384615384615385,6,9.5,9.333333333333334,2.5,6.833333333333333,9.666666666666666,9.6,9.7,9.0,10.4,10.3,4.4,6.8,1.0,10.0,16.0,3.0,2.0
17bd532ce6ef0c61f180,2022-23,2022-11-12,Bournemouth,Everton,H,C Pawson,14,10.428571428571429,11.0,3.642857142857143,7.142857142857143,1.5714285714285714,7,11.285714285714286,11.714285714285714,4.714285714285714,6.571428571428571,10.333333333333334,10.0,10.2,10.0,10.4,11.3,3.6,9.0,1.2,12.0,8.0,3.0,2.0
85502ac444e621c25bc7,2022-23,2022-12-27,Bournemouth,Chelsea,A,S Hooper,15,10.533333333333333,10.8,3.6,7.0,1.6,7,9.571428571428571,10.285714285714286,2.5714285714285716,7.714285714285714,10.666666666666666,10.2,10.2,9.666666666666666,10.2,10.9,3.0,9.0,1.6,10.0,8.0,8.0,0.0
2520214a052555235e37,2022-23,2022-12-31,Bournemouth,Crystal Palace,H,A Marriner,16,10.5,10.625,3.875,6.9375,1.5,8,11.375,11.25,4.5,6.375,10.666666666666666,10.6,10.2,10.666666666666666,9.2,10.4,3.2,9.6,1.4,17.0,11.0,2.0,4.0
852b725a88078716e1cb,2022-23,2023-01-03,Bournemouth,Manchester United,A,M Salisbury,17,10.882352941176471,10.647058823529411,3.764705882352941,6.9411764705882355,1.6470588235294117,8,9.625,10.0,3.25,7.5,13.0,11.8,10.8,9.0,9.6,10.5,3.6,10.0,1.8,7.0,13.0,5.0,3.0
d5557c816326b99638db,2022-23,2023-01-14,Bournemouth,Brentford,A,J Gillett,18,10.666666666666666,10.777777777777779,3.8333333333333335,6.888888888888889,1.7222222222222223,9,9.333333333333334,10.333333333333334,3.4444444444444446,7.333333333333333,11.333333333333334,11.2,10.4,10.666666666666666,11.2,10.8,4.2,7.4,2.2,9.0,5.0,3.0,1.0
c863e16bba8b4e1bbcd5,2022-23,2023-01-21,Bournemouth,Nottingham Forest,H,A Madley,19,10.578947368421053,10.473684210526315,3.789473684210526,6.7894736842105265,1.6842105263157894,9,12.0,11.222222222222221,4.222222222222222,6.444444444444445,11.0,11.0,10.5,9.666666666666666,9.0,9.7,4.2,5.8,2.0,10.0,7.0,4.0,1.0
9835fa1775c364bfec69,2022-23,2023-02-04,Bournemouth,Brighton & Hove Albion,A,C Pawson,20,10.55,10.3,3.8,6.75,1.65,10,9.3,9.8,3.4,7.1,8.666666666666666,10.6,10.4,8.333333333333334,8.8,9.5,4.4,6.0,1.8,7.0,14.0,3.0,1.0
1dbde5f94683695d1ab9,2022-23,2023-02-11,Bournemouth,Newcastle United,H,S Attwell,21,10.380952380952381,10.476190476190476,3.761904761904762,6.761904761904762,1.619047619047619,10,11.8,10.8,4.2,6.4,8.666666666666666,10.0,10.3,8.666666666666666,10.0,9.6,3.4,6.2,2.0,8.0,10.0,4.0,2.0
15770bf52f59de2b5d89,2022-23,2023-02-18,Bournemouth,Wolverhampton Wanderers,A,M Salisbury,22,10.272727272727273,10.454545454545455,3.772727272727273,6.7272727272727275,1.6363636363636365,11,9.090909090909092,10.181818181818182,3.3636363636363638,7.090909090909091,8.333333333333334,8.2,10.0,10.333333333333334,9.8,9.7,3.8,6.0,1.6,10.0,12.0,2.0,3.0
7207502546d8ddbd33f0,2022-23,2023-02-25,Bournemouth,Manchester City,H,P Tierney,23,10.26086956521739,10.521739130434783,3.6956521739130435,6.956521739130435,1.6956521739130435,11,11.454545454545455,10.727272727272727,4.181818181818182,6.363636363636363,8.333333333333334,8.8,10.0,12.0,9.6,10.4,3.2,7.2,1.6,10.0,9.0,4.0,2.0
a81ab1c723e88df7903a,2022-23,2023-03-04,Bournemouth,Arsenal,A,C Kavanagh,24,10.25,10.458333333333334,3.7083333333333335,6.916666666666667,1.7083333333333333,12,9.166666666666666,10.333333333333334,3.25,7.5,9.333333333333334,9.0,10.0,10.333333333333334,10.4,9.7,3.4,7.4,1.8,8.0,6.0,1.0,2.0
0af4bf4b189bf8379a54,2022-23,2023-03-11,Bournemouth,Liverpool,H,J Brooks,25,10.16,10.28,3.6,7.32,1.72,12,11.333333333333334,10.583333333333334,4.166666666666667,6.333333333333333,9.333333333333334,8.6,9.6,9.0,10.2,9.5,2.8,9.6,2.0,7.0,9.0,3.0,2.0
8e71f436a08dfc765601,2022-23,2023-03-18,Bournemouth,Aston Villa,A,R Jones,26,10.038461538461538,10.23076923076923,3.576923076923077,7.346153846153846,1.7307692307692308,13,9.076923076923077,10.0,3.076923076923077,8.23076923076923,8.333333333333334,8.6,9.3,8.0,9.2,9.6,2.8,9.8,2.2,13.0,8.0,6.0,4.0
55cede9f35401e454a00,2022-23,2023-04-01,Bournemouth,Fulham,H,P Bankes,27,10.148148148148149,10.148148148148149,3.6666666666666665,7.407407407407407,1.8148148148148149,13,11.0,10.461538461538462,4.076923076923077,6.461538461538462,9.333333333333334,9.6,8.9,7.666666666666667,8.8,9.3,3.2,10.4,2.6,15.0,13.0,4.0,1.0
2289b5d564054ae36f8b,2022-23,2023-04-04,Bournemouth,Brighton & Hove Albion,H,D Bond,28,10.321428571428571,10.25,3.6785714285714284,7.25,1.7857142857142858,14,11.285714285714286,10.642857142857142,4.071428571428571,6.214285714285714,11.666666666666666,10.6,9.7,10.0,9.0,9.3,3.6,8.6,2.2,11.0,5.0,5.0,1.0
34ea7c547003a11fb980,2022-23,2023-04-08,Bournemouth,Leicester,A,D Coote,29,10.344827586206897,10.068965517241379,3.7241379310344827,7.172413793103448,1.7586206896551724,14,9.357142857142858,9.857142857142858,3.2857142857142856,8.285714285714286,13.0,10.8,9.9,8.666666666666666,8.2,9.3,3.8,8.4,2.0,13.0,10.0,6.0,3.0
efda360678cf0d30ac0b,2022-23,2023-04-15,Bournemouth,Tottenham,A,A Madley,30,10.433333333333334,10.066666666666666,3.8,7.133333333333334,1.8,15,9.6,9.866666666666667,3.466666666666667,8.133333333333333,13.0,11.8,10.2,9.333333333333334,9.0,9.6,4.8,6.2,2.2,9.0,8.0,1.0,2.0
942db0742c88e27d4b01,2022-23,2023-04-23,Bournemouth,West Ham United,H,A Taylor,31,10.387096774193548,10.0,3.7096774193548385,7.161290322580645,1.8064516129032258,15,11.266666666666667,10.266666666666667,4.133333333333334,6.133333333333334,11.0,12.2,10.4,7.666666666666667,8.8,9.0,4.4,6.2,2.2,7.0,8.0,8.0,1.0
4ad54fd7e033e4e4f5eb,2022-23,2023-04-27,Bournemouth,Southampton,A,D England,32,10.28125,9.9375,3.84375,7.09375,1.78125,16,9.5625,9.75,3.3125,8.125,9.666666666666666,11.0,10.3,8.666666666666666,8.8,8.8,4.8,5.4,1.6,11.0,9.0,4.0,3.0
d29696438b8544be5636,2022-23,2023-04-30,Bournemouth,Leeds,H,C Kavanagh,33,10.303030303030303,9.909090909090908,3.8484848484848486,7.0606060606060606,1.8181818181818181,16,11.0,10.125,4.375,6.0625,9.0,10.2,10.4,8.333333333333334,8.0,8.5,4.8,6.0,2.0,12.0,14.0,2.0,1.0
3599af6dbec6945984f8,2022-23,2023-05-06,Bournemouth,Chelsea,H,J Brooks,34,10.352941176470589,10.029411764705882,3.7941176470588234,7.029411764705882,1.7941176470588236,17,11.058823529411764,10.352941176470589,4.235294117647059,6.0588235294117645,10.0,10.4,10.6,10.333333333333334,9.8,9.0,4.2,6.2,2.0,9.0,11.0,7.0,1.0
aec5e9c4ccc57372e526,2022-23,2023-05-13,Bournemouth,Crystal Palace,A,M Salisbury,35,10.314285714285715,10.057142857142857,3.8857142857142857,7.0285714285714285,1.7714285714285714,17,9.647058823529411,9.705882352941176,3.3529411764705883,8.0,10.666666666666666,9.6,10.7,11.333333333333334,10.0,9.5,4.4,6.4,1.6,12.0,5.0,2.0,2.0
be3fd4de6a1ede958edd,2022-23,2023-05-20,Bournemouth,Manchester United,H,C Kavanagh,36,10.36111111111111,9.916666666666666,3.8333333333333335,7.138888888888889,1.7777777777777777,18,10.944444444444445,10.38888888888889,4.388888888888889,6.111111111111111,11.0,10.2,11.2,10.0,9.4,9.1,4.6,7.0,1.6,6.0,7.0,3.0,1.0
af2ece7c9e60c05eebca,2022-23,2023-05-28,Bournemouth,Everton,A,S Attwell,37,10.243243243243244,9.837837837837839,3.810810810810811,7.108108108108108,1.7567567567567568,18,9.777777777777779,9.444444444444445,3.2777777777777777,8.166666666666666,9.0,10.0,10.5,7.666666666666667,9.2,9.0,3.6,7.2,1.6,12.0,11.0,3.0,3.0
4425a1f5a2042ec3e44e,2022-23,2022-08-07,Brentford,Leicester,A,J Gillett,0,,,,,,0,,,,,,,,,,,,,,5.0,6.0,6.0,0.0
ed72ddba123d47855542,2022-23,2022-08-13,Brentford,Manchester United,H,S Attwell,1,5.0,6.0,6.0,5.0,0.0,0,,,,,5.0,5.0,5.0,6.0,6.0,6.0,6.0,5.0,0.0,6.0,15.0,8.0,0.0
70e0d4cdf1bb4143b520,2022-23,2022-08-20,Brentford,Fulham,A,P Bankes,2,5.5,10.5,7.0,3.5,0.0,1,5.0,6.0,6.0,5.0,5.5,5.5,5.5,10.5,10.5,10.5,7.0,3.5,0.0,7.0,13.0,3.0,2.0
58ca09d53dfd06f27583,2022-23,2022-08-27,Brentford,Everton,H,J Brooks,3,6.0,11.333333333333334,5.666666666666667,4.333333333333333,0.6666666666666666,1,6.0,15.0,8.0,2.0,6.0,6.0,6.0,11.333333333333334,11.333333333333334,11.333333333333334,5.666666666666667,4.333333333333333,0.6666666666666666,8.0,8.0,8.0,2.0
2a3d680d1ade6e6b156b,2022-23,2022-08-30,Brentford,Crystal Palace,A,S Hooper,4,6.5,10.5,6.25,4.5,1.0,2,6.0,9.5,4.5,5.5,7.0,6.5,6.5,12.0,10.5,10.5,6.25,4.5,1.0,8.0,11.0,6.0,2.0
74de37cbabd626103ee3,2022-23,2022-09-03,Brentford,Leeds,H,R Jones,5,6.8,10.6,6.2,4.4,1.2,2,7.0,11.5,8.0,3.5,7.666666666666667,6.8,6.8,10.666666666666666,10.6,10.6,6.2,4.4,1.2,8.0,9.0,2.0,2.0
c081c39d0fa21ad30f77,2022-23,2022-09-18,Brentford,Arsenal,H,D Coote,6,7.0,10.333333333333334,5.5,4.666666666666667,1.3333333333333333,3,7.333333333333333,10.666666666666666,6.0,4.333333333333333,8.0,7.4,7.0,9.333333333333334,11.2,10.333333333333334,5.4,4.6,1.6,10.0,10.0,3.0,0.0
8e875663fb5882e8c541,2022-23,2022-10-01,Brentford,Bournemouth,A,T Bramall,7,7.428571428571429,10.285714285714286,5.142857142857143,4.428571428571429,1.1428571428571428,3,6.666666666666667,10.0,5.0,5.0,8.666666666666666,8.2,7.428571428571429,10.0,10.2,10.285714285714286,4.4,4.8,1.6,10.0,11.0,8.0,2.0
feb01c765a89969ffb90,2022-23,2022-10-08,Brentford,Newcastle United,A,J Brooks,8,7.75,10.375,5.5,4.75,1.25,4,7.5,10.25,5.75,5.5,9.333333333333334,8.8,7.75,10.0,9.8,10.375,5.4,5.0,1.6,9.0,14.0,5.0,1.0
9f72f666b40755b4d1de,2022-23,2022-10-14,Brentford,Brighton & Hove Albion,H,M Salisbury,9,7.888888888888889,10.777777777777779,5.444444444444445,5.222222222222222,1.2222222222222223,4,8.0,10.5,5.25,4.0,9.666666666666666,9.0,7.888888888888889,11.666666666666666,11.0,10.777777777777779,4.8,5.8,1.4,12.0,15.0,2.0,3.0
8edc47c4b9cd4915821d,2022-23,2022-10-19,Brentford,Chelsea,H,J Gillett,10,8.3,11.2,5.1,5.8,1.4,5,8.8,11.4,4.6,5.4,10.333333333333334,9.8,8.3,13.333333333333334,11.8,11.2,4.0,7.2,1.6,7.0,7.0,6.0,0.0
2c3ba50de257810a0589,2022-23,2022-10-23,Brentford,Aston Villa,A,D England,11,8.181818181818182,10.818181818181818,5.181818181818182,5.454545454545454,1.2727272727272727,5,7.8,11.0,5.6,6.2,9.333333333333334,9.6,8.5,12.0,11.4,11.3,4.8,6.4,1.2,11.0,14.0,6.0,0.0
3c1da1711dba90a61cc9,2022-23,2022-10-29,Brentford,Wolverhampton Wanderers,H,R Madley,12,8.416666666666666,11.083333333333334,5.25,5.583333333333333,1.1666666666666667,6,8.5,10.666666666666666,4.833333333333333,4.833333333333333,10.0,9.8,9.0,12.0,12.2,11.2,5.4,7.2,1.2,10.0,17.0,3.0,3.0
edd59e3f55b076e6b392,2022-23,2022-11-05,Brentford,Nottingham Forest,A,A Marriner,13,8.538461538461538,11.538461538461538,5.076923076923077,5.615384615384615,1.3076923076923077,6,8.333333333333334,11.5,5.666666666666667,6.333333333333333,9.333333333333334,9.8,9.3,12.666666666666666,13.4,11.6,4.4,7.0,1.4,11.0,10.0,3.0,2.0
c5574176ea9e0d8f2f40,2022-23,2022-11-12,Brentford,Manchester City,A,P Bankes,14,8.714285714285714,11.428571428571429,4.928571428571429,5.428571428571429,1.3571428571428572,7,8.714285714285714,11.285714285714286,5.285714285714286,5.857142857142857,10.666666666666666,10.2,9.6,13.666666666666666,12.6,11.8,4.0,5.8,1.6,7.0,9.0,2.0,2.0
b0cded8c1ad3bf588700,2022-23,2022-12-26,Brentford,Tottenham,H,D Coote,15,8.6,11.266666666666667,4.733333333333333,5.733333333333333,1.4,7,8.714285714285714,11.571428571428571,4.571428571428571,5.0,9.333333333333334,9.2,9.5,12.0,11.4,11.6,4.0,5.6,1.4,11.0,10.0,6.0,3.0
e5859a50ba04999288bf,2022-23,2022-12-30,Brentford,West Ham United,A,D England,16,8.75,11.1875,4.8125,5.6875,1.5,8,8.5,11.0,4.875,6.375,9.666666666666666,10.0,9.8,9.666666666666666,12.0,11.7,4.0,6.2,2.0,5.0,9.0,1.0,0.0
325c97e8ce7bf1acde46,2022-23,2023-01-02,Brentford,Liverpool,H,S Attwell,17,8.529411764705882,11.058823529411764,4.588235294117647,5.823529411764706,1.411764705882353,8,9.0,11.375,4.75,5.0,7.666666666666667,8.8,9.3,9.333333333333334,11.0,11.6,3.0,6.4,2.0,5.0,8.0,4.0,1.0
d5557c816326b99638db,2022-23,2023-01-14,Brentford,Bournemouth,H,J Gillett,18,8.333333333333334,10.88888888888889,4.555555555555555,6.0,1.3888888888888888,9,8.555555555555555,11.0,4.666666666666667,5.444444444444445,7.0,7.8,8.8,9.0,9.2,11.3,3.2,7.0,1.6,5.0,9.0,5.0,1.0
b19fe132344023c7a19a,2022-23,2023-01-22,Brentford,Leeds,A,P Bankes,19,8.157894736842104,10.789473684210526,4.578947368421052,5.842105263157895,1.368421052631579,9,8.11111111111111,10.777777777777779,4.444444444444445,6.555555555555555,5.0,6.6,8.4,8.666666666666666,9.0,10.8,3.6,7.0,1.4,18.0,10.0,3.0,2.0
c110dfa7909ae0c40f67,2022-23,2023-02-04,Brentford,Southampton,H,D Bond,20,8.65,10.75,4.5,5.65,1.4,10,8.2,10.8,4.7,5.2,9.333333333333334,8.8,9.0,9.0,9.2,10.3,3.8,5.4,1.4,10.0,9.0,4.0,1.0
a133d2cf878d9098b533,2022-23,2023-02-11,Brentford,Arsenal,A,P Bankes,21,8.714285714285714,10.666666666666666,4.476190476190476,5.571428571428571,1.380952380952381,10,9.1,10.7,4.3,6.1,11.0,8.6,9.3,9.333333333333334,9.0,10.5,3.4,5.2,1.0,9.0,9.0,4.0,2.0
a24876536322cd65118b,2022-23,2023-02-18,Brentford,Crystal Palace,H,P Tierney,22,8.727272727272727,10.590909090909092,4.454545454545454,5.636363636363637,1.4090909090909092,11,8.363636363636363,10.636363636363637,4.636363636363637,5.090909090909091,12.333333333333334,9.4,9.1,9.333333333333334,9.0,10.0,4.0,5.0,1.4,10.0,8.0,2.0,2.0
fa4a9a7918a9592287f4,2022-23,2023-03-06,Brentford,Fulham,H,A Taylor,23,8.782608695652174,10.478260869565217,4.3478260869565215,5.6521739130434785,1.434782608695652,12,8.5,10.416666666666666,4.416666666666667,5.166666666666667,9.666666666666666,10.4,9.1,8.666666666666666,9.0,9.1,3.6,4.4,1.6,12.0,17.0,2.0,0.0
89f1ca7e287760c89280,2022-23,2023-03-11,Brentford,Everton,A,S Hooper,24,8.916666666666666,10.75,4.25,5.541666666666667,1.375,11,9.090909090909092,10.545454545454545,4.2727272727272725,6.181818181818182,10.333333333333334,11.8,9.2,11.333333333333334,10.6,9.8,3.0,4.4,1.4,12.0,11.0,8.0,1.0
e1dbe52d901e27f11c93,2022-23,2023-03-15,Brentford,Southampton,A,M Salisbury,25,9.04,10.76,4.4,5.52,1.36,12,9.333333333333334,10.583333333333334,4.583333333333333,6.083333333333333,11.333333333333334,10.6,9.7,12.0,10.8,10.0,4.0,5.0,1.2,10.0,14.0,3.0,2.0
68e1181c29eb0dc728be,2022-23,2023-03-18,Brentford,Leicester,H,D Bond,26,9.076923076923077,10.884615384615385,4.346153846153846,5.423076923076923,1.3846153846153846,13,8.76923076923077,10.923076923076923,4.230769230769231,5.0,11.333333333333334,10.6,9.6,14.0,11.8,10.4,3.8,4.8,1.4,10.0,11.0,8.0,1.0
bfe9314415b950ea009e,2022-23,2023-04-01,Brentford,Brighton & Hove Albion,A,M Oliver,27,9.11111111111111,10.88888888888889,4.481481481481482,5.37037037037037,1.3703703703703705,13,9.384615384615385,10.846153846153847,4.461538461538462,5.846153846153846,10.666666666666666,10.8,10.1,12.0,12.2,10.6,4.6,4.2,1.2,10.0,16.0,0.0,1.0
ad6bad2dadda987cb73c,2022-23,2023-04-05,Brentford,Manchester United,A,J Brooks,28,9.142857142857142,11.071428571428571,4.321428571428571,5.678571428571429,1.3571428571428572,14,9.428571428571429,11.214285714285714,4.142857142857143,6.428571428571429,10.0,10.8,10.6,13.666666666666666,13.8,11.4,4.2,5.8,1.0,13.0,8.0,3.0,2.0
e8f5f2754e83342c7482,2022-23,2023-04-08,Brentford,Newcastle United,H,C Kavanagh,29,9.275862068965518,10.96551724137931,4.275862068965517,5.896551724137931,1.3793103448275863,14,8.857142857142858,10.928571428571429,4.5,4.928571428571429,11.0,11.0,11.4,11.666666666666666,12.0,11.3,4.4,7.6,1.4,10.0,15.0,6.0,0.0
ffa369d55aba7172525c,2022-23,2023-04-15,Brentford,Wolverhampton Wanderers,A,P Tierney,30,9.3,11.1,4.333333333333333,5.866666666666666,1.3333333333333333,15,9.666666666666666,11.0,4.066666666666666,6.8,11.0,10.6,10.6,13.0,12.8,11.8,4.0,7.6,1.2,8.0,12.0,2.0,1.0
0527dca1aca568446cbd,2022-23,2023-04-22,Brentford,Aston Villa,H,M Salisbury,31,9.258064516129032,11.129032258064516,4.258064516129032,5.838709677419355,1.3225806451612903,15,8.933333333333334,11.2,4.6,4.933333333333334,10.333333333333334,10.2,10.4,11.666666666666666,12.4,12.1,3.8,8.0,1.0,12.0,8.0,8.0,3.0
d68ba8d1b5071e82da2e,2022-23,2023-04-26,Brentford,Chelsea,A,A Madley,32,9.34375,11.03125,4.375,5.78125,1.375,16,9.5625,11.0625,3.9375,6.6875,10.0,10.6,10.7,11.666666666666666,11.8,12.0,3.8,8.0,1.4,13.0,5.0,2.0,2.0
f622b7298c404687e13a,2022-23,2023-04-29,Brentford,Nottingham Forest,H,P Bankes,33,9.454545454545455,10.848484848484848,4.303030303030303,5.757575757575758,1.393939393939394,16,9.125,11.0,4.8125,4.875,11.0,11.2,11.0,8.333333333333334,9.6,11.7,4.2,6.2,1.6,6.0,13.0,6.0,1.0
cbc4d3761c5487192c82,2022-23,2023-05-06,Brentford,Liverpool,A,A Taylor,34,9.352941176470589,10.911764705882353,4.352941176470588,5.588235294117647,1.3823529411764706,17,9.764705882352942,10.705882352941176,3.823529411764706,6.588235294117647,10.333333333333334,9.8,10.4,8.666666666666666,10.6,11.3,4.8,3.8,1.4,10.0,19.0,3.0,2.0
285efd936e98013d78ff,2022-23,2023-05-14,Brentford,West Ham United,H,M Oliver,35,9.371428571428572,11.142857142857142,4.314285714285714,5.628571428571429,1.4,17,8.941176470588236,11.117647058823529,4.882352941176471,4.588235294117647,9.666666666666666,9.8,10.2,12.333333333333334,11.4,12.1,4.2,4.2,1.8,5.0,5.0,7.0,1.0
09c8724886068c09ccb4,2022-23,2023-05-20,Brentford,Tottenham,A,J Gillett,36,9.25,10.972222222222221,4.388888888888889,5.611111111111111,1.3888888888888888,18,9.777777777777779,11.166666666666666,3.7777777777777777,6.611111111111111,7.0,9.2,9.7,12.333333333333334,10.0,11.2,5.2,4.2,1.8,9.0,11.0,2.0,1.0
11443a1c0aea88149480,2022-23,2023-05-28,Brentford,Manchester City,H,J Brooks,37,9.243243243243244,10.972972972972974,4.324324324324325,5.675675675675675,1.3783783783783783,18,8.722222222222221,10.777777777777779,5.0,4.611111111111111,8.0,8.6,9.6,11.666666666666666,10.6,11.2,4.0,5.0,1.4,12.0,8.0,3.0,4.0
0278cc1f85c4f6838e51,2022-23,2022-08-07,Brighton & Hove Albion,Manchester United,A,P Tierney,0,,,,,,0,,,,,,,,,,,,,,12.0,7.0,2.0,1.0
7f9a48950600028f37f6,2022-23,2022-08-13,Brighton & Hove Albion,Newcastle United,H,G Scott,1,12.0,7.0,2.0,6.0,1.0,0,,,,,12.0,12.0,12.0,7.0,7.0,7.0,2.0,6.0,1.0,8.0,6.0,7.0,2.0
a0af28dbfe94f7978658,2022-23,2022-08-21,Brighton & Hove Albion,West Ham United,A,A Taylor,2,10.0,6.5,4.5,4.5,1.5,1,12.0,7.0,2.0,6.0,10.0,10.0,10.0,6.5,6.5,6.5,4.5,4.5,1.5,7.0,10.0,4.0,0.0
ed6459cb9468ee98f639,2022-23,2022-08-27,Brighton & Hove Albion,Leeds,H,M Salisbury,3,9.0,7.666666666666667,4.333333333333333,4.666666666666667,1.0,1,8.0,6.0,7.0,3.0,9.0,9.0,9.0,7.666666666666667,7.666666666666667,7.666666666666667,4.333333333333333,4.666666666666667,1.0,10.0,14.0,5.0,2.0
2af9ea2917fecf89f24a,2022-23,2022-08-30,Brighton & Hove Albion,Fulham,A,T Bramall,4,9.25,9.25,4.5,4.25,1.25,2,9.5,8.5,3.0,5.5,8.333333333333334,9.25,9.25,10.0,9.25,9.25,4.5,4.25,1.25,11.0,9.0,3.0,1.0
ac6a758eb258d3819767,2022-23,2022-09-04,Brighton & Hove Albion,Leicester,H,T Harrington,5,9.6,9.2,4.2,4.0,1.2,2,9.0,10.0,6.0,3.0,9.333333333333334,9.6,9.6,11.0,9.2,9.2,4.2,4.0,1.2,6.0,8.0,10.0,1.0
9796b4940cbffcd524d3,2022-23,2022-10-01,Brighton & Hove Albion,Liverpool,A,A Madley,6,9.0,9.0,5.166666666666667,3.5,1.1666666666666667,3,10.0,8.666666666666666,3.0,4.666666666666667,9.0,8.4,9.0,10.333333333333334,9.4,9.0,5.8,3.0,1.2,13.0,9.0,2.0,1.0
f84341928b66f43c2618,2022-23,2022-10-08,Brighton & Hove Albion,Tottenham,H,T Harrington,7,9.571428571428571,9.0,4.714285714285714,4.285714285714286,1.1428571428571428,3,8.0,9.333333333333334,7.333333333333333,2.3333333333333335,10.0,9.4,9.571428571428571,8.666666666666666,10.0,9.0,4.8,4.2,1.0,9.0,14.0,6.0,1.0
9f72f666b40755b4d1de,2022-23,2022-10-14,Brighton & Hove Albion,Brentford,A,M Salisbury,8,9.5,9.625,4.875,4.0,1.125,4,10.75,8.75,2.75,5.75,9.333333333333334,9.8,9.5,10.333333333333334,10.8,9.625,5.2,3.6,1.2,15.0,12.0,11.0,1.0
07c6d90ed34538d90d2c,2022-23,2022-10-18,Brighton & Hove Albion,Nottingham Forest,H,D England,9,10.11111111111111,9.88888888888889,5.555555555555555,3.7777777777777777,1.1111111111111112,4,8.25,10.5,7.0,2.25,12.333333333333334,10.8,10.11111111111111,11.666666666666666,10.4,9.88888888888889,6.4,3.4,1.0,10.0,14.0,9.0,3.0
771d02a015862b098547,2022-23,2022-10-22,Brighton & Hove Albion,Manchester City,A,C Pawson,10,10.1,10.3,5.9,3.5,1.3,5,11.6,9.4,4.4,5.0,11.333333333333334,10.6,10.1,13.333333333333334,11.4,10.3,7.6,3.0,1.4,12.0,11.0,3.0,3.0
c9d88f5d1f95611acb51,2022-23,2022-10-29,Brighton & Hove Albion,Chelsea,H,A Madley,11,10.272727272727273,10.363636363636363,5.636363636363637,3.8181818181818183,1.4545454545454546,5,8.6,11.2,7.4,2.0,12.333333333333334,11.8,10.1,12.333333333333334,12.0,10.7,6.2,4.2,1.8,16.0,6.0,8.0,1.0
c8c5895277306343308c,2022-23,2022-11-05,Brighton & Hove Albion,Wolverhampton Wanderers,A,G Scott,12,10.75,10.0,5.833333333333333,4.083333333333333,1.4166666666666667,6,11.666666666666666,9.666666666666666,4.166666666666667,5.333333333333333,12.666666666666666,12.4,10.9,10.333333333333334,11.4,10.7,7.4,3.8,1.8,11.0,15.0,9.0,0.0
b1ef11ed2b2a6f2dea44,2022-23,2022-11-13,Brighton & Hove Albion,Aston Villa,H,C Kavanagh,13,10.76923076923077,10.384615384615385,6.076923076923077,4.076923076923077,1.3076923076923077,6,9.833333333333334,10.333333333333334,7.5,2.8333333333333335,13.0,12.8,11.3,10.666666666666666,11.6,11.2,8.0,4.2,1.6,14.0,11.0,11.0,2.0
28c7eed2dd2589928545,2022-23,2022-12-26,Brighton & Hove Albion,Southampton,A,R Jones,14,11.0,10.428571428571429,6.428571428571429,4.071428571428571,1.3571428571428572,7,11.571428571428571,10.428571428571429,4.857142857142857,5.142857142857143,13.666666666666666,12.6,11.7,10.666666666666666,11.4,10.9,8.0,4.6,1.8,10.0,9.0,2.0,2.0
5eca2ba66dfd249bb643,2022-23,2022-12-31,Brighton & Hove Albion,Arsenal,H,A Taylor,15,10.933333333333334,10.333333333333334,6.133333333333334,4.066666666666666,1.4,7,10.428571428571429,10.428571428571429,8.0,3.0,11.666666666666666,12.6,11.6,11.666666666666666,10.4,10.9,6.6,5.2,1.6,7.0,11.0,7.0,3.0
e19dc355203f24f7c165,2022-23,2023-01-03,Brighton & Hove Albion,Everton,A,A Marriner,16,10.6875,10.375,6.1875,4.0625,1.5,8,11.375,10.25,4.5,5.0,10.333333333333334,11.6,11.7,10.333333333333334,10.4,11.2,7.4,4.6,1.6,10.0,8.0,2.0,1.0
abecc24ce937e472c362,2022-23,2023-01-14,Brighton & Hove Albion,Liverpool,H,D England,17,10.647058823529411,10.235294117647058,5.9411764705882355,4.117647058823529,1.4705882352941178,8,10.0,10.5,7.875,3.125,9.0,10.4,11.4,9.333333333333334,10.8,11.1,6.2,4.2,1.6,8.0,15.0,7.0,1.0
d1d2dd5b1f53cad438a4,2022-23,2023-01-21,Brighton & Hove Albion,Leicester,A,T Bramall,18,10.5,10.5,6.0,3.9444444444444446,1.4444444444444444,9,11.222222222222221,10.0,4.222222222222222,5.0,8.333333333333334,9.8,11.3,11.333333333333334,10.8,11.2,5.8,3.6,1.8,9.0,9.0,6.0,1.0
9835fa1775c364bfec69,2022-23,2023-02-04,Brighton & Hove Albion,Bournemouth,H,C Pawson,19,10.421052631578947,10.421052631578947,6.0,4.0,1.4210526315789473,9,9.777777777777779,11.0,7.777777777777778,2.888888888888889,9.0,8.8,10.7,10.666666666666666,10.4,10.9,4.8,3.8,1.6,14.0,7.0,7.0,3.0
1a50a21f30352f9b3fe7,2022-23,2023-02-11,Brighton & Hove Albion,Crystal Palace,A,M Oliver,20,10.6,10.25,6.05,3.95,1.5,10,11.0,9.9,4.4,5.0,10.333333333333334,9.6,11.1,10.333333333333334,10.0,10.2,5.8,3.6,1.8,11.0,10.0,6.0,1.0
011ad2bf23688b0d962d,2022-23,2023-02-18,Brighton & Hove Albion,Fulham,H,D England,21,10.619047619047619,10.238095238095237,6.0476190476190474,3.8095238095238093,1.4761904761904763,10,10.2,10.6,7.7,2.9,11.333333333333334,10.4,11.0,8.666666666666666,9.8,10.1,5.6,3.0,1.4,12.0,14.0,10.0,0.0
79bb6b35578822ca934f,2022-23,2023-03-04,Brighton & Hove Albion,West Ham United,H,S Attwell,22,10.681818181818182,10.409090909090908,6.2272727272727275,3.727272727272727,1.4090909090909092,11,10.363636363636363,10.909090909090908,7.909090909090909,2.8181818181818183,12.333333333333334,10.8,10.6,10.333333333333334,11.0,10.9,7.2,2.4,1.2,6.0,8.0,7.0,0.0
aab8bde2df6f04611522,2022-23,2023-03-11,Brighton & Hove Albion,Leeds,A,P Tierney,23,10.478260869565217,10.304347826086957,6.260869565217392,3.6956521739130435,1.3478260869565217,11,11.0,9.909090909090908,4.545454545454546,4.636363636363637,9.666666666666666,10.4,10.1,10.666666666666666,9.6,10.2,7.2,2.8,1.0,9.0,12.0,7.0,1.0
41a7f4226876bfd531cf,2022-23,2023-03-15,Brighton & Hove Albion,Crystal Palace,H,P Bankes,24,10.416666666666666,10.375,6.291666666666667,3.7083333333333335,1.3333333333333333,12,10.0,10.666666666666666,7.833333333333333,2.8333333333333335,9.0,10.4,9.6,11.333333333333334,10.2,10.3,7.4,2.6,1.0,13.0,20.0,1.0,1.0
bfe9314415b950ea009e,2022-23,2023-04-01,Brighton & Hove Albion,Brentford,H,M Oliver,25,10.52,10.76,6.08,3.72,1.32,13,10.23076923076923,11.384615384615385,7.3076923076923075,2.923076923076923,9.333333333333334,10.2,9.9,13.333333333333334,12.8,11.4,6.2,2.8,0.6,16.0,10.0,14.0,2.0
2289b5d564054ae36f8b,2022-23,2023-04-04,Brighton & Hove Albion,Bournemouth,A,D Bond,26,10.73076923076923,10.73076923076923,6.384615384615385,3.576923076923077,1.3461538461538463,12,10.833333333333334,10.083333333333334,4.75,4.583333333333333,12.666666666666666,11.2,10.8,14.0,12.8,11.3,7.8,2.6,0.8,5.0,11.0,5.0,1.0
39e69df1c075aedb6bf2,2022-23,2023-04-08,Brighton & Hove Albion,Tottenham,A,S Attwell,27,10.518518518518519,10.74074074074074,6.333333333333333,3.6296296296296298,1.3333333333333333,13,10.384615384615385,10.153846153846153,4.769230769230769,4.615384615384615,11.333333333333334,9.8,10.3,13.666666666666666,12.2,11.6,6.8,3.2,1.0,15.0,15.0,7.0,1.0
c9c406212d345357cf27,2022-23,2023-04-15,Brighton & Hove Albion,Chelsea,A,R Jones,28,10.678571428571429,10.892857142857142,6.357142857142857,3.607142857142857,1.3214285714285714,14,10.714285714285714,10.5,4.928571428571429,4.5,12.0,11.6,11.0,12.0,13.6,11.6,6.8,3.2,1.2,11.0,11.0,8.0,2.0
b8101018f36cb209189c,2022-23,2023-04-26,Brighton & Hove Albion,Nottingham Forest,A,J Gillett,29,10.689655172413794,10.89655172413793,6.413793103448276,3.5517241379310347,1.3448275862068966,15,10.733333333333333,10.533333333333333,5.133333333333334,4.333333333333333,10.333333333333334,12.0,11.2,12.333333333333334,13.4,11.8,7.0,2.8,1.4,8.0,7.0,7.0,0.0
b3661b8aec4b3f5d413c,2022-23,2023-04-29,Brighton & Hove Albion,Wolverhampton Wanderers,H,D Coote,30,10.6,10.766666666666667,6.433333333333334,3.5,1.3,14,10.642857142857142,11.285714285714286,7.785714285714286,2.7142857142857144,11.333333333333334,11.0,10.6,11.0,10.8,11.8,8.2,2.4,1.2,14.0,11.0,2.0,1.0
69f0056ec7dc59a86d0b,2022-23,2023-05-04,Brighton & Hove Albion,Manchester United,H,A Marriner,31,10.709677419354838,10.774193548387096,6.290322580645161,3.5483870967741935,1.2903225806451613,15,10.866666666666667,11.266666666666667,7.4,2.8666666666666667,11.0,10.6,10.9,9.666666666666666,11.0,11.9,5.8,3.4,1.0,10.0,14.0,8.0,4.0
48354b748cda058d5846,2022-23,2023-05-08,Brighton & Hove Albion,Everton,H,S Hooper,32,10.6875,10.875,6.34375,3.625,1.375,16,10.8125,11.4375,7.4375,3.0625,10.666666666666666,11.6,10.7,10.666666666666666,11.6,11.9,6.4,3.6,1.6,11.0,13.0,15.0,1.0
8bd235ad7d93877e4c5f,2022-23,2023-05-14,Brighton & Hove Albion,Arsenal,A,A Madley,33,10.696969696969697,10.93939393939394,6.606060606060606,3.5454545454545454,1.3636363636363635,16,10.5625,10.3125,5.25,4.1875,11.666666666666666,10.8,11.2,12.666666666666666,11.2,12.4,8.0,3.2,1.6,17.0,13.0,2.0,2.0
089edffeffe7c20e2b30,2022-23,2023-05-18,Brighton & Hove Albion,Newcastle United,A,R Jones,34,10.882352941176471,11.0,6.470588235294118,3.588235294117647,1.3823529411764706,17,10.941176470588236,10.470588235294118,5.0588235294117645,4.235294117647059,12.666666666666666,12.0,12.0,13.333333333333334,11.6,12.5,6.8,3.8,1.6,16.0,17.0,1.0,4.0
40dce6c1345b33dc1320,2022-23,2023-05-21,Brighton & Hove Albion,Southampton,H,P Tierney,35,11.028571428571428,11.17142857142857,6.314285714285714,3.657142857142857,1.457142857142857,17,10.823529411764707,11.529411764705882,7.882352941176471,2.9411764705882355,14.666666666666666,13.6,12.3,14.333333333333334,13.6,12.2,5.6,4.6,2.4,8.0,9.0,4.0,2.0
e1a7d4c2b7073c168556,2022-23,2023-05-24,Brighton & Hove Albion,Manchester City,H,S Hooper,36,10.944444444444445,11.11111111111111,6.25,3.638888888888889,1.4722222222222223,18,10.666666666666666,11.38888888888889,7.666666666666667,2.9444444444444446,13.666666666666666,12.4,11.5,13.0,13.2,12.1,6.0,4.2,2.6,16.0,11.0,5.0,2.0
c0ad591d4ffa5ef9dcfe,2022-23,2023-05-28,Brighton & Hove Albion,Aston Villa,A,D Coote,37,11.08108108108108,11.108108108108109,6.216216216216216,3.5675675675675675,1.4864864864864864,18,11.222222222222221,10.833333333333334,4.833333333333333,4.333333333333333,13.333333333333334,13.6,12.6,12.333333333333334,12.6,12.1,5.4,3.2,2.2,16.0,15.0,3.0,4.0
76e0d3d73ba4a9740e83,2022-23,2022-08-06,Chelsea,Everton,A,C Pawson,0,,,,,,0,,,,,,,,,,,,,,11.0,14.0,16.0,2.0
0cb4bd87ace687b405de,2022-23,2022-08-14,Chelsea,Tottenham,H,A Taylor,1,11.0,14.0,16.0,4.0,2.0,0,,,,,11.0,11.0,11.0,14.0,14.0,14.0,16.0,4.0,2.0,9.0,9.0,8.0,3.0
bc749c481a84a8b7a04d,2022-23,2022-08-21,Chelsea,Leeds,A,S Attwell,2,10.0,11.5,12.0,4.5,2.5,1,11.0,14.0,16.0,4.0,10.0,10.0,10.0,11.5,11.5,11.5,12.0,4.5,2.5,15.0,16.0,6.0,1.0
a5b41da30e678233f737,2022-23,2022-08-27,Chelsea,Leicester,H,P Tierney,3,11.666666666666666,13.0,10.0,4.333333333333333,2.0,1,9.0,9.0,8.0,5.0,11.666666666666666,11.666666666666666,11.666666666666666,13.0,13.0,13.0,10.0,4.333333333333333,2.0,10.0,7.0,3.0,1.0
45319b047afdfbb45eb4,2022-23,2022-08-30,Chelsea,Southampton,A,M Oliver,4,11.25,11.5,8.25,6.0,1.75,2,13.0,15.0,11.0,4.0,11.333333333333334,11.25,11.25,10.666666666666666,11.5,11.5,8.25,6.0,1.75,10.0,15.0,3.0,1.0
6c610058ce247a88f5ef,2022-23,2022-09-03,Chelsea,West Ham United,H,A Madley,5,11.0,12.2,7.2,5.8,1.6,2,9.5,8.0,5.5,8.0,11.666666666666666,11.0,11.0,12.666666666666666,12.2,12.2,7.2,5.8,1.6,6.0,11.0,10.0,4.0
1a9185b3f9f23028bd4b,2022-23,2022-10-01,Chelsea,Crystal Palace,A,C Kavanagh,6,10.166666666666666,12.0,7.666666666666667,5.333333333333333,2.0,3,12.0,15.0,8.333333333333334,4.333333333333333,8.666666666666666,10.0,10.166666666666666,11.0,11.6,12.0,6.0,5.6,2.0,13.0,11.0,2.0,3.0
763e46622f20c97aec8b,2022-23,2022-10-08,Chelsea,Wolverhampton Wanderers,H,S Hooper,7,10.571428571428571,11.857142857142858,6.857142857142857,5.285714285714286,2.142857142857143,3,8.333333333333334,9.0,7.0,6.333333333333333,9.666666666666666,10.8,10.571428571428571,12.333333333333334,12.0,11.857142857142858,4.8,5.6,2.0,8.0,8.0,4.0,2.0
39516139c2cd6825bea3,2022-23,2022-10-16,Chelsea,Aston Villa,A,R Jones,8,10.25,11.375,6.5,4.875,2.125,4,12.25,14.0,6.75,4.5,9.0,9.4,10.25,10.0,10.4,11.375,4.4,5.2,2.2,11.0,12.0,1.0,3.0
8edc47c4b9cd4915821d,2022-23,2022-10-19,Chelsea,Brentford,A,J Gillett,9,10.333333333333334,11.444444444444445,5.888888888888889,5.111111111111111,2.2222222222222223,5,12.0,13.6,5.6,5.0,10.666666666666666,9.6,10.333333333333334,10.333333333333334,11.4,11.444444444444445,4.0,4.4,2.6,7.0,7.0,2.0,0.0
a8beb6e890f74936344b,2022-23,2022-10-22,Chelsea,Manchester United,H,S Attwell,10,10.0,11.0,5.5,5.2,2.0,4,8.25,8.75,6.25,5.25,8.666666666666666,9.0,10.0,9.0,9.8,11.0,3.8,4.6,2.4,8.0,10.0,6.0,1.0
c9d88f5d1f95611acb51,2022-23,2022-10-29,Chelsea,Brighton & Hove Albion,A,A Madley,11,9.818181818181818,10.909090909090908,5.545454545454546,5.090909090909091,1.9090909090909092,6,11.166666666666666,12.5,5.0,5.166666666666667,8.666666666666666,9.4,9.7,9.666666666666666,9.6,10.6,3.0,4.8,1.8,6.0,16.0,7.0,2.0
5b154787bd91f9fe72e7,2022-23,2022-11-06,Chelsea,Arsenal,H,M Oliver,12,9.5,11.333333333333334,5.666666666666667,5.333333333333333,1.9166666666666667,5,8.2,9.0,6.2,5.0,7.0,8.0,9.4,11.0,10.6,11.3,4.0,5.4,1.6,20.0,13.0,4.0,5.0
8b90af383d78105c8273,2022-23,2022-11-12,Chelsea,Newcastle United,A,R Jones,13,10.307692307692308,11.461538461538462,5.538461538461538,5.384615384615385,2.1538461538461537,7,10.428571428571429,13.0,5.285714285714286,5.571428571428571,11.333333333333334,10.4,9.9,13.0,11.6,11.0,4.0,6.2,2.2,11.0,14.0,3.0,2.0
85502ac444e621c25bc7,2022-23,2022-12-27,Chelsea,Bournemouth,H,S Hooper,14,10.357142857142858,11.642857142857142,5.357142857142857,5.357142857142857,2.142857142857143,6,10.166666666666666,9.666666666666666,5.833333333333333,5.166666666666667,12.333333333333334,10.4,10.0,14.333333333333334,12.0,11.7,4.4,5.8,2.0,8.0,10.0,6.0,0.0
743d069d0726235b05dd,2022-23,2023-01-01,Chelsea,Nottingham Forest,A,P Bankes,15,10.2,11.533333333333333,5.4,5.533333333333333,2.0,8,10.5,13.125,5.0,5.5,13.0,10.6,9.8,12.333333333333334,12.6,11.2,5.2,6.2,2.0,14.0,16.0,2.0,2.0
12829f5db913705eb00b,2022-23,2023-01-05,Chelsea,Manchester City,H,P Tierney,16,10.4375,11.8125,5.1875,5.25,2.0,7,9.857142857142858,9.714285714285714,5.857142857142857,5.571428571428571,11.0,11.8,10.6,13.333333333333334,13.8,11.7,4.4,5.6,2.2,9.0,9.0,3.0,2.0
9677f5fa9d1663ce16f9,2022-23,2023-01-12,Chelsea,Fulham,A,D Coote,17,10.352941176470589,11.647058823529411,5.0588235294117645,5.0588235294117645,2.0,9,10.88888888888889,13.444444444444445,4.666666666666667,5.0,10.333333333333334,12.4,10.2,11.666666666666666,12.4,11.5,3.6,4.4,2.2,16.0,12.0,7.0,3.0
d9f5baa60dd0db18e0a8,2022-23,2023-01-15,Chelsea,Crystal Palace,H,P Bankes,18,10.666666666666666,11.666666666666666,5.166666666666667,5.055555555555555,2.0555555555555554,8,9.75,9.625,5.5,5.125,13.0,11.6,11.0,12.333333333333334,12.2,11.9,4.2,4.2,1.8,10.0,17.0,11.0,2.0
436832a8899c8c5ff235,2022-23,2023-01-21,Chelsea,Liverpool,A,M Oliver,19,10.631578947368421,11.947368421052632,5.473684210526316,5.157894736842105,2.0526315789473686,10,11.4,13.3,4.9,5.0,11.666666666666666,11.4,10.9,12.666666666666666,12.8,12.4,5.8,4.6,1.8,9.0,16.0,5.0,1.0
7c12ecc483157c7750a2,2022-23,2023-02-03,Chelsea,Fulham,H,S Attwell,20,10.55,12.15,5.45,5.15,2.0,9,9.777777777777779,10.444444444444445,6.111111111111111,5.333333333333333,11.666666666666666,11.6,11.1,15.0,14.0,13.3,5.6,4.0,2.0,16.0,12.0,6.0,1.0
a84c71a4cd5f3a0fac63,2022-23,2023-02-11,Chelsea,West Ham United,A,C Pawson,21,10.80952380952381,12.142857142857142,5.476190476190476,5.0,1.9523809523809523,11,11.181818181818182,13.545454545454545,4.909090909090909,5.0,11.666666666666666,12.0,11.9,15.0,13.2,13.5,6.4,4.2,1.8,11.0,9.0,6.0,1.0
b67098ac1f776e24387b,2022-23,2023-02-18,Chelsea,Southampton,H,D Coote,22,10.818181818181818,12.0,5.5,5.0,1.9090909090909092,10,10.4,10.6,6.1,5.0,12.0,12.4,12.4,12.333333333333334,13.2,12.8,7.0,4.8,1.6,16.0,24.0,8.0,3.0
25548fc19099ad013a99,2022-23,2023-02-26,Chelsea,Tottenham,A,S Attwell,23,11.043478260869565,12.521739130434783,5.608695652173913,4.869565217391305,1.9565217391304348,12,11.166666666666666,13.166666666666666,5.0,5.0,14.333333333333334,12.4,12.0,15.0,15.6,13.9,7.2,4.2,1.6,10.0,10.0,4.0,3.0
94e0754377c2c66e868a,2022-23,2023-03-04,Chelsea,Leeds,H,M Oliver,24,11.0,12.416666666666666,5.541666666666667,4.833333333333333,2.0,11,10.909090909090908,11.818181818181818,6.2727272727272725,4.7272727272727275,12.333333333333334,12.4,11.9,14.333333333333334,14.2,13.5,5.8,3.6,1.8,10.0,7.0,5.0,2.0
eb50204125ff685baa0c,2022-23,2023-03-11,Chelsea,Leicester,A,A Marriner,25,10.96,12.2,5.52,4.92,2.0,13,11.076923076923077,12.923076923076923,4.923076923076923,4.923076923076923,12.0,12.6,12.1,13.666666666666666,12.4,13.2,5.8,4.0,2.0,11.0,10.0,5.0,2.0
1bf29fe445fe6a884e46,2022-23,2023-03-18,Chelsea,Everton,H,D England,26,10.961538461538462,12.115384615384615,5.5,4.8076923076923075,2.0,12,10.833333333333334,11.416666666666666,6.166666666666667,4.916666666666667,10.333333333333334,11.6,11.8,9.0,12.0,12.6,5.6,4.0,2.2,8.0,12.0,8.0,2.0
913ff9bfc08feabfadcf,2022-23,2023-04-01,Chelsea,Aston Villa,H,A Madley,27,10.851851851851851,12.11111111111111,5.592592592592593,4.703703703703703,2.0,13,10.615384615384615,11.461538461538462,6.3076923076923075,4.6923076923076925,9.666666666666666,11.0,11.7,9.666666666666666,12.6,12.9,6.0,3.4,2.4,14.0,16.0,13.0,3.0
824d35c4ccd2a4bc7716,2022-23,2023-04-04,Chelsea,Liverpool,H,A Taylor,28,10.964285714285714,12.25,5.857142857142857,4.607142857142857,2.0357142857142856,14,10.857142857142858,11.785714285714286,6.785714285714286,4.5,11.0,10.6,11.5,12.666666666666666,11.0,13.3,7.0,3.4,2.4,6.0,17.0,3.0,1.0
12c2d360774158a32ee1,2022-23,2023-04-08,Chelsea,Wolverhampton Wanderers,A,P Bankes,29,10.793103448275861,12.413793103448276,5.758620689655173,4.620689655172414,2.0,14,11.071428571428571,12.714285714285714,4.928571428571429,4.714285714285714,9.333333333333334,9.8,11.1,15.0,12.4,13.3,6.8,3.6,2.0,10.0,14.0,8.0,5.0
c9c406212d345357cf27,2022-23,2023-04-15,Chelsea,Brighton & Hove Albion,H,R Jones,30,10.766666666666667,12.466666666666667,5.833333333333333,4.733333333333333,2.1,15,10.533333333333333,12.133333333333333,6.533333333333333,4.533333333333333,10.0,9.8,11.2,15.666666666666666,13.8,13.1,7.4,3.8,2.6,11.0,11.0,2.0,2.0
d68ba8d1b5071e82da2e,2022-23,2023-04-26,Chelsea,Brentford,H,A Madley,31,10.774193548387096,12.419354838709678,5.709677419354839,4.838709677419355,2.096774193548387,16,10.5625,12.0625,6.25,4.75,9.0,9.8,10.7,14.0,14.0,13.0,6.8,5.0,2.6,5.0,13.0,5.0,1.0
759740e91546e13f1a3b,2022-23,2023-05-02,Chelsea,Arsenal,A,R Jones,32,10.59375,12.4375,5.6875,4.75,2.0625,15,11.0,12.8,5.133333333333334,4.933333333333334,8.666666666666666,9.2,10.1,12.666666666666666,14.2,13.4,6.2,5.0,2.4,10.0,10.0,2.0,2.0
3599af6dbec6945984f8,2022-23,2023-05-06,Chelsea,Bournemouth,A,J Brooks,33,10.575757575757576,12.363636363636363,5.575757575757576,4.818181818181818,2.0606060606060606,16,10.9375,12.625,4.9375,5.0625,8.666666666666666,8.4,9.5,11.333333333333334,13.0,12.0,4.0,6.0,2.2,11.0,9.0,7.0,3.0
38fcdb20cc289c948698,2022-23,2023-05-13,Chelsea,Nottingham Forest,H,P Tierney,34,10.588235294117647,12.264705882352942,5.617647058823529,4.882352941176471,2.088235294117647,17,10.235294117647058,12.117647058823529,6.176470588235294,4.588235294117647,8.666666666666666,9.4,9.6,10.666666666666666,11.4,11.9,4.8,6.4,2.6,13.0,15.0,2.0,3.0
f1daceed1e2314310b2a,2022-23,2023-05-21,Chelsea,Manchester City,A,M Oliver,35,10.657142857142857,12.342857142857143,5.514285714285714,4.885714285714286,2.1142857142857143,17,10.941176470588236,12.411764705882353,5.0588235294117645,5.176470588235294,11.333333333333334,10.0,9.9,11.333333333333334,11.6,12.7,3.6,5.8,2.2,9.0,12.0,2.0,2.0
4bffbb07302b7789de69,2022-23,2023-05-25,Chelsea,Manchester United,A,S Attwell,36,10.61111111111111,12.333333333333334,5.416666666666667,4.888888888888889,2.111111111111111,18,10.833333333333334,12.38888888888889,4.888888888888889,5.166666666666667,11.0,9.6,9.7,12.0,11.8,12.9,3.6,5.2,2.2,6.0,12.0,4.0,1.0
c11cc21fdd56de257097,2022-23,2023-05-28,Chelsea,Newcastle United,H,J Gillett,37,10.486486486486486,12.324324324324325,5.378378378378378,4.837837837837838,2.081081081081081,18,10.38888888888889,12.277777777777779,5.944444444444445,4.611111111111111,9.333333333333334,9.8,9.5,13.0,11.6,12.9,3.4,5.4,2.2,9.0,11.0,10.0,0.0
0f2308874945d21c04c3,2022-23,2022-08-05,Crystal Palace,Arsenal,H,A Taylor,0,,,,,,0,,,,,,,,,,,,,,16.0,11.0,3.0,1.0
11829d986f8ddbf72044,2022-23,2022-08-15,Crystal Palace,Liverpool,A,P Tierney,1,16.0,11.0,3.0,5.0,1.0,0,,,,,16.0,16.0,16.0,11.0,11.0,11.0,3.0,5.0,1.0,8.0,7.0,2.0,4.0
b6021694be1558d6976d,2022-23,2022-08-20,Crystal Palace,Aston Villa,H,A Madley,2,12.0,9.0,2.5,4.5,2.5,1,16.0,11.0,3.0,5.0,12.0,12.0,12.0,9.0,9.0,9.0,2.5,4.5,2.5,16.0,14.0,4.0,2.0
cad29ba7261bde8df39e,2022-23,2022-08-27,Crystal Palace,Manchester City,A,D England,3,13.333333333333334,10.666666666666666,3.0,3.6666666666666665,2.3333333333333335,1,8.0,7.0,2.0,4.0,13.333333333333334,13.333333333333334,13.333333333333334,10.666666666666666,10.666666666666666,10.666666666666666,3.0,3.6666666666666665,2.3333333333333335,8.0,14.0,1.0,2.0
2a3d680d1ade6e6b156b,2022-23,2022-08-30,Crystal Palace,Brentford,H,S Hooper,4,12.0,11.5,2.5,4.25,2.25,2,16.0,12.5,3.5,3.5,10.666666666666666,12.0,12.0,11.666666666666666,11.5,11.5,2.5,4.25,2.25,11.0,8.0,4.0,1.0
f52d8cc047fbd29ef11a,2022-23,2022-09-03,Crystal Palace,Newcastle United,A,M Salisbury,5,11.8,10.8,2.8,4.6,2.0,2,8.0,10.5,1.5,5.0,11.666666666666666,11.8,11.8,12.0,10.8,10.8,2.8,4.6,2.0,12.0,19.0,5.0,1.0
1a9185b3f9f23028bd4b,2022-23,2022-10-01,Crystal Palace,Chelsea,H,C Kavanagh,6,11.833333333333334,12.166666666666666,3.1666666666666665,6.0,1.8333333333333333,3,14.333333333333334,11.0,3.6666666666666665,4.333333333333333,10.333333333333334,11.0,11.833333333333334,13.666666666666666,12.4,12.166666666666666,3.2,6.2,2.0,11.0,13.0,5.0,1.0
2d2200e3e9ce873b51a9,2022-23,2022-10-09,Crystal Palace,Leeds,H,P Tierney,7,11.714285714285714,12.285714285714286,3.4285714285714284,5.428571428571429,1.7142857142857142,4,13.5,11.5,4.0,3.75,11.333333333333334,11.6,11.714285714285714,13.333333333333334,13.6,12.285714285714286,3.8,5.8,1.4,13.0,23.0,5.0,3.0
13d437617b1067ffb1c2,2022-23,2022-10-15,Crystal Palace,Leicester,A,A Madley,8,11.875,13.625,3.625,5.125,1.875,3,9.333333333333334,13.333333333333334,2.6666666666666665,7.666666666666667,12.0,11.0,11.875,18.333333333333332,15.4,13.625,4.0,6.0,1.6,13.0,18.0,2.0,2.0
91f69f222c3e2660817f,2022-23,2022-10-18,Crystal Palace,Wolverhampton Wanderers,H,D Coote,9,12.0,14.11111111111111,3.4444444444444446,5.555555555555555,1.8888888888888888,5,13.4,13.8,4.2,3.6,12.333333333333334,12.0,12.0,18.0,16.2,14.11111111111111,4.2,6.6,1.6,14.0,18.0,4.0,3.0
dfe88935dcbb0a59ea2f,2022-23,2022-10-22,Crystal Palace,Everton,A,S Hooper,10,12.2,14.5,3.5,5.3,2.0,4,10.25,14.5,2.5,8.0,13.333333333333334,12.6,12.2,19.666666666666668,18.2,14.5,4.2,6.0,2.0,14.0,16.0,4.0,4.0
c22d3bd98749cb7cf404,2022-23,2022-10-29,Crystal Palace,Southampton,H,M Salisbury,11,12.363636363636363,14.636363636363637,3.5454545454545454,5.090909090909091,2.1818181818181817,6,13.5,14.5,4.166666666666667,3.5,13.666666666666666,13.0,12.0,17.333333333333332,17.6,15.0,4.0,4.0,2.6,13.0,12.0,8.0,3.0
b3c2b52de3a698522dee,2022-23,2022-11-06,Crystal Palace,West Ham United,A,P Tierney,12,12.416666666666666,14.416666666666666,3.9166666666666665,5.0,2.25,5,11.0,14.8,2.8,7.0,13.666666666666666,13.4,12.5,15.333333333333334,17.4,15.5,4.6,4.4,3.0,7.0,10.0,5.0,1.0
4f24eafca55d3d08821c,2022-23,2022-11-12,Crystal Palace,Nottingham Forest,A,J Brooks,13,12.0,14.076923076923077,4.0,4.769230769230769,2.1538461538461537,6,10.333333333333334,14.0,3.1666666666666665,6.166666666666667,11.333333333333334,12.2,11.6,12.666666666666666,14.8,15.1,4.6,4.2,2.6,13.0,11.0,5.0,4.0
06113e4eccf15bca2a04,2022-23,2022-12-26,Crystal Palace,Fulham,H,A Madley,14,12.071428571428571,13.857142857142858,4.071428571428571,4.5,2.2857142857142856,7,13.428571428571429,14.142857142857142,4.714285714285714,3.5714285714285716,11.0,12.2,12.1,11.0,13.4,14.8,5.2,2.6,3.0,12.0,15.0,1.0,0.0
2520214a052555235e37,2022-23,2022-12-31,Crystal Palace,Bournemouth,A,A Marriner,15,12.066666666666666,13.933333333333334,3.8666666666666667,4.733333333333333,2.1333333333333333,7,10.714285714285714,13.571428571428571,3.4285714285714284,5.428571428571429,10.666666666666666,11.8,12.2,12.0,12.8,15.5,4.6,3.6,2.4,11.0,17.0,7.0,1.0
ca14c633ae65cf6e0b3b,2022-23,2023-01-04,Crystal Palace,Tottenham,H,M Oliver,16,12.0,14.125,4.0625,4.5625,2.0625,8,13.25,14.25,4.25,4.125,12.0,11.2,12.1,14.333333333333334,13.0,15.3,5.2,3.4,1.8,11.0,8.0,10.0,1.0
d9f5baa60dd0db18e0a8,2022-23,2023-01-15,Crystal Palace,Chelsea,A,P Bankes,17,11.941176470588236,13.764705882352942,4.411764705882353,4.529411764705882,2.0,8,10.75,14.0,3.875,5.0,11.333333333333334,10.8,12.1,13.333333333333334,12.2,14.8,5.6,3.4,1.4,17.0,10.0,7.0,5.0
cc506dd400b9bb2b18f0,2022-23,2023-01-18,Crystal Palace,Manchester United,H,R Jones,18,12.222222222222221,13.555555555555555,4.555555555555555,4.888888888888889,2.1666666666666665,9,13.0,13.555555555555555,4.888888888888889,4.111111111111111,13.0,12.8,12.5,11.666666666666666,12.2,13.5,6.0,5.2,2.2,9.0,10.0,3.0,1.0
b68fd3aa91173d06a585,2022-23,2023-01-21,Crystal Palace,Newcastle United,H,C Pawson,19,12.052631578947368,13.368421052631579,4.473684210526316,4.7894736842105265,2.1052631578947367,10,12.6,13.2,4.7,4.0,12.333333333333334,12.0,12.1,9.333333333333334,12.0,12.7,5.6,5.6,1.6,13.0,7.0,3.0,4.0
4c1811e5f0bf896613c0,2022-23,2023-02-04,Crystal Palace,Manchester United,A,A Marriner,20,12.1,13.05,4.4,5.3,2.2,9,11.444444444444445,13.555555555555555,4.222222222222222,5.666666666666667,13.0,12.2,12.0,9.0,10.4,11.6,6.0,7.0,2.4,9.0,9.0,5.0,2.0
1a50a21f30352f9b3fe7,2022-23,2023-02-11,Crystal Palace,Brighton & Hove Albion,H,M Oliver,21,11.952380952380953,12.857142857142858,4.428571428571429,5.285714285714286,2.1904761904761907,11,12.636363636363637,12.636363636363637,4.545454545454546,5.0,10.333333333333334,11.8,11.5,8.666666666666666,8.8,10.9,5.6,7.6,2.6,10.0,11.0,1.0,4.0
a24876536322cd65118b,2022-23,2023-02-18,Crystal Palace,Brentford,A,P Tierney,22,11.863636363636363,12.772727272727273,4.2727272727272725,5.318181818181818,2.272727272727273,10,11.2,13.1,4.3,5.6,10.666666666666666,11.6,11.2,9.0,9.4,10.8,3.8,8.0,3.2,8.0,10.0,6.0,2.0
ae14f94ef931b4e7bcd4,2022-23,2023-02-25,Crystal Palace,Liverpool,H,D England,23,11.695652173913043,12.652173913043478,4.3478260869565215,5.173913043478261,2.260869565217391,12,12.416666666666666,12.5,4.25,5.083333333333333,9.0,9.8,11.3,10.0,9.4,10.8,3.6,6.2,2.6,11.0,14.0,5.0,2.0
255922eb01681ed26f30,2022-23,2023-03-04,Crystal Palace,Aston Villa,A,C Pawson,24,11.666666666666666,12.708333333333334,4.375,5.083333333333333,2.25,11,10.909090909090908,12.818181818181818,4.454545454545454,5.2727272727272725,9.666666666666666,10.2,11.1,11.666666666666666,10.2,11.1,4.0,6.2,2.8,17.0,14.0,4.0,3.0
430f9d5827707e430ed3,2022-23,2023-03-11,Crystal Palace,Manchester City,H,R Jones,25,11.88,12.76,4.36,4.96,2.28,13,12.307692307692308,12.615384615384615,4.3076923076923075,4.923076923076923,12.0,11.0,11.6,12.666666666666666,11.6,11.0,4.2,3.6,2.6,11.0,17.0,2.0,2.0
41a7f4226876bfd531cf,2022-23,2023-03-15,Crystal Palace,Brighton & Hove Albion,A,P Bankes,26,11.846153846153847,12.923076923076923,4.269230769230769,5.0,2.269230769230769,12,11.416666666666666,12.916666666666666,4.416666666666667,5.0,13.0,11.4,11.6,15.0,13.2,11.0,3.6,3.8,2.6,20.0,13.0,4.0,2.0
2a41adcfd4b91ab863dc,2022-23,2023-03-19,Crystal Palace,Arsenal,A,S Attwell,27,12.148148148148149,12.925925925925926,4.2592592592592595,4.851851851851852,2.259259259259259,13,12.076923076923077,12.923076923076923,4.384615384615385,4.6923076923076925,16.0,13.4,12.5,14.666666666666666,13.6,11.5,4.2,2.8,2.2,10.0,8.0,4.0,1.0
4ecf2e74d6cc8e21417e,2022-23,2023-04-01,Crystal Palace,Leicester,H,T Robinson,28,12.071428571428571,12.75,4.25,4.857142857142857,2.2142857142857144,14,12.214285714285714,12.928571428571429,4.142857142857143,5.0,13.666666666666666,13.8,11.8,12.666666666666666,13.2,11.3,3.8,3.4,2.0,12.0,16.0,10.0,3.0
1994dee26abc999110d4,2022-23,2023-04-09,Crystal Palace,Leeds,A,S Hooper,29,12.068965517241379,12.862068965517242,4.448275862068965,4.724137931034483,2.2413793103448274,14,11.928571428571429,12.571428571428571,4.357142857142857,4.714285714285714,14.0,14.0,12.1,12.333333333333334,13.6,11.9,4.8,3.0,2.2,8.0,11.0,4.0,1.0
6acc0e4cd2cb371649d7,2022-23,2023-04-15,Crystal Palace,Southampton,A,M Oliver,30,11.933333333333334,12.8,4.433333333333334,4.633333333333334,2.2,15,11.666666666666666,12.466666666666667,4.333333333333333,4.533333333333333,10.0,12.2,11.6,11.666666666666666,13.0,12.3,4.8,3.0,1.8,13.0,6.0,2.0,1.0
46b29108569523246d69,2022-23,2023-04-22,Crystal Palace,Everton,H,J Brooks,31,11.96774193548387,12.580645161290322,4.354838709677419,4.67741935483871,2.161290322580645,15,12.2,13.133333333333333,4.533333333333333,4.733333333333333,11.0,12.6,12.0,11.0,10.8,12.0,4.8,3.0,1.6,12.0,14.0,8.0,1.0
15cd8ff7db121f50d1cf,2022-23,2023-04-25,Crystal Palace,Wolverhampton Wanderers,A,R Jones,32,11.96875,12.625,4.46875,4.5625,2.125,16,11.75,12.0625,4.1875,4.625,11.0,11.0,12.2,10.333333333333334,11.0,12.3,5.6,3.0,1.4,14.0,13.0,11.0,4.0
16ca9ec8b32a97e9c0b4,2022-23,2023-04-29,Crystal Palace,West Ham United,H,C Pawson,33,12.030303030303031,12.636363636363637,4.666666666666667,4.606060606060606,2.1818181818181817,16,12.1875,13.1875,4.75,4.5,13.0,11.8,12.8,11.0,12.0,12.6,7.0,3.2,2.0,9.0,17.0,8.0,1.0
008c856ba2eae948942b,2022-23,2023-05-06,Crystal Palace,Tottenham,A,D England,34,11.941176470588236,12.764705882352942,4.764705882352941,4.617647058823529,2.1470588235294117,17,11.882352941176471,12.117647058823529,4.588235294117647,4.705882352941177,11.666666666666666,11.2,12.6,14.666666666666666,12.2,12.9,6.6,4.0,1.6,14.0,15.0,4.0,5.0
aec5e9c4ccc57372e526,2022-23,2023-05-13,Crystal Palace,Bournemouth,H,M Salisbury,35,12.0,12.82857142857143,4.742857142857143,4.714285714285714,2.2285714285714286,17,12.0,13.411764705882353,4.9411764705882355,4.529411764705882,12.333333333333334,12.4,12.3,15.0,13.0,13.0,6.6,5.2,2.4,5.0,12.0,11.0,0.0
8e101e6f796ab4975983,2022-23,2023-05-20,Crystal Palace,Fulham,A,J Smith,36,11.805555555555555,12.805555555555555,4.916666666666667,4.638888888888889,2.1666666666666665,18,12.0,12.277777777777779,4.555555555555555,4.888888888888889,9.333333333333334,10.8,11.7,14.666666666666666,14.2,12.5,8.4,4.4,2.2,12.0,13.0,4.0,0.0
1bb580230a8425e7bbbc,2022-23,2023-05-28,Crystal Palace,Nottingham Forest,H,T Bramall,37,11.81081081081081,12.81081081081081,4.891891891891892,4.702702702702703,2.108108108108108,18,11.61111111111111,13.333333333333334,5.277777777777778,4.388888888888889,10.333333333333334,10.8,10.9,13.333333333333334,14.0,12.5,7.6,5.6,2.0,9.0,13.0,5.0,0.0
76e0d3d73ba4a9740e83,2022-23,2022-08-06,Everton,Chelsea,H,C Pawson,0,,,,,,0,,,,,,,,,,,,,,14.0,11.0,4.0,3.0
0641a43591fdbac10cde,2022-23,2022-08-13,Everton,Aston Villa,A,M Oliver,1,14.0,11.0,4.0,16.0,3.0,0,,,,,14.0,14.0,14.0,11.0,11.0,11.0,4.0,16.0,3.0,7.0,9.0,8.0,1.0
21c3d08dd45f869e7e8a,2022-23,2022-08-20,Everton,Nottingham Forest,H,A Marriner,2,10.5,10.0,6.0,10.5,2.0,1,14.0,11.0,4.0,16.0,10.5,10.5,10.5,10.0,10.0,10.0,6.0,10.5,2.0,6.0,9.0,6.0,3.0
58ca09d53dfd06f27583,2022-23,2022-08-27,Everton,Brentford,A,J Brooks,3,9.0,9.666666666666666,6.0,7.666666666666667,2.3333333333333335,1,7.0,9.0,8.0,5.0,9.0,9.0,9.0,9.666666666666666,9.666666666666666,9.666666666666666,6.0,7.666666666666667,2.3333333333333335,8.0,8.0,5.0,2.0
b9f804d807f45a523d7c,2022-23,2022-08-30,Everton,Leeds,A,D England,4,8.75,9.25,5.75,7.75,2.25,2,7.5,8.5,6.5,6.5,7.0,8.75,8.75,8.666666666666666,9.25,9.25,5.75,7.75,2.25,9.0,10.0,2.0,3.0
18f91f5030354cc2cad0,2022-23,2022-09-03,Everton,Liverpool,H,A Taylor,5,8.8,9.4,5.0,8.2,2.4,2,10.0,10.0,5.0,9.0,7.666666666666667,8.8,8.8,9.0,9.4,9.4,5.0,8.2,2.4,7.0,11.0,7.0,2.0
da401fbb3071289bcdea,2022-23,2022-09-18,Everton,West Ham United,H,M Oliver,6,8.5,9.666666666666666,5.333333333333333,8.333333333333334,2.3333333333333335,3,9.0,10.333333333333334,5.666666666666667,9.0,8.0,7.4,8.5,9.666666666666666,9.4,9.666666666666666,5.6,6.8,2.2,8.0,11.0,5.0,3.0
c458b0d5f6b6d94d54b2,2022-23,2022-10-01,Everton,Southampton,A,A Marriner,7,8.428571428571429,9.857142857142858,5.285714285714286,9.142857142857142,2.4285714285714284,3,8.0,9.0,5.0,7.666666666666667,8.0,7.6,8.428571428571429,10.666666666666666,9.8,9.857142857142858,5.0,8.6,2.6,10.0,11.0,6.0,2.0
cea1c23b9ea3346e5e2e,2022-23,2022-10-09,Everton,Manchester United,H,D Coote,8,8.625,10.0,5.375,8.875,2.375,4,8.75,10.5,5.5,10.25,8.333333333333334,8.4,8.625,11.0,10.2,10.0,5.0,9.6,2.4,7.0,13.0,5.0,2.0
d30402bfc2e7d4b8cba9,2022-23,2022-10-15,Everton,Tottenham,A,P Tierney,9,8.444444444444445,10.333333333333334,5.333333333333333,8.333333333333334,2.3333333333333335,4,8.5,9.5,5.25,7.5,8.333333333333334,8.2,8.444444444444445,11.666666666666666,11.2,10.333333333333334,5.0,8.8,2.4,13.0,12.0,1.0,4.0
fa6737bde4f9e7b793e0,2022-23,2022-10-19,Everton,Newcastle United,A,T Harrington,10,8.9,10.5,4.9,8.2,2.5,5,9.4,10.0,4.4,7.4,10.0,9.0,8.9,12.0,11.6,10.5,4.8,8.2,2.6,12.0,9.0,2.0,4.0
dfe88935dcbb0a59ea2f,2022-23,2022-10-22,Everton,Crystal Palace,H,S Hooper,11,9.181818181818182,10.363636363636363,4.636363636363637,8.181818181818182,2.6363636363636362,5,8.4,11.0,5.4,9.0,10.666666666666666,10.0,8.7,11.333333333333334,11.2,10.3,3.8,8.0,3.0,16.0,14.0,3.0,3.0
63b5113e1b6d496bbbc5,2022-23,2022-10-29,Everton,Fulham,A,J Brooks,12,9.75,10.666666666666666,4.5,7.833333333333333,2.6666666666666665,6,9.833333333333334,9.833333333333334,4.0,7.5,13.666666666666666,11.6,9.6,11.666666666666666,11.8,10.8,3.4,6.0,3.0,8.0,10.0,4.0,1.0
8460120e433ed11af4ab,2022-23,2022-11-05,Everton,Leicester,H,D Coote,13,9.615384615384615,10.615384615384615,4.461538461538462,8.23076923076923,2.5384615384615383,6,9.666666666666666,11.5,5.0,8.166666666666666,12.0,11.2,9.8,11.0,11.6,10.9,3.0,7.2,2.8,9.0,5.0,8.0,0.0
17bd532ce6ef0c61f180,2022-23,2022-11-12,Everton,Bournemouth,A,C Pawson,14,9.571428571428571,10.214285714285714,4.714285714285714,7.857142857142857,2.357142857142857,7,9.571428571428571,9.857142857142858,4.0,8.285714285714286,11.0,11.6,9.9,9.666666666666666,10.0,10.6,3.6,7.0,2.4,8.0,12.0,5.0,0.0
5ee9432424747d4ec842,2022-23,2022-12-26,Everton,Wolverhampton Wanderers,H,C Pawson,15,9.466666666666667,10.333333333333334,4.733333333333333,7.533333333333333,2.2,7,9.571428571428571,10.571428571428571,5.428571428571429,7.428571428571429,8.333333333333334,10.6,9.8,9.0,10.0,10.8,4.4,6.2,1.6,9.0,22.0,2.0,1.0
a1298f2302c2608f5e9a,2022-23,2022-12-31,Everton,Manchester City,A,A Madley,16,9.4375,11.0625,4.5625,7.1875,2.125,8,9.375,10.125,4.125,7.625,8.666666666666666,10.0,10.0,13.0,12.6,11.9,4.4,5.0,1.0,14.0,13.0,1.0,4.0
e19dc355203f24f7c165,2022-23,2023-01-03,Everton,Brighton & Hove Albion,H,A Marriner,17,9.705882352941176,11.176470588235293,4.352941176470588,7.176470588235294,2.235294117647059,8,9.5,12.0,5.0,6.75,10.333333333333334,9.6,10.6,15.666666666666666,12.4,12.1,4.0,5.6,1.2,8.0,10.0,5.0,3.0
9fa5e4d76eadf9749db3,2022-23,2023-01-14,Everton,Southampton,H,J Brooks,18,9.61111111111111,11.11111111111111,4.388888888888889,6.888888888888889,2.2777777777777777,9,9.333333333333334,11.777777777777779,5.0,6.222222222222222,10.333333333333334,9.6,10.4,15.0,12.4,12.0,4.2,3.4,1.6,7.0,19.0,6.0,0.0
bb066113a5ace0c49251,2022-23,2023-01-21,Everton,West Ham United,A,S Attwell,19,9.473684210526315,11.526315789473685,4.473684210526316,6.7368421052631575,2.1578947368421053,9,9.88888888888889,10.444444444444445,3.7777777777777777,7.555555555555555,9.666666666666666,9.2,10.4,14.0,15.2,12.6,3.8,3.6,1.6,6.0,9.0,9.0,1.0
4b330d497cc83aca8b5b,2022-23,2023-02-04,Everton,Arsenal,H,D Coote,20,9.3,11.4,4.7,6.6,2.1,10,9.1,12.5,5.1,6.0,7.0,8.8,9.7,12.666666666666666,14.6,12.3,4.6,3.8,1.8,13.0,8.0,7.0,4.0
99bc0001824d5e261ca0,2022-23,2023-02-13,Everton,Liverpool,A,S Hooper,21,9.476190476190476,11.238095238095237,4.809523809523809,6.523809523809524,2.1904761904761907,10,9.5,10.3,4.3,7.2,8.666666666666666,9.6,9.8,12.0,11.8,12.2,5.6,4.4,2.4,16.0,8.0,3.0,3.0
64dd30dcf4f7b70e7f64,2022-23,2023-02-18,Everton,Leeds,H,A Madley,22,9.772727272727273,11.090909090909092,4.7272727272727275,6.363636363636363,2.227272727272727,11,9.454545454545455,12.090909090909092,5.2727272727272725,5.909090909090909,11.666666666666666,10.0,9.8,8.333333333333334,10.8,11.6,6.0,3.6,2.2,8.0,6.0,6.0,2.0
2d985e858adc170f661b,2022-23,2023-02-25,Everton,Aston Villa,H,A Taylor,23,9.695652173913043,10.869565217391305,4.782608695652174,6.260869565217392,2.217391304347826,12,9.333333333333334,11.583333333333334,5.333333333333333,5.75,12.333333333333334,10.0,9.8,7.333333333333333,10.0,11.2,6.2,4.0,2.0,12.0,12.0,5.0,2.0
8fb80c7700726a47d824,2022-23,2023-03-01,Everton,Arsenal,A,M Oliver,24,9.791666666666666,10.916666666666666,4.791666666666667,6.041666666666667,2.2083333333333335,11,10.090909090909092,10.090909090909092,4.181818181818182,6.818181818181818,12.0,11.0,10.1,8.666666666666666,8.6,11.9,6.0,3.4,2.4,12.0,5.0,1.0,2.0
fc17961b091ae7c27d02,2022-23,2023-03-05,Everton,Nottingham Forest,A,J Brooks,25,9.88,10.68,4.64,6.0,2.2,12,10.25,9.666666666666666,3.9166666666666665,6.666666666666667,10.666666666666666,12.2,10.5,7.666666666666667,7.8,11.2,4.4,3.6,2.6,17.0,11.0,3.0,5.0
89f1ca7e287760c89280,2022-23,2023-03-11,Everton,Brentford,H,S Hooper,26,10.153846153846153,10.692307692307692,4.576923076923077,5.884615384615385,2.3076923076923075,13,9.538461538461538,11.615384615384615,5.3076923076923075,5.384615384615385,13.666666666666666,13.0,11.3,9.333333333333334,8.4,10.1,3.6,3.2,2.8,11.0,12.0,5.0,2.0
1bf29fe445fe6a884e46,2022-23,2023-03-18,Everton,Chelsea,A,D England,27,10.185185185185185,10.74074074074074,4.592592592592593,5.962962962962963,2.2962962962962963,13,10.76923076923077,9.76923076923077,3.8461538461538463,6.384615384615385,13.333333333333334,12.0,11.0,9.333333333333334,9.2,10.0,4.0,4.2,2.6,12.0,8.0,2.0,2.0
a219b3e26340a11f9ca6,2022-23,2023-04-03,Everton,Tottenham,H,D Coote,28,10.25,10.642857142857142,4.5,6.035714285714286,2.2857142857142856,14,9.642857142857142,11.642857142857142,5.285714285714286,5.571428571428571,13.333333333333334,12.8,11.4,10.333333333333334,9.6,9.8,3.2,5.0,2.6,10.0,14.0,3.0,0.0
1c0d410f00800729d4c2,2022-23,2023-04-08,Everton,Manchester United,A,M Oliver,29,10.241379310344827,10.758620689655173,4.448275862068965,5.931034482758621,2.206896551724138,14,10.857142857142858,9.642857142857142,3.7142857142857144,6.5,11.0,12.4,11.7,11.333333333333334,10.0,9.3,2.8,5.4,2.2,9.0,10.0,4.0,0.0
5e7a858ff478c9fb85e5,2022-23,2023-04-15,Everton,Fulham,H,A Taylor,30,10.2,10.733333333333333,4.433333333333334,6.066666666666666,2.1333333333333333,15,9.666666666666666,11.8,5.133333333333334,5.4,10.333333333333334,11.8,12.0,10.666666666666666,11.0,9.4,3.4,6.4,1.8,10.0,6.0,4.0,3.0
46b29108569523246d69,2022-23,2023-04-22,Everton,Crystal Palace,A,J Brooks,31,10.193548387096774,10.580645161290322,4.419354838709677,6.129032258064516,2.161290322580645,15,10.733333333333333,9.666666666666666,3.7333333333333334,6.733333333333333,9.666666666666666,10.4,11.7,10.0,10.0,9.2,3.6,7.4,1.4,14.0,12.0,1.0,1.0
7781d01df8a931c19c60,2022-23,2023-04-27,Everton,Newcastle United,H,A Marriner,32,10.3125,10.625,4.3125,6.1875,2.125,16,9.6875,11.4375,5.0625,5.5625,11.0,11.0,11.5,9.333333333333334,10.0,9.6,2.8,7.4,1.2,8.0,6.0,3.0,2.0
53d1137761157e823a32,2022-23,2023-05-01,Everton,Leicester,A,M Oliver,33,10.242424242424242,10.484848484848484,4.2727272727272725,6.424242424242424,2.121212121212121,16,10.9375,9.8125,3.5625,6.8125,10.666666666666666,10.2,11.5,8.0,9.6,9.6,3.0,8.6,1.2,12.0,10.0,9.0,1.0
48354b748cda058d5846,2022-23,2023-05-08,Everton,Brighton & Hove Albion,A,S Hooper,34,10.294117647058824,10.470588235294118,4.411764705882353,6.294117647058823,2.088235294117647,17,11.0,9.823529411764707,3.8823529411764706,6.529411764705882,11.333333333333334,10.6,11.5,9.333333333333334,8.8,9.4,4.2,8.4,1.4,13.0,11.0,1.0,5.0
67bde285e822c6f2db59,2022-23,2023-05-14,Everton,Manchester City,H,A Taylor,35,10.371428571428572,10.485714285714286,4.314285714285714,6.542857142857143,2.1714285714285713,17,9.588235294117647,11.117647058823529,4.9411764705882355,6.0588235294117645,11.0,11.4,11.6,9.0,9.0,10.0,3.6,9.4,2.4,12.0,4.0,8.0,1.0
37455b4eae15422e6cc7,2022-23,2023-05-20,Everton,Wolverhampton Wanderers,A,D Coote,36,10.416666666666666,10.305555555555555,4.416666666666667,6.527777777777778,2.138888888888889,18,11.11111111111111,9.88888888888889,3.7222222222222223,7.0,12.333333333333334,11.8,11.1,8.333333333333334,8.6,9.3,4.4,9.0,2.0,10.0,18.0,7.0,1.0
af2ece7c9e60c05eebca,2022-23,2023-05-28,Everton,Bournemouth,H,S Attwell,37,10.405405405405405,10.513513513513514,4.486486486486487,6.378378378378378,2.108108108108108,18,9.722222222222221,10.722222222222221,5.111111111111111,6.055555555555555,11.666666666666666,11.0,11.0,11.0,9.8,9.9,5.6,7.6,2.0,11.0,12.0,9.0,1.0
76753107e6b79adfa7d0,2022-23,2022-08-06,Fulham,Liverpool,H,A Madley,0,,,,,,0,,,,,,,,,,,,,,7.0,9.0,4.0,2.0
9ce732d401a20ca2aaa2,2022-23,2022-08-13,Fulham,Wolverhampton Wanderers,A,J Brooks,1,7.0,9.0,4.0,4.0,2.0,0,,,,,7.0,7.0,7.0,9.0,9.0,9.0,4.0,4.0,2.0,14.0,7.0,3.0,3.0
70e0d4cdf1bb4143b520,2022-23,2022-08-20,Fulham,Brentford,H,P Bankes,2,10.5,8.0,3.5,4.5,2.5,1,7.0,9.0,4.0,4.0,10.5,10.5,10.5,8.0,8.0,8.0,3.5,4.5,2.5,13.0,7.0,6.0,3.0
938b05c9beb26b34732d,2022-23,2022-08-27,Fulham,Arsenal,A,J Gillett,3,11.333333333333334,7.666666666666667,4.333333333333333,4.0,2.6666666666666665,1,14.0,7.0,3.0,5.0,11.333333333333334,11.333333333333334,11.333333333333334,7.666666666666667,7.666666666666667,7.666666666666667,4.333333333333333,4.0,2.6666666666666665,12.0,6.0,2.0,3.0
2af9ea2917fecf89f24a,2022-23,2022-08-30,Fulham,Brighton & Hove Albion,H,T Bramall,4,11.5,7.25,3.75,5.25,2.75,2,10.0,8.0,5.0,3.5,13.0,11.5,11.5,6.666666666666667,7.25,7.25,3.75,5.25,2.75,9.0,11.0,3.0,2.0
b9c2ebf9fae0268d9e05,2022-23,2022-09-03,Fulham,Tottenham,A,S Attwell,5,11.0,8.0,3.6,4.8,2.6,2,13.0,6.5,2.5,7.0,11.333333333333334,11.0,11.0,8.0,8.0,8.0,3.6,4.8,2.6,6.0,9.0,3.0,4.0
aba450c1c73b8cb4a412,2022-23,2022-09-16,Fulham,Nottingham Forest,A,J Gillett,6,10.166666666666666,8.166666666666666,3.5,5.666666666666667,2.8333333333333335,3,10.666666666666666,7.333333333333333,2.6666666666666665,8.0,9.0,10.8,10.166666666666666,8.666666666666666,8.0,8.166666666666666,3.4,6.0,3.0,10.0,11.0,10.0,4.0
2622354837b581f164f8,2022-23,2022-10-01,Fulham,Newcastle United,H,D England,7,10.142857142857142,8.571428571428571,4.428571428571429,5.142857142857143,3.0,3,9.666666666666666,9.0,4.333333333333333,3.3333333333333335,8.333333333333334,10.0,10.142857142857142,10.333333333333334,8.8,8.571428571428571,4.8,5.4,3.2,9.0,10.0,1.0,2.0
4ebc5cb839e2885b7818,2022-23,2022-10-09,Fulham,West Ham United,A,C Kavanagh,8,10.0,8.75,4.0,5.5,2.875,4,10.5,8.25,4.5,6.5,8.333333333333334,9.2,10.0,10.0,9.4,8.75,3.8,6.4,3.0,7.0,9.0,2.0,3.0
c07366a6a21438bc1cca,2022-23,2022-10-15,Fulham,Bournemouth,H,G Scott,9,9.666666666666666,8.777777777777779,3.7777777777777777,5.333333333333333,2.888888888888889,4,9.5,9.25,3.5,4.5,8.666666666666666,8.2,9.666666666666666,10.0,10.0,8.777777777777779,3.8,5.4,3.0,9.0,11.0,5.0,2.0
9d831fe3ccf2a7bb28e0,2022-23,2022-10-20,Fulham,Aston Villa,H,M Oliver,10,9.6,9.0,3.9,5.4,2.8,5,9.4,9.6,3.8,4.8,8.333333333333334,8.2,9.6,10.0,10.0,9.0,4.2,6.0,3.0,11.0,11.0,9.0,0.0
30b32e90991488551eb7,2022-23,2022-10-23,Fulham,Leeds,A,A Taylor,11,9.727272727272727,9.181818181818182,4.363636363636363,5.545454545454546,2.5454545454545454,5,9.8,8.4,4.0,6.0,9.0,9.2,10.0,10.333333333333334,10.4,9.2,5.4,5.4,2.2,8.0,12.0,6.0,1.0
63b5113e1b6d496bbbc5,2022-23,2022-10-29,Fulham,Everton,H,J Brooks,12,9.583333333333334,9.416666666666666,4.5,5.333333333333333,2.4166666666666665,6,9.666666666666666,9.833333333333334,4.666666666666667,5.166666666666667,9.333333333333334,8.8,9.4,11.333333333333334,10.6,9.7,4.6,5.6,1.6,10.0,8.0,13.0,2.0
48d1db9bd19ff7b75ec5,2022-23,2022-11-05,Fulham,Manchester City,A,D England,13,9.615384615384615,9.307692307692308,5.153846153846154,5.230769230769231,2.3846153846153846,6,9.5,9.0,4.333333333333333,5.5,9.666666666666666,9.0,9.1,10.333333333333334,10.2,9.8,7.0,4.8,1.6,11.0,6.0,0.0,4.0
a67867f4ab82aa3147f2,2022-23,2022-11-13,Fulham,Manchester United,H,P Tierney,14,9.714285714285714,9.071428571428571,4.785714285714286,5.5,2.5,7,9.714285714285714,9.571428571428571,5.857142857142857,5.0,9.666666666666666,9.8,9.0,8.666666666666666,9.6,9.8,6.6,5.8,1.8,9.0,10.0,10.0,1.0
06113e4eccf15bca2a04,2022-23,2022-12-26,Fulham,Crystal Palace,A,A Madley,15,9.666666666666666,9.133333333333333,5.133333333333334,5.333333333333333,2.4,7,9.714285714285714,8.571428571428571,3.7142857142857144,6.0,10.0,9.8,9.0,8.0,9.4,9.7,7.6,5.2,1.6,15.0,12.0,8.0,0.0
512b83ef3f3e41b908b8,2022-23,2022-12-31,Fulham,Southampton,H,G Scott,16,10.0,9.3125,5.3125,5.0625,2.25,8,9.625,9.625,6.375,4.75,11.666666666666666,10.6,9.9,9.333333333333334,9.6,10.0,7.4,4.0,1.6,8.0,13.0,4.0,0.0
2c2589bc2d0bce8065d4,2022-23,2023-01-03,Fulham,Leicester,A,D Bond,17,9.882352941176471,9.529411764705882,5.235294117647059,5.0,2.1176470588235294,8,10.375,9.0,4.25,5.375,10.666666666666666,10.6,9.7,11.666666666666666,9.8,10.2,7.0,4.2,1.4,11.0,12.0,3.0,6.0
9677f5fa9d1663ce16f9,2022-23,2023-01-12,Fulham,Chelsea,H,D Coote,18,9.944444444444445,9.666666666666666,5.111111111111111,5.055555555555555,2.3333333333333335,9,9.444444444444445,10.0,6.111111111111111,4.666666666666667,11.333333333333334,10.8,9.9,12.333333333333334,10.6,10.4,5.0,4.6,2.2,12.0,16.0,5.0,4.0
3366ac4bdaddb9c822bc,2022-23,2023-01-15,Fulham,Newcastle United,A,R Jones,19,10.052631578947368,10.0,5.105263157894737,5.157894736842105,2.4210526315789473,9,10.444444444444445,9.333333333333334,4.111111111111111,5.444444444444445,10.333333333333334,11.0,10.4,13.666666666666666,12.6,11.1,6.0,4.2,2.2,14.0,6.0,5.0,3.0
f2ccb4ffd2a71077cd85,2022-23,2023-01-23,Fulham,Tottenham,H,P Tierney,20,10.25,9.8,5.1,5.4,2.45,10,9.7,10.6,6.0,4.9,12.333333333333334,12.0,10.9,11.333333333333334,11.8,10.6,5.0,5.6,2.6,10.0,10.0,3.0,1.0
7c12ecc483157c7750a2,2022-23,2023-02-03,Fulham,Chelsea,A,S Attwell,21,10.238095238095237,9.80952380952381,5.0,5.523809523809524,2.380952380952381,10,10.8,9.0,4.2,5.9,12.0,11.0,10.8,10.666666666666666,11.4,10.5,4.0,7.0,2.8,12.0,16.0,2.0,4.0
321bbf2b8294499c3681,2022-23,2023-02-11,Fulham,Nottingham Forest,H,A Madley,22,10.318181818181818,10.090909090909092,4.863636363636363,5.545454545454546,2.4545454545454546,11,9.727272727272727,10.545454545454545,5.7272727272727275,5.181818181818182,12.0,11.8,11.2,10.666666666666666,12.0,10.9,3.6,7.4,3.6,9.0,11.0,5.0,0.0
011ad2bf23688b0d962d,2022-23,2023-02-18,Fulham,Brighton & Hove Albion,A,D England,23,10.26086956521739,10.130434782608695,4.869565217391305,5.478260869565218,2.347826086956522,11,10.909090909090908,9.636363636363637,4.0,5.909090909090909,10.333333333333334,11.4,11.1,12.333333333333334,11.8,11.2,4.0,7.0,2.4,14.0,12.0,2.0,5.0
1f07133a472137049340,2022-23,2023-02-24,Fulham,Wolverhampton Wanderers,H,M Oliver,24,10.416666666666666,10.208333333333334,4.75,5.666666666666667,2.4583333333333335,12,9.666666666666666,10.583333333333334,5.666666666666667,5.083333333333333,11.666666666666666,11.8,11.4,13.0,11.0,11.8,3.4,7.6,2.6,12.0,17.0,4.0,2.0
fa4a9a7918a9592287f4,2022-23,2023-03-06,Fulham,Brentford,A,A Taylor,25,10.48,10.48,4.72,5.56,2.44,12,11.166666666666666,9.833333333333334,3.8333333333333335,6.25,11.666666666666666,11.4,11.7,13.333333333333334,13.2,12.5,3.2,6.2,2.4,17.0,12.0,3.0,3.0
ae8757472fc025aa0a21,2022-23,2023-03-12,Fulham,Arsenal,H,D Coote,26,10.73076923076923,10.538461538461538,4.653846153846154,5.423076923076923,2.4615384615384617,13,9.846153846153847,11.076923076923077,5.538461538461538,4.923076923076923,14.333333333333334,12.8,11.9,13.666666666666666,13.6,12.5,3.2,5.0,2.8,10.0,9.0,4.0,0.0
55cede9f35401e454a00,2022-23,2023-04-01,Fulham,Bournemouth,A,P Bankes,27,10.703703703703704,10.481481481481481,4.62962962962963,5.518518518518518,2.3703703703703702,13,11.615384615384615,10.0,3.769230769230769,5.923076923076923,13.0,12.4,12.1,12.666666666666666,12.2,12.1,3.6,5.4,2.0,13.0,15.0,3.0,4.0
7ad7ae801cbd86f70c61,2022-23,2023-04-08,Fulham,West Ham United,H,J Gillett,28,10.785714285714286,10.642857142857142,4.571428571428571,5.464285714285714,2.4285714285714284,14,9.857142857142858,10.928571428571429,5.428571428571429,5.142857142857143,13.333333333333334,13.2,12.3,12.0,13.0,12.4,3.2,5.4,2.8,10.0,12.0,11.0,1.0
5e7a858ff478c9fb85e5,2022-23,2023-04-15,Fulham,Everton,A,A Taylor,29,10.758620689655173,10.689655172413794,4.793103448275862,5.413793103448276,2.3793103448275863,14,11.714285714285714,10.357142857142858,3.7142857142857144,5.785714285714286,11.0,12.4,12.1,12.0,13.0,12.0,5.0,4.2,2.0,6.0,10.0,8.0,2.0
deabc102e9851d4705c8,2022-23,2023-04-22,Fulham,Leeds,H,P Bankes,30,10.6,10.666666666666666,4.9,5.366666666666666,2.3666666666666667,15,9.866666666666667,11.0,5.8,5.066666666666666,9.666666666666666,11.2,11.3,12.333333333333334,11.6,12.4,5.8,4.4,2.0,10.0,15.0,8.0,1.0
862dfa48e475b669d0fe,2022-23,2023-04-25,Fulham,Aston Villa,A,T Bramall,31,10.580645161290322,10.806451612903226,5.0,5.387096774193548,2.3225806451612905,15,11.333333333333334,10.333333333333334,4.0,5.666666666666667,8.666666666666666,9.8,11.3,12.333333333333334,12.2,12.9,6.8,5.2,1.6,18.0,6.0,2.0,2.0
2e643cec9c930233c9e7,2022-23,2023-04-30,Fulham,Manchester City,H,S Hooper,32,10.8125,10.65625,4.90625,5.46875,2.3125,16,9.875,11.25,5.9375,5.125,11.333333333333334,11.4,11.9,10.333333333333334,11.6,11.9,6.4,5.2,2.0,9.0,10.0,2.0,1.0
bb85f3893db55f7dbc58,2022-23,2023-05-03,Fulham,Liverpool,A,S Attwell,33,10.757575757575758,10.636363636363637,4.818181818181818,5.454545454545454,2.272727272727273,16,11.75,10.0625,3.875,5.8125,12.333333333333334,10.6,11.9,10.333333333333334,10.6,11.8,6.2,5.4,1.4,8.0,10.0,5.0,0.0
9f2ac647715fbb0d8bc4,2022-23,2023-05-08,Fulham,Leicester,H,R Jones,34,10.676470588235293,10.617647058823529,4.823529411764706,5.5,2.2058823529411766,17,9.823529411764707,11.176470588235293,5.705882352941177,5.117647058823529,11.666666666666666,10.2,11.3,8.666666666666666,10.2,11.6,5.0,6.0,1.2,13.0,15.0,2.0,0.0
f9f9e870138c6bbeb2eb,2022-23,2023-05-13,Fulham,Southampton,A,T Bramall,35,10.742857142857142,10.742857142857142,4.742857142857143,5.542857142857143,2.142857142857143,17,11.529411764705882,10.058823529411764,3.9411764705882355,5.882352941176471,10.0,11.6,11.4,11.666666666666666,11.2,11.4,3.8,6.6,0.8,12.0,17.0,8.0,0.0
8e101e6f796ab4975983,2022-23,2023-05-20,Fulham,Crystal Palace,H,J Smith,36,10.777777777777779,10.916666666666666,4.833333333333333,5.416666666666667,2.0833333333333335,18,10.0,11.38888888888889,5.5,5.222222222222222,11.0,12.0,10.9,14.0,11.6,11.9,3.8,5.6,0.6,13.0,12.0,7.0,3.0
c24ce332f28dee28e855,2022-23,2023-05-28,Fulham,Manchester United,A,R Jones,37,10.837837837837839,10.945945945945946,4.891891891891892,5.378378378378378,2.108108108108108,18,11.555555555555555,10.444444444444445,4.166666666666667,5.611111111111111,12.666666666666666,11.0,11.2,14.666666666666666,12.8,12.2,4.8,4.8,0.8,10.0,14.0,4.0,2.0
12a3ad05307d9c73abed,2022-23,2022-08-06,Leeds,Wolverhampton Wanderers,H,R Jones,0,,,,,,0,,,,,,,,,,,,,,13.0,9.0,6.0,2.0
95472919b4681fc91908,2022-23,2022-08-13,Leeds,Southampton,A,T Harrington,1,13.0,9.0,6.0,4.0,2.0,0,,,,,13.0,13.0,13.0,9.0,9.0,9.0,6.0,4.0,2.0,12.0,10.0,5.0,3.0
bc749c481a84a8b7a04d,2022-23,2022-08-21,Leeds,Chelsea,H,S Attwell,2,12.5,9.5,5.5,3.0,2.5,1,13.0,9.0,6.0,4.0,12.5,12.5,12.5,9.5,9.5,9.5,5.5,3.0,2.5,16.0,15.0,4.0,0.0
ed6459cb9468ee98f639,2022-23,2022-08-27,Leeds,Brighton & Hove Albion,A,M Salisbury,3,13.666666666666666,11.333333333333334,5.0,4.0,1.6666666666666667,1,12.0,10.0,5.0,2.0,13.666666666666666,13.666666666666666,13.666666666666666,11.333333333333334,11.333333333333334,11.333333333333334,5.0,4.0,1.6666666666666667,14.0,10.0,3.0,3.0
b9f804d807f45a523d7c,2022-23,2022-08-30,Leeds,Everton,H,D England,4,13.75,11.0,4.5,4.25,2.0,2,14.5,12.0,5.0,5.0,14.0,13.75,13.75,11.666666666666666,11.0,11.0,4.5,4.25,2.0,10.0,9.0,10.0,3.0
74de37cbabd626103ee3,2022-23,2022-09-03,Leeds,Brentford,A,R Jones,5,13.0,10.6,5.6,3.8,2.2,2,13.0,10.0,4.0,3.5,13.333333333333334,13.0,13.0,11.333333333333334,10.6,10.6,5.6,3.8,2.2,9.0,8.0,6.0,2.0
73c77a595e618a5e63e7,2022-23,2022-10-02,Leeds,Aston Villa,H,S Attwell,6,12.333333333333334,10.166666666666666,5.666666666666667,3.5,2.1666666666666665,3,13.0,11.0,6.666666666666667,4.0,11.0,12.2,12.333333333333334,9.0,10.4,10.166666666666666,5.6,3.4,2.2,23.0,12.0,2.0,3.0
2d2200e3e9ce873b51a9,2022-23,2022-10-09,Leeds,Crystal Palace,A,P Tierney,7,13.857142857142858,10.428571428571429,5.142857142857143,4.285714285714286,2.2857142857142856,3,11.666666666666666,9.333333333333334,4.666666666666667,3.0,14.0,14.4,13.857142857142858,9.666666666666666,10.8,10.428571428571429,5.0,4.8,2.2,23.0,13.0,3.0,3.0
fab0b517e57658c6ae8c,2022-23,2022-10-16,Leeds,Arsenal,H,C Kavanagh,8,15.0,10.75,4.875,4.375,2.375,4,15.5,11.25,5.5,5.25,18.333333333333332,15.8,15.0,11.0,10.4,10.75,4.8,4.6,2.8,10.0,11.0,6.0,0.0
e23e7e3ac344adac8cda,2022-23,2022-10-20,Leeds,Leicester,A,P Bankes,9,14.444444444444445,10.777777777777779,5.0,4.222222222222222,2.111111111111111,4,14.5,10.25,4.25,3.5,18.666666666666668,15.0,14.444444444444445,12.0,10.6,10.777777777777779,5.4,4.2,2.2,11.0,15.0,9.0,1.0
30b32e90991488551eb7,2022-23,2022-10-23,Leeds,Fulham,H,A Taylor,10,14.1,11.2,5.4,4.0,2.0,5,14.4,11.2,5.6,4.8,14.666666666666666,15.2,14.1,13.0,11.8,11.2,5.2,4.2,1.8,12.0,8.0,3.0,1.0
e96eaecfb14a783ab7b3,2022-23,2022-10-29,Leeds,Liverpool,A,M Oliver,11,13.909090909090908,10.909090909090908,5.181818181818182,4.181818181818182,1.9090909090909092,5,13.8,11.2,5.2,3.2,11.0,15.8,14.0,11.333333333333334,11.8,11.1,4.6,5.0,1.6,3.0,9.0,5.0,1.0
cdeb45cc9a5de0e00d5d,2022-23,2022-11-05,Leeds,Bournemouth,H,T Harrington,12,13.0,10.75,5.166666666666667,5.0,1.8333333333333333,6,14.0,10.666666666666666,5.166666666666667,5.0,8.666666666666666,11.8,13.1,10.666666666666666,11.2,11.0,5.2,6.0,1.2,16.0,10.0,13.0,2.0
da85fb9d098b7ce27015,2022-23,2022-11-12,Leeds,Tottenham,A,M Salisbury,13,13.23076923076923,10.692307692307692,5.769230769230769,4.846153846153846,1.8461538461538463,6,12.0,10.833333333333334,5.166666666666667,5.0,10.333333333333334,10.4,13.1,9.0,10.6,10.5,7.2,5.6,1.0,7.0,8.0,2.0,1.0
e8c08a609e6423340ddd,2022-23,2022-12-28,Leeds,Manchester City,H,S Attwell,14,12.785714285714286,10.5,5.5,5.142857142857143,1.7857142857142858,7,14.285714285714286,10.571428571428571,6.285714285714286,4.714285714285714,8.666666666666666,9.8,12.4,9.0,10.0,10.3,6.4,6.8,1.2,11.0,14.0,3.0,3.0
aad4f0aa1434d541677f,2022-23,2022-12-31,Leeds,Newcastle United,A,S Hooper,15,12.666666666666666,10.733333333333333,5.333333333333333,5.133333333333334,1.8666666666666667,7,11.285714285714286,10.428571428571429,4.714285714285714,5.571428571428571,11.333333333333334,9.8,12.5,10.666666666666666,9.8,10.8,5.2,7.4,1.6,19.0,13.0,3.0,5.0
da89caf91af685bc30ce,2022-23,2023-01-04,Leeds,West Ham United,H,D Coote,16,13.0625,10.875,5.1875,5.375,2.0625,8,13.875,11.0,5.875,4.75,12.333333333333334,11.2,13.5,11.666666666666666,10.8,11.3,5.2,8.0,2.4,11.0,18.0,8.0,3.0
bcfcad9ed79a03e16346,2022-23,2023-01-13,Leeds,Aston Villa,A,M Oliver,17,12.941176470588236,11.294117647058824,5.352941176470588,5.117647058823529,2.1176470588235294,8,12.25,10.75,4.5,6.0,13.666666666666666,12.8,12.3,15.0,12.6,11.9,5.8,5.4,2.8,8.0,12.0,11.0,2.0
b19fe132344023c7a19a,2022-23,2023-01-22,Leeds,Brentford,H,P Bankes,18,12.666666666666666,11.333333333333334,5.666666666666667,4.833333333333333,2.111111111111111,9,13.555555555555555,11.777777777777779,6.111111111111111,4.333333333333333,12.666666666666666,11.2,10.8,14.333333333333334,13.0,11.8,5.4,4.8,2.8,10.0,18.0,2.0,2.0
863562118ab4d1bbe767,2022-23,2023-02-05,Leeds,Nottingham Forest,A,R Jones,19,12.526315789473685,11.68421052631579,5.473684210526316,4.7368421052631575,2.1052631578947367,9,11.777777777777779,10.88888888888889,5.222222222222222,5.333333333333333,9.666666666666666,11.8,10.8,16.0,15.0,12.5,5.4,3.6,3.0,14.0,15.0,2.0,2.0
52b317aa071bf8eebc1a,2022-23,2023-02-08,Leeds,Manchester United,A,S Hooper,20,12.6,11.85,5.3,4.5,2.1,10,12.0,11.3,4.9,4.8,10.666666666666666,12.4,11.1,15.0,15.2,12.5,5.2,2.6,2.8,11.0,7.0,5.0,3.0
767a06c641aee078919b,2022-23,2023-02-12,Leeds,Manchester United,H,P Tierney,21,12.523809523809524,11.619047619047619,5.285714285714286,4.571428571428571,2.142857142857143,10,13.2,12.4,5.7,4.2,11.666666666666666,10.8,11.0,13.333333333333334,14.0,12.4,5.6,2.0,2.4,10.0,13.0,7.0,2.0
64dd30dcf4f7b70e7f64,2022-23,2023-02-18,Leeds,Everton,A,A Madley,22,12.409090909090908,11.681818181818182,5.363636363636363,4.5,2.1363636363636362,11,11.909090909090908,10.909090909090908,4.909090909090909,4.909090909090909,11.666666666666666,10.6,11.7,11.666666666666666,13.0,12.8,5.4,2.4,2.2,6.0,8.0,4.0,3.0
440573c8a608298dfd8e,2022-23,2023-02-25,Leeds,Southampton,H,P Bankes,23,12.130434782608695,11.521739130434783,5.304347826086956,4.565217391304348,2.1739130434782608,11,12.909090909090908,12.454545454545455,5.818181818181818,4.090909090909091,9.0,10.2,10.7,9.333333333333334,12.2,12.6,4.0,3.6,2.4,15.0,13.0,9.0,2.0
94e0754377c2c66e868a,2022-23,2023-03-04,Leeds,Chelsea,A,M Oliver,24,12.25,11.583333333333334,5.458333333333333,4.458333333333333,2.1666666666666665,12,11.416666666666666,10.666666666666666,4.833333333333333,5.0,10.333333333333334,11.2,11.5,11.333333333333334,11.2,13.1,5.4,3.4,2.4,7.0,10.0,7.0,0.0
aab8bde2df6f04611522,2022-23,2023-03-11,Leeds,Brighton & Hove Albion,H,P Tierney,25,12.04,11.52,5.52,4.48,2.08,12,13.083333333333334,12.5,6.083333333333333,3.9166666666666665,9.333333333333334,9.8,11.1,10.333333333333334,10.2,12.7,6.4,4.4,2.0,12.0,9.0,4.0,1.0
a657e709aaa1ef8eb729,2022-23,2023-03-18,Leeds,Wolverhampton Wanderers,A,M Salisbury,26,12.038461538461538,11.423076923076923,5.461538461538462,4.576923076923077,2.0384615384615383,13,11.076923076923077,10.615384615384615,5.0,5.0,11.333333333333334,10.0,10.4,10.666666666666666,10.6,12.3,6.2,4.6,1.6,9.0,15.0,4.0,5.0
cf4653bb41ce08cd534e,2022-23,2023-04-01,Leeds,Arsenal,A,D England,27,11.925925925925926,11.555555555555555,5.407407407407407,4.592592592592593,2.1481481481481484,14,10.928571428571429,10.928571428571429,4.928571428571429,5.0,9.333333333333334,9.8,10.2,11.333333333333334,11.0,12.0,5.6,5.0,2.2,13.0,11.0,3.0,2.0
4445e314c651e1ffebe1,2022-23,2023-04-04,Leeds,Nottingham Forest,H,R Jones,28,11.964285714285714,11.535714285714286,5.321428571428571,4.571428571428571,2.142857142857143,13,13.0,12.23076923076923,5.923076923076923,4.153846153846154,11.333333333333334,11.2,10.7,11.666666666666666,11.6,11.9,5.4,4.6,2.0,11.0,13.0,11.0,1.0
1994dee26abc999110d4,2022-23,2023-04-09,Leeds,Crystal Palace,H,S Hooper,29,11.931034482758621,11.586206896551724,5.517241379310345,4.551724137931035,2.103448275862069,14,12.857142857142858,12.285714285714286,6.285714285714286,4.142857142857143,11.0,10.4,10.8,13.0,11.6,11.4,5.8,5.0,1.8,11.0,8.0,2.0,3.0
f2a272ed60aa61e7cc3a,2022-23,2023-04-17,Leeds,Liverpool,H,C Pawson,30,11.9,11.466666666666667,5.4,4.533333333333333,2.1333333333333333,15,12.733333333333333,12.0,6.0,4.133333333333334,11.666666666666666,11.2,10.5,10.666666666666666,11.2,10.7,4.8,4.8,2.4,6.0,12.0,4.0,0.0
deabc102e9851d4705c8,2022-23,2023-04-22,Leeds,Fulham,A,P Bankes,31,11.709677419354838,11.483870967741936,5.354838709677419,4.451612903225806,2.064516129032258,15,11.066666666666666,10.933333333333334,4.8,4.933333333333334,9.333333333333334,10.0,10.0,11.0,11.8,11.2,4.8,3.8,2.2,15.0,10.0,6.0,4.0
1bc7b98de5dfff5f86f0,2022-23,2023-04-25,Leeds,Leicester,H,P Tierney,32,11.8125,11.4375,5.375,4.5625,2.125,16,12.3125,12.0,5.875,4.0,10.666666666666666,11.2,10.5,10.0,10.8,10.9,5.2,4.4,2.0,14.0,15.0,3.0,4.0
d29696438b8544be5636,2022-23,2023-04-30,Leeds,Bournemouth,A,C Kavanagh,33,11.878787878787879,11.545454545454545,5.303030303030303,4.606060606060606,2.1818181818181817,16,11.3125,10.875,4.875,5.125,11.666666666666666,11.4,11.3,12.333333333333334,11.6,11.6,5.2,4.8,2.4,14.0,12.0,6.0,0.0
afa7e659f5eb1c0c7431,2022-23,2023-05-06,Leeds,Manchester City,A,A Madley,34,11.941176470588236,11.558823529411764,5.323529411764706,4.529411764705882,2.1176470588235294,17,11.470588235294118,10.941176470588236,4.9411764705882355,4.9411764705882355,14.333333333333334,12.0,11.2,12.333333333333334,11.4,11.5,4.2,4.4,2.2,16.0,3.0,1.0,3.0
31bb79b3e849437240ab,2022-23,2023-05-13,Leeds,Newcastle United,H,S Hooper,35,12.057142857142857,11.314285714285715,5.2,4.685714285714286,2.142857142857143,17,12.411764705882353,12.176470588235293,5.705882352941177,4.117647058823529,14.666666666666666,13.0,12.1,10.0,10.4,10.8,4.0,5.6,2.2,16.0,14.0,2.0,3.0
4b4d521fa6de5d66a668,2022-23,2023-05-21,Leeds,West Ham United,A,P Bankes,36,12.166666666666666,11.38888888888889,5.111111111111111,4.722222222222222,2.1666666666666665,18,11.722222222222221,10.5,4.722222222222222,5.222222222222222,15.333333333333334,15.0,12.5,9.666666666666666,10.8,11.3,3.6,6.4,2.8,11.0,6.0,5.0,3.0
0c9253598237b445a691,2022-23,2023-05-28,Leeds,Tottenham,H,A Taylor,37,12.135135135135135,11.243243243243244,5.108108108108108,4.837837837837838,2.189189189189189,18,12.61111111111111,12.277777777777779,5.5,4.222222222222222,14.333333333333334,14.2,12.7,7.666666666666667,10.0,10.4,3.4,6.6,2.6,7.0,5.0,12.0,3.0
4425a1f5a2042ec3e44e,2022-23,2022-08-07,Leicester,Brentford,H,J Gillett,0,,,,,,0,,,,,,,,,,,,,,6.0,5.0,5.0,0.0
207e193a3325c15a45b8,2022-23,2022-08-13,Leicester,Arsenal,A,D England,1,6.0,5.0,5.0,6.0,0.0,0,,,,,6.0,6.0,6.0,5.0,5.0,5.0,5.0,6.0,0.0,9.0,15.0,2.0,1.0
fb6eca0bc83f24dcc9f4,2022-23,2022-08-20,Leicester,Southampton,H,M Salisbury,2,7.5,10.0,3.5,6.0,0.5,1,6.0,5.0,5.0,6.0,7.5,7.5,7.5,10.0,10.0,10.0,3.5,6.0,0.5,11.0,15.0,2.0,2.0
a5b41da30e678233f737,2022-23,2022-08-27,Leicester,Chelsea,A,P Tierney,3,8.666666666666666,11.666666666666666,3.0,5.666666666666667,1.0,1,9.0,15.0,2.0,6.0,8.666666666666666,8.666666666666666,8.666666666666666,11.666666666666666,11.666666666666666,11.666666666666666,3.0,5.666666666666667,1.0,7.0,10.0,11.0,2.0
8e2cbdcca7bb19fcba61,2022-23,2022-09-01,Leicester,Manchester United,H,C Pawson,4,8.25,11.25,5.0,5.0,1.25,2,8.5,10.0,3.5,5.5,9.0,8.25,8.25,13.333333333333334,11.25,11.25,5.0,5.0,1.25,7.0,15.0,1.0,1.0
ac6a758eb258d3819767,2022-23,2022-09-04,Leicester,Brighton & Hove Albion,A,T Harrington,5,8.0,12.0,4.2,4.6,1.2,2,8.0,12.5,6.5,4.5,8.333333333333334,8.0,8.0,13.333333333333334,12.0,12.0,4.2,4.6,1.2,8.0,6.0,1.0,1.0
b669c6b3514535b505f2,2022-23,2022-09-17,Leicester,Tottenham,A,S Hooper,6,8.0,11.0,3.6666666666666665,5.5,1.1666666666666667,3,8.0,10.333333333333334,4.666666666666667,6.333333333333333,7.333333333333333,8.4,8.0,10.333333333333334,12.2,11.0,3.4,5.4,1.4,9.0,9.0,1.0,2.0
6393ab8792900465552a,2022-23,2022-10-03,Leicester,Nottingham Forest,H,R Jones,7,8.142857142857142,10.714285714285714,3.2857142857142856,5.571428571428571,1.2857142857142858,3,8.0,11.666666666666666,2.6666666666666665,4.666666666666667,8.0,8.4,8.142857142857142,10.0,11.0,10.714285714285714,3.2,5.4,1.6,13.0,12.0,6.0,2.0
e9ebf963eb7a3b22fe20,2022-23,2022-10-08,Leicester,Bournemouth,A,M Salisbury,8,8.75,10.875,3.625,5.625,1.375,4,8.25,10.0,3.75,6.25,10.0,8.8,8.75,9.0,10.4,10.875,4.0,5.6,1.6,16.0,8.0,2.0,2.0
13d437617b1067ffb1c2,2022-23,2022-10-15,Leicester,Crystal Palace,H,A Madley,9,9.555555555555555,10.555555555555555,3.4444444444444446,5.777777777777778,1.4444444444444444,4,9.25,11.75,3.5,5.0,12.666666666666666,10.6,9.555555555555555,9.666666666666666,10.0,10.555555555555555,2.2,6.4,1.6,18.0,13.0,9.0,2.0
e23e7e3ac344adac8cda,2022-23,2022-10-20,Leicester,Leeds,H,P Bankes,10,10.4,10.8,4.0,5.4,1.5,5,11.0,12.0,4.6,4.4,15.666666666666666,12.8,10.4,11.0,9.6,10.8,3.8,6.2,1.8,15.0,11.0,2.0,2.0
9aa2e2d88517c1c15e5a,2022-23,2022-10-23,Leicester,Wolverhampton Wanderers,A,M Oliver,11,10.818181818181818,10.818181818181818,3.8181818181818183,5.7272727272727275,1.5454545454545454,5,9.8,9.6,3.4,6.4,16.333333333333332,14.2,11.3,10.666666666666666,10.6,11.4,4.0,6.0,2.0,13.0,10.0,2.0,1.0
34715bc397bd2e0072d6,2022-23,2022-10-29,Leicester,Manchester City,H,R Jones,12,11.0,10.75,3.6666666666666665,6.0,1.5,6,11.666666666666666,11.833333333333334,4.166666666666667,5.166666666666667,15.333333333333334,15.0,11.7,11.333333333333334,10.8,10.9,4.2,6.6,1.8,5.0,10.0,3.0,0.0
8460120e433ed11af4ab,2022-23,2022-11-05,Leicester,Everton,A,D Coote,13,10.538461538461538,10.692307692307692,3.6153846153846154,6.3076923076923075,1.3846153846153846,6,10.333333333333334,9.666666666666666,3.1666666666666665,6.833333333333333,11.0,13.4,11.1,10.333333333333334,10.4,10.4,3.6,7.4,1.4,5.0,9.0,3.0,0.0
cdd19e5904da53bef70c,2022-23,2022-11-12,Leicester,West Ham United,A,J Gillett,14,10.142857142857142,10.571428571428571,3.5714285714285716,6.428571428571429,1.2857142857142858,7,9.571428571428571,9.571428571428571,3.142857142857143,7.0,7.666666666666667,11.2,10.9,9.666666666666666,10.6,10.3,3.8,7.6,1.0,8.0,9.0,2.0,1.0
ae3c7a00a7e36d10a62f,2022-23,2022-12-26,Leicester,Newcastle United,H,J Gillett,15,10.0,10.466666666666667,3.466666666666667,6.466666666666667,1.2666666666666666,7,10.714285714285714,11.571428571428571,4.0,5.857142857142857,6.0,9.2,11.0,9.333333333333334,9.8,9.7,2.4,8.6,0.8,9.0,6.0,5.0,0.0
9f6ee82122f03dc727bf,2022-23,2022-12-30,Leicester,Liverpool,A,C Pawson,16,9.9375,10.1875,3.5625,6.375,1.1875,8,9.375,9.5,3.0,7.0,7.333333333333333,8.0,11.1,8.0,8.8,9.7,3.0,7.8,0.4,15.0,8.0,5.0,1.0
2c2589bc2d0bce8065d4,2022-23,2023-01-03,Leicester,Fulham,H,D Bond,17,10.235294117647058,10.058823529411764,3.6470588235294117,6.235294117647059,1.1764705882352942,8,10.5,10.875,4.125,5.75,10.666666666666666,8.4,11.7,7.666666666666667,8.4,9.6,3.6,6.8,0.4,12.0,11.0,6.0,2.0
519544747c60450e8722,2022-23,2023-01-14,Leicester,Nottingham Forest,A,P Tierney,18,10.333333333333334,10.11111111111111,3.7777777777777777,6.055555555555555,1.2222222222222223,9,10.0,9.333333333333334,3.2222222222222223,6.666666666666667,12.0,9.8,11.6,8.333333333333334,8.6,9.5,4.2,5.4,0.8,12.0,11.0,5.0,2.0
d1d2dd5b1f53cad438a4,2022-23,2023-01-21,Leicester,Brighton & Hove Albion,H,T Bramall,19,10.421052631578947,10.157894736842104,3.8421052631578947,5.894736842105263,1.263157894736842,9,10.666666666666666,10.88888888888889,4.333333333333333,5.444444444444445,13.0,11.2,11.2,10.0,9.0,9.8,4.6,4.4,1.2,9.0,9.0,5.0,0.0
593728ebd8d39a09e8e5,2022-23,2023-02-04,Leicester,Aston Villa,A,D England,20,10.35,10.1,3.9,5.9,1.2,10,10.2,9.5,3.4,6.3,11.0,11.4,10.3,10.333333333333334,9.0,9.4,5.2,4.2,1.0,10.0,10.0,3.0,2.0
f63c5a8b9625182f623e,2022-23,2023-02-11,Leicester,Tottenham,H,M Salisbury,21,10.333333333333334,10.095238095238095,3.857142857142857,6.142857142857143,1.2380952380952381,10,10.5,10.7,4.4,5.5,10.333333333333334,11.6,9.8,10.0,9.8,9.3,4.8,5.4,1.4,14.0,9.0,1.0,5.0
5ee521d3c88916c0278c,2022-23,2023-02-19,Leicester,Manchester United,A,S Attwell,22,10.5,10.045454545454545,3.727272727272727,6.090909090909091,1.4090909090909092,11,10.181818181818182,9.545454545454545,3.3636363636363638,6.7272727272727275,11.0,11.4,9.9,9.333333333333334,10.0,9.2,4.0,5.6,2.2,9.0,9.0,6.0,2.0
d96567990416505d3735,2022-23,2023-02-25,Leicester,Arsenal,H,C Pawson,23,10.434782608695652,10.0,3.8260869565217392,6.086956521739131,1.434782608695652,11,10.818181818181818,10.545454545454545,4.090909090909091,5.454545454545454,11.0,10.8,10.3,9.333333333333334,9.6,9.1,4.0,6.2,2.2,14.0,9.0,0.0,0.0
5286605665bee474c9d3,2022-23,2023-03-04,Leicester,Southampton,A,R Jones,24,10.583333333333334,9.958333333333334,3.6666666666666665,6.166666666666667,1.375,12,10.083333333333334,9.5,3.5833333333333335,6.666666666666667,12.333333333333334,11.2,11.2,9.0,9.2,9.1,3.0,7.2,1.8,11.0,12.0,4.0,2.0
eb50204125ff685baa0c,2022-23,2023-03-11,Leicester,Chelsea,H,A Marriner,25,10.6,10.04,3.68,6.04,1.4,12,11.083333333333334,10.416666666666666,3.75,5.666666666666667,11.333333333333334,11.6,11.5,10.0,9.8,9.4,2.8,6.6,2.2,10.0,11.0,2.0,1.0
68e1181c29eb0dc728be,2022-23,2023-03-18,Leicester,Brentford,A,D Bond,26,10.576923076923077,10.076923076923077,3.6153846153846154,6.0,1.3846153846153846,13,10.153846153846153,9.692307692307692,3.6153846153846154,6.384615384615385,11.666666666666666,11.6,11.6,10.666666666666666,10.0,9.9,2.6,5.4,2.0,11.0,10.0,4.0,2.0
4ecf2e74d6cc8e21417e,2022-23,2023-04-01,Leicester,Crystal Palace,A,T Robinson,27,10.592592592592593,10.074074074074074,3.6296296296296298,6.074074074074074,1.4074074074074074,14,10.214285714285714,9.714285714285714,3.642857142857143,6.5,10.666666666666666,11.0,11.2,11.0,10.2,10.1,3.2,6.0,1.4,16.0,12.0,1.0,4.0
2e9348ff288dd97f42f4,2022-23,2023-04-04,Leicester,Aston Villa,H,G Scott,28,10.785714285714286,10.142857142857142,3.5357142857142856,6.214285714285714,1.5,13,11.0,10.461538461538462,3.6153846153846154,5.615384615384615,12.333333333333334,12.4,11.6,11.0,10.8,10.2,2.2,6.8,1.8,10.0,14.0,4.0,2.0
34ea7c547003a11fb980,2022-23,2023-04-08,Leicester,Bournemouth,H,D Coote,29,10.758620689655173,10.275862068965518,3.5517241379310347,6.275862068965517,1.5172413793103448,14,10.928571428571429,10.714285714285714,3.642857142857143,5.785714285714286,12.333333333333334,11.6,11.4,12.0,11.8,10.5,3.0,6.8,2.2,10.0,13.0,6.0,0.0
228167a8fb037d70436d,2022-23,2023-04-15,Leicester,Manchester City,A,D England,30,10.733333333333333,10.366666666666667,3.6333333333333333,6.266666666666667,1.4666666666666666,15,10.6,9.866666666666667,3.466666666666667,6.733333333333333,12.0,11.4,11.5,13.0,12.0,10.9,3.4,7.4,1.8,8.0,8.0,2.0,1.0
107d219925cdcb045346,2022-23,2023-04-22,Leicester,Wolverhampton Wanderers,H,A Madley,31,10.64516129032258,10.290322580645162,3.5806451612903225,6.258064516129032,1.4516129032258065,15,10.866666666666667,10.866666666666667,3.8,5.8,9.333333333333334,11.0,11.3,11.666666666666666,11.4,10.7,3.4,7.6,1.8,17.0,16.0,1.0,1.0
1bc7b98de5dfff5f86f0,2022-23,2023-04-25,Leicester,Leeds,A,P Tierney,32,10.84375,10.46875,3.5,6.28125,1.4375,16,10.4375,9.75,3.375,6.6875,11.666666666666666,12.2,11.6,12.333333333333334,12.6,11.4,2.8,7.4,1.6,15.0,14.0,6.0,2.0
53d1137761157e823a32,2022-23,2023-05-01,Leicester,Everton,H,M Oliver,33,10.969696969696969,10.575757575757576,3.5757575757575757,6.181818181818182,1.4545454545454546,16,11.25,11.1875,3.625,5.875,13.333333333333334,12.0,12.2,12.666666666666666,13.0,11.9,3.8,6.0,1.2,10.0,12.0,2.0,4.0
9f2ac647715fbb0d8bc4,2022-23,2023-05-08,Leicester,Fulham,A,R Jones,34,10.941176470588236,10.617647058823529,3.5294117647058822,6.264705882352941,1.5294117647058822,17,10.705882352941176,10.0,3.5294117647058822,6.470588235294118,14.0,12.0,11.8,14.0,12.6,12.2,3.4,6.2,1.6,15.0,13.0,7.0,3.0
dd3394848067d72aa115,2022-23,2023-05-15,Leicester,Liverpool,H,C Pawson,35,11.057142857142857,10.685714285714285,3.6285714285714286,6.142857142857143,1.5714285714285714,17,11.176470588235293,11.235294117647058,3.5294117647058822,6.0588235294117645,13.333333333333334,13.0,12.2,13.0,12.6,12.3,3.6,5.4,2.2,11.0,17.0,4.0,2.0
f5ab696e5a1b49b84d42,2022-23,2023-05-22,Leicester,Newcastle United,A,A Marriner,36,11.055555555555555,10.86111111111111,3.638888888888889,6.083333333333333,1.5833333333333333,18,10.944444444444445,10.166666666666666,3.7222222222222223,6.222222222222222,12.0,13.6,12.3,14.0,14.4,12.9,4.0,5.0,2.4,5.0,9.0,1.0,0.0
3d9b142811f4ca26d6a8,2022-23,2023-05-28,Leicester,West Ham United,H,S Hooper,37,10.891891891891891,10.81081081081081,3.5675675675675675,6.243243243243243,1.5405405405405406,18,11.166666666666666,11.555555555555555,3.5555555555555554,5.944444444444445,10.333333333333334,11.2,11.7,13.0,13.0,12.8,4.0,6.0,2.2,8.0,10.0,3.0,1.0
76753107e6b79adfa7d0,2022-23,2022-08-06,Liverpool,Fulham,A,A Madley,0,,,,,,0,,,,,,,,,,,,,,9.0,7.0,4.0,0.0
11829d986f8ddbf72044,2022-23,2022-08-15,Liverpool,Crystal Palace,H,P Tierney,1,9.0,7.0,4.0,4.0,0.0,0,,,,,9.0,9.0,9.0,7.0,7.0,7.0,4.0,4.0,0.0,7.0,8.0,4.0,2.0
739f138c9898bbaec5f6,2022-23,2022-08-22,Liverpool,Manchester United,A,M Oliver,2,8.0,7.5,4.0,3.0,1.0,1,9.0,7.0,4.0,4.0,8.0,8.0,8.0,7.5,7.5,7.5,4.0,3.0,1.0,7.0,11.0,8.0,1.0
9fa74d6d56604f44758e,2022-23,2022-08-27,Liverpool,Bournemouth,H,S Attwell,3,7.666666666666667,8.666666666666666,5.333333333333333,4.0,1.0,1,7.0,8.0,4.0,2.0,7.666666666666667,7.666666666666667,7.666666666666667,8.666666666666666,8.666666666666666,8.666666666666666,5.333333333333333,4.0,1.0,6.0,5.0,8.0,0.0
a9de602daac9b8b219cf,2022-23,2022-08-31,Liverpool,Newcastle United,H,A Marriner,4,7.25,7.75,6.0,3.25,0.75,2,6.5,6.5,6.0,1.5,6.666666666666667,7.25,7.25,8.0,7.75,7.75,6.0,3.25,0.75,9.0,10.0,13.0,0.0
18f91f5030354cc2cad0,2022-23,2022-09-03,Liverpool,Everton,A,A Taylor,5,7.6,8.2,7.4,2.6,0.6,2,8.0,9.0,6.0,5.0,7.333333333333333,7.6,7.6,8.666666666666666,8.2,8.2,7.4,2.6,0.6,11.0,7.0,9.0,2.0
9796b4940cbffcd524d3,2022-23,2022-10-01,Liverpool,Brighton & Hove Albion,H,A Madley,6,8.166666666666666,8.0,7.666666666666667,3.3333333333333335,0.8333333333333334,3,7.333333333333333,7.666666666666667,8.333333333333334,1.0,8.666666666666666,8.0,8.166666666666666,7.333333333333333,8.2,8.0,8.4,3.2,1.0,9.0,13.0,9.0,1.0
fcd1bb6e5784d419d314,2022-23,2022-10-09,Liverpool,Arsenal,A,M Oliver,7,8.285714285714286,8.714285714285714,7.857142857142857,3.142857142857143,0.8571428571428571,3,9.0,8.333333333333334,7.0,5.666666666666667,9.666666666666666,8.4,8.285714285714286,10.0,9.2,8.714285714285714,9.4,3.2,0.8,11.0,11.0,3.0,2.0
5ccc4988e5246ab2fdf3,2022-23,2022-10-16,Liverpool,Manchester City,H,A Taylor,8,8.625,9.0,7.25,3.25,1.0,4,7.75,9.0,8.5,1.25,10.333333333333334,9.2,8.625,10.333333333333334,9.2,9.0,8.4,2.8,1.0,10.0,7.0,5.0,3.0
2b4b603552f6b764b5d0,2022-23,2022-10-19,Liverpool,West Ham United,H,S Attwell,9,8.777777777777779,8.777777777777779,7.0,3.5555555555555554,1.2222222222222223,5,8.2,8.6,7.8,2.2,10.0,10.0,8.777777777777779,10.333333333333334,9.6,8.777777777777779,7.8,3.8,1.6,9.0,8.0,8.0,0.0
7b3a984786f115384fbe,2022-23,2022-10-22,Liverpool,Nottingham Forest,A,P Tierney,10,8.8,8.7,7.1,3.5,1.1,4,9.5,9.0,6.0,5.25,10.0,10.0,8.8,8.666666666666666,9.2,8.7,6.8,4.4,1.6,8.0,14.0,11.0,1.0
e96eaecfb14a783ab7b3,2022-23,2022-10-29,Liverpool,Leeds,H,M Oliver,11,8.727272727272727,9.181818181818182,7.454545454545454,3.3636363636363638,1.0909090909090908,6,8.333333333333334,8.5,7.833333333333333,2.3333333333333335,9.0,9.4,8.7,9.666666666666666,10.6,9.4,7.2,3.4,1.4,9.0,3.0,14.0,0.0
71aa20108552d20cc6ea,2022-23,2022-11-06,Liverpool,Tottenham,A,A Madley,12,8.75,8.666666666666666,8.0,3.5,1.0,5,9.2,10.0,7.0,4.6,8.666666666666666,9.4,8.9,8.333333333333334,8.6,8.9,8.2,4.0,1.2,8.0,10.0,3.0,0.0
acc035c3be31070b86a2,2022-23,2022-11-12,Liverpool,Southampton,H,S Hooper,13,8.692307692307692,8.76923076923077,7.615384615384615,3.6153846153846154,0.9230769230769231,7,8.428571428571429,7.714285714285714,8.714285714285714,2.7142857142857144,8.333333333333334,8.8,9.0,9.0,8.4,8.8,8.2,4.2,0.8,8.0,8.0,6.0,0.0
85ede115af738f894c70,2022-23,2022-12-26,Liverpool,Aston Villa,A,P Tierney,14,8.642857142857142,8.714285714285714,7.5,3.357142857142857,0.8571428571428571,6,9.0,10.0,6.333333333333333,4.666666666666667,8.333333333333334,8.4,9.2,7.0,8.6,9.1,8.4,3.0,0.2,12.0,7.0,6.0,0.0
9f6ee82122f03dc727bf,2022-23,2022-12-30,Liverpool,Leicester,H,C Pawson,15,8.866666666666667,8.6,7.4,3.1333333333333333,0.8,8,8.375,7.75,8.375,2.375,9.333333333333334,9.0,9.5,8.333333333333334,8.4,8.8,8.0,2.4,0.2,8.0,15.0,4.0,0.0
325c97e8ce7bf1acde46,2022-23,2023-01-02,Liverpool,Brentford,A,S Attwell,16,8.8125,9.0,7.1875,3.25,0.75,7,9.428571428571429,9.571428571428571,6.285714285714286,4.0,9.333333333333334,9.0,9.2,10.0,8.6,9.6,6.6,3.0,0.0,8.0,5.0,9.0,3.0
abecc24ce937e472c362,2022-23,2023-01-14,Liverpool,Brighton & Hove Albion,A,D England,17,8.764705882352942,8.764705882352942,7.294117647058823,3.2941176470588234,0.8823529411764706,8,9.25,9.0,6.625,4.0,9.333333333333334,8.8,9.1,9.0,9.0,8.8,5.6,2.8,0.6,15.0,8.0,1.0,3.0
436832a8899c8c5ff235,2022-23,2023-01-21,Liverpool,Chelsea,H,M Oliver,18,9.11111111111111,8.722222222222221,6.944444444444445,3.5,1.0,9,8.333333333333334,8.555555555555555,7.888888888888889,2.6666666666666665,10.333333333333334,10.2,9.5,9.333333333333334,8.6,8.5,5.2,3.2,1.2,16.0,9.0,5.0,3.0
479b071ba9273fe6f067,2022-23,2023-02-04,Liverpool,Wolverhampton Wanderers,A,P Tierney,19,9.473684210526315,8.736842105263158,6.842105263157895,3.5789473684210527,1.105263157894737,9,9.88888888888889,8.88888888888889,6.0,4.333333333333333,13.0,11.8,10.1,7.333333333333333,8.8,8.7,5.0,4.2,1.8,7.0,9.0,7.0,1.0
99bc0001824d5e261ca0,2022-23,2023-02-13,Liverpool,Everton,H,S Hooper,20,9.35,8.75,6.85,3.5,1.1,10,9.1,8.6,7.6,2.9,12.666666666666666,10.8,9.9,8.666666666666666,9.2,8.8,5.2,4.6,2.0,8.0,16.0,3.0,1.0
2154367e5dd739429633,2022-23,2023-02-18,Liverpool,Newcastle United,A,A Taylor,21,9.285714285714286,9.095238095238095,6.666666666666667,3.4761904761904763,1.0952380952380953,10,9.6,8.9,6.1,4.1,10.333333333333334,10.8,9.9,11.333333333333334,9.4,9.0,5.0,4.2,2.2,8.0,3.0,7.0,1.0
ae14f94ef931b4e7bcd4,2022-23,2023-02-25,Liverpool,Crystal Palace,A,D England,22,9.227272727272727,8.818181818181818,6.681818181818182,3.590909090909091,1.0909090909090908,11,9.454545454545455,8.363636363636363,6.181818181818182,4.2727272727272725,7.666666666666667,10.8,9.8,9.333333333333334,9.0,9.0,4.6,4.6,1.8,14.0,11.0,3.0,5.0
29d10748d5c39b2df49e,2022-23,2023-03-01,Liverpool,Wolverhampton Wanderers,H,P Tierney,23,9.434782608695652,8.91304347826087,6.521739130434782,3.652173913043478,1.2608695652173914,11,9.0,9.272727272727273,7.181818181818182,2.909090909090909,10.0,10.6,10.4,10.0,9.6,9.1,5.0,4.2,2.2,13.0,14.0,5.0,2.0
14a2418c71a64fb1d95a,2022-23,2023-03-05,Liverpool,Manchester United,H,A Madley,24,9.583333333333334,9.125,6.458333333333333,3.5833333333333335,1.2916666666666667,12,9.333333333333334,9.666666666666666,7.0,2.8333333333333335,11.666666666666666,10.0,10.9,9.333333333333334,10.6,9.7,5.0,3.6,2.0,13.0,14.0,4.0,2.0
0af4bf4b189bf8379a54,2022-23,2023-03-11,Liverpool,Bournemouth,A,J Brooks,25,9.72,9.32,6.36,3.56,1.32,12,9.833333333333334,8.583333333333334,5.916666666666667,4.333333333333333,13.333333333333334,11.2,11.0,13.0,11.6,10.4,4.4,3.8,2.2,9.0,7.0,8.0,1.0
f385a17aca485a48284f,2022-23,2023-04-01,Liverpool,Manchester City,A,S Hooper,26,9.692307692307692,9.23076923076923,6.423076923076923,3.5384615384615383,1.3076923076923077,13,9.76923076923077,8.461538461538462,6.076923076923077,4.230769230769231,11.666666666666666,11.4,11.1,11.666666666666666,9.8,9.6,5.4,3.8,2.2,12.0,9.0,1.0,1.0
824d35c4ccd2a4bc7716,2022-23,2023-04-04,Liverpool,Chelsea,A,A Taylor,27,9.777777777777779,9.222222222222221,6.222222222222222,3.6666666666666665,1.2962962962962963,14,9.928571428571429,8.5,5.714285714285714,4.428571428571429,11.333333333333334,12.2,11.5,10.0,11.0,10.0,4.2,4.0,2.2,17.0,6.0,5.0,4.0
1825011f99c1c6f4d5a7,2022-23,2023-04-09,Liverpool,Arsenal,H,P Tierney,28,10.035714285714286,9.107142857142858,6.178571428571429,3.642857142857143,1.3928571428571428,13,9.615384615384615,10.0,6.769230769230769,2.8461538461538463,12.666666666666666,12.8,11.7,7.333333333333333,10.0,9.8,4.6,3.6,2.0,11.0,11.0,5.0,4.0
f2a272ed60aa61e7cc3a,2022-23,2023-04-17,Liverpool,Leeds,A,C Pawson,29,10.068965517241379,9.172413793103448,6.137931034482759,3.6551724137931036,1.4827586206896552,15,10.4,8.333333333333334,5.666666666666667,4.333333333333333,13.333333333333334,12.4,11.2,8.666666666666666,9.4,10.0,4.6,4.0,2.4,12.0,6.0,2.0,1.0
71c0ede399bfabc4a1a0,2022-23,2023-04-22,Liverpool,Nottingham Forest,H,M Oliver,30,10.133333333333333,9.066666666666666,6.0,3.6666666666666665,1.4666666666666666,14,9.714285714285714,10.071428571428571,6.642857142857143,2.9285714285714284,13.333333333333334,12.2,11.7,7.666666666666667,7.8,9.7,4.2,4.2,2.2,9.0,12.0,9.0,0.0
ce900c4dc5384313d2ee,2022-23,2023-04-26,Liverpool,West Ham United,A,C Kavanagh,31,10.096774193548388,9.161290322580646,6.096774193548387,3.6451612903225805,1.4193548387096775,16,10.5,8.1875,5.4375,4.3125,10.666666666666666,12.2,11.8,9.666666666666666,8.8,9.3,4.4,4.2,2.0,8.0,6.0,6.0,0.0
ab12c2f76633ff83ce39,2022-23,2023-04-30,Liverpool,Tottenham,H,P Tierney,32,10.03125,9.0625,6.09375,3.625,1.375,15,9.666666666666666,10.2,6.8,2.933333333333333,9.666666666666666,11.4,11.8,8.0,8.2,9.6,5.4,3.4,1.8,12.0,6.0,5.0,3.0
bb85f3893db55f7dbc58,2022-23,2023-05-03,Liverpool,Fulham,H,S Attwell,33,10.090909090909092,8.969696969696969,6.0606060606060606,3.5757575757575757,1.4242424242424243,16,9.8125,9.9375,6.6875,2.875,9.666666666666666,10.4,11.6,8.0,8.2,9.1,5.4,3.2,1.6,10.0,8.0,7.0,0.0
cbc4d3761c5487192c82,2022-23,2023-05-06,Liverpool,Brentford,H,A Taylor,34,10.088235294117647,8.941176470588236,6.088235294117647,3.6176470588235294,1.3823529411764706,17,9.823529411764707,9.823529411764707,6.705882352941177,3.0,10.0,10.2,11.3,6.666666666666667,7.6,8.5,5.8,3.4,0.8,19.0,10.0,7.0,4.0
dd3394848067d72aa115,2022-23,2023-05-15,Liverpool,Leicester,A,C Pawson,35,10.342857142857143,8.971428571428572,6.114285714285714,3.6,1.457142857142857,17,10.352941176470589,8.058823529411764,5.470588235294118,4.235294117647059,13.666666666666666,11.6,11.9,8.0,8.4,8.1,6.8,3.2,1.4,17.0,11.0,4.0,1.0
c9c2f076a29d89a6a337,2022-23,2023-05-20,Liverpool,Aston Villa,H,J Brooks,36,10.527777777777779,9.027777777777779,6.055555555555555,3.611111111111111,1.4444444444444444,18,10.333333333333334,9.833333333333334,6.722222222222222,3.0,15.333333333333334,13.2,12.7,9.666666666666666,8.2,8.5,5.8,3.4,1.6,16.0,13.0,9.0,3.0
5971df9ead05d1abc727,2022-23,2023-05-28,Liverpool,Southampton,A,D England,37,10.675675675675675,9.135135135135135,6.135135135135135,3.6216216216216215,1.4864864864864864,18,10.722222222222221,8.222222222222221,5.388888888888889,4.222222222222222,17.333333333333332,14.8,13.1,11.333333333333334,9.6,8.9,6.4,3.6,2.2,10.0,4.0,9.0,2.0
413b42c3b7a0086813a0,2022-23,2022-08-07,Manchester City,West Ham United,A,M Oliver,0,,,,,,0,,,,,,,,,,,,,,4.0,8.0,4.0,1.0
68d5bb536923ed7b3db3,2022-23,2022-08-13,Manchester City,Bournemouth,H,D Coote,1,4.0,8.0,4.0,1.0,1.0,0,,,,,4.0,4.0,4.0,8.0,8.0,8.0,4.0,1.0,1.0,9.0,9.0,11.0,0.0
3ed04b7c103118c3c537,2022-23,2022-08-21,Manchester City,Newcastle United,A,J Gillett,2,6.5,8.5,7.5,1.0,0.5,1,4.0,8.0,4.0,1.0,6.5,6.5,6.5,8.5,8.5,8.5,7.5,1.0,0.5,7.0,14.0,5.0,2.0
cad29ba7261bde8df39e,2022-23,2022-08-27,Manchester City,Crystal Palace,H,D England,3,6.666666666666667,10.333333333333334,6.666666666666667,2.3333333333333335,1.0,1,9.0,9.0,11.0,1.0,6.666666666666667,6.666666666666667,6.666666666666667,10.333333333333334,10.333333333333334,10.333333333333334,6.666666666666667,2.3333333333333335,1.0,14.0,8.0,6.0,1.0
509868b83370658fe495,2022-23,2022-08-31,Manchester City,Nottingham Forest,H,P Tierney,4,8.5,9.75,6.5,2.0,1.0,2,11.5,8.5,8.5,1.0,10.0,8.5,8.5,10.333333333333334,9.75,9.75,6.5,2.0,1.0,9.0,7.0,10.0,0.0
30dc9b9e7f6980246208,2022-23,2022-09-03,Manchester City,Aston Villa,A,S Hooper,5,8.6,9.2,7.2,1.8,0.8,2,5.5,11.0,4.5,3.0,10.0,8.6,8.6,9.666666666666666,9.2,9.2,7.2,1.8,0.8,6.0,7.0,4.0,0.0
90a09998cc14cb7abfc9,2022-23,2022-09-17,Manchester City,Wolverhampton Wanderers,A,A Taylor,6,8.166666666666666,8.833333333333334,6.666666666666667,1.6666666666666667,0.6666666666666666,3,5.666666666666667,9.666666666666666,4.333333333333333,2.3333333333333335,9.666666666666666,9.0,8.166666666666666,7.333333333333333,9.0,8.833333333333334,7.2,1.8,0.6,9.0,7.0,7.0,1.0
993b4b278a3c976236b5,2022-23,2022-10-02,Manchester City,Manchester United,H,M Oliver,7,8.285714285714286,8.571428571428571,6.714285714285714,2.142857142857143,0.7142857142857143,3,10.666666666666666,8.0,9.0,1.0,8.0,9.0,8.285714285714286,7.0,8.6,8.571428571428571,6.4,2.6,0.8,3.0,9.0,5.0,0.0
c1988c6a59219076ac7b,2022-23,2022-10-08,Manchester City,Southampton,H,A Madley,8,7.625,8.625,6.5,2.0,0.625,4,8.75,8.25,8.0,1.0,6.0,8.2,7.625,7.666666666666667,7.6,8.625,6.4,1.8,0.4,4.0,8.0,9.0,0.0
5ccc4988e5246ab2fdf3,2022-23,2022-10-16,Manchester City,Liverpool,A,A Taylor,9,7.222222222222222,8.555555555555555,6.777777777777778,1.8888888888888888,0.5555555555555556,4,6.5,9.0,5.0,3.0,5.333333333333333,6.2,7.222222222222222,8.0,7.6,8.555555555555555,7.0,1.8,0.2,7.0,10.0,6.0,1.0
771d02a015862b098547,2022-23,2022-10-22,Manchester City,Brighton & Hove Albion,H,C Pawson,10,7.2,8.7,6.7,2.2,0.6,5,7.8,8.2,8.2,1.0,4.666666666666667,5.8,7.2,9.0,8.2,8.7,6.2,2.6,0.4,11.0,12.0,7.0,1.0
34715bc397bd2e0072d6,2022-23,2022-10-29,Manchester City,Leicester,A,R Jones,11,7.545454545454546,9.0,6.7272727272727275,2.272727272727273,0.6363636363636364,5,6.6,9.2,5.2,3.4,7.333333333333333,6.8,7.9,10.0,9.2,9.1,6.8,3.0,0.6,10.0,5.0,10.0,0.0
48d1db9bd19ff7b75ec5,2022-23,2022-11-05,Manchester City,Fulham,H,D England,12,7.75,8.666666666666666,7.0,2.3333333333333335,0.5833333333333334,6,8.333333333333334,8.833333333333334,8.0,1.3333333333333333,9.333333333333334,7.0,8.0,9.0,8.8,8.7,7.4,2.6,0.4,6.0,11.0,9.0,2.0
c5574176ea9e0d8f2f40,2022-23,2022-11-12,Manchester City,Brentford,H,P Bankes,13,7.615384615384615,8.846153846153847,7.153846153846154,2.1538461538461537,0.6923076923076923,7,8.0,9.142857142857142,8.142857142857142,1.1428571428571428,9.0,7.6,7.9,9.333333333333334,9.2,8.4,8.2,2.4,0.8,9.0,7.0,10.0,2.0
e8c08a609e6423340ddd,2022-23,2022-12-28,Manchester City,Leeds,A,S Attwell,14,7.714285714285714,8.714285714285714,7.357142857142857,2.142857142857143,0.7857142857142857,6,7.166666666666667,8.5,6.0,3.3333333333333335,8.333333333333334,8.6,7.4,7.666666666666667,9.0,8.3,8.4,2.6,1.2,14.0,11.0,5.0,3.0
a1298f2302c2608f5e9a,2022-23,2022-12-31,Manchester City,Everton,H,A Madley,15,8.133333333333333,8.866666666666667,7.2,2.2,0.9333333333333333,8,8.125,8.875,8.375,1.25,9.666666666666666,10.0,7.9,9.666666666666666,9.2,8.7,8.2,2.2,1.6,13.0,14.0,7.0,3.0
12829f5db913705eb00b,2022-23,2023-01-05,Manchester City,Chelsea,A,P Tierney,16,8.4375,9.1875,7.1875,2.125,1.0625,7,8.142857142857142,8.857142857142858,5.857142857142857,3.2857142857142856,12.0,10.4,8.6,10.666666666666666,9.6,9.4,8.2,1.8,2.0,9.0,9.0,2.0,0.0
737ba57ef4c348f80652,2022-23,2023-01-14,Manchester City,Manchester United,A,S Attwell,17,8.470588235294118,9.176470588235293,6.882352941176471,2.176470588235294,1.0,8,8.25,8.875,5.375,3.25,12.0,10.2,8.6,11.333333333333334,10.4,9.6,6.6,1.8,2.0,5.0,15.0,2.0,0.0
811948e3a0c5da6eab53,2022-23,2023-01-19,Manchester City,Tottenham,H,S Hooper,18,8.277777777777779,9.5,6.611111111111111,2.111111111111111,0.9444444444444444,9,8.666666666666666,9.444444444444445,8.222222222222221,1.2222222222222223,9.0,10.0,8.8,12.666666666666666,11.2,10.2,5.2,2.0,1.6,10.0,14.0,8.0,1.0
62355ea19c38f5504c25,2022-23,2023-01-22,Manchester City,Wolverhampton Wanderers,H,D Coote,19,8.368421052631579,9.736842105263158,6.684210526315789,2.1578947368421053,0.9473684210526315,10,8.8,9.9,8.2,1.4,8.0,10.2,9.4,12.666666666666666,12.6,10.8,4.8,2.2,1.4,10.0,10.0,5.0,1.0
c4f8fddc9f5a4ad3f44d,2022-23,2023-02-05,Manchester City,Tottenham,A,A Madley,20,8.45,9.75,6.6,2.4,0.95,9,7.888888888888889,9.555555555555555,5.0,3.0,8.333333333333334,9.4,9.7,13.0,12.4,10.8,4.8,3.0,1.0,14.0,19.0,6.0,3.0
1e87ebf5dafea7728807,2022-23,2023-02-12,Manchester City,Aston Villa,H,R Jones,21,8.714285714285714,10.19047619047619,6.571428571428571,2.4761904761904763,1.0476190476190477,11,8.909090909090908,9.909090909090908,7.909090909090909,1.9090909090909092,11.333333333333334,9.6,10.0,14.333333333333334,13.4,11.5,4.6,3.6,1.0,13.0,14.0,8.0,1.0
83b56e35bc0e188edad2,2022-23,2023-02-15,Manchester City,Arsenal,A,A Taylor,22,8.909090909090908,10.363636363636363,6.636363636363637,2.5454545454545454,1.0454545454545454,10,8.5,10.5,5.1,3.1,12.333333333333334,10.4,10.3,14.333333333333334,14.4,12.4,5.8,3.8,1.2,15.0,11.0,3.0,3.0
cd33875386338a3b7cdf,2022-23,2023-02-18,Manchester City,Nottingham Forest,A,G Scott,23,9.173913043478262,10.391304347826088,6.478260869565218,2.4782608695652173,1.1304347826086956,11,9.090909090909092,10.545454545454545,4.909090909090909,2.909090909090909,14.0,12.4,11.2,14.666666666666666,13.6,12.4,6.0,3.8,1.8,6.0,8.0,10.0,0.0
7207502546d8ddbd33f0,2022-23,2023-02-25,Manchester City,Bournemouth,A,P Tierney,24,9.041666666666666,10.291666666666666,6.625,2.375,1.0833333333333333,12,8.833333333333334,10.333333333333334,5.333333333333333,2.6666666666666665,11.333333333333334,11.6,10.9,11.0,12.4,12.5,6.4,3.2,1.6,9.0,10.0,6.0,2.0
ae903f24e8fbed3ac1c8,2022-23,2023-03-04,Manchester City,Newcastle United,H,S Hooper,25,9.04,10.28,6.6,2.44,1.12,12,9.25,10.25,7.916666666666667,2.0833333333333335,10.0,11.4,10.4,9.666666666666666,12.4,12.4,6.6,2.6,1.8,8.0,13.0,8.0,2.0
430f9d5827707e430ed3,2022-23,2023-03-11,Manchester City,Crystal Palace,A,R Jones,26,9.0,10.384615384615385,6.653846153846154,2.5,1.1538461538461537,13,8.846153846153847,10.307692307692308,5.384615384615385,2.769230769230769,7.666666666666667,10.2,9.9,10.333333333333334,11.2,12.3,7.0,2.6,1.6,17.0,11.0,6.0,2.0
f385a17aca485a48284f,2022-23,2023-04-01,Manchester City,Liverpool,H,S Hooper,27,9.296296296296296,10.407407407407407,6.62962962962963,2.4814814814814814,1.1851851851851851,13,9.153846153846153,10.461538461538462,7.923076923076923,2.230769230769231,11.333333333333334,11.0,10.7,11.333333333333334,10.6,12.5,6.6,2.2,1.8,9.0,12.0,7.0,1.0
4c53b3e5cac6c26e0eb6,2022-23,2023-04-08,Manchester City,Southampton,A,R Jones,28,9.285714285714286,10.464285714285714,6.642857142857143,2.4285714285714284,1.1785714285714286,14,9.428571428571429,10.357142857142858,5.428571428571429,2.7142857142857144,11.333333333333334,9.8,11.1,12.0,10.8,12.2,7.4,2.2,1.4,10.0,6.0,10.0,2.0
228167a8fb037d70436d,2022-23,2023-04-15,Manchester City,Leicester,H,D England,29,9.310344827586206,10.310344827586206,6.758620689655173,2.3448275862068964,1.206896551724138,14,9.142857142857142,10.571428571428571,7.857142857142857,2.142857142857143,12.0,10.6,11.1,9.666666666666666,10.4,11.4,7.4,2.2,1.8,8.0,8.0,6.0,1.0
4db7bd83efb89836bd78,2022-23,2023-04-26,Manchester City,Arsenal,H,M Oliver,30,9.266666666666667,10.233333333333333,6.733333333333333,2.3333333333333335,1.2,15,9.066666666666666,10.4,7.733333333333333,2.1333333333333333,9.0,10.4,10.9,8.666666666666666,10.0,11.2,7.4,1.8,1.6,13.0,13.0,1.0,3.0
2e643cec9c930233c9e7,2022-23,2023-04-30,Manchester City,Fulham,A,S Hooper,31,9.387096774193548,10.32258064516129,6.548387096774194,2.3548387096774195,1.2580645161290323,15,9.466666666666667,10.066666666666666,5.733333333333333,2.533333333333333,10.333333333333334,11.4,10.8,9.0,10.0,10.6,6.0,1.6,1.8,10.0,9.0,5.0,3.0
fb3159dea2edb0dc40c5,2022-23,2023-05-03,Manchester City,West Ham United,H,J Brooks,32,9.40625,10.28125,6.5,2.34375,1.3125,16,9.3125,10.5625,7.3125,2.1875,10.333333333333334,10.0,10.5,10.0,9.6,10.1,5.8,1.6,2.0,8.0,8.0,6.0,0.0
afa7e659f5eb1c0c7431,2022-23,2023-05-06,Manchester City,Leeds,H,A Madley,33,9.363636363636363,10.212121212121213,6.484848484848484,2.3636363636363638,1.2727272727272727,17,9.235294117647058,10.411764705882353,7.235294117647059,2.235294117647059,10.333333333333334,9.8,9.8,10.0,8.8,9.8,5.6,2.0,1.8,3.0,16.0,10.0,0.0
67bde285e822c6f2db59,2022-23,2023-05-14,Manchester City,Everton,A,A Taylor,34,9.176470588235293,10.382352941176471,6.588235294117647,2.323529411764706,1.2352941176470589,16,9.5,10.0,5.6875,2.5,7.0,8.4,9.5,11.0,10.8,10.6,5.6,2.2,1.4,4.0,12.0,6.0,0.0
f1daceed1e2314310b2a,2022-23,2023-05-21,Manchester City,Chelsea,H,M Oliver,35,9.028571428571428,10.428571428571429,6.571428571428571,2.4857142857142858,1.2,18,8.88888888888889,10.722222222222221,7.388888888888889,2.1666666666666665,5.0,7.6,9.0,12.0,11.6,10.8,5.6,3.4,1.2,12.0,9.0,5.0,0.0
e1a7d4c2b7073c168556,2022-23,2023-05-24,Manchester City,Brighton & Hove Albion,A,S Hooper,36,9.11111111111111,10.38888888888889,6.527777777777778,2.4722222222222223,1.1666666666666667,17,9.176470588235293,10.117647058823529,5.705882352941177,2.823529411764706,6.333333333333333,7.4,9.4,12.333333333333334,10.8,10.4,6.4,3.2,0.6,11.0,16.0,1.0,1.0
11443a1c0aea88149480,2022-23,2023-05-28,Manchester City,Brentford,A,J Brooks,37,9.162162162162161,10.54054054054054,6.378378378378378,2.5405405405405403,1.162162162162162,18,9.277777777777779,10.444444444444445,5.444444444444445,2.9444444444444446,9.0,7.6,8.8,12.333333333333334,12.2,10.9,5.6,3.8,0.2,8.0,12.0,4.0,0.0
0278cc1f85c4f6838e51,2022-23,2022-08-07,Manchester United,Brighton & Hove Albion,H,P Tierney,0,,,,,,0,,,,,,,,,,,,,,7.0,12.0,6.0,4.0
ed72ddba123d47855542,2022-23,2022-08-13,Manchester United,Brentford,A,S Attwell,1,7.0,12.0,6.0,2.0,4.0,0,,,,,7.0,7.0,7.0,12.0,12.0,12.0,6.0,2.0,4.0,15.0,6.0,2.0,4.0
739f138c9898bbaec5f6,2022-23,2022-08-22,Manchester United,Liverpool,H,M Oliver,2,11.0,9.0,4.0,5.0,4.0,1,7.0,12.0,6.0,2.0,11.0,11.0,11.0,9.0,9.0,9.0,4.0,5.0,4.0,11.0,7.0,6.0,3.0
55e149c0887df239055c,2022-23,2022-08-27,Manchester United,Southampton,A,A Madley,3,11.0,8.333333333333334,4.666666666666667,6.0,3.6666666666666665,1,15.0,6.0,2.0,8.0,11.0,11.0,11.0,8.333333333333334,8.333333333333334,8.333333333333334,4.666666666666667,6.0,3.6666666666666665,14.0,4.0,3.0,3.0
8e2cbdcca7bb19fcba61,2022-23,2022-09-01,Manchester United,Leicester,A,C Pawson,4,11.75,7.25,4.25,5.75,3.5,2,14.5,5.0,2.5,6.5,13.333333333333334,11.75,11.75,5.666666666666667,7.25,7.25,4.25,5.75,3.5,15.0,7.0,3.0,3.0
d976757611ea64e4b3f1,2022-23,2022-09-04,Manchester United,Arsenal,H,P Tierney,5,12.4,7.2,4.0,4.8,3.4,2,9.0,9.5,6.0,5.0,13.333333333333334,12.4,12.4,6.0,7.2,7.2,4.0,4.8,3.4,13.0,9.0,2.0,3.0
993b4b278a3c976236b5,2022-23,2022-10-02,Manchester United,Manchester City,A,M Oliver,6,12.5,7.5,3.6666666666666665,4.833333333333333,3.3333333333333335,3,14.666666666666666,5.666666666666667,2.6666666666666665,4.666666666666667,14.0,13.6,12.5,6.666666666666667,6.6,7.5,3.2,5.4,3.2,9.0,3.0,1.0,3.0
cea1c23b9ea3346e5e2e,2022-23,2022-10-09,Manchester United,Everton,A,D Coote,7,12.0,6.857142857142857,3.2857142857142856,4.857142857142857,3.2857142857142856,4,13.25,5.0,2.25,4.75,12.333333333333334,12.4,12.0,6.333333333333333,6.0,6.857142857142857,3.0,4.8,3.0,13.0,7.0,4.0,1.0
25398e71b525bef70438,2022-23,2022-10-16,Manchester United,Newcastle United,H,C Pawson,8,12.125,6.875,3.375,4.875,3.0,3,10.333333333333334,9.333333333333334,4.666666666666667,5.0,11.666666666666666,12.8,12.125,6.333333333333333,6.0,6.875,2.6,4.2,2.6,13.0,11.0,4.0,3.0
421c7ecfc83a1e48901d,2022-23,2022-10-19,Manchester United,Tottenham,H,S Hooper,9,12.222222222222221,7.333333333333333,3.4444444444444446,4.777777777777778,3.0,4,11.0,9.75,4.5,4.75,11.666666666666666,12.6,12.222222222222221,7.0,7.4,7.333333333333333,2.8,4.0,2.6,7.0,7.0,8.0,1.0
a8beb6e890f74936344b,2022-23,2022-10-22,Manchester United,Chelsea,A,S Attwell,10,11.7,7.3,3.9,4.6,2.8,5,13.2,5.4,2.6,4.8,11.0,11.0,11.7,8.333333333333334,7.4,7.3,3.8,4.4,2.2,10.0,8.0,4.0,4.0
6639279e7625ef27e2de,2022-23,2022-10-30,Manchester United,West Ham United,H,C Kavanagh,11,11.545454545454545,7.363636363636363,3.909090909090909,4.7272727272727275,2.909090909090909,5,10.2,9.2,5.2,4.4,10.0,10.4,12.0,8.666666666666666,7.2,6.9,4.2,4.6,2.4,12.0,10.0,5.0,1.0
24b48de736f2770e347a,2022-23,2022-11-06,Manchester United,Aston Villa,A,A Taylor,12,11.583333333333334,7.583333333333333,4.0,5.166666666666667,2.75,6,12.666666666666666,5.833333333333333,2.8333333333333335,5.0,9.666666666666666,11.0,11.7,8.333333333333334,8.6,7.3,5.0,5.6,2.0,12.0,6.0,5.0,3.0
a67867f4ab82aa3147f2,2022-23,2022-11-13,Manchester United,Fulham,A,P Tierney,13,11.615384615384615,7.461538461538462,4.076923076923077,5.0,2.769230769230769,7,12.571428571428571,5.857142857142857,3.142857142857143,4.714285714285714,11.333333333333334,10.8,11.8,8.0,8.4,7.2,5.2,5.2,2.4,10.0,9.0,3.0,1.0
4cae0e549b42351e4264,2022-23,2022-12-27,Manchester United,Nottingham Forest,H,A Taylor,14,11.5,7.571428571428571,4.0,5.357142857142857,2.642857142857143,6,10.5,9.333333333333334,5.166666666666667,5.333333333333333,11.333333333333334,10.2,11.4,8.333333333333334,8.0,7.7,5.0,6.4,2.0,13.0,4.0,9.0,3.0
8cdfdee3d33ae8b52293,2022-23,2022-12-31,Manchester United,Wolverhampton Wanderers,A,R Jones,15,11.6,7.333333333333333,4.333333333333333,5.6,2.6666666666666665,8,12.25,6.25,3.125,5.375,11.666666666666666,11.4,11.2,6.333333333333333,7.4,7.4,5.2,7.6,2.4,11.0,11.0,5.0,3.0
852b725a88078716e1cb,2022-23,2023-01-03,Manchester United,Bournemouth,H,M Salisbury,16,11.5625,7.5625,4.375,5.6875,2.6875,7,10.857142857142858,8.571428571428571,5.714285714285714,5.857142857142857,11.333333333333334,11.6,11.0,8.0,8.0,7.6,5.4,7.8,2.2,13.0,7.0,6.0,0.0
737ba57ef4c348f80652,2022-23,2023-01-14,Manchester United,Manchester City,H,S Attwell,17,11.647058823529411,7.529411764705882,4.470588235294118,5.647058823529412,2.5294117647058822,8,11.125,8.375,5.75,5.75,12.333333333333334,11.8,11.4,7.333333333333333,7.4,8.0,5.6,6.8,2.0,15.0,5.0,1.0,3.0
cc506dd400b9bb2b18f0,2022-23,2023-01-18,Manchester United,Crystal Palace,A,R Jones,18,11.833333333333334,7.388888888888889,4.277777777777778,5.444444444444445,2.5555555555555554,9,12.11111111111111,6.777777777777778,3.3333333333333335,5.555555555555555,13.0,12.4,11.6,7.666666666666667,7.2,7.8,4.8,6.6,2.0,10.0,9.0,3.0,2.0
461cf461f0c63d738caa,2022-23,2023-01-22,Manchester United,Arsenal,A,A Taylor,19,11.736842105263158,7.473684210526316,4.2105263157894735,5.315789473684211,2.526315789473684,10,11.9,7.0,3.3,5.3,12.666666666666666,12.4,11.3,7.0,7.2,7.6,4.8,5.2,2.2,9.0,8.0,4.0,2.0
4c1811e5f0bf896613c0,2022-23,2023-02-04,Manchester United,Crystal Palace,H,A Marriner,20,11.6,7.5,4.2,5.65,2.5,9,11.555555555555555,8.0,5.222222222222222,5.333333333333333,11.333333333333334,11.6,11.5,7.333333333333333,8.0,7.7,3.8,5.8,2.0,9.0,9.0,5.0,1.0
52b317aa071bf8eebc1a,2022-23,2023-02-08,Manchester United,Leeds,H,S Hooper,21,11.476190476190476,7.571428571428571,4.238095238095238,5.619047619047619,2.4285714285714284,10,11.3,8.1,5.2,5.3,9.333333333333334,11.2,11.4,8.666666666666666,7.6,7.8,3.8,5.4,1.6,7.0,11.0,6.0,1.0
767a06c641aee078919b,2022-23,2023-02-12,Manchester United,Leeds,A,P Tierney,22,11.272727272727273,7.7272727272727275,4.318181818181818,5.590909090909091,2.3636363636363638,11,11.636363636363637,7.090909090909091,3.3636363636363638,5.909090909090909,8.333333333333334,10.0,10.9,9.333333333333334,8.4,7.9,3.8,5.4,1.8,13.0,10.0,3.0,1.0
5ee521d3c88916c0278c,2022-23,2023-02-19,Manchester United,Leicester,H,S Attwell,23,11.347826086956522,7.826086956521739,4.260869565217392,5.6521739130434785,2.3043478260869565,11,10.909090909090908,8.363636363636363,5.2727272727272725,5.2727272727272725,9.666666666666666,9.6,11.0,10.0,9.4,8.3,4.2,6.4,1.4,9.0,9.0,6.0,0.0
14a2418c71a64fb1d95a,2022-23,2023-03-05,Manchester United,Liverpool,A,A Madley,24,11.25,7.875,4.333333333333333,5.666666666666667,2.2083333333333335,12,11.75,7.333333333333333,3.3333333333333335,6.0,9.666666666666666,9.4,10.9,10.0,9.4,8.3,4.8,7.0,1.0,14.0,13.0,3.0,3.0
9d5e1075c53bf0a4f84b,2022-23,2023-03-12,Manchester United,Southampton,H,A Taylor,25,11.36,8.08,4.28,5.6,2.24,12,10.75,8.416666666666666,5.333333333333333,5.333333333333333,12.0,10.4,11.0,10.666666666666666,10.4,9.2,4.6,5.4,1.2,12.0,9.0,7.0,2.0
80668ab78dc261b20d95,2022-23,2023-04-02,Manchester United,Newcastle United,A,S Attwell,26,11.384615384615385,8.115384615384615,4.384615384615385,5.6923076923076925,2.230769230769231,13,11.923076923076923,7.769230769230769,3.3076923076923075,5.846153846153846,11.666666666666666,11.0,11.1,10.333333333333334,10.4,9.0,5.0,6.0,1.4,12.0,8.0,4.0,0.0
ad6bad2dadda987cb73c,2022-23,2023-04-05,Manchester United,Brentford,H,J Brooks,27,11.407407407407407,8.11111111111111,4.37037037037037,5.7407407407407405,2.1481481481481484,13,10.846153846153847,8.461538461538462,5.461538461538462,5.538461538461538,12.666666666666666,12.0,11.0,10.0,9.8,9.1,4.6,6.4,1.2,8.0,13.0,12.0,3.0
1c0d410f00800729d4c2,2022-23,2023-04-08,Manchester United,Everton,H,M Oliver,28,11.285714285714286,8.285714285714286,4.642857142857143,5.642857142857143,2.1785714285714284,14,10.642857142857142,8.785714285714286,5.928571428571429,5.357142857142857,10.666666666666666,11.0,10.3,10.0,10.4,9.9,6.4,5.6,1.6,10.0,9.0,10.0,0.0
05bcd23689ccdd0b4cf6,2022-23,2023-04-16,Manchester United,Nottingham Forest,A,S Hooper,29,11.241379310344827,8.310344827586206,4.827586206896552,5.586206896551724,2.103448275862069,14,11.928571428571429,7.785714285714286,3.357142857142857,5.928571428571429,10.0,11.2,10.3,10.0,10.4,9.9,7.2,5.2,1.6,9.0,9.0,9.0,2.0
67f59604c9cfd1f654d3,2022-23,2023-04-27,Manchester United,Tottenham,A,A Taylor,30,11.166666666666666,8.333333333333334,4.966666666666667,5.533333333333333,2.1,15,11.733333333333333,7.866666666666666,3.7333333333333334,5.8,9.0,10.2,10.3,10.333333333333334,9.6,10.0,8.4,5.2,1.4,7.0,8.0,8.0,2.0
b1e90e84da65206c7d45,2022-23,2023-04-30,Manchester United,Aston Villa,H,J Gillett,31,11.03225806451613,8.32258064516129,5.064516129032258,5.548387096774194,2.096774193548387,15,10.6,8.8,6.2,5.266666666666667,8.666666666666666,9.2,10.1,8.666666666666666,9.4,9.9,8.6,4.8,1.4,16.0,7.0,1.0,2.0
69f0056ec7dc59a86d0b,2022-23,2023-05-04,Manchester United,Brighton & Hove Albion,A,A Marriner,32,11.1875,8.28125,4.9375,5.5,2.09375,16,11.4375,7.875,4.0,5.8125,10.666666666666666,10.0,11.0,8.0,9.2,9.5,8.0,4.2,1.8,14.0,10.0,6.0,4.0
66bcd715f2bd75f314b6,2022-23,2023-05-07,Manchester United,West Ham United,A,P Bankes,33,11.272727272727273,8.333333333333334,4.96969696969697,5.575757575757576,2.1515151515151514,17,11.588235294117647,8.0,4.117647058823529,5.9411764705882355,12.333333333333334,11.2,11.1,8.333333333333334,8.6,9.5,6.8,5.2,2.0,9.0,4.0,6.0,2.0
baafc04eee0490f3c92e,2022-23,2023-05-13,Manchester United,Wolverhampton Wanderers,H,J Brooks,34,11.205882352941176,8.205882352941176,5.0,5.5588235294117645,2.1470588235294117,16,10.9375,8.6875,5.875,5.1875,13.0,11.0,11.1,7.0,7.6,9.0,6.0,5.4,2.4,9.0,9.0,11.0,3.0
be3fd4de6a1ede958edd,2022-23,2023-05-20,Manchester United,Bournemouth,A,C Kavanagh,35,11.142857142857142,8.228571428571428,5.171428571428572,5.6,2.1714285714285713,18,11.444444444444445,7.777777777777778,4.222222222222222,5.888888888888889,10.666666666666666,11.0,10.6,7.666666666666667,7.6,8.6,6.4,6.0,2.6,7.0,6.0,6.0,0.0
4bffbb07302b7789de69,2022-23,2023-05-25,Manchester United,Chelsea,H,S Attwell,36,11.027777777777779,8.166666666666666,5.194444444444445,5.527777777777778,2.111111111111111,17,10.823529411764707,8.705882352941176,6.176470588235294,5.294117647058823,8.333333333333334,11.0,10.1,6.333333333333333,7.2,8.3,6.0,5.4,2.2,12.0,6.0,3.0,1.0
c24ce332f28dee28e855,2022-23,2023-05-28,Manchester United,Fulham,H,R Jones,37,11.054054054054054,8.108108108108109,5.135135135135135,5.486486486486487,2.081081081081081,18,10.88888888888889,8.555555555555555,6.0,5.222222222222222,9.333333333333334,10.2,10.1,7.0,7.0,8.1,6.4,5.4,2.0,14.0,10.0,5.0,1.0
c3bac8e5b11ffb16cf95,2022-23,2022-08-06,Newcastle United,Nottingham Forest,H,S Hooper,0,,,,,,0,,,,,,,,,,,,,,9.0,14.0,11.0,0.0
7f9a48950600028f37f6,2022-23,2022-08-13,Newcastle United,Brighton & Hove Albion,A,G Scott,1,9.0,14.0,11.0,1.0,0.0,0,,,,,9.0,9.0,9.0,14.0,14.0,14.0,11.0,1.0,0.0,6.0,8.0,3.0,3.0
3ed04b7c103118c3c537,2022-23,2022-08-21,Newcastle United,Manchester City,H,J Gillett,2,7.5,11.0,7.0,4.0,1.5,1,9.0,14.0,11.0,1.0,7.5,7.5,7.5,11.0,11.0,11.0,7.0,4.0,1.5,14.0,7.0,5.0,4.0
678fcc81c4b4d4e5e44d,2022-23,2022-08-28,Newcastle United,Wolverhampton Wanderers,A,P Bankes,3,9.666666666666666,9.666666666666666,6.333333333333333,4.333333333333333,2.3333333333333335,1,6.0,8.0,3.0,7.0,9.666666666666666,9.666666666666666,9.666666666666666,9.666666666666666,9.666666666666666,9.666666666666666,6.333333333333333,4.333333333333333,2.3333333333333335,11.0,10.0,13.0,1.0
a9de602daac9b8b219cf,2022-23,2022-08-31,Newcastle United,Liverpool,A,A Marriner,4,10.0,9.75,8.0,4.25,2.0,2,8.5,9.0,8.0,5.5,10.333333333333334,10.0,10.0,8.333333333333334,9.75,9.75,8.0,4.25,2.0,10.0,9.0,0.0,2.0
f52d8cc047fbd29ef11a,2022-23,2022-09-03,Newcastle United,Crystal Palace,H,M Salisbury,5,10.0,9.6,6.4,6.0,2.0,2,11.5,10.5,8.0,3.0,11.666666666666666,10.0,10.0,8.666666666666666,9.6,9.6,6.4,6.0,2.0,19.0,12.0,13.0,2.0
6d99aecde41d477cf05b,2022-23,2022-09-17,Newcastle United,Bournemouth,H,C Pawson,6,11.5,10.0,7.5,5.833333333333333,2.0,3,14.0,11.0,9.666666666666666,3.6666666666666665,13.333333333333334,12.0,11.5,10.333333333333334,9.2,10.0,6.8,6.8,2.4,10.0,11.0,8.0,2.0
2622354837b581f164f8,2022-23,2022-10-01,Newcastle United,Fulham,A,D England,7,11.285714285714286,10.142857142857142,7.571428571428571,5.142857142857143,2.0,3,9.0,9.0,5.333333333333333,8.0,13.0,12.8,11.285714285714286,10.666666666666666,9.8,10.142857142857142,7.8,5.6,2.2,10.0,9.0,8.0,0.0
feb01c765a89969ffb90,2022-23,2022-10-08,Newcastle United,Brentford,H,J Brooks,8,11.125,10.0,7.625,4.625,1.75,4,13.0,11.0,9.25,3.0,13.0,12.0,11.125,10.666666666666666,10.2,10.0,8.4,4.8,1.4,14.0,9.0,9.0,0.0
25398e71b525bef70438,2022-23,2022-10-16,Newcastle United,Manchester United,A,C Pawson,9,11.444444444444445,9.88888888888889,7.777777777777778,4.666666666666667,1.5555555555555556,4,9.25,9.0,6.0,6.25,11.333333333333334,12.6,11.444444444444445,9.666666666666666,10.0,9.88888888888889,7.6,5.0,1.2,11.0,13.0,4.0,1.0
fa6737bde4f9e7b793e0,2022-23,2022-10-19,Newcastle United,Everton,H,T Harrington,10,11.4,10.2,7.4,4.6,1.5,5,13.2,10.6,9.2,3.4,11.666666666666666,12.8,11.4,10.333333333333334,10.8,10.2,8.4,3.2,1.0,9.0,12.0,8.0,2.0
5910abf6768075869641,2022-23,2022-10-23,Newcastle United,Tottenham,A,J Gillett,11,11.181818181818182,10.363636363636363,7.454545454545454,4.363636363636363,1.5454545454545454,5,9.6,9.8,5.6,5.8,11.333333333333334,10.8,11.4,11.333333333333334,10.8,10.0,7.4,2.6,1.0,6.0,12.0,7.0,2.0
ad79d8039a6a8172d710,2022-23,2022-10-29,Newcastle United,Aston Villa,H,P Tierney,12,10.75,10.5,7.416666666666667,4.5,1.5833333333333333,6,12.5,10.833333333333334,9.0,3.1666666666666665,8.666666666666666,10.0,11.4,12.333333333333334,11.0,10.4,7.2,3.6,1.0,11.0,11.0,3.0,1.0
f6f84d20c8e062670ee5,2022-23,2022-11-06,Newcastle United,Southampton,A,S Attwell,13,10.76923076923077,10.538461538461538,7.076923076923077,4.153846153846154,1.5384615384615385,6,9.0,10.166666666666666,5.833333333333333,5.833333333333333,8.666666666666666,10.2,11.1,11.666666666666666,11.4,10.8,6.2,3.4,1.2,10.0,7.0,2.0,0.0
8b90af383d78105c8273,2022-23,2022-11-12,Newcastle United,Chelsea,H,R Jones,14,10.714285714285714,10.285714285714286,6.714285714285714,4.428571428571429,1.4285714285714286,7,12.285714285714286,10.857142857142858,8.142857142857142,2.7142857142857144,9.0,9.4,11.0,10.0,11.0,10.5,4.8,4.0,1.2,14.0,11.0,5.0,3.0
ae3c7a00a7e36d10a62f,2022-23,2022-12-26,Newcastle United,Leicester,A,J Gillett,15,10.933333333333334,10.333333333333334,6.6,4.333333333333333,1.5333333333333334,7,9.142857142857142,9.714285714285714,5.285714285714286,6.142857142857143,11.666666666666666,10.0,11.4,9.666666666666666,10.6,10.7,5.0,3.8,1.6,6.0,9.0,5.0,0.0
aad4f0aa1434d541677f,2022-23,2022-12-31,Newcastle United,Leeds,H,S Hooper,16,10.625,10.25,6.5,4.375,1.4375,8,12.5,10.875,7.75,2.75,10.0,9.4,10.1,9.0,10.0,10.4,4.4,4.4,1.2,13.0,19.0,9.0,3.0
2e3f90ad23c08563f2d1,2022-23,2023-01-03,Newcastle United,Arsenal,A,A Madley,17,10.764705882352942,10.764705882352942,6.647058823529412,4.294117647058823,1.5294117647058822,8,8.75,9.625,5.25,6.0,11.0,10.8,10.4,13.0,11.4,11.2,4.8,3.8,1.4,16.0,10.0,5.0,4.0
3366ac4bdaddb9c822bc,2022-23,2023-01-15,Newcastle United,Fulham,H,R Jones,18,11.055555555555555,10.722222222222221,6.555555555555555,4.333333333333333,1.6666666666666667,9,12.555555555555555,11.777777777777779,7.888888888888889,2.7777777777777777,11.666666666666666,11.8,11.0,12.666666666666666,11.2,11.3,5.2,4.8,2.0,6.0,14.0,10.0,1.0
b68fd3aa91173d06a585,2022-23,2023-01-21,Newcastle United,Crystal Palace,A,C Pawson,19,10.789473684210526,10.894736842105264,6.7368421052631575,4.368421052631579,1.631578947368421,9,9.555555555555555,9.666666666666666,5.222222222222222,5.888888888888889,11.666666666666666,11.0,10.2,14.333333333333334,12.6,11.8,6.8,4.2,2.2,7.0,13.0,15.0,2.0
93c17537019144aff3ef,2022-23,2023-02-04,Newcastle United,West Ham United,H,P Bankes,20,10.6,11.0,7.15,4.3,1.65,10,11.9,12.0,8.1,3.0,9.666666666666666,9.6,9.8,12.333333333333334,13.0,11.8,8.8,4.2,2.0,11.0,13.0,4.0,2.0
1dbde5f94683695d1ab9,2022-23,2023-02-11,Newcastle United,Bournemouth,A,S Attwell,21,10.619047619047619,11.095238095238095,7.0,4.190476190476191,1.6666666666666667,10,9.3,10.0,6.2,5.6,8.0,10.6,10.0,13.333333333333334,13.8,11.9,8.6,3.6,2.4,10.0,8.0,6.0,3.0
2154367e5dd739429633,2022-23,2023-02-18,Newcastle United,Liverpool,H,A Taylor,22,10.590909090909092,10.954545454545455,6.954545454545454,4.181818181818182,1.7272727272727273,11,11.818181818181818,12.090909090909092,7.7272727272727275,2.909090909090909,9.333333333333334,10.0,10.4,11.333333333333334,11.6,11.5,8.0,3.8,2.4,3.0,8.0,6.0,1.0
ae903f24e8fbed3ac1c8,2022-23,2023-03-04,Newcastle United,Manchester City,A,S Hooper,23,10.26086956521739,10.826086956521738,6.913043478260869,4.304347826086956,1.6956521739130435,11,9.363636363636363,9.818181818181818,6.181818181818182,5.454545454545454,8.0,7.4,9.6,9.666666666666666,11.2,11.2,8.2,4.2,1.8,13.0,8.0,4.0,4.0
8bc5370a4064ce9d7f93,2022-23,2023-03-12,Newcastle United,Wolverhampton Wanderers,H,A Madley,24,10.375,10.708333333333334,6.791666666666667,4.458333333333333,1.7916666666666667,12,11.083333333333334,11.75,7.583333333333333,3.25,8.666666666666666,8.8,9.9,8.0,10.0,11.3,7.0,4.8,2.4,11.0,10.0,10.0,1.0
3af26066976c02603b4b,2022-23,2023-03-17,Newcastle United,Nottingham Forest,A,P Tierney,25,10.4,10.68,6.92,4.4,1.76,12,9.666666666666666,9.666666666666666,6.0,5.666666666666667,9.0,9.6,9.6,8.666666666666666,9.4,11.2,6.0,4.8,2.2,9.0,17.0,7.0,1.0
80668ab78dc261b20d95,2022-23,2023-04-02,Newcastle United,Manchester United,H,S Attwell,26,10.346153846153847,10.923076923076923,6.923076923076923,4.346153846153846,1.7307692307692308,13,11.076923076923077,11.615384615384615,7.769230769230769,3.230769230769231,11.0,9.2,9.9,11.666666666666666,10.2,12.0,6.6,5.0,2.0,8.0,12.0,7.0,0.0
8b0f162522573c28ba91,2022-23,2023-04-05,Newcastle United,West Ham United,A,C Pawson,27,10.25925925925926,10.962962962962964,6.925925925925926,4.333333333333333,1.6666666666666667,13,9.615384615384615,10.23076923076923,6.076923076923077,5.461538461538462,9.333333333333334,8.8,9.4,13.0,11.0,11.3,6.8,5.0,1.4,12.0,11.0,6.0,1.0
e8f5f2754e83342c7482,2022-23,2023-04-08,Newcastle United,Brentford,A,C Kavanagh,28,10.321428571428571,10.964285714285714,6.892857142857143,4.428571428571429,1.6428571428571428,14,9.785714285714286,10.285714285714286,6.071428571428571,5.571428571428571,9.666666666666666,10.6,9.0,13.333333333333334,11.6,11.4,6.8,5.0,1.4,15.0,10.0,5.0,0.0
88d5531047e6e7f02c1a,2022-23,2023-04-15,Newcastle United,Aston Villa,A,J Brooks,29,10.482758620689655,10.931034482758621,6.827586206896552,4.482758620689655,1.5862068965517242,15,10.133333333333333,10.266666666666667,6.0,5.6,11.666666666666666,11.0,9.9,11.0,12.0,11.0,7.0,4.6,0.6,15.0,13.0,2.0,1.0
e9eb9b13d0678863f87b,2022-23,2023-04-23,Newcastle United,Tottenham,H,D Coote,30,10.633333333333333,11.0,6.666666666666667,4.566666666666666,1.5666666666666667,14,10.857142857142858,11.642857142857142,7.714285714285714,3.2857142857142856,14.0,11.8,10.7,11.333333333333334,12.6,11.0,5.4,5.4,0.6,7.0,13.0,9.0,0.0
7781d01df8a931c19c60,2022-23,2023-04-27,Newcastle United,Everton,A,A Marriner,31,10.516129032258064,11.064516129032258,6.741935483870968,4.516129032258065,1.5161290322580645,16,10.4375,10.4375,5.75,5.6875,12.333333333333334,11.4,10.3,12.0,11.8,11.0,5.8,5.4,0.4,6.0,8.0,14.0,1.0
800d918f6aabe6d38854,2022-23,2023-04-30,Newcastle United,Southampton,H,A Taylor,32,10.375,10.96875,6.96875,4.46875,1.5,15,10.6,11.733333333333333,7.8,3.2666666666666666,9.333333333333334,11.0,9.9,11.333333333333334,11.0,11.0,7.2,5.2,0.6,7.0,10.0,11.0,1.0
2d48a4d9b63ce4226ef8,2022-23,2023-05-07,Newcastle United,Arsenal,H,C Kavanagh,33,10.272727272727273,10.93939393939394,7.090909090909091,4.393939393939394,1.4848484848484849,16,10.375,11.625,8.0,3.1875,6.666666666666667,10.0,10.3,10.333333333333334,10.8,11.2,8.2,4.2,0.6,16.0,12.0,9.0,2.0
31bb79b3e849437240ab,2022-23,2023-05-13,Newcastle United,Leeds,A,S Hooper,34,10.441176470588236,10.970588235294118,7.147058823529412,4.382352941176471,1.5,17,10.176470588235293,10.294117647058824,6.235294117647059,5.529411764705882,9.666666666666666,10.2,10.6,10.0,11.2,11.6,9.0,3.8,1.0,14.0,16.0,6.0,2.0
089edffeffe7c20e2b30,2022-23,2023-05-18,Newcastle United,Brighton & Hove Albion,H,R Jones,35,10.542857142857143,11.114285714285714,7.114285714285714,4.314285714285714,1.5142857142857142,17,10.705882352941176,11.647058823529411,8.058823529411764,3.235294117647059,12.333333333333334,10.0,10.9,12.666666666666666,11.8,12.2,9.8,2.8,1.2,17.0,16.0,6.0,2.0
f5ab696e5a1b49b84d42,2022-23,2023-05-22,Newcastle United,Leicester,H,A Marriner,36,10.722222222222221,11.25,7.083333333333333,4.222222222222222,1.5277777777777777,18,11.055555555555555,11.88888888888889,7.944444444444445,3.111111111111111,15.666666666666666,12.0,11.7,14.666666666666666,12.4,12.1,9.2,2.4,1.6,9.0,5.0,12.0,2.0
c11cc21fdd56de257097,2022-23,2023-05-28,Newcastle United,Chelsea,A,J Gillett,37,10.675675675675675,11.08108108108108,7.216216216216216,4.135135135135135,1.5405405405405406,18,10.38888888888889,10.61111111111111,6.222222222222222,5.333333333333333,13.333333333333334,12.6,11.8,12.333333333333334,11.8,11.4,8.8,2.0,1.8,11.0,9.0,3.0,0.0
c3bac8e5b11ffb16cf95,2022-23,2022-08-06,Nottingham Forest,Newcastle United,A,S Hooper,0,,,,,,0,,,,,,,,,,,,,,14.0,9.0,1.0,3.0
6ac31ba93290f71ed065,2022-23,2022-08-14,Nottingham Forest,West Ham United,H,R Jones,1,14.0,9.0,1.0,11.0,3.0,0,,,,,14.0,14.0,14.0,9.0,9.0,9.0,1.0,11.0,3.0,10.0,11.0,6.0,4.0
21c3d08dd45f869e7e8a,2022-23,2022-08-20,Nottingham Forest,Everton,A,A Marriner,2,12.0,10.0,3.5,9.0,3.5,1,14.0,9.0,1.0,11.0,12.0,12.0,12.0,10.0,10.0,10.0,3.5,9.0,3.5,9.0,6.0,2.0,2.0
cc1d46e4a08501f89ef0,2022-23,2022-08-28,Nottingham Forest,Tottenham,H,C Pawson,3,11.0,8.666666666666666,3.0,8.0,3.0,1,10.0,11.0,6.0,7.0,11.0,11.0,11.0,8.666666666666666,8.666666666666666,8.666666666666666,3.0,8.0,3.0,11.0,13.0,6.0,6.0
509868b83370658fe495,2022-23,2022-08-31,Nottingham Forest,Manchester City,A,P Tierney,4,11.0,9.75,3.75,6.25,3.75,2,11.5,7.5,1.5,8.5,10.0,11.0,11.0,10.0,9.75,9.75,3.75,6.25,3.75,7.0,9.0,1.0,1.0
8e2498c407cf07be677e,2022-23,2022-09-03,Nottingham Forest,Bournemouth,H,M Oliver,5,10.2,9.6,3.2,7.0,3.2,2,10.5,12.0,6.0,4.0,9.0,10.2,10.2,9.333333333333334,9.6,9.6,3.2,7.0,3.2,13.0,10.0,4.0,2.0
aba450c1c73b8cb4a412,2022-23,2022-09-16,Nottingham Forest,Fulham,H,J Gillett,6,10.666666666666666,9.666666666666666,3.3333333333333335,6.833333333333333,3.0,3,11.333333333333334,11.333333333333334,5.333333333333333,4.666666666666667,10.333333333333334,10.0,10.666666666666666,10.666666666666666,9.8,9.666666666666666,3.8,6.0,3.0,11.0,10.0,2.0,2.0
6393ab8792900465552a,2022-23,2022-10-03,Nottingham Forest,Leicester,A,R Jones,7,10.714285714285714,9.714285714285714,3.142857142857143,7.285714285714286,2.857142857142857,3,10.0,8.0,1.3333333333333333,9.0,10.333333333333334,10.2,10.714285714285714,9.666666666666666,9.6,9.714285714285714,3.0,6.6,2.6,12.0,13.0,6.0,4.0
c0f89a2a40c6a6587320,2022-23,2022-10-10,Nottingham Forest,Aston Villa,H,A Taylor,8,10.875,10.125,3.5,7.125,3.0,4,11.25,11.0,4.5,6.0,12.0,10.8,10.875,11.0,11.0,10.125,3.8,6.6,3.0,13.0,19.0,1.0,3.0
0c292f968381c62af736,2022-23,2022-10-15,Nottingham Forest,Wolverhampton Wanderers,A,T Bramall,9,11.11111111111111,11.11111111111111,3.2222222222222223,6.777777777777778,3.0,4,10.5,9.25,2.5,8.25,12.0,11.2,11.11111111111111,14.0,12.2,11.11111111111111,2.8,7.2,2.4,13.0,17.0,5.0,2.0
07c6d90ed34538d90d2c,2022-23,2022-10-18,Nottingham Forest,Brighton & Hove Albion,A,D England,10,11.3,11.7,3.4,6.5,2.9,5,11.0,10.8,3.0,7.4,12.666666666666666,12.4,11.3,16.333333333333332,13.8,11.7,3.6,6.0,2.6,14.0,10.0,1.0,1.0
7b3a984786f115384fbe,2022-23,2022-10-22,Nottingham Forest,Liverpool,H,P Tierney,11,11.545454545454545,11.545454545454545,3.1818181818181817,6.7272727272727275,2.727272727272727,5,11.6,12.6,3.8,5.6,13.333333333333334,12.6,11.3,15.333333333333334,13.8,11.8,3.0,6.6,2.4,14.0,8.0,2.0,2.0
bb71f16e3cc659cfeb23,2022-23,2022-10-30,Nottingham Forest,Arsenal,A,S Hooper,12,11.75,11.25,3.0833333333333335,7.083333333333333,2.6666666666666665,6,11.5,10.666666666666666,2.6666666666666665,7.666666666666667,13.666666666666666,13.2,11.7,11.666666666666666,13.4,11.5,3.0,6.8,2.4,8.0,9.0,4.0,1.0
edd59e3f55b076e6b392,2022-23,2022-11-05,Nottingham Forest,Brentford,H,A Marriner,13,11.461538461538462,11.076923076923077,3.1538461538461537,7.230769230769231,2.5384615384615383,6,12.0,11.833333333333334,3.5,6.5,12.0,12.4,11.6,9.0,12.6,11.8,2.6,7.4,1.8,10.0,11.0,3.0,2.0
4f24eafca55d3d08821c,2022-23,2022-11-12,Nottingham Forest,Crystal Palace,H,J Brooks,14,11.357142857142858,11.071428571428571,3.142857142857143,6.928571428571429,2.5,7,11.714285714285714,11.714285714285714,3.4285714285714284,6.0,10.666666666666666,11.8,11.5,9.333333333333334,11.0,11.6,3.0,7.2,1.6,11.0,13.0,1.0,1.0
4cae0e549b42351e4264,2022-23,2022-12-27,Nottingham Forest,Manchester United,A,A Taylor,15,11.333333333333334,11.2,3.0,6.8,2.4,7,11.0,10.428571428571429,2.857142857142857,7.857142857142857,9.666666666666666,11.4,11.9,11.0,10.2,12.0,2.2,7.4,1.4,4.0,13.0,9.0,1.0
743d069d0726235b05dd,2022-23,2023-01-01,Nottingham Forest,Chelsea,H,P Bankes,16,10.875,11.3125,3.375,6.9375,2.3125,8,11.625,11.875,3.125,5.875,8.333333333333334,9.4,11.0,12.333333333333334,10.8,12.3,3.8,7.4,1.4,16.0,14.0,1.0,2.0
11f144c11f9ac4cff113,2022-23,2023-01-04,Nottingham Forest,Southampton,A,T Bramall,17,11.176470588235293,11.470588235294118,3.235294117647059,6.647058823529412,2.2941176470588234,8,10.125,10.75,3.625,8.0,10.333333333333334,9.8,11.5,13.333333333333334,12.0,12.7,3.6,5.6,1.4,17.0,14.0,2.0,2.0
519544747c60450e8722,2022-23,2023-01-14,Nottingham Forest,Leicester,H,P Tierney,18,11.5,11.61111111111111,3.1666666666666665,6.611111111111111,2.2777777777777777,9,12.11111111111111,12.11111111111111,2.888888888888889,5.444444444444445,12.333333333333334,11.6,12.0,13.666666666666666,13.0,12.8,3.2,5.0,1.6,11.0,12.0,3.0,1.0
c863e16bba8b4e1bbcd5,2022-23,2023-01-21,Nottingham Forest,Bournemouth,A,A Madley,19,11.473684210526315,11.631578947368421,3.1578947368421053,6.526315789473684,2.210526315789474,9,10.88888888888889,11.11111111111111,3.4444444444444446,7.777777777777778,14.666666666666666,11.8,11.8,13.333333333333334,13.2,12.1,3.2,5.4,1.4,7.0,10.0,6.0,2.0
863562118ab4d1bbe767,2022-23,2023-02-05,Nottingham Forest,Leeds,H,R Jones,20,11.25,11.55,3.3,6.4,2.2,10,12.0,12.1,2.9,5.4,11.666666666666666,11.0,11.2,12.0,12.6,11.4,4.2,5.2,1.6,15.0,14.0,0.0,4.0
321bbf2b8294499c3681,2022-23,2023-02-11,Nottingham Forest,Fulham,A,A Madley,21,11.428571428571429,11.666666666666666,3.142857142857143,6.190476190476191,2.2857142857142856,10,10.5,11.0,3.7,7.4,11.0,13.2,11.3,12.0,12.8,11.8,2.4,3.8,2.2,11.0,9.0,4.0,1.0
cd33875386338a3b7cdf,2022-23,2023-02-18,Nottingham Forest,Manchester City,H,G Scott,22,11.409090909090908,11.545454545454545,3.1818181818181817,6.136363636363637,2.227272727272727,11,12.272727272727273,12.272727272727273,2.6363636363636362,5.090909090909091,11.0,12.2,11.0,11.0,11.8,11.9,3.0,4.4,2.0,8.0,6.0,0.0,1.0
139982820cd769e37c30,2022-23,2023-02-25,Nottingham Forest,West Ham United,A,J Gillett,23,11.26086956521739,11.304347826086957,3.0434782608695654,6.304347826086956,2.1739130434782608,11,10.545454545454545,10.818181818181818,3.727272727272727,7.181818181818182,11.333333333333334,10.4,11.0,9.666666666666666,10.2,11.6,2.6,5.2,1.8,5.0,8.0,3.0,0.0
fc17961b091ae7c27d02,2022-23,2023-03-05,Nottingham Forest,Everton,H,J Brooks,24,11.0,11.166666666666666,3.0416666666666665,6.541666666666667,2.0833333333333335,12,11.916666666666666,11.75,2.4166666666666665,5.5,8.0,9.2,10.5,7.666666666666667,9.4,11.3,2.6,6.6,1.6,11.0,17.0,3.0,3.0
dc97a0c536c55f988bbc,2022-23,2023-03-11,Nottingham Forest,Tottenham,A,C Pawson,25,11.0,11.4,3.04,6.4,2.12,12,10.083333333333334,10.583333333333334,3.6666666666666665,7.583333333333333,8.0,10.0,10.5,10.333333333333334,10.8,11.7,2.0,6.4,1.8,13.0,13.0,10.0,1.0
3af26066976c02603b4b,2022-23,2023-03-17,Nottingham Forest,Newcastle United,H,P Tierney,26,11.076923076923077,11.461538461538462,3.3076923076923075,6.230769230769231,2.076923076923077,13,11.846153846153847,12.153846153846153,2.4615384615384617,5.3076923076923075,9.666666666666666,9.6,11.4,12.666666666666666,10.6,11.7,4.0,6.4,1.2,17.0,9.0,3.0,5.0
eb39f57d488fc9792408,2022-23,2023-04-01,Nottingham Forest,Wolverhampton Wanderers,H,C Kavanagh,27,11.296296296296296,11.37037037037037,3.2962962962962963,6.2592592592592595,2.185185185185185,14,12.214285714285714,11.928571428571429,2.5,5.428571428571429,13.666666666666666,10.8,11.5,13.0,10.6,11.2,3.8,6.8,2.0,14.0,13.0,4.0,3.0
4445e314c651e1ffebe1,2022-23,2023-04-04,Nottingham Forest,Leeds,A,R Jones,28,11.392857142857142,11.428571428571429,3.3214285714285716,6.142857142857143,2.2142857142857144,13,10.307692307692308,10.76923076923077,4.153846153846154,7.153846153846154,14.666666666666666,12.0,11.2,11.666666666666666,12.0,11.1,4.6,5.4,2.4,13.0,11.0,4.0,4.0
b1f17997710b65c2acff,2022-23,2023-04-08,Nottingham Forest,Aston Villa,A,A Taylor,29,11.448275862068966,11.413793103448276,3.3448275862068964,6.310344827586207,2.2758620689655173,14,10.5,10.785714285714286,4.142857142857143,7.428571428571429,14.666666666666666,13.6,11.4,11.0,12.6,11.0,4.8,5.2,3.2,17.0,7.0,8.0,4.0
05bcd23689ccdd0b4cf6,2022-23,2023-04-16,Nottingham Forest,Manchester United,H,S Hooper,30,11.633333333333333,11.266666666666667,3.5,6.133333333333334,2.3333333333333335,15,12.333333333333334,12.0,2.6,5.266666666666667,14.666666666666666,14.8,12.4,10.333333333333334,10.6,10.7,5.8,4.8,3.4,9.0,9.0,4.0,2.0
71c0ede399bfabc4a1a0,2022-23,2023-04-22,Nottingham Forest,Liverpool,A,M Oliver,31,11.548387096774194,11.193548387096774,3.5161290322580645,6.225806451612903,2.3225806451612905,15,10.933333333333334,10.533333333333333,4.4,7.0,13.0,14.0,11.8,9.0,9.8,10.2,4.6,6.2,3.6,12.0,9.0,3.0,1.0
b8101018f36cb209189c,2022-23,2023-04-26,Nottingham Forest,Brighton & Hove Albion,H,J Gillett,32,11.5625,11.125,3.5,6.3125,2.28125,16,12.125,11.8125,2.6875,5.5,12.666666666666666,13.0,11.9,8.333333333333334,9.8,10.2,4.6,6.6,2.8,7.0,8.0,2.0,2.0
f622b7298c404687e13a,2022-23,2023-04-29,Nottingham Forest,Brentford,A,P Bankes,33,11.424242424242424,11.030303030303031,3.4545454545454546,6.333333333333333,2.272727272727273,16,11.0,10.4375,4.3125,7.125,9.333333333333334,11.6,11.8,8.666666666666666,8.8,10.4,4.2,7.4,2.6,13.0,6.0,0.0,2.0
ac0bb95684cc2beeb59f,2022-23,2023-05-08,Nottingham Forest,Southampton,H,M Oliver,34,11.470588235294118,10.882352941176471,3.3529411764705883,6.323529411764706,2.264705882352941,17,11.823529411764707,11.588235294117647,2.6470588235294117,5.588235294117647,10.666666666666666,11.6,12.6,7.666666666666667,7.8,10.2,3.4,6.4,2.2,16.0,10.0,2.0,1.0
38fcdb20cc289c948698,2022-23,2023-05-13,Nottingham Forest,Chelsea,A,P Tierney,35,11.6,10.857142857142858,3.3142857142857145,6.457142857142857,2.2285714285714286,17,11.117647058823529,10.176470588235293,4.0588235294117645,7.0588235294117645,12.0,11.4,13.1,8.0,8.4,9.5,2.2,8.4,1.6,15.0,13.0,5.0,1.0
ea64c4a0fb690bfa3167,2022-23,2023-05-20,Nottingham Forest,Arsenal,H,A Taylor,36,11.694444444444445,10.916666666666666,3.361111111111111,6.333333333333333,2.1944444444444446,18,12.055555555555555,11.5,2.611111111111111,5.888888888888889,14.666666666666666,12.6,13.3,9.666666666666666,9.2,9.5,2.4,7.0,1.4,11.0,12.0,3.0,3.0
1bb580230a8425e7bbbc,2022-23,2023-05-28,Nottingham Forest,Crystal Palace,A,T Bramall,37,11.675675675675675,10.945945945945946,3.3513513513513513,6.324324324324325,2.2162162162162162,18,11.333333333333334,10.333333333333334,4.111111111111111,6.777777777777778,14.0,12.4,12.7,11.666666666666666,9.8,9.8,2.4,6.4,1.8,13.0,9.0,4.0,2.0
74c696f73384943d0d85,2022-23,2022-08-06,Southampton,Tottenham,A,A Marriner,0,,,,,,0,,,,,,,,,,,,,,6.0,11.0,2.0,0.0
95472919b4681fc91908,2022-23,2022-08-13,Southampton,Leeds,H,T Harrington,1,6.0,11.0,2.0,10.0,0.0,0,,,,,6.0,6.0,6.0,11.0,11.0,11.0,2.0,10.0,0.0,10.0,12.0,2.0,1.0
fb6eca0bc83f24dcc9f4,2022-23,2022-08-20,Southampton,Leicester,A,M Salisbury,2,8.0,11.5,2.0,7.5,0.5,1,6.0,11.0,2.0,10.0,8.0,8.0,8.0,11.5,11.5,11.5,2.0,7.5,0.5,15.0,11.0,5.0,3.0
55e149c0887df239055c,2022-23,2022-08-27,Southampton,Manchester United,H,A Madley,3,10.333333333333334,11.333333333333334,3.0,5.666666666666667,1.3333333333333333,1,10.0,12.0,2.0,5.0,10.333333333333334,10.333333333333334,10.333333333333334,11.333333333333334,11.333333333333334,11.333333333333334,3.0,5.666666666666667,1.3333333333333333,4.0,14.0,5.0,0.0
45319b047afdfbb45eb4,2022-23,2022-08-30,Southampton,Chelsea,H,M Oliver,4,8.75,12.0,3.5,5.0,1.0,2,7.0,13.0,3.5,4.0,9.666666666666666,8.75,8.75,12.333333333333334,12.0,12.0,3.5,5.0,1.0,15.0,10.0,5.0,2.0
a03f28b39c87e2f38bbc,2022-23,2022-09-03,Southampton,Wolverhampton Wanderers,A,J Brooks,5,10.0,11.6,3.8,4.6,1.2,2,10.5,11.0,3.5,6.0,11.333333333333334,10.0,10.0,11.666666666666666,11.6,11.6,3.8,4.6,1.2,14.0,10.0,6.0,2.0
7e848d18b9a3232e5f3c,2022-23,2022-09-16,Southampton,Aston Villa,A,T Harrington,6,10.666666666666666,11.333333333333334,4.166666666666667,4.666666666666667,1.3333333333333333,3,11.666666666666666,10.666666666666666,4.333333333333333,5.666666666666667,11.0,11.6,10.666666666666666,11.333333333333334,11.4,11.333333333333334,4.6,3.6,1.6,13.0,13.0,3.0,1.0
c458b0d5f6b6d94d54b2,2022-23,2022-10-01,Southampton,Everton,H,A Marriner,7,11.0,11.571428571428571,4.0,4.857142857142857,1.2857142857142858,3,9.666666666666666,12.0,4.0,3.6666666666666665,14.0,12.2,11.0,11.0,11.6,11.571428571428571,4.8,3.8,1.6,11.0,10.0,7.0,2.0
c1988c6a59219076ac7b,2022-23,2022-10-08,Southampton,Manchester City,A,A Madley,8,11.0,11.375,4.375,5.0,1.375,4,12.0,11.25,4.0,5.75,12.666666666666666,11.4,11.0,11.0,11.4,11.375,5.2,4.6,1.4,8.0,4.0,1.0,1.0
182e91cc778d40f2950b,2022-23,2022-10-16,Southampton,West Ham United,H,P Bankes,9,10.666666666666666,10.555555555555555,4.0,5.444444444444445,1.3333333333333333,4,10.0,11.5,4.75,4.25,10.666666666666666,12.2,10.666666666666666,9.0,9.4,10.555555555555555,4.4,5.8,1.6,7.0,3.0,4.0,1.0
cb3f7fc9e0b473d71044,2022-23,2022-10-19,Southampton,Bournemouth,A,J Brooks,10,10.3,9.8,4.0,6.3,1.3,5,11.2,9.8,3.4,6.4,8.666666666666666,10.6,10.3,5.666666666666667,8.0,9.8,4.2,8.0,1.4,13.0,8.0,3.0,3.0
df1169519b5ac80f8121,2022-23,2022-10-23,Southampton,Arsenal,H,R Jones,11,10.545454545454545,9.636363636363637,3.909090909090909,6.363636363636363,1.4545454545454546,5,9.4,9.8,4.6,6.2,9.333333333333334,10.4,11.0,5.0,7.6,9.5,3.6,8.4,1.6,11.0,8.0,9.0,2.0
c22d3bd98749cb7cf404,2022-23,2022-10-29,Southampton,Crystal Palace,A,M Salisbury,12,10.583333333333334,9.5,4.333333333333333,6.166666666666667,1.5,6,11.5,9.5,3.3333333333333335,6.5,10.333333333333334,10.0,11.1,6.333333333333333,6.6,9.1,4.8,8.0,1.8,12.0,13.0,4.0,3.0
f6f84d20c8e062670ee5,2022-23,2022-11-06,Southampton,Newcastle United,H,S Attwell,13,10.692307692307692,9.76923076923077,4.3076923076923075,6.3076923076923075,1.6153846153846154,6,9.666666666666666,9.5,5.333333333333333,5.833333333333333,12.0,10.2,10.8,9.666666666666666,7.2,9.3,4.2,8.4,2.0,7.0,10.0,8.0,1.0
acc035c3be31070b86a2,2022-23,2022-11-12,Southampton,Liverpool,A,S Hooper,14,10.428571428571429,9.785714285714286,4.571428571428571,6.0,1.5714285714285714,7,11.571428571428571,10.0,3.4285714285714284,6.714285714285714,10.0,10.0,11.1,10.333333333333334,8.4,8.9,5.6,7.0,2.0,8.0,8.0,0.0,2.0
28c7eed2dd2589928545,2022-23,2022-12-26,Southampton,Brighton & Hove Albion,H,R Jones,15,10.266666666666667,9.666666666666666,4.266666666666667,6.0,1.6,7,9.285714285714286,9.571428571428571,5.714285714285714,5.285714285714286,9.0,10.2,10.4,10.333333333333334,9.4,8.7,4.8,5.4,2.2,9.0,10.0,4.0,1.0
512b83ef3f3e41b908b8,2022-23,2022-12-31,Southampton,Fulham,A,G Scott,16,10.1875,9.6875,4.25,5.75,1.5625,8,11.125,9.75,3.0,6.625,8.0,9.4,9.9,9.333333333333334,9.8,8.7,5.0,4.4,1.8,13.0,8.0,4.0,1.0
11f144c11f9ac4cff113,2022-23,2023-01-04,Southampton,Nottingham Forest,H,T Bramall,17,10.352941176470589,9.588235294117647,4.235294117647059,5.647058823529412,1.5294117647058822,8,9.25,9.625,5.5,4.875,10.0,9.8,9.9,8.666666666666666,9.8,8.2,4.0,4.4,1.6,14.0,17.0,6.0,2.0
9fa5e4d76eadf9749db3,2022-23,2023-01-14,Southampton,Everton,A,J Brooks,18,10.555555555555555,10.0,4.333333333333333,5.444444444444445,1.5555555555555556,9,11.333333333333334,9.555555555555555,3.111111111111111,6.333333333333333,12.0,10.2,10.2,11.666666666666666,10.6,8.9,4.4,3.2,1.4,19.0,7.0,4.0,3.0
fe56faae0784455a97b6,2022-23,2023-01-21,Southampton,Aston Villa,H,M Salisbury,19,11.0,9.842105263157896,4.315789473684211,5.473684210526316,1.631578947368421,9,9.777777777777779,10.444444444444445,5.555555555555555,4.555555555555555,15.333333333333334,12.6,11.3,10.666666666666666,10.0,9.2,3.6,4.0,1.8,19.0,9.0,2.0,1.0
c110dfa7909ae0c40f67,2022-23,2023-02-04,Southampton,Brentford,A,D Bond,20,11.4,9.8,4.2,5.3,1.6,10,12.1,9.3,3.2,6.3,17.333333333333332,14.8,12.5,11.0,10.2,9.8,4.0,3.2,1.6,9.0,10.0,4.0,2.0
f09b187613a013aba84b,2022-23,2023-02-11,Southampton,Wolverhampton Wanderers,H,J Gillett,21,11.285714285714286,9.80952380952381,4.190476190476191,5.238095238095238,1.619047619047619,10,10.7,10.3,5.2,4.3,15.666666666666666,14.8,12.1,8.666666666666666,10.2,10.0,4.0,3.6,1.8,12.0,14.0,5.0,2.0
b67098ac1f776e24387b,2022-23,2023-02-18,Southampton,Chelsea,A,D Coote,22,11.318181818181818,10.0,4.2272727272727275,5.090909090909091,1.6363636363636365,11,11.818181818181818,9.363636363636363,3.272727272727273,6.090909090909091,13.333333333333334,14.6,12.2,11.0,11.4,10.6,4.2,3.2,2.0,24.0,16.0,2.0,6.0
440573c8a608298dfd8e,2022-23,2023-02-25,Southampton,Leeds,A,P Bankes,23,11.869565217391305,10.26086956521739,4.130434782608695,5.217391304347826,1.826086956521739,12,12.833333333333334,9.916666666666666,3.1666666666666665,6.25,15.0,16.6,13.4,13.333333333333334,11.2,10.9,3.4,4.4,2.8,13.0,15.0,2.0,4.0
5286605665bee474c9d3,2022-23,2023-03-04,Southampton,Leicester,H,R Jones,24,11.916666666666666,10.458333333333334,4.041666666666667,5.375,1.9166666666666667,11,10.818181818181818,10.636363636363637,5.181818181818182,4.090909090909091,16.333333333333332,15.4,14.0,15.0,12.8,11.4,3.0,5.0,3.0,12.0,11.0,3.0,4.0
9d5e1075c53bf0a4f84b,2022-23,2023-03-12,Southampton,Manchester United,A,A Taylor,25,11.92,10.48,4.0,5.32,2.0,13,12.846153846153847,10.307692307692308,3.076923076923077,6.461538461538462,16.333333333333332,14.0,14.4,14.0,13.2,11.7,3.2,5.4,3.6,9.0,12.0,8.0,0.0
e1dbe52d901e27f11c93,2022-23,2023-03-15,Southampton,Brentford,H,M Salisbury,26,11.807692307692308,10.538461538461538,4.153846153846154,5.384615384615385,1.9230769230769231,12,10.916666666666666,10.666666666666666,5.0,4.083333333333333,11.333333333333334,14.0,14.4,12.666666666666666,13.6,11.9,4.0,6.0,3.2,14.0,10.0,3.0,1.0
906e5fcc20076e5c8c78,2022-23,2023-03-18,Southampton,Tottenham,H,S Hooper,27,11.88888888888889,10.518518518518519,4.111111111111111,5.296296296296297,1.8888888888888888,13,11.153846153846153,10.615384615384615,4.846153846153846,4.0,11.666666666666666,14.4,14.5,11.0,12.8,12.1,3.6,6.2,3.0,13.0,8.0,10.0,1.0
3f4844c0c3fb29284257,2022-23,2023-04-02,Southampton,West Ham United,A,P Tierney,28,11.928571428571429,10.428571428571429,4.321428571428571,5.214285714285714,1.8571428571428572,14,12.571428571428571,10.428571428571429,3.4285714285714284,6.5,12.0,12.2,14.4,10.0,11.2,11.2,5.2,5.2,2.0,11.0,10.0,3.0,2.0
4c53b3e5cac6c26e0eb6,2022-23,2023-04-08,Southampton,Manchester City,H,R Jones,29,11.89655172413793,10.413793103448276,4.275862068965517,5.206896551724138,1.8620689655172413,14,11.285714285714286,10.428571428571429,5.214285714285714,3.9285714285714284,12.666666666666666,11.8,13.6,9.333333333333334,10.2,11.5,5.4,4.4,1.6,6.0,10.0,0.0,0.0
6acc0e4cd2cb371649d7,2022-23,2023-04-15,Southampton,Crystal Palace,H,M Oliver,30,11.7,10.4,4.133333333333334,5.366666666666666,1.8,15,10.933333333333334,10.4,4.866666666666666,4.333333333333333,10.0,10.6,12.3,9.333333333333334,10.0,11.6,4.8,5.6,0.8,6.0,13.0,6.0,3.0
1ead03f2af7ac40b7aae,2022-23,2023-04-21,Southampton,Arsenal,A,S Hooper,31,11.516129032258064,10.483870967741936,4.193548387096774,5.258064516129032,1.8387096774193548,15,12.466666666666667,10.4,3.4,6.4,7.666666666666667,10.0,12.0,11.0,10.2,11.9,4.4,4.6,1.4,14.0,10.0,2.0,5.0
4ad54fd7e033e4e4f5eb,2022-23,2023-04-27,Southampton,Bournemouth,H,D England,32,11.59375,10.46875,4.125,5.3125,1.9375,16,10.625,10.5625,4.9375,4.1875,8.666666666666666,10.0,12.2,11.0,10.2,11.5,4.2,5.4,2.2,9.0,11.0,6.0,0.0
800d918f6aabe6d38854,2022-23,2023-04-30,Southampton,Newcastle United,A,A Taylor,33,11.515151515151516,10.484848484848484,4.181818181818182,5.2727272727272725,1.878787878787879,16,12.5625,10.375,3.3125,6.4375,9.666666666666666,9.2,10.7,11.333333333333334,10.8,11.0,3.4,5.6,2.0,10.0,7.0,2.0,4.0
ac0bb95684cc2beeb59f,2022-23,2023-05-08,Southampton,Nottingham Forest,A,M Oliver,34,11.470588235294118,10.382352941176471,4.117647058823529,5.4411764705882355,1.9411764705882353,17,12.411764705882353,10.176470588235293,3.235294117647059,6.705882352941177,11.0,9.0,10.4,9.333333333333334,10.2,10.2,3.2,6.8,2.4,10.0,16.0,11.0,0.0
f9f9e870138c6bbeb2eb,2022-23,2023-05-13,Southampton,Fulham,H,T Bramall,35,11.428571428571429,10.542857142857143,4.314285714285714,5.3428571428571425,1.8857142857142857,17,10.529411764705882,10.588235294117647,5.0,4.176470588235294,9.666666666666666,9.8,10.2,11.333333333333334,11.4,10.7,5.4,5.2,2.4,17.0,12.0,1.0,2.0
40dce6c1345b33dc1320,2022-23,2023-05-21,Southampton,Brighton & Hove Albion,A,P Tierney,36,11.583333333333334,10.583333333333334,4.222222222222222,5.416666666666667,1.8888888888888888,18,12.277777777777779,10.5,3.6666666666666665,6.444444444444445,12.333333333333334,12.0,11.0,11.666666666666666,11.2,10.7,4.4,6.4,2.2,9.0,8.0,3.0,5.0
5971df9ead05d1abc727,2022-23,2023-05-28,Southampton,Liverpool,H,D England,37,11.513513513513514,10.513513513513514,4.1891891891891895,5.378378378378378,1.972972972972973,18,10.88888888888889,10.666666666666666,4.777777777777778,4.388888888888889,12.0,11.0,10.5,12.0,10.8,10.5,4.6,5.8,2.2,4.0,10.0,2.0,0.0
74c696f73384943d0d85,2022-23,2022-08-06,Tottenham,Southampton,H,A Marriner,0,,,,,,0,,,,,,,,,,,,,,11.0,6.0,10.0,3.0
0cb4bd87ace687b405de,2022-23,2022-08-14,Tottenham,Chelsea,A,A Taylor,1,11.0,6.0,10.0,2.0,3.0,0,,,,,11.0,11.0,11.0,6.0,6.0,6.0,10.0,2.0,3.0,9.0,9.0,5.0,0.0
bd3b2d95af6af16b564a,2022-23,2022-08-20,Tottenham,Wolverhampton Wanderers,H,S Hooper,2,10.0,7.5,7.5,5.0,1.5,1,11.0,6.0,10.0,2.0,10.0,10.0,10.0,7.5,7.5,7.5,7.5,5.0,1.5,10.0,8.0,8.0,2.0
cc1d46e4a08501f89ef0,2022-23,2022-08-28,Tottenham,Nottingham Forest,A,C Pawson,3,10.0,7.666666666666667,7.666666666666667,5.333333333333333,1.6666666666666667,1,9.0,9.0,5.0,8.0,10.0,10.0,10.0,7.666666666666667,7.666666666666667,7.666666666666667,7.666666666666667,5.333333333333333,1.6666666666666667,13.0,11.0,1.0,1.0
5dd0e8639f5b46f6b677,2022-23,2022-08-31,Tottenham,West Ham United,A,P Bankes,4,10.75,8.5,6.0,5.5,1.5,2,11.0,10.0,3.0,7.0,10.666666666666666,10.75,10.75,9.333333333333334,8.5,8.5,6.0,5.5,1.5,9.0,10.0,4.0,5.0
b9c2ebf9fae0268d9e05,2022-23,2022-09-03,Tottenham,Fulham,H,S Attwell,5,10.4,8.8,5.6,5.0,2.2,2,10.5,7.0,9.0,4.0,10.666666666666666,10.4,10.4,9.666666666666666,8.8,8.8,5.6,5.0,2.2,9.0,6.0,10.0,3.0
b669c6b3514535b505f2,2022-23,2022-09-17,Tottenham,Leicester,H,S Hooper,6,10.166666666666666,8.333333333333334,6.333333333333333,4.666666666666667,2.3333333333333335,3,10.0,6.666666666666667,9.333333333333334,3.6666666666666665,10.333333333333334,10.0,10.166666666666666,9.0,8.8,8.333333333333334,5.6,5.2,2.2,9.0,9.0,6.0,1.0
610b0db09213c511285b,2022-23,2022-10-01,Tottenham,Arsenal,A,A Taylor,7,10.0,8.428571428571429,6.285714285714286,4.142857142857143,2.142857142857143,3,10.333333333333334,10.0,3.3333333333333335,5.666666666666667,9.0,10.0,10.0,8.333333333333334,8.8,8.428571428571429,5.8,3.8,2.4,10.0,10.0,2.0,1.0
f84341928b66f43c2618,2022-23,2022-10-08,Tottenham,Brighton & Hove Albion,A,T Harrington,8,10.0,8.625,5.75,4.25,2.0,4,10.25,10.0,3.0,5.5,9.333333333333334,10.0,10.0,8.333333333333334,9.2,8.625,4.6,3.6,2.2,14.0,9.0,2.0,2.0
d30402bfc2e7d4b8cba9,2022-23,2022-10-15,Tottenham,Everton,H,P Tierney,9,10.444444444444445,8.666666666666666,5.333333333333333,4.444444444444445,2.0,4,9.75,7.25,8.5,3.0,11.0,10.2,10.444444444444445,9.333333333333334,8.8,8.666666666666666,4.8,3.6,2.4,12.0,13.0,7.0,1.0
421c7ecfc83a1e48901d,2022-23,2022-10-19,Tottenham,Manchester United,A,S Hooper,10,10.6,9.1,5.5,4.1,1.9,5,11.0,9.8,2.8,5.6,12.0,10.8,10.6,10.666666666666666,9.4,9.1,5.4,3.2,1.6,7.0,7.0,3.0,0.0
5910abf6768075869641,2022-23,2022-10-23,Tottenham,Newcastle United,H,J Gillett,11,10.272727272727273,8.909090909090908,5.2727272727272725,4.454545454545454,1.7272727272727273,5,10.2,8.4,8.2,2.6,11.0,10.4,10.2,9.666666666666666,9.6,9.2,4.0,4.2,1.0,12.0,6.0,6.0,4.0
408ee1536c3a3bb3309c,2022-23,2022-10-29,Tottenham,Bournemouth,A,A Taylor,12,10.416666666666666,8.666666666666666,5.333333333333333,4.666666666666667,1.9166666666666667,6,10.333333333333334,9.333333333333334,2.8333333333333335,6.0,10.333333333333334,11.0,10.5,8.666666666666666,9.0,8.9,4.0,5.4,1.6,5.0,10.0,19.0,2.0
71aa20108552d20cc6ea,2022-23,2022-11-06,Tottenham,Liverpool,H,A Madley,13,10.0,8.76923076923077,6.384615384615385,4.461538461538462,1.9230769230769231,6,10.5,8.0,7.833333333333333,3.3333333333333335,8.0,10.0,10.0,7.666666666666667,9.0,9.1,7.4,4.8,1.8,10.0,8.0,5.0,0.0
da85fb9d098b7ce27015,2022-23,2022-11-12,Tottenham,Leeds,H,M Salisbury,14,10.0,8.714285714285714,6.285714285714286,4.357142857142857,1.7857142857142858,7,10.428571428571429,8.0,7.428571428571429,3.2857142857142856,9.0,9.2,9.7,8.0,8.8,8.8,8.0,4.2,1.4,8.0,7.0,9.0,1.0
b0cded8c1ad3bf588700,2022-23,2022-12-26,Tottenham,Brentford,A,D Coote,15,9.866666666666667,8.6,6.466666666666667,4.2,1.7333333333333334,7,9.571428571428571,9.428571428571429,5.142857142857143,5.428571428571429,7.666666666666667,8.4,9.6,8.333333333333334,7.6,8.5,8.4,4.4,1.4,10.0,11.0,5.0,1.0
e2a6089e60001f6bce42,2022-23,2023-01-01,Tottenham,Aston Villa,H,J Brooks,16,9.875,8.75,6.375,4.3125,1.6875,8,10.125,7.875,7.625,3.125,9.333333333333334,9.0,9.7,8.666666666666666,8.4,9.0,8.8,4.0,1.6,15.0,10.0,5.0,4.0
ca14c633ae65cf6e0b3b,2022-23,2023-01-04,Tottenham,Crystal Palace,A,M Oliver,17,10.176470588235293,8.823529411764707,6.294117647058823,4.235294117647059,1.8235294117647058,8,9.625,9.625,5.125,5.5,11.0,9.6,10.3,9.333333333333334,9.2,9.1,8.6,3.2,1.6,8.0,11.0,4.0,2.0
d98705c50312db4b4f4d,2022-23,2023-01-15,Tottenham,Arsenal,H,C Pawson,18,10.055555555555555,8.944444444444445,6.166666666666667,4.555555555555555,1.8333333333333333,9,10.666666666666666,8.11111111111111,7.333333333333333,3.111111111111111,11.0,10.2,10.1,10.666666666666666,9.4,9.2,5.6,4.8,1.6,16.0,15.0,4.0,4.0
811948e3a0c5da6eab53,2022-23,2023-01-19,Tottenham,Manchester City,A,S Hooper,19,10.368421052631579,9.263157894736842,6.052631578947368,4.473684210526316,1.9473684210526316,9,9.444444444444445,9.777777777777779,5.0,6.0,13.0,11.4,10.3,12.0,10.8,9.8,5.4,4.8,2.4,14.0,10.0,3.0,2.0
f2ccb4ffd2a71077cd85,2022-23,2023-01-23,Tottenham,Fulham,A,P Tierney,20,10.55,9.3,5.9,4.65,1.95,10,9.9,9.8,4.8,6.2,12.666666666666666,12.6,10.5,12.0,11.4,9.5,4.2,6.0,2.6,10.0,10.0,8.0,3.0
c4f8fddc9f5a4ad3f44d,2022-23,2023-02-05,Tottenham,Manchester City,H,A Madley,21,10.523809523809524,9.333333333333334,6.0,4.571428571428571,2.0,10,11.2,8.8,7.0,3.1,13.333333333333334,12.6,10.8,11.666666666666666,11.2,9.8,4.8,5.4,3.0,19.0,14.0,4.0,2.0
f63c5a8b9625182f623e,2022-23,2023-02-11,Tottenham,Leicester,A,M Salisbury,22,10.909090909090908,9.545454545454545,5.909090909090909,4.636363636363637,2.0,11,9.909090909090908,9.818181818181818,5.090909090909091,5.909090909090909,14.333333333333334,13.4,11.5,11.333333333333334,12.0,10.6,4.6,6.0,2.6,9.0,14.0,5.0,2.0
01fa9adc11285a94e50c,2022-23,2023-02-19,Tottenham,West Ham United,H,M Oliver,23,10.826086956521738,9.73913043478261,5.869565217391305,4.478260869565218,2.0,11,11.909090909090908,9.272727272727273,6.7272727272727275,3.3636363636363638,12.666666666666666,13.6,11.9,12.666666666666666,12.6,11.0,4.8,4.2,2.6,16.0,10.0,4.0,2.0
25548fc19099ad013a99,2022-23,2023-02-26,Tottenham,Chelsea,H,S Attwell,24,11.041666666666666,9.75,5.791666666666667,4.583333333333333,2.0,12,12.25,9.333333333333334,6.5,3.6666666666666665,14.666666666666666,13.6,12.5,12.666666666666666,11.6,11.2,4.8,5.0,2.2,10.0,10.0,4.0,2.0
7b2c2c1cdc9c81808370,2022-23,2023-03-04,Tottenham,Wolverhampton Wanderers,A,T Robinson,25,11.0,9.76,5.72,4.56,2.0,12,9.833333333333334,10.166666666666666,5.083333333333333,5.5,11.666666666666666,12.8,12.7,11.333333333333334,11.6,11.5,5.0,4.2,2.2,18.0,11.0,8.0,1.0
dc97a0c536c55f988bbc,2022-23,2023-03-11,Tottenham,Nottingham Forest,H,C Pawson,26,11.26923076923077,9.807692307692308,5.8076923076923075,4.538461538461538,1.9615384615384615,13,12.076923076923077,9.384615384615385,6.3076923076923075,3.6923076923076925,14.666666666666666,14.4,13.5,10.333333333333334,11.8,11.5,5.0,4.4,1.8,13.0,13.0,2.0,3.0
906e5fcc20076e5c8c78,2022-23,2023-03-18,Tottenham,Southampton,A,S Hooper,27,11.333333333333334,9.925925925925926,5.666666666666667,4.7407407407407405,2.0,13,10.461538461538462,10.23076923076923,5.3076923076923075,5.384615384615385,13.666666666666666,13.2,13.3,11.333333333333334,11.6,11.8,4.6,5.2,2.0,8.0,13.0,3.0,1.0
a219b3e26340a11f9ca6,2022-23,2023-04-03,Tottenham,Everton,A,D Coote,28,11.214285714285714,10.035714285714286,5.571428571428571,4.928571428571429,1.9642857142857142,14,10.285714285714286,10.428571428571429,5.142857142857143,5.714285714285714,13.0,13.0,13.3,12.333333333333334,11.4,12.0,4.2,7.0,1.8,14.0,10.0,3.0,3.0
39e69df1c075aedb6bf2,2022-23,2023-04-08,Tottenham,Brighton & Hove Albion,H,S Attwell,29,11.310344827586206,10.03448275862069,5.482758620689655,4.862068965517241,2.0,14,12.142857142857142,9.642857142857142,6.0,4.142857142857143,11.666666666666666,12.6,13.1,12.0,11.4,11.5,4.0,6.2,2.0,15.0,15.0,3.0,3.0
efda360678cf0d30ac0b,2022-23,2023-04-15,Tottenham,Bournemouth,H,A Madley,30,11.433333333333334,10.2,5.4,4.933333333333334,2.033333333333333,15,12.333333333333334,10.0,5.8,4.333333333333333,12.333333333333334,13.6,13.2,12.666666666666666,12.4,12.0,3.8,6.8,2.2,8.0,9.0,8.0,1.0
e9eb9b13d0678863f87b,2022-23,2023-04-23,Tottenham,Newcastle United,A,D Coote,31,11.32258064516129,10.161290322580646,5.483870967741935,4.806451612903226,2.0,15,10.533333333333333,10.4,5.0,5.533333333333333,12.333333333333334,11.6,13.0,11.333333333333334,12.0,11.9,3.8,6.2,2.2,13.0,7.0,3.0,3.0
67f59604c9cfd1f654d3,2022-23,2023-04-27,Tottenham,Manchester United,H,A Taylor,32,11.375,10.0625,5.40625,4.9375,2.03125,16,12.0625,9.9375,5.9375,4.125,12.0,11.6,12.4,10.333333333333334,10.8,11.2,4.0,6.0,2.2,8.0,7.0,6.0,1.0
ab12c2f76633ff83ce39,2022-23,2023-04-30,Tottenham,Liverpool,A,P Tierney,33,11.272727272727273,9.969696969696969,5.424242424242424,5.03030303030303,2.0,16,10.6875,10.1875,4.875,5.75,9.666666666666666,11.6,12.3,7.666666666666667,9.6,10.5,4.6,5.6,2.2,6.0,12.0,2.0,2.0
008c856ba2eae948942b,2022-23,2023-05-06,Tottenham,Crystal Palace,H,D England,34,11.117647058823529,10.029411764705882,5.323529411764706,5.029411764705882,2.0,17,11.823529411764707,9.764705882352942,5.9411764705882355,4.352941176470588,9.0,10.0,11.3,8.666666666666666,10.0,10.7,4.4,6.0,2.0,15.0,14.0,8.0,3.0
1f7ce864aa8f6a52d3b6,2022-23,2023-05-13,Tottenham,Aston Villa,A,P Bankes,35,11.228571428571428,10.142857142857142,5.4,5.0,2.0285714285714285,17,10.411764705882353,10.294117647058824,4.705882352941177,5.705882352941177,9.666666666666666,10.0,11.8,11.0,9.8,11.1,5.4,5.4,2.0,14.0,9.0,3.0,3.0
09c8724886068c09ccb4,2022-23,2023-05-20,Tottenham,Brentford,H,J Gillett,36,11.305555555555555,10.11111111111111,5.333333333333333,5.083333333333333,2.0555555555555554,18,12.0,10.0,6.055555555555555,4.333333333333333,11.666666666666666,11.2,11.4,11.666666666666666,9.8,10.9,4.4,6.8,2.4,11.0,9.0,8.0,1.0
0c9253598237b445a691,2022-23,2023-05-28,Tottenham,Leeds,A,A Taylor,37,11.297297297297296,10.08108108108108,5.405405405405405,5.0,2.027027027027027,18,10.61111111111111,10.222222222222221,4.611111111111111,5.833333333333333,13.333333333333334,10.8,11.2,10.666666666666666,10.2,10.5,5.4,5.4,2.0,5.0,7.0,3.0,0.0
413b42c3b7a0086813a0,2022-23,2022-08-07,West Ham United,Manchester City,H,M Oliver,0,,,,,,0,,,,,,,,,,,,,,8.0,4.0,1.0,0.0
6ac31ba93290f71ed065,2022-23,2022-08-14,West Ham United,Nottingham Forest,A,R Jones,1,8.0,4.0,1.0,4.0,0.0,0,,,,,8.0,8.0,8.0,4.0,4.0,4.0,1.0,4.0,0.0,11.0,10.0,7.0,1.0
a0af28dbfe94f7978658,2022-23,2022-08-21,West Ham United,Brighton & Hove Albion,H,A Taylor,2,9.5,7.0,4.0,5.0,0.5,1,8.0,4.0,1.0,4.0,9.5,9.5,9.5,7.0,7.0,7.0,4.0,5.0,0.5,10.0,7.0,5.0,2.0
8eb85e26ed77f62e482a,2022-23,2022-08-28,West Ham United,Aston Villa,A,D Coote,3,9.666666666666666,7.0,4.333333333333333,4.666666666666667,1.0,1,11.0,10.0,7.0,6.0,9.666666666666666,9.666666666666666,9.666666666666666,7.0,7.0,7.0,4.333333333333333,4.666666666666667,1.0,10.0,10.0,2.0,0.0
5dd0e8639f5b46f6b677,2022-23,2022-08-31,West Ham United,Tottenham,H,P Bankes,4,9.75,7.75,3.75,4.25,0.75,2,9.0,5.5,3.0,4.0,10.333333333333334,9.75,9.75,9.0,7.75,7.75,3.75,4.25,0.75,10.0,9.0,3.0,2.0
6c610058ce247a88f5ef,2022-23,2022-09-03,West Ham United,Chelsea,A,A Madley,5,9.8,8.0,3.6,4.2,1.0,2,10.5,10.0,4.5,4.5,10.0,9.8,9.8,8.666666666666666,8.0,8.0,3.6,4.2,1.0,11.0,6.0,3.0,2.0
da401fbb3071289bcdea,2022-23,2022-09-18,West Ham United,Everton,A,M Oliver,6,10.0,7.666666666666667,3.5,5.166666666666667,1.1666666666666667,3,10.666666666666666,8.666666666666666,4.0,6.333333333333333,10.333333333333334,10.4,10.0,8.333333333333334,8.4,7.666666666666667,4.0,5.4,1.4,11.0,8.0,14.0,1.0
4e672756522a55a725b0,2022-23,2022-10-01,West Ham United,Wolverhampton Wanderers,H,P Tierney,7,10.142857142857142,7.714285714285714,5.0,5.142857142857143,1.1428571428571428,3,9.333333333333334,6.666666666666667,3.0,4.0,10.666666666666666,10.4,10.142857142857142,7.666666666666667,8.0,7.714285714285714,5.4,5.2,1.4,8.0,6.0,1.0,2.0
4ebc5cb839e2885b7818,2022-23,2022-10-09,West Ham United,Fulham,H,C Kavanagh,8,9.875,7.5,4.5,5.25,1.25,4,9.0,6.5,2.5,4.5,10.0,10.0,9.875,6.666666666666667,7.8,7.5,4.6,5.6,1.4,9.0,7.0,4.0,1.0
182e91cc778d40f2950b,2022-23,2022-10-16,West Ham United,Southampton,A,P Bankes,9,9.777777777777779,7.444444444444445,4.444444444444445,4.888888888888889,1.2222222222222223,4,10.75,8.5,6.5,6.0,9.333333333333334,9.8,9.777777777777779,7.0,7.2,7.444444444444445,5.0,5.4,1.6,3.0,7.0,14.0,1.0
2b4b603552f6b764b5d0,2022-23,2022-10-19,West Ham United,Liverpool,A,S Attwell,10,9.1,7.4,5.4,4.8,1.2,5,9.2,8.2,8.0,5.6,6.666666666666667,8.4,9.1,6.666666666666667,6.8,7.4,7.2,5.4,1.4,8.0,9.0,3.0,0.0
7e60f855a7ad1050573f,2022-23,2022-10-24,West Ham United,Bournemouth,H,D Coote,11,9.0,7.545454545454546,5.181818181818182,5.090909090909091,1.0909090909090908,5,9.0,6.6,2.8,4.0,6.666666666666667,7.8,9.1,7.666666666666667,7.4,7.9,7.2,5.0,1.0,9.0,11.0,5.0,0.0
6639279e7625ef27e2de,2022-23,2022-10-30,West Ham United,Manchester United,A,C Kavanagh,12,9.0,7.833333333333333,5.166666666666667,4.666666666666667,1.0,6,9.0,8.333333333333334,7.166666666666667,6.0,6.666666666666667,7.4,8.9,9.0,8.0,8.0,5.4,4.0,0.8,10.0,12.0,10.0,3.0
b3c2b52de3a698522dee,2022-23,2022-11-06,West Ham United,Crystal Palace,H,P Tierney,13,9.076923076923077,8.153846153846153,5.538461538461538,4.6923076923076925,1.1538461538461537,6,9.0,7.333333333333333,3.1666666666666665,3.3333333333333335,9.0,7.8,8.9,10.666666666666666,9.2,8.5,7.2,3.8,1.0,10.0,7.0,2.0,1.0
cdd19e5904da53bef70c,2022-23,2022-11-12,West Ham United,Leicester,H,J Gillett,14,9.142857142857142,8.071428571428571,5.285714285714286,4.714285714285714,1.1428571428571428,7,9.142857142857142,7.285714285714286,3.0,3.5714285714285716,9.666666666666666,8.0,8.9,10.0,9.2,8.2,6.8,4.4,1.0,9.0,8.0,7.0,3.0
71c77a8e8e2066b27069,2022-23,2022-12-26,West Ham United,Arsenal,A,M Oliver,15,9.133333333333333,8.066666666666666,5.4,4.533333333333333,1.2666666666666666,7,9.142857142857142,8.857142857142858,7.571428571428571,5.857142857142857,9.666666666666666,9.2,8.8,9.0,9.4,8.1,5.4,4.0,1.4,17.0,13.0,5.0,2.0
e5859a50ba04999288bf,2022-23,2022-12-30,West Ham United,Brentford,H,D England,16,9.625,8.375,5.375,4.6875,1.3125,8,9.125,7.375,3.5,3.375,12.0,11.0,9.4,9.333333333333334,10.2,8.8,5.8,3.8,1.8,9.0,5.0,8.0,1.0
da89caf91af685bc30ce,2022-23,2023-01-04,West Ham United,Leeds,A,D Coote,17,9.588235294117647,8.176470588235293,5.529411764705882,4.470588235294118,1.2941176470588236,8,10.125,9.375,7.25,6.0,11.666666666666666,11.0,9.2,8.666666666666666,9.0,8.5,6.4,4.0,2.0,18.0,11.0,1.0,1.0
0899d3f8280276601d33,2022-23,2023-01-14,West Ham United,Wolverhampton Wanderers,A,S Hooper,18,10.055555555555555,8.333333333333334,5.277777777777778,4.666666666666667,1.2777777777777777,9,11.0,9.555555555555555,6.555555555555555,6.222222222222222,14.666666666666666,12.6,10.2,9.666666666666666,8.8,9.0,4.6,4.6,1.6,7.0,10.0,3.0,2.0
bb066113a5ace0c49251,2022-23,2023-01-21,West Ham United,Everton,H,S Attwell,19,9.894736842105264,8.421052631578947,5.157894736842105,4.631578947368421,1.3157894736842106,9,9.11111111111111,7.111111111111111,4.0,3.111111111111111,11.333333333333334,12.0,10.0,8.666666666666666,9.4,9.3,4.8,4.4,1.8,9.0,6.0,4.0,1.0
93c17537019144aff3ef,2022-23,2023-02-04,West Ham United,Newcastle United,A,P Bankes,20,9.85,8.3,5.1,4.85,1.3,10,10.6,9.6,6.2,6.0,11.333333333333334,12.0,10.6,9.0,9.0,9.2,4.2,5.8,1.4,13.0,11.0,2.0,1.0
a84c71a4cd5f3a0fac63,2022-23,2023-02-11,West Ham United,Chelsea,H,C Pawson,21,10.0,8.428571428571429,4.9523809523809526,4.809523809523809,1.2857142857142858,10,9.1,7.0,4.0,3.7,9.666666666666666,11.2,11.1,9.0,8.6,9.4,3.6,5.2,1.2,9.0,11.0,5.0,1.0
01fa9adc11285a94e50c,2022-23,2023-02-19,West Ham United,Tottenham,A,M Oliver,22,9.954545454545455,8.545454545454545,4.954545454545454,4.863636363636363,1.2727272727272727,11,10.818181818181818,9.727272727272727,5.818181818181818,5.818181818181818,10.333333333333334,11.2,11.1,9.333333333333334,9.8,9.4,3.0,6.2,1.2,10.0,16.0,7.0,1.0
139982820cd769e37c30,2022-23,2023-02-25,West Ham United,Nottingham Forest,H,J Gillett,23,9.956521739130435,8.869565217391305,5.043478260869565,4.826086956521739,1.2608695652173914,11,9.090909090909092,7.363636363636363,4.090909090909091,3.909090909090909,10.666666666666666,9.6,11.1,12.666666666666666,10.8,9.8,4.2,5.4,1.2,8.0,5.0,12.0,0.0
79bb6b35578822ca934f,2022-23,2023-03-04,West Ham United,Brighton & Hove Albion,A,S Attwell,24,9.875,8.708333333333334,5.333333333333333,4.75,1.2083333333333333,12,10.75,10.25,5.916666666666667,5.666666666666667,9.0,9.8,10.9,10.666666666666666,9.8,9.6,6.0,5.2,0.8,8.0,6.0,3.0,3.0
e3dafca157a9822ec85a,2022-23,2023-03-12,West Ham United,Aston Villa,H,C Kavanagh,25,9.8,8.6,5.24,4.84,1.28,12,9.0,7.166666666666667,4.75,3.8333333333333335,8.666666666666666,9.6,10.8,9.0,9.8,9.4,5.8,4.8,1.2,8.0,6.0,13.0,1.0
3f4844c0c3fb29284257,2022-23,2023-04-02,West Ham United,Southampton,H,P Tierney,26,9.73076923076923,8.5,5.538461538461538,4.730769230769231,1.2692307692307692,13,8.923076923076923,7.076923076923077,5.384615384615385,3.6923076923076925,8.0,8.6,9.9,5.666666666666667,8.8,8.7,8.0,4.4,1.2,10.0,11.0,5.0,0.0
8b0f162522573c28ba91,2022-23,2023-04-05,West Ham United,Newcastle United,H,C Pawson,27,9.74074074074074,8.592592592592593,5.518518518518518,4.666666666666667,1.2222222222222223,14,9.0,7.357142857142857,5.357142857142857,3.642857142857143,8.666666666666666,8.8,10.0,7.666666666666667,8.8,9.3,8.0,3.8,1.0,11.0,12.0,7.0,2.0
7ad7ae801cbd86f70c61,2022-23,2023-04-08,West Ham United,Fulham,A,J Gillett,28,9.785714285714286,8.714285714285714,5.571428571428571,4.714285714285714,1.25,13,10.538461538461538,9.923076923076923,5.6923076923076925,5.769230769230769,9.666666666666666,9.0,9.3,9.666666666666666,8.0,9.4,8.0,4.2,1.2,12.0,10.0,4.0,1.0
5b465ecd7769b373ff1b,2022-23,2023-04-16,West Ham United,Arsenal,H,D Coote,29,9.862068965517242,8.758620689655173,5.517241379310345,4.931034482758621,1.2413793103448276,15,9.133333333333333,7.666666666666667,5.466666666666667,3.8,11.0,9.8,9.8,11.0,9.0,9.4,6.4,5.8,1.4,11.0,8.0,7.0,1.0
942db0742c88e27d4b01,2022-23,2023-04-23,West Ham United,Bournemouth,A,A Taylor,30,9.9,8.733333333333333,5.566666666666666,4.833333333333333,1.2333333333333334,14,10.642857142857142,9.928571428571429,5.571428571428571,6.142857142857143,11.333333333333334,10.4,10.0,10.0,9.4,9.6,7.2,4.8,1.0,8.0,7.0,5.0,2.0
ce900c4dc5384313d2ee,2022-23,2023-04-26,West Ham United,Liverpool,H,C Kavanagh,31,9.838709677419354,8.67741935483871,5.548387096774194,4.935483870967742,1.2580645161290323,16,9.25,7.6875,5.5625,3.6875,10.333333333333334,10.4,9.5,8.333333333333334,9.6,9.2,5.6,6.0,1.2,6.0,8.0,3.0,0.0
16ca9ec8b32a97e9c0b4,2022-23,2023-04-29,West Ham United,Crystal Palace,A,C Pawson,32,9.71875,8.65625,5.46875,4.96875,1.21875,15,10.466666666666667,9.733333333333333,5.533333333333333,6.266666666666667,8.333333333333334,9.6,9.2,7.666666666666667,9.0,8.9,5.2,6.6,1.2,17.0,9.0,5.0,2.0
fb3159dea2edb0dc40c5,2022-23,2023-05-03,West Ham United,Manchester City,A,J Brooks,33,9.93939393939394,8.666666666666666,5.454545454545454,5.0606060606060606,1.2424242424242424,16,10.875,9.6875,5.5,6.375,10.333333333333334,10.8,9.9,8.0,8.4,8.2,4.8,7.0,1.2,8.0,8.0,3.0,1.0
66bcd715f2bd75f314b6,2022-23,2023-05-07,West Ham United,Manchester United,H,P Bankes,34,9.882352941176471,8.647058823529411,5.382352941176471,5.088235294117647,1.2352941176470589,17,9.058823529411764,7.705882352941177,5.411764705882353,3.823529411764706,10.333333333333334,10.0,9.9,8.333333333333334,8.0,8.5,4.6,6.0,1.2,4.0,9.0,5.0,0.0
285efd936e98013d78ff,2022-23,2023-05-14,West Ham United,Brentford,A,M Oliver,35,9.714285714285714,8.657142857142857,5.371428571428571,5.114285714285714,1.2,17,10.705882352941176,9.588235294117647,5.352941176470588,6.352941176470588,9.666666666666666,8.6,9.5,8.666666666666666,8.2,8.8,4.2,6.8,1.0,5.0,5.0,5.0,0.0
4b4d521fa6de5d66a668,2022-23,2023-05-21,West Ham United,Leeds,H,P Bankes,36,9.583333333333334,8.555555555555555,5.361111111111111,5.166666666666667,1.1666666666666667,18,8.777777777777779,7.777777777777778,5.388888888888889,3.9444444444444446,5.666666666666667,8.0,9.2,7.333333333333333,7.8,8.7,4.2,6.6,0.6,6.0,11.0,9.0,1.0
3d9b142811f4ca26d6a8,2022-23,2023-05-28,West Ham United,Leicester,A,S Hooper,37,9.486486486486486,8.621621621621621,5.45945945945946,5.162162162162162,1.162162162162162,18,10.38888888888889,9.333333333333334,5.333333333333333,6.388888888888889,5.0,8.0,8.8,8.333333333333334,8.4,8.7,5.4,6.4,0.8,10.0,8.0,5.0,1.0
12a3ad05307d9c73abed,2022-23,2022-08-06,Wolverhampton Wanderers,Leeds,A,R Jones,0,,,,,,0,,,,,,,,,,,,,,9.0,13.0,4.0,0.0
9ce732d401a20ca2aaa2,2022-23,2022-08-13,Wolverhampton Wanderers,Fulham,H,J Brooks,1,9.0,13.0,4.0,6.0,0.0,0,,,,,9.0,9.0,9.0,13.0,13.0,13.0,4.0,6.0,0.0,7.0,14.0,5.0,3.0
bd3b2d95af6af16b564a,2022-23,2022-08-20,Wolverhampton Wanderers,Tottenham,A,S Hooper,2,8.0,13.5,4.5,4.5,1.5,1,9.0,13.0,4.0,6.0,8.0,8.0,8.0,13.5,13.5,13.5,4.5,4.5,1.5,8.0,10.0,6.0,2.0
678fcc81c4b4d4e5e44d,2022-23,2022-08-28,Wolverhampton Wanderers,Newcastle United,H,P Bankes,3,8.0,12.333333333333334,5.0,5.666666666666667,1.6666666666666667,1,7.0,14.0,5.0,3.0,8.0,8.0,8.0,12.333333333333334,12.333333333333334,12.333333333333334,5.0,5.666666666666667,1.6666666666666667,10.0,11.0,4.0,2.0
646595881355e20719df,2022-23,2022-08-31,Wolverhampton Wanderers,Bournemouth,A,A Taylor,4,8.5,12.0,4.75,7.5,1.75,2,8.5,11.5,5.0,7.0,8.333333333333334,8.5,8.5,11.666666666666666,12.0,12.0,4.75,7.5,1.75,12.0,12.0,5.0,1.0
a03f28b39c87e2f38bbc,2022-23,2022-09-03,Wolverhampton Wanderers,Southampton,H,J Brooks,5,9.2,12.0,4.8,6.4,1.6,2,8.5,12.5,4.5,8.0,10.0,9.2,9.2,11.0,12.0,12.0,4.8,6.4,1.6,10.0,14.0,5.0,4.0
90a09998cc14cb7abfc9,2022-23,2022-09-17,Wolverhampton Wanderers,Manchester City,H,A Taylor,6,9.333333333333334,12.333333333333334,4.833333333333333,6.333333333333333,2.0,3,9.0,13.0,4.666666666666667,7.333333333333333,10.666666666666666,9.4,9.333333333333334,12.333333333333334,12.2,12.333333333333334,5.0,6.4,2.4,7.0,9.0,5.0,2.0
4e672756522a55a725b0,2022-23,2022-10-01,Wolverhampton Wanderers,West Ham United,A,P Tierney,7,9.0,11.857142857142858,4.857142857142857,6.428571428571429,2.0,3,9.666666666666666,11.666666666666666,5.0,5.333333333333333,9.666666666666666,9.4,9.0,11.666666666666666,11.2,11.857142857142858,5.0,7.2,2.2,6.0,8.0,6.0,2.0
763e46622f20c97aec8b,2022-23,2022-10-08,Wolverhampton Wanderers,Chelsea,A,S Hooper,8,8.625,11.375,5.0,5.75,2.0,4,8.75,10.75,5.25,4.25,7.666666666666667,9.0,8.625,10.333333333333334,10.8,11.375,5.0,5.8,2.2,8.0,8.0,2.0,0.0
0c292f968381c62af736,2022-23,2022-10-15,Wolverhampton Wanderers,Nottingham Forest,H,T Bramall,9,8.555555555555555,11.0,4.666666666666667,5.555555555555555,1.7777777777777777,4,8.5,12.0,4.75,7.25,7.0,8.6,8.555555555555555,8.333333333333334,10.2,11.0,4.6,4.0,1.8,17.0,13.0,4.0,2.0
91f69f222c3e2660817f,2022-23,2022-10-18,Wolverhampton Wanderers,Crystal Palace,A,D Coote,10,9.4,11.2,4.6,5.5,1.8,5,8.6,10.2,4.6,4.2,10.333333333333334,9.6,9.4,9.666666666666666,10.4,11.2,4.4,4.6,2.0,18.0,14.0,3.0,1.0
9aa2e2d88517c1c15e5a,2022-23,2022-10-23,Wolverhampton Wanderers,Leicester,H,M Oliver,11,10.181818181818182,11.454545454545455,4.454545454545454,5.363636363636363,1.7272727272727273,5,10.2,12.2,4.6,6.8,14.333333333333334,11.2,10.3,11.666666666666666,10.4,11.3,4.0,4.2,1.4,10.0,13.0,9.0,2.0
3c1da1711dba90a61cc9,2022-23,2022-10-29,Wolverhampton Wanderers,Brentford,A,R Madley,12,10.166666666666666,11.583333333333334,4.833333333333333,5.083333333333333,1.75,6,10.166666666666666,10.833333333333334,4.333333333333333,4.166666666666667,15.0,11.8,10.6,13.333333333333334,11.2,11.2,4.8,3.2,1.4,17.0,10.0,6.0,3.0
c8c5895277306343308c,2022-23,2022-11-05,Wolverhampton Wanderers,Brighton & Hove Albion,H,G Scott,13,10.692307692307692,11.461538461538462,4.923076923076923,4.923076923076923,1.8461538461538463,6,10.166666666666666,12.333333333333334,5.333333333333333,6.0,15.0,14.0,11.5,12.333333333333334,11.6,11.2,4.8,3.6,1.6,15.0,11.0,4.0,2.0
53e133929ad636965a86,2022-23,2022-11-12,Wolverhampton Wanderers,Arsenal,H,S Attwell,14,11.0,11.428571428571429,4.857142857142857,5.214285714285714,1.8571428571428572,7,10.857142857142858,12.142857142857142,5.142857142857143,6.428571428571429,14.0,15.4,12.0,11.333333333333334,12.2,11.2,5.2,4.6,2.0,5.0,6.0,6.0,3.0
5ee9432424747d4ec842,2022-23,2022-12-26,Wolverhampton Wanderers,Everton,A,C Pawson,15,10.6,11.066666666666666,4.933333333333334,5.133333333333334,1.9333333333333333,7,11.142857142857142,10.714285714285714,4.571428571428571,4.0,12.333333333333334,13.0,11.3,9.0,10.8,10.6,5.6,4.4,2.2,22.0,9.0,2.0,6.0
8cdfdee3d33ae8b52293,2022-23,2022-12-31,Wolverhampton Wanderers,Manchester United,H,R Jones,16,11.3125,10.9375,4.75,4.9375,2.1875,8,10.125,11.375,5.25,6.125,14.0,13.8,12.5,8.666666666666666,9.8,10.1,5.4,4.0,3.2,11.0,11.0,7.0,1.0
62a4a263fa059037b6f3,2022-23,2023-01-04,Wolverhampton Wanderers,Aston Villa,A,J Gillett,17,11.294117647058824,10.941176470588236,4.882352941176471,4.9411764705882355,2.1176470588235294,8,12.5,10.5,4.25,3.75,12.666666666666666,14.0,12.9,8.666666666666666,9.4,10.3,5.0,4.6,3.0,12.0,6.0,8.0,3.0
0899d3f8280276601d33,2022-23,2023-01-14,Wolverhampton Wanderers,West Ham United,H,S Hooper,18,11.333333333333334,10.666666666666666,5.055555555555555,5.055555555555555,2.1666666666666665,9,10.222222222222221,11.333333333333334,5.444444444444445,6.0,15.0,13.0,13.5,8.666666666666666,8.6,10.1,5.4,5.4,3.0,10.0,7.0,4.0,0.0
62355ea19c38f5504c25,2022-23,2023-01-22,Wolverhampton Wanderers,Manchester City,A,D Coote,19,11.263157894736842,10.473684210526315,5.0,4.947368421052632,2.0526315789473686,9,12.444444444444445,10.0,4.666666666666667,4.111111111111111,11.0,12.0,13.7,8.0,7.8,10.0,5.4,4.2,2.6,10.0,10.0,7.0,2.0
479b071ba9273fe6f067,2022-23,2023-02-04,Wolverhampton Wanderers,Liverpool,H,P Tierney,20,11.2,10.45,5.1,4.95,2.05,10,10.2,10.9,5.3,5.7,10.666666666666666,13.0,13.0,7.666666666666667,8.6,9.7,5.6,4.4,2.4,9.0,7.0,2.0,1.0
f09b187613a013aba84b,2022-23,2023-02-11,Wolverhampton Wanderers,Southampton,A,J Gillett,21,11.095238095238095,10.285714285714286,4.9523809523809526,5.0476190476190474,2.0,10,12.2,10.0,4.9,4.2,9.666666666666666,10.4,12.1,8.0,8.2,9.0,5.6,5.4,1.4,14.0,12.0,2.0,2.0
15770bf52f59de2b5d89,2022-23,2023-02-18,Wolverhampton Wanderers,Bournemouth,H,M Salisbury,22,11.227272727272727,10.363636363636363,4.818181818181818,5.045454545454546,2.0,11,10.090909090909092,10.545454545454545,5.0,5.818181818181818,11.0,11.0,12.5,9.666666666666666,8.4,8.9,4.6,5.4,1.6,12.0,10.0,12.0,3.0
1f07133a472137049340,2022-23,2023-02-24,Wolverhampton Wanderers,Fulham,A,M Oliver,23,11.26086956521739,10.347826086956522,5.130434782608695,4.913043478260869,2.0434782608695654,11,12.363636363636363,10.181818181818182,4.636363636363637,4.2727272727272725,11.666666666666666,11.0,12.0,9.666666666666666,9.2,8.9,5.4,4.4,1.6,17.0,12.0,3.0,0.0
29d10748d5c39b2df49e,2022-23,2023-03-01,Wolverhampton Wanderers,Liverpool,A,P Tierney,24,11.5,10.416666666666666,5.041666666666667,4.875,1.9583333333333333,12,12.75,10.333333333333334,4.5,4.25,14.333333333333334,12.4,12.2,11.333333333333334,10.2,9.0,5.2,4.6,1.6,14.0,13.0,2.0,3.0
7b2c2c1cdc9c81808370,2022-23,2023-03-04,Wolverhampton Wanderers,Tottenham,H,T Robinson,25,11.6,10.52,4.92,4.88,2.0,12,10.25,10.5,5.583333333333333,5.5,14.333333333333334,13.2,13.1,11.666666666666666,10.8,9.7,4.2,4.6,1.8,11.0,18.0,4.0,1.0
8bc5370a4064ce9d7f93,2022-23,2023-03-12,Wolverhampton Wanderers,Newcastle United,A,A Madley,26,11.576923076923077,10.807692307692308,4.884615384615385,5.0,1.9615384615384615,13,12.846153846153847,10.538461538461538,4.3076923076923075,4.3076923076923075,14.0,13.6,12.0,14.333333333333334,13.0,10.6,4.6,4.8,1.8,10.0,11.0,3.0,2.0
a657e709aaa1ef8eb729,2022-23,2023-03-18,Wolverhampton Wanderers,Leeds,H,M Salisbury,27,11.518518518518519,10.814814814814815,4.814814814814815,5.185185185185185,1.962962962962963,13,10.307692307692308,11.076923076923077,5.461538461538462,5.6923076923076925,11.666666666666666,12.8,11.9,14.0,12.8,10.6,4.8,5.8,1.8,15.0,9.0,5.0,3.0
eb39f57d488fc9792408,2022-23,2023-04-01,Wolverhampton Wanderers,Nottingham Forest,A,C Kavanagh,28,11.642857142857142,10.75,4.821428571428571,5.142857142857143,2.0,14,12.642857142857142,10.571428571428571,4.214285714285714,4.714285714285714,12.0,13.4,12.2,12.666666666666666,12.6,10.9,3.4,6.2,1.8,13.0,14.0,3.0,5.0
12c2d360774158a32ee1,2022-23,2023-04-08,Wolverhampton Wanderers,Chelsea,H,P Bankes,29,11.689655172413794,10.862068965517242,4.758620689655173,5.103448275862069,2.103448275862069,14,10.642857142857142,10.928571428571429,5.428571428571429,5.571428571428571,12.666666666666666,12.6,12.5,11.333333333333334,13.0,11.6,3.4,6.2,2.8,14.0,10.0,8.0,2.0
ffa369d55aba7172525c,2022-23,2023-04-15,Wolverhampton Wanderers,Brentford,H,P Tierney,30,11.766666666666667,10.833333333333334,4.866666666666666,5.2,2.1,15,10.866666666666667,10.866666666666667,5.6,5.733333333333333,14.0,12.6,12.9,11.0,12.4,11.6,4.6,6.8,2.6,12.0,8.0,5.0,1.0
107d219925cdcb045346,2022-23,2023-04-22,Wolverhampton Wanderers,Leicester,A,A Madley,31,11.774193548387096,10.741935483870968,4.870967741935484,5.096774193548387,2.064516129032258,15,12.666666666666666,10.8,4.133333333333334,4.666666666666667,13.0,12.8,13.2,10.666666666666666,10.4,11.7,4.8,5.6,2.6,16.0,17.0,7.0,3.0
15cd8ff7db121f50d1cf,2022-23,2023-04-25,Wolverhampton Wanderers,Crystal Palace,H,R Jones,32,11.90625,10.9375,4.9375,4.96875,2.09375,16,10.9375,10.6875,5.5625,5.5,14.0,14.0,13.4,11.666666666666666,11.6,12.2,5.6,3.8,2.8,13.0,14.0,6.0,5.0
b3661b8aec4b3f5d413c,2022-23,2023-04-29,Wolverhampton Wanderers,Brighton & Hove Albion,A,D Coote,33,11.93939393939394,11.030303030303031,4.96969696969697,5.151515151515151,2.1818181818181817,16,12.875,11.1875,4.3125,4.4375,13.666666666666666,13.6,13.5,13.0,12.6,12.6,5.8,5.2,3.2,11.0,14.0,5.0,1.0
001f76b39ff89a6ef6b4,2022-23,2023-05-06,Wolverhampton Wanderers,Aston Villa,H,S Attwell,34,11.911764705882353,11.117647058823529,4.970588235294118,5.0588235294117645,2.1470588235294117,17,11.058823529411764,10.882352941176471,5.588235294117647,5.823529411764706,13.333333333333334,13.2,12.9,15.0,12.6,12.8,6.2,4.8,2.4,20.0,9.0,5.0,3.0
baafc04eee0490f3c92e,2022-23,2023-05-13,Wolverhampton Wanderers,Manchester United,A,J Brooks,35,12.142857142857142,11.057142857142857,4.9714285714285715,5.085714285714285,2.1714285714285713,17,12.764705882352942,11.352941176470589,4.352941176470588,4.294117647058823,14.666666666666666,14.4,13.5,12.333333333333334,12.4,12.4,5.6,4.4,2.6,9.0,9.0,7.0,2.0
37455b4eae15422e6cc7,2022-23,2023-05-20,Wolverhampton Wanderers,Everton,H,D Coote,36,12.055555555555555,11.0,5.027777777777778,5.25,2.1666666666666665,18,11.555555555555555,10.777777777777779,5.555555555555555,5.833333333333333,13.333333333333334,13.8,13.3,10.666666666666666,12.6,11.5,6.0,6.2,2.8,18.0,10.0,1.0,5.0
743469609acab2affcc6,2022-23,2023-05-28,Wolverhampton Wanderers,Arsenal,A,A Marriner,37,12.216216216216216,10.972972972972974,4.918918918918919,5.297297297297297,2.2432432432432434,18,12.555555555555555,11.222222222222221,4.5,4.666666666666667,15.666666666666666,14.2,14.1,9.333333333333334,11.2,11.4,4.8,7.4,3.2,11.0,8.0,4.0,0.0
f751685abfbedc43515f,2023-24,2023-08-12,Arsenal,Nottingham Forest,H,M Oliver,0,,,,,,0,,,,,,,,,,,,,,12.0,12.0,8.0,2.0
1bb051654e1187eb24ac,2023-24,2023-08-21,Arsenal,Crystal Palace,A,D Coote,1,12.0,12.0,8.0,3.0,2.0,0,,,,,12.0,12.0,12.0,12.0,12.0,12.0,8.0,3.0,2.0,10.0,14.0,8.0,1.0
8ea773ed449f389b1c6f,2023-24,2023-08-26,Arsenal,Fulham,H,P Tierney,2,11.0,13.0,8.0,2.0,1.5,1,12.0,12.0,8.0,3.0,11.0,11.0,11.0,13.0,13.0,13.0,8.0,2.0,1.5,6.0,5.0,8.0,0.0
817d03c278c9bf9481e7,2023-24,2023-09-03,Arsenal,Manchester United,H,A Taylor,3,9.333333333333334,10.333333333333334,8.0,2.3333333333333335,1.0,2,9.0,8.5,8.0,3.0,9.333333333333334,9.333333333333334,9.333333333333334,10.333333333333334,10.333333333333334,10.333333333333334,8.0,2.3333333333333335,1.0,8.0,7.0,12.0,2.0
67bdf580d99c37bfad31,2023-24,2023-09-17,Arsenal,Everton,A,S Hooper,4,9.0,9.5,9.0,2.5,1.25,1,10.0,14.0,8.0,1.0,8.0,9.0,9.0,8.666666666666666,9.5,9.5,9.0,2.5,1.25,10.0,12.0,11.0,1.0
87be2c4c530c1dcf30eb,2023-24,2023-09-24,Arsenal,Tottenham,H,R Jones,5,9.2,10.0,9.4,2.2,1.2,3,8.666666666666666,8.0,9.333333333333334,3.0,8.0,9.2,9.2,8.0,10.0,10.0,9.4,2.2,1.2,12.0,19.0,11.0,3.0
49d82abf99e615879b47,2023-24,2023-09-30,Arsenal,Bournemouth,A,M Salisbury,6,9.666666666666666,11.5,9.666666666666666,2.5,1.5,2,10.0,13.0,9.5,1.0,10.0,9.2,9.666666666666666,12.666666666666666,11.4,11.5,10.0,2.4,1.4,10.0,11.0,6.0,1.0
2db4ef3ac8727cb51d8b,2023-24,2023-10-08,Arsenal,Manchester City,H,M Oliver,7,9.714285714285714,11.428571428571429,9.142857142857142,3.0,1.4285714285714286,4,9.5,10.75,9.75,3.25,10.666666666666666,9.2,9.714285714285714,14.0,10.8,11.428571428571429,9.6,3.4,1.4,8.0,7.0,5.0,2.0
fdb007d2e41813d62388,2023-24,2023-10-21,Arsenal,Chelsea,A,C Kavanagh,8,9.5,10.875,8.625,3.125,1.5,3,10.0,12.333333333333334,8.333333333333334,2.6666666666666665,10.0,9.6,9.5,12.333333333333334,11.2,10.875,9.0,3.6,1.8,14.0,7.0,7.0,3.0
b5c5b035abe83ca36815,2023-24,2023-10-28,Arsenal,Sheffield United,H,T Robinson,9,10.0,10.444444444444445,8.444444444444445,3.0,1.6666666666666667,5,9.2,10.0,8.8,3.4,10.666666666666666,10.8,10.0,8.333333333333334,11.2,10.444444444444445,8.0,3.4,2.0,9.0,13.0,6.0,0.0
e78307f0ce7be84a0166,2023-24,2023-11-04,Arsenal,Newcastle United,A,S Attwell,10,9.9,10.7,8.2,2.8,1.5,4,11.0,11.0,8.0,2.5,10.333333333333334,10.6,9.9,9.0,11.4,10.7,7.0,3.4,1.8,9.0,14.0,11.0,1.0
8038051c088b7c0a04ca,2023-24,2023-11-11,Arsenal,Burnley,H,M Oliver,11,9.818181818181818,11.0,8.454545454545455,2.5454545454545454,1.4545454545454546,6,9.166666666666666,10.5,8.333333333333334,3.0,10.666666666666666,10.0,9.6,11.333333333333334,10.4,10.9,7.0,2.6,1.4,8.0,9.0,3.0,0.0
545796f6c66bf4c6c5f4,2023-24,2023-11-25,Arsenal,Brentford,A,T Robinson,12,9.666666666666666,10.833333333333334,8.0,2.5833333333333335,1.3333333333333333,5,10.6,11.6,8.6,2.0,8.666666666666666,9.6,9.4,12.0,10.0,10.4,6.4,2.0,1.2,7.0,9.0,8.0,1.0
6cd43656c1bccf6a0bd2,2023-24,2023-12-02,Arsenal,Wolverhampton Wanderers,H,P Bankes,13,9.461538461538462,10.692307692307692,8.0,2.4615384615384617,1.3076923076923077,7,9.0,10.285714285714286,7.571428571428571,3.0,8.0,9.4,9.5,10.666666666666666,10.4,10.8,7.0,1.4,1.0,10.0,10.0,4.0,1.0
86c7d98547814b22503f,2023-24,2023-12-05,Arsenal,Luton,A,S Barrott,14,9.5,10.642857142857142,7.714285714285714,2.2857142857142856,1.2857142857142858,6,10.0,11.166666666666666,8.5,1.8333333333333333,8.333333333333334,8.6,9.7,9.333333333333334,11.0,11.1,6.4,1.0,0.6,7.0,14.0,8.0,1.0
a73dcbd646a475212f75,2023-24,2023-12-09,Arsenal,Aston Villa,A,J Gillett,15,9.333333333333334,10.866666666666667,7.733333333333333,2.3333333333333335,1.2666666666666666,7,9.571428571428571,11.571428571428571,8.428571428571429,2.0,8.0,8.2,9.4,11.0,11.2,11.3,6.8,1.4,0.8,11.0,16.0,3.0,2.0
f48809d45beae0dbc834,2023-24,2023-12-17,Arsenal,Brighton & Hove Albion,H,T Robinson,16,9.4375,11.1875,7.4375,2.375,1.3125,8,9.125,10.25,7.125,2.625,9.333333333333334,8.6,9.3,13.333333333333334,11.6,11.0,5.2,2.0,1.0,11.0,9.0,10.0,1.0
8b3bc42322afb3618fe3,2023-24,2023-12-23,Arsenal,Liverpool,A,C Kavanagh,17,9.529411764705882,11.058823529411764,7.588235294117647,2.2941176470588234,1.2941176470588236,8,9.75,12.125,7.75,2.125,9.666666666666666,9.2,9.4,13.0,11.6,10.8,6.6,1.6,1.2,14.0,13.0,5.0,5.0
62de02702b593cfe36bc,2023-24,2023-12-28,Arsenal,West Ham United,H,M Oliver,18,9.777777777777779,11.166666666666666,7.444444444444445,2.388888888888889,1.5,9,9.333333333333334,10.11111111111111,7.444444444444445,2.4444444444444446,12.0,10.6,10.0,12.666666666666666,12.4,11.4,6.0,2.2,2.0,8.0,8.0,10.0,2.0
8ac3c6af0331003d7ffa,2023-24,2023-12-31,Arsenal,Fulham,A,J Smith,19,9.68421052631579,11.0,7.578947368421052,2.4210526315789473,1.5263157894736843,9,10.222222222222221,12.222222222222221,7.444444444444445,2.3333333333333335,11.0,10.2,9.4,10.0,12.0,11.5,7.2,2.8,2.2,10.0,11.0,4.0,1.0
be9a52a6bcdc8cfab928,2023-24,2024-01-20,Arsenal,Crystal Palace,H,P Tierney,20,9.7,11.0,7.4,2.55,1.5,10,9.2,9.9,7.7,2.5,10.666666666666666,10.8,9.5,10.666666666666666,11.4,11.3,6.4,3.2,2.2,8.0,12.0,6.0,0.0
8018cb081bb64eb81660,2023-24,2024-01-30,Arsenal,Nottingham Forest,A,S Hooper,21,9.619047619047619,11.047619047619047,7.333333333333333,2.761904761904762,1.4285714285714286,10,10.2,12.1,7.1,2.6,8.666666666666666,10.2,9.4,10.333333333333334,10.6,11.1,7.0,4.0,1.8,7.0,6.0,11.0,1.0
2d27c22c1fd417d1b958,2023-24,2024-02-04,Arsenal,Liverpool,H,A Taylor,22,9.5,10.818181818181818,7.5,2.727272727272727,1.4090909090909092,11,9.090909090909092,10.090909090909092,7.545454545454546,2.909090909090909,8.333333333333334,9.4,9.3,9.666666666666666,10.0,10.8,7.2,4.2,1.8,11.0,11.0,2.0,6.0
8e6417159453eb7475c8,2023-24,2024-02-11,Arsenal,West Ham United,A,C Pawson,23,9.565217391304348,10.826086956521738,7.260869565217392,2.782608695652174,1.608695652173913,11,9.909090909090908,11.545454545454545,7.454545454545454,2.5454545454545454,8.666666666666666,8.8,9.7,9.666666666666666,9.6,11.0,6.6,4.2,2.0,11.0,17.0,6.0,0.0
07926bdd1cde2cc21a01,2023-24,2024-02-17,Arsenal,Burnley,A,J Gillett,24,9.625,11.083333333333334,7.208333333333333,2.75,1.5416666666666667,12,10.0,12.0,7.333333333333333,2.5,9.666666666666666,9.4,9.8,11.333333333333334,11.4,11.7,5.8,4.0,1.6,8.0,11.0,6.0,1.0
60cbce496c589a1d9bf2,2023-24,2024-02-24,Arsenal,Newcastle United,H,P Tierney,25,9.56,11.08,7.16,2.8,1.52,12,9.25,10.166666666666666,7.083333333333333,3.0,10.0,9.0,9.9,13.0,11.4,11.4,6.2,3.8,1.6,15.0,6.0,9.0,1.0
b96f51da4b1ab6ee77ee,2023-24,2024-03-04,Arsenal,Sheffield United,A,S Barrott,26,9.76923076923077,10.884615384615385,7.230769230769231,2.6923076923076925,1.5,13,9.846153846153847,11.923076923076923,7.230769230769231,2.6153846153846154,11.333333333333334,10.4,10.3,11.333333333333334,10.2,10.4,6.8,2.4,1.8,4.0,11.0,7.0,0.0
7c31a86b56f57a5655f9,2023-24,2024-03-09,Arsenal,Brentford,H,R Jones,27,9.555555555555555,10.88888888888889,7.222222222222222,2.5925925925925926,1.4444444444444444,13,9.692307692307692,9.846153846153847,7.230769230769231,2.769230769230769,9.0,9.8,9.6,9.333333333333334,11.2,10.6,6.0,2.0,1.6,9.0,10.0,10.0,2.0
69daa084a5509bdf9e79,2023-24,2024-03-31,Arsenal,Manchester City,A,A Taylor,28,9.535714285714286,10.857142857142858,7.321428571428571,2.642857142857143,1.4642857142857142,14,9.428571428571429,11.857142857142858,7.214285714285714,2.4285714285714284,9.333333333333334,9.4,9.1,9.0,11.0,10.3,7.6,2.0,0.8,20.0,9.0,4.0,2.0
ba1ce6ef28280707d225,2023-24,2024-04-03,Arsenal,Luton,H,C Pawson,29,9.89655172413793,10.793103448275861,7.206896551724138,2.793103448275862,1.4827586206896552,14,9.642857142857142,9.857142857142858,7.428571428571429,2.857142857142857,11.0,11.2,10.3,10.0,9.4,10.4,7.2,3.0,1.2,12.0,8.0,3.0,1.0
81d588786cc45c3806e8,2023-24,2024-04-06,Arsenal,Brighton & Hove Albion,A,J Brooks,30,9.966666666666667,10.7,7.066666666666666,2.7333333333333334,1.4666666666666666,15,10.133333333333333,11.666666666666666,7.0,2.7333333333333334,13.666666666666666,12.0,10.5,9.0,8.8,10.1,6.6,2.4,1.2,13.0,14.0,7.0,2.0
4a2410731425a213e7bc,2023-24,2024-04-14,Arsenal,Aston Villa,H,D Coote,31,10.064516129032258,10.806451612903226,7.064516129032258,2.903225806451613,1.4838709677419355,15,9.8,9.733333333333333,7.133333333333334,2.7333333333333334,15.0,11.6,11.0,10.333333333333334,10.4,10.3,6.2,4.0,1.4,12.0,7.0,4.0,3.0
0e0683397e724195a478,2023-24,2024-04-20,Arsenal,Wolverhampton Wanderers,A,P Tierney,32,10.125,10.6875,6.96875,3.0,1.53125,16,10.3125,11.8125,7.0,3.0625,12.333333333333334,13.2,11.5,9.666666666666666,9.6,10.4,5.6,5.2,2.0,9.0,14.0,2.0,2.0
b92901bb87b56c8c719d,2023-24,2024-04-23,Arsenal,Chelsea,H,S Hooper,33,10.090909090909092,10.787878787878787,6.818181818181818,2.9393939393939394,1.5454545454545454,16,9.9375,9.5625,6.9375,2.9375,11.333333333333334,13.2,11.3,11.666666666666666,10.4,10.7,4.0,4.6,2.0,12.0,11.0,4.0,2.0
d30e4dfaa747950c32c7,2023-24,2024-04-28,Arsenal,Tottenham,A,M Oliver,34,10.147058823529411,10.794117647058824,6.735294117647059,2.911764705882353,1.5588235294117647,17,10.235294117647058,11.941176470588236,6.705882352941177,2.9411764705882355,11.0,11.6,11.4,10.666666666666666,10.8,10.1,4.0,3.6,2.0,16.0,12.0,6.0,1.0
f8cd0f12f84bb1081d38,2023-24,2024-05-04,Arsenal,Bournemouth,H,D Coote,35,10.314285714285715,10.82857142857143,6.714285714285714,3.057142857142857,1.542857142857143,17,10.058823529411764,9.647058823529411,6.764705882352941,2.8823529411764706,12.333333333333334,12.4,12.2,12.333333333333334,11.6,10.2,4.6,5.0,2.0,16.0,12.0,6.0,2.0
ec259d3a45a16a0eedc1,2023-24,2024-05-12,Arsenal,Manchester United,A,P Tierney,36,10.472222222222221,10.86111111111111,6.694444444444445,3.0,1.5555555555555556,18,10.555555555555555,11.944444444444445,6.666666666666667,3.2222222222222223,14.666666666666666,13.0,12.3,11.666666666666666,11.2,10.8,4.4,3.6,2.0,6.0,5.0,7.0,2.0
2380194cd3197059e9d4,2023-24,2024-05-19,Arsenal,Everton,H,M Oliver,37,10.35135135135135,10.702702702702704,6.702702702702703,3.027027027027027,1.5675675675675675,18,10.38888888888889,9.777777777777779,6.722222222222222,2.7777777777777777,12.666666666666666,11.8,12.5,9.666666666666666,10.8,10.2,5.0,3.2,1.8,8.0,11.0,8.0,4.0
e0c796e56e336a924dcc,2023-24,2023-08-12,Aston Villa,Newcastle United,A,A Madley,0,,,,,,0,,,,,,,,,,,,,,17.0,12.0,5.0,4.0
ee0acbc91a9fe08987d3,2023-24,2023-08-20,Aston Villa,Everton,H,A Taylor,1,17.0,12.0,5.0,6.0,4.0,0,,,,,17.0,17.0,17.0,12.0,12.0,12.0,5.0,6.0,4.0,8.0,12.0,7.0,3.0
a616ea2cbb51877c69de,2023-24,2023-08-27,Aston Villa,Burnley,A,M Salisbury,2,12.5,12.0,6.0,6.0,3.5,1,17.0,12.0,5.0,6.0,12.5,12.5,12.5,12.0,12.0,12.0,6.0,6.0,3.5,11.0,12.0,6.0,0.0
809a930cb7a70ab56320,2023-24,2023-09-03,Aston Villa,Liverpool,A,S Hooper,3,12.0,12.0,6.0,5.333333333333333,2.3333333333333335,2,14.0,12.0,5.5,5.0,12.0,12.0,12.0,12.0,12.0,12.0,6.0,5.333333333333333,2.3333333333333335,7.0,12.0,3.0,1.0
f2c5267e14aee12e950a,2023-24,2023-09-16,Aston Villa,Crystal Palace,H,D England,4,10.75,12.0,5.25,5.75,2.0,1,8.0,12.0,7.0,6.0,8.666666666666666,10.75,10.75,12.0,12.0,12.0,5.25,5.75,2.0,13.0,9.0,4.0,5.0
b5dcee3b39143f3c51f9,2023-24,2023-09-24,Aston Villa,Chelsea,A,J Gillett,5,11.2,11.4,5.0,5.0,2.6,3,11.666666666666666,12.0,4.666666666666667,5.666666666666667,10.333333333333334,11.2,11.2,11.0,11.4,11.4,5.0,5.0,2.6,11.0,9.0,11.0,3.0
ee1c22ffdaca95eaca35,2023-24,2023-09-30,Aston Villa,Brighton & Hove Albion,H,A Madley,6,11.166666666666666,11.0,6.0,5.0,2.6666666666666665,2,10.5,10.5,5.5,4.0,10.333333333333334,10.0,11.166666666666666,10.0,10.8,11.0,6.2,4.8,2.4,19.0,21.0,1.0,4.0
2877d4bbe11cbaec5635,2023-24,2023-10-08,Aston Villa,Wolverhampton Wanderers,A,R Jones,7,12.285714285714286,12.428571428571429,5.285714285714286,4.714285714285714,2.857142857142857,4,11.5,11.25,6.25,5.5,14.333333333333334,12.2,12.285714285714286,13.0,12.6,12.428571428571429,5.0,4.2,2.6,9.0,19.0,10.0,2.0
c9858a49a97cea11120e,2023-24,2023-10-22,Aston Villa,West Ham United,H,D Coote,8,11.875,13.25,5.875,4.375,2.75,3,13.333333333333334,14.0,4.0,3.6666666666666665,13.0,11.8,11.875,16.333333333333332,14.0,13.25,5.8,3.8,3.0,9.0,15.0,8.0,0.0
b088f82d41b9b3f4d984,2023-24,2023-10-29,Aston Villa,Luton,H,J Brooks,9,11.555555555555555,13.444444444444445,6.111111111111111,4.666666666666667,2.4444444444444446,4,12.25,14.25,5.0,4.5,12.333333333333334,12.2,11.555555555555555,18.333333333333332,14.6,13.444444444444445,6.8,3.8,2.8,11.0,10.0,6.0,3.0
76d7f4cef87ec7b6cede,2023-24,2023-11-05,Aston Villa,Nottingham Forest,A,J Gillett,10,11.5,13.1,6.1,4.6,2.5,5,11.0,12.8,7.0,4.8,9.666666666666666,11.8,11.5,14.666666666666666,14.8,13.1,7.2,4.2,2.4,9.0,6.0,10.0,1.0
ee8fea8afc0d53c5e7ca,2023-24,2023-11-12,Aston Villa,Fulham,H,S Hooper,11,11.272727272727273,12.454545454545455,6.454545454545454,4.181818181818182,2.3636363636363638,5,12.0,13.4,5.2,4.4,9.666666666666666,11.4,10.7,10.333333333333334,14.2,12.5,7.0,3.2,2.0,4.0,17.0,2.0,2.0
b5311296f35d12b24ea3,2023-24,2023-11-26,Aston Villa,Tottenham,A,R Jones,12,10.666666666666666,12.833333333333334,6.083333333333333,4.0,2.3333333333333335,6,10.666666666666666,11.666666666666666,7.5,4.0,8.0,8.4,10.3,11.0,13.4,13.0,7.2,3.0,1.6,13.0,11.0,3.0,4.0
5a685eac310919a942d0,2023-24,2023-12-03,Aston Villa,Bournemouth,A,T Bramall,13,10.846153846153847,12.692307692307692,5.846153846153846,4.384615384615385,2.4615384615384617,7,11.0,11.571428571428571,6.857142857142857,4.714285714285714,8.666666666666666,9.2,10.5,11.333333333333334,11.8,12.9,5.8,4.4,2.0,12.0,16.0,7.0,3.0
83179545065398589a62,2023-24,2023-12-06,Aston Villa,Manchester City,H,J Brooks,14,10.928571428571429,12.928571428571429,5.928571428571429,4.571428571428571,2.5,6,10.666666666666666,14.0,4.666666666666667,4.0,9.666666666666666,9.8,11.0,14.666666666666666,12.0,13.3,5.6,4.4,2.6,13.0,13.0,6.0,2.0
a73dcbd646a475212f75,2023-24,2023-12-09,Aston Villa,Arsenal,H,J Gillett,15,11.066666666666666,12.933333333333334,5.933333333333334,4.266666666666667,2.466666666666667,7,11.0,13.857142857142858,4.857142857142857,3.4285714285714284,12.666666666666666,10.2,11.0,13.333333333333334,12.6,13.7,5.6,3.6,2.4,16.0,11.0,3.0,4.0
d9a9e7955eebb04f940c,2023-24,2023-12-17,Aston Villa,Brentford,A,D Coote,16,11.375,12.8125,5.75,4.1875,2.5625,8,11.125,12.125,6.875,5.0,13.666666666666666,11.6,11.5,13.333333333333334,13.6,13.9,4.2,4.2,3.0,6.0,19.0,12.0,4.0
aad2ef597f2e1d1dc33c,2023-24,2023-12-22,Aston Villa,Sheffield United,H,A Taylor,17,11.058823529411764,13.176470588235293,6.117647058823529,4.352941176470588,2.6470588235294117,8,11.625,13.5,4.625,3.375,11.666666666666666,12.0,10.2,14.333333333333334,14.0,13.7,6.2,5.2,3.4,11.0,16.0,9.0,3.0
6d149c59035e3e6cda4e,2023-24,2023-12-26,Aston Villa,Manchester United,A,C Pawson,18,11.055555555555555,13.333333333333334,6.277777777777778,4.166666666666667,2.6666666666666665,9,10.555555555555555,12.88888888888889,7.444444444444445,5.222222222222222,11.0,11.6,10.4,15.333333333333334,15.0,13.4,7.4,3.6,3.2,10.0,10.0,6.0,3.0
479bba7415df6d796fc0,2023-24,2023-12-30,Aston Villa,Burnley,H,S Attwell,19,11.0,13.157894736842104,6.2631578947368425,4.105263157894737,2.6842105263157894,9,11.555555555555555,13.777777777777779,5.111111111111111,3.111111111111111,9.0,11.2,10.5,15.0,13.8,12.9,7.2,2.8,3.2,9.0,14.0,6.0,4.0
d36f888a2377306fd793,2023-24,2024-01-14,Aston Villa,Everton,A,D Coote,20,10.9,13.2,6.25,4.0,2.75,10,10.5,12.6,7.3,5.0,10.0,10.4,10.3,13.333333333333334,14.0,13.3,7.2,3.2,3.6,14.0,13.0,5.0,4.0
0fe0668d80c8e0dc6258,2023-24,2024-01-30,Aston Villa,Newcastle United,H,J Brooks,21,11.047619047619047,13.19047619047619,6.190476190476191,4.0,2.8095238095238093,10,11.3,13.8,5.2,3.0,11.0,10.0,10.8,12.333333333333334,14.4,14.0,7.6,3.4,3.6,14.0,12.0,8.0,4.0
e7ffe10a00994a15b4a6,2023-24,2024-02-03,Aston Villa,Sheffield United,A,P Tierney,22,11.181818181818182,13.136363636363637,6.2727272727272725,4.136363636363637,2.8636363636363638,11,10.818181818181818,12.636363636363637,7.090909090909091,4.909090909090909,12.333333333333334,11.6,11.8,13.0,13.0,13.5,6.8,3.4,3.6,7.0,10.0,4.0,0.0
fdb31555c91279894c90,2023-24,2024-02-11,Aston Villa,Manchester United,H,R Jones,23,11.0,13.0,6.173913043478261,4.086956521739131,2.739130434782609,11,11.545454545454545,13.636363636363637,5.454545454545454,3.3636363636363638,11.666666666666666,10.8,11.2,11.666666666666666,11.8,13.4,5.8,3.8,3.0,9.0,7.0,10.0,3.0
ffb2deecb770c2c98fd6,2023-24,2024-02-17,Aston Villa,Fulham,A,L Smith,24,10.916666666666666,12.75,6.333333333333333,4.25,2.75,12,10.5,12.416666666666666,6.833333333333333,4.75,10.0,10.6,10.9,9.666666666666666,11.2,12.5,6.6,4.8,3.0,6.0,11.0,4.0,2.0
60bda189750e426ea557,2023-24,2024-02-24,Aston Villa,Nottingham Forest,H,S Barrott,25,10.72,12.68,6.24,4.24,2.72,12,11.333333333333334,13.083333333333334,5.833333333333333,3.75,7.333333333333333,10.0,10.2,9.333333333333334,10.6,12.3,6.2,5.2,2.6,7.0,16.0,7.0,1.0
4d6de0bbedd2339f2ae4,2023-24,2024-03-02,Aston Villa,Luton,A,M Oliver,26,10.576923076923077,12.807692307692308,6.269230769230769,4.153846153846154,2.6538461538461537,13,10.153846153846153,12.307692307692308,6.615384615384615,4.6923076923076925,7.333333333333333,8.6,9.3,11.333333333333334,11.2,12.8,6.6,4.8,2.0,19.0,8.0,6.0,4.0
335451e1446a6ceca253,2023-24,2024-03-10,Aston Villa,Tottenham,H,C Kavanagh,27,10.88888888888889,12.62962962962963,6.2592592592592595,4.296296296296297,2.7037037037037037,13,11.0,13.307692307692308,5.923076923076923,3.6153846153846154,10.666666666666666,9.6,10.6,11.666666666666666,10.4,11.7,6.2,5.0,2.0,11.0,15.0,6.0,0.0
2e4adb84b3437cbf2866,2023-24,2024-03-17,Aston Villa,West Ham United,A,J Gillett,28,10.892857142857142,12.714285714285714,6.25,4.285714285714286,2.607142857142857,14,10.785714285714286,12.0,6.571428571428571,4.928571428571429,12.333333333333334,10.4,10.6,13.0,11.4,11.6,6.6,5.2,2.0,12.0,13.0,11.0,3.0
8cdb01d795ef940215be,2023-24,2024-03-30,Aston Villa,Wolverhampton Wanderers,H,P Tierney,29,10.931034482758621,12.724137931034482,6.413793103448276,4.379310344827586,2.6206896551724137,14,11.0,13.428571428571429,5.928571428571429,3.642857142857143,14.0,11.0,10.8,12.0,12.6,11.9,6.8,5.0,2.0,11.0,19.0,5.0,3.0
d04ca8d3f62c2a3f9a6a,2023-24,2024-04-03,Aston Villa,Manchester City,A,D England,30,10.933333333333334,12.933333333333334,6.366666666666666,4.366666666666666,2.6333333333333333,15,10.866666666666667,12.066666666666666,6.866666666666666,5.066666666666666,11.333333333333334,12.0,11.0,15.666666666666666,14.2,12.4,7.0,5.0,2.2,13.0,6.0,3.0,2.0
95b309baed963a9baff2,2023-24,2024-04-06,Aston Villa,Brentford,H,M Salisbury,31,11.0,12.709677419354838,6.258064516129032,4.290322580645161,2.6129032258064515,15,11.0,13.8,5.866666666666666,3.6666666666666665,12.0,13.2,10.9,12.666666666666666,12.2,11.7,6.2,5.0,2.4,15.0,11.0,11.0,2.0
4a2410731425a213e7bc,2023-24,2024-04-14,Aston Villa,Arsenal,A,D Coote,32,11.125,12.65625,6.40625,4.25,2.59375,16,11.0,11.6875,6.625,4.875,13.0,12.4,11.0,12.0,12.8,11.6,7.2,4.0,2.0,7.0,12.0,6.0,1.0
53f8172152079a008223,2023-24,2024-04-21,Aston Villa,Bournemouth,H,T Robinson,33,11.0,12.636363636363637,6.393939393939394,4.242424242424242,2.5454545454545454,16,11.25,13.625,6.1875,3.625,11.666666666666666,11.6,11.0,9.666666666666666,12.2,11.8,7.2,4.0,2.2,8.0,14.0,8.0,1.0
6ad35b8cf00558e2b86f,2023-24,2024-04-27,Aston Villa,Chelsea,H,C Pawson,34,10.911764705882353,12.676470588235293,6.4411764705882355,4.235294117647059,2.5,17,11.058823529411764,13.647058823529411,6.294117647058823,3.6470588235294117,10.0,10.8,10.9,12.333333333333334,12.4,12.5,6.6,3.4,1.8,13.0,14.0,2.0,3.0
9289db759b05a38271d4,2023-24,2024-05-05,Aston Villa,Brighton & Hove Albion,A,R Jones,35,10.971428571428572,12.714285714285714,6.314285714285714,4.228571428571429,2.5142857142857142,17,10.764705882352942,11.705882352941176,6.588235294117647,4.823529411764706,9.333333333333334,11.2,11.6,13.333333333333334,11.4,12.8,6.0,3.4,1.8,10.0,13.0,3.0,1.0
82381846c4f672b4dd86,2023-24,2024-05-13,Aston Villa,Liverpool,H,S Hooper,36,10.944444444444445,12.722222222222221,6.222222222222222,4.305555555555555,2.4722222222222223,18,11.166666666666666,13.666666666666666,6.055555555555555,3.6666666666666665,10.333333333333334,10.6,11.9,13.666666666666666,12.8,12.5,6.0,4.4,1.6,11.0,15.0,5.0,1.0
4dbba7c37700344f604e,2023-24,2024-05-19,Aston Villa,Crystal Palace,A,D Bond,37,10.945945945945946,12.783783783783784,6.1891891891891895,4.297297297297297,2.4324324324324325,18,10.722222222222221,11.777777777777779,6.388888888888889,4.944444444444445,11.333333333333334,9.8,11.1,14.0,13.6,13.2,4.8,4.6,1.4,8.0,10.0,4.0,4.0
784a632b87c974dce93c,2023-24,2023-08-12,Bournemouth,West Ham United,H,P Bankes,0,,,,,,0,,,,,,,,,,,,,,9.0,14.0,10.0,1.0
2d3871027105465f2118,2023-24,2023-08-19,Bournemouth,Liverpool,A,T Bramall,1,9.0,14.0,10.0,4.0,1.0,0,,,,,9.0,9.0,9.0,14.0,14.0,14.0,10.0,4.0,1.0,13.0,11.0,2.0,3.0
50a7c1760429e5cf1c27,2023-24,2023-08-26,Bournemouth,Tottenham,H,T Robinson,2,11.0,12.5,6.0,7.0,2.0,1,9.0,14.0,10.0,4.0,11.0,11.0,11.0,12.5,12.5,12.5,6.0,7.0,2.0,18.0,11.0,6.0,1.0
36c09c60ac1616ba0e69,2023-24,2023-09-02,Bournemouth,Brentford,A,R Madley,3,13.333333333333334,12.0,6.0,5.333333333333333,1.6666666666666667,1,13.0,11.0,2.0,10.0,13.333333333333334,13.333333333333334,13.333333333333334,12.0,12.0,12.0,6.0,5.333333333333333,1.6666666666666667,13.0,6.0,2.0,2.0
79aa63eb6324a7a818aa,2023-24,2023-09-17,Bournemouth,Chelsea,H,D Coote,4,13.25,10.5,5.0,5.25,1.75,2,13.5,12.5,8.0,3.0,14.666666666666666,13.25,13.25,9.333333333333334,10.5,10.5,5.0,5.25,1.75,15.0,20.0,1.0,1.0
3aff9ea097132c962194,2023-24,2023-09-24,Bournemouth,Brighton & Hove Albion,A,J Brooks,5,13.6,12.4,4.2,5.6,1.6,2,13.0,8.5,2.0,7.5,15.333333333333334,13.6,13.6,12.333333333333334,12.4,12.4,4.2,5.6,1.6,17.0,12.0,4.0,3.0
49d82abf99e615879b47,2023-24,2023-09-30,Bournemouth,Arsenal,H,M Salisbury,6,14.166666666666666,12.333333333333334,4.166666666666667,5.333333333333333,1.8333333333333333,3,14.0,15.0,5.666666666666667,4.333333333333333,15.0,15.2,14.166666666666666,12.666666666666666,12.0,12.333333333333334,3.0,5.6,2.0,11.0,10.0,6.0,0.0
a772ca603280b084e5c2,2023-24,2023-10-07,Bournemouth,Everton,A,D Coote,7,13.714285714285714,12.0,4.428571428571429,5.428571428571429,1.5714285714285714,3,14.333333333333334,9.666666666666666,2.6666666666666665,6.333333333333333,14.333333333333334,14.8,13.714285714285714,14.0,11.8,12.0,3.8,4.8,1.4,15.0,14.0,7.0,2.0
780a060acfb82773b81d,2023-24,2023-10-21,Bournemouth,Wolverhampton Wanderers,H,P Tierney,8,13.875,12.25,4.75,5.75,1.625,4,13.25,13.75,5.75,4.75,14.333333333333334,14.2,13.875,12.0,12.4,12.25,4.0,6.0,1.6,15.0,10.0,3.0,2.0
0ee4fef5bb801b55ab80,2023-24,2023-10-28,Bournemouth,Burnley,H,S Barrott,9,14.0,12.0,4.555555555555555,6.444444444444445,1.6666666666666667,5,13.6,13.0,5.2,6.2,13.666666666666666,14.6,14.0,11.333333333333334,13.2,12.0,4.2,7.4,1.6,9.0,12.0,10.0,2.0
8c41891e42416a5351b5,2023-24,2023-11-04,Bournemouth,Manchester City,A,C Pawson,10,13.5,12.0,5.1,6.3,1.7,4,14.5,10.75,3.75,6.75,13.0,13.4,13.5,12.0,11.6,12.0,6.0,7.0,1.8,9.0,8.0,1.0,1.0
a67e432c42395033e94f,2023-24,2023-11-11,Bournemouth,Newcastle United,H,C Kavanagh,11,13.090909090909092,11.636363636363637,4.7272727272727275,6.818181818181818,1.6363636363636365,6,12.833333333333334,12.833333333333334,6.0,6.0,11.0,11.8,13.5,10.0,10.8,11.4,5.4,8.6,1.4,10.0,4.0,6.0,2.0
1c62d2e1be33332fc7c5,2023-24,2023-11-25,Bournemouth,Sheffield United,A,A Madley,12,12.833333333333334,11.0,4.833333333333333,6.666666666666667,1.6666666666666667,5,13.4,10.2,3.2,7.8,9.333333333333334,11.6,13.2,8.0,9.6,10.7,5.4,8.4,1.8,8.0,6.0,7.0,1.0
5a685eac310919a942d0,2023-24,2023-12-03,Bournemouth,Aston Villa,H,T Bramall,13,12.461538461538462,10.615384615384615,5.0,6.461538461538462,1.6153846153846154,7,12.428571428571429,11.571428571428571,6.0,5.857142857142857,9.0,10.2,12.2,6.0,8.0,10.2,5.4,7.6,1.6,16.0,12.0,7.0,5.0
71deb7446bc2caa3241a,2023-24,2023-12-06,Bournemouth,Crystal Palace,A,C Pawson,14,12.714285714285714,10.714285714285714,5.142857142857143,6.5,1.8571428571428572,6,12.5,9.5,3.8333333333333335,7.166666666666667,11.333333333333334,10.4,12.5,7.333333333333333,8.4,10.8,6.2,6.6,2.2,17.0,10.0,9.0,3.0
18752706ec13b9244884,2023-24,2023-12-09,Bournemouth,Manchester United,A,P Bankes,15,13.0,10.666666666666666,5.4,6.266666666666667,1.9333333333333333,7,13.142857142857142,9.571428571428571,4.571428571428571,6.571428571428571,13.666666666666666,12.0,12.7,9.333333333333334,8.0,9.8,6.0,6.2,2.4,10.0,7.0,4.0,1.0
73d77f17839c23f8e6ad,2023-24,2023-12-23,Bournemouth,Nottingham Forest,A,R Jones,16,12.8125,10.4375,5.3125,6.5,1.875,8,12.75,9.25,4.5,7.0,14.333333333333334,12.2,12.0,9.666666666666666,7.8,9.3,6.6,5.8,2.4,10.0,10.0,6.0,3.0
6afbb50e4e8a31e25af4,2023-24,2023-12-26,Bournemouth,Fulham,H,T Robinson,17,12.647058823529411,10.411764705882353,5.352941176470588,6.470588235294118,1.9411764705882353,8,12.875,11.625,6.125,6.0,12.333333333333334,12.2,11.9,9.0,9.0,9.3,6.6,6.0,2.6,10.0,10.0,6.0,0.0
9a01eacbfe941b800a8a,2023-24,2023-12-31,Bournemouth,Tottenham,A,S Hooper,18,12.5,10.38888888888889,5.388888888888889,6.388888888888889,1.8333333333333333,9,12.444444444444445,9.333333333333334,4.666666666666667,6.888888888888889,10.0,12.6,11.4,9.0,9.8,8.9,6.4,6.2,2.4,18.0,9.0,13.0,3.0
f20749fb660ce524b3bf,2023-24,2024-01-21,Bournemouth,Liverpool,H,A Madley,19,12.789473684210526,10.31578947368421,5.7894736842105265,6.2631578947368425,1.894736842105263,9,12.555555555555555,11.444444444444445,6.111111111111111,5.888888888888889,12.666666666666666,13.0,11.7,9.666666666666666,9.2,8.8,7.6,5.6,2.0,9.0,12.0,8.0,1.0
2c703cd03bce69ea7d14,2023-24,2024-02-01,Bournemouth,West Ham United,A,T Robinson,20,12.6,10.4,5.9,6.2,1.85,10,13.0,9.3,5.5,6.6,12.333333333333334,11.4,11.7,10.333333333333334,9.6,8.8,7.4,6.0,1.6,11.0,13.0,5.0,3.0
27082edcf72c5354bc98,2023-24,2024-02-04,Bournemouth,Nottingham Forest,H,R Welch,21,12.523809523809524,10.523809523809524,5.857142857142857,5.9523809523809526,1.9047619047619047,10,12.2,11.5,6.3,5.8,12.666666666666666,11.6,11.9,11.333333333333334,10.8,9.3,7.6,4.2,2.0,19.0,12.0,11.0,3.0
4eed9de2e225a253fe13,2023-24,2024-02-10,Bournemouth,Fulham,A,D England,22,12.818181818181818,10.590909090909092,6.090909090909091,5.954545454545454,1.9545454545454546,11,12.818181818181818,9.636363636363637,5.454545454545454,6.090909090909091,13.0,13.4,12.8,12.333333333333334,11.2,10.1,8.6,4.2,2.0,11.0,11.0,14.0,2.0
ce7d2fd666e4c0211876,2023-24,2024-02-17,Bournemouth,Newcastle United,A,M Salisbury,23,12.73913043478261,10.608695652173912,6.434782608695652,5.739130434782608,1.9565217391304348,12,12.666666666666666,9.75,6.166666666666667,5.666666666666667,13.666666666666666,13.6,13.1,12.0,11.4,10.6,10.2,3.4,2.4,22.0,9.0,2.0,3.0
ee60c85264355c98fc1a,2023-24,2024-02-24,Bournemouth,Manchester City,H,J Gillett,24,13.125,10.541666666666666,6.25,5.666666666666667,2.0,11,12.818181818181818,11.545454545454545,6.7272727272727275,5.818181818181818,17.333333333333332,14.4,13.7,10.666666666666666,11.4,10.3,8.0,3.4,2.4,14.0,6.0,3.0,2.0
59da52c611dfd5cb7354,2023-24,2024-03-03,Bournemouth,Burnley,A,D Coote,25,13.16,10.36,6.12,5.76,2.0,13,13.384615384615385,9.692307692307692,5.846153846153846,5.538461538461538,15.666666666666666,15.4,13.4,8.666666666666666,10.2,9.9,7.0,4.0,2.6,13.0,8.0,2.0,4.0
6b3f2f9a5ec6ab82d65a,2023-24,2024-03-09,Bournemouth,Sheffield United,H,A Taylor,26,13.153846153846153,10.26923076923077,5.961538461538462,5.8076923076923075,2.076923076923077,12,12.916666666666666,11.083333333333334,6.416666666666667,6.0,16.333333333333332,15.8,13.7,7.666666666666667,9.2,10.0,6.4,5.2,2.8,12.0,11.0,10.0,3.0
4265e4b21e20a5bcc7e0,2023-24,2024-03-13,Bournemouth,Luton,H,S Allison,27,13.11111111111111,10.296296296296296,6.111111111111111,5.703703703703703,2.111111111111111,13,12.846153846153847,11.076923076923077,6.6923076923076925,5.769230769230769,13.0,14.4,13.9,8.333333333333334,9.0,10.1,6.2,4.6,2.8,16.0,11.0,11.0,1.0
e45b3c3f52b6c85c3097,2023-24,2024-03-30,Bournemouth,Everton,H,S Barrott,28,13.214285714285714,10.321428571428571,6.285714285714286,5.607142857142857,2.0714285714285716,14,13.071428571428571,11.071428571428571,7.0,5.571428571428571,13.666666666666666,15.4,14.5,10.0,9.0,10.2,5.6,5.0,2.6,14.0,11.0,9.0,1.0
51588e1ad39f4310b2d5,2023-24,2024-04-02,Bournemouth,Crystal Palace,H,G Scott,29,13.241379310344827,10.344827586206897,6.379310344827586,5.689655172413793,2.0344827586206895,15,13.133333333333333,11.066666666666666,7.133333333333334,5.733333333333333,14.0,13.8,14.1,11.0,9.4,10.4,7.0,5.8,2.2,13.0,14.0,9.0,3.0
79ab970197529a960aae,2023-24,2024-04-06,Bournemouth,Luton,A,A Madley,30,13.233333333333333,10.466666666666667,6.466666666666667,5.566666666666666,2.066666666666667,14,13.357142857142858,9.571428571428571,5.571428571428571,5.642857142857143,14.333333333333334,13.6,14.5,12.0,11.0,10.6,8.2,4.6,2.4,14.0,7.0,2.0,0.0
903492baaf1a483dc900,2023-24,2024-04-13,Bournemouth,Manchester United,H,T Harrington,31,13.258064516129032,10.35483870967742,6.32258064516129,5.612903225806452,2.0,16,13.125,11.25,7.25,5.5,13.666666666666666,13.8,14.8,10.666666666666666,10.8,10.0,8.2,4.6,1.6,13.0,14.0,7.0,4.0
53f8172152079a008223,2023-24,2024-04-21,Bournemouth,Aston Villa,A,T Robinson,32,13.25,10.46875,6.34375,5.5,2.0625,15,13.4,9.4,5.333333333333333,5.733333333333333,13.333333333333334,14.0,14.2,11.666666666666666,11.4,10.2,7.6,4.4,1.8,14.0,8.0,4.0,3.0
c569fd3f219f02be7753,2023-24,2024-04-24,Bournemouth,Wolverhampton Wanderers,A,S Attwell,33,13.272727272727273,10.393939393939394,6.2727272727272725,5.575757575757576,2.090909090909091,16,13.4375,9.3125,5.25,5.875,13.666666666666666,13.6,14.5,9.666666666666666,10.8,9.9,6.2,5.4,2.2,17.0,10.0,12.0,1.0
5e878ff1bc1dc83221ad,2023-24,2024-04-28,Bournemouth,Brighton & Hove Albion,H,P Tierney,34,13.382352941176471,10.382352941176471,6.4411764705882355,5.647058823529412,2.0588235294117645,17,13.117647058823529,11.411764705882353,7.235294117647059,5.294117647058823,14.666666666666666,14.2,14.0,10.666666666666666,10.6,10.0,6.8,5.4,2.2,14.0,10.0,8.0,2.0
f8cd0f12f84bb1081d38,2023-24,2024-05-04,Bournemouth,Arsenal,A,D Coote,35,13.4,10.371428571428572,6.485714285714286,5.542857142857143,2.057142857142857,17,13.647058823529411,9.352941176470589,5.647058823529412,6.0,15.0,14.4,14.0,9.333333333333334,9.8,10.4,6.6,5.4,2.0,12.0,16.0,1.0,3.0
4a2724fcd6f8f0f9143b,2023-24,2024-05-11,Bournemouth,Brentford,H,M Donohue,36,13.36111111111111,10.527777777777779,6.333333333333333,5.555555555555555,2.0833333333333335,18,13.166666666666666,11.333333333333334,7.277777777777778,5.111111111111111,14.333333333333334,14.0,13.9,12.0,11.6,11.2,6.4,5.2,2.6,16.0,12.0,3.0,2.0
f2205f69e49de339bb7b,2023-24,2024-05-19,Bournemouth,Chelsea,A,A Taylor,37,13.432432432432432,10.567567567567568,6.243243243243243,5.621621621621622,2.081081081081081,18,13.555555555555555,9.722222222222221,5.388888888888889,6.0,14.0,14.6,14.3,12.666666666666666,11.2,11.3,5.6,6.4,2.2,9.0,5.0,5.0,3.0
1df8c4f9ff9891fb1e6e,2023-24,2023-08-13,Brentford,Tottenham,H,R Jones,0,,,,,,0,,,,,,,,,,,,,,12.0,13.0,3.0,1.0
6bf1a44944661f6e14aa,2023-24,2023-08-19,Brentford,Fulham,A,D Bond,1,12.0,13.0,3.0,6.0,1.0,0,,,,,12.0,12.0,12.0,13.0,13.0,13.0,3.0,6.0,1.0,12.0,13.0,5.0,2.0
9fe4cfd7c48b6e057655,2023-24,2023-08-26,Brentford,Crystal Palace,H,P Bankes,2,12.0,13.0,4.0,5.5,1.5,1,12.0,13.0,3.0,6.0,12.0,12.0,12.0,13.0,13.0,13.0,4.0,5.5,1.5,9.0,15.0,8.0,0.0
36c09c60ac1616ba0e69,2023-24,2023-09-02,Brentford,Bournemouth,H,R Madley,3,11.0,13.666666666666666,5.333333333333333,5.666666666666667,1.0,2,10.5,14.0,5.5,6.0,11.0,11.0,11.0,13.666666666666666,13.666666666666666,13.666666666666666,5.333333333333333,5.666666666666667,1.0,6.0,13.0,5.0,1.0
fb845a60a9078fbec946,2023-24,2023-09-16,Brentford,Newcastle United,A,C Pawson,4,9.75,13.5,5.25,4.75,1.0,1,12.0,13.0,5.0,5.0,9.0,9.75,9.75,13.666666666666666,13.5,13.5,5.25,4.75,1.0,12.0,8.0,3.0,5.0
21c12825f5336c11fcea,2023-24,2023-09-23,Brentford,Everton,H,M Oliver,5,10.2,12.4,4.8,5.4,1.8,3,9.0,13.666666666666666,5.333333333333333,4.666666666666667,9.0,10.2,10.2,12.0,12.4,12.4,4.8,5.4,1.8,9.0,12.0,1.0,2.0
3434c74abaad133906ea,2023-24,2023-10-01,Brentford,Nottingham Forest,A,P Tierney,6,10.0,12.333333333333334,4.166666666666667,5.166666666666667,1.8333333333333333,2,12.0,10.5,4.0,6.5,9.0,9.6,10.0,11.0,12.2,12.333333333333334,4.4,5.0,2.0,10.0,6.0,11.0,2.0
876b59661fd7ce525f15,2023-24,2023-10-07,Brentford,Manchester United,A,A Madley,7,10.0,11.428571428571429,5.142857142857143,4.571428571428571,1.8571428571428572,3,11.333333333333334,9.0,6.333333333333333,4.666666666666667,10.333333333333334,9.2,10.0,8.666666666666666,10.8,11.428571428571429,5.6,4.2,2.0,17.0,10.0,5.0,5.0
21cf616caa98a2e0897a,2023-24,2023-10-21,Brentford,Burnley,H,J Smith,8,10.875,11.25,5.125,4.875,2.25,4,9.0,13.25,4.25,4.5,12.0,10.8,10.875,9.333333333333334,9.8,11.25,5.0,4.4,3.0,14.0,12.0,5.0,5.0
4910f0ceea2817698b74,2023-24,2023-10-28,Brentford,Chelsea,A,S Hooper,9,11.222222222222221,11.333333333333334,5.111111111111111,4.888888888888889,2.5555555555555554,4,12.75,9.25,6.0,5.25,13.666666666666666,12.4,11.222222222222221,9.333333333333334,9.6,11.333333333333334,5.0,5.0,3.8,7.0,12.0,1.0,4.0
3a1e592b277e2cf4538d,2023-24,2023-11-04,Brentford,West Ham United,H,T Bramall,10,10.8,11.4,4.7,5.4,2.7,5,10.0,13.0,4.4,4.6,12.666666666666666,11.4,10.8,11.333333333333334,10.4,11.4,4.6,5.4,3.6,12.0,14.0,4.0,1.0
bd55092853529c789be8,2023-24,2023-11-12,Brentford,Liverpool,A,P Tierney,11,10.909090909090908,11.636363636363637,4.636363636363637,5.181818181818182,2.5454545454545454,5,11.6,9.8,5.0,6.2,11.0,12.0,10.8,12.666666666666666,10.8,11.5,5.2,5.2,3.4,12.0,16.0,8.0,2.0
545796f6c66bf4c6c5f4,2023-24,2023-11-25,Brentford,Arsenal,H,T Robinson,12,11.0,12.0,4.916666666666667,5.25,2.5,6,10.333333333333334,13.166666666666666,4.333333333333333,4.333333333333333,10.333333333333334,12.4,10.8,14.0,12.8,11.8,4.6,6.2,3.4,9.0,7.0,1.0,1.0
3995b44136d99baf6e73,2023-24,2023-12-02,Brentford,Luton,H,A Taylor,13,10.846153846153847,11.615384615384615,4.615384615384615,5.461538461538462,2.3846153846153846,7,10.142857142857142,12.285714285714286,3.857142857142857,4.857142857142857,11.0,10.8,10.8,12.333333333333334,12.2,11.0,3.8,6.4,2.6,10.0,8.0,7.0,1.0
d3b4e8e1d84b77999796,2023-24,2023-12-06,Brentford,Brighton & Hove Albion,A,P Bankes,14,10.785714285714286,11.357142857142858,4.785714285714286,5.428571428571429,2.2857142857142856,6,11.666666666666666,10.833333333333334,5.5,6.166666666666667,10.333333333333334,10.0,11.2,10.333333333333334,11.4,10.5,4.2,6.4,1.8,8.0,10.0,3.0,1.0
8089ba6acf36579c11c9,2023-24,2023-12-09,Brentford,Sheffield United,A,S Attwell,15,10.6,11.266666666666667,4.666666666666667,5.533333333333333,2.2,7,11.142857142857142,10.714285714285714,5.142857142857143,6.285714285714286,9.0,10.2,10.8,8.333333333333334,11.0,10.7,4.6,5.8,1.2,13.0,14.0,4.0,1.0
d9a9e7955eebb04f940c,2023-24,2023-12-17,Brentford,Aston Villa,H,D Coote,16,10.75,11.4375,4.625,5.375,2.125,8,10.125,11.75,4.25,4.875,10.333333333333334,10.4,11.2,10.666666666666666,11.0,10.9,4.6,5.8,1.2,19.0,6.0,7.0,6.0
93b37de27ff7fcf9fa74,2023-24,2023-12-27,Brentford,Wolverhampton Wanderers,H,A Madley,17,11.235294117647058,11.117647058823529,4.764705882352941,5.764705882352941,2.3529411764705883,9,11.11111111111111,11.11111111111111,4.555555555555555,5.666666666666667,13.333333333333334,11.8,12.1,10.0,9.0,10.9,4.4,7.0,2.0,5.0,14.0,8.0,1.0
317b6cc23679e88da296,2023-24,2023-12-30,Brentford,Crystal Palace,A,R Jones,18,10.88888888888889,11.277777777777779,4.944444444444445,5.555555555555555,2.2777777777777777,8,11.375,11.125,5.0,5.875,12.333333333333334,11.0,10.9,11.333333333333334,10.4,11.3,5.8,5.8,2.0,10.0,14.0,4.0,1.0
64f82256cafb6d0523d6,2023-24,2024-01-20,Brentford,Nottingham Forest,H,D England,19,10.842105263157896,11.421052631578947,4.894736842105263,5.631578947368421,2.210526315789474,10,10.5,11.4,4.9,5.3,11.333333333333334,11.0,10.5,11.333333333333334,11.6,11.5,5.2,6.2,2.0,10.0,14.0,6.0,1.0
7e1ba9237ee605750d87,2023-24,2024-01-31,Brentford,Tottenham,A,D Coote,20,10.8,11.55,4.95,5.55,2.15,9,11.222222222222221,11.444444444444445,4.888888888888889,6.0,8.333333333333334,11.4,10.8,14.0,12.4,11.7,5.8,5.6,2.0,15.0,13.0,3.0,3.0
b017ed18b2392bfdebab,2023-24,2024-02-05,Brentford,Manchester City,H,J Gillett,21,11.0,11.619047619047619,4.857142857142857,5.523809523809524,2.1904761904761907,11,10.454545454545455,11.636363636363637,5.0,5.181818181818182,11.666666666666666,11.8,11.1,13.666666666666666,12.2,11.6,5.6,6.0,2.4,2.0,4.0,8.0,1.0
cc53a72d8ef46ea75f51,2023-24,2024-02-10,Brentford,Wolverhampton Wanderers,A,S Hooper,22,10.590909090909092,11.272727272727273,5.0,5.863636363636363,2.1363636363636362,10,11.6,11.6,4.7,5.9,9.0,8.4,10.1,10.333333333333334,11.8,10.4,5.8,6.2,1.4,9.0,11.0,4.0,3.0
aa5dfe58ae3d29d7ce3a,2023-24,2024-02-17,Brentford,Liverpool,H,M Oliver,23,10.521739130434783,11.26086956521739,4.956521739130435,5.913043478260869,2.1739130434782608,12,9.75,11.0,5.25,5.833333333333333,8.666666666666666,9.2,10.1,9.333333333333334,11.2,10.8,5.0,7.2,1.8,4.0,18.0,1.0,2.0
cc244639110aefe825fb,2023-24,2024-02-20,Brentford,Manchester City,A,D England,24,10.25,11.541666666666666,4.791666666666667,5.916666666666667,2.1666666666666665,11,11.363636363636363,11.545454545454545,4.636363636363637,6.0,5.0,8.0,9.5,11.0,12.0,11.8,4.4,7.0,2.0,6.0,12.0,1.0,4.0
393a408bee80395abe35,2023-24,2024-02-26,Brentford,West Ham United,A,S Hooper,25,10.08,11.56,4.64,6.08,2.24,12,10.916666666666666,11.583333333333334,4.333333333333333,6.333333333333333,6.333333333333333,7.2,9.3,13.666666666666666,11.6,12.0,3.4,8.2,2.6,9.0,5.0,7.0,2.0
625f19b9ec4db20a1b80,2023-24,2024-03-02,Brentford,Chelsea,H,J Gillett,26,10.038461538461538,11.307692307692308,4.730769230769231,5.884615384615385,2.230769230769231,13,9.307692307692308,11.538461538461538,4.923076923076923,5.846153846153846,6.333333333333333,6.0,8.9,11.666666666666666,10.0,11.1,4.2,7.4,2.4,10.0,9.0,0.0,3.0
7c31a86b56f57a5655f9,2023-24,2024-03-09,Brentford,Arsenal,A,R Jones,27,10.037037037037036,11.222222222222221,4.555555555555555,5.888888888888889,2.259259259259259,13,10.76923076923077,11.076923076923077,4.538461538461538,5.923076923076923,8.333333333333334,7.6,8.0,8.666666666666666,11.0,11.4,2.6,6.0,2.8,10.0,9.0,4.0,4.0
17d05f087ca6dfda1ef8,2023-24,2024-03-16,Brentford,Burnley,A,D Bond,28,10.035714285714286,11.142857142857142,4.535714285714286,6.035714285714286,2.3214285714285716,14,10.714285714285714,10.928571428571429,4.5,6.214285714285714,9.666666666666666,7.8,8.5,7.666666666666667,10.6,10.9,2.6,6.6,3.0,17.0,14.0,4.0,4.0
0df1a2fdd83b87f35b06,2023-24,2024-03-30,Brentford,Manchester United,H,S Hooper,29,10.275862068965518,11.241379310344827,4.517241379310345,6.0,2.3793103448275863,14,9.357142857142858,11.357142857142858,4.571428571428571,5.857142857142857,12.333333333333334,10.4,9.2,10.666666666666666,9.8,10.9,3.2,6.4,3.4,7.0,14.0,14.0,2.0
4de43997bff20b3f22d2,2023-24,2024-04-03,Brentford,Brighton & Hove Albion,H,A Madley,30,10.166666666666666,11.333333333333334,4.833333333333333,5.933333333333334,2.3666666666666667,15,9.2,11.533333333333333,5.2,5.733333333333333,11.333333333333334,10.6,8.9,12.333333333333334,10.2,10.9,5.8,5.2,3.0,9.0,12.0,1.0,1.0
95b309baed963a9baff2,2023-24,2024-04-06,Brentford,Aston Villa,A,M Salisbury,31,10.129032258064516,11.35483870967742,4.709677419354839,5.903225806451613,2.3225806451612905,15,11.133333333333333,11.133333333333333,4.466666666666667,6.133333333333334,11.0,10.6,8.3,13.333333333333334,11.6,10.8,4.6,6.0,2.8,11.0,15.0,3.0,2.0
6bee78ba1ed0c89ba9ae,2023-24,2024-04-13,Brentford,Sheffield United,H,S Barrott,32,10.15625,11.46875,4.65625,6.0625,2.3125,16,9.1875,11.5625,4.9375,5.6875,9.0,10.8,9.2,13.666666666666666,12.8,11.9,5.2,7.0,2.6,8.0,11.0,3.0,3.0
23f51ff39942b6234268,2023-24,2024-04-20,Brentford,Luton,A,J Gillett,33,10.090909090909092,11.454545454545455,4.606060606060606,6.0606060606060606,2.3333333333333335,16,11.125,11.375,4.375,6.4375,9.333333333333334,10.4,9.1,12.666666666666666,13.2,11.9,5.0,6.2,2.4,9.0,13.0,9.0,2.0
0deb5e267dae048329d0,2023-24,2024-04-27,Brentford,Everton,A,D England,34,10.058823529411764,11.5,4.735294117647059,6.0,2.323529411764706,17,11.0,11.470588235294118,4.647058823529412,6.294117647058823,9.333333333333334,8.8,9.6,13.0,13.0,11.4,6.0,6.0,2.0,12.0,10.0,6.0,2.0
105d4b7e53f024babdc4,2023-24,2024-05-04,Brentford,Fulham,H,G Scott,35,10.114285714285714,11.457142857142857,4.771428571428571,6.0,2.3142857142857145,17,9.117647058823529,11.529411764705882,4.823529411764706,5.705882352941177,9.666666666666666,9.8,10.2,11.333333333333334,12.2,11.2,4.4,6.4,2.0,3.0,6.0,7.0,1.0
4a2724fcd6f8f0f9143b,2023-24,2024-05-11,Brentford,Bournemouth,A,M Donohue,36,9.916666666666666,11.305555555555555,4.833333333333333,6.0,2.2777777777777777,18,11.055555555555555,11.38888888888889,4.722222222222222,6.277777777777778,8.0,8.6,9.6,9.666666666666666,11.0,11.3,5.6,6.6,2.0,12.0,16.0,8.0,2.0
a7256d14a7dcc78b177e,2023-24,2024-05-19,Brentford,Newcastle United,H,S Hooper,37,9.972972972972974,11.432432432432432,4.918918918918919,5.918918918918919,2.27027027027027,18,8.777777777777779,11.222222222222221,4.944444444444445,5.722222222222222,9.0,8.8,9.8,10.666666666666666,11.2,12.0,6.6,5.0,2.0,15.0,11.0,3.0,4.0
909bcd86c059f74d56be,2023-24,2023-08-12,Brighton & Hove Albion,Luton,H,D Coote,0,,,,,,0,,,,,,,,,,,,,,11.0,12.0,6.0,2.0
a2ff8b816303714cf5c1,2023-24,2023-08-19,Brighton & Hove Albion,Wolverhampton Wanderers,A,A Madley,1,11.0,12.0,6.0,7.0,2.0,0,,,,,11.0,11.0,11.0,12.0,12.0,12.0,6.0,7.0,2.0,11.0,14.0,3.0,6.0
a3ffa54cf3fb18e84ab6,2023-24,2023-08-26,Brighton & Hove Albion,West Ham United,H,A Taylor,2,11.0,13.0,4.5,6.0,4.0,1,11.0,12.0,6.0,7.0,11.0,11.0,11.0,13.0,13.0,13.0,4.5,6.0,4.0,10.0,9.0,17.0,1.0
6fa192b4b19b473811a6,2023-24,2023-09-02,Brighton & Hove Albion,Newcastle United,H,S Attwell,3,10.666666666666666,11.666666666666666,8.666666666666666,5.333333333333333,3.0,2,10.5,10.5,11.5,5.5,10.666666666666666,10.666666666666666,10.666666666666666,11.666666666666666,11.666666666666666,11.666666666666666,8.666666666666666,5.333333333333333,3.0,14.0,17.0,5.0,4.0
34654eddeb48243218bc,2023-24,2023-09-16,Brighton & Hove Albion,Manchester United,A,J Gillett,4,11.5,13.0,7.75,4.75,3.25,1,11.0,14.0,3.0,5.0,11.666666666666666,11.5,11.5,13.333333333333334,13.0,13.0,7.75,4.75,3.25,9.0,8.0,1.0,2.0
3aff9ea097132c962194,2023-24,2023-09-24,Brighton & Hove Albion,Bournemouth,H,J Brooks,5,11.0,12.0,6.4,5.4,3.0,3,11.666666666666666,12.666666666666666,9.333333333333334,4.666666666666667,11.0,11.0,11.0,11.333333333333334,12.0,12.0,6.4,5.4,3.0,12.0,17.0,4.0,3.0
ee1c22ffdaca95eaca35,2023-24,2023-09-30,Brighton & Hove Albion,Aston Villa,A,A Madley,6,11.166666666666666,12.833333333333334,6.0,5.166666666666667,3.0,2,10.0,11.0,2.0,6.5,11.666666666666666,11.2,11.166666666666666,14.0,13.0,12.833333333333334,6.0,4.8,3.2,21.0,19.0,3.0,4.0
e8840c245034013f8aa6,2023-24,2023-10-08,Brighton & Hove Albion,Liverpool,H,A Taylor,7,12.571428571428571,13.714285714285714,5.571428571428571,4.571428571428571,3.142857142857143,4,11.75,13.75,8.0,4.5,14.0,13.2,12.571428571428571,14.666666666666666,14.0,13.714285714285714,6.0,4.0,2.8,12.0,20.0,8.0,1.0
39d9bd0a4b21aea59181,2023-24,2023-10-21,Brighton & Hove Albion,Manchester City,A,R Jones,8,12.5,14.5,5.875,4.125,2.875,3,13.666666666666666,13.666666666666666,2.3333333333333335,4.666666666666667,15.0,13.6,12.5,18.666666666666668,16.2,14.5,4.2,3.4,2.8,11.0,9.0,2.0,2.0
b149d5e2e3813d423c81,2023-24,2023-10-29,Brighton & Hove Albion,Fulham,H,M Salisbury,9,12.333333333333334,13.88888888888889,5.444444444444445,3.888888888888889,2.7777777777777777,5,11.8,15.0,8.0,3.8,14.666666666666666,13.0,12.333333333333334,16.0,14.6,13.88888888888889,3.6,3.2,2.4,12.0,8.0,7.0,0.0
7fd278485b9285d72960,2023-24,2023-11-04,Brighton & Hove Albion,Everton,A,T Robinson,10,12.3,13.3,5.6,3.8,2.5,4,13.0,12.5,2.25,4.0,11.666666666666666,13.6,12.3,12.333333333333334,14.6,13.3,4.8,2.2,2.0,5.0,15.0,3.0,2.0
48c331ce949f04452b86,2023-24,2023-11-12,Brighton & Hove Albion,Sheffield United,H,J Brooks,11,11.636363636363637,13.454545454545455,5.363636363636363,3.727272727272727,2.4545454545454546,6,11.833333333333334,13.833333333333334,7.833333333333333,3.6666666666666665,9.333333333333334,12.2,11.7,10.666666666666666,14.2,13.6,4.6,2.0,1.8,13.0,16.0,6.0,3.0
224a516740d5ea2dcc7d,2023-24,2023-11-25,Brighton & Hove Albion,Nottingham Forest,A,A Taylor,12,11.75,13.666666666666666,5.416666666666667,3.6666666666666665,2.5,5,11.4,13.0,2.4,3.8,10.0,10.6,11.9,13.0,13.6,13.8,5.2,2.4,1.6,7.0,12.0,4.0,4.0
12098d80700ec31cd5e8,2023-24,2023-12-03,Brighton & Hove Albion,Chelsea,A,C Pawson,13,11.384615384615385,13.538461538461538,5.3076923076923075,3.8461538461538463,2.6153846153846154,6,10.666666666666666,12.833333333333334,2.6666666666666665,4.166666666666667,8.333333333333334,9.6,11.6,14.333333333333334,12.0,14.1,4.4,3.4,2.2,12.0,16.0,8.0,5.0
d3b4e8e1d84b77999796,2023-24,2023-12-06,Brighton & Hove Albion,Brentford,H,P Bankes,14,11.428571428571429,13.714285714285714,5.5,3.9285714285714284,2.7857142857142856,7,12.0,14.142857142857142,7.571428571428571,3.5714285714285716,10.666666666666666,9.8,11.4,14.666666666666666,13.4,14.0,5.6,4.0,2.8,10.0,8.0,7.0,3.0
2309e597ab542b944511,2023-24,2023-12-09,Brighton & Hove Albion,Burnley,H,S Hooper,15,11.333333333333334,13.333333333333334,5.6,3.8666666666666667,2.8,8,11.75,13.375,7.5,3.5,9.666666666666666,9.4,11.5,12.0,13.4,14.0,5.6,4.0,3.4,5.0,8.0,9.0,0.0
f48809d45beae0dbc834,2023-24,2023-12-17,Brighton & Hove Albion,Arsenal,A,T Robinson,16,10.9375,13.0,5.8125,3.6875,2.625,7,10.857142857142858,13.285714285714286,3.4285714285714284,4.285714285714286,9.0,9.4,10.8,10.666666666666666,12.0,13.1,6.8,3.6,3.0,9.0,11.0,1.0,3.0
692b52ff76d4d65dd7c9,2023-24,2023-12-21,Brighton & Hove Albion,Crystal Palace,A,J Brooks,17,10.823529411764707,12.882352941176471,5.529411764705882,4.0588235294117645,2.6470588235294117,8,10.625,13.0,3.125,5.0,8.0,8.6,9.6,9.0,11.0,12.3,5.8,5.0,3.0,11.0,12.0,1.0,2.0
f1a259f170ef67bd87ad,2023-24,2023-12-28,Brighton & Hove Albion,Tottenham,H,J Gillett,18,10.833333333333334,12.833333333333334,5.277777777777778,4.0,2.611111111111111,9,11.0,12.777777777777779,7.666666666666667,3.2222222222222223,8.333333333333334,9.4,9.5,10.333333333333334,11.0,11.5,5.2,4.4,2.6,18.0,6.0,7.0,3.0
78a108af09bf2db7a1a4,2023-24,2024-01-02,Brighton & Hove Albion,West Ham United,A,S Barrott,19,11.210526315789474,12.473684210526315,5.368421052631579,4.105263157894737,2.6315789473684212,9,10.666666666666666,12.88888888888889,2.888888888888889,4.777777777777778,12.666666666666666,10.6,10.2,9.666666666666666,9.0,11.2,5.0,4.6,2.2,6.0,4.0,0.0,0.0
b5f647c84e4ed560dd0c,2023-24,2024-01-22,Brighton & Hove Albion,Wolverhampton Wanderers,H,C Pawson,20,10.95,12.05,5.1,4.0,2.5,10,11.7,12.1,7.6,3.5,11.666666666666666,9.8,9.6,7.333333333333333,8.2,10.8,3.6,4.4,1.6,10.0,13.0,8.0,1.0
e2e2f46d68fdd175fa05,2023-24,2024-01-30,Brighton & Hove Albion,Luton,A,R Jones,21,10.904761904761905,12.095238095238095,5.238095238095238,3.9047619047619047,2.4285714285714284,10,10.2,12.0,2.6,4.5,11.333333333333334,10.8,10.1,7.666666666666667,9.2,10.6,3.4,4.6,1.8,14.0,13.0,4.0,2.0
06c80db4fa069498ea20,2023-24,2024-02-03,Brighton & Hove Albion,Crystal Palace,H,S Hooper,22,11.045454545454545,12.136363636363637,5.181818181818182,4.045454545454546,2.409090909090909,11,11.545454545454545,12.181818181818182,7.636363636363637,3.3636363636363638,10.0,11.8,10.2,10.0,9.6,10.3,4.0,4.0,1.6,8.0,14.0,3.0,1.0
dd8ce445f7344963d7db,2023-24,2024-02-10,Brighton & Hove Albion,Tottenham,A,S Barrott,23,10.91304347826087,12.217391304347826,5.086956521739131,3.9565217391304346,2.347826086956522,11,10.545454545454545,12.090909090909092,2.727272727272727,4.7272727272727275,10.666666666666666,11.2,10.3,13.333333333333334,10.0,10.5,4.4,3.8,1.4,13.0,14.0,6.0,3.0
5a2860b32cf3dc343d2c,2023-24,2024-02-18,Brighton & Hove Albion,Sheffield United,A,S Attwell,24,11.0,12.291666666666666,5.125,4.166666666666667,2.375,12,10.75,12.25,3.0,5.083333333333333,11.666666666666666,10.2,10.4,13.666666666666666,11.6,10.3,4.2,4.4,1.4,5.0,3.0,10.0,4.0
7a95da8c30eed43d81cb,2023-24,2024-02-24,Brighton & Hove Albion,Everton,H,T Harrington,25,10.76,11.92,5.32,4.2,2.44,12,11.25,12.333333333333334,7.25,3.25,8.666666666666666,10.0,9.9,10.333333333333334,11.4,9.8,6.2,5.0,2.2,9.0,14.0,11.0,2.0
c88694b7631b9c859c36,2023-24,2024-03-02,Brighton & Hove Albion,Fulham,A,S Hooper,26,10.692307692307692,12.0,5.538461538461538,4.153846153846154,2.423076923076923,13,10.307692307692308,11.538461538461538,3.5384615384615383,5.076923076923077,9.0,9.8,10.3,10.333333333333334,11.6,10.4,6.8,5.2,2.4,10.0,16.0,6.0,2.0
e79332c5dc8254a75a44,2023-24,2024-03-10,Brighton & Hove Albion,Nottingham Forest,H,M Salisbury,27,10.666666666666666,12.148148148148149,5.555555555555555,4.074074074074074,2.4074074074074074,13,11.076923076923077,12.461538461538462,7.538461538461538,3.230769230769231,8.0,9.0,10.4,11.0,12.2,10.9,7.2,4.2,2.4,14.0,14.0,6.0,4.0
639717501748bb1dc866,2023-24,2024-03-31,Brighton & Hove Albion,Liverpool,A,D Coote,28,10.785714285714286,12.214285714285714,5.571428571428571,4.035714285714286,2.4642857142857144,14,10.285714285714286,11.857142857142858,3.7142857142857144,4.857142857142857,11.0,10.2,10.7,14.666666666666666,12.2,11.1,7.8,4.4,3.0,6.0,20.0,4.0,3.0
4de43997bff20b3f22d2,2023-24,2024-04-03,Brighton & Hove Albion,Brentford,A,A Madley,29,10.620689655172415,12.482758620689655,5.517241379310345,4.172413793103448,2.4827586206896552,15,10.0,12.4,3.7333333333333334,5.066666666666666,10.0,8.8,9.5,16.666666666666668,13.4,12.5,7.4,4.2,3.0,12.0,9.0,5.0,1.0
81d588786cc45c3806e8,2023-24,2024-04-06,Brighton & Hove Albion,Arsenal,H,J Brooks,30,10.666666666666666,12.366666666666667,5.5,4.066666666666666,2.433333333333333,14,11.285714285714286,12.571428571428571,7.428571428571429,3.2142857142857144,10.666666666666666,10.2,10.1,14.333333333333334,14.6,13.0,6.4,3.4,2.4,14.0,13.0,8.0,1.0
218b0ce5ee4c7d119d23,2023-24,2024-04-13,Brighton & Hove Albion,Burnley,A,S Hooper,31,10.774193548387096,12.387096774193548,5.580645161290323,4.161290322580645,2.3870967741935485,16,10.125,12.1875,3.8125,4.8125,10.666666666666666,11.2,10.5,14.0,14.4,13.0,5.8,4.2,2.2,8.0,18.0,5.0,2.0
44845b7e2ed200ba4a56,2023-24,2024-04-25,Brighton & Hove Albion,Manchester City,H,J Gillett,32,10.6875,12.5625,5.5625,4.15625,2.375,15,11.466666666666667,12.6,7.466666666666667,3.466666666666667,11.333333333333334,10.8,9.9,13.333333333333334,14.8,13.5,5.6,4.6,2.2,10.0,3.0,4.0,2.0
5e878ff1bc1dc83221ad,2023-24,2024-04-28,Brighton & Hove Albion,Bournemouth,A,P Tierney,33,10.666666666666666,12.272727272727273,5.515151515151516,4.151515151515151,2.3636363636363638,17,10.0,12.529411764705882,3.8823529411764706,4.764705882352941,10.666666666666666,10.0,10.1,11.333333333333334,12.6,12.4,5.2,4.8,1.8,10.0,14.0,2.0,2.0
9289db759b05a38271d4,2023-24,2024-05-05,Brighton & Hove Albion,Aston Villa,H,R Jones,34,10.647058823529411,12.323529411764707,5.411764705882353,4.264705882352941,2.3529411764705883,16,11.375,12.0,7.25,3.5,9.333333333333334,10.8,9.8,11.666666666666666,11.4,12.4,4.8,4.8,1.6,13.0,10.0,7.0,2.0
563aaeccf8feef98d998,2023-24,2024-05-11,Brighton & Hove Albion,Newcastle United,A,D England,35,10.714285714285714,12.257142857142858,5.457142857142857,4.228571428571429,2.342857142857143,18,10.0,12.61111111111111,3.7777777777777777,4.944444444444445,11.0,11.0,10.6,9.0,11.6,13.1,5.2,5.2,1.8,16.0,9.0,4.0,4.0
8456564fe923e6b3f536,2023-24,2024-05-15,Brighton & Hove Albion,Chelsea,H,M Salisbury,36,10.86111111111111,12.166666666666666,5.416666666666667,4.333333333333333,2.388888888888889,17,11.470588235294118,11.882352941176471,7.235294117647059,3.4705882352941178,13.0,11.4,11.3,11.0,10.8,12.6,4.4,5.4,2.4,13.0,14.0,4.0,2.0
14356a6d1d070d757cf0,2023-24,2024-05-19,Brighton & Hove Albion,Manchester United,H,C Pawson,37,10.91891891891892,12.216216216216216,5.378378378378378,4.378378378378378,2.3783783783783785,18,11.555555555555555,12.0,7.055555555555555,3.611111111111111,14.0,12.4,11.6,11.0,10.0,12.4,4.2,5.8,2.4,10.0,9.0,7.0,1.0
8d5227b352d3fdb98f48,2023-24,2023-08-11,Burnley,Manchester City,H,C Pawson,0,,,,,,0,,,,,,,,,,,,,,11.0,8.0,6.0,0.0
a616ea2cbb51877c69de,2023-24,2023-08-27,Burnley,Aston Villa,H,M Salisbury,1,11.0,8.0,6.0,5.0,0.0,1,11.0,8.0,6.0,5.0,11.0,11.0,11.0,8.0,8.0,8.0,6.0,5.0,0.0,12.0,11.0,4.0,2.0
46a63a77266c5f426dc2,2023-24,2023-09-02,Burnley,Tottenham,H,D England,2,11.5,9.5,5.0,5.5,1.0,2,11.5,9.5,5.0,5.5,11.5,11.5,11.5,9.5,9.5,9.5,5.0,5.5,1.0,15.0,9.0,7.0,4.0
d1601667e6af3892c428,2023-24,2023-09-18,Burnley,Nottingham Forest,A,R Jones,3,12.666666666666666,9.333333333333334,5.666666666666667,5.0,2.0,0,,,,,12.666666666666666,12.666666666666666,12.666666666666666,9.333333333333334,9.333333333333334,9.333333333333334,5.666666666666667,5.0,2.0,10.0,16.0,4.0,3.0
f7f4389501ffcaed121f,2023-24,2023-09-23,Burnley,Manchester United,H,T Harrington,4,12.0,11.0,5.25,5.0,2.25,3,12.666666666666666,9.333333333333334,5.666666666666667,5.0,12.333333333333334,12.0,12.0,12.0,11.0,11.0,5.25,5.0,2.25,6.0,12.0,9.0,1.0
eaa40e9fb32cbf47a809,2023-24,2023-09-30,Burnley,Newcastle United,A,T Bramall,5,10.8,11.2,6.0,5.0,2.0,1,10.0,16.0,4.0,5.0,10.333333333333334,10.8,10.8,12.333333333333334,11.2,11.2,6.0,5.0,2.0,15.0,7.0,3.0,3.0
07ce35d9fc291b756371,2023-24,2023-10-03,Burnley,Luton,A,P Bankes,6,11.5,10.5,5.5,5.0,2.1666666666666665,2,12.5,11.5,3.5,5.0,10.333333333333334,11.6,11.5,11.666666666666666,11.0,10.5,5.4,5.0,2.6,6.0,14.0,6.0,2.0
5352639ae788e28ff827,2023-24,2023-10-07,Burnley,Chelsea,H,S Attwell,7,10.714285714285714,11.0,5.571428571428571,5.285714285714286,2.142857142857143,4,11.0,10.0,6.5,5.0,9.0,10.4,10.714285714285714,11.0,11.6,11.0,5.8,5.2,2.6,11.0,8.0,7.0,2.0
21cf616caa98a2e0897a,2023-24,2023-10-21,Burnley,Brentford,A,J Smith,8,10.75,10.625,5.75,5.0,2.125,3,10.333333333333334,12.333333333333334,4.333333333333333,5.666666666666667,10.666666666666666,9.6,10.75,9.666666666666666,11.4,10.625,5.8,5.0,2.2,12.0,14.0,5.0,2.0
0ee4fef5bb801b55ab80,2023-24,2023-10-28,Burnley,Bournemouth,A,S Barrott,9,10.88888888888889,11.0,5.666666666666667,5.0,2.111111111111111,4,10.75,12.75,4.5,5.5,9.666666666666666,10.0,10.88888888888889,12.0,11.0,11.0,6.0,5.0,2.0,12.0,9.0,5.0,3.0
8c09192375f258734b67,2023-24,2023-11-04,Burnley,Crystal Palace,H,P Bankes,10,11.0,10.8,5.6,5.5,2.2,5,11.0,9.6,6.6,4.6,11.666666666666666,11.2,11.0,10.333333333333334,10.4,10.8,5.2,6.0,2.4,9.0,12.0,12.0,0.0
8038051c088b7c0a04ca,2023-24,2023-11-11,Burnley,Arsenal,A,M Oliver,11,10.818181818181818,10.909090909090908,6.181818181818182,5.090909090909091,2.0,5,11.0,12.0,4.6,6.4,11.0,10.0,10.8,11.666666666666666,11.4,11.2,7.0,5.2,1.8,9.0,8.0,3.0,1.0
7ac97fddf3b45dff3976,2023-24,2023-11-25,Burnley,West Ham United,H,S Barrott,12,10.666666666666666,10.666666666666666,5.916666666666667,4.916666666666667,1.9166666666666667,6,10.666666666666666,10.0,7.5,4.0,10.0,10.6,10.5,9.666666666666666,10.2,10.9,6.4,4.4,1.6,11.0,7.0,4.0,1.0
2dd54f89b97ba588367b,2023-24,2023-12-02,Burnley,Sheffield United,H,C Kavanagh,13,10.692307692307692,10.384615384615385,5.769230769230769,4.923076923076923,1.8461538461538463,7,10.714285714285714,9.571428571428571,7.0,4.142857142857143,9.666666666666666,10.6,10.1,9.0,10.0,10.7,5.8,4.8,1.4,9.0,12.0,6.0,2.0
9cdee2d2aff8b2b842aa,2023-24,2023-12-05,Burnley,Wolverhampton Wanderers,A,J Gillett,14,10.571428571428571,10.5,5.785714285714286,4.642857142857143,1.8571428571428572,6,10.666666666666666,11.333333333333334,4.333333333333333,5.833333333333333,9.666666666666666,10.0,10.0,9.0,9.6,10.3,6.0,4.0,1.4,15.0,11.0,8.0,4.0
2309e597ab542b944511,2023-24,2023-12-09,Burnley,Brighton & Hove Albion,A,S Hooper,15,10.866666666666667,10.533333333333333,5.933333333333334,4.733333333333333,2.0,7,11.285714285714286,11.285714285714286,4.857142857142857,5.857142857142857,11.666666666666666,10.6,10.9,10.0,10.0,10.2,6.6,3.2,1.6,8.0,5.0,1.0,4.0
de3134a33f7ca34ab92e,2023-24,2023-12-16,Burnley,Everton,H,A Taylor,16,10.6875,10.1875,5.625,5.0,2.125,8,10.5,9.875,6.875,3.75,10.666666666666666,10.4,10.2,9.333333333333334,8.6,10.0,4.4,4.8,2.4,9.0,8.0,8.0,0.0
88f641260dc03e98b957,2023-24,2023-12-23,Burnley,Fulham,A,R Welch,17,10.588235294117647,10.058823529411764,5.764705882352941,5.0588235294117645,2.0,8,10.875,10.5,4.375,6.25,10.666666666666666,10.4,10.5,8.0,8.6,9.4,5.4,5.4,2.2,17.0,5.0,6.0,1.0
64e8de7bae810bc67eda,2023-24,2023-12-26,Burnley,Liverpool,H,P Tierney,18,10.944444444444445,9.777777777777779,5.777777777777778,5.222222222222222,1.9444444444444444,9,10.333333333333334,9.666666666666666,7.0,4.0,11.333333333333334,11.6,11.1,6.0,8.2,9.1,5.8,6.0,2.2,7.0,10.0,4.0,2.0
479bba7415df6d796fc0,2023-24,2023-12-30,Burnley,Aston Villa,A,S Attwell,19,10.736842105263158,9.789473684210526,5.684210526315789,5.157894736842105,1.9473684210526316,9,11.555555555555555,9.88888888888889,4.555555555555555,6.444444444444445,11.0,11.2,10.6,7.666666666666667,7.8,8.7,5.4,6.6,2.2,14.0,9.0,2.0,1.0
e0e98e81464385ee94ea,2023-24,2024-01-12,Burnley,Luton,H,T Harrington,20,10.9,9.75,5.5,5.2,1.9,10,10.0,9.7,6.7,4.0,12.666666666666666,11.0,10.8,8.0,7.4,8.7,4.2,6.6,1.6,7.0,12.0,2.0,1.0
cf76ece8664414682cbb,2023-24,2024-01-31,Burnley,Manchester City,A,S Barrott,21,10.714285714285714,9.857142857142858,5.333333333333333,5.333333333333333,1.8571428571428572,10,11.8,9.8,4.3,6.4,9.333333333333334,10.8,10.6,10.333333333333334,8.8,8.7,4.4,6.4,1.0,13.0,3.0,3.0,2.0
4f374253978c00ce0c05,2023-24,2024-02-03,Burnley,Fulham,H,D Bond,22,10.818181818181818,9.545454545454545,5.2272727272727275,5.409090909090909,1.8636363636363635,11,9.727272727272727,9.909090909090908,6.2727272727272725,4.363636363636363,11.333333333333334,11.6,11.0,8.0,7.8,8.2,3.4,6.6,1.4,11.0,7.0,2.0,2.0
e45c7b0c07196ba07236,2023-24,2024-02-10,Burnley,Liverpool,A,T Robinson,23,10.826086956521738,9.434782608695652,5.086956521739131,5.739130434782608,1.8695652173913044,11,11.909090909090908,9.181818181818182,4.181818181818182,6.454545454545454,10.333333333333334,10.4,11.0,7.333333333333333,8.2,8.2,2.6,7.6,1.6,13.0,11.0,3.0,2.0
07926bdd1cde2cc21a01,2023-24,2024-02-17,Burnley,Arsenal,H,J Gillett,24,10.916666666666666,9.5,5.0,5.875,1.875,12,9.833333333333334,9.666666666666666,5.916666666666667,5.083333333333333,12.333333333333334,11.6,11.4,7.0,8.4,8.1,2.4,8.6,1.6,11.0,8.0,4.0,2.0
2a562ee7a48334fb13b0,2023-24,2024-02-24,Burnley,Crystal Palace,A,L Smith,25,10.92,9.44,4.96,5.88,1.88,12,12.0,9.333333333333334,4.083333333333333,6.666666666666667,11.666666666666666,11.0,11.0,8.666666666666666,8.2,7.8,2.8,8.6,1.8,13.0,8.0,3.0,1.0
59da52c611dfd5cb7354,2023-24,2024-03-03,Burnley,Bournemouth,H,D Coote,26,11.0,9.384615384615385,4.884615384615385,6.115384615384615,1.8461538461538463,13,9.923076923076923,9.538461538461538,5.769230769230769,5.153846153846154,12.333333333333334,12.2,11.5,9.0,7.4,8.1,3.0,9.4,1.8,8.0,13.0,7.0,2.0
bbb96bf2d9e61210e310,2023-24,2024-03-10,Burnley,West Ham United,A,D England,27,10.88888888888889,9.518518518518519,4.962962962962963,5.962962962962963,1.8518518518518519,13,12.076923076923077,9.23076923076923,4.0,7.076923076923077,10.666666666666666,11.2,11.4,9.666666666666666,9.4,8.6,3.8,8.4,1.8,18.0,11.0,4.0,4.0
17d05f087ca6dfda1ef8,2023-24,2024-03-16,Burnley,Brentford,H,D Bond,28,11.142857142857142,9.571428571428571,4.928571428571429,5.892857142857143,1.9285714285714286,14,9.785714285714286,9.785714285714286,5.857142857142857,4.928571428571429,13.0,12.6,11.5,10.666666666666666,10.2,9.2,4.2,6.6,2.2,14.0,17.0,5.0,2.0
0f995097dc421a3faa59,2023-24,2024-03-30,Burnley,Chelsea,A,D England,29,11.241379310344827,9.827586206896552,4.931034482758621,5.827586206896552,1.9310344827586208,14,12.5,9.357142857142858,4.0,6.857142857142857,13.333333333333334,12.8,12.2,13.666666666666666,11.4,9.9,4.6,5.6,2.2,7.0,12.0,4.0,2.0
6753d55cd43c896e2f23,2023-24,2024-04-02,Burnley,Wolverhampton Wanderers,H,T Bramall,30,11.1,9.9,4.9,6.033333333333333,1.9333333333333333,15,10.066666666666666,10.266666666666667,5.8,4.866666666666666,13.0,12.0,11.5,13.333333333333334,12.2,10.2,4.6,6.8,2.2,10.0,12.0,7.0,0.0
c1e9db5907f5a08c6549,2023-24,2024-04-06,Burnley,Everton,A,M Oliver,31,11.064516129032258,9.96774193548387,4.967741935483871,5.967741935483871,1.8709677419354838,15,12.133333333333333,9.533333333333333,4.0,7.2,10.333333333333334,11.4,11.8,13.666666666666666,13.0,10.2,5.4,5.2,2.0,13.0,11.0,5.0,1.0
218b0ce5ee4c7d119d23,2023-24,2024-04-13,Burnley,Brighton & Hove Albion,H,S Hooper,32,11.125,10.0,4.96875,5.875,1.84375,16,10.0625,10.375,5.875,4.8125,10.0,12.4,11.8,11.666666666666666,12.6,11.0,5.0,5.4,1.8,18.0,8.0,4.0,1.0
f78bde296f0bc349e0a1,2023-24,2024-04-20,Burnley,Sheffield United,A,A Madley,33,11.333333333333334,9.93939393939394,4.9393939393939394,5.848484848484849,1.8181818181818181,16,12.1875,9.625,4.0625,6.9375,13.666666666666666,12.4,12.5,10.333333333333334,12.0,11.1,5.0,5.6,1.2,9.0,10.0,2.0,0.0
06f33c749fa885b7c114,2023-24,2024-04-27,Burnley,Manchester United,A,J Brooks,34,11.264705882352942,9.941176470588236,4.852941176470588,6.0,1.7647058823529411,17,12.0,9.647058823529411,3.9411764705882355,7.176470588235294,13.333333333333334,11.4,12.1,9.666666666666666,10.6,11.0,4.4,7.0,0.8,11.0,7.0,5.0,3.0
11805ec8d68610d91138,2023-24,2024-05-04,Burnley,Newcastle United,H,A Taylor,35,11.257142857142858,9.857142857142858,4.857142857142857,6.0,1.8,17,10.529411764705882,10.235294117647058,5.764705882352941,4.823529411764706,12.666666666666666,12.2,12.1,8.333333333333334,9.6,10.9,4.6,5.8,1.0,8.0,8.0,4.0,2.0
cac77b6454fc87dafed1,2023-24,2024-05-11,Burnley,Tottenham,A,J Gillett,36,11.166666666666666,9.805555555555555,4.833333333333333,6.138888888888889,1.8055555555555556,18,11.944444444444445,9.5,4.0,7.111111111111111,9.333333333333334,11.8,11.6,8.333333333333334,8.8,10.9,4.0,7.2,1.4,14.0,10.0,3.0,5.0
448813b9d96a6579a99b,2023-24,2024-05-19,Burnley,Nottingham Forest,H,G Scott,37,11.243243243243244,9.81081081081081,4.783783783783784,6.216216216216216,1.8918918918918919,18,10.38888888888889,10.11111111111111,5.666666666666667,5.166666666666667,11.0,12.0,12.2,8.333333333333334,8.6,10.6,3.6,8.4,2.2,11.0,5.0,4.0,1.0
00942a8b6bdbaf5f9517,2023-24,2023-08-13,Chelsea,Liverpool,H,A Taylor,0,,,,,,0,,,,,,,,,,,,,,5.0,12.0,4.0,3.0
f97e412f265c2d454a92,2023-24,2023-08-20,Chelsea,West Ham United,A,J Brooks,1,5.0,12.0,4.0,4.0,3.0,0,,,,,5.0,5.0,5.0,12.0,12.0,12.0,4.0,4.0,3.0,9.0,12.0,9.0,3.0
157f04d46d92999e3b7f,2023-24,2023-08-25,Chelsea,Luton,H,R Jones,2,7.0,12.0,6.5,3.5,3.0,1,5.0,12.0,4.0,4.0,7.0,7.0,7.0,12.0,12.0,12.0,6.5,3.5,3.0,15.0,12.0,6.0,2.0
13be68fc70f15c6208af,2023-24,2023-09-02,Chelsea,Nottingham Forest,H,T Robinson,3,9.666666666666666,12.0,6.333333333333333,3.6666666666666665,2.6666666666666665,2,10.0,12.0,5.0,4.0,9.666666666666666,9.666666666666666,9.666666666666666,12.0,12.0,12.0,6.333333333333333,3.6666666666666665,2.6666666666666665,10.0,9.0,8.0,3.0
79aa63eb6324a7a818aa,2023-24,2023-09-17,Chelsea,Bournemouth,A,D Coote,4,9.75,11.25,6.75,2.75,2.75,1,9.0,12.0,9.0,3.0,11.333333333333334,9.75,9.75,11.0,11.25,11.25,6.75,2.75,2.75,20.0,15.0,7.0,5.0
b5dcee3b39143f3c51f9,2023-24,2023-09-24,Chelsea,Aston Villa,H,J Gillett,5,11.8,12.0,6.8,2.4,3.2,3,10.0,11.0,6.0,2.6666666666666665,15.0,11.8,11.8,12.0,12.0,12.0,6.8,2.4,3.2,9.0,11.0,5.0,2.0
59debc9834902000b8f4,2023-24,2023-10-02,Chelsea,Fulham,A,T Robinson,6,11.333333333333334,11.833333333333334,6.5,3.8333333333333335,3.0,2,14.5,13.5,8.0,2.0,13.0,12.6,11.333333333333334,11.666666666666666,11.8,11.833333333333334,7.0,3.8,3.0,12.0,15.0,1.0,4.0
5352639ae788e28ff827,2023-24,2023-10-07,Chelsea,Burnley,A,S Attwell,7,11.428571428571429,12.285714285714286,5.714285714285714,4.428571428571429,3.142857142857143,3,13.666666666666666,14.0,5.666666666666667,4.0,13.666666666666666,13.2,11.428571428571429,13.666666666666666,12.4,12.285714285714286,5.4,4.8,3.2,8.0,11.0,3.0,4.0
fdb007d2e41813d62388,2023-24,2023-10-21,Chelsea,Arsenal,H,C Kavanagh,8,11.0,12.125,5.375,4.75,3.25,4,9.75,11.0,5.75,4.75,9.666666666666666,11.8,11.0,12.333333333333334,12.2,12.125,4.8,5.4,3.6,7.0,14.0,2.0,3.0
4910f0ceea2817698b74,2023-24,2023-10-28,Chelsea,Brentford,H,S Hooper,9,10.555555555555555,12.333333333333334,5.0,5.0,3.2222222222222223,5,9.2,11.6,5.0,5.2,9.0,11.2,10.555555555555555,13.333333333333334,13.2,12.333333333333334,3.6,6.8,3.6,12.0,7.0,10.0,1.0
1a23eb885a8de40dbdfb,2023-24,2023-11-06,Chelsea,Tottenham,A,M Oliver,10,10.7,11.8,5.5,4.6,3.0,4,12.25,13.25,5.0,4.75,9.0,9.6,10.7,10.666666666666666,11.6,11.8,4.2,6.8,2.8,21.0,12.0,6.0,5.0
2491572afe29753390fa,2023-24,2023-11-12,Chelsea,Manchester City,H,A Taylor,11,11.636363636363637,11.818181818181818,5.545454545454546,4.2727272727272725,3.1818181818181817,6,9.666666666666666,10.833333333333334,5.833333333333333,4.5,13.333333333333334,12.0,12.3,11.0,11.8,11.8,4.4,4.8,3.4,12.0,15.0,3.0,5.0
43b108d394bb423631cd,2023-24,2023-11-25,Chelsea,Newcastle United,A,S Hooper,12,11.666666666666666,12.083333333333334,5.333333333333333,4.166666666666667,3.3333333333333335,5,14.0,13.0,5.2,4.0,15.0,12.0,12.6,11.333333333333334,11.8,12.1,4.8,3.8,3.6,19.0,13.0,2.0,4.0
12098d80700ec31cd5e8,2023-24,2023-12-03,Chelsea,Brighton & Hove Albion,H,C Pawson,13,12.23076923076923,12.153846153846153,5.076923076923077,4.153846153846154,3.3846153846153846,7,10.0,11.428571428571429,5.428571428571429,4.285714285714286,17.333333333333332,14.2,13.0,13.333333333333334,12.2,12.2,4.6,3.2,3.6,16.0,12.0,5.0,3.0
4523b77080fdb500be35,2023-24,2023-12-06,Chelsea,Manchester United,A,C Kavanagh,14,12.5,12.142857142857142,5.071428571428571,4.428571428571429,3.357142857142857,6,14.833333333333334,13.0,4.666666666666667,4.0,15.666666666666666,16.0,13.6,13.333333333333334,11.8,12.5,5.2,3.4,3.6,12.0,12.0,4.0,0.0
60c64955ef458dfe3314,2023-24,2023-12-10,Chelsea,Everton,A,M Oliver,15,12.466666666666667,12.133333333333333,5.0,4.933333333333334,3.1333333333333333,7,14.428571428571429,12.857142857142858,4.571428571428571,5.142857142857143,15.666666666666666,16.0,12.8,12.333333333333334,12.8,12.2,4.0,5.6,3.4,12.0,12.0,8.0,2.0
c3ec8a270fd62c1a974c,2023-24,2023-12-16,Chelsea,Sheffield United,H,A Madley,16,12.4375,12.125,5.1875,4.875,3.0625,8,10.75,11.5,5.375,4.75,13.333333333333334,14.2,13.1,12.0,12.8,12.3,4.4,6.2,2.8,9.0,14.0,7.0,1.0
9595e8da9980aec1bcfe,2023-24,2023-12-24,Chelsea,Wolverhampton Wanderers,A,D Coote,17,12.235294117647058,12.235294117647058,5.294117647058823,4.9411764705882355,2.9411764705882355,8,14.125,12.75,5.0,5.0,11.0,13.6,12.8,12.666666666666666,12.6,12.2,5.2,6.8,2.0,9.0,11.0,6.0,5.0
500e47b622e9b3ade5c8,2023-24,2023-12-27,Chelsea,Crystal Palace,H,M Salisbury,18,12.055555555555555,12.166666666666666,5.333333333333333,5.222222222222222,3.0555555555555554,9,10.555555555555555,11.777777777777779,5.555555555555555,4.888888888888889,10.0,11.6,12.9,12.333333333333334,12.2,12.2,6.0,8.0,2.2,13.0,16.0,4.0,3.0
b85045f4da39290b0400,2023-24,2023-12-30,Chelsea,Luton,A,P Tierney,19,12.105263157894736,12.368421052631579,5.2631578947368425,5.105263157894737,3.0526315789473686,9,13.555555555555555,12.555555555555555,5.111111111111111,5.555555555555555,10.333333333333334,11.0,13.5,13.666666666666666,13.0,12.4,5.8,7.0,2.2,21.0,14.0,2.0,2.0
7b1773fb8ee986e70626,2023-24,2024-01-13,Chelsea,Fulham,H,A Taylor,20,12.55,12.45,5.1,5.2,3.0,10,10.8,12.2,5.4,4.7,14.333333333333334,12.8,14.4,13.666666666666666,13.4,13.1,5.4,6.0,2.6,13.0,9.0,6.0,5.0
3d34b1f956d296b1f92d,2023-24,2024-01-31,Chelsea,Liverpool,A,P Tierney,21,12.571428571428571,12.285714285714286,5.142857142857143,5.142857142857143,3.0952380952380953,10,14.3,12.7,4.8,5.7,15.666666666666666,13.0,13.6,13.0,12.8,12.8,5.0,6.0,3.2,16.0,15.0,1.0,4.0
caeb14e26441197a17b9,2023-24,2024-02-04,Chelsea,Wolverhampton Wanderers,H,T Robinson,22,12.727272727272727,12.409090909090908,4.954545454545454,5.2727272727272725,3.1363636363636362,11,11.0,11.909090909090908,5.454545454545454,4.636363636363637,16.666666666666668,14.4,14.0,12.666666666666666,13.0,12.8,3.8,6.4,3.8,15.0,11.0,10.0,3.0
ffbca15c3a340096c9a3,2023-24,2024-02-12,Chelsea,Crystal Palace,A,M Oliver,23,12.826086956521738,12.347826086956522,5.173913043478261,5.086956521739131,3.130434782608696,11,14.454545454545455,12.909090909090908,4.454545454545454,5.909090909090909,14.666666666666666,15.6,13.6,11.666666666666666,13.0,12.6,4.6,4.6,3.4,7.0,14.0,7.0,2.0
23400484e8e6aac7f3d7,2023-24,2024-02-17,Chelsea,Manchester City,A,A Madley,24,12.583333333333334,12.416666666666666,5.25,4.916666666666667,3.0833333333333335,12,13.833333333333334,13.0,4.666666666666667,5.5,12.666666666666666,14.4,12.7,13.333333333333334,12.6,12.8,5.2,4.2,3.2,12.0,7.0,1.0,3.0
625f19b9ec4db20a1b80,2023-24,2024-03-02,Chelsea,Brentford,A,J Gillett,25,12.56,12.2,5.08,5.2,3.08,13,13.692307692307692,12.538461538461538,4.384615384615385,6.0,11.333333333333334,12.6,12.7,10.666666666666666,11.2,12.3,5.0,5.2,3.4,9.0,10.0,6.0,1.0
39db47e1762196f9cb29,2023-24,2024-03-11,Chelsea,Newcastle United,H,J Brooks,26,12.423076923076923,12.115384615384615,5.115384615384615,5.0,3.0,12,11.333333333333334,11.833333333333334,5.833333333333333,4.333333333333333,9.333333333333334,11.8,12.4,10.333333333333334,11.4,12.1,5.0,4.4,2.6,12.0,7.0,0.0,3.0
0f995097dc421a3faa59,2023-24,2024-03-30,Chelsea,Burnley,H,D England,27,12.407407407407407,11.925925925925926,4.925925925925926,4.962962962962963,3.0,13,11.384615384615385,11.461538461538462,5.384615384615385,4.3076923076923075,11.0,11.0,12.7,8.0,9.8,11.4,4.8,3.6,2.4,12.0,7.0,12.0,2.0
b5bd76439039c3115e02,2023-24,2024-04-04,Chelsea,Manchester United,H,J Gillett,28,12.392857142857142,11.75,5.178571428571429,4.928571428571429,2.9642857142857144,14,11.428571428571429,11.142857142857142,5.857142857142857,4.285714285714286,11.0,10.4,13.0,8.0,9.0,11.0,5.2,4.2,2.2,7.0,15.0,12.0,3.0
1d93e8edf61477de66a1,2023-24,2024-04-07,Chelsea,Sheffield United,A,R Jones,29,12.206896551724139,11.862068965517242,5.413793103448276,4.862068965517241,2.9655172413793105,14,13.357142857142858,12.357142857142858,4.5,5.571428571428571,10.333333333333334,10.4,12.4,9.666666666666666,9.2,10.9,6.2,4.6,2.4,10.0,12.0,6.0,2.0
d2f6da16c49135573a1e,2023-24,2024-04-15,Chelsea,Everton,H,P Tierney,30,12.133333333333333,11.866666666666667,5.433333333333334,4.933333333333334,2.933333333333333,15,11.133333333333333,11.4,6.266666666666667,4.2,9.666666666666666,10.0,11.3,11.333333333333334,10.2,10.7,7.2,3.6,2.2,5.0,21.0,4.0,1.0
b92901bb87b56c8c719d,2023-24,2024-04-23,Chelsea,Arsenal,A,S Hooper,31,11.903225806451612,12.161290322580646,5.387096774193548,5.032258064516129,2.870967741935484,15,13.133333333333333,12.333333333333334,4.6,5.666666666666667,7.333333333333333,9.2,10.5,16.0,12.4,11.9,6.8,5.2,2.2,11.0,12.0,2.0,2.0
6ad35b8cf00558e2b86f,2023-24,2024-04-27,Chelsea,Aston Villa,A,C Pawson,32,11.875,12.15625,5.28125,5.0,2.84375,16,13.0,12.3125,4.4375,5.5625,8.666666666666666,9.0,10.0,15.0,13.4,11.6,7.2,5.2,2.0,14.0,13.0,4.0,5.0
843e6ff70aac51beb2c1,2023-24,2024-05-02,Chelsea,Tottenham,H,R Jones,33,11.93939393939394,12.181818181818182,5.242424242424242,4.909090909090909,2.909090909090909,16,10.75,12.0,6.125,4.4375,10.0,9.4,9.9,15.333333333333334,14.6,11.8,5.6,4.8,2.6,12.0,16.0,4.0,0.0
d844dfd35d2c29e9b8bd,2023-24,2024-05-05,Chelsea,West Ham United,H,A Madley,34,11.941176470588236,12.294117647058824,5.205882352941177,5.029411764705882,2.823529411764706,17,10.823529411764707,12.235294117647058,6.0,4.705882352941177,12.333333333333334,10.4,10.4,13.666666666666666,14.8,12.0,4.0,6.0,2.0,12.0,10.0,8.0,1.0
630360fca51c525d0e4e,2023-24,2024-05-11,Chelsea,Nottingham Forest,A,T Harrington,35,11.942857142857143,12.228571428571428,5.285714285714286,5.057142857142857,2.7714285714285714,17,13.058823529411764,12.352941176470589,4.411764705882353,5.352941176470588,12.666666666666666,10.8,10.4,13.0,14.4,12.3,4.4,5.8,1.8,8.0,14.0,6.0,3.0
8456564fe923e6b3f536,2023-24,2024-05-15,Chelsea,Brighton & Hove Albion,A,M Salisbury,36,11.833333333333334,12.277777777777779,5.305555555555555,5.055555555555555,2.7777777777777777,18,12.777777777777779,12.444444444444445,4.5,5.333333333333333,10.666666666666666,11.4,10.3,13.333333333333334,13.0,12.7,4.8,5.2,2.2,14.0,13.0,6.0,2.0
f2205f69e49de339bb7b,2023-24,2024-05-19,Chelsea,Bournemouth,H,A Taylor,37,11.891891891891891,12.297297297297296,5.324324324324325,5.027027027027027,2.7567567567567566,18,10.88888888888889,12.11111111111111,6.111111111111111,4.777777777777778,11.333333333333334,12.0,10.5,12.333333333333334,13.2,13.3,5.6,5.2,2.2,5.0,9.0,6.0,2.0
adfa0ff2170ae937243e,2023-24,2023-08-12,Crystal Palace,Sheffield United,A,J Brooks,0,,,,,,0,,,,,,,,,,,,,,11.0,18.0,5.0,0.0
1bb051654e1187eb24ac,2023-24,2023-08-21,Crystal Palace,Arsenal,H,D Coote,1,11.0,18.0,5.0,5.0,0.0,0,,,,,11.0,11.0,11.0,18.0,18.0,18.0,5.0,5.0,0.0,14.0,10.0,1.0,2.0
9fe4cfd7c48b6e057655,2023-24,2023-08-26,Crystal Palace,Brentford,A,P Bankes,2,12.5,14.0,3.0,6.5,1.0,1,11.0,18.0,5.0,5.0,12.5,12.5,12.5,14.0,14.0,14.0,3.0,6.5,1.0,15.0,9.0,6.0,0.0
17c1bc6a3fd4308e248e,2023-24,2023-09-03,Crystal Palace,Wolverhampton Wanderers,H,R Jones,3,13.333333333333334,12.333333333333334,4.0,7.0,0.6666666666666666,1,14.0,10.0,1.0,8.0,13.333333333333334,13.333333333333334,13.333333333333334,12.333333333333334,12.333333333333334,12.333333333333334,4.0,7.0,0.6666666666666666,12.0,12.0,4.0,1.0
f2c5267e14aee12e950a,2023-24,2023-09-16,Crystal Palace,Aston Villa,A,D England,4,13.0,12.25,4.0,5.75,0.75,2,13.0,13.5,5.5,6.5,13.666666666666666,13.0,13.0,10.333333333333334,12.25,12.25,4.0,5.75,0.75,9.0,13.0,2.0,3.0
5c1ca659ff74bf935dac,2023-24,2023-09-23,Crystal Palace,Fulham,H,P Tierney,5,12.2,12.4,3.6,5.4,1.2,2,13.0,11.0,2.5,5.0,12.0,12.2,12.2,11.333333333333334,12.4,12.4,3.6,5.4,1.2,10.0,15.0,3.0,3.0
c3141c84075de519cf9c,2023-24,2023-09-30,Crystal Palace,Manchester United,A,C Kavanagh,6,11.833333333333334,12.833333333333334,3.5,4.833333333333333,1.5,3,11.666666666666666,13.333333333333334,4.333333333333333,5.666666666666667,10.333333333333334,12.0,11.833333333333334,13.333333333333334,11.8,12.833333333333334,3.2,4.8,1.8,8.0,10.0,4.0,2.0
cf8e024177d3455d563c,2023-24,2023-10-07,Crystal Palace,Nottingham Forest,H,C Pawson,7,11.285714285714286,12.428571428571429,3.5714285714285716,5.571428571428571,1.5714285714285714,3,12.0,12.333333333333334,2.6666666666666665,4.0,9.0,10.8,11.285714285714286,12.666666666666666,11.8,12.428571428571429,3.8,5.2,1.8,7.0,12.0,3.0,0.0
95e276f111b9d3b57e4a,2023-24,2023-10-21,Crystal Palace,Newcastle United,A,T Robinson,8,10.75,12.375,3.5,5.75,1.375,4,10.75,12.5,4.25,6.75,8.333333333333334,9.2,10.75,12.333333333333334,12.4,12.375,3.2,5.0,1.8,12.0,7.0,8.0,3.0
d8383facd879687d2fe9,2023-24,2023-10-27,Crystal Palace,Tottenham,H,A Madley,9,10.88888888888889,11.777777777777779,4.0,5.777777777777778,1.5555555555555556,4,10.75,12.25,2.75,4.75,9.0,9.2,10.88888888888889,9.666666666666666,11.4,11.777777777777779,4.0,5.8,2.2,19.0,11.0,11.0,2.0
8c09192375f258734b67,2023-24,2023-11-04,Crystal Palace,Burnley,A,P Bankes,10,11.7,11.7,4.7,5.4,1.6,5,11.0,11.4,5.0,6.6,12.666666666666666,11.2,11.7,10.0,11.0,11.7,5.8,5.4,2.0,12.0,9.0,1.0,5.0
a4d1caae25bc21090b88,2023-24,2023-11-11,Crystal Palace,Everton,H,S Barrott,11,11.727272727272727,11.454545454545455,4.363636363636363,6.0,1.9090909090909092,5,12.4,12.0,4.4,4.2,14.333333333333334,11.6,11.8,9.0,9.8,10.8,5.4,7.4,2.4,9.0,18.0,9.0,1.0
58a5beb66836020532ad,2023-24,2023-11-25,Crystal Palace,Luton,A,J Gillett,12,11.5,12.0,4.75,5.666666666666667,1.8333333333333333,6,11.166666666666666,11.0,4.333333333333333,7.5,13.333333333333334,11.8,11.3,12.666666666666666,11.4,11.6,6.4,5.8,2.2,12.0,15.0,5.0,1.0
97839c0fedf9f5ffdbd0,2023-24,2023-12-03,Crystal Palace,West Ham United,A,M Oliver,13,11.538461538461538,12.23076923076923,4.769230769230769,5.538461538461538,1.7692307692307692,7,11.285714285714286,11.571428571428571,4.428571428571429,7.0,11.0,12.8,11.0,14.0,12.0,12.2,6.8,5.2,2.4,7.0,17.0,3.0,0.0
71deb7446bc2caa3241a,2023-24,2023-12-06,Crystal Palace,Bournemouth,H,C Pawson,14,11.214285714285714,12.571428571428571,4.642857142857143,5.285714285714286,1.6428571428571428,6,11.833333333333334,13.0,5.166666666666667,3.8333333333333335,9.333333333333334,11.8,10.5,16.666666666666668,14.0,12.7,5.8,4.4,1.8,10.0,17.0,3.0,1.0
fefa04bdba14488abd3a,2023-24,2023-12-09,Crystal Palace,Liverpool,H,A Madley,15,11.133333333333333,12.866666666666667,4.533333333333333,5.533333333333333,1.6,7,11.571428571428571,13.571428571428571,4.857142857142857,4.571428571428571,9.666666666666666,10.0,10.6,16.333333333333332,15.2,13.1,4.2,5.8,1.6,17.0,17.0,6.0,5.0
6f9046e5b5571c9ad97d,2023-24,2023-12-16,Crystal Palace,Manchester City,A,P Tierney,16,11.5,13.125,4.625,5.5,1.8125,8,10.75,12.25,4.25,6.375,11.333333333333334,11.0,11.3,17.0,16.8,13.3,5.2,4.4,1.6,9.0,12.0,1.0,1.0
692b52ff76d4d65dd7c9,2023-24,2023-12-21,Crystal Palace,Brighton & Hove Albion,H,J Brooks,17,11.352941176470589,13.058823529411764,4.411764705882353,5.529411764705882,1.7647058823529411,8,12.25,14.0,5.0,4.625,12.0,11.0,11.4,15.333333333333334,15.6,13.5,3.6,5.2,1.6,12.0,11.0,3.0,5.0
500e47b622e9b3ade5c8,2023-24,2023-12-27,Crystal Palace,Chelsea,A,M Salisbury,18,11.38888888888889,12.944444444444445,4.333333333333333,5.277777777777778,1.9444444444444444,9,10.555555555555555,12.222222222222221,3.888888888888889,6.333333333333333,12.666666666666666,11.0,11.9,13.333333333333334,14.8,13.4,3.2,4.6,2.4,16.0,13.0,3.0,2.0
317b6cc23679e88da296,2023-24,2023-12-30,Crystal Palace,Brentford,H,R Jones,19,11.631578947368421,12.947368421052632,4.2631578947368425,5.2105263157894735,1.9473684210526316,9,12.222222222222221,13.666666666666666,4.777777777777778,4.222222222222222,12.333333333333334,12.8,12.3,12.0,14.0,14.0,3.2,5.0,2.8,14.0,10.0,7.0,0.0
be9a52a6bcdc8cfab928,2023-24,2024-01-20,Crystal Palace,Arsenal,A,P Tierney,20,11.75,12.8,4.4,5.15,1.85,10,11.1,12.3,3.8,6.1,14.0,13.6,11.8,11.333333333333334,12.6,13.9,4.0,4.0,2.6,12.0,8.0,7.0,0.0
9fd5433c8bc8f2906527,2023-24,2024-01-30,Crystal Palace,Sheffield United,H,T Harrington,21,11.761904761904763,12.571428571428571,4.523809523809524,5.190476190476191,1.7619047619047619,10,12.4,13.3,5.0,4.2,14.0,12.6,11.8,10.333333333333334,10.8,13.8,4.2,4.2,1.6,8.0,18.0,11.0,1.0
06c80db4fa069498ea20,2023-24,2024-02-03,Crystal Palace,Brighton & Hove Albion,A,S Hooper,22,11.590909090909092,12.818181818181818,4.818181818181818,5.0,1.7272727272727273,11,11.181818181818182,11.909090909090908,4.090909090909091,6.090909090909091,11.333333333333334,12.4,11.7,12.0,12.0,13.8,6.2,3.2,1.6,14.0,8.0,2.0,3.0
ffbca15c3a340096c9a3,2023-24,2024-02-12,Crystal Palace,Chelsea,H,M Oliver,23,11.695652173913043,12.608695652173912,4.695652173913044,4.913043478260869,1.7826086956521738,11,12.0,13.727272727272727,5.545454545454546,3.909090909090909,11.333333333333334,12.8,11.9,11.333333333333334,11.4,13.1,6.0,3.6,1.2,14.0,7.0,1.0,2.0
73ddcd7fb322727cf2ae,2023-24,2024-02-19,Crystal Palace,Everton,A,P Tierney,24,11.791666666666666,12.375,4.541666666666667,5.0,1.7916666666666667,12,11.416666666666666,11.583333333333334,3.9166666666666665,5.833333333333333,12.0,12.4,12.6,11.0,10.2,12.1,5.6,4.2,1.2,12.0,8.0,6.0,2.0
2a562ee7a48334fb13b0,2023-24,2024-02-24,Crystal Palace,Burnley,H,L Smith,25,11.8,12.2,4.6,4.92,1.8,12,12.166666666666666,13.166666666666666,5.166666666666667,4.166666666666667,13.333333333333334,12.0,12.8,7.666666666666667,9.8,11.2,5.4,4.0,1.6,8.0,13.0,12.0,3.0
d1fc6a9227cd789c7298,2023-24,2024-03-02,Crystal Palace,Tottenham,A,J Brooks,26,11.653846153846153,12.23076923076923,4.884615384615385,4.846153846153846,1.8461538461538463,13,11.461538461538462,11.307692307692308,4.076923076923077,5.615384615384615,11.333333333333334,11.2,11.9,9.333333333333334,10.8,10.8,6.4,3.4,2.2,16.0,7.0,1.0,2.0
3efa0fbc68d2ada1772c,2023-24,2024-03-09,Crystal Palace,Luton,H,S Singh,27,11.814814814814815,12.037037037037036,4.7407407407407405,5.074074074074074,1.8518518518518519,13,11.846153846153847,13.153846153846153,5.6923076923076925,4.076923076923077,12.0,12.8,12.6,9.333333333333334,8.6,10.3,4.4,5.4,2.4,20.0,11.0,8.0,2.0
c36ed87ee5874ce3776b,2023-24,2024-03-30,Crystal Palace,Nottingham Forest,A,C Kavanagh,28,12.107142857142858,12.0,4.857142857142857,5.107142857142857,1.8571428571428572,14,11.785714285714286,11.0,3.857142857142857,6.0,14.666666666666666,14.0,13.4,10.333333333333334,9.2,10.3,5.6,6.0,2.2,12.0,14.0,6.0,1.0
51588e1ad39f4310b2d5,2023-24,2024-04-02,Crystal Palace,Bournemouth,A,G Scott,29,12.10344827586207,12.068965517241379,4.896551724137931,5.068965517241379,1.8275862068965518,15,11.8,11.2,4.0,5.866666666666666,16.0,13.6,13.0,10.666666666666666,10.6,10.4,6.6,5.4,2.0,14.0,13.0,2.0,2.0
a9d75bc4174d95d619b7,2023-24,2024-04-06,Crystal Palace,Manchester City,H,P Tierney,30,12.166666666666666,12.1,4.8,5.2,1.8333333333333333,14,12.428571428571429,13.0,5.857142857142857,4.214285714285714,15.333333333333334,14.0,13.0,12.666666666666666,11.6,10.7,5.8,6.6,2.0,13.0,3.0,2.0,1.0
f8d44780dfcabd514709,2023-24,2024-04-14,Crystal Palace,Liverpool,A,C Kavanagh,31,12.193548387096774,11.806451612903226,4.709677419354839,5.32258064516129,1.8064516129032258,16,11.9375,11.3125,3.875,6.0625,13.0,15.0,13.1,10.0,9.6,10.2,3.8,7.8,1.6,10.0,10.0,1.0,1.0
082cd5909b148d07a5e9,2023-24,2024-04-21,Crystal Palace,West Ham United,H,G Scott,32,12.125,11.75,4.59375,5.5,1.78125,15,12.466666666666667,12.333333333333334,5.6,4.533333333333333,12.333333333333334,13.8,13.3,8.666666666666666,10.2,9.4,3.8,7.8,1.4,9.0,9.0,4.0,3.0
cf654c89c4d29b2252ab,2023-24,2024-04-24,Crystal Palace,Newcastle United,H,T Bramall,33,12.030303030303031,11.666666666666666,4.575757575757576,5.333333333333333,1.8181818181818181,16,12.25,12.125,5.5,4.25,10.666666666666666,11.6,12.8,7.333333333333333,9.8,9.5,3.0,6.6,1.6,10.0,15.0,7.0,3.0
7941e88ebd61319088ee,2023-24,2024-04-27,Crystal Palace,Fulham,A,S Attwell,34,11.970588235294118,11.764705882352942,4.647058823529412,5.235294117647059,1.8529411764705883,17,11.823529411764707,11.235294117647058,3.7058823529411766,6.352941176470588,9.666666666666666,11.2,12.4,11.333333333333334,10.0,10.3,3.2,6.2,2.0,15.0,11.0,9.0,2.0
9c6640f8ec2b95697bf3,2023-24,2024-05-06,Crystal Palace,Manchester United,H,J Gillett,35,12.057142857142857,11.742857142857142,4.771428571428571,5.228571428571429,1.8571428571428572,17,12.117647058823529,12.294117647058824,5.588235294117647,4.117647058823529,11.333333333333334,11.4,12.7,11.666666666666666,9.6,10.6,4.6,5.4,2.0,12.0,8.0,6.0,1.0
1aaf53d72d290d5eda31,2023-24,2024-05-11,Crystal Palace,Wolverhampton Wanderers,A,T Bramall,36,12.055555555555555,11.63888888888889,4.805555555555555,5.166666666666667,1.8333333333333333,18,12.0,11.222222222222221,4.0,6.277777777777778,12.333333333333334,11.2,13.1,11.333333333333334,10.6,10.1,5.4,4.2,2.0,12.0,13.0,3.0,2.0
4dbba7c37700344f604e,2023-24,2024-05-19,Crystal Palace,Aston Villa,H,D Bond,37,12.054054054054054,11.675675675675675,4.756756756756757,5.243243243243243,1.837837837837838,18,12.11111111111111,12.055555555555555,5.611111111111111,4.055555555555555,13.0,11.6,12.7,10.666666666666666,11.2,10.7,5.8,3.6,2.2,10.0,8.0,2.0,1.0
401d35f6264889c4f4d3,2023-24,2023-08-12,Everton,Fulham,H,S Attwell,0,,,,,,0,,,,,,,,,,,,,,12.0,6.0,10.0,0.0
ee0acbc91a9fe08987d3,2023-24,2023-08-20,Everton,Aston Villa,A,A Taylor,1,12.0,6.0,10.0,4.0,0.0,0,,,,,12.0,12.0,12.0,6.0,6.0,6.0,10.0,4.0,0.0,12.0,8.0,6.0,4.0
b49e62b29190b31eb43b,2023-24,2023-08-26,Everton,Wolverhampton Wanderers,H,C Pawson,2,12.0,7.0,8.0,5.5,2.0,1,12.0,6.0,10.0,4.0,12.0,12.0,12.0,7.0,7.0,7.0,8.0,5.5,2.0,10.0,14.0,7.0,3.0
a6db6337a516dfa25ab5,2023-24,2023-09-02,Everton,Sheffield United,A,A Madley,3,11.333333333333334,9.333333333333334,7.666666666666667,3.6666666666666665,2.3333333333333335,1,12.0,8.0,6.0,7.0,11.333333333333334,11.333333333333334,11.333333333333334,9.333333333333334,9.333333333333334,9.333333333333334,7.666666666666667,3.6666666666666665,2.3333333333333335,13.0,11.0,6.0,2.0
67bdf580d99c37bfad31,2023-24,2023-09-17,Everton,Arsenal,H,S Hooper,4,11.75,9.75,7.25,3.75,2.25,2,11.0,10.0,8.5,2.0,11.666666666666666,11.75,11.75,11.0,9.75,9.75,7.25,3.75,2.25,12.0,10.0,1.0,1.0
21c12825f5336c11fcea,2023-24,2023-09-23,Everton,Brentford,A,M Oliver,5,11.8,9.8,6.0,5.2,2.0,2,12.5,9.5,6.0,5.5,11.666666666666666,11.8,11.8,11.666666666666666,9.8,9.8,6.0,5.2,2.0,12.0,9.0,4.0,2.0
e1baf57ad47697e3ac7f,2023-24,2023-09-30,Everton,Luton,H,A Taylor,6,11.833333333333334,9.666666666666666,5.666666666666667,4.5,2.0,3,11.333333333333334,10.0,6.0,5.0,12.333333333333334,11.8,11.833333333333334,10.0,10.4,9.666666666666666,4.8,4.6,2.4,8.0,10.0,3.0,0.0
a772ca603280b084e5c2,2023-24,2023-10-07,Everton,Bournemouth,H,D Coote,7,11.285714285714286,9.714285714285714,5.285714285714286,4.714285714285714,1.7142857142857142,4,10.5,10.0,5.25,5.25,10.666666666666666,11.0,11.285714285714286,9.666666666666666,10.8,9.714285714285714,4.2,4.4,1.6,14.0,15.0,8.0,1.0
5444ed49b70e6ebc6162,2023-24,2023-10-21,Everton,Liverpool,A,C Pawson,8,11.625,10.375,5.625,5.0,1.625,3,12.333333333333334,9.333333333333334,5.333333333333333,4.0,11.333333333333334,11.8,11.625,11.333333333333334,11.0,10.375,4.4,5.8,1.2,9.0,9.0,4.0,1.0
7f82fc263a2e8569f1fc,2023-24,2023-10-29,Everton,West Ham United,A,S Attwell,9,11.333333333333334,10.222222222222221,5.444444444444445,5.777777777777778,1.5555555555555556,4,11.5,9.25,5.0,6.0,10.333333333333334,11.0,11.333333333333334,11.333333333333334,10.6,10.222222222222221,4.0,7.4,1.0,11.0,7.0,3.0,1.0
7fd278485b9285d72960,2023-24,2023-11-04,Everton,Brighton & Hove Albion,H,T Robinson,10,11.3,9.9,5.2,5.6,1.5,5,11.2,11.0,5.8,5.6,11.333333333333334,10.8,11.3,10.333333333333334,10.0,9.9,4.4,6.0,1.0,15.0,5.0,3.0,4.0
a4d1caae25bc21090b88,2023-24,2023-11-11,Everton,Crystal Palace,A,S Barrott,11,11.636363636363637,9.454545454545455,5.0,5.363636363636363,1.7272727272727273,5,11.4,8.8,4.6,5.6,11.666666666666666,11.4,11.6,7.0,9.2,9.8,4.2,6.4,1.4,18.0,9.0,2.0,4.0
8cacb86e1662b42a0b81,2023-24,2023-11-26,Everton,Manchester United,H,J Brooks,12,12.166666666666666,9.416666666666666,4.75,5.666666666666667,1.9166666666666667,6,11.833333333333334,10.0,5.333333333333333,5.166666666666667,14.666666666666666,13.4,12.2,7.0,9.0,9.9,4.0,7.0,2.2,10.0,8.0,6.0,3.0
642247e6cd5a5d7f269b,2023-24,2023-12-02,Everton,Nottingham Forest,A,P Tierney,13,12.0,9.307692307692308,4.846153846153846,5.615384615384615,2.0,6,12.5,8.833333333333334,4.166666666666667,6.166666666666667,14.333333333333334,12.6,12.2,7.333333333333333,7.6,9.3,3.6,6.6,2.6,14.0,15.0,3.0,0.0
c8f85108e625032544da,2023-24,2023-12-07,Everton,Newcastle United,H,T Robinson,14,12.142857142857142,9.714285714285714,4.714285714285714,5.5,1.8571428571428572,7,11.571428571428571,9.714285714285714,5.428571428571429,5.142857142857143,14.0,13.6,12.3,10.666666666666666,8.8,9.7,3.4,5.0,2.4,18.0,8.0,5.0,3.0
60c64955ef458dfe3314,2023-24,2023-12-10,Everton,Chelsea,H,M Oliver,15,12.533333333333333,9.6,4.733333333333333,5.266666666666667,1.9333333333333333,8,12.375,9.5,5.375,4.75,14.0,15.0,12.9,10.333333333333334,9.0,9.5,3.8,4.6,2.8,12.0,12.0,4.0,2.0
de3134a33f7ca34ab92e,2023-24,2023-12-16,Everton,Burnley,A,A Taylor,16,12.5,9.75,4.6875,5.4375,1.9375,7,12.714285714285714,9.714285714285714,4.0,5.857142857142857,14.666666666666666,14.4,12.9,11.666666666666666,10.4,9.8,4.0,5.6,2.4,8.0,9.0,6.0,1.0
a4fa7f3594de1cbb0699,2023-24,2023-12-23,Everton,Tottenham,A,S Attwell,17,12.235294117647058,9.705882352941176,4.764705882352941,5.588235294117647,1.8823529411764706,8,12.125,9.625,4.25,6.125,12.666666666666666,12.4,12.9,9.666666666666666,10.4,9.7,4.8,5.4,1.8,18.0,6.0,8.0,4.0
3afebccc94dff5de1e46,2023-24,2023-12-27,Everton,Manchester City,H,J Brooks,18,12.555555555555555,9.5,4.944444444444445,5.444444444444445,2.0,9,12.333333333333334,9.777777777777779,5.222222222222222,5.111111111111111,12.666666666666666,14.0,13.3,9.0,10.0,8.8,5.2,5.0,2.0,13.0,5.0,8.0,4.0
2d0f2e65138b1ef2155a,2023-24,2023-12-30,Everton,Wolverhampton Wanderers,A,T Bramall,19,12.578947368421053,9.263157894736842,5.105263157894737,5.368421052631579,2.1052631578947367,9,12.777777777777779,9.222222222222221,4.666666666666667,5.777777777777778,13.0,13.8,13.7,6.666666666666667,8.0,8.4,6.2,5.0,2.8,14.0,9.0,2.0,3.0
d36f888a2377306fd793,2023-24,2024-01-14,Everton,Aston Villa,H,D Coote,20,12.65,9.25,4.95,5.35,2.15,10,12.4,9.3,5.5,5.0,15.0,13.0,14.0,6.666666666666667,8.2,8.6,5.6,5.6,2.8,13.0,14.0,4.0,1.0
816283dde29215c9aa01,2023-24,2024-01-30,Everton,Fulham,A,T Bramall,21,12.666666666666666,9.476190476190476,4.904761904761905,5.333333333333333,2.0952380952380953,10,12.9,9.2,4.4,5.7,13.333333333333334,13.2,13.8,9.333333333333334,8.6,9.5,5.6,5.0,2.6,13.0,6.0,6.0,2.0
4b4c4c2efa80c4830862,2023-24,2024-02-03,Everton,Tottenham,H,M Oliver,22,12.681818181818182,9.318181818181818,4.954545454545454,5.7727272727272725,2.090909090909091,11,12.454545454545455,9.727272727272727,5.363636363636363,5.0,13.333333333333334,14.2,13.3,9.666666666666666,8.0,9.2,5.6,6.4,2.8,8.0,14.0,9.0,3.0
9ac1df6cc3bbb30db242,2023-24,2024-02-10,Everton,Manchester City,A,J Brooks,23,12.478260869565217,9.521739130434783,5.130434782608695,5.739130434782608,2.130434782608696,11,12.909090909090908,8.909090909090908,4.545454545454546,6.545454545454546,11.333333333333334,12.2,13.1,11.333333333333334,9.6,9.8,5.8,6.8,2.6,11.0,6.0,0.0,2.0
73ddcd7fb322727cf2ae,2023-24,2024-02-19,Everton,Crystal Palace,H,P Tierney,24,12.416666666666666,9.375,4.916666666666667,5.875,2.125,12,12.083333333333334,10.083333333333334,5.666666666666667,5.0,10.666666666666666,11.8,12.8,8.666666666666666,9.8,8.9,4.2,7.8,2.2,8.0,12.0,3.0,0.0
7a95da8c30eed43d81cb,2023-24,2024-02-24,Everton,Brighton & Hove Albion,A,T Harrington,25,12.24,9.48,4.84,5.88,2.04,12,12.75,8.666666666666666,4.166666666666667,6.75,9.0,10.6,11.8,10.666666666666666,10.4,9.3,4.4,8.0,1.6,14.0,9.0,3.0,3.0
c25da5a342f39605c3a8,2023-24,2024-03-02,Everton,West Ham United,H,C Pawson,26,12.307692307692308,9.461538461538462,4.769230769230769,6.076923076923077,2.076923076923077,13,11.76923076923077,10.23076923076923,5.461538461538462,5.076923076923077,11.0,10.8,12.0,9.0,9.4,9.0,4.2,9.2,2.0,9.0,6.0,4.0,1.0
5ad895df2a7bcef7c683,2023-24,2024-03-09,Everton,Manchester United,A,S Hooper,27,12.185185185185185,9.333333333333334,4.7407407407407405,6.037037037037037,2.037037037037037,13,12.846153846153847,8.692307692307692,4.076923076923077,7.076923076923077,10.333333333333334,10.0,12.1,9.0,9.4,8.7,3.8,7.2,1.8,11.0,13.0,8.0,2.0
e45b3c3f52b6c85c3097,2023-24,2024-03-30,Everton,Bournemouth,A,S Barrott,28,12.142857142857142,9.464285714285714,4.857142857142857,6.0,2.0357142857142856,14,12.714285714285714,9.0,4.357142857142857,6.928571428571429,11.333333333333334,10.6,11.4,9.333333333333334,9.2,9.4,3.6,7.2,1.6,11.0,14.0,8.0,2.0
cffb8ee981e7f9483c2f,2023-24,2024-04-02,Everton,Newcastle United,A,T Harrington,29,12.10344827586207,9.620689655172415,4.9655172413793105,6.103448275862069,2.0344827586206895,15,12.6,9.333333333333334,4.6,7.066666666666666,10.333333333333334,10.6,11.2,11.0,10.8,10.3,5.2,7.2,1.6,14.0,9.0,3.0,3.0
c1e9db5907f5a08c6549,2023-24,2024-04-06,Everton,Burnley,H,M Oliver,30,12.166666666666666,9.6,4.9,6.133333333333334,2.066666666666667,14,11.571428571428571,9.928571428571429,5.357142857142857,5.071428571428571,12.0,11.8,11.2,12.0,10.2,10.3,5.2,7.4,2.2,11.0,13.0,3.0,2.0
d2f6da16c49135573a1e,2023-24,2024-04-15,Everton,Chelsea,A,P Tierney,31,12.129032258064516,9.709677419354838,4.838709677419355,6.096774193548387,2.064516129032258,16,12.6875,9.3125,4.5,7.0625,12.0,11.2,11.0,12.0,11.0,10.2,5.2,6.2,2.0,21.0,5.0,8.0,4.0
a8beb413472942f9884e,2023-24,2024-04-21,Everton,Nottingham Forest,H,A Taylor,32,12.40625,9.5625,4.9375,6.03125,2.125,15,11.533333333333333,10.133333333333333,5.2,5.066666666666666,15.333333333333334,13.6,11.8,9.0,10.8,10.1,6.0,6.0,2.6,15.0,9.0,6.0,3.0
f78d358d7793d49f3f89,2023-24,2024-04-24,Everton,Liverpool,H,A Madley,33,12.484848484848484,9.545454545454545,4.96969696969697,5.96969696969697,2.1515151515151514,16,11.75,10.0625,5.25,5.0,15.666666666666666,14.4,12.5,9.0,10.0,9.6,5.6,5.8,2.8,6.0,13.0,4.0,0.0
0deb5e267dae048329d0,2023-24,2024-04-27,Everton,Brentford,H,D England,34,12.294117647058824,9.647058823529411,4.9411764705882355,6.176470588235294,2.088235294117647,17,11.411764705882353,10.235294117647058,5.176470588235294,5.470588235294118,14.0,13.4,12.0,9.0,9.8,10.3,4.8,6.6,2.4,10.0,12.0,6.0,1.0
b515eeeb9ff1afbc8727,2023-24,2024-05-03,Everton,Luton,A,T Robinson,35,12.228571428571428,9.714285714285714,4.9714285714285715,6.171428571428572,2.057142857142857,17,13.176470588235293,9.058823529411764,4.705882352941177,6.882352941176471,10.333333333333334,12.6,12.2,11.333333333333334,10.4,10.3,5.4,6.4,2.0,12.0,14.0,7.0,3.0
014eb18e8c7644b22208,2023-24,2024-05-11,Everton,Sheffield United,H,S Attwell,36,12.222222222222221,9.833333333333334,5.027777777777778,6.222222222222222,2.0833333333333335,18,11.333333333333334,10.333333333333334,5.222222222222222,5.5,9.333333333333334,12.8,12.0,13.0,10.6,10.8,6.2,7.0,2.2,6.0,11.0,3.0,1.0
2380194cd3197059e9d4,2023-24,2024-05-19,Everton,Arsenal,A,M Oliver,37,12.054054054054054,9.864864864864865,4.972972972972973,6.216216216216216,2.054054054054054,18,13.11111111111111,9.333333333333334,4.833333333333333,6.944444444444445,9.333333333333334,9.8,11.7,12.333333333333334,11.8,11.3,5.2,7.4,1.6,11.0,8.0,1.0,3.0
401d35f6264889c4f4d3,2023-24,2023-08-12,Fulham,Everton,A,S Attwell,0,,,,,,0,,,,,,,,,,,,,,6.0,12.0,4.0,2.0
6bf1a44944661f6e14aa,2023-24,2023-08-19,Fulham,Brentford,H,D Bond,1,6.0,12.0,4.0,10.0,2.0,0,,,,,6.0,6.0,6.0,12.0,12.0,12.0,4.0,10.0,2.0,13.0,12.0,5.0,2.0
8ea773ed449f389b1c6f,2023-24,2023-08-26,Fulham,Arsenal,A,P Tierney,2,9.5,12.0,4.5,7.5,2.0,1,6.0,12.0,4.0,10.0,9.5,9.5,9.5,12.0,12.0,12.0,4.5,7.5,2.0,5.0,6.0,3.0,3.0
1ff777444071a56d24d7,2023-24,2023-09-02,Fulham,Manchester City,A,M Oliver,3,8.0,10.0,4.0,7.666666666666667,2.3333333333333335,2,5.5,9.0,3.5,9.0,8.0,8.0,8.0,10.0,10.0,10.0,4.0,7.666666666666667,2.3333333333333335,12.0,12.0,5.0,4.0
21bf912664ba52a37d87,2023-24,2023-09-16,Fulham,Luton,H,M Salisbury,4,9.0,10.5,4.25,6.75,2.75,1,13.0,12.0,5.0,5.0,10.0,9.0,9.0,10.0,10.5,10.5,4.25,6.75,2.75,6.0,14.0,6.0,2.0
5c1ca659ff74bf935dac,2023-24,2023-09-23,Fulham,Crystal Palace,A,P Tierney,5,8.4,11.2,4.6,5.8,2.6,3,7.666666666666667,10.0,4.0,7.333333333333333,7.666666666666667,8.4,8.4,10.666666666666666,11.2,11.2,4.6,5.8,2.6,15.0,10.0,2.0,2.0
59debc9834902000b8f4,2023-24,2023-10-02,Fulham,Chelsea,H,T Robinson,6,9.5,11.0,4.166666666666667,5.333333333333333,2.5,2,9.5,13.0,5.5,3.5,11.0,10.2,9.5,12.0,10.8,11.0,4.2,4.4,2.6,15.0,12.0,8.0,1.0
3284fd2d0e08f5599296,2023-24,2023-10-07,Fulham,Sheffield United,H,S Barrott,7,10.285714285714286,11.142857142857142,4.714285714285714,4.714285714285714,2.2857142857142856,3,11.333333333333334,12.666666666666666,6.333333333333333,2.6666666666666665,12.0,10.6,10.285714285714286,12.0,10.8,11.142857142857142,4.8,3.6,2.4,8.0,10.0,9.0,1.0
eef7e814ec968990bd01,2023-24,2023-10-23,Fulham,Tottenham,A,A Taylor,8,10.0,11.0,5.25,4.625,2.125,4,9.5,10.0,3.5,6.25,12.666666666666666,11.2,10.0,10.666666666666666,11.6,11.0,6.0,2.8,2.0,14.0,10.0,5.0,0.0
b149d5e2e3813d423c81,2023-24,2023-10-29,Fulham,Brighton & Hove Albion,A,M Salisbury,9,10.444444444444445,10.88888888888889,5.222222222222222,4.444444444444445,1.8888888888888888,5,10.4,10.0,3.8,5.6,12.333333333333334,11.6,10.444444444444445,10.666666666666666,11.2,10.88888888888889,6.0,2.6,1.2,8.0,12.0,3.0,3.0
7b467227b436940a7069,2023-24,2023-11-04,Fulham,Manchester United,H,J Brooks,10,10.2,11.0,5.0,4.7,2.0,4,10.5,12.0,7.0,3.0,10.0,12.0,10.2,10.666666666666666,10.8,11.0,5.4,3.6,1.4,9.0,15.0,9.0,5.0
ee8fea8afc0d53c5e7ca,2023-24,2023-11-12,Fulham,Aston Villa,A,S Hooper,11,10.090909090909092,11.363636363636363,5.363636363636363,4.636363636363637,2.272727272727273,6,10.0,10.333333333333334,3.6666666666666665,5.833333333333333,10.333333333333334,10.8,10.5,12.333333333333334,11.8,11.3,6.8,3.8,2.0,17.0,4.0,2.0,5.0
c1d53aa05d7b813a355d,2023-24,2023-11-27,Fulham,Wolverhampton Wanderers,H,M Salisbury,12,10.666666666666666,10.75,5.083333333333333,4.416666666666667,2.5,5,10.2,12.6,7.4,3.2,11.333333333333334,11.2,10.9,10.333333333333334,10.2,10.5,5.6,4.0,2.8,13.0,13.0,6.0,2.0
694ae8c361f369f0fda8,2023-24,2023-12-03,Fulham,Liverpool,A,S Attwell,13,10.846153846153847,10.923076923076923,5.153846153846154,4.230769230769231,2.4615384615384617,7,11.0,9.428571428571429,3.4285714285714284,5.285714285714286,13.0,12.2,11.7,10.666666666666666,10.8,11.2,5.0,3.6,3.0,7.0,6.0,4.0,0.0
e3402bd95155b6d56611,2023-24,2023-12-06,Fulham,Nottingham Forest,H,J Smith,14,10.571428571428571,10.571428571428571,5.071428571428571,4.142857142857143,2.2857142857142856,6,10.666666666666666,12.666666666666666,7.166666666666667,3.0,12.333333333333334,10.8,11.2,7.666666666666667,10.0,10.6,4.8,3.6,3.0,7.0,10.0,6.0,0.0
0b948128bf8dd875f38f,2023-24,2023-12-10,Fulham,West Ham United,H,P Tierney,15,10.333333333333334,10.533333333333333,5.133333333333334,3.933333333333333,2.1333333333333333,7,10.142857142857142,12.285714285714286,7.0,2.7142857142857144,9.0,10.6,11.3,9.666666666666666,9.6,10.2,5.4,2.4,2.4,5.0,10.0,3.0,2.0
68f65f675d1a6deb7477,2023-24,2023-12-16,Fulham,Newcastle United,A,S Barrott,16,10.0,10.5,5.0,4.0625,2.125,8,10.5,9.0,3.5,5.0,6.333333333333333,9.8,10.3,8.666666666666666,8.6,10.2,4.2,2.8,1.8,12.0,7.0,1.0,2.0
88f641260dc03e98b957,2023-24,2023-12-23,Fulham,Burnley,H,R Welch,17,10.117647058823529,10.294117647058824,4.764705882352941,4.117647058823529,2.1176470588235294,8,9.5,12.0,6.5,3.125,8.0,8.8,10.0,9.0,9.2,9.7,4.0,3.4,1.2,5.0,17.0,8.0,2.0
6afbb50e4e8a31e25af4,2023-24,2023-12-26,Fulham,Bournemouth,A,T Robinson,18,9.833333333333334,10.666666666666666,4.944444444444445,4.222222222222222,2.111111111111111,9,10.666666666666666,8.777777777777779,3.2222222222222223,5.0,7.333333333333333,7.2,9.7,11.333333333333334,10.0,10.4,4.4,4.2,1.2,10.0,10.0,5.0,2.0
8ac3c6af0331003d7ffa,2023-24,2023-12-31,Fulham,Arsenal,H,J Smith,19,9.842105263157896,10.631578947368421,4.947368421052632,4.315789473684211,2.1052631578947367,9,9.0,12.555555555555555,6.666666666666667,3.4444444444444446,9.0,7.8,9.3,11.333333333333334,10.8,10.4,4.6,4.8,1.6,11.0,10.0,5.0,4.0
7b1773fb8ee986e70626,2023-24,2024-01-13,Fulham,Chelsea,A,A Taylor,20,9.9,10.6,4.95,4.3,2.2,10,10.6,8.9,3.4,5.1,8.666666666666666,8.6,9.6,12.333333333333334,10.8,10.2,4.4,5.4,2.4,9.0,13.0,4.0,1.0
816283dde29215c9aa01,2023-24,2024-01-30,Fulham,Everton,H,T Bramall,21,9.857142857142858,10.714285714285714,4.904761904761905,4.380952380952381,2.142857142857143,10,9.2,12.3,6.5,3.5,10.0,9.4,9.6,11.0,11.4,10.0,4.6,5.4,2.2,6.0,13.0,15.0,1.0
4f374253978c00ce0c05,2023-24,2024-02-03,Fulham,Burnley,A,D Bond,22,9.681818181818182,10.818181818181818,5.363636363636363,4.454545454545454,2.090909090909091,11,10.454545454545455,9.272727272727273,3.4545454545454546,5.181818181818182,8.666666666666666,8.2,8.5,12.0,12.6,10.9,7.4,5.6,2.0,7.0,11.0,13.0,2.0
4eed9de2e225a253fe13,2023-24,2024-02-10,Fulham,Bournemouth,H,D England,23,9.565217391304348,10.826086956521738,5.695652173913044,4.3478260869565215,2.0869565217391304,11,8.909090909090908,12.363636363636363,7.2727272727272725,3.727272727272727,7.333333333333333,8.6,7.9,12.333333333333334,11.4,10.7,8.4,4.8,2.0,11.0,11.0,1.0,1.0
ffb2deecb770c2c98fd6,2023-24,2024-02-17,Fulham,Aston Villa,H,L Smith,24,9.625,10.833333333333334,5.5,4.75,2.0416666666666665,12,9.083333333333334,12.25,6.75,4.583333333333333,8.0,8.8,8.3,11.666666666666666,11.6,11.2,7.6,6.4,1.8,11.0,6.0,4.0,5.0
7ca9c63d95ae1a79a869,2023-24,2024-02-24,Fulham,Manchester United,A,M Oliver,25,9.68,10.64,5.44,4.72,2.16,12,10.166666666666666,9.416666666666666,4.25,4.916666666666667,9.666666666666666,8.8,8.7,9.333333333333334,10.8,10.8,7.4,6.4,2.0,11.0,6.0,9.0,5.0
c88694b7631b9c859c36,2023-24,2024-03-02,Fulham,Brighton & Hove Albion,H,S Hooper,26,9.73076923076923,10.461538461538462,5.576923076923077,4.923076923076923,2.269230769230769,13,9.23076923076923,11.76923076923077,6.538461538461538,4.538461538461538,11.0,9.2,9.3,7.666666666666667,9.4,10.4,8.4,7.2,2.8,16.0,10.0,2.0,1.0
4f8354b24471d2ab5980,2023-24,2024-03-09,Fulham,Wolverhampton Wanderers,A,T Harrington,27,9.962962962962964,10.444444444444445,5.444444444444445,4.962962962962963,2.2222222222222223,13,10.23076923076923,9.153846153846153,4.615384615384615,5.3076923076923075,12.666666666666666,11.2,9.7,7.333333333333333,8.8,10.7,5.8,7.2,2.8,11.0,7.0,4.0,2.0
9c4a75cc9cad49c5ae50,2023-24,2024-03-16,Fulham,Tottenham,H,R Jones,28,10.0,10.321428571428571,5.392857142857143,4.892857142857143,2.2142857142857144,14,9.714285714285714,11.642857142857142,6.214285714285714,4.642857142857143,12.666666666666666,12.0,10.3,7.666666666666667,8.0,9.7,4.0,7.4,2.8,9.0,10.0,4.0,2.0
c31130a4569dbd68c7c3,2023-24,2024-03-30,Fulham,Sheffield United,A,T Robinson,29,9.96551724137931,10.310344827586206,5.344827586206897,4.896551724137931,2.206896551724138,14,10.285714285714286,9.0,4.571428571428571,5.142857142857143,12.0,11.6,10.2,9.0,7.8,9.7,4.6,5.6,3.0,13.0,10.0,15.0,1.0
e7a2753dede6443a7bcf,2023-24,2024-04-02,Fulham,Nottingham Forest,A,M Oliver,30,10.066666666666666,10.3,5.666666666666667,4.8,2.1666666666666665,15,10.466666666666667,9.066666666666666,5.266666666666667,4.933333333333334,11.0,12.0,10.4,9.0,8.6,9.7,6.8,5.2,2.2,8.0,7.0,8.0,0.0
404ee4bfbe7f9e50f6c3,2023-24,2024-04-06,Fulham,Newcastle United,H,S Allison,31,10.0,10.193548387096774,5.741935483870968,4.741935483870968,2.096774193548387,15,9.666666666666666,11.533333333333333,6.066666666666666,4.666666666666667,10.0,11.4,10.3,9.0,8.8,9.1,6.6,3.8,1.2,10.0,13.0,14.0,1.0
0c4e2a730d93d839b4ca,2023-24,2024-04-14,Fulham,West Ham United,A,S Attwell,32,10.0,10.28125,6.0,4.6875,2.0625,16,10.3125,8.9375,5.4375,4.8125,10.333333333333334,10.2,10.7,10.0,9.4,9.1,9.0,3.2,1.2,13.0,6.0,3.0,2.0
6187a3a0ea17d0d610f5,2023-24,2024-04-21,Fulham,Liverpool,H,C Pawson,33,10.090909090909092,10.151515151515152,5.909090909090909,4.787878787878788,2.0606060606060606,16,9.6875,11.625,6.5625,4.5625,10.333333333333334,10.6,11.3,8.666666666666666,9.2,8.6,8.8,4.2,1.2,5.0,11.0,1.0,3.0
7941e88ebd61319088ee,2023-24,2024-04-27,Fulham,Crystal Palace,H,S Attwell,34,9.941176470588236,10.176470588235293,5.764705882352941,4.764705882352941,2.088235294117647,17,9.411764705882353,11.588235294117647,6.235294117647059,4.529411764705882,9.333333333333334,9.8,10.7,10.0,9.4,8.6,8.2,4.0,1.4,11.0,15.0,5.0,0.0
105d4b7e53f024babdc4,2023-24,2024-05-04,Fulham,Brentford,A,G Scott,35,9.971428571428572,10.314285714285715,5.742857142857143,4.885714285714286,2.0285714285714285,17,10.470588235294118,8.764705882352942,5.294117647058823,5.0,9.666666666666666,9.4,10.7,10.666666666666666,10.4,9.5,6.2,5.4,1.2,6.0,3.0,6.0,1.0
0fd40a5453d199fe6792,2023-24,2024-05-11,Fulham,Manchester City,H,A Taylor,36,9.86111111111111,10.11111111111111,5.75,4.944444444444445,2.0,18,9.5,11.777777777777779,6.166666666666667,4.777777777777778,7.333333333333333,9.0,10.2,9.666666666666666,9.6,9.2,5.8,6.2,1.4,9.0,6.0,1.0,1.0
8c83115a48ced803b0d8,2023-24,2024-05-19,Fulham,Luton,A,M Donohue,37,9.837837837837839,10.0,5.621621621621622,5.0,1.972972972972973,18,10.222222222222221,8.444444444444445,5.333333333333333,5.111111111111111,8.666666666666666,8.8,9.5,8.0,8.2,8.8,3.2,7.0,1.4,20.0,15.0,4.0,4.0
00942a8b6bdbaf5f9517,2023-24,2023-08-13,Liverpool,Chelsea,A,A Taylor,0,,,,,,0,,,,,,,,,,,,,,12.0,5.0,4.0,3.0
2d3871027105465f2118,2023-24,2023-08-19,Liverpool,Bournemouth,H,T Bramall,1,12.0,5.0,4.0,4.0,3.0,0,,,,,12.0,12.0,12.0,5.0,5.0,5.0,4.0,4.0,3.0,11.0,13.0,10.0,1.0
7376a25ee7e06dc5e8c1,2023-24,2023-08-27,Liverpool,Newcastle United,A,J Brooks,2,11.5,9.0,7.0,3.0,2.0,1,12.0,5.0,4.0,4.0,11.5,11.5,11.5,9.0,9.0,9.0,7.0,3.0,2.0,10.0,16.0,9.0,2.0
809a930cb7a70ab56320,2023-24,2023-09-03,Liverpool,Aston Villa,H,S Hooper,3,11.0,11.333333333333334,7.666666666666667,3.6666666666666665,2.0,1,11.0,13.0,10.0,2.0,11.0,11.0,11.0,11.333333333333334,11.333333333333334,11.333333333333334,7.666666666666667,3.6666666666666665,2.0,12.0,7.0,7.0,0.0
23b0274b73dae99286ee,2023-24,2023-09-16,Liverpool,Wolverhampton Wanderers,A,M Oliver,4,11.25,10.25,7.5,3.5,1.5,2,11.0,10.5,6.5,4.5,11.0,11.25,11.25,12.0,10.25,10.25,7.5,3.5,1.5,4.0,10.0,4.0,3.0
e9fd8277d9eace81ae57,2023-24,2023-09-24,Liverpool,West Ham United,H,C Kavanagh,5,9.8,10.2,6.8,3.6,1.8,2,11.5,10.0,8.5,2.5,8.666666666666666,9.8,9.8,11.0,10.2,10.2,6.8,3.6,1.8,12.0,13.0,7.0,0.0
4bc1cfab88f1eb36d9be,2023-24,2023-09-30,Liverpool,Tottenham,A,S Hooper,6,10.166666666666666,10.666666666666666,6.833333333333333,3.6666666666666665,1.5,3,8.666666666666666,10.333333333333334,5.666666666666667,4.333333333333333,9.333333333333334,9.8,10.166666666666666,10.0,11.8,10.666666666666666,7.4,3.6,1.2,17.0,11.0,5.0,4.0
e8840c245034013f8aa6,2023-24,2023-10-08,Liverpool,Brighton & Hove Albion,A,A Taylor,7,11.142857142857142,10.714285714285714,6.571428571428571,4.857142857142857,1.8571428571428572,4,10.75,10.5,5.5,6.25,11.0,11.0,11.142857142857142,11.333333333333334,11.4,10.714285714285714,6.4,5.6,1.8,20.0,12.0,1.0,2.0
5444ed49b70e6ebc6162,2023-24,2023-10-21,Liverpool,Everton,H,C Pawson,8,12.25,10.875,5.875,5.25,1.875,3,11.666666666666666,11.0,8.0,3.0,16.333333333333332,13.0,12.25,12.0,10.6,10.875,4.8,6.2,1.8,9.0,9.0,12.0,1.0
4b3c30bd26660cf13a30,2023-24,2023-10-29,Liverpool,Nottingham Forest,H,C Kavanagh,9,11.88888888888889,10.666666666666666,6.555555555555555,5.111111111111111,1.7777777777777777,4,11.0,10.5,9.0,3.25,15.333333333333334,12.4,11.88888888888889,10.666666666666666,11.0,10.666666666666666,5.8,6.4,2.0,9.0,13.0,8.0,2.0
0688392d2abfc7b87d36,2023-24,2023-11-05,Liverpool,Luton,A,A Madley,10,11.6,10.9,6.7,4.9,1.8,5,12.6,10.8,4.6,6.6,12.666666666666666,13.4,11.6,11.333333333333334,11.6,10.9,6.6,6.2,1.8,13.0,7.0,7.0,1.0
bd55092853529c789be8,2023-24,2023-11-12,Liverpool,Brentford,H,P Tierney,11,11.727272727272727,10.545454545454545,6.7272727272727275,4.818181818181818,1.7272727272727273,5,10.6,11.0,8.8,3.2,10.333333333333334,13.6,11.7,9.666666666666666,10.4,11.1,6.6,6.2,2.0,16.0,12.0,6.0,1.0
a5afa6dffa01562fb889,2023-24,2023-11-25,Liverpool,Manchester City,A,C Kavanagh,12,12.083333333333334,10.666666666666666,6.666666666666667,5.083333333333333,1.6666666666666667,6,12.666666666666666,10.166666666666666,5.0,6.166666666666667,12.666666666666666,13.4,12.2,10.666666666666666,10.6,11.0,6.8,5.4,1.4,11.0,9.0,6.0,3.0
694ae8c361f369f0fda8,2023-24,2023-12-03,Liverpool,Fulham,H,S Attwell,13,12.0,10.538461538461538,6.615384615384615,5.384615384615385,1.7692307692307692,6,11.5,11.166666666666666,8.333333333333334,4.0,13.333333333333334,11.6,12.3,9.333333333333334,10.0,10.3,7.8,5.6,1.6,6.0,7.0,3.0,0.0
2e1220cd94951fc0e5fe,2023-24,2023-12-06,Liverpool,Sheffield United,A,S Hooper,14,11.571428571428571,10.285714285714286,6.357142857142857,5.285714285714286,1.6428571428571428,7,12.428571428571429,10.0,5.142857142857143,6.571428571428571,11.0,11.0,11.7,9.333333333333334,9.6,10.3,6.0,5.6,1.4,8.0,12.0,12.0,3.0
fefa04bdba14488abd3a,2023-24,2023-12-09,Liverpool,Crystal Palace,A,A Madley,15,11.333333333333334,10.4,6.733333333333333,5.066666666666666,1.7333333333333334,8,11.875,10.25,6.0,6.0,8.333333333333334,10.8,12.1,9.333333333333334,9.4,10.5,6.8,5.4,1.6,17.0,17.0,5.0,2.0
b0c372e279bf83076ba2,2023-24,2023-12-17,Liverpool,Manchester United,H,M Oliver,16,11.6875,10.8125,6.625,5.125,1.75,7,10.714285714285714,10.571428571428571,7.571428571428571,4.0,10.333333333333334,11.6,12.6,12.0,11.4,10.9,6.4,5.8,1.8,13.0,8.0,12.0,2.0
8b3bc42322afb3618fe3,2023-24,2023-12-23,Liverpool,Arsenal,H,C Kavanagh,17,11.764705882352942,10.647058823529411,6.9411764705882355,4.823529411764706,1.7647058823529411,8,11.0,10.25,8.125,3.5,12.666666666666666,11.0,12.2,12.333333333333334,10.6,10.6,7.6,4.2,2.0,13.0,14.0,4.0,2.0
64e8de7bae810bc67eda,2023-24,2023-12-26,Liverpool,Burnley,A,P Tierney,18,11.833333333333334,10.833333333333334,6.777777777777778,4.833333333333333,1.7777777777777777,9,12.444444444444445,11.0,5.888888888888889,6.0,14.333333333333334,11.4,11.5,13.0,11.6,10.8,7.2,3.4,1.8,10.0,7.0,4.0,1.0
5ab14855160793d097de,2023-24,2024-01-01,Liverpool,Newcastle United,H,A Taylor,19,11.736842105263158,10.631578947368421,6.631578947368421,4.7894736842105265,1.736842105263158,9,11.222222222222221,10.666666666666666,7.666666666666667,3.6666666666666665,12.0,12.2,11.6,9.666666666666666,11.6,10.6,7.4,3.4,2.0,16.0,15.0,7.0,3.0
f20749fb660ce524b3bf,2023-24,2024-01-21,Liverpool,Bournemouth,A,A Madley,20,11.95,10.85,6.65,4.7,1.8,10,12.2,10.6,5.7,5.8,13.0,13.8,12.3,12.0,12.2,10.8,6.4,3.6,2.0,12.0,9.0,5.0,2.0
3d34b1f956d296b1f92d,2023-24,2024-01-31,Liverpool,Chelsea,H,P Tierney,21,11.952380952380953,10.761904761904763,6.571428571428571,4.857142857142857,1.8095238095238095,10,11.7,11.1,7.6,3.6,12.666666666666666,12.8,12.2,10.333333333333334,10.6,11.0,6.4,4.0,2.0,15.0,16.0,8.0,2.0
2d27c22c1fd417d1b958,2023-24,2024-02-04,Liverpool,Arsenal,A,A Taylor,22,12.090909090909092,11.0,6.636363636363637,4.681818181818182,1.8181818181818181,11,12.181818181818182,10.454545454545455,5.636363636363637,6.0,14.333333333333334,13.2,12.1,13.333333333333334,12.2,11.4,5.6,4.2,2.0,11.0,11.0,4.0,2.0
e45c7b0c07196ba07236,2023-24,2024-02-10,Liverpool,Burnley,H,T Robinson,23,12.043478260869565,11.0,6.521739130434782,4.565217391304348,1.826086956521739,11,12.0,11.545454545454545,7.636363636363637,3.3636363636363638,12.666666666666666,12.8,12.1,12.0,11.6,11.6,5.6,3.6,2.0,11.0,13.0,9.0,3.0
aa5dfe58ae3d29d7ce3a,2023-24,2024-02-17,Liverpool,Brentford,A,M Oliver,24,12.0,11.083333333333334,6.625,4.5,1.875,12,12.083333333333334,10.5,5.5,5.666666666666667,12.333333333333334,13.0,12.6,13.333333333333334,12.8,12.2,6.6,3.4,2.4,18.0,4.0,6.0,1.0
2b80337790581b480fe4,2023-24,2024-02-21,Liverpool,Luton,H,A Madley,25,12.24,10.8,6.6,4.36,1.84,12,11.916666666666666,11.666666666666666,7.75,3.3333333333333335,13.333333333333334,13.4,13.6,9.333333333333334,10.6,11.4,6.4,3.0,2.0,15.0,14.0,13.0,1.0
9e423eed1a831e735c09,2023-24,2024-03-02,Liverpool,Nottingham Forest,A,P Tierney,26,12.346153846153847,10.923076923076923,6.846153846153846,4.346153846153846,1.8076923076923077,13,12.538461538461538,10.0,5.538461538461538,5.3076923076923075,14.666666666666666,14.0,13.4,10.333333333333334,11.6,11.1,8.0,2.2,1.8,12.0,11.0,12.0,2.0
c5c2126c29db58c08131,2023-24,2024-03-10,Liverpool,Manchester City,H,M Oliver,27,12.333333333333334,10.925925925925926,7.037037037037037,4.296296296296297,1.8148148148148149,13,12.153846153846153,11.846153846153847,8.153846153846153,3.3846153846153846,15.0,13.4,13.3,9.666666666666666,10.6,11.4,8.8,2.6,1.8,6.0,10.0,7.0,0.0
639717501748bb1dc866,2023-24,2024-03-31,Liverpool,Brighton & Hove Albion,H,D Coote,28,12.107142857142858,10.892857142857142,7.035714285714286,4.285714285714286,1.75,14,11.714285714285714,11.714285714285714,8.071428571428571,3.4285714285714284,11.0,12.4,12.6,11.666666666666666,10.4,11.0,9.4,3.0,1.4,20.0,6.0,8.0,5.0
a664be75aa7abba196a0,2023-24,2024-04-04,Liverpool,Sheffield United,H,S Attwell,29,12.379310344827585,10.724137931034482,7.068965517241379,4.275862068965517,1.8620689655172413,15,12.266666666666667,11.333333333333334,8.066666666666666,3.466666666666667,12.666666666666666,14.2,13.6,9.0,9.0,10.9,9.2,3.2,1.8,6.0,9.0,13.0,0.0
7b3f38d56f48803c6bb9,2023-24,2024-04-07,Liverpool,Manchester United,A,A Taylor,30,12.166666666666666,10.666666666666666,7.266666666666667,4.166666666666667,1.8,14,12.5,10.071428571428571,6.0,5.142857142857143,10.666666666666666,11.8,12.6,8.333333333333334,10.0,10.3,10.6,3.2,1.6,10.0,9.0,11.0,2.0
f8d44780dfcabd514709,2023-24,2024-04-14,Liverpool,Crystal Palace,H,C Kavanagh,31,12.096774193548388,10.612903225806452,7.387096774193548,4.225806451612903,1.8064516129032258,16,11.875,11.1875,8.375,3.3125,12.0,10.8,12.4,8.0,9.0,10.3,10.2,3.6,1.8,10.0,10.0,11.0,1.0
6187a3a0ea17d0d610f5,2023-24,2024-04-21,Liverpool,Fulham,A,C Pawson,32,12.03125,10.59375,7.5,4.125,1.78125,15,12.333333333333334,10.0,6.333333333333333,5.2,8.666666666666666,10.4,11.9,9.333333333333334,8.8,9.7,10.0,3.2,1.6,11.0,5.0,4.0,0.0
f78d358d7793d49f3f89,2023-24,2024-04-24,Liverpool,Everton,A,A Madley,33,12.0,10.424242424242424,7.393939393939394,4.03030303030303,1.7272727272727273,16,12.25,9.6875,6.1875,4.9375,10.333333333333334,11.4,11.9,8.0,7.8,9.1,9.4,2.6,1.6,13.0,6.0,13.0,3.0
90dfa0c104ce6605e739,2023-24,2024-04-27,Liverpool,West Ham United,A,A Taylor,34,12.029411764705882,10.294117647058824,7.5588235294117645,4.029411764705882,1.7647058823529411,17,12.294117647058824,9.470588235294118,6.588235294117647,4.882352941176471,11.333333333333334,10.0,12.1,7.0,7.8,8.4,10.4,2.6,1.2,10.0,8.0,8.0,2.0
cf413685301459f64558,2023-24,2024-05-05,Liverpool,Tottenham,H,P Tierney,35,11.971428571428572,10.228571428571428,7.571428571428571,4.057142857142857,1.7714285714285714,17,11.764705882352942,11.117647058823529,8.529411764705882,3.176470588235294,11.333333333333334,10.8,11.3,6.333333333333333,7.6,8.8,9.4,3.4,1.6,14.0,12.0,8.0,1.0
82381846c4f672b4dd86,2023-24,2024-05-13,Liverpool,Aston Villa,A,S Hooper,36,12.027777777777779,10.277777777777779,7.583333333333333,4.027777777777778,1.75,18,12.166666666666666,9.38888888888889,6.666666666666667,4.888888888888889,12.333333333333334,11.6,11.2,8.666666666666666,8.2,8.6,8.8,2.8,1.4,15.0,11.0,4.0,1.0
ca2d0a32e81cae4ef38a,2023-24,2024-05-19,Liverpool,Wolverhampton Wanderers,H,C Kavanagh,37,12.108108108108109,10.297297297297296,7.486486486486487,4.054054054054054,1.7297297297297298,18,11.88888888888889,11.166666666666666,8.5,3.1666666666666665,13.0,12.6,11.5,10.333333333333334,8.4,8.6,7.4,3.6,1.4,14.0,11.0,10.0,1.0
909bcd86c059f74d56be,2023-24,2023-08-12,Luton,Brighton & Hove Albion,A,D Coote,0,,,,,,0,,,,,,,,,,,,,,12.0,11.0,7.0,2.0
157f04d46d92999e3b7f,2023-24,2023-08-25,Luton,Chelsea,A,R Jones,1,12.0,11.0,7.0,6.0,2.0,1,12.0,11.0,7.0,6.0,12.0,12.0,12.0,11.0,11.0,11.0,7.0,6.0,2.0,12.0,15.0,4.0,3.0
ee3778e5b533da8084a0,2023-24,2023-09-01,Luton,West Ham United,H,P Tierney,2,12.0,13.0,5.5,6.0,2.5,0,,,,,12.0,12.0,12.0,13.0,13.0,13.0,5.5,6.0,2.5,8.0,13.0,9.0,1.0
21bf912664ba52a37d87,2023-24,2023-09-16,Luton,Fulham,A,M Salisbury,3,10.666666666666666,13.0,6.666666666666667,6.0,2.0,2,12.0,13.0,5.5,6.0,10.666666666666666,10.666666666666666,10.666666666666666,13.0,13.0,13.0,6.666666666666667,6.0,2.0,14.0,6.0,2.0,2.0
4d192b0829e1067a241e,2023-24,2023-09-23,Luton,Wolverhampton Wanderers,H,J Smith,4,11.5,11.25,5.5,6.0,2.0,1,8.0,13.0,9.0,6.0,11.333333333333334,11.5,11.5,11.333333333333334,11.25,11.25,5.5,6.0,2.0,12.0,17.0,10.0,0.0
e1baf57ad47697e3ac7f,2023-24,2023-09-30,Luton,Everton,A,A Taylor,5,11.6,12.4,6.4,5.0,1.6,3,12.666666666666666,10.666666666666666,4.333333333333333,6.0,11.333333333333334,11.6,11.6,12.0,12.4,12.4,6.4,5.0,1.6,10.0,8.0,6.0,1.0
07ce35d9fc291b756371,2023-24,2023-10-03,Luton,Burnley,H,P Bankes,6,11.333333333333334,11.666666666666666,6.333333333333333,4.666666666666667,1.5,2,10.0,15.0,9.5,3.5,12.0,11.2,11.333333333333334,10.333333333333334,11.8,11.666666666666666,6.2,4.4,1.4,14.0,6.0,7.0,4.0
9c8694f1dc865fe96f62,2023-24,2023-10-07,Luton,Tottenham,H,J Brooks,7,11.714285714285714,10.857142857142858,6.428571428571429,4.857142857142857,1.8571428571428572,3,11.333333333333334,12.0,8.666666666666666,4.333333333333333,12.0,11.6,11.714285714285714,10.333333333333334,10.0,10.857142857142858,6.8,4.4,1.6,16.0,7.0,5.0,2.0
fb95a1e1dcd0ec29ae0f,2023-24,2023-10-21,Luton,Nottingham Forest,A,S Barrott,8,12.25,10.375,6.25,5.0,1.875,4,12.0,10.0,4.75,5.25,13.333333333333334,13.2,12.25,7.0,8.8,10.375,6.0,4.4,1.8,11.0,12.0,2.0,0.0
b088f82d41b9b3f4d984,2023-24,2023-10-29,Luton,Aston Villa,A,J Brooks,9,12.11111111111111,10.555555555555555,5.777777777777778,4.888888888888889,1.6666666666666667,5,11.8,10.4,4.2,5.0,13.666666666666666,12.6,12.11111111111111,8.333333333333334,10.0,10.555555555555555,6.0,4.0,1.4,10.0,11.0,4.0,2.0
0688392d2abfc7b87d36,2023-24,2023-11-05,Luton,Liverpool,H,A Madley,10,11.9,10.6,5.6,5.0,1.7,4,12.5,10.75,7.75,4.75,12.333333333333334,12.2,11.9,10.0,8.8,10.6,4.8,5.0,1.8,7.0,13.0,4.0,1.0
0cec446375b1019f50ed,2023-24,2023-11-11,Luton,Manchester United,A,G Scott,11,11.454545454545455,10.818181818181818,5.454545454545454,5.181818181818182,1.6363636363636365,6,11.5,10.5,4.166666666666667,5.166666666666667,9.333333333333334,11.6,11.4,12.0,9.8,10.8,4.4,5.8,1.8,11.0,9.0,3.0,2.0
58a5beb66836020532ad,2023-24,2023-11-25,Luton,Crystal Palace,H,J Gillett,12,11.416666666666666,10.666666666666666,5.25,5.666666666666667,1.6666666666666667,5,11.4,11.2,7.0,5.2,9.333333333333334,11.0,11.3,11.0,10.4,10.2,3.6,6.8,1.4,15.0,12.0,4.0,6.0
3995b44136d99baf6e73,2023-24,2023-12-02,Luton,Brentford,A,A Taylor,13,11.692307692307692,10.76923076923077,5.153846153846154,5.615384615384615,2.0,7,11.428571428571429,10.285714285714286,4.0,6.0,11.0,10.8,12.0,11.333333333333334,11.4,10.1,3.4,6.6,2.2,8.0,10.0,5.0,2.0
86c7d98547814b22503f,2023-24,2023-12-05,Luton,Arsenal,H,S Barrott,14,11.428571428571429,10.714285714285714,5.142857142857143,5.714285714285714,2.0,6,12.0,11.333333333333334,6.5,5.166666666666667,11.333333333333334,10.2,11.4,10.333333333333334,11.0,10.5,4.0,7.2,2.6,14.0,7.0,3.0,2.0
d89294307c56dceb84e8,2023-24,2023-12-10,Luton,Manchester City,H,T Robinson,15,11.6,10.466666666666667,5.0,5.866666666666666,2.0,7,12.285714285714286,10.714285714285714,6.0,5.571428571428571,12.333333333333334,11.0,11.6,9.666666666666666,10.2,9.5,3.8,7.6,2.6,16.0,6.0,6.0,2.0
55fee7b6a5a654a09179,2023-24,2023-12-23,Luton,Newcastle United,H,D England,16,11.875,10.1875,5.0625,5.6875,2.0,8,12.75,10.125,6.0,5.25,12.666666666666666,12.8,12.2,7.666666666666667,8.8,9.3,4.2,6.8,2.8,11.0,5.0,6.0,2.0
c86cdfc1be2f47169a9e,2023-24,2023-12-26,Luton,Sheffield United,A,S Allison,17,11.823529411764707,9.882352941176471,5.117647058823529,5.764705882352941,2.0,8,11.0,10.25,4.125,6.125,13.666666666666666,12.8,11.9,6.0,8.0,9.2,4.8,6.0,2.8,13.0,13.0,4.0,0.0
b85045f4da39290b0400,2023-24,2023-12-30,Luton,Chelsea,H,P Tierney,18,11.88888888888889,10.055555555555555,5.055555555555555,5.944444444444445,1.8888888888888888,9,12.555555555555555,9.555555555555555,6.0,5.444444444444445,13.333333333333334,12.4,11.6,8.0,8.2,9.8,4.8,6.8,1.6,14.0,21.0,7.0,2.0
e0e98e81464385ee94ea,2023-24,2024-01-12,Luton,Burnley,A,T Harrington,19,12.0,10.631578947368421,5.157894736842105,5.7368421052631575,1.894736842105263,9,11.222222222222221,10.555555555555555,4.111111111111111,6.444444444444445,12.666666666666666,13.6,11.9,13.0,10.4,10.7,5.2,5.8,1.6,12.0,7.0,8.0,0.0
e2e2f46d68fdd175fa05,2023-24,2024-01-30,Luton,Brighton & Hove Albion,H,R Jones,20,12.0,10.45,5.3,5.55,1.8,10,12.7,10.7,6.1,5.1,13.0,13.2,12.1,13.666666666666666,10.4,10.3,6.2,4.6,1.2,13.0,14.0,7.0,2.0
8cfe9fe9efb3fc0221df,2023-24,2024-02-03,Luton,Newcastle United,A,T Bramall,21,12.047619047619047,10.619047619047619,5.380952380952381,5.476190476190476,1.8095238095238095,10,11.3,10.2,4.5,6.0,13.0,12.6,12.7,14.0,12.0,10.4,6.4,4.8,1.2,16.0,13.0,2.0,2.0
8ac5d14f9894ab405357,2023-24,2024-02-10,Luton,Sheffield United,H,C Kavanagh,22,12.227272727272727,10.727272727272727,5.2272727272727275,5.590909090909091,1.8181818181818181,11,12.727272727272727,11.0,6.181818181818182,5.0,13.666666666666666,13.6,13.2,11.333333333333334,13.6,10.8,5.6,5.0,1.2,7.0,12.0,13.0,1.0
c04f63f243fc081339d2,2023-24,2024-02-18,Luton,Manchester United,H,D Coote,23,12.0,10.782608695652174,5.565217391304348,5.391304347826087,1.7826086956521738,12,12.25,11.083333333333334,6.75,4.666666666666667,12.0,12.4,12.4,13.0,13.4,10.8,7.4,3.4,1.4,7.0,21.0,8.0,3.0
2b80337790581b480fe4,2023-24,2024-02-21,Luton,Liverpool,A,A Madley,24,11.791666666666666,11.208333333333334,5.666666666666667,5.416666666666667,1.8333333333333333,11,11.727272727272727,10.454545454545455,4.2727272727272725,6.181818181818182,10.0,11.0,12.3,15.333333333333334,13.4,11.9,7.6,4.2,1.6,14.0,15.0,4.0,4.0
4d6de0bbedd2339f2ae4,2023-24,2024-03-02,Luton,Aston Villa,H,M Oliver,25,11.88,11.36,5.6,5.72,1.92,13,11.846153846153847,11.846153846153847,6.846153846153846,4.769230769230769,9.333333333333334,11.4,12.3,16.0,15.0,12.7,6.8,6.4,2.4,8.0,19.0,8.0,1.0
3efa0fbc68d2ada1772c,2023-24,2024-03-09,Luton,Crystal Palace,A,S Singh,26,11.73076923076923,11.653846153846153,5.6923076923076925,5.730769230769231,1.8846153846153846,12,11.916666666666666,10.833333333333334,4.25,6.75,9.666666666666666,10.4,11.5,18.333333333333332,16.0,14.0,7.0,6.8,2.2,11.0,20.0,6.0,3.0
4265e4b21e20a5bcc7e0,2023-24,2024-03-13,Luton,Bournemouth,A,S Allison,27,11.703703703703704,11.962962962962964,5.703703703703703,5.814814814814815,1.9259259259259258,13,11.846153846153847,11.538461538461538,4.384615384615385,6.846153846153846,11.0,9.4,11.5,18.0,17.4,15.5,7.8,6.8,2.4,11.0,16.0,3.0,2.0
6697c37a8b7380634fbb,2023-24,2024-03-16,Luton,Nottingham Forest,H,D England,28,11.678571428571429,12.107142857142858,5.607142857142857,6.0,1.9285714285714286,14,11.571428571428571,12.357142857142858,6.928571428571429,4.857142857142857,10.0,10.2,11.3,18.333333333333332,18.2,15.8,5.8,8.8,2.6,10.0,17.0,6.0,1.0
e4c4b3b42e284ec502c1,2023-24,2024-03-30,Luton,Tottenham,A,J Gillett,29,11.620689655172415,12.275862068965518,5.620689655172414,6.0344827586206895,1.896551724137931,14,11.785714285714286,11.857142857142858,4.285714285714286,7.142857142857143,10.666666666666666,10.8,10.9,17.666666666666668,17.4,15.4,5.4,9.0,2.2,14.0,16.0,6.0,4.0
ba1ce6ef28280707d225,2023-24,2024-04-03,Luton,Arsenal,A,C Pawson,30,11.7,12.4,5.633333333333334,5.933333333333334,1.9666666666666666,15,11.933333333333334,12.133333333333333,4.4,6.866666666666666,11.666666666666666,10.8,11.1,16.333333333333332,17.6,16.3,5.8,7.0,2.2,8.0,12.0,1.0,1.0
79ab970197529a960aae,2023-24,2024-04-06,Luton,Bournemouth,H,A Madley,31,11.580645161290322,12.387096774193548,5.483870967741935,5.838709677419355,1.935483870967742,15,11.466666666666667,12.666666666666666,6.866666666666666,5.0,10.666666666666666,10.8,10.6,15.0,16.2,16.1,4.4,6.4,2.2,7.0,14.0,7.0,0.0
2a4422ca9dc54d56e479,2023-24,2024-04-13,Luton,Manchester City,A,J Brooks,32,11.4375,12.4375,5.53125,5.71875,1.875,16,11.6875,12.125,4.1875,6.625,9.666666666666666,10.0,9.7,14.0,15.0,16.2,4.6,5.2,1.6,6.0,7.0,1.0,0.0
23f51ff39942b6234268,2023-24,2024-04-20,Luton,Brentford,H,J Gillett,33,11.272727272727273,12.272727272727273,5.393939393939394,5.909090909090909,1.8181818181818181,16,11.1875,12.75,6.875,4.8125,7.0,9.0,9.6,11.0,13.2,15.7,4.2,5.4,1.2,13.0,9.0,4.0,1.0
159757ac11ddf90cb20a,2023-24,2024-04-27,Luton,Wolverhampton Wanderers,A,D Coote,34,11.323529411764707,12.176470588235293,5.352941176470588,6.0,1.7941176470588236,17,11.352941176470589,11.823529411764707,4.0,6.9411764705882355,8.666666666666666,9.6,10.2,10.0,11.6,14.5,3.8,5.8,1.2,14.0,14.0,4.0,1.0
b515eeeb9ff1afbc8727,2023-24,2024-05-03,Luton,Everton,H,T Robinson,35,11.4,12.228571428571428,5.314285714285714,5.942857142857143,1.7714285714285714,17,11.294117647058824,12.529411764705882,6.705882352941177,5.0588235294117645,11.0,9.6,10.2,10.0,11.2,14.4,3.4,6.0,0.6,14.0,12.0,8.0,1.0
c75af41a6c1bd58ab5a7,2023-24,2024-05-11,Luton,West Ham United,A,M Oliver,36,11.472222222222221,12.222222222222221,5.388888888888889,5.972222222222222,1.75,18,11.5,11.944444444444445,4.0,6.777777777777778,13.666666666666666,10.8,10.8,11.666666666666666,11.2,13.7,4.8,6.8,0.6,15.0,9.0,6.0,3.0
8c83115a48ced803b0d8,2023-24,2024-05-19,Luton,Fulham,H,M Donohue,37,11.567567567567568,12.135135135135135,5.405405405405405,6.0,1.7837837837837838,18,11.444444444444445,12.5,6.777777777777778,5.166666666666667,14.333333333333334,12.4,11.2,11.666666666666666,10.2,12.6,4.6,7.8,1.2,15.0,20.0,4.0,5.0
8d5227b352d3fdb98f48,2023-24,2023-08-11,Manchester City,Burnley,A,C Pawson,0,,,,,,0,,,,,,,,,,,,,,8.0,11.0,5.0,0.0
22660b8b3838735b39db,2023-24,2023-08-19,Manchester City,Newcastle United,H,R Jones,1,8.0,11.0,5.0,6.0,0.0,0,,,,,8.0,8.0,8.0,11.0,11.0,11.0,5.0,6.0,0.0,12.0,11.0,3.0,1.0
164165830602d3d3bb7a,2023-24,2023-08-27,Manchester City,Sheffield United,A,J Gillett,2,10.0,11.0,4.0,3.0,0.5,1,8.0,11.0,5.0,6.0,10.0,10.0,10.0,11.0,11.0,11.0,4.0,3.0,0.5,2.0,11.0,12.0,0.0
1ff777444071a56d24d7,2023-24,2023-09-02,Manchester City,Fulham,H,M Oliver,3,7.333333333333333,11.0,6.666666666666667,2.3333333333333335,0.3333333333333333,1,12.0,11.0,3.0,0.0,7.333333333333333,7.333333333333333,7.333333333333333,11.0,11.0,11.0,6.666666666666667,2.3333333333333335,0.3333333333333333,12.0,12.0,4.0,2.0
dbd1d8f9d8584da5a0cf,2023-24,2023-09-16,Manchester City,West Ham United,A,A Madley,4,8.5,11.25,6.0,3.0,0.75,2,5.0,11.0,8.5,3.5,8.666666666666666,8.5,8.5,11.333333333333334,11.25,11.25,6.0,3.0,0.75,11.0,7.0,11.0,2.0
9902d59ccf208304069b,2023-24,2023-09-23,Manchester City,Nottingham Forest,H,A Taylor,5,9.0,10.4,7.0,3.2,1.0,2,12.0,11.5,3.5,2.5,8.333333333333334,9.0,9.0,10.0,10.4,10.4,7.0,3.2,1.0,5.0,17.0,6.0,3.0
5d3e1d2106cd1d2662d5,2023-24,2023-09-30,Manchester City,Wolverhampton Wanderers,A,C Pawson,6,8.333333333333334,11.5,6.833333333333333,3.6666666666666665,1.3333333333333333,3,7.0,9.666666666666666,9.333333333333334,3.6666666666666665,9.333333333333334,8.4,8.333333333333334,12.0,11.6,11.5,7.2,3.2,1.6,12.0,18.0,6.0,4.0
2db4ef3ac8727cb51d8b,2023-24,2023-10-08,Manchester City,Arsenal,A,M Oliver,7,8.857142857142858,12.428571428571429,6.714285714285714,3.142857142857143,1.7142857142857142,4,8.25,11.75,8.5,2.75,9.333333333333334,8.4,8.857142857142858,14.0,13.0,12.428571428571429,7.8,3.2,2.2,7.0,8.0,4.0,3.0
39d9bd0a4b21aea59181,2023-24,2023-10-21,Manchester City,Brighton & Hove Albion,H,R Jones,8,8.625,11.875,6.375,3.375,1.875,3,9.666666666666666,13.333333333333334,4.333333333333333,3.6666666666666665,8.0,9.4,8.625,14.333333333333334,12.4,11.875,6.2,4.0,2.8,9.0,11.0,2.0,2.0
8eb93b6ef99c7f446cca,2023-24,2023-10-29,Manchester City,Manchester United,A,P Tierney,9,8.666666666666666,11.777777777777779,5.888888888888889,3.2222222222222223,1.8888888888888888,5,8.0,11.0,7.6,3.2,9.333333333333334,8.8,8.666666666666666,12.333333333333334,12.2,11.777777777777779,5.8,3.4,2.8,4.0,9.0,12.0,1.0
8c41891e42416a5351b5,2023-24,2023-11-04,Manchester City,Bournemouth,H,C Pawson,10,8.2,11.5,6.5,3.6,1.8,4,9.5,12.75,3.75,3.25,6.666666666666667,7.4,8.2,9.333333333333334,12.6,11.5,6.0,4.0,2.6,8.0,9.0,12.0,0.0
2491572afe29753390fa,2023-24,2023-11-12,Manchester City,Chelsea,A,A Taylor,11,8.181818181818182,11.272727272727273,7.0,3.3636363636363638,1.6363636363636365,6,7.333333333333333,10.666666666666666,8.333333333333334,3.8333333333333335,7.0,8.0,8.2,9.666666666666666,11.0,11.3,7.2,3.0,2.0,15.0,12.0,3.0,3.0
a5afa6dffa01562fb889,2023-24,2023-11-25,Manchester City,Liverpool,H,C Kavanagh,12,8.75,11.333333333333334,6.666666666666667,3.3333333333333335,1.75,5,9.2,12.0,5.4,2.8,9.0,8.6,8.5,10.0,9.8,11.4,6.6,3.6,1.8,9.0,11.0,9.0,1.0
49998b98049a3a944205,2023-24,2023-12-03,Manchester City,Tottenham,H,S Hooper,13,8.76923076923077,11.307692307692308,6.846153846153846,3.5384615384615383,1.6923076923076923,6,9.166666666666666,11.833333333333334,6.0,3.3333333333333335,10.666666666666666,9.0,9.2,10.666666666666666,10.4,11.4,7.6,3.8,1.4,14.0,14.0,10.0,4.0
83179545065398589a62,2023-24,2023-12-06,Manchester City,Aston Villa,A,J Brooks,14,9.142857142857142,11.5,7.071428571428571,3.857142857142857,1.8571428571428572,7,8.428571428571429,10.857142857142858,7.571428571428571,3.7142857142857144,12.666666666666666,10.0,9.4,12.333333333333334,11.0,11.6,9.2,5.0,1.8,13.0,13.0,0.0,2.0
d89294307c56dceb84e8,2023-24,2023-12-10,Manchester City,Luton,A,T Robinson,15,9.4,11.6,6.6,4.0,1.8666666666666667,8,9.0,11.125,6.625,4.0,12.0,11.8,9.6,12.666666666666666,11.8,12.2,6.8,4.8,2.0,6.0,16.0,3.0,1.0
6f9046e5b5571c9ad97d,2023-24,2023-12-16,Manchester City,Crystal Palace,H,P Tierney,16,9.1875,11.875,6.375,4.125,1.8125,7,9.857142857142858,12.142857142857142,6.571428571428571,4.0,11.0,11.4,9.7,14.333333333333334,13.2,12.1,5.0,5.8,2.2,12.0,9.0,6.0,1.0
3afebccc94dff5de1e46,2023-24,2023-12-27,Manchester City,Everton,A,J Brooks,17,9.352941176470589,11.705882352941176,6.352941176470588,3.9411764705882355,1.7647058823529411,9,8.666666666666666,11.666666666666666,6.222222222222222,4.222222222222222,10.333333333333334,10.8,9.7,12.666666666666666,12.6,11.2,5.6,5.4,1.8,5.0,13.0,4.0,2.0
83ef2604b10ca2aede97,2023-24,2023-12-30,Manchester City,Sheffield United,H,D Coote,18,9.11111111111111,11.777777777777779,6.222222222222222,4.166666666666667,1.7777777777777777,8,10.125,11.75,6.5,3.625,7.666666666666667,10.0,9.5,12.666666666666666,13.0,11.7,4.6,5.8,2.0,5.0,6.0,12.0,1.0
8db2b57301b20e793abc,2023-24,2024-01-13,Manchester City,Newcastle United,A,C Kavanagh,19,8.894736842105264,11.473684210526315,6.526315789473684,4.052631578947368,1.736842105263158,10,8.3,11.8,6.0,4.6,7.333333333333333,8.2,9.1,9.333333333333334,11.4,11.2,5.0,4.6,1.4,7.0,7.0,13.0,2.0
cf76ece8664414682cbb,2023-24,2024-01-31,Manchester City,Burnley,H,S Barrott,20,8.8,11.25,6.85,4.0,1.75,9,9.555555555555555,11.11111111111111,7.111111111111111,3.4444444444444446,5.666666666666667,7.0,9.4,8.666666666666666,10.2,11.0,7.6,4.0,1.4,3.0,13.0,7.0,2.0
b017ed18b2392bfdebab,2023-24,2024-02-05,Manchester City,Brentford,A,J Gillett,21,8.523809523809524,11.333333333333334,6.857142857142857,3.9523809523809526,1.7619047619047619,11,8.181818181818182,11.363636363636363,6.636363636363637,4.454545454545454,5.0,6.4,8.9,8.666666666666666,9.6,11.4,8.4,3.4,1.6,4.0,2.0,13.0,0.0
9ac1df6cc3bbb30db242,2023-24,2024-02-10,Manchester City,Everton,H,J Brooks,22,8.318181818181818,10.909090909090908,7.136363636363637,4.136363636363637,1.6818181818181819,10,8.9,11.3,7.1,3.4,4.666666666666667,4.8,7.8,7.333333333333333,8.2,10.4,9.8,4.8,1.4,6.0,11.0,9.0,0.0
23400484e8e6aac7f3d7,2023-24,2024-02-17,Manchester City,Chelsea,H,A Madley,23,8.217391304347826,10.91304347826087,7.217391304347826,3.9565217391304346,1.608695652173913,11,8.636363636363637,11.272727272727273,7.2727272727272725,3.090909090909091,4.333333333333333,5.0,7.5,8.666666666666666,7.8,10.4,10.8,3.2,1.0,7.0,12.0,12.0,1.0
cc244639110aefe825fb,2023-24,2024-02-20,Manchester City,Brentford,H,D England,24,8.166666666666666,10.958333333333334,7.416666666666667,3.8333333333333335,1.5833333333333333,12,8.5,11.333333333333334,7.666666666666667,2.9166666666666665,5.666666666666667,5.4,6.8,8.333333333333334,9.0,10.2,10.8,3.0,1.0,12.0,6.0,10.0,2.0
ee60c85264355c98fc1a,2023-24,2024-02-24,Manchester City,Bournemouth,A,J Gillett,25,8.32,10.76,7.52,3.72,1.6,12,7.833333333333333,10.583333333333334,7.166666666666667,4.75,8.333333333333334,6.4,6.7,9.666666666666666,8.8,9.5,10.2,2.6,1.0,6.0,14.0,8.0,2.0
d758f83569bd2cf40738,2023-24,2024-03-03,Manchester City,Manchester United,H,A Madley,26,8.23076923076923,10.884615384615385,7.538461538461538,3.6923076923076925,1.6153846153846154,13,8.76923076923077,10.923076923076923,7.846153846153846,2.769230769230769,8.333333333333334,7.0,6.7,10.666666666666666,9.0,9.3,10.4,2.6,1.0,5.0,10.0,15.0,0.0
c5c2126c29db58c08131,2023-24,2024-03-10,Manchester City,Liverpool,A,M Oliver,27,8.11111111111111,10.851851851851851,7.814814814814815,3.6296296296296298,1.5555555555555556,13,7.6923076923076925,10.846153846153847,7.230769230769231,4.615384615384615,7.666666666666667,7.2,6.0,10.0,10.6,9.4,10.8,1.4,1.0,10.0,6.0,4.0,3.0
69daa084a5509bdf9e79,2023-24,2024-03-31,Manchester City,Arsenal,H,A Taylor,28,8.178571428571429,10.678571428571429,7.678571428571429,3.75,1.6071428571428572,14,8.5,10.857142857142858,8.357142857142858,2.7142857142857144,7.0,8.0,6.5,10.0,9.6,8.7,9.8,2.8,1.6,9.0,20.0,7.0,0.0
d04ca8d3f62c2a3f9a6a,2023-24,2024-04-03,Manchester City,Aston Villa,H,D England,29,8.206896551724139,11.0,7.655172413793103,3.7586206896551726,1.5517241379310345,15,8.533333333333333,11.466666666666667,8.266666666666667,2.8,8.0,8.4,6.9,12.0,11.2,10.1,8.8,3.4,1.4,6.0,13.0,2.0,1.0
a9d75bc4174d95d619b7,2023-24,2024-04-06,Manchester City,Crystal Palace,A,P Tierney,30,8.133333333333333,11.066666666666666,7.466666666666667,3.7333333333333334,1.5333333333333334,14,7.857142857142857,10.5,7.0,4.785714285714286,8.333333333333334,7.2,6.8,13.0,12.6,10.7,7.2,3.8,1.2,3.0,13.0,9.0,1.0
2a4422ca9dc54d56e479,2023-24,2024-04-13,Manchester City,Luton,H,J Brooks,31,7.967741935483871,11.129032258064516,7.516129032258065,3.6774193548387095,1.5161290322580645,16,8.375,11.5625,7.875,2.8125,6.0,6.6,6.8,15.333333333333334,12.4,10.7,7.4,3.6,1.0,7.0,6.0,12.0,1.0
44845b7e2ed200ba4a56,2023-24,2024-04-25,Manchester City,Brighton & Hove Albion,A,J Gillett,32,7.9375,10.96875,7.65625,3.59375,1.5,15,7.533333333333333,10.666666666666666,7.133333333333334,4.6,5.333333333333333,7.0,7.1,10.666666666666666,11.6,11.1,6.8,3.4,1.2,3.0,10.0,4.0,0.0
8d33dffc88ab69785df9,2023-24,2024-04-28,Manchester City,Nottingham Forest,A,S Hooper,33,7.787878787878788,10.93939393939394,7.545454545454546,3.606060606060606,1.4545454545454546,16,7.25,10.625,6.9375,4.5625,4.333333333333333,5.6,6.8,9.666666666666666,12.4,11.0,6.8,2.8,0.6,6.0,8.0,5.0,0.0
e2972cd48af8f53efcf6,2023-24,2024-05-04,Manchester City,Wolverhampton Wanderers,H,C Pawson,34,7.735294117647059,10.852941176470589,7.470588235294118,3.6176470588235294,1.411764705882353,17,8.294117647058824,11.235294117647058,8.117647058823529,2.7058823529411766,5.333333333333333,5.0,6.7,8.0,10.0,10.6,6.4,2.8,0.6,4.0,17.0,6.0,0.0
0fd40a5453d199fe6792,2023-24,2024-05-11,Manchester City,Fulham,A,A Taylor,35,7.628571428571429,11.028571428571428,7.428571428571429,3.5142857142857142,1.3714285714285714,17,7.176470588235294,10.470588235294118,6.823529411764706,4.529411764705882,4.333333333333333,4.6,5.9,11.666666666666666,10.8,11.7,7.2,2.2,0.4,6.0,9.0,7.0,0.0
b0884f0d4faed9393c4f,2023-24,2024-05-14,Manchester City,Tottenham,A,C Kavanagh,36,7.583333333333333,10.972222222222221,7.416666666666667,3.4444444444444446,1.3333333333333333,18,7.111111111111111,10.38888888888889,6.833333333333333,4.333333333333333,5.333333333333333,5.2,5.9,11.333333333333334,10.0,11.2,6.8,2.0,0.2,11.0,14.0,4.0,3.0
5d4b71fc36ed4f46c4b4,2023-24,2024-05-19,Manchester City,West Ham United,H,J Brooks,37,7.675675675675675,11.054054054054054,7.324324324324325,3.5405405405405403,1.3783783783783783,18,8.055555555555555,11.555555555555555,8.0,2.5555555555555554,7.0,6.0,6.5,13.333333333333334,11.6,11.6,5.2,3.2,0.6,3.0,12.0,11.0,0.0
22bdcd3c9c8232fe395e,2023-24,2023-08-14,Manchester United,Wolverhampton Wanderers,H,S Hooper,0,,,,,,0,,,,,,,,,,,,,,14.0,10.0,8.0,2.0
d3d9dfa4a07caeb6f069,2023-24,2023-08-19,Manchester United,Tottenham,A,M Oliver,1,14.0,10.0,8.0,7.0,2.0,0,,,,,14.0,14.0,14.0,10.0,10.0,10.0,8.0,7.0,2.0,8.0,9.0,6.0,3.0
ea15fad9a17b65e315ca,2023-24,2023-08-26,Manchester United,Nottingham Forest,H,S Attwell,2,11.0,9.5,7.0,6.0,2.5,1,14.0,10.0,8.0,7.0,11.0,11.0,11.0,9.5,9.5,9.5,7.0,6.0,2.5,13.0,11.0,11.0,4.0
817d03c278c9bf9481e7,2023-24,2023-09-03,Manchester United,Arsenal,A,A Taylor,3,11.666666666666666,10.0,8.333333333333334,5.0,3.0,1,8.0,9.0,6.0,5.0,11.666666666666666,11.666666666666666,11.666666666666666,10.0,10.0,10.0,8.333333333333334,5.0,3.0,7.0,8.0,3.0,3.0
34654eddeb48243218bc,2023-24,2023-09-16,Manchester United,Brighton & Hove Albion,H,J Gillett,4,10.5,9.5,7.0,6.75,3.0,2,13.5,10.5,9.5,5.0,9.333333333333334,10.5,10.5,9.333333333333334,9.5,9.5,7.0,6.75,3.0,8.0,9.0,8.0,2.0
f7f4389501ffcaed121f,2023-24,2023-09-23,Manchester United,Burnley,A,T Harrington,5,10.0,9.4,7.2,5.6,2.8,2,7.5,8.5,4.5,8.5,9.333333333333334,10.0,10.0,9.333333333333334,9.4,9.4,7.2,5.6,2.8,12.0,6.0,5.0,2.0
c3141c84075de519cf9c,2023-24,2023-09-30,Manchester United,Crystal Palace,H,C Kavanagh,6,10.333333333333334,8.833333333333334,6.833333333333333,6.166666666666667,2.6666666666666665,3,11.666666666666666,10.0,9.0,3.6666666666666665,9.0,9.6,10.333333333333334,7.666666666666667,8.6,8.833333333333334,6.6,6.0,2.8,10.0,8.0,10.0,3.0
876b59661fd7ce525f15,2023-24,2023-10-07,Manchester United,Brentford,H,A Madley,7,10.285714285714286,8.714285714285714,7.285714285714286,5.857142857142857,2.7142857142857144,4,11.25,9.5,9.25,3.75,10.0,10.0,10.285714285714286,7.666666666666667,8.4,8.714285714285714,7.4,5.8,2.8,10.0,17.0,7.0,0.0
e59f0e40f78f947b8323,2023-24,2023-10-21,Manchester United,Sheffield United,A,M Oliver,8,10.25,9.75,7.25,5.75,2.375,3,9.0,7.666666666666667,4.666666666666667,8.666666666666666,10.666666666666666,9.4,10.25,10.333333333333334,9.6,9.75,6.6,6.2,2.0,10.0,12.0,4.0,1.0
8eb93b6ef99c7f446cca,2023-24,2023-10-29,Manchester United,Manchester City,H,P Tierney,9,10.222222222222221,10.0,6.888888888888889,5.666666666666667,2.2222222222222223,5,11.0,11.0,8.8,4.0,10.0,10.0,10.222222222222221,12.333333333333334,10.4,10.0,6.8,4.8,1.6,9.0,4.0,7.0,4.0
7b467227b436940a7069,2023-24,2023-11-04,Manchester United,Fulham,A,J Brooks,10,10.1,9.4,6.9,6.3,2.4,4,9.25,8.75,4.5,7.75,9.666666666666666,10.2,10.1,11.0,9.4,9.4,6.6,7.0,2.0,15.0,9.0,4.0,2.0
0cec446375b1019f50ed,2023-24,2023-11-11,Manchester United,Luton,H,G Scott,11,10.545454545454545,9.363636363636363,6.636363636363637,6.545454545454546,2.3636363636363638,6,10.666666666666666,9.833333333333334,8.5,5.333333333333333,11.333333333333334,10.8,10.2,8.333333333333334,10.0,9.3,6.4,7.0,2.0,9.0,11.0,11.0,0.0
8cacb86e1662b42a0b81,2023-24,2023-11-26,Manchester United,Everton,A,J Brooks,12,10.416666666666666,9.5,7.0,6.25,2.1666666666666665,5,10.4,8.8,4.4,8.0,11.0,10.6,10.3,8.0,10.6,9.5,6.6,6.8,1.4,8.0,10.0,5.0,0.0
920479522195ee992eda,2023-24,2023-12-02,Manchester United,Newcastle United,A,R Jones,13,10.23076923076923,9.538461538461538,6.846153846153846,6.230769230769231,2.0,6,10.0,9.0,4.5,7.666666666666667,10.666666666666666,10.2,9.8,10.0,9.2,9.4,6.2,7.0,1.4,13.0,6.0,3.0,2.0
4523b77080fdb500be35,2023-24,2023-12-06,Manchester United,Chelsea,H,C Kavanagh,14,10.428571428571429,9.285714285714286,6.571428571428571,6.285714285714286,2.0,7,10.428571428571429,10.0,8.857142857142858,5.0,10.0,10.8,10.4,9.0,8.0,9.2,6.0,7.4,1.6,12.0,12.0,12.0,4.0
18752706ec13b9244884,2023-24,2023-12-09,Manchester United,Bournemouth,H,P Bankes,15,10.533333333333333,9.466666666666667,6.933333333333334,6.133333333333334,2.1333333333333333,8,10.625,10.25,9.25,4.875,11.0,11.4,10.8,9.333333333333334,9.6,9.5,7.0,5.8,1.6,7.0,10.0,10.0,3.0
b0c372e279bf83076ba2,2023-24,2023-12-17,Manchester United,Liverpool,A,M Oliver,16,10.3125,9.5,7.125,6.0,2.1875,7,10.428571428571429,8.571428571428571,4.285714285714286,7.571428571428571,10.666666666666666,9.8,10.3,9.333333333333334,9.8,9.9,8.2,4.8,1.8,8.0,13.0,0.0,4.0
77ddf59ca34ff1bba75a,2023-24,2023-12-23,Manchester United,West Ham United,A,S Hooper,17,10.176470588235293,9.705882352941176,6.705882352941177,6.352941176470588,2.2941176470588234,8,10.125,9.125,3.75,8.125,9.0,9.6,10.1,11.666666666666666,10.2,10.4,6.0,6.6,2.6,15.0,13.0,4.0,3.0
6d149c59035e3e6cda4e,2023-24,2023-12-26,Manchester United,Aston Villa,H,C Pawson,18,10.444444444444445,9.88888888888889,6.555555555555555,6.222222222222222,2.3333333333333335,9,10.222222222222221,10.222222222222221,9.333333333333334,4.777777777777778,10.0,11.0,10.6,12.0,10.8,10.0,5.8,6.2,3.2,10.0,10.0,3.0,1.0
c68bac671717f5592d9f,2023-24,2023-12-30,Manchester United,Nottingham Forest,A,T Robinson,19,10.421052631578947,9.894736842105264,6.368421052631579,6.2105263157894735,2.263157894736842,9,10.666666666666666,9.555555555555555,3.7777777777777777,7.666666666666667,11.0,10.4,10.6,12.0,11.6,9.8,5.8,6.0,3.0,11.0,9.0,5.0,4.0
48da64276cbd734f8996,2023-24,2024-01-14,Manchester United,Tottenham,H,J Brooks,20,10.45,9.85,6.3,6.1,2.35,10,10.2,10.2,8.7,4.9,12.0,10.2,10.8,10.666666666666666,11.0,10.3,4.4,6.0,3.0,8.0,5.0,8.0,2.0
7fa70f10f82e3bbc47b6,2023-24,2024-02-01,Manchester United,Wolverhampton Wanderers,A,J Gillett,21,10.333333333333334,9.619047619047619,6.380952380952381,6.428571428571429,2.3333333333333335,10,10.7,9.5,3.9,7.3,9.666666666666666,10.4,10.1,8.0,10.0,9.9,4.0,7.8,2.8,10.0,10.0,5.0,5.0
badf44ad08ecf945a836,2023-24,2024-02-04,Manchester United,West Ham United,H,A Madley,22,10.318181818181818,9.636363636363637,6.318181818181818,6.318181818181818,2.4545454545454546,11,10.0,9.727272727272727,8.636363636363637,5.636363636363637,9.666666666666666,10.8,10.2,8.0,9.4,9.8,5.0,6.2,3.0,10.0,5.0,5.0,0.0
fdb31555c91279894c90,2023-24,2024-02-11,Manchester United,Aston Villa,A,R Jones,23,10.304347826086957,9.434782608695652,6.260869565217392,6.391304347826087,2.347826086956522,11,10.636363636363637,9.545454545454545,4.0,7.0,9.333333333333334,9.8,10.4,6.666666666666667,7.8,9.3,5.2,7.0,2.4,7.0,9.0,8.0,2.0
c04f63f243fc081339d2,2023-24,2024-02-18,Manchester United,Luton,A,D Coote,24,10.166666666666666,9.416666666666666,6.333333333333333,6.541666666666667,2.3333333333333335,12,10.333333333333334,9.5,4.333333333333333,7.25,9.0,9.2,9.8,8.0,7.6,9.6,6.2,7.8,2.6,21.0,7.0,6.0,5.0
7ca9c63d95ae1a79a869,2023-24,2024-02-24,Manchester United,Fulham,H,M Oliver,25,10.6,9.32,6.32,6.6,2.44,12,10.0,9.333333333333334,8.333333333333334,5.833333333333333,12.666666666666666,11.2,10.7,7.0,7.2,9.1,6.4,8.6,2.8,6.0,11.0,10.0,2.0
d758f83569bd2cf40738,2023-24,2024-03-03,Manchester United,Manchester City,A,A Madley,26,10.423076923076923,9.384615384615385,6.461538461538462,6.6923076923076925,2.423076923076923,13,11.153846153846153,9.307692307692308,4.461538461538462,7.3076923076923075,11.333333333333334,10.8,10.6,9.0,8.4,9.2,6.8,7.8,2.8,10.0,5.0,2.0,1.0
5ad895df2a7bcef7c683,2023-24,2024-03-09,Manchester United,Everton,H,S Hooper,27,10.407407407407407,9.222222222222221,6.296296296296297,7.0,2.3703703703703702,13,9.692307692307692,9.461538461538462,8.461538461538462,6.076923076923077,12.333333333333334,10.8,10.8,7.666666666666667,7.4,8.4,6.2,10.0,2.0,13.0,11.0,5.0,1.0
0df1a2fdd83b87f35b06,2023-24,2024-03-30,Manchester United,Brentford,A,S Hooper,28,10.5,9.285714285714286,6.25,7.035714285714286,2.3214285714285716,14,11.071428571428571,9.0,4.285714285714286,7.857142857142857,9.666666666666666,11.4,10.6,9.0,8.6,8.2,6.2,10.0,2.2,14.0,7.0,4.0,2.0
b5bd76439039c3115e02,2023-24,2024-04-04,Manchester United,Chelsea,A,J Gillett,29,10.620689655172415,9.206896551724139,6.172413793103448,7.275862068965517,2.310344827586207,15,11.266666666666667,8.866666666666667,4.266666666666667,8.266666666666667,12.333333333333334,12.8,11.0,7.666666666666667,8.2,7.9,5.4,10.8,2.2,15.0,7.0,3.0,0.0
7b3f38d56f48803c6bb9,2023-24,2024-04-07,Manchester United,Liverpool,H,A Taylor,30,10.766666666666667,9.133333333333333,6.066666666666666,7.433333333333334,2.2333333333333334,14,9.928571428571429,9.571428571428571,8.214285714285714,6.214285714285714,14.0,11.6,11.4,8.333333333333334,8.2,7.7,4.8,11.6,1.2,9.0,10.0,6.0,5.0
903492baaf1a483dc900,2023-24,2024-04-13,Manchester United,Bournemouth,A,T Harrington,31,10.709677419354838,9.161290322580646,6.064516129032258,7.548387096774194,2.3225806451612905,16,11.5,8.75,4.1875,8.5,12.666666666666666,12.2,11.5,8.0,8.0,8.2,4.0,12.0,1.8,14.0,13.0,2.0,0.0
83b8e5ac37d26410aa4d,2023-24,2024-04-24,Manchester United,Sheffield United,H,M Salisbury,32,10.8125,9.28125,5.9375,7.53125,2.25,15,9.866666666666667,9.6,8.066666666666666,6.533333333333333,12.666666666666666,13.0,11.9,10.0,9.6,8.5,4.0,10.4,1.6,7.0,9.0,9.0,0.0
06f33c749fa885b7c114,2023-24,2024-04-27,Manchester United,Burnley,H,J Brooks,33,10.696969696969697,9.272727272727273,6.03030303030303,7.424242424242424,2.1818181818181817,16,9.6875,9.5625,8.125,6.375,10.0,11.8,11.6,10.666666666666666,9.2,8.9,4.8,9.6,1.4,7.0,11.0,6.0,1.0
9c6640f8ec2b95697bf3,2023-24,2024-05-06,Manchester United,Crystal Palace,A,J Gillett,34,10.588235294117647,9.323529411764707,6.029411764705882,7.352941176470588,2.1470588235294117,17,11.647058823529411,9.0,4.0588235294117645,8.411764705882353,9.333333333333334,10.4,11.6,11.0,10.0,9.1,5.2,7.8,1.2,8.0,12.0,3.0,1.0
ec259d3a45a16a0eedc1,2023-24,2024-05-12,Manchester United,Arsenal,H,P Tierney,35,10.514285714285714,9.4,5.942857142857143,7.314285714285714,2.1142857142857143,17,9.529411764705882,9.647058823529411,8.0,6.294117647058823,7.333333333333333,9.0,10.3,10.666666666666666,11.0,9.6,5.2,6.6,1.4,5.0,6.0,4.0,0.0
5be315fecd4891d67a40,2023-24,2024-05-15,Manchester United,Newcastle United,H,R Jones,36,10.36111111111111,9.305555555555555,5.888888888888889,7.305555555555555,2.0555555555555554,18,9.277777777777779,9.444444444444445,7.777777777777778,6.333333333333333,6.666666666666667,8.2,10.2,9.666666666666666,10.2,9.1,4.8,5.8,0.4,16.0,7.0,9.0,3.0
14356a6d1d070d757cf0,2023-24,2024-05-19,Manchester United,Brighton & Hove Albion,A,C Pawson,37,10.513513513513514,9.243243243243244,5.972972972972973,7.351351351351352,2.081081081081081,18,11.444444444444445,9.166666666666666,4.0,8.277777777777779,9.666666666666666,8.6,10.8,8.333333333333334,9.0,9.3,6.2,6.2,1.0,9.0,10.0,5.0,3.0
e0c796e56e336a924dcc,2023-24,2023-08-12,Newcastle United,Aston Villa,H,A Madley,0,,,,,,0,,,,,,,,,,,,,,12.0,17.0,6.0,4.0
22660b8b3838735b39db,2023-24,2023-08-19,Newcastle United,Manchester City,A,R Jones,1,12.0,17.0,6.0,5.0,4.0,0,,,,,12.0,12.0,12.0,17.0,17.0,17.0,6.0,5.0,4.0,11.0,12.0,0.0,5.0
7376a25ee7e06dc5e8c1,2023-24,2023-08-27,Newcastle United,Liverpool,H,J Brooks,2,11.5,14.5,3.0,4.0,4.5,1,12.0,17.0,6.0,5.0,11.5,11.5,11.5,14.5,14.5,14.5,3.0,4.0,4.5,16.0,10.0,5.0,1.0
6fa192b4b19b473811a6,2023-24,2023-09-02,Newcastle United,Brighton & Hove Albion,A,S Attwell,3,13.0,13.0,3.6666666666666665,5.666666666666667,3.3333333333333335,1,11.0,12.0,0.0,3.0,13.0,13.0,13.0,13.0,13.0,13.0,3.6666666666666665,5.666666666666667,3.3333333333333335,17.0,14.0,3.0,4.0
fb845a60a9078fbec946,2023-24,2023-09-16,Newcastle United,Brentford,H,C Pawson,4,14.0,13.25,3.5,5.5,3.5,2,14.0,13.5,5.5,7.0,14.666666666666666,14.0,14.0,12.0,13.25,13.25,3.5,5.5,3.5,8.0,12.0,8.0,3.0
c5210a0fdf90fecaa1af,2023-24,2023-09-24,Newcastle United,Sheffield United,A,S Attwell,5,12.8,13.0,4.4,5.0,3.4,2,14.0,13.0,1.5,4.0,13.666666666666666,12.8,12.8,12.0,13.0,13.0,4.4,5.0,3.4,8.0,12.0,6.0,0.0
eaa40e9fb32cbf47a809,2023-24,2023-09-30,Newcastle United,Burnley,H,T Bramall,6,12.0,12.833333333333334,4.666666666666667,4.5,2.8333333333333335,3,12.0,13.0,6.333333333333333,5.666666666666667,11.0,12.0,12.0,12.666666666666666,12.0,12.833333333333334,4.4,4.4,2.6,7.0,15.0,5.0,1.0
afb93d0c72e43806b3bc,2023-24,2023-10-08,Newcastle United,West Ham United,A,P Bankes,7,11.285714285714286,13.142857142857142,4.714285714285714,4.285714285714286,2.5714285714285716,3,12.0,12.666666666666666,3.0,3.3333333333333335,7.666666666666667,11.2,11.285714285714286,13.0,12.6,13.142857142857142,5.4,4.4,1.8,18.0,11.0,2.0,3.0
95e276f111b9d3b57e4a,2023-24,2023-10-21,Newcastle United,Crystal Palace,H,T Robinson,8,12.125,12.875,4.375,4.25,2.625,4,10.75,13.5,6.0,5.0,11.0,11.6,12.125,12.666666666666666,12.8,12.875,4.8,3.4,2.2,7.0,12.0,6.0,2.0
a7f40d32e49f61bac7bd,2023-24,2023-10-28,Newcastle United,Wolverhampton Wanderers,A,A Taylor,9,11.555555555555555,12.777777777777779,4.555555555555555,4.666666666666667,2.5555555555555554,4,13.5,12.25,2.75,3.5,10.666666666666666,9.6,11.555555555555555,12.666666666666666,12.4,12.777777777777779,5.4,4.0,1.8,15.0,13.0,7.0,4.0
e78307f0ce7be84a0166,2023-24,2023-11-04,Newcastle United,Arsenal,H,S Attwell,10,11.9,12.8,4.8,5.0,2.7,5,10.0,13.2,6.0,5.6,13.333333333333334,11.0,11.9,12.0,12.6,12.8,5.2,5.0,2.0,14.0,9.0,0.0,5.0
a67e432c42395033e94f,2023-24,2023-11-11,Newcastle United,Bournemouth,A,C Kavanagh,11,12.090909090909092,12.454545454545455,4.363636363636363,5.545454545454546,2.909090909090909,5,13.8,12.4,3.6,4.4,12.0,12.2,12.1,11.333333333333334,12.0,12.0,4.0,6.8,3.0,4.0,10.0,5.0,1.0
43b108d394bb423631cd,2023-24,2023-11-25,Newcastle United,Chelsea,H,S Hooper,12,11.416666666666666,12.25,4.416666666666667,5.583333333333333,2.75,6,10.666666666666666,12.5,5.0,6.5,11.0,11.6,11.4,10.666666666666666,11.0,11.8,4.0,7.4,3.0,13.0,19.0,4.0,4.0
920479522195ee992eda,2023-24,2023-12-02,Newcastle United,Manchester United,H,R Jones,13,11.538461538461538,12.76923076923077,4.384615384615385,5.3076923076923075,2.8461538461538463,7,11.0,13.428571428571429,4.857142857142857,5.857142857142857,10.333333333333334,10.6,11.1,12.666666666666666,12.6,12.7,4.4,7.0,3.2,6.0,13.0,7.0,1.0
c8f85108e625032544da,2023-24,2023-12-07,Newcastle United,Everton,A,T Robinson,14,11.142857142857142,12.785714285714286,4.571428571428571,5.142857142857143,2.7142857142857144,6,12.166666666666666,12.0,3.8333333333333335,4.666666666666667,7.666666666666667,10.4,10.0,14.0,12.8,12.6,4.6,6.0,3.0,8.0,18.0,2.0,0.0
1d0ae1ce45e9dde52440,2023-24,2023-12-10,Newcastle United,Tottenham,A,C Kavanagh,15,10.933333333333334,13.133333333333333,4.4,5.133333333333334,2.533333333333333,7,11.571428571428571,12.857142857142858,3.5714285714285716,4.714285714285714,9.0,9.0,10.0,16.666666666666668,13.8,13.2,3.6,5.4,2.2,12.0,10.0,6.0,3.0
68f65f675d1a6deb7477,2023-24,2023-12-16,Newcastle United,Fulham,H,S Barrott,16,11.0,12.9375,4.5,5.0,2.5625,8,10.375,13.375,5.125,5.5,8.666666666666666,8.6,10.4,13.666666666666666,14.0,13.0,4.8,3.8,1.8,7.0,12.0,5.0,0.0
55fee7b6a5a654a09179,2023-24,2023-12-23,Newcastle United,Luton,A,D England,17,10.764705882352942,12.882352941176471,4.529411764705882,4.764705882352941,2.411764705882353,8,11.625,12.5,3.875,4.5,9.0,9.2,10.4,13.333333333333334,14.4,12.7,4.8,2.8,1.6,5.0,11.0,7.0,1.0
076f84f0d447ef99936a,2023-24,2023-12-26,Newcastle United,Nottingham Forest,H,C Kavanagh,18,10.444444444444445,12.777777777777779,4.666666666666667,4.833333333333333,2.3333333333333335,9,10.0,13.222222222222221,5.111111111111111,5.0,8.0,7.6,9.1,11.0,12.8,12.7,5.4,3.6,1.0,10.0,11.0,10.0,3.0
5ab14855160793d097de,2023-24,2024-01-01,Newcastle United,Liverpool,A,A Taylor,19,10.421052631578947,12.68421052631579,4.947368421052632,4.684210526315789,2.3684210526315788,9,10.88888888888889,12.333333333333334,4.222222222222222,4.666666666666667,7.333333333333333,8.4,9.4,11.333333333333334,12.4,12.6,6.0,3.4,1.4,15.0,16.0,3.0,5.0
8db2b57301b20e793abc,2023-24,2024-01-13,Newcastle United,Manchester City,H,C Kavanagh,20,10.65,12.85,4.85,4.8,2.5,10,10.0,13.0,5.6,4.7,10.0,9.8,9.4,12.666666666666666,12.0,12.9,6.2,3.8,2.4,7.0,7.0,3.0,1.0
0fe0668d80c8e0dc6258,2023-24,2024-01-30,Newcastle United,Aston Villa,A,J Brooks,21,10.476190476190476,12.571428571428571,4.761904761904762,5.190476190476191,2.4285714285714284,10,11.3,12.7,4.1,4.9,10.666666666666666,8.8,8.7,11.333333333333334,11.4,12.7,5.6,5.8,2.0,12.0,14.0,7.0,1.0
8cfe9fe9efb3fc0221df,2023-24,2024-02-03,Newcastle United,Luton,H,T Bramall,22,10.545454545454545,12.636363636363637,4.863636363636363,5.318181818181818,2.3636363636363638,11,9.727272727272727,12.454545454545455,5.363636363636363,5.454545454545454,11.333333333333334,9.8,9.5,12.333333333333334,11.8,13.1,6.0,7.2,2.2,13.0,16.0,8.0,2.0
9263431d15c9f82aa428,2023-24,2024-02-10,Newcastle United,Nottingham Forest,A,A Taylor,23,10.652173913043478,12.782608695652174,5.0,5.173913043478261,2.347826086956522,11,11.363636363636363,12.818181818181818,4.363636363636363,5.181818181818182,10.666666666666666,11.4,9.5,12.333333333333334,12.8,12.8,6.2,6.4,2.4,6.0,9.0,4.0,2.0
ce7d2fd666e4c0211876,2023-24,2024-02-17,Newcastle United,Bournemouth,H,M Salisbury,24,10.458333333333334,12.625,4.958333333333333,5.125,2.3333333333333335,12,10.0,12.75,5.583333333333333,5.166666666666667,10.333333333333334,10.6,9.5,13.0,12.4,12.4,5.0,6.8,2.2,9.0,22.0,4.0,1.0
60cbce496c589a1d9bf2,2023-24,2024-02-24,Newcastle United,Arsenal,A,P Tierney,25,10.4,13.0,4.92,5.0,2.28,12,10.916666666666666,12.5,4.333333333333333,5.083333333333333,9.333333333333334,9.4,9.6,15.666666666666666,13.6,12.8,5.2,5.8,1.4,6.0,15.0,0.0,0.0
778b6c5d9dc9ec007d6a,2023-24,2024-03-02,Newcastle United,Wolverhampton Wanderers,H,T Robinson,26,10.23076923076923,13.076923076923077,4.730769230769231,5.153846153846154,2.1923076923076925,13,9.923076923076923,13.461538461538462,5.461538461538462,4.923076923076923,7.0,9.2,9.0,15.333333333333334,15.2,13.3,4.6,5.0,1.2,8.0,11.0,3.0,0.0
39db47e1762196f9cb29,2023-24,2024-03-11,Newcastle United,Chelsea,A,J Brooks,27,10.148148148148149,13.0,4.666666666666667,5.148148148148148,2.111111111111111,13,10.538461538461538,12.692307692307692,4.0,5.384615384615385,7.666666666666667,8.4,9.1,16.0,14.6,13.2,3.8,4.4,1.0,7.0,12.0,4.0,1.0
295c537fb1e0688ec87b,2023-24,2024-03-30,Newcastle United,West Ham United,H,R Jones,28,10.035714285714286,12.964285714285714,4.642857142857143,4.964285714285714,2.0714285714285716,14,9.785714285714286,13.285714285714286,5.285714285714286,4.928571428571429,7.0,7.2,9.3,12.666666666666666,13.8,13.3,3.0,4.0,0.8,9.0,8.0,3.0,1.0
cffb8ee981e7f9483c2f,2023-24,2024-04-02,Newcastle United,Everton,H,T Harrington,29,10.0,12.793103448275861,4.586206896551724,4.931034482758621,2.0344827586206895,15,9.733333333333333,12.933333333333334,5.133333333333334,4.866666666666666,8.0,7.8,9.2,10.333333333333334,13.6,13.0,2.8,4.0,0.6,9.0,14.0,7.0,0.0
404ee4bfbe7f9e50f6c3,2023-24,2024-04-06,Newcastle United,Fulham,A,S Allison,30,9.966666666666667,12.833333333333334,4.666666666666667,4.866666666666666,1.9666666666666666,14,10.285714285714286,12.642857142857142,4.0,5.0,8.333333333333334,7.8,8.6,11.333333333333334,12.0,12.8,3.4,4.2,0.4,13.0,10.0,3.0,2.0
8fe6937652c559c8c286,2023-24,2024-04-13,Newcastle United,Tottenham,H,T Robinson,31,10.064516129032258,12.741935483870968,4.612903225806452,5.161290322580645,1.967741935483871,16,9.6875,13.0,5.25,4.75,10.333333333333334,9.2,9.2,10.666666666666666,11.0,13.1,4.0,5.2,0.8,14.0,12.0,16.0,0.0
cf654c89c4d29b2252ab,2023-24,2024-04-24,Newcastle United,Crystal Palace,A,T Bramall,32,10.1875,12.71875,4.96875,5.09375,1.90625,15,10.466666666666667,12.466666666666667,3.933333333333333,5.6,12.0,10.4,9.4,12.0,11.2,12.9,6.6,4.8,0.8,15.0,10.0,2.0,3.0
d9b772d7309e362dad81,2023-24,2024-04-27,Newcastle United,Sheffield United,H,T Harrington,33,10.333333333333334,12.636363636363637,4.878787878787879,5.151515151515151,1.9393939393939394,17,9.941176470588236,12.941176470588236,5.882352941176471,4.647058823529412,14.0,12.0,9.6,10.666666666666666,10.8,12.3,6.2,6.2,1.2,9.0,10.0,4.0,0.0
11805ec8d68610d91138,2023-24,2024-05-04,Newcastle United,Burnley,A,A Taylor,34,10.294117647058824,12.558823529411764,4.852941176470588,5.147058823529412,1.8823529411764706,16,10.75,12.3125,3.8125,5.6875,12.666666666666666,12.0,9.9,10.666666666666666,11.2,12.4,6.4,6.4,1.0,8.0,8.0,11.0,2.0
563aaeccf8feef98d998,2023-24,2024-05-11,Newcastle United,Brighton & Hove Albion,H,D England,35,10.228571428571428,12.428571428571429,5.0285714285714285,5.114285714285714,1.8857142857142857,18,9.88888888888889,12.777777777777779,5.777777777777778,4.666666666666667,10.666666666666666,11.8,9.8,9.333333333333334,10.0,11.0,7.2,6.6,1.4,9.0,16.0,8.0,3.0
5be315fecd4891d67a40,2023-24,2024-05-15,Newcastle United,Manchester United,A,R Jones,36,10.194444444444445,12.527777777777779,5.111111111111111,5.083333333333333,1.9166666666666667,17,10.588235294117647,12.058823529411764,4.235294117647059,5.588235294117647,8.666666666666666,11.0,10.1,11.333333333333334,11.2,11.1,8.2,4.6,1.6,7.0,16.0,9.0,3.0
a7256d14a7dcc78b177e,2023-24,2024-05-19,Newcastle United,Brentford,A,S Hooper,37,10.108108108108109,12.621621621621621,5.216216216216216,5.1891891891891895,1.945945945945946,18,10.38888888888889,12.277777777777779,4.5,5.777777777777778,8.0,9.6,10.0,13.333333333333334,12.0,11.6,6.8,5.8,2.2,11.0,15.0,0.0,4.0
f751685abfbedc43515f,2023-24,2023-08-12,Nottingham Forest,Arsenal,A,M Oliver,0,,,,,,0,,,,,,,,,,,,,,12.0,12.0,3.0,2.0
8a6597b54c5533f8a738,2023-24,2023-08-18,Nottingham Forest,Sheffield United,H,P Bankes,1,12.0,12.0,3.0,8.0,2.0,0,,,,,12.0,12.0,12.0,12.0,12.0,12.0,3.0,8.0,2.0,5.0,9.0,6.0,2.0
ea15fad9a17b65e315ca,2023-24,2023-08-26,Nottingham Forest,Manchester United,A,S Attwell,2,8.5,10.5,4.5,7.5,2.0,1,12.0,12.0,3.0,8.0,8.5,8.5,8.5,10.5,10.5,10.5,4.5,7.5,2.0,11.0,13.0,3.0,4.0
13be68fc70f15c6208af,2023-24,2023-09-02,Nottingham Forest,Chelsea,A,T Robinson,3,9.333333333333334,11.333333333333334,4.0,8.666666666666666,2.6666666666666665,2,11.5,12.5,3.0,9.5,9.333333333333334,9.333333333333334,9.333333333333334,11.333333333333334,11.333333333333334,11.333333333333334,4.0,8.666666666666666,2.6666666666666665,9.0,10.0,0.0,4.0
d1601667e6af3892c428,2023-24,2023-09-18,Nottingham Forest,Burnley,H,R Jones,4,9.25,11.0,3.0,8.5,3.0,1,5.0,9.0,6.0,7.0,8.333333333333334,9.25,9.25,10.666666666666666,11.0,11.0,3.0,8.5,3.0,16.0,10.0,5.0,2.0
9902d59ccf208304069b,2023-24,2023-09-23,Nottingham Forest,Manchester City,A,A Taylor,5,10.6,10.8,3.4,7.6,2.8,3,10.666666666666666,11.666666666666666,2.0,9.0,12.0,10.6,10.6,11.0,10.8,10.8,3.4,7.6,2.8,17.0,5.0,6.0,7.0
3434c74abaad133906ea,2023-24,2023-10-01,Nottingham Forest,Brentford,H,P Tierney,6,11.666666666666666,9.833333333333334,3.8333333333333335,7.333333333333333,3.5,2,10.5,9.5,5.5,5.5,14.0,11.6,11.666666666666666,8.333333333333334,9.4,9.833333333333334,4.0,7.2,3.8,6.0,10.0,1.0,1.0
cf8e024177d3455d563c,2023-24,2023-10-07,Nottingham Forest,Crystal Palace,A,C Pawson,7,10.857142857142858,9.857142857142858,3.4285714285714284,7.857142857142857,3.142857142857143,4,12.25,10.0,3.0,8.25,13.0,11.8,10.857142857142858,8.333333333333334,9.6,9.857142857142858,3.0,8.0,3.6,12.0,7.0,7.0,1.0
fb95a1e1dcd0ec29ae0f,2023-24,2023-10-21,Nottingham Forest,Luton,H,S Barrott,8,11.0,9.5,3.875,7.25,2.875,3,9.0,9.666666666666666,4.0,7.333333333333333,11.666666666666666,12.0,11.0,7.333333333333333,8.4,9.5,3.8,6.4,3.0,12.0,11.0,4.0,3.0
4b3c30bd26660cf13a30,2023-24,2023-10-29,Nottingham Forest,Liverpool,A,C Kavanagh,9,11.11111111111111,9.666666666666666,3.888888888888889,6.666666666666667,2.888888888888889,5,12.2,9.4,3.8,7.2,10.0,12.6,11.11111111111111,9.333333333333334,8.6,9.666666666666666,4.6,5.2,2.8,13.0,9.0,3.0,3.0
76d7f4cef87ec7b6cede,2023-24,2023-11-05,Nottingham Forest,Aston Villa,H,J Gillett,10,11.3,9.6,3.8,6.8,2.9,4,9.75,10.0,4.0,6.0,12.333333333333334,12.0,11.3,9.0,8.4,9.6,4.2,6.0,3.0,6.0,9.0,0.0,1.0
18956db88766290649c4,2023-24,2023-11-12,Nottingham Forest,West Ham United,A,M Salisbury,11,10.818181818181818,9.545454545454545,3.4545454545454546,7.090909090909091,2.727272727272727,6,12.333333333333334,9.333333333333334,3.6666666666666665,7.333333333333333,10.333333333333334,9.8,10.7,9.666666666666666,9.2,9.3,3.0,6.8,1.8,12.0,9.0,4.0,2.0
224a516740d5ea2dcc7d,2023-24,2023-11-25,Nottingham Forest,Brighton & Hove Albion,H,A Taylor,12,10.916666666666666,9.5,3.5,7.25,2.6666666666666665,5,9.0,9.8,3.2,6.8,10.333333333333334,11.0,11.4,9.0,9.0,9.3,3.6,6.4,2.0,12.0,7.0,6.0,2.0
642247e6cd5a5d7f269b,2023-24,2023-12-02,Nottingham Forest,Everton,H,P Tierney,13,11.0,9.307692307692308,3.6923076923076925,7.0,2.6153846153846154,6,9.5,9.333333333333334,3.6666666666666665,6.333333333333333,10.0,11.0,11.5,8.333333333333334,9.0,8.7,3.4,6.6,2.2,15.0,14.0,4.0,1.0
e3402bd95155b6d56611,2023-24,2023-12-06,Nottingham Forest,Fulham,A,J Smith,14,11.285714285714286,9.642857142857142,3.7142857142857144,6.714285714285714,2.5,7,12.285714285714286,9.285714285714286,3.7142857142857144,7.571428571428571,13.0,11.6,12.1,10.0,9.6,9.1,3.4,6.8,1.8,10.0,7.0,1.0,1.0
6e1f25df722e99ef66c9,2023-24,2023-12-09,Nottingham Forest,Wolverhampton Wanderers,A,S Barrott,15,11.2,9.466666666666667,3.533333333333333,6.666666666666667,2.4,8,12.0,9.0,3.375,7.375,12.333333333333334,11.0,11.5,9.333333333333334,9.2,8.8,3.0,6.4,1.4,11.0,9.0,3.0,1.0
b617594501bd44e0de64,2023-24,2023-12-15,Nottingham Forest,Tottenham,H,J Gillett,16,11.1875,9.4375,3.5,6.5,2.3125,7,10.285714285714286,10.0,3.7142857142857144,5.857142857142857,12.0,12.0,10.9,10.0,9.2,9.2,3.6,5.2,1.4,16.0,11.0,6.0,2.0
73d77f17839c23f8e6ad,2023-24,2023-12-23,Nottingham Forest,Bournemouth,H,R Jones,17,11.470588235294118,9.529411764705882,3.6470588235294117,6.352941176470588,2.2941176470588234,8,11.0,10.125,4.0,5.625,12.333333333333334,12.8,11.9,9.0,9.6,9.3,4.0,4.2,1.4,10.0,10.0,6.0,0.0
076f84f0d447ef99936a,2023-24,2023-12-26,Nottingham Forest,Newcastle United,A,C Kavanagh,18,11.38888888888889,9.555555555555555,3.7777777777777777,6.333333333333333,2.1666666666666665,9,11.88888888888889,9.0,3.3333333333333335,7.0,12.333333333333334,12.4,11.7,10.0,10.2,9.6,4.0,4.6,1.0,11.0,10.0,2.0,3.0
c68bac671717f5592d9f,2023-24,2023-12-30,Nottingham Forest,Manchester United,H,T Robinson,19,11.368421052631579,9.578947368421053,3.6842105263157894,6.526315789473684,2.210526315789474,9,10.88888888888889,10.11111111111111,4.222222222222222,5.666666666666667,12.333333333333334,11.6,11.6,10.333333333333334,9.4,9.5,3.6,6.0,1.4,9.0,11.0,4.0,2.0
64f82256cafb6d0523d6,2023-24,2024-01-20,Nottingham Forest,Brentford,A,D England,20,11.25,9.65,3.7,6.45,2.2,10,11.8,9.1,3.2,7.3,10.0,11.4,11.2,10.333333333333334,10.2,9.7,4.2,5.8,1.6,14.0,10.0,4.0,3.0
8018cb081bb64eb81660,2023-24,2024-01-30,Nottingham Forest,Arsenal,H,S Hooper,21,11.380952380952381,9.666666666666666,3.7142857142857144,6.428571428571429,2.238095238095238,10,10.7,10.2,4.2,5.6,11.333333333333334,12.0,12.0,10.333333333333334,10.4,9.8,4.4,6.2,2.0,6.0,7.0,2.0,0.0
27082edcf72c5354bc98,2023-24,2024-02-04,Nottingham Forest,Bournemouth,A,R Welch,22,11.136363636363637,9.545454545454545,3.6363636363636362,6.636363636363637,2.1363636363636362,11,12.0,9.181818181818182,3.272727272727273,7.181818181818182,9.666666666666666,10.0,11.4,9.333333333333334,9.6,9.6,3.6,7.6,1.6,12.0,19.0,6.0,2.0
9263431d15c9f82aa428,2023-24,2024-02-10,Nottingham Forest,Newcastle United,H,A Taylor,23,11.173913043478262,9.956521739130435,3.739130434782609,6.826086956521739,2.130434782608696,11,10.272727272727273,9.909090909090908,4.0,6.090909090909091,10.666666666666666,10.4,11.4,12.0,11.4,10.8,3.6,8.6,2.0,9.0,6.0,4.0,1.0
f3f9ad44702276fafc02,2023-24,2024-02-17,Nottingham Forest,West Ham United,H,T Bramall,24,11.083333333333334,9.791666666666666,3.75,6.708333333333333,2.0833333333333335,12,10.166666666666666,9.583333333333334,4.0,5.916666666666667,9.0,10.0,10.8,10.666666666666666,10.6,10.0,4.0,7.4,1.6,13.0,15.0,5.0,4.0
60bda189750e426ea557,2023-24,2024-02-24,Nottingham Forest,Aston Villa,A,S Barrott,25,11.16,10.0,3.8,6.56,2.16,12,12.0,10.0,3.5,7.5,11.333333333333334,10.8,11.1,13.333333333333334,11.4,10.8,4.2,7.0,2.0,16.0,7.0,2.0,2.0
9e423eed1a831e735c09,2023-24,2024-03-02,Nottingham Forest,Liverpool,H,P Tierney,26,11.346153846153847,9.884615384615385,3.730769230769231,6.576923076923077,2.1538461538461537,13,10.384615384615385,10.0,4.076923076923077,5.6923076923076925,12.666666666666666,11.2,11.6,9.333333333333334,10.8,10.6,3.8,7.2,1.8,11.0,12.0,3.0,2.0
e79332c5dc8254a75a44,2023-24,2024-03-10,Nottingham Forest,Brighton & Hove Albion,A,M Salisbury,27,11.333333333333334,9.962962962962964,3.7037037037037037,6.777777777777778,2.1481481481481484,13,12.307692307692308,9.76923076923077,3.3846153846153846,7.461538461538462,13.333333333333334,12.2,11.1,11.333333333333334,11.8,10.7,4.0,7.4,2.2,14.0,14.0,3.0,4.0
6697c37a8b7380634fbb,2023-24,2024-03-16,Nottingham Forest,Luton,A,D England,28,11.428571428571429,10.107142857142858,3.6785714285714284,6.75,2.2142857142857144,14,12.428571428571429,10.071428571428571,3.357142857142857,7.357142857142857,13.666666666666666,12.6,11.5,11.0,10.8,11.1,3.4,6.4,2.6,17.0,10.0,7.0,2.0
c36ed87ee5874ce3776b,2023-24,2024-03-30,Nottingham Forest,Crystal Palace,H,C Kavanagh,29,11.620689655172415,10.10344827586207,3.793103448275862,6.724137931034483,2.206896551724138,14,10.428571428571429,10.142857142857142,4.0,6.142857142857143,14.0,14.2,12.1,12.0,11.6,11.1,4.0,6.8,2.8,14.0,12.0,4.0,1.0
e7a2753dede6443a7bcf,2023-24,2024-04-02,Nottingham Forest,Fulham,H,M Oliver,30,11.7,10.166666666666666,3.8,6.7,2.1666666666666665,15,10.666666666666666,10.266666666666667,4.0,6.133333333333334,15.0,14.4,12.6,12.0,11.0,11.2,3.8,7.4,2.2,7.0,8.0,3.0,0.0
24ce3697cb827f201c95,2023-24,2024-04-07,Nottingham Forest,Tottenham,A,S Hooper,31,11.548387096774194,10.096774193548388,3.774193548387097,6.741935483870968,2.096774193548387,15,12.733333333333333,10.066666666666666,3.6,7.266666666666667,12.666666666666666,12.6,11.9,10.0,11.2,11.0,4.0,7.6,1.8,12.0,11.0,2.0,3.0
ad53c91942bb597ecb67,2023-24,2024-04-13,Nottingham Forest,Wolverhampton Wanderers,H,C Pawson,32,11.5625,10.125,3.71875,6.90625,2.125,16,10.4375,10.125,3.9375,6.25,11.0,12.8,12.5,10.333333333333334,11.0,11.4,3.8,7.6,2.0,15.0,10.0,10.0,2.0
a8beb413472942f9884e,2023-24,2024-04-21,Nottingham Forest,Everton,A,A Taylor,33,11.666666666666666,10.121212121212121,3.909090909090909,6.7272727272727275,2.121212121212121,16,12.6875,10.125,3.5,7.5625,11.333333333333334,13.0,12.8,9.666666666666666,10.2,10.5,5.2,6.6,1.6,9.0,15.0,4.0,2.0
8d33dffc88ab69785df9,2023-24,2024-04-28,Nottingham Forest,Manchester City,H,S Hooper,34,11.588235294117647,10.264705882352942,3.911764705882353,6.705882352941177,2.1176470588235294,17,10.705882352941176,10.117647058823529,4.294117647058823,5.9411764705882355,12.0,11.4,12.8,12.0,11.2,11.4,4.6,6.6,1.6,8.0,6.0,4.0,0.0
0af29e5de2bcae47c1ca,2023-24,2024-05-04,Nottingham Forest,Sheffield United,A,C Kavanagh,35,11.485714285714286,10.142857142857142,3.914285714285714,6.6571428571428575,2.057142857142857,17,12.470588235294118,10.411764705882353,3.5294117647058822,7.470588235294118,10.666666666666666,10.2,12.3,10.333333333333334,10.0,10.5,4.6,6.4,1.4,7.0,9.0,3.0,1.0
630360fca51c525d0e4e,2023-24,2024-05-11,Nottingham Forest,Chelsea,H,T Harrington,36,11.36111111111111,10.11111111111111,3.888888888888889,6.611111111111111,2.0277777777777777,18,10.555555555555555,9.88888888888889,4.277777777777778,5.888888888888889,8.0,10.2,11.4,10.0,10.2,10.7,4.6,5.8,1.6,14.0,8.0,5.0,2.0
448813b9d96a6579a99b,2023-24,2024-05-19,Nottingham Forest,Burnley,A,G Scott,37,11.432432432432432,10.054054054054054,3.918918918918919,6.594594594594595,2.027027027027027,18,12.166666666666666,10.333333333333334,3.5,7.333333333333333,9.666666666666666,10.6,11.7,7.666666666666667,9.6,10.3,5.2,4.6,1.4,5.0,11.0,3.0,0.0
adfa0ff2170ae937243e,2023-24,2023-08-12,Sheffield United,Crystal Palace,H,J Brooks,0,,,,,,0,,,,,,,,,,,,,,18.0,11.0,5.0,3.0
8a6597b54c5533f8a738,2023-24,2023-08-18,Sheffield United,Nottingham Forest,A,P Bankes,1,18.0,11.0,5.0,5.0,3.0,0,,,,,18.0,18.0,18.0,11.0,11.0,11.0,5.0,5.0,3.0,9.0,5.0,7.0,3.0
164165830602d3d3bb7a,2023-24,2023-08-27,Sheffield United,Manchester City,H,J Gillett,2,13.5,8.0,6.0,5.5,3.0,1,18.0,11.0,5.0,5.0,13.5,13.5,13.5,8.0,8.0,8.0,6.0,5.5,3.0,11.0,2.0,1.0,3.0
a6db6337a516dfa25ab5,2023-24,2023-09-02,Sheffield United,Everton,H,A Madley,3,12.666666666666666,6.0,4.333333333333333,7.666666666666667,3.0,2,14.5,6.5,3.0,8.5,12.666666666666666,12.666666666666666,12.666666666666666,6.0,6.0,6.0,4.333333333333333,7.666666666666667,3.0,11.0,13.0,4.0,1.0
415114679d40ae6f9312,2023-24,2023-09-16,Sheffield United,Tottenham,A,P Bankes,4,12.25,7.75,4.25,7.25,2.5,1,9.0,5.0,7.0,6.0,10.333333333333334,12.25,12.25,6.666666666666667,7.75,7.75,4.25,7.25,2.5,14.0,13.0,2.0,5.0
c5210a0fdf90fecaa1af,2023-24,2023-09-24,Sheffield United,Newcastle United,H,S Attwell,5,12.6,8.8,3.8,8.8,3.0,3,13.333333333333334,8.666666666666666,3.3333333333333335,7.666666666666667,12.0,12.6,12.6,9.333333333333334,8.8,8.8,3.8,8.8,3.0,12.0,8.0,2.0,3.0
83b749d3d3fd368eca6c,2023-24,2023-09-30,Sheffield United,West Ham United,A,G Scott,6,12.5,8.666666666666666,3.5,8.333333333333334,3.0,2,11.5,9.0,4.5,10.5,12.333333333333334,11.4,12.5,11.333333333333334,8.2,8.666666666666666,3.2,9.0,3.0,9.0,6.0,4.0,1.0
3284fd2d0e08f5599296,2023-24,2023-10-07,Sheffield United,Fulham,A,S Barrott,7,12.0,8.285714285714286,3.5714285714285716,8.142857142857142,2.7142857142857144,3,10.666666666666666,8.0,4.333333333333333,9.333333333333334,11.666666666666666,11.4,12.0,9.0,8.4,8.285714285714286,2.6,9.2,2.6,10.0,8.0,4.0,2.0
e59f0e40f78f947b8323,2023-24,2023-10-21,Sheffield United,Manchester United,H,M Oliver,8,11.75,8.25,3.625,8.25,2.625,4,13.0,8.5,3.0,7.25,10.333333333333334,11.2,11.75,7.333333333333333,9.6,8.25,3.2,8.6,2.4,12.0,10.0,5.0,3.0
b5c5b035abe83ca36815,2023-24,2023-10-28,Sheffield United,Arsenal,A,T Robinson,9,11.777777777777779,8.444444444444445,3.7777777777777777,7.777777777777778,2.6666666666666665,4,10.5,8.0,4.25,9.25,10.333333333333334,11.4,11.777777777777779,8.0,9.0,8.444444444444445,3.4,8.2,2.8,13.0,9.0,1.0,3.0
a7dc34ac9534fc02a14d,2023-24,2023-11-04,Sheffield United,Wolverhampton Wanderers,H,R Jones,10,11.9,8.5,3.5,7.6,2.7,5,12.8,8.8,3.4,6.6,11.666666666666666,11.2,11.9,9.0,8.2,8.5,3.2,6.4,2.4,13.0,10.0,4.0,2.0
48c331ce949f04452b86,2023-24,2023-11-12,Sheffield United,Brighton & Hove Albion,A,J Brooks,11,12.0,8.636363636363637,3.5454545454545454,7.2727272727272725,2.6363636363636362,5,11.0,8.2,3.6,8.6,12.666666666666666,11.4,11.4,9.666666666666666,8.6,8.4,3.6,6.0,2.2,16.0,13.0,3.0,2.0
1c62d2e1be33332fc7c5,2023-24,2023-11-25,Sheffield United,Bournemouth,H,A Madley,12,12.333333333333334,9.0,3.5,7.166666666666667,2.5833333333333335,6,12.833333333333334,9.0,3.5,6.166666666666667,14.0,12.8,12.1,10.666666666666666,10.0,9.2,3.4,5.8,2.4,6.0,8.0,4.0,4.0
2dd54f89b97ba588367b,2023-24,2023-12-02,Sheffield United,Burnley,A,C Kavanagh,13,11.846153846153847,8.923076923076923,3.5384615384615383,7.153846153846154,2.6923076923076925,6,11.833333333333334,9.0,3.5,8.166666666666666,11.666666666666666,12.0,11.6,10.333333333333334,10.0,9.8,3.4,5.4,2.8,12.0,9.0,1.0,5.0
2e1220cd94951fc0e5fe,2023-24,2023-12-06,Sheffield United,Liverpool,H,S Hooper,14,11.857142857142858,8.928571428571429,3.357142857142857,7.071428571428571,2.857142857142857,7,11.857142857142858,8.857142857142858,3.5714285714285716,6.285714285714286,11.333333333333334,12.0,11.7,10.0,9.8,9.4,2.6,5.8,3.2,12.0,8.0,2.0,2.0
8089ba6acf36579c11c9,2023-24,2023-12-09,Sheffield United,Brentford,H,S Attwell,15,11.866666666666667,8.866666666666667,3.2666666666666666,7.4,2.8,8,11.875,8.75,3.375,7.0,10.0,11.8,11.5,8.333333333333334,9.6,8.9,2.8,7.0,3.0,14.0,13.0,3.0,5.0
c3ec8a270fd62c1a974c,2023-24,2023-12-16,Sheffield United,Chelsea,A,A Madley,16,12.0,9.125,3.25,7.1875,2.9375,7,11.857142857142858,9.0,3.142857142857143,7.857142857142857,12.666666666666666,12.0,11.7,10.0,10.2,9.4,2.6,7.0,3.6,14.0,9.0,6.0,3.0
aad2ef597f2e1d1dc33c,2023-24,2023-12-22,Sheffield United,Aston Villa,A,A Taylor,17,12.117647058823529,9.117647058823529,3.411764705882353,7.176470588235294,2.9411764705882355,8,12.125,9.0,3.5,7.75,13.333333333333334,11.6,12.2,10.0,9.4,9.7,3.2,7.2,3.8,16.0,11.0,1.0,3.0
c86cdfc1be2f47169a9e,2023-24,2023-12-26,Sheffield United,Luton,H,S Allison,18,12.333333333333334,9.222222222222221,3.2777777777777777,7.277777777777778,2.9444444444444446,9,12.11111111111111,9.222222222222221,3.3333333333333335,6.666666666666667,14.666666666666666,13.6,12.8,11.0,10.0,10.0,2.6,7.6,3.6,13.0,13.0,9.0,5.0
83ef2604b10ca2aede97,2023-24,2023-12-30,Sheffield United,Manchester City,A,D Coote,19,12.368421052631579,9.421052631578947,3.5789473684210527,7.105263157894737,3.0526315789473686,9,12.555555555555555,9.222222222222221,3.2222222222222223,7.888888888888889,14.333333333333334,13.8,12.9,11.0,10.8,10.3,4.2,7.2,3.6,6.0,5.0,2.0,1.0
7287d064e396f3b12aae,2023-24,2024-01-21,Sheffield United,West Ham United,H,M Salisbury,20,12.05,9.2,3.5,7.35,2.95,10,12.2,9.6,3.9,6.4,11.666666666666666,12.6,12.2,9.666666666666666,10.2,9.9,4.2,7.2,3.4,11.0,10.0,4.0,3.0
9fd5433c8bc8f2906527,2023-24,2024-01-30,Sheffield United,Crystal Palace,A,T Harrington,21,12.0,9.238095238095237,3.5238095238095237,7.0476190476190474,2.9523809523809526,10,11.9,8.8,3.1,8.3,10.0,12.0,12.0,9.333333333333334,9.6,9.9,4.4,6.6,3.0,18.0,8.0,1.0,4.0
e7ffe10a00994a15b4a6,2023-24,2024-02-03,Sheffield United,Aston Villa,H,P Tierney,22,12.272727272727273,9.181818181818182,3.409090909090909,7.2272727272727275,3.0,11,12.090909090909092,9.636363636363637,3.909090909090909,5.909090909090909,11.666666666666666,12.8,12.2,7.666666666666667,9.4,9.4,3.4,7.4,3.2,10.0,7.0,3.0,1.0
8ac5d14f9894ab405357,2023-24,2024-02-10,Sheffield United,Luton,A,C Kavanagh,23,12.173913043478262,9.08695652173913,3.391304347826087,7.086956521739131,2.9130434782608696,11,12.454545454545455,8.727272727272727,2.909090909090909,8.545454545454545,13.0,11.6,12.6,8.333333333333334,8.6,9.3,3.8,6.4,2.8,12.0,7.0,1.0,2.0
5a2860b32cf3dc343d2c,2023-24,2024-02-18,Sheffield United,Brighton & Hove Albion,H,S Attwell,24,12.166666666666666,9.0,3.2916666666666665,7.333333333333333,2.875,12,11.916666666666666,9.416666666666666,3.8333333333333335,5.75,13.333333333333334,11.4,12.6,7.333333333333333,7.4,9.1,2.2,8.2,2.2,3.0,5.0,5.0,1.0
80efed3aeab656605626,2023-24,2024-02-25,Sheffield United,Wolverhampton Wanderers,A,D Bond,25,11.8,8.84,3.36,7.44,2.8,12,12.416666666666666,8.583333333333334,2.75,8.916666666666666,8.333333333333334,10.8,11.7,6.333333333333333,7.4,8.8,2.8,7.8,2.2,4.0,8.0,6.0,1.0
b96f51da4b1ab6ee77ee,2023-24,2024-03-04,Sheffield United,Arsenal,H,S Barrott,26,11.5,8.807692307692308,3.4615384615384617,7.346153846153846,2.730769230769231,13,11.23076923076923,9.076923076923077,3.923076923076923,6.076923076923077,6.333333333333333,9.4,10.7,6.666666666666667,7.0,8.3,3.2,8.6,1.8,11.0,4.0,0.0,1.0
6b3f2f9a5ec6ab82d65a,2023-24,2024-03-09,Sheffield United,Bournemouth,A,A Taylor,27,11.481481481481481,8.62962962962963,3.3333333333333335,7.333333333333333,2.6666666666666665,13,11.76923076923077,8.538461538461538,3.0,8.615384615384615,6.0,8.0,10.4,5.666666666666667,6.2,7.8,3.0,7.8,1.2,11.0,12.0,3.0,5.0
c31130a4569dbd68c7c3,2023-24,2024-03-30,Sheffield United,Fulham,H,T Robinson,28,11.464285714285714,8.75,3.3214285714285716,7.428571428571429,2.75,14,11.214285714285714,8.714285714285714,3.642857142857143,6.142857142857143,8.666666666666666,8.2,9.9,8.0,7.2,7.9,3.0,9.0,2.0,10.0,13.0,2.0,4.0
a664be75aa7abba196a0,2023-24,2024-04-04,Sheffield United,Liverpool,A,S Attwell,29,11.413793103448276,8.89655172413793,3.2758620689655173,7.689655172413793,2.793103448275862,14,11.714285714285714,8.785714285714286,3.0,8.714285714285714,10.666666666666666,7.8,9.6,9.666666666666666,8.4,7.9,3.2,9.4,2.4,9.0,6.0,1.0,1.0
1d93e8edf61477de66a1,2023-24,2024-04-07,Sheffield United,Chelsea,H,R Jones,30,11.333333333333334,8.8,3.2,7.866666666666666,2.7333333333333334,15,11.133333333333333,9.0,3.533333333333333,6.733333333333333,10.0,9.0,9.9,10.333333333333334,8.6,8.0,2.4,10.0,2.4,12.0,10.0,7.0,4.0
6bee78ba1ed0c89ba9ae,2023-24,2024-04-13,Sheffield United,Brentford,A,S Barrott,31,11.35483870967742,8.838709677419354,3.3225806451612905,7.806451612903226,2.774193548387097,15,11.533333333333333,8.6,2.8666666666666667,9.0,10.333333333333334,10.6,10.0,9.666666666666666,9.0,8.0,2.6,10.2,3.0,11.0,8.0,6.0,1.0
f78bde296f0bc349e0a1,2023-24,2024-04-20,Sheffield United,Burnley,H,A Madley,32,11.34375,8.8125,3.40625,7.65625,2.71875,16,11.1875,9.0625,3.75,6.6875,10.666666666666666,10.6,9.3,8.0,9.8,8.0,3.8,9.4,3.0,10.0,9.0,11.0,1.0
83b8e5ac37d26410aa4d,2023-24,2024-04-24,Sheffield United,Manchester United,A,M Salisbury,33,11.303030303030303,8.818181818181818,3.6363636363636362,7.484848484848484,2.6666666666666665,16,11.5,8.5625,3.0625,8.625,11.0,10.4,9.3,9.0,9.2,8.2,5.4,7.8,2.2,9.0,7.0,4.0,1.0
d9b772d7309e362dad81,2023-24,2024-04-27,Sheffield United,Newcastle United,A,T Harrington,34,11.235294117647058,8.764705882352942,3.6470588235294117,7.529411764705882,2.6176470588235294,17,11.352941176470589,8.470588235294118,3.1176470588235294,8.647058823529411,10.0,10.2,9.0,8.0,8.0,8.2,5.8,6.6,1.6,10.0,9.0,5.0,0.0
0af29e5de2bcae47c1ca,2023-24,2024-05-04,Sheffield United,Nottingham Forest,H,C Kavanagh,35,11.2,8.771428571428572,3.6857142857142855,7.428571428571429,2.5428571428571427,17,11.117647058823529,9.058823529411764,4.176470588235294,6.411764705882353,9.666666666666666,10.4,9.7,8.333333333333334,8.6,8.6,6.6,4.8,1.4,9.0,7.0,5.0,0.0
014eb18e8c7644b22208,2023-24,2024-05-11,Sheffield United,Everton,A,S Attwell,36,11.13888888888889,8.722222222222221,3.7222222222222223,7.305555555555555,2.4722222222222223,18,11.277777777777779,8.5,3.2222222222222223,8.38888888888889,9.333333333333334,9.8,10.2,7.666666666666667,8.0,8.5,6.2,4.2,0.6,11.0,6.0,6.0,2.0
5a852308e345f675b731,2023-24,2024-05-19,Sheffield United,Tottenham,H,A Madley,37,11.135135135135135,8.64864864864865,3.7837837837837838,7.1891891891891895,2.4594594594594597,18,11.0,8.944444444444445,4.222222222222222,6.222222222222222,10.0,9.8,10.2,7.333333333333333,7.6,8.7,6.2,4.2,0.8,11.0,9.0,2.0,2.0
1df8c4f9ff9891fb1e6e,2023-24,2023-08-13,Tottenham,Brentford,A,R Jones,0,,,,,,0,,,,,,,,,,,,,,13.0,12.0,6.0,4.0
d3d9dfa4a07caeb6f069,2023-24,2023-08-19,Tottenham,Manchester United,H,M Oliver,1,13.0,12.0,6.0,3.0,4.0,0,,,,,13.0,13.0,13.0,12.0,12.0,12.0,6.0,3.0,4.0,9.0,8.0,5.0,1.0
50a7c1760429e5cf1c27,2023-24,2023-08-26,Tottenham,Bournemouth,A,T Robinson,2,11.0,10.0,5.5,4.5,2.5,1,13.0,12.0,6.0,3.0,11.0,11.0,11.0,10.0,10.0,10.0,5.5,4.5,2.5,11.0,18.0,2.0,3.0
46a63a77266c5f426dc2,2023-24,2023-09-02,Tottenham,Burnley,A,D England,3,11.0,12.666666666666666,4.333333333333333,5.0,2.6666666666666665,2,12.0,15.0,4.0,4.5,11.0,11.0,11.0,12.666666666666666,12.666666666666666,12.666666666666666,4.333333333333333,5.0,2.6666666666666665,9.0,15.0,4.0,3.0
415114679d40ae6f9312,2023-24,2023-09-16,Tottenham,Sheffield United,H,P Bankes,4,10.5,13.25,4.25,5.5,2.75,1,9.0,8.0,5.0,6.0,9.666666666666666,10.5,10.5,13.666666666666666,13.25,13.25,4.25,5.5,2.75,13.0,14.0,15.0,6.0
87be2c4c530c1dcf30eb,2023-24,2023-09-24,Tottenham,Arsenal,A,R Jones,5,11.0,13.4,6.4,4.8,3.4,3,11.0,15.0,4.0,5.333333333333333,11.0,11.0,11.0,15.666666666666666,13.4,13.4,6.4,4.8,3.4,19.0,12.0,4.0,4.0
4bc1cfab88f1eb36d9be,2023-24,2023-09-30,Tottenham,Liverpool,H,S Hooper,6,12.333333333333334,13.166666666666666,6.0,5.833333333333333,3.5,2,11.0,11.0,10.0,4.0,13.666666666666666,12.2,12.333333333333334,13.666666666666666,13.4,13.166666666666666,6.0,6.4,3.4,11.0,17.0,12.0,5.0
9c8694f1dc865fe96f62,2023-24,2023-10-07,Tottenham,Luton,A,J Brooks,7,12.142857142857142,13.714285714285714,6.857142857142857,5.714285714285714,3.7142857142857144,4,13.0,14.25,4.0,6.75,14.333333333333334,12.6,12.142857142857142,14.333333333333334,15.2,13.714285714285714,7.4,6.2,4.2,7.0,16.0,6.0,1.0
eef7e814ec968990bd01,2023-24,2023-10-23,Tottenham,Fulham,H,A Taylor,8,11.5,14.0,6.75,5.625,3.375,3,11.0,13.0,10.666666666666666,4.333333333333333,12.333333333333334,11.8,11.5,15.0,14.8,14.0,8.2,6.0,3.8,10.0,14.0,3.0,2.0
d8383facd879687d2fe9,2023-24,2023-10-27,Tottenham,Crystal Palace,A,A Madley,9,11.333333333333334,14.0,6.333333333333333,5.555555555555555,3.2222222222222223,5,11.8,14.6,4.4,6.4,9.333333333333334,12.0,11.333333333333334,15.666666666666666,14.6,14.0,8.0,5.6,3.6,11.0,19.0,2.0,1.0
1a23eb885a8de40dbdfb,2023-24,2023-11-06,Tottenham,Chelsea,H,M Oliver,10,11.3,14.5,5.9,6.1,3.0,4,10.75,13.25,8.75,4.5,9.333333333333334,11.6,11.3,16.333333333333332,15.6,14.5,5.4,7.4,2.6,12.0,21.0,1.0,1.0
cb0b14df15ed1e54c628,2023-24,2023-11-11,Tottenham,Wolverhampton Wanderers,A,T Robinson,11,11.363636363636363,15.090909090909092,5.454545454545454,6.090909090909091,2.8181818181818183,6,11.666666666666666,15.333333333333334,4.0,7.166666666666667,11.0,10.2,11.2,18.0,17.4,15.4,4.8,6.4,2.0,15.0,19.0,3.0,3.0
b5311296f35d12b24ea3,2023-24,2023-11-26,Tottenham,Aston Villa,H,R Jones,12,11.666666666666666,15.416666666666666,5.25,6.5,2.8333333333333335,5,11.0,14.8,7.2,4.8,12.666666666666666,11.0,11.8,19.666666666666668,17.8,16.5,3.0,7.6,1.6,11.0,13.0,9.0,0.0
49998b98049a3a944205,2023-24,2023-12-03,Tottenham,Manchester City,A,S Hooper,13,11.615384615384615,15.23076923076923,5.538461538461538,6.230769230769231,2.6153846153846154,7,12.142857142857142,15.857142857142858,3.857142857142857,7.714285714285714,12.666666666666666,11.8,11.8,17.666666666666668,17.2,16.0,3.6,7.2,1.4,14.0,14.0,8.0,4.0
188001dc5d5b8cedfe6c,2023-24,2023-12-07,Tottenham,West Ham United,H,M Salisbury,14,11.785714285714286,15.142857142857142,5.714285714285714,6.5,2.7142857142857144,6,11.0,14.5,7.5,4.5,13.333333333333334,12.6,12.3,15.333333333333334,17.2,15.9,4.6,8.2,1.8,11.0,12.0,8.0,3.0
1d0ae1ce45e9dde52440,2023-24,2023-12-10,Tottenham,Newcastle United,H,C Kavanagh,15,11.733333333333333,14.933333333333334,5.866666666666666,6.333333333333333,2.7333333333333334,7,11.0,14.142857142857142,7.571428571428571,4.428571428571429,12.0,12.6,12.1,13.0,15.8,15.7,5.8,6.8,2.2,10.0,12.0,3.0,1.0
b617594501bd44e0de64,2023-24,2023-12-15,Tottenham,Nottingham Forest,A,J Gillett,16,11.625,14.75,5.6875,6.3125,2.625,8,12.375,15.625,4.375,8.0,11.666666666666666,12.2,11.2,12.666666666666666,14.0,15.7,6.2,6.8,2.2,11.0,16.0,4.0,4.0
a4fa7f3594de1cbb0699,2023-24,2023-12-23,Tottenham,Everton,H,S Attwell,17,11.588235294117647,14.823529411764707,5.588235294117647,6.294117647058823,2.7058823529411766,8,10.875,13.875,7.0,4.625,10.666666666666666,11.4,11.2,13.333333333333334,13.4,15.6,6.4,5.8,2.4,6.0,18.0,3.0,1.0
f1a259f170ef67bd87ad,2023-24,2023-12-28,Tottenham,Brighton & Hove Albion,A,J Gillett,18,11.277777777777779,15.0,5.444444444444445,6.388888888888889,2.611111111111111,9,12.222222222222221,15.666666666666666,4.333333333333333,7.777777777777778,9.0,10.4,11.1,15.333333333333334,14.4,15.8,5.2,6.8,2.6,6.0,18.0,6.0,2.0
9a01eacbfe941b800a8a,2023-24,2023-12-31,Tottenham,Bournemouth,H,S Hooper,19,11.0,15.157894736842104,5.473684210526316,6.421052631578948,2.5789473684210527,9,10.333333333333334,14.333333333333334,6.555555555555555,5.0,7.666666666666667,8.8,10.7,17.333333333333332,15.2,16.2,4.8,6.2,2.2,9.0,18.0,4.0,3.0
48da64276cbd734f8996,2023-24,2024-01-14,Tottenham,Manchester United,A,J Brooks,20,10.9,15.3,5.4,6.75,2.6,10,11.6,15.9,4.5,7.7,7.0,8.4,10.5,18.0,16.4,16.1,4.0,8.0,2.2,5.0,8.0,13.0,1.0
7e1ba9237ee605750d87,2023-24,2024-01-31,Tottenham,Brentford,H,D Coote,21,10.619047619047619,14.952380952380953,5.761904761904762,6.809523809523809,2.5238095238095237,10,10.2,14.7,6.3,5.8,6.666666666666667,7.4,9.8,14.666666666666666,15.6,14.8,6.0,8.4,2.2,13.0,15.0,5.0,2.0
4b4c4c2efa80c4830862,2023-24,2024-02-03,Tottenham,Everton,A,M Oliver,22,10.727272727272727,14.954545454545455,5.7272727272727275,6.636363636363637,2.5,11,11.0,15.181818181818182,5.2727272727272725,7.7272727272727275,9.0,7.8,9.6,13.666666666666666,15.4,14.4,6.2,7.8,1.8,14.0,8.0,5.0,0.0
dd8ce445f7344963d7db,2023-24,2024-02-10,Tottenham,Brighton & Hove Albion,H,S Barrott,23,10.869565217391305,14.652173913043478,5.695652173913044,6.739130434782608,2.391304347826087,11,10.454545454545455,14.727272727272727,6.181818181818182,5.545454545454546,10.666666666666666,9.4,9.9,10.333333333333334,13.4,13.9,6.6,8.0,1.6,14.0,13.0,9.0,2.0
69bd8f1fb37a28da8f9f,2023-24,2024-02-17,Tottenham,Wolverhampton Wanderers,H,A Taylor,24,11.0,14.583333333333334,5.833333333333333,6.708333333333333,2.375,12,10.75,14.583333333333334,6.416666666666667,5.583333333333333,13.666666666666666,11.0,9.9,12.0,12.4,13.8,7.2,7.8,1.6,8.0,13.0,10.0,0.0
d1fc6a9227cd789c7298,2023-24,2024-03-02,Tottenham,Crystal Palace,H,J Brooks,25,10.88,14.52,6.0,6.6,2.28,13,10.538461538461538,14.461538461538462,6.6923076923076925,5.461538461538462,12.0,10.8,9.6,11.333333333333334,11.4,13.9,8.4,6.0,1.0,7.0,16.0,11.0,1.0
335451e1446a6ceca253,2023-24,2024-03-10,Tottenham,Aston Villa,A,C Kavanagh,26,10.73076923076923,14.576923076923077,6.1923076923076925,6.384615384615385,2.230769230769231,12,11.25,14.583333333333334,5.25,7.833333333333333,9.666666666666666,11.2,9.3,14.0,13.0,14.3,8.0,4.6,1.0,15.0,11.0,4.0,2.0
9c4a75cc9cad49c5ae50,2023-24,2024-03-16,Tottenham,Fulham,A,R Jones,27,10.88888888888889,14.444444444444445,6.111111111111111,6.37037037037037,2.2222222222222223,13,11.538461538461538,14.307692307692308,5.153846153846154,7.6923076923076925,10.0,11.6,9.7,13.333333333333334,12.2,13.8,7.8,5.2,1.0,10.0,9.0,5.0,3.0
e4c4b3b42e284ec502c1,2023-24,2024-03-30,Tottenham,Luton,H,J Gillett,28,10.857142857142858,14.25,6.071428571428571,6.285714285714286,2.25,14,10.285714285714286,14.571428571428571,7.0,5.142857142857143,10.666666666666666,10.8,10.1,12.0,12.4,12.9,7.8,4.2,1.6,16.0,14.0,3.0,2.0
a4127541798533f09980,2023-24,2024-04-02,Tottenham,West Ham United,A,J Brooks,29,11.03448275862069,14.241379310344827,5.9655172413793105,6.275862068965517,2.2413793103448274,14,11.428571428571429,13.928571428571429,5.142857142857143,7.428571428571429,13.666666666666666,11.2,11.1,11.333333333333334,12.6,12.5,6.6,4.2,1.6,9.0,13.0,5.0,4.0
24ce3697cb827f201c95,2023-24,2024-04-07,Tottenham,Nottingham Forest,H,S Hooper,30,10.966666666666667,14.2,5.933333333333334,6.366666666666666,2.3,15,10.666666666666666,14.533333333333333,6.733333333333333,5.2,11.666666666666666,11.4,11.1,12.0,12.6,12.0,5.6,5.2,2.4,11.0,12.0,12.0,2.0
8fe6937652c559c8c286,2023-24,2024-04-13,Tottenham,Newcastle United,A,T Robinson,31,10.96774193548387,14.129032258064516,6.129032258064516,6.225806451612903,2.2903225806451615,15,11.266666666666667,13.866666666666667,5.133333333333334,7.533333333333333,12.0,12.2,11.7,13.0,11.8,12.4,5.8,5.4,2.6,12.0,14.0,3.0,4.0
d30e4dfaa747950c32c7,2023-24,2024-04-28,Tottenham,Arsenal,H,M Oliver,32,11.0,14.125,6.03125,6.53125,2.34375,16,10.6875,14.375,7.0625,5.0,10.666666666666666,11.6,11.6,13.0,12.4,12.3,5.6,7.4,3.0,12.0,16.0,8.0,2.0
843e6ff70aac51beb2c1,2023-24,2024-05-02,Tottenham,Chelsea,A,R Jones,33,11.030303030303031,14.181818181818182,6.090909090909091,6.515151515151516,2.3333333333333335,16,11.3125,13.875,5.0,8.0625,11.666666666666666,12.0,11.4,14.0,13.8,13.1,6.2,7.8,2.8,16.0,12.0,9.0,1.0
cf413685301459f64558,2023-24,2024-05-05,Tottenham,Liverpool,A,P Tierney,34,11.176470588235293,14.117647058823529,6.176470588235294,6.4411764705882355,2.2941176470588234,17,11.588235294117647,13.764705882352942,5.235294117647059,7.823529411764706,13.333333333333334,12.0,11.6,14.0,13.4,13.0,7.4,7.4,2.6,12.0,14.0,3.0,4.0
cac77b6454fc87dafed1,2023-24,2024-05-11,Tottenham,Burnley,H,J Gillett,35,11.2,14.114285714285714,6.085714285714285,6.485714285714286,2.342857142857143,17,10.764705882352942,14.470588235294118,7.117647058823529,5.0588235294117645,13.333333333333334,12.6,12.0,14.0,13.6,13.1,7.0,7.2,2.6,10.0,14.0,9.0,3.0
b0884f0d4faed9393c4f,2023-24,2024-05-14,Tottenham,Manchester City,H,C Kavanagh,36,11.166666666666666,14.11111111111111,6.166666666666667,6.388888888888889,2.361111111111111,18,10.722222222222221,14.444444444444445,7.222222222222222,4.944444444444445,12.666666666666666,12.4,12.3,13.333333333333334,14.0,12.9,6.4,7.4,2.8,14.0,11.0,7.0,3.0
5a852308e345f675b731,2023-24,2024-05-19,Tottenham,Sheffield United,A,A Madley,37,11.243243243243244,14.027027027027026,6.1891891891891895,6.324324324324325,2.3783783783783785,18,11.61111111111111,13.777777777777779,5.111111111111111,7.833333333333333,12.0,12.8,12.2,13.0,13.4,12.9,7.2,5.0,2.6,9.0,11.0,6.0,0.0
784a632b87c974dce93c,2023-24,2023-08-12,West Ham United,Bournemouth,A,P Bankes,0,,,,,,0,,,,,,,,,,,,,,14.0,9.0,4.0,4.0
f97e412f265c2d454a92,2023-24,2023-08-20,West Ham United,Chelsea,H,J Brooks,1,14.0,9.0,4.0,10.0,4.0,0,,,,,14.0,14.0,14.0,9.0,9.0,9.0,4.0,10.0,4.0,12.0,9.0,3.0,2.0
a3ffa54cf3fb18e84ab6,2023-24,2023-08-26,West Ham United,Brighton & Hove Albion,A,A Taylor,2,13.0,9.0,3.5,9.5,3.0,1,14.0,9.0,4.0,10.0,13.0,13.0,13.0,9.0,9.0,9.0,3.5,9.5,3.0,9.0,10.0,4.0,3.0
ee3778e5b533da8084a0,2023-24,2023-09-01,West Ham United,Luton,A,P Tierney,3,11.666666666666666,9.333333333333334,3.6666666666666665,12.0,3.0,2,11.5,9.5,4.0,13.5,11.666666666666666,11.666666666666666,11.666666666666666,9.333333333333334,9.333333333333334,9.333333333333334,3.6666666666666665,12.0,3.0,13.0,8.0,6.0,1.0
dbd1d8f9d8584da5a0cf,2023-24,2023-09-16,West Ham United,Manchester City,H,A Madley,4,12.0,9.0,4.25,11.25,2.5,1,12.0,9.0,3.0,9.0,11.333333333333334,12.0,12.0,9.0,9.0,9.0,4.25,11.25,2.5,7.0,11.0,4.0,3.0
e9fd8277d9eace81ae57,2023-24,2023-09-24,West Ham United,Liverpool,A,C Kavanagh,5,11.0,9.4,4.2,11.2,2.6,3,12.0,9.0,4.666666666666667,12.0,9.666666666666666,11.0,11.0,9.666666666666666,9.4,9.4,4.2,11.2,2.6,13.0,12.0,4.0,2.0
83b749d3d3fd368eca6c,2023-24,2023-09-30,West Ham United,Sheffield United,H,G Scott,6,11.333333333333334,9.833333333333334,4.166666666666667,10.5,2.5,2,9.5,10.0,3.5,10.0,11.0,10.8,11.333333333333334,10.333333333333334,10.0,9.833333333333334,4.2,10.6,2.2,6.0,9.0,7.0,1.0
afb93d0c72e43806b3bc,2023-24,2023-10-08,West Ham United,Newcastle United,H,P Bankes,7,10.571428571428571,9.714285714285714,4.571428571428571,9.571428571428571,2.2857142857142856,3,8.333333333333334,9.666666666666666,4.666666666666667,8.0,8.666666666666666,9.6,10.571428571428571,10.666666666666666,10.0,9.714285714285714,5.0,9.6,2.0,11.0,18.0,4.0,3.0
c9858a49a97cea11120e,2023-24,2023-10-22,West Ham United,Aston Villa,A,D Coote,8,10.625,10.75,4.5,8.625,2.375,4,12.25,9.75,4.5,10.75,10.0,10.0,10.625,13.0,11.6,10.75,5.0,6.6,2.0,15.0,9.0,7.0,1.0
7f82fc263a2e8569f1fc,2023-24,2023-10-29,West Ham United,Everton,H,S Attwell,9,11.11111111111111,10.555555555555555,4.777777777777778,8.555555555555555,2.2222222222222223,4,9.0,11.75,4.5,6.5,10.666666666666666,10.4,11.11111111111111,12.0,11.8,10.555555555555555,5.2,6.4,2.0,7.0,11.0,4.0,4.0
3a1e592b277e2cf4538d,2023-24,2023-11-04,West Ham United,Brentford,A,T Bramall,10,10.7,10.6,4.7,8.0,2.4,5,12.8,9.6,5.0,10.2,11.0,10.4,10.7,12.666666666666666,11.8,10.6,5.2,4.8,2.2,14.0,12.0,3.0,4.0
18956db88766290649c4,2023-24,2023-11-12,West Ham United,Nottingham Forest,H,M Salisbury,11,11.0,10.727272727272727,4.545454545454546,7.636363636363637,2.5454545454545454,5,8.6,11.6,4.4,5.8,12.0,10.6,10.7,10.666666666666666,11.8,10.9,5.0,4.2,2.6,9.0,12.0,9.0,2.0
7ac97fddf3b45dff3976,2023-24,2023-11-25,West Ham United,Burnley,A,S Barrott,12,10.833333333333334,10.833333333333334,4.916666666666667,7.333333333333333,2.5,6,13.0,10.0,4.666666666666667,9.166666666666666,10.0,11.2,10.4,11.666666666666666,12.4,11.2,5.4,4.2,2.8,7.0,11.0,5.0,3.0
97839c0fedf9f5ffdbd0,2023-24,2023-12-03,West Ham United,Crystal Palace,H,M Oliver,13,10.538461538461538,10.846153846153847,4.923076923076923,7.076923076923077,2.5384615384615383,6,8.666666666666666,11.666666666666666,5.166666666666667,5.5,10.0,10.4,10.2,11.666666666666666,11.0,11.3,5.6,4.6,2.8,17.0,7.0,2.0,2.0
188001dc5d5b8cedfe6c,2023-24,2023-12-07,West Ham United,Tottenham,A,M Salisbury,14,11.0,10.571428571428571,4.714285714285714,6.785714285714286,2.5,7,12.142857142857142,10.142857142857142,4.714285714285714,8.428571428571429,11.0,10.8,10.6,10.0,10.6,11.2,4.6,3.6,3.0,12.0,11.0,4.0,3.0
0b948128bf8dd875f38f,2023-24,2023-12-10,West Ham United,Fulham,A,P Tierney,15,11.066666666666666,10.6,4.666666666666667,6.866666666666666,2.533333333333333,8,12.125,10.25,4.625,8.375,12.0,11.8,11.1,9.666666666666666,10.6,11.2,4.6,4.6,2.8,10.0,5.0,6.0,1.0
13b5a029997dc9e7d40e,2023-24,2023-12-17,West Ham United,Wolverhampton Wanderers,H,C Kavanagh,16,11.0,10.25,4.75,6.625,2.4375,7,9.857142857142858,11.0,4.714285714285714,5.142857142857143,13.0,11.0,10.8,7.666666666666667,9.2,10.5,5.2,4.4,2.2,12.0,15.0,6.0,3.0
77ddf59ca34ff1bba75a,2023-24,2023-12-23,West Ham United,Manchester United,H,S Hooper,17,11.058823529411764,10.529411764705882,4.823529411764706,6.588235294117647,2.4705882352941178,8,10.125,11.5,4.875,5.25,11.333333333333334,11.6,11.4,10.333333333333334,9.8,11.1,4.6,4.8,2.4,13.0,15.0,4.0,2.0
62de02702b593cfe36bc,2023-24,2023-12-28,West Ham United,Arsenal,A,M Oliver,18,11.166666666666666,10.777777777777779,4.777777777777778,6.444444444444445,2.4444444444444446,9,11.88888888888889,9.666666666666666,4.777777777777778,7.777777777777778,11.666666666666666,12.8,11.6,11.666666666666666,10.6,10.8,4.4,4.8,2.2,8.0,8.0,3.0,0.0
78a108af09bf2db7a1a4,2023-24,2024-01-02,West Ham United,Brighton & Hove Albion,H,S Barrott,19,11.0,10.631578947368421,4.684210526315789,6.631578947368421,2.3157894736842106,9,10.444444444444445,11.88888888888889,4.777777777777778,5.111111111111111,11.0,11.0,10.9,12.666666666666666,10.8,10.7,4.6,6.2,1.8,4.0,6.0,2.0,1.0
7287d064e396f3b12aae,2023-24,2024-01-21,West Ham United,Sheffield United,A,M Salisbury,20,10.65,10.4,4.55,6.3,2.25,10,11.5,9.5,4.6,8.0,8.333333333333334,9.4,10.6,9.666666666666666,9.8,10.2,4.2,4.6,1.4,10.0,11.0,1.0,1.0
2c703cd03bce69ea7d14,2023-24,2024-02-01,West Ham United,Bournemouth,H,T Robinson,21,10.619047619047619,10.428571428571429,4.380952380952381,6.190476190476191,2.1904761904761907,10,9.8,11.3,4.5,4.6,7.333333333333333,9.4,10.2,8.333333333333334,11.0,10.1,3.2,4.8,1.4,13.0,11.0,1.0,1.0
badf44ad08ecf945a836,2023-24,2024-02-04,West Ham United,Manchester United,A,A Madley,22,10.727272727272727,10.454545454545455,4.2272727272727275,6.136363636363637,2.1363636363636362,11,11.363636363636363,9.636363636363637,4.2727272727272725,7.636363636363637,9.0,9.6,10.6,9.333333333333334,10.2,10.0,2.2,4.6,1.0,5.0,10.0,8.0,1.0
8e6417159453eb7475c8,2023-24,2024-02-11,West Ham United,Arsenal,H,C Pawson,23,10.478260869565217,10.434782608695652,4.391304347826087,6.086956521739131,2.0869565217391304,11,10.090909090909092,11.272727272727273,4.181818181818182,4.636363636363637,9.333333333333334,8.0,10.4,10.666666666666666,9.2,9.9,3.0,4.8,0.8,17.0,11.0,2.0,4.0
f3f9ad44702276fafc02,2023-24,2024-02-17,West Ham United,Nottingham Forest,A,T Bramall,24,10.75,10.458333333333334,4.291666666666667,6.083333333333333,2.1666666666666665,12,10.833333333333334,9.666666666666666,4.583333333333333,7.416666666666667,11.666666666666666,9.8,10.4,10.666666666666666,9.8,10.3,2.8,4.0,1.6,15.0,13.0,3.0,4.0
393a408bee80395abe35,2023-24,2024-02-26,West Ham United,Brentford,H,S Hooper,25,10.92,10.56,4.24,6.04,2.24,12,10.666666666666666,11.25,4.0,4.75,12.333333333333334,12.0,10.7,11.333333333333334,11.2,10.5,3.0,5.0,2.2,5.0,9.0,1.0,1.0
c25da5a342f39605c3a8,2023-24,2024-03-02,West Ham United,Everton,A,C Pawson,26,10.692307692307692,10.5,4.115384615384615,6.076923076923077,2.1923076923076925,13,11.153846153846153,9.923076923076923,4.461538461538462,7.230769230769231,12.333333333333334,11.0,10.2,11.0,10.8,10.9,3.0,5.6,2.2,6.0,9.0,5.0,2.0
bbb96bf2d9e61210e310,2023-24,2024-03-10,West Ham United,Burnley,H,D England,27,10.518518518518519,10.444444444444445,4.148148148148148,6.0,2.185185185185185,13,10.23076923076923,11.076923076923077,3.769230769230769,4.923076923076923,8.666666666666666,9.6,9.6,10.333333333333334,10.4,10.3,3.8,5.4,2.4,11.0,18.0,4.0,2.0
2e4adb84b3437cbf2866,2023-24,2024-03-17,West Ham United,Aston Villa,H,J Gillett,28,10.535714285714286,10.714285714285714,4.142857142857143,5.928571428571429,2.1785714285714284,14,10.285714285714286,11.571428571428571,3.7857142857142856,4.857142857142857,7.333333333333333,10.8,9.4,12.0,12.0,10.6,3.0,5.2,2.6,13.0,12.0,7.0,3.0
295c537fb1e0688ec87b,2023-24,2024-03-30,West Ham United,Newcastle United,A,R Jones,29,10.620689655172415,10.758620689655173,4.241379310344827,6.103448275862069,2.206896551724138,14,10.785714285714286,9.857142857142858,4.5,7.0,10.0,10.0,9.9,13.0,12.2,11.0,4.0,6.2,2.4,8.0,9.0,4.0,1.0
a4127541798533f09980,2023-24,2024-04-02,West Ham United,Tottenham,H,J Brooks,30,10.533333333333333,10.7,4.233333333333333,6.0,2.1666666666666665,15,10.466666666666667,11.6,4.0,5.266666666666667,10.666666666666666,8.6,10.3,13.0,11.4,11.3,4.2,5.8,1.8,13.0,9.0,9.0,1.0
fd52ebed0e930cffc7a6,2023-24,2024-04-06,West Ham United,Wolverhampton Wanderers,A,T Harrington,31,10.612903225806452,10.64516129032258,4.387096774193548,5.967741935483871,2.129032258064516,15,10.6,9.8,4.466666666666667,6.733333333333333,11.333333333333334,10.2,10.6,10.0,11.4,11.1,5.8,5.4,1.8,7.0,15.0,4.0,2.0
0c4e2a730d93d839b4ca,2023-24,2024-04-14,West Ham United,Fulham,H,S Attwell,32,10.5,10.78125,4.375,5.90625,2.125,16,10.625,11.4375,4.3125,5.25,9.333333333333334,10.4,10.0,11.0,12.6,11.5,5.6,5.4,1.8,6.0,13.0,8.0,1.0
082cd5909b148d07a5e9,2023-24,2024-04-21,West Ham United,Crystal Palace,A,G Scott,33,10.363636363636363,10.848484848484848,4.484848484848484,5.818181818181818,2.090909090909091,16,10.375,10.125,4.4375,6.5625,8.666666666666666,9.4,10.1,12.333333333333334,11.6,11.8,6.4,5.2,1.6,9.0,9.0,0.0,2.0
90dfa0c104ce6605e739,2023-24,2024-04-27,West Ham United,Liverpool,H,A Taylor,34,10.323529411764707,10.794117647058824,4.352941176470588,5.764705882352941,2.088235294117647,17,10.352941176470589,11.529411764705882,4.529411764705882,5.117647058823529,7.333333333333333,8.6,9.3,12.333333333333334,11.0,11.6,5.0,3.8,1.4,8.0,10.0,5.0,0.0
d844dfd35d2c29e9b8bd,2023-24,2024-05-05,West Ham United,Chelsea,A,A Madley,35,10.257142857142858,10.771428571428572,4.371428571428571,5.828571428571428,2.0285714285714285,17,10.294117647058824,10.058823529411764,4.176470588235294,6.411764705882353,7.666666666666667,8.6,8.6,10.666666666666666,11.2,11.3,5.2,4.8,1.2,10.0,12.0,6.0,3.0
c75af41a6c1bd58ab5a7,2023-24,2024-05-11,West Ham United,Luton,H,M Oliver,36,10.25,10.805555555555555,4.416666666666667,5.888888888888889,2.0555555555555554,18,10.222222222222221,11.444444444444445,4.555555555555555,5.277777777777778,9.0,8.0,9.1,10.333333333333334,11.8,11.6,4.6,5.4,1.6,9.0,15.0,7.0,1.0
5d4b71fc36ed4f46c4b4,2023-24,2024-05-19,West Ham United,Manchester City,A,J Brooks,37,10.216216216216216,10.91891891891892,4.486486486486487,5.891891891891892,2.027027027027027,18,10.277777777777779,10.166666666666666,4.277777777777778,6.5,9.0,8.4,9.4,12.333333333333334,11.8,12.2,5.2,5.8,1.4,12.0,3.0,2.0,1.0
22bdcd3c9c8232fe395e,2023-24,2023-08-14,Wolverhampton Wanderers,Manchester United,A,S Hooper,0,,,,,,0,,,,,,,,,,,,,,10.0,14.0,7.0,3.0
a2ff8b816303714cf5c1,2023-24,2023-08-19,Wolverhampton Wanderers,Brighton & Hove Albion,H,A Madley,1,10.0,14.0,7.0,8.0,3.0,0,,,,,10.0,10.0,10.0,14.0,14.0,14.0,7.0,8.0,3.0,14.0,11.0,5.0,3.0
b49e62b29190b31eb43b,2023-24,2023-08-26,Wolverhampton Wanderers,Everton,A,C Pawson,2,12.0,12.5,6.0,5.5,3.0,1,10.0,14.0,7.0,8.0,12.0,12.0,12.0,12.5,12.5,12.5,6.0,5.5,3.0,14.0,10.0,0.0,4.0
17c1bc6a3fd4308e248e,2023-24,2023-09-03,Wolverhampton Wanderers,Crystal Palace,A,R Jones,3,12.666666666666666,11.666666666666666,4.0,6.0,3.3333333333333335,2,12.0,12.0,3.5,7.5,12.666666666666666,12.666666666666666,12.666666666666666,11.666666666666666,11.666666666666666,11.666666666666666,4.0,6.0,3.3333333333333335,12.0,12.0,2.0,3.0
23b0274b73dae99286ee,2023-24,2023-09-16,Wolverhampton Wanderers,Liverpool,H,M Oliver,4,12.5,11.75,3.5,5.5,3.25,1,14.0,11.0,5.0,3.0,13.333333333333334,12.5,12.5,11.0,11.75,11.75,3.5,5.5,3.25,10.0,4.0,4.0,1.0
4d192b0829e1067a241e,2023-24,2023-09-23,Wolverhampton Wanderers,Luton,A,J Smith,5,12.0,10.2,3.6,5.2,2.8,3,12.0,12.0,3.0,6.333333333333333,12.0,12.0,12.0,8.666666666666666,10.2,10.2,3.6,5.2,2.8,17.0,12.0,1.0,2.0
5d3e1d2106cd1d2662d5,2023-24,2023-09-30,Wolverhampton Wanderers,Manchester City,H,C Pawson,6,12.833333333333334,10.5,3.1666666666666665,6.0,2.6666666666666665,2,12.0,7.5,4.5,3.5,13.0,13.4,12.833333333333334,9.333333333333334,9.8,10.5,2.4,5.6,2.6,18.0,12.0,0.0,5.0
2877d4bbe11cbaec5635,2023-24,2023-10-08,Wolverhampton Wanderers,Aston Villa,H,R Jones,7,13.571428571428571,10.714285714285714,2.7142857142857144,6.0,3.0,3,14.0,9.0,3.0,4.333333333333333,15.0,14.2,13.571428571428571,9.333333333333334,10.0,10.714285714285714,1.4,6.2,3.0,19.0,9.0,2.0,2.0
780a060acfb82773b81d,2023-24,2023-10-21,Wolverhampton Wanderers,Bournemouth,A,P Tierney,8,14.25,10.5,2.625,6.5,2.875,4,13.25,12.0,2.5,7.25,18.0,15.2,14.25,11.0,9.8,10.5,1.8,6.8,2.6,10.0,15.0,12.0,6.0
a7f40d32e49f61bac7bd,2023-24,2023-10-28,Wolverhampton Wanderers,Newcastle United,H,A Taylor,9,13.777777777777779,11.0,3.6666666666666665,6.111111111111111,3.2222222222222223,4,15.25,9.0,2.75,5.75,15.666666666666666,14.8,13.777777777777779,12.0,10.4,11.0,3.8,6.6,3.2,13.0,15.0,8.0,1.0
a7dc34ac9534fc02a14d,2023-24,2023-11-04,Wolverhampton Wanderers,Sheffield United,A,R Jones,10,13.7,11.4,4.1,6.2,3.0,5,12.6,12.6,4.4,6.4,14.0,15.4,13.7,13.0,12.6,11.4,4.6,7.2,3.2,10.0,13.0,4.0,3.0
cb0b14df15ed1e54c628,2023-24,2023-11-11,Wolverhampton Wanderers,Tottenham,H,T Robinson,11,13.363636363636363,11.545454545454545,4.090909090909091,6.0,3.0,5,14.8,10.2,3.8,6.0,11.0,14.0,13.7,14.333333333333334,12.8,11.3,5.2,6.0,3.4,19.0,15.0,11.0,4.0
c1d53aa05d7b813a355d,2023-24,2023-11-27,Wolverhampton Wanderers,Fulham,A,M Salisbury,12,13.833333333333334,11.833333333333334,4.666666666666667,5.75,3.0833333333333335,6,12.166666666666666,12.666666666666666,4.333333333333333,6.0,14.0,14.2,14.2,14.333333333333334,13.4,11.7,7.4,5.4,3.2,13.0,13.0,2.0,2.0
6cd43656c1bccf6a0bd2,2023-24,2023-12-02,Wolverhampton Wanderers,Arsenal,A,P Bankes,13,13.76923076923077,11.923076923076923,4.461538461538462,5.769230769230769,3.0,7,12.285714285714286,12.714285714285714,4.0,6.0,14.0,13.0,14.1,13.666666666666666,14.2,12.0,7.4,4.6,3.2,10.0,10.0,0.0,2.0
9cdee2d2aff8b2b842aa,2023-24,2023-12-05,Wolverhampton Wanderers,Burnley,H,J Gillett,14,13.5,11.785714285714286,4.142857142857143,5.642857142857143,2.9285714285714284,6,15.5,11.0,5.0,5.5,14.0,13.0,13.9,12.666666666666666,13.2,11.8,5.0,4.8,2.4,11.0,15.0,6.0,2.0
6e1f25df722e99ef66c9,2023-24,2023-12-09,Wolverhampton Wanderers,Nottingham Forest,H,S Barrott,15,13.333333333333334,12.0,4.266666666666667,5.8,2.8666666666666667,7,14.857142857142858,11.571428571428571,5.142857142857143,5.857142857142857,11.333333333333334,12.6,14.0,12.666666666666666,13.2,12.9,4.6,5.0,2.6,9.0,11.0,4.0,0.0
13b5a029997dc9e7d40e,2023-24,2023-12-17,Wolverhampton Wanderers,West Ham United,A,C Kavanagh,16,13.0625,11.9375,4.25,5.625,2.6875,8,12.0,12.375,3.5,5.75,10.0,12.4,13.2,12.0,12.8,12.8,4.6,4.8,2.0,15.0,12.0,6.0,1.0
9595e8da9980aec1bcfe,2023-24,2023-12-24,Wolverhampton Wanderers,Chelsea,H,D Coote,17,13.176470588235293,11.941176470588236,4.352941176470588,5.647058823529412,2.588235294117647,8,14.125,11.5,5.0,5.5,11.666666666666666,11.6,12.9,12.666666666666666,12.2,12.8,3.6,5.4,1.4,11.0,9.0,10.0,3.0
93b37de27ff7fcf9fa74,2023-24,2023-12-27,Wolverhampton Wanderers,Brentford,A,A Madley,18,13.055555555555555,11.777777777777779,4.666666666666667,5.666666666666667,2.611111111111111,9,12.333333333333334,12.333333333333334,3.7777777777777777,5.777777777777778,11.666666666666666,11.2,12.1,10.666666666666666,11.4,12.8,5.2,5.4,1.6,14.0,5.0,2.0,1.0
2d0f2e65138b1ef2155a,2023-24,2023-12-30,Wolverhampton Wanderers,Everton,H,T Bramall,19,13.105263157894736,11.421052631578947,4.526315789473684,5.7894736842105265,2.526315789473684,9,13.777777777777779,11.222222222222221,5.555555555555555,5.555555555555555,13.333333333333334,12.0,12.5,8.666666666666666,10.4,11.8,5.6,6.2,1.4,9.0,14.0,5.0,2.0
b5f647c84e4ed560dd0c,2023-24,2024-01-22,Wolverhampton Wanderers,Brighton & Hove Albion,A,C Pawson,20,12.9,11.55,4.55,5.6,2.5,10,12.5,11.6,3.6,6.0,11.333333333333334,11.6,12.1,9.333333333333334,10.2,11.7,5.4,5.0,1.4,13.0,10.0,2.0,4.0
7fa70f10f82e3bbc47b6,2023-24,2024-02-01,Wolverhampton Wanderers,Manchester United,H,J Gillett,21,12.904761904761905,11.476190476190476,4.428571428571429,5.714285714285714,2.5714285714285716,10,13.3,11.5,5.5,5.2,12.0,12.4,12.4,9.666666666666666,10.0,11.4,5.0,6.0,2.2,10.0,10.0,4.0,2.0
caeb14e26441197a17b9,2023-24,2024-02-04,Wolverhampton Wanderers,Chelsea,A,T Robinson,22,12.772727272727273,11.409090909090908,4.409090909090909,5.681818181818182,2.5454545454545454,11,12.545454545454545,11.454545454545455,3.4545454545454546,6.181818181818182,10.666666666666666,11.4,11.5,11.333333333333334,9.6,10.9,4.6,5.8,2.4,11.0,15.0,1.0,2.0
cc53a72d8ef46ea75f51,2023-24,2024-02-10,Wolverhampton Wanderers,Brentford,H,S Hooper,23,12.695652173913043,11.565217391304348,4.260869565217392,5.869565217391305,2.5217391304347827,11,13.0,11.363636363636363,5.363636363636363,5.181818181818182,11.333333333333334,11.4,11.3,11.666666666666666,10.8,11.1,2.8,6.6,2.2,11.0,9.0,7.0,2.0
69bd8f1fb37a28da8f9f,2023-24,2024-02-17,Wolverhampton Wanderers,Tottenham,A,A Taylor,24,12.625,11.458333333333334,4.375,5.791666666666667,2.5,12,12.416666666666666,11.75,3.25,6.5,10.666666666666666,10.8,11.4,11.333333333333334,11.6,11.0,3.8,5.8,2.4,13.0,8.0,4.0,1.0
80efed3aeab656605626,2023-24,2024-02-25,Wolverhampton Wanderers,Sheffield United,H,D Bond,25,12.64,11.32,4.36,5.96,2.44,12,12.833333333333334,11.166666666666666,5.5,5.083333333333333,11.666666666666666,11.6,11.6,10.666666666666666,10.4,10.3,3.6,7.4,2.2,8.0,4.0,5.0,2.0
778b6c5d9dc9ec007d6a,2023-24,2024-03-02,Wolverhampton Wanderers,Newcastle United,A,T Robinson,26,12.461538461538462,11.038461538461538,4.384615384615385,5.961538461538462,2.423076923076923,13,12.461538461538462,11.461538461538462,3.3076923076923075,6.769230769230769,10.666666666666666,10.6,11.5,7.0,9.2,9.6,4.2,7.0,1.8,11.0,8.0,5.0,1.0
4f8354b24471d2ab5980,2023-24,2024-03-09,Wolverhampton Wanderers,Fulham,H,T Harrington,27,12.407407407407407,10.925925925925926,4.407407407407407,5.851851851851852,2.3703703703703702,13,12.461538461538462,10.615384615384615,5.461538461538462,5.153846153846154,10.666666666666666,10.8,11.1,6.666666666666667,8.8,9.2,4.4,6.6,1.6,7.0,11.0,3.0,2.0
8cdb01d795ef940215be,2023-24,2024-03-30,Wolverhampton Wanderers,Aston Villa,A,P Tierney,28,12.214285714285714,10.928571428571429,4.357142857142857,5.785714285714286,2.357142857142857,14,12.357142857142858,11.214285714285714,3.4285714285714284,6.5,8.666666666666666,10.0,10.7,7.666666666666667,8.0,9.4,4.8,5.4,1.6,19.0,11.0,4.0,4.0
6753d55cd43c896e2f23,2023-24,2024-04-02,Wolverhampton Wanderers,Burnley,A,T Bramall,29,12.448275862068966,10.931034482758621,4.344827586206897,5.758620689655173,2.413793103448276,15,12.8,11.2,3.466666666666667,6.4,12.333333333333334,11.6,11.2,10.0,8.4,10.0,4.2,5.6,2.0,12.0,10.0,4.0,2.0
fd52ebed0e930cffc7a6,2023-24,2024-04-06,Wolverhampton Wanderers,West Ham United,H,T Harrington,30,12.433333333333334,10.9,4.333333333333333,5.8,2.4,14,12.071428571428571,10.642857142857142,5.285714285714286,5.071428571428571,12.666666666666666,11.4,11.5,10.666666666666666,8.8,9.6,4.2,5.0,2.2,15.0,7.0,4.0,5.0
ad53c91942bb597ecb67,2023-24,2024-04-13,Wolverhampton Wanderers,Nottingham Forest,A,C Pawson,31,12.516129032258064,10.774193548387096,4.32258064516129,5.741935483870968,2.4838709677419355,16,12.75,11.125,3.5,6.4375,15.333333333333334,12.8,11.7,9.333333333333334,9.4,9.3,4.0,4.6,2.8,10.0,15.0,1.0,3.0
0e0683397e724195a478,2023-24,2024-04-20,Wolverhampton Wanderers,Arsenal,H,P Tierney,32,12.4375,10.90625,4.21875,5.875,2.5,15,12.266666666666667,10.4,5.2,5.0,12.333333333333334,12.6,11.7,10.666666666666666,10.8,9.8,3.2,6.0,3.2,14.0,9.0,1.0,3.0
c569fd3f219f02be7753,2023-24,2024-04-24,Wolverhampton Wanderers,Bournemouth,H,S Attwell,33,12.484848484848484,10.848484848484848,4.121212121212121,5.757575757575758,2.515151515151515,16,12.375,10.3125,4.9375,4.8125,13.0,14.0,12.0,10.333333333333334,10.4,9.2,2.8,5.6,3.4,10.0,17.0,8.0,4.0
159757ac11ddf90cb20a,2023-24,2024-04-27,Wolverhampton Wanderers,Luton,H,D Coote,34,12.411764705882353,11.029411764705882,4.235294117647059,5.9411764705882355,2.5588235294117645,17,12.235294117647058,10.705882352941176,5.117647058823529,5.235294117647059,11.333333333333334,12.2,11.9,13.666666666666666,11.6,10.0,3.6,7.0,3.4,14.0,14.0,4.0,3.0
e2972cd48af8f53efcf6,2023-24,2024-05-04,Wolverhampton Wanderers,Manchester City,A,C Pawson,35,12.457142857142857,11.114285714285714,4.228571428571429,5.885714285714286,2.5714285714285716,17,12.588235294117647,11.352941176470589,3.3529411764705883,6.647058823529412,12.666666666666666,12.6,12.0,13.333333333333334,12.4,10.6,3.6,6.4,3.6,17.0,4.0,0.0,4.0
1aaf53d72d290d5eda31,2023-24,2024-05-11,Wolverhampton Wanderers,Crystal Palace,H,T Bramall,36,12.583333333333334,10.916666666666666,4.111111111111111,5.888888888888889,2.611111111111111,18,12.333333333333334,10.88888888888889,5.055555555555555,5.166666666666667,13.666666666666666,13.0,12.9,11.666666666666666,11.8,10.6,2.8,6.8,3.4,13.0,12.0,8.0,3.0
ca2d0a32e81cae4ef38a,2023-24,2024-05-19,Wolverhampton Wanderers,Liverpool,A,C Kavanagh,37,12.594594594594595,10.945945945945946,4.216216216216216,5.8108108108108105,2.6216216216216215,18,12.833333333333334,10.944444444444445,3.1666666666666665,6.611111111111111,14.666666666666666,13.6,13.1,10.0,11.2,11.0,4.2,5.4,3.4,11.0,14.0,2.0,1.0
4b8a3ea6cf92b0ffc70e,2024-25,2024-08-17,Arsenal,Wolverhampton Wanderers,H,J Gillett,0,,,,,,0,,,,,,,,,,,,,,17.0,14.0,8.0,2.0
92879e61febc38d792e0,2024-25,2024-08-24,Arsenal,Aston Villa,A,M Oliver,1,17.0,14.0,8.0,2.0,2.0,0,,,,,17.0,17.0,17.0,14.0,14.0,14.0,8.0,2.0,2.0,15.0,8.0,1.0,3.0
13421664726e2a371ec4,2024-25,2024-08-31,Arsenal,Brighton & Hove Albion,H,C Kavanagh,2,16.0,11.0,4.5,3.0,2.5,1,17.0,14.0,8.0,2.0,16.0,16.0,16.0,11.0,11.0,11.0,4.5,3.0,2.5,12.0,7.0,3.0,3.0
eeecc34b96667770e9d0,2024-25,2024-09-15,Arsenal,Tottenham,A,J Gillett,3,14.666666666666666,9.666666666666666,4.0,4.333333333333333,2.6666666666666665,1,15.0,8.0,1.0,4.0,14.666666666666666,14.666666666666666,14.666666666666666,9.666666666666666,9.666666666666666,9.666666666666666,4.0,4.333333333333333,2.6666666666666665,10.0,13.0,6.0,3.0
da78061fe4581a01946e,2024-25,2024-09-22,Arsenal,Manchester City,A,M Oliver,4,13.5,10.5,4.5,5.0,2.75,2,12.5,10.5,3.5,5.5,12.333333333333334,13.5,13.5,9.333333333333334,10.5,10.5,4.5,5.0,2.75,10.0,7.0,2.0,4.0
507c9876097a41303059,2024-25,2024-09-28,Arsenal,Leicester,H,S Barrott,5,12.8,9.8,4.0,5.6,3.0,2,14.5,10.5,5.5,4.5,10.666666666666666,12.8,12.8,9.0,9.8,9.8,4.0,5.6,3.0,11.0,6.0,17.0,2.0
0d4fd39c73eb475696b5,2024-25,2024-10-05,Arsenal,Southampton,H,T Harrington,6,12.5,9.166666666666666,6.166666666666667,4.666666666666667,2.8333333333333335,3,13.333333333333334,9.0,9.333333333333334,3.0,10.333333333333334,11.6,12.5,8.666666666666666,8.2,9.166666666666666,5.8,5.2,3.0,10.0,9.0,13.0,0.0
efab39dab365033ed3d6,2024-25,2024-10-19,Arsenal,Bournemouth,A,R Jones,7,12.142857142857142,9.142857142857142,7.142857142857143,4.142857142857143,2.4285714285714284,3,11.666666666666666,9.333333333333334,3.0,6.333333333333333,10.333333333333334,10.6,12.142857142857142,7.333333333333333,8.4,9.142857142857142,8.2,4.6,2.4,11.0,12.0,4.0,1.0
ee42e0f64fc747812698,2024-25,2024-10-27,Arsenal,Liverpool,H,A Taylor,8,12.0,9.5,6.75,4.5,2.25,4,12.5,9.0,10.25,2.5,10.666666666666666,10.4,12.0,9.0,9.4,9.5,8.4,4.6,2.0,14.0,14.0,1.0,2.0
4822bd8bcddd232db6df,2024-25,2024-11-02,Arsenal,Newcastle United,A,J Brooks,9,12.222222222222221,10.0,6.111111111111111,4.333333333333333,2.2222222222222223,4,11.5,10.0,3.25,6.5,11.666666666666666,11.2,12.222222222222221,11.666666666666666,9.6,10.0,7.4,3.8,1.8,18.0,16.0,6.0,4.0
8c08e64198431df192d8,2024-25,2024-11-10,Arsenal,Chelsea,A,M Oliver,10,12.8,10.6,6.1,4.3,2.4,5,12.8,11.2,3.8,6.0,14.333333333333334,12.8,12.8,14.0,11.4,10.6,8.2,3.0,1.8,12.0,12.0,3.0,2.0
c824ac5097ea646b3d99,2024-25,2024-11-23,Arsenal,Nottingham Forest,H,S Hooper,11,12.727272727272727,10.727272727272727,5.818181818181818,4.2727272727272725,2.3636363636363638,5,12.8,10.0,8.4,2.6,14.666666666666666,13.0,12.3,14.0,12.6,10.4,5.4,3.8,1.8,10.0,1.0,8.0,3.0
5cca42a9cda60cdf4eec,2024-25,2024-11-30,Arsenal,West Ham United,A,A Taylor,12,12.5,9.916666666666666,6.0,4.0,2.4166666666666665,6,12.666666666666666,11.333333333333334,3.6666666666666665,5.666666666666667,13.333333333333334,13.0,11.8,9.666666666666666,11.0,9.7,4.4,3.8,2.4,13.0,10.0,10.0,1.0
366feb81e9190b85b676,2024-25,2024-12-04,Arsenal,Manchester United,H,S Barrott,13,12.538461538461538,9.923076923076923,6.3076923076923075,3.8461538461538463,2.3076923076923075,6,12.333333333333334,8.5,8.333333333333334,2.3333333333333335,11.666666666666666,13.4,11.9,7.666666666666667,10.6,10.0,5.6,2.8,2.4,12.0,8.0,13.0,1.0
9d91f62042abc735116d,2024-25,2024-12-08,Arsenal,Fulham,A,C Kavanagh,14,12.5,9.785714285714286,6.785714285714286,3.5714285714285716,2.2142857142857144,7,12.714285714285714,11.142857142857142,4.571428571428571,5.142857142857143,11.666666666666666,13.0,12.1,6.333333333333333,9.4,9.5,8.0,2.2,2.2,9.0,10.0,6.0,2.0
103b02a9b8638534cb92,2024-25,2024-12-14,Arsenal,Everton,H,C Pawson,15,12.266666666666667,9.8,6.733333333333333,3.3333333333333335,2.2,7,12.285714285714286,8.428571428571429,9.0,2.0,11.333333333333334,11.2,12.0,9.333333333333334,8.2,9.8,8.0,1.4,1.8,6.0,9.0,8.0,0.0
46db46fa1ec5b14ffb55,2024-25,2024-12-21,Arsenal,Crystal Palace,A,S Hooper,16,11.875,9.75,6.8125,3.25,2.0625,8,12.25,11.0,4.75,4.5,9.0,10.0,11.5,9.0,7.6,10.1,9.0,1.0,1.4,8.0,9.0,3.0,2.0
d258fb22c900c39e641f,2024-25,2024-12-27,Arsenal,Ipswich,H,D England,17,11.647058823529411,9.705882352941176,6.588235294117647,3.235294117647059,2.0588235294117645,8,11.5,8.5,8.875,2.0,7.666666666666667,9.6,11.3,9.333333333333334,9.2,10.1,8.0,1.4,1.2,7.0,12.0,5.0,1.0
289c271282f4768a0d4a,2024-25,2025-01-01,Arsenal,Brentford,A,P Bankes,18,11.38888888888889,9.833333333333334,6.5,3.111111111111111,2.0,9,11.777777777777779,10.777777777777779,4.555555555555555,4.333333333333333,7.0,8.4,10.9,10.0,9.6,10.1,7.0,1.2,1.2,8.0,6.0,3.0,2.0
4414464725687b6cc06f,2024-25,2025-01-04,Arsenal,Brighton & Hove Albion,A,A Taylor,19,11.210526315789474,9.631578947368421,6.315789473684211,3.1578947368421053,2.0,10,11.4,10.3,4.4,4.3,7.666666666666667,7.6,10.3,9.0,9.2,9.3,5.0,2.0,1.4,14.0,17.0,5.0,3.0
9e91c587ed6d1aad2a75,2024-25,2025-01-15,Arsenal,Tottenham,H,S Hooper,20,11.35,10.0,6.25,3.1,2.05,9,11.0,8.88888888888889,8.444444444444445,1.8888888888888888,9.666666666666666,8.6,9.9,11.666666666666666,10.6,9.4,4.8,2.4,1.6,16.0,9.0,10.0,3.0
9a5089f65023df089e57,2024-25,2025-01-18,Arsenal,Aston Villa,H,C Kavanagh,21,11.571428571428571,9.952380952380953,6.428571428571429,3.142857142857143,2.0952380952380953,10,11.5,8.9,8.6,2.1,12.666666666666666,10.6,10.3,10.666666666666666,10.6,9.1,5.2,2.8,2.2,10.0,18.0,10.0,2.0
f3423752d4535b86831f,2024-25,2025-01-25,Arsenal,Wolverhampton Wanderers,A,M Oliver,22,11.5,10.318181818181818,6.590909090909091,3.0454545454545454,2.090909090909091,11,11.636363636363637,10.909090909090908,4.454545454545454,4.090909090909091,13.333333333333334,11.0,10.3,14.666666666666666,12.4,10.8,6.6,2.4,2.2,10.0,20.0,5.0,1.0
f2d47a587223227036ef,2024-25,2025-02-02,Arsenal,Manchester City,H,P Bankes,23,11.434782608695652,10.73913043478261,6.521739130434782,2.9565217391304346,2.0434782608695654,11,11.363636363636363,9.727272727272727,8.727272727272727,2.0,12.0,11.6,10.0,15.666666666666666,14.0,11.8,6.6,2.4,2.2,6.0,7.0,5.0,2.0
f39ed7f396b6ea51f6e7,2024-25,2025-02-15,Arsenal,Leicester,A,S Barrott,24,11.208333333333334,10.583333333333334,6.458333333333333,2.9166666666666665,2.0416666666666665,12,11.5,11.666666666666666,4.5,3.8333333333333335,8.666666666666666,11.2,9.4,15.0,14.2,11.7,7.0,2.0,2.2,10.0,9.0,7.0,1.0
36399cc53d11c10cfce5,2024-25,2025-02-22,Arsenal,West Ham United,H,C Pawson,25,11.16,10.52,6.48,2.92,2.0,12,10.916666666666666,9.5,8.416666666666666,2.0,8.666666666666666,10.4,9.5,12.0,12.6,11.6,7.4,2.2,1.8,16.0,15.0,2.0,1.0
9e05757f039c2e578fd5,2024-25,2025-02-26,Arsenal,Nottingham Forest,A,A Madley,26,11.346153846153847,10.692307692307692,6.3076923076923075,2.8076923076923075,1.9615384615384615,13,11.384615384615385,11.461538461538462,4.6923076923076925,3.769230769230769,10.666666666666666,10.4,10.5,10.333333333333334,13.8,12.2,5.8,1.4,1.4,17.0,10.0,11.0,1.0
516c0de6028a40405999,2024-25,2025-03-09,Arsenal,Manchester United,A,A Taylor,27,11.555555555555555,10.666666666666666,6.481481481481482,2.814814814814815,1.9259259259259258,14,11.785714285714286,11.357142857142858,5.142857142857143,3.7142857142857144,14.333333333333334,11.8,11.4,11.333333333333334,12.2,12.3,6.0,1.8,1.2,11.0,8.0,9.0,1.0
40adf861f2ca0eebfcbc,2024-25,2025-03-16,Arsenal,Chelsea,H,C Kavanagh,28,11.535714285714286,10.571428571428571,6.571428571428571,2.7857142857142856,1.8928571428571428,13,11.307692307692308,9.923076923076923,7.923076923076923,1.8461538461538463,14.666666666666666,12.0,11.8,11.0,9.8,11.9,6.8,2.0,1.2,10.0,13.0,5.0,3.0
1c051feb086d745cac26,2024-25,2025-04-01,Arsenal,Fulham,H,J Brooks,29,11.482758620689655,10.655172413793103,6.517241379310345,2.8275862068965516,1.9310344827586208,14,11.214285714285714,10.142857142857142,7.714285714285714,2.0,12.666666666666666,12.8,12.0,10.333333333333334,11.0,12.6,6.8,2.4,1.4,2.0,10.0,5.0,1.0
30a0c4d950bb49f63a20,2024-25,2025-04-05,Arsenal,Everton,A,D England,30,11.166666666666666,10.633333333333333,6.466666666666667,2.8666666666666667,1.9,15,11.733333333333333,11.133333333333333,5.4,3.6,7.666666666666667,11.2,10.8,10.333333333333334,11.2,11.9,6.4,2.6,1.4,13.0,17.0,8.0,1.0
a608e882f5ff8fa49982,2024-25,2025-04-12,Arsenal,Brentford,H,S Hooper,31,11.225806451612904,10.838709677419354,6.516129032258065,2.870967741935484,1.8709677419354838,15,10.6,10.133333333333333,7.533333333333333,2.1333333333333333,8.333333333333334,10.6,10.5,13.333333333333334,11.6,12.7,7.6,3.2,1.4,7.0,9.0,13.0,1.0
f5a1300243bc1a2b224f,2024-25,2025-04-20,Arsenal,Ipswich,A,C Kavanagh,32,11.09375,10.78125,6.71875,2.9375,1.84375,16,11.8125,11.5,5.5625,3.5625,7.333333333333333,8.6,10.2,12.0,11.4,11.8,8.0,3.6,1.4,7.0,10.0,12.0,0.0
4c70adeb9654c2c335c5,2024-25,2025-04-23,Arsenal,Crystal Palace,H,M Salisbury,33,10.969696969696969,10.757575757575758,6.878787878787879,2.8484848484848486,1.7878787878787878,16,10.375,10.0625,7.875,2.3125,9.0,7.8,9.9,12.0,11.8,10.8,8.6,3.2,1.2,4.0,6.0,3.0,1.0
6c19453db5a5668145fc,2024-25,2025-05-03,Arsenal,Bournemouth,H,J Gillett,34,10.764705882352942,10.617647058823529,6.764705882352941,2.9411764705882355,1.7647058823529411,17,10.0,9.823529411764707,7.588235294117647,2.5294117647058822,6.0,6.6,9.7,8.333333333333334,10.4,10.7,8.2,3.6,0.8,7.0,16.0,2.0,0.0
ce5ad1681cd296f4ff1d,2024-25,2025-05-11,Arsenal,Liverpool,A,A Taylor,35,10.657142857142857,10.771428571428572,6.628571428571429,2.942857142857143,1.7142857142857142,17,11.529411764705882,11.411764705882353,5.9411764705882355,3.3529411764705883,6.0,7.6,9.4,10.666666666666666,11.6,11.4,7.6,3.4,0.6,10.0,13.0,1.0,1.0
97a51e6d338ee34b7d56,2024-25,2025-05-18,Arsenal,Newcastle United,H,S Hooper,36,10.63888888888889,10.833333333333334,6.472222222222222,2.9444444444444446,1.6944444444444444,18,9.833333333333334,10.166666666666666,7.277777777777778,2.5555555555555554,7.0,7.0,8.8,11.666666666666666,10.8,11.2,6.2,3.4,0.6,9.0,9.0,10.0,3.0
9048e4c7201d6ee445c0,2024-25,2025-05-25,Arsenal,Southampton,A,D Bond,37,10.594594594594595,10.783783783783784,6.5675675675675675,3.054054054054054,1.7297297297297298,18,11.444444444444445,11.5,5.666666666666667,3.3333333333333335,8.666666666666666,7.4,8.0,12.666666666666666,10.8,11.1,5.6,3.8,1.0,8.0,7.0,8.0,0.0
ae19425c66c76d464bec,2024-25,2024-08-17,Aston Villa,West Ham United,A,T Harrington,0,,,,,,0,,,,,,,,,,,,,,11.0,18.0,3.0,2.0
92879e61febc38d792e0,2024-25,2024-08-24,Aston Villa,Arsenal,H,M Oliver,1,11.0,18.0,3.0,5.0,2.0,0,,,,,11.0,11.0,11.0,18.0,18.0,18.0,3.0,5.0,2.0,8.0,15.0,4.0,1.0
6c250dd73a8414b73401,2024-25,2024-08-31,Aston Villa,Leicester,A,D Coote,2,9.5,16.5,3.5,3.0,1.5,1,11.0,18.0,3.0,5.0,9.5,9.5,9.5,16.5,16.5,16.5,3.5,3.0,1.5,21.0,13.0,4.0,5.0
cd370b6a0957267aee09,2024-25,2024-09-14,Aston Villa,Everton,H,C Pawson,3,13.333333333333334,15.333333333333334,3.6666666666666665,2.3333333333333335,2.6666666666666665,1,8.0,15.0,4.0,1.0,13.333333333333334,13.333333333333334,13.333333333333334,15.333333333333334,15.333333333333334,15.333333333333334,3.6666666666666665,2.3333333333333335,2.6666666666666665,10.0,12.0,6.0,1.0
3f08e25117e4110c3ee8,2024-25,2024-09-21,Aston Villa,Wolverhampton Wanderers,H,T Robinson,4,12.5,14.5,4.25,2.25,2.25,2,9.0,13.5,5.0,1.5,13.0,12.5,12.5,13.333333333333334,14.5,14.5,4.25,2.25,2.25,11.0,16.0,6.0,3.0
70b3fe0ea96b70f093d0,2024-25,2024-09-29,Aston Villa,Ipswich,A,S Attwell,5,12.2,14.8,4.6,2.8,2.4,2,16.0,15.5,3.5,3.0,14.0,12.2,12.2,13.666666666666666,14.8,14.8,4.6,2.8,2.4,14.0,10.0,0.0,1.0
6fd69feb5a7eebf6d1a4,2024-25,2024-10-06,Aston Villa,Manchester United,H,R Jones,6,12.5,14.0,3.8333333333333335,4.0,2.1666666666666665,3,9.666666666666666,14.333333333333334,5.333333333333333,2.6666666666666665,11.666666666666666,12.8,12.5,12.666666666666666,13.2,14.0,4.0,3.8,2.2,12.0,11.0,6.0,1.0
776817b1d657b300815d,2024-25,2024-10-19,Aston Villa,Fulham,A,D England,7,12.428571428571429,13.571428571428571,4.142857142857143,3.857142857142857,2.0,3,15.333333333333334,13.666666666666666,2.3333333333333335,5.333333333333333,12.333333333333334,13.6,12.428571428571429,12.333333333333334,12.4,13.571428571428571,4.4,4.2,2.2,11.0,8.0,11.0,3.0
8c6b8b092751d4f2b9e3,2024-25,2024-10-26,Aston Villa,Bournemouth,H,A Madley,8,12.25,12.875,5.0,4.125,2.125,4,10.25,13.5,5.5,2.75,12.333333333333334,11.6,12.25,9.666666666666666,11.4,12.875,5.8,5.2,1.8,12.0,14.0,9.0,7.0
818579f0abb2adc3ebde,2024-25,2024-11-03,Aston Villa,Tottenham,A,C Pawson,9,12.222222222222221,13.0,5.444444444444445,4.444444444444445,2.6666666666666665,4,14.25,12.25,4.5,5.5,11.666666666666666,12.0,12.222222222222221,11.0,11.8,13.0,6.4,6.2,3.0,14.0,14.0,4.0,0.0
983866547736b29f5640,2024-25,2024-11-09,Aston Villa,Liverpool,A,D Coote,10,12.4,13.1,5.3,4.6,2.4,5,14.2,12.6,4.4,5.6,12.333333333333334,12.6,12.4,12.0,11.4,13.1,6.0,6.4,2.4,15.0,11.0,9.0,3.0
22c6085b4aab0b4df038,2024-25,2024-11-23,Aston Villa,Crystal Palace,H,T Robinson,11,12.636363636363637,12.909090909090908,5.636363636363637,4.363636363636363,2.4545454545454546,5,10.6,13.6,6.2,3.6,13.666666666666666,12.8,12.8,13.0,11.6,12.4,7.8,4.8,2.8,10.0,11.0,10.0,3.0
6ca7af4907a2a6df0847,2024-25,2024-12-01,Aston Villa,Chelsea,A,S Attwell,12,12.416666666666666,12.75,6.0,4.083333333333333,2.5,6,14.333333333333334,12.333333333333334,5.166666666666667,5.0,13.0,12.4,13.0,12.0,11.6,12.0,8.6,4.4,3.2,6.0,21.0,4.0,2.0
bd0b7cac2db0991fc945,2024-25,2024-12-04,Aston Villa,Brentford,H,L Smith,13,11.923076923076923,13.384615384615385,5.846153846153846,4.0,2.4615384615384617,6,10.5,13.166666666666666,6.833333333333333,3.1666666666666665,10.333333333333334,11.4,11.5,14.333333333333334,14.2,12.8,7.2,3.8,3.0,11.0,15.0,10.0,2.0
b8f89ff90f9d1ab9dda2,2024-25,2024-12-07,Aston Villa,Southampton,H,D Bond,14,11.857142857142858,13.5,6.142857142857143,4.071428571428571,2.4285714285714284,7,10.571428571428571,13.428571428571429,7.285714285714286,3.4285714285714284,9.0,11.2,11.6,15.666666666666666,14.4,13.1,7.4,3.4,2.0,18.0,15.0,14.0,1.0
8eaaa2a999b72369b12c,2024-25,2024-12-14,Aston Villa,Nottingham Forest,A,S Barrott,15,12.266666666666667,13.6,6.666666666666667,3.8666666666666667,2.3333333333333335,7,13.142857142857142,13.571428571428571,5.0,4.714285714285714,11.666666666666666,12.0,12.3,17.0,14.6,13.0,9.4,2.4,2.2,6.0,12.0,3.0,1.0
d066471020c8d296310d,2024-25,2024-12-21,Aston Villa,Manchester City,H,P Bankes,16,11.875,13.5,6.4375,3.875,2.25,8,11.5,13.625,8.125,3.125,11.666666666666666,10.2,11.5,14.0,14.8,13.2,8.2,2.8,1.8,14.0,7.0,5.0,3.0
974646ea68579c5d9e19,2024-25,2024-12-26,Aston Villa,Newcastle United,A,A Taylor,17,12.0,13.117647058823529,6.352941176470588,3.8823529411764706,2.2941176470588234,8,12.25,13.375,4.75,4.625,12.666666666666666,11.0,11.7,11.333333333333334,14.0,12.8,7.2,3.4,1.8,10.0,15.0,6.0,1.0
7804ce50ce2f5b4d2955,2024-25,2024-12-30,Aston Villa,Brighton & Hove Albion,H,C Pawson,18,11.88888888888889,13.222222222222221,6.333333333333333,4.166666666666667,2.2222222222222223,9,11.777777777777779,12.88888888888889,7.777777777777778,3.2222222222222223,10.0,11.8,11.6,11.333333333333334,12.8,13.5,7.6,4.6,1.6,9.0,14.0,12.0,2.0
cdb45ddd3e45b5e2c64a,2024-25,2025-01-04,Aston Villa,Leicester,H,J Gillett,19,11.736842105263158,13.263157894736842,6.631578947368421,4.105263157894737,2.210526315789474,10,11.5,13.0,8.2,3.2,11.0,11.4,11.3,12.0,12.6,13.5,8.0,4.2,1.6,10.0,11.0,7.0,0.0
391f532159e7d96c59b6,2024-25,2025-01-15,Aston Villa,Everton,A,S Barrott,20,11.65,13.15,6.65,4.0,2.1,9,12.0,13.555555555555555,4.888888888888889,5.111111111111111,9.666666666666666,9.8,10.9,13.333333333333334,11.8,13.2,6.6,4.4,1.4,10.0,17.0,5.0,1.0
9a5089f65023df089e57,2024-25,2025-01-18,Aston Villa,Arsenal,A,C Kavanagh,21,11.571428571428571,13.333333333333334,6.571428571428571,4.190476190476191,2.0476190476190474,10,11.8,13.9,4.9,5.4,9.666666666666666,10.6,10.4,14.0,12.8,13.8,7.0,5.2,1.4,18.0,10.0,1.0,3.0
0b042698543fba3baa8b,2024-25,2025-01-26,Aston Villa,West Ham United,H,P Bankes,22,11.863636363636363,13.181818181818182,6.318181818181818,4.454545454545454,2.090909090909091,11,11.363636363636363,12.818181818181818,8.090909090909092,3.090909090909091,12.666666666666666,11.4,11.2,12.666666666666666,13.4,13.7,6.2,6.4,1.4,13.0,16.0,4.0,2.0
2b95e6a01c5e16434d13,2024-25,2025-02-01,Aston Villa,Wolverhampton Wanderers,A,A Madley,23,11.91304347826087,13.304347826086957,6.217391304347826,4.391304347826087,2.0869565217391304,11,12.363636363636363,13.545454545454545,4.545454545454546,5.818181818181818,13.666666666666666,12.0,11.9,14.333333333333334,13.6,13.2,5.8,5.2,1.6,13.0,20.0,8.0,3.0
40272d27158319ed1392,2024-25,2025-02-15,Aston Villa,Ipswich,H,R Jones,24,11.958333333333334,13.583333333333334,6.291666666666667,4.416666666666667,2.125,12,11.5,13.083333333333334,7.75,3.0833333333333335,14.666666666666666,12.8,12.1,15.333333333333334,14.8,13.7,5.0,5.6,1.8,7.0,11.0,16.0,0.0
cb04b6f36a90f2def0cb,2024-25,2025-02-19,Aston Villa,Liverpool,H,C Pawson,25,11.76,13.48,6.68,4.28,2.04,13,11.153846153846153,12.923076923076923,8.384615384615385,2.923076923076923,11.0,12.2,11.0,15.666666666666666,14.8,13.3,6.8,5.4,1.8,8.0,6.0,6.0,1.0
e990e67be559bcd67895,2024-25,2025-02-22,Aston Villa,Chelsea,H,M Oliver,26,11.615384615384615,13.192307692307692,6.653846153846154,4.423076923076923,2.0,14,10.928571428571429,12.428571428571429,8.214285714285714,3.2857142857142856,9.333333333333334,11.8,11.2,12.333333333333334,12.6,12.7,7.0,5.4,1.8,15.0,16.0,2.0,1.0
850564044cb5dc7c7f4f,2024-25,2025-02-25,Aston Villa,Crystal Palace,A,S Barrott,27,11.74074074074074,13.296296296296296,6.481481481481482,4.37037037037037,1.962962962962963,12,12.416666666666666,14.083333333333334,4.833333333333333,5.75,10.0,11.2,11.3,11.0,13.8,13.6,7.2,4.0,1.4,10.0,19.0,8.0,1.0
811f37e87bb3ff9c6e5d,2024-25,2025-03-08,Aston Villa,Brentford,A,J Gillett,28,11.678571428571429,13.5,6.535714285714286,4.321428571428571,1.9285714285714286,13,12.23076923076923,14.461538461538462,5.076923076923077,5.538461538461538,11.0,10.6,11.3,13.666666666666666,14.4,14.0,8.0,4.0,1.2,5.0,10.0,5.0,2.0
7c2787f256bcf380dc04,2024-25,2025-04-02,Aston Villa,Brighton & Hove Albion,A,S Attwell,29,11.448275862068966,13.379310344827585,6.482758620689655,4.379310344827586,1.9310344827586208,14,11.714285714285714,14.142857142857142,5.071428571428571,5.571428571428571,10.0,9.0,10.9,15.0,12.4,13.6,7.4,4.2,1.0,11.0,16.0,0.0,3.0
bfd7a5e741155349f498,2024-25,2025-04-05,Aston Villa,Nottingham Forest,H,S Hooper,30,11.433333333333334,13.466666666666667,6.266666666666667,4.366666666666666,1.9666666666666666,15,11.2,12.666666666666666,7.8,3.2666666666666666,8.666666666666666,9.8,11.0,15.0,13.4,14.1,4.2,4.8,1.6,7.0,15.0,4.0,2.0
bd949c137f35d5786fe7,2024-25,2025-04-12,Aston Villa,Southampton,A,T Bramall,31,11.290322580645162,13.516129032258064,6.193548387096774,4.354838709677419,1.967741935483871,15,11.666666666666666,14.266666666666667,4.733333333333333,5.466666666666667,7.666666666666667,9.6,10.7,13.666666666666666,15.2,13.9,3.8,4.0,1.8,4.0,11.0,14.0,1.0
cfa104a47e1e8aa6f177,2024-25,2025-04-19,Aston Villa,Newcastle United,H,J Gillett,32,11.0625,13.4375,6.4375,4.28125,1.9375,16,10.9375,12.8125,7.5625,3.3125,7.333333333333333,7.4,9.3,14.0,14.2,14.0,6.2,3.8,1.8,9.0,12.0,7.0,1.0
6e1aa2a4d7b78f7d481d,2024-25,2025-04-22,Aston Villa,Manchester City,A,C Pawson,33,11.0,13.393939393939394,6.454545454545454,4.363636363636363,1.9090909090909092,16,11.1875,14.0625,5.3125,5.25,6.666666666666667,7.2,8.9,12.666666666666666,12.8,13.6,6.0,4.6,1.8,10.0,9.0,2.0,3.0
aeaffc99a49c105d1268,2024-25,2025-05-03,Aston Villa,Fulham,H,R Jones,34,10.970588235294118,13.264705882352942,6.323529411764706,4.529411764705882,1.9411764705882353,17,10.823529411764707,12.764705882352942,7.529411764705882,3.5294117647058822,7.666666666666667,8.2,8.6,10.666666666666666,12.6,12.5,5.4,5.4,2.0,6.0,17.0,5.0,0.0
f71f4f84d4f32bb8d63c,2024-25,2025-05-10,Aston Villa,Bournemouth,A,S Attwell,35,10.82857142857143,13.371428571428572,6.285714285714286,4.485714285714286,1.8857142857142857,17,11.117647058823529,13.764705882352942,5.117647058823529,5.529411764705882,8.333333333333334,7.2,8.5,12.666666666666666,12.8,13.1,6.4,5.2,1.4,12.0,19.0,0.0,3.0
2c6c0bc906622fa1a6a0,2024-25,2025-05-16,Aston Villa,Tottenham,H,P Bankes,36,10.86111111111111,13.527777777777779,6.111111111111111,4.638888888888889,1.9166666666666667,18,10.555555555555555,13.0,7.388888888888889,3.5,9.333333333333334,8.2,8.9,15.0,13.6,14.4,5.6,6.4,1.6,5.0,12.0,9.0,1.0
22184e5f7e54f1795026,2024-25,2025-05-25,Aston Villa,Manchester United,A,T Bramall,37,10.702702702702704,13.486486486486486,6.1891891891891895,4.54054054054054,1.8918918918918919,18,11.166666666666666,14.055555555555555,4.833333333333333,5.777777777777778,7.666666666666667,8.4,7.9,16.0,13.8,14.0,4.6,6.2,1.6,10.0,10.0,3.0,2.0
fd844e217b8a15022a13,2024-25,2024-08-17,Bournemouth,Nottingham Forest,A,M Oliver,0,,,,,,0,,,,,,,,,,,,,,8.0,17.0,6.0,3.0
091d7bc0171562434782,2024-25,2024-08-25,Bournemouth,Newcastle United,H,D Coote,1,8.0,17.0,6.0,2.0,3.0,0,,,,,8.0,8.0,8.0,17.0,17.0,17.0,6.0,2.0,3.0,19.0,8.0,8.0,2.0
381a7273369ba9834372,2024-25,2024-08-31,Bournemouth,Everton,A,S Attwell,2,13.5,12.5,7.0,5.5,2.5,1,8.0,17.0,6.0,2.0,13.5,13.5,13.5,12.5,12.5,12.5,7.0,5.5,2.5,1.0,6.0,4.0,1.0
fc9ebf99efbe951045ea,2024-25,2024-09-14,Bournemouth,Chelsea,H,A Taylor,3,9.333333333333334,10.333333333333334,6.0,6.333333333333333,2.0,1,19.0,8.0,8.0,9.0,9.333333333333334,9.333333333333334,9.333333333333334,10.333333333333334,10.333333333333334,10.333333333333334,6.0,6.333333333333333,2.0,16.0,9.0,6.0,6.0
d58fd70cb5b70dfb914a,2024-25,2024-09-21,Bournemouth,Liverpool,A,T Harrington,4,11.0,10.0,6.0,5.5,3.0,2,4.5,11.5,5.0,5.0,12.0,11.0,11.0,7.666666666666667,10.0,10.0,6.0,5.5,3.0,12.0,10.0,9.0,4.0
000fa9ff79966a897e61,2024-25,2024-09-30,Bournemouth,Southampton,H,M Oliver,5,11.2,10.0,6.6,5.0,3.2,2,17.5,8.5,7.0,6.0,9.666666666666666,11.2,11.2,8.333333333333334,10.0,10.0,6.6,5.0,3.2,19.0,12.0,7.0,2.0
2ec4e90989d1507c44c1,2024-25,2024-10-05,Bournemouth,Leicester,A,D Bond,6,12.5,10.333333333333334,6.666666666666667,4.833333333333333,3.0,3,7.0,11.0,6.333333333333333,4.333333333333333,15.666666666666666,13.4,12.5,10.333333333333334,9.0,10.333333333333334,6.8,5.4,3.0,14.0,12.0,9.0,1.0
efab39dab365033ed3d6,2024-25,2024-10-19,Bournemouth,Arsenal,H,R Jones,7,12.714285714285714,10.571428571428571,7.0,4.142857142857143,2.7142857142857144,3,18.0,9.666666666666666,7.0,5.333333333333333,15.0,12.4,12.714285714285714,11.333333333333334,9.8,10.571428571428571,7.0,3.6,2.8,12.0,11.0,7.0,1.0
8c6b8b092751d4f2b9e3,2024-25,2024-10-26,Bournemouth,Aston Villa,A,A Madley,8,12.625,10.625,7.0,4.125,2.5,4,8.75,11.25,7.0,3.25,15.0,14.6,12.625,11.666666666666666,10.8,10.625,7.6,2.8,2.8,14.0,12.0,7.0,6.0
e21489c412ff2bcf2509,2024-25,2024-11-02,Bournemouth,Manchester City,H,M Oliver,9,12.777777777777779,10.777777777777779,7.0,4.666666666666667,2.888888888888889,4,16.5,10.0,7.0,5.0,13.333333333333334,14.2,12.777777777777779,11.666666666666666,11.4,10.777777777777779,7.8,4.0,2.8,11.0,6.0,3.0,2.0
821b2cebaa0649c130aa,2024-25,2024-11-09,Bournemouth,Brentford,A,D Bond,10,12.6,10.3,6.6,5.2,2.8,5,9.8,11.4,7.0,4.4,12.333333333333334,14.0,12.6,9.666666666666666,10.6,10.3,6.6,5.4,2.4,16.0,8.0,4.0,4.0
6b395985e966b6a966a1,2024-25,2024-11-23,Bournemouth,Brighton & Hove Albion,H,S Attwell,11,12.909090909090908,10.090909090909092,6.363636363636363,5.2727272727272725,2.909090909090909,5,15.4,9.2,6.2,6.0,13.666666666666666,13.4,13.4,8.666666666666666,9.8,9.4,6.0,5.8,2.8,13.0,10.0,7.0,2.0
1cd23a488b30c75fd8ef,2024-25,2024-11-30,Bournemouth,Wolverhampton Wanderers,A,P Bankes,12,12.916666666666666,10.083333333333334,6.416666666666667,4.833333333333333,2.8333333333333335,6,10.833333333333334,10.833333333333334,6.5,4.666666666666667,13.333333333333334,13.2,12.8,8.0,9.4,9.6,5.6,5.8,3.0,11.0,13.0,4.0,1.0
30ac66a4a327c0ea7fe9,2024-25,2024-12-05,Bournemouth,Tottenham,H,S Hooper,13,12.76923076923077,10.307692307692308,6.230769230769231,4.6923076923076925,2.6923076923076925,6,15.0,9.333333333333334,6.333333333333333,5.0,13.333333333333334,13.0,13.8,10.333333333333334,9.8,10.3,5.0,5.6,3.0,15.0,8.0,5.0,2.0
bafffc82f2f6135c496d,2024-25,2024-12-08,Bournemouth,Ipswich,A,M Salisbury,14,12.928571428571429,10.142857142857142,6.142857142857143,5.0,2.642857142857143,7,10.857142857142858,11.142857142857142,6.142857142857143,4.428571428571429,13.0,13.2,13.7,10.333333333333334,9.0,10.2,4.6,5.6,2.2,13.0,9.0,13.0,1.0
8cb59017cb316d07c47a,2024-25,2024-12-16,Bournemouth,West Ham United,H,C Kavanagh,15,12.933333333333334,10.066666666666666,6.6,5.066666666666666,2.533333333333333,7,15.0,9.142857142857142,6.142857142857143,5.571428571428571,13.0,13.6,13.8,10.0,9.6,10.1,6.6,4.8,2.0,6.0,11.0,12.0,0.0
d22e35bb6126a5a82e19,2024-25,2024-12-22,Bournemouth,Manchester United,A,C Pawson,16,12.5,10.125,6.9375,5.125,2.375,8,11.125,10.875,7.0,4.625,11.333333333333334,11.6,12.5,9.333333333333334,10.2,10.0,8.2,4.8,1.2,11.0,11.0,1.0,3.0
ec68da85306f60919e74,2024-25,2024-12-26,Bournemouth,Crystal Palace,H,T Bramall,17,12.411764705882353,10.176470588235293,6.588235294117647,5.588235294117647,2.411764705882353,8,13.875,9.375,6.875,5.625,10.0,11.2,12.2,10.333333333333334,10.4,9.9,7.0,7.4,1.4,13.0,12.0,5.0,2.0
2bd4fd4afccc7249b967,2024-25,2024-12-29,Bournemouth,Fulham,A,R Jones,18,12.444444444444445,10.277777777777779,6.5,5.388888888888889,2.388888888888889,9,11.11111111111111,10.88888888888889,6.333333333333333,5.555555555555555,10.0,11.6,12.3,11.333333333333334,10.2,10.0,7.2,7.2,1.6,16.0,7.0,7.0,3.0
25b253d7cadc9a3d290d,2024-25,2025-01-04,Bournemouth,Everton,H,J Brooks,19,12.631578947368421,10.105263157894736,6.526315789473684,5.157894736842105,2.4210526315789473,9,13.777777777777779,9.666666666666666,6.666666666666667,5.222222222222222,13.333333333333334,11.8,12.5,10.0,10.0,9.5,7.6,5.6,1.8,15.0,14.0,9.0,2.0
ad469a9572c4ff928c85,2024-25,2025-01-14,Bournemouth,Chelsea,A,R Jones,20,12.75,10.3,6.65,5.05,2.4,10,11.6,10.5,6.4,5.1,14.666666666666666,12.2,12.9,11.0,11.0,10.3,6.8,5.0,2.0,16.0,15.0,3.0,3.0
7ac62d6421a0ed0d2cfa,2024-25,2025-01-18,Bournemouth,Newcastle United,A,S Attwell,21,12.904761904761905,10.523809523809524,6.476190476190476,5.238095238095238,2.4285714285714284,11,12.0,10.909090909090908,6.090909090909091,5.454545454545454,15.666666666666666,14.2,12.9,12.0,11.8,11.0,5.0,5.6,2.6,18.0,7.0,6.0,6.0
ac21cd8acdadf7b65840,2024-25,2025-01-25,Bournemouth,Nottingham Forest,H,C Pawson,22,13.136363636363637,10.363636363636363,6.454545454545454,5.318181818181818,2.590909090909091,10,13.9,10.1,6.9,5.0,16.333333333333332,15.6,13.4,12.0,11.0,10.7,6.0,4.4,3.2,9.0,12.0,3.0,2.0
f9f4efaec7ae2579aa3e,2024-25,2025-02-01,Bournemouth,Liverpool,H,D England,23,12.956521739130435,10.434782608695652,6.304347826086956,5.478260869565218,2.5652173913043477,11,13.454545454545455,10.272727272727273,6.545454545454546,5.363636363636363,14.333333333333334,14.8,13.2,11.333333333333334,11.0,10.6,5.6,5.8,3.2,15.0,9.0,3.0,2.0
973cb778bcea1ebf316a,2024-25,2025-02-15,Bournemouth,Southampton,A,J Gillett,24,13.041666666666666,10.375,6.166666666666667,5.375,2.5416666666666665,12,12.5,10.583333333333334,6.083333333333333,5.583333333333333,14.0,14.6,13.2,9.333333333333334,11.4,10.7,4.8,6.2,3.0,15.0,13.0,6.0,3.0
c0637de2814ecd1310ed,2024-25,2025-02-22,Bournemouth,Wolverhampton Wanderers,H,M Salisbury,25,13.12,10.48,6.16,5.32,2.56,12,13.583333333333334,10.166666666666666,6.25,5.166666666666667,13.0,14.6,13.4,11.333333333333334,11.2,11.1,4.2,6.4,3.2,17.0,9.0,6.0,3.0
59d8d8808e7a60471585,2024-25,2025-02-25,Bournemouth,Brighton & Hove Albion,A,M Oliver,26,13.26923076923077,10.423076923076923,6.153846153846154,5.384615384615385,2.576923076923077,13,12.692307692307692,10.76923076923077,6.076923076923077,5.461538461538462,15.666666666666666,14.8,14.5,10.333333333333334,10.0,10.9,4.8,6.0,3.2,14.0,12.0,9.0,1.0
0f40addffe30839d2464,2024-25,2025-03-09,Bournemouth,Tottenham,A,J Brooks,27,13.296296296296296,10.481481481481481,6.2592592592592595,5.222222222222222,2.5185185185185186,14,12.785714285714286,10.857142857142858,6.285714285714286,5.142857142857143,15.333333333333334,14.0,14.8,11.333333333333334,11.0,11.0,5.4,4.8,2.2,16.0,15.0,6.0,3.0
fa0ad98f46a8222fbc63,2024-25,2025-03-15,Bournemouth,Brentford,H,C Pawson,28,13.392857142857142,10.642857142857142,6.25,5.142857142857143,2.5357142857142856,13,13.846153846153847,10.076923076923077,6.230769230769231,5.3076923076923075,15.666666666666666,15.4,15.1,12.0,11.6,11.3,6.0,3.6,2.4,13.0,7.0,4.0,3.0
465230139add89da44d0,2024-25,2025-04-02,Bournemouth,Ipswich,H,R Jones,29,13.379310344827585,10.517241379310345,6.172413793103448,5.068965517241379,2.5517241379310347,14,13.785714285714286,9.857142857142858,6.071428571428571,5.142857142857143,14.333333333333334,15.0,14.8,11.333333333333334,11.2,11.3,6.2,3.6,2.6,14.0,15.0,8.0,1.0
5942ab71f8d8409bfe57,2024-25,2025-04-05,Bournemouth,West Ham United,A,T Robinson,30,13.4,10.666666666666666,6.233333333333333,5.0,2.5,15,13.0,11.133333333333333,6.266666666666667,5.0,14.333333333333334,14.8,14.7,12.333333333333334,11.6,11.4,6.6,3.4,2.2,13.0,13.0,7.0,2.0
776ed6d2730307f231fd,2024-25,2025-04-14,Bournemouth,Fulham,H,O Oliver,31,13.387096774193548,10.741935483870968,6.258064516129032,4.967741935483871,2.4838709677419355,15,13.8,10.2,6.2,5.0,13.333333333333334,14.0,14.4,11.666666666666666,12.4,11.2,6.8,2.8,2.0,11.0,10.0,6.0,3.0
0365367e7679593889ca,2024-25,2025-04-19,Bournemouth,Crystal Palace,A,S Barrott,32,13.3125,10.71875,6.25,5.09375,2.5,16,13.0,11.25,6.3125,4.9375,12.666666666666666,13.4,13.7,12.666666666666666,12.0,11.5,6.2,4.4,2.4,10.0,13.0,4.0,4.0
beec82698db68a88d05f,2024-25,2025-04-27,Bournemouth,Manchester United,H,P Bankes,33,13.212121212121213,10.787878787878787,6.181818181818182,5.090909090909091,2.5454545454545454,16,13.625,10.1875,6.1875,5.25,11.333333333333334,12.2,13.8,12.0,11.6,11.6,5.8,4.8,2.6,11.0,12.0,5.0,4.0
6c19453db5a5668145fc,2024-25,2025-05-03,Bournemouth,Arsenal,A,J Gillett,34,13.147058823529411,10.823529411764707,6.147058823529412,5.235294117647059,2.588235294117647,17,12.823529411764707,11.352941176470589,6.176470588235294,4.9411764705882355,10.666666666666666,11.8,13.4,11.666666666666666,12.6,11.9,6.0,6.2,2.8,16.0,7.0,3.0,2.0
f71f4f84d4f32bb8d63c,2024-25,2025-05-10,Bournemouth,Aston Villa,H,S Attwell,35,13.228571428571428,10.714285714285714,6.057142857142857,5.142857142857143,2.5714285714285716,17,13.470588235294118,10.294117647058824,6.117647058823529,5.529411764705882,12.333333333333334,12.2,13.5,10.666666666666666,11.0,11.3,5.0,6.0,3.0,19.0,12.0,10.0,4.0
d5aa0d786abc3ef9a53f,2024-25,2025-05-20,Bournemouth,Manchester City,A,T Bramall,36,13.38888888888889,10.75,6.166666666666667,5.0,2.611111111111111,18,13.0,11.11111111111111,6.0,4.777777777777778,15.333333333333334,13.4,13.7,10.333333333333334,10.8,11.6,5.6,5.2,3.4,13.0,7.0,1.0,3.0
dd7fd630d79d192ec295,2024-25,2025-05-25,Bournemouth,Leicester,H,L Smith,37,13.378378378378379,10.64864864864865,6.027027027027027,4.945945945945946,2.6216216216216215,18,13.777777777777779,10.38888888888889,6.333333333333333,5.222222222222222,16.0,13.8,13.6,8.666666666666666,10.2,11.1,4.6,4.0,3.4,19.0,16.0,6.0,0.0
8d6d66aa23ffdd9ade87,2024-25,2024-08-18,Brentford,Crystal Palace,H,S Barrott,0,,,,,,0,,,,,,,,,,,,,,6.0,15.0,4.0,1.0
f91bec7c3470247ddb95,2024-25,2024-08-25,Brentford,Liverpool,A,S Attwell,1,6.0,15.0,4.0,7.0,1.0,0,,,,,6.0,6.0,6.0,15.0,15.0,15.0,4.0,7.0,1.0,7.0,10.0,4.0,3.0
c3b22e87ae6df2271953,2024-25,2024-08-31,Brentford,Southampton,H,J Smith,2,6.5,12.5,4.0,8.0,2.0,1,6.0,15.0,4.0,7.0,6.5,6.5,6.5,12.5,12.5,12.5,4.0,8.0,2.0,10.0,7.0,2.0,2.0
0ff93546de9be99244f6,2024-25,2024-09-14,Brentford,Manchester City,A,D Bond,3,7.666666666666667,10.666666666666666,3.3333333333333335,8.0,2.0,1,7.0,10.0,4.0,9.0,7.666666666666667,7.666666666666667,7.666666666666667,10.666666666666666,10.666666666666666,10.666666666666666,3.3333333333333335,8.0,2.0,3.0,9.0,3.0,1.0
2afb4c078558ab18d5b3,2024-25,2024-09-21,Brentford,Tottenham,A,J Brooks,4,6.5,10.25,3.25,9.0,1.75,2,5.0,9.5,3.5,10.5,6.666666666666667,6.5,6.5,8.666666666666666,10.25,10.25,3.25,9.0,1.75,9.0,11.0,4.0,1.0
240337ade6aafa94ff78,2024-25,2024-09-28,Brentford,West Ham United,H,S Hooper,5,7.0,10.4,3.4,9.0,1.6,2,8.0,11.0,3.0,7.5,7.333333333333333,7.0,7.0,9.0,10.4,10.4,3.4,9.0,1.6,2.0,11.0,7.0,2.0
f2d3c9be6508b1042ee8,2024-25,2024-10-05,Brentford,Wolverhampton Wanderers,H,A Madley,6,6.166666666666667,10.5,4.0,8.666666666666666,1.6666666666666667,3,6.0,11.0,4.333333333333333,7.333333333333333,4.666666666666667,6.2,6.166666666666667,10.333333333333334,9.6,10.5,4.0,9.0,1.8,9.0,10.0,10.0,2.0
ffbabf26ae3bf005f935,2024-25,2024-10-19,Brentford,Manchester United,A,S Barrott,7,6.571428571428571,10.428571428571429,4.857142857142857,7.857142857142857,1.7142857142857142,3,6.333333333333333,10.0,3.6666666666666665,10.0,6.666666666666667,6.6,6.571428571428571,10.666666666666666,9.6,10.428571428571429,5.2,7.8,1.6,5.0,14.0,2.0,2.0
46b413c39662e46a16c8,2024-25,2024-10-26,Brentford,Ipswich,H,L Smith,8,6.375,10.875,4.5,8.0,1.75,4,6.75,10.75,5.75,6.25,5.333333333333333,5.6,6.375,11.666666666666666,11.0,10.875,5.2,8.0,1.6,7.0,10.0,5.0,0.0
0f1ccf50e24fd8f674e6,2024-25,2024-11-04,Brentford,Fulham,A,S Attwell,9,6.444444444444445,10.777777777777779,4.555555555555555,7.666666666666667,1.5555555555555556,4,6.0,11.0,3.25,9.75,7.0,6.4,6.444444444444445,11.333333333333334,11.2,10.777777777777779,5.6,6.6,1.4,10.0,3.0,3.0,1.0
821b2cebaa0649c130aa,2024-25,2024-11-09,Brentford,Bournemouth,H,D Bond,10,6.8,10.0,4.4,8.0,1.5,5,6.8,10.6,5.6,6.0,7.333333333333333,6.6,6.8,9.0,9.6,10.0,5.4,7.0,1.4,8.0,16.0,6.0,2.0
846fed34e17fe4c6c6f8,2024-25,2024-11-23,Brentford,Everton,A,C Kavanagh,11,6.909090909090909,10.545454545454545,4.545454545454546,7.636363636363637,1.5454545454545454,5,6.8,9.4,3.2,10.0,8.333333333333334,7.8,7.0,9.666666666666666,10.6,10.1,5.2,6.4,1.4,10.0,8.0,4.0,0.0
54e0029948dc74548e5e,2024-25,2024-11-30,Brentford,Leicester,H,M Oliver,12,7.166666666666667,10.333333333333334,4.5,7.833333333333333,1.4166666666666667,6,7.0,11.5,5.666666666666667,5.666666666666667,9.333333333333334,8.0,7.3,9.0,10.2,9.9,4.0,7.8,1.0,9.0,10.0,5.0,1.0
bd0b7cac2db0991fc945,2024-25,2024-12-04,Brentford,Aston Villa,A,L Smith,13,7.3076923076923075,10.307692307692308,4.538461538461538,7.538461538461538,1.3846153846153846,6,7.333333333333333,9.166666666666666,3.3333333333333335,10.0,9.0,8.8,7.2,11.333333333333334,9.4,10.2,4.6,6.8,0.8,15.0,11.0,5.0,2.0
456f310919e84106ec74,2024-25,2024-12-07,Brentford,Newcastle United,H,T Robinson,14,7.857142857142857,10.357142857142858,4.571428571428571,7.714285714285714,1.4285714285714286,7,7.285714285714286,11.285714285714286,5.571428571428571,5.428571428571429,11.333333333333334,10.4,8.4,9.666666666666666,9.6,10.4,4.6,7.8,1.2,10.0,7.0,3.0,3.0
32e0d8659c3b71f3152f,2024-25,2024-12-15,Brentford,Chelsea,A,P Bankes,15,8.0,10.133333333333333,4.466666666666667,7.466666666666667,1.5333333333333334,7,8.428571428571429,9.428571428571429,3.5714285714285716,10.0,11.333333333333334,10.4,8.5,9.333333333333334,10.4,10.0,4.6,6.4,1.6,7.0,11.0,5.0,2.0
f4e38bf9778e1062dc50,2024-25,2024-12-21,Brentford,Nottingham Forest,H,M Oliver,16,7.9375,10.1875,4.5,7.5,1.5625,8,7.625,10.75,5.25,5.25,10.666666666666666,10.2,9.0,9.666666666666666,9.4,10.0,4.4,7.2,1.6,9.0,14.0,9.0,3.0
561a54ebf34dc9b1d56f,2024-25,2024-12-27,Brentford,Brighton & Hove Albion,A,A Madley,17,8.0,10.411764705882353,4.764705882352941,7.352941176470588,1.6470588235294117,8,8.25,9.625,3.75,9.75,8.666666666666666,10.0,9.0,10.666666666666666,10.6,10.4,5.4,6.2,2.2,12.0,6.0,3.0,2.0
289c271282f4768a0d4a,2024-25,2025-01-01,Brentford,Arsenal,H,P Bankes,18,8.222222222222221,10.166666666666666,4.666666666666667,7.222222222222222,1.6666666666666667,9,7.777777777777778,11.11111111111111,5.666666666666667,5.222222222222222,9.333333333333334,10.6,9.7,10.333333333333334,9.8,9.6,5.0,6.4,2.4,6.0,8.0,4.0,1.0
470dc58ac40c4251c387,2024-25,2025-01-04,Brentford,Southampton,A,S Attwell,19,8.105263157894736,10.052631578947368,4.631578947368421,7.0,1.631578947368421,9,8.666666666666666,9.222222222222221,3.6666666666666665,9.222222222222221,9.0,8.8,9.6,9.333333333333334,9.2,9.4,4.8,5.0,2.2,4.0,10.0,2.0,0.0
8bedeefaf5d6e80db912,2024-25,2025-01-14,Brentford,Manchester City,H,A Taylor,20,7.9,10.05,4.5,6.75,1.55,10,7.6,10.8,5.5,5.0,7.333333333333333,7.6,9.0,8.0,9.8,10.1,4.6,4.6,1.6,4.0,4.0,4.0,0.0
fe8053def36f8ad887c6,2024-25,2025-01-18,Brentford,Liverpool,H,A Madley,21,7.714285714285714,9.761904761904763,4.476190476190476,6.666666666666667,1.4761904761904763,11,7.2727272727272725,10.181818181818182,5.363636363636363,5.0,4.666666666666667,7.0,8.6,7.333333333333333,8.4,8.9,4.4,4.0,1.2,6.0,14.0,2.0,2.0
5de9f5fc43e6f08d2762,2024-25,2025-01-26,Brentford,Crystal Palace,A,T Harrington,22,7.636363636363637,9.954545454545455,4.363636363636363,7.045454545454546,1.5,10,8.2,9.3,3.5,8.5,4.666666666666667,6.4,8.2,9.333333333333334,8.4,9.5,3.0,6.0,1.0,11.0,8.0,7.0,2.0
870d020839899d8405da,2024-25,2025-02-02,Brentford,Tottenham,H,J Gillett,23,7.782608695652174,9.869565217391305,4.478260869565218,6.913043478260869,1.5217391304347827,12,7.166666666666667,10.5,5.083333333333333,5.833333333333333,7.0,6.2,8.4,8.666666666666666,8.8,9.3,3.8,5.8,1.0,4.0,11.0,10.0,0.0
5456c40fe06bc5e7dacc,2024-25,2025-02-15,Brentford,West Ham United,A,D England,24,7.625,9.916666666666666,4.708333333333333,6.75,1.4583333333333333,11,8.454545454545455,9.181818181818182,3.8181818181818183,8.090909090909092,7.0,5.8,7.3,11.0,9.4,9.3,5.0,5.8,0.8,13.0,10.0,2.0,1.0
12b297cb3f99dfcdcf21,2024-25,2025-02-21,Brentford,Leicester,A,T Harrington,25,7.84,9.92,4.6,6.84,1.44,12,8.833333333333334,9.25,3.6666666666666665,8.166666666666666,9.333333333333334,7.6,7.6,9.666666666666666,9.4,9.6,5.0,7.2,1.0,10.0,10.0,6.0,0.0
0065d8e025db6a515e61,2024-25,2025-02-26,Brentford,Everton,H,S Hooper,26,7.923076923076923,9.923076923076923,4.653846153846154,6.769230769230769,1.3846153846153846,13,6.923076923076923,10.538461538461538,5.461538461538462,5.615384615384615,9.0,8.8,7.9,10.333333333333334,10.6,9.5,5.4,7.2,1.0,3.0,6.0,2.0,2.0
811f37e87bb3ff9c6e5d,2024-25,2025-03-08,Brentford,Aston Villa,H,J Gillett,27,7.7407407407407405,9.777777777777779,4.555555555555555,6.703703703703703,1.4074074074074074,14,6.642857142857143,10.214285714285714,5.214285714285714,5.571428571428571,8.666666666666666,8.2,7.3,8.666666666666666,9.0,8.7,5.4,5.2,1.0,10.0,5.0,6.0,2.0
fa0ad98f46a8222fbc63,2024-25,2025-03-15,Brentford,Bournemouth,A,C Pawson,28,7.821428571428571,9.607142857142858,4.607142857142857,6.642857142857143,1.4285714285714286,13,8.923076923076923,9.307692307692308,3.8461538461538463,7.923076923076923,7.666666666666667,8.0,7.1,7.0,8.4,8.6,5.2,5.4,1.0,7.0,13.0,3.0,0.0
e955f346ef7c05c3beff,2024-25,2025-04-02,Brentford,Newcastle United,A,P Bankes,29,7.793103448275862,9.724137931034482,4.551724137931035,6.551724137931035,1.3793103448275863,14,8.785714285714286,9.571428571428571,3.7857142857142856,7.642857142857143,6.666666666666667,8.6,7.2,8.0,8.8,9.1,3.8,5.6,1.0,12.0,12.0,5.0,1.0
12348e5b970f198f8ed7,2024-25,2025-04-06,Brentford,Chelsea,H,M Oliver,30,7.933333333333334,9.8,4.566666666666666,6.466666666666667,1.3666666666666667,15,6.866666666666666,9.866666666666667,5.266666666666667,5.533333333333333,9.666666666666666,8.4,8.0,10.0,9.2,9.3,4.4,4.6,1.0,12.0,12.0,3.0,1.0
a608e882f5ff8fa49982,2024-25,2025-04-12,Brentford,Arsenal,A,S Hooper,31,8.064516129032258,9.870967741935484,4.516129032258065,6.451612903225806,1.3548387096774193,15,9.0,9.733333333333333,3.8666666666666667,7.4,10.333333333333334,8.8,8.8,12.333333333333334,9.6,10.1,3.8,4.8,1.2,9.0,7.0,5.0,3.0
96d2e697709fc9d2ee20,2024-25,2025-04-19,Brentford,Brighton & Hove Albion,H,T Robinson,32,8.09375,9.78125,4.53125,6.65625,1.40625,16,7.1875,10.0,5.125,5.5625,11.0,10.0,9.1,10.333333333333334,9.8,9.4,4.4,6.4,1.4,7.0,11.0,4.0,3.0
a955a978cde7096baf67,2024-25,2025-05-01,Brentford,Nottingham Forest,A,D England,33,8.06060606060606,9.818181818181818,4.515151515151516,6.696969696969697,1.4545454545454546,16,9.0,9.5625,3.9375,7.75,9.333333333333334,9.4,8.7,10.0,11.0,9.7,4.0,7.0,1.6,12.0,10.0,5.0,5.0
043067b9c89c5fe9b6e4,2024-25,2025-05-04,Brentford,Manchester United,H,A Taylor,34,8.176470588235293,9.823529411764707,4.529411764705882,6.617647058823529,1.5588235294117647,17,7.176470588235294,10.058823529411764,5.0588235294117645,5.705882352941177,9.333333333333334,10.4,9.5,9.333333333333334,10.4,9.6,4.4,7.0,2.6,8.0,10.0,7.0,0.0
250c0b4008e75de49172,2024-25,2025-05-10,Brentford,Ipswich,A,S Barrott,35,8.17142857142857,9.82857142857143,4.6,6.542857142857143,1.5142857142857142,17,9.176470588235293,9.588235294117647,4.0,7.529411764705882,9.0,9.6,9.0,10.333333333333334,10.0,9.6,4.8,7.0,2.4,12.0,6.0,6.0,4.0
11187115c771a4197504,2024-25,2025-05-18,Brentford,Fulham,H,J Gillett,36,8.277777777777779,9.722222222222221,4.638888888888889,6.5,1.5833333333333333,18,7.222222222222222,10.055555555555555,5.166666666666667,5.611111111111111,10.666666666666666,9.6,9.2,8.666666666666666,8.8,9.2,5.4,6.8,3.0,12.0,8.0,5.0,4.0
24755a099779b5a53e1a,2024-25,2025-05-25,Brentford,Wolverhampton Wanderers,A,C Pawson,37,8.378378378378379,9.675675675675675,4.648648648648648,6.405405405405405,1.6486486486486487,18,9.333333333333334,9.38888888888889,4.111111111111111,7.388888888888889,10.666666666666666,10.2,10.1,8.0,9.0,9.4,5.4,4.8,3.2,9.0,7.0,3.0,1.0
499c59f0daca85bad574,2024-25,2024-08-17,Brighton & Hove Albion,Everton,A,S Hooper,0,,,,,,0,,,,,,,,,,,,,,8.0,8.0,5.0,1.0
d1f8a476dab9e0960636,2024-25,2024-08-24,Brighton & Hove Albion,Manchester United,H,C Pawson,1,8.0,8.0,5.0,1.0,1.0,0,,,,,8.0,8.0,8.0,8.0,8.0,8.0,5.0,1.0,1.0,9.0,13.0,4.0,1.0
13421664726e2a371ec4,2024-25,2024-08-31,Brighton & Hove Albion,Arsenal,A,C Kavanagh,2,8.5,10.5,4.5,2.5,1.0,1,8.0,8.0,5.0,1.0,8.5,8.5,8.5,10.5,10.5,10.5,4.5,2.5,1.0,7.0,12.0,7.0,2.0
912e32cae79f2b554d2b,2024-25,2024-09-14,Brighton & Hove Albion,Ipswich,H,S Barrott,3,8.0,11.0,5.333333333333333,2.6666666666666665,1.3333333333333333,1,9.0,13.0,4.0,4.0,8.0,8.0,8.0,11.0,11.0,11.0,5.333333333333333,2.6666666666666665,1.3333333333333333,14.0,16.0,9.0,4.0
53ca915ea4ceb339a7b8,2024-25,2024-09-22,Brighton & Hove Albion,Nottingham Forest,H,R Jones,4,9.5,12.25,6.25,2.5,2.0,2,11.5,14.5,6.5,3.0,10.0,9.5,9.5,13.666666666666666,12.25,12.25,6.25,2.5,2.0,12.0,11.0,9.0,3.0
0930b2a5b3e644f1fded,2024-25,2024-09-28,Brighton & Hove Albion,Chelsea,A,P Bankes,5,10.0,12.0,6.8,2.2,2.2,2,7.5,10.0,6.0,2.0,11.0,10.0,10.0,13.0,12.0,12.0,6.8,2.2,2.2,8.0,11.0,2.0,2.0
94ffe859182cbc970be8,2024-25,2024-10-06,Brighton & Hove Albion,Tottenham,H,D Coote,6,9.666666666666666,11.833333333333334,6.0,3.1666666666666665,2.1666666666666665,3,11.666666666666666,13.333333333333334,7.333333333333333,2.3333333333333335,11.333333333333334,10.0,9.666666666666666,12.666666666666666,12.6,11.833333333333334,6.2,3.6,2.4,14.0,10.0,4.0,2.0
2844d079e4b3d2004815,2024-25,2024-10-19,Brighton & Hove Albion,Newcastle United,A,P Bankes,7,10.285714285714286,11.571428571428571,5.714285714285714,3.7142857142857144,2.142857142857143,3,7.666666666666667,10.333333333333334,4.666666666666667,4.0,11.333333333333334,11.0,10.285714285714286,10.666666666666666,12.0,11.571428571428571,6.2,4.2,2.6,9.0,11.0,4.0,2.0
44d17d6a0d610b7b7d0c,2024-25,2024-10-26,Brighton & Hove Albion,Wolverhampton Wanderers,H,M Oliver,8,10.125,11.5,5.5,4.375,2.125,4,12.25,12.5,6.5,3.5,10.333333333333334,11.4,10.125,10.666666666666666,11.8,11.5,5.6,5.4,2.6,12.0,10.0,9.0,3.0
6c9b438d36aec53dab7f,2024-25,2024-11-02,Brighton & Hove Albion,Liverpool,A,T Harrington,9,10.333333333333334,11.333333333333334,5.888888888888889,4.555555555555555,2.2222222222222223,4,8.0,10.5,4.5,5.25,11.666666666666666,11.0,10.333333333333334,10.333333333333334,10.6,11.333333333333334,5.6,6.2,2.4,18.0,10.0,7.0,1.0
7928fcde7ef73f0528db,2024-25,2024-11-09,Brighton & Hove Albion,Manchester City,H,S Barrott,10,11.1,11.2,6.0,5.1,2.1,5,12.2,12.0,7.0,4.0,13.0,12.2,11.1,10.333333333333334,10.4,11.2,5.2,8.0,2.0,12.0,10.0,0.0,3.0
6b395985e966b6a966a1,2024-25,2024-11-23,Brighton & Hove Albion,Bournemouth,A,S Attwell,11,11.181818181818182,11.090909090909092,5.454545454545454,5.0,2.1818181818181817,5,10.0,10.4,5.0,6.2,14.0,13.0,11.5,10.0,10.2,11.4,4.8,7.2,2.2,10.0,13.0,0.0,2.0
1c8aeca1de557db1b45f,2024-25,2024-11-29,Brighton & Hove Albion,Southampton,H,R Jones,12,11.083333333333334,11.25,5.0,5.166666666666667,2.1666666666666665,6,12.166666666666666,11.666666666666666,5.833333333333333,4.0,13.333333333333334,12.2,11.6,11.0,10.8,11.4,4.0,7.2,2.2,20.0,16.0,7.0,2.0
90dd584fcfd1a8959a7d,2024-25,2024-12-05,Brighton & Hove Albion,Fulham,A,P Bankes,13,11.76923076923077,11.615384615384615,5.153846153846154,5.230769230769231,2.1538461538461537,6,10.0,10.833333333333334,4.166666666666667,6.333333333333333,14.0,14.4,12.9,13.0,11.8,11.8,4.6,6.6,2.2,8.0,7.0,6.0,2.0
87981082b55cf72e22ad,2024-25,2024-12-08,Brighton & Hove Albion,Leicester,A,S Attwell,14,11.5,11.285714285714286,5.214285714285714,5.214285714285714,2.142857142857143,7,9.714285714285714,10.285714285714286,4.428571428571429,6.142857142857143,12.666666666666666,13.6,12.3,12.0,11.2,10.9,4.0,6.4,2.0,10.0,9.0,5.0,2.0
1067d5c43b28958e959a,2024-25,2024-12-15,Brighton & Hove Albion,Crystal Palace,H,M Oliver,15,11.4,11.133333333333333,5.2,5.2,2.1333333333333333,7,13.285714285714286,12.285714285714286,6.0,4.285714285714286,12.666666666666666,12.0,12.1,10.666666666666666,11.0,10.7,3.6,5.4,2.2,11.0,15.0,8.0,1.0
64fb4ce228b8dffea3dd,2024-25,2024-12-21,Brighton & Hove Albion,West Ham United,A,R Jones,16,11.375,11.375,5.375,5.1875,2.0625,8,9.75,10.125,4.5,6.0,9.666666666666666,11.8,12.4,10.333333333333334,12.0,11.1,5.2,5.6,1.8,20.0,14.0,4.0,2.0
561a54ebf34dc9b1d56f,2024-25,2024-12-27,Brighton & Hove Albion,Brentford,H,A Madley,17,11.882352941176471,11.529411764705882,5.294117647058823,5.352941176470588,2.0588235294117645,8,13.0,12.625,6.25,4.375,13.666666666666666,13.8,13.0,12.666666666666666,12.2,11.5,6.0,5.8,1.8,6.0,12.0,5.0,0.0
7804ce50ce2f5b4d2955,2024-25,2024-12-30,Brighton & Hove Albion,Aston Villa,A,C Pawson,18,11.555555555555555,11.555555555555555,5.277777777777778,5.222222222222222,1.9444444444444444,9,10.88888888888889,10.555555555555555,4.444444444444445,6.222222222222222,12.333333333333334,11.0,12.7,13.666666666666666,11.4,11.6,5.6,5.2,1.4,14.0,9.0,3.0,3.0
4414464725687b6cc06f,2024-25,2025-01-04,Brighton & Hove Albion,Arsenal,H,A Taylor,19,11.68421052631579,11.421052631578947,5.157894736842105,5.578947368421052,2.0,9,12.222222222222221,12.555555555555555,6.111111111111111,4.222222222222222,13.333333333333334,12.2,12.9,11.666666666666666,11.8,11.5,5.0,6.6,1.6,17.0,14.0,2.0,2.0
d57b0a99b201677ef382,2024-25,2025-01-16,Brighton & Hove Albion,Ipswich,A,T Harrington,20,11.95,11.55,5.0,5.55,2.0,10,11.2,10.4,4.3,6.8,12.333333333333334,13.6,12.8,11.666666666666666,12.8,11.9,4.4,6.6,1.6,14.0,13.0,9.0,2.0
745f0018a6cb843f9bfa,2024-25,2025-01-19,Brighton & Hove Albion,Manchester United,A,P Bankes,21,12.047619047619047,11.619047619047619,5.190476190476191,5.333333333333333,2.0,11,11.454545454545455,10.636363636363637,4.7272727272727275,6.2727272727272725,15.0,14.2,13.0,12.0,12.4,12.2,4.6,5.8,1.8,12.0,13.0,2.0,3.0
5f6ceddf5cf98bee6df1,2024-25,2025-01-25,Brighton & Hove Albion,Everton,H,T Robinson,22,12.045454545454545,11.681818181818182,5.045454545454546,5.2727272727272725,2.0454545454545454,10,12.7,12.7,5.7,4.3,14.333333333333334,12.6,13.2,13.333333333333334,12.2,12.2,4.2,5.0,2.0,8.0,11.0,9.0,3.0
8570e5efd70c9cdedef0,2024-25,2025-02-01,Brighton & Hove Albion,Nottingham Forest,A,S Hooper,23,11.869565217391305,11.652173913043478,5.217391304347826,5.086956521739131,2.0869565217391304,12,11.5,10.833333333333334,4.5,6.083333333333333,11.333333333333334,13.0,12.0,12.333333333333334,12.0,11.7,5.0,4.6,2.6,13.0,8.0,6.0,3.0
39bf6cc1e9fb89758456,2024-25,2025-02-14,Brighton & Hove Albion,Chelsea,H,K Kavanagh,24,11.916666666666666,11.5,5.25,5.041666666666667,2.125,11,12.272727272727273,12.545454545454545,6.0,4.0,11.0,12.8,12.5,10.666666666666666,11.8,11.8,5.6,3.0,2.6,12.0,15.0,2.0,1.0
0a96d26895206cc0fef3,2024-25,2025-02-22,Brighton & Hove Albion,Southampton,A,D Bond,25,11.92,11.64,5.12,5.2,2.08,13,11.615384615384615,10.615384615384615,4.615384615384615,5.923076923076923,11.0,11.8,12.7,11.333333333333334,12.0,12.4,5.6,3.8,2.4,12.0,11.0,6.0,0.0
59d8d8808e7a60471585,2024-25,2025-02-25,Brighton & Hove Albion,Bournemouth,H,M Oliver,26,11.923076923076923,11.615384615384615,5.153846153846154,5.1923076923076925,2.0,12,12.25,12.75,5.666666666666667,4.416666666666667,12.333333333333334,11.4,12.8,11.333333333333334,11.6,12.0,5.0,4.6,2.0,12.0,14.0,1.0,2.0
96b5795a0186264f1aef,2024-25,2025-03-08,Brighton & Hove Albion,Fulham,H,S Barrott,27,11.925925925925926,11.703703703703704,5.0,5.333333333333333,2.0,13,12.23076923076923,12.846153846153847,5.3076923076923075,4.769230769230769,12.0,11.4,12.0,13.333333333333334,11.8,12.0,4.8,5.6,1.8,6.0,12.0,3.0,0.0
e0a957f97d244a2af43d,2024-25,2025-03-15,Brighton & Hove Albion,Manchester City,A,S Hooper,28,11.714285714285714,11.714285714285714,4.928571428571429,5.392857142857143,1.9285714285714286,14,11.642857142857142,10.642857142857142,4.714285714285714,5.857142857142857,10.0,11.0,12.0,12.333333333333334,12.0,12.0,3.6,6.8,1.2,10.0,10.0,5.0,5.0
7c2787f256bcf380dc04,2024-25,2025-04-02,Brighton & Hove Albion,Aston Villa,H,S Attwell,29,11.655172413793103,11.655172413793103,4.931034482758621,5.344827586206897,2.0344827586206895,14,11.785714285714286,12.785714285714286,5.142857142857143,4.928571428571429,9.333333333333334,10.4,11.6,12.0,12.4,12.1,3.4,6.8,1.6,16.0,11.0,4.0,1.0
c21dbc9f2e79d23207ed,2024-25,2025-04-05,Brighton & Hove Albion,Crystal Palace,A,A Taylor,30,11.8,11.633333333333333,4.9,5.166666666666667,2.0,15,11.533333333333333,10.6,4.733333333333333,5.733333333333333,10.666666666666666,11.2,11.5,11.0,11.6,11.8,3.8,5.0,1.6,13.0,12.0,4.0,1.0
15660a362eefdc7798f5,2024-25,2025-04-12,Brighton & Hove Albion,Leicester,H,D Bond,31,11.838709677419354,11.64516129032258,4.870967741935484,5.064516129032258,1.967741935483871,15,12.066666666666666,12.666666666666666,5.066666666666666,4.6,13.0,11.4,11.4,11.0,11.8,11.7,3.4,4.4,1.8,9.0,11.0,3.0,2.0
96d2e697709fc9d2ee20,2024-25,2025-04-19,Brighton & Hove Albion,Brentford,A,T Robinson,32,11.75,11.625,4.8125,5.09375,1.96875,16,11.625,10.6875,4.6875,5.5,12.666666666666666,10.8,11.1,11.333333333333334,11.2,11.5,3.8,3.8,1.8,11.0,7.0,8.0,3.0
71b1c8ff2b598bd25e25,2024-25,2025-04-26,Brighton & Hove Albion,West Ham United,H,D England,33,11.727272727272727,11.484848484848484,4.909090909090909,5.0606060606060606,2.0,16,11.875,12.5625,4.9375,4.6875,11.0,11.8,11.4,10.0,10.2,11.1,4.8,3.2,2.4,7.0,9.0,8.0,1.0
c7354098cb25de605b94,2024-25,2025-05-04,Brighton & Hove Albion,Newcastle United,H,C Pawson,34,11.588235294117647,11.411764705882353,5.0,4.9411764705882355,1.9705882352941178,17,11.588235294117647,12.352941176470589,5.117647058823529,4.470588235294118,9.0,11.2,10.8,9.0,10.0,11.2,5.4,2.6,1.6,15.0,10.0,1.0,2.0
2374cdf7057ecdeb8094,2024-25,2025-05-10,Brighton & Hove Albion,Wolverhampton Wanderers,A,M Oliver,35,11.685714285714285,11.371428571428572,4.885714285714286,4.914285714285715,1.9714285714285715,17,11.588235294117647,10.470588235294118,4.882352941176471,5.411764705882353,11.0,11.0,11.1,8.666666666666666,9.8,10.7,4.8,3.4,1.8,12.0,8.0,4.0,1.0
5f94ae890443fb42f0f5,2024-25,2025-05-19,Brighton & Hove Albion,Liverpool,H,J Brooks,36,11.694444444444445,11.277777777777779,4.861111111111111,4.972222222222222,1.9444444444444444,18,11.777777777777779,12.222222222222221,4.888888888888889,4.444444444444445,11.333333333333334,10.8,11.1,9.0,9.0,10.4,4.8,4.4,1.8,9.0,8.0,3.0,1.0
7a7df5c8b4e5b88663b5,2024-25,2025-05-25,Brighton & Hove Albion,Tottenham,A,R Jones,37,11.621621621621621,11.18918918918919,4.8108108108108105,4.918918918918919,1.9189189189189189,18,11.61111111111111,10.333333333333334,4.833333333333333,5.5,12.0,10.8,10.8,8.666666666666666,8.4,9.8,4.8,3.8,1.6,8.0,13.0,11.0,1.0
ceb89c6b965000bb9f36,2024-25,2024-08-18,Chelsea,Manchester City,H,A Taylor,0,,,,,,0,,,,,,,,,,,,,,12.0,9.0,4.0,1.0
57ac59da0e7a5e7d2616,2024-25,2024-08-25,Chelsea,Wolverhampton Wanderers,A,D England,1,12.0,9.0,4.0,3.0,1.0,0,,,,,12.0,12.0,12.0,9.0,9.0,9.0,4.0,3.0,1.0,13.0,13.0,5.0,3.0
a475524798b54471285c,2024-25,2024-09-01,Chelsea,Crystal Palace,H,J Gillett,2,12.5,11.0,4.5,4.0,2.0,1,12.0,9.0,4.0,3.0,12.5,12.5,12.5,11.0,11.0,11.0,4.5,4.0,2.0,9.0,13.0,4.0,4.0
fc9ebf99efbe951045ea,2024-25,2024-09-14,Chelsea,Bournemouth,A,A Taylor,3,11.333333333333334,11.666666666666666,4.333333333333333,4.333333333333333,2.6666666666666665,1,13.0,13.0,5.0,5.0,11.333333333333334,11.333333333333334,11.333333333333334,11.666666666666666,11.666666666666666,11.666666666666666,4.333333333333333,4.333333333333333,2.6666666666666665,9.0,16.0,3.0,8.0
314132237dce2cf3eb41,2024-25,2024-09-21,Chelsea,West Ham United,A,S Barrott,4,10.75,12.75,4.0,4.75,4.0,2,11.0,14.5,4.0,5.5,10.333333333333334,10.75,10.75,14.0,12.75,12.75,4.0,4.75,4.0,9.0,17.0,5.0,2.0
0930b2a5b3e644f1fded,2024-25,2024-09-28,Chelsea,Brighton & Hove Albion,H,P Bankes,5,10.4,13.6,4.2,5.0,3.6,2,10.5,11.0,4.0,4.0,9.0,10.4,10.4,15.333333333333334,13.6,13.6,4.2,5.0,3.6,11.0,8.0,8.0,3.0
3728c39b16301262f829,2024-25,2024-10-06,Chelsea,Nottingham Forest,H,C Kavanagh,6,10.5,12.666666666666666,4.833333333333333,4.5,3.5,3,10.666666666666666,10.0,5.333333333333333,3.3333333333333335,9.666666666666666,10.2,10.5,13.666666666666666,13.4,12.666666666666666,5.0,4.8,4.0,12.0,11.0,11.0,6.0
54105bf610c97af95fa3,2024-25,2024-10-20,Chelsea,Liverpool,A,J Brooks,7,10.714285714285714,12.428571428571429,5.714285714285714,4.285714285714286,3.857142857142857,3,10.333333333333334,15.333333333333334,4.333333333333333,5.666666666666667,10.666666666666666,10.0,10.714285714285714,12.0,13.0,12.428571428571429,6.2,4.4,4.6,13.0,12.0,6.0,3.0
b13c5f95a3a9214f6323,2024-25,2024-10-27,Chelsea,Newcastle United,H,S Hooper,8,11.0,12.375,5.75,3.875,3.75,4,11.0,10.25,6.75,3.25,12.0,10.8,11.0,10.333333333333334,12.8,12.375,6.6,3.6,4.4,13.0,16.0,7.0,6.0
83814d1b1d971965ba09,2024-25,2024-11-03,Chelsea,Manchester United,A,R Jones,9,11.222222222222221,12.777777777777779,5.888888888888889,3.888888888888889,4.0,4,11.0,14.5,4.75,4.5,12.666666666666666,11.6,11.222222222222221,13.0,12.8,12.777777777777779,7.4,3.2,4.0,14.0,19.0,8.0,2.0
8c08e64198431df192d8,2024-25,2024-11-10,Chelsea,Arsenal,H,M Oliver,10,11.5,13.4,6.1,3.9,3.8,5,11.4,11.4,6.8,3.4,13.333333333333334,12.6,11.5,15.666666666666666,13.2,13.4,8.0,2.8,4.0,12.0,12.0,4.0,4.0
6a2befe2412caa4d24ef,2024-25,2024-11-23,Chelsea,Leicester,A,A Madley,11,11.545454545454545,13.272727272727273,5.909090909090909,3.8181818181818183,3.8181818181818183,5,11.6,15.4,5.4,4.4,13.0,12.8,11.5,15.666666666666666,14.0,13.7,7.2,3.0,4.2,12.0,15.0,9.0,3.0
6ca7af4907a2a6df0847,2024-25,2024-12-01,Chelsea,Aston Villa,H,S Attwell,12,11.583333333333334,13.416666666666666,6.166666666666667,3.6666666666666665,3.75,6,11.5,11.5,6.333333333333333,3.3333333333333335,12.666666666666666,12.8,11.4,15.333333333333334,14.8,13.9,6.8,2.8,3.6,21.0,6.0,3.0,2.0
08c66ef3807c02ece8f4,2024-25,2024-12-04,Chelsea,Southampton,A,T Harrington,13,12.307692307692308,12.846153846153847,5.923076923076923,3.6923076923076925,3.6153846153846154,6,11.666666666666666,15.333333333333334,6.0,4.0,15.0,14.4,12.6,11.0,13.6,13.2,6.2,3.4,3.4,14.0,7.0,7.0,0.0
814693be5623758dfd58,2024-25,2024-12-08,Chelsea,Tottenham,A,A Taylor,14,12.428571428571429,12.428571428571429,6.0,3.7857142857142856,3.357142857142857,7,12.0,14.142857142857142,6.142857142857143,4.142857142857143,15.666666666666666,14.6,13.1,9.333333333333334,11.8,12.3,6.2,3.6,2.2,11.0,17.0,10.0,2.0
32e0d8659c3b71f3152f,2024-25,2024-12-15,Chelsea,Brentford,H,P Bankes,15,12.333333333333334,12.733333333333333,6.266666666666667,3.8666666666666667,3.2666666666666666,7,12.857142857142858,10.714285714285714,5.857142857142857,3.4285714285714284,15.333333333333334,14.0,13.3,10.0,11.4,12.3,6.6,3.8,2.2,11.0,7.0,8.0,0.0
7658939b831e6113bab0,2024-25,2024-12-22,Chelsea,Everton,A,C Kavanagh,16,12.25,12.375,6.375,3.9375,3.0625,8,11.875,14.5,6.625,4.25,12.0,13.8,13.3,10.333333333333334,10.4,12.2,7.4,4.2,1.4,12.0,20.0,5.0,1.0
747423896338f54d44f9,2024-25,2024-12-26,Chelsea,Fulham,H,S Barrott,17,12.235294117647058,12.823529411764707,6.294117647058823,3.823529411764706,2.9411764705882355,8,12.625,10.25,6.125,3.625,11.333333333333334,13.8,13.3,14.666666666666666,11.4,13.1,6.6,4.2,1.0,13.0,13.0,3.0,1.0
1c89d5192471b7d62b57,2024-25,2024-12-30,Chelsea,Ipswich,A,J Brooks,18,12.277777777777779,12.833333333333334,6.111111111111111,3.6666666666666665,2.8333333333333335,9,11.88888888888889,15.11111111111111,6.444444444444445,4.0,12.0,12.2,13.3,13.333333333333334,12.8,13.2,6.6,3.6,0.8,5.0,9.0,7.0,4.0
567deab140456f00f599,2024-25,2025-01-04,Chelsea,Crystal Palace,A,T Robinson,19,11.894736842105264,12.631578947368421,6.157894736842105,3.6842105263157894,2.8947368421052633,10,11.2,14.5,6.5,4.0,10.0,10.4,12.5,14.0,13.2,12.5,6.6,3.4,1.6,12.0,9.0,6.0,2.0
ad469a9572c4ff928c85,2024-25,2025-01-14,Chelsea,Bournemouth,H,R Jones,20,11.9,12.45,6.15,3.8,2.85,9,12.666666666666666,10.555555555555555,5.777777777777778,3.3333333333333335,10.0,10.6,12.3,10.333333333333334,11.6,11.5,5.8,3.6,1.6,15.0,16.0,9.0,2.0
0f6411017486dc05c6b9,2024-25,2025-01-20,Chelsea,Wolverhampton Wanderers,H,S Hooper,21,12.047619047619047,12.619047619047619,6.285714285714286,3.761904761904762,2.8095238095238093,10,12.9,11.1,6.1,3.3,10.666666666666666,11.4,12.6,11.333333333333334,13.4,11.9,6.0,3.2,2.0,8.0,14.0,3.0,4.0
d78d30f9021e9b579c0b,2024-25,2025-01-25,Chelsea,Manchester City,A,J Brooks,22,11.863636363636363,12.681818181818182,6.136363636363637,3.8636363636363638,2.8636363636363638,11,11.272727272727273,14.0,6.454545454545454,4.181818181818182,11.666666666666666,10.6,12.2,13.0,12.2,11.8,5.6,4.0,2.6,8.0,6.0,4.0,2.0
3af7a65e3052f96981a8,2024-25,2025-02-03,Chelsea,West Ham United,H,S Attwell,23,11.695652173913043,12.391304347826088,6.043478260869565,3.782608695652174,2.8260869565217392,11,12.454545454545455,11.363636363636363,5.818181818181818,3.5454545454545454,10.333333333333334,9.6,10.9,12.0,10.8,11.8,5.8,4.2,2.8,11.0,10.0,4.0,3.0
39bf6cc1e9fb89758456,2024-25,2025-02-14,Chelsea,Brighton & Hove Albion,A,K Kavanagh,24,11.666666666666666,12.291666666666666,5.958333333333333,3.75,2.8333333333333335,12,11.0,13.333333333333334,6.25,4.0,9.0,10.8,10.6,10.0,11.0,12.1,5.2,4.0,2.6,15.0,12.0,9.0,2.0
e990e67be559bcd67895,2024-25,2025-02-22,Chelsea,Aston Villa,A,M Oliver,25,11.8,12.28,6.08,3.68,2.8,13,11.307692307692308,13.23076923076923,6.461538461538462,3.8461538461538463,11.333333333333334,11.4,11.0,9.333333333333334,11.6,11.6,5.8,3.2,2.6,16.0,15.0,3.0,3.0
d1e0245b680bd04e9d89,2024-25,2025-02-25,Chelsea,Southampton,H,T Bramall,26,11.961538461538462,12.384615384615385,5.961538461538462,3.6153846153846154,2.8076923076923075,12,12.333333333333334,11.25,5.666666666666667,3.5,14.0,11.6,11.5,12.333333333333334,11.4,12.4,4.6,3.0,2.8,6.0,9.0,4.0,1.0
55b7db40f30ef7a37200,2024-25,2025-03-09,Chelsea,Leicester,H,T Robinson,27,11.74074074074074,12.25925925925926,5.888888888888889,3.5555555555555554,2.740740740740741,13,11.846153846153847,11.076923076923077,5.538461538461538,3.3846153846153846,12.333333333333334,11.2,10.9,12.0,10.4,11.3,4.8,2.2,2.2,12.0,13.0,12.0,1.0
40adf861f2ca0eebfcbc,2024-25,2025-03-16,Chelsea,Arsenal,A,C Kavanagh,28,11.75,12.285714285714286,6.107142857142857,3.5,2.6785714285714284,14,11.642857142857142,13.357142857142858,6.214285714285714,3.7142857142857144,11.333333333333334,12.0,10.8,12.333333333333334,11.8,11.3,6.4,2.2,2.0,13.0,10.0,4.0,3.0
c24ee2c5b7c108d178ff,2024-25,2025-04-03,Chelsea,Tottenham,H,C Pawson,29,11.793103448275861,12.206896551724139,6.0344827586206895,3.5517241379310347,2.689655172413793,14,11.857142857142858,11.214285714285714,6.0,3.2857142857142856,10.333333333333334,12.4,11.6,10.666666666666666,11.8,11.4,6.4,2.6,2.0,7.0,16.0,4.0,5.0
12348e5b970f198f8ed7,2024-25,2025-04-06,Chelsea,Brentford,A,M Oliver,30,11.633333333333333,12.333333333333334,5.966666666666667,3.6333333333333333,2.7666666666666666,15,11.733333333333333,13.133333333333333,6.066666666666666,3.8,10.666666666666666,10.8,11.1,13.0,12.6,12.1,5.4,3.4,2.6,12.0,12.0,6.0,3.0
f7be52f6fac82d1590a6,2024-25,2025-04-13,Chelsea,Ipswich,H,S Attwell,31,11.64516129032258,12.32258064516129,5.967741935483871,3.6129032258064515,2.774193548387097,15,11.533333333333333,11.533333333333333,5.866666666666666,3.466666666666667,10.666666666666666,10.0,10.8,12.666666666666666,12.0,11.7,6.0,3.6,2.6,11.0,7.0,15.0,2.0
4b8876d7d12dab80d41f,2024-25,2025-04-20,Chelsea,Fulham,A,A Taylor,32,11.625,12.15625,6.25,3.625,2.75,16,11.75,13.0625,6.0625,3.75,10.0,11.0,11.1,11.666666666666666,11.6,11.0,8.2,4.0,2.8,9.0,13.0,4.0,3.0
77ad6207d1c3cb1320dd,2024-25,2025-04-26,Chelsea,Everton,H,C Kavanagh,33,11.545454545454545,12.181818181818182,6.181818181818182,3.696969696969697,2.757575757575758,16,11.5,11.25,6.4375,3.5,10.666666666666666,10.4,11.2,10.666666666666666,11.6,11.7,6.6,4.8,3.2,11.0,11.0,10.0,0.0
852dab646e83efe43b59,2024-25,2025-05-04,Chelsea,Liverpool,H,S Hooper,34,11.529411764705882,12.147058823529411,6.294117647058823,3.6470588235294117,2.676470588235294,17,11.470588235294118,11.235294117647058,6.647058823529412,3.411764705882353,10.333333333333334,10.0,11.2,10.333333333333334,11.8,11.8,7.8,4.2,2.6,10.0,11.0,3.0,2.0
28961720ec8eec5813d5,2024-25,2025-05-11,Chelsea,Newcastle United,A,J Brooks,35,11.485714285714286,12.114285714285714,6.2,3.7142857142857144,2.657142857142857,17,11.588235294117647,13.058823529411764,5.9411764705882355,3.8823529411764706,10.0,10.6,10.7,11.666666666666666,10.8,11.7,7.6,4.2,2.0,13.0,9.0,8.0,2.0
96026f9680d350aeebdd,2024-25,2025-05-16,Chelsea,Manchester United,H,C Kavanagh,36,11.527777777777779,12.027777777777779,6.25,3.6666666666666665,2.638888888888889,18,11.38888888888889,11.222222222222221,6.444444444444445,3.5555555555555554,11.333333333333334,10.8,10.4,10.333333333333334,10.2,11.1,8.0,4.0,1.8,10.0,14.0,7.0,1.0
d674dec66ce330323223,2024-25,2025-05-25,Chelsea,Nottingham Forest,A,A Taylor,37,11.486486486486486,12.08108108108108,6.27027027027027,3.6216216216216215,2.5945945945945947,18,11.666666666666666,12.833333333333334,6.055555555555555,3.7777777777777777,11.0,10.6,10.8,11.333333333333334,11.6,11.6,6.4,3.6,1.6,11.0,10.0,4.0,2.0
8d6d66aa23ffdd9ade87,2024-25,2024-08-18,Crystal Palace,Brentford,A,S Barrott,0,,,,,,0,,,,,,,,,,,,,,15.0,6.0,7.0,5.0
70210ce9164698508307,2024-25,2024-08-24,Crystal Palace,West Ham United,H,R Jones,1,15.0,6.0,7.0,4.0,5.0,0,,,,,15.0,15.0,15.0,6.0,6.0,6.0,7.0,4.0,5.0,9.0,17.0,3.0,1.0
a475524798b54471285c,2024-25,2024-09-01,Crystal Palace,Chelsea,A,J Gillett,2,12.0,11.5,5.0,3.5,3.0,1,15.0,6.0,7.0,4.0,12.0,12.0,12.0,11.5,11.5,11.5,5.0,3.5,3.0,13.0,9.0,5.0,2.0
07e3ac2fd9e5c37a2490,2024-25,2024-09-14,Crystal Palace,Leicester,H,T Harrington,3,12.333333333333334,10.666666666666666,5.0,3.6666666666666665,2.6666666666666665,1,9.0,17.0,3.0,3.0,12.333333333333334,12.333333333333334,12.333333333333334,10.666666666666666,10.666666666666666,10.666666666666666,5.0,3.6666666666666665,2.6666666666666665,11.0,15.0,5.0,0.0
39c8cb44a9e6e25cf2e3,2024-25,2024-09-21,Crystal Palace,Manchester United,H,D Coote,4,12.0,11.75,5.0,3.25,2.0,2,10.0,16.0,4.0,2.5,11.0,12.0,12.0,13.666666666666666,11.75,11.75,5.0,3.25,2.0,7.0,12.0,4.0,3.0
32ed692662b304d2d15c,2024-25,2024-09-28,Crystal Palace,Everton,A,A Madley,5,11.0,11.8,4.8,4.8,2.2,2,14.0,7.5,6.0,4.0,10.333333333333334,11.0,11.0,12.0,11.8,11.8,4.8,4.8,2.2,11.0,13.0,8.0,1.0
eaddeeed6956df20abe8,2024-25,2024-10-05,Crystal Palace,Liverpool,H,S Hooper,6,11.0,12.0,5.333333333333333,4.833333333333333,2.0,3,9.0,14.666666666666666,4.0,5.333333333333333,9.666666666666666,10.2,11.0,13.333333333333334,13.2,12.0,5.0,5.0,1.4,7.0,15.0,3.0,4.0
c349f872929b509adf99,2024-25,2024-10-21,Crystal Palace,Nottingham Forest,A,T Robinson,7,10.428571428571429,12.428571428571429,5.0,5.285714285714286,2.2857142857142856,3,13.0,9.333333333333334,6.666666666666667,4.333333333333333,8.333333333333334,9.8,10.428571428571429,13.333333333333334,12.8,12.428571428571429,5.0,6.0,2.0,12.0,9.0,6.0,3.0
b5e2bb4af6a594e47587,2024-25,2024-10-27,Crystal Palace,Tottenham,H,D Bond,8,10.625,12.0,5.125,5.375,2.375,4,8.5,14.75,3.75,6.0,10.0,9.6,10.625,12.333333333333334,12.8,12.0,5.2,6.4,2.2,16.0,12.0,8.0,4.0
4363da999711871e284d,2024-25,2024-11-02,Crystal Palace,Wolverhampton Wanderers,A,A Taylor,9,11.222222222222221,12.0,5.444444444444445,5.666666666666667,2.5555555555555554,4,12.75,9.25,6.5,4.75,11.666666666666666,10.6,11.222222222222221,12.0,12.2,12.0,5.8,7.6,3.0,9.0,7.0,6.0,2.0
c87a66ba2b5e90fd3e27,2024-25,2024-11-09,Crystal Palace,Fulham,H,M Salisbury,10,11.0,11.5,5.5,5.4,2.5,5,10.0,14.2,4.6,6.4,12.333333333333334,11.0,11.0,9.333333333333334,11.2,11.5,6.2,6.0,2.8,10.0,11.0,1.0,1.0
22c6085b4aab0b4df038,2024-25,2024-11-23,Crystal Palace,Aston Villa,A,T Robinson,11,10.909090909090908,11.454545454545455,5.090909090909091,5.636363636363637,2.3636363636363638,5,12.0,8.8,6.4,4.4,11.666666666666666,10.8,10.5,10.0,10.8,12.0,4.8,6.6,2.8,11.0,10.0,1.0,2.0
4b31cb45c198a8c3e3ca,2024-25,2024-11-30,Crystal Palace,Newcastle United,H,D England,12,10.916666666666666,11.333333333333334,4.75,6.0,2.3333333333333335,6,10.0,13.666666666666666,4.0,6.666666666666667,10.0,11.6,10.7,9.333333333333334,9.8,11.3,4.4,7.0,2.4,12.0,11.0,8.0,3.0
e1f49634814e9ecaa2d7,2024-25,2024-12-03,Crystal Palace,Ipswich,A,C Pawson,13,11.0,11.307692307692308,5.0,6.230769230769231,2.3846153846153846,6,11.833333333333334,9.0,5.5,5.333333333333333,11.0,11.6,10.6,10.666666666666666,10.2,11.5,4.8,7.6,2.4,13.0,14.0,7.0,4.0
a91700170dd3ba5b62fb,2024-25,2024-12-07,Crystal Palace,Manchester City,H,R Jones,14,11.142857142857142,11.5,5.142857142857143,6.071428571428571,2.5,7,10.285714285714286,13.285714285714286,4.571428571428571,7.0,12.0,11.0,10.8,11.666666666666666,10.6,11.4,4.6,6.8,2.4,4.0,10.0,6.0,1.0
1067d5c43b28958e959a,2024-25,2024-12-15,Crystal Palace,Brighton & Hove Albion,A,M Oliver,15,10.666666666666666,11.4,5.2,6.2,2.4,7,12.0,9.714285714285714,5.714285714285714,5.142857142857143,9.666666666666666,10.0,10.5,11.666666666666666,11.2,11.2,4.6,7.8,2.2,15.0,11.0,5.0,4.0
46db46fa1ec5b14ffb55,2024-25,2024-12-21,Crystal Palace,Arsenal,H,S Hooper,16,10.9375,11.375,5.1875,6.3125,2.5,8,9.5,12.875,4.75,7.125,10.666666666666666,11.0,10.9,11.666666666666666,11.2,11.0,5.4,7.8,2.8,9.0,8.0,3.0,2.0
ec68da85306f60919e74,2024-25,2024-12-26,Crystal Palace,Bournemouth,A,T Bramall,17,10.823529411764707,11.176470588235293,5.0588235294117645,6.117647058823529,2.4705882352941178,8,12.375,9.875,5.625,5.5,9.333333333333334,10.6,11.1,9.666666666666666,10.8,10.3,5.8,6.4,2.8,12.0,13.0,2.0,2.0
9b25210013baf99ab905,2024-25,2024-12-29,Crystal Palace,Southampton,H,M Salisbury,18,10.88888888888889,11.277777777777779,4.888888888888889,6.055555555555555,2.4444444444444446,9,9.444444444444445,12.333333333333334,4.555555555555555,6.666666666666667,12.0,10.6,11.1,10.666666666666666,11.2,10.7,4.6,5.6,2.6,18.0,19.0,8.0,2.0
567deab140456f00f599,2024-25,2025-01-04,Crystal Palace,Chelsea,H,T Robinson,19,11.263157894736842,11.68421052631579,5.052631578947368,6.105263157894737,2.4210526315789473,10,10.3,13.0,4.9,6.7,13.0,11.6,11.3,13.333333333333334,12.2,11.4,4.8,6.2,2.2,9.0,12.0,6.0,0.0
1cc1e9abf996038d55ec,2024-25,2025-01-15,Crystal Palace,Leicester,A,A Madley,20,11.15,11.7,5.1,6.1,2.3,9,12.333333333333334,10.222222222222221,5.222222222222222,5.444444444444445,13.0,12.6,11.3,14.666666666666666,12.6,11.9,4.8,5.8,2.0,6.0,7.0,3.0,0.0
4e4c52c96bffa54bd2bb,2024-25,2025-01-18,Crystal Palace,West Ham United,A,T Bramall,21,10.904761904761905,11.476190476190476,5.0,6.0,2.1904761904761907,10,11.7,9.9,5.0,5.3,11.0,10.8,10.9,12.666666666666666,11.8,11.5,4.4,5.0,1.2,10.0,13.0,4.0,0.0
5de9f5fc43e6f08d2762,2024-25,2025-01-26,Crystal Palace,Brentford,H,T Harrington,22,10.863636363636363,11.545454545454545,4.954545454545454,5.818181818181818,2.090909090909091,11,10.181818181818182,12.909090909090908,5.0,6.636363636363637,8.333333333333334,11.0,10.8,10.666666666666666,12.8,11.8,4.6,4.8,0.8,8.0,11.0,4.0,2.0
4abb421b026e2452bf40,2024-25,2025-02-02,Crystal Palace,Manchester United,A,J Brooks,23,10.73913043478261,11.521739130434783,4.913043478260869,5.869565217391305,2.0869565217391304,11,11.545454545454545,10.181818181818182,4.909090909090909,5.0,8.0,10.2,10.4,10.333333333333334,12.4,11.8,5.0,5.2,0.8,13.0,12.0,0.0,1.0
8d4b1b3352f3a7cc1909,2024-25,2025-02-15,Crystal Palace,Everton,H,A Taylor,24,10.833333333333334,11.541666666666666,4.708333333333333,6.083333333333333,2.0416666666666665,12,10.0,12.75,4.916666666666667,6.666666666666667,10.333333333333334,9.2,10.4,12.0,11.0,11.6,3.4,6.0,0.6,9.0,12.0,6.0,0.0
2550264aa916f39e18f2,2024-25,2025-02-22,Crystal Palace,Fulham,A,R Jones,25,10.76,11.56,4.76,5.92,1.96,12,11.666666666666666,10.333333333333334,4.5,5.5,10.0,9.2,10.9,11.666666666666666,11.0,11.8,3.4,5.2,0.6,7.0,10.0,7.0,3.0
850564044cb5dc7c7f4f,2024-25,2025-02-25,Crystal Palace,Aston Villa,H,S Barrott,26,10.615384615384615,11.5,4.846153846153846,5.961538461538462,2.0,13,9.923076923076923,12.692307692307692,5.0,6.3076923076923075,9.666666666666666,9.4,10.1,11.333333333333334,11.6,11.7,4.2,5.8,1.2,19.0,10.0,3.0,3.0
3c512ba90ad1af15ca54,2024-25,2025-03-08,Crystal Palace,Ipswich,H,S Hooper,27,10.925925925925926,11.444444444444445,4.777777777777778,6.037037037037037,2.037037037037037,14,10.571428571428571,12.5,4.857142857142857,6.428571428571429,11.666666666666666,11.2,11.1,10.666666666666666,11.0,11.9,4.0,7.0,1.8,8.0,7.0,5.0,4.0
1b24b4a4a9a35a37df6d,2024-25,2025-04-02,Crystal Palace,Southampton,A,A Madley,28,10.821428571428571,11.285714285714286,4.785714285714286,5.964285714285714,2.107142857142857,13,11.307692307692308,10.307692307692308,4.6923076923076925,5.615384615384615,11.333333333333334,11.2,10.7,9.0,10.2,11.3,4.2,6.4,2.2,9.0,14.0,2.0,1.0
c21dbc9f2e79d23207ed,2024-25,2025-04-05,Crystal Palace,Brighton & Hove Albion,H,A Taylor,29,10.758620689655173,11.379310344827585,4.689655172413793,5.827586206896552,2.0689655172413794,15,10.4,12.133333333333333,4.866666666666666,6.266666666666667,12.0,10.4,9.8,10.333333333333334,10.6,10.8,4.6,4.6,2.2,12.0,13.0,2.0,0.0
58bbd2c2f6b3e4a74e20,2024-25,2025-04-12,Crystal Palace,Manchester City,A,J Gillett,30,10.8,11.433333333333334,4.6,5.766666666666667,2.0,14,11.142857142857142,10.571428571428571,4.5,5.357142857142857,9.666666666666666,11.0,10.1,11.333333333333334,10.8,10.9,3.8,5.0,2.2,16.0,10.0,4.0,3.0
1fa7784000feb5993730,2024-25,2025-04-16,Crystal Palace,Newcastle United,A,D England,31,10.96774193548387,11.387096774193548,4.580645161290323,5.612903225806452,2.032258064516129,15,11.466666666666667,10.533333333333333,4.466666666666667,5.066666666666666,12.333333333333334,12.8,11.1,12.333333333333334,10.8,11.2,3.2,3.8,2.2,15.0,9.0,4.0,3.0
0365367e7679593889ca,2024-25,2025-04-19,Crystal Palace,Bournemouth,H,S Barrott,32,11.09375,11.3125,4.5625,5.59375,2.0625,16,10.5,12.1875,4.6875,6.125,14.333333333333334,12.0,11.6,10.666666666666666,10.6,10.8,3.4,3.2,2.2,13.0,10.0,5.0,3.0
4c70adeb9654c2c335c5,2024-25,2025-04-23,Crystal Palace,Arsenal,A,M Salisbury,33,11.151515151515152,11.272727272727273,4.575757575757576,5.545454545454546,2.090909090909091,16,11.6875,10.4375,4.4375,5.0625,14.666666666666666,13.0,12.1,9.666666666666666,11.2,10.7,3.4,3.2,2.0,6.0,4.0,6.0,1.0
87d84f9df92b188b9039,2024-25,2025-05-05,Crystal Palace,Nottingham Forest,H,A Madley,34,11.0,11.058823529411764,4.617647058823529,5.470588235294118,2.0588235294117645,17,10.647058823529411,12.058823529411764,4.705882352941177,6.0,11.333333333333334,12.4,11.4,7.666666666666667,9.2,9.9,4.2,3.4,2.0,9.0,15.0,7.0,3.0
7d80ab4357a046472a21,2024-25,2025-05-11,Crystal Palace,Tottenham,A,C Kavanagh,35,10.942857142857143,11.17142857142857,4.685714285714286,5.428571428571429,2.085714285714286,17,11.352941176470589,10.058823529411764,4.529411764705882,4.9411764705882355,9.333333333333334,11.8,11.4,9.666666666666666,9.6,10.2,5.2,3.4,2.6,10.0,12.0,8.0,1.0
ecb2224d7e4ad12d227b,2024-25,2025-05-20,Crystal Palace,Wolverhampton Wanderers,H,D Webb,36,10.916666666666666,11.194444444444445,4.777777777777778,5.388888888888889,2.0555555555555554,18,10.555555555555555,12.222222222222221,4.833333333333333,5.888888888888889,8.333333333333334,10.6,11.7,10.333333333333334,10.0,10.4,6.0,4.0,2.2,14.0,8.0,0.0,1.0
a9586b25fd7e2f479701,2024-25,2025-05-25,Crystal Palace,Liverpool,A,D England,37,11.0,11.108108108108109,4.648648648648648,5.513513513513513,2.027027027027027,18,11.277777777777779,10.166666666666666,4.722222222222222,4.888888888888889,11.0,10.4,11.2,11.666666666666666,9.8,10.2,5.2,5.0,1.8,10.0,7.0,0.0,0.0
499c59f0daca85bad574,2024-25,2024-08-17,Everton,Brighton & Hove Albion,H,S Hooper,0,,,,,,0,,,,,,,,,,,,,,8.0,8.0,1.0,1.0
852c6776babe2f471d01,2024-25,2024-08-24,Everton,Tottenham,A,A Taylor,1,8.0,8.0,1.0,5.0,1.0,0,,,,,8.0,8.0,8.0,8.0,8.0,8.0,1.0,5.0,1.0,15.0,11.0,5.0,0.0
381a7273369ba9834372,2024-25,2024-08-31,Everton,Bournemouth,H,S Attwell,2,11.5,9.5,3.0,8.5,0.5,1,8.0,8.0,1.0,5.0,11.5,11.5,11.5,9.5,9.5,9.5,3.0,8.5,0.5,6.0,1.0,8.0,2.0
cd370b6a0957267aee09,2024-25,2024-09-14,Everton,Aston Villa,A,C Pawson,3,9.666666666666666,6.666666666666667,4.666666666666667,7.0,1.0,1,15.0,11.0,5.0,12.0,9.666666666666666,9.666666666666666,9.666666666666666,6.666666666666667,6.666666666666667,6.666666666666667,4.666666666666667,7.0,1.0,12.0,10.0,2.0,4.0
e678f4f51a9330f7b8dd,2024-25,2024-09-21,Everton,Leicester,A,D England,4,10.25,7.5,4.0,6.75,1.75,2,13.5,10.5,3.5,9.0,11.0,10.25,10.25,7.333333333333333,7.5,7.5,4.0,6.75,1.75,12.0,11.0,1.0,2.0
32ed692662b304d2d15c,2024-25,2024-09-28,Everton,Crystal Palace,H,A Madley,5,10.6,8.2,3.4,6.6,1.8,2,7.0,4.5,4.5,4.5,10.0,10.6,10.6,7.333333333333333,8.2,8.2,3.4,6.6,1.8,13.0,11.0,5.0,2.0
3aa00fed1a2391931a75,2024-25,2024-10-05,Everton,Newcastle United,H,C Pawson,6,11.0,8.666666666666666,3.6666666666666665,6.833333333333333,1.8333333333333333,3,9.0,6.666666666666667,4.666666666666667,5.666666666666667,12.333333333333334,11.6,11.0,10.666666666666666,8.8,8.666666666666666,4.2,7.2,2.0,12.0,8.0,0.0,1.0
6c549f7e36ced4973f03,2024-25,2024-10-19,Everton,Ipswich,A,M Oliver,7,11.142857142857142,8.571428571428571,3.142857142857143,7.285714285714286,1.7142857142857142,3,13.0,10.666666666666666,2.6666666666666665,8.0,12.333333333333334,11.0,11.142857142857142,10.0,8.2,8.571428571428571,3.2,6.8,2.2,10.0,12.0,8.0,1.0
0d608e355da043295302,2024-25,2024-10-26,Everton,Fulham,H,J Brooks,8,11.0,9.0,3.75,7.0,1.625,4,9.75,7.0,3.5,6.75,11.666666666666666,11.8,11.0,10.333333333333334,10.4,9.0,3.2,7.0,2.0,8.0,8.0,4.0,1.0
e5f6047753ca22ec72a5,2024-25,2024-11-02,Everton,Southampton,A,A Madley,9,10.666666666666666,8.88888888888889,3.7777777777777777,6.444444444444445,1.5555555555555556,4,12.25,11.0,4.0,7.25,10.0,11.0,10.666666666666666,9.333333333333334,10.0,8.88888888888889,3.6,6.2,1.4,18.0,14.0,6.0,2.0
4c13689c1a95f701a466,2024-25,2024-11-09,Everton,West Ham United,A,S Attwell,10,11.4,9.4,4.0,6.1,1.6,5,13.4,11.6,4.4,6.4,12.0,12.2,11.4,11.333333333333334,10.6,9.4,4.6,5.6,1.4,9.0,10.0,6.0,2.0
846fed34e17fe4c6c6f8,2024-25,2024-11-23,Everton,Brentford,H,C Kavanagh,11,11.181818181818182,9.454545454545455,4.181818181818182,6.181818181818182,1.6363636363636365,5,9.4,7.2,3.6,5.8,11.666666666666666,11.4,11.5,10.666666666666666,10.4,9.6,4.8,5.4,1.4,8.0,10.0,10.0,0.0
a9fedd6aef3d2f858598,2024-25,2024-12-01,Everton,Manchester United,A,J Brooks,12,10.916666666666666,9.5,4.666666666666667,6.0,1.5,6,12.666666666666666,11.333333333333334,4.666666666666667,6.5,11.666666666666666,10.6,10.8,11.333333333333334,10.8,9.5,6.8,4.2,1.2,12.0,12.0,2.0,3.0
1c316889f59ebfe38e73,2024-25,2024-12-04,Everton,Wolverhampton Wanderers,H,M Salisbury,13,11.0,9.692307692307692,4.461538461538462,5.6923076923076925,1.6153846153846154,6,9.166666666666666,7.666666666666667,4.666666666666667,5.5,9.666666666666666,11.0,11.4,10.666666666666666,10.8,10.6,5.6,3.6,1.6,10.0,8.0,3.0,2.0
103b02a9b8638534cb92,2024-25,2024-12-14,Everton,Arsenal,A,C Pawson,14,10.928571428571429,9.571428571428571,4.357142857142857,5.571428571428571,1.6428571428571428,7,12.571428571428571,11.428571428571429,4.285714285714286,5.857142857142857,10.0,11.4,11.2,10.0,10.8,10.4,5.4,4.0,1.8,9.0,6.0,2.0,3.0
7658939b831e6113bab0,2024-25,2024-12-22,Everton,Chelsea,H,C Kavanagh,15,10.8,9.333333333333334,4.2,5.733333333333333,1.7333333333333334,7,9.285714285714286,7.714285714285714,4.428571428571429,5.285714285714286,10.333333333333334,9.6,10.9,8.666666666666666,9.2,9.9,4.6,5.0,2.0,20.0,12.0,2.0,4.0
cb99d680c73b30395d8e,2024-25,2024-12-26,Everton,Manchester City,A,S Hooper,16,11.375,9.5,4.0625,5.6875,1.875,8,12.125,10.75,4.0,6.125,13.0,11.8,11.6,8.666666666666666,9.6,10.0,3.8,4.6,2.4,10.0,5.0,5.0,4.0
a6cccdbafa154d272832,2024-25,2024-12-29,Everton,Nottingham Forest,H,T Harrington,17,11.294117647058824,9.235294117647058,4.117647058823529,5.823529411764706,2.0,8,10.625,8.25,4.125,5.25,13.0,12.2,11.4,7.666666666666667,8.6,9.7,2.8,5.4,3.2,13.0,10.0,5.0,4.0
25b253d7cadc9a3d290d,2024-25,2025-01-04,Everton,Bournemouth,A,J Brooks,18,11.38888888888889,9.277777777777779,4.166666666666667,5.722222222222222,2.111111111111111,9,11.88888888888889,10.11111111111111,4.111111111111111,6.333333333333333,14.333333333333334,12.4,11.7,9.0,8.2,9.5,3.4,5.8,3.4,14.0,15.0,3.0,2.0
391f532159e7d96c59b6,2024-25,2025-01-15,Everton,Aston Villa,H,S Barrott,19,11.526315789473685,9.578947368421053,4.105263157894737,5.894736842105263,2.1052631578947367,9,10.88888888888889,8.444444444444445,4.222222222222222,5.111111111111111,12.333333333333334,13.2,12.3,10.0,9.6,10.2,3.4,6.8,3.4,17.0,10.0,8.0,2.0
6bf45df904910eda79c9,2024-25,2025-01-19,Everton,Tottenham,H,D England,20,11.8,9.6,4.3,5.85,2.1,10,11.5,8.6,4.6,5.1,14.666666666666666,14.8,12.2,11.666666666666666,10.4,9.8,4.6,6.2,3.2,14.0,14.0,3.0,2.0
5f6ceddf5cf98bee6df1,2024-25,2025-01-25,Everton,Brighton & Hove Albion,A,T Robinson,21,11.904761904761905,9.80952380952381,4.238095238095238,5.9523809523809526,2.0952380952380953,10,12.1,10.6,4.0,6.6,15.0,13.6,12.7,13.0,10.8,10.2,4.8,6.8,2.8,11.0,8.0,1.0,4.0
659e2d3499aea87a19ff,2024-25,2025-02-01,Everton,Leicester,H,D Bond,22,11.863636363636363,9.727272727272727,4.090909090909091,6.090909090909091,2.1818181818181817,11,11.727272727272727,9.090909090909092,4.454545454545454,5.363636363636363,14.0,13.8,13.0,10.666666666666666,11.4,10.0,4.0,7.0,2.8,7.0,13.0,5.0,0.0
b98ade36f0a67d9d3e81,2024-25,2025-02-12,Everton,Liverpool,H,M Oliver,23,11.652173913043478,9.869565217391305,4.130434782608695,6.086956521739131,2.0869565217391304,12,11.333333333333334,9.416666666666666,4.5,5.416666666666667,10.666666666666666,12.6,12.5,11.666666666666666,12.0,10.1,4.0,7.4,2.0,9.0,20.0,2.0,2.0
8d4b1b3352f3a7cc1909,2024-25,2025-02-15,Everton,Crystal Palace,A,A Taylor,24,11.541666666666666,10.291666666666666,4.041666666666667,5.958333333333333,2.0833333333333335,11,12.0,10.363636363636363,3.727272727272727,6.818181818181818,9.0,11.6,12.4,13.666666666666666,13.0,11.3,3.8,6.2,2.0,12.0,9.0,2.0,1.0
6f13a59b49ded5abc9ab,2024-25,2025-02-22,Everton,Manchester United,H,A Madley,25,11.56,10.24,3.96,5.96,2.04,13,11.153846153846153,10.23076923076923,4.3076923076923075,5.230769230769231,9.333333333333334,10.6,12.7,14.0,12.8,11.6,2.6,6.4,1.8,12.0,9.0,7.0,4.0
0065d8e025db6a515e61,2024-25,2025-02-26,Everton,Brentford,A,S Hooper,26,11.576923076923077,10.192307692307692,4.076923076923077,6.076923076923077,2.1153846153846154,12,12.0,10.25,3.5833333333333335,6.75,11.0,10.2,11.9,12.666666666666666,11.8,11.3,3.4,6.6,2.2,6.0,3.0,5.0,1.0
492b55e6328d0ef90a29,2024-25,2025-03-08,Everton,Wolverhampton Wanderers,A,S Attwell,27,11.37037037037037,9.925925925925926,4.111111111111111,5.925925925925926,2.074074074074074,13,11.538461538461538,9.692307692307692,3.6923076923076925,6.384615384615385,10.0,9.2,11.5,7.0,10.8,11.1,4.2,5.2,1.6,16.0,11.0,5.0,2.0
8ccad75a6effb3bfe628,2024-25,2025-03-15,Everton,West Ham United,H,D Bond,28,11.535714285714286,9.964285714285714,4.142857142857143,5.892857142857143,2.0714285714285716,14,11.214285714285714,10.142857142857142,4.5,5.5,11.333333333333334,11.0,11.8,7.666666666666667,10.4,11.2,4.2,5.0,2.0,12.0,8.0,6.0,1.0
a69d9cc1d234dbeb0a8e,2024-25,2025-04-02,Everton,Liverpool,A,S Barrott,29,11.551724137931034,9.89655172413793,4.206896551724138,5.862068965517241,2.0344827586206895,14,11.857142857142858,9.785714285714286,3.7857142857142856,6.285714285714286,11.333333333333334,11.6,11.6,7.333333333333333,8.0,10.5,5.0,5.4,1.8,11.0,7.0,5.0,2.0
30a0c4d950bb49f63a20,2024-25,2025-04-05,Everton,Arsenal,H,D England,30,11.533333333333333,9.8,4.233333333333333,6.033333333333333,2.033333333333333,15,11.266666666666667,10.0,4.6,5.466666666666667,13.0,11.4,11.0,8.666666666666666,7.6,10.2,5.6,6.4,2.0,17.0,13.0,3.0,3.0
8307137a21f814c6d212,2024-25,2025-04-12,Everton,Nottingham Forest,A,C Pawson,31,11.709677419354838,9.903225806451612,4.193548387096774,6.096774193548387,2.064516129032258,15,11.8,9.6,3.8666666666666667,6.6,13.333333333333334,12.4,11.3,9.333333333333334,8.4,10.1,4.8,6.2,1.8,13.0,9.0,7.0,3.0
0d962805963ff0423ed0,2024-25,2025-04-19,Everton,Manchester City,H,S Hooper,32,11.75,9.875,4.28125,5.9375,2.09375,16,11.625,10.1875,4.5,5.625,13.666666666666666,13.8,11.5,9.666666666666666,9.6,10.2,5.2,6.0,2.2,7.0,6.0,2.0,4.0
77ad6207d1c3cb1320dd,2024-25,2025-04-26,Everton,Chelsea,A,C Kavanagh,33,11.606060606060606,9.757575757575758,4.212121212121212,5.909090909090909,2.1515151515151514,16,11.875,9.5625,4.0625,6.25,12.333333333333334,12.0,11.5,9.333333333333334,8.6,9.5,4.6,6.0,2.6,11.0,11.0,2.0,0.0
cde56882ed86806f66c5,2024-25,2025-05-03,Everton,Ipswich,H,L Smith,34,11.588235294117647,9.794117647058824,4.147058823529412,6.029411764705882,2.088235294117647,17,11.352941176470589,9.941176470588236,4.352941176470588,5.588235294117647,10.333333333333334,11.8,11.7,8.666666666666666,9.2,8.6,3.8,7.0,2.4,12.0,15.0,3.0,4.0
dd6501252014d4a371bc,2024-25,2025-05-10,Everton,Fulham,A,M Salisbury,35,11.6,9.942857142857143,4.114285714285714,5.942857142857143,2.142857142857143,17,11.823529411764707,9.647058823529411,3.9411764705882355,6.470588235294118,10.0,12.0,11.7,10.666666666666666,10.8,9.2,3.4,5.4,2.8,9.0,15.0,5.0,0.0
ce658cf4e0d441d208f8,2024-25,2025-05-18,Everton,Southampton,H,M Oliver,36,11.527777777777779,10.083333333333334,4.138888888888889,5.916666666666667,2.0833333333333335,18,11.38888888888889,10.222222222222221,4.277777777777778,5.444444444444445,10.666666666666666,10.4,11.4,13.666666666666666,11.2,9.8,3.8,4.8,2.2,6.0,10.0,4.0,1.0
e799c093d21549daaf88,2024-25,2025-05-25,Everton,Newcastle United,A,T Harrington,37,11.378378378378379,10.08108108108108,4.135135135135135,5.891891891891892,2.054054054054054,18,11.666666666666666,9.944444444444445,4.0,6.388888888888889,9.0,9.0,11.4,13.333333333333334,11.4,10.5,3.2,5.6,1.8,9.0,12.0,3.0,4.0
16997dc9cef7ead29809,2024-25,2024-08-16,Fulham,Manchester United,A,R Jones,0,,,,,,0,,,,,,,,,,,,,,10.0,12.0,8.0,3.0
e2c9013e59cc4570a453,2024-25,2024-08-24,Fulham,Leicester,H,D Bond,1,10.0,12.0,8.0,7.0,3.0,0,,,,,10.0,10.0,10.0,12.0,12.0,12.0,8.0,7.0,3.0,14.0,13.0,7.0,2.0
659d5af40c80b406dc41,2024-25,2024-08-31,Fulham,Ipswich,A,L Smith,2,12.0,12.5,7.5,6.0,2.5,1,10.0,12.0,8.0,7.0,12.0,12.0,12.0,12.5,12.5,12.5,7.5,6.0,2.5,15.0,15.0,6.0,3.0
722144bae21df1d7be74,2024-25,2024-09-14,Fulham,West Ham United,H,T Robinson,3,13.0,13.333333333333334,7.0,6.666666666666667,2.6666666666666665,1,14.0,13.0,7.0,5.0,13.0,13.0,13.0,13.333333333333334,13.333333333333334,13.333333333333334,7.0,6.666666666666667,2.6666666666666665,15.0,18.0,3.0,2.0
b6976d9c682c70f34b25,2024-25,2024-09-21,Fulham,Newcastle United,H,P Bankes,4,13.5,14.5,6.0,5.5,2.5,2,14.5,15.5,5.0,3.5,14.666666666666666,13.5,13.5,15.333333333333334,14.5,14.5,6.0,5.5,2.5,16.0,8.0,6.0,6.0
dcba24777921de8e73db,2024-25,2024-09-28,Fulham,Nottingham Forest,A,J Smith,5,14.0,13.2,6.0,4.4,3.2,2,12.5,13.5,7.0,7.5,15.333333333333334,14.0,14.0,13.666666666666666,13.2,13.2,6.0,4.4,3.2,15.0,11.0,5.0,4.0
6cccf9717233a8f9fb4d,2024-25,2024-10-05,Fulham,Manchester City,A,P Bankes,6,14.166666666666666,12.833333333333334,5.833333333333333,4.666666666666667,3.3333333333333335,3,13.333333333333334,12.666666666666666,6.333333333333333,7.0,15.333333333333334,15.0,14.166666666666666,12.333333333333334,13.0,12.833333333333334,5.4,4.2,3.4,10.0,4.0,3.0,1.0
776817b1d657b300815d,2024-25,2024-10-19,Fulham,Aston Villa,H,D England,7,13.571428571428571,11.571428571428571,5.428571428571429,5.142857142857143,3.0,3,15.0,13.0,5.333333333333333,2.3333333333333335,13.666666666666666,14.2,13.571428571428571,7.666666666666667,11.2,11.571428571428571,4.6,4.8,3.2,8.0,11.0,6.0,3.0
0d608e355da043295302,2024-25,2024-10-26,Fulham,Everton,A,J Brooks,8,12.875,11.5,5.5,5.875,3.0,4,12.5,10.5,5.5,7.25,11.0,12.8,12.875,8.666666666666666,10.4,11.5,4.6,5.4,3.2,8.0,8.0,2.0,0.0
0f1ccf50e24fd8f674e6,2024-25,2024-11-04,Fulham,Brentford,H,S Attwell,9,12.333333333333334,11.11111111111111,5.111111111111111,5.666666666666667,2.6666666666666665,4,13.25,12.5,5.5,4.5,8.666666666666666,11.4,12.333333333333334,7.666666666666667,8.4,11.11111111111111,4.4,5.8,2.8,3.0,10.0,11.0,2.0
c87a66ba2b5e90fd3e27,2024-25,2024-11-09,Fulham,Crystal Palace,A,M Salisbury,10,11.4,11.0,5.7,5.4,2.6,5,11.6,10.0,4.8,6.6,6.333333333333333,8.8,11.4,9.666666666666666,8.8,11.0,5.4,6.4,2.0,11.0,10.0,8.0,1.0
ed318b510a290606badd,2024-25,2024-11-23,Fulham,Wolverhampton Wanderers,H,R Jones,11,11.363636363636363,10.909090909090908,5.909090909090909,5.0,2.4545454545454546,5,11.2,12.0,6.6,4.2,7.333333333333333,8.0,11.5,9.333333333333334,8.6,10.8,6.0,5.4,1.4,14.0,14.0,7.0,3.0
7e20b3faa75a46542b03,2024-25,2024-12-01,Fulham,Tottenham,A,D Bond,12,11.583333333333334,11.166666666666666,6.0,4.75,2.5,6,11.5,10.0,5.333333333333333,5.666666666666667,9.333333333333334,8.8,11.5,11.333333333333334,10.6,10.9,6.8,4.2,1.8,14.0,4.0,11.0,1.0
90dd584fcfd1a8959a7d,2024-25,2024-12-05,Fulham,Brighton & Hove Albion,H,P Bankes,13,11.76923076923077,10.615384615384615,6.384615384615385,4.923076923076923,2.3846153846153846,6,11.666666666666666,12.333333333333334,6.666666666666667,3.8333333333333335,13.0,10.0,11.4,9.333333333333334,9.2,9.8,7.8,3.4,1.4,7.0,8.0,5.0,2.0
9d91f62042abc735116d,2024-25,2024-12-08,Fulham,Arsenal,H,C Kavanagh,14,11.428571428571429,10.428571428571429,6.285714285714286,5.0,2.357142857142857,7,11.0,11.714285714285714,6.428571428571429,4.142857142857143,11.666666666666666,9.8,10.6,8.666666666666666,9.2,8.8,8.4,3.8,1.8,10.0,9.0,0.0,4.0
3daa19b1d87c79ce9324,2024-25,2024-12-14,Fulham,Liverpool,A,T Harrington,15,11.333333333333334,10.333333333333334,5.866666666666666,5.066666666666666,2.466666666666667,7,11.857142857142858,9.142857142857142,6.142857142857143,5.857142857142857,10.333333333333334,11.2,10.0,7.0,9.0,8.9,6.2,4.4,2.2,7.0,10.0,4.0,4.0
eb3b67b5666f5f159cf8,2024-25,2024-12-22,Fulham,Southampton,H,T Robinson,16,11.0625,10.3125,5.75,5.0625,2.5625,8,10.875,11.375,5.625,4.375,8.0,10.4,9.2,9.0,9.0,8.8,5.4,5.2,2.8,8.0,15.0,6.0,1.0
747423896338f54d44f9,2024-25,2024-12-26,Fulham,Chelsea,A,S Barrott,17,10.882352941176471,10.588235294117647,5.764705882352941,5.0588235294117645,2.4705882352941178,8,11.25,9.25,5.875,5.75,8.333333333333334,9.2,9.0,11.333333333333334,9.2,9.9,5.2,5.8,2.4,13.0,13.0,1.0,3.0
2bd4fd4afccc7249b967,2024-25,2024-12-29,Fulham,Bournemouth,H,R Jones,18,11.0,10.722222222222221,5.5,4.944444444444445,2.5,9,10.555555555555555,11.777777777777779,5.666666666666667,4.444444444444445,9.333333333333334,9.0,9.5,12.666666666666666,11.0,10.1,3.2,5.0,2.8,7.0,16.0,1.0,1.0
97a0ba6380d5af3546fa,2024-25,2025-01-05,Fulham,Ipswich,H,D Bond,19,10.789473684210526,11.0,5.2631578947368425,5.052631578947368,2.4210526315789473,10,10.2,12.2,5.2,4.7,9.333333333333334,9.0,9.4,14.666666666666666,12.6,10.9,2.4,5.2,2.6,10.0,14.0,9.0,1.0
8a46fa971fdb9bd863c5,2024-25,2025-01-14,Fulham,West Ham United,A,C Pawson,20,10.75,11.15,5.45,4.9,2.35,9,11.444444444444445,9.666666666666666,5.333333333333333,5.444444444444445,10.0,9.0,10.1,14.333333333333334,13.6,11.3,4.2,4.4,2.0,18.0,9.0,3.0,3.0
9fc36f57de1554ef79f6,2024-25,2025-01-18,Fulham,Leicester,A,M Salisbury,21,11.095238095238095,11.047619047619047,5.333333333333333,4.666666666666667,2.380952380952381,10,12.1,9.6,5.1,4.9,11.666666666666666,11.2,10.8,13.0,13.4,11.2,4.0,3.4,1.8,8.0,8.0,2.0,1.0
433cab5f11ea07db13fd,2024-25,2025-01-26,Fulham,Manchester United,H,A Taylor,22,10.954545454545455,10.909090909090908,5.181818181818182,4.681818181818182,2.3181818181818183,11,10.181818181818182,12.363636363636363,5.545454545454546,4.454545454545454,12.0,11.2,10.2,10.333333333333334,12.0,10.6,3.2,3.4,1.8,7.0,9.0,3.0,0.0
0f1fb6bfb45397446372,2024-25,2025-02-01,Fulham,Newcastle United,A,C Kavanagh,23,10.782608695652174,10.826086956521738,5.086956521739131,4.478260869565218,2.217391304347826,11,11.727272727272727,9.454545454545455,4.818181818181818,4.909090909090909,11.0,10.0,9.5,8.666666666666666,11.2,11.1,3.6,2.8,1.2,15.0,10.0,7.0,4.0
3e07cfe8dd75d7c0b36f,2024-25,2025-02-15,Fulham,Nottingham Forest,H,T Bramall,24,10.958333333333334,10.791666666666666,5.166666666666667,4.458333333333333,2.2916666666666665,12,9.916666666666666,12.083333333333334,5.333333333333333,4.083333333333333,10.0,11.6,10.3,9.0,10.0,11.3,4.8,2.2,1.8,13.0,8.0,8.0,0.0
2550264aa916f39e18f2,2024-25,2025-02-22,Fulham,Crystal Palace,H,R Jones,25,11.04,10.68,5.28,4.44,2.2,13,10.153846153846153,11.76923076923077,5.538461538461538,4.076923076923077,11.666666666666666,12.2,10.6,9.0,8.8,11.2,4.6,2.6,1.6,10.0,7.0,7.0,1.0
5b21a1984351fe314b22,2024-25,2025-02-25,Fulham,Wolverhampton Wanderers,A,P Bankes,26,11.0,10.538461538461538,5.346153846153846,4.538461538461538,2.1538461538461537,12,12.0,9.5,5.0,4.833333333333333,12.666666666666666,10.6,10.9,8.333333333333334,8.4,10.9,5.4,4.0,1.2,15.0,8.0,5.0,3.0
96b5795a0186264f1aef,2024-25,2025-03-08,Fulham,Brighton & Hove Albion,A,S Barrott,27,11.148148148148149,10.444444444444445,5.333333333333333,4.62962962962963,2.185185185185185,13,12.23076923076923,9.384615384615385,5.0,5.0,12.666666666666666,12.0,11.6,7.666666666666667,8.4,10.2,6.0,4.4,1.6,12.0,6.0,7.0,2.0
e2f534196f4b8c7cce74,2024-25,2025-03-16,Fulham,Tottenham,H,A Madley,28,11.178571428571429,10.285714285714286,5.392857142857143,4.571428571428571,2.1785714285714284,14,10.142857142857142,11.428571428571429,5.642857142857143,4.285714285714286,12.333333333333334,13.0,11.5,7.0,7.8,9.5,6.8,5.0,2.0,13.0,10.0,6.0,0.0
1c051feb086d745cac26,2024-25,2025-04-01,Fulham,Arsenal,A,J Brooks,29,11.241379310344827,10.275862068965518,5.413793103448276,4.586206896551724,2.103448275862069,14,12.214285714285714,9.142857142857142,5.142857142857143,4.857142857142857,13.333333333333334,12.6,12.1,8.0,7.8,8.9,6.6,5.2,1.2,10.0,2.0,4.0,2.0
66745bbf49d7d8060b2a,2024-25,2025-04-06,Fulham,Liverpool,H,C Kavanagh,30,11.2,10.0,5.366666666666666,4.6,2.1,15,10.333333333333334,11.333333333333334,5.666666666666667,4.333333333333333,11.666666666666666,12.0,12.1,6.0,6.6,7.7,5.8,5.4,1.6,10.0,9.0,4.0,3.0
776ed6d2730307f231fd,2024-25,2025-04-14,Fulham,Bournemouth,A,O Oliver,31,11.161290322580646,9.96774193548387,5.32258064516129,4.580645161290323,2.129032258064516,15,12.066666666666666,8.666666666666666,5.066666666666666,4.866666666666666,11.0,12.0,11.3,7.0,7.0,7.7,5.2,4.8,2.0,10.0,11.0,9.0,2.0
4b8876d7d12dab80d41f,2024-25,2025-04-20,Fulham,Chelsea,H,A Taylor,32,11.125,10.0,5.4375,4.625,2.125,16,10.3125,11.1875,5.5625,4.3125,10.0,11.0,11.5,7.333333333333333,7.6,8.0,6.0,4.6,1.8,13.0,9.0,6.0,1.0
55e82d44e00c061b5fe7,2024-25,2025-04-26,Fulham,Southampton,A,T Harrington,33,11.181818181818182,9.969696969696969,5.454545454545454,4.606060606060606,2.090909090909091,16,11.9375,8.8125,5.3125,4.9375,11.0,11.2,12.1,9.666666666666666,8.2,8.0,5.8,4.8,1.6,12.0,10.0,13.0,1.0
aeaffc99a49c105d1268,2024-25,2025-05-03,Fulham,Aston Villa,A,R Jones,34,11.205882352941176,9.970588235294118,5.676470588235294,4.470588235294118,2.0588235294117645,17,11.941176470588236,8.882352941176471,5.764705882352941,4.647058823529412,11.666666666666666,11.0,11.8,10.0,8.2,8.0,7.2,3.8,1.8,17.0,6.0,3.0,5.0
dd6501252014d4a371bc,2024-25,2025-05-10,Fulham,Everton,H,M Salisbury,35,11.371428571428572,9.857142857142858,5.6,4.485714285714286,2.142857142857143,17,10.470588235294118,11.058823529411764,5.588235294117647,4.294117647058823,14.0,12.4,12.2,8.333333333333334,9.0,7.8,7.0,3.8,2.4,15.0,9.0,5.0,1.0
11187115c771a4197504,2024-25,2025-05-18,Fulham,Brentford,A,J Gillett,36,11.472222222222221,9.833333333333334,5.583333333333333,4.5,2.111111111111111,18,12.222222222222221,8.722222222222221,5.611111111111111,4.666666666666667,14.666666666666666,13.4,12.7,8.333333333333334,9.0,8.0,7.2,4.0,2.0,8.0,12.0,3.0,4.0
915d70969705ea41e9ae,2024-25,2025-05-25,Fulham,Manchester City,H,A Madley,37,11.378378378378379,9.891891891891891,5.513513513513513,4.513513513513513,2.1621621621621623,18,10.722222222222221,10.944444444444445,5.555555555555555,4.333333333333333,13.333333333333334,13.0,12.0,9.0,9.2,8.4,6.0,3.8,2.4,11.0,5.0,1.0,0.0
acda54f2f3f96d9ef2bf,2024-25,2024-08-17,Ipswich,Liverpool,H,T Robinson,0,,,,,,0,,,,,,,,,,,,,,9.0,18.0,2.0,3.0
bd7038b597d2f59a2c1f,2024-25,2024-08-24,Ipswich,Manchester City,A,M Salisbury,1,9.0,18.0,2.0,10.0,3.0,0,,,,,9.0,9.0,9.0,18.0,18.0,18.0,2.0,10.0,3.0,15.0,4.0,1.0,3.0
659d5af40c80b406dc41,2024-25,2024-08-31,Ipswich,Fulham,H,L Smith,2,12.0,11.0,1.5,10.0,3.0,1,9.0,18.0,2.0,10.0,12.0,12.0,12.0,11.0,11.0,11.0,1.5,10.0,3.0,15.0,15.0,8.0,2.0
912e32cae79f2b554d2b,2024-25,2024-09-14,Ipswich,Brighton & Hove Albion,A,S Barrott,3,13.0,12.333333333333334,3.6666666666666665,8.666666666666666,2.6666666666666665,1,15.0,4.0,1.0,10.0,13.0,13.0,13.0,12.333333333333334,12.333333333333334,12.333333333333334,3.6666666666666665,8.666666666666666,2.6666666666666665,16.0,14.0,2.0,3.0
9042d79724ff5d2cf4fc,2024-25,2024-09-21,Ipswich,Southampton,A,S Allison,4,13.75,12.75,3.25,8.75,2.75,2,15.5,9.0,1.5,9.5,15.333333333333334,13.75,13.75,11.0,12.75,12.75,3.25,8.75,2.75,16.0,16.0,10.0,4.0
70b3fe0ea96b70f093d0,2024-25,2024-09-29,Ipswich,Aston Villa,H,S Attwell,5,14.2,13.4,4.6,7.4,3.0,2,12.0,16.5,5.0,8.0,15.666666666666666,14.2,14.2,15.0,13.4,13.4,4.6,7.4,3.0,10.0,14.0,10.0,4.0
6fa7d253353f88c11356,2024-25,2024-10-05,Ipswich,West Ham United,A,A Taylor,6,13.5,13.5,5.5,6.166666666666667,3.1666666666666665,3,15.666666666666666,11.333333333333334,4.333333333333333,7.0,14.0,14.4,13.5,14.666666666666666,12.6,13.5,6.2,5.4,3.2,6.0,12.0,5.0,1.0
6c549f7e36ced4973f03,2024-25,2024-10-19,Ipswich,Everton,H,M Oliver,7,12.428571428571429,13.285714285714286,5.428571428571429,6.0,2.857142857142857,3,11.333333333333334,15.666666666666666,6.666666666666667,5.333333333333333,10.666666666666666,12.6,12.428571428571429,14.0,14.2,13.285714285714286,7.0,4.4,2.8,12.0,10.0,5.0,1.0
46b413c39662e46a16c8,2024-25,2024-10-26,Ipswich,Brentford,A,L Smith,8,12.375,12.875,5.375,6.25,2.625,4,13.25,11.5,4.5,6.5,9.333333333333334,12.0,12.375,12.0,13.2,12.875,6.4,4.8,2.6,10.0,7.0,5.0,1.0
ad898e079776977429c2,2024-25,2024-11-02,Ipswich,Leicester,H,T Robinson,9,12.11111111111111,12.222222222222221,5.333333333333333,6.111111111111111,2.4444444444444446,4,11.5,14.25,6.25,6.0,9.333333333333334,10.8,12.11111111111111,9.666666666666666,11.8,12.222222222222221,7.0,4.0,2.2,11.0,10.0,4.0,4.0
50d5031bcb9ee8dafc39,2024-25,2024-11-10,Ipswich,Tottenham,A,D England,10,12.0,12.0,5.2,6.1,2.6,5,12.6,10.6,4.6,6.2,11.0,9.8,12.0,9.0,10.6,12.0,5.8,4.8,2.2,19.0,10.0,2.0,5.0
843e34d2f9be09f8e388,2024-25,2024-11-24,Ipswich,Manchester United,H,A Taylor,11,12.636363636363637,11.818181818181818,4.909090909090909,6.636363636363637,2.8181818181818183,5,11.4,13.4,5.8,6.0,13.333333333333334,11.6,13.0,9.0,9.8,11.2,4.2,7.2,2.4,11.0,10.0,4.0,0.0
17d0fdae7aa41fdd8ab2,2024-25,2024-11-30,Ipswich,Nottingham Forest,A,T Harrington,12,12.5,11.666666666666666,4.833333333333333,6.333333333333333,2.5833333333333335,6,13.666666666666666,10.5,4.166666666666667,7.166666666666667,13.666666666666666,12.6,12.6,10.0,9.4,11.8,4.0,6.8,2.2,16.0,5.0,7.0,3.0
e1f49634814e9ecaa2d7,2024-25,2024-12-03,Ipswich,Crystal Palace,H,C Pawson,13,12.76923076923077,11.153846153846153,5.0,6.461538461538462,2.6153846153846154,6,11.333333333333334,12.833333333333334,5.5,5.5,15.333333333333334,13.4,12.7,8.333333333333334,8.4,10.8,4.4,6.8,2.6,14.0,13.0,4.0,2.0
bafffc82f2f6135c496d,2024-25,2024-12-08,Ipswich,Bournemouth,H,M Salisbury,14,12.857142857142858,11.285714285714286,4.928571428571429,6.5,2.5714285714285716,7,11.714285714285714,12.857142857142858,5.285714285714286,5.714285714285714,13.666666666666666,14.2,12.5,9.333333333333334,9.6,10.7,4.2,7.2,2.8,9.0,13.0,6.0,2.0
ec4e8beec900d40a9244,2024-25,2024-12-14,Ipswich,Wolverhampton Wanderers,A,S Hooper,15,12.6,11.4,5.0,6.933333333333334,2.533333333333333,7,14.0,9.714285714285714,4.571428571428571,7.285714285714286,13.0,13.8,11.8,10.333333333333334,10.2,10.4,4.6,8.6,2.4,9.0,13.0,3.0,2.0
d29cc403b23fdbf2ab54,2024-25,2024-12-21,Ipswich,Newcastle United,H,S Attwell,16,12.375,11.5,4.875,6.9375,2.5,8,11.375,12.875,5.375,6.625,10.666666666666666,11.8,11.7,13.0,10.8,10.3,4.8,7.6,1.8,9.0,7.0,2.0,2.0
d258fb22c900c39e641f,2024-25,2024-12-27,Ipswich,Arsenal,A,D England,17,12.176470588235293,11.235294117647058,4.705882352941177,6.588235294117647,2.4705882352941178,8,13.375,10.125,4.375,7.25,9.0,11.4,12.0,11.0,10.2,9.8,4.4,7.2,2.2,12.0,7.0,1.0,1.0
1c89d5192471b7d62b57,2024-25,2024-12-30,Ipswich,Chelsea,H,J Brooks,18,12.166666666666666,11.0,4.5,6.5,2.388888888888889,9,11.11111111111111,12.222222222222221,5.0,6.0,10.0,10.6,12.0,9.0,10.6,9.5,3.2,6.6,1.8,9.0,5.0,4.0,4.0
97a0ba6380d5af3546fa,2024-25,2025-01-05,Ipswich,Fulham,A,D Bond,19,12.0,10.68421052631579,4.473684210526316,6.526315789473684,2.473684210526316,9,13.222222222222221,9.777777777777779,4.0,7.0,10.0,9.6,11.9,6.333333333333333,9.0,9.3,3.2,6.6,2.2,14.0,10.0,2.0,5.0
d57b0a99b201677ef382,2024-25,2025-01-16,Ipswich,Brighton & Hove Albion,H,T Harrington,20,12.1,10.65,4.35,6.65,2.6,10,10.9,11.5,4.9,6.1,11.666666666666666,10.6,12.2,7.333333333333333,8.4,9.3,2.4,5.8,2.8,13.0,14.0,1.0,2.0
6797376b42db691daf9a,2024-25,2025-01-19,Ipswich,Manchester City,H,S Barrott,21,12.142857142857142,10.80952380952381,4.190476190476191,6.761904761904762,2.5714285714285716,11,11.090909090909092,11.727272727272727,4.545454545454546,6.363636363636363,12.0,11.4,11.6,9.666666666666666,8.6,9.7,2.0,6.2,2.8,4.0,7.0,4.0,0.0
712cc8fbb56f1eda64d4,2024-25,2025-01-25,Ipswich,Liverpool,A,M Salisbury,22,11.772727272727273,10.636363636363637,4.181818181818182,6.7727272727272725,2.4545454545454546,10,13.3,9.8,3.8,7.2,10.333333333333334,10.4,10.9,10.333333333333334,8.6,9.4,2.4,7.4,2.4,11.0,10.0,4.0,2.0
8f364d05ab0294b3e07e,2024-25,2025-02-01,Ipswich,Southampton,H,M Oliver,23,11.73913043478261,10.608695652173912,4.173913043478261,6.608695652173913,2.4347826086956523,12,10.5,11.333333333333334,4.5,6.416666666666667,9.333333333333334,10.2,10.4,10.333333333333334,9.2,9.9,3.0,7.0,2.6,11.0,14.0,1.0,0.0
40272d27158319ed1392,2024-25,2025-02-15,Ipswich,Aston Villa,A,R Jones,24,11.708333333333334,10.75,4.041666666666667,6.416666666666667,2.3333333333333335,11,13.090909090909092,9.818181818181818,3.8181818181818183,6.818181818181818,8.666666666666666,10.6,10.1,10.333333333333334,11.0,10.0,2.4,6.0,1.8,11.0,7.0,1.0,3.0
c0c589a2b7e8c2d5f8e5,2024-25,2025-02-22,Ipswich,Tottenham,H,T Robinson,25,11.68,10.6,3.92,6.8,2.36,13,10.538461538461538,11.538461538461538,4.230769230769231,6.076923076923077,11.0,10.0,10.3,10.333333333333334,10.4,9.4,2.2,7.4,1.4,15.0,14.0,4.0,2.0
4ca3a316433a04fd023e,2024-25,2025-02-26,Ipswich,Manchester United,A,D England,26,11.807692307692308,10.73076923076923,3.923076923076923,6.6923076923076925,2.3461538461538463,12,12.916666666666666,9.583333333333334,3.5833333333333335,7.583333333333333,12.333333333333334,10.4,10.9,11.666666666666666,10.4,9.5,2.8,6.4,1.4,16.0,9.0,6.0,4.0
3c512ba90ad1af15ca54,2024-25,2025-03-08,Ipswich,Crystal Palace,A,S Hooper,27,11.962962962962964,10.666666666666666,4.0,6.62962962962963,2.4074074074074074,13,13.153846153846153,9.538461538461538,3.769230769230769,7.384615384615385,14.0,12.8,11.6,10.0,10.8,9.7,3.2,6.0,2.2,7.0,8.0,4.0,3.0
eaf24b45194c0e2d0c55,2024-25,2025-03-15,Ipswich,Nottingham Forest,H,M Salisbury,28,11.785714285714286,10.571428571428571,4.0,6.571428571428571,2.4285714285714284,14,10.857142857142858,11.714285714285714,4.214285714285714,5.928571428571429,12.666666666666666,12.0,11.1,10.333333333333334,10.4,9.8,3.2,6.4,2.4,4.0,13.0,6.0,1.0
465230139add89da44d0,2024-25,2025-04-02,Ipswich,Bournemouth,A,R Jones,29,11.517241379310345,10.655172413793103,4.068965517241379,6.448275862068965,2.3793103448275863,14,12.714285714285714,9.428571428571429,3.7857142857142856,7.214285714285714,9.0,10.6,10.6,10.0,10.2,10.6,4.2,6.6,2.6,15.0,14.0,3.0,2.0
4e4d370bec4f503924e8,2024-25,2025-04-05,Ipswich,Wolverhampton Wanderers,H,P Bankes,30,11.633333333333333,10.766666666666667,4.033333333333333,6.5,2.3666666666666667,15,10.4,11.8,4.333333333333333,5.733333333333333,8.666666666666666,11.4,10.7,11.666666666666666,11.6,11.0,4.6,5.0,2.4,12.0,16.0,4.0,2.0
f7be52f6fac82d1590a6,2024-25,2025-04-13,Ipswich,Chelsea,A,S Attwell,31,11.64516129032258,10.935483870967742,4.032258064516129,6.548387096774194,2.3548387096774195,15,12.866666666666667,9.733333333333333,3.7333333333333334,7.266666666666667,10.333333333333334,10.8,10.6,14.333333333333334,12.0,11.2,4.6,5.8,2.4,7.0,11.0,4.0,2.0
f5a1300243bc1a2b224f,2024-25,2025-04-20,Ipswich,Arsenal,H,C Kavanagh,32,11.5,10.9375,4.03125,6.8125,2.34375,16,10.5,12.0625,4.3125,5.875,11.333333333333334,9.0,10.9,13.666666666666666,12.4,11.6,4.2,7.8,2.0,10.0,7.0,0.0,0.0
b84182aeabe8d380e37a,2024-25,2025-04-26,Ipswich,Newcastle United,A,M Salisbury,33,11.454545454545455,10.818181818181818,3.909090909090909,6.96969696969697,2.272727272727273,16,12.5,9.8125,3.75,7.75,9.666666666666666,9.6,10.8,11.333333333333334,12.2,11.3,3.4,9.2,1.4,9.0,9.0,2.0,2.0
cde56882ed86806f66c5,2024-25,2025-05-03,Ipswich,Everton,A,L Smith,34,11.382352941176471,10.764705882352942,3.8529411764705883,7.088235294117647,2.264705882352941,17,12.294117647058824,9.764705882352942,3.6470588235294117,7.9411764705882355,8.666666666666666,10.6,10.6,9.0,11.4,10.8,2.6,10.8,1.6,15.0,12.0,3.0,4.0
250c0b4008e75de49172,2024-25,2025-05-10,Ipswich,Brentford,H,S Barrott,35,11.485714285714286,10.8,3.8285714285714287,6.9714285714285715,2.3142857142857145,17,10.470588235294118,11.764705882352942,4.0588235294117645,6.235294117647059,11.333333333333334,10.6,11.0,9.333333333333334,11.0,11.3,2.6,9.8,2.0,6.0,12.0,5.0,2.0
bc1c3c97d3911228dfc1,2024-25,2025-05-18,Ipswich,Leicester,A,A Kitchen,36,11.333333333333334,10.833333333333334,3.861111111111111,6.944444444444445,2.3055555555555554,18,12.444444444444445,9.88888888888889,3.611111111111111,7.666666666666667,10.0,9.4,10.1,11.0,10.2,11.1,2.8,9.4,2.0,12.0,15.0,2.0,0.0
b9fbdafa8cec4926ad79,2024-25,2025-05-25,Ipswich,West Ham United,H,T Robinson,37,11.35135135135135,10.945945945945946,3.810810810810811,6.8108108108108105,2.2432432432432434,18,10.222222222222221,11.777777777777779,4.111111111111111,6.222222222222222,11.0,10.4,9.7,13.0,11.0,11.7,2.4,6.8,1.6,10.0,9.0,4.0,1.0
2edb1146eb399e0cdf7f,2024-25,2024-08-19,Leicester,Tottenham,H,C Kavanagh,0,,,,,,0,,,,,,,,,,,,,,11.0,12.0,2.0,1.0
e2c9013e59cc4570a453,2024-25,2024-08-24,Leicester,Fulham,A,D Bond,1,11.0,12.0,2.0,13.0,1.0,0,,,,,11.0,11.0,11.0,12.0,12.0,12.0,2.0,13.0,1.0,13.0,14.0,5.0,2.0
6c250dd73a8414b73401,2024-25,2024-08-31,Leicester,Aston Villa,H,D Coote,2,12.0,13.0,3.5,10.0,1.5,1,11.0,12.0,2.0,13.0,12.0,12.0,12.0,13.0,13.0,13.0,3.5,10.0,1.5,13.0,21.0,1.0,4.0
07e3ac2fd9e5c37a2490,2024-25,2024-09-14,Leicester,Crystal Palace,A,T Harrington,3,12.333333333333334,15.666666666666666,2.6666666666666665,8.0,2.3333333333333335,1,13.0,14.0,5.0,7.0,12.333333333333334,12.333333333333334,12.333333333333334,15.666666666666666,15.666666666666666,15.666666666666666,2.6666666666666665,8.0,2.3333333333333335,15.0,11.0,2.0,3.0
e678f4f51a9330f7b8dd,2024-25,2024-09-21,Leicester,Everton,H,D England,4,13.0,14.5,2.5,7.25,2.5,2,12.0,16.5,1.5,8.5,13.666666666666666,13.0,13.0,15.333333333333334,14.5,14.5,2.5,7.25,2.5,11.0,12.0,6.0,1.0
507c9876097a41303059,2024-25,2024-09-28,Leicester,Arsenal,A,S Barrott,5,12.6,14.0,3.2,6.0,2.2,2,14.0,12.5,3.5,6.0,13.0,12.6,12.6,14.666666666666666,14.0,14.0,3.2,6.0,2.2,6.0,11.0,0.0,4.0
2ec4e90989d1507c44c1,2024-25,2024-10-05,Leicester,Bournemouth,H,D Bond,6,11.5,13.5,2.6666666666666665,7.833333333333333,2.5,3,11.666666666666666,15.0,3.0,6.0,10.666666666666666,11.6,11.5,11.333333333333334,13.8,13.5,2.8,6.8,2.8,12.0,14.0,0.0,4.0
c483806f776bb7b988b7,2024-25,2024-10-19,Leicester,Southampton,A,A Taylor,7,11.571428571428571,13.571428571428571,2.2857142857142856,8.0,2.7142857142857144,3,11.333333333333334,12.0,2.3333333333333335,9.666666666666666,9.666666666666666,11.4,11.571428571428571,12.333333333333334,13.8,13.571428571428571,1.8,7.2,3.2,10.0,10.0,6.0,3.0
fe8d7fbc50e3d93452a6,2024-25,2024-10-25,Leicester,Nottingham Forest,H,C Pawson,8,11.375,13.125,2.75,8.25,2.75,4,11.75,14.75,2.25,6.75,9.333333333333334,10.8,11.375,11.666666666666666,11.6,13.125,2.8,8.4,3.0,16.0,9.0,6.0,5.0
ad898e079776977429c2,2024-25,2024-11-02,Leicester,Ipswich,A,T Robinson,9,11.88888888888889,12.666666666666666,3.111111111111111,8.11111111111111,3.0,4,11.0,11.5,3.25,9.75,12.666666666666666,11.0,11.88888888888889,11.0,11.2,12.666666666666666,3.6,8.8,3.4,10.0,11.0,6.0,2.0
432559e11c3db283c575,2024-25,2024-11-10,Leicester,Manchester United,A,P Bankes,10,11.7,12.5,3.4,7.7,2.9,5,10.8,11.4,3.8,8.6,12.0,10.8,11.7,10.0,11.0,12.5,3.6,9.4,3.6,5.0,9.0,5.0,1.0
6a2befe2412caa4d24ef,2024-25,2024-11-23,Leicester,Chelsea,H,A Madley,11,11.090909090909092,12.181818181818182,3.5454545454545454,7.090909090909091,2.727272727272727,5,12.6,13.6,3.0,6.8,10.333333333333334,10.6,11.1,9.666666666666666,10.6,12.2,4.6,6.2,3.0,15.0,12.0,2.0,4.0
54e0029948dc74548e5e,2024-25,2024-11-30,Leicester,Brentford,A,M Oliver,12,11.416666666666666,12.166666666666666,3.4166666666666665,7.25,2.8333333333333335,6,9.833333333333334,11.0,4.0,7.333333333333333,10.0,11.2,11.3,10.666666666666666,10.2,12.0,5.0,6.2,3.0,10.0,9.0,4.0,1.0
92a53a85683e5e19d646,2024-25,2024-12-03,Leicester,West Ham United,H,J Smith,13,11.307692307692308,11.923076923076923,3.4615384615384617,7.076923076923077,2.6923076923076925,6,13.0,13.333333333333334,2.8333333333333335,7.166666666666667,10.0,11.2,11.0,10.0,10.0,10.8,4.6,5.2,2.6,9.0,7.0,3.0,2.0
87981082b55cf72e22ad,2024-25,2024-12-08,Leicester,Brighton & Hove Albion,H,S Attwell,14,11.142857142857142,11.571428571428571,3.4285714285714284,7.214285714285714,2.642857142857143,7,12.428571428571429,12.428571428571429,2.857142857142857,7.428571428571429,11.333333333333334,9.8,10.4,9.333333333333334,9.6,10.4,4.0,5.6,2.0,9.0,10.0,5.0,1.0
656f62d8937a32eba80d,2024-25,2024-12-14,Leicester,Newcastle United,A,T Bramall,15,11.0,11.466666666666667,3.533333333333333,7.066666666666666,2.533333333333333,7,9.857142857142858,10.714285714285714,4.0,7.0,9.333333333333334,9.6,10.2,8.666666666666666,9.4,10.2,3.8,5.8,1.8,16.0,7.0,2.0,3.0
6b9c9f8fb9c6d86d30f9,2024-25,2024-12-22,Leicester,Wolverhampton Wanderers,H,A Taylor,16,11.3125,11.1875,3.4375,6.9375,2.5625,8,12.0,12.125,3.125,7.125,11.333333333333334,11.8,11.2,8.0,9.0,9.8,3.2,6.6,2.2,15.0,16.0,6.0,2.0
79fa3edb59914d958b1e,2024-25,2024-12-26,Leicester,Liverpool,A,D Bond,17,11.529411764705882,11.470588235294118,3.588235294117647,6.588235294117647,2.5294117647058822,8,10.625,10.25,3.75,6.75,13.333333333333334,11.8,11.5,11.0,9.8,10.0,4.0,5.0,1.8,5.0,17.0,1.0,2.0
bb6be406e35f3deb4033,2024-25,2024-12-29,Leicester,Manchester City,H,M Oliver,18,11.166666666666666,11.777777777777779,3.4444444444444446,7.0,2.5,9,12.333333333333334,12.555555555555555,3.4444444444444446,6.444444444444445,12.0,10.8,11.0,13.333333333333334,11.4,10.7,3.4,6.8,2.0,11.0,6.0,4.0,2.0
cdb45ddd3e45b5e2c64a,2024-25,2025-01-04,Leicester,Aston Villa,A,J Gillett,19,11.157894736842104,11.473684210526315,3.473684210526316,6.842105263157895,2.473684210526316,9,10.0,11.0,3.4444444444444446,7.555555555555555,10.333333333333334,11.2,10.5,13.0,11.2,10.4,3.6,5.8,2.0,11.0,10.0,2.0,1.0
1cc1e9abf996038d55ec,2024-25,2025-01-15,Leicester,Crystal Palace,H,A Madley,20,11.15,11.4,3.4,6.85,2.4,10,12.2,11.9,3.5,6.2,9.0,11.6,10.6,11.0,11.2,10.3,3.0,6.2,2.0,7.0,6.0,4.0,0.0
9fc36f57de1554ef79f6,2024-25,2025-01-18,Leicester,Fulham,H,M Salisbury,21,10.952380952380953,11.142857142857142,3.4285714285714284,6.666666666666667,2.2857142857142856,11,11.727272727272727,11.363636363636363,3.5454545454545454,5.909090909090909,9.666666666666666,9.8,10.8,7.333333333333333,11.0,10.0,3.4,5.8,1.4,8.0,8.0,5.0,3.0
b733bdb688e7157b9173,2024-25,2025-01-26,Leicester,Tottenham,A,R Jones,22,10.818181818181818,11.0,3.5,6.454545454545454,2.3181818181818183,10,10.1,10.9,3.3,7.5,8.666666666666666,8.4,10.1,8.0,9.4,9.6,3.2,6.0,1.6,16.0,6.0,4.0,5.0
659e2d3499aea87a19ff,2024-25,2025-02-01,Leicester,Everton,A,D Bond,23,11.043478260869565,10.782608695652174,3.5217391304347827,6.434782608695652,2.4347826086956523,11,10.636363636363637,10.454545454545455,3.3636363636363638,7.363636363636363,10.333333333333334,10.6,10.7,6.666666666666667,7.2,9.3,3.8,4.4,2.2,13.0,7.0,6.0,0.0
f39ed7f396b6ea51f6e7,2024-25,2025-02-15,Leicester,Arsenal,H,S Barrott,24,11.125,10.625,3.625,6.375,2.3333333333333335,12,11.416666666666666,11.083333333333334,3.6666666666666665,5.583333333333333,12.333333333333334,11.0,11.1,7.0,7.4,9.3,4.2,4.6,1.8,9.0,10.0,3.0,2.0
12b297cb3f99dfcdcf21,2024-25,2025-02-21,Leicester,Brentford,H,T Harrington,25,11.04,10.6,3.6,6.4,2.32,13,11.23076923076923,11.0,3.6153846153846154,5.6923076923076925,12.666666666666666,10.6,11.1,7.666666666666667,7.4,9.3,4.4,4.6,2.0,10.0,10.0,5.0,4.0
5b11f7dcd320378d7a31,2024-25,2025-02-27,Leicester,West Ham United,A,S Attwell,26,11.0,10.576923076923077,3.6538461538461537,6.384615384615385,2.3846153846153846,12,10.833333333333334,10.166666666666666,3.5833333333333335,7.166666666666667,10.666666666666666,11.2,10.5,9.0,8.2,9.6,4.6,5.2,2.8,6.0,12.0,3.0,0.0
55b7db40f30ef7a37200,2024-25,2025-03-09,Leicester,Chelsea,A,T Robinson,27,10.814814814814815,10.62962962962963,3.6296296296296298,6.2592592592592595,2.2962962962962963,13,10.461538461538462,10.307692307692308,3.5384615384615383,6.846153846153846,8.333333333333334,10.8,9.6,10.666666666666666,9.0,9.2,4.2,5.4,2.2,13.0,12.0,2.0,0.0
7f6c9d63bdd0715476c7,2024-25,2025-03-16,Leicester,Manchester United,H,T Bramall,28,10.892857142857142,10.678571428571429,3.5714285714285716,6.464285714285714,2.2142857142857144,14,11.142857142857142,10.928571428571429,3.7142857142857144,5.714285714285714,9.666666666666666,10.2,10.4,11.333333333333334,10.2,8.7,3.8,6.6,1.2,6.0,6.0,6.0,2.0
4a3a1d69299d67d57607,2024-25,2025-04-02,Leicester,Manchester City,A,D England,29,10.724137931034482,10.517241379310345,3.6551724137931036,6.379310344827586,2.206896551724138,14,10.642857142857142,10.428571428571429,3.4285714285714284,7.214285714285714,8.333333333333334,8.8,9.9,10.0,10.0,8.7,3.8,6.4,1.6,8.0,11.0,0.0,4.0
f68c131c9d4a35fdbdf5,2024-25,2025-04-07,Leicester,Newcastle United,H,R Jones,30,10.633333333333333,10.533333333333333,3.533333333333333,6.333333333333333,2.2666666666666666,15,10.8,10.6,3.8666666666666667,5.6,9.0,8.6,9.6,9.666666666666666,10.2,8.8,3.2,6.0,2.0,8.0,9.0,12.0,2.0
15660a362eefdc7798f5,2024-25,2025-04-12,Leicester,Brighton & Hove Albion,A,D Bond,31,10.548387096774194,10.483870967741936,3.806451612903226,6.193548387096774,2.2580645161290325,15,10.466666666666667,10.466666666666667,3.2,7.066666666666666,7.333333333333333,8.2,9.7,8.666666666666666,10.0,9.1,4.6,5.2,1.6,11.0,9.0,6.0,5.0
33afc239ca752bd3e8c0,2024-25,2025-04-20,Leicester,Liverpool,H,S Attwell,32,10.5625,10.4375,3.875,6.09375,2.34375,16,10.625,10.5,4.375,5.375,9.0,9.2,10.0,9.666666666666666,9.4,9.2,5.2,5.2,2.6,11.0,7.0,1.0,1.0
7f0193db29a854b0deef,2024-25,2025-04-26,Leicester,Wolverhampton Wanderers,A,S Barrott,33,10.575757575757576,10.333333333333334,3.787878787878788,6.303030303030303,2.303030303030303,16,10.5,10.375,3.375,6.8125,10.0,8.8,9.5,8.333333333333334,8.4,9.3,5.0,5.4,2.8,17.0,7.0,2.0,4.0
0c471aec605dd3c07287,2024-25,2025-05-03,Leicester,Southampton,H,D Webb,34,10.764705882352942,10.235294117647058,3.735294117647059,6.235294117647059,2.3529411764705883,17,10.647058823529411,10.294117647058824,4.176470588235294,5.823529411764706,13.0,11.0,9.9,7.666666666666667,8.6,9.3,4.2,5.4,3.2,12.0,13.0,7.0,1.0
14788e605a155225a4fd,2024-25,2025-05-11,Leicester,Nottingham Forest,A,T Harrington,35,10.8,10.314285714285715,3.8285714285714287,6.257142857142857,2.3142857142857145,17,10.882352941176471,10.176470588235293,3.2941176470588234,6.647058823529412,13.333333333333334,11.8,10.2,9.0,9.0,9.6,5.6,5.8,2.6,11.0,11.0,4.0,3.0
bc1c3c97d3911228dfc1,2024-25,2025-05-18,Leicester,Ipswich,H,A Kitchen,36,10.805555555555555,10.333333333333334,3.8333333333333335,6.194444444444445,2.3333333333333335,18,10.722222222222221,10.444444444444445,4.333333333333333,5.888888888888889,13.333333333333334,12.4,10.3,10.333333333333334,9.4,9.7,4.0,6.2,2.8,15.0,12.0,2.0,1.0
dd7fd630d79d192ec295,2024-25,2025-05-25,Leicester,Bournemouth,A,L Smith,37,10.91891891891892,10.378378378378379,3.7837837837837838,6.081081081081081,2.2972972972972974,18,10.88888888888889,10.222222222222221,3.3333333333333335,6.5,12.666666666666666,13.2,11.2,12.0,10.0,9.7,3.2,6.0,2.0,16.0,19.0,1.0,2.0
acda54f2f3f96d9ef2bf,2024-25,2024-08-17,Liverpool,Ipswich,A,T Robinson,0,,,,,,0,,,,,,,,,,,,,,18.0,9.0,10.0,1.0
f91bec7c3470247ddb95,2024-25,2024-08-25,Liverpool,Brentford,H,S Attwell,1,18.0,9.0,10.0,2.0,1.0,0,,,,,18.0,18.0,18.0,9.0,9.0,9.0,10.0,2.0,1.0,10.0,7.0,9.0,2.0
a8cb75de1bfa7733e574,2024-25,2024-09-01,Liverpool,Manchester United,A,A Taylor,2,14.0,8.0,9.5,3.0,1.5,1,18.0,9.0,10.0,2.0,14.0,14.0,14.0,8.0,8.0,8.0,9.5,3.0,1.5,7.0,7.0,2.0,1.0
2a681b581e1aa44393c9,2024-25,2024-09-14,Liverpool,Nottingham Forest,H,M Oliver,3,11.666666666666666,7.666666666666667,7.0,3.6666666666666665,1.3333333333333333,1,10.0,7.0,9.0,4.0,11.666666666666666,11.666666666666666,11.666666666666666,7.666666666666667,7.666666666666667,7.666666666666667,7.0,3.6666666666666665,1.3333333333333333,15.0,6.0,7.0,4.0
d58fd70cb5b70dfb914a,2024-25,2024-09-21,Liverpool,Bournemouth,H,T Harrington,4,12.5,7.25,7.0,3.25,2.0,2,12.5,6.5,8.0,3.0,10.666666666666666,12.5,12.5,6.666666666666667,7.25,7.25,7.0,3.25,2.0,10.0,12.0,3.0,1.0
c3db4937d97f980dea85,2024-25,2024-09-28,Liverpool,Wolverhampton Wanderers,A,A Taylor,5,12.0,8.2,6.2,4.4,1.8,2,12.5,8.0,6.0,3.5,10.666666666666666,12.0,12.0,8.333333333333334,8.2,8.2,6.2,4.4,1.8,8.0,16.0,10.0,3.0
eaddeeed6956df20abe8,2024-25,2024-10-05,Liverpool,Crystal Palace,A,S Hooper,6,11.333333333333334,9.5,6.833333333333333,4.0,2.0,3,11.0,10.666666666666666,7.333333333333333,3.0,11.0,10.0,11.333333333333334,11.333333333333334,9.6,9.5,6.2,4.4,2.2,15.0,7.0,8.0,2.0
54105bf610c97af95fa3,2024-25,2024-10-20,Liverpool,Chelsea,H,J Brooks,7,11.857142857142858,9.142857142857142,7.0,3.857142857142857,2.0,3,11.666666666666666,8.333333333333334,6.333333333333333,5.0,11.0,11.0,11.857142857142858,11.666666666666666,9.6,9.142857142857142,6.0,4.2,2.2,12.0,13.0,1.0,4.0
ee42e0f64fc747812698,2024-25,2024-10-27,Liverpool,Arsenal,A,A Taylor,8,11.875,9.625,6.25,4.125,2.25,4,12.0,9.75,7.5,3.0,11.666666666666666,12.0,11.875,12.0,10.8,9.625,5.8,4.4,2.8,14.0,14.0,3.0,2.0
6c9b438d36aec53dab7f,2024-25,2024-11-02,Liverpool,Brighton & Hove Albion,H,T Harrington,9,12.11111111111111,10.11111111111111,5.888888888888889,3.7777777777777777,2.2222222222222223,4,11.75,9.5,5.0,5.25,13.666666666666666,11.8,12.11111111111111,11.333333333333334,12.4,10.11111111111111,5.0,4.2,2.4,10.0,18.0,10.0,1.0
983866547736b29f5640,2024-25,2024-11-09,Liverpool,Aston Villa,H,D Coote,10,11.9,10.9,6.3,4.1,2.1,5,11.4,11.2,6.0,5.6,12.0,11.8,11.9,15.0,13.6,10.9,6.4,3.8,2.4,11.0,15.0,2.0,0.0
87ab4d723868042edf5f,2024-25,2024-11-24,Liverpool,Southampton,A,S Barrott,11,11.818181818181818,11.272727272727273,5.909090909090909,4.545454545454546,1.9090909090909092,5,12.4,10.6,6.6,2.6,11.666666666666666,12.4,11.2,15.666666666666666,13.4,11.5,4.8,5.2,1.8,9.0,11.0,10.0,4.0
cbe189431fe4c44b1d94,2024-25,2024-12-01,Liverpool,Manchester City,H,C Kavanagh,12,11.583333333333334,11.25,6.25,4.416666666666667,2.0833333333333335,6,11.333333333333334,11.833333333333334,5.333333333333333,6.166666666666667,10.0,11.2,11.1,14.666666666666666,14.2,11.9,5.2,5.2,2.2,9.0,8.0,7.0,1.0
b4afdd646217152ce3f9,2024-25,2024-12-04,Liverpool,Newcastle United,A,A Madley,13,11.384615384615385,11.0,6.3076923076923075,4.384615384615385,2.0,6,11.833333333333334,10.666666666666666,7.166666666666667,2.6666666666666665,9.666666666666666,10.6,11.3,11.333333333333334,13.2,12.0,6.4,4.8,1.6,17.0,9.0,6.0,5.0
3daa19b1d87c79ce9324,2024-25,2024-12-14,Liverpool,Fulham,H,T Harrington,14,11.785714285714286,10.857142857142858,6.285714285714286,4.428571428571429,2.2142857142857144,7,11.0,11.285714285714286,5.571428571428571,5.857142857142857,11.666666666666666,11.2,11.5,9.333333333333334,12.2,12.3,7.0,5.6,2.2,10.0,7.0,5.0,3.0
ac2d3a7c41ff9a37d02b,2024-25,2024-12-22,Liverpool,Tottenham,A,S Barrott,15,11.666666666666666,10.6,6.2,4.4,2.2666666666666666,7,12.571428571428571,10.428571428571429,7.0,3.0,12.0,11.2,11.5,8.0,10.0,11.8,6.0,5.0,2.6,9.0,7.0,5.0,2.0
79fa3edb59914d958b1e,2024-25,2024-12-26,Liverpool,Leicester,H,D Bond,16,11.5,10.375,6.125,4.5625,2.25,8,10.875,10.75,5.5,5.625,12.0,10.8,11.6,7.666666666666667,8.4,10.9,6.6,4.6,3.0,17.0,5.0,14.0,3.0
987775d8bf817c73f3f4,2024-25,2024-12-29,Liverpool,West Ham United,A,A Taylor,17,11.823529411764707,10.058823529411764,6.588235294117647,4.352941176470588,2.2941176470588234,8,12.125,10.0,6.75,3.5,12.0,12.4,11.8,6.333333333333333,7.2,10.7,7.4,4.2,2.8,10.0,7.0,6.0,0.0
05f21f39fc820865a17e,2024-25,2025-01-05,Liverpool,Manchester United,H,M Oliver,18,11.722222222222221,9.88888888888889,6.555555555555555,4.277777777777778,2.1666666666666665,9,11.555555555555555,10.11111111111111,6.444444444444445,5.111111111111111,12.0,12.6,11.6,6.333333333333333,7.0,10.1,7.2,4.0,2.6,10.0,13.0,6.0,2.0
ac23fb6fab3738a6a446,2024-25,2025-01-14,Liverpool,Nottingham Forest,A,C Kavanagh,19,11.631578947368421,10.052631578947368,6.526315789473684,4.526315789473684,2.1578947368421053,9,11.88888888888889,9.666666666666666,6.666666666666667,3.4444444444444446,12.333333333333334,11.2,11.2,8.333333333333334,7.8,10.0,7.2,4.8,2.0,10.0,7.0,9.0,1.0
fe8053def36f8ad887c6,2024-25,2025-01-18,Liverpool,Brentford,A,A Madley,20,11.55,9.9,6.65,4.3,2.1,10,11.7,9.4,6.9,3.1,10.0,11.2,11.2,9.0,7.8,8.9,8.0,4.0,1.6,14.0,6.0,15.0,3.0
712cc8fbb56f1eda64d4,2024-25,2025-01-25,Liverpool,Ipswich,H,M Salisbury,21,11.666666666666666,9.714285714285714,7.0476190476190474,4.190476190476191,2.142857142857143,10,11.4,10.4,6.4,5.5,11.333333333333334,12.2,11.5,8.666666666666666,7.6,8.0,10.0,3.0,1.8,10.0,11.0,3.0,0.0
f9f4efaec7ae2579aa3e,2024-25,2025-02-01,Liverpool,Bournemouth,A,D England,22,11.590909090909092,9.772727272727273,6.863636363636363,4.181818181818182,2.0454545454545454,11,11.909090909090908,9.090909090909092,7.636363636363637,3.0,11.333333333333334,10.8,11.6,8.0,8.8,8.0,7.8,3.6,1.2,9.0,15.0,3.0,3.0
b98ade36f0a67d9d3e81,2024-25,2025-02-12,Liverpool,Everton,A,M Oliver,23,11.478260869565217,10.0,6.695652173913044,4.130434782608695,2.0869565217391304,12,11.666666666666666,9.583333333333334,7.25,3.0,11.0,10.6,11.6,10.666666666666666,10.4,8.7,7.2,3.6,1.8,20.0,9.0,3.0,2.0
6af160b29e08cf1cdd03,2024-25,2025-02-16,Liverpool,Wolverhampton Wanderers,H,S Hooper,24,11.833333333333334,9.958333333333334,6.541666666666667,4.041666666666667,2.0833333333333335,11,11.272727272727273,10.454545454545455,6.090909090909091,5.363636363636363,13.0,12.6,11.9,11.666666666666666,9.6,8.7,6.6,2.2,1.8,15.0,13.0,4.0,2.0
cb04b6f36a90f2def0cb,2024-25,2025-02-19,Liverpool,Aston Villa,A,C Pawson,25,11.96,10.08,6.44,4.0,2.08,13,12.307692307692308,9.538461538461538,6.923076923076923,2.923076923076923,14.666666666666666,13.6,12.4,12.333333333333334,10.8,9.3,5.6,2.8,2.0,6.0,8.0,8.0,0.0
893783e9e9efa35687da,2024-25,2025-02-23,Liverpool,Manchester City,A,A Taylor,26,11.73076923076923,10.0,6.5,4.076923076923077,2.0,14,11.857142857142858,9.428571428571429,7.0,3.142857142857143,13.666666666666666,12.0,12.1,10.0,11.2,9.4,4.2,3.6,1.4,10.0,3.0,5.0,0.0
15adbd147343bf0f6cb1,2024-25,2025-02-26,Liverpool,Newcastle United,H,C Kavanagh,27,11.666666666666666,9.74074074074074,6.444444444444445,4.185185185185185,1.9259259259259258,12,11.583333333333334,10.666666666666666,5.916666666666667,5.166666666666667,10.333333333333334,12.0,11.4,8.0,9.6,9.2,4.6,4.2,1.4,12.0,11.0,4.0,0.0
814f86354ef1bc566aec,2024-25,2025-03-08,Liverpool,Southampton,H,L Smith,28,11.678571428571429,9.785714285714286,6.357142857142857,4.107142857142857,1.8571428571428572,13,11.615384615384615,10.692307692307692,5.769230769230769,4.923076923076923,9.333333333333334,12.6,11.6,7.333333333333333,8.8,9.6,4.8,4.0,0.8,10.0,9.0,6.0,2.0
a69d9cc1d234dbeb0a8e,2024-25,2025-04-02,Liverpool,Everton,H,S Barrott,29,11.620689655172415,9.758620689655173,6.344827586206897,4.103448275862069,1.8620689655172413,14,11.5,10.571428571428571,5.785714285714286,4.857142857142857,10.666666666666666,10.6,11.6,7.666666666666667,8.8,9.2,5.4,4.4,0.8,7.0,11.0,11.0,2.0
66745bbf49d7d8060b2a,2024-25,2025-04-06,Liverpool,Fulham,A,C Kavanagh,30,11.466666666666667,9.8,6.5,4.133333333333334,1.8666666666666667,15,11.733333333333333,9.0,6.866666666666666,3.4,9.666666666666666,9.0,11.3,10.333333333333334,8.4,9.6,6.8,4.8,0.8,9.0,10.0,4.0,0.0
228006295a08042d77a3,2024-25,2025-04-13,Liverpool,West Ham United,H,A Madley,31,11.387096774193548,9.806451612903226,6.419354838709677,4.129032258064516,1.8064516129032258,15,11.2,10.6,6.133333333333334,4.866666666666666,8.666666666666666,9.6,10.8,10.0,8.8,10.0,6.0,4.4,0.8,15.0,8.0,10.0,0.0
33afc239ca752bd3e8c0,2024-25,2025-04-20,Liverpool,Leicester,A,S Attwell,32,11.5,9.75,6.53125,4.09375,1.75,16,11.5625,9.0625,6.6875,3.4375,10.333333333333334,10.6,11.3,9.666666666666666,9.8,9.7,7.0,3.6,0.8,7.0,11.0,13.0,2.0
d86d2f05dcc2e9201238,2024-25,2025-04-27,Liverpool,Tottenham,H,T Bramall,33,11.363636363636363,9.787878787878787,6.7272727272727275,4.0,1.7575757575757576,16,11.4375,10.4375,6.375,4.75,10.333333333333334,9.6,11.1,9.666666666666666,9.8,9.3,8.8,3.4,1.2,16.0,9.0,8.0,2.0
852dab646e83efe43b59,2024-25,2025-05-04,Liverpool,Chelsea,A,S Hooper,34,11.5,9.764705882352942,6.764705882352941,3.9411764705882355,1.7647058823529411,17,11.294117647058824,9.176470588235293,7.0588235294117645,3.2941176470588234,12.666666666666666,10.8,10.7,9.333333333333334,9.8,9.3,9.2,3.0,1.2,11.0,10.0,6.0,2.0
ce5ad1681cd296f4ff1d,2024-25,2025-05-11,Liverpool,Arsenal,H,A Taylor,35,11.485714285714286,9.771428571428572,6.742857142857143,3.914285714285714,1.7714285714285714,17,11.705882352941176,10.352941176470589,6.470588235294118,4.588235294117647,11.333333333333334,11.6,10.3,10.0,9.6,9.0,8.2,2.6,1.2,13.0,10.0,3.0,1.0
5f94ae890443fb42f0f5,2024-25,2025-05-19,Liverpool,Brighton & Hove Albion,A,J Brooks,36,11.527777777777779,9.777777777777779,6.638888888888889,3.8333333333333335,1.75,18,11.277777777777779,9.222222222222221,7.0,3.2777777777777777,13.333333333333334,12.4,11.0,9.666666666666666,9.6,9.2,8.0,2.0,1.4,8.0,9.0,3.0,0.0
a9586b25fd7e2f479701,2024-25,2025-05-25,Liverpool,Crystal Palace,H,D England,37,11.432432432432432,9.756756756756756,6.54054054054054,3.810810810810811,1.7027027027027026,18,11.777777777777779,10.333333333333334,6.277777777777778,4.388888888888889,10.666666666666666,11.0,10.8,9.666666666666666,9.8,9.8,6.6,2.0,1.4,7.0,10.0,11.0,1.0
ceb89c6b965000bb9f36,2024-25,2024-08-18,Manchester City,Chelsea,A,A Taylor,0,,,,,,0,,,,,,,,,,,,,,9.0,12.0,3.0,1.0
bd7038b597d2f59a2c1f,2024-25,2024-08-24,Manchester City,Ipswich,H,M Salisbury,1,9.0,12.0,3.0,4.0,1.0,0,,,,,9.0,9.0,9.0,12.0,12.0,12.0,3.0,4.0,1.0,4.0,15.0,10.0,2.0
1935e2edb59fc7a29fb9,2024-25,2024-08-31,Manchester City,West Ham United,A,M Oliver,2,6.5,13.5,6.5,2.5,1.5,1,9.0,12.0,3.0,4.0,6.5,6.5,6.5,13.5,13.5,13.5,6.5,2.5,1.5,3.0,10.0,11.0,2.0
0ff93546de9be99244f6,2024-25,2024-09-14,Manchester City,Brentford,H,D Bond,3,5.333333333333333,12.333333333333334,8.0,2.6666666666666665,1.6666666666666667,1,4.0,15.0,10.0,1.0,5.333333333333333,5.333333333333333,5.333333333333333,12.333333333333334,12.333333333333334,12.333333333333334,8.0,2.6666666666666665,1.6666666666666667,9.0,3.0,12.0,3.0
da78061fe4581a01946e,2024-25,2024-09-22,Manchester City,Arsenal,H,M Oliver,4,6.25,10.0,9.0,2.75,2.0,2,6.5,9.0,11.0,2.0,5.333333333333333,6.25,6.25,9.333333333333334,10.0,10.0,9.0,2.75,2.0,7.0,10.0,8.0,3.0
2c2b592e65937d21f251,2024-25,2024-09-28,Manchester City,Newcastle United,A,J Gillett,5,6.4,10.0,8.8,2.6,2.2,2,6.0,11.0,7.0,3.5,6.333333333333333,6.4,6.4,7.666666666666667,10.0,10.0,8.8,2.6,2.2,10.0,14.0,6.0,4.0
6cccf9717233a8f9fb4d,2024-25,2024-10-05,Manchester City,Fulham,H,P Bankes,6,7.0,10.666666666666666,8.333333333333334,3.0,2.5,3,6.666666666666667,9.333333333333334,10.0,2.0,8.666666666666666,6.6,7.0,9.0,10.4,10.666666666666666,9.4,2.8,2.8,4.0,10.0,8.0,2.0
8561ac5b59e0daf4b267,2024-25,2024-10-20,Manchester City,Wolverhampton Wanderers,A,C Kavanagh,7,6.571428571428571,10.571428571428571,8.285714285714286,3.0,2.4285714285714284,3,7.333333333333333,12.0,6.666666666666667,4.0,7.0,6.6,6.571428571428571,11.333333333333334,9.4,10.571428571428571,9.0,3.2,2.8,5.0,8.0,18.0,1.0
dd2d969ec5f39086b319,2024-25,2024-10-26,Manchester City,Southampton,H,T Harrington,8,6.375,10.25,9.5,2.75,2.25,4,6.0,9.5,9.5,2.25,6.333333333333333,7.0,6.375,10.666666666666666,9.0,10.25,10.4,2.8,2.6,9.0,9.0,12.0,1.0
e21489c412ff2bcf2509,2024-25,2024-11-02,Manchester City,Bournemouth,A,M Oliver,9,6.666666666666667,10.11111111111111,9.777777777777779,2.5555555555555554,2.111111111111111,4,6.75,11.0,9.5,3.25,6.0,7.0,6.666666666666667,9.0,10.2,10.11111111111111,10.4,2.4,2.2,6.0,11.0,10.0,1.0
7928fcde7ef73f0528db,2024-25,2024-11-09,Manchester City,Brighton & Hove Albion,A,S Barrott,10,6.6,10.2,9.8,2.6,2.0,5,6.6,11.0,9.6,3.2,6.666666666666667,6.8,6.6,9.333333333333334,10.4,10.2,10.8,2.6,1.8,10.0,12.0,4.0,3.0
a23bdaacb7ad24b73a91,2024-25,2024-11-23,Manchester City,Tottenham,H,J Brooks,11,6.909090909090909,10.363636363636363,9.272727272727273,2.3636363636363638,2.090909090909091,5,6.6,9.4,10.0,2.0,8.333333333333334,6.8,6.7,10.666666666666666,10.0,10.2,10.4,1.6,1.6,19.0,9.0,9.0,4.0
cbe189431fe4c44b1d94,2024-25,2024-12-01,Manchester City,Liverpool,A,C Kavanagh,12,7.916666666666667,10.25,9.25,2.4166666666666665,2.25,6,7.166666666666667,11.166666666666666,8.666666666666666,2.6666666666666665,11.666666666666666,9.8,8.2,10.666666666666666,9.8,9.6,10.6,1.6,2.0,8.0,9.0,4.0,3.0
4844d38e8d9c861d892e,2024-25,2024-12-04,Manchester City,Nottingham Forest,H,M Oliver,13,7.923076923076923,10.153846153846153,8.846153846153847,2.769230769230769,2.3076923076923075,6,8.666666666666666,9.333333333333334,9.833333333333334,2.1666666666666665,12.333333333333334,10.4,8.7,10.0,10.0,9.5,7.8,2.8,2.4,7.0,15.0,8.0,2.0
a91700170dd3ba5b62fb,2024-25,2024-12-07,Manchester City,Crystal Palace,A,R Jones,14,7.857142857142857,10.5,8.785714285714286,2.7142857142857144,2.2857142857142856,7,7.285714285714286,10.857142857142858,8.0,3.2857142857142856,11.333333333333334,10.0,8.5,11.0,11.2,10.7,7.0,3.0,2.6,10.0,4.0,8.0,0.0
6caa5d49bba70d33ea9d,2024-25,2024-12-15,Manchester City,Manchester United,H,A Taylor,15,8.0,10.066666666666666,8.733333333333333,2.933333333333333,2.1333333333333333,7,8.428571428571429,10.142857142857142,9.571428571428571,2.142857142857143,8.333333333333334,10.8,8.8,9.333333333333334,9.8,10.1,6.6,3.6,2.4,5.0,14.0,8.0,1.0
d066471020c8d296310d,2024-25,2024-12-21,Manchester City,Aston Villa,A,P Bankes,16,7.8125,10.3125,8.6875,2.875,2.0625,8,7.625,10.0,8.0,3.625,7.333333333333333,9.8,8.3,11.0,10.2,10.1,7.4,4.0,2.0,7.0,14.0,4.0,3.0
cb99d680c73b30395d8e,2024-25,2024-12-26,Manchester City,Everton,H,S Hooper,17,7.764705882352941,10.529411764705882,8.411764705882353,3.0,2.1176470588235294,8,8.0,10.625,9.375,2.125,7.333333333333333,7.4,8.6,10.666666666666666,11.2,10.5,6.4,4.4,1.8,5.0,10.0,8.0,1.0
bb6be406e35f3deb4033,2024-25,2024-12-29,Manchester City,Leicester,A,M Oliver,18,7.611111111111111,10.5,8.38888888888889,3.111111111111111,2.0555555555555554,9,7.555555555555555,10.444444444444445,7.555555555555555,3.7777777777777777,5.666666666666667,6.8,8.6,12.666666666666666,11.4,10.7,7.2,4.0,1.4,6.0,11.0,4.0,1.0
13afa4ae3e5c1ed73219,2024-25,2025-01-04,Manchester City,West Ham United,H,M Salisbury,19,7.526315789473684,10.526315789473685,8.157894736842104,3.1578947368421053,2.0,9,7.666666666666667,10.555555555555555,9.222222222222221,2.4444444444444446,6.0,6.6,8.3,11.666666666666666,10.6,10.9,6.4,4.4,1.2,8.0,13.0,7.0,2.0
8bedeefaf5d6e80db912,2024-25,2025-01-14,Manchester City,Brentford,A,A Taylor,20,7.55,10.65,8.1,3.05,2.0,10,7.4,10.5,7.2,3.8,6.333333333333333,6.2,8.5,11.333333333333334,12.4,11.1,6.2,3.4,1.6,4.0,4.0,5.0,0.0
6797376b42db691daf9a,2024-25,2025-01-19,Manchester City,Ipswich,A,S Barrott,21,7.380952380952381,10.333333333333334,7.9523809523809526,3.0952380952380953,1.9047619047619047,11,7.090909090909091,9.909090909090908,7.0,3.8181818181818183,6.0,6.0,7.9,9.333333333333334,10.4,10.3,5.6,3.8,1.4,7.0,4.0,7.0,1.0
d78d30f9021e9b579c0b,2024-25,2025-01-25,Manchester City,Chelsea,H,J Brooks,22,7.363636363636363,10.045454545454545,7.909090909090909,3.1363636363636362,1.8636363636363635,10,7.7,10.8,9.0,2.3,6.333333333333333,6.0,6.7,7.0,8.4,9.8,6.2,3.6,1.0,6.0,8.0,2.0,3.0
f2d47a587223227036ef,2024-25,2025-02-02,Manchester City,Arsenal,A,P Bankes,23,7.304347826086956,9.956521739130435,7.6521739130434785,3.1739130434782608,1.9130434782608696,12,7.083333333333333,9.416666666666666,7.0,3.8333333333333335,5.666666666666667,6.2,6.5,5.333333333333333,8.0,9.7,5.0,3.4,1.4,7.0,6.0,2.0,0.0
cf1decfb6f8cd529b5c4,2024-25,2025-02-15,Manchester City,Newcastle United,H,A Madley,24,7.291666666666667,9.791666666666666,7.416666666666667,3.25,1.8333333333333333,11,7.545454545454546,10.545454545454545,8.363636363636363,2.4545454545454546,6.666666666666667,6.4,6.5,6.0,7.0,8.8,4.6,3.6,1.2,5.0,13.0,7.0,0.0
893783e9e9efa35687da,2024-25,2025-02-23,Manchester City,Liverpool,H,A Taylor,25,7.2,9.92,7.4,3.28,1.76,12,7.333333333333333,10.75,8.25,2.5833333333333335,6.0,5.8,6.0,9.0,7.0,9.7,4.6,4.2,0.8,3.0,10.0,7.0,0.0
83d08e092a4018ea519c,2024-25,2025-02-26,Manchester City,Tottenham,A,J Gillett,26,7.038461538461538,9.923076923076923,7.384615384615385,3.3461538461538463,1.6923076923076923,13,7.076923076923077,9.153846153846153,6.615384615384615,3.923076923076923,5.0,5.6,5.8,9.666666666666666,8.2,9.3,5.0,4.4,0.8,15.0,12.0,3.0,0.0
f972e096278b5ade1aba,2024-25,2025-03-08,Manchester City,Nottingham Forest,A,C Kavanagh,27,7.333333333333333,10.0,7.222222222222222,3.5185185185185186,1.6296296296296295,14,7.642857142857143,9.357142857142858,6.357142857142857,4.214285714285714,7.666666666666667,7.2,6.6,11.666666666666666,9.8,9.1,4.2,5.2,0.6,7.0,9.0,2.0,2.0
e0a957f97d244a2af43d,2024-25,2025-03-15,Manchester City,Brighton & Hove Albion,H,S Hooper,28,7.321428571428571,9.964285714285714,7.035714285714286,3.5,1.6428571428571428,13,7.0,10.692307692307692,8.153846153846153,2.769230769230769,8.333333333333334,7.4,6.8,10.333333333333334,10.0,9.0,4.2,5.0,0.4,10.0,10.0,4.0,2.0
4a3a1d69299d67d57607,2024-25,2025-04-02,Manchester City,Leicester,H,D England,29,7.413793103448276,9.96551724137931,6.931034482758621,3.5517241379310347,1.6551724137931034,14,7.214285714285714,10.642857142857142,7.857142857142857,2.9285714285714284,10.666666666666666,8.0,7.2,10.333333333333334,10.8,8.9,4.6,5.0,0.8,11.0,8.0,5.0,1.0
f23480af2b86bb1b909b,2024-25,2025-04-06,Manchester City,Manchester United,A,J Brooks,30,7.533333333333333,9.9,6.866666666666666,3.433333333333333,1.6333333333333333,15,7.6,9.333333333333334,6.066666666666666,4.133333333333334,9.333333333333334,9.2,7.5,9.0,9.8,8.4,4.2,4.2,1.0,9.0,13.0,3.0,2.0
58bbd2c2f6b3e4a74e20,2024-25,2025-04-12,Manchester City,Crystal Palace,H,J Gillett,31,7.580645161290323,10.0,6.741935483870968,3.4838709677419355,1.6451612903225807,15,7.466666666666667,10.466666666666667,7.666666666666667,2.7333333333333334,10.0,10.4,8.0,10.333333333333334,10.4,9.3,3.4,4.2,1.4,10.0,16.0,1.0,2.0
0d962805963ff0423ed0,2024-25,2025-04-19,Manchester City,Everton,A,S Hooper,32,7.65625,10.1875,6.5625,3.5,1.65625,16,7.6875,9.5625,5.875,4.1875,10.0,9.4,8.3,12.333333333333334,11.2,10.5,3.0,3.4,1.8,6.0,7.0,5.0,0.0
6e1aa2a4d7b78f7d481d,2024-25,2025-04-22,Manchester City,Aston Villa,H,C Pawson,33,7.606060606060606,10.090909090909092,6.515151515151516,3.4545454545454546,1.606060606060606,16,7.625,10.8125,7.25,2.8125,8.333333333333334,9.2,8.3,12.0,10.8,10.4,3.6,3.2,1.4,9.0,10.0,10.0,3.0
95b39f526986307c2ec8,2024-25,2025-05-02,Manchester City,Wolverhampton Wanderers,H,P Bankes,34,7.647058823529412,10.088235294117647,6.617647058823529,3.411764705882353,1.6470588235294117,17,7.705882352941177,10.764705882352942,7.411764705882353,2.764705882352941,8.333333333333334,9.0,8.5,11.0,10.8,10.8,4.8,2.6,1.6,7.0,11.0,4.0,0.0
00e33bf49fbd87348cc3,2024-25,2025-05-10,Manchester City,Southampton,A,T Robinson,35,7.628571428571429,10.114285714285714,6.542857142857143,3.4571428571428573,1.6,17,7.588235294117647,9.411764705882353,5.823529411764706,4.0588235294117645,7.333333333333333,8.2,8.7,9.333333333333334,11.4,10.6,4.6,3.6,1.4,8.0,9.0,15.0,0.0
d5aa0d786abc3ef9a53f,2024-25,2025-05-20,Manchester City,Bournemouth,H,T Bramall,36,7.638888888888889,10.083333333333334,6.777777777777778,3.388888888888889,1.5555555555555556,18,7.666666666666667,10.777777777777779,7.222222222222222,2.888888888888889,8.0,8.0,9.2,10.0,10.6,10.5,7.0,2.8,1.0,7.0,13.0,3.0,1.0
915d70969705ea41e9ae,2024-25,2025-05-25,Manchester City,Fulham,A,A Madley,37,7.621621621621622,10.162162162162161,6.675675675675675,3.324324324324324,1.5405405405405406,18,7.611111111111111,9.38888888888889,6.333333333333333,3.888888888888889,7.333333333333333,7.4,8.4,11.0,10.0,10.6,7.4,2.2,0.8,5.0,11.0,6.0,0.0
16997dc9cef7ead29809,2024-25,2024-08-16,Manchester United,Fulham,H,R Jones,0,,,,,,0,,,,,,,,,,,,,,12.0,10.0,7.0,2.0
d1f8a476dab9e0960636,2024-25,2024-08-24,Manchester United,Brighton & Hove Albion,A,C Pawson,1,12.0,10.0,7.0,8.0,2.0,0,,,,,12.0,12.0,12.0,10.0,10.0,10.0,7.0,8.0,2.0,13.0,9.0,4.0,2.0
a8cb75de1bfa7733e574,2024-25,2024-09-01,Manchester United,Liverpool,H,A Taylor,2,12.5,9.5,5.5,6.0,2.0,1,12.0,10.0,7.0,8.0,12.5,12.5,12.5,9.5,9.5,9.5,5.5,6.0,2.0,7.0,7.0,5.0,4.0
baa5123368738159d564,2024-25,2024-09-14,Manchester United,Southampton,A,S Attwell,3,10.666666666666666,8.666666666666666,5.333333333333333,4.666666666666667,2.6666666666666665,1,13.0,9.0,4.0,4.0,10.666666666666666,10.666666666666666,10.666666666666666,8.666666666666666,8.666666666666666,8.666666666666666,5.333333333333333,4.666666666666667,2.6666666666666665,14.0,11.0,7.0,4.0
39c8cb44a9e6e25cf2e3,2024-25,2024-09-21,Manchester United,Crystal Palace,A,D Coote,4,11.5,9.25,5.75,3.5,3.0,2,13.5,10.0,5.5,2.0,11.333333333333334,11.5,11.5,9.0,9.25,9.25,5.75,3.5,3.0,12.0,7.0,11.0,1.0
e160766252655a401d4c,2024-25,2024-09-29,Manchester United,Tottenham,H,C Kavanagh,5,11.6,8.8,6.8,3.6,2.6,2,9.5,8.5,6.0,5.0,11.0,11.6,11.6,8.333333333333334,8.8,8.8,6.8,3.6,2.6,16.0,14.0,5.0,5.0
6fd69feb5a7eebf6d1a4,2024-25,2024-10-06,Manchester United,Aston Villa,A,R Jones,6,12.333333333333334,9.666666666666666,6.5,3.5,3.0,3,13.0,9.0,7.333333333333333,2.6666666666666665,14.0,12.4,12.333333333333334,10.666666666666666,9.6,9.666666666666666,6.4,2.6,3.2,11.0,12.0,3.0,5.0
ffbabf26ae3bf005f935,2024-25,2024-10-19,Manchester United,Brentford,H,S Barrott,7,12.142857142857142,10.0,6.0,3.857142857142857,3.2857142857142856,3,11.666666666666666,10.333333333333334,5.666666666666667,4.333333333333333,13.0,12.0,12.142857142857142,11.0,10.2,10.0,6.2,3.0,3.8,14.0,5.0,9.0,2.0
4bba1eecce8d84dce07e,2024-25,2024-10-27,Manchester United,West Ham United,A,D Coote,8,12.375,9.375,6.375,3.625,3.125,4,12.5,9.75,6.25,3.5,13.666666666666666,13.4,12.375,10.333333333333334,9.8,9.375,7.0,3.0,3.4,7.0,6.0,5.0,1.0
83814d1b1d971965ba09,2024-25,2024-11-03,Manchester United,Chelsea,H,R Jones,9,11.777777777777779,9.0,6.222222222222222,3.888888888888889,2.888888888888889,4,12.25,9.0,6.5,3.75,10.666666666666666,12.0,11.777777777777779,7.666666666666667,8.8,9.0,6.6,4.2,2.8,19.0,14.0,4.0,6.0
432559e11c3db283c575,2024-25,2024-11-10,Manchester United,Leicester,H,P Bankes,10,12.5,9.5,6.0,4.3,3.2,5,13.6,10.0,6.0,4.6,13.333333333333334,13.4,12.5,8.333333333333334,10.2,9.5,5.2,5.0,3.8,9.0,5.0,1.0,0.0
843e34d2f9be09f8e388,2024-25,2024-11-24,Manchester United,Ipswich,A,A Taylor,11,12.181818181818182,9.090909090909092,5.545454545454546,4.363636363636363,2.909090909090909,5,11.4,9.0,6.0,4.0,11.666666666666666,12.0,12.2,8.333333333333334,8.4,9.0,4.4,5.4,2.8,10.0,11.0,3.0,0.0
a9fedd6aef3d2f858598,2024-25,2024-12-01,Manchester United,Everton,H,J Brooks,12,12.0,9.25,5.333333333333333,4.333333333333333,2.6666666666666665,6,12.833333333333334,9.166666666666666,5.166666666666667,4.666666666666667,12.666666666666666,11.8,11.9,10.0,8.2,9.2,4.4,5.0,1.8,12.0,12.0,2.0,2.0
366feb81e9190b85b676,2024-25,2024-12-04,Manchester United,Arsenal,A,S Barrott,13,12.0,9.461538461538462,5.076923076923077,4.153846153846154,2.6153846153846154,6,11.166666666666666,9.333333333333334,5.5,4.0,10.333333333333334,11.4,12.4,9.333333333333334,9.6,9.7,3.0,5.0,1.8,8.0,12.0,0.0,3.0
a30a23d6aeb7843c42b7,2024-25,2024-12-07,Manchester United,Nottingham Forest,H,D England,14,11.714285714285714,9.642857142857142,4.714285714285714,4.785714285714286,2.642857142857143,7,12.714285714285714,9.571428571428571,4.714285714285714,4.285714285714286,10.0,11.6,11.8,11.666666666666666,10.8,9.8,2.0,6.4,2.2,10.0,13.0,5.0,0.0
6caa5d49bba70d33ea9d,2024-25,2024-12-15,Manchester United,Manchester City,A,A Taylor,15,11.6,9.866666666666667,4.733333333333333,4.666666666666667,2.466666666666667,7,10.714285714285714,9.714285714285714,4.714285714285714,5.285714285714286,10.0,9.8,11.6,12.333333333333334,10.6,10.4,2.2,5.4,1.0,14.0,5.0,2.0,1.0
d22e35bb6126a5a82e19,2024-25,2024-12-22,Manchester United,Bournemouth,H,C Pawson,16,11.75,9.5625,4.5625,4.875,2.375,8,12.375,10.0,4.75,4.125,10.666666666666666,10.8,11.4,10.0,10.6,9.5,2.4,6.0,1.2,11.0,11.0,13.0,1.0
ffe8b88d4326726b33ff,2024-25,2024-12-26,Manchester United,Wolverhampton Wanderers,A,T Harrington,17,11.705882352941176,9.647058823529411,5.0588235294117645,4.647058823529412,2.2941176470588234,8,11.125,9.125,4.375,5.625,11.666666666666666,11.0,11.4,9.666666666666666,10.6,9.4,4.4,5.4,1.4,12.0,12.0,4.0,2.0
4f9cba2c155fff6dd789,2024-25,2024-12-30,Manchester United,Newcastle United,H,S Hooper,18,11.722222222222221,9.777777777777779,5.0,4.611111111111111,2.2777777777777777,9,12.222222222222221,10.11111111111111,5.666666666666667,3.7777777777777777,12.333333333333334,11.0,11.2,9.333333333333334,10.6,10.1,4.8,5.8,1.4,13.0,8.0,2.0,1.0
05f21f39fc820865a17e,2024-25,2025-01-05,Manchester United,Liverpool,A,M Oliver,19,11.789473684210526,9.68421052631579,4.842105263157895,4.526315789473684,2.210526315789474,9,11.222222222222221,9.444444444444445,4.333333333333333,5.444444444444445,12.0,12.0,11.8,10.333333333333334,9.8,10.3,5.2,3.8,1.0,13.0,10.0,9.0,4.0
79ac2ac5d37cf9701560,2024-25,2025-01-16,Manchester United,Southampton,H,J Brooks,20,11.85,9.7,5.05,4.6,2.3,10,12.3,9.9,5.3,3.7,12.666666666666666,12.6,11.2,10.0,9.2,9.9,6.0,4.4,1.8,7.0,10.0,5.0,1.0
745f0018a6cb843f9bfa,2024-25,2025-01-19,Manchester United,Brighton & Hove Albion,H,P Bankes,21,11.619047619047619,9.714285714285714,5.0476190476190474,4.571428571428571,2.238095238095238,11,11.818181818181818,9.909090909090908,5.2727272727272725,3.727272727272727,11.0,11.2,11.0,9.333333333333334,10.2,10.4,6.6,3.6,1.8,13.0,12.0,4.0,3.0
433cab5f11ea07db13fd,2024-25,2025-01-26,Manchester United,Fulham,A,A Taylor,22,11.681818181818182,9.818181818181818,5.0,4.454545454545454,2.272727272727273,10,11.4,9.5,4.8,5.5,11.0,11.6,11.3,10.666666666666666,10.4,10.5,4.8,3.8,2.2,9.0,7.0,0.0,1.0
4abb421b026e2452bf40,2024-25,2025-02-02,Manchester United,Crystal Palace,H,J Brooks,23,11.565217391304348,9.695652173913043,4.782608695652174,4.391304347826087,2.217391304347826,12,11.916666666666666,10.083333333333334,5.166666666666667,3.5833333333333335,9.666666666666666,11.0,11.0,9.666666666666666,9.4,10.0,4.0,3.6,2.0,12.0,13.0,11.0,3.0
fe677c72d2b0c0548c55,2024-25,2025-02-16,Manchester United,Tottenham,A,P Bankes,24,11.583333333333334,9.833333333333334,5.041666666666667,4.208333333333333,2.25,11,11.181818181818182,9.272727272727273,4.363636363636363,5.2727272727272725,11.333333333333334,10.8,11.4,10.666666666666666,10.4,10.1,5.8,3.0,2.4,9.0,13.0,5.0,2.0
6f13a59b49ded5abc9ab,2024-25,2025-02-22,Manchester United,Everton,A,A Madley,25,11.48,9.96,5.04,4.44,2.24,12,11.0,9.583333333333334,4.416666666666667,5.666666666666667,10.0,10.0,11.3,11.0,11.0,10.1,5.0,3.8,2.0,9.0,12.0,9.0,1.0
4ca3a316433a04fd023e,2024-25,2025-02-26,Manchester United,Ipswich,H,D England,26,11.384615384615385,10.038461538461538,5.1923076923076925,4.538461538461538,2.1923076923076925,13,11.923076923076923,10.307692307692308,5.615384615384615,3.3076923076923075,10.0,10.4,10.8,12.666666666666666,11.4,10.8,5.8,4.4,2.0,9.0,16.0,5.0,4.0
516c0de6028a40405999,2024-25,2025-03-09,Manchester United,Arsenal,H,A Taylor,27,11.296296296296296,10.25925925925926,5.185185185185185,4.592592592592593,2.259259259259259,14,11.714285714285714,10.714285714285714,5.571428571428571,3.5,9.0,9.6,10.6,13.666666666666666,12.2,11.3,6.0,5.2,2.2,8.0,11.0,2.0,0.0
7f6c9d63bdd0715476c7,2024-25,2025-03-16,Manchester United,Leicester,A,T Bramall,28,11.178571428571429,10.285714285714286,5.071428571428571,4.75,2.1785714285714284,13,10.846153846153847,9.76923076923077,4.769230769230769,5.769230769230769,8.666666666666666,9.4,10.2,13.0,13.0,11.2,6.4,6.4,2.0,6.0,6.0,4.0,0.0
71ee351f86c6fe662433,2024-25,2025-04-01,Manchester United,Nottingham Forest,A,J Gillett,29,11.0,10.137931034482758,5.0344827586206895,4.793103448275862,2.103448275862069,14,10.5,9.5,4.714285714285714,5.785714285714286,7.666666666666667,8.2,9.5,11.0,11.6,11.0,5.0,7.6,1.4,12.0,5.0,10.0,3.0
f23480af2b86bb1b909b,2024-25,2025-04-06,Manchester United,Manchester City,H,J Brooks,30,11.033333333333333,9.966666666666667,5.2,4.733333333333333,2.1333333333333333,15,11.466666666666667,10.733333333333333,5.333333333333333,3.8666666666666667,8.666666666666666,8.8,9.4,7.333333333333333,10.0,10.5,6.0,6.2,1.6,13.0,9.0,5.0,3.0
ff9f29ca53e8ebe3309b,2024-25,2025-04-13,Manchester United,Newcastle United,A,C Kavanagh,31,11.096774193548388,9.935483870967742,5.193548387096774,4.67741935483871,2.161290322580645,15,10.6,9.2,5.066666666666666,5.6,10.333333333333334,9.6,10.0,6.666666666666667,9.4,10.4,5.2,5.4,2.0,9.0,7.0,2.0,2.0
5ca56c3d9972454d6162,2024-25,2025-04-20,Manchester United,Wolverhampton Wanderers,H,R Jones,32,11.03125,9.84375,5.09375,4.75,2.15625,16,11.5625,10.625,5.3125,3.8125,11.333333333333334,9.6,9.6,7.0,7.6,9.9,4.6,5.6,1.6,11.0,18.0,9.0,2.0
beec82698db68a88d05f,2024-25,2025-04-27,Manchester United,Bournemouth,A,P Bankes,33,11.030303030303031,10.090909090909092,5.212121212121212,4.666666666666667,2.1515151515151514,16,10.5,9.0625,4.875,5.6875,11.0,10.2,9.8,11.333333333333334,9.0,11.0,6.0,4.2,2.0,12.0,11.0,10.0,2.0
043067b9c89c5fe9b6e4,2024-25,2025-05-04,Manchester United,Brentford,A,A Taylor,34,11.058823529411764,10.117647058823529,5.352941176470588,4.676470588235294,2.1470588235294117,17,10.588235294117647,9.176470588235293,5.176470588235294,5.647058823529412,10.666666666666666,11.4,9.8,12.0,10.0,10.8,7.2,4.0,2.4,10.0,8.0,4.0,2.0
5961d57c661ead305810,2024-25,2025-05-11,Manchester United,West Ham United,H,J Gillett,35,11.028571428571428,10.057142857142857,5.314285714285714,4.742857142857143,2.142857142857143,17,11.529411764705882,11.058823529411764,5.529411764705882,3.7058823529411766,11.0,11.0,9.9,12.333333333333334,10.6,10.3,6.0,4.8,2.2,3.0,13.0,8.0,0.0
96026f9680d350aeebdd,2024-25,2025-05-16,Manchester United,Chelsea,A,C Kavanagh,36,10.805555555555555,10.13888888888889,5.388888888888889,4.75,2.0833333333333335,18,10.555555555555555,9.11111111111111,5.111111111111111,5.722222222222222,8.333333333333334,9.0,9.3,10.666666666666666,11.4,10.4,6.6,5.2,1.6,14.0,10.0,2.0,6.0
22184e5f7e54f1795026,2024-25,2025-05-25,Manchester United,Aston Villa,H,T Bramall,37,10.891891891891891,10.135135135135135,5.297297297297297,4.8108108108108105,2.189189189189189,18,11.055555555555555,11.166666666666666,5.666666666666667,3.7777777777777777,9.0,10.0,9.8,10.333333333333334,12.0,9.8,6.6,5.2,2.4,10.0,10.0,4.0,2.0
b8186753647d384486a3,2024-25,2024-08-17,Newcastle United,Southampton,H,C Pawson,0,,,,,,0,,,,,,,,,,,,,,15.0,16.0,3.0,2.0
091d7bc0171562434782,2024-25,2024-08-25,Newcastle United,Bournemouth,A,D Coote,1,15.0,16.0,3.0,12.0,2.0,0,,,,,15.0,15.0,15.0,16.0,16.0,16.0,3.0,12.0,2.0,8.0,19.0,9.0,2.0
606d99a9666f8d772db0,2024-25,2024-09-01,Newcastle United,Tottenham,H,R Jones,2,11.5,17.5,6.0,10.0,2.0,1,15.0,16.0,3.0,12.0,11.5,11.5,11.5,17.5,17.5,17.5,6.0,10.0,2.0,16.0,13.0,7.0,4.0
577b7e2ccf9200461a4c,2024-25,2024-09-15,Newcastle United,Wolverhampton Wanderers,A,C Kavanagh,3,13.0,16.0,6.333333333333333,10.666666666666666,2.6666666666666665,1,8.0,19.0,9.0,8.0,13.0,13.0,13.0,16.0,16.0,16.0,6.333333333333333,10.666666666666666,2.6666666666666665,6.0,17.0,7.0,3.0
b6976d9c682c70f34b25,2024-25,2024-09-21,Newcastle United,Fulham,A,P Bankes,4,11.25,16.25,6.5,9.0,2.75,2,7.0,18.0,8.0,6.0,10.0,11.25,11.25,16.333333333333332,16.25,16.25,6.5,9.0,2.75,8.0,16.0,0.0,0.0
2c2b592e65937d21f251,2024-25,2024-09-28,Newcastle United,Manchester City,H,J Gillett,5,10.6,16.2,5.2,8.4,2.2,2,15.5,14.5,5.0,12.0,10.0,10.6,10.6,15.333333333333334,16.2,16.2,5.2,8.4,2.2,14.0,10.0,5.0,4.0
3aa00fed1a2391931a75,2024-25,2024-10-05,Newcastle United,Everton,A,C Pawson,6,11.166666666666666,15.166666666666666,5.166666666666667,8.0,2.5,3,7.333333333333333,17.333333333333332,5.333333333333333,6.0,9.333333333333334,10.4,11.166666666666666,14.333333333333334,15.0,15.166666666666666,5.6,7.2,2.6,8.0,12.0,10.0,2.0
2844d079e4b3d2004815,2024-25,2024-10-19,Newcastle United,Brighton & Hove Albion,H,P Bankes,7,10.714285714285714,14.714285714285714,5.857142857142857,6.857142857142857,2.4285714285714284,3,15.0,13.0,5.0,10.0,10.0,10.4,10.714285714285714,12.666666666666666,13.6,14.714285714285714,5.8,5.6,2.6,11.0,9.0,9.0,2.0
b13c5f95a3a9214f6323,2024-25,2024-10-27,Newcastle United,Chelsea,A,S Hooper,8,10.75,14.0,6.25,6.5,2.375,4,7.5,16.0,6.5,4.5,11.0,9.4,10.75,10.333333333333334,12.8,14.0,6.2,4.0,2.2,16.0,13.0,4.0,3.0
4822bd8bcddd232db6df,2024-25,2024-11-02,Newcastle United,Arsenal,H,J Brooks,9,11.333333333333334,13.88888888888889,6.0,6.555555555555555,2.4444444444444446,4,14.0,12.0,6.0,8.5,11.666666666666666,11.4,11.333333333333334,11.333333333333334,12.0,13.88888888888889,5.6,4.6,2.2,16.0,18.0,4.0,4.0
ce2648568d6f1ae7deb5,2024-25,2024-11-10,Newcastle United,Nottingham Forest,A,A Taylor,10,11.8,14.3,5.8,6.5,2.6,5,9.2,15.4,6.0,5.0,14.333333333333334,13.0,11.8,13.333333333333334,12.4,14.3,6.4,4.6,3.0,6.0,13.0,5.0,1.0
77be518dd54927edfbca,2024-25,2024-11-25,Newcastle United,West Ham United,H,C Pawson,11,11.272727272727273,14.181818181818182,5.7272727272727275,6.2727272727272725,2.4545454545454546,5,14.4,13.2,5.6,8.0,12.666666666666666,11.4,10.9,14.666666666666666,13.0,14.0,6.4,4.2,2.4,11.0,8.0,8.0,1.0
4b31cb45c198a8c3e3ca,2024-25,2024-11-30,Newcastle United,Crystal Palace,A,D England,12,11.25,13.666666666666666,5.916666666666667,6.0,2.3333333333333335,6,8.666666666666666,15.0,5.833333333333333,4.833333333333333,11.0,12.0,11.2,13.0,12.2,12.9,6.0,4.8,2.2,11.0,12.0,9.0,3.0
b4afdd646217152ce3f9,2024-25,2024-12-04,Newcastle United,Liverpool,H,A Madley,13,11.23076923076923,13.538461538461538,6.153846153846154,6.153846153846154,2.3846153846153846,6,13.833333333333334,12.333333333333334,6.0,7.166666666666667,9.333333333333334,12.0,10.7,11.0,12.8,12.8,6.0,5.6,2.4,9.0,17.0,5.0,2.0
456f310919e84106ec74,2024-25,2024-12-07,Newcastle United,Brentford,A,T Robinson,14,11.071428571428571,13.785714285714286,6.071428571428571,6.142857142857143,2.357142857142857,7,9.0,14.571428571428571,6.285714285714286,5.285714285714286,10.333333333333334,10.6,11.0,12.333333333333334,13.6,12.8,6.2,5.4,2.2,7.0,10.0,4.0,0.0
656f62d8937a32eba80d,2024-25,2024-12-14,Newcastle United,Leicester,H,T Bramall,15,10.8,13.533333333333333,5.933333333333334,5.933333333333334,2.2,7,13.142857142857142,13.0,5.857142857142857,7.0,9.0,8.8,10.9,13.0,12.0,12.2,6.2,4.8,1.4,7.0,16.0,5.0,3.0
d29cc403b23fdbf2ab54,2024-25,2024-12-21,Newcastle United,Ipswich,A,S Attwell,16,10.5625,13.6875,5.875,5.6875,2.25,8,8.75,14.0,6.0,5.0,7.666666666666667,9.0,10.2,14.333333333333334,12.6,12.8,6.2,4.4,1.8,7.0,9.0,1.0,0.0
974646ea68579c5d9e19,2024-25,2024-12-26,Newcastle United,Aston Villa,H,A Taylor,17,10.352941176470589,13.411764705882353,5.588235294117647,5.470588235294118,2.1176470588235294,8,12.375,13.375,5.75,6.375,7.0,8.2,10.1,11.666666666666666,12.8,12.5,4.8,4.2,1.6,15.0,10.0,9.0,2.0
4f9cba2c155fff6dd789,2024-25,2024-12-30,Newcastle United,Manchester United,A,S Hooper,18,10.61111111111111,13.222222222222221,5.777777777777778,5.5,2.111111111111111,9,8.555555555555555,13.444444444444445,5.444444444444445,4.666666666666667,9.666666666666666,9.0,10.5,11.666666666666666,12.4,12.6,4.8,3.8,1.4,8.0,13.0,3.0,1.0
326d7127bba4a503ba15,2024-25,2025-01-04,Newcastle United,Tottenham,A,A Madley,19,10.473684210526315,13.210526315789474,5.631578947368421,5.315789473684211,2.0526315789473686,10,8.5,13.4,5.2,4.4,10.0,8.8,9.7,10.666666666666666,11.6,12.6,4.4,3.0,1.2,15.0,11.0,10.0,4.0
df29d758c0d3bfce6ecf,2024-25,2025-01-15,Newcastle United,Wolverhampton Wanderers,H,D England,20,10.7,13.1,5.85,5.5,2.15,9,12.666666666666666,13.0,6.111111111111111,6.333333333333333,12.666666666666666,10.4,9.6,11.333333333333334,11.8,11.9,5.6,4.2,2.0,10.0,13.0,4.0,0.0
7ac62d6421a0ed0d2cfa,2024-25,2025-01-18,Newcastle United,Bournemouth,H,S Attwell,21,10.666666666666666,13.095238095238095,5.761904761904762,5.333333333333333,2.0476190476190474,10,12.4,13.0,5.9,5.9,11.0,11.0,10.0,12.333333333333334,11.2,11.9,5.4,4.2,1.4,7.0,18.0,7.0,1.0
f54973d2c7a88d7c5421,2024-25,2025-01-25,Newcastle United,Southampton,A,S Barrott,22,10.5,13.318181818181818,5.818181818181818,5.363636363636363,2.0,11,9.090909090909092,13.181818181818182,5.636363636363637,4.818181818181818,10.666666666666666,11.0,9.6,14.0,13.0,12.9,6.6,5.0,1.6,5.0,10.0,8.0,0.0
0f1fb6bfb45397446372,2024-25,2025-02-01,Newcastle United,Fulham,H,C Kavanagh,23,10.26086956521739,13.173913043478262,5.913043478260869,5.260869565217392,1.9130434782608696,11,11.909090909090908,13.454545454545455,6.0,5.909090909090909,7.333333333333333,9.0,9.0,13.666666666666666,13.0,12.7,6.4,4.4,1.2,10.0,15.0,4.0,4.0
cf1decfb6f8cd529b5c4,2024-25,2025-02-15,Newcastle United,Manchester City,A,A Madley,24,10.25,13.25,5.833333333333333,5.333333333333333,2.0,12,8.75,12.916666666666666,5.833333333333333,4.666666666666667,7.333333333333333,9.4,9.1,14.333333333333334,13.4,12.5,6.6,5.4,1.8,13.0,5.0,4.0,1.0
1e29ec3c7f3b3936f340,2024-25,2025-02-23,Newcastle United,Nottingham Forest,H,J Gillett,25,10.36,12.92,5.76,5.4,1.96,12,11.75,13.583333333333334,5.833333333333333,6.0,9.333333333333334,9.0,9.7,10.0,12.2,12.0,5.4,5.0,1.2,11.0,13.0,7.0,1.0
15adbd147343bf0f6cb1,2024-25,2025-02-26,Newcastle United,Liverpool,A,C Kavanagh,26,10.384615384615385,12.923076923076923,5.8076923076923075,5.423076923076923,1.9230769230769231,13,9.076923076923077,12.307692307692308,5.6923076923076925,4.846153846153846,11.333333333333334,9.2,10.1,11.0,12.2,11.7,6.0,5.8,1.4,11.0,12.0,2.0,1.0
0d70e4615c4ef30f4023,2024-25,2025-03-10,Newcastle United,West Ham United,A,M Salisbury,27,10.407407407407407,12.88888888888889,5.666666666666667,5.37037037037037,1.8888888888888888,14,9.214285714285714,12.285714285714286,5.428571428571429,4.785714285714286,11.666666666666666,10.0,10.5,10.0,11.0,12.0,5.0,5.4,1.4,15.0,7.0,4.0,1.0
e955f346ef7c05c3beff,2024-25,2025-04-02,Newcastle United,Brentford,H,P Bankes,28,10.571428571428571,12.678571428571429,5.607142857142857,5.285714285714286,1.8571428571428572,13,11.692307692307692,13.538461538461538,5.923076923076923,6.0,12.333333333333334,12.0,10.5,10.666666666666666,10.4,11.7,4.2,5.4,1.6,12.0,12.0,4.0,1.0
f68c131c9d4a35fdbdf5,2024-25,2025-04-07,Newcastle United,Leicester,A,R Jones,29,10.620689655172415,12.655172413793103,5.551724137931035,5.275862068965517,1.8275862068965518,15,9.6,11.933333333333334,5.333333333333333,4.666666666666667,12.666666666666666,12.4,10.9,10.333333333333334,9.8,11.6,4.2,5.0,1.0,9.0,8.0,2.0,0.0
ff9f29ca53e8ebe3309b,2024-25,2025-04-13,Newcastle United,Manchester United,H,C Kavanagh,30,10.566666666666666,12.5,5.433333333333334,5.5,1.7666666666666666,14,11.714285714285714,13.428571428571429,5.785714285714286,5.928571428571429,12.0,11.6,10.3,9.0,10.4,11.3,3.8,6.0,0.8,7.0,9.0,7.0,0.0
1fa7784000feb5993730,2024-25,2025-04-16,Newcastle United,Crystal Palace,H,D England,31,10.451612903225806,12.387096774193548,5.483870967741935,5.387096774193548,1.7096774193548387,15,11.4,13.133333333333333,5.866666666666666,5.666666666666667,9.333333333333334,10.8,10.0,9.666666666666666,9.6,10.9,3.8,5.2,0.6,9.0,15.0,5.0,2.0
cfa104a47e1e8aa6f177,2024-25,2025-04-19,Newcastle United,Aston Villa,A,J Gillett,32,10.40625,12.46875,5.46875,5.34375,1.71875,16,9.5625,11.6875,5.125,5.125,8.333333333333334,10.4,10.2,10.666666666666666,10.2,10.6,4.4,5.2,0.8,12.0,9.0,7.0,3.0
b84182aeabe8d380e37a,2024-25,2025-04-26,Newcastle United,Ipswich,H,M Salisbury,33,10.454545454545455,12.363636363636363,5.515151515151516,5.393939393939394,1.7575757575757576,16,11.25,13.25,5.8125,5.5625,9.333333333333334,9.8,10.9,11.0,10.6,10.5,5.0,6.0,1.2,9.0,9.0,11.0,1.0
c7354098cb25de605b94,2024-25,2025-05-04,Newcastle United,Brighton & Hove Albion,A,C Pawson,34,10.411764705882353,12.264705882352942,5.676470588235294,5.294117647058823,1.7352941176470589,17,9.705882352941176,11.529411764705882,5.235294117647059,5.235294117647059,10.0,9.2,10.8,11.0,10.0,9.9,6.4,5.4,1.2,10.0,15.0,4.0,1.0
28961720ec8eec5813d5,2024-25,2025-05-11,Newcastle United,Chelsea,H,J Brooks,35,10.4,12.342857142857143,5.628571428571429,5.171428571428572,1.7142857142857142,17,11.117647058823529,13.0,6.117647058823529,5.352941176470588,10.333333333333334,9.4,10.5,11.0,11.4,10.9,6.8,3.2,1.4,9.0,13.0,2.0,4.0
97a51e6d338ee34b7d56,2024-25,2025-05-18,Newcastle United,Arsenal,A,S Hooper,36,10.36111111111111,12.36111111111111,5.527777777777778,5.25,1.7777777777777777,18,9.722222222222221,11.722222222222221,5.166666666666667,5.0,9.333333333333334,9.8,10.3,12.333333333333334,12.2,10.9,5.8,4.4,2.2,9.0,9.0,7.0,3.0
e799c093d21549daaf88,2024-25,2025-05-25,Newcastle United,Everton,H,T Harrington,37,10.324324324324325,12.27027027027027,5.5675675675675675,5.378378378378378,1.8108108108108107,18,11.0,13.0,5.888888888888889,5.5,9.333333333333334,9.8,10.1,12.333333333333334,11.0,10.6,6.2,5.6,2.4,12.0,9.0,12.0,1.0
fd844e217b8a15022a13,2024-25,2024-08-17,Nottingham Forest,Bournemouth,H,M Oliver,0,,,,,,0,,,,,,,,,,,,,,17.0,8.0,2.0,1.0
e86fef38676b273dd980,2024-25,2024-08-24,Nottingham Forest,Southampton,A,S Barrott,1,17.0,8.0,2.0,6.0,1.0,0,,,,,17.0,17.0,17.0,8.0,8.0,8.0,2.0,6.0,1.0,14.0,14.0,10.0,3.0
904b326342eec31a2f8e,2024-25,2024-08-31,Nottingham Forest,Wolverhampton Wanderers,H,S Hooper,2,15.5,11.0,6.0,5.0,2.0,1,17.0,8.0,2.0,6.0,15.5,15.5,15.5,11.0,11.0,11.0,6.0,5.0,2.0,15.0,18.0,7.0,3.0
2a681b581e1aa44393c9,2024-25,2024-09-14,Nottingham Forest,Liverpool,A,M Oliver,3,15.333333333333334,13.333333333333334,6.333333333333333,4.333333333333333,2.3333333333333335,1,14.0,14.0,10.0,4.0,15.333333333333334,15.333333333333334,15.333333333333334,13.333333333333334,13.333333333333334,13.333333333333334,6.333333333333333,4.333333333333333,2.3333333333333335,6.0,15.0,2.0,4.0
53ca915ea4ceb339a7b8,2024-25,2024-09-22,Nottingham Forest,Brighton & Hove Albion,A,R Jones,4,13.0,13.75,5.25,5.0,2.75,2,10.0,14.5,6.0,5.5,11.666666666666666,13.0,13.0,15.666666666666666,13.75,13.75,5.25,5.0,2.75,11.0,12.0,1.0,4.0
dcba24777921de8e73db,2024-25,2024-09-28,Nottingham Forest,Fulham,H,J Smith,5,12.6,13.4,4.4,5.8,3.0,2,16.0,13.0,4.5,4.5,10.666666666666666,12.6,12.6,15.0,13.4,13.4,4.4,5.8,3.0,11.0,15.0,6.0,2.0
3728c39b16301262f829,2024-25,2024-10-06,Nottingham Forest,Chelsea,A,C Kavanagh,6,12.333333333333334,13.666666666666666,4.666666666666667,5.666666666666667,2.8333333333333335,3,10.333333333333334,13.666666666666666,4.333333333333333,6.666666666666667,9.333333333333334,11.4,12.333333333333334,14.0,14.8,13.666666666666666,5.2,5.6,3.2,11.0,12.0,3.0,2.0
c349f872929b509adf99,2024-25,2024-10-21,Nottingham Forest,Crystal Palace,H,T Robinson,7,12.142857142857142,13.428571428571429,4.428571428571429,6.428571428571429,2.7142857142857144,3,14.333333333333334,13.666666666666666,5.0,4.666666666666667,11.0,10.8,12.142857142857142,13.0,14.4,13.428571428571429,3.8,7.0,3.0,9.0,12.0,6.0,2.0
fe8d7fbc50e3d93452a6,2024-25,2024-10-25,Nottingham Forest,Leicester,A,C Pawson,8,11.75,13.25,4.625,6.375,2.625,4,10.5,13.25,4.0,7.75,10.333333333333334,9.6,11.75,13.0,13.2,13.25,3.6,7.6,2.8,9.0,16.0,7.0,2.0
d07060ebb4dac369aafb,2024-25,2024-11-02,Nottingham Forest,West Ham United,H,P Bankes,9,11.444444444444445,13.555555555555555,4.888888888888889,6.333333333333333,2.5555555555555554,4,13.0,13.25,5.25,5.0,9.666666666666666,10.2,11.444444444444445,13.333333333333334,13.4,13.555555555555555,4.6,7.4,2.4,7.0,9.0,11.0,1.0
ce2648568d6f1ae7deb5,2024-25,2024-11-10,Nottingham Forest,Newcastle United,H,A Taylor,10,11.0,13.1,5.5,6.3,2.4,5,11.8,12.4,6.4,5.2,8.333333333333334,9.4,11.0,12.333333333333334,12.8,13.1,6.6,6.8,1.8,13.0,6.0,4.0,1.0
c824ac5097ea646b3d99,2024-25,2024-11-23,Nottingham Forest,Arsenal,A,S Hooper,11,11.181818181818182,12.454545454545455,5.363636363636363,6.181818181818182,2.272727272727273,5,10.2,13.8,4.6,7.4,9.666666666666666,9.8,10.6,10.333333333333334,11.0,12.9,6.2,6.8,1.6,1.0,10.0,1.0,2.0
17d0fdae7aa41fdd8ab2,2024-25,2024-11-30,Nottingham Forest,Ipswich,H,T Harrington,12,10.333333333333334,12.25,5.0,6.333333333333333,2.25,6,12.0,11.333333333333334,6.0,5.166666666666667,7.0,7.8,9.3,8.333333333333334,10.6,12.5,5.8,6.2,1.6,5.0,16.0,8.0,1.0
4844d38e8d9c861d892e,2024-25,2024-12-04,Nottingham Forest,Manchester City,A,M Oliver,13,9.923076923076923,12.538461538461538,5.230769230769231,6.384615384615385,2.1538461538461537,6,8.666666666666666,13.166666666666666,4.0,7.5,6.333333333333333,7.0,8.3,10.666666666666666,11.4,12.3,6.2,6.4,1.4,15.0,7.0,2.0,4.0
a30a23d6aeb7843c42b7,2024-25,2024-12-07,Nottingham Forest,Manchester United,A,D England,14,10.285714285714286,12.142857142857142,5.0,6.5,2.2857142857142856,7,9.571428571428571,12.285714285714286,3.7142857142857144,7.571428571428571,7.0,8.2,9.2,11.0,9.6,11.5,5.2,6.8,1.8,13.0,10.0,3.0,2.0
8eaaa2a999b72369b12c,2024-25,2024-12-14,Nottingham Forest,Aston Villa,H,S Barrott,15,10.466666666666667,12.0,4.866666666666666,6.4,2.2666666666666666,7,11.0,12.0,6.285714285714286,5.428571428571429,11.0,9.4,9.4,11.0,9.8,11.3,3.6,6.6,2.0,12.0,6.0,4.0,0.0
f4e38bf9778e1062dc50,2024-25,2024-12-21,Nottingham Forest,Brentford,A,M Oliver,16,10.5625,11.625,4.8125,6.1875,2.125,8,10.0,12.0,3.625,7.25,13.333333333333334,9.2,9.5,7.666666666666667,9.8,10.4,3.6,6.2,1.8,14.0,9.0,5.0,4.0
ac44f46bb23bb3ec6a6c,2024-25,2024-12-26,Nottingham Forest,Tottenham,H,C Pawson,17,10.764705882352942,11.470588235294118,4.823529411764706,6.352941176470588,2.235294117647059,8,11.125,11.25,6.0,5.125,13.0,11.8,9.8,8.333333333333334,9.6,10.1,4.4,6.4,2.2,12.0,13.0,2.0,3.0
a6cccdbafa154d272832,2024-25,2024-12-29,Nottingham Forest,Everton,A,T Harrington,18,10.833333333333334,11.555555555555555,4.666666666666667,6.388888888888889,2.2777777777777777,9,10.444444444444445,11.666666666666666,3.7777777777777777,7.444444444444445,12.666666666666666,13.2,10.1,9.333333333333334,9.0,10.2,3.2,6.4,2.6,10.0,13.0,4.0,1.0
1a440980fd4ee8a12482,2024-25,2025-01-06,Nottingham Forest,Wolverhampton Wanderers,A,P Bankes,19,10.789473684210526,11.631578947368421,4.631578947368421,6.315789473684211,2.210526315789474,10,10.4,11.8,3.8,7.2,12.0,12.2,10.2,11.666666666666666,10.2,9.9,3.6,5.8,2.0,8.0,10.0,3.0,2.0
ac23fb6fab3738a6a446,2024-25,2025-01-14,Nottingham Forest,Liverpool,H,C Kavanagh,20,10.65,11.55,4.55,6.25,2.2,9,11.222222222222221,11.444444444444445,5.555555555555555,5.333333333333333,10.0,11.2,10.3,12.0,10.2,10.0,3.6,5.8,2.0,7.0,10.0,0.0,2.0
9b210d64c16b201fff5b,2024-25,2025-01-19,Nottingham Forest,Southampton,H,A Taylor,21,10.476190476190476,11.476190476190476,4.333333333333333,6.380952380952381,2.1904761904761907,10,10.8,11.3,5.0,5.7,8.333333333333334,10.2,9.7,11.0,11.0,10.4,2.8,7.0,2.4,4.0,18.0,2.0,0.0
ac21cd8acdadf7b65840,2024-25,2025-01-25,Nottingham Forest,Bournemouth,A,C Pawson,22,10.181818181818182,11.772727272727273,4.2272727272727275,6.454545454545454,2.090909090909091,11,10.181818181818182,11.636363636363637,3.727272727272727,7.0,6.333333333333333,8.2,10.0,12.666666666666666,12.8,11.2,2.2,6.8,1.6,12.0,9.0,9.0,3.0
8570e5efd70c9cdedef0,2024-25,2025-02-01,Nottingham Forest,Brighton & Hove Albion,H,S Hooper,23,10.26086956521739,11.652173913043478,4.434782608695652,6.304347826086956,2.130434782608696,11,10.181818181818182,11.909090909090908,4.7272727272727275,5.909090909090909,7.666666666666667,8.2,10.7,12.333333333333334,12.0,10.5,3.6,6.0,1.6,8.0,13.0,4.0,1.0
3e07cfe8dd75d7c0b36f,2024-25,2025-02-15,Nottingham Forest,Fulham,A,T Bramall,24,10.166666666666666,11.708333333333334,4.416666666666667,6.291666666666667,2.0833333333333335,12,10.333333333333334,11.416666666666666,4.166666666666667,6.666666666666667,8.0,7.8,10.0,13.333333333333334,12.0,11.1,3.6,6.2,1.6,8.0,13.0,4.0,0.0
1e29ec3c7f3b3936f340,2024-25,2025-02-23,Nottingham Forest,Newcastle United,A,J Gillett,25,10.08,11.76,4.4,6.36,2.0,13,10.153846153846153,11.538461538461538,4.153846153846154,6.769230769230769,9.333333333333334,7.8,9.5,11.666666666666666,12.6,11.4,3.8,6.8,1.2,13.0,11.0,6.0,4.0
9e05757f039c2e578fd5,2024-25,2025-02-26,Nottingham Forest,Arsenal,H,A Madley,26,10.192307692307692,11.73076923076923,4.461538461538462,6.384615384615385,2.076923076923077,12,10.0,12.0,4.666666666666667,5.916666666666667,9.666666666666666,9.0,9.6,12.333333333333334,12.8,11.9,5.0,6.4,1.6,10.0,17.0,3.0,1.0
f972e096278b5ade1aba,2024-25,2025-03-08,Nottingham Forest,Manchester City,H,C Kavanagh,27,10.185185185185185,11.925925925925926,4.407407407407407,6.555555555555555,2.037037037037037,13,10.0,12.384615384615385,4.538461538461538,6.3076923076923075,10.333333333333334,10.2,9.2,13.666666666666666,12.6,12.7,5.2,7.0,1.8,9.0,7.0,3.0,3.0
eaf24b45194c0e2d0c55,2024-25,2025-03-15,Nottingham Forest,Ipswich,A,M Salisbury,28,10.142857142857142,11.75,4.357142857142857,6.392857142857143,2.0714285714285716,14,10.357142857142858,11.5,4.285714285714286,6.785714285714286,10.666666666666666,9.6,8.9,11.666666666666666,12.2,12.1,4.0,6.8,1.8,13.0,4.0,3.0,1.0
71ee351f86c6fe662433,2024-25,2025-04-01,Nottingham Forest,Manchester United,H,J Gillett,29,10.241379310344827,11.482758620689655,4.310344827586207,6.379310344827586,2.0344827586206895,14,9.928571428571429,12.0,4.428571428571429,6.0,10.666666666666666,10.6,9.2,9.333333333333334,10.4,11.2,3.8,6.8,1.8,5.0,12.0,3.0,1.0
bfd7a5e741155349f498,2024-25,2025-04-05,Nottingham Forest,Aston Villa,A,S Hooper,30,10.066666666666666,11.5,4.266666666666667,6.5,2.0,15,10.533333333333333,11.0,4.2,6.733333333333333,9.0,10.0,8.9,7.666666666666667,10.2,11.4,3.6,7.2,2.0,15.0,7.0,4.0,2.0
8307137a21f814c6d212,2024-25,2025-04-12,Nottingham Forest,Everton,H,C Pawson,31,10.225806451612904,11.35483870967742,4.258064516129032,6.419354838709677,2.0,15,9.6,12.0,4.333333333333333,6.266666666666667,11.0,10.4,9.7,7.666666666666667,9.4,11.1,3.2,6.6,1.6,9.0,13.0,1.0,0.0
529149a817e4c1386a71,2024-25,2025-04-21,Nottingham Forest,Tottenham,A,P Bankes,32,10.1875,11.40625,4.15625,6.4375,1.9375,16,10.8125,10.75,4.1875,6.5625,9.666666666666666,10.2,10.2,10.666666666666666,8.6,10.6,2.8,5.8,1.4,12.0,11.0,1.0,4.0
a955a978cde7096baf67,2024-25,2025-05-01,Nottingham Forest,Brentford,H,D England,33,10.242424242424242,11.393939393939394,4.0606060606060606,6.454545454545454,2.0,16,9.5625,12.0625,4.125,6.3125,12.0,10.8,10.2,10.333333333333334,9.4,10.8,2.4,6.8,1.6,10.0,12.0,4.0,3.0
87d84f9df92b188b9039,2024-25,2025-05-05,Nottingham Forest,Crystal Palace,A,A Madley,34,10.235294117647058,11.411764705882353,4.0588235294117645,6.411764705882353,2.0294117647058822,17,10.882352941176471,10.764705882352942,4.0,6.588235294117647,10.333333333333334,10.2,10.4,12.0,11.0,10.7,2.6,6.6,2.0,15.0,9.0,4.0,8.0
14788e605a155225a4fd,2024-25,2025-05-11,Nottingham Forest,Leicester,H,T Harrington,35,10.371428571428572,11.342857142857143,4.057142857142857,6.428571428571429,2.2,17,9.588235294117647,12.058823529411764,4.117647058823529,6.235294117647059,12.333333333333334,12.2,11.1,10.666666666666666,10.4,10.3,2.8,6.0,3.4,11.0,11.0,4.0,3.0
761c4f5e983909f891c6,2024-25,2025-05-18,Nottingham Forest,West Ham United,A,S Barrott,36,10.38888888888889,11.333333333333334,4.055555555555555,6.361111111111111,2.2222222222222223,18,11.11111111111111,10.666666666666666,4.0,6.611111111111111,12.0,11.4,10.9,10.666666666666666,11.2,10.3,2.8,6.0,3.6,7.0,14.0,7.0,3.0
d674dec66ce330323223,2024-25,2025-05-25,Nottingham Forest,Chelsea,H,A Taylor,37,10.297297297297296,11.405405405405405,4.135135135135135,6.405405405405405,2.2432432432432434,18,9.666666666666666,12.0,4.111111111111111,6.111111111111111,11.0,11.0,10.6,11.333333333333334,11.4,10.0,4.0,6.2,4.2,10.0,11.0,7.0,2.0
b8186753647d384486a3,2024-25,2024-08-17,Southampton,Newcastle United,A,C Pawson,0,,,,,,0,,,,,,,,,,,,,,16.0,15.0,12.0,4.0
e86fef38676b273dd980,2024-25,2024-08-24,Southampton,Nottingham Forest,H,S Barrott,1,16.0,15.0,12.0,3.0,4.0,0,,,,,16.0,16.0,16.0,15.0,15.0,15.0,12.0,3.0,4.0,14.0,14.0,4.0,3.0
c3b22e87ae6df2271953,2024-25,2024-08-31,Southampton,Brentford,A,J Smith,2,15.0,14.5,8.0,6.5,3.5,1,16.0,15.0,12.0,3.0,15.0,15.0,15.0,14.5,14.5,14.5,8.0,6.5,3.5,7.0,10.0,8.0,1.0
baa5123368738159d564,2024-25,2024-09-14,Southampton,Manchester United,H,S Attwell,3,12.333333333333334,13.0,8.0,5.0,2.6666666666666665,1,14.0,14.0,4.0,10.0,12.333333333333334,12.333333333333334,12.333333333333334,13.0,13.0,13.0,8.0,5.0,2.6666666666666665,11.0,14.0,0.0,1.0
9042d79724ff5d2cf4fc,2024-25,2024-09-21,Southampton,Ipswich,H,S Allison,4,12.0,13.25,6.0,5.5,2.25,2,12.5,14.0,2.0,8.5,10.666666666666666,12.0,12.0,12.666666666666666,13.25,13.25,6.0,5.5,2.25,16.0,16.0,2.0,4.0
000fa9ff79966a897e61,2024-25,2024-09-30,Southampton,Bournemouth,A,M Oliver,5,12.8,13.8,5.2,6.4,2.6,2,11.5,12.5,10.0,2.5,11.333333333333334,12.8,12.8,13.333333333333334,13.8,13.8,5.2,6.4,2.6,12.0,19.0,4.0,5.0
0d4fd39c73eb475696b5,2024-25,2024-10-05,Southampton,Arsenal,A,T Harrington,6,12.666666666666666,14.666666666666666,5.0,6.5,3.0,3,11.666666666666666,14.666666666666666,8.0,4.0,13.0,12.0,12.666666666666666,16.333333333333332,14.6,14.666666666666666,3.6,7.2,2.8,9.0,10.0,1.0,3.0
c483806f776bb7b988b7,2024-25,2024-10-19,Southampton,Leicester,H,A Taylor,7,12.142857142857142,14.0,4.428571428571429,7.428571428571429,3.0,3,13.666666666666666,14.666666666666666,2.0,9.0,12.333333333333334,11.0,12.142857142857142,15.0,13.8,14.0,3.0,7.8,2.8,10.0,10.0,10.0,5.0
dd2d969ec5f39086b319,2024-25,2024-10-26,Southampton,Manchester City,A,T Harrington,8,11.875,13.5,5.125,7.25,3.25,4,11.0,13.5,6.25,6.25,10.333333333333334,11.6,11.875,13.0,13.8,13.5,3.4,8.6,3.6,9.0,9.0,1.0,3.0
e5f6047753ca22ec72a5,2024-25,2024-11-02,Southampton,Everton,H,A Madley,9,11.555555555555555,13.0,4.666666666666667,7.777777777777778,3.2222222222222223,4,12.75,13.5,4.0,8.25,9.333333333333334,11.2,11.555555555555555,9.666666666666666,12.8,13.0,3.6,9.6,4.0,14.0,18.0,3.0,4.0
00ed886411c9ca029721,2024-25,2024-11-09,Southampton,Wolverhampton Wanderers,A,T Bramall,10,11.8,13.5,4.5,7.6,3.3,5,10.6,12.6,5.2,7.4,11.0,10.8,11.8,12.333333333333334,13.2,13.5,3.8,8.8,4.0,12.0,14.0,9.0,4.0
87ab4d723868042edf5f,2024-25,2024-11-24,Southampton,Liverpool,H,S Barrott,11,11.818181818181818,13.545454545454545,4.909090909090909,7.0,3.3636363636363638,5,13.0,14.4,3.8,7.8,11.666666666666666,10.8,11.4,13.666666666666666,12.2,13.4,4.8,7.6,3.8,11.0,9.0,3.0,3.0
1c8aeca1de557db1b45f,2024-25,2024-11-29,Southampton,Brighton & Hove Albion,A,R Jones,12,11.75,13.166666666666666,4.75,7.25,3.3333333333333335,6,10.833333333333334,12.833333333333334,5.833333333333333,6.333333333333333,12.333333333333334,11.2,11.1,13.666666666666666,12.0,12.9,5.2,7.0,3.8,16.0,20.0,6.0,4.0
08c66ef3807c02ece8f4,2024-25,2024-12-04,Southampton,Chelsea,H,T Harrington,13,12.076923076923077,13.692307692307692,4.846153846153846,7.230769230769231,3.3846153846153846,6,12.666666666666666,13.5,3.6666666666666665,8.166666666666666,13.0,12.4,12.0,14.333333333333334,14.0,13.9,4.4,7.2,3.6,7.0,14.0,5.0,1.0
b8f89ff90f9d1ab9dda2,2024-25,2024-12-07,Southampton,Aston Villa,A,D Bond,14,11.714285714285714,13.714285714285714,4.857142857142857,7.214285714285714,3.2142857142857144,7,11.571428571428571,13.857142857142858,5.857142857142857,6.428571428571429,11.333333333333334,12.0,11.6,14.333333333333334,15.0,13.9,5.2,6.2,3.2,15.0,18.0,1.0,3.0
4a8993c3b418348ae621,2024-25,2024-12-15,Southampton,Tottenham,H,D England,15,11.933333333333334,14.0,4.6,7.666666666666667,3.2,7,11.857142857142858,13.571428571428571,3.857142857142857,8.0,12.666666666666666,12.2,11.5,17.333333333333332,15.0,14.1,4.8,7.8,3.0,8.0,15.0,2.0,1.0
eb3b67b5666f5f159cf8,2024-25,2024-12-22,Southampton,Fulham,A,T Robinson,16,11.6875,14.0625,4.4375,7.5,3.0625,8,12.0,14.375,5.25,7.375,10.0,11.4,11.1,15.666666666666666,15.2,13.7,3.4,8.6,2.4,15.0,8.0,5.0,3.0
047554d353cbf958c798,2024-25,2024-12-26,Southampton,West Ham United,H,L Smith,17,11.882352941176471,13.705882352941176,4.470588235294118,7.411764705882353,3.0588235294117645,8,11.375,13.75,3.625,7.625,12.666666666666666,12.2,11.7,13.666666666666666,15.0,13.5,3.8,7.8,2.4,15.0,8.0,2.0,1.0
9b25210013baf99ab905,2024-25,2024-12-29,Southampton,Crystal Palace,A,M Salisbury,18,12.055555555555555,13.38888888888889,4.333333333333333,7.111111111111111,2.9444444444444446,9,12.333333333333334,13.666666666666666,5.222222222222222,7.222222222222222,12.666666666666666,12.0,12.2,10.333333333333334,12.6,13.3,3.0,6.8,1.8,19.0,18.0,7.0,3.0
470dc58ac40c4251c387,2024-25,2025-01-04,Southampton,Brentford,H,S Attwell,19,12.421052631578947,13.631578947368421,4.473684210526316,7.157894736842105,2.9473684210526314,9,11.777777777777779,13.11111111111111,3.4444444444444446,7.0,16.333333333333332,14.4,13.2,11.333333333333334,13.4,14.2,3.4,7.0,2.2,10.0,4.0,2.0,2.0
79ac2ac5d37cf9701560,2024-25,2025-01-16,Southampton,Manchester United,A,J Brooks,20,12.3,13.15,4.35,6.9,2.9,10,13.0,14.1,5.4,7.3,14.666666666666666,13.4,12.8,10.0,10.6,12.8,3.6,4.6,2.0,10.0,7.0,4.0,3.0
9b210d64c16b201fff5b,2024-25,2025-01-19,Southampton,Nottingham Forest,A,A Taylor,21,12.19047619047619,12.857142857142858,4.333333333333333,6.809523809523809,2.9047619047619047,11,12.727272727272727,13.454545454545455,5.2727272727272725,7.090909090909091,13.0,13.8,12.6,9.666666666666666,9.0,12.1,4.0,4.6,2.4,18.0,4.0,8.0,4.0
f54973d2c7a88d7c5421,2024-25,2025-01-25,Southampton,Newcastle United,H,S Barrott,22,12.454545454545455,12.454545454545455,4.5,6.590909090909091,2.9545454545454546,10,11.6,12.2,3.3,6.5,12.666666666666666,14.4,13.3,5.0,8.2,11.6,4.6,3.8,2.6,10.0,5.0,3.0,1.0
8f364d05ab0294b3e07e,2024-25,2025-02-01,Southampton,Ipswich,A,M Oliver,23,12.347826086956522,12.130434782608695,4.434782608695652,6.6521739130434785,2.869565217391304,12,13.166666666666666,12.666666666666666,5.5,6.666666666666667,12.666666666666666,13.4,12.7,5.333333333333333,7.6,10.1,4.8,5.0,2.6,14.0,11.0,2.0,3.0
973cb778bcea1ebf316a,2024-25,2025-02-15,Southampton,Bournemouth,H,J Gillett,24,12.416666666666666,12.083333333333334,4.333333333333333,6.416666666666667,2.875,11,11.454545454545455,11.545454545454545,3.272727272727273,6.636363636363637,14.0,12.4,13.4,6.666666666666667,6.2,9.8,3.8,3.6,2.6,13.0,15.0,4.0,1.0
0a96d26895206cc0fef3,2024-25,2025-02-22,Southampton,Brighton & Hove Albion,H,D Bond,25,12.44,12.2,4.32,6.4,2.8,12,11.583333333333334,11.833333333333334,3.3333333333333335,6.583333333333333,12.333333333333334,13.0,13.2,10.333333333333334,8.4,9.5,4.2,4.4,2.4,11.0,12.0,5.0,2.0
d1e0245b680bd04e9d89,2024-25,2025-02-25,Southampton,Chelsea,A,T Bramall,26,12.384615384615385,12.192307692307692,4.346153846153846,6.384615384615385,2.769230769230769,13,13.23076923076923,12.538461538461538,5.230769230769231,6.230769230769231,12.666666666666666,13.2,13.5,12.666666666666666,9.4,9.2,4.4,4.6,2.2,9.0,6.0,2.0,2.0
814f86354ef1bc566aec,2024-25,2025-03-08,Southampton,Liverpool,A,L Smith,27,12.25925925925926,11.962962962962964,4.2592592592592595,6.296296296296297,2.740740740740741,14,12.928571428571429,12.071428571428571,5.0,6.071428571428571,11.0,11.4,12.9,11.0,9.8,9.0,3.2,5.0,1.8,9.0,10.0,4.0,1.0
3a5afb1d2351758d38b2,2024-25,2025-03-15,Southampton,Wolverhampton Wanderers,H,R Jones,28,12.142857142857142,11.892857142857142,4.25,6.285714285714286,2.6785714285714284,13,11.538461538461538,11.846153846153847,3.4615384615384617,6.538461538461538,9.666666666666666,11.2,12.3,9.333333333333334,10.8,9.2,3.4,4.6,1.8,12.0,13.0,5.0,0.0
1b24b4a4a9a35a37df6d,2024-25,2025-04-02,Southampton,Crystal Palace,H,A Madley,29,12.137931034482758,11.931034482758621,4.275862068965517,6.103448275862069,2.586206896551724,14,11.571428571428571,11.928571428571429,3.5714285714285716,6.142857142857143,10.0,10.8,11.6,9.666666666666666,11.2,8.7,4.0,4.6,1.2,14.0,9.0,2.0,2.0
95a6a18dca861905898e,2024-25,2025-04-06,Southampton,Tottenham,A,M Salisbury,30,12.2,11.833333333333334,4.2,5.966666666666667,2.566666666666667,15,12.666666666666666,11.933333333333334,4.933333333333334,6.066666666666666,11.666666666666666,11.0,12.0,10.666666666666666,10.0,9.2,3.6,3.8,1.4,20.0,16.0,1.0,1.0
bd949c137f35d5786fe7,2024-25,2025-04-12,Southampton,Aston Villa,H,T Bramall,31,12.451612903225806,11.96774193548387,4.096774193548387,5.903225806451613,2.5161290322580645,15,11.733333333333333,11.733333333333333,3.466666666666667,5.866666666666666,15.333333333333334,12.8,13.0,12.666666666666666,10.8,10.1,2.8,3.4,1.2,11.0,4.0,2.0,3.0
5ae005ada43097a03505,2024-25,2025-04-19,Southampton,West Ham United,A,A Kitchen,32,12.40625,11.71875,4.03125,6.15625,2.53125,16,13.125,12.1875,4.6875,5.9375,15.0,13.2,12.3,9.666666666666666,10.4,10.1,2.8,5.4,1.4,13.0,14.0,5.0,1.0
55e82d44e00c061b5fe7,2024-25,2025-04-26,Southampton,Fulham,H,T Harrington,33,12.424242424242424,11.787878787878787,4.0606060606060606,6.03030303030303,2.484848484848485,16,11.6875,11.25,3.375,6.375,14.666666666666666,14.0,12.6,11.333333333333334,11.2,11.0,3.0,4.6,1.4,10.0,12.0,0.0,1.0
0c471aec605dd3c07287,2024-25,2025-05-03,Southampton,Leicester,A,D Webb,34,12.352941176470589,11.794117647058824,3.9411764705882355,6.235294117647059,2.4411764705882355,17,13.117647058823529,12.294117647058824,4.705882352941177,5.705882352941177,11.333333333333334,13.6,12.2,10.0,11.0,11.1,2.0,7.0,1.6,13.0,12.0,7.0,3.0
00e33bf49fbd87348cc3,2024-25,2025-05-10,Southampton,Manchester City,H,T Robinson,35,12.371428571428572,11.8,4.0285714285714285,6.257142857142857,2.4571428571428573,17,11.588235294117647,11.294117647058824,3.176470588235294,6.764705882352941,12.0,13.4,12.2,12.666666666666666,11.6,10.8,3.0,8.0,1.8,9.0,8.0,1.0,2.0
ce658cf4e0d441d208f8,2024-25,2025-05-18,Southampton,Everton,A,M Oliver,36,12.277777777777779,11.694444444444445,3.9444444444444446,6.5,2.4444444444444446,18,13.11111111111111,12.277777777777779,4.833333333333333,5.777777777777778,10.666666666666666,11.2,12.0,10.666666666666666,10.0,10.4,3.0,10.2,2.0,10.0,6.0,5.0,1.0
9048e4c7201d6ee445c0,2024-25,2025-05-25,Southampton,Arsenal,H,D Bond,37,12.216216216216216,11.54054054054054,3.972972972972973,6.4324324324324325,2.4054054054054053,18,11.444444444444445,11.11111111111111,3.0555555555555554,7.222222222222222,10.666666666666666,11.0,12.1,8.666666666666666,10.4,10.4,3.6,8.2,1.6,7.0,8.0,5.0,0.0
2edb1146eb399e0cdf7f,2024-25,2024-08-19,Tottenham,Leicester,A,C Kavanagh,0,,,,,,0,,,,,,,,,,,,,,12.0,11.0,13.0,1.0
852c6776babe2f471d01,2024-25,2024-08-24,Tottenham,Everton,H,A Taylor,1,12.0,11.0,13.0,2.0,1.0,0,,,,,12.0,12.0,12.0,11.0,11.0,11.0,13.0,2.0,1.0,11.0,15.0,12.0,0.0
606d99a9666f8d772db0,2024-25,2024-09-01,Tottenham,Newcastle United,A,R Jones,2,11.5,13.0,12.5,3.5,0.5,1,12.0,11.0,13.0,2.0,11.5,11.5,11.5,13.0,13.0,13.0,12.5,3.5,0.5,13.0,16.0,12.0,4.0
eeecc34b96667770e9d0,2024-25,2024-09-15,Tottenham,Arsenal,H,J Gillett,3,12.0,14.0,12.333333333333334,4.666666666666667,1.6666666666666667,1,11.0,15.0,12.0,5.0,12.0,12.0,12.0,14.0,14.0,14.0,12.333333333333334,4.666666666666667,1.6666666666666667,13.0,10.0,7.0,5.0
2afb4c078558ab18d5b3,2024-25,2024-09-21,Tottenham,Brentford,H,J Brooks,4,12.25,13.0,11.0,5.0,2.5,2,12.0,12.5,9.5,5.5,12.333333333333334,12.25,12.25,13.666666666666666,13.0,13.0,11.0,5.0,2.5,11.0,9.0,9.0,3.0
e160766252655a401d4c,2024-25,2024-09-29,Tottenham,Manchester United,A,C Kavanagh,5,12.0,12.2,10.6,4.8,2.6,2,12.5,13.5,12.5,4.5,12.333333333333334,12.0,12.0,11.666666666666666,12.2,12.2,10.6,4.8,2.6,14.0,16.0,3.0,3.0
94ffe859182cbc970be8,2024-25,2024-10-06,Tottenham,Brighton & Hove Albion,A,D Coote,6,12.333333333333334,12.833333333333334,9.333333333333334,4.833333333333333,2.6666666666666665,3,13.0,14.333333333333334,9.333333333333334,4.666666666666667,12.666666666666666,12.4,12.333333333333334,11.666666666666666,13.2,12.833333333333334,8.6,5.4,3.0,10.0,14.0,7.0,2.0
5d81b501b8998265bae0,2024-25,2024-10-19,Tottenham,West Ham United,H,A Madley,7,12.0,13.0,9.0,4.714285714285714,2.5714285714285716,3,11.666666666666666,11.333333333333334,9.333333333333334,5.0,11.666666666666666,12.2,12.0,13.0,13.0,13.0,7.6,5.2,3.4,10.0,15.0,13.0,1.0
b5e2bb4af6a594e47587,2024-25,2024-10-27,Tottenham,Crystal Palace,A,D Bond,8,11.75,13.25,9.5,4.75,2.375,4,12.25,14.25,8.75,4.5,11.333333333333334,11.6,11.75,15.0,12.8,13.25,7.8,4.8,2.8,12.0,16.0,8.0,4.0
818579f0abb2adc3ebde,2024-25,2024-11-03,Tottenham,Aston Villa,H,C Pawson,9,11.777777777777779,13.555555555555555,9.333333333333334,5.111111111111111,2.5555555555555554,4,11.25,12.25,10.25,5.0,10.666666666666666,11.4,11.777777777777779,15.0,14.0,13.555555555555555,8.0,5.2,2.6,14.0,14.0,6.0,2.0
50d5031bcb9ee8dafc39,2024-25,2024-11-10,Tottenham,Ipswich,H,D England,10,12.0,13.6,9.0,5.0,2.5,5,11.8,12.6,9.4,4.8,12.0,12.0,12.0,15.0,15.0,13.6,7.4,5.2,2.4,10.0,19.0,12.0,1.0
a23bdaacb7ad24b73a91,2024-25,2024-11-23,Tottenham,Manchester City,A,J Brooks,11,11.818181818181818,14.090909090909092,9.272727272727273,4.7272727272727275,2.3636363636363638,5,12.2,14.6,8.6,5.2,12.0,11.2,11.8,16.333333333333332,15.6,14.4,9.2,4.6,2.0,9.0,19.0,3.0,2.0
7e20b3faa75a46542b03,2024-25,2024-12-01,Tottenham,Fulham,H,D Bond,12,11.583333333333334,14.5,8.75,5.083333333333333,2.3333333333333335,6,11.5,13.666666666666666,9.833333333333334,4.333333333333333,11.0,11.0,11.6,17.333333333333332,16.6,14.8,8.4,5.6,2.0,4.0,14.0,7.0,0.0
30ac66a4a327c0ea7fe9,2024-25,2024-12-05,Tottenham,Bournemouth,A,S Hooper,13,11.0,14.461538461538462,8.615384615384615,5.538461538461538,2.1538461538461537,6,11.666666666666666,15.333333333333334,7.666666666666667,5.833333333333333,7.666666666666667,9.8,10.7,17.333333333333332,16.4,14.6,7.2,6.8,1.8,8.0,15.0,9.0,2.0
814693be5623758dfd58,2024-25,2024-12-08,Tottenham,Chelsea,H,A Taylor,14,10.785714285714286,14.5,8.642857142857142,5.5,2.142857142857143,7,10.428571428571429,13.714285714285714,9.428571428571429,5.285714285714286,7.0,9.0,10.2,16.0,16.2,15.1,7.4,6.2,1.4,17.0,11.0,5.0,2.0
4a8993c3b418348ae621,2024-25,2024-12-15,Tottenham,Southampton,A,D England,15,11.2,14.266666666666667,8.4,5.8,2.1333333333333333,7,11.142857142857142,15.285714285714286,7.857142857142857,5.714285714285714,9.666666666666666,9.6,10.8,13.333333333333334,15.6,15.3,7.2,7.4,1.4,15.0,8.0,5.0,3.0
ac2d3a7c41ff9a37d02b,2024-25,2024-12-22,Tottenham,Liverpool,H,S Barrott,16,11.4375,13.875,8.1875,5.5625,2.1875,8,11.25,13.375,8.875,5.875,13.333333333333334,10.6,10.9,11.333333333333334,13.4,14.5,5.8,7.4,1.8,7.0,9.0,7.0,1.0
ac44f46bb23bb3ec6a6c,2024-25,2024-12-26,Tottenham,Nottingham Forest,A,C Pawson,17,11.176470588235293,13.588235294117647,8.117647058823529,5.529411764705882,2.1176470588235294,8,11.625,14.375,7.5,5.25,13.0,10.2,10.6,9.333333333333334,11.4,14.0,6.6,6.6,1.6,13.0,12.0,7.0,2.0
38d243a580bec22fdffe,2024-25,2024-12-29,Tottenham,Wolverhampton Wanderers,H,C Kavanagh,18,11.277777777777779,13.5,8.055555555555555,5.333333333333333,2.111111111111111,9,10.777777777777779,12.88888888888889,8.666666666666666,5.777777777777778,11.666666666666666,12.0,10.9,9.666666666666666,11.0,13.7,6.6,4.8,2.0,9.0,10.0,5.0,1.0
326d7127bba4a503ba15,2024-25,2025-01-04,Tottenham,Newcastle United,H,A Madley,19,11.157894736842104,13.31578947368421,7.894736842105263,5.315789473684211,2.0526315789473686,10,10.6,12.6,8.3,5.7,9.666666666666666,12.2,10.6,10.333333333333334,10.0,13.1,5.8,4.8,1.8,11.0,15.0,9.0,1.0
9e91c587ed6d1aad2a75,2024-25,2025-01-15,Tottenham,Arsenal,A,S Hooper,20,11.15,13.4,7.95,5.55,2.0,9,11.777777777777779,14.11111111111111,7.444444444444445,4.888888888888889,11.0,11.0,10.3,12.333333333333334,10.8,13.2,6.6,4.8,1.6,9.0,16.0,4.0,1.0
6bf45df904910eda79c9,2024-25,2025-01-19,Tottenham,Everton,A,D England,21,11.047619047619047,13.523809523809524,7.761904761904762,5.761904761904762,1.9523809523809523,10,11.5,14.3,7.1,5.4,9.666666666666666,9.8,10.2,13.666666666666666,12.4,12.9,6.4,6.4,1.2,14.0,14.0,8.0,1.0
b733bdb688e7157b9173,2024-25,2025-01-26,Tottenham,Leicester,H,R Jones,22,11.181818181818182,13.545454545454545,7.7727272727272725,5.636363636363637,1.9090909090909092,11,10.636363636363637,12.818181818181818,8.363636363636363,6.090909090909091,11.333333333333334,11.2,10.7,15.0,13.4,12.4,6.6,6.0,1.2,6.0,16.0,6.0,1.0
870d020839899d8405da,2024-25,2025-02-02,Tottenham,Brentford,A,J Gillett,23,10.956521739130435,13.652173913043478,7.695652173913044,5.565217391304348,1.8695652173913044,11,11.727272727272727,14.272727272727273,7.181818181818182,5.181818181818182,9.666666666666666,9.8,10.9,15.333333333333334,14.2,12.6,6.4,6.4,1.0,11.0,4.0,3.0,1.0
fe677c72d2b0c0548c55,2024-25,2025-02-16,Tottenham,Manchester United,H,P Bankes,24,10.958333333333334,13.25,7.5,5.75,1.8333333333333333,12,10.25,13.083333333333334,8.166666666666666,5.916666666666667,10.333333333333334,10.2,11.2,11.333333333333334,13.0,11.5,6.0,7.4,1.0,13.0,9.0,10.0,1.0
c0c589a2b7e8c2d5f8e5,2024-25,2025-02-22,Tottenham,Ipswich,A,T Robinson,25,11.04,13.08,7.6,5.72,1.8,12,11.666666666666666,13.416666666666666,6.833333333333333,5.583333333333333,10.0,10.6,10.8,9.666666666666666,11.8,11.3,6.2,6.4,1.0,14.0,15.0,4.0,1.0
83d08e092a4018ea519c,2024-25,2025-02-26,Tottenham,Manchester City,H,J Gillett,26,11.153846153846153,13.153846153846153,7.461538461538462,5.653846153846154,1.7692307692307692,13,10.461538461538462,12.76923076923077,8.307692307692308,5.846153846153846,12.666666666666666,11.6,10.7,9.333333333333334,11.6,12.0,6.2,5.2,1.0,12.0,15.0,8.0,3.0
0f40addffe30839d2464,2024-25,2025-03-09,Tottenham,Bournemouth,H,J Brooks,27,11.185185185185185,13.222222222222221,7.481481481481482,5.555555555555555,1.8148148148148149,14,10.571428571428571,12.928571428571429,8.285714285714286,5.642857142857143,13.0,11.2,11.2,13.0,11.8,12.6,6.2,5.2,1.4,15.0,16.0,3.0,3.0
e2f534196f4b8c7cce74,2024-25,2025-03-16,Tottenham,Fulham,A,A Madley,28,11.321428571428571,13.321428571428571,7.321428571428571,5.571428571428571,1.8571428571428572,13,11.846153846153847,13.538461538461538,6.615384615384615,5.461538461538462,13.666666666666666,13.0,11.4,15.333333333333334,11.8,13.0,5.6,5.6,1.8,10.0,13.0,5.0,0.0
c24ee2c5b7c108d178ff,2024-25,2025-04-03,Tottenham,Chelsea,A,C Pawson,29,11.275862068965518,13.310344827586206,7.241379310344827,5.586206896551724,1.793103448275862,14,11.714285714285714,13.5,6.5,5.5,12.333333333333334,12.8,11.5,14.666666666666666,13.6,13.3,6.0,4.8,1.6,16.0,7.0,6.0,5.0
95a6a18dca861905898e,2024-25,2025-04-06,Tottenham,Southampton,H,M Salisbury,30,11.433333333333334,13.1,7.2,5.533333333333333,1.9,15,10.866666666666667,13.133333333333333,7.933333333333334,5.666666666666667,13.666666666666666,13.4,12.0,12.0,13.2,12.5,5.2,4.6,2.4,16.0,20.0,4.0,1.0
a3c033d881ebfc3fe78d,2024-25,2025-04-13,Tottenham,Wolverhampton Wanderers,A,A Taylor,31,11.580645161290322,13.32258064516129,7.096774193548387,5.387096774193548,1.8709677419354838,15,12.0,13.066666666666666,6.466666666666667,5.4,14.0,13.8,12.7,13.333333333333334,14.2,12.9,5.2,4.0,2.4,15.0,12.0,4.0,2.0
529149a817e4c1386a71,2024-25,2025-04-21,Tottenham,Nottingham Forest,H,P Bankes,32,11.6875,13.28125,7.0,5.25,1.875,16,11.1875,13.5625,7.6875,5.375,15.666666666666666,14.4,12.8,13.0,13.6,12.7,4.4,3.6,2.2,11.0,12.0,7.0,1.0
d86d2f05dcc2e9201238,2024-25,2025-04-27,Tottenham,Liverpool,A,T Bramall,33,11.666666666666666,13.242424242424242,7.0,5.121212121212121,1.8484848484848484,16,12.1875,13.0,6.3125,5.125,14.0,13.6,13.3,14.666666666666666,12.8,12.3,5.2,2.6,1.8,9.0,16.0,2.0,1.0
8c406e8dbd638cebdf91,2024-25,2025-05-04,Tottenham,West Ham United,A,M Oliver,34,11.588235294117647,13.323529411764707,6.852941176470588,5.205882352941177,1.8235294117647058,17,12.0,13.176470588235293,6.0588235294117645,5.294117647058823,11.666666666666666,13.4,13.1,13.333333333333334,13.4,13.5,4.6,3.0,2.0,15.0,18.0,3.0,2.0
7d80ab4357a046472a21,2024-25,2025-05-11,Tottenham,Crystal Palace,H,C Kavanagh,35,11.685714285714285,13.457142857142857,6.742857142857143,5.085714285714285,1.8285714285714285,17,11.176470588235293,13.470588235294118,7.647058823529412,5.117647058823529,11.666666666666666,13.2,13.3,15.333333333333334,15.6,14.4,4.0,2.4,1.4,12.0,10.0,4.0,1.0
2c6c0bc906622fa1a6a0,2024-25,2025-05-16,Tottenham,Aston Villa,A,P Bankes,36,11.694444444444445,13.36111111111111,6.666666666666667,5.166666666666667,1.8055555555555556,18,12.166666666666666,13.444444444444445,5.888888888888889,5.055555555555555,12.0,12.4,13.1,14.666666666666666,13.6,13.9,4.0,3.8,1.4,12.0,5.0,1.0,2.0
7a7df5c8b4e5b88663b5,2024-25,2025-05-25,Tottenham,Brighton & Hove Albion,H,R Jones,37,11.702702702702704,13.135135135135135,6.513513513513513,5.27027027027027,1.8108108108108107,18,11.222222222222221,13.277777777777779,7.444444444444445,5.277777777777778,13.0,11.8,13.1,11.0,12.2,12.9,3.4,5.4,1.4,13.0,8.0,2.0,3.0
ae19425c66c76d464bec,2024-25,2024-08-17,West Ham United,Aston Villa,H,T Harrington,0,,,,,,0,,,,,,,,,,,,,,18.0,11.0,5.0,1.0
70210ce9164698508307,2024-25,2024-08-24,West Ham United,Crystal Palace,A,R Jones,1,18.0,11.0,5.0,3.0,1.0,0,,,,,18.0,18.0,18.0,11.0,11.0,11.0,5.0,3.0,1.0,17.0,9.0,3.0,1.0
1935e2edb59fc7a29fb9,2024-25,2024-08-31,West Ham United,Manchester City,H,M Oliver,2,17.5,10.0,4.0,3.0,1.0,1,18.0,11.0,5.0,3.0,17.5,17.5,17.5,10.0,10.0,10.0,4.0,3.0,1.0,10.0,3.0,3.0,3.0
722144bae21df1d7be74,2024-25,2024-09-14,West Ham United,Fulham,A,T Robinson,3,15.0,7.666666666666667,3.6666666666666665,5.666666666666667,1.6666666666666667,1,17.0,9.0,3.0,3.0,15.0,15.0,15.0,7.666666666666667,7.666666666666667,7.666666666666667,3.6666666666666665,5.666666666666667,1.6666666666666667,18.0,15.0,2.0,3.0
314132237dce2cf3eb41,2024-25,2024-09-21,West Ham United,Chelsea,H,S Barrott,4,15.75,9.5,3.25,5.0,2.0,2,14.0,7.0,4.0,7.0,15.0,15.75,15.75,9.0,9.5,9.5,3.25,5.0,2.0,17.0,9.0,6.0,5.0
240337ade6aafa94ff78,2024-25,2024-09-28,West Ham United,Brentford,A,S Hooper,5,16.0,9.4,3.8,5.0,2.6,2,17.5,12.0,2.5,3.0,15.0,16.0,16.0,9.0,9.4,9.4,3.8,5.0,2.6,11.0,2.0,7.0,3.0
6fa7d253353f88c11356,2024-25,2024-10-05,West Ham United,Ipswich,H,A Taylor,6,15.166666666666666,8.166666666666666,4.333333333333333,5.333333333333333,2.6666666666666665,3,15.0,7.666666666666667,4.666666666666667,6.333333333333333,15.333333333333334,14.6,15.166666666666666,8.666666666666666,7.6,8.166666666666666,4.2,5.8,3.0,12.0,6.0,5.0,0.0
5d81b501b8998265bae0,2024-25,2024-10-19,West Ham United,Tottenham,A,A Madley,7,14.714285714285714,7.857142857142857,4.428571428571429,5.285714285714286,2.2857142857142856,3,15.333333333333334,8.666666666666666,4.0,4.333333333333333,13.333333333333334,13.6,14.714285714285714,5.666666666666667,7.0,7.857142857142857,4.6,6.2,2.8,15.0,10.0,5.0,3.0
4bba1eecce8d84dce07e,2024-25,2024-10-27,West Ham United,Manchester United,H,D Coote,8,14.75,8.125,4.5,6.25,2.375,4,14.25,7.25,4.75,6.0,12.666666666666666,14.6,14.75,6.0,8.4,8.125,5.0,6.6,2.8,6.0,7.0,6.0,5.0
d07060ebb4dac369aafb,2024-25,2024-11-02,West Ham United,Nottingham Forest,A,P Bankes,9,13.777777777777779,8.0,4.666666666666667,6.111111111111111,2.6666666666666665,4,15.25,9.0,4.25,6.5,11.0,12.2,13.777777777777779,7.666666666666667,6.8,8.0,5.8,7.0,3.2,9.0,7.0,6.0,2.0
4c13689c1a95f701a466,2024-25,2024-11-09,West Ham United,Everton,H,S Attwell,10,13.3,7.9,4.8,6.6,2.6,5,12.6,7.2,5.0,5.8,10.0,10.6,13.3,8.0,6.4,7.9,5.8,8.2,2.6,10.0,9.0,7.0,1.0
77be518dd54927edfbca,2024-25,2024-11-25,West Ham United,Newcastle United,A,C Pawson,11,13.0,8.0,5.0,6.545454545454546,2.4545454545454546,5,14.0,8.6,4.6,7.4,8.333333333333334,10.4,12.5,7.666666666666667,7.8,7.7,5.8,8.0,2.2,8.0,11.0,3.0,0.0
5cca42a9cda60cdf4eec,2024-25,2024-11-30,West Ham United,Arsenal,H,A Taylor,12,12.583333333333334,8.25,4.833333333333333,6.666666666666667,2.25,6,12.166666666666666,7.5,5.333333333333333,5.833333333333333,9.0,9.6,11.6,9.0,8.8,7.9,5.4,8.6,2.2,10.0,13.0,2.0,4.0
92a53a85683e5e19d646,2024-25,2024-12-03,West Ham United,Leicester,A,J Smith,13,12.384615384615385,8.615384615384615,4.615384615384615,6.923076923076923,2.3846153846153846,6,13.0,9.0,4.333333333333333,7.5,9.333333333333334,8.6,11.6,11.0,9.4,8.9,4.8,8.0,2.4,7.0,9.0,9.0,2.0
6642415f99250e0062f4,2024-25,2024-12-09,West Ham United,Wolverhampton Wanderers,H,J Brooks,14,12.0,8.642857142857142,4.928571428571429,6.642857142857143,2.357142857142857,7,11.857142857142858,8.285714285714286,4.857142857142857,6.428571428571429,8.333333333333334,8.8,10.5,11.0,9.8,8.3,5.4,7.6,1.8,12.0,17.0,11.0,5.0
8cb59017cb316d07c47a,2024-25,2024-12-16,West Ham United,Bournemouth,A,C Kavanagh,15,12.0,9.2,5.333333333333333,6.2,2.533333333333333,7,12.142857142857142,9.0,5.0,6.857142857142857,9.666666666666666,9.4,10.0,13.0,11.8,9.1,6.4,5.4,2.4,11.0,6.0,6.0,2.0
64fb4ce228b8dffea3dd,2024-25,2024-12-21,West Ham United,Brighton & Hove Albion,H,R Jones,16,11.9375,9.0,5.375,6.5625,2.5,8,11.875,9.375,5.625,5.625,10.0,9.6,10.0,10.666666666666666,11.2,9.5,6.2,6.6,2.6,14.0,20.0,8.0,2.0
047554d353cbf958c798,2024-25,2024-12-26,West Ham United,Southampton,A,L Smith,17,12.058823529411764,9.647058823529411,5.529411764705882,6.411764705882353,2.4705882352941178,8,12.0,8.625,5.125,7.5,12.333333333333334,10.8,10.2,14.333333333333334,13.0,10.9,7.2,5.8,3.0,8.0,15.0,2.0,2.0
987775d8bf817c73f3f4,2024-25,2024-12-29,West Ham United,Liverpool,H,A Taylor,18,11.833333333333334,9.944444444444445,5.333333333333333,6.166666666666667,2.4444444444444446,9,12.11111111111111,10.555555555555555,5.888888888888889,5.444444444444445,11.0,10.4,9.5,13.666666666666666,13.4,11.4,7.2,4.2,2.6,7.0,10.0,3.0,0.0
13afa4ae3e5c1ed73219,2024-25,2025-01-04,West Ham United,Manchester City,A,M Salisbury,19,11.578947368421053,9.947368421052632,5.2105263157894735,6.157894736842105,2.3157894736842106,9,11.555555555555555,9.333333333333334,4.777777777777778,6.888888888888889,9.666666666666666,10.4,9.6,15.0,13.6,11.7,6.0,4.8,2.2,13.0,8.0,1.0,1.0
8a46fa971fdb9bd863c5,2024-25,2025-01-14,West Ham United,Fulham,H,C Pawson,20,11.65,9.85,5.0,6.2,2.25,10,11.6,10.5,5.6,5.5,9.333333333333334,10.6,10.0,11.0,11.8,11.8,4.0,6.2,1.4,9.0,18.0,0.0,3.0
4e4c52c96bffa54bd2bb,2024-25,2025-01-18,West Ham United,Crystal Palace,H,T Bramall,21,11.523809523809524,10.238095238095237,4.761904761904762,6.0476190476190474,2.2857142857142856,11,11.363636363636363,11.181818181818182,5.090909090909091,5.2727272727272725,9.666666666666666,10.2,9.9,12.0,14.2,12.7,2.8,4.4,1.6,13.0,10.0,2.0,1.0
0b042698543fba3baa8b,2024-25,2025-01-26,West Ham United,Aston Villa,A,P Bankes,22,11.590909090909092,10.227272727272727,4.636363636363637,5.954545454545454,2.227272727272727,10,11.7,9.2,4.4,6.9,11.666666666666666,10.0,10.4,12.0,12.2,12.6,1.6,4.4,1.4,16.0,13.0,3.0,3.0
3af7a65e3052f96981a8,2024-25,2025-02-03,West Ham United,Chelsea,A,S Attwell,23,11.782608695652174,10.347826086956522,4.565217391304348,5.869565217391305,2.260869565217391,11,12.090909090909092,9.545454545454545,4.2727272727272725,6.636363636363637,12.666666666666666,11.6,11.0,13.666666666666666,11.8,12.6,1.8,4.8,1.6,10.0,11.0,3.0,1.0
5456c40fe06bc5e7dacc,2024-25,2025-02-15,West Ham United,Brentford,H,D England,24,11.708333333333334,10.375,4.5,5.791666666666667,2.2083333333333335,12,11.5,11.083333333333334,4.833333333333333,5.166666666666667,13.0,12.2,11.3,11.333333333333334,12.0,12.8,1.8,4.4,1.8,10.0,13.0,9.0,1.0
36399cc53d11c10cfce5,2024-25,2025-02-22,West Ham United,Arsenal,A,C Pawson,25,11.64,10.48,4.68,5.64,2.16,12,11.916666666666666,9.666666666666666,4.166666666666667,6.416666666666667,12.0,11.6,11.1,12.333333333333334,13.0,12.4,3.4,3.4,1.8,15.0,16.0,0.0,3.0
5b11f7dcd320378d7a31,2024-25,2025-02-27,West Ham United,Leicester,H,S Attwell,26,11.76923076923077,10.692307692307692,4.5,5.5,2.1923076923076925,13,11.384615384615385,11.23076923076923,5.153846153846154,4.923076923076923,11.666666666666666,12.8,11.5,13.333333333333334,12.6,13.4,3.4,3.2,1.8,12.0,6.0,3.0,0.0
0d70e4615c4ef30f4023,2024-25,2025-03-10,West Ham United,Newcastle United,H,M Salisbury,27,11.777777777777779,10.518518518518519,4.444444444444445,5.407407407407407,2.111111111111111,14,11.428571428571429,10.857142857142858,5.0,4.785714285714286,12.333333333333334,12.6,11.3,11.666666666666666,11.8,12.0,3.6,3.0,1.6,7.0,15.0,3.0,0.0
8ccad75a6effb3bfe628,2024-25,2025-03-15,West Ham United,Everton,A,D Bond,28,11.607142857142858,10.678571428571429,4.392857142857143,5.357142857142857,2.0357142857142856,13,12.153846153846153,10.153846153846153,3.8461538461538463,6.076923076923077,11.333333333333334,10.8,11.2,12.333333333333334,12.2,12.0,3.6,3.0,1.0,8.0,12.0,5.0,2.0
c5aeb8d3348985d00464,2024-25,2025-04-01,West Ham United,Wolverhampton Wanderers,A,T Harrington,29,11.482758620689655,10.724137931034482,4.413793103448276,5.379310344827586,2.0344827586206895,14,11.857142857142858,10.285714285714286,3.9285714285714284,6.071428571428571,9.0,10.4,11.3,11.0,12.4,12.2,4.0,3.4,1.2,12.0,16.0,2.0,2.0
5942ab71f8d8409bfe57,2024-25,2025-04-05,West Ham United,Bournemouth,H,T Robinson,30,11.5,10.9,4.333333333333333,5.233333333333333,2.033333333333333,15,11.133333333333333,11.133333333333333,4.866666666666666,4.733333333333333,9.0,10.8,11.2,14.333333333333334,13.0,13.0,2.6,3.2,1.4,13.0,13.0,4.0,2.0
228006295a08042d77a3,2024-25,2025-04-13,West Ham United,Liverpool,A,A Madley,31,11.548387096774194,10.96774193548387,4.32258064516129,5.290322580645161,2.032258064516129,15,11.866666666666667,10.666666666666666,3.8,5.733333333333333,11.0,10.4,11.6,13.666666666666666,12.4,12.5,3.4,4.2,1.2,8.0,15.0,3.0,2.0
5ae005ada43097a03505,2024-25,2025-04-19,West Ham United,Southampton,H,A Kitchen,32,11.4375,11.09375,4.28125,5.4375,2.03125,16,11.25,11.25,4.8125,4.875,11.0,9.6,11.1,14.666666666666666,14.2,13.0,3.4,5.6,1.6,14.0,13.0,2.0,2.0
71b1c8ff2b598bd25e25,2024-25,2025-04-26,West Ham United,Brighton & Hove Albion,A,D England,33,11.515151515151516,11.151515151515152,4.212121212121212,5.424242424242424,2.0303030303030303,16,11.625,10.9375,3.75,6.0,11.666666666666666,11.0,10.9,13.666666666666666,13.8,13.0,3.2,5.8,2.0,9.0,7.0,1.0,1.0
8c406e8dbd638cebdf91,2024-25,2025-05-04,West Ham United,Tottenham,H,M Oliver,34,11.441176470588236,11.029411764705882,4.117647058823529,5.5,2.0,17,11.411764705882353,11.352941176470589,4.647058823529412,4.882352941176471,10.333333333333334,11.2,10.8,11.666666666666666,12.8,12.6,2.4,6.2,1.8,18.0,15.0,1.0,2.0
5961d57c661ead305810,2024-25,2025-05-11,West Ham United,Manchester United,A,J Gillett,35,11.628571428571428,11.142857142857142,4.0285714285714285,5.428571428571429,2.0,17,11.470588235294118,10.705882352941176,3.588235294117647,6.117647058823529,13.666666666666666,12.4,11.6,11.666666666666666,12.6,12.8,2.2,6.6,1.8,13.0,3.0,5.0,1.0
761c4f5e983909f891c6,2024-25,2025-05-18,West Ham United,Nottingham Forest,H,S Barrott,36,11.666666666666666,10.916666666666666,4.055555555555555,5.5,1.9722222222222223,18,11.777777777777779,11.555555555555555,4.444444444444445,4.777777777777778,13.333333333333334,12.4,11.4,8.333333333333334,10.6,11.5,2.4,6.8,1.6,14.0,7.0,8.0,6.0
b9fbdafa8cec4926ad79,2024-25,2025-05-25,West Ham United,Ipswich,A,T Robinson,37,11.72972972972973,10.81081081081081,4.162162162162162,5.54054054054054,2.081081081081081,18,11.555555555555555,10.277777777777779,3.6666666666666665,6.222222222222222,15.0,13.6,11.6,8.333333333333334,9.0,11.6,3.4,6.2,2.4,9.0,10.0,0.0,1.0
4b8a3ea6cf92b0ffc70e,2024-25,2024-08-17,Wolverhampton Wanderers,Arsenal,A,J Gillett,0,,,,,,0,,,,,,,,,,,,,,14.0,17.0,2.0,2.0
57ac59da0e7a5e7d2616,2024-25,2024-08-25,Wolverhampton Wanderers,Chelsea,H,D England,1,14.0,17.0,2.0,8.0,2.0,0,,,,,14.0,14.0,14.0,17.0,17.0,17.0,2.0,8.0,2.0,13.0,13.0,5.0,2.0
904b326342eec31a2f8e,2024-25,2024-08-31,Wolverhampton Wanderers,Nottingham Forest,A,S Hooper,2,13.5,15.0,3.5,6.5,2.0,1,14.0,17.0,2.0,8.0,13.5,13.5,13.5,15.0,15.0,15.0,3.5,6.5,2.0,18.0,15.0,3.0,4.0
577b7e2ccf9200461a4c,2024-25,2024-09-15,Wolverhampton Wanderers,Newcastle United,H,C Kavanagh,3,15.0,15.0,3.3333333333333335,6.666666666666667,2.6666666666666665,1,13.0,13.0,5.0,5.0,15.0,15.0,15.0,15.0,15.0,15.0,3.3333333333333335,6.666666666666667,2.6666666666666665,17.0,6.0,4.0,3.0
3f08e25117e4110c3ee8,2024-25,2024-09-21,Wolverhampton Wanderers,Aston Villa,A,T Robinson,4,15.5,12.75,3.5,6.75,2.75,2,16.0,16.0,2.5,7.5,16.0,15.5,15.5,11.333333333333334,12.75,12.75,3.5,6.75,2.75,16.0,11.0,5.0,6.0
c3db4937d97f980dea85,2024-25,2024-09-28,Wolverhampton Wanderers,Liverpool,H,A Taylor,5,15.6,12.4,3.8,6.6,3.4,2,15.0,9.5,4.5,6.0,17.0,15.6,15.6,10.666666666666666,12.4,12.4,3.8,6.6,3.4,16.0,8.0,2.0,2.0
f2d3c9be6508b1042ee8,2024-25,2024-10-05,Wolverhampton Wanderers,Brentford,A,A Madley,6,15.666666666666666,11.666666666666666,3.5,7.166666666666667,3.1666666666666665,3,16.0,14.333333333333334,3.3333333333333335,7.0,16.333333333333332,16.0,15.666666666666666,8.333333333333334,10.6,11.666666666666666,3.8,7.0,3.4,10.0,9.0,3.0,3.0
8561ac5b59e0daf4b267,2024-25,2024-10-20,Wolverhampton Wanderers,Manchester City,H,C Kavanagh,7,14.857142857142858,11.285714285714286,3.4285714285714284,7.571428571428571,3.142857142857143,3,15.333333333333334,9.0,3.6666666666666665,7.333333333333333,14.0,15.4,14.857142857142858,9.333333333333334,9.8,11.285714285714286,3.4,8.0,3.6,8.0,5.0,1.0,4.0
44d17d6a0d610b7b7d0c,2024-25,2024-10-26,Wolverhampton Wanderers,Brighton & Hove Albion,A,M Oliver,8,14.0,10.5,3.125,8.875,3.25,4,14.5,13.0,3.25,7.75,11.333333333333334,13.4,14.0,7.333333333333333,7.8,10.5,3.0,10.2,3.6,10.0,12.0,6.0,3.0
4363da999711871e284d,2024-25,2024-11-02,Wolverhampton Wanderers,Crystal Palace,H,A Taylor,9,13.555555555555555,10.666666666666666,3.4444444444444446,8.88888888888889,3.2222222222222223,4,13.5,8.0,3.0,10.0,9.333333333333334,12.0,13.555555555555555,8.666666666666666,9.0,10.666666666666666,3.4,10.6,3.6,7.0,9.0,3.0,1.0
00ed886411c9ca029721,2024-25,2024-11-09,Wolverhampton Wanderers,Southampton,H,T Bramall,10,12.9,10.5,3.4,8.6,3.0,5,12.2,8.2,3.0,9.2,8.333333333333334,10.2,12.9,8.666666666666666,8.6,10.5,3.0,10.6,2.6,14.0,12.0,1.0,1.0
ed318b510a290606badd,2024-25,2024-11-23,Wolverhampton Wanderers,Fulham,A,R Jones,11,13.0,10.636363636363637,3.1818181818181817,8.636363636363637,2.8181818181818183,5,13.6,12.8,3.8,8.0,10.333333333333334,9.8,12.9,11.0,9.4,10.0,2.8,10.4,2.4,14.0,14.0,2.0,0.0
1cd23a488b30c75fd8ef,2024-25,2024-11-30,Wolverhampton Wanderers,Bournemouth,H,P Bankes,12,13.083333333333334,10.916666666666666,3.0833333333333335,8.5,2.5833333333333335,6,12.5,8.833333333333334,2.6666666666666665,9.166666666666666,11.666666666666666,10.6,13.0,11.666666666666666,10.4,10.1,2.6,9.8,1.8,13.0,11.0,3.0,4.0
1c316889f59ebfe38e73,2024-25,2024-12-04,Wolverhampton Wanderers,Everton,A,M Salisbury,13,13.076923076923077,10.923076923076923,3.076923076923077,8.153846153846153,2.6923076923076925,6,13.666666666666666,13.0,3.5,7.833333333333333,13.666666666666666,11.6,12.5,12.333333333333334,11.6,9.7,3.0,7.0,1.8,8.0,10.0,4.0,0.0
6642415f99250e0062f4,2024-25,2024-12-09,Wolverhampton Wanderers,West Ham United,A,J Brooks,14,12.714285714285714,10.857142857142858,3.142857142857143,7.785714285714286,2.5,7,12.857142857142858,12.571428571428571,3.5714285714285716,7.142857142857143,11.666666666666666,11.2,11.6,11.666666666666666,11.2,10.1,2.6,5.8,1.2,17.0,12.0,0.0,4.0
ec4e8beec900d40a9244,2024-25,2024-12-14,Wolverhampton Wanderers,Ipswich,H,S Hooper,15,13.0,10.933333333333334,2.933333333333333,8.0,2.6,7,12.571428571428571,9.142857142857142,2.7142857142857144,8.428571428571429,12.666666666666666,13.2,11.7,11.0,11.8,10.2,2.0,6.8,1.8,13.0,9.0,7.0,0.0
6b9c9f8fb9c6d86d30f9,2024-25,2024-12-22,Wolverhampton Wanderers,Leicester,A,A Taylor,16,13.0,10.8125,3.1875,7.6875,2.4375,8,13.375,12.5,3.125,7.625,12.666666666666666,13.0,11.4,10.333333333333334,11.2,10.3,3.2,5.6,1.6,16.0,15.0,1.0,0.0
ffe8b88d4326726b33ff,2024-25,2024-12-26,Wolverhampton Wanderers,Manchester United,H,T Harrington,17,13.176470588235293,11.058823529411764,3.0588235294117645,7.588235294117647,2.2941176470588234,8,12.625,9.125,3.25,7.75,15.333333333333334,13.4,12.0,12.0,11.4,10.9,3.0,5.4,1.6,12.0,12.0,4.0,2.0
38d243a580bec22fdffe,2024-25,2024-12-29,Wolverhampton Wanderers,Tottenham,A,C Kavanagh,18,13.11111111111111,11.11111111111111,3.111111111111111,7.388888888888889,2.2777777777777777,9,13.666666666666666,12.777777777777779,2.888888888888889,7.444444444444445,13.666666666666666,13.2,12.4,12.0,11.6,11.6,3.2,5.4,1.2,10.0,9.0,5.0,2.0
1a440980fd4ee8a12482,2024-25,2025-01-06,Wolverhampton Wanderers,Nottingham Forest,H,P Bankes,19,12.947368421052632,11.0,3.210526315789474,7.2631578947368425,2.263157894736842,9,12.555555555555555,9.444444444444445,3.3333333333333335,7.333333333333333,12.666666666666666,13.6,12.4,12.0,11.4,11.3,3.4,5.8,1.6,10.0,8.0,5.0,1.0
df29d758c0d3bfce6ecf,2024-25,2025-01-15,Wolverhampton Wanderers,Newcastle United,A,D England,20,12.8,10.85,3.3,7.05,2.2,10,13.3,12.4,3.1,7.2,10.666666666666666,12.2,12.7,9.666666666666666,10.6,11.2,4.4,4.2,1.0,13.0,10.0,2.0,2.0
0f6411017486dc05c6b9,2024-25,2025-01-20,Wolverhampton Wanderers,Chelsea,A,S Hooper,21,12.80952380952381,10.80952380952381,3.238095238095238,6.904761904761905,2.1904761904761907,11,13.272727272727273,12.181818181818182,3.0,6.909090909090909,11.0,12.2,12.6,9.0,10.8,11.0,3.4,4.4,1.4,14.0,8.0,6.0,2.0
f3423752d4535b86831f,2024-25,2025-01-25,Wolverhampton Wanderers,Arsenal,H,M Oliver,22,12.863636363636363,10.681818181818182,3.3636363636363638,6.7272727272727275,2.1818181818181817,10,12.3,9.3,3.5,6.9,12.333333333333334,11.8,12.6,8.666666666666666,9.4,10.4,4.4,3.8,1.8,20.0,10.0,1.0,0.0
2b95e6a01c5e16434d13,2024-25,2025-02-01,Wolverhampton Wanderers,Aston Villa,H,A Madley,23,13.173913043478262,10.652173913043478,3.260869565217391,6.6521739130434785,2.0869565217391304,11,13.0,9.363636363636363,3.272727272727273,6.7272727272727275,15.666666666666666,13.4,13.3,9.333333333333334,9.0,10.3,3.8,4.0,1.4,20.0,13.0,5.0,2.0
6af160b29e08cf1cdd03,2024-25,2025-02-16,Wolverhampton Wanderers,Liverpool,A,S Hooper,24,13.458333333333334,10.75,3.3333333333333335,6.708333333333333,2.0833333333333335,12,13.333333333333334,11.833333333333334,3.25,6.583333333333333,18.0,15.4,14.5,10.333333333333334,9.8,10.6,3.8,4.6,1.4,13.0,15.0,3.0,2.0
c0637de2814ecd1310ed,2024-25,2025-02-22,Wolverhampton Wanderers,Bournemouth,A,M Salisbury,25,13.44,10.92,3.32,6.6,2.08,13,13.307692307692308,12.076923076923077,3.230769230769231,6.384615384615385,17.666666666666668,16.0,14.1,12.666666666666666,11.2,10.9,3.4,4.8,1.6,9.0,17.0,7.0,3.0
5b21a1984351fe314b22,2024-25,2025-02-25,Wolverhampton Wanderers,Fulham,H,P Bankes,26,13.26923076923077,11.153846153846153,3.4615384615384617,6.576923076923077,2.1153846153846154,12,13.583333333333334,9.666666666666666,3.4166666666666665,6.833333333333333,14.0,15.2,13.7,15.0,12.6,11.7,4.4,5.2,1.8,8.0,15.0,7.0,1.0
492b55e6328d0ef90a29,2024-25,2025-03-08,Wolverhampton Wanderers,Everton,H,S Attwell,27,13.074074074074074,11.296296296296296,3.5925925925925926,6.518518518518518,2.074074074074074,13,13.153846153846153,10.076923076923077,3.6923076923076925,6.6923076923076925,10.0,14.0,12.9,15.666666666666666,14.0,11.7,4.6,5.6,1.6,11.0,16.0,5.0,2.0
3a5afb1d2351758d38b2,2024-25,2025-03-15,Wolverhampton Wanderers,Southampton,A,R Jones,28,13.0,11.464285714285714,3.642857142857143,6.464285714285714,2.0714285714285716,14,13.0,12.428571428571429,3.5,6.357142857142857,9.333333333333334,12.2,12.8,16.0,15.2,12.1,5.4,5.6,2.0,13.0,12.0,1.0,0.0
c5aeb8d3348985d00464,2024-25,2025-04-01,Wolverhampton Wanderers,West Ham United,H,T Harrington,29,13.0,11.482758620689655,3.5517241379310347,6.413793103448276,2.0,14,13.0,10.5,3.7857142857142856,6.571428571428571,10.666666666666666,10.8,13.1,14.333333333333334,15.0,12.4,4.6,5.0,1.6,16.0,12.0,1.0,4.0
4e4d370bec4f503924e8,2024-25,2025-04-05,Wolverhampton Wanderers,Ipswich,A,P Bankes,30,13.1,11.5,3.466666666666667,6.266666666666667,2.066666666666667,15,13.0,12.4,3.3333333333333335,6.266666666666667,13.333333333333334,11.4,13.7,13.333333333333334,14.4,12.8,4.2,4.6,2.0,16.0,12.0,8.0,2.0
a3c033d881ebfc3fe78d,2024-25,2025-04-13,Wolverhampton Wanderers,Tottenham,H,A Taylor,31,13.193548387096774,11.516129032258064,3.6129032258064515,6.193548387096774,2.064516129032258,15,13.2,10.6,3.6,6.266666666666667,15.0,12.8,14.0,12.0,13.4,13.0,4.4,4.2,1.8,12.0,15.0,1.0,1.0
5ca56c3d9972454d6162,2024-25,2025-04-20,Wolverhampton Wanderers,Manchester United,A,R Jones,32,13.15625,11.625,3.53125,6.125,2.03125,16,13.1875,12.375,3.625,6.125,14.666666666666666,13.6,13.8,13.0,13.4,13.7,3.2,4.0,1.8,18.0,11.0,2.0,3.0
7f0193db29a854b0deef,2024-25,2025-04-26,Wolverhampton Wanderers,Leicester,H,S Barrott,33,13.303030303030303,11.606060606060606,3.484848484848485,6.212121212121212,2.0606060606060606,16,13.125,10.875,3.4375,6.125,15.333333333333334,15.0,13.6,12.666666666666666,12.4,13.8,2.6,4.8,2.0,7.0,17.0,4.0,1.0
95b39f526986307c2ec8,2024-25,2025-05-02,Wolverhampton Wanderers,Manchester City,A,P Bankes,34,13.117647058823529,11.764705882352942,3.5,6.088235294117647,2.0294117647058822,17,13.470588235294118,12.294117647058824,3.5294117647058822,6.294117647058823,12.333333333333334,13.8,12.3,14.333333333333334,13.4,14.2,3.2,4.2,2.2,11.0,7.0,5.0,0.0
2374cdf7057ecdeb8094,2024-25,2025-05-10,Wolverhampton Wanderers,Brighton & Hove Albion,H,M Oliver,35,13.057142857142857,11.628571428571428,3.5428571428571427,6.0285714285714285,1.9714285714285715,17,12.764705882352942,11.235294117647058,3.4705882352941178,5.882352941176471,12.0,12.8,12.1,11.666666666666666,12.4,13.4,4.0,4.6,1.4,8.0,12.0,7.0,1.0
ecb2224d7e4ad12d227b,2024-25,2025-05-20,Wolverhampton Wanderers,Crystal Palace,A,D Webb,36,12.916666666666666,11.63888888888889,3.638888888888889,5.972222222222222,1.9444444444444444,18,13.333333333333334,12.0,3.611111111111111,6.166666666666667,8.666666666666666,11.2,12.0,12.0,12.4,12.9,3.8,4.6,1.2,8.0,14.0,10.0,2.0
24755a099779b5a53e1a,2024-25,2025-05-25,Wolverhampton Wanderers,Brentford,H,C Pawson,37,12.783783783783784,11.702702702702704,3.810810810810811,5.8108108108108105,1.945945945945946,18,12.5,11.277777777777779,3.6666666666666665,5.777777777777778,9.0,10.4,12.0,11.0,12.2,12.8,5.6,3.8,1.4,7.0,9.0,8.0,2.0
9044d0d676ce7c2bcfa5,2025-26,2025-08-17,Arsenal,Manchester United,A,S Hooper,0,,,,,,0,,,,,,,,,,,,,,19.0,10.0,4.0,4.0
bd741f511de757b73b5f,2025-26,2025-08-23,Arsenal,Leeds,H,J Gillett,1,19.0,10.0,4.0,3.0,4.0,0,,,,,19.0,19.0,19.0,10.0,10.0,10.0,4.0,3.0,4.0,8.0,11.0,2.0,0.0
900eb69d3c0ee844ede0,2025-26,2025-08-31,Arsenal,Liverpool,A,C Kavanagh,2,13.5,10.5,3.0,2.5,2.0,1,19.0,10.0,4.0,3.0,13.5,13.5,13.5,10.5,10.5,10.5,3.0,2.5,2.0,10.0,7.0,8.0,2.0
2389db6207a3546ae310,2025-26,2025-09-13,Arsenal,Nottingham Forest,H,D England,3,12.333333333333334,9.333333333333334,4.666666666666667,2.6666666666666665,2.0,1,8.0,11.0,2.0,2.0,12.333333333333334,12.333333333333334,12.333333333333334,9.333333333333334,9.333333333333334,9.333333333333334,4.666666666666667,2.6666666666666665,2.0,8.0,11.0,8.0,1.0
f060e33b82d01b6bde39,2025-26,2025-09-21,Arsenal,Manchester City,H,S Attwell,4,11.25,9.75,5.5,3.0,1.75,2,8.0,11.0,5.0,3.0,8.666666666666666,11.25,11.25,9.666666666666666,9.75,9.75,5.5,3.0,1.75,11.0,10.0,11.0,1.0
df2d2b671b9cf16d10e4,2025-26,2025-09-28,Arsenal,Newcastle United,A,J Gillett,5,11.2,9.8,6.6,2.8,1.6,2,14.5,8.5,6.0,3.0,9.666666666666666,11.2,11.2,9.333333333333334,9.8,9.8,6.6,2.8,1.6,9.0,8.0,12.0,1.0
039e9845d1e62de863e8,2025-26,2025-10-04,Arsenal,West Ham United,H,J Brooks,6,10.833333333333334,9.5,7.5,3.5,1.5,3,9.0,10.666666666666666,7.0,2.6666666666666665,9.333333333333334,9.2,10.833333333333334,9.666666666666666,9.4,9.5,8.2,3.6,1.0,14.0,14.0,8.0,0.0
f66c3ebfad14501af579,2025-26,2025-10-18,Arsenal,Fulham,A,A Taylor,7,11.285714285714286,10.142857142857142,7.571428571428571,3.4285714285714284,1.2857142857142858,3,12.666666666666666,8.333333333333334,8.0,4.333333333333333,11.333333333333334,10.4,11.285714285714286,10.666666666666666,10.0,10.142857142857142,9.4,3.8,1.0,4.0,11.0,10.0,0.0
338c7826594a0f7771c2,2025-26,2025-10-26,Arsenal,Crystal Palace,H,T Bramall,8,10.375,10.25,7.875,3.75,1.125,4,10.25,11.5,7.25,2.75,9.0,9.2,10.375,11.0,10.8,10.25,9.8,4.4,0.6,6.0,11.0,4.0,0.0
70bb066d7a130efdf16c,2025-26,2025-11-01,Arsenal,Burnley,A,C Kavanagh,9,9.88888888888889,10.333333333333334,7.444444444444445,3.6666666666666665,1.0,4,10.5,9.0,8.5,4.75,8.0,8.8,9.88888888888889,12.0,10.8,10.333333333333334,9.0,4.2,0.4,13.0,10.0,6.0,1.0
0c0be508e48ac0b31b14,2025-26,2025-11-08,Arsenal,Sunderland,A,C Pawson,10,10.2,10.3,7.3,3.4,1.0,5,11.0,9.2,8.0,4.0,7.666666666666667,9.2,10.2,10.666666666666666,10.8,10.3,8.0,4.0,0.4,13.0,13.0,2.0,1.0
caf8b889df42f3e54197,2025-26,2025-11-23,Arsenal,Tottenham,H,M Oliver,11,10.454545454545455,10.545454545454545,6.818181818181818,3.272727272727273,1.0,5,9.4,11.4,6.6,2.8,10.666666666666666,10.0,9.6,11.333333333333334,11.8,10.6,6.0,3.0,0.4,11.0,15.0,4.0,1.0
3039248b0ffc47cc1092,2025-26,2025-11-30,Arsenal,Chelsea,A,A Taylor,12,10.5,10.916666666666666,6.583333333333333,3.0833333333333335,1.0,6,11.333333333333334,9.833333333333334,7.0,3.6666666666666665,12.333333333333334,9.4,9.9,12.666666666666666,12.0,11.0,5.2,2.6,0.6,13.0,12.0,3.0,6.0
4e5607368b5257bc1441,2025-26,2025-12-03,Arsenal,Brentford,H,T Harrington,13,10.692307692307692,11.0,6.3076923076923075,3.076923076923077,1.3846153846153846,6,9.666666666666666,12.0,6.166666666666667,2.5,12.333333333333334,11.2,10.2,13.333333333333334,12.2,11.5,3.8,2.0,1.8,7.0,9.0,4.0,0.0
4300e7240feba93f1a08,2025-26,2025-12-06,Arsenal,Aston Villa,A,P Bankes,14,10.428571428571429,10.857142857142858,6.142857142857143,3.4285714285714284,1.2857142857142858,7,11.571428571428571,10.142857142857142,6.428571428571429,3.5714285714285716,10.333333333333334,11.4,10.1,12.0,11.8,11.3,3.8,3.0,1.8,8.0,10.0,3.0,2.0
6689bb01471d6e19b697,2025-26,2025-12-13,Arsenal,Wolverhampton Wanderers,H,R Jones,15,10.266666666666667,10.8,5.933333333333334,3.4,1.3333333333333333,7,9.285714285714286,11.571428571428571,5.857142857142857,3.2857142857142856,9.333333333333334,10.4,9.8,10.333333333333334,11.8,11.3,3.2,3.4,2.0,7.0,15.0,8.0,0.0
1c1241ae1de0b7c8d478,2025-26,2025-12-20,Arsenal,Everton,A,S Barrott,16,10.0625,11.0625,6.0625,3.1875,1.25,8,11.125,10.125,6.0,3.5,7.333333333333333,9.2,9.6,11.333333333333334,12.2,12.0,4.4,3.0,1.8,5.0,4.0,3.0,2.0
24deb18c1a002f6fc844,2025-26,2025-12-27,Arsenal,Brighton & Hove Albion,H,J Brooks,17,9.764705882352942,10.647058823529411,5.882352941176471,3.1176470588235294,1.2941176470588236,8,9.0,12.0,6.125,2.875,6.666666666666667,8.0,8.7,9.666666666666666,10.0,11.0,4.2,3.2,2.0,7.0,13.0,7.0,2.0
497fdcaf345cda7afe88,2025-26,2025-12-30,Arsenal,Aston Villa,H,D England,18,9.61111111111111,10.777777777777779,5.944444444444445,3.0555555555555554,1.3333333333333333,9,8.777777777777779,12.11111111111111,6.222222222222222,2.7777777777777777,6.333333333333333,6.8,9.0,10.666666666666666,10.2,11.2,5.0,3.0,1.2,18.0,9.0,3.0,2.0
c18b049ac382aee931b7,2025-26,2026-01-03,Arsenal,Bournemouth,A,C Kavanagh,19,10.052631578947368,10.68421052631579,5.7894736842105265,3.0526315789473686,1.368421052631579,9,10.444444444444445,9.444444444444445,5.666666666666667,3.3333333333333335,10.0,9.0,10.2,8.666666666666666,10.2,11.0,4.8,2.0,1.6,8.0,13.0,5.0,1.0
1749539dbe346797a5e0,2025-26,2026-01-08,Arsenal,Liverpool,H,A Taylor,20,9.95,10.8,5.75,3.25,1.35,10,9.7,11.8,5.9,2.8,11.0,9.0,9.7,11.666666666666666,10.8,11.3,5.2,2.8,1.4,10.0,9.0,3.0,2.0
204f559a6052fbe9d7ac,2025-26,2026-01-17,Arsenal,Nottingham Forest,A,M Oliver,21,9.952380952380953,10.714285714285714,5.619047619047619,3.0952380952380953,1.380952380952381,10,10.2,9.8,5.6,3.7,12.0,9.6,9.4,10.333333333333334,9.6,10.9,4.2,2.8,1.8,14.0,8.0,9.0,1.0
4b6945e4aeb5abfece57,2025-26,2026-01-25,Arsenal,Manchester United,H,C Pawson,22,10.136363636363637,10.590909090909092,5.7727272727272725,3.1363636363636362,1.3636363636363635,11,9.727272727272727,11.545454545454545,5.636363636363637,2.5454545454545454,10.666666666666666,11.4,9.7,10.0,10.4,10.2,5.4,3.2,1.6,11.0,9.0,9.0,2.0
b715db5c0c22599679de,2025-26,2026-01-31,Arsenal,Leeds,A,S Attwell,23,10.173913043478262,10.521739130434783,5.913043478260869,3.0869565217391304,1.391304347826087,11,10.545454545454545,9.636363636363637,5.909090909090909,3.727272727272727,11.666666666666666,12.2,9.5,8.666666666666666,9.6,9.9,5.8,3.2,1.6,7.0,10.0,12.0,1.0
61f4584b3e6525a39a97,2025-26,2026-02-07,Arsenal,Sunderland,H,S Barrott,24,10.041666666666666,10.5,6.166666666666667,3.125,1.375,12,9.833333333333334,11.333333333333334,5.916666666666667,2.5,10.666666666666666,10.0,9.5,9.0,9.8,10.0,7.6,3.4,1.4,11.0,8.0,5.0,1.0
607b5fe3e96a4d89b8b9,2025-26,2026-02-12,Arsenal,Brentford,A,J Brooks,25,10.08,10.4,6.12,3.08,1.36,12,10.25,9.666666666666666,6.416666666666667,3.75,9.666666666666666,10.6,9.8,9.0,8.8,9.8,7.6,2.4,1.4,11.0,12.0,4.0,2.0
c916fcce3b968ccf5d74,2025-26,2026-02-18,Arsenal,Wolverhampton Wanderers,A,P Tierney,26,10.115384615384615,10.461538461538462,6.038461538461538,3.1923076923076925,1.3846153846153846,13,10.307692307692308,9.846153846153847,6.230769230769231,3.923076923076923,9.666666666666666,10.8,10.2,10.0,9.4,9.5,7.8,3.6,1.4,8.0,6.0,3.0,1.0
0629a2d353bc749397dd,2025-26,2026-02-22,Arsenal,Tottenham,A,P Bankes,27,10.037037037037036,10.296296296296296,5.925925925925926,3.111111111111111,1.3703703703703705,14,10.142857142857142,9.571428571428571,6.0,3.7142857142857144,10.0,9.6,10.5,8.666666666666666,9.0,9.7,6.6,3.0,1.4,11.0,17.0,5.0,1.0
dbdda2398f2bf90109b3,2025-26,2026-03-01,Arsenal,Chelsea,H,D England,28,10.071428571428571,10.535714285714286,5.892857142857143,3.0714285714285716,1.3571428571428572,13,9.923076923076923,11.076923076923077,5.846153846153846,2.4615384615384617,10.0,9.6,10.9,11.666666666666666,10.6,10.1,5.8,3.0,1.2,11.0,14.0,5.0,1.0
e2929f93e6796afcaefa,2025-26,2026-03-04,Arsenal,Brighton & Hove Albion,A,C Kavanagh,29,10.10344827586207,10.655172413793103,5.862068965517241,3.310344827586207,1.3448275862068966,15,10.2,10.066666666666666,5.933333333333334,3.6,10.0,10.4,10.2,12.333333333333334,11.4,10.6,4.4,4.2,1.2,12.0,14.0,3.0,1.0
dde2ce971fae1bec09f0,2025-26,2026-03-14,Arsenal,Everton,H,A Madley,30,10.166666666666666,10.766666666666667,5.766666666666667,3.3333333333333335,1.3333333333333333,14,10.0,11.285714285714286,5.785714285714286,3.0,11.333333333333334,10.6,10.6,15.0,12.6,10.7,4.0,4.6,1.2,11.0,12.0,8.0,0.0
563ee77c8a5d8063c33f,2025-26,2026-04-11,Arsenal,Bournemouth,H,M Oliver,31,10.193548387096774,10.806451612903226,5.838709677419355,3.3225806451612905,1.2903225806451613,15,10.066666666666666,11.333333333333334,5.933333333333334,3.0,11.333333333333334,10.6,10.7,13.333333333333334,12.6,11.0,4.8,4.0,0.8,12.0,18.0,10.0,1.0
7a995b3227c24576ddb5,2025-26,2026-04-19,Arsenal,Manchester City,A,A Taylor,32,10.25,11.03125,5.96875,3.25,1.28125,16,10.3125,10.3125,5.75,3.625,11.666666666666666,11.4,10.5,14.666666666666666,15.0,12.0,6.2,4.0,0.8,12.0,5.0,5.0,2.0
b1d63d9d9cd6d243c3e7,2025-26,2026-04-25,Arsenal,Newcastle United,H,S Barrott,33,10.303030303030303,10.848484848484848,5.9393939393939394,3.393939393939394,1.303030303030303,16,10.1875,11.75,6.1875,2.875,11.666666666666666,11.6,10.6,11.666666666666666,12.6,11.6,6.2,5.2,1.0,13.0,10.0,7.0,2.0
f2ea067dc0222239eeba,2025-26,2026-05-02,Arsenal,Fulham,H,J Gillett,34,10.382352941176471,10.823529411764707,5.970588235294118,3.3529411764705883,1.3235294117647058,17,10.352941176470589,11.647058823529411,6.235294117647059,2.823529411764706,12.333333333333334,12.0,11.2,11.0,11.8,11.6,6.6,3.6,1.2,7.0,12.0,3.0,0.0
8cfdf4238181118636af,2025-26,2026-05-10,Arsenal,West Ham United,A,C Kavanagh,35,10.285714285714286,10.857142857142858,5.885714285714286,3.3714285714285714,1.2857142857142858,17,10.411764705882353,10.0,5.705882352941177,3.8823529411764706,10.666666666666666,11.0,10.8,9.0,11.4,12.0,6.6,3.6,1.0,12.0,14.0,3.0,4.0
de3ccdeae6f95be60466,2025-26,2026-05-18,Arsenal,Burnley,H,P Tierney,36,10.333333333333334,10.944444444444445,5.805555555555555,3.388888888888889,1.3611111111111112,18,10.166666666666666,11.666666666666666,6.055555555555555,2.888888888888889,10.666666666666666,11.2,10.9,12.0,11.8,12.2,5.6,3.8,1.8,7.0,16.0,3.0,1.0
a653fc4b05c0576a884e,2025-26,2026-05-24,Arsenal,Crystal Palace,A,F Hallam,37,10.243243243243244,11.08108108108108,5.72972972972973,3.3783783783783785,1.3513513513513513,18,10.5,10.222222222222221,5.555555555555555,3.888888888888889,8.666666666666666,10.2,10.8,14.0,11.4,13.2,4.2,4.2,1.8,12.0,9.0,4.0,1.0
65d04dbc5e4b1d6e896b,2025-26,2025-08-16,Aston Villa,Newcastle United,H,C Pawson,0,,,,,,0,,,,,,,,,,,,,,13.0,11.0,3.0,1.0
4edba4c41915dfe80d1d,2025-26,2025-08-23,Aston Villa,Brentford,A,T Harrington,1,13.0,11.0,3.0,6.0,1.0,0,,,,,13.0,13.0,13.0,11.0,11.0,11.0,3.0,6.0,1.0,9.0,11.0,9.0,2.0
a4a99c07b2e9b1f52541,2025-26,2025-08-31,Aston Villa,Crystal Palace,H,S Attwell,2,11.0,11.0,6.0,4.0,1.5,1,13.0,11.0,3.0,6.0,11.0,11.0,11.0,11.0,11.0,11.0,6.0,4.0,1.5,7.0,14.0,10.0,2.0
0edbf9f22de4e6874331,2025-26,2025-09-13,Aston Villa,Everton,A,S Hooper,3,9.666666666666666,12.0,7.333333333333333,3.0,1.6666666666666667,1,9.0,11.0,9.0,2.0,9.666666666666666,9.666666666666666,9.666666666666666,12.0,12.0,12.0,7.333333333333333,3.0,1.6666666666666667,15.0,17.0,3.0,3.0
514a9b38d9b91746a476,2025-26,2025-09-21,Aston Villa,Sunderland,A,S Barrott,4,11.0,13.25,6.25,4.75,2.0,2,12.0,14.0,6.0,6.0,10.333333333333334,11.0,11.0,14.0,13.25,13.25,6.25,4.75,2.0,8.0,14.0,5.0,1.0
297484f5896b08cba8ff,2025-26,2025-09-28,Aston Villa,Fulham,H,A Madley,5,10.4,13.4,6.0,5.0,1.8,2,10.0,12.5,6.5,3.5,10.0,10.4,10.4,15.0,13.4,13.4,6.0,5.0,1.8,10.0,13.0,2.0,1.0
0367112e74762d20ab59,2025-26,2025-10-05,Aston Villa,Burnley,H,A Kitchen,6,10.333333333333334,13.333333333333334,5.333333333333333,5.5,1.6666666666666667,3,10.0,12.666666666666666,5.0,5.0,11.0,9.8,10.333333333333334,14.666666666666666,13.8,13.333333333333334,5.8,5.4,1.8,9.0,15.0,6.0,3.0
29b5c62b0a9767d33fb0,2025-26,2025-10-19,Aston Villa,Tottenham,A,S Hooper,7,10.142857142857142,13.571428571428571,5.428571428571429,5.285714285714286,1.8571428571428572,3,10.666666666666666,14.0,5.666666666666667,6.0,9.0,9.8,10.142857142857142,14.0,14.6,13.571428571428571,5.2,5.8,2.0,7.0,11.0,6.0,0.0
712b4e2b11c90f208c69,2025-26,2025-10-26,Aston Villa,Manchester City,H,M Oliver,8,9.75,13.25,5.5,5.375,1.625,4,9.75,13.25,5.25,4.75,8.666666666666666,9.8,9.75,13.0,14.0,13.25,4.4,6.8,1.6,8.0,16.0,5.0,1.0
37baa8ab956b86d6880c,2025-26,2025-11-01,Aston Villa,Liverpool,A,S Attwell,9,9.555555555555555,13.555555555555555,5.444444444444445,5.444444444444445,1.5555555555555556,4,9.75,13.25,5.75,6.0,8.0,8.4,9.555555555555555,14.0,13.8,13.555555555555555,4.8,6.0,1.2,11.0,13.0,4.0,3.0
b30b5efe06a205bc8417,2025-26,2025-11-09,Aston Villa,Bournemouth,H,J Brooks,10,9.7,13.5,5.3,5.0,1.7,5,9.4,13.8,5.2,5.0,8.666666666666666,9.0,9.7,13.333333333333334,13.6,13.5,4.6,5.0,1.6,8.0,20.0,6.0,2.0
095f1daac3443a6e9c88,2025-26,2025-11-23,Aston Villa,Leeds,A,R Jones,11,9.545454545454545,14.090909090909092,5.363636363636363,5.363636363636363,1.7272727272727273,5,10.0,13.2,5.4,5.0,9.0,8.6,9.2,16.333333333333332,15.0,14.4,5.4,5.2,1.8,16.0,18.0,3.0,1.0
17c9c165edea0a8c19fa,2025-26,2025-11-30,Aston Villa,Wolverhampton Wanderers,H,C Kavanagh,12,10.083333333333334,14.416666666666666,5.166666666666667,5.166666666666667,1.6666666666666667,6,9.166666666666666,14.833333333333334,5.333333333333333,5.666666666666667,11.666666666666666,10.0,9.9,17.0,15.6,15.1,4.8,5.0,1.4,13.0,21.0,7.0,0.0
fbf54508c9fd9629be09,2025-26,2025-12-03,Aston Villa,Brighton & Hove Albion,A,A Madley,13,10.307692307692308,14.923076923076923,5.3076923076923075,5.0,1.5384615384615385,6,11.0,14.0,5.0,4.666666666666667,12.333333333333334,11.2,10.5,19.666666666666668,17.6,15.8,5.0,4.4,1.4,9.0,10.0,6.0,2.0
4300e7240feba93f1a08,2025-26,2025-12-06,Aston Villa,Arsenal,H,P Bankes,14,10.214285714285714,14.571428571428571,5.357142857142857,5.0,1.5714285714285714,7,9.714285714285714,15.714285714285714,5.571428571428571,5.285714285714286,12.666666666666666,11.4,9.9,16.333333333333332,16.4,15.1,5.2,4.2,1.6,10.0,8.0,3.0,0.0
b08733bb230367e6f4ff,2025-26,2025-12-14,Aston Villa,West Ham United,A,A Taylor,15,10.2,14.133333333333333,5.2,4.866666666666666,1.4666666666666666,7,10.714285714285714,13.428571428571429,5.142857142857143,4.714285714285714,10.666666666666666,11.2,10.1,13.0,15.4,14.5,5.0,4.6,1.0,13.0,18.0,3.0,2.0
998b5cbe14e39c51a599,2025-26,2025-12-21,Aston Villa,Manchester United,H,M Oliver,16,10.375,14.375,5.0625,4.875,1.5,8,9.75,14.75,5.25,5.0,10.666666666666666,12.2,10.4,12.0,15.0,15.0,4.4,3.8,1.0,11.0,14.0,5.0,1.0
e658227636e86e42119e,2025-26,2025-12-27,Aston Villa,Chelsea,A,S Attwell,17,10.411764705882353,14.352941176470589,5.0588235294117645,4.882352941176471,1.4705882352941178,8,11.0,14.0,4.875,4.75,11.333333333333334,11.2,10.6,13.333333333333334,14.2,14.9,4.8,4.2,1.0,8.0,16.0,7.0,3.0
497fdcaf345cda7afe88,2025-26,2025-12-30,Aston Villa,Arsenal,A,D England,18,10.277777777777779,14.444444444444445,5.166666666666667,4.944444444444445,1.5555555555555556,9,10.666666666666666,14.222222222222221,5.111111111111111,4.888888888888889,10.666666666666666,10.2,10.7,16.0,13.2,15.4,4.8,4.8,1.6,9.0,18.0,3.0,3.0
656030adf1f05f486b64,2025-26,2026-01-03,Aston Villa,Nottingham Forest,H,S Hooper,19,10.210526315789474,14.631578947368421,5.052631578947368,4.842105263157895,1.631578947368421,9,9.88888888888889,14.666666666666666,5.222222222222222,5.0,9.333333333333334,10.2,10.8,16.0,14.8,15.6,4.2,4.4,1.8,10.0,20.0,4.0,1.0
7b82e72b0e723c6cbb9f,2025-26,2026-01-07,Aston Villa,Crystal Palace,A,A Madley,20,10.2,14.9,5.0,4.8,1.6,10,10.5,14.6,4.9,4.7,9.0,10.2,10.7,18.0,17.2,16.3,4.4,4.6,2.0,3.0,8.0,5.0,0.0
6ae07f348c89e0c9e7da,2025-26,2026-01-18,Aston Villa,Everton,H,T Harrington,21,9.857142857142858,14.571428571428571,5.0,4.714285714285714,1.5238095238095237,10,9.9,15.2,5.1,4.9,7.333333333333333,8.2,10.2,15.333333333333334,15.2,15.1,4.8,4.2,1.6,15.0,13.0,6.0,1.0
bf5ed5505e91051efcb3,2025-26,2026-01-25,Aston Villa,Newcastle United,A,J Gillett,22,10.090909090909092,14.5,5.045454545454546,4.681818181818182,1.5,11,9.818181818181818,14.0,4.909090909090909,4.545454545454546,9.333333333333334,9.0,10.1,13.666666666666666,15.0,14.6,5.0,4.0,1.6,12.0,7.0,5.0,2.0
e293b7a341e2a95bef63,2025-26,2026-02-01,Aston Villa,Brentford,H,T Robinson,23,10.173913043478262,14.173913043478262,5.043478260869565,4.739130434782608,1.5217391304347827,11,10.363636363636363,15.0,5.181818181818182,4.818181818181818,10.0,9.8,10.0,9.333333333333334,13.2,13.2,4.6,4.0,1.4,8.0,8.0,12.0,0.0
3412aad69b1e66cb28ee,2025-26,2026-02-07,Aston Villa,Bournemouth,A,A Taylor,24,10.083333333333334,13.916666666666666,5.333333333333333,4.583333333333333,1.4583333333333333,12,10.0,13.416666666666666,4.916666666666667,4.666666666666667,11.666666666666666,9.6,9.9,9.333333333333334,11.2,13.0,6.4,3.6,0.8,11.0,4.0,4.0,1.0
a311727305e0da12e939,2025-26,2026-02-11,Aston Villa,Brighton & Hove Albion,H,P Bankes,25,10.12,13.52,5.28,4.84,1.44,12,10.166666666666666,14.416666666666666,5.75,4.5,10.333333333333334,9.8,10.0,6.333333333333333,8.0,12.6,6.4,5.0,0.8,9.0,15.0,7.0,2.0
5f0626dde15bb0366cb3,2025-26,2026-02-21,Aston Villa,Leeds,H,M Oliver,26,10.076923076923077,13.576923076923077,5.346153846153846,4.846153846153846,1.4615384615384615,13,10.076923076923077,14.461538461538462,5.846153846153846,4.538461538461538,9.333333333333334,11.0,9.6,9.0,9.4,12.3,6.8,5.4,1.2,11.0,16.0,7.0,1.0
bab7107c11b46cbf53d8,2025-26,2026-02-27,Aston Villa,Wolverhampton Wanderers,A,C Pawson,27,10.11111111111111,13.666666666666666,5.407407407407407,4.7407407407407405,1.4444444444444444,13,10.076923076923077,12.692307692307692,4.846153846153846,5.153846153846154,10.333333333333334,10.2,9.6,11.666666666666666,10.0,12.5,7.0,5.0,1.2,19.0,13.0,5.0,3.0
c240494d3487f6557558,2025-26,2026-03-04,Aston Villa,Chelsea,H,J Gillett,28,10.428571428571429,13.642857142857142,5.392857142857143,4.571428571428571,1.5,14,10.142857142857142,14.571428571428571,5.928571428571429,4.357142857142857,13.0,11.6,10.7,14.666666666666666,11.2,12.2,7.0,3.8,1.4,10.0,9.0,3.0,3.0
fe18f81dcc72eccbcc2f,2025-26,2026-03-15,Aston Villa,Manchester United,A,A Taylor,29,10.413793103448276,13.482758620689655,5.310344827586207,4.689655172413793,1.5517241379310345,14,10.714285714285714,12.714285714285714,4.857142857142857,4.785714285714286,13.333333333333334,12.0,10.8,12.666666666666666,11.4,11.3,5.2,5.2,2.0,5.0,10.0,6.0,2.0
29ad0ec5408d32882854,2025-26,2026-03-22,Aston Villa,West Ham United,H,P Tierney,30,10.233333333333333,13.366666666666667,5.333333333333333,4.733333333333333,1.5666666666666667,15,10.133333333333333,14.2,5.733333333333333,4.6,11.333333333333334,10.8,10.3,10.666666666666666,12.6,10.3,5.6,4.2,2.2,3.0,7.0,6.0,0.0
00c8da6e33c32e94acdd,2025-26,2026-04-12,Aston Villa,Nottingham Forest,A,M Salisbury,31,10.0,13.161290322580646,5.354838709677419,4.774193548387097,1.5161290322580645,15,10.333333333333334,12.533333333333333,4.933333333333334,4.866666666666666,6.0,9.6,10.3,8.666666666666666,11.0,10.2,5.4,4.4,1.8,10.0,15.0,3.0,2.0
94245937e3757f50d79e,2025-26,2026-04-19,Aston Villa,Sunderland,H,S Barrott,32,10.0,13.21875,5.28125,4.84375,1.53125,16,9.6875,13.75,5.75,4.6875,6.0,9.4,9.8,10.666666666666666,10.8,10.4,4.6,5.4,2.0,11.0,11.0,4.0,1.0
584078ab8931f3e48415,2025-26,2026-04-25,Aston Villa,Fulham,A,M Oliver,33,10.030303030303031,13.151515151515152,5.242424242424242,4.848484848484849,1.5151515151515151,16,10.3125,12.6875,4.8125,5.0,8.0,7.8,9.7,11.0,10.4,10.8,4.4,6.4,1.6,12.0,14.0,5.0,2.0
392999311c7a870ecbe1,2025-26,2026-05-03,Aston Villa,Tottenham,H,S Barrott,34,10.088235294117647,13.176470588235293,5.235294117647059,4.764705882352941,1.5294117647058822,17,9.764705882352942,13.588235294117647,5.647058823529412,4.705882352941177,11.0,8.2,10.1,13.333333333333334,11.4,11.4,4.8,5.2,1.4,12.0,12.0,5.0,2.0
5117a8132a9a0ce70c0c,2025-26,2026-05-10,Aston Villa,Burnley,A,A Taylor,35,10.142857142857142,13.142857142857142,5.228571428571429,4.771428571428571,1.542857142857143,17,10.411764705882353,12.764705882352942,4.823529411764706,4.823529411764706,11.666666666666666,9.6,10.2,12.333333333333334,11.8,12.2,4.6,5.0,1.4,8.0,18.0,8.0,1.0
47fb399e2b0298f0a5c6,2025-26,2026-05-15,Aston Villa,Liverpool,H,C Kavanagh,36,10.083333333333334,13.277777777777779,5.305555555555555,4.694444444444445,1.5277777777777777,18,9.88888888888889,13.5,5.611111111111111,4.722222222222222,10.666666666666666,10.6,10.1,14.666666666666666,14.0,12.5,5.0,4.2,1.6,12.0,9.0,4.0,3.0
ee1aa1587511612c9b8e,2025-26,2026-05-24,Aston Villa,Manchester City,A,A Madley,37,10.135135135135135,13.162162162162161,5.27027027027027,4.8108108108108105,1.5675675675675675,18,10.277777777777779,13.055555555555555,5.0,4.666666666666667,10.666666666666666,11.0,10.2,13.0,12.8,11.8,5.2,4.6,1.8,4.0,8.0,4.0,0.0
0b1af42a17aec96420b5,2025-26,2025-08-15,Bournemouth,Liverpool,A,A Taylor,0,,,,,,0,,,,,,,,,,,,,,10.0,7.0,7.0,2.0
0ef1fd2aac63d0a6a2b6,2025-26,2025-08-23,Bournemouth,Wolverhampton Wanderers,H,T Bramall,1,10.0,7.0,7.0,6.0,2.0,0,,,,,10.0,10.0,10.0,7.0,7.0,7.0,7.0,6.0,2.0,13.0,16.0,8.0,2.0
6d6ea000d7d2308d708d,2025-26,2025-08-30,Bournemouth,Tottenham,A,S Hooper,2,11.5,11.5,7.5,4.5,2.0,1,10.0,7.0,7.0,6.0,11.5,11.5,11.5,11.5,11.5,11.5,7.5,4.5,2.0,13.0,17.0,8.0,4.0
daee8a08b71dc9b0240d,2025-26,2025-09-13,Bournemouth,Brighton & Hove Albion,H,P Bankes,3,12.0,13.333333333333334,7.666666666666667,3.0,2.6666666666666665,1,13.0,16.0,8.0,3.0,12.0,12.0,12.0,13.333333333333334,13.333333333333334,13.333333333333334,7.666666666666667,3.0,2.6666666666666665,16.0,10.0,4.0,4.0
319565fe07f7f71d19b5,2025-26,2025-09-21,Bournemouth,Newcastle United,H,R Jones,4,13.0,12.5,6.75,3.25,3.0,2,14.5,13.0,6.0,3.5,14.0,13.0,13.0,14.333333333333334,12.5,12.5,6.75,3.25,3.0,7.0,10.0,5.0,2.0
222ed4ca81d1e81e8b49,2025-26,2025-09-27,Bournemouth,Leeds,A,M Oliver,5,11.8,12.0,6.4,3.0,2.8,2,11.5,12.0,7.5,3.0,12.0,11.8,11.8,12.333333333333334,12.0,12.0,6.4,3.0,2.8,13.0,12.0,4.0,2.0
59a652e8aace7c197b4f,2025-26,2025-10-03,Bournemouth,Fulham,H,S Hooper,6,12.0,12.0,6.0,3.6666666666666665,2.6666666666666665,3,12.0,12.0,5.666666666666667,3.0,12.0,12.4,12.0,10.666666666666666,13.0,12.0,5.8,3.2,2.8,8.0,10.0,4.0,0.0
7e9bbb84692d8cae8ff9,2025-26,2025-10-18,Bournemouth,Crystal Palace,A,J Gillett,7,11.428571428571429,11.714285714285714,5.714285714285714,3.5714285714285716,2.2857142857142856,3,12.0,12.0,6.333333333333333,4.333333333333333,9.333333333333334,11.4,11.428571428571429,10.666666666666666,11.8,11.714285714285714,5.0,3.2,2.4,16.0,8.0,5.0,4.0
a7cbc169465eafe0cce7,2025-26,2025-10-26,Bournemouth,Nottingham Forest,H,S Barrott,8,12.0,11.25,5.625,3.875,2.5,4,11.0,11.5,5.25,3.0,12.333333333333334,12.0,12.0,10.0,10.0,11.25,4.4,4.4,2.4,17.0,7.0,6.0,3.0
fa99af3fe48f9a75caa5,2025-26,2025-11-02,Bournemouth,Manchester City,A,A Taylor,9,12.555555555555555,10.777777777777779,5.666666666666667,3.888888888888889,2.5555555555555554,4,13.0,11.0,6.0,4.75,13.666666666666666,12.2,12.555555555555555,8.333333333333334,9.4,10.777777777777779,4.8,4.4,2.2,11.0,8.0,4.0,2.0
b30b5efe06a205bc8417,2025-26,2025-11-09,Bournemouth,Aston Villa,A,J Brooks,10,12.4,10.5,5.5,4.5,2.5,5,12.6,10.4,5.6,5.8,14.666666666666666,13.0,12.4,7.666666666666667,9.0,10.5,4.6,6.0,2.2,20.0,8.0,9.0,2.0
18a66dea6a3bae4a0361,2025-26,2025-11-22,Bournemouth,West Ham United,H,T Bramall,11,13.090909090909092,10.272727272727273,5.818181818181818,4.636363636363637,2.4545454545454546,5,12.2,10.6,5.4,3.2,16.0,14.4,13.4,7.666666666666667,8.2,10.6,5.6,5.8,2.2,9.0,10.0,9.0,3.0
d434c0211e884dc3a52a,2025-26,2025-11-29,Bournemouth,Sunderland,A,T Robinson,12,12.75,10.25,6.083333333333333,4.416666666666667,2.5,6,13.833333333333334,10.0,6.166666666666667,5.833333333333333,13.333333333333334,14.6,13.0,8.666666666666666,8.2,10.0,6.6,5.6,2.8,13.0,14.0,3.0,5.0
1b92082c8132bea03650,2025-26,2025-12-02,Bournemouth,Everton,H,M Salisbury,13,12.76923076923077,10.538461538461538,5.846153846153846,4.538461538461538,2.6923076923076925,6,11.666666666666666,10.5,6.0,3.0,14.0,14.0,13.0,10.666666666666666,9.4,9.7,6.2,5.6,3.0,14.0,14.0,1.0,3.0
3674698d596900e66adb,2025-26,2025-12-06,Bournemouth,Chelsea,H,M Oliver,14,12.857142857142858,10.785714285714286,5.5,4.642857142857143,2.7142857142857144,7,12.0,11.0,5.285714285714286,3.4285714285714284,12.0,13.4,12.8,12.666666666666666,10.8,10.1,5.2,6.0,3.0,15.0,13.0,5.0,0.0
357190c8c0bf8a8151ad,2025-26,2025-12-15,Bournemouth,Manchester United,A,S Hooper,15,13.0,10.933333333333334,5.466666666666667,4.333333333333333,2.533333333333333,7,13.714285714285714,10.571428571428571,5.714285714285714,5.857142857142857,14.0,14.2,13.6,13.666666666666666,11.8,10.4,5.4,4.0,2.6,12.0,15.0,4.0,3.0
bc1557ac38779ba42eed,2025-26,2025-12-20,Bournemouth,Burnley,H,C Kavanagh,16,12.9375,11.1875,5.375,4.375,2.5625,8,12.375,11.25,5.25,3.0,13.666666666666666,12.6,13.5,14.0,13.2,10.7,4.4,3.8,2.8,11.0,11.0,5.0,1.0
e3f6c25fd1a096d5af2d,2025-26,2025-12-27,Bournemouth,Brentford,A,P Bankes,17,12.823529411764707,11.176470588235293,5.352941176470588,4.294117647058823,2.4705882352941178,8,13.5,11.125,5.5,5.75,12.666666666666666,13.0,13.8,13.0,13.4,10.8,3.6,4.0,2.4,8.0,9.0,15.0,2.0
383f14093f7b4ad4cf6c,2025-26,2025-12-30,Bournemouth,Chelsea,A,S Barrott,18,12.555555555555555,11.055555555555555,5.888888888888889,4.166666666666667,2.4444444444444446,9,12.88888888888889,10.88888888888889,6.555555555555555,5.333333333333333,10.333333333333334,12.0,13.0,11.666666666666666,12.4,10.9,6.0,3.2,1.8,12.0,5.0,3.0,1.0
c18b049ac382aee931b7,2025-26,2026-01-03,Bournemouth,Arsenal,H,C Kavanagh,19,12.526315789473685,10.736842105263158,5.7368421052631575,4.578947368421052,2.3684210526315788,9,12.222222222222221,11.222222222222221,5.222222222222222,3.0,10.333333333333334,11.6,12.5,8.333333333333334,10.6,10.7,6.4,4.4,1.4,13.0,8.0,7.0,3.0
022585709455ebddedaf,2025-26,2026-01-07,Bournemouth,Tottenham,H,D England,20,12.55,10.6,5.8,4.6,2.4,10,12.3,10.9,5.4,3.2,11.0,11.2,12.7,7.333333333333333,9.6,10.7,6.8,5.4,2.0,19.0,10.0,3.0,3.0
0249d70f44f581a709c6,2025-26,2026-01-19,Bournemouth,Brighton & Hove Albion,A,P Tierney,21,12.857142857142858,10.571428571428571,5.666666666666667,4.714285714285714,2.4285714285714284,10,12.8,10.3,6.2,6.0,14.666666666666666,12.6,12.6,7.666666666666667,8.6,10.9,6.6,5.8,2.0,6.0,7.0,6.0,3.0
e32d2ad886548b86c2a4,2025-26,2026-01-24,Bournemouth,Liverpool,H,M Salisbury,22,12.545454545454545,10.409090909090908,5.681818181818182,5.0,2.4545454545454546,11,12.909090909090908,10.818181818181818,5.181818181818182,3.5454545454545454,12.666666666666666,11.6,12.3,8.333333333333334,7.8,10.6,6.8,7.4,2.4,7.0,7.0,3.0,1.0
05d8b4d8480f48aec7d1,2025-26,2026-01-31,Bournemouth,Wolverhampton Wanderers,A,M Oliver,23,12.304347826086957,10.26086956521739,5.565217391304348,5.260869565217392,2.391304347826087,11,12.181818181818182,10.0,6.181818181818182,6.454545454545454,10.666666666666666,11.4,11.7,8.0,7.4,9.9,4.4,9.2,2.2,15.0,11.0,6.0,3.0
3412aad69b1e66cb28ee,2025-26,2026-02-07,Bournemouth,Aston Villa,H,A Taylor,24,12.416666666666666,10.291666666666666,5.583333333333333,5.25,2.4166666666666665,12,12.416666666666666,10.5,5.0,4.166666666666667,9.333333333333334,12.0,11.8,8.333333333333334,8.6,9.6,5.0,7.8,2.6,4.0,11.0,11.0,1.0
da17fd208cae964cb94f,2025-26,2026-02-10,Bournemouth,Everton,A,A Madley,25,12.08,10.32,5.8,5.2,2.36,12,12.416666666666666,10.083333333333334,6.166666666666667,6.333333333333333,8.666666666666666,10.2,10.7,9.666666666666666,9.2,9.4,5.8,7.6,2.2,15.0,14.0,2.0,3.0
32a8f9b874a1b7e75dd5,2025-26,2026-02-21,Bournemouth,West Ham United,A,S Barrott,26,12.192307692307692,10.461538461538462,5.653846153846154,5.269230769230769,2.3846153846153846,13,12.615384615384615,10.384615384615385,5.846153846153846,6.384615384615385,11.333333333333334,9.4,11.0,12.0,10.0,9.3,5.6,7.6,2.2,11.0,10.0,5.0,1.0
3224c031286668121143,2025-26,2026-02-28,Bournemouth,Sunderland,H,J Gillett,27,12.148148148148149,10.444444444444445,5.62962962962963,5.407407407407407,2.3333333333333335,13,11.76923076923077,10.538461538461538,5.461538461538462,4.153846153846154,10.0,10.4,11.0,11.666666666666666,10.6,9.2,5.4,7.2,1.8,15.0,12.0,7.0,4.0
cd3b78ae19cf4d3f2db4,2025-26,2026-03-03,Bournemouth,Brentford,H,C Pawson,28,12.25,10.5,5.678571428571429,5.321428571428571,2.392857142857143,14,12.0,10.642857142857142,5.571428571428571,4.071428571428571,13.666666666666666,12.0,11.7,12.0,11.6,9.5,6.2,5.6,2.4,9.0,10.0,4.0,2.0
630d787184699485e50a,2025-26,2026-03-14,Bournemouth,Burnley,A,P Bankes,29,12.137931034482758,10.482758620689655,5.620689655172414,5.241379310344827,2.3793103448275863,14,12.5,10.357142857142858,5.785714285714286,6.571428571428571,11.666666666666666,10.8,11.4,10.666666666666666,11.4,10.0,5.8,5.2,2.2,5.0,11.0,8.0,0.0
f81a3cd52e883f32463e,2025-26,2026-03-20,Bournemouth,Manchester United,H,S Attwell,30,11.9,10.5,5.7,5.233333333333333,2.3,15,11.8,10.6,5.466666666666667,4.0,9.666666666666666,11.0,10.6,11.0,11.4,10.3,5.2,5.4,2.0,10.0,9.0,6.0,2.0
563ee77c8a5d8063c33f,2025-26,2026-04-11,Bournemouth,Arsenal,A,M Oliver,31,11.838709677419354,10.451612903225806,5.709677419354839,5.32258064516129,2.2903225806451615,15,12.0,10.4,5.933333333333334,6.466666666666667,8.0,10.0,9.7,10.0,10.4,10.2,6.0,5.6,1.8,18.0,12.0,1.0,3.0
53ab430adbe52fb75c47,2025-26,2026-04-18,Bournemouth,Newcastle United,A,T Bramall,32,12.03125,10.5,5.5625,5.46875,2.3125,16,12.375,10.5,5.625,6.6875,11.0,11.4,10.9,10.666666666666666,10.8,10.7,5.2,5.8,2.2,12.0,11.0,3.0,4.0
d1cb61f5ff572f731070,2025-26,2026-04-22,Bournemouth,Leeds,H,M Salisbury,33,12.030303030303031,10.515151515151516,5.484848484848484,5.363636363636363,2.3636363636363638,16,11.6875,10.5,5.5,4.25,13.333333333333334,10.8,11.4,10.666666666666666,10.6,11.1,4.4,5.6,2.2,6.0,10.0,12.0,3.0
5d6a296e81539e96a790,2025-26,2026-05-03,Bournemouth,Crystal Palace,H,R Jones,34,11.852941176470589,10.5,5.676470588235294,5.235294117647059,2.3823529411764706,17,11.352941176470589,10.470588235294118,5.882352941176471,4.0588235294117645,12.0,10.2,10.5,11.0,10.6,11.0,6.0,5.2,2.4,10.0,11.0,7.0,0.0
75c16a5f77d36a35e1c7,2025-26,2026-05-09,Bournemouth,Fulham,A,A Madley,35,11.8,10.514285714285714,5.714285714285714,5.114285714285714,2.3142857142857145,17,12.352941176470589,10.529411764705882,5.470588235294118,6.411764705882353,9.333333333333334,11.2,11.1,10.666666666666666,10.6,11.0,5.8,4.4,2.4,21.0,12.0,2.0,2.0
b0ebd1c12b58f1c6e148,2025-26,2026-05-19,Bournemouth,Manchester City,H,A Taylor,36,12.055555555555555,10.555555555555555,5.611111111111111,5.277777777777778,2.3055555555555554,18,11.277777777777779,10.5,5.944444444444445,3.888888888888889,12.333333333333334,13.4,11.7,11.0,11.2,10.8,5.0,5.0,2.4,16.0,7.0,7.0,4.0
f3691569a289a4821be6,2025-26,2026-05-24,Bournemouth,Nottingham Forest,A,C Pawson,37,12.162162162162161,10.45945945945946,5.648648648648648,5.297297297297297,2.3513513513513513,18,12.833333333333334,10.61111111111111,5.277777777777778,6.666666666666667,15.666666666666666,13.0,12.2,10.0,10.2,10.5,6.2,4.2,2.6,7.0,11.0,3.0,1.0
1aa62c11d10789ae3e92,2025-26,2025-08-17,Brentford,Nottingham Forest,A,P Bankes,0,,,,,,0,,,,,,,,,,,,,,15.0,7.0,5.0,2.0
4edba4c41915dfe80d1d,2025-26,2025-08-23,Brentford,Aston Villa,H,T Harrington,1,15.0,7.0,5.0,5.0,2.0,0,,,,,15.0,15.0,15.0,7.0,7.0,7.0,5.0,5.0,2.0,11.0,9.0,2.0,1.0
7cf7c5c4f92cab0bb87b,2025-26,2025-08-30,Brentford,Sunderland,A,A Taylor,2,13.0,8.0,3.5,7.0,1.5,1,15.0,7.0,5.0,5.0,13.0,13.0,13.0,8.0,8.0,8.0,3.5,7.0,1.5,12.0,11.0,4.0,2.0
00c447e451478096d7a3,2025-26,2025-09-13,Brentford,Chelsea,H,S Attwell,3,12.666666666666666,9.0,3.6666666666666665,5.666666666666667,1.6666666666666667,1,11.0,9.0,2.0,9.0,12.666666666666666,12.666666666666666,12.666666666666666,9.0,9.0,9.0,3.6666666666666665,5.666666666666667,1.6666666666666667,13.0,9.0,5.0,3.0
0d4bc4eb124df2bb5b1c,2025-26,2025-09-20,Brentford,Fulham,A,M Oliver,4,12.75,9.0,4.0,5.75,2.0,2,13.5,9.0,4.5,4.0,12.0,12.75,12.75,9.666666666666666,9.0,9.0,4.0,5.75,2.0,13.0,11.0,10.0,1.0
b1a4d23ae44af996a598,2025-26,2025-09-27,Brentford,Manchester United,H,C Pawson,5,12.8,9.4,5.2,5.0,1.8,2,12.0,9.0,3.5,7.5,12.666666666666666,12.8,12.8,10.333333333333334,9.4,9.4,5.2,5.0,1.8,14.0,10.0,4.0,2.0
127aa9729a538dfa93bc,2025-26,2025-10-05,Brentford,Manchester City,H,D England,6,13.0,9.5,5.0,4.5,1.8333333333333333,3,12.666666666666666,9.333333333333334,3.6666666666666665,5.666666666666667,13.333333333333334,12.6,13.0,10.0,10.0,9.5,5.0,4.4,1.8,10.0,6.0,3.0,3.0
2c6254c0c3c932eba93a,2025-26,2025-10-20,Brentford,West Ham United,A,A Madley,7,12.571428571428571,9.0,4.714285714285714,4.142857142857143,2.0,3,13.333333333333334,9.666666666666666,6.333333333333333,3.3333333333333335,12.333333333333334,12.4,12.571428571428571,9.0,9.4,9.0,5.2,3.0,2.2,10.0,10.0,10.0,1.0
2b5dddc0ba9bf5156e0e,2025-26,2025-10-25,Brentford,Liverpool,H,S Hooper,8,12.25,9.125,5.375,4.375,1.875,4,12.0,8.5,3.5,4.75,11.333333333333334,12.0,12.25,8.666666666666666,9.2,9.125,6.4,3.6,2.0,7.0,10.0,5.0,3.0
7b369edd14f3e150dc47,2025-26,2025-11-01,Brentford,Crystal Palace,A,P Bankes,9,11.666666666666666,9.222222222222221,5.333333333333333,4.333333333333333,2.0,4,12.5,9.75,7.25,4.0,9.0,10.8,11.666666666666666,8.666666666666666,9.4,9.222222222222221,6.4,3.2,2.0,11.0,7.0,5.0,3.0
6237c91d616d01ecbe24,2025-26,2025-11-09,Brentford,Newcastle United,H,S Attwell,10,11.6,9.0,5.3,4.5,2.1,5,11.0,8.8,3.8,4.6,9.333333333333334,10.4,11.6,9.0,8.6,9.0,5.4,4.0,2.4,10.0,13.0,6.0,2.0
0027aa553ca625c27ad3,2025-26,2025-11-22,Brentford,Brighton & Hove Albion,A,C Kavanagh,11,11.454545454545455,9.363636363636363,5.363636363636363,4.2727272727272725,2.090909090909091,5,12.2,9.2,6.8,4.4,9.333333333333334,9.6,11.1,10.0,9.2,9.6,5.8,4.0,2.4,9.0,10.0,4.0,2.0
caf3657263cdb7081892,2025-26,2025-11-29,Brentford,Burnley,H,S Barrott,12,11.25,9.416666666666666,5.25,4.5,2.0833333333333335,6,10.833333333333334,9.5,4.166666666666667,4.166666666666667,10.0,9.4,10.9,10.0,10.0,9.7,6.0,5.0,2.2,7.0,7.0,5.0,0.0
4e5607368b5257bc1441,2025-26,2025-12-03,Brentford,Arsenal,A,T Harrington,13,10.923076923076923,9.23076923076923,5.230769230769231,4.615384615384615,1.9230769230769231,6,11.666666666666666,9.333333333333334,6.333333333333333,4.833333333333333,8.666666666666666,8.8,10.4,10.0,9.4,9.3,5.0,5.0,2.0,9.0,7.0,8.0,1.0
f350a5bdaaba92c5eaba,2025-26,2025-12-06,Brentford,Tottenham,A,R Jones,14,10.785714285714286,9.071428571428571,5.428571428571429,4.571428571428571,1.8571428571428572,7,11.285714285714286,9.0,6.571428571428571,4.714285714285714,8.333333333333334,9.2,10.0,8.0,8.8,9.1,5.6,5.0,1.6,9.0,8.0,6.0,4.0
97ff1a1d6acbfa126a03,2025-26,2025-12-14,Brentford,Leeds,H,J Brooks,15,10.666666666666666,9.0,5.466666666666667,4.733333333333333,2.0,7,10.285714285714286,9.142857142857142,4.285714285714286,4.428571428571429,8.333333333333334,8.8,9.6,7.333333333333333,9.0,8.8,5.8,5.2,1.8,8.0,9.0,0.0,0.0
725d7d81e073def2593c,2025-26,2025-12-20,Brentford,Wolverhampton Wanderers,A,M Donohue,16,10.5,9.0,5.125,4.625,1.875,8,11.0,8.875,6.5,5.0,8.666666666666666,8.4,9.0,8.0,8.2,8.7,4.6,5.4,1.4,15.0,12.0,4.0,4.0
e3f6c25fd1a096d5af2d,2025-26,2025-12-27,Brentford,Bournemouth,H,P Bankes,17,10.764705882352942,9.176470588235293,5.0588235294117645,4.529411764705882,2.0,8,10.0,9.125,3.75,4.25,10.666666666666666,9.6,9.5,9.666666666666666,8.6,9.3,4.6,4.6,1.8,9.0,8.0,2.0,2.0
de8e5ae1c55c69e1893b,2025-26,2026-01-01,Brentford,Tottenham,H,A Madley,18,10.666666666666666,9.11111111111111,4.888888888888889,5.111111111111111,2.0,9,9.88888888888889,9.0,3.5555555555555554,5.444444444444445,10.666666666666666,10.0,9.4,9.666666666666666,8.8,9.1,4.0,6.4,2.2,8.0,10.0,3.0,1.0
53f2f3225c8b67192369,2025-26,2026-01-04,Brentford,Everton,A,A Taylor,19,10.526315789473685,9.157894736842104,4.7894736842105265,4.894736842105263,1.9473684210526316,9,11.444444444444445,9.222222222222221,6.222222222222222,4.777777777777778,10.666666666666666,9.8,9.5,10.0,9.4,9.1,3.0,5.8,2.2,8.0,9.0,5.0,2.0
113907aae6140acaeac7,2025-26,2026-01-07,Brentford,Sunderland,H,M Donohue,20,10.4,9.15,4.8,4.85,1.95,10,9.7,9.1,3.5,5.0,8.333333333333334,9.6,9.2,9.0,9.6,9.3,2.8,5.2,1.8,13.0,13.0,7.0,2.0
67a4d31a9e660d650120,2025-26,2026-01-17,Brentford,Chelsea,A,J Brooks,21,10.523809523809524,9.333333333333334,4.904761904761905,4.809523809523809,1.9523809523809523,10,11.1,9.2,6.1,4.7,9.666666666666666,10.6,9.5,10.666666666666666,10.4,9.3,4.2,5.4,2.2,10.0,7.0,9.0,2.0
714cf121b9ae3e17e5a7,2025-26,2026-01-25,Brentford,Nottingham Forest,H,S Barrott,22,10.5,9.227272727272727,5.090909090909091,4.7272727272727275,1.9545454545454546,11,10.0,9.454545454545455,3.8181818181818183,4.909090909090909,10.333333333333334,9.6,9.6,9.666666666666666,9.4,9.0,5.2,5.4,1.8,11.0,10.0,6.0,1.0
e293b7a341e2a95bef63,2025-26,2026-02-01,Brentford,Aston Villa,A,T Robinson,23,10.521739130434783,9.26086956521739,5.130434782608695,4.739130434782608,1.9130434782608696,11,11.0,9.0,6.363636363636363,4.545454545454546,11.333333333333334,10.0,10.0,10.0,9.8,9.3,6.0,3.4,1.6,8.0,8.0,1.0,3.0
a21568ac8b2d81675d55,2025-26,2026-02-07,Brentford,Newcastle United,A,A Madley,24,10.416666666666666,9.208333333333334,4.958333333333333,5.041666666666667,1.9583333333333333,12,10.75,8.916666666666666,5.916666666666667,5.166666666666667,9.666666666666666,10.0,9.9,8.333333333333334,9.4,9.4,5.6,5.6,2.0,18.0,14.0,3.0,2.0
607b5fe3e96a4d89b8b9,2025-26,2026-02-12,Brentford,Arsenal,H,J Brooks,25,10.72,9.4,4.88,5.2,1.96,12,10.083333333333334,9.5,4.0,4.916666666666667,12.333333333333334,12.0,10.8,10.666666666666666,10.4,10.0,5.2,6.6,2.0,12.0,11.0,6.0,3.0
26797923e6a7906e3bd9,2025-26,2026-02-21,Brentford,Brighton & Hove Albion,H,J Gillett,26,10.76923076923077,9.461538461538462,4.923076923076923,5.153846153846154,2.0,13,10.23076923076923,9.615384615384615,4.153846153846154,4.846153846153846,12.666666666666666,11.8,11.2,11.0,10.0,10.2,5.0,6.6,2.2,9.0,14.0,6.0,1.0
29babd4bf55811fb9e81,2025-26,2026-02-28,Brentford,Burnley,A,S Barrott,27,10.703703703703704,9.62962962962963,4.962962962962963,5.111111111111111,1.962962962962963,13,11.307692307692308,9.307692307692308,5.6923076923076925,5.461538461538462,13.0,11.6,10.6,13.0,11.4,10.4,4.4,6.8,2.0,9.0,9.0,8.0,2.0
cd3b78ae19cf4d3f2db4,2025-26,2026-03-03,Brentford,Bournemouth,A,C Pawson,28,10.642857142857142,9.607142857142858,5.071428571428571,5.071428571428571,1.9642857142857142,14,11.142857142857142,9.285714285714286,5.857142857142857,5.357142857142857,10.0,11.2,10.6,11.333333333333334,11.2,10.5,4.8,6.6,2.2,10.0,9.0,3.0,1.0
e8e9540f34a352130bba,2025-26,2026-03-16,Brentford,Wolverhampton Wanderers,H,S Attwell,29,10.620689655172415,9.586206896551724,5.0,5.0344827586206895,1.9310344827586208,14,10.142857142857142,9.928571428571429,4.285714285714286,4.785714285714286,9.333333333333334,11.6,10.8,10.666666666666666,11.4,10.4,5.2,5.0,1.8,12.0,10.0,1.0,2.0
630b5bae36a72d638c6b,2025-26,2026-03-21,Brentford,Leeds,A,J Gillett,30,10.666666666666666,9.6,4.866666666666666,5.033333333333333,1.9333333333333333,15,11.066666666666666,9.266666666666667,5.666666666666667,5.266666666666667,10.333333333333334,10.4,11.2,9.333333333333334,10.6,10.5,4.8,4.2,1.8,9.0,6.0,2.0,0.0
dc9763cca4017950517d,2025-26,2026-04-11,Brentford,Everton,H,F Hallam,31,10.612903225806452,9.483870967741936,4.774193548387097,5.064516129032258,1.8709677419354838,15,10.266666666666667,9.933333333333334,4.066666666666666,4.8,10.333333333333334,9.8,10.8,8.333333333333334,9.6,9.8,4.0,4.6,1.2,6.0,7.0,2.0,0.0
c401eb5363ef87ffb49d,2025-26,2026-04-18,Brentford,Fulham,H,P Tierney,32,10.46875,9.40625,4.6875,5.0,1.8125,16,10.0,9.75,3.9375,4.6875,9.0,9.2,10.4,7.666666666666667,8.2,9.8,3.2,4.4,1.0,8.0,13.0,9.0,0.0
60bc443dcce32d7658ec,2025-26,2026-04-27,Brentford,Manchester United,A,C Kavanagh,33,10.393939393939394,9.515151515151516,4.818181818181818,4.9393939393939394,1.7575757575757576,16,10.9375,9.0625,5.4375,5.3125,7.666666666666667,9.0,10.1,8.666666666666666,9.0,10.1,3.4,4.2,0.6,9.0,6.0,8.0,4.0
f4e074fae7b7efa8369f,2025-26,2026-05-02,Brentford,West Ham United,H,C Pawson,34,10.352941176470589,9.411764705882353,4.911764705882353,5.0,1.8235294117647058,17,9.882352941176471,9.941176470588236,4.235294117647059,4.588235294117647,7.666666666666667,8.8,10.2,8.666666666666666,8.4,9.9,4.4,4.8,1.2,8.0,12.0,2.0,1.0
e06157009a58bf7a517c,2025-26,2026-05-09,Brentford,Manchester City,A,M Salisbury,35,10.285714285714286,9.485714285714286,4.828571428571428,5.0285714285714285,1.8,17,10.823529411764707,8.882352941176471,5.588235294117647,5.411764705882353,8.333333333333334,8.0,9.2,10.333333333333334,8.8,9.7,4.6,5.0,1.0,14.0,8.0,2.0,2.0
b6b086e667f01fc321a7,2025-26,2026-05-17,Brentford,Crystal Palace,H,S Barrott,36,10.38888888888889,9.444444444444445,4.75,5.166666666666667,1.8055555555555556,18,9.777777777777779,10.055555555555555,4.111111111111111,4.666666666666667,10.333333333333334,9.0,9.4,8.666666666666666,9.2,9.4,4.6,5.8,1.4,7.0,5.0,9.0,1.0
be428d26171087c1b564,2025-26,2026-05-24,Brentford,Liverpool,A,D England,37,10.297297297297296,9.324324324324325,4.864864864864865,5.135135135135135,1.7837837837837838,18,11.0,8.833333333333334,5.388888888888889,5.666666666666667,9.666666666666666,9.2,9.2,8.333333333333334,8.8,8.5,6.0,6.0,1.6,9.0,9.0,2.0,3.0
fd61477ad12eb7e1d922,2025-26,2025-08-16,Brighton & Hove Albion,Fulham,H,S Barrott,0,,,,,,0,,,,,,,,,,,,,,16.0,15.0,4.0,3.0
30970af3285da8a891f0,2025-26,2025-08-24,Brighton & Hove Albion,Everton,A,S Attwell,1,16.0,15.0,4.0,3.0,3.0,0,,,,,16.0,16.0,16.0,15.0,15.0,15.0,4.0,3.0,3.0,15.0,7.0,2.0,3.0
5a851244ca5ce40437c1,2025-26,2025-08-31,Brighton & Hove Albion,Manchester City,H,D England,2,15.5,11.0,3.0,2.5,3.0,1,16.0,15.0,4.0,3.0,15.5,15.5,15.5,11.0,11.0,11.0,3.0,2.5,3.0,16.0,14.0,3.0,2.0
daee8a08b71dc9b0240d,2025-26,2025-09-13,Brighton & Hove Albion,Bournemouth,A,P Bankes,3,15.666666666666666,12.0,3.0,2.3333333333333335,2.6666666666666665,1,15.0,7.0,2.0,2.0,15.666666666666666,15.666666666666666,15.666666666666666,12.0,12.0,12.0,3.0,2.3333333333333335,2.6666666666666665,10.0,16.0,4.0,4.0
0890bd9cde9867de83bf,2025-26,2025-09-20,Brighton & Hove Albion,Tottenham,H,C Kavanagh,4,14.25,13.0,3.25,2.75,3.0,2,16.0,14.5,3.5,2.5,13.666666666666666,14.25,14.25,12.333333333333334,13.0,13.0,3.25,2.75,3.0,10.0,13.0,2.0,1.0
7807db37bc3a166acdf8,2025-26,2025-09-27,Brighton & Hove Albion,Chelsea,A,S Hooper,5,13.4,13.0,3.0,4.2,2.6,2,12.5,11.5,3.0,3.0,12.0,13.4,13.4,14.333333333333334,13.0,13.0,3.0,4.2,2.6,16.0,9.0,7.0,5.0
4b892e4f601232c15d8f,2025-26,2025-10-05,Brighton & Hove Albion,Wolverhampton Wanderers,A,J Gillett,6,13.833333333333334,12.333333333333334,3.6666666666666665,4.333333333333333,3.0,3,13.666666666666666,10.666666666666666,4.333333333333333,3.6666666666666665,12.0,13.4,13.833333333333334,12.666666666666666,11.8,12.333333333333334,3.6,4.6,3.0,9.0,13.0,8.0,4.0
65f0e58d65f7178e22fc,2025-26,2025-10-18,Brighton & Hove Albion,Newcastle United,H,C Pawson,7,13.142857142857142,12.428571428571429,4.285714285714286,4.0,3.142857142857143,3,14.0,14.0,3.0,5.0,11.666666666666666,12.2,13.142857142857142,11.666666666666666,13.0,12.428571428571429,4.8,4.6,3.2,9.0,9.0,8.0,0.0
cad70ae71bc002fed5a4,2025-26,2025-10-25,Brighton & Hove Albion,Manchester United,A,A Taylor,8,12.625,12.0,4.75,4.0,2.75,4,12.5,11.25,5.25,3.25,11.333333333333334,10.8,12.625,10.333333333333334,12.0,12.0,5.8,5.0,2.8,13.0,4.0,6.0,2.0
19509180f80e38b552e4,2025-26,2025-11-01,Brighton & Hove Albion,Leeds,H,M Oliver,9,12.666666666666666,11.11111111111111,4.888888888888889,3.6666666666666665,2.6666666666666665,4,12.75,12.75,4.25,4.75,10.333333333333334,11.4,12.666666666666666,8.666666666666666,9.6,11.11111111111111,6.2,4.4,2.4,10.0,7.0,4.0,0.0
7456c4f3ff46d21177c5,2025-26,2025-11-09,Brighton & Hove Albion,Crystal Palace,A,T Robinson,10,12.4,10.7,4.8,4.0,2.4,5,12.6,9.8,5.4,2.8,10.666666666666666,11.4,12.4,6.666666666666667,8.4,10.7,6.6,3.8,2.2,12.0,10.0,8.0,4.0
0027aa553ca625c27ad3,2025-26,2025-11-22,Brighton & Hove Albion,Brentford,H,C Kavanagh,11,12.363636363636363,10.636363636363637,5.090909090909091,4.0,2.5454545454545454,5,12.2,11.6,4.2,5.2,11.666666666666666,10.6,12.0,7.0,8.6,10.2,6.8,3.6,2.0,10.0,9.0,7.0,4.0
3640496aad283a10bb1b,2025-26,2025-11-30,Brighton & Hove Albion,Nottingham Forest,A,M Oliver,12,12.166666666666666,10.5,5.25,4.0,2.6666666666666665,6,12.5,9.833333333333334,5.833333333333333,3.0,10.666666666666666,10.8,11.5,8.666666666666666,7.8,10.4,6.6,4.0,2.0,10.0,11.0,2.0,1.0
fbf54508c9fd9629be09,2025-26,2025-12-03,Brighton & Hove Albion,Aston Villa,H,A Madley,13,12.0,10.538461538461538,5.0,4.384615384615385,2.5384615384615383,6,11.833333333333334,11.166666666666666,4.666666666666667,5.0,10.666666666666666,11.0,10.9,10.0,8.2,10.1,5.4,5.0,2.2,10.0,9.0,5.0,2.0
0aced93a3e98e00eb096,2025-26,2025-12-07,Brighton & Hove Albion,West Ham United,H,S Hooper,14,11.857142857142858,10.428571428571429,5.0,4.5,2.5,7,11.571428571428571,10.857142857142858,4.714285714285714,5.142857142857143,10.0,10.4,10.9,9.666666666666666,9.2,9.4,5.2,6.0,2.2,12.0,8.0,10.0,2.0
85025837a7a7585b4ca9,2025-26,2025-12-13,Brighton & Hove Albion,Liverpool,A,C Pawson,15,11.866666666666667,10.266666666666667,5.333333333333333,4.6,2.466666666666667,7,12.142857142857142,10.0,5.285714285714286,3.857142857142857,10.666666666666666,10.8,11.1,9.333333333333334,9.4,8.9,6.4,5.8,2.6,15.0,8.0,2.0,2.0
a1cd2b096cdfaddc8878,2025-26,2025-12-20,Brighton & Hove Albion,Sunderland,H,D England,16,12.0625,10.125,5.125,4.4375,2.4375,8,11.625,10.5,5.375,5.25,12.333333333333334,11.4,11.0,8.333333333333334,9.0,8.8,5.2,5.4,2.2,11.0,15.0,3.0,2.0
24deb18c1a002f6fc844,2025-26,2025-12-27,Brighton & Hove Albion,Arsenal,A,J Brooks,17,12.0,10.411764705882353,5.0,4.411764705882353,2.411764705882353,8,12.5,9.75,4.875,3.625,12.666666666666666,11.6,11.2,10.333333333333334,10.2,9.0,4.4,5.4,1.8,13.0,7.0,2.0,3.0
5cb11e2bc4e58cebb8ba,2025-26,2025-12-30,Brighton & Hove Albion,West Ham United,A,M Salisbury,18,12.055555555555555,10.222222222222221,4.833333333333333,4.555555555555555,2.4444444444444446,9,12.555555555555555,9.444444444444445,4.555555555555555,4.0,13.0,12.2,11.6,10.0,9.4,8.8,4.4,5.0,2.2,18.0,11.0,5.0,5.0
dbc6e8fceebdd5899cb9,2025-26,2026-01-03,Brighton & Hove Albion,Burnley,H,T Robinson,19,12.368421052631579,10.263157894736842,4.842105263157895,4.578947368421052,2.5789473684210527,9,11.555555555555555,11.0,5.111111111111111,5.111111111111111,14.0,13.8,12.1,11.0,9.8,9.5,4.4,4.8,2.8,7.0,17.0,4.0,0.0
18037c109930d2dee03b,2025-26,2026-01-07,Brighton & Hove Albion,Manchester City,A,T Bramall,20,12.1,10.6,4.8,4.55,2.45,10,13.1,9.6,4.6,4.1,12.666666666666666,12.8,11.8,11.666666666666666,11.6,10.5,3.2,4.4,2.4,16.0,6.0,2.0,6.0
0249d70f44f581a709c6,2025-26,2026-01-19,Brighton & Hove Albion,Bournemouth,H,P Tierney,21,12.285714285714286,10.380952380952381,4.666666666666667,4.619047619047619,2.619047619047619,10,11.1,11.6,5.0,5.0,13.666666666666666,13.0,12.2,11.333333333333334,11.2,10.1,3.2,5.2,3.2,7.0,6.0,11.0,2.0
89c5203cbb73e7575a58,2025-26,2026-01-24,Brighton & Hove Albion,Fulham,A,M Oliver,22,12.045454545454545,10.181818181818182,4.954545454545454,4.681818181818182,2.590909090909091,11,13.363636363636363,9.272727272727273,4.363636363636363,4.2727272727272725,10.0,12.2,11.9,9.666666666666666,9.4,9.8,4.8,5.6,3.2,6.0,10.0,6.0,1.0
4bb3269f8123399441b5,2025-26,2026-01-31,Brighton & Hove Albion,Everton,H,C Kavanagh,23,11.782608695652174,10.173913043478262,5.0,4.739130434782608,2.5217391304347827,11,10.727272727272727,11.090909090909092,5.545454545454546,5.090909090909091,9.666666666666666,10.8,11.5,7.333333333333333,10.0,9.7,5.6,5.4,2.8,13.0,14.0,5.0,1.0
06a53f17184e4abc1289,2025-26,2026-02-08,Brighton & Hove Albion,Crystal Palace,H,T Bramall,24,11.833333333333334,10.333333333333334,5.0,4.625,2.4583333333333335,12,10.916666666666666,11.333333333333334,5.5,4.833333333333333,8.666666666666666,9.8,11.8,10.0,10.6,10.2,5.6,4.8,2.0,12.0,9.0,3.0,1.0
a311727305e0da12e939,2025-26,2026-02-11,Brighton & Hove Albion,Aston Villa,A,P Bankes,25,11.84,10.28,4.92,4.6,2.4,12,12.75,9.333333333333334,4.5,4.416666666666667,10.333333333333334,10.8,11.8,11.0,9.0,10.3,5.4,4.8,2.2,15.0,9.0,5.0,3.0
26797923e6a7906e3bd9,2025-26,2026-02-21,Brighton & Hove Albion,Brentford,A,J Gillett,26,11.961538461538462,10.23076923076923,4.923076923076923,4.6923076923076925,2.423076923076923,13,12.923076923076923,9.307692307692308,4.538461538461538,4.615384615384615,13.333333333333334,10.6,11.8,10.666666666666666,9.6,10.4,6.0,5.0,1.6,14.0,9.0,4.0,2.0
c789888144ce4ab51add,2025-26,2026-03-01,Brighton & Hove Albion,Nottingham Forest,H,A Madley,27,12.037037037037036,10.185185185185185,4.888888888888889,4.7407407407407405,2.4074074074074074,13,11.0,11.153846153846153,5.3076923076923075,4.769230769230769,13.666666666666666,12.0,12.1,9.0,10.2,9.8,4.6,5.0,1.6,12.0,13.0,4.0,3.0
e2929f93e6796afcaefa,2025-26,2026-03-04,Brighton & Hove Albion,Arsenal,H,C Kavanagh,28,12.035714285714286,10.285714285714286,4.857142857142857,4.714285714285714,2.4285714285714284,14,11.071428571428571,11.285714285714286,5.214285714285714,4.714285714285714,13.666666666666666,13.2,12.0,10.333333333333334,10.8,10.4,4.2,4.6,2.0,14.0,12.0,4.0,4.0
fa7b60f026fbafbbcd54,2025-26,2026-03-14,Brighton & Hove Albion,Sunderland,A,T Kirk,29,12.10344827586207,10.344827586206897,4.827586206896552,4.655172413793103,2.4827586206896552,14,13.0,9.285714285714286,4.5,4.714285714285714,13.333333333333334,13.4,11.6,11.333333333333334,10.4,10.5,4.0,4.8,2.6,12.0,7.0,3.0,2.0
e3cb7318914166b2e212,2025-26,2026-03-21,Brighton & Hove Albion,Liverpool,H,D England,30,12.1,10.233333333333333,4.766666666666667,4.733333333333333,2.466666666666667,15,11.266666666666667,11.333333333333334,5.133333333333334,4.6,12.666666666666666,13.4,12.1,10.666666666666666,10.0,9.5,4.0,5.4,2.8,11.0,11.0,4.0,5.0
d21eba8b4334e9010263,2025-26,2026-04-11,Brighton & Hove Albion,Burnley,A,T Bramall,31,12.064516129032258,10.258064516129032,4.741935483870968,4.838709677419355,2.5483870967741935,15,12.933333333333334,9.133333333333333,4.4,4.866666666666666,12.333333333333334,12.6,11.6,10.0,10.4,10.0,3.8,5.6,3.2,11.0,7.0,2.0,1.0
799668670d8370ac3298,2025-26,2026-04-18,Brighton & Hove Albion,Tottenham,A,S Attwell,32,12.03125,10.15625,4.65625,4.9375,2.5,16,12.8125,9.0,4.25,5.0625,11.333333333333334,12.0,12.0,8.333333333333334,10.0,10.1,3.4,6.0,3.0,14.0,14.0,5.0,1.0
6a90ec6cb3268e5ecbd0,2025-26,2026-04-21,Brighton & Hove Albion,Chelsea,H,C Pawson,33,12.090909090909092,10.272727272727273,4.666666666666667,5.0,2.4545454545454546,16,11.25,11.3125,5.0625,4.8125,12.0,12.4,12.8,10.666666666666666,10.2,10.5,3.6,6.6,2.6,15.0,6.0,6.0,1.0
edf2903c39ba5174640f,2025-26,2026-05-02,Brighton & Hove Albion,Newcastle United,A,C Kavanagh,34,12.176470588235293,10.147058823529411,4.705882352941177,5.0,2.411764705882353,17,12.882352941176471,9.294117647058824,4.294117647058823,5.176470588235294,13.333333333333334,12.6,13.0,9.0,9.0,9.7,4.0,7.0,2.0,12.0,10.0,10.0,3.0
2e36279a486e44f8e698,2025-26,2026-05-09,Brighton & Hove Albion,Wolverhampton Wanderers,H,J Brooks,35,12.17142857142857,10.142857142857142,4.857142857142857,4.914285714285715,2.4285714285714284,17,11.470588235294118,11.0,5.117647058823529,4.823529411764706,13.666666666666666,12.6,13.0,10.0,9.6,9.8,5.4,6.0,2.2,9.0,11.0,7.0,1.0
717275c52836f9e908b3,2025-26,2026-05-17,Brighton & Hove Albion,Leeds,A,M Oliver,36,12.083333333333334,10.166666666666666,4.916666666666667,4.805555555555555,2.388888888888889,18,12.833333333333334,9.333333333333334,4.611111111111111,5.0,12.0,12.2,12.4,9.0,9.6,10.0,6.0,4.6,1.4,7.0,9.0,8.0,0.0
68d8ccd8f20b9df0cd48,2025-26,2026-05-24,Brighton & Hove Albion,Manchester United,H,S Barrott,37,11.945945945945946,10.135135135135135,5.0,4.864864864864865,2.324324324324324,18,11.333333333333334,11.0,5.222222222222222,4.611111111111111,9.333333333333334,11.4,11.7,10.0,10.0,10.0,7.2,4.4,1.2,11.0,8.0,0.0,0.0
dbaf3a0a88259c2d62c7,2025-26,2025-08-16,Burnley,Tottenham,A,M Oliver,0,,,,,,0,,,,,,,,,,,,,,8.0,14.0,5.0,0.0
e1d2b0a29e47aca45b53,2025-26,2025-08-23,Burnley,Sunderland,H,M Salisbury,1,8.0,14.0,5.0,6.0,0.0,0,,,,,8.0,8.0,8.0,14.0,14.0,14.0,5.0,6.0,0.0,9.0,5.0,4.0,0.0
43dbb151702e11ab0d73,2025-26,2025-08-30,Burnley,Manchester United,A,S Barrott,2,8.5,9.5,4.5,4.5,0.0,1,8.0,14.0,5.0,6.0,8.5,8.5,8.5,9.5,9.5,9.5,4.5,4.5,0.0,9.0,9.0,1.0,5.0
e91b6f121f29c0a0d919,2025-26,2025-09-14,Burnley,Liverpool,H,M Oliver,3,8.666666666666666,9.333333333333334,3.3333333333333335,5.333333333333333,1.6666666666666667,1,9.0,5.0,4.0,3.0,8.666666666666666,8.666666666666666,8.666666666666666,9.333333333333334,9.333333333333334,9.333333333333334,3.3333333333333335,5.333333333333333,1.6666666666666667,9.0,9.0,1.0,0.0
454fd2ca7c474bd4aa3f,2025-26,2025-09-20,Burnley,Nottingham Forest,H,T Bramall,4,8.75,9.25,2.75,7.25,1.25,2,9.0,7.0,2.5,8.0,9.0,8.75,8.75,7.666666666666667,9.25,9.25,2.75,7.25,1.25,12.0,11.0,4.0,1.0
6fde501ebdf4fd3f9c28,2025-26,2025-09-27,Burnley,Manchester City,A,R Jones,5,9.4,9.6,3.0,6.8,1.2,2,8.5,11.5,3.0,6.5,10.0,9.4,9.4,9.666666666666666,9.6,9.6,3.0,6.8,1.2,7.0,5.0,2.0,3.0
0367112e74762d20ab59,2025-26,2025-10-05,Burnley,Aston Villa,A,A Kitchen,6,9.0,8.833333333333334,2.8333333333333335,7.333333333333333,1.5,3,8.0,9.333333333333334,2.6666666666666665,7.666666666666667,9.333333333333334,9.2,9.0,8.333333333333334,7.8,8.833333333333334,2.4,7.6,1.8,15.0,9.0,4.0,1.0
ca9f528940f55b5819dd,2025-26,2025-10-18,Burnley,Leeds,H,T Robinson,7,9.857142857142858,8.857142857142858,3.0,7.142857142857143,1.4285714285714286,3,10.0,8.333333333333334,3.0,7.0,11.333333333333334,10.4,9.857142857142858,8.333333333333334,8.6,8.857142857142858,2.4,8.2,2.0,10.0,7.0,1.0,2.0
c901707df4b0f0eacd4f,2025-26,2025-10-26,Burnley,Wolverhampton Wanderers,A,T Harrington,8,9.875,8.625,2.75,6.875,1.5,4,9.75,9.25,3.0,7.25,10.666666666666666,10.6,9.875,7.0,8.2,8.625,2.4,7.8,1.4,7.0,12.0,3.0,0.0
70bb066d7a130efdf16c,2025-26,2025-11-01,Burnley,Arsenal,H,C Kavanagh,9,9.555555555555555,9.0,2.7777777777777777,6.666666666666667,1.3333333333333333,4,10.0,8.0,2.5,6.5,10.666666666666666,10.2,9.555555555555555,9.333333333333334,8.8,9.0,2.8,6.2,1.4,10.0,13.0,1.0,2.0
882a81a4516636eb698a,2025-26,2025-11-08,Burnley,West Ham United,A,M Salisbury,10,9.6,9.4,2.6,6.6,1.4,5,9.2,9.8,3.0,6.8,9.0,9.8,9.6,10.666666666666666,9.2,9.4,2.2,6.4,1.6,13.0,15.0,4.0,2.0
e12b9dd898d753ecfd5e,2025-26,2025-11-22,Burnley,Chelsea,H,P Bankes,11,9.909090909090908,9.909090909090908,2.727272727272727,6.636363636363637,1.4545454545454546,5,10.0,9.0,2.2,6.4,10.0,11.0,10.1,13.333333333333334,11.2,9.5,2.6,5.8,1.4,13.0,8.0,1.0,2.0
caf3657263cdb7081892,2025-26,2025-11-29,Burnley,Brentford,A,S Barrott,12,10.166666666666666,9.75,2.5833333333333335,6.833333333333333,1.5,6,9.833333333333334,10.666666666666666,3.1666666666666665,6.833333333333333,12.0,10.6,10.5,12.0,11.0,9.8,2.0,6.4,1.6,7.0,7.0,6.0,2.0
bcb816e2e1e6d40404ec,2025-26,2025-12-03,Burnley,Crystal Palace,H,T Kirk,13,9.923076923076923,9.538461538461538,2.8461538461538463,6.6923076923076925,1.5384615384615385,6,10.5,8.833333333333334,2.0,6.833333333333333,11.0,10.0,10.3,10.0,11.0,9.6,3.0,6.4,1.6,9.0,8.0,3.0,0.0
1260f75d6e2e39330176,2025-26,2025-12-06,Burnley,Newcastle United,A,S Attwell,14,9.857142857142858,9.428571428571429,2.857142857142857,6.5,1.4285714285714286,7,9.428571428571429,10.142857142857142,3.5714285714285716,6.571428571428571,9.666666666666666,10.4,10.3,7.666666666666667,10.2,9.5,3.0,6.2,1.6,11.0,9.0,9.0,2.0
ca57fdce20cc54c09fb7,2025-26,2025-12-13,Burnley,Fulham,H,M Oliver,15,9.933333333333334,9.4,3.2666666666666666,6.666666666666667,1.4666666666666666,7,10.285714285714286,8.714285714285714,2.142857142857143,6.428571428571429,9.0,10.6,10.2,8.0,9.4,9.3,4.6,6.8,1.6,8.0,8.0,10.0,1.0
bc1557ac38779ba42eed,2025-26,2025-12-20,Burnley,Bournemouth,A,C Kavanagh,16,9.8125,9.3125,3.6875,6.5,1.4375,8,9.625,10.0,4.25,6.875,9.333333333333334,9.6,10.3,8.333333333333334,8.0,9.6,5.8,6.2,1.4,11.0,11.0,3.0,1.0
da267544b3c09b291d3f,2025-26,2025-12-27,Burnley,Everton,H,C Pawson,17,9.882352941176471,9.411764705882353,3.6470588235294117,6.411764705882353,1.411764705882353,8,10.0,8.625,3.125,6.125,10.0,9.2,9.9,9.333333333333334,8.6,9.8,6.2,5.4,1.2,8.0,8.0,6.0,0.0
76781232a88cb897f44a,2025-26,2025-12-30,Burnley,Newcastle United,H,R Jones,18,9.777777777777779,9.333333333333334,3.7777777777777777,6.333333333333333,1.3333333333333333,9,9.777777777777779,8.555555555555555,3.4444444444444446,6.0,9.0,9.4,9.7,9.0,8.8,9.9,6.2,5.4,0.8,9.0,3.0,3.0,2.0
dbc6e8fceebdd5899cb9,2025-26,2026-01-03,Burnley,Brighton & Hove Albion,A,T Robinson,19,9.736842105263158,9.0,3.736842105263158,6.2105263157894735,1.368421052631579,9,9.777777777777779,10.11111111111111,4.111111111111111,6.666666666666667,9.333333333333334,9.4,9.9,7.333333333333333,7.8,9.0,6.2,5.4,1.2,17.0,7.0,4.0,4.0
04b0cb1a914ebce020a5,2025-26,2026-01-07,Burnley,Manchester United,H,S Attwell,20,10.1,8.9,3.75,6.1,1.5,10,9.7,8.0,3.4,5.8,11.333333333333334,10.6,10.6,6.0,7.4,8.4,5.2,4.4,1.6,9.0,8.0,2.0,2.0
247dd233b4adac8bcc99,2025-26,2026-01-17,Burnley,Liverpool,A,A Madley,21,10.047619047619047,8.857142857142858,3.6666666666666665,6.095238095238095,1.5238095238095237,10,10.5,9.8,4.1,6.4,11.666666666666666,10.8,10.2,6.0,7.4,7.7,3.6,4.8,1.8,10.0,8.0,1.0,2.0
edda8f51580ebee33eec,2025-26,2026-01-24,Burnley,Tottenham,H,P Bankes,22,10.045454545454545,8.818181818181818,3.5454545454545454,6.2272727272727275,1.5454545454545454,11,9.636363636363637,8.0,3.272727272727273,5.818181818181818,12.0,10.6,9.9,7.666666666666667,6.8,7.7,3.2,5.6,2.0,8.0,9.0,1.0,1.0
99869d75a542910699eb,2025-26,2026-02-02,Burnley,Sunderland,A,P Tierney,23,9.956521739130435,8.826086956521738,3.4347826086956523,6.086956521739131,1.5217391304347827,11,10.454545454545455,9.636363636363637,3.8181818181818183,6.636363636363637,9.0,10.6,10.0,8.333333333333334,7.0,7.9,2.2,5.2,2.2,10.0,12.0,2.0,4.0
b0cb4b88bf8f8f587370,2025-26,2026-02-07,Burnley,West Ham United,H,D England,24,9.958333333333334,8.958333333333334,3.375,5.875,1.625,12,9.5,8.083333333333334,3.0833333333333335,5.583333333333333,9.333333333333334,10.8,10.1,9.666666666666666,8.8,8.3,2.0,4.6,2.6,11.0,10.0,5.0,3.0
63837b7e826727f1b7c4,2025-26,2026-02-11,Burnley,Crystal Palace,A,F Hallam,25,10.0,9.0,3.44,5.72,1.68,12,10.416666666666666,9.833333333333334,3.6666666666666665,6.166666666666667,9.666666666666666,9.6,10.1,10.333333333333334,9.4,8.4,2.2,4.2,2.4,8.0,11.0,2.0,1.0
ffdfa80ff3988c8929fc,2025-26,2026-02-21,Burnley,Chelsea,A,L Smith,26,9.923076923076923,9.076923076923077,3.3846153846153846,5.8076923076923075,1.6538461538461537,13,10.23076923076923,9.923076923076923,3.5384615384615383,6.3076923076923075,9.666666666666666,9.4,10.1,11.0,10.0,8.7,2.2,4.6,2.2,11.0,13.0,5.0,2.0
29babd4bf55811fb9e81,2025-26,2026-02-28,Burnley,Brentford,H,S Barrott,27,9.962962962962964,9.222222222222221,3.4444444444444446,5.925925925925926,1.6666666666666667,13,9.615384615384615,8.23076923076923,3.230769230769231,5.3076923076923075,10.0,9.6,10.1,11.333333333333334,11.0,8.9,3.0,4.6,2.2,9.0,9.0,4.0,2.0
2a9b2848628ee0e22aab,2025-26,2026-03-03,Burnley,Everton,A,T Robinson,28,9.928571428571429,9.214285714285714,3.4642857142857144,6.0,1.6785714285714286,14,10.285714285714286,10.142857142857142,3.642857142857143,6.5,9.333333333333334,9.8,10.2,11.0,11.0,9.0,3.6,5.6,2.4,12.0,10.0,3.0,1.0
630d787184699485e50a,2025-26,2026-03-14,Burnley,Bournemouth,H,P Bankes,29,10.0,9.241379310344827,3.4482758620689653,6.0,1.6551724137931034,14,9.571428571428571,8.285714285714286,3.2857142857142856,5.5,10.666666666666666,10.2,10.5,10.666666666666666,10.6,9.7,3.8,6.6,1.8,11.0,5.0,5.0,1.0
4552df97b1b86b170a5d,2025-26,2026-03-21,Burnley,Fulham,A,C Kavanagh,30,10.033333333333333,9.1,3.5,6.066666666666666,1.6333333333333333,15,10.4,10.133333333333333,3.6,6.466666666666667,10.666666666666666,10.2,9.9,8.0,9.6,9.5,3.8,7.8,1.4,9.0,6.0,6.0,2.0
d21eba8b4334e9010263,2025-26,2026-04-11,Burnley,Brighton & Hove Albion,H,T Bramall,31,10.0,9.0,3.5806451612903225,6.064516129032258,1.6451612903225807,15,9.666666666666666,8.066666666666666,3.4,5.666666666666667,10.666666666666666,10.4,9.9,7.0,8.6,9.3,4.6,7.4,1.6,7.0,11.0,8.0,2.0
a79b5f1dc022e3257a54,2025-26,2026-04-19,Burnley,Nottingham Forest,A,T Kirk,32,9.90625,9.0625,3.71875,5.9375,1.65625,16,10.3125,9.875,3.75,6.4375,9.0,9.6,9.6,7.333333333333333,8.2,9.6,5.2,6.0,1.6,12.0,8.0,4.0,2.0
26c1bfb70efbd5590a3e,2025-26,2026-04-22,Burnley,Manchester City,H,A Madley,33,9.969696969696969,9.030303030303031,3.727272727272727,5.878787878787879,1.6666666666666667,16,9.5,8.25,3.6875,5.4375,9.333333333333334,10.2,10.0,8.333333333333334,8.0,9.5,5.2,5.2,1.6,10.0,12.0,3.0,0.0
282cd39cf3e0b3bc79c5,2025-26,2026-05-01,Burnley,Leeds,A,T Bramall,34,9.970588235294118,9.117647058823529,3.7058823529411766,6.029411764705882,1.6176470588235294,17,10.411764705882353,9.764705882352942,3.764705882352941,6.294117647058823,9.666666666666666,9.8,10.0,10.333333333333334,8.4,9.5,5.2,6.2,1.4,11.0,12.0,0.0,3.0
5117a8132a9a0ce70c0c,2025-26,2026-05-10,Burnley,Aston Villa,H,A Taylor,35,10.0,9.2,3.6,6.0,1.6571428571428573,17,9.529411764705882,8.470588235294118,3.6470588235294117,5.764705882352941,11.0,9.8,10.0,10.666666666666666,9.8,9.7,4.2,5.6,1.8,18.0,8.0,2.0,1.0
de3ccdeae6f95be60466,2025-26,2026-05-18,Burnley,Arsenal,A,P Tierney,36,10.222222222222221,9.166666666666666,3.5555555555555554,6.055555555555555,1.6388888888888888,18,10.444444444444445,9.88888888888889,3.5555555555555554,6.222222222222222,13.0,11.6,11.0,10.666666666666666,10.2,9.4,3.4,6.0,1.6,16.0,7.0,3.0,3.0
c1c7ed940e7aed84aca8,2025-26,2026-05-24,Burnley,Wolverhampton Wanderers,H,A Kitchen,37,10.378378378378379,9.108108108108109,3.5405405405405403,5.972972972972973,1.6756756756756757,18,10.0,8.444444444444445,3.5555555555555554,5.888888888888889,15.0,13.4,11.5,9.0,9.4,8.8,2.4,6.2,1.8,10.0,11.0,7.0,2.0
21dc5f69a9d1995daa2e,2025-26,2025-08-17,Chelsea,Crystal Palace,H,D England,0,,,,,,0,,,,,,,,,,,,,,10.0,12.0,11.0,2.0
6bae600ff3f41ad94aee,2025-26,2025-08-22,Chelsea,West Ham United,A,M Oliver,1,10.0,12.0,11.0,2.0,2.0,0,,,,,10.0,10.0,10.0,12.0,12.0,12.0,11.0,2.0,2.0,10.0,7.0,5.0,1.0
2b53d83261c37138838c,2025-26,2025-08-30,Chelsea,Fulham,H,R Jones,2,10.0,9.5,8.0,4.5,1.5,1,10.0,12.0,11.0,2.0,10.0,10.0,10.0,9.5,9.5,9.5,8.0,4.5,1.5,11.0,17.0,6.0,2.0
00c447e451478096d7a3,2025-26,2025-09-13,Chelsea,Brentford,A,S Attwell,3,10.333333333333334,12.0,7.333333333333333,4.333333333333333,1.6666666666666667,1,10.0,7.0,5.0,7.0,10.333333333333334,10.333333333333334,10.333333333333334,12.0,12.0,12.0,7.333333333333333,4.333333333333333,1.6666666666666667,9.0,13.0,6.0,2.0
e449895385bc6819e021,2025-26,2025-09-20,Chelsea,Manchester United,A,P Bankes,4,10.0,12.25,7.0,4.5,1.75,2,9.5,10.0,5.5,6.0,10.0,10.0,10.0,12.333333333333334,12.25,12.25,7.0,4.5,1.75,14.0,13.0,5.0,5.0
7807db37bc3a166acdf8,2025-26,2025-09-27,Chelsea,Brighton & Hove Albion,H,S Hooper,5,10.8,12.4,6.6,4.6,2.4,2,10.5,14.5,8.5,3.0,11.333333333333334,10.8,10.8,14.333333333333334,12.4,12.4,6.6,4.6,2.4,9.0,16.0,5.0,3.0
f156e686ca8a019dbdef,2025-26,2025-10-04,Chelsea,Liverpool,H,A Taylor,6,10.5,13.0,6.333333333333333,5.0,2.5,3,10.0,15.0,7.333333333333333,4.333333333333333,10.666666666666666,10.6,10.5,14.0,13.2,13.0,5.4,5.6,2.6,9.0,8.0,7.0,0.0
25159dbefd791793f17e,2025-26,2025-10-18,Chelsea,Nottingham Forest,A,C Kavanagh,7,10.285714285714286,12.285714285714286,6.428571428571429,4.571428571428571,2.142857142857143,3,11.0,11.0,5.333333333333333,5.666666666666667,10.666666666666666,10.4,10.285714285714286,12.333333333333334,13.4,12.285714285714286,5.8,4.6,2.4,16.0,13.0,2.0,2.0
d38a8e548465d5092670,2025-26,2025-10-25,Chelsea,Sunderland,H,A Madley,8,11.0,12.375,5.875,4.625,2.125,4,9.75,13.25,7.25,3.75,11.333333333333334,11.4,11.0,12.333333333333334,12.6,12.375,5.0,4.8,2.4,15.0,13.0,9.0,1.0
2f9c5ee3196d19535c02,2025-26,2025-11-01,Chelsea,Tottenham,A,J Gillett,9,11.444444444444445,12.444444444444445,6.222222222222222,4.222222222222222,2.0,4,12.25,11.5,4.5,5.5,13.333333333333334,12.6,11.444444444444445,11.333333333333334,12.6,12.444444444444445,5.6,4.0,2.2,12.0,14.0,5.0,2.0
7e6952943fcc3fa08e93,2025-26,2025-11-08,Chelsea,Wolverhampton Wanderers,H,A Kitchen,10,11.5,12.6,6.1,4.4,2.0,5,10.8,13.2,7.6,3.2,14.333333333333334,12.2,11.5,13.333333333333334,12.8,12.6,5.6,4.2,1.6,12.0,14.0,10.0,1.0
e12b9dd898d753ecfd5e,2025-26,2025-11-22,Chelsea,Burnley,A,P Bankes,11,11.545454545454545,12.727272727272727,6.454545454545454,4.090909090909091,1.9090909090909092,5,12.2,12.0,4.6,5.6,13.0,12.8,11.7,13.666666666666666,12.4,12.8,6.6,3.0,1.2,8.0,13.0,9.0,3.0
3039248b0ffc47cc1092,2025-26,2025-11-30,Chelsea,Arsenal,H,A Taylor,12,11.25,12.75,6.666666666666667,3.8333333333333335,2.0,6,11.0,13.333333333333334,8.0,2.8333333333333335,10.666666666666666,12.6,11.5,13.666666666666666,13.4,13.4,7.0,2.8,1.8,12.0,13.0,3.0,1.0
21c1de6c8c3b8fd35921,2025-26,2025-12-03,Chelsea,Leeds,A,D England,13,11.307692307692308,12.76923076923077,6.384615384615385,3.769230769230769,1.9230769230769231,6,11.5,12.166666666666666,5.333333333333333,4.833333333333333,10.666666666666666,11.8,11.6,13.333333333333334,13.4,13.0,7.2,2.4,1.6,13.0,10.0,2.0,1.0
3674698d596900e66adb,2025-26,2025-12-06,Chelsea,Bournemouth,A,M Oliver,14,11.428571428571429,12.571428571428571,6.071428571428571,3.7857142857142856,1.8571428571428572,7,11.714285714285714,11.857142857142858,4.857142857142857,4.714285714285714,11.0,11.4,12.0,12.0,12.8,12.7,5.8,3.0,1.6,13.0,15.0,0.0,2.0
44c77d5f62bdbe8a07a8,2025-26,2025-12-13,Chelsea,Everton,H,T Bramall,15,11.533333333333333,12.733333333333333,5.666666666666667,3.8666666666666667,1.8666666666666667,7,11.142857142857142,13.285714285714286,7.285714285714286,2.857142857142857,12.666666666666666,11.6,11.9,12.666666666666666,13.0,12.9,4.8,2.8,1.6,13.0,11.0,4.0,1.0
ed643502156a64024d10,2025-26,2025-12-20,Chelsea,Newcastle United,A,A Madley,16,11.625,12.625,5.5625,4.0625,1.8125,8,11.875,12.25,4.25,4.75,13.0,11.8,12.3,12.0,12.4,12.4,3.6,4.0,1.6,14.0,13.0,4.0,6.0
e658227636e86e42119e,2025-26,2025-12-27,Chelsea,Aston Villa,H,S Attwell,17,11.764705882352942,12.647058823529411,5.470588235294118,4.176470588235294,2.0588235294117645,8,11.375,13.0,6.875,3.375,13.333333333333334,13.0,12.8,13.0,12.4,12.9,2.6,5.0,2.2,16.0,8.0,6.0,5.0
383f14093f7b4ad4cf6c,2025-26,2025-12-30,Chelsea,Bournemouth,H,S Barrott,18,12.0,12.38888888888889,5.5,4.333333333333333,2.2222222222222223,9,11.88888888888889,12.444444444444445,6.777777777777778,3.7777777777777777,14.333333333333334,13.8,12.8,10.666666666666666,11.4,12.4,3.2,5.8,3.0,5.0,12.0,12.0,1.0
18f376fd3f28a3807bf5,2025-26,2026-01-04,Chelsea,Manchester City,A,M Oliver,19,11.631578947368421,12.368421052631579,5.842105263157895,4.2631578947368425,2.1578947368421053,9,12.11111111111111,12.333333333333334,4.222222222222222,4.888888888888889,11.666666666666666,12.2,11.8,11.0,11.8,12.3,5.2,5.6,3.0,14.0,12.0,2.0,3.0
2854f68a59850bdd02a7,2025-26,2026-01-07,Chelsea,Fulham,A,P Bankes,20,11.75,12.35,5.65,4.45,2.2,10,12.3,12.3,4.0,5.2,11.666666666666666,12.4,12.0,10.666666666666666,11.2,12.1,5.6,6.2,3.2,6.0,11.0,11.0,3.0
67a4d31a9e660d650120,2025-26,2026-01-17,Chelsea,Brentford,H,J Brooks,21,11.476190476190476,12.285714285714286,5.904761904761905,4.333333333333333,2.238095238095238,10,11.2,12.4,7.3,3.7,8.333333333333334,11.0,11.4,11.666666666666666,11.2,11.8,7.0,5.2,3.6,7.0,10.0,3.0,3.0
5bc905fa5a0312f70dcc,2025-26,2026-01-25,Chelsea,Crystal Palace,A,D England,22,11.272727272727273,12.181818181818182,5.7727272727272725,4.545454545454546,2.272727272727273,11,11.727272727272727,12.181818181818182,4.636363636363637,4.909090909090909,9.0,9.6,11.3,11.0,10.6,11.5,6.8,5.8,3.0,10.0,11.0,5.0,2.0
495431c380309e97db1b,2025-26,2026-01-31,Chelsea,West Ham United,H,A Taylor,23,11.217391304347826,12.130434782608695,5.739130434782608,4.521739130434782,2.260869565217391,11,10.818181818181818,12.181818181818182,6.909090909090909,4.181818181818182,7.666666666666667,8.4,11.1,10.666666666666666,11.2,11.3,6.6,5.2,2.4,11.0,13.0,9.0,3.0
c4cb0168420b36281d96,2025-26,2026-02-07,Chelsea,Wolverhampton Wanderers,A,J Gillett,24,11.208333333333334,12.166666666666666,5.875,4.458333333333333,2.2916666666666665,12,11.583333333333334,12.083333333333334,4.666666666666667,4.833333333333333,9.333333333333334,9.6,10.9,11.333333333333334,11.4,11.6,6.0,5.2,2.8,10.0,9.0,4.0,1.0
31d3a4ae814c9c0d416e,2025-26,2026-02-10,Chelsea,Leeds,H,R Jones,25,11.16,12.04,5.8,4.4,2.24,12,10.833333333333334,12.25,7.083333333333333,4.083333333333333,10.333333333333334,8.8,10.6,11.0,10.8,11.0,6.4,4.2,2.4,9.0,13.0,4.0,4.0
ffdfa80ff3988c8929fc,2025-26,2026-02-21,Chelsea,Burnley,H,L Smith,26,11.076923076923077,12.076923076923077,5.730769230769231,4.269230769230769,2.3076923076923075,13,10.692307692307692,12.307692307692308,6.846153846153846,3.8461538461538463,10.0,9.4,10.2,11.666666666666666,11.2,11.2,5.0,4.0,2.6,13.0,11.0,9.0,2.0
dbdda2398f2bf90109b3,2025-26,2026-03-01,Chelsea,Arsenal,A,D England,27,11.148148148148149,12.037037037037036,5.851851851851852,4.296296296296297,2.2962962962962963,13,11.461538461538462,11.846153846153847,4.615384615384615,4.6923076923076925,10.666666666666666,10.6,10.1,11.0,11.4,11.0,6.2,3.2,2.4,14.0,11.0,10.0,3.0
c240494d3487f6557558,2025-26,2026-03-04,Chelsea,Aston Villa,A,J Gillett,28,11.25,12.0,6.0,4.321428571428571,2.3214285714285716,14,11.642857142857142,11.785714285714286,5.0,4.714285714285714,12.0,11.4,9.9,11.666666666666666,11.4,11.3,7.2,3.4,2.6,9.0,10.0,8.0,2.0
3e842201af695086934c,2025-26,2026-03-14,Chelsea,Newcastle United,H,P Tierney,29,11.172413793103448,11.931034482758621,6.068965517241379,4.275862068965517,2.310344827586207,14,10.857142857142858,12.214285714285714,7.0,3.9285714285714284,12.0,11.0,10.3,10.666666666666666,10.8,11.1,7.0,3.4,2.4,9.0,10.0,8.0,2.0
c81f1166a30e51eb0db3,2025-26,2026-03-21,Chelsea,Everton,A,S Barrott,30,11.1,11.866666666666667,6.133333333333334,4.166666666666667,2.3,15,11.466666666666667,11.666666666666666,5.2,4.6,10.666666666666666,10.8,9.8,10.333333333333334,11.0,10.9,7.8,3.0,2.6,7.0,6.0,9.0,2.0
99ef482f5edf404f35df,2025-26,2026-04-12,Chelsea,Manchester City,H,C Kavanagh,31,10.96774193548387,11.67741935483871,6.225806451612903,4.129032258064516,2.2903225806451615,15,10.733333333333333,12.066666666666666,7.066666666666666,3.7333333333333334,8.333333333333334,10.4,9.9,8.666666666666666,9.6,10.4,8.8,3.4,2.2,10.0,14.0,4.0,3.0
078b7349327132f0a1a8,2025-26,2026-04-18,Chelsea,Manchester United,H,M Oliver,32,10.9375,11.75,6.15625,4.375,2.3125,16,10.6875,12.1875,6.875,4.25,8.666666666666666,9.8,10.2,10.0,10.2,10.8,7.8,4.8,2.4,12.0,13.0,7.0,1.0
6a90ec6cb3268e5ecbd0,2025-26,2026-04-21,Chelsea,Brighton & Hove Albion,A,C Pawson,33,10.969696969696969,11.787878787878787,6.181818181818182,4.2727272727272725,2.272727272727273,16,11.1875,11.3125,5.4375,4.5,9.666666666666666,9.4,10.4,11.0,10.6,11.0,7.2,4.0,2.0,6.0,15.0,5.0,1.0
10540973f68c23ad08c3,2025-26,2026-05-04,Chelsea,Nottingham Forest,H,A Taylor,34,10.823529411764707,11.882352941176471,6.147058823529412,4.323529411764706,2.235294117647059,17,10.764705882352942,12.235294117647058,6.882352941176471,4.0588235294117645,9.333333333333334,8.8,9.9,14.0,11.6,11.2,6.6,4.6,1.8,12.0,10.0,10.0,3.0
357b9b44bdc3b298c09d,2025-26,2026-05-09,Chelsea,Liverpool,A,C Pawson,35,10.857142857142858,11.82857142857143,6.257142857142857,4.228571428571429,2.257142857142857,17,10.882352941176471,11.529411764705882,5.411764705882353,4.588235294117647,10.0,9.4,10.1,12.666666666666666,11.6,11.3,7.0,4.6,2.0,17.0,17.0,2.0,4.0
d5865ba591119e2c3b7a,2025-26,2026-05-19,Chelsea,Tottenham,H,S Attwell,36,11.027777777777779,11.972222222222221,6.138888888888889,4.25,2.3055555555555554,18,10.833333333333334,12.11111111111111,7.055555555555555,3.888888888888889,11.666666666666666,11.4,10.9,14.0,13.8,11.7,5.6,5.0,2.4,11.0,18.0,3.0,4.0
7921a1c01164d6b3395d,2025-26,2026-05-24,Chelsea,Sunderland,A,C Kavanagh,37,11.027027027027026,12.135135135135135,6.054054054054054,4.243243243243243,2.3513513513513513,18,11.222222222222221,11.833333333333334,5.222222222222222,4.611111111111111,13.333333333333334,11.6,10.7,15.0,14.6,12.4,5.4,3.4,2.6,18.0,15.0,7.0,2.0
21dc5f69a9d1995daa2e,2025-26,2025-08-17,Crystal Palace,Chelsea,A,D England,0,,,,,,0,,,,,,,,,,,,,,12.0,10.0,2.0,3.0
a68f84d0ba8a7e8df3c7,2025-26,2025-08-24,Crystal Palace,Nottingham Forest,H,A Taylor,1,12.0,10.0,2.0,11.0,3.0,0,,,,,12.0,12.0,12.0,10.0,10.0,10.0,2.0,11.0,3.0,11.0,11.0,1.0,3.0
a4a99c07b2e9b1f52541,2025-26,2025-08-31,Crystal Palace,Aston Villa,A,S Attwell,2,11.5,10.5,1.5,7.0,3.0,1,12.0,10.0,2.0,11.0,11.5,11.5,11.5,10.5,10.5,10.5,1.5,7.0,3.0,14.0,7.0,1.0,3.0
29ddc40596dc2ce99478,2025-26,2025-09-13,Crystal Palace,Sunderland,H,T Bramall,3,12.333333333333334,9.333333333333334,1.3333333333333333,8.0,3.0,1,11.0,11.0,1.0,3.0,12.333333333333334,12.333333333333334,12.333333333333334,9.333333333333334,9.333333333333334,9.333333333333334,1.3333333333333333,8.0,3.0,10.0,8.0,5.0,1.0
2284cf276976adfdddff,2025-26,2025-09-20,Crystal Palace,West Ham United,A,T Harrington,4,11.75,9.0,2.25,6.75,2.5,2,13.0,8.5,1.5,10.5,11.666666666666666,11.75,11.75,8.666666666666666,9.0,9.0,2.25,6.75,2.5,5.0,15.0,8.0,3.0
e2315a38d748c5d7b97d,2025-26,2025-09-27,Crystal Palace,Liverpool,H,C Kavanagh,5,10.4,10.2,3.4,7.0,2.6,2,10.5,9.5,3.0,3.0,9.666666666666666,10.4,10.4,10.0,10.2,10.2,3.4,7.0,2.6,10.0,8.0,2.0,1.0
8975a8f6b3ceb61b8255,2025-26,2025-10-05,Crystal Palace,Everton,A,M Salisbury,6,10.333333333333334,9.833333333333334,3.1666666666666665,6.833333333333333,2.3333333333333335,3,10.333333333333334,10.666666666666666,3.6666666666666665,9.666666666666666,8.333333333333334,10.0,10.333333333333334,10.333333333333334,9.8,9.833333333333334,3.4,6.0,2.2,16.0,13.0,4.0,3.0
7e9bbb84692d8cae8ff9,2025-26,2025-10-18,Crystal Palace,Bournemouth,H,J Gillett,7,11.142857142857142,10.285714285714286,3.2857142857142856,6.142857142857143,2.4285714285714284,3,10.333333333333334,9.0,2.6666666666666665,4.0,10.333333333333334,11.0,11.142857142857142,12.0,10.2,10.285714285714286,4.0,5.8,2.2,8.0,16.0,6.0,1.0
338c7826594a0f7771c2,2025-26,2025-10-26,Crystal Palace,Arsenal,A,T Bramall,8,10.75,11.0,3.625,6.0,2.25,4,11.75,11.25,3.75,7.75,11.333333333333334,9.8,10.75,12.333333333333334,12.0,11.0,5.0,4.8,1.8,11.0,6.0,3.0,0.0
7b369edd14f3e150dc47,2025-26,2025-11-01,Crystal Palace,Brentford,H,P Bankes,9,10.777777777777779,10.444444444444445,3.5555555555555554,5.777777777777778,2.0,4,9.75,10.75,3.5,4.25,11.666666666666666,10.0,10.777777777777779,11.666666666666666,11.6,10.444444444444445,4.6,5.0,1.6,7.0,11.0,6.0,0.0
7456c4f3ff46d21177c5,2025-26,2025-11-09,Crystal Palace,Brighton & Hove Albion,H,T Robinson,10,10.4,10.5,3.8,5.7,1.8,5,9.2,10.8,4.0,4.4,8.666666666666666,10.4,10.4,11.0,10.8,10.5,4.2,4.4,1.0,10.0,12.0,4.0,1.0
ee2a5992245bdc53c156,2025-26,2025-11-22,Crystal Palace,Wolverhampton Wanderers,A,A Taylor,11,10.363636363636363,10.636363636363637,3.8181818181818183,5.909090909090909,1.7272727272727273,5,11.6,10.2,3.6,7.0,9.333333333333334,10.4,10.2,9.666666666666666,11.6,10.7,4.6,4.8,1.0,9.0,13.0,4.0,3.0
36dce84ffd446ba89f6a,2025-26,2025-11-30,Crystal Palace,Manchester United,H,R Jones,12,10.25,10.833333333333334,3.8333333333333335,5.5,1.8333333333333333,6,9.333333333333334,11.0,4.0,5.0,8.666666666666666,9.0,10.0,12.0,11.6,10.9,4.6,4.6,1.0,14.0,14.0,4.0,3.0
bcb816e2e1e6d40404ec,2025-26,2025-12-03,Crystal Palace,Burnley,A,T Kirk,13,10.538461538461538,11.076923076923077,3.8461538461538463,5.384615384615385,1.9230769230769231,6,11.166666666666666,10.666666666666666,3.6666666666666665,6.0,11.0,10.2,10.0,13.0,11.2,11.6,4.2,4.4,1.4,8.0,9.0,4.0,0.0
a90fef4e851feb5cf5f7,2025-26,2025-12-07,Crystal Palace,Fulham,A,S Barrott,14,10.357142857142858,10.928571428571429,3.857142857142857,5.214285714285714,1.7857142857142858,7,10.714285714285714,10.428571428571429,3.7142857142857144,5.571428571428571,10.333333333333334,9.6,9.8,12.0,11.8,11.7,4.4,4.2,1.4,8.0,5.0,4.0,0.0
e410238f398565c5b611,2025-26,2025-12-14,Crystal Palace,Manchester City,H,D England,15,10.2,10.533333333333333,3.8666666666666667,5.266666666666667,1.6666666666666667,7,10.0,11.428571428571429,4.0,4.857142857142857,10.0,9.8,10.1,9.333333333333334,10.6,10.7,4.0,4.4,1.4,9.0,6.0,2.0,2.0
edca987cfea5c5b2536e,2025-26,2025-12-20,Crystal Palace,Leeds,A,T Bramall,16,10.125,10.25,3.75,5.0625,1.6875,8,10.375,9.75,3.75,5.625,8.333333333333334,9.6,10.0,6.666666666666667,9.4,10.5,3.6,3.2,1.6,10.0,5.0,5.0,3.0
4e59e3399e1defe8f6ce,2025-26,2025-12-28,Crystal Palace,Tottenham,H,J Gillett,17,10.117647058823529,9.941176470588236,3.823529411764706,5.294117647058823,1.7647058823529411,8,9.875,10.75,3.75,4.5,9.0,9.8,9.4,5.333333333333333,7.8,9.7,3.8,4.8,1.6,7.0,5.0,3.0,3.0
7ba76f1714bbfa3a0cab,2025-26,2026-01-01,Crystal Palace,Fulham,H,T Harrington,18,9.944444444444445,9.666666666666666,3.7777777777777777,5.111111111111111,1.8333333333333333,9,9.555555555555555,10.11111111111111,3.6666666666666665,4.222222222222222,8.666666666666666,8.4,9.3,5.333333333333333,6.0,8.6,3.6,4.4,1.6,7.0,10.0,6.0,0.0
736cdd98fb3e9eb5f6bf,2025-26,2026-01-04,Crystal Palace,Newcastle United,A,J Brooks,19,9.789473684210526,9.68421052631579,3.8947368421052633,5.0,1.736842105263158,9,10.333333333333334,9.222222222222221,3.888888888888889,6.0,8.0,8.2,8.9,6.666666666666667,6.2,9.0,4.0,4.4,1.6,12.0,5.0,6.0,3.0
7b82e72b0e723c6cbb9f,2025-26,2026-01-07,Crystal Palace,Aston Villa,H,A Madley,20,9.9,9.45,4.0,5.15,1.8,10,9.3,10.1,3.9,4.1,8.666666666666666,9.0,9.4,6.666666666666667,6.2,8.4,4.4,4.8,2.2,8.0,3.0,3.0,2.0
35726903e7d882b352b4,2025-26,2026-01-17,Crystal Palace,Sunderland,A,R Jones,21,9.80952380952381,9.142857142857142,3.9523809523809526,5.142857142857143,1.8095238095238095,10,10.5,8.8,4.1,6.2,9.0,8.8,9.2,6.0,5.6,7.5,4.6,5.4,2.2,15.0,8.0,4.0,3.0
5bc905fa5a0312f70dcc,2025-26,2026-01-25,Crystal Palace,Chelsea,H,D England,22,10.045454545454545,9.090909090909092,3.9545454545454546,5.045454545454546,1.8636363636363635,11,9.181818181818182,9.454545454545455,3.8181818181818183,4.181818181818182,11.666666666666666,9.8,9.8,5.333333333333333,6.2,7.0,4.4,4.2,2.2,11.0,10.0,4.0,2.0
89ad153bb913d06c65ef,2025-26,2026-02-01,Crystal Palace,Nottingham Forest,A,M Salisbury,23,10.08695652173913,9.130434782608695,3.9565217391304346,5.043478260869565,1.8695652173913044,11,10.909090909090908,8.727272727272727,4.090909090909091,5.909090909090909,11.333333333333334,10.6,9.5,7.0,7.2,6.6,4.6,4.8,2.0,12.0,4.0,7.0,3.0
06a53f17184e4abc1289,2025-26,2026-02-08,Crystal Palace,Brighton & Hove Albion,A,T Bramall,24,10.166666666666666,8.916666666666666,4.083333333333333,5.041666666666667,1.9166666666666667,12,11.0,8.333333333333334,4.333333333333333,5.833333333333333,12.666666666666666,11.6,9.9,7.333333333333333,6.0,6.1,4.8,5.2,2.6,9.0,12.0,4.0,3.0
63837b7e826727f1b7c4,2025-26,2026-02-11,Crystal Palace,Burnley,H,F Hallam,25,10.12,9.04,4.08,4.96,1.96,12,9.333333333333334,9.5,3.8333333333333335,4.25,10.666666666666666,11.0,10.0,8.666666666666666,7.4,6.8,4.4,4.2,2.6,11.0,8.0,8.0,2.0
4e177ccc436e6824db28,2025-26,2026-02-22,Crystal Palace,Wolverhampton Wanderers,H,T Kirk,26,10.153846153846153,9.0,4.230769230769231,4.846153846153846,1.9615384615384615,13,9.461538461538462,9.384615384615385,4.153846153846154,4.076923076923077,10.666666666666666,11.6,10.2,8.0,8.4,7.0,5.4,3.6,2.6,19.0,13.0,7.0,5.0
249ca46882a9349e450c,2025-26,2026-03-01,Crystal Palace,Manchester United,A,C Kavanagh,27,10.481481481481481,9.148148148148149,4.333333333333333,4.777777777777778,2.074074074074074,13,10.846153846153847,8.615384615384615,4.3076923076923075,5.615384615384615,13.0,12.4,11.1,11.0,9.4,7.8,6.0,3.6,3.0,12.0,13.0,1.0,2.0
1cc6c218219665df3971,2025-26,2026-03-05,Crystal Palace,Tottenham,A,A Madley,28,10.535714285714286,9.285714285714286,4.214285714285714,4.857142857142857,2.0714285714285716,14,10.928571428571429,8.928571428571429,4.071428571428571,5.714285714285714,14.0,12.6,11.6,11.333333333333334,10.0,8.6,5.4,4.0,3.0,14.0,14.0,3.0,2.0
52010f7591847b9da53a,2025-26,2026-03-15,Crystal Palace,Leeds,H,T Bramall,29,10.655172413793103,9.448275862068966,4.172413793103448,4.896551724137931,2.0689655172413794,14,10.142857142857142,9.642857142857142,4.357142857142857,4.0,15.0,13.0,12.3,13.333333333333334,12.0,9.0,4.6,4.2,2.8,12.0,11.0,8.0,2.0
32962a30fae99ec760f2,2025-26,2026-04-12,Crystal Palace,Newcastle United,H,A Madley,30,10.7,9.5,4.3,4.833333333333333,2.066666666666667,15,10.266666666666667,9.733333333333333,4.6,3.933333333333333,12.666666666666666,13.6,12.3,12.666666666666666,11.8,9.6,5.4,4.2,2.6,17.0,12.0,2.0,0.0
5ae9b9511b0df837d2c7,2025-26,2026-04-20,Crystal Palace,West Ham United,H,D England,31,10.903225806451612,9.580645161290322,4.225806451612903,4.806451612903226,2.0,16,10.6875,9.875,4.4375,3.9375,14.333333333333334,14.8,13.2,12.333333333333334,12.6,10.5,4.2,4.6,2.2,13.0,12.0,4.0,2.0
4bb91e1f24665bc3c11e,2025-26,2026-04-25,Crystal Palace,Liverpool,A,A Madley,32,10.96875,9.65625,4.21875,4.84375,2.0,15,11.133333333333333,9.266666666666667,4.0,5.733333333333333,14.0,13.6,13.0,11.666666666666666,12.4,10.9,3.6,5.2,1.6,10.0,10.0,8.0,3.0
5d6a296e81539e96a790,2025-26,2026-05-03,Crystal Palace,Bournemouth,A,R Jones,33,10.93939393939394,9.666666666666666,4.333333333333333,4.848484848484849,2.0303030303030303,16,11.0625,9.3125,4.25,5.6875,13.333333333333334,13.2,12.9,11.333333333333334,11.8,10.9,5.0,4.8,1.8,11.0,10.0,1.0,2.0
5d110626dc0adc04ac49,2025-26,2026-05-10,Crystal Palace,Everton,H,T Bramall,34,10.941176470588236,9.676470588235293,4.235294117647059,4.911764705882353,2.0294117647058822,17,10.823529411764707,10.0,4.411764705882353,4.0588235294117645,11.333333333333334,12.6,12.8,10.666666666666666,11.0,11.5,4.6,5.0,1.8,5.0,13.0,5.0,0.0
94a051a38206ab0440f9,2025-26,2026-05-13,Crystal Palace,Manchester City,A,S Attwell,35,10.771428571428572,9.771428571428572,4.257142857142857,5.057142857142857,1.9714285714285715,17,11.058823529411764,9.352941176470589,4.0588235294117645,5.764705882352941,8.666666666666666,11.2,12.4,11.0,11.4,11.6,4.0,6.4,1.4,7.0,10.0,4.0,2.0
b6b086e667f01fc321a7,2025-26,2026-05-17,Crystal Palace,Brentford,A,S Barrott,36,10.666666666666666,9.777777777777779,4.25,5.166666666666667,1.9722222222222223,18,10.833333333333334,9.38888888888889,4.055555555555555,5.944444444444445,7.666666666666667,9.2,12.0,11.0,11.0,11.8,4.4,7.4,1.8,5.0,7.0,4.0,3.0
a653fc4b05c0576a884e,2025-26,2026-05-24,Crystal Palace,Arsenal,H,F Hallam,37,10.513513513513514,9.702702702702704,4.243243243243243,5.27027027027027,2.0,18,10.5,10.166666666666666,4.444444444444445,4.388888888888889,5.666666666666667,7.6,10.6,10.0,10.0,11.2,4.4,8.0,2.0,9.0,12.0,3.0,0.0
b89c7702ee02e85ed667,2025-26,2025-08-18,Everton,Leeds,A,C Kavanagh,0,,,,,,0,,,,,,,,,,,,,,8.0,6.0,2.0,2.0
30970af3285da8a891f0,2025-26,2025-08-24,Everton,Brighton & Hove Albion,H,S Attwell,1,8.0,6.0,2.0,7.0,2.0,0,,,,,8.0,8.0,8.0,6.0,6.0,6.0,2.0,7.0,2.0,7.0,15.0,2.0,4.0
ed8744209cb7d0f308a6,2025-26,2025-08-30,Everton,Wolverhampton Wanderers,A,M Oliver,2,7.5,10.5,2.0,4.5,3.0,1,8.0,6.0,2.0,7.0,7.5,7.5,7.5,10.5,10.5,10.5,2.0,4.5,3.0,10.0,15.0,2.0,1.0
0edbf9f22de4e6874331,2025-26,2025-09-13,Everton,Aston Villa,H,S Hooper,3,8.333333333333334,12.0,2.0,3.6666666666666665,2.3333333333333335,1,7.0,15.0,2.0,2.0,8.333333333333334,8.333333333333334,8.333333333333334,12.0,12.0,12.0,2.0,3.6666666666666665,2.3333333333333335,17.0,15.0,10.0,3.0
2157fb234fe7b06df58b,2025-26,2025-09-20,Everton,Liverpool,A,D England,4,10.5,12.75,4.0,3.5,2.5,2,9.0,10.5,2.0,4.5,11.333333333333334,10.5,10.5,15.0,12.75,12.75,4.0,3.5,2.5,10.0,11.0,4.0,3.0
8429741e071f5b33f77c,2025-26,2025-09-29,Everton,West Ham United,H,S Barrott,5,10.4,12.4,4.0,3.8,2.6,2,12.0,15.0,6.0,2.5,12.333333333333334,10.4,10.4,13.666666666666666,12.4,12.4,4.0,3.8,2.6,7.0,16.0,3.0,3.0
8975a8f6b3ceb61b8255,2025-26,2025-10-05,Everton,Crystal Palace,H,M Salisbury,6,9.833333333333334,13.0,3.8333333333333335,4.0,2.6666666666666665,3,10.333333333333334,15.333333333333334,5.0,3.3333333333333335,11.333333333333334,10.2,9.833333333333334,14.0,14.4,13.0,4.2,3.4,2.8,13.0,16.0,2.0,2.0
615767ddaf2c4508a10a,2025-26,2025-10-18,Everton,Manchester City,A,T Harrington,7,10.285714285714286,13.428571428571429,3.5714285714285716,4.0,2.5714285714285716,3,9.333333333333334,10.666666666666666,2.6666666666666665,4.666666666666667,10.0,11.4,10.285714285714286,14.333333333333334,14.6,13.428571428571429,4.2,3.8,2.4,14.0,8.0,3.0,2.0
e05fe499a79facb5034e,2025-26,2025-10-26,Everton,Tottenham,H,C Pawson,8,10.75,12.75,3.5,4.875,2.5,4,11.0,15.5,4.25,3.5,11.333333333333334,12.2,10.75,13.333333333333334,13.2,12.75,4.4,5.6,2.6,9.0,8.0,9.0,2.0
dec9a4e0ba4434dc036d,2025-26,2025-11-03,Everton,Sunderland,A,T Bramall,9,10.555555555555555,12.222222222222221,4.111111111111111,5.222222222222222,2.4444444444444446,4,10.5,10.0,2.75,6.25,12.0,10.6,10.555555555555555,10.666666666666666,11.8,12.222222222222221,4.2,6.6,2.4,12.0,10.0,1.0,2.0
ec63f65a14998b9e4e19,2025-26,2025-11-08,Everton,Fulham,H,A Madley,10,10.7,12.0,3.8,5.1,2.4,5,10.6,14.0,5.2,4.4,11.666666666666666,11.0,10.7,8.666666666666666,11.6,12.0,3.6,6.4,2.2,11.0,14.0,7.0,2.0
5e9e8b966300899424e6,2025-26,2025-11-24,Everton,Manchester United,A,T Harrington,11,10.727272727272727,12.181818181818182,4.090909090909091,5.090909090909091,2.3636363636363638,5,10.8,10.0,2.4,5.8,10.666666666666666,11.8,11.0,10.666666666666666,11.2,12.8,4.4,6.4,2.0,9.0,12.0,1.0,0.0
b91f8243033840e21b58,2025-26,2025-11-29,Everton,Newcastle United,H,C Pawson,12,10.583333333333334,12.166666666666666,3.8333333333333335,5.416666666666667,2.1666666666666665,6,10.666666666666666,14.0,5.5,4.5,10.666666666666666,11.0,11.2,12.0,10.4,12.5,4.2,7.4,1.6,4.0,6.0,8.0,0.0
1b92082c8132bea03650,2025-26,2025-12-02,Everton,Bournemouth,A,M Salisbury,13,10.076923076923077,11.692307692307692,4.153846153846154,5.538461538461538,2.0,6,10.5,10.333333333333334,2.1666666666666665,6.333333333333333,8.0,9.0,10.6,10.666666666666666,10.0,11.6,5.2,6.6,1.2,14.0,14.0,6.0,3.0
98cd665969b1de68bc94,2025-26,2025-12-06,Everton,Nottingham Forest,H,C Kavanagh,14,10.357142857142858,11.857142857142858,4.285714285714286,5.214285714285714,2.0714285714285716,7,9.714285714285714,12.857142857142858,5.857142857142857,4.857142857142857,9.0,10.0,10.3,10.666666666666666,11.2,11.5,4.6,5.2,1.4,17.0,15.0,6.0,4.0
44c77d5f62bdbe8a07a8,2025-26,2025-12-13,Everton,Chelsea,A,T Bramall,15,10.8,12.066666666666666,4.4,5.066666666666666,2.2,7,11.0,10.857142857142858,2.7142857142857144,5.571428571428571,11.666666666666666,11.0,11.0,11.666666666666666,12.2,11.9,5.6,5.0,1.8,11.0,13.0,7.0,0.0
1c1241ae1de0b7c8d478,2025-26,2025-12-20,Everton,Arsenal,H,S Barrott,16,10.8125,12.125,4.5625,5.0,2.0625,8,10.625,13.125,5.875,4.625,14.0,11.0,11.4,14.0,12.0,11.6,5.6,4.8,1.4,4.0,5.0,2.0,2.0
da267544b3c09b291d3f,2025-26,2025-12-27,Everton,Burnley,A,C Pawson,17,10.411764705882353,11.705882352941176,4.411764705882353,4.882352941176471,2.0588235294117645,8,11.0,11.125,3.25,5.375,10.666666666666666,10.0,10.5,11.0,10.6,10.5,5.8,3.6,1.8,8.0,8.0,5.0,2.0
2ee5d60a7c84e57118af,2025-26,2025-12-30,Everton,Nottingham Forest,A,M Oliver,18,10.277777777777779,11.5,4.444444444444445,4.944444444444445,2.0555555555555554,9,10.666666666666666,10.777777777777779,3.4444444444444446,5.444444444444445,7.666666666666667,10.8,9.9,8.666666666666666,11.0,10.5,5.2,3.4,2.2,9.0,11.0,2.0,0.0
53f2f3225c8b67192369,2025-26,2026-01-04,Everton,Brentford,H,A Taylor,19,10.210526315789474,11.473684210526315,4.315789473684211,5.157894736842105,1.9473684210526316,9,9.88888888888889,12.222222222222221,5.444444444444445,4.444444444444445,7.0,9.8,9.9,8.0,10.4,10.8,4.4,5.0,1.6,9.0,8.0,4.0,0.0
96ef19c44a569eb4c76c,2025-26,2026-01-07,Everton,Wolverhampton Wanderers,H,T Kirk,20,10.15,11.3,4.3,5.15,1.85,10,9.8,11.8,5.3,4.5,8.666666666666666,8.2,9.6,9.0,9.0,10.6,4.0,5.4,0.8,13.0,15.0,2.0,1.0
6ae07f348c89e0c9e7da,2025-26,2026-01-18,Everton,Aston Villa,A,T Harrington,21,10.285714285714286,11.476190476190476,4.190476190476191,5.238095238095238,1.8095238095238095,10,10.5,10.8,3.3,5.8,10.333333333333334,8.6,9.8,11.333333333333334,9.4,10.7,3.0,6.0,1.0,13.0,15.0,4.0,2.0
7bf300c44a9f874dd6d8,2025-26,2026-01-26,Everton,Leeds,H,S Hooper,22,10.409090909090908,11.636363636363637,4.181818181818182,5.2727272727272725,1.8181818181818181,11,10.090909090909092,12.090909090909092,5.0,4.7272727272727275,11.666666666666666,10.4,10.2,12.666666666666666,11.4,11.0,3.4,6.6,1.0,9.0,13.0,4.0,0.0
4bb3269f8123399441b5,2025-26,2026-01-31,Everton,Brighton & Hove Albion,A,C Kavanagh,23,10.347826086956522,11.695652173913043,4.173913043478261,5.217391304347826,1.7391304347826086,11,10.727272727272727,11.181818181818182,3.3636363636363638,5.818181818181818,11.666666666666666,10.6,10.7,14.333333333333334,12.4,11.7,3.2,6.2,0.6,14.0,13.0,2.0,2.0
0e180fee81efe92bee7d,2025-26,2026-02-07,Everton,Fulham,A,S Attwell,24,10.5,11.75,4.083333333333333,5.208333333333333,1.75,12,11.0,11.333333333333334,3.25,5.75,12.0,11.6,10.7,13.666666666666666,12.8,11.6,3.2,5.4,1.0,12.0,11.0,6.0,5.0
da17fd208cae964cb94f,2025-26,2026-02-10,Everton,Bournemouth,H,A Madley,25,10.56,11.72,4.16,5.24,1.88,12,10.0,12.166666666666666,4.916666666666667,4.666666666666667,11.666666666666666,12.2,10.2,12.333333333333334,13.4,11.2,3.6,5.6,2.0,14.0,15.0,7.0,1.0
95f3fd540d2262f24a32,2025-26,2026-02-23,Everton,Manchester United,H,D England,26,10.692307692307692,11.846153846153847,4.269230769230769,5.115384615384615,1.8461538461538463,13,10.307692307692308,12.384615384615385,5.076923076923077,4.461538461538462,13.333333333333334,12.4,10.5,13.0,13.4,11.4,4.6,4.6,2.0,12.0,7.0,10.0,2.0
b017c9d4349d169b94dd,2025-26,2026-02-28,Everton,Newcastle United,A,S Attwell,27,10.74074074074074,11.666666666666666,4.481481481481482,4.962962962962963,1.8518518518518519,13,11.076923076923077,11.307692307692308,3.4615384615384617,5.769230769230769,12.666666666666666,12.2,11.3,11.0,11.8,11.6,5.8,3.6,2.0,7.0,15.0,2.0,3.0
2a9b2848628ee0e22aab,2025-26,2026-03-03,Everton,Burnley,H,T Robinson,28,10.607142857142858,11.785714285714286,4.392857142857143,5.035714285714286,1.8928571428571428,14,10.428571428571429,12.0,5.428571428571429,4.214285714285714,11.0,11.8,11.2,12.333333333333334,12.2,12.3,5.4,4.2,2.6,10.0,12.0,6.0,0.0
dde2ce971fae1bec09f0,2025-26,2026-03-14,Everton,Arsenal,A,A Madley,29,10.586206896551724,11.793103448275861,4.448275862068965,4.9655172413793105,1.8275862068965518,14,10.785714285714286,11.571428571428571,3.357142857142857,5.857142857142857,9.666666666666666,11.0,11.3,11.333333333333334,12.0,12.4,6.2,3.8,2.2,12.0,11.0,3.0,0.0
c81f1166a30e51eb0db3,2025-26,2026-03-21,Everton,Chelsea,H,S Barrott,30,10.633333333333333,11.766666666666667,4.4,5.066666666666666,1.7666666666666666,15,10.4,12.0,5.466666666666667,4.133333333333334,9.666666666666666,11.0,11.6,12.666666666666666,12.0,12.7,5.6,4.2,1.2,6.0,7.0,3.0,0.0
dc9763cca4017950517d,2025-26,2026-04-11,Everton,Brentford,A,F Hallam,31,10.483870967741936,11.612903225806452,4.354838709677419,5.193548387096774,1.7096774193548387,15,10.866666666666667,11.533333333333333,3.3333333333333335,6.0,9.333333333333334,9.4,10.9,10.0,10.4,11.9,4.8,5.6,1.0,7.0,6.0,3.0,2.0
baae4a38c255cc51fb40,2025-26,2026-04-19,Everton,Liverpool,H,C Kavanagh,32,10.375,11.4375,4.3125,5.09375,1.71875,16,10.125,11.6875,5.3125,4.4375,8.333333333333334,8.4,10.3,8.0,10.2,11.0,3.4,5.8,1.0,8.0,12.0,1.0,2.0
aaf3f0e6c1f9f536dc4e,2025-26,2026-04-25,Everton,West Ham United,A,S Attwell,33,10.303030303030303,11.454545454545455,4.212121212121212,5.121212121212121,1.7272727272727273,16,10.625,11.1875,3.3125,5.75,7.0,8.6,10.2,8.333333333333334,9.6,10.9,3.2,5.6,0.8,11.0,9.0,4.0,4.0
74dcb1dcd18513baf5c4,2025-26,2026-05-04,Everton,Manchester City,H,M Oliver,34,10.323529411764707,11.382352941176471,4.205882352941177,5.0588235294117645,1.7941176470588236,17,10.0,11.705882352941176,5.0588235294117645,4.529411764705882,8.666666666666666,8.8,9.9,9.0,9.0,10.5,2.8,5.6,1.6,15.0,5.0,5.0,4.0
5d110626dc0adc04ac49,2025-26,2026-05-10,Everton,Crystal Palace,A,T Bramall,35,10.457142857142857,11.2,4.228571428571429,5.171428571428572,1.8571428571428572,17,10.647058823529411,11.058823529411764,3.3529411764705883,5.588235294117647,11.333333333333334,9.4,10.2,8.666666666666666,7.8,9.9,3.2,5.8,2.4,13.0,5.0,10.0,2.0
f33e788b92e93d3df749,2025-26,2026-05-17,Everton,Sunderland,H,J Brooks,36,10.527777777777779,11.027777777777779,4.388888888888889,5.166666666666667,1.8611111111111112,18,10.277777777777779,11.333333333333334,5.055555555555555,4.777777777777778,13.0,10.8,10.1,6.333333333333333,7.4,8.9,4.6,5.0,2.8,14.0,9.0,3.0,3.0
aec3745c5a083e7138dd,2025-26,2026-05-24,Everton,Tottenham,A,M Oliver,37,10.621621621621621,10.972972972972974,4.351351351351352,5.081081081081081,1.8918918918918919,18,10.777777777777779,10.722222222222221,3.7222222222222223,5.555555555555555,14.0,12.2,10.3,6.333333333333333,8.0,9.1,4.6,5.0,3.0,12.0,15.0,2.0,3.0
fd61477ad12eb7e1d922,2025-26,2025-08-16,Fulham,Brighton & Hove Albion,A,S Barrott,0,,,,,,0,,,,,,,,,,,,,,15.0,16.0,3.0,3.0
d8b2dd1904f58ab96dc6,2025-26,2025-08-24,Fulham,Manchester United,H,C Kavanagh,1,15.0,16.0,3.0,4.0,3.0,0,,,,,15.0,15.0,15.0,16.0,16.0,16.0,3.0,4.0,3.0,12.0,10.0,9.0,1.0
2b53d83261c37138838c,2025-26,2025-08-30,Fulham,Chelsea,A,R Jones,2,13.5,13.0,6.0,5.0,2.0,1,15.0,16.0,3.0,4.0,13.5,13.5,13.5,13.0,13.0,13.0,6.0,5.0,2.0,17.0,11.0,4.0,2.0
710f4ec393465c23c9eb,2025-26,2025-09-13,Fulham,Leeds,H,C Pawson,3,14.666666666666666,12.333333333333334,5.333333333333333,5.333333333333333,2.0,1,12.0,10.0,9.0,6.0,14.666666666666666,14.666666666666666,14.666666666666666,12.333333333333334,12.333333333333334,12.333333333333334,5.333333333333333,5.333333333333333,2.0,20.0,15.0,3.0,1.0
0d4bc4eb124df2bb5b1c,2025-26,2025-09-20,Fulham,Brentford,H,M Oliver,4,16.0,13.0,4.75,4.75,1.75,2,16.0,12.5,6.0,4.5,16.333333333333332,16.0,16.0,12.0,13.0,13.0,4.75,4.75,1.75,11.0,13.0,2.0,4.0
297484f5896b08cba8ff,2025-26,2025-09-28,Fulham,Aston Villa,A,A Madley,5,15.0,13.0,4.2,5.8,2.2,2,16.0,13.5,3.5,5.0,16.0,15.0,15.0,13.0,13.0,13.0,4.2,5.8,2.2,13.0,10.0,8.0,4.0
59a652e8aace7c197b4f,2025-26,2025-10-03,Fulham,Bournemouth,A,S Hooper,6,14.666666666666666,12.5,4.833333333333333,5.166666666666667,2.5,3,15.0,12.333333333333334,5.0,4.0,14.666666666666666,14.6,14.666666666666666,12.666666666666666,11.8,12.5,5.2,5.4,2.4,10.0,8.0,3.0,1.0
f66c3ebfad14501af579,2025-26,2025-10-18,Fulham,Arsenal,H,A Taylor,7,14.0,11.857142857142858,4.571428571428571,5.0,2.2857142857142856,3,14.333333333333334,12.666666666666666,4.666666666666667,6.333333333333333,11.333333333333334,14.2,14.0,10.333333333333334,11.4,11.857142857142858,4.0,5.0,2.4,11.0,4.0,6.0,0.0
465aa5b3f2b7a150cc0d,2025-26,2025-10-25,Fulham,Newcastle United,A,P Bankes,8,13.625,10.875,4.75,5.625,2.0,4,13.75,11.25,4.5,4.0,11.333333333333334,13.0,13.625,7.333333333333333,10.0,10.875,4.4,5.8,2.0,18.0,11.0,3.0,2.0
0c433ebe0096e42ed3bb,2025-26,2025-11-01,Fulham,Wolverhampton Wanderers,H,J Brooks,9,14.11111111111111,10.88888888888889,4.555555555555555,5.444444444444445,2.0,4,13.5,10.5,5.0,7.25,13.0,12.6,14.11111111111111,7.666666666666667,9.2,10.88888888888889,4.4,6.0,2.2,13.0,14.0,10.0,1.0
ec63f65a14998b9e4e19,2025-26,2025-11-08,Fulham,Everton,A,A Madley,10,14.0,11.2,5.1,5.0,1.9,5,14.6,11.2,4.2,4.0,14.0,13.0,14.0,9.666666666666666,9.4,11.2,6.0,4.2,1.6,14.0,11.0,5.0,2.0
50c74ef873aa0c4b51c1,2025-26,2025-11-22,Fulham,Sunderland,H,D England,11,14.0,11.181818181818182,5.090909090909091,5.181818181818182,1.9090909090909092,5,13.4,11.2,6.0,6.0,15.0,13.2,13.9,12.0,9.6,10.7,5.4,5.2,1.2,5.0,13.0,7.0,3.0
ce07e7f6799c90d85a3e,2025-26,2025-11-29,Fulham,Tottenham,A,S Attwell,12,13.25,11.333333333333334,5.25,5.083333333333333,2.0,6,14.5,11.166666666666666,4.333333333333333,4.5,10.666666666666666,12.2,13.2,12.666666666666666,10.6,11.0,6.2,5.2,1.6,7.0,11.0,2.0,2.0
07663183663e12494174,2025-26,2025-12-02,Fulham,Manchester City,H,C Pawson,13,12.76923076923077,11.307692307692308,5.0,5.3076923076923075,2.0,6,12.0,11.5,6.166666666666667,5.666666666666667,8.666666666666666,11.4,12.2,11.666666666666666,12.0,11.0,5.4,4.8,2.0,9.0,7.0,7.0,0.0
a90fef4e851feb5cf5f7,2025-26,2025-12-07,Fulham,Crystal Palace,H,S Barrott,14,12.5,11.0,5.142857142857143,5.071428571428571,1.8571428571428572,7,11.571428571428571,10.857142857142858,6.285714285714286,5.142857142857143,7.0,9.6,11.1,10.333333333333334,11.2,10.2,6.2,4.4,1.6,5.0,8.0,6.0,0.0
ca57fdce20cc54c09fb7,2025-26,2025-12-13,Fulham,Burnley,A,M Oliver,15,12.0,10.8,5.2,5.0,1.7333333333333334,7,13.428571428571429,11.142857142857142,4.0,5.0,7.0,8.0,10.5,8.666666666666666,10.0,9.7,5.4,5.0,1.4,8.0,8.0,4.0,2.0
7955521a4390b7d1e836,2025-26,2025-12-22,Fulham,Nottingham Forest,H,A Taylor,16,11.75,10.625,5.125,5.3125,1.75,8,10.75,10.5,6.25,5.0,7.333333333333333,6.8,10.0,7.666666666666667,9.4,9.5,5.2,5.6,1.4,5.0,9.0,1.0,5.0
483a4309e4bc47aced41,2025-26,2025-12-27,Fulham,West Ham United,A,C Kavanagh,17,11.352941176470589,10.529411764705882,4.882352941176471,5.294117647058823,1.9411764705882353,8,12.75,10.75,4.0,5.625,6.0,6.8,9.5,8.333333333333334,8.6,9.6,4.0,5.8,1.8,8.0,8.0,4.0,3.0
7ba76f1714bbfa3a0cab,2025-26,2026-01-01,Fulham,Crystal Palace,A,T Harrington,18,11.166666666666666,10.38888888888889,4.833333333333333,5.277777777777778,2.0,9,12.222222222222221,10.444444444444445,4.0,5.555555555555555,7.0,7.0,9.2,8.333333333333334,8.0,10.0,4.4,5.2,2.0,10.0,7.0,3.0,5.0
22ea961b884df6c287d6,2025-26,2026-01-04,Fulham,Liverpool,H,C Pawson,19,11.105263157894736,10.210526315789474,4.7368421052631575,5.315789473684211,2.1578947368421053,9,10.11111111111111,10.333333333333334,5.666666666666667,5.0,7.666666666666667,7.2,8.4,8.0,8.0,9.6,3.6,6.0,3.0,11.0,4.0,3.0,1.0
2854f68a59850bdd02a7,2025-26,2026-01-07,Fulham,Chelsea,H,P Bankes,20,11.1,9.9,4.65,5.45,2.1,10,10.2,9.7,5.4,5.3,9.666666666666666,8.4,8.2,6.333333333333333,7.2,8.6,3.0,6.8,3.2,11.0,6.0,2.0,3.0
fc5b0ee5782dee925e21,2025-26,2026-01-17,Fulham,Leeds,A,C Kavanagh,21,11.095238095238095,9.714285714285714,4.523809523809524,5.714285714285714,2.142857142857143,10,12.0,10.1,3.9,5.6,10.666666666666666,9.0,7.9,5.666666666666667,6.8,8.1,2.6,7.0,3.4,11.0,6.0,3.0,5.0
89c5203cbb73e7575a58,2025-26,2026-01-24,Fulham,Brighton & Hove Albion,H,M Oliver,22,11.090909090909092,9.545454545454545,4.454545454545454,5.7727272727272725,2.272727272727273,11,10.272727272727273,9.363636363636363,5.090909090909091,5.818181818181818,11.0,10.2,8.5,5.333333333333333,6.2,7.4,3.0,7.4,3.4,10.0,6.0,6.0,1.0
a77e70af7e6334fbeddc,2025-26,2026-02-01,Fulham,Manchester United,A,J Brooks,23,11.043478260869565,9.391304347826088,4.521739130434782,5.782608695652174,2.217391304347826,11,11.909090909090908,9.727272727272727,3.8181818181818183,5.7272727272727275,10.666666666666666,10.6,8.8,6.0,5.8,6.9,3.4,7.6,3.0,9.0,6.0,7.0,1.0
0e180fee81efe92bee7d,2025-26,2026-02-07,Fulham,Everton,H,S Attwell,24,10.958333333333334,9.25,4.625,5.666666666666667,2.1666666666666665,12,10.25,9.083333333333334,5.166666666666667,5.833333333333333,10.0,10.4,8.8,6.0,5.6,6.8,4.2,7.0,2.2,11.0,12.0,6.0,1.0
0257961cc1425c1adfad,2025-26,2026-02-11,Fulham,Manchester City,A,P Tierney,25,10.96,9.36,4.68,5.68,2.12,12,11.666666666666666,9.416666666666666,4.083333333333333,5.5,10.0,10.4,9.4,8.0,7.2,7.2,4.8,6.6,2.2,10.0,8.0,4.0,1.0
98dc1d86bb6e6306a5bf,2025-26,2026-02-22,Fulham,Sunderland,A,C Pawson,26,10.923076923076923,9.307692307692308,4.653846153846154,5.615384615384615,2.076923076923077,13,11.538461538461538,9.307692307692308,4.076923076923077,5.384615384615385,10.0,10.2,9.6,8.666666666666666,7.6,7.2,5.2,5.2,1.8,13.0,6.0,4.0,1.0
f645f95a774087521170,2025-26,2026-03-01,Fulham,Tottenham,H,T Bramall,27,11.0,9.185185185185185,4.62962962962963,5.62962962962963,2.037037037037037,13,10.307692307692308,9.307692307692308,5.230769230769231,5.846153846153846,11.333333333333334,10.6,10.4,8.666666666666666,7.6,6.9,5.4,5.0,1.0,11.0,14.0,5.0,3.0
3d3950b35cd98ee73b30,2025-26,2026-03-04,Fulham,West Ham United,H,M Donohue,28,11.0,9.357142857142858,4.642857142857143,5.714285714285714,2.0714285714285716,14,10.357142857142858,9.642857142857142,5.214285714285714,6.0,11.333333333333334,10.8,10.7,9.333333333333334,9.2,7.5,5.2,5.4,1.4,14.0,12.0,7.0,2.0
0ce38ed1e9540af56e6b,2025-26,2026-03-15,Fulham,Nottingham Forest,A,S Barrott,29,11.10344827586207,9.448275862068966,4.724137931034483,5.689655172413793,2.0689655172413794,14,11.642857142857142,9.071428571428571,4.071428571428571,5.428571428571429,12.666666666666666,11.8,11.1,10.666666666666666,10.4,8.0,5.2,5.8,1.6,10.0,8.0,4.0,3.0
4552df97b1b86b170a5d,2025-26,2026-03-21,Fulham,Burnley,H,C Kavanagh,30,11.066666666666666,9.4,4.7,5.666666666666667,2.1,15,10.6,9.8,5.333333333333333,5.933333333333334,11.666666666666666,11.6,11.0,11.333333333333334,9.6,8.4,4.8,5.6,2.0,6.0,9.0,6.0,2.0
1b45ddf44e36a2cfd9d9,2025-26,2026-04-11,Fulham,Liverpool,A,A Taylor,31,10.903225806451612,9.387096774193548,4.741935483870968,5.67741935483871,2.096774193548387,15,11.533333333333333,9.0,4.066666666666666,5.4,10.0,10.8,10.5,9.666666666666666,9.8,8.7,5.2,6.0,2.2,4.0,10.0,9.0,0.0
c401eb5363ef87ffb49d,2025-26,2026-04-18,Fulham,Brentford,A,P Tierney,32,10.6875,9.40625,4.875,5.6875,2.03125,16,11.0625,9.0625,4.375,5.4375,6.666666666666667,9.0,9.8,9.0,10.6,9.1,6.2,6.0,2.0,13.0,8.0,3.0,1.0
584078ab8931f3e48415,2025-26,2026-04-25,Fulham,Aston Villa,H,M Oliver,33,10.757575757575758,9.363636363636363,4.818181818181818,5.787878787878788,2.0,16,10.3125,9.75,5.375,5.9375,7.666666666666667,9.4,10.1,9.0,9.4,9.3,5.8,6.2,1.6,14.0,12.0,2.0,2.0
f2ea067dc0222239eeba,2025-26,2026-05-02,Fulham,Arsenal,A,J Gillett,34,10.852941176470589,9.441176470588236,4.735294117647059,5.764705882352941,2.0,17,11.176470588235293,9.0,4.294117647058823,5.647058823529412,10.333333333333334,9.4,10.6,10.0,9.4,9.9,4.8,6.2,1.6,12.0,7.0,4.0,1.0
75c16a5f77d36a35e1c7,2025-26,2026-05-09,Fulham,Bournemouth,H,A Madley,35,10.885714285714286,9.371428571428572,4.714285714285714,5.685714285714286,1.9714285714285715,17,10.529411764705882,9.882352941176471,5.176470588235294,5.882352941176471,13.0,9.8,10.7,9.0,9.2,9.4,4.8,5.8,1.2,12.0,21.0,11.0,4.0
08ac84a9d86c10477bcf,2025-26,2026-05-17,Fulham,Wolverhampton Wanderers,A,T Kirk,36,10.916666666666666,9.694444444444445,4.888888888888889,5.583333333333333,2.0277777777777777,18,11.222222222222221,8.88888888888889,4.277777777777778,5.5,12.666666666666666,11.0,10.9,13.333333333333334,11.6,10.7,5.8,5.0,1.6,8.0,20.0,6.0,0.0
baa7080b4656f818b370,2025-26,2026-05-24,Fulham,Newcastle United,H,R Jones,37,10.837837837837839,9.972972972972974,4.918918918918919,5.513513513513513,1.972972972972973,18,10.61111111111111,10.5,5.5,5.666666666666667,10.666666666666666,11.8,10.4,16.0,13.6,12.1,5.2,4.4,1.6,13.0,6.0,6.0,2.0
b89c7702ee02e85ed667,2025-26,2025-08-18,Leeds,Everton,H,C Kavanagh,0,,,,,,0,,,,,,,,,,,,,,6.0,8.0,7.0,0.0
bd741f511de757b73b5f,2025-26,2025-08-23,Leeds,Arsenal,A,J Gillett,1,6.0,8.0,7.0,2.0,0.0,0,,,,,6.0,6.0,6.0,8.0,8.0,8.0,7.0,2.0,0.0,11.0,8.0,2.0,2.0
db81310bd0694ede27ed,2025-26,2025-08-30,Leeds,Newcastle United,H,P Bankes,2,8.5,8.0,4.5,2.0,1.0,1,6.0,8.0,7.0,2.0,8.5,8.5,8.5,8.0,8.0,8.0,4.5,2.0,1.0,10.0,15.0,5.0,1.0
710f4ec393465c23c9eb,2025-26,2025-09-13,Leeds,Fulham,A,C Pawson,3,9.0,10.333333333333334,4.666666666666667,3.0,1.0,1,11.0,8.0,2.0,2.0,9.0,9.0,9.0,10.333333333333334,10.333333333333334,10.333333333333334,4.666666666666667,3.0,1.0,15.0,20.0,3.0,2.0
be83f04f053e5dfdb49d,2025-26,2025-09-20,Leeds,Wolverhampton Wanderers,A,A Taylor,4,10.5,12.75,4.25,3.0,1.25,2,13.0,14.0,2.5,2.5,12.0,10.5,10.5,14.333333333333334,12.75,12.75,4.25,3.0,1.25,9.0,11.0,0.0,1.0
222ed4ca81d1e81e8b49,2025-26,2025-09-27,Leeds,Bournemouth,H,M Oliver,5,10.2,12.4,3.4,3.2,1.2,2,8.0,11.5,6.0,3.5,11.333333333333334,10.2,10.2,15.333333333333334,12.4,12.4,3.4,3.2,1.2,12.0,13.0,7.0,2.0
d1ab35aae2ccc0aea649,2025-26,2025-10-04,Leeds,Tottenham,H,T Bramall,6,10.5,12.5,4.0,3.3333333333333335,1.3333333333333333,3,9.333333333333334,12.0,6.333333333333333,3.6666666666666665,12.0,11.4,10.5,14.666666666666666,13.4,12.5,3.4,3.6,1.6,10.0,12.0,4.0,2.0
ca9f528940f55b5819dd,2025-26,2025-10-18,Leeds,Burnley,A,T Robinson,7,10.428571428571429,12.428571428571429,4.0,3.0,1.4285714285714286,3,11.666666666666666,13.0,1.6666666666666667,3.0,10.333333333333334,11.2,10.428571428571429,12.0,14.2,12.428571428571429,3.8,3.4,1.6,7.0,10.0,5.0,1.0
9cfcbc3a1d8780e6c59d,2025-26,2025-10-24,Leeds,West Ham United,H,S Attwell,8,10.0,12.125,4.125,2.75,1.375,4,9.5,12.0,5.75,3.0,9.666666666666666,10.6,10.0,11.666666666666666,13.2,12.125,3.8,2.6,1.6,12.0,11.0,3.0,3.0
19509180f80e38b552e4,2025-26,2025-11-01,Leeds,Brighton & Hove Albion,A,M Oliver,9,10.222222222222221,12.0,4.0,2.888888888888889,1.5555555555555556,4,10.5,12.25,2.5,2.5,9.666666666666666,10.0,10.222222222222221,11.0,11.4,12.0,3.8,2.8,1.8,7.0,10.0,7.0,1.0
1ebb97df5bb14f8722f0,2025-26,2025-11-09,Leeds,Nottingham Forest,A,J Gillett,10,9.9,11.8,4.3,3.0,1.5,5,9.8,11.8,3.4,2.8,8.666666666666666,9.6,9.9,10.333333333333334,11.2,11.8,5.2,2.8,1.8,11.0,10.0,4.0,1.0
095f1daac3443a6e9c88,2025-26,2025-11-23,Leeds,Aston Villa,H,R Jones,11,10.0,11.636363636363637,4.2727272727272725,3.272727272727273,1.4545454545454546,5,10.0,11.8,5.2,3.2,10.0,9.4,10.4,10.333333333333334,10.6,12.0,4.6,3.2,1.6,18.0,16.0,3.0,5.0
9c0728e6f824792071f9,2025-26,2025-11-29,Leeds,Manchester City,A,P Bankes,12,10.666666666666666,12.0,4.166666666666667,3.25,1.75,6,10.0,11.5,3.5,3.3333333333333335,12.0,11.0,11.1,12.0,11.4,12.8,4.4,3.6,2.2,11.0,17.0,1.0,1.0
21c1de6c8c3b8fd35921,2025-26,2025-12-03,Leeds,Chelsea,H,D England,13,10.692307692307692,12.384615384615385,3.923076923076923,3.6153846153846154,1.6923076923076923,6,11.333333333333334,12.5,4.833333333333333,3.1666666666666665,13.333333333333334,11.8,11.2,14.333333333333334,12.8,13.0,3.6,5.0,2.2,10.0,13.0,4.0,1.0
d3863ca1f96e9bfaff38,2025-26,2025-12-06,Leeds,Liverpool,H,A Taylor,14,10.642857142857142,12.428571428571429,3.9285714285714284,3.5,1.6428571428571428,7,11.142857142857142,12.571428571428571,4.714285714285714,3.0,13.0,11.4,10.7,15.333333333333334,13.2,12.3,3.8,4.6,1.8,14.0,14.0,5.0,3.0
97ff1a1d6acbfa126a03,2025-26,2025-12-14,Leeds,Brentford,A,J Brooks,15,10.866666666666667,12.533333333333333,4.0,3.533333333333333,1.7333333333333334,7,10.142857142857142,12.285714285714286,3.142857142857143,4.0,11.666666666666666,12.8,11.2,14.666666666666666,14.0,12.6,3.4,4.6,2.2,9.0,8.0,3.0,0.0
edca987cfea5c5b2536e,2025-26,2025-12-20,Leeds,Crystal Palace,H,T Bramall,16,10.75,12.25,3.9375,3.3125,1.625,8,11.5,12.75,4.75,3.125,11.0,12.4,10.9,11.666666666666666,13.6,12.1,3.2,3.4,2.0,5.0,10.0,9.0,1.0
6697e3a57cb8218c811f,2025-26,2025-12-28,Leeds,Sunderland,A,T Harrington,17,10.411764705882353,12.117647058823529,4.235294117647059,3.411764705882353,1.588235294117647,8,10.0,11.75,3.125,3.5,9.333333333333334,9.8,10.4,10.666666666666666,12.4,11.9,4.4,3.8,1.2,9.0,7.0,9.0,0.0
b756a90c74424d03f316,2025-26,2026-01-01,Leeds,Liverpool,A,C Kavanagh,18,10.333333333333334,11.833333333333334,4.5,3.388888888888889,1.5,9,9.88888888888889,11.222222222222221,3.7777777777777777,3.4444444444444446,7.666666666666667,9.4,10.6,8.333333333333334,10.4,11.6,6.0,2.8,1.0,8.0,10.0,3.0,2.0
a6eb775cab9beeb92966,2025-26,2026-01-04,Leeds,Manchester United,H,J Gillett,19,10.210526315789474,11.736842105263158,4.421052631578948,3.6315789473684212,1.5263157894736843,9,10.777777777777779,12.444444444444445,5.222222222222222,3.3333333333333335,7.333333333333333,9.0,10.2,9.0,9.8,11.5,5.8,4.0,1.2,9.0,9.0,6.0,0.0
25610c962b149e505c0a,2025-26,2026-01-07,Leeds,Newcastle United,A,M Salisbury,20,10.15,11.6,4.5,3.65,1.45,10,9.7,11.1,3.7,3.9,8.666666666666666,8.0,10.4,8.666666666666666,8.8,11.4,6.0,4.0,0.6,10.0,11.0,4.0,2.0
fc5b0ee5782dee925e21,2025-26,2026-01-17,Leeds,Fulham,H,C Kavanagh,21,10.142857142857142,11.571428571428571,4.476190476190476,3.857142857142857,1.4761904761904763,10,10.6,12.1,5.3,3.4,9.0,8.2,10.3,10.0,9.4,11.5,6.2,5.6,1.0,6.0,11.0,7.0,1.0
7bf300c44a9f874dd6d8,2025-26,2026-01-26,Leeds,Everton,A,S Hooper,22,9.954545454545455,11.545454545454545,4.590909090909091,3.8181818181818183,1.4545454545454546,11,9.727272727272727,11.090909090909092,3.727272727272727,4.2727272727272725,8.333333333333334,8.4,9.1,10.333333333333334,9.6,11.0,5.8,5.2,1.0,13.0,9.0,4.0,3.0
b715db5c0c22599679de,2025-26,2026-01-31,Leeds,Arsenal,H,S Attwell,23,10.08695652173913,11.434782608695652,4.565217391304348,3.8260869565217392,1.5217391304347827,11,10.181818181818182,12.0,5.454545454545454,3.3636363636363638,9.666666666666666,9.2,9.3,10.333333333333334,10.0,10.2,4.8,5.4,1.6,10.0,7.0,4.0,1.0
7f7f936f63e8d45d7b8f,2025-26,2026-02-06,Leeds,Nottingham Forest,H,P Bankes,24,10.083333333333334,11.25,4.541666666666667,4.166666666666667,1.5,12,10.166666666666666,11.583333333333334,5.333333333333333,4.083333333333333,9.666666666666666,9.6,9.3,9.0,9.4,9.6,5.0,6.2,1.4,9.0,12.0,5.0,1.0
31d3a4ae814c9c0d416e,2025-26,2026-02-10,Leeds,Chelsea,A,R Jones,25,10.04,11.28,4.56,4.4,1.48,12,10.0,10.916666666666666,3.75,4.25,10.666666666666666,9.6,8.8,9.333333333333334,10.0,9.4,4.8,7.4,1.6,13.0,9.0,1.0,4.0
5f0626dde15bb0366cb3,2025-26,2026-02-21,Leeds,Aston Villa,A,M Oliver,26,10.153846153846153,11.192307692307692,4.423076923076923,4.384615384615385,1.5769230769230769,13,10.23076923076923,10.76923076923077,3.5384615384615383,4.230769230769231,10.666666666666666,10.2,9.2,9.333333333333334,9.6,9.5,4.2,6.6,2.0,16.0,11.0,2.0,4.0
cd1a6117f593109e2341,2025-26,2026-02-28,Leeds,Manchester City,H,P Bankes,27,10.37037037037037,11.185185185185185,4.333333333333333,4.481481481481482,1.6666666666666667,13,10.076923076923077,11.615384615384615,5.3076923076923075,4.538461538461538,12.666666666666666,12.2,10.3,10.666666666666666,9.6,9.6,3.2,7.4,2.6,10.0,8.0,5.0,0.0
01afedea81d5e0258f12,2025-26,2026-03-03,Leeds,Sunderland,H,S Attwell,28,10.357142857142858,11.071428571428571,4.357142857142857,4.428571428571429,1.6071428571428572,14,10.071428571428571,11.357142857142858,5.285714285714286,4.428571428571429,13.0,11.6,10.4,9.333333333333334,9.4,9.7,3.4,7.2,2.0,15.0,19.0,9.0,1.0
52010f7591847b9da53a,2025-26,2026-03-15,Leeds,Crystal Palace,A,T Bramall,29,10.517241379310345,11.344827586206897,4.517241379310345,4.344827586206897,1.5862068965517242,14,10.642857142857142,10.785714285714286,3.4285714285714284,4.428571428571429,13.666666666666666,12.6,11.1,12.666666666666666,11.8,10.6,4.4,5.2,2.0,11.0,12.0,3.0,1.0
630b5bae36a72d638c6b,2025-26,2026-03-21,Leeds,Brentford,H,J Gillett,30,10.533333333333333,11.366666666666667,4.466666666666667,4.466666666666667,1.5666666666666667,15,10.4,11.866666666666667,5.533333333333333,4.266666666666667,12.0,13.0,11.3,13.0,11.8,10.9,4.0,4.8,2.0,6.0,9.0,6.0,2.0
84b5e5e920f8e6219185,2025-26,2026-04-13,Leeds,Manchester United,A,P Tierney,31,10.387096774193548,11.290322580645162,4.516129032258065,4.387096774193548,1.5806451612903225,15,10.666666666666666,10.866666666666667,3.4,4.666666666666667,10.666666666666666,11.6,10.9,13.333333333333334,11.8,10.7,5.0,4.4,1.6,15.0,12.0,4.0,2.0
b2dcfbcba67ca28375c7,2025-26,2026-04-18,Leeds,Wolverhampton Wanderers,H,F Hallam,32,10.53125,11.3125,4.5,4.59375,1.59375,16,10.125,11.6875,5.5625,4.125,10.666666666666666,11.4,11.8,11.0,12.0,10.8,5.4,5.2,1.2,9.0,17.0,5.0,2.0
d1cb61f5ff572f731070,2025-26,2026-04-22,Leeds,Bournemouth,A,M Salisbury,33,10.484848484848484,11.484848484848484,4.515151515151516,4.636363636363637,1.606060606060606,16,10.9375,10.9375,3.4375,5.0625,10.0,11.2,11.4,12.666666666666666,13.8,11.6,5.4,5.8,1.6,10.0,6.0,1.0,0.0
282cd39cf3e0b3bc79c5,2025-26,2026-05-01,Leeds,Burnley,H,T Bramall,34,10.470588235294118,11.323529411764707,4.411764705882353,4.852941176470588,1.5588235294117647,17,10.058823529411764,12.0,5.529411764705882,4.235294117647059,11.333333333333334,10.2,11.4,11.666666666666666,11.2,11.5,3.8,7.8,1.4,12.0,11.0,5.0,4.0
e9143f1f7da972e8bbc5,2025-26,2026-05-11,Leeds,Tottenham,A,J Gillett,35,10.514285714285714,11.314285714285715,4.428571428571429,4.714285714285714,1.6285714285714286,17,10.882352941176471,10.647058823529411,3.2941176470588234,5.470588235294118,10.333333333333334,10.4,11.7,11.333333333333334,11.0,11.4,4.2,6.2,2.0,7.0,12.0,2.0,1.0
717275c52836f9e908b3,2025-26,2026-05-17,Leeds,Brighton & Hove Albion,H,M Oliver,36,10.416666666666666,11.333333333333334,4.361111111111111,4.972222222222222,1.6111111111111112,18,10.166666666666666,11.944444444444445,5.5,4.0,9.666666666666666,10.6,11.1,9.666666666666666,11.6,11.7,3.4,8.6,1.8,9.0,7.0,7.0,1.0
cd46c4374068182ca4c8,2025-26,2026-05-24,Leeds,West Ham United,A,A Taylor,37,10.378378378378379,11.216216216216216,4.4324324324324325,5.054054054054054,1.5945945945945945,18,10.666666666666666,10.722222222222221,3.2222222222222223,5.944444444444445,9.333333333333334,9.4,10.4,10.0,10.6,11.3,4.0,8.0,1.6,14.0,11.0,4.0,3.0
0b1af42a17aec96420b5,2025-26,2025-08-15,Liverpool,Bournemouth,H,A Taylor,0,,,,,,0,,,,,,,,,,,,,,7.0,10.0,6.0,1.0
c322406b953eca33daf2,2025-26,2025-08-25,Liverpool,Newcastle United,A,S Hooper,1,7.0,10.0,6.0,7.0,1.0,0,,,,,7.0,7.0,7.0,10.0,10.0,10.0,6.0,7.0,1.0,15.0,17.0,1.0,3.0
900eb69d3c0ee844ede0,2025-26,2025-08-31,Liverpool,Arsenal,H,C Kavanagh,2,11.0,13.5,3.5,7.0,2.0,1,7.0,10.0,6.0,7.0,11.0,11.0,11.0,13.5,13.5,13.5,3.5,7.0,2.0,7.0,10.0,3.0,2.0
e91b6f121f29c0a0d919,2025-26,2025-09-14,Liverpool,Burnley,A,M Oliver,3,9.666666666666666,12.333333333333334,3.3333333333333335,7.333333333333333,2.0,1,15.0,17.0,1.0,7.0,9.666666666666666,9.666666666666666,9.666666666666666,12.333333333333334,12.333333333333334,12.333333333333334,3.3333333333333335,7.333333333333333,2.0,9.0,9.0,13.0,2.0
2157fb234fe7b06df58b,2025-26,2025-09-20,Liverpool,Everton,H,D England,4,9.5,11.5,5.75,5.75,2.0,2,7.0,10.0,4.5,7.5,10.333333333333334,9.5,9.5,12.0,11.5,11.5,5.75,5.75,2.0,11.0,10.0,5.0,2.0
e2315a38d748c5d7b97d,2025-26,2025-09-27,Liverpool,Crystal Palace,A,C Kavanagh,5,9.8,11.2,5.6,5.4,2.0,2,12.0,13.0,7.0,4.0,9.0,9.8,9.8,9.666666666666666,11.2,11.2,5.6,5.4,2.0,8.0,10.0,6.0,3.0
f156e686ca8a019dbdef,2025-26,2025-10-04,Liverpool,Chelsea,A,A Taylor,6,9.5,11.0,5.666666666666667,4.833333333333333,2.1666666666666665,3,10.666666666666666,12.0,6.666666666666667,3.3333333333333335,9.333333333333334,10.0,9.5,9.666666666666666,11.2,11.0,5.6,4.4,2.4,8.0,9.0,2.0,2.0
6579db3e90e4f55a5cb6,2025-26,2025-10-19,Liverpool,Manchester United,H,M Oliver,7,9.285714285714286,10.714285714285714,5.142857142857143,5.142857142857143,2.142857142857143,3,8.333333333333334,10.0,4.666666666666667,6.333333333333333,9.0,8.6,9.285714285714286,9.666666666666666,9.6,10.714285714285714,5.8,4.4,2.2,8.0,14.0,9.0,0.0
2b5dddc0ba9bf5156e0e,2025-26,2025-10-25,Liverpool,Brentford,A,S Hooper,8,9.125,11.125,5.625,5.0,1.875,4,10.0,11.25,5.5,4.25,8.0,8.8,9.125,11.0,10.4,11.125,7.0,3.6,1.8,10.0,7.0,4.0,2.0
37baa8ab956b86d6880c,2025-26,2025-11-01,Liverpool,Aston Villa,H,S Attwell,9,9.222222222222221,10.666666666666666,5.444444444444445,5.0,1.8888888888888888,4,8.25,11.0,5.75,5.75,8.666666666666666,9.0,9.222222222222221,10.0,10.0,10.666666666666666,5.2,4.4,1.8,13.0,11.0,1.0,2.0
ececd161b259489b1207,2025-26,2025-11-09,Liverpool,Manchester City,A,C Kavanagh,10,9.6,10.7,5.0,4.9,1.9,5,10.0,10.4,5.2,4.4,10.333333333333334,9.4,9.6,10.666666666666666,10.2,10.7,4.4,4.4,1.8,15.0,14.0,7.0,4.0
56ac2bef165ec3d4e572,2025-26,2025-11-22,Liverpool,Nottingham Forest,H,A Madley,11,10.090909090909092,11.0,5.181818181818182,5.090909090909091,2.090909090909091,5,9.2,11.0,4.8,5.4,12.666666666666666,10.8,10.4,10.666666666666666,11.0,11.1,4.6,5.4,2.0,11.0,8.0,8.0,2.0
a47b9f07e1d96bafb69a,2025-26,2025-11-30,Liverpool,West Ham United,A,D England,12,10.166666666666666,10.75,5.416666666666667,5.166666666666667,2.0833333333333335,6,10.833333333333334,11.0,5.5,4.833333333333333,13.0,11.4,10.0,11.0,10.8,10.2,5.8,5.2,2.0,14.0,12.0,2.0,0.0
510540b24a9f163b8153,2025-26,2025-12-03,Liverpool,Sunderland,H,S Attwell,13,10.461538461538462,10.846153846153847,5.153846153846154,5.3076923076923075,1.9230769230769231,6,9.5,10.5,5.333333333333333,5.5,13.333333333333334,12.6,10.7,11.333333333333334,10.4,10.4,4.4,5.8,2.0,10.0,5.0,7.0,1.0
d3863ca1f96e9bfaff38,2025-26,2025-12-06,Liverpool,Leeds,A,A Taylor,14,10.428571428571429,10.428571428571429,5.285714285714286,5.142857142857143,1.8571428571428572,7,11.285714285714286,11.142857142857142,5.0,5.142857142857143,11.666666666666666,12.6,10.8,8.333333333333334,10.0,10.0,5.0,5.4,1.8,14.0,14.0,4.0,3.0
85025837a7a7585b4ca9,2025-26,2025-12-13,Liverpool,Brighton & Hove Albion,H,C Pawson,15,10.666666666666666,10.666666666666666,5.2,5.133333333333334,1.9333333333333333,7,9.571428571428571,9.714285714285714,5.571428571428571,5.142857142857143,12.666666666666666,12.8,11.1,10.333333333333334,10.6,10.4,5.6,5.6,2.0,8.0,15.0,2.0,1.0
ebc10eb19d027860183c,2025-26,2025-12-20,Liverpool,Tottenham,A,J Brooks,16,10.5,10.9375,5.0,4.9375,1.875,8,11.625,11.5,4.875,5.125,10.666666666666666,11.4,11.1,11.333333333333334,10.8,10.9,4.6,4.6,1.4,7.0,9.0,6.0,3.0
81d4fd284910c939c03f,2025-26,2025-12-27,Liverpool,Wolverhampton Wanderers,H,S Hooper,17,10.294117647058824,10.823529411764707,5.0588235294117645,4.764705882352941,1.9411764705882353,8,9.375,10.375,5.125,4.75,9.666666666666666,10.6,11.0,12.666666666666666,11.0,10.9,4.2,3.8,1.6,5.0,13.0,6.0,0.0
b756a90c74424d03f316,2025-26,2026-01-01,Liverpool,Leeds,H,C Kavanagh,18,10.0,10.944444444444445,5.111111111111111,4.722222222222222,1.8333333333333333,9,8.88888888888889,10.666666666666666,5.222222222222222,4.666666666666667,6.666666666666667,8.8,10.7,12.333333333333334,11.2,10.8,5.0,3.2,1.6,10.0,8.0,8.0,0.0
22ea961b884df6c287d6,2025-26,2026-01-04,Liverpool,Fulham,A,C Pawson,19,10.0,10.789473684210526,5.2631578947368425,4.631578947368421,1.736842105263158,9,11.11111111111111,11.222222222222221,5.0,4.777777777777778,7.333333333333333,8.8,10.7,10.0,11.8,10.9,5.2,3.2,1.4,4.0,11.0,8.0,1.0
1749539dbe346797a5e0,2025-26,2026-01-08,Liverpool,Arsenal,A,A Taylor,20,9.7,10.8,5.4,4.55,1.7,10,10.4,11.2,5.3,4.6,6.333333333333333,6.8,9.8,10.666666666666666,11.2,10.9,6.0,2.8,1.0,9.0,10.0,0.0,2.0
247dd233b4adac8bcc99,2025-26,2026-01-17,Liverpool,Burnley,H,A Madley,21,9.666666666666666,10.761904761904763,5.142857142857143,4.476190476190476,1.7142857142857142,10,9.0,10.4,5.5,4.5,7.666666666666667,7.0,9.2,9.666666666666666,10.2,10.5,5.6,3.0,1.2,8.0,10.0,9.0,1.0
e32d2ad886548b86c2a4,2025-26,2026-01-24,Liverpool,Bournemouth,A,M Salisbury,22,9.590909090909092,10.727272727272727,5.318181818181818,4.318181818181818,1.6818181818181819,11,10.272727272727273,11.090909090909092,4.818181818181818,4.454545454545454,7.0,7.2,8.9,10.333333333333334,10.4,10.7,6.2,2.8,0.8,7.0,7.0,11.0,1.0
8e0b557a8aa0060d321f,2025-26,2026-01-31,Liverpool,Newcastle United,H,S Hooper,23,9.478260869565217,10.565217391304348,5.565217391304348,4.260869565217392,1.6521739130434783,11,8.909090909090908,10.363636363636363,5.818181818181818,4.181818181818182,8.0,7.6,8.2,9.0,9.2,10.2,7.2,2.6,1.0,11.0,7.0,7.0,1.0
2ca7bd9ec6364cf540b8,2025-26,2026-02-08,Liverpool,Manchester City,H,C Pawson,24,9.541666666666666,10.416666666666666,5.625,4.541666666666667,1.625,12,9.083333333333334,10.083333333333334,5.916666666666667,4.75,8.666666666666666,7.8,8.3,8.0,9.0,10.4,7.0,4.2,1.2,13.0,16.0,5.0,2.0
20efad507f628a102651,2025-26,2026-02-11,Liverpool,Sunderland,A,C Kavanagh,25,9.68,10.64,5.6,4.52,1.64,12,10.0,10.75,5.333333333333333,4.333333333333333,10.333333333333334,9.6,8.2,10.0,10.0,10.6,6.4,4.4,1.4,10.0,8.0,11.0,0.0
debd6e93a948a29daca5,2025-26,2026-02-22,Liverpool,Nottingham Forest,A,A Taylor,26,9.692307692307692,10.538461538461538,5.8076923076923075,4.461538461538462,1.5769230769230769,13,10.0,10.538461538461538,5.769230769230769,4.230769230769231,11.333333333333334,9.8,8.4,10.333333333333334,9.6,9.9,8.6,4.4,1.0,9.0,13.0,2.0,0.0
37f20906e16370ca790c,2025-26,2026-02-28,Liverpool,West Ham United,H,T Robinson,27,9.666666666666666,10.62962962962963,5.666666666666667,4.555555555555555,1.5185185185185186,13,9.384615384615385,10.538461538461538,5.846153846153846,4.6923076923076925,10.666666666666666,10.0,8.6,12.333333333333334,10.2,10.3,7.2,5.6,0.8,12.0,11.0,10.0,2.0
5cf3171bc7678c977b4e,2025-26,2026-03-03,Liverpool,Wolverhampton Wanderers,A,T Bramall,28,9.75,10.642857142857142,5.821428571428571,4.571428571428571,1.5357142857142858,14,9.928571428571429,10.714285714285714,5.5,4.428571428571429,10.333333333333334,11.0,9.3,10.666666666666666,11.0,10.1,7.0,6.0,1.0,13.0,10.0,11.0,1.0
0db3cea12eda6b54fe12,2025-26,2026-03-15,Liverpool,Tottenham,H,C Kavanagh,29,9.862068965517242,10.620689655172415,6.0,4.482758620689655,1.5172413793103448,14,9.571428571428571,10.571428571428571,6.142857142857143,4.714285714285714,11.333333333333334,11.4,9.6,11.333333333333334,11.6,10.3,7.8,4.2,1.0,8.0,13.0,3.0,0.0
e3cb7318914166b2e212,2025-26,2026-03-21,Liverpool,Brighton & Hove Albion,A,D England,30,9.8,10.7,5.9,4.466666666666667,1.4666666666666666,15,10.133333333333333,10.666666666666666,5.866666666666666,4.266666666666667,11.0,10.4,10.0,11.333333333333334,11.0,10.5,7.4,4.2,0.6,11.0,11.0,8.0,5.0
1b45ddf44e36a2cfd9d9,2025-26,2026-04-11,Liverpool,Fulham,H,A Taylor,31,9.838709677419354,10.709677419354838,5.967741935483871,4.451612903225806,1.5806451612903225,15,9.466666666666667,10.733333333333333,5.933333333333334,4.666666666666667,10.666666666666666,10.6,10.2,11.333333333333334,11.6,10.6,6.8,4.4,1.6,10.0,4.0,6.0,0.0
baae4a38c255cc51fb40,2025-26,2026-04-19,Liverpool,Everton,A,C Kavanagh,32,9.84375,10.5,5.96875,4.59375,1.53125,16,10.1875,10.6875,6.0,4.25,9.666666666666666,10.8,10.4,9.333333333333334,9.8,10.0,7.6,4.8,1.6,12.0,8.0,6.0,0.0
4bb91e1f24665bc3c11e,2025-26,2026-04-25,Liverpool,Crystal Palace,H,A Madley,33,9.909090909090908,10.424242424242424,5.96969696969697,4.484848484848484,1.4848484848484849,16,9.5,10.3125,5.9375,4.9375,11.0,10.8,10.9,7.666666666666667,9.2,10.1,6.8,4.0,1.2,10.0,10.0,5.0,1.0
eda6ae3134f45e8f3123,2025-26,2026-05-03,Liverpool,Manchester United,A,D England,34,9.911764705882353,10.411764705882353,5.9411764705882355,4.588235294117647,1.4705882352941178,17,10.294117647058824,10.529411764705882,6.0,4.0588235294117645,10.666666666666666,10.2,10.8,7.333333333333333,9.2,10.4,5.6,5.2,1.2,11.0,12.0,2.0,2.0
357b9b44bdc3b298c09d,2025-26,2026-05-09,Liverpool,Chelsea,H,C Pawson,35,9.942857142857143,10.457142857142857,5.828571428571428,4.542857142857143,1.4857142857142858,17,9.529411764705882,10.294117647058824,5.882352941176471,5.117647058823529,11.0,10.8,10.6,10.0,9.0,10.0,5.4,5.0,1.6,17.0,17.0,5.0,2.0
47fb399e2b0298f0a5c6,2025-26,2026-05-15,Liverpool,Aston Villa,A,C Kavanagh,36,10.13888888888889,10.63888888888889,5.805555555555555,4.472222222222222,1.5,18,10.333333333333334,10.61111111111111,5.777777777777778,4.0,12.666666666666666,12.0,11.3,13.0,10.2,10.9,4.8,4.6,1.0,9.0,12.0,9.0,1.0
be428d26171087c1b564,2025-26,2026-05-24,Liverpool,Brentford,H,D England,37,10.108108108108109,10.675675675675675,5.891891891891892,4.45945945945946,1.4864864864864864,18,9.944444444444445,10.666666666666666,5.833333333333333,4.944444444444445,12.333333333333334,11.8,11.3,13.666666666666666,11.8,10.8,5.4,3.6,1.2,9.0,9.0,14.0,2.0
f17f537eb41aa245ad3f,2025-26,2025-08-16,Manchester City,Wolverhampton Wanderers,A,J Gillett,0,,,,,,0,,,,,,,,,,,,,,7.0,13.0,6.0,2.0
61efff67c895681bc2c0,2025-26,2025-08-23,Manchester City,Tottenham,H,P Bankes,1,7.0,13.0,6.0,4.0,2.0,0,,,,,7.0,7.0,7.0,13.0,13.0,13.0,6.0,4.0,2.0,7.0,12.0,7.0,1.0
5a851244ca5ce40437c1,2025-26,2025-08-31,Manchester City,Brighton & Hove Albion,A,D England,2,7.0,12.5,6.5,3.0,1.5,1,7.0,13.0,6.0,4.0,7.0,7.0,7.0,12.5,12.5,12.5,6.5,3.0,1.5,14.0,16.0,2.0,2.0
c964b636734a558df1ae,2025-26,2025-09-14,Manchester City,Manchester United,H,A Taylor,3,9.333333333333334,13.666666666666666,5.0,3.0,1.6666666666666667,1,7.0,12.0,7.0,2.0,9.333333333333334,9.333333333333334,9.333333333333334,13.666666666666666,13.666666666666666,13.666666666666666,5.0,3.0,1.6666666666666667,8.0,8.0,2.0,0.0
f060e33b82d01b6bde39,2025-26,2025-09-21,Manchester City,Arsenal,A,S Attwell,4,9.0,12.25,4.25,3.25,1.25,2,10.5,14.5,4.0,3.5,9.666666666666666,9.0,9.0,12.0,12.25,12.25,4.25,3.25,1.25,10.0,11.0,2.0,2.0
6fde501ebdf4fd3f9c28,2025-26,2025-09-27,Manchester City,Burnley,H,R Jones,5,9.2,12.0,3.8,4.8,1.4,2,7.5,10.0,4.5,3.0,10.666666666666666,9.2,9.2,11.666666666666666,12.0,12.0,3.8,4.8,1.4,5.0,7.0,10.0,1.0
127aa9729a538dfa93bc,2025-26,2025-10-05,Manchester City,Brentford,A,D England,6,8.5,11.166666666666666,4.833333333333333,4.333333333333333,1.3333333333333333,3,10.333333333333334,13.333333333333334,3.3333333333333335,6.0,7.666666666666667,8.8,8.5,8.666666666666666,10.8,11.166666666666666,4.6,4.4,1.2,6.0,10.0,2.0,2.0
615767ddaf2c4508a10a,2025-26,2025-10-18,Manchester City,Everton,H,T Harrington,7,8.142857142857142,11.0,4.428571428571429,4.142857142857143,1.4285714285714286,3,6.666666666666667,9.0,6.333333333333333,2.6666666666666665,7.0,8.6,8.142857142857142,9.333333333333334,10.4,11.0,3.6,4.6,1.4,8.0,14.0,11.0,0.0
712b4e2b11c90f208c69,2025-26,2025-10-26,Manchester City,Aston Villa,A,M Oliver,8,8.125,11.375,5.25,4.0,1.25,4,9.25,12.5,3.0,5.25,6.333333333333333,7.4,8.125,10.333333333333334,10.0,11.375,5.4,4.6,1.0,16.0,8.0,6.0,4.0
fa99af3fe48f9a75caa5,2025-26,2025-11-02,Manchester City,Bournemouth,H,A Taylor,9,9.0,11.0,5.333333333333333,4.111111111111111,1.5555555555555556,4,7.0,10.25,7.5,2.75,10.0,9.0,9.0,10.666666666666666,10.0,11.0,6.2,4.8,1.8,8.0,11.0,10.0,2.0
ececd161b259489b1207,2025-26,2025-11-09,Manchester City,Liverpool,H,C Kavanagh,10,8.9,11.0,5.8,4.1,1.6,5,7.2,10.4,8.0,3.0,10.666666666666666,8.6,8.9,11.0,10.0,11.0,7.8,3.4,1.8,14.0,15.0,7.0,2.0
c83a4c22456d2954b44c,2025-26,2025-11-22,Manchester City,Newcastle United,A,S Barrott,11,9.363636363636363,11.363636363636363,5.909090909090909,4.363636363636363,1.6363636363636365,5,10.6,11.6,3.6,5.2,12.666666666666666,10.4,9.6,11.333333333333334,11.6,11.2,7.2,4.4,2.0,8.0,13.0,9.0,3.0
9c0728e6f824792071f9,2025-26,2025-11-29,Manchester City,Leeds,H,P Bankes,12,9.25,11.5,6.166666666666667,4.416666666666667,1.75,6,8.333333333333334,11.166666666666666,7.833333333333333,3.6666666666666665,10.0,10.8,9.7,13.0,12.2,11.3,8.6,4.8,2.2,17.0,11.0,8.0,4.0
07663183663e12494174,2025-26,2025-12-02,Manchester City,Fulham,A,C Pawson,13,9.846153846153847,11.461538461538462,6.3076923076923075,4.153846153846154,1.9230769230769231,6,10.166666666666666,11.833333333333334,4.5,5.166666666666667,13.0,12.6,10.0,13.0,11.6,10.8,8.0,4.4,3.0,7.0,9.0,2.0,1.0
ac54aec42e3342a1a731,2025-26,2025-12-06,Manchester City,Sunderland,H,A Madley,14,9.642857142857142,11.285714285714286,6.0,4.357142857142857,1.8571428571428572,7,9.571428571428571,11.142857142857142,7.857142857142857,3.2857142857142856,10.666666666666666,10.8,9.9,11.0,11.8,10.9,7.2,4.8,2.4,9.0,10.0,6.0,1.0
e410238f398565c5b611,2025-26,2025-12-14,Manchester City,Crystal Palace,A,D England,15,9.6,11.2,6.0,4.4,1.8,7,9.714285714285714,11.428571428571429,4.142857142857143,5.428571428571429,11.0,11.0,9.8,10.0,11.6,10.8,6.4,5.0,2.2,6.0,9.0,2.0,0.0
73ba551f426742eebd26,2025-26,2025-12-20,Manchester City,West Ham United,H,P Tierney,16,9.375,11.0625,5.75,4.25,1.6875,8,9.5,11.0,7.625,3.5,7.333333333333333,9.4,9.9,9.333333333333334,10.4,11.0,5.4,4.0,1.8,16.0,10.0,6.0,1.0
2ee0b3e83165cee905ca,2025-26,2025-12-27,Manchester City,Nottingham Forest,A,R Jones,17,9.764705882352942,11.0,5.764705882352941,4.0,1.6470588235294117,8,9.25,11.125,3.875,5.0,10.333333333333334,11.0,10.9,9.666666666666666,9.8,11.0,4.8,3.0,1.4,13.0,5.0,5.0,2.0
c844038367d8cf0fce1b,2025-26,2026-01-01,Manchester City,Sunderland,A,J Gillett,18,9.944444444444445,10.666666666666666,5.722222222222222,4.055555555555555,1.6666666666666667,9,9.666666666666666,10.444444444444445,4.0,5.0,11.666666666666666,10.2,11.4,8.0,8.6,10.1,4.2,3.8,1.0,6.0,9.0,5.0,1.0
18f376fd3f28a3807bf5,2025-26,2026-01-04,Manchester City,Chelsea,H,M Oliver,19,9.736842105263158,10.578947368421053,5.684210526315789,4.0,1.631578947368421,9,10.222222222222221,10.88888888888889,7.444444444444445,3.111111111111111,11.666666666666666,10.0,10.4,8.0,8.6,10.2,4.8,3.0,1.0,12.0,14.0,8.0,3.0
18037c109930d2dee03b,2025-26,2026-01-07,Manchester City,Brighton & Hove Albion,H,T Bramall,20,9.85,10.75,5.8,3.9,1.7,10,10.4,11.2,7.5,3.0,10.333333333333334,10.6,10.8,9.333333333333334,9.4,10.5,5.2,2.4,1.4,6.0,16.0,6.0,1.0
52fcbf3d8152542c4715,2025-26,2026-01-17,Manchester City,Manchester United,A,A Taylor,21,9.666666666666666,11.0,5.809523809523809,3.8095238095238093,1.6666666666666667,10,9.3,10.3,4.1,4.8,8.0,10.6,10.0,13.0,10.8,10.6,6.0,2.4,1.6,8.0,13.0,6.0,3.0
fc5938b3befd7e363b67,2025-26,2026-01-24,Manchester City,Wolverhampton Wanderers,H,F Hallam,22,9.590909090909092,11.090909090909092,5.818181818181818,3.6818181818181817,1.7272727272727273,11,10.0,11.636363636363637,7.363636363636363,2.909090909090909,8.666666666666666,9.0,10.0,14.333333333333334,11.4,10.6,6.0,2.6,2.0,16.0,14.0,4.0,1.0
89eb132219e64f90296e,2025-26,2026-02-01,Manchester City,Tottenham,A,R Jones,23,9.869565217391305,11.217391304347826,5.739130434782608,3.782608695652174,1.6956521739130435,11,9.181818181818182,10.545454545454545,4.2727272727272725,4.454545454545454,10.0,9.6,9.9,14.333333333333334,13.2,10.9,5.8,2.8,1.8,12.0,15.0,4.0,3.0
2ca7bd9ec6364cf540b8,2025-26,2026-02-08,Manchester City,Liverpool,A,C Pawson,24,9.958333333333334,11.375,5.666666666666667,3.75,1.75,12,9.416666666666666,10.916666666666666,4.25,4.333333333333333,12.0,10.8,10.4,14.0,14.4,11.5,5.6,2.8,2.2,16.0,13.0,4.0,4.0
0257961cc1425c1adfad,2025-26,2026-02-11,Manchester City,Fulham,H,P Tierney,25,10.2,11.44,5.6,3.8,1.84,12,10.5,11.833333333333334,7.083333333333333,3.1666666666666665,14.666666666666666,11.6,11.1,14.0,14.2,11.8,4.8,3.4,2.4,8.0,10.0,4.0,3.0
6ec185a516091120516c,2025-26,2026-02-21,Manchester City,Newcastle United,H,T Bramall,26,10.115384615384615,11.384615384615385,5.538461538461538,3.8076923076923075,1.8846153846153846,13,10.307692307692308,11.692307692307692,6.846153846153846,3.230769230769231,12.0,12.0,11.3,12.666666666666666,13.0,11.9,4.4,3.8,2.8,12.0,13.0,5.0,2.0
cd1a6117f593109e2341,2025-26,2026-02-28,Manchester City,Leeds,A,P Bankes,27,10.185185185185185,11.444444444444445,5.518518518518518,3.8518518518518516,1.8888888888888888,13,9.923076923076923,11.076923076923077,4.230769230769231,4.384615384615385,12.0,12.8,10.9,12.0,13.0,12.2,4.2,4.6,2.6,8.0,10.0,3.0,3.0
142d0922f16ecf6c2d85,2025-26,2026-03-04,Manchester City,Nottingham Forest,H,D England,28,10.107142857142858,11.392857142857142,5.428571428571429,3.892857142857143,1.9285714285714286,14,10.428571428571429,11.785714285714286,6.714285714285714,3.357142857142857,9.333333333333334,11.2,10.4,11.0,12.2,12.7,4.0,4.4,3.0,10.0,6.0,6.0,0.0
970d2893e609aa9cfa52,2025-26,2026-03-14,Manchester City,West Ham United,A,M Oliver,29,10.10344827586207,11.206896551724139,5.448275862068965,3.793103448275862,1.8620689655172413,14,9.785714285714286,11.0,4.142857142857143,4.428571428571429,10.0,10.8,10.8,9.666666666666666,10.4,12.4,4.4,4.0,2.4,5.0,14.0,15.0,2.0
99ef482f5edf404f35df,2025-26,2026-04-12,Manchester City,Chelsea,A,C Kavanagh,30,9.933333333333334,11.3,5.766666666666667,3.7,1.8666666666666667,15,9.466666666666667,11.2,4.866666666666666,4.2,7.666666666666667,8.6,10.1,10.0,10.6,12.4,6.6,3.2,2.0,14.0,10.0,12.0,1.0
7a995b3227c24576ddb5,2025-26,2026-04-19,Manchester City,Arsenal,H,A Taylor,31,10.064516129032258,11.258064516129032,5.967741935483871,3.7096774193548385,1.8387096774193548,15,10.4,11.4,6.666666666666667,3.2,9.666666666666666,9.8,10.9,10.0,10.6,11.8,8.2,3.2,1.6,5.0,12.0,8.0,2.0
26c1bfb70efbd5590a3e,2025-26,2026-04-22,Manchester City,Burnley,A,A Madley,32,9.90625,11.28125,6.03125,3.75,1.84375,16,9.75,11.125,5.3125,4.1875,8.0,8.4,10.6,12.0,10.4,11.7,8.8,3.2,1.6,12.0,10.0,11.0,0.0
74dcb1dcd18513baf5c4,2025-26,2026-05-04,Manchester City,Everton,A,M Oliver,33,9.969696969696969,11.242424242424242,6.181818181818182,3.727272727272727,1.7878787878787878,17,9.882352941176471,11.058823529411764,5.647058823529412,4.117647058823529,10.333333333333334,9.2,10.2,10.666666666666666,10.4,11.3,10.4,2.8,1.0,5.0,15.0,9.0,1.0
e06157009a58bf7a517c,2025-26,2026-05-09,Manchester City,Brentford,H,M Salisbury,34,9.823529411764707,11.352941176470589,6.264705882352941,3.764705882352941,1.7647058823529411,16,10.0625,11.4375,6.75,3.3125,7.333333333333333,8.2,9.5,12.333333333333334,12.2,11.3,11.0,3.6,1.2,8.0,14.0,10.0,4.0
94a051a38206ab0440f9,2025-26,2026-05-13,Manchester City,Crystal Palace,H,S Attwell,35,9.771428571428572,11.428571428571429,6.371428571428571,3.7142857142857144,1.8285714285714285,17,9.941176470588236,11.588235294117647,6.9411764705882355,3.235294117647059,8.333333333333334,8.8,8.7,13.0,12.2,11.4,10.0,3.8,1.6,10.0,7.0,9.0,0.0
b0ebd1c12b58f1c6e148,2025-26,2026-05-19,Manchester City,Bournemouth,A,A Taylor,36,9.777777777777779,11.305555555555555,6.444444444444445,3.7222222222222223,1.7777777777777777,18,9.61111111111111,11.277777777777779,5.833333333333333,4.166666666666667,7.666666666666667,8.0,8.9,12.0,11.6,11.1,9.4,3.8,1.4,7.0,16.0,6.0,2.0
ee1aa1587511612c9b8e,2025-26,2026-05-24,Manchester City,Aston Villa,H,A Madley,37,9.702702702702704,11.432432432432432,6.4324324324324325,3.810810810810811,1.7837837837837838,18,9.944444444444445,11.333333333333334,7.055555555555555,3.2777777777777777,8.333333333333334,8.4,8.4,12.333333333333334,12.4,11.4,9.0,4.2,1.4,8.0,4.0,9.0,1.0
9044d0d676ce7c2bcfa5,2025-26,2025-08-17,Manchester United,Arsenal,H,S Hooper,0,,,,,,0,,,,,,,,,,,,,,10.0,19.0,3.0,1.0
d8b2dd1904f58ab96dc6,2025-26,2025-08-24,Manchester United,Fulham,A,C Kavanagh,1,10.0,19.0,3.0,4.0,1.0,0,,,,,10.0,10.0,10.0,19.0,19.0,19.0,3.0,4.0,1.0,10.0,12.0,6.0,1.0
43dbb151702e11ab0d73,2025-26,2025-08-30,Manchester United,Burnley,H,S Barrott,2,10.0,15.5,4.5,6.5,1.0,1,10.0,19.0,3.0,4.0,10.0,10.0,10.0,15.5,15.5,15.5,4.5,6.5,1.0,9.0,9.0,7.0,1.0
c964b636734a558df1ae,2025-26,2025-09-14,Manchester United,Manchester City,A,A Taylor,3,9.666666666666666,13.333333333333334,5.333333333333333,4.666666666666667,1.0,1,10.0,12.0,6.0,9.0,9.666666666666666,9.666666666666666,9.666666666666666,13.333333333333334,13.333333333333334,13.333333333333334,5.333333333333333,4.666666666666667,1.0,8.0,8.0,4.0,0.0
e449895385bc6819e021,2025-26,2025-09-20,Manchester United,Chelsea,H,P Bankes,4,9.25,12.0,5.0,4.0,0.75,2,9.5,14.0,5.0,2.5,9.0,9.25,9.25,9.666666666666666,12.0,12.0,5.0,4.0,0.75,13.0,14.0,5.0,0.0
b1a4d23ae44af996a598,2025-26,2025-09-27,Manchester United,Brentford,A,C Pawson,5,10.0,12.4,5.0,4.2,0.6,2,9.0,10.0,5.0,5.5,10.0,10.0,10.0,10.333333333333334,12.4,12.4,5.0,4.2,0.6,10.0,14.0,2.0,2.0
3e1061c9cd20cc2c77de,2025-26,2025-10-04,Manchester United,Sunderland,H,S Attwell,6,10.0,12.666666666666666,4.5,4.166666666666667,0.8333333333333334,3,10.666666666666666,14.0,5.0,3.3333333333333335,10.333333333333334,10.0,10.0,12.0,11.4,12.666666666666666,4.8,4.2,0.8,10.0,12.0,2.0,1.0
6579db3e90e4f55a5cb6,2025-26,2025-10-19,Manchester United,Liverpool,A,M Oliver,7,10.0,12.571428571428571,4.142857142857143,4.0,0.8571428571428571,3,9.333333333333334,11.333333333333334,4.0,5.0,11.0,10.0,10.0,13.333333333333334,11.4,12.571428571428571,4.0,3.0,0.8,14.0,8.0,4.0,2.0
cad70ae71bc002fed5a4,2025-26,2025-10-25,Manchester United,Brighton & Hove Albion,H,A Taylor,8,10.5,12.0,4.125,4.625,1.0,4,10.5,13.5,4.25,3.25,11.333333333333334,11.0,10.5,11.333333333333334,11.2,12.0,3.4,4.6,1.0,4.0,13.0,1.0,2.0
c20f0e79c6f2715f26ea,2025-26,2025-11-01,Manchester United,Nottingham Forest,A,D England,9,9.777777777777779,12.11111111111111,3.7777777777777777,4.777777777777778,1.1111111111111112,4,10.5,10.5,4.0,6.0,9.333333333333334,10.2,9.777777777777779,11.0,12.2,12.11111111111111,2.8,5.4,1.4,7.0,10.0,5.0,1.0
9738f7f9365ff6784336,2025-26,2025-11-08,Manchester United,Tottenham,A,S Barrott,10,9.5,11.9,3.9,5.1,1.1,5,9.8,10.4,4.2,6.4,8.333333333333334,9.0,9.5,10.333333333333334,11.4,11.9,2.8,6.0,1.6,8.0,10.0,3.0,1.0
5e9e8b966300899424e6,2025-26,2025-11-24,Manchester United,Everton,H,T Harrington,11,9.363636363636363,11.727272727272727,3.8181818181818183,5.090909090909091,1.0909090909090908,5,9.2,13.4,3.6,3.8,6.333333333333333,8.6,9.3,11.0,10.6,11.0,3.0,6.2,1.4,12.0,9.0,9.0,2.0
36dce84ffd446ba89f6a,2025-26,2025-11-30,Manchester United,Crystal Palace,A,R Jones,12,9.583333333333334,11.5,4.25,4.75,1.1666666666666667,6,9.5,10.333333333333334,4.0,6.166666666666667,9.0,9.0,9.5,9.666666666666666,10.0,10.7,4.4,5.8,1.6,14.0,14.0,4.0,2.0
c816b534d044946b0e3b,2025-26,2025-12-04,Manchester United,West Ham United,H,A Kitchen,13,9.923076923076923,11.692307692307692,4.230769230769231,4.6923076923076925,1.2307692307692308,6,9.666666666666666,12.666666666666666,4.5,3.3333333333333335,11.333333333333334,9.0,10.0,11.0,11.2,11.2,4.4,4.8,1.6,13.0,9.0,6.0,2.0
83fdf7eab9de2901990a,2025-26,2025-12-08,Manchester United,Wolverhampton Wanderers,A,M Salisbury,14,10.142857142857142,11.5,4.357142857142857,4.785714285714286,1.2857142857142858,7,10.142857142857142,10.857142857142858,4.0,5.857142857142857,13.0,10.8,10.5,10.666666666666666,10.4,11.3,5.4,4.8,1.6,12.0,17.0,9.0,2.0
357190c8c0bf8a8151ad,2025-26,2025-12-15,Manchester United,Bournemouth,H,S Hooper,15,10.266666666666667,11.866666666666667,4.666666666666667,4.533333333333333,1.3333333333333333,7,10.142857142857142,12.142857142857142,4.714285714285714,3.7142857142857144,13.0,11.8,10.4,13.333333333333334,11.8,11.6,6.2,3.4,1.8,15.0,12.0,5.0,2.0
998b5cbe14e39c51a599,2025-26,2025-12-21,Manchester United,Aston Villa,A,M Oliver,16,10.5625,11.875,4.6875,4.5,1.375,8,10.375,11.625,4.625,5.25,13.333333333333334,13.2,10.9,12.666666666666666,12.2,11.4,6.6,3.2,2.0,14.0,11.0,5.0,2.0
996f0a0119d5a16a4ff3,2025-26,2025-12-26,Manchester United,Newcastle United,H,A Taylor,17,10.764705882352942,11.823529411764707,4.705882352941177,4.529411764705882,1.411764705882353,8,10.75,12.125,4.75,3.75,13.666666666666666,13.6,11.3,13.333333333333334,12.6,11.3,5.8,4.0,2.0,9.0,5.0,2.0,2.0
0f3de3fe580fda605306,2025-26,2025-12-30,Manchester United,Wolverhampton Wanderers,H,T Bramall,18,10.666666666666666,11.444444444444445,4.555555555555555,4.888888888888889,1.4444444444444444,9,10.555555555555555,11.333333333333334,4.444444444444445,4.555555555555555,12.666666666666666,12.6,10.8,9.333333333333334,10.8,11.0,5.4,5.4,2.0,9.0,12.0,8.0,0.0
a6eb775cab9beeb92966,2025-26,2026-01-04,Manchester United,Leeds,A,J Gillett,19,10.578947368421053,11.473684210526315,4.7368421052631575,4.842105263157895,1.368421052631579,9,10.777777777777779,11.555555555555555,4.666666666666667,5.222222222222222,10.666666666666666,11.8,11.3,9.333333333333334,11.4,10.9,5.8,5.0,1.6,9.0,9.0,4.0,1.0
04b0cb1a914ebce020a5,2025-26,2026-01-07,Manchester United,Burnley,A,S Attwell,20,10.5,11.35,4.7,4.9,1.35,10,10.6,11.3,4.6,5.3,9.0,11.2,11.5,8.666666666666666,9.8,10.8,4.8,6.0,1.4,8.0,9.0,6.0,0.0
52fcbf3d8152542c4715,2025-26,2026-01-17,Manchester United,Manchester City,H,A Taylor,21,10.380952380952381,11.238095238095237,4.761904761904762,4.761904761904762,1.2857142857142858,10,10.4,11.4,4.8,4.5,8.666666666666666,9.8,11.5,10.0,9.2,10.7,5.0,5.6,1.0,13.0,8.0,1.0,2.0
4b6945e4aeb5abfece57,2025-26,2026-01-25,Manchester United,Arsenal,A,C Pawson,22,10.5,11.090909090909092,4.590909090909091,4.818181818181818,1.3181818181818181,11,10.363636363636363,11.090909090909092,4.7272727272727275,5.0,10.0,9.6,11.6,8.666666666666666,8.6,10.6,4.2,5.8,1.0,9.0,11.0,2.0,0.0
a77e70af7e6334fbeddc,2025-26,2026-02-01,Manchester United,Fulham,H,J Brooks,23,10.434782608695652,11.08695652173913,4.478260869565218,5.0,1.2608695652173914,11,10.636363636363637,11.090909090909092,4.454545454545454,4.636363636363637,10.0,9.6,11.1,9.333333333333334,9.8,10.3,4.2,5.4,0.6,6.0,9.0,3.0,2.0
84e70867719cbb70787e,2025-26,2026-02-07,Manchester United,Tottenham,H,M Oliver,24,10.25,11.0,4.416666666666667,5.083333333333333,1.2916666666666667,12,10.25,10.916666666666666,4.333333333333333,4.833333333333333,9.333333333333334,9.0,10.4,9.333333333333334,9.2,10.3,3.2,6.0,1.0,12.0,11.0,7.0,1.0
99037afb61466fe8704e,2025-26,2026-02-10,Manchester United,West Ham United,A,S Hooper,25,10.32,11.0,4.52,4.88,1.28,12,10.25,11.083333333333334,4.5,5.333333333333333,9.0,9.6,10.4,10.333333333333334,9.6,9.7,3.8,4.8,1.0,4.0,10.0,3.0,1.0
95f3fd540d2262f24a32,2025-26,2026-02-23,Manchester United,Everton,A,D England,26,10.076923076923077,10.961538461538462,4.461538461538462,4.884615384615385,1.2692307692307692,13,9.76923076923077,11.0,4.384615384615385,5.3076923076923075,7.333333333333333,8.8,9.3,10.0,9.8,9.5,3.2,5.4,1.2,7.0,12.0,1.0,3.0
249ca46882a9349e450c,2025-26,2026-03-01,Manchester United,Crystal Palace,H,C Kavanagh,27,9.962962962962964,11.0,4.333333333333333,5.074074074074074,1.3333333333333333,13,10.384615384615385,10.923076923076923,4.538461538461538,4.461538461538462,7.666666666666667,7.6,8.6,11.0,10.6,9.6,3.2,6.2,1.4,13.0,12.0,7.0,2.0
751beb2fd637b990782e,2025-26,2026-03-04,Manchester United,Newcastle United,A,P Bankes,28,10.071428571428571,11.035714285714286,4.428571428571429,4.928571428571429,1.3571428571428572,14,9.571428571428571,11.071428571428571,4.142857142857143,5.642857142857143,8.0,8.4,9.0,11.333333333333334,10.8,10.3,4.2,4.6,1.8,16.0,15.0,4.0,3.0
fe18f81dcc72eccbcc2f,2025-26,2026-03-15,Manchester United,Aston Villa,H,A Taylor,29,10.275862068965518,11.172413793103448,4.413793103448276,4.827586206896552,1.4137931034482758,14,10.571428571428571,11.0,4.714285714285714,4.214285714285714,12.0,10.4,9.7,13.0,12.0,10.6,4.4,3.6,2.0,10.0,5.0,6.0,3.0
f81a3cd52e883f32463e,2025-26,2026-03-20,Manchester United,Bournemouth,A,S Attwell,30,10.266666666666667,10.966666666666667,4.466666666666667,4.866666666666666,1.4666666666666666,15,10.0,11.333333333333334,4.133333333333334,5.4,13.0,10.0,9.8,10.666666666666666,10.8,10.2,4.2,4.8,2.4,9.0,10.0,8.0,2.0
84b5e5e920f8e6219185,2025-26,2026-04-13,Manchester United,Leeds,H,P Tierney,31,10.225806451612904,10.935483870967742,4.580645161290323,4.903225806451613,1.4838709677419355,15,10.533333333333333,10.6,4.8,4.333333333333333,11.666666666666666,11.0,9.9,10.0,10.8,10.3,5.2,5.0,2.6,12.0,15.0,11.0,3.0
078b7349327132f0a1a8,2025-26,2026-04-18,Manchester United,Chelsea,A,M Oliver,32,10.28125,11.0625,4.78125,4.875,1.53125,16,9.9375,11.25,4.375,5.4375,10.333333333333334,12.0,9.8,10.0,11.4,11.0,7.2,3.8,2.6,13.0,12.0,1.0,3.0
60bc443dcce32d7658ec,2025-26,2026-04-27,Manchester United,Brentford,H,C Kavanagh,33,10.363636363636363,11.090909090909092,4.666666666666667,4.9393939393939394,1.5757575757575757,16,10.625,10.875,5.1875,4.3125,11.333333333333334,12.0,10.2,12.333333333333334,11.4,11.1,6.0,5.0,2.8,6.0,9.0,7.0,2.0
eda6ae3134f45e8f3123,2025-26,2026-05-03,Manchester United,Liverpool,H,D England,34,10.235294117647058,11.029411764705882,4.735294117647059,5.029411764705882,1.588235294117647,17,10.352941176470589,10.764705882352942,5.294117647058823,4.529411764705882,10.333333333333334,10.0,10.2,12.0,10.2,11.1,6.6,6.2,2.6,12.0,11.0,3.0,2.0
8f4f55739b493d318913,2025-26,2026-05-09,Manchester United,Sunderland,A,S Attwell,35,10.285714285714286,11.028571428571428,4.685714285714286,4.942857142857143,1.6,17,10.117647058823529,11.294117647058824,4.176470588235294,5.529411764705882,10.333333333333334,10.4,10.2,10.666666666666666,11.4,11.1,6.0,5.4,2.4,12.0,12.0,8.0,3.0
70793132b5cba140df56,2025-26,2026-05-17,Manchester United,Nottingham Forest,H,M Salisbury,36,10.333333333333334,11.055555555555555,4.777777777777778,5.0,1.6388888888888888,18,10.444444444444445,10.777777777777779,5.166666666666667,4.388888888888889,10.0,11.0,11.0,10.666666666666666,11.8,11.3,6.0,5.6,2.6,11.0,5.0,7.0,2.0
68d8ccd8f20b9df0cd48,2025-26,2026-05-24,Manchester United,Brighton & Hove Albion,A,S Barrott,37,10.35135135135135,10.891891891891891,4.837837837837838,5.027027027027027,1.6486486486486487,18,10.222222222222221,11.333333333333334,4.388888888888889,5.611111111111111,11.666666666666666,10.8,11.4,9.333333333333334,9.8,10.6,5.2,6.0,2.4,8.0,11.0,3.0,1.0
65d04dbc5e4b1d6e896b,2025-26,2025-08-16,Newcastle United,Aston Villa,A,C Pawson,0,,,,,,0,,,,,,,,,,,,,,11.0,13.0,6.0,1.0
c322406b953eca33daf2,2025-26,2025-08-25,Newcastle United,Liverpool,H,S Hooper,1,11.0,13.0,6.0,3.0,1.0,0,,,,,11.0,11.0,11.0,13.0,13.0,13.0,6.0,3.0,1.0,17.0,15.0,7.0,2.0
db81310bd0694ede27ed,2025-26,2025-08-30,Newcastle United,Leeds,A,P Bankes,2,14.0,14.0,6.5,2.0,1.5,1,11.0,13.0,6.0,3.0,14.0,14.0,14.0,14.0,14.0,14.0,6.5,2.0,1.5,15.0,10.0,5.0,1.0
db97397fb67764500fd9,2025-26,2025-09-13,Newcastle United,Wolverhampton Wanderers,H,C Kavanagh,3,14.333333333333334,12.666666666666666,6.0,3.0,1.3333333333333333,1,17.0,15.0,7.0,1.0,14.333333333333334,14.333333333333334,14.333333333333334,12.666666666666666,12.666666666666666,12.666666666666666,6.0,3.0,1.3333333333333333,10.0,17.0,10.0,1.0
319565fe07f7f71d19b5,2025-26,2025-09-21,Newcastle United,Bournemouth,A,R Jones,4,13.25,13.75,7.0,3.25,1.25,2,13.0,11.5,5.5,4.0,14.0,13.25,13.25,14.0,13.75,13.75,7.0,3.25,1.25,10.0,7.0,2.0,1.0
df2d2b671b9cf16d10e4,2025-26,2025-09-28,Newcastle United,Arsenal,H,J Gillett,5,12.6,12.4,6.0,3.6,1.2,2,13.5,16.0,8.5,2.5,11.666666666666666,12.6,12.6,11.333333333333334,12.4,12.4,6.0,3.6,1.2,8.0,9.0,7.0,2.0
d8a982c94093b87ea638,2025-26,2025-10-05,Newcastle United,Nottingham Forest,H,P Bankes,6,11.833333333333334,11.833333333333334,6.166666666666667,5.0,1.3333333333333333,3,11.666666666666666,13.666666666666666,8.0,5.666666666666667,9.333333333333334,12.0,11.833333333333334,11.0,11.6,11.833333333333334,6.2,5.4,1.4,16.0,15.0,8.0,0.0
65f0e58d65f7178e22fc,2025-26,2025-10-18,Newcastle United,Brighton & Hove Albion,A,C Pawson,7,12.428571428571429,12.285714285714286,6.428571428571429,4.428571428571429,1.1428571428571428,3,12.0,10.0,4.333333333333333,4.333333333333333,11.333333333333334,11.8,12.428571428571429,10.333333333333334,11.6,12.285714285714286,6.4,5.4,1.0,9.0,9.0,4.0,1.0
465aa5b3f2b7a150cc0d,2025-26,2025-10-25,Newcastle United,Fulham,H,P Bankes,8,12.0,11.875,6.125,4.875,1.125,4,12.75,14.0,8.0,4.5,11.0,10.6,12.0,11.0,11.4,11.875,6.2,6.0,1.0,11.0,18.0,4.0,0.0
091be63b9770c8854e3c,2025-26,2025-11-02,Newcastle United,West Ham United,A,R Jones,9,11.88888888888889,12.555555555555555,5.888888888888889,4.666666666666667,1.0,4,11.25,9.75,4.25,5.25,12.0,10.8,11.88888888888889,14.0,11.6,12.555555555555555,5.0,5.8,0.8,10.0,5.0,6.0,2.0
6237c91d616d01ecbe24,2025-26,2025-11-09,Newcastle United,Brentford,A,S Attwell,10,11.7,11.8,5.9,4.9,1.1,5,11.0,8.8,4.6,5.6,10.0,10.8,11.7,10.666666666666666,11.2,11.8,5.8,6.2,1.0,13.0,10.0,2.0,1.0
c83a4c22456d2954b44c,2025-26,2025-11-22,Newcastle United,Manchester City,H,S Barrott,11,11.818181818181818,11.636363636363637,5.545454545454546,5.0,1.0909090909090908,5,12.4,14.8,7.2,4.2,11.333333333333334,11.8,11.9,11.0,11.4,11.5,4.8,5.0,0.8,13.0,8.0,5.0,1.0
b91f8243033840e21b58,2025-26,2025-11-29,Newcastle United,Everton,A,C Pawson,12,11.916666666666666,11.333333333333334,5.5,5.333333333333333,1.0833333333333333,6,11.333333333333334,9.0,4.166666666666667,5.666666666666667,12.0,11.2,11.5,7.666666666666667,10.0,10.8,4.2,6.6,1.0,6.0,4.0,7.0,0.0
a4a7954eec86da1589f3,2025-26,2025-12-02,Newcastle United,Tottenham,H,T Bramall,13,11.461538461538462,10.76923076923077,5.615384615384615,5.538461538461538,1.0,6,12.5,13.666666666666666,6.833333333333333,5.0,10.666666666666666,10.6,10.6,7.333333333333333,9.0,10.2,4.8,6.6,0.8,5.0,12.0,11.0,0.0
1260f75d6e2e39330176,2025-26,2025-12-06,Newcastle United,Burnley,H,S Attwell,14,11.0,10.857142857142858,6.0,5.714285714285714,0.9285714285714286,7,11.428571428571429,13.428571428571429,7.428571428571429,5.428571428571429,8.0,9.4,10.1,8.0,7.8,9.7,6.2,7.6,0.8,9.0,11.0,9.0,2.0
778dcf2b627318ac7bf4,2025-26,2025-12-14,Newcastle United,Sunderland,A,P Bankes,15,10.866666666666667,10.866666666666667,6.2,5.933333333333334,1.0,7,10.571428571428571,8.285714285714286,4.571428571428571,6.0,6.666666666666667,9.2,10.0,9.0,9.0,10.1,6.8,8.0,0.8,10.0,10.0,6.0,4.0
ed643502156a64024d10,2025-26,2025-12-20,Newcastle United,Chelsea,H,A Madley,16,10.8125,10.8125,6.1875,5.75,1.1875,8,11.125,13.125,7.625,5.875,8.0,8.6,10.2,11.0,9.0,10.2,7.6,7.4,1.4,13.0,14.0,6.0,3.0
996f0a0119d5a16a4ff3,2025-26,2025-12-26,Newcastle United,Manchester United,A,A Taylor,17,10.941176470588236,11.0,6.176470588235294,5.647058823529412,1.2941176470588236,8,10.5,8.5,4.75,5.625,10.666666666666666,8.6,9.9,11.666666666666666,10.2,10.1,7.8,6.4,1.8,5.0,9.0,11.0,1.0
76781232a88cb897f44a,2025-26,2025-12-30,Newcastle United,Burnley,A,R Jones,18,10.61111111111111,10.88888888888889,6.444444444444445,5.444444444444445,1.2777777777777777,9,9.88888888888889,8.555555555555555,5.444444444444445,5.222222222222222,9.333333333333334,8.4,9.5,11.0,11.2,10.1,8.6,5.2,2.0,3.0,9.0,4.0,1.0
736cdd98fb3e9eb5f6bf,2025-26,2026-01-04,Newcastle United,Crystal Palace,H,J Brooks,19,10.210526315789474,10.789473684210526,6.315789473684211,5.315789473684211,1.263157894736842,9,11.333333333333334,13.222222222222221,7.444444444444445,5.666666666666667,7.0,8.0,8.7,10.666666666666666,10.6,9.2,7.2,4.2,2.2,5.0,12.0,8.0,1.0
25610c962b149e505c0a,2025-26,2026-01-07,Newcastle United,Leeds,H,M Salisbury,20,9.95,10.85,6.4,5.35,1.25,10,10.7,13.1,7.5,5.7,4.333333333333333,7.2,8.2,10.0,10.8,9.9,7.0,3.6,2.0,11.0,10.0,8.0,3.0
03c93544eda4ad474853,2025-26,2026-01-18,Newcastle United,Wolverhampton Wanderers,A,S Barrott,21,10.0,10.80952380952381,6.476190476190476,5.285714285714286,1.3333333333333333,10,9.2,8.6,5.3,5.0,6.333333333333333,7.4,8.0,10.333333333333334,10.8,9.9,7.4,3.8,1.8,8.0,14.0,7.0,2.0
bf5ed5505e91051efcb3,2025-26,2026-01-25,Newcastle United,Aston Villa,H,J Gillett,22,9.909090909090908,10.954545454545455,6.5,5.2272727272727275,1.3636363636363635,11,10.727272727272727,12.818181818181818,7.545454545454546,5.545454545454546,8.0,6.4,7.5,12.0,10.8,10.5,7.6,3.8,1.6,7.0,12.0,6.0,1.0
8e0b557a8aa0060d321f,2025-26,2026-01-31,Newcastle United,Liverpool,A,S Hooper,23,9.782608695652174,11.0,6.478260869565218,5.217391304347826,1.3478260869565217,11,9.090909090909092,9.090909090909092,5.454545454545454,4.909090909090909,8.666666666666666,6.8,7.6,12.0,11.4,11.3,6.6,4.4,1.6,7.0,11.0,11.0,3.0
a21568ac8b2d81675d55,2025-26,2026-02-07,Newcastle United,Brentford,H,A Madley,24,9.666666666666666,11.0,6.666666666666667,5.291666666666667,1.4166666666666667,12,10.416666666666666,12.75,7.416666666666667,5.5,7.333333333333333,7.6,7.8,12.333333333333334,11.8,11.2,8.0,5.2,2.0,14.0,18.0,9.0,2.0
764572aa79b4b1126a05,2025-26,2026-02-10,Newcastle United,Tottenham,A,A Taylor,25,9.84,11.28,6.76,5.2,1.44,12,8.916666666666666,9.25,5.916666666666667,5.083333333333333,9.333333333333334,9.4,8.3,13.666666666666666,13.0,11.9,8.2,4.6,2.2,11.0,15.0,12.0,2.0
6ec185a516091120516c,2025-26,2026-02-21,Newcastle United,Manchester City,A,T Bramall,26,9.884615384615385,11.423076923076923,6.961538461538462,5.076923076923077,1.4615384615384615,13,9.076923076923077,9.692307692307692,6.384615384615385,4.846153846153846,10.666666666666666,9.4,8.4,14.666666666666666,14.0,12.4,9.0,4.2,2.0,13.0,12.0,5.0,5.0
b017c9d4349d169b94dd,2025-26,2026-02-28,Newcastle United,Everton,H,S Attwell,27,10.0,11.444444444444445,6.888888888888889,5.074074074074074,1.5925925925925926,13,10.692307692307692,13.153846153846153,7.538461538461538,5.3076923076923075,12.666666666666666,10.4,8.4,15.0,13.6,12.2,8.6,4.4,2.6,15.0,7.0,7.0,2.0
751beb2fd637b990782e,2025-26,2026-03-04,Newcastle United,Manchester United,H,P Bankes,28,10.178571428571429,11.285714285714286,6.892857142857143,4.964285714285714,1.6071428571428572,14,11.0,12.714285714285714,7.5,5.071428571428571,13.0,12.0,9.4,11.333333333333334,12.6,12.0,8.8,3.8,2.8,15.0,16.0,2.0,2.0
3e842201af695086934c,2025-26,2026-03-14,Newcastle United,Chelsea,A,P Tierney,29,10.344827586206897,11.448275862068966,6.724137931034483,4.931034482758621,1.6206896551724137,14,9.357142857142858,9.857142857142858,6.285714285714286,4.857142857142857,14.333333333333334,13.6,10.6,11.666666666666666,13.6,12.7,7.0,3.2,2.6,10.0,9.0,1.0,2.0
1bf1d218d048df454fe5,2025-26,2026-03-22,Newcastle United,Sunderland,H,A Taylor,30,10.333333333333334,11.366666666666667,6.533333333333333,5.033333333333333,1.6333333333333333,15,11.266666666666667,12.933333333333334,7.133333333333334,5.0,13.333333333333334,12.8,11.1,10.666666666666666,11.8,12.4,5.4,4.2,2.6,8.0,19.0,9.0,1.0
32962a30fae99ec760f2,2025-26,2026-04-12,Newcastle United,Crystal Palace,A,A Madley,31,10.258064516129032,11.612903225806452,6.612903225806452,5.032258064516129,1.6129032258064515,15,9.4,9.8,5.933333333333334,5.066666666666666,11.0,12.2,10.8,14.666666666666666,12.6,13.3,4.8,4.8,2.4,12.0,17.0,4.0,3.0
53ab430adbe52fb75c47,2025-26,2026-04-18,Newcastle United,Bournemouth,H,T Bramall,32,10.3125,11.78125,6.53125,4.9375,1.65625,16,11.0625,13.3125,7.25,5.0,10.0,12.0,11.2,15.0,13.6,13.6,4.6,4.2,2.0,11.0,12.0,2.0,2.0
b1d63d9d9cd6d243c3e7,2025-26,2026-04-25,Newcastle United,Arsenal,A,S Barrott,33,10.333333333333334,11.787878787878787,6.393939393939394,4.878787878787879,1.6666666666666667,16,9.5625,10.25,5.8125,4.875,10.333333333333334,11.2,11.6,16.0,14.6,13.6,3.6,4.4,2.0,10.0,13.0,2.0,2.0
edf2903c39ba5174640f,2025-26,2026-05-02,Newcastle United,Brighton & Hove Albion,H,C Kavanagh,34,10.323529411764707,11.823529411764707,6.264705882352941,4.9411764705882355,1.6764705882352942,17,11.058823529411764,13.235294117647058,6.9411764705882355,4.882352941176471,11.0,10.2,11.9,14.0,14.0,13.8,3.6,5.0,2.0,10.0,12.0,2.0,3.0
c341f8cb0ccee7672c4f,2025-26,2026-05-10,Newcastle United,Nottingham Forest,A,P Tierney,35,10.314285714285715,11.82857142857143,6.142857142857143,5.085714285714285,1.7142857142857142,17,9.588235294117647,10.411764705882353,5.588235294117647,5.0,10.333333333333334,10.2,11.5,12.333333333333334,14.6,13.2,3.8,5.4,2.2,11.0,16.0,1.0,0.0
d10c766f472d3e165def,2025-26,2026-05-17,Newcastle United,West Ham United,H,J Gillett,36,10.333333333333334,11.944444444444445,6.0,5.0,1.6666666666666667,18,11.0,13.166666666666666,6.666666666666667,5.166666666666667,10.333333333333334,10.8,11.5,13.666666666666666,14.0,13.3,2.2,4.8,2.0,8.0,11.0,9.0,1.0
baa7080b4656f818b370,2025-26,2026-05-24,Newcastle United,Fulham,A,R Jones,37,10.27027027027027,11.91891891891892,6.081081081081081,4.891891891891892,1.6486486486486487,18,9.666666666666666,10.722222222222221,5.333333333333333,4.833333333333333,9.666666666666666,10.0,11.0,13.0,12.8,13.2,3.2,4.6,1.6,6.0,13.0,6.0,2.0
1aa62c11d10789ae3e92,2025-26,2025-08-17,Nottingham Forest,Brentford,H,P Bankes,0,,,,,,0,,,,,,,,,,,,,,7.0,15.0,5.0,1.0
a68f84d0ba8a7e8df3c7,2025-26,2025-08-24,Nottingham Forest,Crystal Palace,A,A Taylor,1,7.0,15.0,5.0,5.0,1.0,0,,,,,7.0,7.0,7.0,15.0,15.0,15.0,5.0,5.0,1.0,11.0,11.0,3.0,3.0
a5d0ac0596d23bc378d5,2025-26,2025-08-31,Nottingham Forest,West Ham United,H,C Pawson,2,9.0,13.0,4.0,3.0,2.0,1,7.0,15.0,5.0,5.0,9.0,9.0,9.0,13.0,13.0,13.0,4.0,3.0,2.0,14.0,6.0,9.0,0.0
2389db6207a3546ae310,2025-26,2025-09-13,Nottingham Forest,Arsenal,A,D England,3,10.666666666666666,10.666666666666666,5.666666666666667,4.333333333333333,1.3333333333333333,1,11.0,11.0,3.0,1.0,10.666666666666666,10.666666666666666,10.666666666666666,10.666666666666666,10.666666666666666,10.666666666666666,5.666666666666667,4.333333333333333,1.3333333333333333,11.0,8.0,4.0,1.0
454fd2ca7c474bd4aa3f,2025-26,2025-09-20,Nottingham Forest,Burnley,A,T Bramall,4,10.75,10.0,5.25,5.25,1.25,2,11.0,9.5,3.5,4.5,12.0,10.75,10.75,8.333333333333334,10.0,10.0,5.25,5.25,1.25,11.0,12.0,5.0,1.0
2adaf851eb6f404943a0,2025-26,2025-09-27,Nottingham Forest,Sunderland,H,T Harrington,5,10.8,10.4,5.2,5.0,1.2,2,10.5,10.5,7.0,6.0,12.0,10.8,10.8,8.666666666666666,10.4,10.4,5.2,5.0,1.2,11.0,6.0,7.0,4.0
d8a982c94093b87ea638,2025-26,2025-10-05,Nottingham Forest,Newcastle United,A,P Bankes,6,10.833333333333334,9.666666666666666,5.5,4.833333333333333,1.6666666666666667,3,11.0,10.333333333333334,4.0,4.333333333333333,11.0,11.6,10.833333333333334,8.666666666666666,8.6,9.666666666666666,5.6,4.8,1.8,15.0,16.0,1.0,4.0
25159dbefd791793f17e,2025-26,2025-10-18,Nottingham Forest,Chelsea,H,C Kavanagh,7,11.428571428571429,10.571428571428571,4.857142857142857,5.285714285714286,2.0,3,10.666666666666666,9.0,7.0,5.333333333333333,12.333333333333334,12.4,11.428571428571429,11.333333333333334,9.6,10.571428571428571,5.2,6.2,2.0,13.0,16.0,5.0,2.0
a7cbc169465eafe0cce7,2025-26,2025-10-26,Nottingham Forest,Bournemouth,A,S Barrott,8,11.625,11.25,4.875,4.875,2.0,4,12.0,11.75,3.25,5.25,13.0,12.2,11.625,12.666666666666666,11.6,11.25,4.4,5.2,2.4,7.0,17.0,4.0,1.0
c20f0e79c6f2715f26ea,2025-26,2025-11-01,Nottingham Forest,Manchester United,H,D England,9,11.11111111111111,11.88888888888889,4.777777777777778,5.0,1.8888888888888888,4,11.25,10.75,6.5,4.5,11.666666666666666,11.4,11.11111111111111,16.333333333333332,13.4,11.88888888888889,4.4,4.8,2.4,10.0,7.0,8.0,1.0
1ebb97df5bb14f8722f0,2025-26,2025-11-09,Nottingham Forest,Leeds,H,J Gillett,10,11.0,11.4,5.1,5.0,1.8,5,11.0,10.0,6.8,4.6,10.0,11.2,11.0,13.333333333333334,12.4,11.4,5.0,5.0,2.4,10.0,11.0,6.0,2.0
56ac2bef165ec3d4e572,2025-26,2025-11-22,Nottingham Forest,Liverpool,A,A Madley,11,10.909090909090908,11.363636363636363,5.181818181818182,4.909090909090909,1.8181818181818181,5,11.0,12.8,3.4,5.4,9.0,11.0,11.3,11.666666666666666,13.4,11.0,4.8,5.0,2.0,8.0,11.0,6.0,0.0
3640496aad283a10bb1b,2025-26,2025-11-30,Nottingham Forest,Brighton & Hove Albion,H,M Oliver,12,10.666666666666666,11.333333333333334,5.25,5.166666666666667,1.6666666666666667,6,10.833333333333334,10.166666666666666,6.666666666666667,4.5,9.333333333333334,9.6,11.0,9.666666666666666,12.4,11.0,5.8,5.0,1.2,11.0,10.0,9.0,0.0
40f5db5bb56b993e28ff,2025-26,2025-12-03,Nottingham Forest,Wolverhampton Wanderers,A,T Robinson,13,10.692307692307692,11.23076923076923,5.538461538461538,4.923076923076923,1.5384615384615385,6,10.5,12.5,3.8333333333333335,5.833333333333333,9.666666666666666,9.2,10.7,10.666666666666666,11.2,11.4,6.6,5.0,0.8,11.0,19.0,9.0,2.0
98cd665969b1de68bc94,2025-26,2025-12-06,Nottingham Forest,Everton,A,C Kavanagh,14,10.714285714285714,11.785714285714286,5.785714285714286,4.785714285714286,1.5714285714285714,7,10.571428571428571,13.428571428571429,4.571428571428571,5.428571428571429,10.0,10.0,10.7,13.333333333333334,11.6,12.5,7.6,4.4,1.0,15.0,17.0,3.0,3.0
a68163ebc962e1522324,2025-26,2025-12-14,Nottingham Forest,Tottenham,H,S Barrott,15,11.0,12.133333333333333,5.6,4.866666666666666,1.6666666666666667,7,10.857142857142858,10.142857142857142,7.0,4.142857142857143,12.333333333333334,11.0,11.1,15.333333333333334,13.6,13.0,6.6,4.6,1.4,9.0,13.0,3.0,1.0
7955521a4390b7d1e836,2025-26,2025-12-22,Nottingham Forest,Fulham,A,A Taylor,16,10.875,12.1875,5.4375,4.75,1.625,8,11.125,13.875,4.375,5.5,11.666666666666666,10.8,10.9,16.333333333333332,14.0,13.7,6.0,4.4,1.2,9.0,5.0,5.0,4.0
2ee0b3e83165cee905ca,2025-26,2025-12-27,Nottingham Forest,Manchester City,H,R Jones,17,10.764705882352942,11.764705882352942,5.411764705882353,4.529411764705882,1.7647058823529411,8,10.625,10.5,6.5,4.0,11.0,11.0,10.3,11.666666666666666,12.8,12.6,5.8,3.0,2.0,5.0,13.0,5.0,1.0
2ee5d60a7c84e57118af,2025-26,2025-12-30,Nottingham Forest,Everton,H,M Oliver,18,10.444444444444445,11.833333333333334,5.388888888888889,4.555555555555555,1.7222222222222223,9,10.0,10.777777777777779,6.333333333333333,4.111111111111111,7.666666666666667,9.8,9.5,10.333333333333334,13.4,12.3,5.0,3.6,2.2,11.0,9.0,9.0,1.0
656030adf1f05f486b64,2025-26,2026-01-03,Nottingham Forest,Aston Villa,A,S Hooper,19,10.473684210526315,11.68421052631579,5.578947368421052,4.421052631578948,1.6842105263157894,9,10.88888888888889,12.88888888888889,4.444444444444445,5.0,8.333333333333334,9.8,9.9,9.0,11.4,11.5,5.0,3.4,2.0,20.0,10.0,4.0,2.0
5b8e612f607960cc817e,2025-26,2026-01-06,Nottingham Forest,West Ham United,A,T Harrington,20,10.95,11.6,5.5,4.4,1.7,10,11.8,12.6,4.4,4.9,12.0,10.8,10.9,10.666666666666666,10.0,11.8,5.2,3.0,1.8,9.0,15.0,5.0,0.0
204f559a6052fbe9d7ac,2025-26,2026-01-17,Nottingham Forest,Arsenal,H,M Oliver,21,10.857142857142858,11.761904761904763,5.476190476190476,4.476190476190476,1.619047619047619,10,10.1,10.6,6.6,3.9,13.333333333333334,10.8,10.8,11.333333333333334,10.4,12.2,5.6,3.6,1.6,8.0,14.0,4.0,1.0
714cf121b9ae3e17e5a7,2025-26,2026-01-25,Nottingham Forest,Brentford,A,S Barrott,22,10.727272727272727,11.863636363636363,5.409090909090909,4.681818181818182,1.5909090909090908,11,11.545454545454545,12.818181818181818,4.454545454545454,5.0,12.333333333333334,10.6,10.8,13.0,12.2,12.5,5.4,5.2,1.0,10.0,11.0,5.0,0.0
89ad153bb913d06c65ef,2025-26,2026-02-01,Nottingham Forest,Crystal Palace,H,M Salisbury,23,10.695652173913043,11.826086956521738,5.391304347826087,4.739130434782608,1.5217391304347827,11,9.909090909090908,10.909090909090908,6.363636363636363,4.363636363636363,9.0,11.6,10.7,13.333333333333334,11.8,12.6,5.4,5.4,0.8,4.0,12.0,5.0,1.0
7f7f936f63e8d45d7b8f,2025-26,2026-02-06,Nottingham Forest,Leeds,A,P Bankes,24,10.416666666666666,11.833333333333334,5.375,4.833333333333333,1.5,12,11.416666666666666,12.666666666666666,4.5,5.083333333333333,7.333333333333333,10.2,10.0,12.333333333333334,12.4,11.9,4.6,6.4,0.8,12.0,9.0,10.0,1.0
31d0846eb96cd7727ab0,2025-26,2026-02-11,Nottingham Forest,Wolverhampton Wanderers,H,T Robinson,25,10.48,11.72,5.56,4.84,1.48,12,9.416666666666666,11.0,6.25,4.583333333333333,8.666666666666666,8.6,9.7,10.666666666666666,12.2,11.1,5.8,6.6,0.6,12.0,13.0,8.0,0.0
debd6e93a948a29daca5,2025-26,2026-02-22,Nottingham Forest,Liverpool,H,A Taylor,26,10.538461538461538,11.76923076923077,5.653846153846154,4.730769230769231,1.4230769230769231,13,9.615384615384615,11.153846153846153,6.384615384615385,4.384615384615385,9.333333333333334,9.2,10.0,11.333333333333334,11.8,11.1,6.4,5.8,0.6,13.0,9.0,7.0,2.0
c789888144ce4ab51add,2025-26,2026-03-01,Nottingham Forest,Brighton & Hove Albion,A,A Madley,27,10.62962962962963,11.666666666666666,5.703703703703703,4.62962962962963,1.4444444444444444,13,11.461538461538462,12.384615384615385,4.923076923076923,5.076923076923077,12.333333333333334,10.2,10.4,10.333333333333334,10.8,11.5,7.0,4.4,0.8,13.0,12.0,4.0,1.0
142d0922f16ecf6c2d85,2025-26,2026-03-04,Nottingham Forest,Manchester City,A,D England,28,10.714285714285714,11.678571428571429,5.642857142857143,4.607142857142857,1.4285714285714286,14,11.571428571428571,12.357142857142858,4.857142857142857,5.0,12.666666666666666,10.8,11.2,11.333333333333334,11.0,11.4,6.8,4.0,1.0,6.0,10.0,1.0,4.0
0ce38ed1e9540af56e6b,2025-26,2026-03-15,Nottingham Forest,Fulham,H,S Barrott,29,10.551724137931034,11.620689655172415,5.482758620689655,4.655172413793103,1.5172413793103448,14,9.857142857142858,11.0,6.428571428571429,4.214285714285714,10.666666666666666,11.2,10.7,10.333333333333334,10.6,11.5,6.0,3.8,1.6,8.0,10.0,5.0,2.0
0eacc08f1932770bf018,2025-26,2026-03-22,Nottingham Forest,Tottenham,A,M Oliver,30,10.466666666666667,11.566666666666666,5.466666666666667,4.633333333333334,1.5333333333333334,15,11.2,12.2,4.6,5.066666666666666,9.0,10.4,9.5,10.666666666666666,10.8,11.5,5.0,3.6,1.8,13.0,13.0,3.0,2.0
00c8da6e33c32e94acdd,2025-26,2026-04-12,Nottingham Forest,Aston Villa,H,M Salisbury,31,10.548387096774194,11.612903225806452,5.387096774193548,4.903225806451613,1.5483870967741935,15,9.733333333333333,10.933333333333334,6.333333333333333,4.2,9.0,10.6,9.9,11.0,10.8,11.3,4.0,5.8,2.2,15.0,10.0,7.0,2.0
a79b5f1dc022e3257a54,2025-26,2026-04-19,Nottingham Forest,Burnley,H,T Kirk,32,10.6875,11.5625,5.4375,4.84375,1.5625,16,10.0625,10.875,6.375,4.125,12.0,11.0,10.6,11.0,11.0,10.9,4.0,6.0,2.2,8.0,12.0,4.0,0.0
811b5df1218b3a5aa1e6,2025-26,2026-04-24,Nottingham Forest,Sunderland,A,D England,33,10.606060606060606,11.575757575757576,5.393939393939394,4.818181818181818,1.5151515151515151,16,11.3125,12.25,4.5,5.5625,12.0,10.0,10.4,11.666666666666666,11.0,11.0,4.0,6.0,2.0,15.0,13.0,6.0,5.0
10540973f68c23ad08c3,2025-26,2026-05-04,Nottingham Forest,Chelsea,A,A Taylor,34,10.735294117647058,11.617647058823529,5.411764705882353,4.764705882352941,1.6176470588235294,17,11.529411764705882,12.294117647058824,4.588235294117647,5.411764705882353,12.666666666666666,11.8,11.5,11.666666666666666,11.6,11.1,5.0,5.4,2.2,10.0,12.0,1.0,1.0
c341f8cb0ccee7672c4f,2025-26,2026-05-10,Nottingham Forest,Newcastle United,H,P Tierney,35,10.714285714285714,11.628571428571428,5.285714285714286,4.914285714285715,1.6,17,9.941176470588236,10.941176470588236,6.235294117647059,4.117647058823529,11.0,12.2,11.3,12.333333333333334,12.0,11.4,4.2,6.6,2.0,16.0,11.0,2.0,2.0
70793132b5cba140df56,2025-26,2026-05-17,Nottingham Forest,Manchester United,A,M Salisbury,36,10.86111111111111,11.61111111111111,5.194444444444445,4.805555555555555,1.6111111111111112,18,11.444444444444445,12.277777777777779,4.388888888888889,5.666666666666667,13.666666666666666,12.8,11.7,12.0,11.6,11.2,4.0,4.2,2.0,5.0,11.0,6.0,1.0
f3691569a289a4821be6,2025-26,2026-05-24,Nottingham Forest,Bournemouth,H,C Pawson,37,10.702702702702704,11.594594594594595,5.216216216216216,4.864864864864865,1.5945945945945945,18,10.277777777777779,10.944444444444445,6.0,3.9444444444444446,10.333333333333334,10.8,10.9,11.333333333333334,11.8,11.4,3.8,5.0,1.8,11.0,7.0,6.0,1.0
5420c68f6f1918d72432,2025-26,2025-08-16,Sunderland,West Ham United,H,R Jones,0,,,,,,0,,,,,,,,,,,,,,8.0,10.0,5.0,0.0
e1d2b0a29e47aca45b53,2025-26,2025-08-23,Sunderland,Burnley,A,M Salisbury,1,8.0,10.0,5.0,7.0,0.0,0,,,,,8.0,8.0,8.0,10.0,10.0,10.0,5.0,7.0,0.0,5.0,9.0,3.0,1.0
7cf7c5c4f92cab0bb87b,2025-26,2025-08-30,Sunderland,Brentford,H,A Taylor,2,6.5,9.5,4.0,5.5,0.5,1,8.0,10.0,5.0,7.0,6.5,6.5,6.5,9.5,9.5,9.5,4.0,5.5,0.5,11.0,12.0,3.0,3.0
29ddc40596dc2ce99478,2025-26,2025-09-13,Sunderland,Crystal Palace,A,T Bramall,3,8.0,10.333333333333334,3.6666666666666665,5.0,1.3333333333333333,1,5.0,9.0,3.0,4.0,8.0,8.0,8.0,10.333333333333334,10.333333333333334,10.333333333333334,3.6666666666666665,5.0,1.3333333333333333,8.0,10.0,3.0,1.0
514a9b38d9b91746a476,2025-26,2025-09-21,Sunderland,Aston Villa,H,S Barrott,4,8.0,10.25,3.5,5.0,1.25,2,9.5,11.0,4.0,5.5,8.0,8.0,8.0,10.333333333333334,10.25,10.25,3.5,5.0,1.25,14.0,8.0,6.0,2.0
2adaf851eb6f404943a0,2025-26,2025-09-27,Sunderland,Nottingham Forest,A,T Harrington,5,9.2,9.8,4.0,5.0,1.4,2,6.5,9.5,3.0,4.5,11.0,9.2,9.2,10.0,9.8,9.8,4.0,5.0,1.4,6.0,11.0,4.0,2.0
3e1061c9cd20cc2c77de,2025-26,2025-10-04,Sunderland,Manchester United,A,S Attwell,6,8.666666666666666,10.0,4.0,5.333333333333333,1.5,3,6.333333333333333,10.0,3.3333333333333335,5.333333333333333,9.333333333333334,8.8,8.666666666666666,9.666666666666666,10.0,10.0,3.8,5.0,1.8,12.0,10.0,3.0,4.0
a5e6f7d909ff2be875fe,2025-26,2025-10-18,Sunderland,Wolverhampton Wanderers,H,R Jones,7,9.142857142857142,10.0,3.857142857142857,4.857142857142857,1.8571428571428572,3,11.0,10.0,4.666666666666667,5.333333333333333,10.666666666666666,10.2,9.142857142857142,9.666666666666666,10.2,10.0,3.8,4.6,2.4,5.0,12.0,3.0,0.0
d38a8e548465d5092670,2025-26,2025-10-25,Sunderland,Chelsea,A,A Madley,8,8.625,10.25,3.75,4.5,1.625,4,7.75,10.0,3.25,4.5,7.666666666666667,9.0,8.625,11.0,10.2,10.25,3.8,4.2,1.8,13.0,15.0,1.0,1.0
dec9a4e0ba4434dc036d,2025-26,2025-11-03,Sunderland,Everton,H,T Bramall,9,9.11111111111111,10.777777777777779,3.4444444444444446,5.0,1.5555555555555556,4,9.5,10.5,4.25,4.5,10.0,10.0,9.11111111111111,12.333333333333334,11.2,10.777777777777779,3.4,5.0,1.8,10.0,12.0,4.0,3.0
0c0be508e48ac0b31b14,2025-26,2025-11-08,Sunderland,Arsenal,H,C Pawson,10,9.2,10.9,3.5,4.6,1.7,5,9.6,10.8,4.2,3.8,9.333333333333334,9.2,9.2,13.0,12.0,10.9,3.0,4.2,2.0,13.0,13.0,2.0,2.0
50c74ef873aa0c4b51c1,2025-26,2025-11-22,Sunderland,Fulham,A,D England,11,9.545454545454545,11.090909090909092,3.3636363636363638,4.363636363636363,1.7272727272727273,5,8.8,11.0,2.8,5.4,12.0,10.6,9.7,13.333333333333334,12.4,11.2,2.6,3.2,2.0,13.0,5.0,4.0,3.0
d434c0211e884dc3a52a,2025-26,2025-11-29,Sunderland,Bournemouth,H,T Robinson,12,9.833333333333334,10.583333333333334,3.4166666666666665,4.583333333333333,1.8333333333333333,6,10.166666666666666,11.166666666666666,3.8333333333333335,3.5,12.0,10.8,10.5,10.0,11.4,10.8,2.8,4.2,1.8,14.0,13.0,6.0,5.0
510540b24a9f163b8153,2025-26,2025-12-03,Sunderland,Liverpool,A,S Attwell,13,10.153846153846153,10.76923076923077,3.6153846153846154,4.461538461538462,2.076923076923077,6,9.5,10.0,3.0,5.666666666666667,13.333333333333334,12.6,10.8,10.333333333333334,11.6,10.9,3.4,4.4,2.8,5.0,10.0,3.0,1.0
ac54aec42e3342a1a731,2025-26,2025-12-06,Sunderland,Manchester City,A,A Madley,14,9.785714285714286,10.714285714285714,3.5714285714285716,4.642857142857143,2.0,7,8.857142857142858,10.0,3.0,5.857142857142857,10.666666666666666,11.0,10.5,9.333333333333334,10.6,10.9,3.8,4.0,2.8,10.0,9.0,5.0,0.0
778dcf2b627318ac7bf4,2025-26,2025-12-14,Sunderland,Newcastle United,H,P Bankes,15,9.8,10.6,3.6666666666666665,4.733333333333333,1.8666666666666667,7,10.714285714285714,11.428571428571429,4.142857142857143,3.4285714285714284,9.666666666666666,11.0,10.1,10.666666666666666,10.0,11.0,4.0,5.0,2.2,10.0,10.0,3.0,5.0
a1cd2b096cdfaddc8878,2025-26,2025-12-20,Sunderland,Brighton & Hove Albion,A,D England,16,9.8125,10.5625,3.625,4.8125,2.0625,8,9.0,9.875,3.25,5.875,8.333333333333334,10.4,10.5,9.666666666666666,9.4,10.9,4.2,5.8,2.8,15.0,11.0,4.0,2.0
6697e3a57cb8218c811f,2025-26,2025-12-28,Sunderland,Leeds,H,T Harrington,17,10.117647058823529,10.588235294117647,3.6470588235294117,4.705882352941177,2.0588235294117645,8,10.625,11.25,4.0,3.75,11.666666666666666,10.8,10.8,10.0,10.6,11.0,4.2,5.0,2.6,7.0,9.0,3.0,1.0
c844038367d8cf0fce1b,2025-26,2026-01-01,Sunderland,Manchester City,H,J Gillett,18,9.944444444444445,10.5,3.611111111111111,4.944444444444445,2.0,9,10.222222222222221,11.0,3.888888888888889,4.333333333333333,10.666666666666666,9.4,11.0,10.0,9.8,10.7,3.6,6.2,1.8,9.0,6.0,3.0,1.0
3bf7a72f4b6ac2c4ee95,2025-26,2026-01-04,Sunderland,Tottenham,A,S Attwell,19,9.894736842105264,10.263157894736842,3.5789473684210527,4.947368421052632,1.9473684210526316,9,9.666666666666666,10.0,3.3333333333333335,5.555555555555555,10.333333333333334,10.2,10.6,8.666666666666666,9.0,9.8,3.6,5.8,1.8,6.0,10.0,5.0,3.0
113907aae6140acaeac7,2025-26,2026-01-07,Sunderland,Brentford,A,M Donohue,20,9.7,10.25,3.65,4.85,2.0,10,9.3,10.0,3.5,5.3,7.333333333333333,9.4,10.2,8.333333333333334,9.2,9.6,3.6,5.2,2.4,13.0,13.0,4.0,1.0
35726903e7d882b352b4,2025-26,2026-01-17,Sunderland,Crystal Palace,H,R Jones,21,9.857142857142858,10.380952380952381,3.6666666666666665,4.9523809523809526,1.9523809523809523,10,10.1,10.5,3.8,4.4,9.333333333333334,10.0,10.2,9.666666666666666,9.8,9.6,3.8,5.4,1.6,8.0,15.0,3.0,3.0
5cefde467ba4645d8590,2025-26,2026-01-24,Sunderland,West Ham United,A,T Bramall,22,9.772727272727273,10.590909090909092,3.6363636363636362,4.909090909090909,2.0,11,9.636363636363637,10.272727272727273,3.5454545454545454,5.454545454545454,9.0,8.6,9.7,12.666666666666666,10.6,10.6,3.6,5.6,1.8,16.0,9.0,3.0,4.0
99869d75a542910699eb,2025-26,2026-02-02,Sunderland,Burnley,H,P Tierney,23,10.043478260869565,10.521739130434783,3.608695652173913,4.826086956521739,2.0869565217391304,11,9.909090909090908,10.909090909090908,3.727272727272727,4.363636363636363,12.333333333333334,10.4,9.9,12.333333333333334,10.6,10.2,3.6,4.4,2.4,12.0,10.0,1.0,1.0
61f4584b3e6525a39a97,2025-26,2026-02-07,Sunderland,Arsenal,A,S Barrott,24,10.125,10.5,3.5,4.708333333333333,2.0416666666666665,12,10.166666666666666,10.166666666666666,3.5,5.25,12.0,11.0,10.6,11.333333333333334,11.4,10.2,3.2,3.8,2.4,8.0,11.0,2.0,2.0
20efad507f628a102651,2025-26,2026-02-11,Sunderland,Liverpool,H,C Kavanagh,25,10.04,10.52,3.44,4.72,2.04,12,10.083333333333334,10.833333333333334,3.5,4.166666666666667,12.0,11.4,10.4,10.0,11.6,10.4,2.6,4.2,2.2,8.0,10.0,3.0,1.0
98dc1d86bb6e6306a5bf,2025-26,2026-02-22,Sunderland,Fulham,H,C Pawson,26,9.961538461538462,10.5,3.423076923076923,4.961538461538462,2.0,13,9.923076923076923,10.76923076923077,3.4615384615384617,4.6923076923076925,9.333333333333334,10.4,10.2,10.333333333333334,11.0,10.4,2.4,5.0,2.2,6.0,13.0,6.0,1.0
3224c031286668121143,2025-26,2026-02-28,Sunderland,Bournemouth,A,J Gillett,27,9.814814814814815,10.592592592592593,3.5185185185185186,4.925925925925926,1.962962962962963,13,10.0,10.23076923076923,3.3846153846153846,5.230769230769231,7.333333333333333,10.0,9.3,11.333333333333334,10.6,10.6,3.0,5.0,1.8,12.0,15.0,3.0,2.0
01afedea81d5e0258f12,2025-26,2026-03-03,Sunderland,Leeds,A,S Attwell,28,9.892857142857142,10.75,3.5,5.0,1.9642857142857142,14,10.142857142857142,10.571428571428571,3.357142857142857,5.357142857142857,8.666666666666666,9.2,9.8,12.666666666666666,11.8,11.2,3.0,5.8,1.4,19.0,15.0,2.0,3.0
fa7b60f026fbafbbcd54,2025-26,2026-03-14,Sunderland,Brighton & Hove Albion,H,T Kirk,29,10.206896551724139,10.89655172413793,3.4482758620689653,5.137931034482759,2.0,14,9.642857142857142,10.928571428571429,3.642857142857143,4.642857142857143,12.333333333333334,10.6,10.8,14.333333333333334,12.8,12.1,3.2,7.2,1.8,7.0,12.0,7.0,1.0
1bf1d218d048df454fe5,2025-26,2026-03-22,Sunderland,Newcastle United,A,A Taylor,30,10.1,10.933333333333334,3.566666666666667,5.066666666666666,1.9666666666666666,15,10.733333333333333,10.866666666666667,3.2666666666666666,5.6,12.666666666666666,10.4,10.9,14.0,13.0,12.3,4.2,6.8,1.6,19.0,8.0,5.0,6.0
85e6b18ed72f60018b26,2025-26,2026-04-12,Sunderland,Tottenham,H,R Jones,31,10.387096774193548,10.838709677419354,3.6129032258064515,5.193548387096774,2.096774193548387,15,9.466666666666667,11.0,3.8666666666666667,4.533333333333333,15.0,12.6,11.5,11.666666666666666,12.6,11.8,4.6,6.4,2.6,14.0,15.0,2.0,3.0
94245937e3757f50d79e,2025-26,2026-04-19,Sunderland,Aston Villa,A,S Barrott,32,10.5,10.96875,3.5625,5.21875,2.125,16,11.25,10.6875,3.375,5.8125,13.333333333333334,14.2,12.1,11.666666666666666,13.0,11.8,3.8,6.8,3.0,11.0,11.0,5.0,3.0
811b5df1218b3a5aa1e6,2025-26,2026-04-24,Sunderland,Nottingham Forest,H,D England,33,10.515151515151516,10.969696969696969,3.606060606060606,5.181818181818182,2.1515151515151514,16,9.75,11.25,3.75,4.625,14.666666666666666,14.0,11.6,11.333333333333334,12.2,12.0,4.2,6.2,3.2,13.0,15.0,3.0,2.0
162faebe8ca596ee8b7d,2025-26,2026-05-02,Sunderland,Wolverhampton Wanderers,A,P Tierney,34,10.588235294117647,11.088235294117647,3.588235294117647,5.205882352941177,2.1470588235294117,17,11.235294117647058,10.705882352941176,3.4705882352941178,5.705882352941177,12.666666666666666,12.8,11.7,13.666666666666666,12.2,12.5,4.4,5.6,3.0,11.0,11.0,3.0,4.0
8f4f55739b493d318913,2025-26,2026-05-09,Sunderland,Manchester United,H,S Attwell,35,10.6,11.085714285714285,3.5714285714285716,5.228571428571429,2.2,17,9.941176470588236,11.470588235294118,3.7058823529411766,4.705882352941177,11.666666666666666,13.6,12.0,12.333333333333334,12.0,12.5,3.6,6.2,3.6,12.0,12.0,7.0,0.0
f33e788b92e93d3df749,2025-26,2026-05-17,Sunderland,Everton,A,J Brooks,36,10.63888888888889,11.11111111111111,3.6666666666666665,5.305555555555555,2.138888888888889,18,11.222222222222221,10.722222222222221,3.4444444444444446,5.722222222222222,12.0,12.2,12.4,12.666666666666666,12.8,12.7,4.0,6.0,2.4,9.0,14.0,2.0,0.0
7921a1c01164d6b3395d,2025-26,2026-05-24,Sunderland,Chelsea,H,C Kavanagh,37,10.594594594594595,11.18918918918919,3.6216216216216215,5.243243243243243,2.081081081081081,18,10.055555555555555,11.5,3.888888888888889,4.888888888888889,10.666666666666666,11.2,12.7,12.333333333333334,12.6,12.8,4.0,5.4,1.8,15.0,18.0,7.0,3.0
dbaf3a0a88259c2d62c7,2025-26,2025-08-16,Tottenham,Burnley,H,M Oliver,0,,,,,,0,,,,,,,,,,,,,,14.0,8.0,6.0,0.0
61efff67c895681bc2c0,2025-26,2025-08-23,Tottenham,Manchester City,A,P Bankes,1,14.0,8.0,6.0,5.0,0.0,0,,,,,14.0,14.0,14.0,8.0,8.0,8.0,6.0,5.0,0.0,12.0,7.0,2.0,4.0
6d6ea000d7d2308d708d,2025-26,2025-08-30,Tottenham,Bournemouth,H,S Hooper,2,13.0,7.5,4.0,6.0,2.0,1,14.0,8.0,6.0,5.0,13.0,13.0,13.0,7.5,7.5,7.5,4.0,6.0,2.0,17.0,13.0,0.0,2.0
76d24653b890e17b5fe2,2025-26,2025-09-13,Tottenham,West Ham United,A,J Gillett,3,14.333333333333334,9.333333333333334,2.6666666666666665,6.666666666666667,2.0,1,12.0,7.0,2.0,7.0,14.333333333333334,14.333333333333334,14.333333333333334,9.333333333333334,9.333333333333334,9.333333333333334,2.6666666666666665,6.666666666666667,2.0,7.0,8.0,13.0,1.0
0890bd9cde9867de83bf,2025-26,2025-09-20,Tottenham,Brighton & Hove Albion,A,C Kavanagh,4,12.5,9.0,5.25,5.5,1.75,2,9.5,7.5,7.5,4.5,12.0,12.5,12.5,9.333333333333334,9.0,9.0,5.25,5.5,1.75,13.0,10.0,10.0,2.0
9dc49494a7cceda01a24,2025-26,2025-09-27,Tottenham,Wolverhampton Wanderers,H,M Salisbury,5,12.6,9.2,6.2,4.8,1.8,2,15.5,10.5,3.0,6.5,12.333333333333334,12.6,12.6,10.333333333333334,9.2,9.2,6.2,4.8,1.8,9.0,11.0,10.0,3.0
d1ab35aae2ccc0aea649,2025-26,2025-10-04,Tottenham,Leeds,A,T Bramall,6,12.0,9.5,6.833333333333333,5.5,2.0,3,10.666666666666666,8.333333333333334,8.333333333333334,3.6666666666666665,9.666666666666666,11.6,12.0,9.666666666666666,9.8,9.5,7.0,5.6,2.4,12.0,10.0,1.0,3.0
29b5c62b0a9767d33fb0,2025-26,2025-10-19,Tottenham,Aston Villa,H,S Hooper,7,12.0,9.571428571428571,6.0,5.285714285714286,2.142857142857143,3,13.333333333333334,10.666666666666666,5.333333333333333,7.333333333333333,11.333333333333334,11.6,12.0,10.333333333333334,10.4,9.571428571428571,6.8,5.0,2.2,11.0,7.0,6.0,2.0
e05fe499a79facb5034e,2025-26,2025-10-26,Tottenham,Everton,A,C Pawson,8,11.875,9.25,6.0,5.375,2.125,4,11.0,8.75,6.5,3.75,10.666666666666666,10.4,11.875,9.333333333333334,9.2,9.25,8.0,4.6,2.2,8.0,9.0,8.0,0.0
2f9c5ee3196d19535c02,2025-26,2025-11-01,Tottenham,Chelsea,H,J Gillett,9,11.444444444444445,9.222222222222221,6.222222222222222,5.777777777777778,1.8888888888888888,4,12.75,9.75,5.5,7.0,10.333333333333334,10.6,11.444444444444445,8.666666666666666,9.4,9.222222222222221,7.0,6.0,2.0,14.0,12.0,6.0,4.0
9738f7f9365ff6784336,2025-26,2025-11-08,Tottenham,Manchester United,H,S Barrott,10,11.7,9.5,6.2,5.7,2.1,5,13.0,10.2,5.6,6.6,11.0,10.8,11.7,9.333333333333334,9.8,9.5,6.2,6.6,2.4,10.0,8.0,5.0,5.0
caf8b889df42f3e54197,2025-26,2025-11-23,Tottenham,Arsenal,A,M Oliver,11,11.545454545454545,9.363636363636363,6.090909090909091,5.454545454545454,2.3636363636363638,5,10.4,8.8,6.8,4.8,10.666666666666666,11.0,11.3,9.666666666666666,9.2,9.5,5.2,5.4,2.8,15.0,11.0,1.0,3.0
ce07e7f6799c90d85a3e,2025-26,2025-11-29,Tottenham,Fulham,H,S Attwell,12,11.833333333333334,9.5,5.666666666666667,5.333333333333333,2.4166666666666665,6,12.5,9.833333333333334,5.5,6.0,13.0,11.6,11.6,10.333333333333334,9.4,9.9,5.2,5.4,2.8,11.0,7.0,8.0,3.0
a4a7954eec86da1589f3,2025-26,2025-12-02,Tottenham,Newcastle United,A,T Bramall,13,11.76923076923077,9.307692307692308,5.846153846153846,5.076923076923077,2.4615384615384617,6,11.166666666666666,9.166666666666666,5.833333333333333,4.666666666666667,12.0,11.6,11.0,8.666666666666666,9.4,9.3,5.6,4.6,3.0,12.0,5.0,8.0,3.0
f350a5bdaaba92c5eaba,2025-26,2025-12-06,Tottenham,Brentford,H,R Jones,14,11.785714285714286,9.0,6.0,5.5,2.5,7,12.285714285714286,9.428571428571429,5.857142857142857,5.428571428571429,12.666666666666666,12.4,11.5,7.666666666666667,8.6,9.0,5.6,5.0,3.6,8.0,9.0,7.0,3.0
a68163ebc962e1522324,2025-26,2025-12-14,Tottenham,Nottingham Forest,A,S Barrott,15,11.533333333333333,9.0,6.066666666666666,5.533333333333333,2.533333333333333,7,11.285714285714286,8.571428571428571,6.142857142857143,5.571428571428571,10.333333333333334,11.2,11.0,7.0,8.0,8.9,5.8,5.2,3.4,13.0,9.0,3.0,3.0
ebc10eb19d027860183c,2025-26,2025-12-20,Tottenham,Liverpool,H,J Brooks,16,11.625,9.0,5.875,5.375,2.5625,8,11.75,9.375,6.0,5.5,11.0,11.8,11.4,7.666666666666667,8.2,8.7,5.4,5.2,3.0,9.0,7.0,2.0,3.0
4e59e3399e1defe8f6ce,2025-26,2025-12-28,Tottenham,Crystal Palace,A,J Gillett,17,11.470588235294118,8.882352941176471,5.647058823529412,5.411764705882353,2.588235294117647,8,11.5,8.625,5.75,5.25,10.0,10.6,11.1,8.333333333333334,7.4,8.4,5.6,5.6,3.0,5.0,7.0,2.0,2.0
de8e5ae1c55c69e1893b,2025-26,2026-01-01,Tottenham,Brentford,A,A Madley,18,11.11111111111111,8.777777777777779,5.444444444444445,5.277777777777778,2.5555555555555554,9,10.777777777777779,8.444444444444445,5.333333333333333,5.0,9.0,9.4,10.5,7.666666666666667,7.4,8.4,4.4,5.8,2.8,10.0,8.0,1.0,2.0
3bf7a72f4b6ac2c4ee95,2025-26,2026-01-04,Tottenham,Sunderland,H,S Attwell,19,11.052631578947368,8.736842105263158,5.2105263157894735,5.157894736842105,2.526315789473684,9,11.444444444444445,9.11111111111111,5.555555555555555,5.555555555555555,8.0,9.0,10.7,7.333333333333333,8.0,8.3,3.0,4.2,2.6,10.0,6.0,3.0,2.0
022585709455ebddedaf,2025-26,2026-01-07,Tottenham,Bournemouth,A,D England,20,11.0,8.6,5.1,5.15,2.5,10,10.7,8.4,4.9,4.8,8.333333333333334,9.4,10.3,7.0,7.4,7.7,2.2,4.0,2.4,10.0,19.0,7.0,3.0
2aa163f9a22dfad204c1,2025-26,2026-01-17,Tottenham,West Ham United,H,J Gillett,21,10.952380952380953,9.095238095238095,5.190476190476191,5.0476190476190474,2.5238095238095237,10,11.3,8.8,5.3,5.5,10.0,8.8,10.3,11.0,9.4,8.8,3.0,4.0,2.4,12.0,17.0,11.0,5.0
edda8f51580ebee33eec,2025-26,2026-01-24,Tottenham,Burnley,A,P Bankes,22,11.0,9.454545454545455,5.454545454545454,5.045454545454546,2.6363636363636362,11,10.636363636363637,9.363636363636363,5.090909090909091,4.636363636363637,10.666666666666666,9.4,10.0,14.0,11.4,9.4,4.8,3.8,2.8,9.0,8.0,3.0,0.0
89eb132219e64f90296e,2025-26,2026-02-01,Tottenham,Manchester City,H,R Jones,23,10.91304347826087,9.391304347826088,5.3478260869565215,4.869565217391305,2.5217391304347827,11,11.363636363636363,9.545454545454545,5.818181818181818,5.454545454545454,10.333333333333334,10.2,9.8,14.666666666666666,11.6,9.5,5.0,3.4,2.4,15.0,12.0,3.0,3.0
84e70867719cbb70787e,2025-26,2026-02-07,Tottenham,Manchester United,A,M Oliver,24,11.083333333333334,9.5,5.25,4.833333333333333,2.5416666666666665,12,10.5,9.25,4.916666666666667,4.333333333333333,12.0,11.2,10.1,12.333333333333334,12.4,10.2,5.4,3.6,2.6,11.0,12.0,0.0,2.0
764572aa79b4b1126a05,2025-26,2026-02-10,Tottenham,Newcastle United,H,A Taylor,25,11.08,9.6,5.04,4.92,2.52,12,11.666666666666666,9.75,5.583333333333333,5.333333333333333,11.666666666666666,11.4,10.4,10.666666666666666,13.6,10.5,4.8,4.0,2.6,15.0,11.0,2.0,3.0
0629a2d353bc749397dd,2025-26,2026-02-22,Tottenham,Arsenal,H,P Bankes,26,11.23076923076923,9.653846153846153,4.923076923076923,5.1923076923076925,2.5384615384615383,13,11.923076923076923,9.846153846153847,5.3076923076923075,5.846153846153846,13.666666666666666,12.4,10.6,11.666666666666666,12.0,10.7,3.8,5.8,2.6,17.0,11.0,2.0,2.0
f645f95a774087521170,2025-26,2026-03-01,Tottenham,Fulham,A,T Bramall,27,11.444444444444445,9.703703703703704,4.814814814814815,5.185185185185185,2.5185185185185186,13,10.538461538461538,9.461538461538462,4.538461538461538,4.538461538461538,14.333333333333334,13.4,11.4,11.333333333333334,10.8,11.1,2.0,5.8,2.0,14.0,11.0,8.0,3.0
1cc6c218219665df3971,2025-26,2026-03-05,Tottenham,Crystal Palace,H,A Madley,28,11.535714285714286,9.75,4.928571428571429,5.178571428571429,2.5357142857142856,14,12.285714285714286,9.928571428571429,5.071428571428571,5.785714285714286,15.333333333333334,14.4,12.3,11.0,11.4,11.5,3.0,6.6,2.6,14.0,14.0,6.0,3.0
0db3cea12eda6b54fe12,2025-26,2026-03-15,Tottenham,Liverpool,A,C Kavanagh,29,11.620689655172415,9.89655172413793,4.9655172413793105,5.103448275862069,2.5517241379310347,14,10.785714285714286,9.571428571428571,4.785714285714286,4.571428571428571,15.0,14.2,12.7,12.0,11.8,12.1,3.6,6.4,2.6,13.0,8.0,4.0,0.0
0eacc08f1932770bf018,2025-26,2026-03-22,Tottenham,Nottingham Forest,H,M Oliver,30,11.666666666666666,9.833333333333334,4.933333333333334,5.033333333333333,2.466666666666667,15,12.4,10.2,5.133333333333334,5.6,13.666666666666666,14.6,13.0,11.0,11.0,12.3,4.4,5.6,2.2,13.0,13.0,13.0,1.0
85e6b18ed72f60018b26,2025-26,2026-04-12,Tottenham,Sunderland,A,R Jones,31,11.709677419354838,9.935483870967742,5.193548387096774,4.967741935483871,2.4193548387096775,15,10.933333333333334,9.466666666666667,4.733333333333333,4.466666666666667,13.333333333333334,14.2,13.3,11.666666666666666,11.4,11.7,6.6,3.8,1.8,15.0,14.0,6.0,3.0
799668670d8370ac3298,2025-26,2026-04-18,Tottenham,Brighton & Hove Albion,H,S Attwell,32,11.8125,10.0625,5.21875,4.875,2.4375,16,12.4375,10.375,5.625,5.4375,13.666666666666666,13.8,13.6,11.666666666666666,12.0,11.4,7.4,3.2,2.0,14.0,14.0,7.0,3.0
af58cc8b6eeed98e8452,2025-26,2026-04-25,Tottenham,Wolverhampton Wanderers,A,A Taylor,33,11.878787878787879,10.181818181818182,5.2727272727272725,4.878787878787879,2.4545454545454546,16,11.1875,9.75,4.8125,4.3125,14.0,13.8,14.1,13.666666666666666,12.6,12.0,7.2,3.2,2.0,14.0,8.0,5.0,4.0
392999311c7a870ecbe1,2025-26,2026-05-03,Tottenham,Aston Villa,A,S Barrott,34,11.941176470588236,10.117647058823529,5.264705882352941,4.882352941176471,2.5,17,11.352941176470589,9.647058823529411,4.823529411764706,4.352941176470588,14.333333333333334,13.8,14.0,12.0,11.4,11.6,7.0,3.6,2.2,12.0,12.0,5.0,5.0
e9143f1f7da972e8bbc5,2025-26,2026-05-11,Tottenham,Leeds,H,J Gillett,35,11.942857142857143,10.17142857142857,5.257142857142857,4.885714285714286,2.5714285714285716,17,12.529411764705882,10.588235294117647,5.705882352941177,5.411764705882353,13.333333333333334,13.6,14.1,11.333333333333334,12.2,11.6,7.2,4.0,3.2,12.0,7.0,14.0,3.0
d5865ba591119e2c3b7a,2025-26,2026-05-19,Tottenham,Chelsea,A,S Attwell,36,11.944444444444445,10.083333333333334,5.5,4.805555555555555,2.5833333333333335,18,11.38888888888889,9.777777777777779,4.833333333333333,4.388888888888889,12.666666666666666,13.4,13.8,9.0,11.0,11.2,7.4,3.8,3.6,18.0,11.0,4.0,3.0
aec3745c5a083e7138dd,2025-26,2026-05-24,Tottenham,Everton,H,M Oliver,37,12.108108108108109,10.108108108108109,5.45945945945946,4.756756756756757,2.5945945945945947,18,12.5,10.38888888888889,6.166666666666667,5.222222222222222,14.0,14.0,13.9,10.0,10.4,11.2,7.0,4.0,3.6,15.0,12.0,6.0,5.0
5420c68f6f1918d72432,2025-26,2025-08-16,West Ham United,Sunderland,A,R Jones,0,,,,,,0,,,,,,,,,,,,,,10.0,8.0,7.0,1.0
6bae600ff3f41ad94aee,2025-26,2025-08-22,West Ham United,Chelsea,H,M Oliver,1,10.0,8.0,7.0,5.0,1.0,0,,,,,10.0,10.0,10.0,8.0,8.0,8.0,7.0,5.0,1.0,7.0,10.0,7.0,0.0
a5d0ac0596d23bc378d5,2025-26,2025-08-31,West Ham United,Nottingham Forest,A,C Pawson,2,8.5,9.0,7.0,5.0,0.5,1,10.0,8.0,7.0,5.0,8.5,8.5,8.5,9.0,9.0,9.0,7.0,5.0,0.5,6.0,14.0,7.0,0.0
76d24653b890e17b5fe2,2025-26,2025-09-13,West Ham United,Tottenham,H,J Gillett,3,7.666666666666667,10.666666666666666,7.0,6.333333333333333,0.3333333333333333,1,7.0,10.0,7.0,5.0,7.666666666666667,7.666666666666667,7.666666666666667,10.666666666666666,10.666666666666666,10.666666666666666,7.0,6.333333333333333,0.3333333333333333,8.0,7.0,2.0,0.0
2284cf276976adfdddff,2025-26,2025-09-20,West Ham United,Crystal Palace,H,T Harrington,4,7.75,9.75,5.75,8.0,0.25,2,7.5,8.5,4.5,9.0,7.0,7.75,7.75,10.333333333333334,9.75,9.75,5.75,8.0,0.25,15.0,5.0,8.0,3.0
8429741e071f5b33f77c,2025-26,2025-09-29,West Ham United,Everton,A,S Barrott,5,9.2,8.8,6.2,8.0,0.8,2,8.0,11.0,7.0,7.0,9.666666666666666,9.2,9.2,8.666666666666666,8.8,8.8,6.2,8.0,0.8,16.0,7.0,5.0,4.0
039e9845d1e62de863e8,2025-26,2025-10-04,West Ham United,Arsenal,A,J Brooks,6,10.333333333333334,8.5,6.0,7.166666666666667,1.3333333333333333,3,10.666666666666666,9.666666666666666,6.333333333333333,5.666666666666667,13.0,10.4,10.333333333333334,6.333333333333333,8.6,8.5,5.8,7.6,1.4,14.0,14.0,3.0,2.0
2c6254c0c3c932eba93a,2025-26,2025-10-20,West Ham United,Brentford,H,A Madley,7,10.857142857142858,9.285714285714286,5.571428571428571,7.285714285714286,1.4285714285714286,3,10.0,7.333333333333333,5.666666666666667,8.666666666666666,15.0,11.8,10.857142857142858,8.666666666666666,9.4,9.285714285714286,5.0,8.2,1.8,10.0,10.0,6.0,1.0
9cfcbc3a1d8780e6c59d,2025-26,2025-10-24,West Ham United,Leeds,A,S Attwell,8,10.75,9.375,5.625,7.625,1.375,4,11.5,10.75,5.5,6.25,13.333333333333334,12.6,10.75,10.333333333333334,8.6,9.375,4.8,8.4,2.0,11.0,12.0,4.0,3.0
091be63b9770c8854e3c,2025-26,2025-11-02,West Ham United,Newcastle United,H,R Jones,9,10.777777777777779,9.666666666666666,5.444444444444445,7.111111111111111,1.5555555555555556,4,10.0,8.0,5.75,9.0,11.666666666666666,13.2,10.777777777777779,12.0,9.6,9.666666666666666,5.2,6.4,2.6,5.0,10.0,7.0,1.0
882a81a4516636eb698a,2025-26,2025-11-08,West Ham United,Burnley,H,M Salisbury,10,10.2,9.7,5.6,7.0,1.5,5,9.0,8.4,6.0,8.4,8.666666666666666,11.2,10.2,10.666666666666666,10.6,9.7,5.0,6.0,2.2,15.0,13.0,7.0,2.0
18a66dea6a3bae4a0361,2025-26,2025-11-22,West Ham United,Bournemouth,A,T Bramall,11,10.636363636363637,10.0,5.7272727272727275,6.7272727272727275,1.5454545454545454,5,11.4,11.0,5.2,5.6,10.333333333333334,11.0,10.7,11.666666666666666,11.8,10.2,5.4,6.2,1.8,10.0,9.0,2.0,2.0
a47b9f07e1d96bafb69a,2025-26,2025-11-30,West Ham United,Liverpool,H,D England,12,10.583333333333334,9.916666666666666,5.416666666666667,6.916666666666667,1.5833333333333333,6,10.0,9.166666666666666,6.166666666666667,7.666666666666667,10.0,10.2,11.0,10.666666666666666,10.8,10.1,5.2,6.4,1.8,12.0,14.0,7.0,1.0
c816b534d044946b0e3b,2025-26,2025-12-04,West Ham United,Manchester United,A,A Kitchen,13,10.692307692307692,10.23076923076923,5.538461538461538,6.538461538461538,1.5384615384615385,6,11.166666666666666,10.666666666666666,4.666666666666667,6.166666666666667,12.333333333333334,10.6,11.6,12.0,11.6,10.1,5.4,4.8,1.8,9.0,13.0,6.0,2.0
0aced93a3e98e00eb096,2025-26,2025-12-07,West Ham United,Brighton & Hove Albion,A,S Hooper,14,10.571428571428571,10.428571428571429,5.571428571428571,6.5,1.5714285714285714,7,10.857142857142858,11.0,4.857142857142857,6.142857142857143,10.333333333333334,10.2,11.7,12.0,11.8,10.7,5.8,5.4,1.6,8.0,12.0,6.0,2.0
b08733bb230367e6f4ff,2025-26,2025-12-14,West Ham United,Aston Villa,H,A Taylor,15,10.4,10.533333333333333,5.6,6.733333333333333,1.6,7,10.285714285714286,9.857142857142858,6.285714285714286,6.857142857142857,9.666666666666666,10.8,11.0,13.0,12.2,11.4,5.6,6.2,1.8,18.0,13.0,5.0,1.0
73ba551f426742eebd26,2025-26,2025-12-20,West Ham United,Manchester City,A,P Tierney,16,10.875,10.6875,5.5625,6.5,1.5625,8,10.5,11.125,5.0,6.625,11.666666666666666,11.4,11.2,12.666666666666666,12.2,12.0,5.2,6.0,1.6,10.0,16.0,0.0,1.0
483a4309e4bc47aced41,2025-26,2025-12-27,West Ham United,Fulham,H,C Kavanagh,17,10.823529411764707,11.0,5.235294117647059,6.470588235294118,1.5294117647058822,8,11.25,10.25,6.125,6.375,12.0,11.4,10.8,13.666666666666666,13.6,12.2,4.8,5.4,1.4,8.0,8.0,5.0,1.0
5cb11e2bc4e58cebb8ba,2025-26,2025-12-30,West Ham United,Brighton & Hove Albion,H,M Salisbury,18,10.666666666666666,10.833333333333334,5.222222222222222,6.333333333333333,1.5,9,10.88888888888889,10.0,6.0,6.111111111111111,12.0,10.6,10.6,12.333333333333334,12.4,12.0,4.4,5.8,1.4,11.0,18.0,5.0,3.0
b4b2b80da84334ee74d6,2025-26,2026-01-03,West Ham United,Wolverhampton Wanderers,A,P Bankes,19,10.68421052631579,11.210526315789474,5.2105263157894735,6.2631578947368425,1.5789473684210527,9,10.444444444444445,11.666666666666666,4.444444444444445,6.555555555555555,9.666666666666666,11.0,10.6,14.0,13.4,12.6,4.2,5.6,1.6,10.0,11.0,7.0,0.0
5b8e612f607960cc817e,2025-26,2026-01-06,West Ham United,Nottingham Forest,H,T Harrington,20,10.65,11.2,5.3,6.25,1.5,10,10.9,10.8,5.9,6.0,9.666666666666666,11.4,11.1,12.333333333333334,13.2,12.7,4.4,4.8,1.2,15.0,9.0,6.0,3.0
2aa163f9a22dfad204c1,2025-26,2026-01-17,West Ham United,Tottenham,A,J Gillett,21,10.857142857142858,11.095238095238095,5.333333333333333,6.190476190476191,1.5714285714285714,10,10.4,11.6,4.7,6.5,12.0,10.8,11.1,12.666666666666666,12.4,12.3,4.6,5.2,1.6,17.0,12.0,5.0,3.0
5cefde467ba4645d8590,2025-26,2026-01-24,West Ham United,Sunderland,H,T Bramall,22,11.136363636363637,11.136363636363637,5.318181818181818,6.409090909090909,1.6363636363636365,11,11.272727272727273,10.636363636363637,5.909090909090909,5.909090909090909,14.0,12.2,11.8,10.666666666666666,11.6,12.6,5.6,6.2,2.0,9.0,16.0,3.0,2.0
495431c380309e97db1b,2025-26,2026-01-31,West Ham United,Chelsea,A,A Taylor,23,11.043478260869565,11.347826086956522,5.217391304347826,6.260869565217392,1.6521739130434783,11,11.0,11.636363636363637,4.7272727272727275,6.909090909090909,13.666666666666666,12.4,11.5,12.333333333333334,13.2,12.8,5.2,6.0,2.2,13.0,11.0,3.0,2.0
b0cb4b88bf8f8f587370,2025-26,2026-02-07,West Ham United,Burnley,A,D England,24,11.125,11.333333333333334,5.125,6.375,1.6666666666666667,12,11.166666666666666,11.583333333333334,4.583333333333333,7.083333333333333,13.0,12.8,11.9,13.0,11.8,12.6,4.8,6.8,2.0,10.0,11.0,2.0,1.0
99037afb61466fe8704e,2025-26,2026-02-10,West Ham United,Manchester United,H,S Hooper,25,11.08,11.32,5.0,6.32,1.64,12,11.083333333333334,11.083333333333334,5.666666666666667,5.666666666666667,10.666666666666666,12.8,12.1,12.666666666666666,11.8,12.5,3.8,6.6,2.2,10.0,4.0,5.0,1.0
32a8f9b874a1b7e75dd5,2025-26,2026-02-21,West Ham United,Bournemouth,H,S Barrott,26,11.038461538461538,11.038461538461538,5.0,6.1923076923076925,1.6153846153846154,13,11.0,10.538461538461538,5.615384615384615,5.461538461538462,11.0,11.8,11.3,8.666666666666666,10.8,11.6,3.6,6.2,1.8,10.0,11.0,9.0,1.0
37f20906e16370ca790c,2025-26,2026-02-28,West Ham United,Liverpool,A,T Robinson,27,11.0,11.037037037037036,5.148148148148148,6.148148148148148,1.5925925925925926,13,11.076923076923077,11.538461538461538,4.384615384615385,6.923076923076923,10.0,10.4,11.3,8.666666666666666,10.6,11.1,4.4,5.0,1.4,11.0,12.0,5.0,2.0
3d3950b35cd98ee73b30,2025-26,2026-03-04,West Ham United,Fulham,A,M Donohue,28,11.0,11.071428571428571,5.142857142857143,6.285714285714286,1.6071428571428572,14,11.071428571428571,11.571428571428571,4.428571428571429,7.142857142857143,10.333333333333334,10.8,11.6,9.0,9.8,11.5,4.8,6.4,1.4,12.0,14.0,5.0,4.0
970d2893e609aa9cfa52,2025-26,2026-03-14,West Ham United,Manchester City,H,M Oliver,29,11.03448275862069,11.172413793103448,5.137931034482759,6.310344827586207,1.6896551724137931,14,10.928571428571429,10.571428571428571,5.857142857142857,5.428571428571429,11.0,10.6,11.7,12.333333333333334,10.4,11.1,5.2,6.0,1.8,14.0,5.0,1.0,2.0
29ad0ec5408d32882854,2025-26,2026-03-22,West Ham United,Aston Villa,A,P Tierney,30,11.133333333333333,10.966666666666667,5.0,6.6,1.7,15,11.133333333333333,11.733333333333333,4.466666666666667,7.133333333333334,12.333333333333334,11.4,12.1,10.333333333333334,9.2,10.5,5.0,8.0,2.0,7.0,3.0,6.0,1.0
cb2b6915f1a2553c63a2,2025-26,2026-04-10,West Ham United,Wolverhampton Wanderers,H,J Gillett,31,11.0,10.709677419354838,5.032258064516129,6.580645161290323,1.6774193548387097,15,11.133333333333333,10.2,5.533333333333333,6.066666666666666,11.0,10.8,11.3,7.333333333333333,9.0,9.9,5.2,8.6,2.0,11.0,7.0,5.0,2.0
5ae9b9511b0df837d2c7,2025-26,2026-04-20,West Ham United,Crystal Palace,A,D England,32,11.0,10.59375,5.03125,6.4375,1.6875,16,10.875,11.1875,4.5625,7.0625,10.666666666666666,11.0,10.7,5.0,8.2,9.4,4.4,8.0,2.2,12.0,13.0,6.0,1.0
aaf3f0e6c1f9f536dc4e,2025-26,2026-04-25,West Ham United,Everton,H,S Attwell,33,11.030303030303031,10.666666666666666,5.0606060606060606,6.363636363636363,1.6666666666666667,16,11.125,10.0,5.5,5.8125,10.0,11.2,11.0,7.666666666666667,8.4,9.1,4.6,6.8,2.0,9.0,11.0,3.0,3.0
f4e074fae7b7efa8369f,2025-26,2026-05-02,West Ham United,Brentford,A,C Pawson,34,10.970588235294118,10.676470588235293,5.0,6.294117647058823,1.7058823529411764,17,10.941176470588236,11.294117647058824,4.647058823529412,6.882352941176471,10.666666666666666,10.6,10.6,10.333333333333334,7.8,9.1,4.2,6.2,1.8,12.0,8.0,6.0,3.0
8cfdf4238181118636af,2025-26,2026-05-10,West Ham United,Arsenal,H,C Kavanagh,35,11.0,10.6,5.0285714285714285,6.171428571428572,1.7428571428571429,17,11.0,10.058823529411764,5.352941176470588,5.705882352941177,11.0,10.2,10.8,10.666666666666666,8.4,8.8,5.2,3.6,2.0,14.0,12.0,4.0,3.0
d10c766f472d3e165def,2025-26,2026-05-17,West Ham United,Newcastle United,A,J Gillett,36,11.083333333333334,10.63888888888889,5.0,6.083333333333333,1.7777777777777777,18,11.0,11.11111111111111,4.722222222222222,6.611111111111111,11.666666666666666,11.6,11.2,10.333333333333334,10.2,9.6,4.8,3.0,2.4,11.0,8.0,1.0,3.0
cd46c4374068182ca4c8,2025-26,2026-05-24,West Ham United,Leeds,H,A Taylor,37,11.08108108108108,10.567567567567568,4.891891891891892,6.162162162162162,1.8108108108108107,18,11.166666666666666,10.166666666666666,5.277777777777778,5.555555555555555,12.333333333333334,11.6,11.3,9.333333333333334,10.4,9.3,4.0,4.4,2.6,11.0,14.0,6.0,0.0
f17f537eb41aa245ad3f,2025-26,2025-08-16,Wolverhampton Wanderers,Manchester City,H,J Gillett,0,,,,,,0,,,,,,,,,,,,,,13.0,7.0,4.0,1.0
0ef1fd2aac63d0a6a2b6,2025-26,2025-08-23,Wolverhampton Wanderers,Bournemouth,A,T Bramall,1,13.0,7.0,4.0,6.0,1.0,0,,,,,13.0,13.0,13.0,7.0,7.0,7.0,4.0,6.0,1.0,16.0,13.0,3.0,4.0
ed8744209cb7d0f308a6,2025-26,2025-08-30,Wolverhampton Wanderers,Everton,H,M Oliver,2,14.5,10.0,3.5,7.0,2.5,1,13.0,7.0,4.0,6.0,14.5,14.5,14.5,10.0,10.0,10.0,3.5,7.0,2.5,15.0,10.0,2.0,0.0
db97397fb67764500fd9,2025-26,2025-09-13,Wolverhampton Wanderers,Newcastle United,A,C Kavanagh,3,14.666666666666666,10.0,3.0,5.333333333333333,1.6666666666666667,1,16.0,13.0,3.0,8.0,14.666666666666666,14.666666666666666,14.666666666666666,10.0,10.0,10.0,3.0,5.333333333333333,1.6666666666666667,17.0,10.0,4.0,4.0
be83f04f053e5dfdb49d,2025-26,2025-09-20,Wolverhampton Wanderers,Leeds,H,A Taylor,4,15.25,10.0,3.25,6.5,2.25,2,14.0,8.5,3.0,4.0,16.0,15.25,15.25,11.0,10.0,10.0,3.25,6.5,2.25,11.0,9.0,4.0,1.0
9dc49494a7cceda01a24,2025-26,2025-09-27,Wolverhampton Wanderers,Tottenham,A,M Salisbury,5,14.4,9.8,3.4,5.2,2.0,2,16.5,11.5,3.5,9.0,14.333333333333334,14.4,14.4,9.666666666666666,9.8,9.8,3.4,5.2,2.0,11.0,9.0,9.0,2.0
4b892e4f601232c15d8f,2025-26,2025-10-05,Wolverhampton Wanderers,Brighton & Hove Albion,H,J Gillett,6,13.833333333333334,9.666666666666666,4.333333333333333,6.0,2.0,3,13.0,8.666666666666666,3.3333333333333335,2.6666666666666665,13.0,14.0,13.833333333333334,9.333333333333334,10.2,9.666666666666666,4.4,6.0,2.2,13.0,9.0,2.0,2.0
a5e6f7d909ff2be875fe,2025-26,2025-10-18,Wolverhampton Wanderers,Sunderland,A,R Jones,7,13.714285714285714,9.571428571428571,4.0,6.285714285714286,2.0,3,14.666666666666666,10.666666666666666,5.333333333333333,9.333333333333334,11.666666666666666,13.4,13.714285714285714,9.0,9.4,9.571428571428571,4.2,6.0,1.8,12.0,5.0,2.0,0.0
c901707df4b0f0eacd4f,2025-26,2025-10-26,Wolverhampton Wanderers,Burnley,H,T Harrington,8,13.5,9.0,3.75,5.875,1.75,4,13.0,8.75,3.0,4.0,12.0,12.8,13.5,7.666666666666667,8.4,9.0,4.2,6.2,1.8,12.0,7.0,5.0,1.0
0c433ebe0096e42ed3bb,2025-26,2025-11-01,Wolverhampton Wanderers,Fulham,A,J Brooks,9,13.333333333333334,8.777777777777779,3.888888888888889,5.555555555555555,1.6666666666666667,4,14.0,9.25,4.5,7.75,12.333333333333334,11.8,13.333333333333334,7.0,7.8,8.777777777777779,4.4,4.8,1.2,14.0,13.0,1.0,3.0
7e6952943fcc3fa08e93,2025-26,2025-11-08,Wolverhampton Wanderers,Chelsea,A,A Kitchen,10,13.4,9.2,3.6,6.0,1.8,5,14.0,10.0,3.8,8.2,12.666666666666666,12.4,13.4,8.333333333333334,8.6,9.2,3.8,6.8,1.6,14.0,12.0,1.0,2.0
ee2a5992245bdc53c156,2025-26,2025-11-22,Wolverhampton Wanderers,Crystal Palace,H,A Taylor,11,13.454545454545455,9.454545454545455,3.3636363636363638,6.363636363636363,1.8181818181818181,5,12.8,8.4,3.4,3.8,13.333333333333334,13.0,13.5,10.666666666666666,9.2,9.7,2.2,6.8,1.6,13.0,9.0,1.0,2.0
17c9c165edea0a8c19fa,2025-26,2025-11-30,Wolverhampton Wanderers,Aston Villa,A,C Kavanagh,12,13.416666666666666,9.416666666666666,3.1666666666666665,6.166666666666667,1.8333333333333333,6,14.0,10.333333333333334,3.3333333333333335,8.5,13.666666666666666,13.0,13.2,11.333333333333334,9.2,9.3,2.0,6.0,1.6,21.0,13.0,3.0,4.0
40f5db5bb56b993e28ff,2025-26,2025-12-03,Wolverhampton Wanderers,Nottingham Forest,H,T Robinson,13,14.0,9.692307692307692,3.1538461538461537,6.230769230769231,2.0,6,12.833333333333334,8.5,3.0,3.8333333333333335,16.0,14.8,13.8,11.333333333333334,10.8,9.6,2.2,6.8,2.4,19.0,11.0,3.0,2.0
83fdf7eab9de2901990a,2025-26,2025-12-08,Wolverhampton Wanderers,Manchester United,H,M Salisbury,14,14.357142857142858,9.785714285714286,3.142857142857143,6.428571428571429,2.0,7,13.714285714285714,8.857142857142858,3.0,4.571428571428571,17.666666666666668,16.2,14.0,11.0,11.6,9.7,1.8,8.0,2.6,17.0,12.0,1.0,3.0
6689bb01471d6e19b697,2025-26,2025-12-13,Wolverhampton Wanderers,Arsenal,A,R Jones,15,14.533333333333333,9.933333333333334,3.0,6.6,2.066666666666667,7,15.0,10.714285714285714,3.2857142857142856,8.285714285714286,19.0,16.8,14.6,12.0,11.4,10.0,1.8,7.8,2.6,15.0,7.0,0.0,4.0
725d7d81e073def2593c,2025-26,2025-12-20,Wolverhampton Wanderers,Brentford,H,M Donohue,16,14.5625,9.75,2.8125,6.6875,2.1875,8,14.125,9.25,2.75,5.125,17.0,17.0,15.0,10.0,10.4,9.8,1.6,7.4,3.0,12.0,15.0,3.0,2.0
81d4fd284910c939c03f,2025-26,2025-12-27,Wolverhampton Wanderers,Liverpool,A,S Hooper,17,14.411764705882353,10.058823529411764,2.823529411764706,6.529411764705882,2.176470588235294,8,15.0,10.25,2.875,8.25,14.666666666666666,16.8,14.9,11.333333333333334,11.6,10.4,2.0,7.4,3.0,13.0,5.0,4.0,1.0
0f3de3fe580fda605306,2025-26,2025-12-30,Wolverhampton Wanderers,Manchester United,A,T Bramall,18,14.333333333333334,9.777777777777779,2.888888888888889,6.5,2.111111111111111,9,14.777777777777779,9.666666666666666,3.0,8.0,13.333333333333334,15.2,15.0,9.0,10.0,10.4,2.2,7.2,2.4,12.0,9.0,4.0,2.0
b4b2b80da84334ee74d6,2025-26,2026-01-03,Wolverhampton Wanderers,West Ham United,H,P Bankes,19,14.210526315789474,9.736842105263158,2.9473684210526314,6.578947368421052,2.1052631578947367,9,13.88888888888889,9.88888888888889,2.7777777777777777,5.0,12.333333333333334,13.8,15.0,9.666666666666666,9.6,10.6,2.4,7.0,2.4,11.0,10.0,6.0,1.0
96ef19c44a569eb4c76c,2025-26,2026-01-07,Wolverhampton Wanderers,Everton,A,T Kirk,20,14.05,9.75,3.1,6.6,2.05,10,14.5,9.6,3.1,8.0,12.0,12.6,14.7,8.0,9.2,10.3,3.4,6.6,2.0,15.0,13.0,7.0,3.0
03c93544eda4ad474853,2025-26,2026-01-18,Wolverhampton Wanderers,Newcastle United,H,S Barrott,21,14.095238095238095,9.904761904761905,3.2857142857142856,6.380952380952381,2.0952380952380953,10,13.6,9.9,3.1,5.2,12.666666666666666,12.6,14.8,10.666666666666666,10.4,10.4,4.8,5.4,1.8,14.0,8.0,4.0,2.0
fc5938b3befd7e363b67,2025-26,2026-01-24,Wolverhampton Wanderers,Manchester City,A,F Hallam,22,14.090909090909092,9.818181818181818,3.3181818181818183,6.409090909090909,2.090909090909091,11,14.545454545454545,9.909090909090908,3.4545454545454546,7.454545454545454,13.333333333333334,13.0,14.9,10.333333333333334,9.0,10.3,5.0,6.0,1.8,14.0,16.0,6.0,3.0
05d8b4d8480f48aec7d1,2025-26,2026-01-31,Wolverhampton Wanderers,Bournemouth,H,M Oliver,23,14.08695652173913,10.08695652173913,3.4347826086956523,6.304347826086956,2.130434782608696,11,13.636363636363637,9.727272727272727,3.1818181818181817,5.363636363636363,14.333333333333334,13.2,14.2,12.333333333333334,11.2,10.6,5.4,5.6,2.2,11.0,15.0,5.0,3.0
c4cb0168420b36281d96,2025-26,2026-02-07,Wolverhampton Wanderers,Chelsea,H,J Gillett,24,13.958333333333334,10.291666666666666,3.5,6.291666666666667,2.1666666666666665,12,13.416666666666666,10.166666666666666,3.3333333333333335,5.416666666666667,13.0,13.0,13.4,13.0,12.4,11.0,5.6,5.2,2.4,9.0,10.0,3.0,1.0
31d0846eb96cd7727ab0,2025-26,2026-02-11,Wolverhampton Wanderers,Nottingham Forest,A,T Robinson,25,13.76,10.28,3.48,6.2,2.12,12,14.5,10.416666666666666,3.6666666666666665,7.166666666666667,11.333333333333334,12.6,12.6,13.666666666666666,12.4,10.8,5.0,4.6,2.4,13.0,12.0,2.0,2.0
c916fcce3b968ccf5d74,2025-26,2026-02-18,Wolverhampton Wanderers,Arsenal,H,P Tierney,26,13.73076923076923,10.346153846153847,3.423076923076923,6.269230769230769,2.1153846153846154,13,13.076923076923077,10.153846153846153,3.3076923076923075,5.3076923076923075,11.0,12.2,12.4,12.333333333333334,12.2,11.3,4.0,5.8,2.2,6.0,8.0,1.0,2.0
4e177ccc436e6824db28,2025-26,2026-02-22,Wolverhampton Wanderers,Crystal Palace,A,T Kirk,27,13.444444444444445,10.25925925925926,3.3333333333333335,6.148148148148148,2.111111111111111,13,14.384615384615385,10.538461538461538,3.5384615384615383,7.230769230769231,9.333333333333334,10.6,11.8,10.0,12.2,10.6,3.4,5.0,2.2,13.0,19.0,3.0,1.0
bab7107c11b46cbf53d8,2025-26,2026-02-27,Wolverhampton Wanderers,Aston Villa,H,C Pawson,28,13.428571428571429,10.571428571428571,3.3214285714285716,6.178571428571429,2.0714285714285716,14,12.571428571428571,10.0,3.142857142857143,5.142857142857143,10.666666666666666,10.4,11.8,13.0,12.8,12.0,2.8,5.6,1.8,13.0,19.0,0.0,3.0
5cf3171bc7678c977b4e,2025-26,2026-03-03,Wolverhampton Wanderers,Liverpool,H,T Bramall,29,13.413793103448276,10.862068965517242,3.206896551724138,6.137931034482759,2.103448275862069,15,12.6,10.6,2.933333333333333,5.133333333333334,10.666666666666666,10.8,11.9,15.333333333333334,13.6,13.0,1.8,5.4,1.8,10.0,13.0,2.0,2.0
e8e9540f34a352130bba,2025-26,2026-03-16,Wolverhampton Wanderers,Brentford,A,S Attwell,30,13.3,10.933333333333334,3.1666666666666665,6.3,2.1,14,14.285714285714286,11.142857142857142,3.5,7.214285714285714,12.0,11.0,11.8,17.0,14.2,13.3,1.6,6.8,2.0,10.0,12.0,5.0,4.0
cb2b6915f1a2553c63a2,2025-26,2026-04-10,Wolverhampton Wanderers,West Ham United,A,J Gillett,31,13.193548387096774,10.96774193548387,3.225806451612903,6.129032258064516,2.161290322580645,15,14.0,11.2,3.6,6.8,11.0,10.4,11.3,14.666666666666666,14.2,13.2,2.2,5.4,2.4,7.0,11.0,2.0,2.0
b2dcfbcba67ca28375c7,2025-26,2026-04-18,Wolverhampton Wanderers,Leeds,A,F Hallam,32,13.0,10.96875,3.1875,6.09375,2.15625,16,13.5625,11.1875,3.5,6.6875,9.0,10.6,10.6,12.0,14.8,13.5,2.4,5.8,2.4,17.0,9.0,6.0,1.0
af58cc8b6eeed98e8452,2025-26,2026-04-25,Wolverhampton Wanderers,Tottenham,H,A Taylor,33,13.121212121212121,10.909090909090908,3.272727272727273,6.0606060606060606,2.121212121212121,16,12.4375,10.75,2.875,5.5,11.333333333333334,11.4,10.9,10.666666666666666,12.8,12.8,3.0,5.4,2.4,8.0,14.0,5.0,3.0
162faebe8ca596ee8b7d,2025-26,2026-05-02,Wolverhampton Wanderers,Sunderland,H,P Tierney,34,12.970588235294118,11.0,3.323529411764706,6.029411764705882,2.1470588235294117,17,12.176470588235293,10.941176470588236,3.0,5.470588235294118,10.666666666666666,10.4,10.6,11.333333333333334,11.8,12.7,4.0,5.4,2.4,11.0,11.0,6.0,0.0
2e36279a486e44f8e698,2025-26,2026-05-09,Wolverhampton Wanderers,Brighton & Hove Albion,A,J Brooks,35,12.914285714285715,11.0,3.4,5.942857142857143,2.085714285714286,17,13.764705882352942,11.058823529411764,3.6470588235294117,6.588235294117647,12.0,10.6,10.8,11.333333333333334,11.4,12.8,4.8,3.8,2.0,11.0,9.0,1.0,2.0
08ac84a9d86c10477bcf,2025-26,2026-05-17,Wolverhampton Wanderers,Fulham,H,T Kirk,36,12.86111111111111,10.944444444444445,3.3333333333333335,5.972222222222222,2.0833333333333335,18,12.11111111111111,10.944444444444445,3.1666666666666665,5.333333333333333,10.0,10.8,10.6,11.333333333333334,10.8,12.5,4.0,5.0,1.6,20.0,8.0,3.0,1.0
c1c7ed940e7aed84aca8,2025-26,2026-05-24,Wolverhampton Wanderers,Burnley,A,A Kitchen,37,13.054054054054054,10.864864864864865,3.324324324324324,5.972972972972973,2.054054054054054,18,13.61111111111111,10.944444444444445,3.5,6.611111111111111,14.0,13.4,12.0,9.333333333333334,10.2,12.5,4.2,5.2,1.4,11.0,10.0,7.0,2.0
0a9f0bf0a8674d2a443b,2026-27,2026-08-21,Arsenal,Coventry,H,T Bramall,0,,,,,,0,,,,,,,,,,,,,,10.0,13.0,8.0,1.0
bf024f05349f8b455088,2026-27,2026-08-31,Arsenal,Aston Villa,A,J Gillett,1,10.0,13.0,8.0,2.0,1.0,0,,,,,10.0,10.0,10.0,13.0,13.0,13.0,8.0,2.0,1.0,6.0,17.0,4.0,1.0
80126a3bcc5879d95522,2026-27,2026-08-23,Aston Villa,Brighton & Hove Albion,A,P Bankes,0,,,,,,0,,,,,,,,,,,,,,11.0,12.0,2.0,3.0
bf024f05349f8b455088,2026-27,2026-08-31,Aston Villa,Arsenal,H,J Gillett,1,11.0,12.0,2.0,5.0,3.0,0,,,,,11.0,11.0,11.0,12.0,12.0,12.0,2.0,5.0,3.0,17.0,6.0,2.0,3.0
ed9e18269eda32e0e17e,2026-27,2026-08-23,Bournemouth,Manchester City,A,J Gillett,0,,,,,,0,,,,,,,,,,,,,,11.0,11.0,3.0,2.0
b24b89c2b322d9a9f56b,2026-27,2026-08-29,Bournemouth,Everton,H,C Kavanagh,1,11.0,11.0,3.0,8.0,2.0,0,,,,,11.0,11.0,11.0,11.0,11.0,11.0,3.0,8.0,2.0,11.0,14.0,10.0,3.0
c5b6dd470d2e2dc1a27a,2026-27,2026-08-22,Brentford,Tottenham,H,M Oliver,0,,,,,,0,,,,,,,,,,,,,,17.0,14.0,7.0,1.0
3f09a3810cb7e16ee46f,2026-27,2026-08-30,Brentford,Leeds,A,T Harrington,1,17.0,14.0,7.0,3.0,1.0,0,,,,,17.0,17.0,17.0,14.0,14.0,14.0,7.0,3.0,1.0,13.0,5.0,6.0,4.0
80126a3bcc5879d95522,2026-27,2026-08-23,Brighton & Hove Albion,Aston Villa,H,P Bankes,0,,,,,,0,,,,,,,,,,,,,,12.0,11.0,5.0,2.0
7372144be6bbd6de972b,2026-27,2026-08-30,Brighton & Hove Albion,Chelsea,A,M Oliver,1,12.0,11.0,5.0,2.0,2.0,0,,,,,12.0,12.0,12.0,11.0,11.0,11.0,5.0,2.0,2.0,12.0,6.0,7.0,3.0
092f05f36b9603960bbf,2026-27,2026-08-24,Chelsea,Fulham,A,J Brooks,0,,,,,,0,,,,,,,,,,,,,,7.0,12.0,4.0,3.0
7372144be6bbd6de972b,2026-27,2026-08-30,Chelsea,Brighton & Hove Albion,H,M Oliver,1,7.0,12.0,4.0,6.0,3.0,0,,,,,7.0,7.0,7.0,12.0,12.0,12.0,4.0,6.0,3.0,6.0,12.0,4.0,1.0
0a9f0bf0a8674d2a443b,2026-27,2026-08-21,Coventry,Arsenal,A,T Bramall,0,,,,,,0,,,,,,,,,,,,,,13.0,10.0,2.0,1.0
abab64766a74e3378a6a,2026-27,2026-08-29,Coventry,Hull,H,J Smith,1,13.0,10.0,2.0,8.0,1.0,0,,,,,13.0,13.0,13.0,10.0,10.0,10.0,2.0,8.0,1.0,11.0,8.0,6.0,1.0
0598a9ab3c118e779149,2026-27,2026-08-22,Crystal Palace,Everton,A,P Tierney,0,,,,,,0,,,,,,,,,,,,,,15.0,5.0,0.0,1.0
a0470ebb184b0bd4003b,2026-27,2026-08-28,Crystal Palace,Manchester City,H,A Madley,1,15.0,5.0,0.0,4.0,1.0,0,,,,,15.0,15.0,15.0,5.0,5.0,5.0,0.0,4.0,1.0,8.0,11.0,2.0,1.0
0598a9ab3c118e779149,2026-27,2026-08-22,Everton,Crystal Palace,H,P Tierney,0,,,,,,0,,,,,,,,,,,,,,5.0,15.0,4.0,0.0
b24b89c2b322d9a9f56b,2026-27,2026-08-29,Everton,Bournemouth,A,C Kavanagh,1,5.0,15.0,4.0,0.0,0.0,0,,,,,5.0,5.0,5.0,15.0,15.0,15.0,4.0,0.0,0.0,14.0,11.0,7.0,2.0
092f05f36b9603960bbf,2026-27,2026-08-24,Fulham,Chelsea,H,J Brooks,0,,,,,,0,,,,,,,,,,,,,,12.0,7.0,6.0,2.0
d0e7c9f309d445470105,2026-27,2026-08-30,Fulham,Sunderland,A,M Salisbury,1,12.0,7.0,6.0,4.0,2.0,0,,,,,12.0,12.0,12.0,7.0,7.0,7.0,6.0,4.0,2.0,15.0,10.0,4.0,2.0
2304a830a7804f34b177,2026-27,2026-08-22,Hull,Manchester United,H,D England,0,,,,,,0,,,,,,,,,,,,,,10.0,9.0,1.0,2.0
abab64766a74e3378a6a,2026-27,2026-08-29,Hull,Coventry,A,J Smith,1,10.0,9.0,1.0,6.0,2.0,0,,,,,10.0,10.0,10.0,9.0,9.0,9.0,1.0,6.0,2.0,8.0,11.0,2.0,4.0
b2d5bc1930cf4a61af0f,2026-27,2026-08-22,Ipswich,Sunderland,H,F Hallam,0,,,,,,0,,,,,,,,,,,,,,12.0,14.0,3.0,0.0
067c1013a1455149f8a5,2026-27,2026-08-30,Ipswich,Manchester United,A,C Pawson,1,12.0,14.0,3.0,5.0,0.0,0,,,,,12.0,12.0,12.0,14.0,14.0,14.0,3.0,5.0,0.0,12.0,7.0,4.0,3.0
10489473369ebe324438,2026-27,2026-08-22,Leeds,Nottingham Forest,A,R Jones,0,,,,,,0,,,,,,,,,,,,,,14.0,15.0,2.0,1.0
3f09a3810cb7e16ee46f,2026-27,2026-08-30,Leeds,Brentford,H,T Harrington,1,14.0,15.0,2.0,3.0,1.0,0,,,,,14.0,14.0,14.0,15.0,15.0,15.0,2.0,3.0,1.0,5.0,13.0,5.0,0.0
2460c740d97e55fc3a94,2026-27,2026-08-23,Liverpool,Newcastle United,A,S Attwell,0,,,,,,0,,,,,,,,,,,,,,15.0,16.0,6.0,3.0
353bef59cda87f707b4c,2026-27,2026-08-29,Liverpool,Nottingham Forest,H,S Barrott,1,15.0,16.0,6.0,2.0,3.0,0,,,,,15.0,15.0,15.0,16.0,16.0,16.0,6.0,2.0,3.0,13.0,10.0,3.0,4.0
ed9e18269eda32e0e17e,2026-27,2026-08-23,Manchester City,Bournemouth,H,J Gillett,0,,,,,,0,,,,,,,,,,,,,,11.0,11.0,8.0,1.0
a0470ebb184b0bd4003b,2026-27,2026-08-28,Manchester City,Crystal Palace,A,A Madley,1,11.0,11.0,8.0,3.0,1.0,0,,,,,11.0,11.0,11.0,11.0,11.0,11.0,8.0,3.0,1.0,11.0,8.0,6.0,2.0
2304a830a7804f34b177,2026-27,2026-08-22,Manchester United,Hull,A,D England,0,,,,,,0,,,,,,,,,,,,,,9.0,10.0,6.0,1.0
067c1013a1455149f8a5,2026-27,2026-08-30,Manchester United,Ipswich,H,C Pawson,1,9.0,10.0,6.0,1.0,1.0,0,,,,,9.0,9.0,9.0,10.0,10.0,10.0,6.0,1.0,1.0,7.0,12.0,8.0,1.0
2460c740d97e55fc3a94,2026-27,2026-08-23,Newcastle United,Liverpool,H,S Attwell,0,,,,,,0,,,,,,,,,,,,,,16.0,15.0,2.0,5.0
6688eafeea0b6c9e0a50,2026-27,2026-08-29,Newcastle United,Tottenham,A,P Bankes,1,16.0,15.0,2.0,6.0,5.0,0,,,,,16.0,16.0,16.0,15.0,15.0,15.0,2.0,6.0,5.0,9.0,15.0,7.0,2.0
10489473369ebe324438,2026-27,2026-08-22,Nottingham Forest,Leeds,H,R Jones,0,,,,,,0,,,,,,,,,,,,,,15.0,14.0,3.0,2.0
353bef59cda87f707b4c,2026-27,2026-08-29,Nottingham Forest,Liverpool,A,S Barrott,1,15.0,14.0,3.0,2.0,2.0,0,,,,,15.0,15.0,15.0,14.0,14.0,14.0,3.0,2.0,2.0,10.0,13.0,5.0,2.0
b2d5bc1930cf4a61af0f,2026-27,2026-08-22,Sunderland,Ipswich,A,F Hallam,0,,,,,,0,,,,,,,,,,,,,,14.0,12.0,5.0,3.0
d0e7c9f309d445470105,2026-27,2026-08-30,Sunderland,Fulham,H,M Salisbury,1,14.0,12.0,5.0,3.0,3.0,0,,,,,14.0,14.0,14.0,12.0,12.0,12.0,5.0,3.0,3.0,10.0,15.0,3.0,0.0
c5b6dd470d2e2dc1a27a,2026-27,2026-08-22,Tottenham,Brentford,A,M Oliver,0,,,,,,0,,,,,,,,,,,,,,14.0,17.0,3.0,1.0
6688eafeea0b6c9e0a50,2026-27,2026-08-29,Tottenham,Newcastle United,H,P Bankes,1,14.0,17.0,3.0,7.0,1.0,0,,,,,14.0,14.0,14.0,17.0,17.0,17.0,3.0,7.0,1.0,15.0,9.0,9.0,1.0
