season,as_of_date,referee,window,matches_used,fouls_avg,home_fouls_avg,away_fouls_avg,yellow_avg,red_avg
2022-23,2022-08-06,A Madley,3,1,16.0,7.0,9.0,2.0,0.0
2022-23,2022-08-06,A Madley,5,1,16.0,7.0,9.0,2.0,0.0
2022-23,2022-08-06,A Madley,10,1,16.0,7.0,9.0,2.0,0.0
2022-23,2022-08-20,A Madley,3,2,23.0,11.5,11.5,2.5,0.0
2022-23,2022-08-20,A Madley,5,2,23.0,11.5,11.5,2.5,0.0
2022-23,2022-08-20,A Madley,10,2,23.0,11.5,11.5,2.5,0.0
2022-23,2022-08-27,A Madley,3,3,21.333333333333332,9.0,12.333333333333334,2.6666666666666665,0.0
2022-23,2022-08-27,A Madley,5,3,21.333333333333332,9.0,12.333333333333334,2.6666666666666665,0.0
2022-23,2022-08-27,A Madley,10,3,21.333333333333332,9.0,12.333333333333334,2.6666666666666665,0.0
2022-23,2022-09-03,A Madley,3,3,21.666666666666668,8.666666666666666,13.0,4.0,0.0
2022-23,2022-09-03,A Madley,5,4,20.25,8.25,12.0,3.5,0.0
2022-23,2022-09-03,A Madley,10,4,20.25,8.25,12.0,3.5,0.0
2022-23,2022-10-01,A Madley,3,3,19.0,6.333333333333333,12.666666666666666,3.6666666666666665,0.0
2022-23,2022-10-01,A Madley,5,5,20.6,8.4,12.2,3.2,0.0
2022-23,2022-10-01,A Madley,10,5,20.6,8.4,12.2,3.2,0.0
2022-23,2022-10-08,A Madley,3,3,17.0,6.333333333333333,10.666666666666666,3.0,0.0
2022-23,2022-10-08,A Madley,5,5,19.8,7.8,12.0,3.0,0.0
2022-23,2022-10-08,A Madley,10,6,19.166666666666668,7.666666666666667,11.5,2.8333333333333335,0.0
2022-23,2022-10-15,A Madley,3,3,21.666666666666668,10.333333333333334,11.333333333333334,2.3333333333333335,0.0
2022-23,2022-10-15,A Madley,5,5,20.0,8.2,11.8,3.2,0.0
2022-23,2022-10-15,A Madley,10,7,20.857142857142858,9.142857142857142,11.714285714285714,3.0,0.0
2022-23,2022-10-29,A Madley,3,3,21.666666666666668,12.666666666666666,9.0,2.6666666666666665,0.0
2022-23,2022-10-29,A Madley,5,5,20.8,10.6,10.2,3.2,0.0
2022-23,2022-10-29,A Madley,10,8,21.0,10.0,11.0,3.0,0.0
2022-23,2022-11-06,A Madley,3,3,23.666666666666668,14.666666666666666,9.0,2.3333333333333335,0.0
2022-23,2022-11-06,A Madley,5,5,21.0,11.4,9.6,2.0,0.0
2022-23,2022-11-06,A Madley,10,9,20.666666666666668,10.0,10.666666666666666,2.6666666666666665,0.0
2022-23,2022-12-26,A Madley,3,3,22.333333333333332,12.666666666666666,9.666666666666666,1.0,0.6666666666666666
2022-23,2022-12-26,A Madley,5,5,22.0,12.0,10.0,1.6,0.4
2022-23,2022-12-26,A Madley,10,10,21.3,10.2,11.1,2.4,0.2
2022-23,2022-12-31,A Madley,3,3,24.0,11.666666666666666,12.333333333333334,2.3333333333333335,0.6666666666666666
2022-23,2022-12-31,A Madley,5,5,25.0,13.8,11.2,2.8,0.4
2022-23,2022-12-31,A Madley,10,10,22.4,10.8,11.6,2.9,0.2
2022-23,2023-01-03,A Madley,3,3,26.666666666666668,11.666666666666666,15.0,5.0,0.6666666666666666
2022-23,2023-01-03,A Madley,5,5,24.0,12.2,11.8,3.6,0.4
2022-23,2023-01-03,A Madley,10,10,22.0,10.2,11.8,3.4,0.2
2022-23,2023-01-21,A Madley,3,3,23.333333333333332,11.0,12.333333333333334,6.0,0.0
2022-23,2023-01-21,A Madley,5,5,23.0,11.0,12.0,3.6,0.4
2022-23,2023-01-21,A Madley,10,10,21.9,10.8,11.1,3.4,0.2
2022-23,2023-02-05,A Madley,3,3,25.333333333333332,13.0,12.333333333333334,5.333333333333333,0.3333333333333333
2022-23,2023-02-05,A Madley,5,5,26.0,12.8,13.2,4.6,0.6
2022-23,2023-02-05,A Madley,10,10,23.5,12.1,11.4,3.3,0.3
2022-23,2023-02-11,A Madley,3,3,23.333333333333332,12.666666666666666,10.666666666666666,3.0,0.3333333333333333
2022-23,2023-02-11,A Madley,5,5,24.6,12.2,12.4,4.8,0.2
2022-23,2023-02-11,A Madley,10,10,23.3,12.1,11.2,3.2,0.3
2022-23,2023-02-18,A Madley,3,3,22.333333333333332,12.0,10.333333333333334,3.6666666666666665,0.3333333333333333
2022-23,2023-02-18,A Madley,5,5,22.0,11.2,10.8,4.4,0.2
2022-23,2023-02-18,A Madley,10,10,23.5,12.5,11.0,3.6,0.3
2022-23,2023-03-05,A Madley,3,3,20.333333333333332,10.0,10.333333333333334,3.6666666666666665,0.0
2022-23,2023-03-05,A Madley,5,5,22.2,11.8,10.4,3.8,0.2
2022-23,2023-03-05,A Madley,10,10,23.1,12.0,11.1,3.7,0.3
2022-23,2023-03-12,A Madley,3,3,20.666666666666668,10.666666666666666,10.0,4.333333333333333,0.0
2022-23,2023-03-12,A Madley,5,5,23.0,12.0,11.0,3.8,0.2
2022-23,2023-03-12,A Madley,10,10,23.0,11.5,11.5,3.7,0.3
2022-23,2023-04-01,A Madley,3,3,26.0,12.666666666666666,13.333333333333334,4.666666666666667,0.0
2022-23,2023-04-01,A Madley,5,5,22.4,11.0,11.4,4.0,0.0
2022-23,2023-04-01,A Madley,10,10,24.2,11.9,12.3,4.3,0.3
2022-23,2023-04-15,A Madley,3,3,22.666666666666668,11.0,11.666666666666666,4.0,0.0
2022-23,2023-04-15,A Madley,5,5,21.8,10.8,11.0,4.4,0.0
2022-23,2023-04-15,A Madley,10,10,23.2,11.5,11.7,4.6,0.1
2022-23,2023-04-22,A Madley,3,3,26.666666666666668,13.0,13.666666666666666,4.333333333333333,0.0
2022-23,2023-04-22,A Madley,5,5,25.6,12.6,13.0,4.2,0.0
2022-23,2023-04-22,A Madley,10,10,23.8,11.9,11.9,4.3,0.1
2022-23,2023-04-26,A Madley,3,3,22.666666666666668,10.0,12.666666666666666,3.3333333333333335,0.0
2022-23,2023-04-26,A Madley,5,5,23.8,11.0,12.8,3.8,0.0
2022-23,2023-04-26,A Madley,10,10,23.0,11.4,11.6,3.8,0.1
2022-23,2023-05-06,A Madley,3,3,23.333333333333332,8.333333333333334,15.0,3.3333333333333335,0.0
2022-23,2023-05-06,A Madley,5,5,23.4,9.4,14.0,3.8,0.0
2022-23,2023-05-06,A Madley,10,10,23.2,10.7,12.5,3.8,0.1
2022-23,2023-05-14,A Madley,3,3,22.333333333333332,7.0,15.333333333333334,3.0,0.0
2022-23,2023-05-14,A Madley,5,5,23.4,9.2,14.2,3.2,0.0
2022-23,2023-05-14,A Madley,10,10,22.9,10.1,12.8,3.6,0.0
2022-23,2022-08-06,A Marriner,3,1,17.0,11.0,6.0,3.0,0.0
2022-23,2022-08-06,A Marriner,5,1,17.0,11.0,6.0,3.0,0.0
2022-23,2022-08-06,A Marriner,10,1,17.0,11.0,6.0,3.0,0.0
2022-23,2022-08-20,A Marriner,3,2,16.0,8.5,7.5,4.0,0.0
2022-23,2022-08-20,A Marriner,5,2,16.0,8.5,7.5,4.0,0.0
2022-23,2022-08-20,A Marriner,10,2,16.0,8.5,7.5,4.0,0.0
2022-23,2022-08-31,A Marriner,3,3,17.0,8.666666666666666,8.333333333333334,3.3333333333333335,0.0
2022-23,2022-08-31,A Marriner,5,3,17.0,8.666666666666666,8.333333333333334,3.3333333333333335,0.0
2022-23,2022-08-31,A Marriner,10,3,17.0,8.666666666666666,8.333333333333334,3.3333333333333335,0.0
2022-23,2022-10-01,A Marriner,3,3,18.333333333333332,8.666666666666666,9.666666666666666,3.6666666666666665,0.0
2022-23,2022-10-01,A Marriner,5,4,18.0,9.25,8.75,3.5,0.0
2022-23,2022-10-01,A Marriner,10,4,18.0,9.25,8.75,3.5,0.0
2022-23,2022-11-05,A Marriner,3,3,20.333333333333332,10.0,10.333333333333334,3.3333333333333335,0.0
2022-23,2022-11-05,A Marriner,5,5,18.6,9.4,9.2,3.6,0.0
2022-23,2022-11-05,A Marriner,10,5,18.6,9.4,9.2,3.6,0.0
2022-23,2022-12-31,A Marriner,3,3,23.333333333333332,12.666666666666666,10.666666666666666,4.333333333333333,0.0
2022-23,2022-12-31,A Marriner,5,5,20.8,10.6,10.2,4.0,0.0
2022-23,2022-12-31,A Marriner,10,6,20.166666666666668,10.666666666666666,9.5,3.8333333333333335,0.0
2022-23,2023-01-03,A Marriner,3,3,22.333333333333332,11.666666666666666,10.666666666666666,4.333333333333333,0.0
2022-23,2023-01-03,A Marriner,5,5,21.4,11.0,10.4,3.8,0.0
2022-23,2023-01-03,A Marriner,10,7,19.857142857142858,10.285714285714286,9.571428571428571,3.857142857142857,0.0
2022-23,2023-02-04,A Marriner,3,3,21.333333333333332,11.333333333333334,10.0,4.0,0.3333333333333333
2022-23,2023-02-04,A Marriner,5,5,21.2,11.0,10.2,4.0,0.2
2022-23,2023-02-04,A Marriner,10,8,19.625,10.125,9.5,3.75,0.125
2022-23,2023-03-11,A Marriner,3,3,19.0,9.0,10.0,3.3333333333333335,0.6666666666666666
2022-23,2023-03-11,A Marriner,5,5,21.2,10.8,10.4,3.8,0.4
2022-23,2023-03-11,A Marriner,10,9,19.77777777777778,10.11111111111111,9.666666666666666,3.6666666666666665,0.2222222222222222
2022-23,2023-04-27,A Marriner,3,3,17.666666666666668,9.0,8.666666666666666,3.0,0.6666666666666666
2022-23,2023-04-27,A Marriner,5,5,19.8,10.4,9.4,3.6,0.4
2022-23,2023-04-27,A Marriner,10,10,19.2,9.9,9.3,3.6,0.2
2022-23,2023-05-04,A Marriner,3,3,19.666666666666668,9.333333333333334,10.333333333333334,4.666666666666667,0.3333333333333333
2022-23,2023-05-04,A Marriner,5,5,19.0,9.0,10.0,4.2,0.4
2022-23,2023-05-04,A Marriner,10,10,19.9,9.8,10.1,4.1,0.2
2022-23,2023-05-22,A Marriner,3,3,17.333333333333332,9.0,8.333333333333334,4.333333333333333,0.0
2022-23,2023-05-22,A Marriner,5,5,18.2,9.2,9.0,3.8,0.4
2022-23,2023-05-22,A Marriner,10,10,19.8,10.1,9.7,3.8,0.2
2022-23,2023-05-28,A Marriner,3,3,19.0,9.0,10.0,3.3333333333333335,0.0
2022-23,2023-05-28,A Marriner,5,5,18.4,9.0,9.4,3.2,0.2
2022-23,2023-05-28,A Marriner,10,10,19.8,10.0,9.8,3.6,0.2
2022-23,2022-08-05,A Taylor,3,1,27.0,16.0,11.0,3.0,0.0
2022-23,2022-08-05,A Taylor,5,1,27.0,16.0,11.0,3.0,0.0
2022-23,2022-08-05,A Taylor,10,1,27.0,16.0,11.0,3.0,0.0
2022-23,2022-08-14,A Taylor,3,2,22.5,12.5,10.0,3.0,0.0
2022-23,2022-08-14,A Taylor,5,2,22.5,12.5,10.0,3.0,0.0
2022-23,2022-08-14,A Taylor,10,2,22.5,12.5,10.0,3.0,0.0
2022-23,2022-08-21,A Taylor,3,3,20.666666666666668,11.666666666666666,9.0,2.6666666666666665,0.0
2022-23,2022-08-21,A Taylor,5,3,20.666666666666668,11.666666666666666,9.0,2.6666666666666665,0.0
2022-23,2022-08-21,A Taylor,10,3,20.666666666666668,11.666666666666666,9.0,2.6666666666666665,0.0
2022-23,2022-08-31,A Taylor,3,3,19.666666666666668,10.333333333333334,9.333333333333334,2.6666666666666665,0.0
2022-23,2022-08-31,A Taylor,5,4,21.5,11.75,9.75,2.75,0.0
2022-23,2022-08-31,A Taylor,10,4,21.5,11.75,9.75,2.75,0.0
2022-23,2022-09-03,A Taylor,3,3,19.666666666666668,9.666666666666666,10.0,3.0,0.0
2022-23,2022-09-03,A Taylor,5,5,20.8,10.8,10.0,3.0,0.0
2022-23,2022-09-03,A Taylor,10,5,20.8,10.8,10.0,3.0,0.0
2022-23,2022-09-17,A Taylor,3,3,19.333333333333332,8.666666666666666,10.666666666666666,3.3333333333333335,0.3333333333333333
2022-23,2022-09-17,A Taylor,5,5,18.6,9.0,9.6,3.0,0.2
2022-23,2022-09-17,A Taylor,10,6,20.0,10.166666666666666,9.833333333333334,3.0,0.16666666666666666
2022-23,2022-10-01,A Taylor,3,3,18.0,8.0,10.0,3.3333333333333335,0.6666666666666666
2022-23,2022-10-01,A Taylor,5,5,19.0,9.2,9.8,3.0,0.4
2022-23,2022-10-01,A Taylor,10,7,20.0,10.142857142857142,9.857142857142858,3.0,0.2857142857142857
2022-23,2022-10-10,A Taylor,3,3,22.666666666666668,10.0,12.666666666666666,4.0,0.6666666666666666
2022-23,2022-10-10,A Taylor,5,5,22.0,9.8,12.2,3.8,0.4
2022-23,2022-10-10,A Taylor,10,8,21.5,10.5,11.0,3.375,0.25
2022-23,2022-10-16,A Taylor,3,3,23.0,11.0,12.0,4.333333333333333,0.3333333333333333
2022-23,2022-10-16,A Taylor,5,5,20.6,9.4,11.2,4.0,0.4
2022-23,2022-10-16,A Taylor,10,9,21.0,10.444444444444445,10.555555555555555,3.4444444444444446,0.2222222222222222
2022-23,2022-10-23,A Taylor,3,3,23.0,11.666666666666666,11.333333333333334,4.0,0.0
2022-23,2022-10-23,A Taylor,5,5,21.0,10.4,10.6,3.6,0.4
2022-23,2022-10-23,A Taylor,10,10,20.9,10.6,10.3,3.3,0.2
2022-23,2022-10-29,A Taylor,3,3,17.333333333333332,10.666666666666666,6.666666666666667,3.0,0.0
2022-23,2022-10-29,A Taylor,5,5,20.8,11.0,9.8,3.6,0.2
2022-23,2022-10-29,A Taylor,10,10,19.7,10.0,9.7,3.3,0.2
2022-23,2022-11-06,A Taylor,3,3,17.666666666666668,9.333333333333334,8.333333333333334,3.6666666666666665,0.0
2022-23,2022-11-06,A Taylor,5,5,20.4,10.2,10.2,4.2,0.0
2022-23,2022-11-06,A Taylor,10,10,19.7,9.7,10.0,3.6,0.2
2022-23,2022-12-27,A Taylor,3,3,16.666666666666668,9.666666666666666,7.0,4.333333333333333,0.0
2022-23,2022-12-27,A Taylor,5,5,17.4,10.2,7.2,3.8,0.0
2022-23,2022-12-27,A Taylor,10,10,19.7,10.0,9.7,3.8,0.2
2022-23,2022-12-31,A Taylor,3,3,17.666666666666668,8.666666666666666,9.0,5.333333333333333,0.0
2022-23,2022-12-31,A Taylor,5,5,17.6,9.6,8.0,4.2,0.0
2022-23,2022-12-31,A Taylor,10,10,19.1,9.5,9.6,4.1,0.2
2022-23,2023-01-22,A Taylor,3,3,17.333333333333332,9.333333333333334,8.0,4.333333333333333,0.0
2022-23,2023-01-22,A Taylor,5,5,17.0,8.8,8.2,4.4,0.0
2022-23,2023-01-22,A Taylor,10,10,19.0,9.6,9.4,4.0,0.2
2022-23,2023-02-15,A Taylor,3,3,20.333333333333332,8.666666666666666,11.666666666666666,4.666666666666667,0.0
2022-23,2023-02-15,A Taylor,5,5,19.2,9.0,10.2,4.8,0.0
2022-23,2023-02-15,A Taylor,10,10,20.0,10.0,10.0,4.2,0.1
2022-23,2023-02-18,A Taylor,3,3,18.0,7.333333333333333,10.666666666666666,3.3333333333333335,0.3333333333333333
2022-23,2023-02-18,A Taylor,5,5,17.8,8.4,9.4,4.0,0.2
2022-23,2023-02-18,A Taylor,10,10,19.1,9.3,9.8,4.1,0.1
2022-23,2023-02-25,A Taylor,3,3,20.333333333333332,8.666666666666666,11.666666666666666,3.3333333333333335,0.3333333333333333
2022-23,2023-02-25,A Taylor,5,5,19.2,8.2,11.0,3.8,0.2
2022-23,2023-02-25,A Taylor,10,10,18.3,9.2,9.1,3.8,0.1
2022-23,2023-03-06,A Taylor,3,3,21.333333333333332,9.0,12.333333333333334,2.6666666666666665,0.3333333333333333
2022-23,2023-03-06,A Taylor,5,5,21.4,9.2,12.2,3.2,0.2
2022-23,2023-03-06,A Taylor,10,10,19.5,9.4,10.1,3.7,0.1
2022-23,2023-03-12,A Taylor,3,3,24.666666666666668,12.0,12.666666666666666,2.6666666666666665,0.0
2022-23,2023-03-12,A Taylor,5,5,22.2,10.0,12.2,3.0,0.2
2022-23,2023-03-12,A Taylor,10,10,19.6,9.4,10.2,3.7,0.1
2022-23,2023-04-04,A Taylor,3,3,24.333333333333332,10.0,14.333333333333334,3.3333333333333335,0.0
2022-23,2023-04-04,A Taylor,5,5,21.6,9.0,12.6,3.0,0.2
2022-23,2023-04-04,A Taylor,10,10,20.4,9.0,11.4,3.9,0.1
2022-23,2023-04-08,A Taylor,3,3,22.666666666666668,8.333333333333334,14.333333333333334,4.666666666666667,0.0
2022-23,2023-04-08,A Taylor,5,5,24.2,9.8,14.4,4.0,0.0
2022-23,2023-04-08,A Taylor,10,10,21.0,9.1,11.9,4.0,0.1
2022-23,2023-04-15,A Taylor,3,3,21.0,7.666666666666667,13.333333333333334,5.666666666666667,0.0
2022-23,2023-04-15,A Taylor,5,5,22.6,9.4,13.2,4.4,0.0
2022-23,2023-04-15,A Taylor,10,10,20.9,8.8,12.1,4.1,0.1
2022-23,2023-04-23,A Taylor,3,3,18.333333333333332,8.0,10.333333333333334,5.0,0.0
2022-23,2023-04-23,A Taylor,5,5,19.8,8.4,11.4,4.4,0.0
2022-23,2023-04-23,A Taylor,10,10,20.6,8.8,11.8,3.8,0.1
2022-23,2023-04-27,A Taylor,3,3,15.333333333333334,8.333333333333334,7.0,3.6666666666666665,0.0
2022-23,2023-04-27,A Taylor,5,5,18.6,7.6,11.0,4.6,0.0
2022-23,2023-04-27,A Taylor,10,10,20.4,8.8,11.6,3.8,0.1
2022-23,2023-04-30,A Taylor,3,3,15.666666666666666,7.333333333333333,8.333333333333334,3.6666666666666665,0.0
2022-23,2023-04-30,A Taylor,5,5,17.4,7.8,9.6,4.6,0.0
2022-23,2023-04-30,A Taylor,10,10,19.5,8.4,11.1,3.8,0.1
2022-23,2023-05-06,A Taylor,3,3,20.333333333333332,11.333333333333334,9.0,4.666666666666667,0.0
2022-23,2023-05-06,A Taylor,5,5,18.4,10.2,8.2,4.4,0.0
2022-23,2023-05-06,A Taylor,10,10,21.3,10.0,11.3,4.2,0.0
2022-23,2023-05-14,A Taylor,3,3,20.666666666666668,12.666666666666666,8.0,4.0,0.0
2022-23,2023-05-14,A Taylor,5,5,18.4,10.6,7.8,3.6,0.0
2022-23,2023-05-14,A Taylor,10,10,20.5,10.0,10.5,4.0,0.0
2022-23,2023-05-20,A Taylor,3,3,22.666666666666668,14.0,8.666666666666666,4.0,0.0
2022-23,2023-05-20,A Taylor,5,5,20.0,11.4,8.6,4.0,0.0
2022-23,2023-05-20,A Taylor,10,10,19.9,9.9,10.0,4.2,0.0
2022-23,2023-05-28,A Taylor,3,3,17.0,10.0,7.0,3.0,0.0
2022-23,2023-05-28,A Taylor,5,5,19.4,11.2,8.2,4.0,0.0
2022-23,2023-05-28,A Taylor,10,10,19.0,9.4,9.6,4.3,0.0
2022-23,2022-10-01,C Kavanagh,3,1,24.0,11.0,13.0,4.0,0.0
2022-23,2022-10-01,C Kavanagh,5,1,24.0,11.0,13.0,4.0,0.0
2022-23,2022-10-01,C Kavanagh,10,1,24.0,11.0,13.0,4.0,0.0
2022-23,2022-10-09,C Kavanagh,3,2,20.0,10.0,10.0,4.0,0.0
2022-23,2022-10-09,C Kavanagh,5,2,20.0,10.0,10.0,4.0,0.0
2022-23,2022-10-09,C Kavanagh,10,2,20.0,10.0,10.0,4.0,0.0
2022-23,2022-10-16,C Kavanagh,3,3,20.333333333333332,10.0,10.333333333333334,3.3333333333333335,0.0
2022-23,2022-10-16,C Kavanagh,5,3,20.333333333333332,10.0,10.333333333333334,3.3333333333333335,0.0
2022-23,2022-10-16,C Kavanagh,10,3,20.333333333333332,10.0,10.333333333333334,3.3333333333333335,0.0
2022-23,2022-10-30,C Kavanagh,3,3,19.666666666666668,10.333333333333334,9.333333333333334,3.3333333333333335,0.0
2022-23,2022-10-30,C Kavanagh,5,4,20.75,10.5,10.25,3.5,0.0
2022-23,2022-10-30,C Kavanagh,10,4,20.75,10.5,10.25,3.5,0.0
2022-23,2022-11-13,C Kavanagh,3,3,22.666666666666668,12.0,10.666666666666666,5.0,0.0
2022-23,2022-11-13,C Kavanagh,5,5,21.6,11.2,10.4,4.6,0.0
2022-23,2022-11-13,C Kavanagh,10,5,21.6,11.2,10.4,4.6,0.0
2022-23,2023-03-04,C Kavanagh,3,3,20.333333333333332,10.666666666666666,9.666666666666666,5.0,0.0
2022-23,2023-03-04,C Kavanagh,5,5,19.6,10.2,9.4,4.2,0.0
2022-23,2023-03-04,C Kavanagh,10,6,20.333333333333332,10.333333333333334,10.0,4.166666666666667,0.0
2022-23,2023-03-12,C Kavanagh,3,3,17.666666666666668,9.333333333333334,8.333333333333334,4.0,0.0
2022-23,2023-03-12,C Kavanagh,5,5,19.2,10.0,9.2,3.6,0.0
2022-23,2023-03-12,C Kavanagh,10,7,19.428571428571427,10.0,9.428571428571429,3.7142857142857144,0.0
2022-23,2023-04-01,C Kavanagh,3,3,18.333333333333332,9.333333333333334,9.0,3.6666666666666665,0.0
2022-23,2023-04-01,C Kavanagh,5,5,20.4,10.8,9.6,4.8,0.0
2022-23,2023-04-01,C Kavanagh,10,8,20.375,10.5,9.875,4.25,0.0
2022-23,2023-04-08,C Kavanagh,3,3,22.0,10.666666666666666,11.333333333333334,3.0,0.0
2022-23,2023-04-08,C Kavanagh,5,5,21.0,10.4,10.6,4.0,0.0
2022-23,2023-04-08,C Kavanagh,10,9,20.88888888888889,10.444444444444445,10.444444444444445,3.7777777777777777,0.0
2022-23,2023-04-26,C Kavanagh,3,3,22.0,10.0,12.0,2.6666666666666665,0.0
2022-23,2023-04-26,C Kavanagh,5,5,18.8,8.8,10.0,2.2,0.0
2022-23,2023-04-26,C Kavanagh,10,10,20.2,10.0,10.2,3.4,0.0
2022-23,2023-04-30,C Kavanagh,3,3,21.666666666666668,9.333333333333334,12.333333333333334,0.3333333333333333,0.0
2022-23,2023-04-30,C Kavanagh,5,5,21.2,10.0,11.2,2.0,0.0
2022-23,2023-04-30,C Kavanagh,10,10,20.4,10.1,10.3,3.1,0.0
2022-23,2023-05-07,C Kavanagh,3,3,22.666666666666668,11.333333333333334,11.333333333333334,1.3333333333333333,0.0
2022-23,2023-05-07,C Kavanagh,5,5,24.0,11.6,12.4,2.4,0.0
2022-23,2023-05-07,C Kavanagh,10,10,21.6,10.8,10.8,3.0,0.0
2022-23,2023-05-20,C Kavanagh,3,3,22.333333333333332,11.333333333333334,11.0,1.6666666666666667,0.0
2022-23,2023-05-20,C Kavanagh,5,5,21.2,10.0,11.2,1.0,0.0
2022-23,2023-05-20,C Kavanagh,10,10,20.8,10.4,10.4,2.9,0.0
2022-23,2022-08-06,C Pawson,3,1,25.0,14.0,11.0,5.0,0.0
2022-23,2022-08-06,C Pawson,5,1,25.0,14.0,11.0,5.0,0.0
2022-23,2022-08-06,C Pawson,10,1,25.0,14.0,11.0,5.0,0.0
2022-23,2022-08-20,C Pawson,3,2,23.5,13.0,10.5,4.0,0.0
2022-23,2022-08-20,C Pawson,5,2,23.5,13.0,10.5,4.0,0.0
2022-23,2022-08-20,C Pawson,10,2,23.5,13.0,10.5,4.0,0.0
2022-23,2022-08-28,C Pawson,3,3,23.666666666666668,12.333333333333334,11.333333333333334,5.0,0.0
2022-23,2022-08-28,C Pawson,5,3,23.666666666666668,12.333333333333334,11.333333333333334,5.0,0.0
2022-23,2022-08-28,C Pawson,10,3,23.666666666666668,12.333333333333334,11.333333333333334,5.0,0.0
2022-23,2022-09-01,C Pawson,3,3,22.666666666666668,10.0,12.666666666666666,4.666666666666667,0.0
2022-23,2022-09-01,C Pawson,5,4,23.25,11.0,12.25,4.75,0.0
2022-23,2022-09-01,C Pawson,10,4,23.25,11.0,12.25,4.75,0.0
2022-23,2022-09-17,C Pawson,3,3,22.333333333333332,9.333333333333334,13.0,5.0,0.0
2022-23,2022-09-17,C Pawson,5,5,22.8,10.8,12.0,4.6,0.0
2022-23,2022-09-17,C Pawson,10,5,22.8,10.8,12.0,4.6,0.0
2022-23,2022-10-16,C Pawson,3,3,22.333333333333332,10.0,12.333333333333334,4.0,0.0
2022-23,2022-10-16,C Pawson,5,5,22.6,10.6,12.0,4.4,0.0
2022-23,2022-10-16,C Pawson,10,6,23.0,11.166666666666666,11.833333333333334,4.5,0.0
2022-23,2022-10-22,C Pawson,3,3,22.666666666666668,11.333333333333334,11.333333333333334,4.0,0.0
2022-23,2022-10-22,C Pawson,5,5,22.8,10.4,12.4,4.6,0.0
2022-23,2022-10-22,C Pawson,10,7,23.0,11.142857142857142,11.857142857142858,4.428571428571429,0.0
2022-23,2022-11-12,C Pawson,3,3,22.333333333333332,12.0,10.333333333333334,3.3333333333333335,0.0
2022-23,2022-11-12,C Pawson,5,5,22.0,10.6,11.4,3.6,0.0
2022-23,2022-11-12,C Pawson,10,8,22.625,11.25,11.375,4.125,0.0
2022-23,2022-12-26,C Pawson,3,3,24.666666666666668,10.666666666666666,14.0,4.333333333333333,0.0
2022-23,2022-12-26,C Pawson,5,5,23.8,11.0,12.8,4.2,0.0
2022-23,2022-12-26,C Pawson,10,9,23.555555555555557,11.0,12.555555555555555,4.444444444444445,0.0
2022-23,2022-12-30,C Pawson,3,3,24.666666666666668,9.666666666666666,15.0,3.3333333333333335,0.0
2022-23,2022-12-30,C Pawson,5,5,24.2,10.6,13.6,3.6,0.0
2022-23,2022-12-30,C Pawson,10,10,23.5,10.7,12.8,4.1,0.0
2022-23,2023-01-15,C Pawson,3,3,28.333333333333332,11.0,17.333333333333332,4.666666666666667,0.0
2022-23,2023-01-15,C Pawson,5,5,25.6,11.2,14.4,4.0,0.0
2022-23,2023-01-15,C Pawson,10,10,24.1,10.9,13.2,4.2,0.0
2022-23,2023-01-21,C Pawson,3,3,24.666666666666668,12.333333333333334,12.333333333333334,4.333333333333333,0.0
2022-23,2023-01-21,C Pawson,5,5,25.0,11.6,13.4,4.4,0.0
2022-23,2023-01-21,C Pawson,10,10,23.9,11.0,12.9,4.5,0.0
2022-23,2023-02-04,C Pawson,3,3,24.0,14.333333333333334,9.666666666666666,5.333333333333333,0.0
2022-23,2023-02-04,C Pawson,5,5,25.2,12.0,13.2,4.8,0.0
2022-23,2023-02-04,C Pawson,10,10,23.6,11.3,12.3,4.2,0.0
2022-23,2023-02-11,C Pawson,3,3,20.333333333333332,12.0,8.333333333333334,4.0,0.0
2022-23,2023-02-11,C Pawson,5,5,23.0,12.0,11.0,3.8,0.0
2022-23,2023-02-11,C Pawson,10,10,23.4,11.5,11.9,4.0,0.0
2022-23,2023-02-25,C Pawson,3,3,21.333333333333332,12.333333333333334,9.0,2.3333333333333335,0.0
2022-23,2023-02-25,C Pawson,5,5,23.0,13.2,9.8,3.8,0.0
2022-23,2023-02-25,C Pawson,10,10,23.6,11.9,11.7,3.7,0.0
2022-23,2023-03-04,C Pawson,3,3,24.666666666666668,12.333333333333334,12.333333333333334,2.6666666666666665,0.3333333333333333
2022-23,2023-03-04,C Pawson,5,5,23.0,12.8,10.2,3.6,0.2
2022-23,2023-03-04,C Pawson,10,10,24.3,12.0,12.3,3.8,0.1
2022-23,2023-03-11,C Pawson,3,3,26.666666666666668,13.666666666666666,13.0,3.3333333333333335,0.3333333333333333
2022-23,2023-03-11,C Pawson,5,5,24.2,12.8,11.4,3.2,0.2
2022-23,2023-03-11,C Pawson,10,10,24.6,12.2,12.4,3.8,0.1
2022-23,2023-04-05,C Pawson,3,3,26.666666666666668,12.666666666666666,14.0,4.0,0.3333333333333333
2022-23,2023-04-05,C Pawson,5,5,24.6,12.2,12.4,3.0,0.2
2022-23,2023-04-05,C Pawson,10,10,24.9,12.1,12.8,3.9,0.1
2022-23,2023-04-17,C Pawson,3,3,22.333333333333332,10.0,12.333333333333334,2.6666666666666665,0.0
2022-23,2023-04-17,C Pawson,5,5,24.2,11.6,12.6,2.8,0.2
2022-23,2023-04-17,C Pawson,10,10,23.6,11.8,11.8,3.3,0.1
2022-23,2023-04-29,C Pawson,3,3,22.333333333333332,8.666666666666666,13.666666666666666,2.3333333333333335,0.0
2022-23,2023-04-29,C Pawson,5,5,24.8,10.6,14.2,3.2,0.2
2022-23,2023-04-29,C Pawson,10,10,23.9,11.9,12.0,3.5,0.1
2022-23,2023-05-15,C Pawson,3,3,24.0,8.666666666666666,15.333333333333334,2.3333333333333335,0.0
2022-23,2023-05-15,C Pawson,5,5,24.2,10.0,14.2,2.8,0.0
2022-23,2023-05-15,C Pawson,10,10,23.6,11.4,12.2,3.2,0.1
2022-23,2023-01-03,D Bond,3,1,23.0,12.0,11.0,8.0,0.0
2022-23,2023-01-03,D Bond,5,1,23.0,12.0,11.0,8.0,0.0
2022-23,2023-01-03,D Bond,10,1,23.0,12.0,11.0,8.0,0.0
2022-23,2023-02-04,D Bond,3,2,21.0,11.0,10.0,5.5,0.0
2022-23,2023-02-04,D Bond,5,2,21.0,11.0,10.0,5.5,0.0
2022-23,2023-02-04,D Bond,10,2,21.0,11.0,10.0,5.5,0.0
2022-23,2023-03-18,D Bond,3,3,21.0,10.666666666666666,10.333333333333334,4.666666666666667,0.3333333333333333
2022-23,2023-03-18,D Bond,5,3,21.0,10.666666666666666,10.333333333333334,4.666666666666667,0.3333333333333333
2022-23,2023-03-18,D Bond,10,3,21.0,10.666666666666666,10.333333333333334,4.666666666666667,0.3333333333333333
2022-23,2023-04-04,D Bond,3,3,18.666666666666668,10.333333333333334,8.333333333333334,2.6666666666666665,0.3333333333333333
2022-23,2023-04-04,D Bond,5,4,19.75,10.75,9.0,4.0,0.25
2022-23,2023-04-04,D Bond,10,4,19.75,10.75,9.0,4.0,0.25
2022-23,2022-08-13,D Coote,3,1,18.0,9.0,9.0,3.0,0.0
2022-23,2022-08-13,D Coote,5,1,18.0,9.0,9.0,3.0,0.0
2022-23,2022-08-13,D Coote,10,1,18.0,9.0,9.0,3.0,0.0
2022-23,2022-08-28,D Coote,3,2,19.0,9.5,9.5,2.5,0.0
2022-23,2022-08-28,D Coote,5,2,19.0,9.5,9.5,2.5,0.0
2022-23,2022-08-28,D Coote,10,2,19.0,9.5,9.5,2.5,0.0
2022-23,2022-09-18,D Coote,3,3,19.333333333333332,9.666666666666666,9.666666666666666,2.3333333333333335,0.0
2022-23,2022-09-18,D Coote,5,3,19.333333333333332,9.666666666666666,9.666666666666666,2.3333333333333335,0.0
2022-23,2022-09-18,D Coote,10,3,19.333333333333332,9.666666666666666,9.666666666666666,2.3333333333333335,0.0
2022-23,2022-10-09,D Coote,3,3,20.0,9.0,11.0,2.3333333333333335,0.0
2022-23,2022-10-09,D Coote,5,4,19.5,9.0,10.5,2.5,0.0
2022-23,2022-10-09,D Coote,10,4,19.5,9.0,10.5,2.5,0.0
2022-23,2022-10-18,D Coote,3,3,24.0,10.333333333333334,13.666666666666666,3.0,0.0
2022-23,2022-10-18,D Coote,5,5,22.0,10.0,12.0,2.8,0.0
2022-23,2022-10-18,D Coote,10,5,22.0,10.0,12.0,2.8,0.0
2022-23,2022-10-24,D Coote,3,3,24.0,10.0,14.0,3.0,0.0
2022-23,2022-10-24,D Coote,5,5,22.4,10.0,12.4,2.6,0.0
2022-23,2022-10-24,D Coote,10,6,21.666666666666668,9.833333333333334,11.833333333333334,2.6666666666666665,0.0
2022-23,2022-11-05,D Coote,3,3,22.0,10.666666666666666,11.333333333333334,2.0,0.0
2022-23,2022-11-05,D Coote,5,5,21.2,9.8,11.4,2.2,0.0
2022-23,2022-11-05,D Coote,10,7,20.571428571428573,9.714285714285714,10.857142857142858,2.2857142857142856,0.0
2022-23,2022-12-26,D Coote,3,3,18.333333333333332,9.666666666666666,8.666666666666666,2.0,0.0
2022-23,2022-12-26,D Coote,5,5,21.4,10.0,11.4,2.6,0.0
2022-23,2022-12-26,D Coote,10,8,20.625,9.875,10.75,2.5,0.0
2022-23,2023-01-04,D Coote,3,3,21.333333333333332,10.333333333333334,11.0,2.6666666666666665,0.0
2022-23,2023-01-04,D Coote,5,5,23.2,10.8,12.4,2.8,0.0
2022-23,2023-01-04,D Coote,10,9,21.555555555555557,10.0,11.555555555555555,2.6666666666666665,0.0
2022-23,2023-01-12,D Coote,3,3,26.0,11.333333333333334,14.666666666666666,5.0,0.3333333333333333
2022-23,2023-01-12,D Coote,5,5,22.4,10.4,12.0,3.4,0.2
2022-23,2023-01-12,D Coote,10,10,22.2,10.2,12.0,3.1,0.1
2022-23,2023-01-22,D Coote,3,3,25.666666666666668,11.0,14.666666666666666,4.666666666666667,0.3333333333333333
2022-23,2023-01-22,D Coote,5,5,22.4,10.6,11.8,3.6,0.2
2022-23,2023-01-22,D Coote,10,10,22.4,10.3,12.1,3.1,0.1
2022-23,2023-02-04,D Coote,3,3,23.0,11.666666666666666,11.333333333333334,5.0,0.3333333333333333
2022-23,2023-02-04,D Coote,5,5,23.8,11.4,12.4,4.6,0.2
2022-23,2023-02-04,D Coote,10,10,22.5,10.6,11.9,3.4,0.1
2022-23,2023-02-18,D Coote,3,3,27.0,13.0,14.0,5.666666666666667,0.0
2022-23,2023-02-18,D Coote,5,5,27.6,12.4,15.2,5.6,0.2
2022-23,2023-02-18,D Coote,10,10,24.5,11.2,13.3,4.1,0.1
2022-23,2023-03-12,D Coote,3,3,26.666666666666668,13.0,13.666666666666666,5.0,0.0
2022-23,2023-03-12,D Coote,5,5,25.6,12.2,13.4,5.0,0.2
2022-23,2023-03-12,D Coote,10,10,24.4,11.5,12.9,3.9,0.1
2022-23,2023-04-03,D Coote,3,3,27.666666666666668,12.0,15.666666666666666,4.333333333333333,0.6666666666666666
2022-23,2023-04-03,D Coote,5,5,24.8,11.8,13.0,4.2,0.4
2022-23,2023-04-03,D Coote,10,10,23.6,11.1,12.5,3.8,0.3
2022-23,2023-04-08,D Coote,3,3,22.0,10.0,12.0,2.3333333333333335,0.6666666666666666
2022-23,2023-04-08,D Coote,5,5,25.4,11.8,13.6,4.2,0.4
2022-23,2023-04-08,D Coote,10,10,23.9,11.2,12.7,3.9,0.3
2022-23,2023-04-16,D Coote,3,3,22.0,10.333333333333334,11.666666666666666,3.0,0.6666666666666666
2022-23,2023-04-16,D Coote,5,5,25.0,11.4,13.6,3.8,0.4
2022-23,2023-04-16,D Coote,10,10,24.4,11.4,13.0,4.2,0.3
2022-23,2023-04-23,D Coote,3,3,20.666666666666668,9.333333333333334,11.333333333333334,3.0,0.0
2022-23,2023-04-23,D Coote,5,5,21.0,9.6,11.4,2.6,0.4
2022-23,2023-04-23,D Coote,10,10,24.3,11.0,13.3,4.1,0.3
2022-23,2023-04-29,D Coote,3,3,21.333333333333332,10.666666666666666,10.666666666666666,2.6666666666666665,0.0
2022-23,2023-04-29,D Coote,5,5,22.2,10.4,11.8,2.8,0.4
2022-23,2023-04-29,D Coote,10,10,23.9,11.3,12.6,3.9,0.3
2022-23,2023-05-20,D Coote,3,3,24.333333333333332,13.0,11.333333333333334,3.6666666666666665,0.0
2022-23,2023-05-20,D Coote,5,5,23.0,12.0,11.0,3.4,0.0
2022-23,2023-05-20,D Coote,10,10,23.9,11.9,12.0,3.8,0.2
2022-23,2023-05-28,D Coote,3,3,28.0,15.666666666666666,12.333333333333334,5.333333333333333,0.0
2022-23,2023-05-28,D Coote,5,5,24.6,13.0,11.6,4.4,0.0
2022-23,2023-05-28,D Coote,10,10,25.0,12.4,12.6,4.3,0.2
2022-23,2022-08-13,D England,3,1,24.0,15.0,9.0,2.0,0.0
2022-23,2022-08-13,D England,5,1,24.0,15.0,9.0,2.0,0.0
2022-23,2022-08-13,D England,10,1,24.0,15.0,9.0,2.0,0.0
2022-23,2022-08-27,D England,3,2,23.0,14.5,8.5,2.5,0.0
2022-23,2022-08-27,D England,5,2,23.0,14.5,8.5,2.5,0.0
2022-23,2022-08-27,D England,10,2,23.0,14.5,8.5,2.5,0.0
2022-23,2022-08-30,D England,3,3,21.666666666666668,13.0,8.666666666666666,3.6666666666666665,0.0
2022-23,2022-08-30,D England,5,3,21.666666666666668,13.0,8.666666666666666,3.6666666666666665,0.0
2022-23,2022-08-30,D England,10,3,21.666666666666668,13.0,8.666666666666666,3.6666666666666665,0.0
2022-23,2022-10-01,D England,3,3,20.0,11.0,9.0,3.6666666666666665,0.3333333333333333
2022-23,2022-10-01,D England,5,4,21.0,12.0,9.0,3.25,0.25
2022-23,2022-10-01,D England,10,4,21.0,12.0,9.0,3.25,0.25
2022-23,2022-10-18,D England,3,3,20.666666666666668,9.666666666666666,11.0,4.0,0.3333333333333333
2022-23,2022-10-18,D England,5,5,21.6,11.6,10.0,3.4,0.2
2022-23,2022-10-18,D England,10,5,21.6,11.6,10.0,3.4,0.2
2022-23,2022-10-23,D England,3,3,22.666666666666668,11.0,11.666666666666666,2.3333333333333335,0.3333333333333333
2022-23,2022-10-23,D England,5,5,21.8,11.4,10.4,3.2,0.2
2022-23,2022-10-23,D England,10,6,22.166666666666668,12.0,10.166666666666666,3.0,0.16666666666666666
2022-23,2022-11-05,D England,3,3,22.0,10.0,12.0,3.6666666666666665,0.3333333333333333
2022-23,2022-11-05,D England,5,5,20.8,9.8,11.0,3.8,0.4
2022-23,2022-11-05,D England,10,7,21.428571428571427,11.142857142857142,10.285714285714286,3.4285714285714284,0.2857142857142857
2022-23,2022-12-30,D England,3,3,18.666666666666668,9.666666666666666,9.0,2.6666666666666665,0.3333333333333333
2022-23,2022-12-30,D England,5,5,19.8,9.6,10.2,2.8,0.4
2022-23,2022-12-30,D England,10,8,20.5,10.875,9.625,3.125,0.25
2022-23,2023-01-14,D England,3,3,18.0,7.666666666666667,10.333333333333334,3.6666666666666665,0.3333333333333333
2022-23,2023-01-14,D England,5,5,20.6,9.4,11.2,3.2,0.2
2022-23,2023-01-14,D England,10,9,20.77777777777778,10.555555555555555,10.222222222222221,3.2222222222222223,0.2222222222222222
2022-23,2023-02-04,D England,3,3,19.0,9.0,10.0,2.3333333333333335,0.0
2022-23,2023-02-04,D England,5,5,19.8,9.4,10.4,2.8,0.2
2022-23,2023-02-04,D England,10,10,20.7,10.5,10.2,3.1,0.2
2022-23,2023-02-18,D England,3,3,23.0,10.0,13.0,3.6666666666666665,0.0
2022-23,2023-02-18,D England,5,5,20.0,9.0,11.0,3.6,0.2
2022-23,2023-02-18,D England,10,10,20.9,10.2,10.7,3.4,0.2
2022-23,2023-02-25,D England,3,3,23.666666666666668,11.0,12.666666666666666,4.666666666666667,0.0
2022-23,2023-02-25,D England,5,5,21.6,10.0,11.6,3.8,0.0
2022-23,2023-02-25,D England,10,10,21.2,9.9,11.3,3.8,0.2
2022-23,2023-03-18,D England,3,3,23.666666666666668,10.333333333333334,13.333333333333334,5.333333333333333,0.0
2022-23,2023-03-18,D England,5,5,22.8,9.8,13.0,4.4,0.0
2022-23,2023-03-18,D England,10,10,21.3,9.7,11.6,3.6,0.2
2022-23,2023-04-01,D England,3,3,23.0,10.0,13.0,4.333333333333333,0.0
2022-23,2023-04-01,D England,5,5,23.0,10.4,12.6,4.0,0.0
2022-23,2023-04-01,D England,10,10,21.8,9.9,11.9,3.6,0.1
2022-23,2023-04-15,D England,3,3,20.0,9.0,11.0,2.6666666666666665,0.0
2022-23,2023-04-15,D England,5,5,22.2,10.0,12.2,4.0,0.0
2022-23,2023-04-15,D England,10,10,21.0,9.7,11.3,3.4,0.1
2022-23,2023-04-27,D England,3,3,20.0,9.333333333333334,10.666666666666666,2.3333333333333335,0.0
2022-23,2023-04-27,D England,5,5,21.0,9.4,11.6,3.6,0.0
2022-23,2023-04-27,D England,10,10,20.5,9.2,11.3,3.6,0.1
2022-23,2023-05-06,D England,3,3,21.666666666666668,10.666666666666666,11.0,4.333333333333333,0.0
2022-23,2023-05-06,D England,5,5,21.8,10.2,11.6,3.8,0.0
2022-23,2023-05-06,D England,10,10,21.7,10.1,11.6,3.8,0.0
2022-23,2023-05-28,D England,3,3,21.0,9.333333333333334,11.666666666666666,4.333333333333333,0.0
2022-23,2023-05-28,D England,5,5,20.6,9.4,11.2,3.4,0.0
2022-23,2023-05-28,D England,10,10,21.7,9.6,12.1,3.9,0.0
2022-23,2022-08-13,G Scott,3,1,14.0,8.0,6.0,5.0,0.0
2022-23,2022-08-13,G Scott,5,1,14.0,8.0,6.0,5.0,0.0
2022-23,2022-08-13,G Scott,10,1,14.0,8.0,6.0,5.0,0.0
2022-23,2022-10-15,G Scott,3,2,17.0,8.5,8.5,3.5,0.0
2022-23,2022-10-15,G Scott,5,2,17.0,8.5,8.5,3.5,0.0
2022-23,2022-10-15,G Scott,10,2,17.0,8.5,8.5,3.5,0.0
2022-23,2022-11-05,G Scott,3,3,20.0,10.666666666666666,9.333333333333334,3.0,0.3333333333333333
2022-23,2022-11-05,G Scott,5,3,20.0,10.666666666666666,9.333333333333334,3.0,0.3333333333333333
2022-23,2022-11-05,G Scott,10,3,20.0,10.666666666666666,9.333333333333334,3.0,0.3333333333333333
2022-23,2022-12-31,G Scott,3,3,22.333333333333332,10.666666666666666,11.666666666666666,1.6666666666666667,0.3333333333333333
2022-23,2022-12-31,G Scott,5,4,20.25,10.0,10.25,2.5,0.25
2022-23,2022-12-31,G Scott,10,4,20.25,10.0,10.25,2.5,0.25
2022-23,2023-02-18,G Scott,3,3,20.333333333333332,10.333333333333334,10.0,1.3333333333333333,0.3333333333333333
2022-23,2023-02-18,G Scott,5,5,19.0,9.6,9.4,2.2,0.2
2022-23,2023-02-18,G Scott,10,5,19.0,9.6,9.4,2.2,0.2
2022-23,2023-04-04,G Scott,3,3,19.666666666666668,8.666666666666666,11.0,1.3333333333333333,0.3333333333333333
2022-23,2023-04-04,G Scott,5,5,21.0,10.0,11.0,1.6,0.4
2022-23,2023-04-04,G Scott,10,6,19.833333333333332,9.666666666666666,10.166666666666666,2.1666666666666665,0.3333333333333333
2022-23,2022-08-13,J Brooks,3,1,21.0,7.0,14.0,6.0,0.0
2022-23,2022-08-13,J Brooks,5,1,21.0,7.0,14.0,6.0,0.0
2022-23,2022-08-13,J Brooks,10,1,21.0,7.0,14.0,6.0,0.0
2022-23,2022-08-27,J Brooks,3,2,18.5,7.5,11.0,5.0,0.0
2022-23,2022-08-27,J Brooks,5,2,18.5,7.5,11.0,5.0,0.0
2022-23,2022-08-27,J Brooks,10,2,18.5,7.5,11.0,5.0,0.0
2022-23,2022-09-03,J Brooks,3,3,20.333333333333332,8.333333333333334,12.0,5.333333333333333,0.0
2022-23,2022-09-03,J Brooks,5,3,20.333333333333332,8.333333333333334,12.0,5.333333333333333,0.0
2022-23,2022-09-03,J Brooks,10,3,20.333333333333332,8.333333333333334,12.0,5.333333333333333,0.0
2022-23,2022-10-08,J Brooks,3,3,21.0,10.666666666666666,10.333333333333334,3.6666666666666665,0.0
2022-23,2022-10-08,J Brooks,5,4,21.0,9.75,11.25,4.25,0.0
2022-23,2022-10-08,J Brooks,10,4,21.0,9.75,11.25,4.25,0.0
2022-23,2022-10-19,J Brooks,3,3,22.666666666666668,10.666666666666666,12.0,3.6666666666666665,0.0
2022-23,2022-10-19,J Brooks,5,5,21.0,9.4,11.6,4.2,0.0
2022-23,2022-10-19,J Brooks,10,5,21.0,9.4,11.6,4.2,0.0
2022-23,2022-10-29,J Brooks,3,3,20.666666666666668,10.666666666666666,10.0,2.6666666666666665,0.0
2022-23,2022-10-29,J Brooks,5,5,20.4,10.0,10.4,3.6,0.0
2022-23,2022-10-29,J Brooks,10,6,20.5,9.5,11.0,4.0,0.0
2022-23,2022-11-12,J Brooks,3,3,21.0,9.666666666666666,11.333333333333334,4.0,0.0
2022-23,2022-11-12,J Brooks,5,5,22.0,10.6,11.4,3.8,0.0
2022-23,2022-11-12,J Brooks,10,7,21.0,9.714285714285714,11.285714285714286,4.142857142857143,0.0
2022-23,2023-01-01,J Brooks,3,3,22.333333333333332,12.0,10.333333333333334,5.0,0.0
2022-23,2023-01-01,J Brooks,5,5,22.2,11.6,10.6,4.0,0.0
2022-23,2023-01-01,J Brooks,10,8,21.5,10.375,11.125,4.5,0.0
2022-23,2023-01-14,J Brooks,3,3,25.0,11.0,14.0,5.0,0.0
2022-23,2023-01-14,J Brooks,5,5,22.8,10.2,12.6,4.4,0.0
2022-23,2023-01-14,J Brooks,10,9,22.0,10.0,12.0,4.333333333333333,0.0
2022-23,2023-03-05,J Brooks,3,3,26.333333333333332,11.0,15.333333333333334,6.0,0.0
2022-23,2023-03-05,J Brooks,5,5,24.2,10.8,13.4,5.2,0.0
2022-23,2023-03-05,J Brooks,10,10,22.6,10.1,12.5,4.7,0.0
2022-23,2023-03-11,J Brooks,3,3,23.333333333333332,8.333333333333334,15.0,4.666666666666667,0.0
2022-23,2023-03-11,J Brooks,5,5,23.8,10.2,13.6,5.2,0.0
2022-23,2023-03-11,J Brooks,10,10,22.1,10.1,12.0,4.4,0.0
2022-23,2023-04-05,J Brooks,3,3,21.666666666666668,8.666666666666666,13.0,5.333333333333333,0.0
2022-23,2023-04-05,J Brooks,5,5,23.2,9.6,13.6,5.2,0.0
2022-23,2023-04-05,J Brooks,10,10,22.6,10.1,12.5,4.5,0.0
2022-23,2023-04-15,J Brooks,3,3,21.666666666666668,9.333333333333334,12.333333333333334,3.3333333333333335,0.0
2022-23,2023-04-15,J Brooks,5,5,23.8,9.2,14.6,4.2,0.0
2022-23,2023-04-15,J Brooks,10,10,23.0,10.4,12.6,4.1,0.0
2022-23,2023-04-22,J Brooks,3,3,25.0,11.0,14.0,3.0,0.3333333333333333
2022-23,2023-04-22,J Brooks,5,5,23.8,10.2,13.6,4.0,0.2
2022-23,2023-04-22,J Brooks,10,10,23.3,10.2,13.1,4.2,0.1
2022-23,2023-05-03,J Brooks,3,3,23.333333333333332,11.0,12.333333333333334,1.6666666666666667,0.3333333333333333
2022-23,2023-05-03,J Brooks,5,5,21.4,9.6,11.8,2.6,0.2
2022-23,2023-05-03,J Brooks,10,10,22.8,10.2,12.6,3.9,0.1
2022-23,2023-05-06,J Brooks,3,3,20.666666666666668,9.666666666666666,11.0,2.3333333333333335,0.3333333333333333
2022-23,2023-05-06,J Brooks,5,5,22.2,10.0,12.2,2.8,0.2
2022-23,2023-05-06,J Brooks,10,10,23.0,10.1,12.9,4.0,0.1
2022-23,2023-05-13,J Brooks,3,3,18.0,8.666666666666666,9.333333333333334,3.3333333333333335,0.0
2022-23,2023-05-13,J Brooks,5,5,21.6,10.2,11.4,2.8,0.2
2022-23,2023-05-13,J Brooks,10,10,22.4,9.9,12.5,4.0,0.1
2022-23,2023-05-20,J Brooks,3,3,22.333333333333332,11.333333333333334,11.0,5.666666666666667,0.0
2022-23,2023-05-20,J Brooks,5,5,21.8,10.8,11.0,4.0,0.2
2022-23,2023-05-20,J Brooks,10,10,22.8,10.0,12.8,4.1,0.1
2022-23,2023-05-28,J Brooks,3,3,22.333333333333332,12.333333333333334,10.0,5.666666666666667,0.0
2022-23,2023-05-28,J Brooks,5,5,20.6,10.8,9.8,4.4,0.0
2022-23,2023-05-28,J Brooks,10,10,22.2,10.5,11.7,4.2,0.1
2022-23,2022-08-07,J Gillett,3,1,11.0,6.0,5.0,0.0,0.0
2022-23,2022-08-07,J Gillett,5,1,11.0,6.0,5.0,0.0,0.0
2022-23,2022-08-07,J Gillett,10,1,11.0,6.0,5.0,0.0,0.0
2022-23,2022-08-21,J Gillett,3,2,16.0,10.0,6.0,3.0,0.0
2022-23,2022-08-21,J Gillett,5,2,16.0,10.0,6.0,3.0,0.0
2022-23,2022-08-21,J Gillett,10,2,16.0,10.0,6.0,3.0,0.0
2022-23,2022-08-27,J Gillett,3,3,16.666666666666668,8.666666666666666,8.0,3.6666666666666665,0.0
2022-23,2022-08-27,J Gillett,5,3,16.666666666666668,8.666666666666666,8.0,3.6666666666666665,0.0
2022-23,2022-08-27,J Gillett,10,3,16.666666666666668,8.666666666666666,8.0,3.6666666666666665,0.0
2022-23,2022-09-16,J Gillett,3,3,20.0,10.333333333333334,9.666666666666666,5.666666666666667,0.0
2022-23,2022-09-16,J Gillett,5,4,17.75,9.25,8.5,4.25,0.0
2022-23,2022-09-16,J Gillett,10,4,17.75,9.25,8.5,4.25,0.0
2022-23,2022-10-19,J Gillett,3,3,17.666666666666668,8.0,9.666666666666666,3.6666666666666665,0.0
2022-23,2022-10-19,J Gillett,5,5,17.0,8.8,8.2,3.4,0.0
2022-23,2022-10-19,J Gillett,10,5,17.0,8.8,8.2,3.4,0.0
2022-23,2022-10-23,J Gillett,3,3,17.666666666666668,10.0,7.666666666666667,4.0,0.0
2022-23,2022-10-23,J Gillett,5,5,18.4,10.0,8.4,4.6,0.0
2022-23,2022-10-23,J Gillett,10,6,17.166666666666668,9.333333333333334,7.833333333333333,3.8333333333333335,0.0
2022-23,2022-11-12,J Gillett,3,3,16.333333333333332,9.333333333333334,7.0,3.3333333333333335,0.0
2022-23,2022-11-12,J Gillett,5,5,17.6,9.0,8.6,4.2,0.0
2022-23,2022-11-12,J Gillett,10,7,17.142857142857142,9.285714285714286,7.857142857142857,3.857142857142857,0.0
2022-23,2022-12-26,J Gillett,3,3,16.666666666666668,10.0,6.666666666666667,3.3333333333333335,0.0
2022-23,2022-12-26,J Gillett,5,5,17.0,9.6,7.4,3.2,0.0
2022-23,2022-12-26,J Gillett,10,8,16.875,9.25,7.625,3.375,0.0
2022-23,2023-01-04,J Gillett,3,3,16.666666666666668,8.0,8.666666666666666,2.6666666666666665,0.0
2022-23,2023-01-04,J Gillett,5,5,16.4,8.6,7.8,2.8,0.0
2022-23,2023-01-04,J Gillett,10,9,17.0,8.88888888888889,8.11111111111111,3.4444444444444446,0.0
2022-23,2023-01-14,J Gillett,3,3,15.666666666666666,6.666666666666667,9.0,2.0,0.0
2022-23,2023-01-14,J Gillett,5,5,16.4,8.2,8.2,3.2,0.0
2022-23,2023-01-14,J Gillett,10,10,16.7,8.5,8.2,3.3,0.0
2022-23,2023-02-11,J Gillett,3,3,19.333333333333332,7.666666666666667,11.666666666666666,3.3333333333333335,0.3333333333333333
2022-23,2023-02-11,J Gillett,5,5,18.0,8.2,9.8,2.8,0.2
2022-23,2023-02-11,J Gillett,10,10,18.2,9.1,9.1,3.7,0.1
2022-23,2023-02-25,J Gillett,3,3,17.666666666666668,8.333333333333334,9.333333333333334,2.0,0.3333333333333333
2022-23,2023-02-25,J Gillett,5,5,17.2,8.0,9.2,2.0,0.2
2022-23,2023-02-25,J Gillett,10,10,17.4,8.5,8.9,3.1,0.1
2022-23,2023-04-08,J Gillett,3,3,20.333333333333332,10.0,10.333333333333334,2.0,0.3333333333333333
2022-23,2023-04-08,J Gillett,5,5,18.6,8.2,10.4,2.4,0.2
2022-23,2023-04-08,J Gillett,10,10,17.8,8.9,8.9,2.8,0.1
2022-23,2023-04-26,J Gillett,3,3,16.666666666666668,8.333333333333334,8.333333333333334,1.3333333333333333,0.0
2022-23,2023-04-26,J Gillett,5,5,18.0,8.4,9.6,2.0,0.2
2022-23,2023-04-26,J Gillett,10,10,17.2,8.5,8.7,2.4,0.1
2022-23,2023-04-30,J Gillett,3,3,20.0,11.0,9.0,2.0,0.0
2022-23,2023-04-30,J Gillett,5,5,19.8,10.6,9.2,2.0,0.2
2022-23,2023-04-30,J Gillett,10,10,18.1,9.4,8.7,2.6,0.1
2022-23,2023-05-20,J Gillett,3,3,19.333333333333332,11.333333333333334,8.0,2.0,0.0
2022-23,2023-05-20,J Gillett,5,5,18.6,10.4,8.2,1.6,0.0
2022-23,2023-05-20,J Gillett,10,10,18.3,9.3,9.0,2.2,0.1
2022-23,2023-05-28,J Gillett,3,3,21.0,12.0,9.0,1.3333333333333333,0.0
2022-23,2023-05-28,J Gillett,5,5,20.0,10.6,9.4,1.6,0.0
2022-23,2023-05-28,J Gillett,10,10,18.6,9.3,9.3,1.8,0.1
2022-23,2023-05-20,J Smith,3,1,25.0,13.0,12.0,3.0,0.0
2022-23,2023-05-20,J Smith,5,1,25.0,13.0,12.0,3.0,0.0
2022-23,2023-05-20,J Smith,10,1,25.0,13.0,12.0,3.0,0.0
2022-23,2022-08-07,M Oliver,3,1,12.0,8.0,4.0,1.0,0.0
2022-23,2022-08-07,M Oliver,5,1,12.0,8.0,4.0,1.0,0.0
2022-23,2022-08-07,M Oliver,10,1,12.0,8.0,4.0,1.0,0.0
2022-23,2022-08-13,M Oliver,3,2,14.0,8.5,5.5,3.0,0.0
2022-23,2022-08-13,M Oliver,5,2,14.0,8.5,5.5,3.0,0.0
2022-23,2022-08-13,M Oliver,10,2,14.0,8.5,5.5,3.0,0.0
2022-23,2022-08-22,M Oliver,3,3,15.333333333333334,9.333333333333334,6.0,3.3333333333333335,0.0
2022-23,2022-08-22,M Oliver,5,3,15.333333333333334,9.333333333333334,6.0,3.3333333333333335,0.0
2022-23,2022-08-22,M Oliver,10,3,15.333333333333334,9.333333333333334,6.0,3.3333333333333335,0.0
2022-23,2022-08-30,M Oliver,3,3,19.666666666666668,11.666666666666666,8.0,4.0,0.0
2022-23,2022-08-30,M Oliver,5,4,17.75,10.75,7.0,3.25,0.0
2022-23,2022-08-30,M Oliver,10,4,17.75,10.75,7.0,3.25,0.0
2022-23,2022-09-03,M Oliver,3,3,22.0,13.0,9.0,3.3333333333333335,0.0
2022-23,2022-09-03,M Oliver,5,5,18.8,11.2,7.6,3.2,0.0
2022-23,2022-09-03,M Oliver,10,5,18.8,11.2,7.6,3.2,0.0
2022-23,2022-09-18,M Oliver,3,3,22.333333333333332,12.0,10.333333333333334,3.3333333333333335,0.0
2022-23,2022-09-18,M Oliver,5,5,20.2,11.2,9.0,3.8,0.0
2022-23,2022-09-18,M Oliver,10,6,18.833333333333332,10.666666666666666,8.166666666666666,3.3333333333333335,0.0
2022-23,2022-10-02,M Oliver,3,3,18.0,8.0,10.0,3.3333333333333335,0.0
2022-23,2022-10-02,M Oliver,5,5,19.4,10.0,9.4,3.4,0.0
2022-23,2022-10-02,M Oliver,10,7,17.857142857142858,9.571428571428571,8.285714285714286,3.2857142857142856,0.0
2022-23,2022-10-09,M Oliver,3,3,17.666666666666668,7.333333333333333,10.333333333333334,3.3333333333333335,0.0
2022-23,2022-10-09,M Oliver,5,5,20.2,10.0,10.2,3.2,0.0
2022-23,2022-10-09,M Oliver,10,8,18.375,9.75,8.625,3.25,0.0
2022-23,2022-10-20,M Oliver,3,3,18.666666666666668,8.333333333333334,10.333333333333334,2.6666666666666665,0.3333333333333333
2022-23,2022-10-20,M Oliver,5,5,19.6,9.2,10.4,3.0,0.2
2022-23,2022-10-20,M Oliver,10,9,18.77777777777778,9.88888888888889,8.88888888888889,3.111111111111111,0.1111111111111111
2022-23,2022-10-23,M Oliver,3,3,22.333333333333332,10.666666666666666,11.666666666666666,2.6666666666666665,0.3333333333333333
2022-23,2022-10-23,M Oliver,5,5,19.6,8.6,11.0,3.0,0.2
2022-23,2022-10-23,M Oliver,10,10,19.2,9.9,9.3,3.1,0.1
2022-23,2022-10-29,M Oliver,3,3,19.0,10.0,9.0,2.0,0.3333333333333333
2022-23,2022-10-29,M Oliver,5,5,18.2,8.8,9.4,2.4,0.2
2022-23,2022-10-29,M Oliver,10,10,19.2,10.0,9.2,3.1,0.1
2022-23,2022-11-06,M Oliver,3,3,22.666666666666668,13.0,9.666666666666666,3.6666666666666665,0.0
2022-23,2022-11-06,M Oliver,5,5,22.4,12.2,10.2,3.2,0.2
2022-23,2022-11-06,M Oliver,10,10,20.9,11.1,9.8,3.3,0.1
2022-23,2022-12-26,M Oliver,3,3,25.0,14.0,11.0,3.3333333333333335,0.0
2022-23,2022-12-26,M Oliver,5,5,24.0,12.6,11.4,3.0,0.2
2022-23,2022-12-26,M Oliver,10,10,22.1,11.3,10.8,3.1,0.1
2022-23,2023-01-04,M Oliver,3,3,27.333333333333332,14.666666666666666,12.666666666666666,4.0,0.0
2022-23,2023-01-04,M Oliver,5,5,23.4,12.6,10.8,3.2,0.0
2022-23,2023-01-04,M Oliver,10,10,21.5,10.9,10.6,3.1,0.1
2022-23,2023-01-13,M Oliver,3,3,23.0,12.0,11.0,3.0,0.0
2022-23,2023-01-13,M Oliver,5,5,22.8,13.0,9.8,3.4,0.0
2022-23,2023-01-13,M Oliver,10,10,21.2,10.8,10.4,3.2,0.1
2022-23,2023-01-21,M Oliver,3,3,21.333333333333332,13.0,8.333333333333334,3.6666666666666665,0.0
2022-23,2023-01-21,M Oliver,5,5,25.4,14.4,11.0,4.0,0.0
2022-23,2023-01-21,M Oliver,10,10,21.8,11.6,10.2,3.2,0.1
2022-23,2023-02-11,M Oliver,3,3,22.0,12.666666666666666,9.333333333333334,4.333333333333333,0.0
2022-23,2023-02-11,M Oliver,5,5,23.0,12.4,10.6,3.6,0.0
2022-23,2023-02-11,M Oliver,10,10,22.7,12.3,10.4,3.4,0.1
2022-23,2023-02-19,M Oliver,3,3,24.0,14.0,10.0,4.0,0.0
2022-23,2023-02-19,M Oliver,5,5,22.2,13.0,9.2,3.8,0.0
2022-23,2023-02-19,M Oliver,10,10,23.1,12.8,10.3,3.4,0.1
2022-23,2023-02-24,M Oliver,3,3,25.333333333333332,12.666666666666666,12.666666666666666,3.3333333333333335,0.0
2022-23,2023-02-24,M Oliver,5,5,24.2,13.2,11.0,3.6,0.0
2022-23,2023-02-24,M Oliver,10,10,23.8,12.9,10.9,3.4,0.0
2022-23,2023-03-01,M Oliver,3,3,24.0,11.0,13.0,2.3333333333333335,0.0
2022-23,2023-03-01,M Oliver,5,5,23.6,11.8,11.8,3.2,0.0
2022-23,2023-03-01,M Oliver,10,10,23.2,12.4,10.8,3.3,0.0
2022-23,2023-03-04,M Oliver,3,3,21.0,9.0,12.0,2.0,0.0
2022-23,2023-03-04,M Oliver,5,5,22.0,10.6,11.4,2.8,0.0
2022-23,2023-03-04,M Oliver,10,10,23.7,12.5,11.2,3.4,0.0
2022-23,2023-04-01,M Oliver,3,3,20.0,10.333333333333334,9.666666666666666,2.3333333333333335,0.0
2022-23,2023-04-01,M Oliver,5,5,23.0,11.8,11.2,2.4,0.0
2022-23,2023-04-01,M Oliver,10,10,23.0,12.1,10.9,3.0,0.0
2022-23,2023-04-08,M Oliver,3,3,20.666666666666668,12.0,8.666666666666666,1.6666666666666667,0.0
2022-23,2023-04-08,M Oliver,5,5,21.6,10.6,11.0,1.8,0.0
2022-23,2023-04-08,M Oliver,10,10,21.9,11.8,10.1,2.8,0.0
2022-23,2023-04-15,M Oliver,3,3,21.333333333333332,10.666666666666666,10.666666666666666,2.3333333333333335,0.0
2022-23,2023-04-15,M Oliver,5,5,19.6,9.4,10.2,2.2,0.0
2022-23,2023-04-15,M Oliver,10,10,21.9,11.3,10.6,2.9,0.0
2022-23,2023-04-22,M Oliver,3,3,19.666666666666668,8.333333333333334,11.333333333333334,1.6666666666666667,0.0
2022-23,2023-04-22,M Oliver,5,5,20.4,10.2,10.2,2.0,0.0
2022-23,2023-04-22,M Oliver,10,10,22.0,11.0,11.0,2.6,0.0
2022-23,2023-04-26,M Oliver,3,3,22.0,9.333333333333334,12.666666666666666,3.0,0.0
2022-23,2023-04-26,M Oliver,5,5,22.2,10.8,11.4,2.4,0.0
2022-23,2023-04-26,M Oliver,10,10,22.1,10.7,11.4,2.6,0.0
2022-23,2023-05-01,M Oliver,3,3,23.0,10.666666666666666,12.333333333333334,3.3333333333333335,0.0
2022-23,2023-05-01,M Oliver,5,5,21.4,9.6,11.8,2.8,0.0
2022-23,2023-05-01,M Oliver,10,10,22.2,10.7,11.5,2.6,0.0
2022-23,2023-05-08,M Oliver,3,3,24.666666666666668,13.0,11.666666666666666,3.3333333333333335,0.0
2022-23,2023-05-08,M Oliver,5,5,22.8,10.8,12.0,3.0,0.0
2022-23,2023-05-08,M Oliver,10,10,22.2,10.7,11.5,2.4,0.0
2022-23,2023-05-14,M Oliver,3,3,19.333333333333332,10.333333333333334,9.0,2.3333333333333335,0.0
2022-23,2023-05-14,M Oliver,5,5,21.0,10.6,10.4,2.4,0.0
2022-23,2023-05-14,M Oliver,10,10,20.3,10.0,10.3,2.3,0.0
2022-23,2023-05-21,M Oliver,3,3,19.0,11.0,8.0,1.3333333333333333,0.0
2022-23,2023-05-21,M Oliver,5,5,21.0,11.2,9.8,2.6,0.0
2022-23,2023-05-21,M Oliver,10,10,20.7,10.7,10.0,2.3,0.0
2022-23,2022-08-20,M Salisbury,3,1,26.0,11.0,15.0,5.0,0.0
2022-23,2022-08-20,M Salisbury,5,1,26.0,11.0,15.0,5.0,0.0
2022-23,2022-08-20,M Salisbury,10,1,26.0,11.0,15.0,5.0,0.0
2022-23,2022-08-27,M Salisbury,3,2,25.0,10.5,14.5,5.0,0.0
2022-23,2022-08-27,M Salisbury,5,2,25.0,10.5,14.5,5.0,0.0
2022-23,2022-08-27,M Salisbury,10,2,25.0,10.5,14.5,5.0,0.0
2022-23,2022-09-03,M Salisbury,3,3,27.0,13.333333333333334,13.666666666666666,4.333333333333333,0.0
2022-23,2022-09-03,M Salisbury,5,3,27.0,13.333333333333334,13.666666666666666,4.333333333333333,0.0
2022-23,2022-09-03,M Salisbury,10,3,27.0,13.333333333333334,13.666666666666666,4.333333333333333,0.0
2022-23,2022-10-08,M Salisbury,3,3,26.333333333333332,12.333333333333334,14.0,3.6666666666666665,0.0
2022-23,2022-10-08,M Salisbury,5,4,26.25,12.0,14.25,4.0,0.0
2022-23,2022-10-08,M Salisbury,10,4,26.25,12.0,14.25,4.0,0.0
2022-23,2022-10-14,M Salisbury,3,3,27.333333333333332,13.0,14.333333333333334,3.3333333333333335,0.0
2022-23,2022-10-14,M Salisbury,5,5,26.4,12.0,14.4,4.0,0.0
2022-23,2022-10-14,M Salisbury,10,5,26.4,12.0,14.4,4.0,0.0
2022-23,2022-10-29,M Salisbury,3,3,25.333333333333332,11.0,14.333333333333334,4.333333333333333,0.0
2022-23,2022-10-29,M Salisbury,5,5,26.2,12.4,13.8,4.2,0.0
2022-23,2022-10-29,M Salisbury,10,6,26.166666666666668,12.166666666666666,14.0,4.333333333333333,0.0
2022-23,2022-11-12,M Salisbury,3,3,22.333333333333332,11.0,11.333333333333334,4.0,0.3333333333333333
2022-23,2022-11-12,M Salisbury,5,5,24.4,12.0,12.4,3.6,0.2
2022-23,2022-11-12,M Salisbury,10,7,24.571428571428573,11.571428571428571,13.0,4.0,0.14285714285714285
2022-23,2023-01-03,M Salisbury,3,3,20.0,11.333333333333334,8.666666666666666,3.6666666666666665,0.3333333333333333
2022-23,2023-01-03,M Salisbury,5,5,22.2,10.8,11.4,3.6,0.2
2022-23,2023-01-03,M Salisbury,10,8,24.0,11.75,12.25,3.875,0.125
2022-23,2023-01-21,M Salisbury,3,3,21.0,13.333333333333334,7.666666666666667,2.6666666666666665,0.3333333333333333
2022-23,2023-01-21,M Salisbury,5,5,23.0,13.0,10.0,3.6,0.2
2022-23,2023-01-21,M Salisbury,10,9,24.444444444444443,12.555555555555555,11.88888888888889,3.7777777777777777,0.1111111111111111
2022-23,2023-02-11,M Salisbury,3,3,23.666666666666668,15.333333333333334,8.333333333333334,4.333333333333333,0.0
2022-23,2023-02-11,M Salisbury,5,5,22.2,13.4,8.8,4.2,0.2
2022-23,2023-02-11,M Salisbury,10,10,24.3,12.7,11.6,4.1,0.1
2022-23,2023-02-18,M Salisbury,3,3,24.333333333333332,15.0,9.333333333333334,5.333333333333333,0.0
2022-23,2023-02-18,M Salisbury,5,5,21.6,13.2,8.4,4.2,0.2
2022-23,2023-02-18,M Salisbury,10,10,23.9,12.8,11.1,4.2,0.1
2022-23,2023-03-15,M Salisbury,3,3,23.0,13.333333333333334,9.666666666666666,5.333333333333333,0.0
2022-23,2023-03-15,M Salisbury,5,5,23.4,14.4,9.0,4.4,0.0
2022-23,2023-03-15,M Salisbury,10,10,23.9,13.2,10.7,4.0,0.1
2022-23,2023-03-18,M Salisbury,3,3,23.333333333333332,13.666666666666666,9.666666666666666,5.666666666666667,0.3333333333333333
2022-23,2023-03-18,M Salisbury,5,5,24.2,14.8,9.4,5.4,0.2
2022-23,2023-03-18,M Salisbury,10,10,23.2,12.8,10.4,4.5,0.2
2022-23,2023-04-22,M Salisbury,3,3,22.666666666666668,13.666666666666666,9.0,5.333333333333333,0.3333333333333333
2022-23,2023-04-22,M Salisbury,5,5,22.6,13.4,9.2,5.8,0.2
2022-23,2023-04-22,M Salisbury,10,10,22.8,13.2,9.6,4.7,0.2
2022-23,2023-05-13,M Salisbury,3,3,20.333333333333332,10.666666666666666,9.666666666666666,5.0,0.3333333333333333
2022-23,2023-05-13,M Salisbury,5,5,21.4,11.6,9.8,4.8,0.2
2022-23,2023-05-13,M Salisbury,10,10,21.8,12.5,9.3,4.5,0.2
2022-23,2022-08-06,P Bankes,3,1,34.0,18.0,16.0,6.0,0.0
2022-23,2022-08-06,P Bankes,5,1,34.0,18.0,16.0,6.0,0.0
2022-23,2022-08-06,P Bankes,10,1,34.0,18.0,16.0,6.0,0.0
2022-23,2022-08-20,P Bankes,3,2,27.0,15.5,11.5,5.5,0.0
2022-23,2022-08-20,P Bankes,5,2,27.0,15.5,11.5,5.5,0.0
2022-23,2022-08-20,P Bankes,10,2,27.0,15.5,11.5,5.5,0.0
2022-23,2022-08-28,P Bankes,3,3,25.0,13.666666666666666,11.333333333333334,4.666666666666667,0.0
2022-23,2022-08-28,P Bankes,5,3,25.0,13.666666666666666,11.333333333333334,4.666666666666667,0.0
2022-23,2022-08-28,P Bankes,10,3,25.0,13.666666666666666,11.333333333333334,4.666666666666667,0.0
2022-23,2022-08-31,P Bankes,3,3,20.0,11.0,9.0,5.0,0.0
2022-23,2022-08-31,P Bankes,5,4,23.5,12.75,10.75,5.25,0.0
2022-23,2022-08-31,P Bankes,10,4,23.5,12.75,10.75,5.25,0.0
2022-23,2022-10-16,P Bankes,3,3,16.666666666666668,9.0,7.666666666666667,4.0,0.0
2022-23,2022-10-16,P Bankes,5,5,20.8,11.6,9.2,4.6,0.0
2022-23,2022-10-16,P Bankes,10,5,20.8,11.6,9.2,4.6,0.0
2022-23,2022-10-20,P Bankes,3,3,18.333333333333332,10.666666666666666,7.666666666666667,4.0,0.0
2022-23,2022-10-20,P Bankes,5,5,19.2,11.0,8.2,4.0,0.0
2022-23,2022-10-20,P Bankes,10,6,21.666666666666668,12.166666666666666,9.5,4.333333333333333,0.0
2022-23,2022-11-12,P Bankes,3,3,17.333333333333332,10.333333333333334,7.0,3.0,0.0
2022-23,2022-11-12,P Bankes,5,5,18.4,10.2,8.2,3.8,0.0
2022-23,2022-11-12,P Bankes,10,7,20.857142857142858,11.714285714285714,9.142857142857142,4.285714285714286,0.0
2022-23,2023-01-01,P Bankes,3,3,24.0,13.333333333333334,10.666666666666666,3.6666666666666665,0.0
2022-23,2023-01-01,P Bankes,5,5,20.2,11.4,8.8,4.0,0.0
2022-23,2023-01-01,P Bankes,10,8,22.0,12.25,9.75,4.25,0.0
2022-23,2023-01-15,P Bankes,3,3,24.333333333333332,11.666666666666666,12.666666666666666,5.0,0.0
2022-23,2023-01-15,P Bankes,5,5,21.8,11.4,10.4,4.0,0.0
2022-23,2023-01-15,P Bankes,10,9,22.555555555555557,12.0,10.555555555555555,4.555555555555555,0.0
2022-23,2023-01-22,P Bankes,3,3,28.333333333333332,12.0,16.333333333333332,5.0,0.0
2022-23,2023-01-22,P Bankes,5,5,25.4,12.0,13.4,4.4,0.0
2022-23,2023-01-22,P Bankes,10,10,23.1,11.8,11.3,4.5,0.0
2022-23,2023-02-04,P Bankes,3,3,26.333333333333332,10.333333333333334,16.0,4.666666666666667,0.0
2022-23,2023-02-04,P Bankes,5,5,25.0,11.2,13.8,4.4,0.0
2022-23,2023-02-04,P Bankes,10,10,22.1,11.1,11.0,4.2,0.0
2022-23,2023-02-11,P Bankes,3,3,23.333333333333332,10.0,13.333333333333334,3.0,0.0
2022-23,2023-02-11,P Bankes,5,5,25.4,11.2,14.2,4.0,0.0
2022-23,2023-02-11,P Bankes,10,10,21.9,10.7,11.2,3.9,0.0
2022-23,2023-02-25,P Bankes,3,3,23.333333333333332,11.666666666666666,11.666666666666666,3.6666666666666665,0.0
2022-23,2023-02-25,P Bankes,5,5,25.0,11.0,14.0,4.4,0.0
2022-23,2023-02-25,P Bankes,10,10,22.6,11.2,11.4,4.2,0.0
2022-23,2023-03-15,P Bankes,3,3,26.333333333333332,12.333333333333334,14.0,3.6666666666666665,0.0
2022-23,2023-03-15,P Bankes,5,5,26.2,11.6,14.6,3.6,0.0
2022-23,2023-03-15,P Bankes,10,10,24.0,11.5,12.5,3.8,0.0
2022-23,2023-04-01,P Bankes,3,3,29.666666666666668,14.333333333333334,15.333333333333334,4.666666666666667,0.0
2022-23,2023-04-01,P Bankes,5,5,26.2,12.6,13.6,3.8,0.0
2022-23,2023-04-01,P Bankes,10,10,25.8,12.3,13.5,4.1,0.0
2022-23,2023-04-08,P Bankes,3,3,28.333333333333332,14.0,14.333333333333334,5.0,0.0
2022-23,2023-04-08,P Bankes,5,5,26.2,13.2,13.0,4.6,0.0
2022-23,2023-04-08,P Bankes,10,10,25.6,12.2,13.4,4.5,0.0
2022-23,2023-04-22,P Bankes,3,3,25.666666666666668,13.0,12.666666666666666,5.666666666666667,0.0
2022-23,2023-04-22,P Bankes,5,5,27.6,13.4,14.2,5.2,0.0
2022-23,2023-04-22,P Bankes,10,10,26.5,12.3,14.2,4.6,0.0
2022-23,2023-04-29,P Bankes,3,3,22.666666666666668,10.0,12.666666666666666,5.0,0.0
2022-23,2023-04-29,P Bankes,5,5,25.8,11.6,14.2,4.6,0.0
2022-23,2023-04-29,P Bankes,10,10,25.4,11.3,14.1,4.5,0.0
2022-23,2023-05-07,P Bankes,3,3,19.0,6.666666666666667,12.333333333333334,3.3333333333333335,0.0
2022-23,2023-05-07,P Bankes,5,5,21.8,9.8,12.0,4.4,0.0
2022-23,2023-05-07,P Bankes,10,10,24.0,10.7,13.3,4.0,0.0
2022-23,2023-05-13,P Bankes,3,3,18.333333333333332,6.333333333333333,12.0,3.6666666666666665,0.0
2022-23,2023-05-13,P Bankes,5,5,20.8,8.6,12.2,4.6,0.0
2022-23,2023-05-13,P Bankes,10,10,23.5,10.6,12.9,4.2,0.0
2022-23,2023-05-21,P Bankes,3,3,17.666666666666668,6.333333333333333,11.333333333333334,4.0,0.0
2022-23,2023-05-21,P Bankes,5,5,19.4,7.0,12.4,4.0,0.0
2022-23,2023-05-21,P Bankes,10,10,22.8,10.1,12.7,4.3,0.0
2022-23,2022-08-07,P Tierney,3,1,19.0,7.0,12.0,5.0,0.0
2022-23,2022-08-07,P Tierney,5,1,19.0,7.0,12.0,5.0,0.0
2022-23,2022-08-07,P Tierney,10,1,19.0,7.0,12.0,5.0,0.0
2022-23,2022-08-15,P Tierney,3,2,17.0,7.0,10.0,5.5,0.5
2022-23,2022-08-15,P Tierney,5,2,17.0,7.0,10.0,5.5,0.5
2022-23,2022-08-15,P Tierney,10,2,17.0,7.0,10.0,5.5,0.5
2022-23,2022-08-27,P Tierney,3,3,17.0,8.0,9.0,4.666666666666667,0.6666666666666666
2022-23,2022-08-27,P Tierney,5,3,17.0,8.0,9.0,4.666666666666667,0.6666666666666666
2022-23,2022-08-27,P Tierney,10,3,17.0,8.0,9.0,4.666666666666667,0.6666666666666666
2022-23,2022-08-31,P Tierney,3,3,16.0,8.666666666666666,7.333333333333333,3.3333333333333335,0.6666666666666666
2022-23,2022-08-31,P Tierney,5,4,16.75,8.25,8.5,3.75,0.5
2022-23,2022-08-31,P Tierney,10,4,16.75,8.25,8.5,3.75,0.5
2022-23,2022-09-04,P Tierney,3,3,18.333333333333332,10.666666666666666,7.666666666666667,3.3333333333333335,0.3333333333333333
2022-23,2022-09-04,P Tierney,5,5,17.8,9.2,8.6,4.2,0.4
2022-23,2022-09-04,P Tierney,10,5,17.8,9.2,8.6,4.2,0.4
2022-23,2022-10-01,P Tierney,3,3,17.333333333333332,10.0,7.333333333333333,3.6666666666666665,0.0
2022-23,2022-10-01,P Tierney,5,5,16.8,9.4,7.4,4.0,0.4
2022-23,2022-10-01,P Tierney,10,6,17.166666666666668,9.0,8.166666666666666,4.166666666666667,0.3333333333333333
2022-23,2022-10-09,P Tierney,3,3,24.0,11.333333333333334,12.666666666666666,5.333333333333333,0.0
2022-23,2022-10-09,P Tierney,5,5,21.0,10.6,10.4,4.0,0.2
2022-23,2022-10-09,P Tierney,10,7,19.857142857142858,9.571428571428571,10.285714285714286,4.428571428571429,0.2857142857142857
2022-23,2022-10-15,P Tierney,3,3,25.0,11.0,14.0,5.0,0.0
2022-23,2022-10-15,P Tierney,5,5,22.6,11.0,11.6,4.4,0.0
2022-23,2022-10-15,P Tierney,10,8,20.5,9.875,10.625,4.5,0.25
2022-23,2022-10-22,P Tierney,3,3,27.666666666666668,13.0,14.666666666666666,4.666666666666667,0.0
2022-23,2022-10-22,P Tierney,5,5,23.8,12.0,11.8,4.8,0.0
2022-23,2022-10-22,P Tierney,10,9,20.666666666666668,10.333333333333334,10.333333333333334,4.333333333333333,0.2222222222222222
2022-23,2022-10-29,P Tierney,3,3,23.0,12.333333333333334,10.666666666666666,3.3333333333333335,0.0
2022-23,2022-10-29,P Tierney,5,5,23.8,11.6,12.2,4.0,0.0
2022-23,2022-10-29,P Tierney,10,10,20.8,10.4,10.4,4.1,0.2
2022-23,2022-11-06,P Tierney,3,3,20.333333333333332,11.666666666666666,8.666666666666666,2.3333333333333335,0.0
2022-23,2022-11-06,P Tierney,5,5,24.4,12.0,12.4,3.6,0.0
2022-23,2022-11-06,P Tierney,10,10,20.6,10.7,9.9,3.8,0.2
2022-23,2022-11-13,P Tierney,3,3,19.333333333333332,10.0,9.333333333333334,2.0,0.0
2022-23,2022-11-13,P Tierney,5,5,21.0,11.2,9.8,2.8,0.0
2022-23,2022-11-13,P Tierney,10,10,21.0,10.9,10.1,3.4,0.1
2022-23,2022-12-26,P Tierney,3,3,18.333333333333332,8.666666666666666,9.666666666666666,1.3333333333333333,0.0
2022-23,2022-12-26,P Tierney,5,5,19.8,10.2,9.6,1.8,0.0
2022-23,2022-12-26,P Tierney,10,10,21.2,10.6,10.6,3.1,0.0
2022-23,2023-01-05,P Tierney,3,3,18.666666666666668,8.333333333333334,10.333333333333334,1.3333333333333333,0.0
2022-23,2023-01-05,P Tierney,5,5,19.0,9.2,9.8,1.6,0.0
2022-23,2023-01-05,P Tierney,10,10,21.4,10.6,10.8,3.2,0.0
2022-23,2023-01-14,P Tierney,3,3,20.0,9.0,11.0,1.6666666666666667,0.0
2022-23,2023-01-14,P Tierney,5,5,19.2,9.2,10.0,1.8,0.0
2022-23,2023-01-14,P Tierney,10,10,21.5,10.4,11.1,2.9,0.0
2022-23,2023-01-23,P Tierney,3,3,20.333333333333332,10.0,10.333333333333334,3.0,0.0
2022-23,2023-01-23,P Tierney,5,5,19.8,9.2,10.6,2.2,0.0
2022-23,2023-01-23,P Tierney,10,10,22.1,10.6,11.5,2.9,0.0
2022-23,2023-02-04,P Tierney,3,3,19.666666666666668,10.0,9.666666666666666,3.0,0.0
2022-23,2023-02-04,P Tierney,5,5,19.2,9.2,10.0,2.2,0.0
2022-23,2023-02-04,P Tierney,10,10,20.1,10.2,9.9,2.5,0.0
2022-23,2023-02-12,P Tierney,3,3,19.666666666666668,9.666666666666666,10.0,3.0,0.0
2022-23,2023-02-12,P Tierney,5,5,20.0,9.8,10.2,2.8,0.0
2022-23,2023-02-12,P Tierney,10,10,19.9,10.0,9.9,2.3,0.0
2022-23,2023-02-18,P Tierney,3,3,19.0,9.666666666666666,9.333333333333334,3.0,0.0
2022-23,2023-02-18,P Tierney,5,5,20.0,10.0,10.0,3.2,0.0
2022-23,2023-02-18,P Tierney,10,10,19.5,9.6,9.9,2.4,0.0
2022-23,2023-02-25,P Tierney,3,3,20.0,10.0,10.0,3.6666666666666665,0.0
2022-23,2023-02-25,P Tierney,5,5,19.2,9.8,9.4,3.4,0.0
2022-23,2023-02-25,P Tierney,10,10,19.2,9.5,9.7,2.6,0.0
2022-23,2023-03-01,P Tierney,3,3,21.333333333333332,11.0,10.333333333333334,4.333333333333333,0.0
2022-23,2023-03-01,P Tierney,5,5,20.6,10.4,10.2,3.6,0.0
2022-23,2023-03-01,P Tierney,10,10,20.2,9.8,10.4,2.9,0.0
2022-23,2023-03-11,P Tierney,3,3,22.333333333333332,11.666666666666666,10.666666666666666,3.6666666666666665,0.0
2022-23,2023-03-11,P Tierney,5,5,21.6,11.0,10.6,3.6,0.0
2022-23,2023-03-11,P Tierney,10,10,20.4,10.1,10.3,2.9,0.0
2022-23,2023-03-17,P Tierney,3,3,24.666666666666668,14.0,10.666666666666666,4.333333333333333,0.0
2022-23,2023-03-17,P Tierney,5,5,22.2,12.4,9.8,4.2,0.0
2022-23,2023-03-17,P Tierney,10,10,21.1,11.1,10.0,3.5,0.0
2022-23,2023-04-02,P Tierney,3,3,22.666666666666668,13.0,9.666666666666666,3.3333333333333335,0.0
2022-23,2023-04-02,P Tierney,5,5,22.8,12.4,10.4,3.8,0.0
2022-23,2023-04-02,P Tierney,10,10,21.4,11.2,10.2,3.5,0.0
2022-23,2023-04-09,P Tierney,3,3,23.0,12.666666666666666,10.333333333333334,5.333333333333333,0.0
2022-23,2023-04-09,P Tierney,5,5,23.4,12.6,10.8,4.6,0.0
2022-23,2023-04-09,P Tierney,10,10,21.3,11.2,10.1,4.0,0.0
2022-23,2023-04-15,P Tierney,3,3,21.0,11.0,10.0,4.0,0.0
2022-23,2023-04-15,P Tierney,5,5,22.0,12.4,9.6,4.0,0.0
2022-23,2023-04-15,P Tierney,10,10,21.3,11.4,9.9,3.8,0.0
2022-23,2023-04-25,P Tierney,3,3,23.666666666666668,12.333333333333334,11.333333333333334,5.333333333333333,0.0
2022-23,2023-04-25,P Tierney,5,5,23.6,12.8,10.8,4.8,0.0
2022-23,2023-04-25,P Tierney,10,10,22.6,11.9,10.7,4.2,0.0
2022-23,2023-04-30,P Tierney,3,3,22.333333333333332,12.666666666666666,9.666666666666666,4.333333333333333,0.0
2022-23,2023-04-30,P Tierney,5,5,22.0,11.8,10.2,4.6,0.0
2022-23,2023-04-30,P Tierney,10,10,22.1,12.1,10.0,4.4,0.0
2022-23,2023-05-13,P Tierney,3,3,25.0,13.0,12.0,5.0,0.0
2022-23,2023-05-13,P Tierney,5,5,23.4,12.4,11.0,5.0,0.0
2022-23,2023-05-13,P Tierney,10,10,23.1,12.4,10.7,4.4,0.0
2022-23,2023-05-21,P Tierney,3,3,21.0,11.0,10.0,5.333333333333333,0.0
2022-23,2023-05-21,P Tierney,5,5,22.4,11.8,10.6,4.8,0.0
2022-23,2023-05-21,P Tierney,10,10,22.9,12.2,10.7,4.7,0.0
2022-23,2022-08-06,R Jones,3,1,22.0,13.0,9.0,2.0,0.0
2022-23,2022-08-06,R Jones,5,1,22.0,13.0,9.0,2.0,0.0
2022-23,2022-08-06,R Jones,10,1,22.0,13.0,9.0,2.0,0.0
2022-23,2022-08-14,R Jones,3,2,21.5,11.5,10.0,3.5,0.0
2022-23,2022-08-14,R Jones,5,2,21.5,11.5,10.0,3.5,0.0
2022-23,2022-08-14,R Jones,10,2,21.5,11.5,10.0,3.5,0.0
2022-23,2022-08-31,R Jones,3,3,22.333333333333332,11.0,11.333333333333334,4.0,0.0
2022-23,2022-08-31,R Jones,5,3,22.333333333333332,11.0,11.333333333333334,4.0,0.0
2022-23,2022-08-31,R Jones,10,3,22.333333333333332,11.0,11.333333333333334,4.0,0.0
2022-23,2022-09-03,R Jones,3,3,20.666666666666668,9.333333333333334,11.333333333333334,4.666666666666667,0.0
2022-23,2022-09-03,R Jones,5,4,21.0,10.25,10.75,4.0,0.0
2022-23,2022-09-03,R Jones,10,4,21.0,10.25,10.75,4.0,0.0
2022-23,2022-10-03,R Jones,3,3,22.0,10.333333333333334,11.666666666666666,5.0,0.0
2022-23,2022-10-03,R Jones,5,5,21.8,10.8,11.0,4.4,0.0
2022-23,2022-10-03,R Jones,10,5,21.8,10.8,11.0,4.4,0.0
2022-23,2022-10-16,R Jones,3,3,21.666666666666668,11.0,10.666666666666666,4.333333333333333,0.0
2022-23,2022-10-16,R Jones,5,5,22.0,10.6,11.4,4.6,0.0
2022-23,2022-10-16,R Jones,10,6,22.0,11.0,11.0,4.166666666666667,0.0
2022-23,2022-10-23,R Jones,3,3,22.333333333333332,12.0,10.333333333333334,4.0,0.0
2022-23,2022-10-23,R Jones,5,5,21.6,10.8,10.8,4.2,0.0
2022-23,2022-10-23,R Jones,10,7,21.571428571428573,11.0,10.571428571428571,4.0,0.0
2022-23,2022-10-29,R Jones,3,3,19.0,9.333333333333334,9.666666666666666,2.0,0.0
2022-23,2022-10-29,R Jones,5,5,19.8,9.8,10.0,3.2,0.0
2022-23,2022-10-29,R Jones,10,8,20.75,10.25,10.5,3.5,0.0
2022-23,2022-11-12,R Jones,3,3,19.666666666666668,10.0,9.666666666666666,2.6666666666666665,0.0
2022-23,2022-11-12,R Jones,5,5,21.4,11.0,10.4,3.4,0.0
2022-23,2022-11-12,R Jones,10,9,21.22222222222222,10.666666666666666,10.555555555555555,3.6666666666666665,0.0
2022-23,2022-12-26,R Jones,3,3,19.666666666666668,9.333333333333334,10.333333333333334,2.6666666666666665,0.0
2022-23,2022-12-26,R Jones,5,5,20.2,10.2,10.0,2.8,0.0
2022-23,2022-12-26,R Jones,10,10,21.0,10.5,10.5,3.6,0.0
2022-23,2022-12-31,R Jones,3,3,22.0,11.333333333333334,10.666666666666666,4.0,0.0
2022-23,2022-12-31,R Jones,5,5,20.0,10.0,10.0,3.0,0.0
2022-23,2022-12-31,R Jones,10,10,21.0,10.3,10.7,3.8,0.0
2022-23,2023-01-15,R Jones,3,3,20.333333333333332,8.666666666666666,11.666666666666666,3.6666666666666665,0.0
2022-23,2023-01-15,R Jones,5,5,20.2,9.0,11.2,3.2,0.0
2022-23,2023-01-15,R Jones,10,10,20.9,9.9,11.0,3.7,0.0
2022-23,2023-01-18,R Jones,3,3,20.333333333333332,8.666666666666666,11.666666666666666,3.6666666666666665,0.0
2022-23,2023-01-18,R Jones,5,5,21.0,9.8,11.2,3.8,0.0
2022-23,2023-01-18,R Jones,10,10,20.4,9.8,10.6,3.5,0.0
2022-23,2023-02-05,R Jones,3,3,22.666666666666668,10.0,12.666666666666666,4.333333333333333,0.0
2022-23,2023-02-05,R Jones,5,5,21.8,10.0,11.8,4.0,0.0
2022-23,2023-02-05,R Jones,10,10,21.6,10.5,11.1,3.7,0.0
2022-23,2023-02-12,R Jones,3,3,25.0,12.333333333333334,12.666666666666666,4.0,0.0
2022-23,2023-02-12,R Jones,5,5,23.4,10.8,12.6,4.0,0.0
2022-23,2023-02-12,R Jones,10,10,21.8,10.5,11.3,3.4,0.0
2022-23,2023-03-04,R Jones,3,3,26.333333333333332,13.333333333333334,13.0,5.0,0.0
2022-23,2023-03-04,R Jones,5,5,23.6,11.0,12.6,4.4,0.0
2022-23,2023-03-04,R Jones,10,10,21.8,10.5,11.3,3.7,0.0
2022-23,2023-03-11,R Jones,3,3,26.0,12.0,14.0,4.333333333333333,0.0
2022-23,2023-03-11,R Jones,5,5,25.2,12.0,13.2,4.4,0.0
2022-23,2023-03-11,R Jones,10,10,22.7,10.5,12.2,3.8,0.0
2022-23,2023-03-18,R Jones,3,3,24.0,10.333333333333334,13.666666666666666,5.0,0.0
2022-23,2023-03-18,R Jones,5,5,25.6,11.8,13.8,4.8,0.0
2022-23,2023-03-18,R Jones,10,10,23.3,10.8,12.5,4.3,0.0
2022-23,2023-04-04,R Jones,3,3,24.333333333333332,10.0,14.333333333333334,4.666666666666667,0.0
2022-23,2023-04-04,R Jones,5,5,24.6,11.0,13.6,4.6,0.0
2022-23,2023-04-04,R Jones,10,10,23.2,10.5,12.7,4.3,0.0
2022-23,2023-04-08,R Jones,3,3,20.333333333333332,8.333333333333334,12.0,4.0,0.0
2022-23,2023-04-08,R Jones,5,5,22.4,9.6,12.8,4.4,0.0
2022-23,2023-04-08,R Jones,10,10,22.9,10.2,12.7,4.2,0.0
2022-23,2023-04-15,R Jones,3,3,20.666666666666668,9.333333333333334,11.333333333333334,3.6666666666666665,0.0
2022-23,2023-04-15,R Jones,5,5,22.2,9.4,12.8,4.0,0.0
2022-23,2023-04-15,R Jones,10,10,22.9,10.2,12.7,4.2,0.0
2022-23,2023-04-25,R Jones,3,3,21.666666666666668,10.0,11.666666666666666,5.0,0.0
2022-23,2023-04-25,R Jones,5,5,22.0,9.8,12.2,5.0,0.0
2022-23,2023-04-25,R Jones,10,10,23.6,10.9,12.7,4.7,0.0
2022-23,2023-05-02,R Jones,3,3,23.0,11.333333333333334,11.666666666666666,5.0,0.0
2022-23,2023-05-02,R Jones,5,5,21.8,10.2,11.6,4.4,0.0
2022-23,2023-05-02,R Jones,10,10,23.7,11.0,12.7,4.6,0.0
2022-23,2023-05-08,R Jones,3,3,25.0,12.0,13.0,4.666666666666667,0.0
2022-23,2023-05-08,R Jones,5,5,22.6,10.6,12.0,4.0,0.0
2022-23,2023-05-08,R Jones,10,10,23.6,10.8,12.8,4.3,0.0
2022-23,2023-05-18,R Jones,3,3,27.0,13.333333333333334,13.666666666666666,3.6666666666666665,0.0
2022-23,2023-05-18,R Jones,5,5,26.0,12.8,13.2,4.8,0.0
2022-23,2023-05-18,R Jones,10,10,24.2,11.2,13.0,4.6,0.0
2022-23,2023-05-28,R Jones,3,3,28.333333333333332,14.666666666666666,13.666666666666666,4.0,0.0
2022-23,2023-05-28,R Jones,5,5,26.4,13.4,13.0,4.6,0.0
2022-23,2023-05-28,R Jones,10,10,24.3,11.4,12.9,4.3,0.0
2022-23,2022-10-29,R Madley,3,1,27.0,10.0,17.0,6.0,1.0
2022-23,2022-10-29,R Madley,5,1,27.0,10.0,17.0,6.0,1.0
2022-23,2022-10-29,R Madley,10,1,27.0,10.0,17.0,6.0,1.0
2022-23,2022-08-13,S Attwell,3,1,21.0,6.0,15.0,4.0,0.0
2022-23,2022-08-13,S Attwell,5,1,21.0,6.0,15.0,4.0,0.0
2022-23,2022-08-13,S Attwell,10,1,21.0,6.0,15.0,4.0,0.0
2022-23,2022-08-21,S Attwell,3,2,26.0,11.0,15.0,2.5,0.5
2022-23,2022-08-21,S Attwell,5,2,26.0,11.0,15.0,2.5,0.5
2022-23,2022-08-21,S Attwell,10,2,26.0,11.0,15.0,2.5,0.5
2022-23,2022-08-27,S Attwell,3,3,21.0,9.333333333333334,11.666666666666666,2.0,0.3333333333333333
2022-23,2022-08-27,S Attwell,5,3,21.0,9.333333333333334,11.666666666666666,2.0,0.3333333333333333
2022-23,2022-08-27,S Attwell,10,3,21.0,9.333333333333334,11.666666666666666,2.0,0.3333333333333333
2022-23,2022-09-03,S Attwell,3,3,19.0,10.333333333333334,8.666666666666666,3.0,0.3333333333333333
2022-23,2022-09-03,S Attwell,5,4,19.5,9.25,10.25,3.25,0.25
2022-23,2022-09-03,S Attwell,10,4,19.5,9.25,10.25,3.25,0.25
2022-23,2022-10-02,S Attwell,3,3,20.333333333333332,12.666666666666666,7.666666666666667,4.333333333333333,0.3333333333333333
2022-23,2022-10-02,S Attwell,5,5,22.6,12.0,10.6,3.6,0.4
2022-23,2022-10-02,S Attwell,10,5,22.6,12.0,10.6,3.6,0.4
2022-23,2022-10-19,S Attwell,3,3,22.333333333333332,13.666666666666666,8.666666666666666,4.0,0.3333333333333333
2022-23,2022-10-19,S Attwell,5,5,21.8,12.6,9.2,2.8,0.4
2022-23,2022-10-19,S Attwell,10,6,21.666666666666668,11.5,10.166666666666666,3.0,0.3333333333333333
2022-23,2022-10-22,S Attwell,3,3,23.333333333333332,13.333333333333334,10.0,3.3333333333333335,0.3333333333333333
2022-23,2022-10-22,S Attwell,5,5,19.2,11.0,8.2,3.6,0.2
2022-23,2022-10-22,S Attwell,10,7,21.142857142857142,11.0,10.142857142857142,3.2857142857142856,0.2857142857142857
2022-23,2022-11-06,S Attwell,3,3,17.333333333333332,8.0,9.333333333333334,2.0,0.0
2022-23,2022-11-06,S Attwell,5,5,20.4,11.2,9.2,3.6,0.2
2022-23,2022-11-06,S Attwell,10,8,20.625,10.5,10.125,3.0,0.25
2022-23,2022-11-12,S Attwell,3,3,15.333333333333334,6.666666666666667,8.666666666666666,3.6666666666666665,0.0
2022-23,2022-11-12,S Attwell,5,5,19.6,10.4,9.2,3.2,0.2
2022-23,2022-11-12,S Attwell,10,9,19.555555555555557,9.88888888888889,9.666666666666666,3.2222222222222223,0.2222222222222222
2022-23,2022-12-28,S Attwell,3,3,17.666666666666668,7.666666666666667,10.0,4.0,0.0
2022-23,2022-12-28,S Attwell,5,5,17.6,8.0,9.6,3.4,0.0
2022-23,2022-12-28,S Attwell,10,10,20.1,10.0,10.1,3.5,0.2
2022-23,2023-01-02,S Attwell,3,3,16.333333333333332,7.0,9.333333333333334,5.0,0.0
2022-23,2023-01-02,S Attwell,5,5,16.8,7.2,9.6,4.2,0.0
2022-23,2023-01-02,S Attwell,10,10,19.3,9.9,9.4,3.5,0.2
2022-23,2023-01-14,S Attwell,3,3,19.333333333333332,10.333333333333334,9.0,4.333333333333333,0.0
2022-23,2023-01-14,S Attwell,5,5,17.2,8.6,8.6,3.8,0.0
2022-23,2023-01-14,S Attwell,10,10,18.2,9.8,8.4,3.7,0.1
2022-23,2023-01-21,S Attwell,3,3,16.0,9.666666666666666,6.333333333333333,3.0,0.0
2022-23,2023-01-21,S Attwell,5,5,16.8,9.0,7.8,4.0,0.0
2022-23,2023-01-21,S Attwell,10,10,18.6,10.1,8.5,3.8,0.1
2022-23,2023-02-03,S Attwell,3,3,21.0,13.333333333333334,7.666666666666667,3.3333333333333335,0.0
2022-23,2023-02-03,S Attwell,5,5,20.2,11.2,9.0,4.0,0.0
2022-23,2023-02-03,S Attwell,10,10,19.9,10.8,9.1,3.6,0.1
2022-23,2023-02-11,S Attwell,3,3,20.333333333333332,11.0,9.333333333333334,4.0,0.0
2022-23,2023-02-11,S Attwell,5,5,18.8,10.6,8.2,3.8,0.0
2022-23,2023-02-11,S Attwell,10,10,18.2,9.3,8.9,3.6,0.0
2022-23,2023-02-19,S Attwell,3,3,21.333333333333332,11.0,10.333333333333334,4.0,0.0
2022-23,2023-02-19,S Attwell,5,5,19.8,11.4,8.4,3.4,0.0
2022-23,2023-02-19,S Attwell,10,10,18.3,9.3,9.0,3.8,0.0
2022-23,2023-02-26,S Attwell,3,3,18.666666666666668,9.0,9.666666666666666,4.0,0.0
2022-23,2023-02-26,S Attwell,5,5,19.8,10.4,9.4,3.8,0.0
2022-23,2023-02-26,S Attwell,10,10,18.5,9.5,9.0,3.8,0.0
2022-23,2023-03-04,S Attwell,3,3,17.333333333333332,8.333333333333334,9.0,3.3333333333333335,0.0
2022-23,2023-03-04,S Attwell,5,5,19.6,9.8,9.8,4.0,0.0
2022-23,2023-03-04,S Attwell,10,10,18.2,9.4,8.8,4.0,0.0
2022-23,2023-03-19,S Attwell,3,3,17.333333333333332,8.0,9.333333333333334,3.0,0.0
2022-23,2023-03-19,S Attwell,5,5,17.6,8.2,9.4,3.2,0.0
2022-23,2023-03-19,S Attwell,10,10,18.9,9.7,9.2,3.6,0.0
2022-23,2023-04-02,S Attwell,3,3,17.333333333333332,7.333333333333333,10.0,1.3333333333333333,0.0
2022-23,2023-04-02,S Attwell,5,5,18.0,8.2,9.8,2.2,0.0
2022-23,2023-04-02,S Attwell,10,10,18.4,9.4,9.0,3.0,0.0
2022-23,2023-04-08,S Attwell,3,3,22.666666666666668,10.333333333333334,12.333333333333334,1.6666666666666667,0.0
2022-23,2023-04-08,S Attwell,5,5,20.4,9.4,11.0,2.6,0.0
2022-23,2023-04-08,S Attwell,10,10,20.1,10.4,9.7,3.0,0.0
2022-23,2023-05-03,S Attwell,3,3,22.666666666666668,11.0,11.666666666666666,1.3333333333333333,0.0
2022-23,2023-05-03,S Attwell,5,5,20.0,9.4,10.6,1.6,0.0
2022-23,2023-05-03,S Attwell,10,10,19.9,9.9,10.0,2.7,0.0
2022-23,2023-05-06,S Attwell,3,3,25.666666666666668,15.0,10.666666666666666,3.3333333333333335,0.0
2022-23,2023-05-06,S Attwell,5,5,23.0,12.2,10.8,2.2,0.0
2022-23,2023-05-06,S Attwell,10,10,21.3,11.0,10.3,3.1,0.0
2022-23,2023-05-25,S Attwell,3,3,21.666666666666668,14.0,7.666666666666667,2.6666666666666665,0.0
2022-23,2023-05-25,S Attwell,5,5,23.0,13.0,10.0,2.4,0.0
2022-23,2023-05-25,S Attwell,10,10,20.3,10.6,9.7,2.8,0.0
2022-23,2023-05-28,S Attwell,3,3,23.333333333333332,14.333333333333334,9.0,4.0,0.0
2022-23,2023-05-28,S Attwell,5,5,23.6,13.6,10.0,3.2,0.0
2022-23,2023-05-28,S Attwell,10,10,20.8,10.9,9.9,2.7,0.0
2022-23,2022-08-06,S Hooper,3,1,23.0,9.0,14.0,3.0,0.0
2022-23,2022-08-06,S Hooper,5,1,23.0,9.0,14.0,3.0,0.0
2022-23,2022-08-06,S Hooper,10,1,23.0,9.0,14.0,3.0,0.0
2022-23,2022-08-20,S Hooper,3,2,20.5,9.5,11.0,3.5,0.0
2022-23,2022-08-20,S Hooper,5,2,20.5,9.5,11.0,3.5,0.0
2022-23,2022-08-20,S Hooper,10,2,20.5,9.5,11.0,3.5,0.0
2022-23,2022-08-30,S Hooper,3,3,20.0,10.0,10.0,3.3333333333333335,0.0
2022-23,2022-08-30,S Hooper,5,3,20.0,10.0,10.0,3.3333333333333335,0.0
2022-23,2022-08-30,S Hooper,10,3,20.0,10.0,10.0,3.3333333333333335,0.0
2022-23,2022-09-03,S Hooper,3,3,16.666666666666668,9.333333333333334,7.333333333333333,3.0,0.0
2022-23,2022-09-03,S Hooper,5,4,18.25,9.25,9.0,3.0,0.0
2022-23,2022-09-03,S Hooper,10,4,18.25,9.25,9.0,3.0,0.0
2022-23,2022-09-17,S Hooper,3,3,16.666666666666668,9.0,7.666666666666667,2.6666666666666665,0.0
2022-23,2022-09-17,S Hooper,5,5,18.2,9.2,9.0,3.0,0.0
2022-23,2022-09-17,S Hooper,10,5,18.2,9.2,9.0,3.0,0.0
2022-23,2022-10-08,S Hooper,3,3,15.666666666666666,8.0,7.666666666666667,2.3333333333333335,0.0
2022-23,2022-10-08,S Hooper,5,5,16.8,9.0,7.8,2.8,0.0
2022-23,2022-10-08,S Hooper,10,6,17.833333333333332,9.0,8.833333333333334,2.8333333333333335,0.0
2022-23,2022-10-19,S Hooper,3,3,16.0,8.0,8.0,2.0,0.0
2022-23,2022-10-19,S Hooper,5,5,16.0,8.4,7.6,2.2,0.0
2022-23,2022-10-19,S Hooper,10,7,17.285714285714285,8.714285714285714,8.571428571428571,2.5714285714285716,0.0
2022-23,2022-10-22,S Hooper,3,3,20.0,10.333333333333334,9.666666666666666,3.3333333333333335,0.0
2022-23,2022-10-22,S Hooper,5,5,18.2,9.4,8.8,3.0,0.0
2022-23,2022-10-22,S Hooper,10,8,18.875,9.625,9.25,3.125,0.0
2022-23,2022-10-30,S Hooper,3,3,20.333333333333332,10.666666666666666,9.666666666666666,3.0,0.0
2022-23,2022-10-30,S Hooper,5,5,19.0,9.8,9.2,2.8,0.0
2022-23,2022-10-30,S Hooper,10,9,18.666666666666668,9.555555555555555,9.11111111111111,2.888888888888889,0.0
2022-23,2022-11-12,S Hooper,3,3,21.0,11.0,10.0,3.3333333333333335,0.0
2022-23,2022-11-12,S Hooper,5,5,18.6,9.6,9.0,2.6,0.0
2022-23,2022-11-12,S Hooper,10,10,18.4,9.4,9.0,2.8,0.0
2022-23,2022-12-27,S Hooper,3,3,17.0,8.333333333333334,8.666666666666666,1.0,0.0
2022-23,2022-12-27,S Hooper,5,5,19.0,9.6,9.4,2.2,0.0
2022-23,2022-12-27,S Hooper,10,10,17.9,9.3,8.6,2.5,0.0
2022-23,2022-12-31,S Hooper,3,3,22.0,9.666666666666666,12.333333333333334,3.3333333333333335,0.0
2022-23,2022-12-31,S Hooper,5,5,22.6,10.8,11.8,3.6,0.0
2022-23,2022-12-31,S Hooper,10,10,19.3,9.6,9.7,2.9,0.0
2022-23,2023-01-14,S Hooper,3,3,22.333333333333332,10.333333333333334,12.0,3.3333333333333335,0.0
2022-23,2023-01-14,S Hooper,5,5,20.0,9.6,10.4,2.6,0.0
2022-23,2023-01-14,S Hooper,10,10,19.1,9.5,9.6,2.8,0.0
2022-23,2023-01-19,S Hooper,3,3,24.333333333333332,11.0,13.333333333333334,4.333333333333333,0.0
2022-23,2023-01-19,S Hooper,5,5,21.4,9.8,11.6,3.0,0.0
2022-23,2023-01-19,S Hooper,10,10,20.2,9.8,10.4,2.9,0.0
2022-23,2023-02-08,S Hooper,3,3,19.666666666666668,9.0,10.666666666666666,3.0,0.0
2022-23,2023-02-08,S Hooper,5,5,21.8,9.6,12.2,3.4,0.0
2022-23,2023-02-08,S Hooper,10,10,20.2,9.6,10.6,3.0,0.0
2022-23,2023-02-13,S Hooper,3,3,22.0,8.333333333333334,13.666666666666666,3.6666666666666665,0.0
2022-23,2023-02-13,S Hooper,5,5,23.0,9.6,13.4,4.2,0.0
2022-23,2023-02-13,S Hooper,10,10,21.0,9.6,11.4,3.2,0.0
2022-23,2023-02-18,S Hooper,3,3,19.666666666666668,9.333333333333334,10.333333333333334,3.6666666666666665,0.0
2022-23,2023-02-18,S Hooper,5,5,20.0,9.6,10.4,3.2,0.0
2022-23,2023-02-18,S Hooper,10,10,21.3,10.2,11.1,3.4,0.0
2022-23,2023-03-04,S Hooper,3,3,20.666666666666668,9.666666666666666,11.0,4.333333333333333,0.0
2022-23,2023-03-04,S Hooper,5,5,20.8,9.2,11.6,4.0,0.0
2022-23,2023-03-04,S Hooper,10,10,20.4,9.4,11.0,3.3,0.0
2022-23,2023-03-11,S Hooper,3,3,20.333333333333332,10.666666666666666,9.666666666666666,4.0,0.0
2022-23,2023-03-11,S Hooper,5,5,20.6,9.4,11.2,4.0,0.0
2022-23,2023-03-11,S Hooper,10,10,21.0,9.6,11.4,3.5,0.0
2022-23,2023-03-18,S Hooper,3,3,21.666666666666668,10.666666666666666,11.0,3.6666666666666665,0.0
2022-23,2023-03-18,S Hooper,5,5,21.2,10.6,10.6,3.6,0.0
2022-23,2023-03-18,S Hooper,10,10,21.5,10.1,11.4,3.5,0.0
2022-23,2023-04-01,S Hooper,3,3,21.666666666666668,11.0,10.666666666666666,2.3333333333333335,0.0
2022-23,2023-04-01,S Hooper,5,5,20.6,10.8,9.8,3.2,0.0
2022-23,2023-04-01,S Hooper,10,10,21.8,10.2,11.6,3.7,0.0
2022-23,2023-04-09,S Hooper,3,3,20.333333333333332,11.0,9.333333333333334,2.6666666666666665,0.0
2022-23,2023-04-09,S Hooper,5,5,21.0,10.4,10.6,3.4,0.0
2022-23,2023-04-09,S Hooper,10,10,20.5,10.0,10.5,3.3,0.0
2022-23,2023-04-16,S Hooper,3,3,19.333333333333332,9.666666666666666,9.666666666666666,3.3333333333333335,0.0
2022-23,2023-04-16,S Hooper,5,5,20.4,10.6,9.8,3.0,0.0
2022-23,2023-04-16,S Hooper,10,10,20.6,9.9,10.7,3.5,0.0
2022-23,2023-04-21,S Hooper,3,3,20.333333333333332,10.0,10.333333333333334,4.666666666666667,0.0
2022-23,2023-04-21,S Hooper,5,5,20.6,10.4,10.2,3.6,0.0
2022-23,2023-04-21,S Hooper,10,10,20.6,9.9,10.7,3.8,0.0
2022-23,2023-04-30,S Hooper,3,3,20.333333333333332,9.333333333333334,11.0,4.666666666666667,0.0
2022-23,2023-04-30,S Hooper,5,5,20.2,9.6,10.6,4.0,0.0
2022-23,2023-04-30,S Hooper,10,10,20.7,10.1,10.6,3.8,0.0
2022-23,2023-05-08,S Hooper,3,3,22.333333333333332,10.0,12.333333333333334,5.333333333333333,0.0
2022-23,2023-05-08,S Hooper,5,5,20.8,10.0,10.8,4.8,0.0
2022-23,2023-05-08,S Hooper,10,10,20.7,10.4,10.3,4.0,0.0
2022-23,2023-05-13,S Hooper,3,3,24.333333333333332,12.0,12.333333333333334,5.0,0.3333333333333333
2022-23,2023-05-13,S Hooper,5,5,23.0,11.0,12.0,5.0,0.2
2022-23,2023-05-13,S Hooper,10,10,22.0,10.7,11.3,4.2,0.1
2022-23,2023-05-24,S Hooper,3,3,27.0,14.333333333333334,12.666666666666666,4.666666666666667,0.3333333333333333
2022-23,2023-05-24,S Hooper,5,5,24.8,12.4,12.4,4.8,0.2
2022-23,2023-05-24,S Hooper,10,10,22.6,11.5,11.1,3.9,0.1
2022-23,2023-05-28,S Hooper,3,3,25.0,13.333333333333334,11.666666666666666,3.3333333333333335,0.3333333333333333
2022-23,2023-05-28,S Hooper,5,5,23.6,12.0,11.6,4.0,0.2
2022-23,2023-05-28,S Hooper,10,10,22.1,11.2,10.9,3.8,0.1
2022-23,2022-08-30,T Bramall,3,1,20.0,9.0,11.0,3.0,0.0
2022-23,2022-08-30,T Bramall,5,1,20.0,9.0,11.0,3.0,0.0
2022-23,2022-08-30,T Bramall,10,1,20.0,9.0,11.0,3.0,0.0
2022-23,2022-10-01,T Bramall,3,2,20.5,10.0,10.5,3.0,0.0
2022-23,2022-10-01,T Bramall,5,2,20.5,10.0,10.5,3.0,0.0
2022-23,2022-10-01,T Bramall,10,2,20.5,10.0,10.5,3.0,0.0
2022-23,2022-10-15,T Bramall,3,3,23.666666666666668,12.333333333333334,11.333333333333334,3.3333333333333335,0.0
2022-23,2022-10-15,T Bramall,5,3,23.666666666666668,12.333333333333334,11.333333333333334,3.3333333333333335,0.0
2022-23,2022-10-15,T Bramall,10,3,23.666666666666668,12.333333333333334,11.333333333333334,3.3333333333333335,0.0
2022-23,2023-01-04,T Bramall,3,3,27.333333333333332,14.0,13.333333333333334,3.6666666666666665,0.0
2022-23,2023-01-04,T Bramall,5,4,25.5,12.75,12.75,3.5,0.0
2022-23,2023-01-04,T Bramall,10,4,25.5,12.75,12.75,3.5,0.0
2022-23,2023-01-21,T Bramall,3,3,26.333333333333332,13.333333333333334,13.0,3.0,0.0
2022-23,2023-01-21,T Bramall,5,5,24.0,12.0,12.0,3.0,0.0
2022-23,2023-01-21,T Bramall,10,5,24.0,12.0,12.0,3.0,0.0
2022-23,2023-04-25,T Bramall,3,3,24.333333333333332,9.666666666666666,14.666666666666666,3.3333333333333335,0.0
2022-23,2023-04-25,T Bramall,5,5,24.8,11.4,13.4,3.4,0.0
2022-23,2023-04-25,T Bramall,10,6,24.0,11.0,13.0,3.3333333333333335,0.0
2022-23,2023-05-13,T Bramall,3,3,23.666666666666668,10.666666666666666,13.0,2.6666666666666665,0.0
2022-23,2023-05-13,T Bramall,5,5,26.4,12.6,13.8,3.2,0.0
2022-23,2023-05-13,T Bramall,10,7,24.714285714285715,11.857142857142858,12.857142857142858,3.142857142857143,0.0
2022-23,2023-05-28,T Bramall,3,3,25.0,10.666666666666666,14.333333333333334,3.0,0.0
2022-23,2023-05-28,T Bramall,5,5,24.8,11.0,13.8,2.8,0.0
2022-23,2023-05-28,T Bramall,10,8,24.375,11.5,12.875,3.0,0.0
2022-23,2022-08-13,T Harrington,3,1,22.0,10.0,12.0,4.0,0.0
2022-23,2022-08-13,T Harrington,5,1,22.0,10.0,12.0,4.0,0.0
2022-23,2022-08-13,T Harrington,10,1,22.0,10.0,12.0,4.0,0.0
2022-23,2022-09-04,T Harrington,3,2,18.0,8.0,10.0,3.0,0.0
2022-23,2022-09-04,T Harrington,5,2,18.0,8.0,10.0,3.0,0.0
2022-23,2022-09-04,T Harrington,10,2,18.0,8.0,10.0,3.0,0.0
2022-23,2022-09-16,T Harrington,3,3,20.666666666666668,9.666666666666666,11.0,3.3333333333333335,0.0
2022-23,2022-09-16,T Harrington,5,3,20.666666666666668,9.666666666666666,11.0,3.3333333333333335,0.0
2022-23,2022-09-16,T Harrington,10,3,20.666666666666668,9.666666666666666,11.0,3.3333333333333335,0.0
2022-23,2022-10-08,T Harrington,3,3,21.0,9.333333333333334,11.666666666666666,3.0,0.0
2022-23,2022-10-08,T Harrington,5,4,21.25,9.5,11.75,3.25,0.0
2022-23,2022-10-08,T Harrington,10,4,21.25,9.5,11.75,3.25,0.0
2022-23,2022-10-19,T Harrington,3,3,23.333333333333332,10.333333333333334,13.0,4.333333333333333,0.0
2022-23,2022-10-19,T Harrington,5,5,21.2,9.4,11.8,3.8,0.0
2022-23,2022-10-19,T Harrington,10,5,21.2,9.4,11.8,3.8,0.0
2022-23,2022-11-05,T Harrington,3,3,23.333333333333332,11.333333333333334,12.0,4.333333333333333,0.0
2022-23,2022-11-05,T Harrington,5,5,22.0,10.6,11.4,3.8,0.0
2022-23,2022-11-05,T Harrington,10,6,22.0,10.5,11.5,3.8333333333333335,0.0
2022-23,2023-03-04,T Robinson,3,1,29.0,11.0,18.0,2.0,0.0
2022-23,2023-03-04,T Robinson,5,1,29.0,11.0,18.0,2.0,0.0
2022-23,2023-03-04,T Robinson,10,1,29.0,11.0,18.0,2.0,0.0
2022-23,2023-04-01,T Robinson,3,2,28.5,11.5,17.0,4.5,0.0
2022-23,2023-04-01,T Robinson,5,2,28.5,11.5,17.0,4.5,0.0
2022-23,2023-04-01,T Robinson,10,2,28.5,11.5,17.0,4.5,0.0
2023-24,2023-08-12,A Madley,3,1,29.0,12.0,17.0,8.0,0.0
2023-24,2023-08-12,A Madley,5,1,29.0,12.0,17.0,8.0,0.0
2023-24,2023-08-12,A Madley,10,1,29.0,12.0,17.0,8.0,0.0
2023-24,2023-08-19,A Madley,3,2,27.0,13.0,14.0,8.5,0.5
2023-24,2023-08-19,A Madley,5,2,27.0,13.0,14.0,8.5,0.5
2023-24,2023-08-19,A Madley,10,2,27.0,13.0,14.0,8.5,0.5
2023-24,2023-09-02,A Madley,3,3,26.0,12.333333333333334,13.666666666666666,6.666666666666667,0.3333333333333333
2023-24,2023-09-02,A Madley,5,3,26.0,12.333333333333334,13.666666666666666,6.666666666666667,0.3333333333333333
2023-24,2023-09-02,A Madley,10,3,26.0,12.333333333333334,13.666666666666666,6.666666666666667,0.3333333333333333
2023-24,2023-09-16,A Madley,3,3,22.333333333333332,10.666666666666666,11.666666666666666,5.666666666666667,0.3333333333333333
2023-24,2023-09-16,A Madley,5,4,24.0,11.0,13.0,6.25,0.25
2023-24,2023-09-16,A Madley,10,4,24.0,11.0,13.0,6.25,0.25
2023-24,2023-09-30,A Madley,3,3,27.333333333333332,12.333333333333334,15.0,5.333333333333333,0.0
2023-24,2023-09-30,A Madley,5,5,27.2,12.6,14.6,6.6,0.2
2023-24,2023-09-30,A Madley,10,5,27.2,12.6,14.6,6.6,0.2
2023-24,2023-10-07,A Madley,3,3,28.333333333333332,12.0,16.333333333333332,6.0,0.0
2023-24,2023-10-07,A Madley,5,5,26.8,12.2,14.6,6.0,0.2
2023-24,2023-10-07,A Madley,10,6,27.166666666666668,12.166666666666666,15.0,6.333333333333333,0.16666666666666666
2023-24,2023-10-27,A Madley,3,3,32.333333333333336,16.0,16.333333333333332,5.333333333333333,0.0
2023-24,2023-10-27,A Madley,5,5,27.8,13.2,14.6,4.8,0.0
2023-24,2023-10-27,A Madley,10,7,27.571428571428573,13.142857142857142,14.428571428571429,5.857142857142857,0.14285714285714285
2023-24,2023-11-05,A Madley,3,3,25.666666666666668,12.0,13.666666666666666,3.3333333333333335,0.0
2023-24,2023-11-05,A Madley,5,5,27.0,12.4,14.6,4.6,0.0
2023-24,2023-11-05,A Madley,10,8,26.625,12.375,14.25,5.375,0.125
2023-24,2023-11-25,A Madley,3,3,21.333333333333332,10.666666666666666,10.666666666666666,3.3333333333333335,0.0
2023-24,2023-11-25,A Madley,5,5,26.2,12.2,14.0,4.6,0.0
2023-24,2023-11-25,A Madley,10,9,25.22222222222222,11.666666666666666,13.555555555555555,5.333333333333333,0.1111111111111111
2023-24,2023-12-09,A Madley,3,3,22.666666666666668,10.0,12.666666666666666,4.666666666666667,0.3333333333333333
2023-24,2023-12-09,A Madley,5,5,25.0,11.8,13.2,4.4,0.2
2023-24,2023-12-09,A Madley,10,10,26.1,12.2,13.9,5.5,0.2
2023-24,2023-12-16,A Madley,3,3,23.666666666666668,10.666666666666666,13.0,5.333333333333333,0.3333333333333333
2023-24,2023-12-16,A Madley,5,5,24.2,11.6,12.6,4.2,0.2
2023-24,2023-12-16,A Madley,10,10,25.5,11.9,13.6,5.1,0.2
2023-24,2023-12-27,A Madley,3,3,25.333333333333332,10.333333333333334,15.0,4.333333333333333,0.3333333333333333
2023-24,2023-12-27,A Madley,5,5,22.0,8.8,13.2,4.0,0.2
2023-24,2023-12-27,A Madley,10,10,24.9,11.0,13.9,4.4,0.1
2023-24,2024-01-21,A Madley,3,3,21.0,7.666666666666667,13.333333333333334,3.0,0.0
2023-24,2024-01-21,A Madley,5,5,22.2,9.2,13.0,4.2,0.2
2023-24,2024-01-21,A Madley,10,10,24.6,10.8,13.8,4.4,0.1
2023-24,2024-02-04,A Madley,3,3,18.333333333333332,8.0,10.333333333333334,2.0,0.0
2023-24,2024-02-04,A Madley,5,5,22.4,10.0,12.4,3.4,0.2
2023-24,2024-02-04,A Madley,10,10,24.3,11.1,13.2,4.0,0.1
2023-24,2024-02-17,A Madley,3,3,18.333333333333332,8.666666666666666,9.666666666666666,2.6666666666666665,0.0
2023-24,2024-02-17,A Madley,5,5,19.4,8.0,11.4,2.8,0.0
2023-24,2024-02-17,A Madley,10,10,22.2,9.9,12.3,3.6,0.1
2023-24,2024-02-21,A Madley,3,3,21.0,10.666666666666666,10.333333333333334,3.3333333333333335,0.0
2023-24,2024-02-21,A Madley,5,5,20.6,9.2,11.4,3.0,0.0
2023-24,2024-02-21,A Madley,10,10,22.4,10.4,12.0,3.6,0.1
2023-24,2024-03-03,A Madley,3,3,21.0,9.0,12.0,3.3333333333333335,0.0
2023-24,2024-03-03,A Madley,5,5,19.8,9.2,10.6,2.8,0.0
2023-24,2024-03-03,A Madley,10,10,20.9,9.0,11.9,3.4,0.1
2023-24,2024-04-03,A Madley,3,3,21.666666666666668,9.666666666666666,12.0,2.6666666666666665,0.0
2023-24,2024-04-03,A Madley,5,5,19.8,9.2,10.6,2.6,0.0
2023-24,2024-04-03,A Madley,10,10,21.0,9.2,11.8,3.4,0.1
2023-24,2024-04-06,A Madley,3,3,19.0,7.0,12.0,1.0,0.0
2023-24,2024-04-06,A Madley,5,5,21.0,8.6,12.4,2.4,0.0
2023-24,2024-04-06,A Madley,10,10,21.7,9.3,12.4,2.9,0.1
2023-24,2024-04-20,A Madley,3,3,20.333333333333332,8.666666666666666,11.666666666666666,1.0,0.0
2023-24,2024-04-20,A Madley,5,5,21.0,9.2,11.8,1.8,0.0
2023-24,2024-04-20,A Madley,10,10,20.2,8.6,11.6,2.3,0.0
2023-24,2024-04-24,A Madley,3,3,19.666666666666668,7.666666666666667,12.0,1.3333333333333333,0.0
2023-24,2024-04-24,A Madley,5,5,19.0,7.4,11.6,1.4,0.0
2023-24,2024-04-24,A Madley,10,10,19.8,8.3,11.5,2.2,0.0
2023-24,2024-05-05,A Madley,3,3,20.0,9.333333333333334,10.666666666666666,2.6666666666666665,0.0
2023-24,2024-05-05,A Madley,5,5,20.4,8.8,11.6,2.0,0.0
2023-24,2024-05-05,A Madley,10,10,20.1,9.0,11.1,2.4,0.0
2023-24,2024-05-19,A Madley,3,3,20.333333333333332,9.666666666666666,10.666666666666666,3.0,0.0
2023-24,2024-05-19,A Madley,5,5,20.2,9.2,11.0,2.0,0.0
2023-24,2024-05-19,A Madley,10,10,20.0,9.2,10.8,2.3,0.0
2023-24,2023-08-13,A Taylor,3,1,17.0,5.0,12.0,6.0,0.0
2023-24,2023-08-13,A Taylor,5,1,17.0,5.0,12.0,6.0,0.0
2023-24,2023-08-13,A Taylor,10,1,17.0,5.0,12.0,6.0,0.0
2023-24,2023-08-20,A Taylor,3,2,18.5,6.5,12.0,6.5,0.0
2023-24,2023-08-20,A Taylor,5,2,18.5,6.5,12.0,6.5,0.0
2023-24,2023-08-20,A Taylor,10,2,18.5,6.5,12.0,6.5,0.0
2023-24,2023-08-26,A Taylor,3,3,18.666666666666668,7.666666666666667,11.0,5.666666666666667,0.0
2023-24,2023-08-26,A Taylor,5,3,18.666666666666668,7.666666666666667,11.0,5.666666666666667,0.0
2023-24,2023-08-26,A Taylor,10,3,18.666666666666668,7.666666666666667,11.0,5.666666666666667,0.0
2023-24,2023-09-03,A Taylor,3,3,18.0,8.666666666666666,9.333333333333334,5.333333333333333,0.0
2023-24,2023-09-03,A Taylor,5,4,17.75,7.75,10.0,5.5,0.0
2023-24,2023-09-03,A Taylor,10,4,17.75,7.75,10.0,5.5,0.0
2023-24,2023-09-23,A Taylor,3,3,18.666666666666668,7.666666666666667,11.0,6.333333333333333,0.3333333333333333
2023-24,2023-09-23,A Taylor,5,5,18.6,7.2,11.4,6.4,0.2
2023-24,2023-09-23,A Taylor,10,5,18.6,7.2,11.4,6.4,0.2
2023-24,2023-09-30,A Taylor,3,3,18.333333333333332,7.0,11.333333333333334,5.333333333333333,0.3333333333333333
2023-24,2023-09-30,A Taylor,5,5,18.8,7.8,11.0,5.4,0.2
2023-24,2023-09-30,A Taylor,10,6,18.5,7.333333333333333,11.166666666666666,5.5,0.16666666666666666
2023-24,2023-10-08,A Taylor,3,3,24.0,8.333333333333334,15.666666666666666,4.666666666666667,0.3333333333333333
2023-24,2023-10-08,A Taylor,5,5,21.2,8.6,12.6,4.6,0.2
2023-24,2023-10-08,A Taylor,10,7,20.428571428571427,8.0,12.428571428571429,5.142857142857143,0.14285714285714285
2023-24,2023-10-23,A Taylor,3,3,24.666666666666668,10.0,14.666666666666666,2.0,0.0
2023-24,2023-10-23,A Taylor,5,5,22.2,8.6,13.6,4.2,0.2
2023-24,2023-10-23,A Taylor,10,8,20.875,8.25,12.625,4.75,0.125
2023-24,2023-10-28,A Taylor,3,3,28.0,11.666666666666666,16.333333333333332,3.3333333333333335,0.0
2023-24,2023-10-28,A Taylor,5,5,24.8,9.6,15.2,4.2,0.2
2023-24,2023-10-28,A Taylor,10,9,21.666666666666668,8.777777777777779,12.88888888888889,4.777777777777778,0.1111111111111111
2023-24,2023-11-12,A Taylor,3,3,26.333333333333332,11.666666666666666,14.666666666666666,5.0,0.0
2023-24,2023-11-12,A Taylor,5,5,25.8,11.0,14.8,3.8,0.0
2023-24,2023-11-12,A Taylor,10,10,22.2,9.1,13.1,5.1,0.1
2023-24,2023-11-25,A Taylor,3,3,24.666666666666668,12.333333333333334,12.333333333333334,6.333333333333333,0.3333333333333333
2023-24,2023-11-25,A Taylor,5,5,26.0,11.8,14.2,4.8,0.2
2023-24,2023-11-25,A Taylor,10,10,22.4,9.8,12.6,5.1,0.2
2023-24,2023-12-02,A Taylor,3,3,21.333333333333332,11.333333333333334,10.0,5.666666666666667,0.3333333333333333
2023-24,2023-12-02,A Taylor,5,5,23.2,11.4,11.8,4.8,0.2
2023-24,2023-12-02,A Taylor,10,10,22.2,10.0,12.2,4.7,0.2
2023-24,2023-12-16,A Taylor,3,3,18.0,10.333333333333334,7.666666666666667,3.3333333333333335,0.3333333333333333
2023-24,2023-12-16,A Taylor,5,5,21.8,11.2,10.6,4.6,0.2
2023-24,2023-12-16,A Taylor,10,10,22.0,9.9,12.1,4.4,0.2
2023-24,2023-12-22,A Taylor,3,3,20.666666666666668,10.0,10.666666666666666,3.3333333333333335,0.0
2023-24,2023-12-22,A Taylor,5,5,21.6,10.8,10.8,4.8,0.2
2023-24,2023-12-22,A Taylor,10,10,23.2,10.2,13.0,4.5,0.2
2023-24,2024-01-01,A Taylor,3,3,25.0,12.0,13.0,5.0,0.0
2023-24,2024-01-01,A Taylor,5,5,22.4,11.6,10.8,4.8,0.2
2023-24,2024-01-01,A Taylor,10,10,24.1,11.3,12.8,4.3,0.1
2023-24,2024-01-13,A Taylor,3,3,26.666666666666668,13.333333333333334,13.333333333333334,6.666666666666667,0.0
2023-24,2024-01-13,A Taylor,5,5,23.0,11.8,11.2,4.8,0.0
2023-24,2024-01-13,A Taylor,10,10,24.5,11.8,12.7,4.8,0.1
2023-24,2024-02-04,A Taylor,3,3,25.0,13.333333333333334,11.666666666666666,7.333333333333333,0.3333333333333333
2023-24,2024-02-04,A Taylor,5,5,23.8,12.0,11.8,5.8,0.2
2023-24,2024-02-04,A Taylor,10,10,23.5,11.7,11.8,5.3,0.2
2023-24,2024-02-10,A Taylor,3,3,19.666666666666668,11.0,8.666666666666666,5.666666666666667,0.3333333333333333
2023-24,2024-02-10,A Taylor,5,5,23.4,12.0,11.4,6.2,0.2
2023-24,2024-02-10,A Taylor,10,10,22.6,11.6,11.0,5.4,0.2
2023-24,2024-02-17,A Taylor,3,3,19.333333333333332,9.333333333333334,10.0,4.0,0.3333333333333333
2023-24,2024-02-17,A Taylor,5,5,22.2,11.4,10.8,5.2,0.2
2023-24,2024-02-17,A Taylor,10,10,21.9,11.1,10.8,5.0,0.2
2023-24,2024-03-09,A Taylor,3,3,19.666666666666668,9.666666666666666,10.0,4.0,0.0
2023-24,2024-03-09,A Taylor,5,5,20.6,10.6,10.0,5.2,0.2
2023-24,2024-03-09,A Taylor,10,10,21.5,11.1,10.4,5.0,0.2
2023-24,2024-03-31,A Taylor,3,3,24.333333333333332,9.666666666666666,14.666666666666666,3.6666666666666665,0.0
2023-24,2024-03-31,A Taylor,5,5,22.0,9.8,12.2,4.4,0.2
2023-24,2024-03-31,A Taylor,10,10,22.5,10.8,11.7,4.6,0.1
2023-24,2024-04-07,A Taylor,3,3,23.666666666666668,10.0,13.666666666666666,5.666666666666667,0.0
2023-24,2024-04-07,A Taylor,5,5,21.4,9.4,12.0,4.2,0.0
2023-24,2024-04-07,A Taylor,10,10,22.6,10.7,11.9,5.0,0.1
2023-24,2024-04-21,A Taylor,3,3,24.0,11.0,13.0,4.666666666666667,0.0
2023-24,2024-04-21,A Taylor,5,5,23.2,10.6,12.6,4.6,0.0
2023-24,2024-04-21,A Taylor,10,10,23.3,11.3,12.0,5.4,0.1
2023-24,2024-04-27,A Taylor,3,3,20.333333333333332,10.666666666666666,9.666666666666666,4.666666666666667,0.0
2023-24,2024-04-27,A Taylor,5,5,22.6,10.6,12.0,4.8,0.0
2023-24,2024-04-27,A Taylor,10,10,22.4,11.0,11.4,5.0,0.1
2023-24,2024-05-04,A Taylor,3,3,19.333333333333332,10.333333333333334,9.0,3.6666666666666665,0.0
2023-24,2024-05-04,A Taylor,5,5,21.2,9.8,11.4,4.0,0.0
2023-24,2024-05-04,A Taylor,10,10,20.9,10.2,10.7,4.6,0.1
2023-24,2024-05-11,A Taylor,3,3,16.333333333333332,8.333333333333334,8.0,2.3333333333333335,0.3333333333333333
2023-24,2024-05-11,A Taylor,5,5,18.4,9.8,8.6,3.8,0.2
2023-24,2024-05-11,A Taylor,10,10,20.2,9.8,10.4,4.1,0.2
2023-24,2024-05-19,A Taylor,3,3,15.0,7.333333333333333,7.666666666666667,3.3333333333333335,0.3333333333333333
2023-24,2024-05-19,A Taylor,5,5,17.4,9.0,8.4,3.4,0.2
2023-24,2024-05-19,A Taylor,10,10,19.4,9.2,10.2,3.8,0.1
2023-24,2023-09-24,C Kavanagh,3,1,25.0,12.0,13.0,2.0,0.0
2023-24,2023-09-24,C Kavanagh,5,1,25.0,12.0,13.0,2.0,0.0
2023-24,2023-09-24,C Kavanagh,10,1,25.0,12.0,13.0,2.0,0.0
2023-24,2023-09-30,C Kavanagh,3,2,21.5,11.0,10.5,3.5,0.0
2023-24,2023-09-30,C Kavanagh,5,2,21.5,11.0,10.5,3.5,0.0
2023-24,2023-09-30,C Kavanagh,10,2,21.5,11.0,10.5,3.5,0.0
2023-24,2023-10-21,C Kavanagh,3,3,21.333333333333332,9.666666666666666,11.666666666666666,4.333333333333333,0.0
2023-24,2023-10-21,C Kavanagh,5,3,21.333333333333332,9.666666666666666,11.666666666666666,4.333333333333333,0.0
2023-24,2023-10-21,C Kavanagh,10,3,21.333333333333332,9.666666666666666,11.666666666666666,4.333333333333333,0.0
2023-24,2023-10-29,C Kavanagh,3,3,20.333333333333332,8.666666666666666,11.666666666666666,5.333333333333333,0.0
2023-24,2023-10-29,C Kavanagh,5,4,21.5,9.5,12.0,4.5,0.0
2023-24,2023-10-29,C Kavanagh,10,4,21.5,9.5,12.0,4.5,0.0
2023-24,2023-11-11,C Kavanagh,3,3,19.0,8.666666666666666,10.333333333333334,4.666666666666667,0.0
2023-24,2023-11-11,C Kavanagh,5,5,20.0,9.6,10.4,4.2,0.0
2023-24,2023-11-11,C Kavanagh,10,5,20.0,9.6,10.4,4.2,0.0
2023-24,2023-11-25,C Kavanagh,3,3,18.666666666666668,9.333333333333334,9.333333333333334,4.0,0.0
2023-24,2023-11-25,C Kavanagh,5,5,19.0,9.0,10.0,4.6,0.0
2023-24,2023-11-25,C Kavanagh,10,6,20.0,9.5,10.5,4.166666666666667,0.0
2023-24,2023-12-02,C Kavanagh,3,3,18.333333333333332,9.333333333333334,9.0,4.666666666666667,0.3333333333333333
2023-24,2023-12-02,C Kavanagh,5,5,19.6,8.8,10.8,5.0,0.2
2023-24,2023-12-02,C Kavanagh,10,7,20.142857142857142,9.428571428571429,10.714285714285714,4.571428571428571,0.14285714285714285
2023-24,2023-12-06,C Kavanagh,3,3,21.666666666666668,10.0,11.666666666666666,5.0,0.3333333333333333
2023-24,2023-12-06,C Kavanagh,5,5,20.2,9.8,10.4,4.6,0.2
2023-24,2023-12-06,C Kavanagh,10,8,20.625,9.75,10.875,4.5,0.125
2023-24,2023-12-10,C Kavanagh,3,3,22.333333333333332,10.333333333333334,12.0,5.0,0.3333333333333333
2023-24,2023-12-10,C Kavanagh,5,5,20.2,10.0,10.2,4.4,0.2
2023-24,2023-12-10,C Kavanagh,10,9,20.77777777777778,9.777777777777779,11.0,4.444444444444445,0.1111111111111111
2023-24,2023-12-17,C Kavanagh,3,3,24.333333333333332,11.333333333333334,13.0,4.0,0.0
2023-24,2023-12-17,C Kavanagh,5,5,22.8,10.4,12.4,4.6,0.2
2023-24,2023-12-17,C Kavanagh,10,10,21.4,10.0,11.4,4.4,0.1
2023-24,2023-12-23,C Kavanagh,3,3,25.333333333333332,11.666666666666666,13.666666666666666,5.0,0.0
2023-24,2023-12-23,C Kavanagh,5,5,24.2,11.2,13.0,5.2,0.2
2023-24,2023-12-23,C Kavanagh,10,10,21.6,10.1,11.5,4.9,0.1
2023-24,2023-12-26,C Kavanagh,3,3,25.0,11.666666666666666,13.333333333333334,5.666666666666667,0.0
2023-24,2023-12-26,C Kavanagh,5,5,24.2,11.4,12.8,5.0,0.0
2023-24,2023-12-26,C Kavanagh,10,10,21.9,10.1,11.8,5.0,0.1
2023-24,2024-01-13,C Kavanagh,3,3,20.666666666666668,10.0,10.666666666666666,5.333333333333333,0.0
2023-24,2024-01-13,C Kavanagh,5,5,22.2,10.4,11.8,4.8,0.0
2023-24,2024-01-13,C Kavanagh,10,10,21.2,10.1,11.1,4.7,0.1
2023-24,2024-02-10,C Kavanagh,3,3,18.0,8.0,10.0,4.0,0.0
2023-24,2024-02-10,C Kavanagh,5,5,21.6,9.8,11.8,4.6,0.0
2023-24,2024-02-10,C Kavanagh,10,10,20.9,9.9,11.0,4.5,0.1
2023-24,2024-03-10,C Kavanagh,3,3,19.666666666666668,8.333333333333334,11.333333333333334,2.6666666666666665,0.3333333333333333
2023-24,2024-03-10,C Kavanagh,5,5,21.4,9.6,11.8,4.2,0.2
2023-24,2024-03-10,C Kavanagh,10,10,22.1,10.0,12.1,4.4,0.2
2023-24,2024-03-30,C Kavanagh,3,3,23.666666666666668,10.666666666666666,13.0,2.3333333333333335,0.3333333333333333
2023-24,2024-03-30,C Kavanagh,5,5,21.2,9.8,11.4,3.2,0.2
2023-24,2024-03-30,C Kavanagh,10,10,22.7,10.5,12.2,4.2,0.2
2023-24,2024-04-14,C Kavanagh,3,3,24.0,11.666666666666666,12.333333333333334,2.0,0.3333333333333333
2023-24,2024-04-14,C Kavanagh,5,5,21.0,9.8,11.2,2.4,0.2
2023-24,2024-04-14,C Kavanagh,10,10,22.6,10.6,12.0,3.7,0.1
2023-24,2024-05-04,C Kavanagh,3,3,20.666666666666668,11.0,9.666666666666666,1.6666666666666667,0.3333333333333333
2023-24,2024-05-04,C Kavanagh,5,5,21.4,10.2,11.2,2.0,0.4
2023-24,2024-05-04,C Kavanagh,10,10,21.8,10.3,11.5,3.4,0.2
2023-24,2024-05-14,C Kavanagh,3,3,20.333333333333332,11.0,9.333333333333334,3.0,0.3333333333333333
2023-24,2024-05-14,C Kavanagh,5,5,22.6,11.6,11.0,2.6,0.4
2023-24,2024-05-14,C Kavanagh,10,10,22.1,10.7,11.4,3.6,0.2
2023-24,2024-05-19,C Kavanagh,3,3,22.0,12.333333333333334,9.666666666666666,3.0,0.6666666666666666
2023-24,2024-05-19,C Kavanagh,5,5,22.4,12.2,10.2,2.6,0.4
2023-24,2024-05-19,C Kavanagh,10,10,21.9,10.9,11.0,3.4,0.3
2023-24,2023-08-11,C Pawson,3,1,19.0,11.0,8.0,0.0,1.0
2023-24,2023-08-11,C Pawson,5,1,19.0,11.0,8.0,0.0,1.0
2023-24,2023-08-11,C Pawson,10,1,19.0,11.0,8.0,0.0,1.0
2023-24,2023-08-26,C Pawson,3,2,21.5,10.5,11.0,3.5,0.5
2023-24,2023-08-26,C Pawson,5,2,21.5,10.5,11.0,3.5,0.5
2023-24,2023-08-26,C Pawson,10,2,21.5,10.5,11.0,3.5,0.5
2023-24,2023-09-16,C Pawson,3,3,21.0,9.666666666666666,11.333333333333334,5.0,0.3333333333333333
2023-24,2023-09-16,C Pawson,5,3,21.0,9.666666666666666,11.333333333333334,5.0,0.3333333333333333
2023-24,2023-09-16,C Pawson,10,3,21.0,9.666666666666666,11.333333333333334,5.0,0.3333333333333333
2023-24,2023-09-30,C Pawson,3,3,24.666666666666668,12.0,12.666666666666666,8.0,0.0
2023-24,2023-09-30,C Pawson,5,4,23.25,11.75,11.5,6.0,0.25
2023-24,2023-09-30,C Pawson,10,4,23.25,11.75,11.5,6.0,0.25
2023-24,2023-10-07,C Pawson,3,3,23.0,11.0,12.0,6.0,0.0
2023-24,2023-10-07,C Pawson,5,5,22.4,10.8,11.6,5.0,0.2
2023-24,2023-10-07,C Pawson,10,5,22.4,10.8,11.6,5.0,0.2
2023-24,2023-10-21,C Pawson,3,3,22.333333333333332,11.333333333333334,11.0,4.0,0.3333333333333333
2023-24,2023-10-21,C Pawson,5,5,22.2,10.4,11.8,5.4,0.2
2023-24,2023-10-21,C Pawson,10,6,21.666666666666668,10.5,11.166666666666666,4.5,0.3333333333333333
2023-24,2023-11-04,C Pawson,3,3,18.0,8.0,10.0,1.3333333333333333,0.3333333333333333
2023-24,2023-11-04,C Pawson,5,5,20.8,10.0,10.8,4.2,0.2
2023-24,2023-11-04,C Pawson,10,7,21.0,10.142857142857142,10.857142857142858,4.0,0.2857142857142857
2023-24,2023-12-03,C Pawson,3,3,21.0,11.0,10.0,3.6666666666666665,0.6666666666666666
2023-24,2023-12-03,C Pawson,5,5,22.4,11.6,10.8,4.2,0.4
2023-24,2023-12-03,C Pawson,10,8,21.875,10.875,11.0,4.5,0.375
2023-24,2023-12-06,C Pawson,3,3,24.0,11.333333333333334,12.666666666666666,4.333333333333333,0.3333333333333333
2023-24,2023-12-06,C Pawson,5,5,21.8,10.0,11.8,3.2,0.4
2023-24,2023-12-06,C Pawson,10,9,22.444444444444443,10.777777777777779,11.666666666666666,4.444444444444445,0.3333333333333333
2023-24,2023-12-26,C Pawson,3,3,25.0,12.0,13.0,5.333333333333333,0.3333333333333333
2023-24,2023-12-26,C Pawson,5,5,22.0,10.6,11.4,3.8,0.4
2023-24,2023-12-26,C Pawson,10,10,22.2,10.7,11.5,4.4,0.3
2023-24,2024-01-22,C Pawson,3,3,23.333333333333332,10.0,13.333333333333334,4.333333333333333,0.0
2023-24,2024-01-22,C Pawson,5,5,23.0,10.8,12.2,4.4,0.2
2023-24,2024-01-22,C Pawson,10,10,22.6,10.6,12.0,4.9,0.2
2023-24,2024-02-11,C Pawson,3,3,23.666666666666668,12.333333333333334,11.333333333333334,4.333333333333333,0.0
2023-24,2024-02-11,C Pawson,5,5,25.2,12.6,12.6,5.0,0.2
2023-24,2024-02-11,C Pawson,10,10,23.0,11.3,11.7,4.6,0.2
2023-24,2024-03-02,C Pawson,3,3,22.0,12.0,10.0,4.0,0.0
2023-24,2024-03-02,C Pawson,5,5,22.6,11.2,11.4,4.0,0.0
2023-24,2024-03-02,C Pawson,10,10,22.5,11.4,11.1,4.1,0.2
2023-24,2024-04-03,C Pawson,3,3,21.0,12.666666666666666,8.333333333333334,3.0,0.0
2023-24,2024-04-03,C Pawson,5,5,21.2,11.6,9.6,3.6,0.0
2023-24,2024-04-03,C Pawson,10,10,21.5,10.8,10.7,3.4,0.2
2023-24,2024-04-13,C Pawson,3,3,20.0,12.0,8.0,3.3333333333333335,0.0
2023-24,2024-04-13,C Pawson,5,5,22.2,12.6,9.6,3.8,0.0
2023-24,2024-04-13,C Pawson,10,10,22.1,11.6,10.5,3.8,0.2
2023-24,2024-04-21,C Pawson,3,3,20.333333333333332,10.666666666666666,9.666666666666666,3.3333333333333335,0.0
2023-24,2024-04-21,C Pawson,5,5,20.8,11.6,9.2,3.4,0.0
2023-24,2024-04-21,C Pawson,10,10,21.9,11.2,10.7,3.9,0.1
2023-24,2024-04-27,C Pawson,3,3,22.666666666666668,11.0,11.666666666666666,5.333333333333333,0.0
2023-24,2024-04-27,C Pawson,5,5,20.6,10.8,9.8,4.2,0.0
2023-24,2024-04-27,C Pawson,10,10,22.9,11.7,11.2,4.6,0.1
2023-24,2024-05-04,C Pawson,3,3,21.333333333333332,7.333333333333333,14.0,5.0,0.0
2023-24,2024-05-04,C Pawson,5,5,21.8,9.8,12.0,4.4,0.0
2023-24,2024-05-04,C Pawson,10,10,22.2,10.5,11.7,4.2,0.0
2023-24,2024-05-19,C Pawson,3,3,22.333333333333332,9.0,13.333333333333334,5.333333333333333,0.0
2023-24,2024-05-19,C Pawson,5,5,21.6,9.4,12.2,4.8,0.0
2023-24,2024-05-19,C Pawson,10,10,21.4,10.5,10.9,4.2,0.0
2023-24,2023-08-19,D Bond,3,1,25.0,13.0,12.0,4.0,1.0
2023-24,2023-08-19,D Bond,5,1,25.0,13.0,12.0,4.0,1.0
2023-24,2023-08-19,D Bond,10,1,25.0,13.0,12.0,4.0,1.0
2023-24,2024-02-03,D Bond,3,2,21.5,12.0,9.5,4.0,0.5
2023-24,2024-02-03,D Bond,5,2,21.5,12.0,9.5,4.0,0.5
2023-24,2024-02-03,D Bond,10,2,21.5,12.0,9.5,4.0,0.5
2023-24,2024-02-25,D Bond,3,3,18.333333333333332,10.666666666666666,7.666666666666667,3.6666666666666665,0.3333333333333333
2023-24,2024-02-25,D Bond,5,3,18.333333333333332,10.666666666666666,7.666666666666667,3.6666666666666665,0.3333333333333333
2023-24,2024-02-25,D Bond,10,3,18.333333333333332,10.666666666666666,7.666666666666667,3.6666666666666665,0.3333333333333333
2023-24,2024-03-16,D Bond,3,3,20.333333333333332,11.0,9.333333333333334,4.333333333333333,0.3333333333333333
2023-24,2024-03-16,D Bond,5,4,21.5,11.5,10.0,4.25,0.5
2023-24,2024-03-16,D Bond,10,4,21.5,11.5,10.0,4.25,0.5
2023-24,2024-05-19,D Bond,3,3,20.333333333333332,10.666666666666666,9.666666666666666,4.666666666666667,0.3333333333333333
2023-24,2024-05-19,D Bond,5,5,20.8,11.2,9.6,4.4,0.4
2023-24,2024-05-19,D Bond,10,5,20.8,11.2,9.6,4.4,0.4
2023-24,2023-08-12,D Coote,3,1,23.0,11.0,12.0,4.0,0.0
2023-24,2023-08-12,D Coote,5,1,23.0,11.0,12.0,4.0,0.0
2023-24,2023-08-12,D Coote,10,1,23.0,11.0,12.0,4.0,0.0
2023-24,2023-08-21,D Coote,3,2,23.5,12.5,11.0,3.5,0.5
2023-24,2023-08-21,D Coote,5,2,23.5,12.5,11.0,3.5,0.5
2023-24,2023-08-21,D Coote,10,2,23.5,12.5,11.0,3.5,0.5
2023-24,2023-09-17,D Coote,3,3,27.333333333333332,13.333333333333334,14.0,4.333333333333333,0.3333333333333333
2023-24,2023-09-17,D Coote,5,3,27.333333333333332,13.333333333333334,14.0,4.333333333333333,0.3333333333333333
2023-24,2023-09-17,D Coote,10,3,27.333333333333332,13.333333333333334,14.0,4.333333333333333,0.3333333333333333
2023-24,2023-10-07,D Coote,3,3,29.333333333333332,14.333333333333334,15.0,4.0,0.3333333333333333
2023-24,2023-10-07,D Coote,5,4,27.75,13.5,14.25,4.0,0.25
2023-24,2023-10-07,D Coote,10,4,27.75,13.5,14.25,4.0,0.25
2023-24,2023-10-22,D Coote,3,3,29.333333333333332,12.666666666666666,16.666666666666668,3.3333333333333335,0.0
2023-24,2023-10-22,D Coote,5,5,27.0,12.6,14.4,3.4,0.2
2023-24,2023-10-22,D Coote,10,5,27.0,12.6,14.4,3.4,0.2
2023-24,2023-12-17,D Coote,3,3,26.0,14.0,12.0,4.666666666666667,0.6666666666666666
2023-24,2023-12-17,D Coote,5,5,27.4,14.2,13.2,4.6,0.6
2023-24,2023-12-17,D Coote,10,6,26.666666666666668,13.666666666666666,13.0,4.5,0.5
2023-24,2023-12-24,D Coote,3,3,23.0,13.0,10.0,6.333333333333333,0.6666666666666666
2023-24,2023-12-24,D Coote,5,5,26.6,13.6,13.0,5.6,0.4
2023-24,2023-12-24,D Coote,10,7,25.714285714285715,13.285714285714286,12.428571428571429,5.0,0.42857142857142855
2023-24,2023-12-30,D Coote,3,3,18.666666666666668,11.666666666666666,7.0,6.666666666666667,0.6666666666666666
2023-24,2023-12-30,D Coote,5,5,21.8,11.6,10.2,4.8,0.4
2023-24,2023-12-30,D Coote,10,8,23.875,12.25,11.625,4.625,0.375
2023-24,2024-01-14,D Coote,3,3,19.333333333333332,9.666666666666666,9.666666666666666,5.0,0.0
2023-24,2024-01-14,D Coote,5,5,21.4,11.4,10.0,5.2,0.4
2023-24,2024-01-14,D Coote,10,9,24.22222222222222,12.333333333333334,11.88888888888889,4.666666666666667,0.3333333333333333
2023-24,2024-01-31,D Coote,3,3,22.0,10.333333333333334,11.666666666666666,4.0,0.0
2023-24,2024-01-31,D Coote,5,5,22.2,12.2,10.0,6.0,0.4
2023-24,2024-01-31,D Coote,10,10,24.6,12.4,12.2,4.7,0.3
2023-24,2024-02-18,D Coote,3,3,27.666666666666668,11.0,16.666666666666668,6.0,0.0
2023-24,2024-02-18,D Coote,5,5,22.8,9.8,13.0,5.6,0.0
2023-24,2024-02-18,D Coote,10,10,25.1,12.0,13.1,5.1,0.3
2023-24,2024-03-03,D Coote,3,3,25.666666666666668,9.333333333333334,16.333333333333332,6.333333333333333,0.0
2023-24,2024-03-03,D Coote,5,5,23.0,9.2,13.8,5.2,0.0
2023-24,2024-03-03,D Coote,10,10,24.8,11.4,13.4,5.4,0.2
2023-24,2024-03-31,D Coote,3,3,25.0,11.666666666666666,13.333333333333334,7.333333333333333,0.0
2023-24,2024-03-31,D Coote,5,5,26.0,12.2,13.8,6.4,0.0
2023-24,2024-03-31,D Coote,10,10,23.9,11.9,12.0,5.6,0.2
2023-24,2024-04-14,D Coote,3,3,22.0,13.333333333333334,8.666666666666666,6.0,0.0
2023-24,2024-04-14,D Coote,5,5,24.4,12.0,12.4,6.2,0.0
2023-24,2024-04-14,D Coote,10,10,22.9,11.7,11.2,5.7,0.2
2023-24,2024-04-27,D Coote,3,3,24.333333333333332,15.333333333333334,9.0,5.333333333333333,0.0
2023-24,2024-04-27,D Coote,5,5,24.4,12.2,12.2,6.0,0.0
2023-24,2024-04-27,D Coote,10,10,23.3,12.2,11.1,6.0,0.2
2023-24,2024-05-04,D Coote,3,3,25.0,14.0,11.0,4.333333333333333,0.0
2023-24,2024-05-04,D Coote,5,5,24.4,14.0,10.4,5.4,0.0
2023-24,2024-05-04,D Coote,10,10,23.6,11.9,11.7,5.5,0.0
2023-24,2023-09-02,D England,3,1,24.0,15.0,9.0,7.0,0.0
2023-24,2023-09-02,D England,5,1,24.0,15.0,9.0,7.0,0.0
2023-24,2023-09-02,D England,10,1,24.0,15.0,9.0,7.0,0.0
2023-24,2023-09-16,D England,3,2,23.0,14.0,9.0,7.5,0.0
2023-24,2023-09-16,D England,5,2,23.0,14.0,9.0,7.5,0.0
2023-24,2023-09-16,D England,10,2,23.0,14.0,9.0,7.5,0.0
2023-24,2023-12-23,D England,3,3,20.666666666666668,13.0,7.666666666666667,6.0,0.0
2023-24,2023-12-23,D England,5,3,20.666666666666668,13.0,7.666666666666667,6.0,0.0
2023-24,2023-12-23,D England,10,3,20.666666666666668,13.0,7.666666666666667,6.0,0.0
2023-24,2024-01-20,D England,3,3,20.666666666666668,11.333333333333334,9.333333333333334,5.0,0.0
2023-24,2024-01-20,D England,5,4,21.5,12.25,9.25,5.5,0.0
2023-24,2024-01-20,D England,10,4,21.5,12.25,9.25,5.5,0.0
2023-24,2024-02-10,D England,3,3,20.666666666666668,10.666666666666666,10.0,3.3333333333333335,0.0
2023-24,2024-02-10,D England,5,5,21.6,12.0,9.6,5.0,0.0
2023-24,2024-02-10,D England,10,5,21.6,12.0,9.6,5.0,0.0
2023-24,2024-02-20,D England,3,3,21.333333333333332,11.0,10.333333333333334,4.333333333333333,0.0
2023-24,2024-02-20,D England,5,5,20.4,11.4,9.0,4.8,0.0
2023-24,2024-02-20,D England,10,6,21.0,12.0,9.0,5.166666666666667,0.0
2023-24,2024-03-10,D England,3,3,23.0,11.333333333333334,11.666666666666666,5.0,0.0
2023-24,2024-03-10,D England,5,5,21.8,11.0,10.8,4.4,0.0
2023-24,2024-03-10,D England,10,7,22.142857142857142,11.857142857142858,10.285714285714286,5.285714285714286,0.0
2023-24,2024-03-16,D England,3,3,24.666666666666668,11.0,13.666666666666666,5.0,0.0
2023-24,2024-03-16,D England,5,5,24.0,10.8,13.2,4.4,0.0
2023-24,2024-03-16,D England,10,8,22.75,11.625,11.125,5.0,0.0
2023-24,2024-03-30,D England,3,3,25.0,11.0,14.0,4.333333333333333,0.3333333333333333
2023-24,2024-03-30,D England,5,5,23.0,11.2,11.8,4.4,0.2
2023-24,2024-03-30,D England,10,9,22.333333333333332,11.666666666666666,10.666666666666666,4.888888888888889,0.1111111111111111
2023-24,2024-04-03,D England,3,3,21.666666666666668,9.333333333333334,12.333333333333334,3.3333333333333335,0.3333333333333333
2023-24,2024-04-03,D England,5,5,22.4,10.2,12.2,4.4,0.2
2023-24,2024-04-03,D England,10,10,22.0,11.1,10.9,4.7,0.1
2023-24,2024-04-27,D England,3,3,20.0,9.333333333333334,10.666666666666666,3.3333333333333335,0.3333333333333333
2023-24,2024-04-27,D England,5,5,23.2,9.8,13.4,3.8,0.2
2023-24,2024-04-27,D England,10,10,21.8,10.6,11.2,4.3,0.1
2023-24,2024-05-11,D England,3,3,22.0,8.333333333333334,13.666666666666666,4.333333333333333,0.0
2023-24,2024-05-11,D England,5,5,22.4,9.4,13.0,4.0,0.2
2023-24,2024-05-11,D England,10,10,22.1,10.2,11.9,4.2,0.1
2023-24,2023-09-30,G Scott,3,1,15.0,6.0,9.0,2.0,0.0
2023-24,2023-09-30,G Scott,5,1,15.0,6.0,9.0,2.0,0.0
2023-24,2023-09-30,G Scott,10,1,15.0,6.0,9.0,2.0,0.0
2023-24,2023-11-11,G Scott,3,2,17.5,7.5,10.0,2.0,0.0
2023-24,2023-11-11,G Scott,5,2,17.5,7.5,10.0,2.0,0.0
2023-24,2023-11-11,G Scott,10,2,17.5,7.5,10.0,2.0,0.0
2023-24,2024-04-02,G Scott,3,3,20.666666666666668,9.333333333333334,11.333333333333334,3.0,0.0
2023-24,2024-04-02,G Scott,5,3,20.666666666666668,9.333333333333334,11.333333333333334,3.0,0.0
2023-24,2024-04-02,G Scott,10,3,20.666666666666668,9.333333333333334,11.333333333333334,3.0,0.0
2023-24,2024-04-21,G Scott,3,3,21.666666666666668,10.333333333333334,11.333333333333334,4.0,0.0
2023-24,2024-04-21,G Scott,5,4,20.0,9.25,10.75,3.5,0.0
2023-24,2024-04-21,G Scott,10,4,20.0,9.25,10.75,3.5,0.0
2023-24,2024-05-04,G Scott,3,3,18.0,8.333333333333334,9.666666666666666,4.0,0.0
2023-24,2024-05-04,G Scott,5,5,17.8,8.0,9.8,3.2,0.0
2023-24,2024-05-04,G Scott,10,5,17.8,8.0,9.8,3.2,0.0
2023-24,2024-05-19,G Scott,3,3,14.333333333333334,7.666666666666667,6.666666666666667,2.6666666666666665,0.0
2023-24,2024-05-19,G Scott,5,5,18.0,9.0,9.0,3.0,0.0
2023-24,2024-05-19,G Scott,10,6,17.5,8.5,9.0,2.8333333333333335,0.0
2023-24,2023-08-12,J Brooks,3,1,29.0,18.0,11.0,3.0,0.0
2023-24,2023-08-12,J Brooks,5,1,29.0,18.0,11.0,3.0,0.0
2023-24,2023-08-12,J Brooks,10,1,29.0,18.0,11.0,3.0,0.0
2023-24,2023-08-20,J Brooks,3,2,25.0,15.0,10.0,4.0,0.5
2023-24,2023-08-20,J Brooks,5,2,25.0,15.0,10.0,4.0,0.5
2023-24,2023-08-20,J Brooks,10,2,25.0,15.0,10.0,4.0,0.5
2023-24,2023-08-27,J Brooks,3,3,25.333333333333332,15.333333333333334,10.0,3.6666666666666665,0.6666666666666666
2023-24,2023-08-27,J Brooks,5,3,25.333333333333332,15.333333333333334,10.0,3.6666666666666665,0.6666666666666666
2023-24,2023-08-27,J Brooks,10,3,25.333333333333332,15.333333333333334,10.0,3.6666666666666665,0.6666666666666666
2023-24,2023-09-24,J Brooks,3,3,25.333333333333332,13.333333333333334,12.0,4.666666666666667,0.6666666666666666
2023-24,2023-09-24,J Brooks,5,4,26.25,14.5,11.75,4.25,0.5
2023-24,2023-09-24,J Brooks,10,4,26.25,14.5,11.75,4.25,0.5
2023-24,2023-10-07,J Brooks,3,3,26.0,14.666666666666666,11.333333333333334,4.0,0.6666666666666666
2023-24,2023-10-07,J Brooks,5,5,25.6,14.8,10.8,4.0,0.6
2023-24,2023-10-07,J Brooks,10,5,25.6,14.8,10.8,4.0,0.6
2023-24,2023-10-29,J Brooks,3,3,24.333333333333332,13.0,11.333333333333334,4.666666666666667,0.3333333333333333
2023-24,2023-10-29,J Brooks,5,5,24.0,13.4,10.6,4.4,0.6
2023-24,2023-10-29,J Brooks,10,6,24.833333333333332,14.166666666666666,10.666666666666666,4.166666666666667,0.5
2023-24,2023-11-04,J Brooks,3,3,22.666666666666668,12.0,10.666666666666666,5.0,0.3333333333333333
2023-24,2023-11-04,J Brooks,5,5,24.6,12.8,11.8,4.8,0.4
2023-24,2023-11-04,J Brooks,10,7,24.714285714285715,13.428571428571429,11.285714285714286,4.571428571428571,0.42857142857142855
2023-24,2023-11-12,J Brooks,3,3,24.666666666666668,11.0,13.666666666666666,5.666666666666667,0.3333333333333333
2023-24,2023-11-12,J Brooks,5,5,25.2,12.2,13.0,5.2,0.4
2023-24,2023-11-12,J Brooks,10,8,25.25,13.375,11.875,4.625,0.5
2023-24,2023-11-26,J Brooks,3,3,23.666666666666668,10.666666666666666,13.0,5.0,0.3333333333333333
2023-24,2023-11-26,J Brooks,5,5,23.0,11.8,11.2,4.6,0.4
2023-24,2023-11-26,J Brooks,10,9,24.444444444444443,13.0,11.444444444444445,4.444444444444445,0.4444444444444444
2023-24,2023-12-06,J Brooks,3,3,24.333333333333332,12.0,12.333333333333334,4.0,0.3333333333333333
2023-24,2023-12-06,J Brooks,5,5,23.6,11.2,12.4,4.8,0.2
2023-24,2023-12-06,J Brooks,10,10,24.6,13.0,11.6,4.4,0.4
2023-24,2023-12-21,J Brooks,3,3,22.333333333333332,11.666666666666666,10.666666666666666,4.666666666666667,0.0
2023-24,2023-12-21,J Brooks,5,5,24.0,11.4,12.6,5.2,0.2
2023-24,2023-12-21,J Brooks,10,10,24.0,12.4,11.6,4.8,0.4
2023-24,2023-12-27,J Brooks,3,3,22.333333333333332,12.666666666666666,9.666666666666666,5.666666666666667,0.0
2023-24,2023-12-27,J Brooks,5,5,22.8,12.2,10.6,5.0,0.2
2023-24,2023-12-27,J Brooks,10,10,23.7,12.5,11.2,4.9,0.3
2023-24,2024-01-14,J Brooks,3,3,18.0,11.0,7.0,5.333333333333333,0.0
2023-24,2024-01-14,J Brooks,5,5,19.6,11.2,8.4,4.6,0.0
2023-24,2024-01-14,J Brooks,10,10,22.4,11.7,10.7,4.9,0.2
2023-24,2024-01-30,J Brooks,3,3,19.0,11.666666666666666,7.333333333333333,4.666666666666667,0.0
2023-24,2024-01-30,J Brooks,5,5,21.2,12.0,9.2,5.0,0.0
2023-24,2024-01-30,J Brooks,10,10,22.1,11.9,10.2,4.8,0.2
2023-24,2024-02-10,J Brooks,3,3,18.666666666666668,9.333333333333334,9.333333333333334,3.3333333333333335,0.0
2023-24,2024-02-10,J Brooks,5,5,19.4,10.6,8.8,4.6,0.0
2023-24,2024-02-10,J Brooks,10,10,21.5,10.9,10.6,4.7,0.1
2023-24,2024-03-02,J Brooks,3,3,22.0,9.0,13.0,3.3333333333333335,0.0
2023-24,2024-03-02,J Brooks,5,5,19.4,9.6,9.8,3.8,0.0
2023-24,2024-03-02,J Brooks,10,10,21.7,10.5,11.2,4.5,0.1
2023-24,2024-03-11,J Brooks,3,3,19.666666666666668,8.333333333333334,11.333333333333334,3.0,0.0
2023-24,2024-03-11,J Brooks,5,5,19.6,9.4,10.2,3.4,0.0
2023-24,2024-03-11,J Brooks,10,10,21.2,10.8,10.4,4.2,0.1
2023-24,2024-04-02,J Brooks,3,3,21.333333333333332,10.666666666666666,10.666666666666666,4.0,0.0
2023-24,2024-04-02,J Brooks,5,5,21.4,10.4,11.0,3.8,0.0
2023-24,2024-04-02,J Brooks,10,10,20.5,10.8,9.7,4.2,0.0
2023-24,2024-04-06,J Brooks,3,3,22.666666666666668,13.0,9.666666666666666,4.0,0.0
2023-24,2024-04-06,J Brooks,5,5,21.6,10.4,11.2,3.4,0.0
2023-24,2024-04-06,J Brooks,10,10,21.4,11.2,10.2,4.2,0.0
2023-24,2024-04-13,J Brooks,3,3,20.666666666666668,11.333333333333334,9.333333333333334,3.0,0.0
2023-24,2024-04-13,J Brooks,5,5,20.8,10.6,10.2,3.2,0.0
2023-24,2024-04-13,J Brooks,10,10,20.1,10.6,9.5,3.9,0.0
2023-24,2024-04-27,J Brooks,3,3,19.333333333333332,9.333333333333334,10.0,2.6666666666666665,0.0
2023-24,2024-04-27,J Brooks,5,5,19.8,10.6,9.2,3.4,0.0
2023-24,2024-04-27,J Brooks,10,10,19.6,10.1,9.5,3.6,0.0
2023-24,2024-05-19,J Brooks,3,3,15.333333333333334,5.666666666666667,9.666666666666666,2.0,0.0
2023-24,2024-05-19,J Brooks,5,5,19.0,8.8,10.2,2.8,0.0
2023-24,2024-05-19,J Brooks,10,10,19.3,9.1,10.2,3.1,0.0
2023-24,2023-08-27,J Gillett,3,1,13.0,11.0,2.0,3.0,0.0
2023-24,2023-08-27,J Gillett,5,1,13.0,11.0,2.0,3.0,0.0
2023-24,2023-08-27,J Gillett,10,1,13.0,11.0,2.0,3.0,0.0
2023-24,2023-09-16,J Gillett,3,2,15.0,9.5,5.5,3.5,0.0
2023-24,2023-09-16,J Gillett,5,2,15.0,9.5,5.5,3.5,0.0
2023-24,2023-09-16,J Gillett,10,2,15.0,9.5,5.5,3.5,0.0
2023-24,2023-09-24,J Gillett,3,3,16.666666666666668,9.333333333333334,7.333333333333333,4.0,0.0
2023-24,2023-09-24,J Gillett,5,3,16.666666666666668,9.333333333333334,7.333333333333333,4.0,0.0
2023-24,2023-09-24,J Gillett,10,3,16.666666666666668,9.333333333333334,7.333333333333333,4.0,0.0
2023-24,2023-11-05,J Gillett,3,3,17.333333333333332,7.666666666666667,9.666666666666666,3.6666666666666665,0.0
2023-24,2023-11-05,J Gillett,5,4,16.25,8.5,7.75,3.5,0.0
2023-24,2023-11-05,J Gillett,10,4,16.25,8.5,7.75,3.5,0.0
2023-24,2023-11-25,J Gillett,3,3,20.666666666666668,10.0,10.666666666666666,4.666666666666667,0.0
2023-24,2023-11-25,J Gillett,5,5,18.4,9.8,8.6,4.2,0.0
2023-24,2023-11-25,J Gillett,10,5,18.4,9.8,8.6,4.2,0.0
2023-24,2023-12-05,J Gillett,3,3,22.666666666666668,10.666666666666666,12.0,5.0,0.0
2023-24,2023-12-05,J Gillett,5,5,21.0,9.8,11.2,4.8,0.0
2023-24,2023-12-05,J Gillett,10,6,19.666666666666668,10.0,9.666666666666666,4.5,0.0
2023-24,2023-12-09,J Gillett,3,3,26.666666666666668,14.0,12.666666666666666,6.333333333333333,0.0
2023-24,2023-12-09,J Gillett,5,5,23.0,11.4,11.6,5.2,0.0
2023-24,2023-12-09,J Gillett,10,7,20.714285714285715,10.857142857142858,9.857142857142858,4.714285714285714,0.0
2023-24,2023-12-15,J Gillett,3,3,26.666666666666668,14.333333333333334,12.333333333333334,6.0,0.3333333333333333
2023-24,2023-12-15,J Gillett,5,5,24.4,12.8,11.6,5.4,0.2
2023-24,2023-12-15,J Gillett,10,8,21.5,11.5,10.0,4.875,0.125
2023-24,2023-12-28,J Gillett,3,3,26.0,16.666666666666668,9.333333333333334,5.666666666666667,0.3333333333333333
2023-24,2023-12-28,J Gillett,5,5,26.2,15.2,11.0,6.0,0.2
2023-24,2023-12-28,J Gillett,10,9,21.77777777777778,12.222222222222221,9.555555555555555,4.888888888888889,0.1111111111111111
2023-24,2024-02-01,J Gillett,3,3,23.666666666666668,14.666666666666666,9.0,6.0,0.3333333333333333
2023-24,2024-02-01,J Gillett,5,5,24.8,14.2,10.6,6.0,0.2
2023-24,2024-02-01,J Gillett,10,10,21.6,12.0,9.6,5.1,0.1
2023-24,2024-02-05,J Gillett,3,3,16.666666666666668,10.0,6.666666666666667,4.333333333333333,0.0
2023-24,2024-02-05,J Gillett,5,5,20.8,12.4,8.4,5.0,0.2
2023-24,2024-02-05,J Gillett,10,10,20.9,11.1,9.8,4.9,0.1
2023-24,2024-02-17,J Gillett,3,3,15.0,7.666666666666667,7.333333333333333,3.6666666666666665,0.0
2023-24,2024-02-17,J Gillett,5,5,19.2,11.4,7.8,4.4,0.2
2023-24,2024-02-17,J Gillett,10,10,21.1,11.4,9.7,4.8,0.1
2023-24,2024-02-24,J Gillett,3,3,15.0,9.0,6.0,2.6666666666666665,0.0
2023-24,2024-02-24,J Gillett,5,5,17.8,11.0,6.8,4.0,0.0
2023-24,2024-02-24,J Gillett,10,10,21.1,11.9,9.2,4.7,0.1
2023-24,2024-03-02,J Gillett,3,3,19.333333333333332,11.666666666666666,7.666666666666667,3.6666666666666665,0.0
2023-24,2024-03-02,J Gillett,5,5,16.8,9.4,7.4,3.8,0.0
2023-24,2024-03-02,J Gillett,10,10,21.5,12.3,9.2,4.9,0.1
2023-24,2024-03-17,J Gillett,3,3,21.333333333333332,12.333333333333334,9.0,4.666666666666667,0.0
2023-24,2024-03-17,J Gillett,5,5,17.8,10.0,7.8,3.6,0.0
2023-24,2024-03-17,J Gillett,10,10,21.3,12.1,9.2,4.8,0.1
2023-24,2024-03-30,J Gillett,3,3,24.666666666666668,13.0,11.666666666666666,5.333333333333333,0.0
2023-24,2024-03-30,J Gillett,5,5,22.6,12.8,9.8,4.6,0.0
2023-24,2024-03-30,J Gillett,10,10,21.7,12.6,9.1,4.8,0.1
2023-24,2024-04-04,J Gillett,3,3,25.666666666666668,12.0,13.666666666666666,5.0,0.0
2023-24,2024-04-04,J Gillett,5,5,23.2,12.0,11.2,4.6,0.0
2023-24,2024-04-04,J Gillett,10,10,21.2,11.7,9.5,4.5,0.1
2023-24,2024-04-20,J Gillett,3,3,24.666666666666668,12.0,12.666666666666666,4.0,0.0
2023-24,2024-04-20,J Gillett,5,5,23.6,11.8,11.8,4.4,0.0
2023-24,2024-04-20,J Gillett,10,10,20.7,11.4,9.3,4.2,0.0
2023-24,2024-04-25,J Gillett,3,3,19.0,10.0,9.0,2.6666666666666665,0.0
2023-24,2024-04-25,J Gillett,5,5,22.4,11.8,10.6,4.0,0.0
2023-24,2024-04-25,J Gillett,10,10,19.6,10.6,9.0,3.9,0.0
2023-24,2024-05-06,J Gillett,3,3,18.333333333333332,11.666666666666666,6.666666666666667,2.3333333333333335,0.0
2023-24,2024-05-06,J Gillett,5,5,21.4,11.6,9.8,3.2,0.0
2023-24,2024-05-06,J Gillett,10,10,19.6,10.8,8.8,3.4,0.0
2023-24,2024-05-11,J Gillett,3,3,19.0,10.666666666666666,8.333333333333334,4.0,0.0
2023-24,2024-05-11,J Gillett,5,5,20.2,10.4,9.8,3.6,0.0
2023-24,2024-05-11,J Gillett,10,10,21.4,11.6,9.8,4.1,0.0
2023-24,2023-09-23,J Smith,3,1,29.0,12.0,17.0,2.0,1.0
2023-24,2023-09-23,J Smith,5,1,29.0,12.0,17.0,2.0,1.0
2023-24,2023-09-23,J Smith,10,1,29.0,12.0,17.0,2.0,1.0
2023-24,2023-10-21,J Smith,3,2,27.5,13.0,14.5,4.5,1.0
2023-24,2023-10-21,J Smith,5,2,27.5,13.0,14.5,4.5,1.0
2023-24,2023-10-21,J Smith,10,2,27.5,13.0,14.5,4.5,1.0
2023-24,2023-12-06,J Smith,3,3,24.0,11.0,13.0,3.3333333333333335,0.6666666666666666
2023-24,2023-12-06,J Smith,5,3,24.0,11.0,13.0,3.3333333333333335,0.6666666666666666
2023-24,2023-12-06,J Smith,10,3,24.0,11.0,13.0,3.3333333333333335,0.6666666666666666
2023-24,2023-12-31,J Smith,3,3,21.333333333333332,10.666666666666666,10.666666666666666,4.333333333333333,0.3333333333333333
2023-24,2023-12-31,J Smith,5,4,23.25,11.0,12.25,3.75,0.5
2023-24,2023-12-31,J Smith,10,4,23.25,11.0,12.25,3.75,0.5
2023-24,2024-02-17,L Smith,3,1,17.0,11.0,6.0,7.0,0.0
2023-24,2024-02-17,L Smith,5,1,17.0,11.0,6.0,7.0,0.0
2023-24,2024-02-17,L Smith,10,1,17.0,11.0,6.0,7.0,0.0
2023-24,2024-02-24,L Smith,3,2,19.0,9.5,9.5,5.5,0.5
2023-24,2024-02-24,L Smith,5,2,19.0,9.5,9.5,5.5,0.5
2023-24,2024-02-24,L Smith,10,2,19.0,9.5,9.5,5.5,0.5
2023-24,2024-05-11,M Donohue,3,1,28.0,16.0,12.0,4.0,0.0
2023-24,2024-05-11,M Donohue,5,1,28.0,16.0,12.0,4.0,0.0
2023-24,2024-05-11,M Donohue,10,1,28.0,16.0,12.0,4.0,0.0
2023-24,2024-05-19,M Donohue,3,2,31.5,15.5,16.0,6.5,0.0
2023-24,2024-05-19,M Donohue,5,2,31.5,15.5,16.0,6.5,0.0
2023-24,2024-05-19,M Donohue,10,2,31.5,15.5,16.0,6.5,0.0
2023-24,2023-08-12,M Oliver,3,1,24.0,12.0,12.0,4.0,0.0
2023-24,2023-08-12,M Oliver,5,1,24.0,12.0,12.0,4.0,0.0
2023-24,2023-08-12,M Oliver,10,1,24.0,12.0,12.0,4.0,0.0
2023-24,2023-08-19,M Oliver,3,2,20.5,10.5,10.0,4.0,0.0
2023-24,2023-08-19,M Oliver,5,2,20.5,10.5,10.0,4.0,0.0
2023-24,2023-08-19,M Oliver,10,2,20.5,10.5,10.0,4.0,0.0
2023-24,2023-09-02,M Oliver,3,3,21.666666666666668,11.0,10.666666666666666,4.666666666666667,0.0
2023-24,2023-09-02,M Oliver,5,3,21.666666666666668,11.0,10.666666666666666,4.666666666666667,0.0
2023-24,2023-09-02,M Oliver,10,3,21.666666666666668,11.0,10.666666666666666,4.666666666666667,0.0
2023-24,2023-09-16,M Oliver,3,3,18.333333333333332,10.333333333333334,8.0,4.666666666666667,0.0
2023-24,2023-09-16,M Oliver,5,4,19.75,10.75,9.0,4.5,0.0
2023-24,2023-09-16,M Oliver,10,4,19.75,10.75,9.0,4.5,0.0
2023-24,2023-09-23,M Oliver,3,3,19.666666666666668,10.333333333333334,9.333333333333334,4.666666666666667,0.0
2023-24,2023-09-23,M Oliver,5,5,20.0,10.4,9.6,4.4,0.0
2023-24,2023-09-23,M Oliver,10,5,20.0,10.4,9.6,4.4,0.0
2023-24,2023-10-08,M Oliver,3,3,16.666666666666668,9.0,7.666666666666667,4.333333333333333,0.0
2023-24,2023-10-08,M Oliver,5,5,18.2,9.6,8.6,4.6,0.0
2023-24,2023-10-08,M Oliver,10,6,19.166666666666668,10.0,9.166666666666666,4.5,0.0
2023-24,2023-10-21,M Oliver,3,3,19.333333333333332,9.666666666666666,9.666666666666666,4.333333333333333,0.0
2023-24,2023-10-21,M Oliver,5,5,19.2,10.2,9.0,4.6,0.0
2023-24,2023-10-21,M Oliver,10,7,19.571428571428573,10.285714285714286,9.285714285714286,4.428571428571429,0.0
2023-24,2023-11-06,M Oliver,3,3,23.333333333333332,10.666666666666666,12.666666666666666,5.0,0.6666666666666666
2023-24,2023-11-06,M Oliver,5,5,21.0,10.2,10.8,4.6,0.4
2023-24,2023-11-06,M Oliver,10,8,21.25,10.5,10.75,4.625,0.25
2023-24,2023-11-11,M Oliver,3,3,24.0,10.666666666666666,13.333333333333334,3.6666666666666665,1.0
2023-24,2023-11-11,M Oliver,5,5,21.6,9.8,11.8,4.0,0.6
2023-24,2023-11-11,M Oliver,10,9,20.77777777777778,10.222222222222221,10.555555555555555,4.222222222222222,0.3333333333333333
2023-24,2023-12-03,M Oliver,3,3,24.666666666666668,12.333333333333334,12.333333333333334,3.0,1.0
2023-24,2023-12-03,M Oliver,5,5,22.2,11.4,10.8,3.6,0.6
2023-24,2023-12-03,M Oliver,10,10,21.1,10.9,10.2,4.0,0.3
2023-24,2023-12-10,M Oliver,3,3,21.666666666666668,12.333333333333334,9.333333333333334,2.3333333333333335,0.3333333333333333
2023-24,2023-12-10,M Oliver,5,5,24.0,12.2,11.8,3.4,0.6
2023-24,2023-12-10,M Oliver,10,10,21.1,10.9,10.2,4.0,0.3
2023-24,2023-12-17,M Oliver,3,3,23.0,14.0,9.0,4.0,0.3333333333333333
2023-24,2023-12-17,M Oliver,5,5,23.8,12.4,11.4,3.8,0.8
2023-24,2023-12-17,M Oliver,10,10,21.5,11.3,10.2,4.2,0.4
2023-24,2023-12-28,M Oliver,3,3,20.333333333333332,11.0,9.333333333333334,4.0,0.3333333333333333
2023-24,2023-12-28,M Oliver,5,5,20.4,11.6,8.8,3.0,0.4
2023-24,2023-12-28,M Oliver,10,10,20.7,10.9,9.8,3.8,0.4
2023-24,2024-02-03,M Oliver,3,3,19.666666666666668,9.666666666666666,10.0,3.6666666666666665,0.3333333333333333
2023-24,2024-02-03,M Oliver,5,5,21.4,11.6,9.8,3.4,0.2
2023-24,2024-02-03,M Oliver,10,10,21.5,10.7,10.8,3.7,0.4
2023-24,2024-02-12,M Oliver,3,3,19.666666666666668,10.0,9.666666666666666,3.0,0.0
2023-24,2024-02-12,M Oliver,5,5,20.8,11.0,9.8,3.8,0.2
2023-24,2024-02-12,M Oliver,10,10,21.5,11.2,10.3,3.7,0.4
2023-24,2024-02-17,M Oliver,3,3,21.666666666666668,8.666666666666666,13.0,3.3333333333333335,0.0
2023-24,2024-02-17,M Oliver,5,5,20.4,9.4,11.0,3.6,0.2
2023-24,2024-02-17,M Oliver,10,10,22.2,10.8,11.4,3.5,0.4
2023-24,2024-02-24,M Oliver,3,3,20.0,8.0,12.0,4.666666666666667,0.0
2023-24,2024-02-24,M Oliver,5,5,19.6,8.0,11.6,3.8,0.0
2023-24,2024-02-24,M Oliver,10,10,21.7,10.2,11.5,3.8,0.4
2023-24,2024-03-02,M Oliver,3,3,22.0,6.0,16.0,5.0,0.0
2023-24,2024-03-02,M Oliver,5,5,21.8,8.0,13.8,4.4,0.0
2023-24,2024-03-02,M Oliver,10,10,21.1,9.8,11.3,3.7,0.2
2023-24,2024-03-10,M Oliver,3,3,20.0,6.666666666666667,13.333333333333334,5.0,0.0
2023-24,2024-03-10,M Oliver,5,5,20.6,7.6,13.0,4.4,0.0
2023-24,2024-03-10,M Oliver,10,10,21.0,9.6,11.4,3.9,0.1
2023-24,2024-04-02,M Oliver,3,3,19.333333333333332,7.0,12.333333333333334,2.6666666666666665,0.0
2023-24,2024-04-02,M Oliver,5,5,19.4,6.2,13.2,3.6,0.0
2023-24,2024-04-02,M Oliver,10,10,20.1,8.6,11.5,3.7,0.1
2023-24,2024-04-06,M Oliver,3,3,18.333333333333332,8.0,10.333333333333334,2.0,0.3333333333333333
2023-24,2024-04-06,M Oliver,5,5,19.8,7.6,12.2,3.6,0.2
2023-24,2024-04-06,M Oliver,10,10,20.1,8.5,11.6,3.6,0.2
2023-24,2024-04-28,M Oliver,3,3,22.333333333333332,10.0,12.333333333333334,2.0,0.3333333333333333
2023-24,2024-04-28,M Oliver,5,5,22.0,8.8,13.2,2.8,0.2
2023-24,2024-04-28,M Oliver,10,10,20.8,8.4,12.4,3.3,0.1
2023-24,2024-05-11,M Oliver,3,3,25.333333333333332,10.666666666666666,14.666666666666666,3.3333333333333335,0.3333333333333333
2023-24,2024-05-11,M Oliver,5,5,21.4,9.0,12.4,2.6,0.2
2023-24,2024-05-11,M Oliver,10,10,21.6,8.5,13.1,3.5,0.1
2023-24,2024-05-19,M Oliver,3,3,23.666666666666668,9.666666666666666,14.0,4.666666666666667,0.0
2023-24,2024-05-19,M Oliver,5,5,22.0,9.4,12.6,3.4,0.2
2023-24,2024-05-19,M Oliver,10,10,21.3,8.5,12.8,3.9,0.1
2023-24,2023-08-27,M Salisbury,3,1,23.0,12.0,11.0,2.0,0.0
2023-24,2023-08-27,M Salisbury,5,1,23.0,12.0,11.0,2.0,0.0
2023-24,2023-08-27,M Salisbury,10,1,23.0,12.0,11.0,2.0,0.0
2023-24,2023-09-16,M Salisbury,3,2,21.5,9.0,12.5,3.0,0.0
2023-24,2023-09-16,M Salisbury,5,2,21.5,9.0,12.5,3.0,0.0
2023-24,2023-09-16,M Salisbury,10,2,21.5,9.0,12.5,3.0,0.0
2023-24,2023-09-30,M Salisbury,3,3,21.333333333333332,9.666666666666666,11.666666666666666,2.3333333333333335,0.0
2023-24,2023-09-30,M Salisbury,5,3,21.333333333333332,9.666666666666666,11.666666666666666,2.3333333333333335,0.0
2023-24,2023-09-30,M Salisbury,10,3,21.333333333333332,9.666666666666666,11.666666666666666,2.3333333333333335,0.0
2023-24,2023-10-29,M Salisbury,3,3,20.333333333333332,9.666666666666666,10.666666666666666,2.6666666666666665,0.0
2023-24,2023-10-29,M Salisbury,5,4,21.0,10.25,10.75,2.5,0.0
2023-24,2023-10-29,M Salisbury,10,4,21.0,10.25,10.75,2.5,0.0
2023-24,2023-11-12,M Salisbury,3,3,20.666666666666668,10.666666666666666,10.0,2.6666666666666665,0.0
2023-24,2023-11-12,M Salisbury,5,5,21.0,10.0,11.0,2.8,0.0
2023-24,2023-11-12,M Salisbury,10,5,21.0,10.0,11.0,2.8,0.0
2023-24,2023-11-27,M Salisbury,3,3,22.333333333333332,11.333333333333334,11.0,3.6666666666666665,0.0
2023-24,2023-11-27,M Salisbury,5,5,21.6,10.2,11.4,3.2,0.0
2023-24,2023-11-27,M Salisbury,10,6,21.833333333333332,10.5,11.333333333333334,3.0,0.0
2023-24,2023-12-07,M Salisbury,3,3,23.333333333333332,11.0,12.333333333333334,4.666666666666667,0.0
2023-24,2023-12-07,M Salisbury,5,5,22.2,11.2,11.0,3.6,0.0
2023-24,2023-12-07,M Salisbury,10,7,22.0,10.571428571428571,11.428571428571429,3.4285714285714284,0.0
2023-24,2023-12-27,M Salisbury,3,3,26.0,12.333333333333334,13.666666666666666,5.0,0.0
2023-24,2023-12-27,M Salisbury,5,5,23.8,11.6,12.2,4.4,0.0
2023-24,2023-12-27,M Salisbury,10,8,22.875,10.875,12.0,3.625,0.0
2023-24,2024-01-21,M Salisbury,3,3,24.333333333333332,11.666666666666666,12.666666666666666,5.0,0.6666666666666666
2023-24,2024-01-21,M Salisbury,5,5,24.0,11.4,12.6,4.6,0.4
2023-24,2024-01-21,M Salisbury,10,9,22.666666666666668,10.88888888888889,11.777777777777779,3.6666666666666665,0.2222222222222222
2023-24,2024-02-17,M Salisbury,3,3,27.0,11.0,16.0,4.333333333333333,0.6666666666666666
2023-24,2024-02-17,M Salisbury,5,5,26.0,11.4,14.6,4.6,0.4
2023-24,2024-02-17,M Salisbury,10,10,23.5,10.7,12.8,3.7,0.2
2023-24,2024-03-10,M Salisbury,3,3,26.666666666666668,11.333333333333334,15.333333333333334,5.333333333333333,0.6666666666666666
2023-24,2024-03-10,M Salisbury,5,5,26.4,11.6,14.8,5.4,0.4
2023-24,2024-03-10,M Salisbury,10,10,24.0,10.9,13.1,4.3,0.2
2023-24,2024-04-06,M Salisbury,3,3,28.333333333333332,12.666666666666666,15.666666666666666,5.333333333333333,0.0
2023-24,2024-04-06,M Salisbury,5,5,27.0,12.4,14.6,5.0,0.4
2023-24,2024-04-06,M Salisbury,10,10,24.6,11.8,12.8,4.3,0.2
2023-24,2024-04-24,M Salisbury,3,3,23.333333333333332,12.0,11.333333333333334,4.333333333333333,0.0
2023-24,2024-04-24,M Salisbury,5,5,24.4,11.2,13.2,4.2,0.4
2023-24,2024-04-24,M Salisbury,10,10,24.1,11.4,12.7,4.3,0.2
2023-24,2024-05-15,M Salisbury,3,3,23.0,11.666666666666666,11.333333333333334,3.0,0.3333333333333333
2023-24,2024-05-15,M Salisbury,5,5,25.6,11.6,14.0,4.2,0.2
2023-24,2024-05-15,M Salisbury,10,10,24.8,11.5,13.3,4.4,0.3
2023-24,2023-08-12,P Bankes,3,1,23.0,9.0,14.0,5.0,0.0
2023-24,2023-08-12,P Bankes,5,1,23.0,9.0,14.0,5.0,0.0
2023-24,2023-08-12,P Bankes,10,1,23.0,9.0,14.0,5.0,0.0
2023-24,2023-08-18,P Bankes,3,2,18.5,7.0,11.5,5.0,0.0
2023-24,2023-08-18,P Bankes,5,2,18.5,7.0,11.5,5.0,0.0
2023-24,2023-08-18,P Bankes,10,2,18.5,7.0,11.5,5.0,0.0
2023-24,2023-08-26,P Bankes,3,3,20.333333333333332,7.666666666666667,12.666666666666666,3.3333333333333335,0.0
2023-24,2023-08-26,P Bankes,5,3,20.333333333333332,7.666666666666667,12.666666666666666,3.3333333333333335,0.0
2023-24,2023-08-26,P Bankes,10,3,20.333333333333332,7.666666666666667,12.666666666666666,3.3333333333333335,0.0
2023-24,2023-09-16,P Bankes,3,3,21.666666666666668,9.0,12.666666666666666,5.333333333333333,0.3333333333333333
2023-24,2023-09-16,P Bankes,5,4,22.0,9.0,13.0,5.25,0.25
2023-24,2023-09-16,P Bankes,10,4,22.0,9.0,13.0,5.25,0.25
2023-24,2023-10-03,P Bankes,3,3,23.666666666666668,12.0,11.666666666666666,5.666666666666667,0.3333333333333333
2023-24,2023-10-03,P Bankes,5,5,21.6,10.0,11.6,5.4,0.2
2023-24,2023-10-03,P Bankes,10,5,21.6,10.0,11.6,5.4,0.2
2023-24,2023-10-08,P Bankes,3,3,25.333333333333332,12.666666666666666,12.666666666666666,7.666666666666667,0.3333333333333333
2023-24,2023-10-08,P Bankes,5,5,22.8,10.4,12.4,5.6,0.2
2023-24,2023-10-08,P Bankes,10,6,22.833333333333332,10.166666666666666,12.666666666666666,5.5,0.16666666666666666
2023-24,2023-11-04,P Bankes,3,3,23.333333333333332,11.333333333333334,12.0,5.666666666666667,0.0
2023-24,2023-11-04,P Bankes,5,5,24.2,11.2,13.0,5.6,0.2
2023-24,2023-11-04,P Bankes,10,7,22.571428571428573,10.0,12.571428571428571,5.428571428571429,0.14285714285714285
2023-24,2023-12-02,P Bankes,3,3,23.333333333333332,10.0,13.333333333333334,4.666666666666667,0.0
2023-24,2023-12-02,P Bankes,5,5,23.4,11.4,12.0,6.2,0.2
2023-24,2023-12-02,P Bankes,10,8,22.25,10.0,12.25,5.125,0.125
2023-24,2023-12-06,P Bankes,3,3,19.666666666666668,9.666666666666666,10.0,4.0,0.0
2023-24,2023-12-06,P Bankes,5,5,21.6,10.8,10.8,4.8,0.0
2023-24,2023-12-06,P Bankes,10,9,21.77777777777778,10.0,11.777777777777779,5.0,0.1111111111111111
2023-24,2023-12-09,P Bankes,3,3,18.333333333333332,9.0,9.333333333333334,3.6666666666666665,0.0
2023-24,2023-12-09,P Bankes,5,5,21.0,9.4,11.6,4.4,0.0
2023-24,2023-12-09,P Bankes,10,10,21.3,9.7,11.6,4.9,0.1
2023-24,2023-08-26,P Tierney,3,1,11.0,6.0,5.0,3.0,1.0
2023-24,2023-08-26,P Tierney,5,1,11.0,6.0,5.0,3.0,1.0
2023-24,2023-08-26,P Tierney,10,1,11.0,6.0,5.0,3.0,1.0
2023-24,2023-09-01,P Tierney,3,2,16.0,7.0,9.0,2.5,0.5
2023-24,2023-09-01,P Tierney,5,2,16.0,7.0,9.0,2.5,0.5
2023-24,2023-09-01,P Tierney,10,2,16.0,7.0,9.0,2.5,0.5
2023-24,2023-09-23,P Tierney,3,3,19.0,8.0,11.0,3.3333333333333335,0.3333333333333333
2023-24,2023-09-23,P Tierney,5,3,19.0,8.0,11.0,3.3333333333333335,0.3333333333333333
2023-24,2023-09-23,P Tierney,10,3,19.0,8.0,11.0,3.3333333333333335,0.3333333333333333
2023-24,2023-10-01,P Tierney,3,3,20.666666666666668,8.0,12.666666666666666,3.3333333333333335,0.3333333333333333
2023-24,2023-10-01,P Tierney,5,4,18.25,7.5,10.75,3.25,0.5
2023-24,2023-10-01,P Tierney,10,4,18.25,7.5,10.75,3.25,0.5
2023-24,2023-10-21,P Tierney,3,3,22.0,10.333333333333334,11.666666666666666,5.333333333333333,0.6666666666666666
2023-24,2023-10-21,P Tierney,5,5,19.6,9.0,10.6,4.2,0.6
2023-24,2023-10-21,P Tierney,10,5,19.6,9.0,10.6,4.2,0.6
2023-24,2023-10-29,P Tierney,3,3,18.0,10.0,8.0,5.333333333333333,0.6666666666666666
2023-24,2023-10-29,P Tierney,5,5,20.0,9.6,10.4,4.6,0.4
2023-24,2023-10-29,P Tierney,10,6,18.5,9.0,9.5,4.333333333333333,0.5
2023-24,2023-11-12,P Tierney,3,3,22.0,13.333333333333334,8.666666666666666,5.333333333333333,0.3333333333333333
2023-24,2023-11-12,P Tierney,5,5,21.4,11.2,10.2,4.8,0.4
2023-24,2023-11-12,P Tierney,10,7,19.857142857142858,10.0,9.857142857142858,4.142857142857143,0.42857142857142855
2023-24,2023-12-02,P Tierney,3,3,23.333333333333332,13.333333333333334,10.0,3.0,0.0
2023-24,2023-12-02,P Tierney,5,5,22.2,12.2,10.0,4.0,0.4
2023-24,2023-12-02,P Tierney,10,8,21.0,10.625,10.375,3.75,0.375
2023-24,2023-12-10,P Tierney,3,3,24.0,12.0,12.0,2.3333333333333335,0.0
2023-24,2023-12-10,P Tierney,5,5,22.0,12.0,10.0,4.0,0.2
2023-24,2023-12-10,P Tierney,10,9,20.333333333333332,10.0,10.333333333333334,3.6666666666666665,0.3333333333333333
2023-24,2023-12-16,P Tierney,3,3,21.666666666666668,10.666666666666666,11.0,2.0,0.0
2023-24,2023-12-16,P Tierney,5,5,21.2,11.4,9.8,2.8,0.0
2023-24,2023-12-16,P Tierney,10,10,20.4,10.2,10.2,3.5,0.3
2023-24,2023-12-26,P Tierney,3,3,17.666666666666668,8.0,9.666666666666666,2.6666666666666665,0.0
2023-24,2023-12-26,P Tierney,5,5,22.0,11.0,11.0,2.4,0.0
2023-24,2023-12-26,P Tierney,10,10,21.0,10.3,10.7,3.5,0.2
2023-24,2023-12-30,P Tierney,3,3,24.333333333333332,11.0,13.333333333333334,3.0,0.0
2023-24,2023-12-30,P Tierney,5,5,23.4,10.6,12.8,2.6,0.0
2023-24,2023-12-30,P Tierney,10,10,22.4,10.9,11.5,3.7,0.2
2023-24,2024-01-20,P Tierney,3,3,24.0,9.666666666666666,14.333333333333334,2.3333333333333335,0.0
2023-24,2024-01-20,P Tierney,5,5,21.6,9.2,12.4,2.4,0.0
2023-24,2024-01-20,P Tierney,10,10,21.9,10.7,11.2,3.2,0.2
2023-24,2024-01-31,P Tierney,3,3,28.666666666666668,12.333333333333334,16.333333333333332,3.3333333333333335,0.0
2023-24,2024-01-31,P Tierney,5,5,24.8,11.2,13.6,3.0,0.0
2023-24,2024-01-31,P Tierney,10,10,23.4,11.6,11.8,3.5,0.1
2023-24,2024-02-03,P Tierney,3,3,22.666666666666668,11.0,11.666666666666666,2.3333333333333335,0.0
2023-24,2024-02-03,P Tierney,5,5,24.0,10.8,13.2,2.8,0.0
2023-24,2024-02-03,P Tierney,10,10,22.6,11.1,11.5,2.8,0.0
2023-24,2024-02-19,P Tierney,3,3,22.666666666666668,11.0,11.666666666666666,3.0,0.0
2023-24,2024-02-19,P Tierney,5,5,24.6,11.0,13.6,2.6,0.0
2023-24,2024-02-19,P Tierney,10,10,23.3,11.0,12.3,2.5,0.0
2023-24,2024-02-24,P Tierney,3,3,19.333333333333332,11.0,8.333333333333334,1.3333333333333333,0.0
2023-24,2024-02-24,P Tierney,5,5,21.8,11.2,10.6,2.0,0.0
2023-24,2024-02-24,P Tierney,10,10,22.6,10.9,11.7,2.3,0.0
2023-24,2024-03-02,P Tierney,3,3,21.333333333333332,11.333333333333334,10.0,2.3333333333333335,0.0
2023-24,2024-03-02,P Tierney,5,5,22.4,11.8,10.6,2.8,0.0
2023-24,2024-03-02,P Tierney,10,10,22.0,10.5,11.5,2.6,0.0
2023-24,2024-03-30,P Tierney,3,3,24.666666666666668,12.333333333333334,12.333333333333334,4.0,0.0
2023-24,2024-03-30,P Tierney,5,5,22.2,11.0,11.2,3.0,0.0
2023-24,2024-03-30,P Tierney,10,10,23.5,11.1,12.4,3.0,0.0
2023-24,2024-04-06,P Tierney,3,3,23.0,11.666666666666666,11.333333333333334,4.333333333333333,0.0
2023-24,2024-04-06,P Tierney,5,5,22.0,11.6,10.4,3.2,0.0
2023-24,2024-04-06,P Tierney,10,10,23.0,11.2,11.8,3.0,0.0
2023-24,2024-04-15,P Tierney,3,3,24.0,9.666666666666666,14.333333333333334,4.666666666666667,0.0
2023-24,2024-04-15,P Tierney,5,5,23.2,11.0,12.2,3.8,0.0
2023-24,2024-04-15,P Tierney,10,10,23.9,11.0,12.9,3.2,0.0
2023-24,2024-04-20,P Tierney,3,3,21.666666666666668,10.666666666666666,11.0,4.0,0.0
2023-24,2024-04-20,P Tierney,5,5,23.6,10.8,12.8,4.6,0.0
2023-24,2024-04-20,P Tierney,10,10,22.7,11.0,11.7,3.3,0.0
2023-24,2024-04-28,P Tierney,3,3,24.333333333333332,11.0,13.333333333333334,4.666666666666667,0.0
2023-24,2024-04-28,P Tierney,5,5,23.8,11.4,12.4,4.6,0.0
2023-24,2024-04-28,P Tierney,10,10,23.1,11.6,11.5,3.7,0.0
2023-24,2024-05-05,P Tierney,3,3,24.333333333333332,14.0,10.333333333333334,4.666666666666667,0.0
2023-24,2024-05-05,P Tierney,5,5,23.0,12.0,11.0,4.2,0.0
2023-24,2024-05-05,P Tierney,10,10,22.6,11.5,11.1,3.6,0.0
2023-24,2024-05-12,P Tierney,3,3,20.333333333333332,11.0,9.333333333333334,3.6666666666666665,0.0
2023-24,2024-05-12,P Tierney,5,5,22.0,10.4,11.6,4.2,0.0
2023-24,2024-05-12,P Tierney,10,10,22.0,11.0,11.0,3.7,0.0
2023-24,2023-08-13,R Jones,3,1,25.0,12.0,13.0,5.0,0.0
2023-24,2023-08-13,R Jones,5,1,25.0,12.0,13.0,5.0,0.0
2023-24,2023-08-13,R Jones,10,1,25.0,12.0,13.0,5.0,0.0
2023-24,2023-08-19,R Jones,3,2,24.0,12.0,12.0,5.5,0.0
2023-24,2023-08-19,R Jones,5,2,24.0,12.0,12.0,5.5,0.0
2023-24,2023-08-19,R Jones,10,2,24.0,12.0,12.0,5.5,0.0
2023-24,2023-08-25,R Jones,3,3,25.0,13.0,12.0,5.333333333333333,0.0
2023-24,2023-08-25,R Jones,5,3,25.0,13.0,12.0,5.333333333333333,0.0
2023-24,2023-08-25,R Jones,10,3,25.0,13.0,12.0,5.333333333333333,0.0
2023-24,2023-09-03,R Jones,3,3,24.666666666666668,13.0,11.666666666666666,5.0,0.0
2023-24,2023-09-03,R Jones,5,4,24.75,12.75,12.0,5.0,0.0
2023-24,2023-09-03,R Jones,10,4,24.75,12.75,12.0,5.0,0.0
2023-24,2023-09-18,R Jones,3,3,25.666666666666668,14.333333333333334,11.333333333333334,4.666666666666667,0.3333333333333333
2023-24,2023-09-18,R Jones,5,5,25.0,13.4,11.6,5.0,0.2
2023-24,2023-09-18,R Jones,10,5,25.0,13.4,11.6,5.0,0.2
2023-24,2023-09-24,R Jones,3,3,27.0,13.333333333333334,13.666666666666666,5.333333333333333,0.3333333333333333
2023-24,2023-09-24,R Jones,5,5,26.2,13.4,12.8,5.4,0.2
2023-24,2023-09-24,R Jones,10,6,26.0,13.166666666666666,12.833333333333334,5.333333333333333,0.16666666666666666
2023-24,2023-10-08,R Jones,3,3,28.333333333333332,15.666666666666666,12.666666666666666,5.333333333333333,0.6666666666666666
2023-24,2023-10-08,R Jones,5,5,27.2,14.8,12.4,5.0,0.4
2023-24,2023-10-08,R Jones,10,7,26.285714285714285,14.0,12.285714285714286,5.142857142857143,0.2857142857142857
2023-24,2023-10-21,R Jones,3,3,26.333333333333332,13.333333333333334,13.0,5.0,0.6666666666666666
2023-24,2023-10-21,R Jones,5,5,25.8,13.6,12.2,4.8,0.6
2023-24,2023-10-21,R Jones,10,8,25.5,13.375,12.125,5.0,0.375
2023-24,2023-11-04,R Jones,3,3,23.666666666666668,13.666666666666666,10.0,4.333333333333333,0.6666666666666666
2023-24,2023-11-04,R Jones,5,5,25.6,13.8,11.8,5.0,0.6
2023-24,2023-11-04,R Jones,10,9,25.22222222222222,13.333333333333334,11.88888888888889,5.0,0.3333333333333333
2023-24,2023-11-26,R Jones,3,3,22.333333333333332,11.0,11.333333333333334,4.333333333333333,0.3333333333333333
2023-24,2023-11-26,R Jones,5,5,25.2,12.8,12.4,4.8,0.4
2023-24,2023-11-26,R Jones,10,10,25.1,13.1,12.0,4.9,0.3
2023-24,2023-12-02,R Jones,3,3,22.0,10.0,12.0,4.0,0.0
2023-24,2023-12-02,R Jones,5,5,22.8,11.6,11.2,4.0,0.4
2023-24,2023-12-02,R Jones,10,10,24.5,12.5,12.0,4.7,0.3
2023-24,2023-12-23,R Jones,3,3,21.0,9.0,12.0,3.3333333333333335,0.3333333333333333
2023-24,2023-12-23,R Jones,5,5,21.2,9.8,11.4,3.8,0.4
2023-24,2023-12-23,R Jones,10,10,24.2,12.3,11.9,4.4,0.4
2023-24,2023-12-30,R Jones,3,3,21.0,10.0,11.0,2.3333333333333335,0.3333333333333333
2023-24,2023-12-30,R Jones,5,5,22.0,10.8,11.2,3.2,0.2
2023-24,2023-12-30,R Jones,10,10,23.9,12.2,11.7,4.0,0.4
2023-24,2024-01-30,R Jones,3,3,23.666666666666668,12.333333333333334,11.333333333333334,2.6666666666666665,0.3333333333333333
2023-24,2024-01-30,R Jones,5,5,22.8,10.8,12.0,3.0,0.2
2023-24,2024-01-30,R Jones,10,10,24.2,12.3,11.9,4.0,0.4
2023-24,2024-02-11,R Jones,3,3,22.333333333333332,12.0,10.333333333333334,3.3333333333333335,0.0
2023-24,2024-02-11,R Jones,5,5,21.2,10.4,10.8,3.2,0.2
2023-24,2024-02-11,R Jones,10,10,23.2,11.6,11.6,4.0,0.3
2023-24,2024-03-09,R Jones,3,3,20.666666666666668,10.333333333333334,10.333333333333334,5.0,0.0
2023-24,2024-03-09,R Jones,5,5,21.2,11.0,10.2,3.8,0.2
2023-24,2024-03-09,R Jones,10,10,22.0,11.3,10.7,3.9,0.3
2023-24,2024-03-16,R Jones,3,3,18.0,9.0,9.0,5.333333333333333,0.0
2023-24,2024-03-16,R Jones,5,5,21.0,10.8,10.2,4.2,0.0
2023-24,2024-03-16,R Jones,10,10,21.1,10.3,10.8,4.0,0.2
2023-24,2024-03-30,R Jones,3,3,18.333333333333332,9.0,9.333333333333334,4.333333333333333,0.3333333333333333
2023-24,2024-03-30,R Jones,5,5,19.6,9.8,9.8,4.4,0.2
2023-24,2024-03-30,R Jones,10,10,20.8,10.3,10.5,3.8,0.2
2023-24,2024-04-07,R Jones,3,3,19.333333333333332,10.0,9.333333333333334,4.333333333333333,0.3333333333333333
2023-24,2024-04-07,R Jones,5,5,18.6,9.6,9.0,4.8,0.2
2023-24,2024-04-07,R Jones,10,10,20.7,10.2,10.5,3.9,0.2
2023-24,2024-05-02,R Jones,3,3,22.333333333333332,11.0,11.333333333333334,3.0,0.3333333333333333
2023-24,2024-05-02,R Jones,5,5,21.0,10.2,10.8,4.0,0.2
2023-24,2024-05-02,R Jones,10,10,21.1,10.3,10.8,3.6,0.2
2023-24,2024-05-05,R Jones,3,3,24.333333333333332,12.333333333333334,12.0,3.3333333333333335,0.0
2023-24,2024-05-05,R Jones,5,5,21.8,11.0,10.8,3.4,0.2
2023-24,2024-05-05,R Jones,10,10,21.5,11.0,10.5,3.6,0.2
2023-24,2024-05-15,R Jones,3,3,24.666666666666668,13.666666666666666,11.0,3.3333333333333335,0.0
2023-24,2024-05-15,R Jones,5,5,22.6,12.4,10.2,3.6,0.2
2023-24,2024-05-15,R Jones,10,10,21.8,11.6,10.2,3.9,0.1
2023-24,2023-09-02,R Madley,3,1,19.0,6.0,13.0,3.0,0.0
2023-24,2023-09-02,R Madley,5,1,19.0,6.0,13.0,3.0,0.0
2023-24,2023-09-02,R Madley,10,1,19.0,6.0,13.0,3.0,0.0
2023-24,2023-12-23,R Welch,3,1,22.0,5.0,17.0,3.0,0.0
2023-24,2023-12-23,R Welch,5,1,22.0,5.0,17.0,3.0,0.0
2023-24,2023-12-23,R Welch,10,1,22.0,5.0,17.0,3.0,0.0
2023-24,2024-02-04,R Welch,3,2,26.5,12.0,14.5,4.0,0.5
2023-24,2024-02-04,R Welch,5,2,26.5,12.0,14.5,4.0,0.5
2023-24,2024-02-04,R Welch,10,2,26.5,12.0,14.5,4.0,0.5
2023-24,2023-12-26,S Allison,3,1,26.0,13.0,13.0,5.0,0.0
2023-24,2023-12-26,S Allison,5,1,26.0,13.0,13.0,5.0,0.0
2023-24,2023-12-26,S Allison,10,1,26.0,13.0,13.0,5.0,0.0
2023-24,2024-03-13,S Allison,3,2,26.5,14.5,12.0,4.0,0.0
2023-24,2024-03-13,S Allison,5,2,26.5,14.5,12.0,4.0,0.0
2023-24,2024-03-13,S Allison,10,2,26.5,14.5,12.0,4.0,0.0
2023-24,2024-04-06,S Allison,3,3,25.333333333333332,13.0,12.333333333333334,3.6666666666666665,0.0
2023-24,2024-04-06,S Allison,5,3,25.333333333333332,13.0,12.333333333333334,3.6666666666666665,0.0
2023-24,2024-04-06,S Allison,10,3,25.333333333333332,13.0,12.333333333333334,3.6666666666666665,0.0
2023-24,2023-08-12,S Attwell,3,1,18.0,12.0,6.0,2.0,0.0
2023-24,2023-08-12,S Attwell,5,1,18.0,12.0,6.0,2.0,0.0
2023-24,2023-08-12,S Attwell,10,1,18.0,12.0,6.0,2.0,0.0
2023-24,2023-08-26,S Attwell,3,2,21.0,12.5,8.5,5.0,0.5
2023-24,2023-08-26,S Attwell,5,2,21.0,12.5,8.5,5.0,0.5
2023-24,2023-08-26,S Attwell,10,2,21.0,12.5,8.5,5.0,0.5
2023-24,2023-09-02,S Attwell,3,3,24.333333333333332,13.0,11.333333333333334,6.0,0.3333333333333333
2023-24,2023-09-02,S Attwell,5,3,24.333333333333332,13.0,11.333333333333334,6.0,0.3333333333333333
2023-24,2023-09-02,S Attwell,10,3,24.333333333333332,13.0,11.333333333333334,6.0,0.3333333333333333
2023-24,2023-09-24,S Attwell,3,3,25.0,13.0,12.0,6.333333333333333,0.3333333333333333
2023-24,2023-09-24,S Attwell,5,4,23.25,12.75,10.5,5.25,0.25
2023-24,2023-09-24,S Attwell,10,4,23.25,12.75,10.5,5.25,0.25
2023-24,2023-10-07,S Attwell,3,3,23.333333333333332,12.333333333333334,11.0,5.666666666666667,0.0
2023-24,2023-10-07,S Attwell,5,5,22.4,12.4,10.0,5.4,0.2
2023-24,2023-10-07,S Attwell,10,5,22.4,12.4,10.0,5.4,0.2
2023-24,2023-10-29,S Attwell,3,3,19.0,10.0,9.0,4.666666666666667,0.0
2023-24,2023-10-29,S Attwell,5,5,22.4,11.4,11.0,6.0,0.2
2023-24,2023-10-29,S Attwell,10,6,21.666666666666668,11.5,10.166666666666666,5.333333333333333,0.16666666666666666
2023-24,2023-11-04,S Attwell,3,3,20.0,10.666666666666666,9.333333333333334,5.666666666666667,0.0
2023-24,2023-11-04,S Attwell,5,5,22.2,11.6,10.6,5.6,0.0
2023-24,2023-11-04,S Attwell,10,7,21.857142857142858,11.857142857142858,10.0,5.428571428571429,0.14285714285714285
2023-24,2023-12-03,S Attwell,3,3,18.0,9.0,9.0,3.6666666666666665,0.0
2023-24,2023-12-03,S Attwell,5,5,18.6,10.0,8.6,4.0,0.0
2023-24,2023-12-03,S Attwell,10,8,20.75,11.125,9.625,4.75,0.125
2023-24,2023-12-09,S Attwell,3,3,21.0,11.333333333333334,9.666666666666666,4.0,0.0
2023-24,2023-12-09,S Attwell,5,5,20.0,10.4,9.6,4.6,0.0
2023-24,2023-12-09,S Attwell,10,9,21.444444444444443,11.444444444444445,10.0,4.888888888888889,0.1111111111111111
2023-24,2023-12-23,S Attwell,3,3,21.333333333333332,8.666666666666666,12.666666666666666,3.6666666666666665,0.0
2023-24,2023-12-23,S Attwell,5,5,21.0,9.4,11.6,4.4,0.0
2023-24,2023-12-23,S Attwell,10,10,21.7,10.9,10.8,4.9,0.1
2023-24,2023-12-30,S Attwell,3,3,24.666666666666668,9.666666666666666,15.0,5.333333333333333,0.3333333333333333
2023-24,2023-12-30,S Attwell,5,5,22.0,9.8,12.2,4.4,0.2
2023-24,2023-12-30,S Attwell,10,10,22.2,10.6,11.6,5.2,0.2
2023-24,2024-02-18,S Attwell,3,3,18.333333333333332,6.0,12.333333333333334,5.0,0.6666666666666666
2023-24,2024-02-18,S Attwell,5,5,19.0,7.6,11.4,4.2,0.4
2023-24,2024-02-18,S Attwell,10,10,20.6,9.6,11.0,4.9,0.2
2023-24,2024-04-04,S Attwell,3,3,15.333333333333334,6.0,9.333333333333334,3.6666666666666665,0.6666666666666666
2023-24,2024-04-04,S Attwell,5,5,19.4,7.6,11.8,4.4,0.4
2023-24,2024-04-04,S Attwell,10,10,19.0,8.8,10.2,4.2,0.2
2023-24,2024-04-14,S Attwell,3,3,14.0,5.0,9.0,3.0,0.3333333333333333
2023-24,2024-04-14,S Attwell,5,5,17.8,6.0,11.8,3.8,0.4
2023-24,2024-04-14,S Attwell,10,10,18.9,8.2,10.7,4.2,0.2
2023-24,2024-04-24,S Attwell,3,3,20.333333333333332,7.333333333333333,13.0,3.0,0.3333333333333333
2023-24,2024-04-24,S Attwell,5,5,18.4,6.8,11.6,3.8,0.6
2023-24,2024-04-24,S Attwell,10,10,19.7,8.1,11.6,4.1,0.3
2023-24,2024-04-27,S Attwell,3,3,24.0,9.0,15.0,3.3333333333333335,0.3333333333333333
2023-24,2024-04-27,S Attwell,5,5,19.0,7.2,11.8,3.2,0.4
2023-24,2024-04-27,S Attwell,10,10,20.5,8.5,12.0,3.8,0.3
2023-24,2024-05-11,S Attwell,3,3,23.333333333333332,9.0,14.333333333333334,3.3333333333333335,0.3333333333333333
2023-24,2024-05-11,S Attwell,5,5,20.8,7.8,13.0,2.8,0.2
2023-24,2024-05-11,S Attwell,10,10,19.9,7.7,12.2,3.5,0.3
2023-24,2023-10-07,S Barrott,3,1,18.0,8.0,10.0,3.0,0.0
2023-24,2023-10-07,S Barrott,5,1,18.0,8.0,10.0,3.0,0.0
2023-24,2023-10-07,S Barrott,10,1,18.0,8.0,10.0,3.0,0.0
2023-24,2023-10-21,S Barrott,3,2,20.5,10.0,10.5,3.0,0.0
2023-24,2023-10-21,S Barrott,5,2,20.5,10.0,10.5,3.0,0.0
2023-24,2023-10-21,S Barrott,10,2,20.5,10.0,10.5,3.0,0.0
2023-24,2023-10-28,S Barrott,3,3,20.666666666666668,9.666666666666666,11.0,3.6666666666666665,0.0
2023-24,2023-10-28,S Barrott,5,3,20.666666666666668,9.666666666666666,11.0,3.6666666666666665,0.0
2023-24,2023-10-28,S Barrott,10,3,20.666666666666668,9.666666666666666,11.0,3.6666666666666665,0.0
2023-24,2023-11-11,S Barrott,3,3,23.666666666666668,10.0,13.666666666666666,4.333333333333333,0.0
2023-24,2023-11-11,S Barrott,5,4,22.25,9.5,12.75,4.0,0.0
2023-24,2023-11-11,S Barrott,10,4,22.25,9.5,12.75,4.0,0.0
2023-24,2023-11-25,S Barrott,3,3,22.0,9.666666666666666,12.333333333333334,4.666666666666667,0.0
2023-24,2023-11-25,S Barrott,5,5,21.4,9.8,11.6,4.0,0.0
2023-24,2023-11-25,S Barrott,10,5,21.4,9.8,11.6,4.0,0.0
2023-24,2023-12-05,S Barrott,3,3,22.0,11.333333333333334,10.666666666666666,4.0,0.0
2023-24,2023-12-05,S Barrott,5,5,22.0,11.0,11.0,4.0,0.0
2023-24,2023-12-05,S Barrott,10,6,21.333333333333332,10.5,10.833333333333334,3.8333333333333335,0.0
2023-24,2023-12-09,S Barrott,3,3,19.666666666666668,11.333333333333334,8.333333333333334,2.6666666666666665,0.0
2023-24,2023-12-09,S Barrott,5,5,21.4,10.4,11.0,3.6,0.0
2023-24,2023-12-09,S Barrott,10,7,21.142857142857142,10.285714285714286,10.857142857142858,3.4285714285714284,0.0
2023-24,2023-12-16,S Barrott,3,3,20.0,10.0,10.0,2.0,0.3333333333333333
2023-24,2023-12-16,S Barrott,5,5,21.0,10.0,11.0,3.0,0.2
2023-24,2023-12-16,S Barrott,10,8,20.875,9.875,11.0,3.25,0.125
2023-24,2024-01-02,S Barrott,3,3,16.333333333333332,6.666666666666667,9.666666666666666,1.3333333333333333,0.3333333333333333
2023-24,2024-01-02,S Barrott,5,5,17.6,9.0,8.6,2.2,0.2
2023-24,2024-01-02,S Barrott,10,9,19.666666666666668,9.222222222222221,10.444444444444445,3.0,0.1111111111111111
2023-24,2024-01-31,S Barrott,3,3,15.0,4.666666666666667,10.333333333333334,2.3333333333333335,0.3333333333333333
2023-24,2024-01-31,S Barrott,5,5,17.2,7.4,9.8,2.2,0.2
2023-24,2024-01-31,S Barrott,10,10,19.3,8.6,10.7,3.1,0.1
2023-24,2024-02-10,S Barrott,3,3,17.666666666666668,7.0,10.666666666666666,3.3333333333333335,0.0
2023-24,2024-02-10,S Barrott,5,5,18.4,7.4,11.0,2.6,0.2
2023-24,2024-02-10,S Barrott,10,10,20.2,9.2,11.0,3.3,0.1
2023-24,2024-02-24,S Barrott,3,3,22.0,8.0,14.0,4.0,0.0
2023-24,2024-02-24,S Barrott,5,5,19.0,7.0,12.0,3.0,0.2
2023-24,2024-02-24,S Barrott,10,10,20.2,8.7,11.5,3.3,0.1
2023-24,2024-03-04,S Barrott,3,3,21.666666666666668,10.666666666666666,11.0,3.0,0.0
2023-24,2024-03-04,S Barrott,5,5,18.2,7.8,10.4,2.8,0.0
2023-24,2024-03-04,S Barrott,10,10,19.6,8.9,10.7,2.9,0.1
2023-24,2024-03-30,S Barrott,3,3,21.0,10.666666666666666,10.333333333333334,2.3333333333333335,0.0
2023-24,2024-03-30,S Barrott,5,5,21.2,9.8,11.4,3.2,0.0
2023-24,2024-03-30,S Barrott,10,10,19.4,9.4,10.0,2.7,0.1
2023-24,2024-04-13,S Barrott,3,3,19.666666666666668,11.0,8.666666666666666,2.6666666666666665,0.0
2023-24,2024-04-13,S Barrott,5,5,21.8,10.8,11.0,3.2,0.0
2023-24,2024-04-13,S Barrott,10,10,19.5,9.1,10.4,2.7,0.1
2023-24,2023-08-14,S Hooper,3,1,24.0,14.0,10.0,5.0,0.0
2023-24,2023-08-14,S Hooper,5,1,24.0,14.0,10.0,5.0,0.0
2023-24,2023-08-14,S Hooper,10,1,24.0,14.0,10.0,5.0,0.0
2023-24,2023-09-03,S Hooper,3,2,21.5,13.0,8.5,3.0,0.0
2023-24,2023-09-03,S Hooper,5,2,21.5,13.0,8.5,3.0,0.0
2023-24,2023-09-03,S Hooper,10,2,21.5,13.0,8.5,3.0,0.0
2023-24,2023-09-17,S Hooper,3,3,21.666666666666668,12.666666666666666,9.0,2.6666666666666665,0.0
2023-24,2023-09-17,S Hooper,5,3,21.666666666666668,12.666666666666666,9.0,2.6666666666666665,0.0
2023-24,2023-09-17,S Hooper,10,3,21.666666666666668,12.666666666666666,9.0,2.6666666666666665,0.0
2023-24,2023-09-30,S Hooper,3,3,23.0,11.666666666666666,11.333333333333334,4.0,0.6666666666666666
2023-24,2023-09-30,S Hooper,5,4,23.25,12.25,11.0,4.25,0.5
2023-24,2023-09-30,S Hooper,10,4,23.25,12.25,11.0,4.25,0.5
2023-24,2023-10-28,S Hooper,3,3,23.0,11.666666666666666,11.333333333333334,5.333333333333333,0.6666666666666666
2023-24,2023-10-28,S Hooper,5,5,22.4,12.2,10.2,4.4,0.4
2023-24,2023-10-28,S Hooper,10,5,22.4,12.2,10.2,4.4,0.4
2023-24,2023-11-12,S Hooper,3,3,22.666666666666668,9.0,13.666666666666666,7.0,0.6666666666666666
2023-24,2023-11-12,S Hooper,5,5,21.8,10.2,11.6,4.8,0.4
2023-24,2023-11-12,S Hooper,10,6,22.166666666666668,10.833333333333334,11.333333333333334,4.833333333333333,0.3333333333333333
2023-24,2023-11-25,S Hooper,3,3,24.0,9.666666666666666,14.333333333333334,6.666666666666667,0.3333333333333333
2023-24,2023-11-25,S Hooper,5,5,24.4,10.4,14.0,6.2,0.6
2023-24,2023-11-25,S Hooper,10,7,23.571428571428573,11.142857142857142,12.428571428571429,5.285714285714286,0.42857142857142855
2023-24,2023-12-03,S Hooper,3,3,27.0,10.333333333333334,16.666666666666668,7.666666666666667,0.3333333333333333
2023-24,2023-12-03,S Hooper,5,5,25.6,10.8,14.8,7.4,0.6
2023-24,2023-12-03,S Hooper,10,8,24.125,11.5,12.625,5.625,0.375
2023-24,2023-12-06,S Hooper,3,3,26.666666666666668,13.0,13.666666666666666,7.0,0.3333333333333333
2023-24,2023-12-06,S Hooper,5,5,24.0,11.0,13.0,6.6,0.2
2023-24,2023-12-06,S Hooper,10,9,23.666666666666668,11.555555555555555,12.11111111111111,5.555555555555555,0.3333333333333333
2023-24,2023-12-09,S Hooper,3,3,20.333333333333332,10.333333333333334,10.0,5.666666666666667,0.0
2023-24,2023-12-09,S Hooper,5,5,22.8,9.6,13.2,6.4,0.2
2023-24,2023-12-09,S Hooper,10,10,22.6,10.9,11.7,5.4,0.3
2023-24,2023-12-23,S Hooper,3,3,20.333333333333332,10.0,10.333333333333334,4.666666666666667,0.0
2023-24,2023-12-23,S Hooper,5,5,24.2,11.4,12.8,6.0,0.2
2023-24,2023-12-23,S Hooper,10,10,23.0,10.8,12.2,5.4,0.3
2023-24,2023-12-31,S Hooper,3,3,22.666666666666668,9.0,13.666666666666666,5.0,0.0
2023-24,2023-12-31,S Hooper,5,5,23.2,10.6,12.6,5.6,0.0
2023-24,2023-12-31,S Hooper,10,10,23.8,10.5,13.3,5.9,0.3
2023-24,2024-01-30,S Hooper,3,3,22.666666666666668,9.333333333333334,13.333333333333334,4.0,0.0
2023-24,2024-01-30,S Hooper,5,5,20.2,9.0,11.2,4.2,0.0
2023-24,2024-01-30,S Hooper,10,10,22.9,9.9,13.0,5.8,0.3
2023-24,2024-02-03,S Hooper,3,3,20.666666666666668,7.666666666666667,13.0,3.6666666666666665,0.0
2023-24,2024-02-03,S Hooper,5,5,20.6,8.2,12.4,4.0,0.0
2023-24,2024-02-03,S Hooper,10,10,22.3,9.6,12.7,5.3,0.1
2023-24,2024-02-10,S Hooper,3,3,18.333333333333332,8.333333333333334,10.0,3.3333333333333335,0.0
2023-24,2024-02-10,S Hooper,5,5,22.0,9.4,12.6,4.2,0.0
2023-24,2024-02-10,S Hooper,10,10,22.4,9.5,12.9,5.3,0.1
2023-24,2024-02-26,S Hooper,3,3,18.666666666666668,8.0,10.666666666666666,4.0,0.0
2023-24,2024-02-26,S Hooper,5,5,19.2,7.8,11.4,3.8,0.0
2023-24,2024-02-26,S Hooper,10,10,21.7,9.6,12.1,4.9,0.1
2023-24,2024-03-02,S Hooper,3,3,20.0,10.666666666666666,9.333333333333334,3.6666666666666665,0.0
2023-24,2024-03-02,S Hooper,5,5,19.0,9.2,9.8,3.2,0.0
2023-24,2024-03-02,S Hooper,10,10,21.1,9.9,11.2,4.4,0.0
2023-24,2024-03-09,S Hooper,3,3,21.333333333333332,11.333333333333334,10.0,3.0,0.0
2023-24,2024-03-09,S Hooper,5,5,21.2,10.6,10.6,3.6,0.0
2023-24,2024-03-09,S Hooper,10,10,20.7,9.8,10.9,3.9,0.0
2023-24,2024-03-30,S Hooper,3,3,23.666666666666668,12.0,11.666666666666666,3.3333333333333335,0.0
2023-24,2024-03-30,S Hooper,5,5,21.0,10.4,10.6,3.6,0.0
2023-24,2024-03-30,S Hooper,10,10,20.8,9.3,11.5,3.8,0.0
2023-24,2024-04-07,S Hooper,3,3,22.666666666666668,10.333333333333334,12.333333333333334,4.0,0.0
2023-24,2024-04-07,S Hooper,5,5,21.6,10.4,11.2,3.6,0.0
2023-24,2024-04-07,S Hooper,10,10,21.8,9.9,11.9,3.9,0.0
2023-24,2024-04-13,S Hooper,3,3,23.333333333333332,12.0,11.333333333333334,4.0,0.0
2023-24,2024-04-13,S Hooper,5,5,24.0,13.0,11.0,3.6,0.0
2023-24,2024-04-13,S Hooper,10,10,21.6,10.4,11.2,3.7,0.0
2023-24,2024-04-23,S Hooper,3,3,24.0,13.666666666666666,10.333333333333334,4.0,0.0
2023-24,2024-04-23,S Hooper,5,5,23.4,12.2,11.2,3.8,0.0
2023-24,2024-04-23,S Hooper,10,10,21.2,10.7,10.5,3.5,0.0
2023-24,2024-04-28,S Hooper,3,3,21.0,12.666666666666666,8.333333333333334,2.3333333333333335,0.0
2023-24,2024-04-28,S Hooper,5,5,21.4,11.2,10.2,3.2,0.0
2023-24,2024-04-28,S Hooper,10,10,21.3,10.9,10.4,3.4,0.0
2023-24,2024-05-13,S Hooper,3,3,21.0,10.333333333333334,10.666666666666666,2.0,0.0
2023-24,2024-05-13,S Hooper,5,5,22.4,12.0,10.4,2.8,0.0
2023-24,2024-05-13,S Hooper,10,10,21.7,11.2,10.5,3.2,0.0
2023-24,2024-05-19,S Hooper,3,3,22.0,11.333333333333334,10.666666666666666,3.3333333333333335,0.0
2023-24,2024-05-19,S Hooper,5,5,23.0,12.8,10.2,3.4,0.0
2023-24,2024-05-19,S Hooper,10,10,22.3,11.6,10.7,3.5,0.0
2023-24,2024-03-09,S Singh,3,1,31.0,20.0,11.0,5.0,0.0
2023-24,2024-03-09,S Singh,5,1,31.0,20.0,11.0,5.0,0.0
2023-24,2024-03-09,S Singh,10,1,31.0,20.0,11.0,5.0,0.0
2023-24,2023-08-19,T Bramall,3,1,24.0,11.0,13.0,4.0,1.0
2023-24,2023-08-19,T Bramall,5,1,24.0,11.0,13.0,4.0,1.0
2023-24,2023-08-19,T Bramall,10,1,24.0,11.0,13.0,4.0,1.0
2023-24,2023-09-30,T Bramall,3,2,23.0,9.0,14.0,4.0,0.5
2023-24,2023-09-30,T Bramall,5,2,23.0,9.0,14.0,4.0,0.5
2023-24,2023-09-30,T Bramall,10,2,23.0,9.0,14.0,4.0,0.5
2023-24,2023-11-04,T Bramall,3,3,24.0,10.0,14.0,4.333333333333333,0.3333333333333333
2023-24,2023-11-04,T Bramall,5,3,24.0,10.0,14.0,4.333333333333333,0.3333333333333333
2023-24,2023-11-04,T Bramall,10,3,24.0,10.0,14.0,4.333333333333333,0.3333333333333333
2023-24,2023-12-03,T Bramall,3,3,25.333333333333332,11.666666666666666,13.666666666666666,5.666666666666667,0.0
2023-24,2023-12-03,T Bramall,5,4,25.0,11.5,13.5,5.25,0.25
2023-24,2023-12-03,T Bramall,10,4,25.0,11.5,13.5,5.25,0.25
2023-24,2023-12-30,T Bramall,3,3,25.666666666666668,12.333333333333334,13.333333333333334,6.0,0.0
2023-24,2023-12-30,T Bramall,5,5,24.6,11.0,13.6,5.2,0.2
2023-24,2023-12-30,T Bramall,10,5,24.6,11.0,13.6,5.2,0.2
2023-24,2024-01-30,T Bramall,3,3,23.333333333333332,10.333333333333334,13.0,5.333333333333333,0.0
2023-24,2024-01-30,T Bramall,5,5,23.6,10.0,13.6,5.0,0.0
2023-24,2024-01-30,T Bramall,10,6,23.666666666666668,10.166666666666666,13.5,4.833333333333333,0.16666666666666666
2023-24,2024-02-03,T Bramall,3,3,23.666666666666668,9.333333333333334,14.333333333333334,4.0,0.0
2023-24,2024-02-03,T Bramall,5,5,25.0,11.2,13.8,5.0,0.0
2023-24,2024-02-03,T Bramall,10,7,24.428571428571427,10.571428571428571,13.857142857142858,4.714285714285714,0.14285714285714285
2023-24,2024-02-17,T Bramall,3,3,25.333333333333332,10.666666666666666,14.666666666666666,5.0,0.3333333333333333
2023-24,2024-02-17,T Bramall,5,5,25.4,11.4,14.0,5.6,0.2
2023-24,2024-02-17,T Bramall,10,8,24.875,10.875,14.0,5.125,0.25
2023-24,2024-04-02,T Bramall,3,3,26.333333333333332,12.0,14.333333333333334,4.666666666666667,0.3333333333333333
2023-24,2024-04-02,T Bramall,5,5,24.2,10.2,14.0,4.4,0.2
2023-24,2024-04-02,T Bramall,10,9,24.555555555555557,10.777777777777779,13.777777777777779,4.777777777777778,0.2222222222222222
2023-24,2024-04-24,T Bramall,3,3,25.0,11.0,14.0,5.333333333333333,0.3333333333333333
2023-24,2024-04-24,T Bramall,5,5,24.6,10.4,14.2,4.6,0.2
2023-24,2024-04-24,T Bramall,10,10,24.6,10.7,13.9,4.9,0.2
2023-24,2024-05-11,T Bramall,3,3,24.0,11.0,13.0,4.333333333333333,0.3333333333333333
2023-24,2024-05-11,T Bramall,5,5,25.8,11.8,14.0,5.0,0.4
2023-24,2024-05-11,T Bramall,10,10,24.7,10.9,13.8,5.0,0.2
2023-24,2023-09-23,T Harrington,3,1,18.0,6.0,12.0,3.0,0.0
2023-24,2023-09-23,T Harrington,5,1,18.0,6.0,12.0,3.0,0.0
2023-24,2023-09-23,T Harrington,10,1,18.0,6.0,12.0,3.0,0.0
2023-24,2024-01-12,T Harrington,3,2,18.5,6.5,12.0,2.0,0.0
2023-24,2024-01-12,T Harrington,5,2,18.5,6.5,12.0,2.0,0.0
2023-24,2024-01-12,T Harrington,10,2,18.5,6.5,12.0,2.0,0.0
2023-24,2024-01-30,T Harrington,3,3,21.0,7.0,14.0,3.0,0.0
2023-24,2024-01-30,T Harrington,5,3,21.0,7.0,14.0,3.0,0.0
2023-24,2024-01-30,T Harrington,10,3,21.0,7.0,14.0,3.0,0.0
2023-24,2024-02-24,T Harrington,3,3,22.666666666666668,8.0,14.666666666666666,3.6666666666666665,0.3333333333333333
2023-24,2024-02-24,T Harrington,5,4,21.5,7.5,14.0,3.5,0.25
2023-24,2024-02-24,T Harrington,10,4,21.5,7.5,14.0,3.5,0.25
2023-24,2024-03-09,T Harrington,3,3,22.333333333333332,8.0,14.333333333333334,4.666666666666667,0.3333333333333333
2023-24,2024-03-09,T Harrington,5,5,20.8,7.4,13.4,3.6,0.2
2023-24,2024-03-09,T Harrington,10,5,20.8,7.4,13.4,3.6,0.2
2023-24,2024-04-02,T Harrington,3,3,21.333333333333332,8.333333333333334,13.0,4.0,0.3333333333333333
2023-24,2024-04-02,T Harrington,5,5,21.8,8.0,13.8,3.6,0.2
2023-24,2024-04-02,T Harrington,10,6,21.166666666666668,7.666666666666667,13.5,3.5,0.16666666666666666
2023-24,2024-04-06,T Harrington,3,3,21.0,10.333333333333334,10.666666666666666,4.666666666666667,0.0
2023-24,2024-04-06,T Harrington,5,5,22.4,9.6,12.8,4.8,0.2
2023-24,2024-04-06,T Harrington,10,7,21.285714285714285,8.714285714285714,12.571428571428571,4.0,0.14285714285714285
2023-24,2024-04-13,T Harrington,3,3,24.0,12.333333333333334,11.666666666666666,4.666666666666667,0.0
2023-24,2024-04-13,T Harrington,5,5,22.6,10.6,12.0,4.6,0.2
2023-24,2024-04-13,T Harrington,10,8,22.0,9.25,12.75,4.0,0.125
2023-24,2024-04-27,T Harrington,3,3,22.666666666666668,12.333333333333334,10.333333333333334,3.6666666666666665,0.0
2023-24,2024-04-27,T Harrington,5,5,21.8,10.6,11.2,3.6,0.0
2023-24,2024-04-27,T Harrington,10,9,21.666666666666668,9.222222222222221,12.444444444444445,3.5555555555555554,0.1111111111111111
2023-24,2024-05-11,T Harrington,3,3,22.666666666666668,12.0,10.666666666666666,3.0,0.0
2023-24,2024-05-11,T Harrington,5,5,22.6,12.0,10.6,3.8,0.0
2023-24,2024-05-11,T Harrington,10,10,21.7,9.7,12.0,3.7,0.1
2023-24,2023-08-26,T Robinson,3,1,29.0,18.0,11.0,4.0,0.0
2023-24,2023-08-26,T Robinson,5,1,29.0,18.0,11.0,4.0,0.0
2023-24,2023-08-26,T Robinson,10,1,29.0,18.0,11.0,4.0,0.0
2023-24,2023-09-02,T Robinson,3,2,24.0,14.0,10.0,5.5,0.0
2023-24,2023-09-02,T Robinson,5,2,24.0,14.0,10.0,5.5,0.0
2023-24,2023-09-02,T Robinson,10,2,24.0,14.0,10.0,5.5,0.0
2023-24,2023-10-02,T Robinson,3,3,25.0,14.333333333333334,10.666666666666666,5.333333333333333,0.0
2023-24,2023-10-02,T Robinson,5,3,25.0,14.333333333333334,10.666666666666666,5.333333333333333,0.0
2023-24,2023-10-02,T Robinson,10,3,25.0,14.333333333333334,10.666666666666666,5.333333333333333,0.0
2023-24,2023-10-21,T Robinson,3,3,21.666666666666668,10.666666666666666,11.0,5.666666666666667,0.0
2023-24,2023-10-21,T Robinson,5,4,23.5,12.5,11.0,5.25,0.0
2023-24,2023-10-21,T Robinson,10,4,23.5,12.5,11.0,5.25,0.0
2023-24,2023-10-28,T Robinson,3,3,22.666666666666668,10.333333333333334,12.333333333333334,4.333333333333333,0.0
2023-24,2023-10-28,T Robinson,5,5,23.2,11.8,11.4,4.8,0.0
2023-24,2023-10-28,T Robinson,10,5,23.2,11.8,11.4,4.8,0.0
2023-24,2023-11-04,T Robinson,3,3,20.333333333333332,10.333333333333334,10.0,4.666666666666667,0.0
2023-24,2023-11-04,T Robinson,5,5,21.4,11.2,10.2,5.2,0.0
2023-24,2023-11-04,T Robinson,10,6,22.666666666666668,12.333333333333334,10.333333333333334,5.0,0.0
2023-24,2023-11-11,T Robinson,3,3,25.333333333333332,14.333333333333334,11.0,5.333333333333333,0.0
2023-24,2023-11-11,T Robinson,5,5,24.4,13.0,11.4,5.2,0.0
2023-24,2023-11-11,T Robinson,10,7,24.285714285714285,13.285714285714286,11.0,5.285714285714286,0.0
2023-24,2023-11-25,T Robinson,3,3,23.333333333333332,14.333333333333334,9.0,5.0,0.0
2023-24,2023-11-25,T Robinson,5,5,22.2,11.8,10.4,4.6,0.0
2023-24,2023-11-25,T Robinson,10,8,23.25,12.75,10.5,4.875,0.0
2023-24,2023-12-07,T Robinson,3,3,25.333333333333332,15.333333333333334,10.0,4.0,0.0
2023-24,2023-12-07,T Robinson,5,5,23.6,14.0,9.6,4.2,0.0
2023-24,2023-12-07,T Robinson,10,9,23.555555555555557,13.333333333333334,10.222222222222221,4.666666666666667,0.0
2023-24,2023-12-10,T Robinson,3,3,21.333333333333332,14.333333333333334,7.0,2.6666666666666665,0.0
2023-24,2023-12-10,T Robinson,5,5,23.6,15.4,8.2,4.2,0.0
2023-24,2023-12-10,T Robinson,10,10,23.4,13.6,9.8,4.5,0.0
2023-24,2023-12-17,T Robinson,3,3,22.666666666666668,15.0,7.666666666666667,3.3333333333333335,0.0
2023-24,2023-12-17,T Robinson,5,5,23.6,14.6,9.0,3.8,0.0
2023-24,2023-12-17,T Robinson,10,10,22.5,12.9,9.6,4.5,0.0
2023-24,2023-12-26,T Robinson,3,3,20.666666666666668,12.333333333333334,8.333333333333334,3.0,0.0
2023-24,2023-12-26,T Robinson,5,5,20.8,12.8,8.0,2.8,0.0
2023-24,2023-12-26,T Robinson,10,10,22.6,12.9,9.7,4.0,0.0
2023-24,2023-12-30,T Robinson,3,3,20.0,10.0,10.0,4.0,0.0
2023-24,2023-12-30,T Robinson,5,5,21.6,12.8,8.8,3.6,0.0
2023-24,2023-12-30,T Robinson,10,10,21.9,12.3,9.6,4.1,0.0
2023-24,2024-02-01,T Robinson,3,3,21.333333333333332,10.666666666666666,10.666666666666666,4.0,0.0
2023-24,2024-02-01,T Robinson,5,5,21.2,11.8,9.4,3.8,0.0
2023-24,2024-02-01,T Robinson,10,10,22.4,12.9,9.5,4.0,0.0
2023-24,2024-02-04,T Robinson,3,3,23.333333333333332,12.333333333333334,11.0,5.0,0.0
2023-24,2024-02-04,T Robinson,5,5,22.0,11.6,10.4,4.2,0.0
2023-24,2024-02-04,T Robinson,10,10,22.8,13.5,9.3,4.2,0.0
2023-24,2024-02-10,T Robinson,3,3,24.666666666666668,13.0,11.666666666666666,4.666666666666667,0.0
2023-24,2024-02-10,T Robinson,5,5,22.8,11.6,11.2,4.4,0.0
2023-24,2024-02-10,T Robinson,10,10,23.2,13.1,10.1,4.1,0.0
2023-24,2024-03-02,T Robinson,3,3,23.0,11.333333333333334,11.666666666666666,3.6666666666666665,0.0
2023-24,2024-03-02,T Robinson,5,5,22.6,11.2,11.4,4.2,0.0
2023-24,2024-03-02,T Robinson,10,10,21.7,12.0,9.7,3.5,0.0
2023-24,2024-03-30,T Robinson,3,3,22.0,9.666666666666666,12.333333333333334,3.6666666666666665,0.0
2023-24,2024-03-30,T Robinson,5,5,23.2,11.4,11.8,4.0,0.0
2023-24,2024-03-30,T Robinson,10,10,22.4,12.1,10.3,3.8,0.0
2023-24,2024-04-13,T Robinson,3,3,22.666666666666668,10.666666666666666,12.0,3.3333333333333335,0.0
2023-24,2024-04-13,T Robinson,5,5,23.6,11.6,12.0,4.0,0.0
2023-24,2024-04-13,T Robinson,10,10,22.4,11.7,10.7,3.9,0.0
2023-24,2024-04-21,T Robinson,3,3,23.666666666666668,10.666666666666666,13.0,4.333333333333333,0.0
2023-24,2024-04-21,T Robinson,5,5,22.8,10.2,12.6,3.8,0.0
2023-24,2024-04-21,T Robinson,10,10,22.4,10.9,11.5,4.0,0.0
2023-24,2024-05-03,T Robinson,3,3,24.666666666666668,12.0,12.666666666666666,4.0,0.0
2023-24,2024-05-03,T Robinson,5,5,23.2,10.8,12.4,3.6,0.0
2023-24,2024-05-03,T Robinson,10,10,23.0,11.2,11.8,4.0,0.0
2024-25,2025-04-19,A Kitchen,3,1,27.0,14.0,13.0,3.0,0.0
2024-25,2025-04-19,A Kitchen,5,1,27.0,14.0,13.0,3.0,0.0
2024-25,2025-04-19,A Kitchen,10,1,27.0,14.0,13.0,3.0,0.0
2024-25,2025-05-18,A Kitchen,3,2,27.0,14.5,12.5,2.0,0.0
2024-25,2025-05-18,A Kitchen,5,2,27.0,14.5,12.5,2.0,0.0
2024-25,2025-05-18,A Kitchen,10,2,27.0,14.5,12.5,2.0,0.0
2024-25,2024-09-28,A Madley,3,1,24.0,13.0,11.0,3.0,0.0
2024-25,2024-09-28,A Madley,5,1,24.0,13.0,11.0,3.0,0.0
2024-25,2024-09-28,A Madley,10,1,24.0,13.0,11.0,3.0,0.0
2024-25,2024-10-05,A Madley,3,2,21.5,11.0,10.5,4.0,0.0
2024-25,2024-10-05,A Madley,5,2,21.5,11.0,10.5,4.0,0.0
2024-25,2024-10-05,A Madley,10,2,21.5,11.0,10.5,4.0,0.0
2024-25,2024-10-19,A Madley,3,3,22.666666666666668,10.666666666666666,12.0,4.0,0.3333333333333333
2024-25,2024-10-19,A Madley,5,3,22.666666666666668,10.666666666666666,12.0,4.0,0.3333333333333333
2024-25,2024-10-19,A Madley,10,3,22.666666666666668,10.666666666666666,12.0,4.0,0.3333333333333333
2024-25,2024-10-26,A Madley,3,3,23.333333333333332,10.333333333333334,13.0,7.333333333333333,0.3333333333333333
2024-25,2024-10-26,A Madley,5,4,23.5,11.0,12.5,6.25,0.25
2024-25,2024-10-26,A Madley,10,4,23.5,11.0,12.5,6.25,0.25
2024-25,2024-11-02,A Madley,3,3,27.666666666666668,12.0,15.666666666666666,7.666666666666667,0.3333333333333333
2024-25,2024-11-02,A Madley,5,5,25.2,11.6,13.6,6.2,0.2
2024-25,2024-11-02,A Madley,10,5,25.2,11.6,13.6,6.2,0.2
2024-25,2024-11-23,A Madley,3,3,28.333333333333332,13.666666666666666,14.666666666666666,8.666666666666666,0.0
2024-25,2024-11-23,A Madley,5,5,25.8,12.0,13.8,7.0,0.2
2024-25,2024-11-23,A Madley,10,6,25.5,12.166666666666666,13.333333333333334,6.333333333333333,0.16666666666666666
2024-25,2024-12-04,A Madley,3,3,28.333333333333332,12.666666666666666,15.666666666666666,6.666666666666667,0.0
2024-25,2024-12-04,A Madley,5,5,27.2,12.0,15.2,7.4,0.2
2024-25,2024-12-04,A Madley,10,7,25.571428571428573,11.714285714285714,13.857142857142858,6.428571428571429,0.14285714285714285
2024-25,2024-12-27,A Madley,3,3,23.666666666666668,10.0,13.666666666666666,5.333333333333333,0.0
2024-25,2024-12-27,A Madley,5,5,25.8,11.2,14.6,7.0,0.0
2024-25,2024-12-27,A Madley,10,8,24.625,11.0,13.625,5.875,0.125
2024-25,2025-01-04,A Madley,3,3,23.333333333333332,8.666666666666666,14.666666666666666,4.666666666666667,0.0
2024-25,2025-01-04,A Madley,5,5,25.8,11.0,14.8,5.4,0.0
2024-25,2025-01-04,A Madley,10,9,24.77777777777778,11.0,13.777777777777779,5.777777777777778,0.1111111111111111
2024-25,2025-01-15,A Madley,3,3,19.0,8.0,11.0,2.3333333333333335,0.0
2024-25,2025-01-15,A Madley,5,5,22.0,9.6,12.4,4.2,0.0
2024-25,2025-01-15,A Madley,10,10,23.6,10.6,13.0,5.2,0.1
2024-25,2025-01-18,A Madley,3,3,19.666666666666668,8.0,11.666666666666666,3.3333333333333335,0.0
2024-25,2025-01-18,A Madley,5,5,20.6,7.8,12.8,3.8,0.0
2024-25,2025-01-18,A Madley,10,10,23.2,9.9,13.3,5.4,0.1
2024-25,2025-02-01,A Madley,3,3,22.0,11.0,11.0,3.3333333333333335,0.0
2024-25,2025-02-01,A Madley,5,5,22.0,10.0,12.0,3.4,0.0
2024-25,2025-02-01,A Madley,10,10,24.6,11.0,13.6,5.4,0.1
2024-25,2025-02-15,A Madley,3,3,23.666666666666668,10.333333333333334,13.333333333333334,3.6666666666666665,0.0
2024-25,2025-02-15,A Madley,5,5,22.0,9.8,12.2,3.2,0.0
2024-25,2025-02-15,A Madley,10,10,23.9,10.5,13.4,5.1,0.0
2024-25,2025-02-22,A Madley,3,3,24.0,12.333333333333334,11.666666666666666,3.6666666666666665,0.0
2024-25,2025-02-22,A Madley,5,5,21.0,10.0,11.0,3.2,0.0
2024-25,2025-02-22,A Madley,10,10,23.4,10.5,12.9,4.3,0.0
2024-25,2025-02-26,A Madley,3,3,22.0,9.0,13.0,2.6666666666666665,0.0
2024-25,2025-02-26,A Madley,5,5,23.8,10.6,13.2,3.6,0.0
2024-25,2025-02-26,A Madley,10,10,22.9,10.1,12.8,3.9,0.0
2024-25,2025-03-16,A Madley,3,3,23.666666666666668,11.666666666666666,12.0,2.3333333333333335,0.0
2024-25,2025-03-16,A Madley,5,5,24.4,12.0,12.4,2.6,0.0
2024-25,2025-03-16,A Madley,10,10,22.5,9.9,12.6,3.2,0.0
2024-25,2025-04-02,A Madley,3,3,24.333333333333332,12.333333333333334,12.0,1.6666666666666667,0.0
2024-25,2025-04-02,A Madley,5,5,22.4,10.8,11.6,2.2,0.0
2024-25,2025-04-02,A Madley,10,10,22.2,10.4,11.8,2.8,0.0
2024-25,2025-04-13,A Madley,3,3,23.0,14.0,9.0,1.6666666666666667,0.0
2024-25,2025-04-13,A Madley,5,5,23.4,12.8,10.6,2.4,0.0
2024-25,2025-04-13,A Madley,10,10,22.7,11.3,11.4,2.8,0.0
2024-25,2025-05-05,A Madley,3,3,23.333333333333332,12.666666666666666,10.666666666666666,5.333333333333333,0.0
2024-25,2025-05-05,A Madley,5,5,24.0,12.2,11.8,3.6,0.0
2024-25,2025-05-05,A Madley,10,10,22.5,11.1,11.4,3.4,0.0
2024-25,2025-05-25,A Madley,3,3,21.0,11.666666666666666,9.333333333333334,4.333333333333333,0.0
2024-25,2025-05-25,A Madley,5,5,21.8,12.4,9.4,3.2,0.0
2024-25,2025-05-25,A Madley,10,10,22.8,11.5,11.3,3.4,0.0
2024-25,2024-08-18,A Taylor,3,1,21.0,12.0,9.0,2.0,0.0
2024-25,2024-08-18,A Taylor,5,1,21.0,12.0,9.0,2.0,0.0
2024-25,2024-08-18,A Taylor,10,1,21.0,12.0,9.0,2.0,0.0
2024-25,2024-08-24,A Taylor,3,2,23.5,11.5,12.0,1.0,0.0
2024-25,2024-08-24,A Taylor,5,2,23.5,11.5,12.0,1.0,0.0
2024-25,2024-08-24,A Taylor,10,2,23.5,11.5,12.0,1.0,0.0
2024-25,2024-09-01,A Taylor,3,3,20.333333333333332,10.0,10.333333333333334,2.3333333333333335,0.0
2024-25,2024-09-01,A Taylor,5,3,20.333333333333332,10.0,10.333333333333334,2.3333333333333335,0.0
2024-25,2024-09-01,A Taylor,10,3,20.333333333333332,10.0,10.333333333333334,2.3333333333333335,0.0
2024-25,2024-09-14,A Taylor,3,3,21.666666666666668,11.333333333333334,10.333333333333334,6.333333333333333,0.0
2024-25,2024-09-14,A Taylor,5,4,21.5,11.5,10.0,5.25,0.0
2024-25,2024-09-14,A Taylor,10,4,21.5,11.5,10.0,5.25,0.0
2024-25,2024-09-28,A Taylor,3,3,21.0,13.0,8.0,8.0,0.0
2024-25,2024-09-28,A Taylor,5,5,22.0,12.4,9.6,5.2,0.0
2024-25,2024-09-28,A Taylor,10,5,22.0,12.4,9.6,5.2,0.0
2024-25,2024-10-05,A Taylor,3,3,22.333333333333332,14.666666666666666,7.666666666666667,6.666666666666667,0.0
2024-25,2024-10-05,A Taylor,5,5,21.4,12.4,9.0,5.0,0.0
2024-25,2024-10-05,A Taylor,10,6,21.333333333333332,12.333333333333334,9.0,4.5,0.0
2024-25,2024-10-19,A Taylor,3,3,20.666666666666668,12.666666666666666,8.0,4.666666666666667,0.3333333333333333
2024-25,2024-10-19,A Taylor,5,5,20.2,12.2,8.0,6.6,0.2
2024-25,2024-10-19,A Taylor,10,7,21.142857142857142,12.0,9.142857142857142,5.0,0.14285714285714285
2024-25,2024-10-27,A Taylor,3,3,22.0,12.0,10.0,4.333333333333333,0.3333333333333333
2024-25,2024-10-27,A Taylor,5,5,23.0,13.6,9.4,6.4,0.2
2024-25,2024-10-27,A Taylor,10,8,22.0,12.25,9.75,4.875,0.125
2024-25,2024-11-02,A Taylor,3,3,21.333333333333332,10.333333333333334,11.0,5.0,0.3333333333333333
2024-25,2024-11-02,A Taylor,5,5,21.2,11.8,9.4,4.2,0.2
2024-25,2024-11-02,A Taylor,10,9,21.333333333333332,11.666666666666666,9.666666666666666,4.666666666666667,0.1111111111111111
2024-25,2024-11-10,A Taylor,3,3,21.0,11.333333333333334,9.666666666666666,3.0,0.0
2024-25,2024-11-10,A Taylor,5,5,20.2,11.2,9.0,3.6,0.2
2024-25,2024-11-10,A Taylor,10,10,21.1,11.8,9.3,4.4,0.1
2024-25,2024-11-24,A Taylor,3,3,18.666666666666668,10.333333333333334,8.333333333333334,1.6666666666666667,0.0
2024-25,2024-11-24,A Taylor,5,5,20.8,11.0,9.8,3.4,0.2
2024-25,2024-11-24,A Taylor,10,10,21.1,11.7,9.4,4.2,0.1
2024-25,2024-11-30,A Taylor,3,3,21.0,11.333333333333334,9.666666666666666,2.3333333333333335,0.0
2024-25,2024-11-30,A Taylor,5,5,21.4,11.0,10.4,2.8,0.0
2024-25,2024-11-30,A Taylor,10,10,20.8,11.6,9.2,4.7,0.1
2024-25,2024-12-08,A Taylor,3,3,24.0,12.666666666666666,11.333333333333334,3.0,0.0
2024-25,2024-12-08,A Taylor,5,5,21.4,11.6,9.8,2.8,0.0
2024-25,2024-12-08,A Taylor,10,10,22.2,12.6,9.6,4.6,0.1
2024-25,2024-12-15,A Taylor,3,3,23.333333333333332,10.666666666666666,12.666666666666666,3.6666666666666665,0.0
2024-25,2024-12-15,A Taylor,5,5,22.0,11.2,10.8,2.6,0.0
2024-25,2024-12-15,A Taylor,10,10,21.6,11.5,10.1,3.4,0.1
2024-25,2024-12-22,A Taylor,3,3,26.0,12.333333333333334,13.666666666666666,2.6666666666666665,0.0
2024-25,2024-12-22,A Taylor,5,5,24.4,11.6,12.8,2.6,0.0
2024-25,2024-12-22,A Taylor,10,10,22.3,11.4,10.9,3.1,0.1
2024-25,2024-12-26,A Taylor,3,3,25.0,11.666666666666666,13.333333333333334,2.3333333333333335,0.3333333333333333
2024-25,2024-12-26,A Taylor,5,5,25.2,12.4,12.8,3.2,0.2
2024-25,2024-12-26,A Taylor,10,10,23.0,11.7,11.3,3.3,0.2
2024-25,2024-12-29,A Taylor,3,3,24.333333333333332,12.333333333333334,12.0,1.6666666666666667,0.3333333333333333
2024-25,2024-12-29,A Taylor,5,5,24.0,11.8,12.2,2.2,0.2
2024-25,2024-12-29,A Taylor,10,10,22.7,11.4,11.3,2.5,0.1
2024-25,2025-01-04,A Taylor,3,3,24.333333333333332,13.0,11.333333333333334,2.6666666666666665,0.3333333333333333
2024-25,2025-01-04,A Taylor,5,5,24.6,11.8,12.8,2.4,0.2
2024-25,2025-01-04,A Taylor,10,10,23.0,11.7,11.3,2.6,0.1
2024-25,2025-01-14,A Taylor,3,3,18.666666666666668,9.333333333333334,9.333333333333334,1.6666666666666667,0.0
2024-25,2025-01-14,A Taylor,5,5,22.4,11.6,10.8,2.0,0.2
2024-25,2025-01-14,A Taylor,10,10,22.2,11.4,10.8,2.3,0.1
2024-25,2025-01-19,A Taylor,3,3,20.333333333333332,8.333333333333334,12.0,3.0,0.0
2024-25,2025-01-19,A Taylor,5,5,20.6,9.4,11.2,2.4,0.2
2024-25,2025-01-19,A Taylor,10,10,22.5,10.5,12.0,2.5,0.1
2024-25,2025-01-26,A Taylor,3,3,15.333333333333334,5.0,10.333333333333334,1.6666666666666667,0.0
2024-25,2025-01-26,A Taylor,5,5,18.8,7.8,11.0,2.0,0.0
2024-25,2025-01-26,A Taylor,10,10,22.0,10.1,11.9,2.6,0.1
2024-25,2025-02-15,A Taylor,3,3,19.666666666666668,6.666666666666667,13.0,2.0,0.0
2024-25,2025-02-15,A Taylor,5,5,19.6,8.2,11.4,2.2,0.0
2024-25,2025-02-15,A Taylor,10,10,21.8,10.0,11.8,2.2,0.1
2024-25,2025-02-23,A Taylor,3,3,16.666666666666668,6.333333333333333,10.333333333333334,0.6666666666666666,0.0
2024-25,2025-02-23,A Taylor,5,5,16.0,5.4,10.6,1.2,0.0
2024-25,2025-02-23,A Taylor,10,10,20.3,8.6,11.7,1.8,0.1
2024-25,2025-03-09,A Taylor,3,3,17.666666666666668,6.666666666666667,11.0,0.6666666666666666,0.0
2024-25,2025-03-09,A Taylor,5,5,18.2,6.2,12.0,1.4,0.0
2024-25,2025-03-09,A Taylor,10,10,20.3,8.9,11.4,1.7,0.1
2024-25,2025-04-05,A Taylor,3,3,19.0,7.666666666666667,11.333333333333334,0.6666666666666666,1.0
2024-25,2025-04-05,A Taylor,5,5,18.8,7.8,11.0,0.8,0.6
2024-25,2025-04-05,A Taylor,10,10,19.7,8.6,11.1,1.6,0.4
2024-25,2025-04-13,A Taylor,3,3,23.666666666666668,10.666666666666666,13.0,1.6666666666666667,1.0
2024-25,2025-04-13,A Taylor,5,5,21.0,8.8,12.2,1.2,0.6
2024-25,2025-04-13,A Taylor,10,10,19.9,8.3,11.6,1.6,0.3
2024-25,2025-04-20,A Taylor,3,3,24.666666666666668,12.333333333333334,12.333333333333334,2.6666666666666665,1.0
2024-25,2025-04-20,A Taylor,5,5,21.2,9.6,11.6,1.8,0.6
2024-25,2025-04-20,A Taylor,10,10,20.4,8.9,11.5,2.0,0.3
2024-25,2025-05-04,A Taylor,3,3,22.333333333333332,11.0,11.333333333333334,3.0,0.0
2024-25,2025-05-04,A Taylor,5,5,22.2,10.6,11.6,2.2,0.6
2024-25,2025-05-04,A Taylor,10,10,19.1,8.0,11.1,1.7,0.3
2024-25,2025-05-11,A Taylor,3,3,21.0,11.333333333333334,9.666666666666666,2.6666666666666665,0.3333333333333333
2024-25,2025-05-11,A Taylor,5,5,23.0,11.6,11.4,2.4,0.8
2024-25,2025-05-11,A Taylor,10,10,20.6,8.9,11.7,1.9,0.4
2024-25,2025-05-25,A Taylor,3,3,20.666666666666668,10.333333333333334,10.333333333333334,2.6666666666666665,0.3333333333333333
2024-25,2025-05-25,A Taylor,5,5,22.2,11.2,11.0,3.0,0.2
2024-25,2025-05-25,A Taylor,10,10,20.5,9.5,11.0,1.9,0.4
2024-25,2024-08-19,C Kavanagh,3,1,23.0,11.0,12.0,2.0,0.0
2024-25,2024-08-19,C Kavanagh,5,1,23.0,11.0,12.0,2.0,0.0
2024-25,2024-08-19,C Kavanagh,10,1,23.0,11.0,12.0,2.0,0.0
2024-25,2024-08-31,C Kavanagh,3,2,21.0,11.5,9.5,3.5,0.5
2024-25,2024-08-31,C Kavanagh,5,2,21.0,11.5,9.5,3.5,0.5
2024-25,2024-08-31,C Kavanagh,10,2,21.0,11.5,9.5,3.5,0.5
2024-25,2024-09-15,C Kavanagh,3,3,21.666666666666668,13.333333333333334,8.333333333333334,4.333333333333333,0.3333333333333333
2024-25,2024-09-15,C Kavanagh,5,3,21.666666666666668,13.333333333333334,8.333333333333334,4.333333333333333,0.3333333333333333
2024-25,2024-09-15,C Kavanagh,10,3,21.666666666666668,13.333333333333334,8.333333333333334,4.333333333333333,0.3333333333333333
2024-25,2024-09-29,C Kavanagh,3,3,24.0,15.0,9.0,6.333333333333333,0.6666666666666666
2024-25,2024-09-29,C Kavanagh,5,4,23.75,14.0,9.75,5.25,0.5
2024-25,2024-09-29,C Kavanagh,10,4,23.75,14.0,9.75,5.25,0.5
2024-25,2024-10-06,C Kavanagh,3,3,25.333333333333332,15.0,10.333333333333334,7.333333333333333,0.6666666666666666
2024-25,2024-10-06,C Kavanagh,5,5,23.6,13.6,10.0,5.8,0.6
2024-25,2024-10-06,C Kavanagh,10,5,23.6,13.6,10.0,5.8,0.6
2024-25,2024-10-20,C Kavanagh,3,3,22.0,12.0,10.0,7.0,0.6666666666666666
2024-25,2024-10-20,C Kavanagh,5,5,21.6,13.0,8.6,6.4,0.6
2024-25,2024-10-20,C Kavanagh,10,6,21.833333333333332,12.666666666666666,9.166666666666666,5.666666666666667,0.5
2024-25,2024-11-23,C Kavanagh,3,3,18.0,9.333333333333334,8.666666666666666,4.333333333333333,0.6666666666666666
2024-25,2024-11-23,C Kavanagh,5,5,21.4,12.2,9.2,5.4,0.6
2024-25,2024-11-23,C Kavanagh,10,7,21.285714285714285,12.0,9.285714285714286,4.857142857142857,0.5714285714285714
2024-25,2024-12-01,C Kavanagh,3,3,16.0,8.333333333333334,7.666666666666667,3.0,0.3333333333333333
2024-25,2024-12-01,C Kavanagh,5,5,20.2,10.6,9.6,5.0,0.6
2024-25,2024-12-01,C Kavanagh,10,8,20.75,11.625,9.125,4.75,0.5
2024-25,2024-12-08,C Kavanagh,3,3,18.0,9.0,9.0,3.3333333333333335,0.3333333333333333
2024-25,2024-12-08,C Kavanagh,5,5,18.0,9.4,8.6,4.6,0.4
2024-25,2024-12-08,C Kavanagh,10,9,20.555555555555557,11.444444444444445,9.11111111111111,4.888888888888889,0.4444444444444444
2024-25,2024-12-16,C Kavanagh,3,3,17.666666666666668,8.333333333333334,9.333333333333334,4.0,0.0
2024-25,2024-12-16,C Kavanagh,5,5,16.8,8.2,8.6,3.4,0.2
2024-25,2024-12-16,C Kavanagh,10,10,20.2,10.9,9.3,4.6,0.4
2024-25,2024-12-22,C Kavanagh,3,3,22.666666666666668,12.0,10.666666666666666,4.333333333333333,0.0
2024-25,2024-12-22,C Kavanagh,5,5,20.6,10.6,10.0,3.4,0.2
2024-25,2024-12-22,C Kavanagh,10,10,21.1,11.8,9.3,4.9,0.4
2024-25,2024-12-29,C Kavanagh,3,3,22.666666666666668,11.666666666666666,11.0,3.3333333333333335,0.0
2024-25,2024-12-29,C Kavanagh,5,5,20.8,10.8,10.0,4.0,0.0
2024-25,2024-12-29,C Kavanagh,10,10,21.1,11.5,9.6,4.7,0.3
2024-25,2025-01-14,C Kavanagh,3,3,22.666666666666668,12.0,10.666666666666666,3.6666666666666665,0.0
2024-25,2025-01-14,C Kavanagh,5,5,20.8,10.4,10.4,3.8,0.0
2024-25,2025-01-14,C Kavanagh,10,10,20.5,10.5,10.0,4.4,0.3
2024-25,2025-01-18,C Kavanagh,3,3,21.333333333333332,8.666666666666666,12.666666666666666,3.6666666666666665,0.0
2024-25,2025-01-18,C Kavanagh,5,5,22.6,10.4,12.2,3.6,0.0
2024-25,2025-01-18,C Kavanagh,10,10,20.3,9.9,10.4,4.1,0.2
2024-25,2025-02-01,C Kavanagh,3,3,23.333333333333332,9.0,14.333333333333334,5.333333333333333,0.0
2024-25,2025-02-01,C Kavanagh,5,5,24.2,11.2,13.0,4.8,0.0
2024-25,2025-02-01,C Kavanagh,10,10,20.5,9.7,10.8,4.1,0.1
2024-25,2025-02-26,C Kavanagh,3,3,25.333333333333332,10.666666666666666,14.666666666666666,4.666666666666667,0.0
2024-25,2025-02-26,C Kavanagh,5,5,22.4,9.6,12.8,4.0,0.0
2024-25,2025-02-26,C Kavanagh,10,10,21.5,10.1,11.4,3.7,0.1
2024-25,2025-03-08,C Kavanagh,3,3,21.333333333333332,10.333333333333334,11.0,4.666666666666667,0.0
2024-25,2025-03-08,C Kavanagh,5,5,21.8,9.6,12.2,4.4,0.0
2024-25,2025-03-08,C Kavanagh,10,10,21.3,10.2,11.1,4.2,0.0
2024-25,2025-03-16,C Kavanagh,3,3,20.666666666666668,10.333333333333334,10.333333333333334,4.0,0.0
2024-25,2025-03-16,C Kavanagh,5,5,23.0,10.2,12.8,5.0,0.0
2024-25,2025-03-16,C Kavanagh,10,10,21.9,10.3,11.6,4.4,0.0
2024-25,2025-04-06,C Kavanagh,3,3,19.333333333333332,9.666666666666666,9.666666666666666,4.666666666666667,0.0
2024-25,2025-04-06,C Kavanagh,5,5,21.2,10.2,11.0,4.6,0.0
2024-25,2025-04-06,C Kavanagh,10,10,21.9,10.3,11.6,4.1,0.0
2024-25,2025-04-13,C Kavanagh,3,3,19.333333333333332,9.0,10.333333333333334,3.6666666666666665,0.0
2024-25,2025-04-13,C Kavanagh,5,5,19.4,9.6,9.8,3.4,0.0
2024-25,2025-04-13,C Kavanagh,10,10,21.8,10.4,11.4,4.1,0.0
2024-25,2025-04-20,C Kavanagh,3,3,17.333333333333332,9.0,8.333333333333334,1.6666666666666667,0.3333333333333333
2024-25,2025-04-20,C Kavanagh,5,5,18.2,9.2,9.0,3.2,0.2
2024-25,2025-04-20,C Kavanagh,10,10,20.3,9.4,10.9,3.6,0.1
2024-25,2025-04-26,C Kavanagh,3,3,18.333333333333332,9.333333333333334,9.0,0.6666666666666666,0.3333333333333333
2024-25,2025-04-26,C Kavanagh,5,5,19.4,9.6,9.8,2.2,0.2
2024-25,2025-04-26,C Kavanagh,10,10,20.6,9.6,11.0,3.3,0.1
2024-25,2025-05-11,C Kavanagh,3,3,20.333333333333332,11.0,9.333333333333334,0.6666666666666666,0.3333333333333333
2024-25,2025-05-11,C Kavanagh,5,5,19.2,10.0,9.2,1.4,0.2
2024-25,2025-05-11,C Kavanagh,10,10,21.1,10.1,11.0,3.2,0.1
2024-25,2025-05-16,C Kavanagh,3,3,22.666666666666668,11.0,11.666666666666666,3.0,0.0
2024-25,2025-05-16,C Kavanagh,5,5,20.2,10.0,10.2,2.2,0.2
2024-25,2025-05-16,C Kavanagh,10,10,20.7,10.1,10.6,3.4,0.1
2024-25,2024-08-17,C Pawson,3,1,31.0,15.0,16.0,6.0,1.0
2024-25,2024-08-17,C Pawson,5,1,31.0,15.0,16.0,6.0,1.0
2024-25,2024-08-17,C Pawson,10,1,31.0,15.0,16.0,6.0,1.0
2024-25,2024-08-24,C Pawson,3,2,26.5,12.0,14.5,4.5,0.5
2024-25,2024-08-24,C Pawson,5,2,26.5,12.0,14.5,4.5,0.5
2024-25,2024-08-24,C Pawson,10,2,26.5,12.0,14.5,4.5,0.5
2024-25,2024-09-14,C Pawson,3,3,25.0,11.333333333333334,13.666666666666666,4.666666666666667,0.3333333333333333
2024-25,2024-09-14,C Pawson,5,3,25.0,11.333333333333334,13.666666666666666,4.666666666666667,0.3333333333333333
2024-25,2024-09-14,C Pawson,10,3,25.0,11.333333333333334,13.666666666666666,4.666666666666667,0.3333333333333333
2024-25,2024-10-05,C Pawson,3,3,21.333333333333332,10.333333333333334,11.0,3.6666666666666665,0.0
2024-25,2024-10-05,C Pawson,5,4,23.75,11.5,12.25,4.25,0.25
2024-25,2024-10-05,C Pawson,10,4,23.75,11.5,12.25,4.25,0.25
2024-25,2024-10-25,C Pawson,3,3,22.333333333333332,12.666666666666666,9.666666666666666,5.0,0.0
2024-25,2024-10-25,C Pawson,5,5,24.0,12.4,11.6,4.8,0.2
2024-25,2024-10-25,C Pawson,10,5,24.0,12.4,11.6,4.8,0.2
2024-25,2024-11-03,C Pawson,3,3,24.333333333333332,14.0,10.333333333333334,4.0,0.0
2024-25,2024-11-03,C Pawson,5,5,23.4,12.2,11.2,4.0,0.0
2024-25,2024-11-03,C Pawson,10,6,24.666666666666668,12.666666666666666,12.0,4.333333333333333,0.16666666666666666
2024-25,2024-11-25,C Pawson,3,3,24.0,13.666666666666666,10.333333333333334,3.3333333333333335,0.0
2024-25,2024-11-25,C Pawson,5,5,22.8,12.6,10.2,3.6,0.0
2024-25,2024-11-25,C Pawson,10,7,23.857142857142858,12.428571428571429,11.428571428571429,3.857142857142857,0.14285714285714285
2024-25,2024-12-03,C Pawson,3,3,24.666666666666668,13.0,11.666666666666666,3.0,0.0
2024-25,2024-12-03,C Pawson,5,5,23.8,13.4,10.4,3.8,0.0
2024-25,2024-12-03,C Pawson,10,8,24.25,12.625,11.625,4.125,0.125
2024-25,2024-12-14,C Pawson,3,3,20.333333333333332,10.333333333333334,10.0,3.3333333333333335,0.0
2024-25,2024-12-14,C Pawson,5,5,22.8,12.2,10.6,3.8,0.0
2024-25,2024-12-14,C Pawson,10,9,23.22222222222222,11.88888888888889,11.333333333333334,4.0,0.1111111111111111
2024-25,2024-12-22,C Pawson,3,3,21.333333333333332,10.333333333333334,11.0,4.333333333333333,0.0
2024-25,2024-12-22,C Pawson,5,5,22.2,11.2,11.0,3.2,0.0
2024-25,2024-12-22,C Pawson,10,10,23.1,11.8,11.3,4.0,0.1
2024-25,2024-12-26,C Pawson,3,3,20.666666666666668,9.666666666666666,11.0,4.0,0.3333333333333333
2024-25,2024-12-26,C Pawson,5,5,21.6,10.8,10.8,3.8,0.2
2024-25,2024-12-26,C Pawson,10,10,22.5,11.5,11.0,3.9,0.1
2024-25,2024-12-30,C Pawson,3,3,23.333333333333332,10.666666666666666,12.666666666666666,4.666666666666667,0.3333333333333333
2024-25,2024-12-30,C Pawson,5,5,22.4,10.4,12.0,4.6,0.2
2024-25,2024-12-30,C Pawson,10,10,22.6,11.5,11.1,4.1,0.1
2024-25,2025-01-14,C Pawson,3,3,25.0,10.0,15.0,5.333333333333333,0.3333333333333333
2024-25,2025-01-14,C Pawson,5,5,22.4,9.4,13.0,4.6,0.2
2024-25,2025-01-14,C Pawson,10,10,23.1,11.4,11.7,4.2,0.1
2024-25,2025-01-25,C Pawson,3,3,23.666666666666668,9.0,14.666666666666666,5.333333333333333,0.0
2024-25,2025-01-25,C Pawson,5,5,23.6,10.0,13.6,5.0,0.2
2024-25,2025-01-25,C Pawson,10,10,23.2,11.1,12.1,4.4,0.1
2024-25,2025-02-19,C Pawson,3,3,20.666666666666668,8.666666666666666,12.0,4.0,0.0
2024-25,2025-02-19,C Pawson,5,5,22.0,9.4,12.6,4.4,0.2
2024-25,2025-02-19,C Pawson,10,10,22.1,10.3,11.8,3.8,0.1
2024-25,2025-02-22,C Pawson,3,3,22.0,11.0,11.0,3.3333333333333335,0.3333333333333333
2024-25,2025-02-22,C Pawson,5,5,23.2,10.2,13.0,4.2,0.2
2024-25,2025-02-22,C Pawson,10,10,22.4,10.5,11.9,4.0,0.2
2024-25,2025-03-15,C Pawson,3,3,21.666666666666668,12.333333333333334,9.333333333333334,2.6666666666666665,0.3333333333333333
2024-25,2025-03-15,C Pawson,5,5,22.6,11.0,11.6,3.8,0.2
2024-25,2025-03-15,C Pawson,10,10,22.5,10.7,11.8,4.2,0.2
2024-25,2025-04-03,C Pawson,3,3,24.666666666666668,12.0,12.666666666666666,5.666666666666667,0.3333333333333333
2024-25,2025-04-03,C Pawson,5,5,21.8,10.6,11.2,4.6,0.2
2024-25,2025-04-03,C Pawson,10,10,22.1,10.0,12.1,4.6,0.2
2024-25,2025-04-12,C Pawson,3,3,21.666666666666668,9.666666666666666,12.0,5.333333333333333,0.0
2024-25,2025-04-12,C Pawson,5,5,22.0,10.6,11.4,4.2,0.2
2024-25,2025-04-12,C Pawson,10,10,22.8,10.3,12.5,4.6,0.2
2024-25,2025-04-22,C Pawson,3,3,21.333333333333332,8.333333333333334,13.0,6.333333333333333,0.0
2024-25,2025-04-22,C Pawson,5,5,23.0,10.8,12.2,5.2,0.2
2024-25,2025-04-22,C Pawson,10,10,22.5,10.1,12.4,4.8,0.2
2024-25,2025-05-04,C Pawson,3,3,22.0,11.0,11.0,4.0,0.0
2024-25,2025-05-04,C Pawson,5,5,21.8,10.6,11.2,5.0,0.0
2024-25,2025-05-04,C Pawson,10,10,22.5,10.4,12.1,4.6,0.1
2024-25,2025-05-25,C Pawson,3,3,20.0,10.333333333333334,9.666666666666666,4.0,0.0
2024-25,2025-05-25,C Pawson,5,5,21.0,9.4,11.6,5.0,0.0
2024-25,2025-05-25,C Pawson,10,10,21.8,10.2,11.6,4.4,0.1
2024-25,2024-08-24,D Bond,3,1,27.0,14.0,13.0,4.0,0.0
2024-25,2024-08-24,D Bond,5,1,27.0,14.0,13.0,4.0,0.0
2024-25,2024-08-24,D Bond,10,1,27.0,14.0,13.0,4.0,0.0
2024-25,2024-09-14,D Bond,3,2,19.5,11.5,8.0,4.0,0.0
2024-25,2024-09-14,D Bond,5,2,19.5,11.5,8.0,4.0,0.0
2024-25,2024-09-14,D Bond,10,2,19.5,11.5,8.0,4.0,0.0
2024-25,2024-10-05,D Bond,3,3,21.666666666666668,11.666666666666666,10.0,4.333333333333333,0.0
2024-25,2024-10-05,D Bond,5,3,21.666666666666668,11.666666666666666,10.0,4.333333333333333,0.0
2024-25,2024-10-05,D Bond,10,3,21.666666666666668,11.666666666666666,10.0,4.333333333333333,0.0
2024-25,2024-10-27,D Bond,3,3,22.0,12.333333333333334,9.666666666666666,5.666666666666667,0.0
2024-25,2024-10-27,D Bond,5,4,23.25,12.75,10.5,5.25,0.0
2024-25,2024-10-27,D Bond,10,4,23.25,12.75,10.5,5.25,0.0
2024-25,2024-11-09,D Bond,3,3,26.0,12.0,14.0,6.333333333333333,0.0
2024-25,2024-11-09,D Bond,5,5,23.4,11.8,11.6,5.4,0.0
2024-25,2024-11-09,D Bond,10,5,23.4,11.8,11.6,5.4,0.0
2024-25,2024-12-01,D Bond,3,3,23.333333333333332,9.333333333333334,14.0,5.0,0.3333333333333333
2024-25,2024-12-01,D Bond,5,5,21.6,9.8,11.8,4.8,0.2
2024-25,2024-12-01,D Bond,10,6,22.5,10.5,12.0,4.666666666666667,0.16666666666666666
2024-25,2024-12-07,D Bond,3,3,25.0,10.0,15.0,3.6666666666666665,0.3333333333333333
2024-25,2024-12-07,D Bond,5,5,25.8,11.6,14.2,4.8,0.2
2024-25,2024-12-07,D Bond,10,7,24.0,11.571428571428571,12.428571428571429,4.571428571428571,0.14285714285714285
2024-25,2024-12-26,D Bond,3,3,24.333333333333332,13.0,11.333333333333334,3.3333333333333335,0.3333333333333333
2024-25,2024-12-26,D Bond,5,5,25.0,12.6,12.4,4.8,0.2
2024-25,2024-12-26,D Bond,10,8,23.75,12.25,11.5,4.625,0.125
2024-25,2025-01-05,D Bond,3,3,26.333333333333332,15.0,11.333333333333334,5.0,0.0
2024-25,2025-01-05,D Bond,5,5,24.2,11.4,12.8,4.4,0.2
2024-25,2025-01-05,D Bond,10,9,23.77777777777778,12.0,11.777777777777779,4.777777777777778,0.1111111111111111
2024-25,2025-02-01,D Bond,3,3,22.0,11.333333333333334,10.666666666666666,3.6666666666666665,0.0
2024-25,2025-02-01,D Bond,5,5,23.4,11.2,12.2,3.2,0.2
2024-25,2025-02-01,D Bond,10,10,23.4,11.5,11.9,4.3,0.1
2024-25,2025-02-22,D Bond,3,3,22.333333333333332,9.333333333333334,13.0,2.6666666666666665,0.0
2024-25,2025-02-22,D Bond,5,5,24.4,12.6,11.8,3.4,0.0
2024-25,2025-02-22,D Bond,10,10,23.0,11.2,11.8,4.1,0.1
2024-25,2025-03-15,D Bond,3,3,21.0,10.0,11.0,1.6666666666666667,0.0
2024-25,2025-03-15,D Bond,5,5,21.8,11.4,10.4,3.2,0.0
2024-25,2025-03-15,D Bond,10,10,23.8,11.5,12.3,4.0,0.1
2024-25,2025-04-12,D Bond,3,3,21.0,10.666666666666666,10.333333333333334,4.0,0.0
2024-25,2025-04-12,D Bond,5,5,21.4,9.8,11.6,3.6,0.0
2024-25,2025-04-12,D Bond,10,10,23.2,11.2,12.0,4.2,0.1
2024-25,2025-05-25,D Bond,3,3,18.333333333333332,9.333333333333334,9.0,3.3333333333333335,0.0
2024-25,2025-05-25,D Bond,5,5,19.6,9.2,10.4,2.4,0.0
2024-25,2025-05-25,D Bond,10,10,21.9,10.3,11.6,3.4,0.1
2024-25,2024-08-25,D Coote,3,1,27.0,19.0,8.0,4.0,0.0
2024-25,2024-08-25,D Coote,5,1,27.0,19.0,8.0,4.0,0.0
2024-25,2024-08-25,D Coote,10,1,27.0,19.0,8.0,4.0,0.0
2024-25,2024-08-31,D Coote,3,2,30.5,16.0,14.5,6.5,0.0
2024-25,2024-08-31,D Coote,5,2,30.5,16.0,14.5,6.5,0.0
2024-25,2024-08-31,D Coote,10,2,30.5,16.0,14.5,6.5,0.0
2024-25,2024-09-21,D Coote,3,3,26.666666666666668,13.0,13.666666666666666,5.666666666666667,0.0
2024-25,2024-09-21,D Coote,5,3,26.666666666666668,13.0,13.666666666666666,5.666666666666667,0.0
2024-25,2024-09-21,D Coote,10,3,26.666666666666668,13.0,13.666666666666666,5.666666666666667,0.0
2024-25,2024-10-06,D Coote,3,3,25.666666666666668,11.333333333333334,14.333333333333334,5.666666666666667,0.0
2024-25,2024-10-06,D Coote,5,4,26.0,13.25,12.75,5.25,0.0
2024-25,2024-10-06,D Coote,10,4,26.0,13.25,12.75,5.25,0.0
2024-25,2024-10-27,D Coote,3,3,18.666666666666668,9.0,9.666666666666666,4.666666666666667,0.0
2024-25,2024-10-27,D Coote,5,5,23.4,11.8,11.6,5.4,0.0
2024-25,2024-10-27,D Coote,10,5,23.4,11.8,11.6,5.4,0.0
2024-25,2024-11-09,D Coote,3,3,21.0,10.333333333333334,10.666666666666666,4.333333333333333,0.0
2024-25,2024-11-09,D Coote,5,5,23.2,10.2,13.0,5.2,0.0
2024-25,2024-11-09,D Coote,10,6,23.833333333333332,11.666666666666666,12.166666666666666,5.0,0.0
2024-25,2024-08-25,D England,3,1,26.0,13.0,13.0,5.0,0.0
2024-25,2024-08-25,D England,5,1,26.0,13.0,13.0,5.0,0.0
2024-25,2024-08-25,D England,10,1,26.0,13.0,13.0,5.0,0.0
2024-25,2024-09-21,D England,3,2,24.5,12.0,12.5,4.0,0.0
2024-25,2024-09-21,D England,5,2,24.5,12.0,12.5,4.0,0.0
2024-25,2024-09-21,D England,10,2,24.5,12.0,12.5,4.0,0.0
2024-25,2024-10-19,D England,3,3,22.666666666666668,10.666666666666666,12.0,4.666666666666667,0.6666666666666666
2024-25,2024-10-19,D England,5,3,22.666666666666668,10.666666666666666,12.0,4.666666666666667,0.6666666666666666
2024-25,2024-10-19,D England,10,3,22.666666666666668,10.666666666666666,12.0,4.666666666666667,0.6666666666666666
2024-25,2024-11-10,D England,3,3,23.666666666666668,9.666666666666666,14.0,5.0,0.6666666666666666
2024-25,2024-11-10,D England,5,4,24.25,10.5,13.75,5.0,0.5
2024-25,2024-11-10,D England,10,4,24.25,10.5,13.75,5.0,0.5
2024-25,2024-11-30,D England,3,3,23.666666666666668,10.0,13.666666666666666,6.0,0.6666666666666666
2024-25,2024-11-30,D England,5,5,24.0,10.8,13.2,5.2,0.4
2024-25,2024-11-30,D England,10,5,24.0,10.8,13.2,5.2,0.4
2024-25,2024-12-07,D England,3,3,25.0,10.666666666666666,14.333333333333334,4.666666666666667,0.0
2024-25,2024-12-07,D England,5,5,23.4,10.2,13.2,4.6,0.4
2024-25,2024-12-07,D England,10,6,23.833333333333332,10.666666666666666,13.166666666666666,4.666666666666667,0.3333333333333333
2024-25,2024-12-15,D England,3,3,23.0,10.0,13.0,4.0,0.0
2024-25,2024-12-15,D England,5,5,23.4,9.6,13.8,4.8,0.4
2024-25,2024-12-15,D England,10,7,23.714285714285715,10.285714285714286,13.428571428571429,4.571428571428571,0.2857142857142857
2024-25,2024-12-27,D England,3,3,21.666666666666668,8.333333333333334,13.333333333333334,2.6666666666666665,0.0
2024-25,2024-12-27,D England,5,5,23.4,9.4,14.0,4.0,0.0
2024-25,2024-12-27,D England,10,8,23.125,9.875,13.25,4.25,0.25
2024-25,2025-01-15,D England,3,3,21.666666666666668,8.333333333333334,13.333333333333334,2.6666666666666665,0.0
2024-25,2025-01-15,D England,5,5,22.2,9.4,12.8,3.2,0.0
2024-25,2025-01-15,D England,10,9,23.11111111111111,9.88888888888889,13.222222222222221,4.0,0.2222222222222222
2024-25,2025-01-19,D England,3,3,23.333333333333332,10.333333333333334,13.0,2.3333333333333335,0.0
2024-25,2025-01-19,D England,5,5,23.2,9.8,13.4,2.6,0.0
2024-25,2025-01-19,D England,10,10,23.6,10.3,13.3,3.9,0.2
2024-25,2025-02-01,D England,3,3,25.0,13.0,12.0,3.3333333333333335,0.0
2024-25,2025-02-01,D England,5,5,23.4,10.8,12.6,3.2,0.0
2024-25,2025-02-01,D England,10,10,23.4,10.5,12.9,3.9,0.2
2024-25,2025-02-15,D England,3,3,25.0,13.0,12.0,3.3333333333333335,0.0
2024-25,2025-02-15,D England,5,5,23.4,11.2,12.2,2.8,0.0
2024-25,2025-02-15,D England,10,10,23.4,10.4,13.0,3.8,0.2
2024-25,2025-02-26,D England,3,3,24.0,11.333333333333334,12.666666666666666,5.0,0.3333333333333333
2024-25,2025-02-26,D England,5,5,24.6,11.6,13.0,4.0,0.2
2024-25,2025-02-26,D England,10,10,24.0,10.5,13.5,4.0,0.1
2024-25,2025-04-02,D England,3,3,22.333333333333332,10.0,12.333333333333334,5.0,0.3333333333333333
2024-25,2025-04-02,D England,5,5,23.8,11.8,12.0,4.6,0.2
2024-25,2025-04-02,D England,10,10,23.0,10.6,12.4,3.9,0.1
2024-25,2025-04-05,D England,3,3,24.666666666666668,12.333333333333334,12.333333333333334,5.666666666666667,0.3333333333333333
2024-25,2025-04-05,D England,5,5,24.2,12.4,11.8,4.8,0.2
2024-25,2025-04-05,D England,10,10,23.7,11.1,12.6,3.7,0.1
2024-25,2025-04-16,D England,3,3,24.333333333333332,12.333333333333334,12.0,4.666666666666667,0.0
2024-25,2025-04-16,D England,5,5,24.2,11.2,13.0,4.8,0.2
2024-25,2025-04-16,D England,10,10,23.8,11.0,12.8,4.0,0.1
2024-25,2025-04-26,D England,3,3,23.333333333333332,11.0,12.333333333333334,3.6666666666666665,0.0
2024-25,2025-04-26,D England,5,5,22.8,10.6,12.2,4.8,0.2
2024-25,2025-04-26,D England,10,10,23.1,10.9,12.2,3.8,0.1
2024-25,2025-05-01,D England,3,3,20.666666666666668,8.666666666666666,12.0,5.0,0.0
2024-25,2025-05-01,D England,5,5,22.2,10.8,11.4,4.8,0.0
2024-25,2025-05-01,D England,10,10,23.4,11.2,12.2,4.4,0.1
2024-25,2025-05-25,D England,3,3,18.333333333333332,8.0,10.333333333333334,3.6666666666666665,0.3333333333333333
2024-25,2025-05-25,D England,5,5,21.8,10.0,11.8,4.0,0.2
2024-25,2025-05-25,D England,10,10,22.8,10.9,11.9,4.3,0.2
2024-25,2025-05-03,D Webb,3,1,25.0,12.0,13.0,4.0,0.0
2024-25,2025-05-03,D Webb,5,1,25.0,12.0,13.0,4.0,0.0
2024-25,2025-05-03,D Webb,10,1,25.0,12.0,13.0,4.0,0.0
2024-25,2025-05-20,D Webb,3,2,23.5,13.0,10.5,3.5,0.0
2024-25,2025-05-20,D Webb,5,2,23.5,13.0,10.5,3.5,0.0
2024-25,2025-05-20,D Webb,10,2,23.5,13.0,10.5,3.5,0.0
2024-25,2024-09-21,J Brooks,3,1,20.0,11.0,9.0,4.0,0.0
2024-25,2024-09-21,J Brooks,5,1,20.0,11.0,9.0,4.0,0.0
2024-25,2024-09-21,J Brooks,10,1,20.0,11.0,9.0,4.0,0.0
2024-25,2024-10-20,J Brooks,3,2,22.5,11.5,11.0,5.5,0.0
2024-25,2024-10-20,J Brooks,5,2,22.5,11.5,11.0,5.5,0.0
2024-25,2024-10-20,J Brooks,10,2,22.5,11.5,11.0,5.5,0.0
2024-25,2024-10-26,J Brooks,3,3,20.333333333333332,10.333333333333334,10.0,4.0,0.0
2024-25,2024-10-26,J Brooks,5,3,20.333333333333332,10.333333333333334,10.0,4.0,0.0
2024-25,2024-10-26,J Brooks,10,3,20.333333333333332,10.333333333333334,10.0,4.0,0.0
2024-25,2024-11-02,J Brooks,3,3,25.0,12.0,13.0,5.333333333333333,0.0
2024-25,2024-11-02,J Brooks,5,4,23.75,11.75,12.0,5.0,0.0
2024-25,2024-11-02,J Brooks,10,4,23.75,11.75,12.0,5.0,0.0
2024-25,2024-11-23,J Brooks,3,3,26.0,14.333333333333334,11.666666666666666,5.0,0.0
2024-25,2024-11-23,J Brooks,5,5,24.6,13.2,11.4,5.2,0.0
2024-25,2024-11-23,J Brooks,10,5,24.6,13.2,11.4,5.2,0.0
2024-25,2024-12-01,J Brooks,3,3,28.666666666666668,15.666666666666666,13.0,6.333333333333333,0.0
2024-25,2024-12-01,J Brooks,5,5,25.4,13.4,12.0,5.4,0.0
2024-25,2024-12-01,J Brooks,10,6,24.5,13.0,11.5,5.166666666666667,0.0
2024-25,2024-12-09,J Brooks,3,3,27.0,14.333333333333334,12.666666666666666,6.666666666666667,0.0
2024-25,2024-12-09,J Brooks,5,5,26.2,13.4,12.8,5.8,0.0
2024-25,2024-12-09,J Brooks,10,7,25.142857142857142,12.857142857142858,12.285714285714286,5.714285714285714,0.0
2024-25,2024-12-30,J Brooks,3,3,22.333333333333332,11.0,11.333333333333334,7.333333333333333,0.0
2024-25,2024-12-30,J Brooks,5,5,25.8,13.6,12.2,7.2,0.0
2024-25,2024-12-30,J Brooks,10,8,23.75,12.375,11.375,6.0,0.0
2024-25,2025-01-04,J Brooks,3,3,24.0,12.0,12.0,7.0,0.0
2024-25,2025-01-04,J Brooks,5,5,24.8,13.4,11.4,6.4,0.0
2024-25,2025-01-04,J Brooks,10,9,24.333333333333332,12.666666666666666,11.666666666666666,5.777777777777778,0.0
2024-25,2025-01-16,J Brooks,3,3,20.0,10.333333333333334,9.666666666666666,5.333333333333333,0.0
2024-25,2025-01-16,J Brooks,5,5,22.6,11.0,11.6,6.0,0.0
2024-25,2025-01-16,J Brooks,10,10,23.6,12.1,11.5,5.6,0.0
2024-25,2025-01-25,J Brooks,3,3,20.0,9.333333333333334,10.666666666666666,4.333333333333333,0.0
2024-25,2025-01-25,J Brooks,5,5,20.6,9.8,10.8,6.0,0.0
2024-25,2025-01-25,J Brooks,10,10,23.0,11.6,11.4,5.7,0.0
2024-25,2025-02-02,J Brooks,3,3,18.666666666666668,8.333333333333334,10.333333333333334,4.333333333333333,0.0
2024-25,2025-02-02,J Brooks,5,5,19.8,9.8,10.0,5.0,0.0
2024-25,2025-02-02,J Brooks,10,10,23.0,11.6,11.4,5.4,0.0
2024-25,2025-03-09,J Brooks,3,3,23.333333333333332,11.0,12.333333333333334,5.0,0.0
2024-25,2025-03-09,J Brooks,5,5,23.2,11.0,12.2,4.6,0.0
2024-25,2025-03-09,J Brooks,10,10,24.5,12.3,12.2,5.9,0.0
2024-25,2025-04-01,J Brooks,3,3,22.666666666666668,9.666666666666666,13.0,4.333333333333333,0.0
2024-25,2025-04-01,J Brooks,5,5,19.8,8.4,11.4,4.4,0.0
2024-25,2025-04-01,J Brooks,10,10,22.3,10.9,11.4,5.4,0.0
2024-25,2025-04-06,J Brooks,3,3,21.666666666666668,10.0,11.666666666666666,4.666666666666667,0.0
2024-25,2025-04-06,J Brooks,5,5,20.8,9.6,11.2,4.6,0.0
2024-25,2025-04-06,J Brooks,10,10,21.7,10.3,11.4,5.3,0.0
2024-25,2025-05-11,J Brooks,3,3,18.666666666666668,8.0,10.666666666666666,4.666666666666667,0.3333333333333333
2024-25,2025-05-11,J Brooks,5,5,22.4,10.2,12.2,4.8,0.2
2024-25,2025-05-11,J Brooks,10,10,21.5,10.0,11.5,5.4,0.1
2024-25,2025-05-19,J Brooks,3,3,20.333333333333332,10.333333333333334,10.0,4.0,0.3333333333333333
2024-25,2025-05-19,J Brooks,5,5,20.8,9.6,11.2,4.2,0.2
2024-25,2025-05-19,J Brooks,10,10,20.3,9.7,10.6,4.6,0.1
2024-25,2024-08-17,J Gillett,3,1,31.0,17.0,14.0,4.0,0.0
2024-25,2024-08-17,J Gillett,5,1,31.0,17.0,14.0,4.0,0.0
2024-25,2024-08-17,J Gillett,10,1,31.0,17.0,14.0,4.0,0.0
2024-25,2024-09-01,J Gillett,3,2,26.5,13.0,13.5,5.0,0.0
2024-25,2024-09-01,J Gillett,5,2,26.5,13.0,13.5,5.0,0.0
2024-25,2024-09-01,J Gillett,10,2,26.5,13.0,13.5,5.0,0.0
2024-25,2024-09-15,J Gillett,3,3,25.333333333333332,13.0,12.333333333333334,6.0,0.0
2024-25,2024-09-15,J Gillett,5,3,25.333333333333332,13.0,12.333333333333334,6.0,0.0
2024-25,2024-09-15,J Gillett,10,3,25.333333333333332,13.0,12.333333333333334,6.0,0.0
2024-25,2024-09-28,J Gillett,3,3,23.0,12.0,11.0,7.333333333333333,0.0
2024-25,2024-09-28,J Gillett,5,4,25.0,13.25,11.75,6.5,0.0
2024-25,2024-09-28,J Gillett,10,4,25.0,13.25,11.75,6.5,0.0
2024-25,2025-01-04,J Gillett,3,3,22.666666666666668,12.333333333333334,10.333333333333334,5.666666666666667,0.0
2024-25,2025-01-04,J Gillett,5,5,24.2,12.6,11.6,5.4,0.0
2024-25,2025-01-04,J Gillett,10,5,24.2,12.6,11.6,5.4,0.0
2024-25,2025-02-02,J Gillett,3,3,20.0,9.333333333333334,10.666666666666666,3.3333333333333335,0.0
2024-25,2025-02-02,J Gillett,5,5,21.0,10.0,11.0,4.8,0.0
2024-25,2025-02-02,J Gillett,10,6,22.666666666666668,11.166666666666666,11.5,4.666666666666667,0.0
2024-25,2025-02-15,J Gillett,3,3,21.333333333333332,9.0,12.333333333333334,2.0,0.0
2024-25,2025-02-15,J Gillett,5,5,22.2,10.8,11.4,4.4,0.0
2024-25,2025-02-15,J Gillett,10,7,23.428571428571427,11.428571428571429,12.0,4.571428571428571,0.0
2024-25,2025-02-23,J Gillett,3,3,22.333333333333332,9.333333333333334,13.0,3.3333333333333335,0.0
2024-25,2025-02-23,J Gillett,5,5,22.4,10.4,12.0,3.8,0.0
2024-25,2025-02-23,J Gillett,10,8,23.5,11.375,12.125,4.625,0.0
2024-25,2025-02-26,J Gillett,3,3,26.333333333333332,12.0,14.333333333333334,4.0,0.0
2024-25,2025-02-26,J Gillett,5,5,23.0,10.0,13.0,2.8,0.0
2024-25,2025-02-26,J Gillett,10,9,23.88888888888889,11.444444444444445,12.444444444444445,4.444444444444445,0.0
2024-25,2025-03-08,J Gillett,3,3,22.0,11.0,11.0,4.0,0.0
2024-25,2025-03-08,J Gillett,5,5,21.8,10.0,11.8,3.4,0.0
2024-25,2025-03-08,J Gillett,10,10,23.0,11.3,11.7,4.4,0.0
2024-25,2025-04-01,J Gillett,3,3,19.666666666666668,9.0,10.666666666666666,3.6666666666666665,0.0
2024-25,2025-04-01,J Gillett,5,5,22.2,10.2,12.0,4.0,0.0
2024-25,2025-04-01,J Gillett,10,10,21.6,10.1,11.5,4.4,0.0
2024-25,2025-04-12,J Gillett,3,3,19.333333333333332,8.333333333333334,11.0,4.333333333333333,0.0
2024-25,2025-04-12,J Gillett,5,5,21.8,9.6,12.2,4.2,0.0
2024-25,2025-04-12,J Gillett,10,10,22.0,10.2,11.8,4.3,0.0
2024-25,2025-04-19,J Gillett,3,3,21.333333333333332,8.0,13.333333333333334,4.333333333333333,0.0
2024-25,2025-04-19,J Gillett,5,5,21.2,9.2,12.0,4.0,0.0
2024-25,2025-04-19,J Gillett,10,10,21.8,9.8,12.0,3.9,0.0
2024-25,2025-05-03,J Gillett,3,3,23.333333333333332,8.666666666666666,14.666666666666666,3.6666666666666665,0.0
2024-25,2025-05-03,J Gillett,5,5,20.4,8.2,12.2,3.8,0.0
2024-25,2025-05-03,J Gillett,10,10,21.7,9.1,12.6,3.3,0.0
2024-25,2025-05-11,J Gillett,3,3,20.0,6.333333333333333,13.666666666666666,2.3333333333333335,0.0
2024-25,2025-05-11,J Gillett,5,5,20.6,6.8,13.8,3.2,0.0
2024-25,2025-05-11,J Gillett,10,10,21.2,8.4,12.8,3.3,0.0
2024-25,2025-05-18,J Gillett,3,3,19.666666666666668,7.333333333333333,12.333333333333334,3.6666666666666665,0.0
2024-25,2025-05-18,J Gillett,5,5,21.2,8.2,13.0,4.0,0.0
2024-25,2025-05-18,J Gillett,10,10,21.7,9.2,12.5,4.0,0.0
2024-25,2024-08-31,J Smith,3,1,17.0,10.0,7.0,3.0,0.0
2024-25,2024-08-31,J Smith,5,1,17.0,10.0,7.0,3.0,0.0
2024-25,2024-08-31,J Smith,10,1,17.0,10.0,7.0,3.0,0.0
2024-25,2024-09-28,J Smith,3,2,21.5,10.5,11.0,4.5,0.0
2024-25,2024-09-28,J Smith,5,2,21.5,10.5,11.0,4.5,0.0
2024-25,2024-09-28,J Smith,10,2,21.5,10.5,11.0,4.5,0.0
2024-25,2024-12-03,J Smith,3,3,19.666666666666668,10.0,9.666666666666666,4.333333333333333,0.0
2024-25,2024-12-03,J Smith,5,3,19.666666666666668,10.0,9.666666666666666,4.333333333333333,0.0
2024-25,2024-12-03,J Smith,10,3,19.666666666666668,10.0,9.666666666666666,4.333333333333333,0.0
2024-25,2025-02-14,K Kavanagh,3,1,27.0,12.0,15.0,3.0,0.0
2024-25,2025-02-14,K Kavanagh,5,1,27.0,12.0,15.0,3.0,0.0
2024-25,2025-02-14,K Kavanagh,10,1,27.0,12.0,15.0,3.0,0.0
2024-25,2024-08-31,L Smith,3,1,30.0,15.0,15.0,5.0,0.0
2024-25,2024-08-31,L Smith,5,1,30.0,15.0,15.0,5.0,0.0
2024-25,2024-08-31,L Smith,10,1,30.0,15.0,15.0,5.0,0.0
2024-25,2024-10-26,L Smith,3,2,23.5,11.0,12.5,3.0,0.5
2024-25,2024-10-26,L Smith,5,2,23.5,11.0,12.5,3.0,0.5
2024-25,2024-10-26,L Smith,10,2,23.5,11.0,12.5,3.0,0.5
2024-25,2024-12-04,L Smith,3,3,24.333333333333332,11.0,13.333333333333334,3.3333333333333335,0.3333333333333333
2024-25,2024-12-04,L Smith,5,3,24.333333333333332,11.0,13.333333333333334,3.3333333333333335,0.3333333333333333
2024-25,2024-12-04,L Smith,10,3,24.333333333333332,11.0,13.333333333333334,3.3333333333333335,0.3333333333333333
2024-25,2024-12-26,L Smith,3,3,22.0,11.0,11.0,2.6666666666666665,0.3333333333333333
2024-25,2024-12-26,L Smith,5,4,24.0,12.0,12.0,3.25,0.25
2024-25,2024-12-26,L Smith,10,4,24.0,12.0,12.0,3.25,0.25
2024-25,2025-03-08,L Smith,3,3,22.666666666666668,12.0,10.666666666666666,3.3333333333333335,0.0
2024-25,2025-03-08,L Smith,5,5,23.0,11.6,11.4,3.2,0.2
2024-25,2025-03-08,L Smith,10,5,23.0,11.6,11.4,3.2,0.2
2024-25,2025-05-03,L Smith,3,3,23.0,12.333333333333334,10.666666666666666,4.666666666666667,0.0
2024-25,2025-05-03,L Smith,5,5,22.4,11.0,11.4,3.8,0.2
2024-25,2025-05-03,L Smith,10,6,23.666666666666668,11.666666666666666,12.0,4.0,0.16666666666666666
2024-25,2025-05-25,L Smith,3,3,27.0,13.666666666666666,13.333333333333334,4.333333333333333,0.0
2024-25,2025-05-25,L Smith,5,5,26.0,13.4,12.6,4.0,0.0
2024-25,2025-05-25,L Smith,10,7,25.285714285714285,12.714285714285714,12.571428571428571,3.7142857142857144,0.14285714285714285
2024-25,2024-08-17,M Oliver,3,1,25.0,17.0,8.0,4.0,0.0
2024-25,2024-08-17,M Oliver,5,1,25.0,17.0,8.0,4.0,0.0
2024-25,2024-08-17,M Oliver,10,1,25.0,17.0,8.0,4.0,0.0
2024-25,2024-08-24,M Oliver,3,2,24.0,12.5,11.5,4.0,0.0
2024-25,2024-08-24,M Oliver,5,2,24.0,12.5,11.5,4.0,0.0
2024-25,2024-08-24,M Oliver,10,2,24.0,12.5,11.5,4.0,0.0
2024-25,2024-08-31,M Oliver,3,3,20.333333333333332,11.666666666666666,8.666666666666666,4.333333333333333,0.0
2024-25,2024-08-31,M Oliver,5,3,20.333333333333332,11.666666666666666,8.666666666666666,4.333333333333333,0.0
2024-25,2024-08-31,M Oliver,10,3,20.333333333333332,11.666666666666666,8.666666666666666,4.333333333333333,0.0
2024-25,2024-09-14,M Oliver,3,3,19.0,11.0,8.0,5.666666666666667,0.0
2024-25,2024-09-14,M Oliver,5,4,20.5,12.5,8.0,5.25,0.0
2024-25,2024-09-14,M Oliver,10,4,20.5,12.5,8.0,5.25,0.0
2024-25,2024-09-22,M Oliver,3,3,17.0,10.666666666666666,6.333333333333333,6.666666666666667,0.3333333333333333
2024-25,2024-09-22,M Oliver,5,5,19.8,11.4,8.4,5.6,0.2
2024-25,2024-09-22,M Oliver,10,5,19.8,11.4,8.4,5.6,0.2
2024-25,2024-09-30,M Oliver,3,3,23.0,13.666666666666666,9.333333333333334,7.333333333333333,0.3333333333333333
2024-25,2024-09-30,M Oliver,5,5,21.0,11.8,9.2,6.2,0.2
2024-25,2024-09-30,M Oliver,10,6,21.666666666666668,12.666666666666666,9.0,5.833333333333333,0.16666666666666666
2024-25,2024-10-19,M Oliver,3,3,23.333333333333332,12.666666666666666,10.666666666666666,5.333333333333333,0.3333333333333333
2024-25,2024-10-19,M Oliver,5,5,20.8,12.6,8.2,5.8,0.2
2024-25,2024-10-19,M Oliver,10,7,21.714285714285715,12.571428571428571,9.142857142857142,5.285714285714286,0.14285714285714285
2024-25,2024-10-26,M Oliver,3,3,25.0,14.333333333333334,10.666666666666666,5.0,0.0
2024-25,2024-10-26,M Oliver,5,5,22.6,13.0,9.6,6.0,0.2
2024-25,2024-10-26,M Oliver,10,8,21.75,12.5,9.25,5.375,0.125
2024-25,2024-11-02,M Oliver,3,3,20.333333333333332,11.666666666666666,8.666666666666666,3.6666666666666665,0.0
2024-25,2024-11-02,M Oliver,5,5,21.8,12.2,9.6,5.0,0.2
2024-25,2024-11-02,M Oliver,10,9,21.22222222222222,12.333333333333334,8.88888888888889,5.111111111111111,0.1111111111111111
2024-25,2024-11-10,M Oliver,3,3,21.0,11.666666666666666,9.333333333333334,5.0,0.0
2024-25,2024-11-10,M Oliver,5,5,23.2,13.2,10.0,4.8,0.0
2024-25,2024-11-10,M Oliver,10,10,21.5,12.3,9.2,5.2,0.1
2024-25,2024-11-30,M Oliver,3,3,20.0,10.666666666666666,9.333333333333334,3.6666666666666665,0.0
2024-25,2024-11-30,M Oliver,5,5,20.8,11.2,9.6,3.8,0.0
2024-25,2024-11-30,M Oliver,10,10,20.9,11.5,9.4,5.0,0.1
2024-25,2024-12-04,M Oliver,3,3,21.666666666666668,9.333333333333334,12.333333333333334,4.666666666666667,0.0
2024-25,2024-12-04,M Oliver,5,5,20.8,10.2,10.6,4.6,0.0
2024-25,2024-12-04,M Oliver,10,10,20.8,11.4,9.4,5.2,0.1
2024-25,2024-12-15,M Oliver,3,3,22.333333333333332,9.0,13.333333333333334,4.333333333333333,0.0
2024-25,2024-12-15,M Oliver,5,5,21.6,10.0,11.6,4.4,0.0
2024-25,2024-12-15,M Oliver,10,10,22.1,11.5,10.6,5.2,0.1
2024-25,2024-12-21,M Oliver,3,3,23.666666666666668,9.0,14.666666666666666,6.0,0.0
2024-25,2024-12-21,M Oliver,5,5,22.8,9.6,13.2,5.2,0.0
2024-25,2024-12-21,M Oliver,10,10,22.3,10.9,11.4,5.1,0.1
2024-25,2024-12-29,M Oliver,3,3,22.0,10.333333333333334,11.666666666666666,5.0,0.0
2024-25,2024-12-29,M Oliver,5,5,21.4,9.4,12.0,4.6,0.0
2024-25,2024-12-29,M Oliver,10,10,22.3,11.3,11.0,4.7,0.0
2024-25,2025-01-05,M Oliver,3,3,21.0,10.0,11.0,5.333333333333333,0.0
2024-25,2025-01-05,M Oliver,5,5,22.2,9.6,12.6,5.4,0.0
2024-25,2025-01-05,M Oliver,10,10,21.5,10.4,11.1,4.6,0.0
2024-25,2025-01-25,M Oliver,3,3,23.333333333333332,13.666666666666666,9.666666666666666,3.3333333333333335,0.6666666666666666
2024-25,2025-01-25,M Oliver,5,5,23.8,12.2,11.6,4.4,0.4
2024-25,2025-01-25,M Oliver,10,10,22.3,11.2,11.1,4.5,0.2
2024-25,2025-02-01,M Oliver,3,3,26.0,13.666666666666666,12.333333333333334,3.3333333333333335,0.6666666666666666
2024-25,2025-02-01,M Oliver,5,5,23.6,12.2,11.4,4.0,0.4
2024-25,2025-02-01,M Oliver,10,10,22.6,11.1,11.5,4.2,0.2
2024-25,2025-02-12,M Oliver,3,3,28.0,13.333333333333334,14.666666666666666,2.6666666666666665,1.3333333333333333
2024-25,2025-02-12,M Oliver,5,5,24.8,12.2,12.6,3.4,0.8
2024-25,2025-02-12,M Oliver,10,10,23.8,10.9,12.9,4.3,0.4
2024-25,2025-02-22,M Oliver,3,3,28.333333333333332,11.666666666666666,16.666666666666668,3.6666666666666665,0.6666666666666666
2024-25,2025-02-22,M Oliver,5,5,27.6,13.0,14.6,3.6,0.8
2024-25,2025-02-22,M Oliver,10,10,24.5,11.2,13.3,4.1,0.4
2024-25,2025-02-25,M Oliver,3,3,28.666666666666668,12.0,16.666666666666668,3.6666666666666665,0.6666666666666666
2024-25,2025-02-25,M Oliver,5,5,28.2,13.4,14.8,3.0,0.8
2024-25,2025-02-25,M Oliver,10,10,25.2,11.5,13.7,4.2,0.4
2024-25,2025-04-06,M Oliver,3,3,27.0,13.0,14.0,3.6666666666666665,0.0
2024-25,2025-04-06,M Oliver,5,5,27.0,11.8,15.2,3.6,0.4
2024-25,2025-04-06,M Oliver,10,10,25.4,12.0,13.4,4.0,0.4
2024-25,2025-05-04,M Oliver,3,3,27.666666666666668,14.0,13.666666666666666,3.6666666666666665,0.0
2024-25,2025-05-04,M Oliver,5,5,28.6,13.2,15.4,3.8,0.4
2024-25,2025-05-04,M Oliver,10,10,26.1,12.7,13.4,3.9,0.4
2024-25,2025-05-10,M Oliver,3,3,25.666666666666668,12.666666666666666,13.0,3.3333333333333335,0.0
2024-25,2025-05-10,M Oliver,5,5,26.8,13.0,13.8,3.4,0.0
2024-25,2025-05-10,M Oliver,10,10,25.8,12.6,13.2,3.4,0.4
2024-25,2025-05-18,M Oliver,3,3,23.0,10.666666666666666,12.333333333333334,2.6666666666666665,0.0
2024-25,2025-05-18,M Oliver,5,5,23.8,11.2,12.6,3.0,0.0
2024-25,2025-05-18,M Oliver,10,10,25.7,12.1,13.6,3.3,0.4
2024-25,2024-08-24,M Salisbury,3,1,19.0,4.0,15.0,5.0,0.0
2024-25,2024-08-24,M Salisbury,5,1,19.0,4.0,15.0,5.0,0.0
2024-25,2024-08-24,M Salisbury,10,1,19.0,4.0,15.0,5.0,0.0
2024-25,2024-11-09,M Salisbury,3,2,20.0,7.0,13.0,3.5,0.5
2024-25,2024-11-09,M Salisbury,5,2,20.0,7.0,13.0,3.5,0.5
2024-25,2024-11-09,M Salisbury,10,2,20.0,7.0,13.0,3.5,0.5
2024-25,2024-12-04,M Salisbury,3,3,19.333333333333332,8.0,11.333333333333334,3.0,0.3333333333333333
2024-25,2024-12-04,M Salisbury,5,3,19.333333333333332,8.0,11.333333333333334,3.0,0.3333333333333333
2024-25,2024-12-04,M Salisbury,10,3,19.333333333333332,8.0,11.333333333333334,3.0,0.3333333333333333
2024-25,2024-12-08,M Salisbury,3,3,20.333333333333332,9.666666666666666,10.666666666666666,2.3333333333333335,0.3333333333333333
2024-25,2024-12-08,M Salisbury,5,4,20.0,8.25,11.75,3.0,0.25
2024-25,2024-12-08,M Salisbury,10,4,20.0,8.25,11.75,3.0,0.25
2024-25,2024-12-29,M Salisbury,3,3,25.666666666666668,12.333333333333334,13.333333333333334,3.3333333333333335,0.0
2024-25,2024-12-29,M Salisbury,5,5,23.4,10.2,13.2,3.4,0.2
2024-25,2024-12-29,M Salisbury,10,5,23.4,10.2,13.2,3.4,0.2
2024-25,2025-01-04,M Salisbury,3,3,26.666666666666668,11.666666666666666,15.0,3.6666666666666665,0.0
2024-25,2025-01-04,M Salisbury,5,5,23.8,11.0,12.8,3.0,0.2
2024-25,2025-01-04,M Salisbury,10,6,23.0,9.833333333333334,13.166666666666666,3.3333333333333335,0.16666666666666666
2024-25,2025-01-18,M Salisbury,3,3,24.666666666666668,11.333333333333334,13.333333333333334,4.0,0.0
2024-25,2025-01-18,M Salisbury,5,5,22.8,10.6,12.2,3.4,0.0
2024-25,2025-01-18,M Salisbury,10,7,22.0,9.571428571428571,12.428571428571429,3.4285714285714284,0.14285714285714285
2024-25,2025-01-25,M Salisbury,3,3,19.333333333333332,8.666666666666666,10.666666666666666,3.0,0.0
2024-25,2025-01-25,M Salisbury,5,5,23.4,10.6,12.8,3.4,0.0
2024-25,2025-01-25,M Salisbury,10,8,21.875,9.625,12.25,3.25,0.125
2024-25,2025-02-22,M Salisbury,3,3,21.0,11.666666666666666,9.333333333333334,4.0,0.3333333333333333
2024-25,2025-02-22,M Salisbury,5,5,24.2,12.2,12.0,4.0,0.2
2024-25,2025-02-22,M Salisbury,10,9,22.333333333333332,10.444444444444445,11.88888888888889,3.5555555555555554,0.2222222222222222
2024-25,2025-03-10,M Salisbury,3,3,23.0,11.333333333333334,11.666666666666666,3.0,0.3333333333333333
2024-25,2025-03-10,M Salisbury,5,5,21.2,10.0,11.2,3.2,0.2
2024-25,2025-03-10,M Salisbury,10,10,22.3,10.1,12.2,3.3,0.2
2024-25,2025-03-15,M Salisbury,3,3,21.666666666666668,9.333333333333334,12.333333333333334,3.0,0.3333333333333333
2024-25,2025-03-15,M Salisbury,5,5,20.4,9.2,11.2,3.0,0.2
2024-25,2025-03-15,M Salisbury,10,10,22.1,10.1,12.0,3.0,0.2
2024-25,2025-04-06,M Salisbury,3,3,25.0,9.0,16.0,1.6666666666666667,0.0
2024-25,2025-04-06,M Salisbury,5,5,24.4,10.8,13.6,2.6,0.2
2024-25,2025-04-06,M Salisbury,10,10,23.6,10.7,12.9,3.0,0.1
2024-25,2025-04-23,M Salisbury,3,3,21.0,8.0,13.0,2.0,0.0
2024-25,2025-04-23,M Salisbury,5,5,22.2,9.6,12.6,2.6,0.2
2024-25,2025-04-23,M Salisbury,10,10,22.8,10.1,12.7,3.0,0.1
2024-25,2025-04-26,M Salisbury,3,3,21.333333333333332,9.666666666666666,11.666666666666666,2.3333333333333335,0.3333333333333333
2024-25,2025-04-26,M Salisbury,5,5,20.6,8.0,12.6,2.0,0.2
2024-25,2025-04-26,M Salisbury,10,10,22.4,10.1,12.3,3.0,0.2
2024-25,2025-05-10,M Salisbury,3,3,17.333333333333332,9.333333333333334,8.0,2.0,0.3333333333333333
2024-25,2025-05-10,M Salisbury,5,5,21.0,9.6,11.4,2.0,0.2
2024-25,2025-05-10,M Salisbury,10,10,21.1,9.8,11.3,2.6,0.2
2024-25,2025-04-14,O Oliver,3,1,21.0,11.0,10.0,5.0,0.0
2024-25,2025-04-14,O Oliver,5,1,21.0,11.0,10.0,5.0,0.0
2024-25,2025-04-14,O Oliver,10,1,21.0,11.0,10.0,5.0,0.0
2024-25,2024-09-21,P Bankes,3,1,24.0,16.0,8.0,6.0,0.0
2024-25,2024-09-21,P Bankes,5,1,24.0,16.0,8.0,6.0,0.0
2024-25,2024-09-21,P Bankes,10,1,24.0,16.0,8.0,6.0,0.0
2024-25,2024-09-28,P Bankes,3,2,21.5,13.5,8.0,5.5,0.0
2024-25,2024-09-28,P Bankes,5,2,21.5,13.5,8.0,5.5,0.0
2024-25,2024-09-28,P Bankes,10,2,21.5,13.5,8.0,5.5,0.0
2024-25,2024-10-05,P Bankes,3,3,19.0,10.333333333333334,8.666666666666666,4.666666666666667,0.0
2024-25,2024-10-05,P Bankes,5,3,19.0,10.333333333333334,8.666666666666666,4.666666666666667,0.0
2024-25,2024-10-05,P Bankes,10,3,19.0,10.333333333333334,8.666666666666666,4.666666666666667,0.0
2024-25,2024-10-19,P Bankes,3,3,17.666666666666668,8.666666666666666,9.0,4.0,0.0
2024-25,2024-10-19,P Bankes,5,4,19.25,10.5,8.75,4.5,0.0
2024-25,2024-10-19,P Bankes,10,4,19.25,10.5,8.75,4.5,0.0
2024-25,2024-11-02,P Bankes,3,3,16.666666666666668,7.333333333333333,9.333333333333334,3.3333333333333335,0.3333333333333333
2024-25,2024-11-02,P Bankes,5,5,18.6,9.8,8.8,4.2,0.2
2024-25,2024-11-02,P Bankes,10,5,18.6,9.8,8.8,4.2,0.2
2024-25,2024-11-10,P Bankes,3,3,16.666666666666668,9.0,7.666666666666667,2.6666666666666665,0.3333333333333333
2024-25,2024-11-10,P Bankes,5,5,16.6,8.4,8.2,3.2,0.2
2024-25,2024-11-10,P Bankes,10,6,17.833333333333332,9.666666666666666,8.166666666666666,3.6666666666666665,0.16666666666666666
2024-25,2024-11-30,P Bankes,3,3,18.0,9.666666666666666,8.333333333333334,3.0,0.3333333333333333
2024-25,2024-11-30,P Bankes,5,5,17.6,8.8,8.8,3.2,0.2
2024-25,2024-11-30,P Bankes,10,7,18.714285714285715,10.142857142857142,8.571428571428571,3.857142857142857,0.14285714285714285
2024-25,2024-12-05,P Bankes,3,3,17.666666666666668,9.666666666666666,8.0,3.3333333333333335,0.0
2024-25,2024-12-05,P Bankes,5,5,17.8,9.4,8.4,3.4,0.2
2024-25,2024-12-05,P Bankes,10,8,18.25,9.75,8.5,3.875,0.125
2024-25,2024-12-15,P Bankes,3,3,19.0,10.333333333333334,8.666666666666666,3.6666666666666665,0.3333333333333333
2024-25,2024-12-15,P Bankes,5,5,17.4,9.4,8.0,3.0,0.4
2024-25,2024-12-15,P Bankes,10,9,18.22222222222222,9.88888888888889,8.333333333333334,3.6666666666666665,0.2222222222222222
2024-25,2024-12-21,P Bankes,3,3,18.0,10.666666666666666,7.333333333333333,4.0,0.3333333333333333
2024-25,2024-12-21,P Bankes,5,5,18.4,10.8,7.6,3.6,0.2
2024-25,2024-12-21,P Bankes,10,10,18.5,10.3,8.2,3.9,0.2
2024-25,2025-01-01,P Bankes,3,3,17.666666666666668,10.333333333333334,7.333333333333333,3.6666666666666665,0.3333333333333333
2024-25,2025-01-01,P Bankes,5,5,18.4,10.2,8.2,4.0,0.2
2024-25,2025-01-01,P Bankes,10,10,17.5,9.3,8.2,3.6,0.2
2024-25,2025-01-06,P Bankes,3,3,17.666666666666668,10.0,7.666666666666667,4.0,0.0
2024-25,2025-01-06,P Bankes,5,5,17.2,9.6,7.6,3.6,0.2
2024-25,2025-01-06,P Bankes,10,10,17.4,9.2,8.2,3.4,0.2
2024-25,2025-01-19,P Bankes,3,3,19.0,9.666666666666666,9.333333333333334,4.0,0.0
2024-25,2025-01-19,P Bankes,5,5,19.2,10.8,8.4,4.0,0.2
2024-25,2025-01-19,P Bankes,10,10,18.5,10.1,8.4,3.7,0.2
2024-25,2025-01-26,P Bankes,3,3,24.0,12.0,12.0,4.666666666666667,0.0
2024-25,2025-01-26,P Bankes,5,5,21.4,11.2,10.2,4.6,0.0
2024-25,2025-01-26,P Bankes,10,10,19.4,10.3,9.1,3.8,0.2
2024-25,2025-02-02,P Bankes,3,3,22.333333333333332,10.666666666666666,11.666666666666666,4.333333333333333,0.0
2024-25,2025-02-02,P Bankes,5,5,19.8,9.6,10.2,3.8,0.0
2024-25,2025-02-02,P Bankes,10,10,19.1,10.2,8.9,3.7,0.1
2024-25,2025-02-16,P Bankes,3,3,21.333333333333332,10.666666666666666,10.666666666666666,3.3333333333333335,0.0
2024-25,2025-02-16,P Bankes,5,5,21.4,11.0,10.4,3.8,0.0
2024-25,2025-02-16,P Bankes,10,10,19.9,10.6,9.3,3.9,0.1
2024-25,2025-02-25,P Bankes,3,3,19.333333333333332,9.0,10.333333333333334,3.0,0.0
2024-25,2025-02-25,P Bankes,5,5,22.4,10.6,11.8,4.0,0.0
2024-25,2025-02-25,P Bankes,10,10,19.8,10.1,9.7,3.8,0.1
2024-25,2025-04-02,P Bankes,3,3,23.0,11.0,12.0,3.0,0.0
2024-25,2025-04-02,P Bankes,5,5,22.2,10.4,11.8,3.2,0.0
2024-25,2025-04-02,P Bankes,10,10,20.7,10.6,10.1,3.6,0.1
2024-25,2025-04-05,P Bankes,3,3,25.0,10.666666666666666,14.333333333333334,3.3333333333333335,0.0
2024-25,2025-04-05,P Bankes,5,5,22.0,10.2,11.8,3.0,0.0
2024-25,2025-04-05,P Bankes,10,10,21.7,10.7,11.0,3.8,0.0
2024-25,2025-04-21,P Bankes,3,3,25.0,11.666666666666666,13.333333333333334,3.6666666666666665,0.0
2024-25,2025-04-21,P Bankes,5,5,24.0,11.2,12.8,3.6,0.0
2024-25,2025-04-21,P Bankes,10,10,21.9,10.4,11.5,3.7,0.0
2024-25,2025-04-27,P Bankes,3,3,24.666666666666668,11.333333333333334,13.333333333333334,5.0,0.3333333333333333
2024-25,2025-04-27,P Bankes,5,5,24.2,10.8,13.4,4.2,0.2
2024-25,2025-04-27,P Bankes,10,10,22.8,10.9,11.9,4.0,0.1
2024-25,2025-05-02,P Bankes,3,3,21.333333333333332,9.666666666666666,11.666666666666666,3.6666666666666665,0.3333333333333333
2024-25,2025-05-02,P Bankes,5,5,23.2,10.6,12.6,3.4,0.2
2024-25,2025-05-02,P Bankes,10,10,22.8,10.6,12.2,3.7,0.1
2024-25,2025-05-16,P Bankes,3,3,19.333333333333332,7.666666666666667,11.666666666666666,3.0,0.3333333333333333
2024-25,2025-05-16,P Bankes,5,5,21.8,9.2,12.6,3.6,0.2
2024-25,2025-05-16,P Bankes,10,10,22.0,9.8,12.2,3.4,0.1
2024-25,2024-08-16,R Jones,3,1,22.0,12.0,10.0,5.0,0.0
2024-25,2024-08-16,R Jones,5,1,22.0,12.0,10.0,5.0,0.0
2024-25,2024-08-16,R Jones,10,1,22.0,12.0,10.0,5.0,0.0
2024-25,2024-08-24,R Jones,3,2,24.0,10.5,13.5,3.5,0.0
2024-25,2024-08-24,R Jones,5,2,24.0,10.5,13.5,3.5,0.0
2024-25,2024-08-24,R Jones,10,2,24.0,10.5,13.5,3.5,0.0
2024-25,2024-09-01,R Jones,3,3,25.666666666666668,12.333333333333334,13.333333333333334,5.0,0.0
2024-25,2024-09-01,R Jones,5,3,25.666666666666668,12.333333333333334,13.333333333333334,5.0,0.0
2024-25,2024-09-01,R Jones,10,3,25.666666666666668,12.333333333333334,13.333333333333334,5.0,0.0
2024-25,2024-09-22,R Jones,3,3,26.0,12.333333333333334,13.666666666666666,5.666666666666667,0.3333333333333333
2024-25,2024-09-22,R Jones,5,4,25.0,12.25,12.75,5.5,0.25
2024-25,2024-09-22,R Jones,10,4,25.0,12.25,12.75,5.5,0.25
2024-25,2024-10-06,R Jones,3,3,25.0,13.333333333333334,11.666666666666666,7.0,0.3333333333333333
2024-25,2024-10-06,R Jones,5,5,24.6,12.2,12.4,5.6,0.2
2024-25,2024-10-06,R Jones,10,5,24.6,12.2,12.4,5.6,0.2
2024-25,2024-10-19,R Jones,3,3,23.0,12.0,11.0,5.0,0.6666666666666666
2024-25,2024-10-19,R Jones,5,5,24.8,12.2,12.6,5.0,0.4
2024-25,2024-10-19,R Jones,10,6,24.333333333333332,12.166666666666666,12.166666666666666,5.0,0.3333333333333333
2024-25,2024-11-03,R Jones,3,3,26.333333333333332,14.333333333333334,12.0,5.333333333333333,0.3333333333333333
2024-25,2024-11-03,R Jones,5,5,26.2,14.2,12.0,6.2,0.4
2024-25,2024-11-03,R Jones,10,7,25.571428571428573,13.142857142857142,12.428571428571429,5.428571428571429,0.2857142857142857
2024-25,2024-11-23,R Jones,3,3,28.0,15.0,13.0,4.333333333333333,0.3333333333333333
2024-25,2024-11-23,R Jones,5,5,26.0,13.8,12.2,5.2,0.4
2024-25,2024-11-23,R Jones,10,8,25.875,13.25,12.625,5.125,0.25
2024-25,2024-11-29,R Jones,3,3,32.333333333333336,17.666666666666668,14.666666666666666,5.666666666666667,0.0
2024-25,2024-11-29,R Jones,5,5,28.6,15.4,13.2,5.0,0.2
2024-25,2024-11-29,R Jones,10,9,27.0,14.0,13.0,5.222222222222222,0.2222222222222222
2024-25,2024-12-07,R Jones,3,3,26.0,12.666666666666666,13.333333333333334,3.3333333333333335,0.3333333333333333
2024-25,2024-12-07,R Jones,5,5,26.8,13.8,13.0,4.0,0.4
2024-25,2024-12-07,R Jones,10,10,25.7,13.0,12.7,4.8,0.3
2024-25,2024-12-21,R Jones,3,3,28.0,12.666666666666666,15.333333333333334,3.6666666666666665,0.3333333333333333
2024-25,2024-12-21,R Jones,5,5,29.0,14.2,14.8,4.4,0.2
2024-25,2024-12-21,R Jones,10,10,26.9,13.2,13.7,4.7,0.3
2024-25,2024-12-29,R Jones,3,3,23.666666666666668,8.333333333333334,15.333333333333334,3.0,0.3333333333333333
2024-25,2024-12-29,R Jones,5,5,27.0,11.8,15.2,3.6,0.2
2024-25,2024-12-29,R Jones,10,10,26.6,13.0,13.6,4.9,0.3
2024-25,2025-01-14,R Jones,3,3,29.333333333333332,12.0,17.333333333333332,4.333333333333333,0.0
2024-25,2025-01-14,R Jones,5,5,27.6,12.0,15.6,4.0,0.2
2024-25,2025-01-14,R Jones,10,10,26.8,12.9,13.9,4.6,0.3
2024-25,2025-01-26,R Jones,3,3,25.333333333333332,9.333333333333334,16.0,5.0,0.0
2024-25,2025-01-26,R Jones,5,5,24.8,9.2,15.6,4.0,0.2
2024-25,2025-01-26,R Jones,10,10,26.7,12.3,14.4,4.5,0.2
2024-25,2025-02-15,R Jones,3,3,23.666666666666668,9.333333333333334,14.333333333333334,4.666666666666667,0.3333333333333333
2024-25,2025-02-15,R Jones,5,5,25.6,9.8,15.8,4.4,0.2
2024-25,2025-02-15,R Jones,10,10,26.2,11.8,14.4,4.2,0.3
2024-25,2025-02-22,R Jones,3,3,19.0,7.666666666666667,11.333333333333334,4.333333333333333,0.3333333333333333
2024-25,2025-02-22,R Jones,5,5,22.2,9.0,13.2,4.4,0.2
2024-25,2025-02-22,R Jones,10,10,25.6,11.6,14.0,4.4,0.2
2024-25,2025-03-15,R Jones,3,3,20.0,9.666666666666666,10.333333333333334,2.3333333333333335,0.3333333333333333
2024-25,2025-03-15,R Jones,5,5,22.6,10.0,12.6,3.6,0.2
2024-25,2025-03-15,R Jones,10,10,24.8,10.9,13.9,3.6,0.2
2024-25,2025-04-02,R Jones,3,3,23.666666666666668,12.0,11.666666666666666,2.3333333333333335,0.0
2024-25,2025-04-02,R Jones,5,5,22.2,9.8,12.4,3.2,0.2
2024-25,2025-04-02,R Jones,10,10,24.9,10.9,14.0,3.6,0.2
2024-25,2025-04-07,R Jones,3,3,23.666666666666668,11.333333333333334,12.333333333333334,1.6666666666666667,0.0
2024-25,2025-04-07,R Jones,5,5,21.2,10.2,11.0,2.4,0.2
2024-25,2025-04-07,R Jones,10,10,23.0,9.7,13.3,3.2,0.2
2024-25,2025-04-20,R Jones,3,3,25.0,11.0,14.0,3.3333333333333335,0.0
2024-25,2025-04-20,R Jones,5,5,23.4,11.0,12.4,2.8,0.0
2024-25,2025-04-20,R Jones,10,10,24.5,10.4,14.1,3.6,0.1
2024-25,2025-05-03,R Jones,3,3,23.0,8.333333333333334,14.666666666666666,4.0,0.0
2024-25,2025-05-03,R Jones,5,5,24.6,10.2,14.4,3.0,0.0
2024-25,2025-05-03,R Jones,10,10,23.4,9.6,13.8,3.7,0.1
2024-25,2025-05-25,R Jones,3,3,24.333333333333332,10.0,14.333333333333334,4.666666666666667,0.0
2024-25,2025-05-25,R Jones,5,5,23.8,10.4,13.4,3.8,0.0
2024-25,2025-05-25,R Jones,10,10,23.2,10.2,13.0,3.7,0.1
2024-25,2024-09-21,S Allison,3,1,32.0,16.0,16.0,8.0,0.0
2024-25,2024-09-21,S Allison,5,1,32.0,16.0,16.0,8.0,0.0
2024-25,2024-09-21,S Allison,10,1,32.0,16.0,16.0,8.0,0.0
2024-25,2024-08-25,S Attwell,3,1,17.0,10.0,7.0,5.0,0.0
2024-25,2024-08-25,S Attwell,5,1,17.0,10.0,7.0,5.0,0.0
2024-25,2024-08-25,S Attwell,10,1,17.0,10.0,7.0,5.0,0.0
2024-25,2024-08-31,S Attwell,3,2,12.0,8.0,4.0,4.0,0.0
2024-25,2024-08-31,S Attwell,5,2,12.0,8.0,4.0,4.0,0.0
2024-25,2024-08-31,S Attwell,10,2,12.0,8.0,4.0,4.0,0.0
2024-25,2024-09-14,S Attwell,3,3,16.333333333333332,9.0,7.333333333333333,4.333333333333333,0.3333333333333333
2024-25,2024-09-14,S Attwell,5,3,16.333333333333332,9.0,7.333333333333333,4.333333333333333,0.3333333333333333
2024-25,2024-09-14,S Attwell,10,3,16.333333333333332,9.0,7.333333333333333,4.333333333333333,0.3333333333333333
2024-25,2024-09-29,S Attwell,3,3,18.666666666666668,9.0,9.666666666666666,4.333333333333333,0.3333333333333333
2024-25,2024-09-29,S Attwell,5,4,18.25,9.25,9.0,4.5,0.25
2024-25,2024-09-29,S Attwell,10,4,18.25,9.25,9.0,4.5,0.25
2024-25,2024-11-04,S Attwell,3,3,20.666666666666668,8.0,12.666666666666666,4.333333333333333,0.3333333333333333
2024-25,2024-11-04,S Attwell,5,5,17.2,8.0,9.2,4.2,0.2
2024-25,2024-11-04,S Attwell,10,5,17.2,8.0,9.2,4.2,0.2
2024-25,2024-11-09,S Attwell,3,3,18.666666666666668,7.666666666666667,11.0,3.6666666666666665,0.0
2024-25,2024-11-09,S Attwell,5,5,17.6,8.0,9.6,3.8,0.2
2024-25,2024-11-09,S Attwell,10,6,17.5,8.333333333333334,9.166666666666666,4.0,0.16666666666666666
2024-25,2024-11-23,S Attwell,3,3,18.333333333333332,8.666666666666666,9.666666666666666,3.3333333333333335,0.3333333333333333
2024-25,2024-11-23,S Attwell,5,5,20.8,9.4,11.4,4.0,0.4
2024-25,2024-11-23,S Attwell,10,7,18.285714285714285,9.0,9.285714285714286,4.0,0.2857142857142857
2024-25,2024-12-01,S Attwell,3,3,23.0,14.666666666666666,8.333333333333334,3.6666666666666665,0.3333333333333333
2024-25,2024-12-01,S Attwell,5,5,21.2,11.4,9.8,3.8,0.2
2024-25,2024-12-01,S Attwell,10,8,19.375,10.5,8.875,4.0,0.25
2024-25,2024-12-08,S Attwell,3,3,23.0,14.333333333333334,8.666666666666666,3.6666666666666665,0.3333333333333333
2024-25,2024-12-08,S Attwell,5,5,20.2,11.2,9.0,3.4,0.2
2024-25,2024-12-08,S Attwell,10,9,19.333333333333332,10.333333333333334,9.0,3.888888888888889,0.2222222222222222
2024-25,2024-12-21,S Attwell,3,3,20.666666666666668,13.0,7.666666666666667,3.0,0.0
2024-25,2024-12-21,S Attwell,5,5,20.8,12.4,8.4,3.2,0.2
2024-25,2024-12-21,S Attwell,10,10,19.0,10.2,8.8,3.7,0.2
2024-25,2025-01-04,S Attwell,3,3,16.333333333333332,9.333333333333334,7.0,2.3333333333333335,0.0
2024-25,2025-01-04,S Attwell,5,5,19.8,12.4,7.4,3.0,0.2
2024-25,2025-01-04,S Attwell,10,10,18.7,10.2,8.5,3.4,0.2
2024-25,2025-01-18,S Attwell,3,3,18.333333333333332,8.666666666666666,9.666666666666666,3.6666666666666665,0.0
2024-25,2025-01-18,S Attwell,5,5,20.2,11.2,9.0,3.6,0.0
2024-25,2025-01-18,S Attwell,10,10,20.5,10.3,10.2,3.8,0.2
2024-25,2025-02-03,S Attwell,3,3,20.0,9.333333333333334,10.666666666666666,4.333333333333333,0.0
2024-25,2025-02-03,S Attwell,5,5,19.0,9.2,9.8,3.6,0.0
2024-25,2025-02-03,S Attwell,10,10,20.1,10.3,9.8,3.7,0.1
2024-25,2025-02-27,S Attwell,3,3,21.333333333333332,10.0,11.333333333333334,3.6666666666666665,0.0
2024-25,2025-02-27,S Attwell,5,5,18.8,9.8,9.0,3.0,0.0
2024-25,2025-02-27,S Attwell,10,10,19.5,10.5,9.0,3.2,0.1
2024-25,2025-03-08,S Attwell,3,3,22.0,11.333333333333334,10.666666666666666,2.6666666666666665,0.0
2024-25,2025-03-08,S Attwell,5,5,21.0,10.2,10.8,3.4,0.0
2024-25,2025-03-08,S Attwell,10,10,20.9,11.3,9.6,3.3,0.1
2024-25,2025-04-02,S Attwell,3,3,24.0,13.0,11.0,2.6666666666666665,0.0
2024-25,2025-04-02,S Attwell,5,5,23.6,11.4,12.2,3.8,0.0
2024-25,2025-04-02,S Attwell,10,10,21.7,11.9,9.8,3.4,0.1
2024-25,2025-04-13,S Attwell,3,3,24.0,12.666666666666666,11.333333333333334,4.0,0.0
2024-25,2025-04-13,S Attwell,5,5,22.2,12.2,10.0,3.2,0.0
2024-25,2025-04-13,S Attwell,10,10,21.2,11.7,9.5,3.4,0.0
2024-25,2025-04-20,S Attwell,3,3,21.0,12.666666666666666,8.333333333333334,3.6666666666666665,0.0
2024-25,2025-04-20,S Attwell,5,5,21.6,12.2,9.4,3.0,0.0
2024-25,2025-04-20,S Attwell,10,10,20.3,10.7,9.6,3.3,0.0
2024-25,2025-05-10,S Attwell,3,3,22.333333333333332,13.666666666666666,8.666666666666666,4.666666666666667,0.3333333333333333
2024-25,2025-05-10,S Attwell,5,5,24.2,13.6,10.6,4.4,0.2
2024-25,2025-05-10,S Attwell,10,10,21.5,11.7,9.8,3.7,0.1
2024-25,2024-08-18,S Barrott,3,1,21.0,6.0,15.0,6.0,0.0
2024-25,2024-08-18,S Barrott,5,1,21.0,6.0,15.0,6.0,0.0
2024-25,2024-08-18,S Barrott,10,1,21.0,6.0,15.0,6.0,0.0
2024-25,2024-08-24,S Barrott,3,2,24.5,10.0,14.5,6.0,0.0
2024-25,2024-08-24,S Barrott,5,2,24.5,10.0,14.5,6.0,0.0
2024-25,2024-08-24,S Barrott,10,2,24.5,10.0,14.5,6.0,0.0
2024-25,2024-09-14,S Barrott,3,3,26.333333333333332,11.333333333333334,15.0,6.333333333333333,0.0
2024-25,2024-09-14,S Barrott,5,3,26.333333333333332,11.333333333333334,15.0,6.333333333333333,0.0
2024-25,2024-09-14,S Barrott,10,3,26.333333333333332,11.333333333333334,15.0,6.333333333333333,0.0
2024-25,2024-09-21,S Barrott,3,3,28.0,15.0,13.0,6.666666666666667,0.0
2024-25,2024-09-21,S Barrott,5,4,26.25,12.75,13.5,6.5,0.0
2024-25,2024-09-21,S Barrott,10,4,26.25,12.75,13.5,6.5,0.0
2024-25,2024-09-28,S Barrott,3,3,24.333333333333332,14.0,10.333333333333334,6.666666666666667,0.0
2024-25,2024-09-28,S Barrott,5,5,24.4,12.4,12.0,6.4,0.0
2024-25,2024-09-28,S Barrott,10,5,24.4,12.4,12.0,6.4,0.0
2024-25,2024-10-19,S Barrott,3,3,20.666666666666668,14.0,6.666666666666667,5.666666666666667,0.0
2024-25,2024-10-19,S Barrott,5,5,24.0,14.0,10.0,6.0,0.0
2024-25,2024-10-19,S Barrott,10,6,23.5,12.666666666666666,10.833333333333334,6.0,0.0
2024-25,2024-11-09,S Barrott,3,3,19.333333333333332,12.333333333333334,7.0,5.333333333333333,0.0
2024-25,2024-11-09,S Barrott,5,5,22.8,13.6,9.2,6.0,0.0
2024-25,2024-11-09,S Barrott,10,7,23.285714285714285,12.571428571428571,10.714285714285714,6.0,0.0
2024-25,2024-11-24,S Barrott,3,3,20.333333333333332,12.333333333333334,8.0,5.666666666666667,0.0
2024-25,2024-11-24,S Barrott,5,5,20.8,13.0,7.8,6.0,0.0
2024-25,2024-11-24,S Barrott,10,8,22.875,12.375,10.5,6.125,0.0
2024-25,2024-12-04,S Barrott,3,3,20.666666666666668,11.666666666666666,9.0,5.666666666666667,0.0
2024-25,2024-12-04,S Barrott,5,5,19.6,12.0,7.6,5.4,0.0
2024-25,2024-12-04,S Barrott,10,9,22.555555555555557,12.333333333333334,10.222222222222221,5.888888888888889,0.0
2024-25,2024-12-14,S Barrott,3,3,19.333333333333332,11.666666666666666,7.666666666666667,4.0,0.0
2024-25,2024-12-14,S Barrott,5,5,19.8,12.2,7.6,4.4,0.0
2024-25,2024-12-14,S Barrott,10,10,22.1,12.3,9.8,5.4,0.0
2024-25,2024-12-22,S Barrott,3,3,18.0,10.333333333333334,7.666666666666667,2.6666666666666665,0.0
2024-25,2024-12-22,S Barrott,5,5,19.2,10.8,8.4,4.2,0.0
2024-25,2024-12-22,S Barrott,10,10,21.6,12.4,9.2,5.1,0.0
2024-25,2024-12-26,S Barrott,3,3,20.0,10.666666666666666,9.333333333333334,2.6666666666666665,0.0
2024-25,2024-12-26,S Barrott,5,5,20.0,11.0,9.0,3.8,0.0
2024-25,2024-12-26,S Barrott,10,10,21.4,12.3,9.1,4.9,0.0
2024-25,2025-01-15,S Barrott,3,3,23.0,12.333333333333334,10.666666666666666,3.3333333333333335,0.0
2024-25,2025-01-15,S Barrott,5,5,21.4,12.2,9.2,3.0,0.0
2024-25,2025-01-15,S Barrott,10,10,21.1,12.6,8.5,4.5,0.0
2024-25,2025-01-19,S Barrott,3,3,21.333333333333332,11.333333333333334,10.0,2.6666666666666665,0.0
2024-25,2025-01-19,S Barrott,5,5,19.6,10.6,9.0,2.4,0.0
2024-25,2025-01-19,S Barrott,10,10,19.6,11.3,8.3,3.9,0.0
2024-25,2025-01-25,S Barrott,3,3,17.666666666666668,10.333333333333334,7.333333333333333,1.6666666666666667,0.0
2024-25,2025-01-25,S Barrott,5,5,19.0,10.2,8.8,2.4,0.0
2024-25,2025-01-25,S Barrott,10,10,19.4,11.2,8.2,3.4,0.0
2024-25,2025-02-15,S Barrott,3,3,15.0,7.666666666666667,7.333333333333333,1.6666666666666667,0.0
2024-25,2025-02-15,S Barrott,5,5,19.6,10.6,9.0,2.4,0.0
2024-25,2025-02-15,S Barrott,10,10,19.4,10.7,8.7,3.3,0.0
2024-25,2025-02-25,S Barrott,3,3,21.0,12.666666666666666,8.333333333333334,2.6666666666666665,0.0
2024-25,2025-02-25,S Barrott,5,5,20.2,11.8,8.4,2.4,0.0
2024-25,2025-02-25,S Barrott,10,10,20.1,11.4,8.7,3.1,0.0
2024-25,2025-03-08,S Barrott,3,3,22.0,11.333333333333334,10.666666666666666,3.0,0.0
2024-25,2025-03-08,S Barrott,5,5,18.4,9.6,8.8,2.2,0.0
2024-25,2025-03-08,S Barrott,10,10,19.9,10.9,9.0,2.6,0.0
2024-25,2025-04-02,S Barrott,3,3,21.666666666666668,10.666666666666666,11.0,3.3333333333333335,0.0
2024-25,2025-04-02,S Barrott,5,5,19.8,10.2,9.6,2.8,0.0
2024-25,2025-04-02,S Barrott,10,10,19.7,10.4,9.3,2.6,0.0
2024-25,2025-04-19,S Barrott,3,3,19.666666666666668,8.666666666666666,11.0,4.333333333333333,0.3333333333333333
2024-25,2025-04-19,S Barrott,5,5,21.4,10.8,10.6,4.0,0.2
2024-25,2025-04-19,S Barrott,10,10,20.2,10.5,9.7,3.2,0.1
2024-25,2025-04-26,S Barrott,3,3,21.666666666666668,9.0,12.666666666666666,5.333333333333333,0.3333333333333333
2024-25,2025-04-26,S Barrott,5,5,22.4,10.4,12.0,4.4,0.2
2024-25,2025-04-26,S Barrott,10,10,21.0,10.5,10.5,3.4,0.1
2024-25,2025-05-10,S Barrott,3,3,21.666666666666668,8.666666666666666,13.0,6.0,0.3333333333333333
2024-25,2025-05-10,S Barrott,5,5,20.2,7.8,12.4,4.8,0.2
2024-25,2025-05-10,S Barrott,10,10,20.2,9.8,10.4,3.6,0.1
2024-25,2025-05-18,S Barrott,3,3,21.0,9.0,12.0,6.666666666666667,0.0
2024-25,2025-05-18,S Barrott,5,5,20.8,9.4,11.4,6.2,0.2
2024-25,2025-05-18,S Barrott,10,10,19.6,9.5,10.1,4.2,0.1
2024-25,2024-08-17,S Hooper,3,1,16.0,8.0,8.0,2.0,1.0
2024-25,2024-08-17,S Hooper,5,1,16.0,8.0,8.0,2.0,1.0
2024-25,2024-08-17,S Hooper,10,1,16.0,8.0,8.0,2.0,1.0
2024-25,2024-08-31,S Hooper,3,2,24.5,11.5,13.0,4.5,0.5
2024-25,2024-08-31,S Hooper,5,2,24.5,11.5,13.0,4.5,0.5
2024-25,2024-08-31,S Hooper,10,2,24.5,11.5,13.0,4.5,0.5
2024-25,2024-09-28,S Hooper,3,3,20.666666666666668,8.333333333333334,12.333333333333334,4.666666666666667,0.3333333333333333
2024-25,2024-09-28,S Hooper,5,3,20.666666666666668,8.333333333333334,12.333333333333334,4.666666666666667,0.3333333333333333
2024-25,2024-09-28,S Hooper,10,3,20.666666666666668,8.333333333333334,12.333333333333334,4.666666666666667,0.3333333333333333
2024-25,2024-10-05,S Hooper,3,3,22.666666666666668,8.0,14.666666666666666,6.0,0.0
2024-25,2024-10-05,S Hooper,5,4,21.0,8.0,13.0,5.0,0.25
2024-25,2024-10-05,S Hooper,10,4,21.0,8.0,13.0,5.0,0.25
2024-25,2024-10-27,S Hooper,3,3,21.333333333333332,7.333333333333333,14.0,6.666666666666667,0.0
2024-25,2024-10-27,S Hooper,5,5,22.6,9.0,13.6,5.8,0.2
2024-25,2024-10-27,S Hooper,10,5,22.6,9.0,13.6,5.8,0.2
2024-25,2024-11-23,S Hooper,3,3,20.666666666666668,10.0,10.666666666666666,6.666666666666667,0.0
2024-25,2024-11-23,S Hooper,5,5,21.6,9.4,12.2,6.4,0.0
2024-25,2024-11-23,S Hooper,10,6,20.666666666666668,9.166666666666666,11.5,5.666666666666667,0.16666666666666666
2024-25,2024-12-05,S Hooper,3,3,21.0,12.666666666666666,8.333333333333334,6.0,0.0
2024-25,2024-12-05,S Hooper,5,5,19.6,9.4,10.2,5.8,0.0
2024-25,2024-12-05,S Hooper,10,7,21.0,10.0,11.0,5.428571428571429,0.14285714285714285
2024-25,2024-12-14,S Hooper,3,3,18.666666666666668,12.666666666666666,6.0,3.6666666666666665,0.3333333333333333
2024-25,2024-12-14,S Hooper,5,5,21.4,11.6,9.8,5.2,0.2
2024-25,2024-12-14,S Hooper,10,8,21.125,10.375,10.75,5.0,0.25
2024-25,2024-12-21,S Hooper,3,3,20.666666666666668,12.333333333333334,8.333333333333334,3.3333333333333335,0.3333333333333333
2024-25,2024-12-21,S Hooper,5,5,20.4,12.0,8.4,4.8,0.2
2024-25,2024-12-21,S Hooper,10,9,20.666666666666668,10.222222222222221,10.444444444444445,4.888888888888889,0.2222222222222222
2024-25,2024-12-26,S Hooper,3,3,18.0,9.0,9.0,3.6666666666666665,0.3333333333333333
2024-25,2024-12-26,S Hooper,5,5,17.6,10.4,7.2,4.0,0.2
2024-25,2024-12-26,S Hooper,10,10,20.1,9.7,10.4,4.9,0.2
2024-25,2024-12-30,S Hooper,3,3,17.666666666666668,9.0,8.666666666666666,3.6666666666666665,0.0
2024-25,2024-12-30,S Hooper,5,5,19.6,11.0,8.6,3.4,0.2
2024-25,2024-12-30,S Hooper,10,10,20.6,10.2,10.4,4.9,0.1
2024-25,2025-01-15,S Hooper,3,3,20.333333333333332,11.333333333333334,9.0,3.6666666666666665,0.0
2024-25,2025-01-15,S Hooper,5,5,20.0,11.2,8.8,3.4,0.2
2024-25,2025-01-15,S Hooper,10,10,19.8,10.3,9.5,4.6,0.1
2024-25,2025-01-20,S Hooper,3,3,22.666666666666668,12.333333333333334,10.333333333333334,4.0,0.0
2024-25,2025-01-20,S Hooper,5,5,20.0,10.2,9.8,4.2,0.0
2024-25,2025-01-20,S Hooper,10,10,20.7,10.9,9.8,4.7,0.1
2024-25,2025-02-01,S Hooper,3,3,22.666666666666668,10.666666666666666,12.0,4.666666666666667,0.0
2024-25,2025-02-01,S Hooper,5,5,20.8,10.0,10.8,4.2,0.0
2024-25,2025-02-01,S Hooper,10,10,20.6,11.0,9.6,4.5,0.1
2024-25,2025-02-16,S Hooper,3,3,23.666666666666668,10.333333333333334,13.333333333333334,4.666666666666667,0.0
2024-25,2025-02-16,S Hooper,5,5,23.4,12.0,11.4,4.0,0.0
2024-25,2025-02-16,S Hooper,10,10,20.5,11.2,9.3,4.0,0.1
2024-25,2025-02-26,S Hooper,3,3,19.333333333333332,8.666666666666666,10.666666666666666,3.6666666666666665,0.0
2024-25,2025-02-26,S Hooper,5,5,21.0,10.0,11.0,4.2,0.0
2024-25,2025-02-26,S Hooper,10,10,20.3,10.5,9.8,3.8,0.1
2024-25,2025-03-08,S Hooper,3,3,17.333333333333332,8.666666666666666,8.666666666666666,4.666666666666667,0.0
2024-25,2025-03-08,S Hooper,5,5,19.0,8.4,10.6,4.8,0.0
2024-25,2025-03-08,S Hooper,10,10,19.5,9.8,9.7,4.1,0.1
2024-25,2025-03-15,S Hooper,3,3,14.666666666666666,7.0,7.666666666666667,5.666666666666667,0.0
2024-25,2025-03-15,S Hooper,5,5,18.6,8.8,9.8,5.0,0.0
2024-25,2025-03-15,S Hooper,10,10,19.3,9.5,9.8,4.6,0.0
2024-25,2025-04-05,S Hooper,3,3,19.0,8.333333333333334,10.666666666666666,6.0,0.0
2024-25,2025-04-05,S Hooper,5,5,18.8,8.6,10.2,5.0,0.0
2024-25,2025-04-05,S Hooper,10,10,19.8,9.3,10.5,4.6,0.0
2024-25,2025-04-12,S Hooper,3,3,19.333333333333332,8.0,11.333333333333334,5.0,0.0
2024-25,2025-04-12,S Hooper,5,5,16.4,7.0,9.4,5.0,0.0
2024-25,2025-04-12,S Hooper,10,10,19.9,9.5,10.4,4.5,0.0
2024-25,2025-04-19,S Hooper,3,3,17.0,7.0,10.0,4.0,0.0
2024-25,2025-04-19,S Hooper,5,5,17.2,7.8,9.4,5.2,0.0
2024-25,2025-04-19,S Hooper,10,10,19.1,8.9,10.2,4.7,0.0
2024-25,2025-05-04,S Hooper,3,3,16.666666666666668,8.0,8.666666666666666,4.0,0.0
2024-25,2025-05-04,S Hooper,5,5,18.4,8.2,10.2,4.6,0.0
2024-25,2025-05-04,S Hooper,10,10,18.7,8.3,10.4,4.7,0.0
2024-25,2025-05-18,S Hooper,3,3,17.333333333333332,8.666666666666666,8.666666666666666,4.666666666666667,0.0
2024-25,2025-05-18,S Hooper,5,5,18.0,8.0,10.0,4.4,0.0
2024-25,2025-05-18,S Hooper,10,10,18.3,8.4,9.9,4.7,0.0
2024-25,2024-11-09,T Bramall,3,1,26.0,14.0,12.0,5.0,0.0
2024-25,2024-11-09,T Bramall,5,1,26.0,14.0,12.0,5.0,0.0
2024-25,2024-11-09,T Bramall,10,1,26.0,14.0,12.0,5.0,0.0
2024-25,2024-12-14,T Bramall,3,2,24.5,10.5,14.0,5.5,0.0
2024-25,2024-12-14,T Bramall,5,2,24.5,10.5,14.0,5.5,0.0
2024-25,2024-12-14,T Bramall,10,2,24.5,10.5,14.0,5.5,0.0
2024-25,2024-12-26,T Bramall,3,3,24.666666666666668,11.333333333333334,13.333333333333334,5.0,0.0
2024-25,2024-12-26,T Bramall,5,3,24.666666666666668,11.333333333333334,13.333333333333334,5.0,0.0
2024-25,2024-12-26,T Bramall,10,3,24.666666666666668,11.333333333333334,13.333333333333334,5.0,0.0
2024-25,2025-01-18,T Bramall,3,3,23.666666666666668,11.0,12.666666666666666,3.6666666666666665,0.3333333333333333
2024-25,2025-01-18,T Bramall,5,4,24.25,11.75,12.5,4.0,0.25
2024-25,2025-01-18,T Bramall,10,4,24.25,11.75,12.5,4.0,0.25
2024-25,2025-02-15,T Bramall,3,3,23.0,13.0,10.0,1.6666666666666667,0.3333333333333333
2024-25,2025-02-15,T Bramall,5,5,23.6,12.0,11.6,3.2,0.2
2024-25,2025-02-15,T Bramall,10,5,23.6,12.0,11.6,3.2,0.2
2024-25,2025-02-25,T Bramall,3,3,19.666666666666668,10.666666666666666,9.0,1.3333333333333333,0.3333333333333333
2024-25,2025-02-25,T Bramall,5,5,21.4,10.4,11.0,2.8,0.2
2024-25,2025-02-25,T Bramall,10,6,22.166666666666668,11.0,11.166666666666666,3.1666666666666665,0.16666666666666666
2024-25,2025-03-16,T Bramall,3,3,16.0,8.333333333333334,7.666666666666667,1.6666666666666667,0.0
2024-25,2025-03-16,T Bramall,5,5,19.2,10.2,9.0,2.0,0.2
2024-25,2025-03-16,T Bramall,10,7,20.714285714285715,10.285714285714286,10.428571428571429,3.0,0.14285714285714285
2024-25,2025-04-12,T Bramall,3,3,14.0,7.666666666666667,6.333333333333333,3.0,0.0
2024-25,2025-04-12,T Bramall,5,5,17.2,9.8,7.4,2.0,0.2
2024-25,2025-04-12,T Bramall,10,8,20.0,10.375,9.625,3.125,0.125
2024-25,2025-04-27,T Bramall,3,3,17.333333333333332,11.0,6.333333333333333,3.0,0.0
2024-25,2025-04-27,T Bramall,5,5,17.6,10.4,7.2,2.4,0.0
2024-25,2025-04-27,T Bramall,10,9,20.555555555555557,11.0,9.555555555555555,3.111111111111111,0.1111111111111111
2024-25,2025-05-20,T Bramall,3,3,20.0,11.333333333333334,8.666666666666666,3.6666666666666665,0.6666666666666666
2024-25,2025-05-20,T Bramall,5,5,17.4,9.2,8.2,3.2,0.4
2024-25,2025-05-20,T Bramall,10,10,20.5,10.6,9.9,3.2,0.3
2024-25,2025-05-25,T Bramall,3,3,21.666666666666668,11.0,10.666666666666666,3.6666666666666665,1.0
2024-25,2025-05-25,T Bramall,5,5,18.4,10.0,8.4,3.4,0.6
2024-25,2025-05-25,T Bramall,10,10,19.9,10.2,9.7,3.1,0.4
2024-25,2024-08-17,T Harrington,3,1,29.0,18.0,11.0,3.0,0.0
2024-25,2024-08-17,T Harrington,5,1,29.0,18.0,11.0,3.0,0.0
2024-25,2024-08-17,T Harrington,10,1,29.0,18.0,11.0,3.0,0.0
2024-25,2024-09-14,T Harrington,3,2,27.5,14.5,13.0,3.0,0.0
2024-25,2024-09-14,T Harrington,5,2,27.5,14.5,13.0,3.0,0.0
2024-25,2024-09-14,T Harrington,10,2,27.5,14.5,13.0,3.0,0.0
2024-25,2024-09-21,T Harrington,3,3,25.666666666666668,13.0,12.666666666666666,3.6666666666666665,0.0
2024-25,2024-09-21,T Harrington,5,3,25.666666666666668,13.0,12.666666666666666,3.6666666666666665,0.0
2024-25,2024-09-21,T Harrington,10,3,25.666666666666668,13.0,12.666666666666666,3.6666666666666665,0.0
2024-25,2024-10-05,T Harrington,3,3,22.333333333333332,10.333333333333334,12.0,3.6666666666666665,0.0
2024-25,2024-10-05,T Harrington,5,4,24.0,12.25,11.75,3.5,0.0
2024-25,2024-10-05,T Harrington,10,4,24.0,12.25,11.75,3.5,0.0
2024-25,2024-10-26,T Harrington,3,3,19.666666666666668,9.666666666666666,10.0,4.0,0.0
2024-25,2024-10-26,T Harrington,5,5,22.8,11.6,11.2,3.6,0.0
2024-25,2024-10-26,T Harrington,10,5,22.8,11.6,11.2,3.6,0.0
2024-25,2024-11-02,T Harrington,3,3,21.666666666666668,9.666666666666666,12.0,3.0,0.0
2024-25,2024-11-02,T Harrington,5,5,22.6,10.0,12.6,3.4,0.0
2024-25,2024-11-02,T Harrington,10,6,23.666666666666668,11.333333333333334,12.333333333333334,3.3333333333333335,0.0
2024-25,2024-11-30,T Harrington,3,3,22.333333333333332,8.0,14.333333333333334,3.3333333333333335,0.0
2024-25,2024-11-30,T Harrington,5,5,21.6,8.8,12.8,3.6,0.0
2024-25,2024-11-30,T Harrington,10,7,23.285714285714285,10.428571428571429,12.857142857142858,3.4285714285714284,0.0
2024-25,2024-12-04,T Harrington,3,3,23.333333333333332,7.333333333333333,16.0,2.3333333333333335,0.3333333333333333
2024-25,2024-12-04,T Harrington,5,5,21.4,8.2,13.2,2.8,0.2
2024-25,2024-12-04,T Harrington,10,8,23.0,10.0,13.0,3.125,0.125
2024-25,2024-12-14,T Harrington,3,3,19.666666666666668,7.333333333333333,12.333333333333334,4.0,0.6666666666666666
2024-25,2024-12-14,T Harrington,5,5,21.0,8.2,12.8,3.6,0.4
2024-25,2024-12-14,T Harrington,10,9,22.333333333333332,10.0,12.333333333333334,3.5555555555555554,0.2222222222222222
2024-25,2024-12-26,T Harrington,3,3,20.666666666666668,9.666666666666666,11.0,4.0,1.0
2024-25,2024-12-26,T Harrington,5,5,22.2,8.8,13.4,3.6,0.6
2024-25,2024-12-26,T Harrington,10,10,22.5,10.2,12.3,3.6,0.3
2024-25,2024-12-29,T Harrington,3,3,21.333333333333332,11.666666666666666,9.666666666666666,5.333333333333333,0.6666666666666666
2024-25,2024-12-29,T Harrington,5,5,21.2,9.4,11.8,4.2,0.6
2024-25,2024-12-29,T Harrington,10,10,21.9,9.7,12.2,3.8,0.3
2024-25,2025-01-16,T Harrington,3,3,24.666666666666668,12.666666666666666,12.0,4.333333333333333,0.3333333333333333
2024-25,2025-01-16,T Harrington,5,5,22.4,11.0,11.4,4.2,0.6
2024-25,2025-01-16,T Harrington,10,10,22.0,9.9,12.1,3.9,0.3
2024-25,2025-01-26,T Harrington,3,3,23.0,11.333333333333334,11.666666666666666,4.333333333333333,0.0
2024-25,2025-01-26,T Harrington,5,5,22.0,11.2,10.8,4.8,0.4
2024-25,2025-01-26,T Harrington,10,10,21.7,9.7,12.0,3.8,0.3
2024-25,2025-02-21,T Harrington,3,3,22.0,10.333333333333334,11.666666666666666,4.0,0.0
2024-25,2025-02-21,T Harrington,5,5,22.6,11.2,11.4,4.2,0.2
2024-25,2025-02-21,T Harrington,10,10,21.8,9.7,12.1,3.9,0.3
2024-25,2025-04-01,T Harrington,3,3,22.333333333333332,11.333333333333334,11.0,4.666666666666667,0.0
2024-25,2025-04-01,T Harrington,5,5,23.4,12.0,11.4,4.6,0.0
2024-25,2025-04-01,T Harrington,10,10,22.8,10.4,12.4,4.1,0.3
2024-25,2025-04-26,T Harrington,3,3,23.333333333333332,12.0,11.333333333333334,4.0,0.0
2024-25,2025-04-26,T Harrington,5,5,23.2,11.4,11.8,4.0,0.0
2024-25,2025-04-26,T Harrington,10,10,22.2,10.4,11.8,4.1,0.3
2024-25,2025-05-11,T Harrington,3,3,24.0,12.333333333333334,11.666666666666666,4.666666666666667,0.0
2024-25,2025-05-11,T Harrington,5,5,22.2,11.0,11.2,4.4,0.0
2024-25,2025-05-11,T Harrington,10,10,22.3,11.0,11.3,4.3,0.3
2024-25,2025-05-25,T Harrington,3,3,21.666666666666668,11.0,10.666666666666666,4.333333333333333,0.0
2024-25,2025-05-25,T Harrington,5,5,22.6,11.8,10.8,4.6,0.0
2024-25,2025-05-25,T Harrington,10,10,22.3,11.5,10.8,4.7,0.2
2024-25,2024-08-17,T Robinson,3,1,27.0,9.0,18.0,4.0,0.0
2024-25,2024-08-17,T Robinson,5,1,27.0,9.0,18.0,4.0,0.0
2024-25,2024-08-17,T Robinson,10,1,27.0,9.0,18.0,4.0,0.0
2024-25,2024-09-14,T Robinson,3,2,30.0,12.0,18.0,4.5,0.0
2024-25,2024-09-14,T Robinson,5,2,30.0,12.0,18.0,4.5,0.0
2024-25,2024-09-14,T Robinson,10,2,30.0,12.0,18.0,4.5,0.0
2024-25,2024-09-21,T Robinson,3,3,29.0,11.666666666666666,17.333333333333332,6.0,0.0
2024-25,2024-09-21,T Robinson,5,3,29.0,11.666666666666666,17.333333333333332,6.0,0.0
2024-25,2024-09-21,T Robinson,10,3,29.0,11.666666666666666,17.333333333333332,6.0,0.0
2024-25,2024-10-21,T Robinson,3,3,27.0,11.666666666666666,15.333333333333334,6.333333333333333,0.0
2024-25,2024-10-21,T Robinson,5,4,27.0,11.0,16.0,5.75,0.0
2024-25,2024-10-21,T Robinson,10,4,27.0,11.0,16.0,5.75,0.0
2024-25,2024-11-02,T Robinson,3,3,23.0,10.333333333333334,12.666666666666666,6.666666666666667,0.3333333333333333
2024-25,2024-11-02,T Robinson,5,5,25.8,11.0,14.8,5.8,0.2
2024-25,2024-11-02,T Robinson,10,5,25.8,11.0,14.8,5.8,0.2
2024-25,2024-11-23,T Robinson,3,3,21.0,10.0,11.0,5.333333333333333,0.3333333333333333
2024-25,2024-11-23,T Robinson,5,5,24.6,11.2,13.4,6.0,0.2
2024-25,2024-11-23,T Robinson,10,6,25.0,10.833333333333334,14.166666666666666,5.666666666666667,0.16666666666666666
2024-25,2024-12-07,T Robinson,3,3,19.666666666666668,10.333333333333334,9.333333333333334,4.666666666666667,0.3333333333333333
2024-25,2024-12-07,T Robinson,5,5,21.4,10.2,11.2,5.6,0.2
2024-25,2024-12-07,T Robinson,10,7,23.857142857142858,10.714285714285714,13.142857142857142,5.285714285714286,0.14285714285714285
2024-25,2024-12-22,T Robinson,3,3,20.333333333333332,9.333333333333334,11.0,4.0,0.0
2024-25,2024-12-22,T Robinson,5,5,20.6,9.6,11.0,4.6,0.2
2024-25,2024-12-22,T Robinson,10,8,23.75,10.375,13.375,5.125,0.125
2024-25,2025-01-04,T Robinson,3,3,20.333333333333332,9.0,11.333333333333334,3.0,0.0
2024-25,2025-01-04,T Robinson,5,5,20.6,9.6,11.0,4.0,0.2
2024-25,2025-01-04,T Robinson,10,9,23.444444444444443,10.222222222222221,13.222222222222221,4.777777777777778,0.1111111111111111
2024-25,2025-01-25,T Robinson,3,3,21.0,8.333333333333334,12.666666666666666,4.333333333333333,0.0
2024-25,2025-01-25,T Robinson,5,5,20.2,9.0,11.2,4.2,0.0
2024-25,2025-01-25,T Robinson,10,10,23.0,10.0,13.0,5.0,0.1
2024-25,2025-02-22,T Robinson,3,3,23.0,10.666666666666666,12.333333333333334,4.0,0.0
2024-25,2025-02-22,T Robinson,5,5,21.8,10.0,11.8,3.8,0.0
2024-25,2025-02-22,T Robinson,10,10,23.2,10.6,12.6,4.9,0.1
2024-25,2025-03-09,T Robinson,3,3,24.333333333333332,11.666666666666666,12.666666666666666,3.6666666666666665,0.0
2024-25,2025-03-09,T Robinson,5,5,23.4,10.4,13.0,3.4,0.0
2024-25,2025-03-09,T Robinson,10,10,22.4,10.3,12.1,4.5,0.1
2024-25,2025-04-05,T Robinson,3,3,26.666666666666668,13.333333333333334,13.333333333333334,2.6666666666666665,0.0
2024-25,2025-04-05,T Robinson,5,5,24.0,11.4,12.6,3.4,0.0
2024-25,2025-04-05,T Robinson,10,10,22.3,10.5,11.8,4.0,0.1
2024-25,2025-04-19,T Robinson,3,3,23.0,10.666666666666666,12.333333333333334,3.6666666666666665,0.3333333333333333
2024-25,2025-04-19,T Robinson,5,5,23.4,11.0,12.4,4.2,0.2
2024-25,2025-04-19,T Robinson,10,10,22.0,10.3,11.7,4.1,0.2
2024-25,2025-05-10,T Robinson,3,3,20.333333333333332,9.666666666666666,10.666666666666666,4.0,0.3333333333333333
2024-25,2025-05-10,T Robinson,5,5,23.0,11.2,11.8,3.2,0.2
2024-25,2025-05-10,T Robinson,10,10,21.6,10.1,11.5,3.7,0.1
2024-25,2025-05-25,T Robinson,3,3,18.0,8.666666666666666,9.333333333333334,3.3333333333333335,0.3333333333333333
2024-25,2025-05-25,T Robinson,5,5,21.0,10.2,10.8,3.0,0.2
2024-25,2025-05-25,T Robinson,10,10,21.4,10.1,11.3,3.4,0.1
2025-26,2025-10-05,A Kitchen,3,1,24.0,9.0,15.0,4.0,0.0
2025-26,2025-10-05,A Kitchen,5,1,24.0,9.0,15.0,4.0,0.0
2025-26,2025-10-05,A Kitchen,10,1,24.0,9.0,15.0,4.0,0.0
2025-26,2025-11-08,A Kitchen,3,2,25.0,10.5,14.5,3.5,0.0
2025-26,2025-11-08,A Kitchen,5,2,25.0,10.5,14.5,3.5,0.0
2025-26,2025-11-08,A Kitchen,10,2,25.0,10.5,14.5,3.5,0.0
2025-26,2025-12-04,A Kitchen,3,3,24.0,11.333333333333334,12.666666666666666,3.6666666666666665,0.0
2025-26,2025-12-04,A Kitchen,5,3,24.0,11.333333333333334,12.666666666666666,3.6666666666666665,0.0
2025-26,2025-12-04,A Kitchen,10,3,24.0,11.333333333333334,12.666666666666666,3.6666666666666665,0.0
2025-26,2026-05-24,A Kitchen,3,3,23.0,11.666666666666666,11.333333333333334,3.6666666666666665,0.0
2025-26,2026-05-24,A Kitchen,5,4,23.25,11.0,12.25,3.75,0.0
2025-26,2026-05-24,A Kitchen,10,4,23.25,11.0,12.25,3.75,0.0
2025-26,2025-09-28,A Madley,3,1,23.0,10.0,13.0,5.0,0.0
2025-26,2025-09-28,A Madley,5,1,23.0,10.0,13.0,5.0,0.0
2025-26,2025-09-28,A Madley,10,1,23.0,10.0,13.0,5.0,0.0
2025-26,2025-10-20,A Madley,3,2,21.5,10.0,11.5,3.5,0.0
2025-26,2025-10-20,A Madley,5,2,21.5,10.0,11.5,3.5,0.0
2025-26,2025-10-20,A Madley,10,2,21.5,10.0,11.5,3.5,0.0
2025-26,2025-10-25,A Madley,3,3,23.666666666666668,11.666666666666666,12.0,3.0,0.0
2025-26,2025-10-25,A Madley,5,3,23.666666666666668,11.666666666666666,12.0,3.0,0.0
2025-26,2025-10-25,A Madley,10,3,23.666666666666668,11.666666666666666,12.0,3.0,0.0
2025-26,2025-11-08,A Madley,3,3,24.333333333333332,12.0,12.333333333333334,2.6666666666666665,0.0
2025-26,2025-11-08,A Madley,5,4,24.0,11.5,12.5,3.25,0.0
2025-26,2025-11-08,A Madley,10,4,24.0,11.5,12.5,3.25,0.0
2025-26,2025-11-22,A Madley,3,3,24.0,12.333333333333334,11.666666666666666,2.6666666666666665,0.0
2025-26,2025-11-22,A Madley,5,5,23.0,11.4,11.6,3.0,0.0
2025-26,2025-11-22,A Madley,10,5,23.0,11.4,11.6,3.0,0.0
2025-26,2025-12-03,A Madley,3,3,21.0,10.666666666666666,10.333333333333334,3.3333333333333335,0.0
2025-26,2025-12-03,A Madley,5,5,22.2,11.4,10.8,2.8,0.0
2025-26,2025-12-03,A Madley,10,6,22.333333333333332,11.166666666666666,11.166666666666666,3.1666666666666665,0.0
2025-26,2025-12-06,A Madley,3,3,19.0,10.0,9.0,2.3333333333333335,0.3333333333333333
2025-26,2025-12-06,A Madley,5,5,22.0,11.2,10.8,2.6,0.2
2025-26,2025-12-06,A Madley,10,7,21.857142857142858,10.857142857142858,11.0,2.857142857142857,0.14285714285714285
2025-26,2025-12-20,A Madley,3,3,21.666666666666668,10.666666666666666,11.0,4.666666666666667,0.3333333333333333
2025-26,2025-12-20,A Madley,5,5,21.8,10.8,11.0,4.0,0.2
2025-26,2025-12-20,A Madley,10,8,22.5,11.125,11.375,3.625,0.125
2025-26,2026-01-01,A Madley,3,3,21.333333333333332,10.0,11.333333333333334,4.333333333333333,0.3333333333333333
2025-26,2026-01-01,A Madley,5,5,20.4,10.2,10.2,3.8,0.2
2025-26,2026-01-01,A Madley,10,9,22.0,10.777777777777779,11.222222222222221,3.5555555555555554,0.1111111111111111
2025-26,2026-01-07,A Madley,3,3,18.666666666666668,9.666666666666666,9.0,4.666666666666667,0.0
2025-26,2026-01-07,A Madley,5,5,18.8,9.6,9.2,3.8,0.2
2025-26,2026-01-07,A Madley,10,10,20.9,10.5,10.4,3.4,0.1
2025-26,2026-01-17,A Madley,3,3,15.666666666666666,8.0,7.666666666666667,2.6666666666666665,0.0
2025-26,2026-01-17,A Madley,5,5,18.6,9.2,9.4,3.6,0.2
2025-26,2026-01-17,A Madley,10,10,20.4,10.3,10.1,3.2,0.1
2025-26,2026-02-07,A Madley,3,3,20.333333333333332,10.0,10.333333333333334,3.0,0.0
2025-26,2026-02-07,A Madley,5,5,21.2,10.2,11.0,4.2,0.0
2025-26,2026-02-07,A Madley,10,10,21.6,10.7,10.9,3.4,0.1
2025-26,2026-02-10,A Madley,3,3,26.333333333333332,12.0,14.333333333333334,3.6666666666666665,0.3333333333333333
2025-26,2026-02-10,A Madley,5,5,21.6,10.4,11.2,3.2,0.2
2025-26,2026-02-10,A Madley,10,10,21.7,10.6,11.1,3.6,0.2
2025-26,2026-03-01,A Madley,3,3,28.666666666666668,13.333333333333334,15.333333333333334,4.0,0.3333333333333333
2025-26,2026-03-01,A Madley,5,5,23.0,11.2,11.8,3.4,0.2
2025-26,2026-03-01,A Madley,10,10,21.7,10.7,11.0,3.6,0.2
2025-26,2026-03-05,A Madley,3,3,27.333333333333332,13.333333333333334,14.0,4.333333333333333,0.3333333333333333
2025-26,2026-03-05,A Madley,5,5,26.4,12.4,14.0,4.0,0.2
2025-26,2026-03-05,A Madley,10,10,22.6,11.0,11.6,3.9,0.2
2025-26,2026-03-14,A Madley,3,3,25.333333333333332,12.333333333333334,13.0,3.0,0.0
2025-26,2026-03-14,A Madley,5,5,27.4,13.0,14.4,3.4,0.2
2025-26,2026-03-14,A Madley,10,10,23.0,11.1,11.9,3.5,0.2
2025-26,2026-04-12,A Madley,3,3,26.666666666666668,14.0,12.666666666666666,2.6666666666666665,0.0
2025-26,2026-04-12,A Madley,5,5,26.8,13.6,13.2,3.2,0.2
2025-26,2026-04-12,A Madley,10,10,24.0,11.9,12.1,3.7,0.1
2025-26,2026-04-22,A Madley,3,3,24.666666666666668,12.666666666666666,12.0,1.0,0.0
2025-26,2026-04-22,A Madley,5,5,25.4,12.8,12.6,2.4,0.0
2025-26,2026-04-22,A Madley,10,10,23.5,11.6,11.9,2.8,0.1
2025-26,2026-04-25,A Madley,3,3,23.666666666666668,12.333333333333334,11.333333333333334,2.3333333333333335,0.0
2025-26,2026-04-25,A Madley,5,5,24.4,12.4,12.0,2.4,0.0
2025-26,2026-04-25,A Madley,10,10,23.7,11.8,11.9,2.9,0.1
2025-26,2026-05-09,A Madley,3,3,25.0,10.666666666666666,14.333333333333334,3.3333333333333335,0.6666666666666666
2025-26,2026-05-09,A Madley,5,5,25.4,12.0,13.4,2.6,0.4
2025-26,2026-05-09,A Madley,10,10,25.9,12.2,13.7,3.3,0.3
2025-26,2026-05-24,A Madley,3,3,21.666666666666668,10.0,11.666666666666666,3.6666666666666665,0.6666666666666666
2025-26,2026-05-24,A Madley,5,5,23.2,11.4,11.8,2.8,0.4
2025-26,2026-05-24,A Madley,10,10,25.3,12.2,13.1,3.1,0.3
2025-26,2025-08-15,A Taylor,3,1,17.0,7.0,10.0,3.0,0.0
2025-26,2025-08-15,A Taylor,5,1,17.0,7.0,10.0,3.0,0.0
2025-26,2025-08-15,A Taylor,10,1,17.0,7.0,10.0,3.0,0.0
2025-26,2025-08-24,A Taylor,3,2,19.5,9.0,10.5,4.5,0.0
2025-26,2025-08-24,A Taylor,5,2,19.5,9.0,10.5,4.5,0.0
2025-26,2025-08-24,A Taylor,10,2,19.5,9.0,10.5,4.5,0.0
2025-26,2025-08-30,A Taylor,3,3,20.666666666666668,9.666666666666666,11.0,4.666666666666667,0.0
2025-26,2025-08-30,A Taylor,5,3,20.666666666666668,9.666666666666666,11.0,4.666666666666667,0.0
2025-26,2025-08-30,A Taylor,10,3,20.666666666666668,9.666666666666666,11.0,4.666666666666667,0.0
2025-26,2025-09-14,A Taylor,3,3,20.333333333333332,10.0,10.333333333333334,3.6666666666666665,0.0
2025-26,2025-09-14,A Taylor,5,4,19.5,9.25,10.25,3.5,0.0
2025-26,2025-09-14,A Taylor,10,4,19.5,9.25,10.25,3.5,0.0
2025-26,2025-09-20,A Taylor,3,3,19.666666666666668,10.0,9.666666666666666,2.3333333333333335,0.0
2025-26,2025-09-20,A Taylor,5,5,19.6,9.6,10.0,3.2,0.0
2025-26,2025-09-20,A Taylor,10,5,19.6,9.6,10.0,3.2,0.0
2025-26,2025-10-04,A Taylor,3,3,17.666666666666668,9.333333333333334,8.333333333333334,1.3333333333333333,0.0
2025-26,2025-10-04,A Taylor,5,5,19.6,10.0,9.6,3.0,0.0
2025-26,2025-10-04,A Taylor,10,6,19.166666666666668,9.5,9.666666666666666,3.0,0.0
2025-26,2025-10-18,A Taylor,3,3,17.333333333333332,10.333333333333334,7.0,1.3333333333333333,0.0
2025-26,2025-10-18,A Taylor,5,5,18.2,10.0,8.2,1.8,0.0
2025-26,2025-10-18,A Taylor,10,7,18.571428571428573,9.714285714285714,8.857142857142858,2.5714285714285716,0.0
2025-26,2025-10-25,A Taylor,3,3,16.333333333333332,8.0,8.333333333333334,2.0,0.0
2025-26,2025-10-25,A Taylor,5,5,17.0,8.6,8.4,1.6,0.0
2025-26,2025-10-25,A Taylor,10,8,18.375,9.0,9.375,2.75,0.0
2025-26,2025-11-02,A Taylor,3,3,17.0,7.666666666666667,9.333333333333334,2.6666666666666665,0.0
2025-26,2025-11-02,A Taylor,5,5,17.6,8.6,9.0,2.4,0.0
2025-26,2025-11-02,A Taylor,10,9,18.444444444444443,8.88888888888889,9.555555555555555,2.888888888888889,0.0
2025-26,2025-11-22,A Taylor,3,3,19.333333333333332,8.333333333333334,11.0,4.333333333333333,0.0
2025-26,2025-11-22,A Taylor,5,5,18.0,9.0,9.0,3.0,0.0
2025-26,2025-11-22,A Taylor,10,10,18.8,9.3,9.5,3.1,0.0
2025-26,2025-11-30,A Taylor,3,3,22.0,11.0,11.0,5.333333333333333,0.3333333333333333
2025-26,2025-11-30,A Taylor,5,5,19.6,9.6,10.0,4.0,0.2
2025-26,2025-11-30,A Taylor,10,10,19.6,9.8,9.8,3.5,0.1
2025-26,2025-12-06,A Taylor,3,3,25.0,13.0,12.0,6.0,0.3333333333333333
2025-26,2025-12-06,A Taylor,5,5,22.2,10.2,12.0,5.2,0.2
2025-26,2025-12-06,A Taylor,10,10,20.2,10.1,10.1,3.5,0.1
2025-26,2025-12-14,A Taylor,3,3,28.0,14.666666666666666,13.333333333333334,5.333333333333333,0.3333333333333333
2025-26,2025-12-14,A Taylor,5,5,25.0,13.0,12.0,5.0,0.2
2025-26,2025-12-14,A Taylor,10,10,21.0,10.8,10.2,3.3,0.1
2025-26,2025-12-22,A Taylor,3,3,24.333333333333332,12.333333333333334,12.0,6.0,0.0
2025-26,2025-12-22,A Taylor,5,5,24.0,12.4,11.6,6.0,0.2
2025-26,2025-12-22,A Taylor,10,10,20.8,10.5,10.3,4.2,0.1
2025-26,2025-12-26,A Taylor,3,3,19.666666666666668,10.666666666666666,9.0,5.0,0.0
2025-26,2025-12-26,A Taylor,5,5,22.4,11.6,10.8,5.6,0.2
2025-26,2025-12-26,A Taylor,10,10,20.2,10.3,9.9,4.3,0.1
2025-26,2026-01-04,A Taylor,3,3,15.0,7.666666666666667,7.333333333333333,4.666666666666667,0.0
2025-26,2026-01-04,A Taylor,5,5,20.8,11.0,9.8,4.6,0.0
2025-26,2026-01-04,A Taylor,10,10,20.2,10.3,9.9,4.3,0.1
2025-26,2026-01-08,A Taylor,3,3,16.666666666666668,9.333333333333334,7.333333333333333,3.0,0.0
2025-26,2026-01-08,A Taylor,5,5,19.0,10.2,8.8,4.2,0.0
2025-26,2026-01-08,A Taylor,10,10,20.6,10.2,10.4,4.7,0.1
2025-26,2026-01-17,A Taylor,3,3,19.0,10.666666666666666,8.333333333333334,3.6666666666666665,0.0
2025-26,2026-01-17,A Taylor,5,5,17.0,9.2,7.8,4.6,0.0
2025-26,2026-01-17,A Taylor,10,10,21.0,11.1,9.9,4.8,0.1
2025-26,2026-01-31,A Taylor,3,3,21.333333333333332,11.333333333333334,10.0,4.666666666666667,0.3333333333333333
2025-26,2026-01-31,A Taylor,5,5,19.0,10.4,8.6,3.8,0.2
2025-26,2026-01-31,A Taylor,10,10,21.5,11.4,10.1,4.9,0.2
2025-26,2026-02-07,A Taylor,3,3,20.0,9.333333333333334,10.666666666666666,4.0,0.3333333333333333
2025-26,2026-02-07,A Taylor,5,5,19.2,9.4,9.8,3.6,0.2
2025-26,2026-02-07,A Taylor,10,10,20.8,10.5,10.3,4.6,0.2
2025-26,2026-02-10,A Taylor,3,3,21.666666666666668,10.0,11.666666666666666,4.0,0.3333333333333333
2025-26,2026-02-10,A Taylor,5,5,21.0,10.6,10.4,4.2,0.2
2025-26,2026-02-10,A Taylor,10,10,20.9,10.8,10.1,4.4,0.1
2025-26,2026-02-22,A Taylor,3,3,21.0,10.666666666666666,10.333333333333334,3.0,0.0
2025-26,2026-02-22,A Taylor,5,5,21.6,11.2,10.4,3.8,0.2
2025-26,2026-02-22,A Taylor,10,10,20.3,10.7,9.6,4.0,0.1
2025-26,2026-03-15,A Taylor,3,3,21.0,12.666666666666666,8.333333333333334,4.0,0.0
2025-26,2026-03-15,A Taylor,5,5,20.4,10.6,9.8,3.8,0.2
2025-26,2026-03-15,A Taylor,10,10,18.7,9.9,8.8,4.2,0.1
2025-26,2026-03-22,A Taylor,3,3,21.333333333333332,10.333333333333334,11.0,4.666666666666667,0.0
2025-26,2026-03-22,A Taylor,5,5,21.0,10.0,11.0,4.2,0.0
2025-26,2026-03-22,A Taylor,10,10,20.0,10.2,9.8,4.0,0.1
2025-26,2026-04-11,A Taylor,3,3,18.666666666666668,9.333333333333334,9.333333333333334,4.0,0.0
2025-26,2026-04-11,A Taylor,5,5,20.8,11.2,9.6,3.8,0.0
2025-26,2026-04-11,A Taylor,10,10,20.0,10.3,9.7,3.7,0.1
2025-26,2026-04-19,A Taylor,3,3,19.333333333333332,7.666666666666667,11.666666666666666,3.6666666666666665,0.0
2025-26,2026-04-19,A Taylor,5,5,19.0,9.2,9.8,3.6,0.0
2025-26,2026-04-19,A Taylor,10,10,20.0,9.9,10.1,3.9,0.1
2025-26,2026-04-25,A Taylor,3,3,17.666666666666668,7.666666666666667,10.0,3.6666666666666665,0.0
2025-26,2026-04-25,A Taylor,5,5,19.0,8.2,10.8,4.6,0.0
2025-26,2026-04-25,A Taylor,10,10,20.3,9.7,10.6,4.2,0.1
2025-26,2026-05-04,A Taylor,3,3,20.333333333333332,8.333333333333334,12.0,5.0,0.0
2025-26,2026-05-04,A Taylor,5,5,20.4,8.6,11.8,4.4,0.0
2025-26,2026-05-04,A Taylor,10,10,20.4,9.6,10.8,4.1,0.1
2025-26,2026-05-10,A Taylor,3,3,23.333333333333332,12.666666666666666,10.666666666666666,4.333333333333333,0.0
2025-26,2026-05-10,A Taylor,5,5,20.2,10.6,9.6,3.4,0.0
2025-26,2026-05-10,A Taylor,10,10,20.6,10.3,10.3,3.8,0.0
2025-26,2026-05-19,A Taylor,3,3,23.666666666666668,15.333333333333334,8.333333333333334,4.0,0.0
2025-26,2026-05-19,A Taylor,5,5,22.0,11.8,10.2,4.6,0.0
2025-26,2026-05-19,A Taylor,10,10,21.4,11.5,9.9,4.2,0.0
2025-26,2026-05-24,A Taylor,3,3,24.666666666666668,15.0,9.666666666666666,3.6666666666666665,0.0
2025-26,2026-05-24,A Taylor,5,5,23.6,13.0,10.6,4.4,0.0
2025-26,2026-05-24,A Taylor,10,10,21.3,11.1,10.2,4.0,0.0
2025-26,2025-08-18,C Kavanagh,3,1,14.0,6.0,8.0,2.0,0.0
2025-26,2025-08-18,C Kavanagh,5,1,14.0,6.0,8.0,2.0,0.0
2025-26,2025-08-18,C Kavanagh,10,1,14.0,6.0,8.0,2.0,0.0
2025-26,2025-08-24,C Kavanagh,3,2,18.0,9.0,9.0,2.0,0.0
2025-26,2025-08-24,C Kavanagh,5,2,18.0,9.0,9.0,2.0,0.0
2025-26,2025-08-24,C Kavanagh,10,2,18.0,9.0,9.0,2.0,0.0
2025-26,2025-08-31,C Kavanagh,3,3,17.666666666666668,8.333333333333334,9.333333333333334,2.6666666666666665,0.0
2025-26,2025-08-31,C Kavanagh,5,3,17.666666666666668,8.333333333333334,9.333333333333334,2.6666666666666665,0.0
2025-26,2025-08-31,C Kavanagh,10,3,17.666666666666668,8.333333333333334,9.333333333333334,2.6666666666666665,0.0
2025-26,2025-09-13,C Kavanagh,3,3,22.0,9.666666666666666,12.333333333333334,3.6666666666666665,0.0
2025-26,2025-09-13,C Kavanagh,5,4,20.0,8.75,11.25,3.25,0.0
2025-26,2025-09-13,C Kavanagh,10,4,20.0,8.75,11.25,3.25,0.0
2025-26,2025-09-20,C Kavanagh,3,3,22.333333333333332,9.0,13.333333333333334,4.0,0.0
2025-26,2025-09-20,C Kavanagh,5,5,20.6,9.0,11.6,3.2,0.0
2025-26,2025-09-20,C Kavanagh,10,5,20.6,9.0,11.6,3.2,0.0
2025-26,2025-09-27,C Kavanagh,3,3,22.666666666666668,10.0,12.666666666666666,4.0,0.0
2025-26,2025-09-27,C Kavanagh,5,5,21.4,9.8,11.6,3.6,0.0
2025-26,2025-09-27,C Kavanagh,10,6,20.166666666666668,9.166666666666666,11.0,3.3333333333333335,0.0
2025-26,2025-10-18,C Kavanagh,3,3,23.333333333333332,11.0,12.333333333333334,3.6666666666666665,0.3333333333333333
2025-26,2025-10-18,C Kavanagh,5,5,22.8,10.0,12.8,4.0,0.2
2025-26,2025-10-18,C Kavanagh,10,7,21.428571428571427,9.714285714285714,11.714285714285714,3.4285714285714284,0.14285714285714285
2025-26,2025-11-01,C Kavanagh,3,3,23.333333333333332,11.0,12.333333333333334,3.6666666666666665,0.3333333333333333
2025-26,2025-11-01,C Kavanagh,5,5,24.0,10.6,13.4,3.8,0.2
2025-26,2025-11-01,C Kavanagh,10,8,21.625,9.75,11.875,3.375,0.125
2025-26,2025-11-09,C Kavanagh,3,3,27.0,12.333333333333334,14.666666666666666,4.333333333333333,0.3333333333333333
2025-26,2025-11-09,C Kavanagh,5,5,24.4,11.4,13.0,4.0,0.2
2025-26,2025-11-09,C Kavanagh,10,9,22.444444444444443,10.222222222222221,12.222222222222221,3.6666666666666665,0.1111111111111111
2025-26,2025-11-22,C Kavanagh,3,3,23.666666666666668,11.333333333333334,12.333333333333334,5.0,0.0
2025-26,2025-11-22,C Kavanagh,5,5,23.6,11.4,12.2,4.6,0.2
2025-26,2025-11-22,C Kavanagh,10,10,22.1,10.2,11.9,3.9,0.1
2025-26,2025-11-30,C Kavanagh,3,3,27.333333333333332,12.333333333333334,15.0,5.333333333333333,0.0
2025-26,2025-11-30,C Kavanagh,5,5,26.8,12.0,14.8,4.6,0.2
2025-26,2025-11-30,C Kavanagh,10,10,24.1,10.9,13.2,4.1,0.1
2025-26,2025-12-06,C Kavanagh,3,3,28.333333333333332,13.333333333333334,15.0,5.666666666666667,0.0
2025-26,2025-12-06,C Kavanagh,5,5,27.4,12.8,14.6,5.2,0.0
2025-26,2025-12-06,C Kavanagh,10,10,25.1,11.4,13.7,4.6,0.1
2025-26,2025-12-20,C Kavanagh,3,3,29.333333333333332,13.666666666666666,15.666666666666666,4.333333333333333,0.0
2025-26,2025-12-20,C Kavanagh,5,5,27.2,13.0,14.2,5.0,0.0
2025-26,2025-12-20,C Kavanagh,10,10,25.6,11.8,13.8,4.4,0.1
2025-26,2025-12-27,C Kavanagh,3,3,23.333333333333332,12.0,11.333333333333334,4.333333333333333,0.0
2025-26,2025-12-27,C Kavanagh,5,5,24.6,11.8,12.8,4.6,0.0
2025-26,2025-12-27,C Kavanagh,10,10,24.5,11.6,12.9,4.3,0.1
2025-26,2026-01-01,C Kavanagh,3,3,18.666666666666668,9.666666666666666,9.0,2.6666666666666665,0.0
2025-26,2026-01-01,C Kavanagh,5,5,24.4,11.8,12.6,3.8,0.0
2025-26,2026-01-01,C Kavanagh,10,10,24.0,11.6,12.4,4.2,0.1
2025-26,2026-01-03,C Kavanagh,3,3,18.333333333333332,10.333333333333334,8.0,3.3333333333333335,0.0
2025-26,2026-01-03,C Kavanagh,5,5,21.8,11.8,10.0,3.8,0.0
2025-26,2026-01-03,C Kavanagh,10,10,24.3,11.9,12.4,4.2,0.1
2025-26,2026-01-17,C Kavanagh,3,3,18.666666666666668,9.666666666666666,9.0,4.0,0.0
2025-26,2026-01-17,C Kavanagh,5,5,18.8,9.6,9.2,3.6,0.0
2025-26,2026-01-17,C Kavanagh,10,10,23.1,11.2,11.9,4.4,0.0
2025-26,2026-01-31,C Kavanagh,3,3,21.666666666666668,10.666666666666666,11.0,4.333333333333333,0.0
2025-26,2026-01-31,C Kavanagh,5,5,19.8,10.0,9.8,3.8,0.0
2025-26,2026-01-31,C Kavanagh,10,10,23.5,11.5,12.0,4.4,0.0
2025-26,2026-02-11,C Kavanagh,3,3,20.666666666666668,9.0,11.666666666666666,3.3333333333333335,0.0
2025-26,2026-02-11,C Kavanagh,5,5,20.2,10.0,10.2,3.2,0.0
2025-26,2026-02-11,C Kavanagh,10,10,22.4,10.9,11.5,3.9,0.0
2025-26,2026-03-01,C Kavanagh,3,3,23.333333333333332,11.333333333333334,12.0,2.6666666666666665,0.3333333333333333
2025-26,2026-03-01,C Kavanagh,5,5,21.6,10.6,11.0,3.6,0.2
2025-26,2026-03-01,C Kavanagh,10,10,23.0,11.2,11.8,3.7,0.1
2025-26,2026-03-04,C Kavanagh,3,3,23.0,11.666666666666666,11.333333333333334,3.3333333333333335,0.3333333333333333
2025-26,2026-03-04,C Kavanagh,5,5,22.6,10.8,11.8,3.8,0.2
2025-26,2026-03-04,C Kavanagh,10,10,22.2,11.3,10.9,3.8,0.1
2025-26,2026-03-15,C Kavanagh,3,3,24.0,11.666666666666666,12.333333333333334,3.0,0.3333333333333333
2025-26,2026-03-15,C Kavanagh,5,5,23.4,11.2,12.2,2.6,0.2
2025-26,2026-03-15,C Kavanagh,10,10,21.1,10.4,10.7,3.1,0.1
2025-26,2026-03-21,C Kavanagh,3,3,20.666666666666668,9.333333333333334,11.333333333333334,3.0,0.3333333333333333
2025-26,2026-03-21,C Kavanagh,5,5,21.0,9.8,11.2,2.8,0.4
2025-26,2026-03-21,C Kavanagh,10,10,20.4,9.9,10.5,3.3,0.2
2025-26,2026-04-12,C Kavanagh,3,3,20.0,8.0,12.0,2.6666666666666665,0.3333333333333333
2025-26,2026-04-12,C Kavanagh,5,5,22.2,10.2,12.0,3.4,0.4
2025-26,2026-04-12,C Kavanagh,10,10,21.2,10.1,11.1,3.3,0.2
2025-26,2026-04-19,C Kavanagh,3,3,19.666666666666668,8.0,11.666666666666666,3.3333333333333335,0.3333333333333333
2025-26,2026-04-19,C Kavanagh,5,5,21.2,9.2,12.0,3.0,0.2
2025-26,2026-04-19,C Kavanagh,10,10,21.4,9.9,11.5,3.3,0.2
2025-26,2026-04-27,C Kavanagh,3,3,19.666666666666668,8.0,11.666666666666666,4.0,0.0
2025-26,2026-04-27,C Kavanagh,5,5,19.0,7.6,11.4,3.2,0.2
2025-26,2026-04-27,C Kavanagh,10,10,20.8,9.2,11.6,3.5,0.2
2025-26,2026-05-02,C Kavanagh,3,3,19.0,8.0,11.0,4.666666666666667,0.0
2025-26,2026-05-02,C Kavanagh,5,5,19.2,8.0,11.2,4.4,0.2
2025-26,2026-05-02,C Kavanagh,10,10,21.3,9.6,11.7,3.5,0.2
2025-26,2026-05-10,C Kavanagh,3,3,21.0,10.0,11.0,6.333333333333333,0.0
2025-26,2026-05-10,C Kavanagh,5,5,21.4,9.6,11.8,5.0,0.0
2025-26,2026-05-10,C Kavanagh,10,10,21.2,9.7,11.5,3.9,0.2
2025-26,2026-05-15,C Kavanagh,3,3,23.0,12.0,11.0,5.666666666666667,0.0
2025-26,2026-05-15,C Kavanagh,5,5,20.8,10.0,10.8,5.0,0.0
2025-26,2026-05-15,C Kavanagh,10,10,21.5,10.1,11.4,4.2,0.2
2025-26,2026-05-24,C Kavanagh,3,3,26.666666666666668,13.666666666666666,13.0,5.333333333333333,0.0
2025-26,2026-05-24,C Kavanagh,5,5,23.4,11.4,12.0,5.6,0.0
2025-26,2026-05-24,C Kavanagh,10,10,22.3,10.3,12.0,4.3,0.1
2025-26,2025-08-16,C Pawson,3,1,24.0,13.0,11.0,2.0,1.0
2025-26,2025-08-16,C Pawson,5,1,24.0,13.0,11.0,2.0,1.0
2025-26,2025-08-16,C Pawson,10,1,24.0,13.0,11.0,2.0,1.0
2025-26,2025-08-31,C Pawson,3,2,22.0,13.5,8.5,1.0,0.5
2025-26,2025-08-31,C Pawson,5,2,22.0,13.5,8.5,1.0,0.5
2025-26,2025-08-31,C Pawson,10,2,22.0,13.5,8.5,1.0,0.5
2025-26,2025-09-13,C Pawson,3,3,26.333333333333332,15.666666666666666,10.666666666666666,1.6666666666666667,0.3333333333333333
2025-26,2025-09-13,C Pawson,5,3,26.333333333333332,15.666666666666666,10.666666666666666,1.6666666666666667,0.3333333333333333
2025-26,2025-09-13,C Pawson,10,3,26.333333333333332,15.666666666666666,10.666666666666666,1.6666666666666667,0.3333333333333333
2025-26,2025-09-27,C Pawson,3,3,26.333333333333332,16.0,10.333333333333334,2.3333333333333335,0.0
2025-26,2025-09-27,C Pawson,5,4,25.75,15.25,10.5,2.25,0.25
2025-26,2025-09-27,C Pawson,10,4,25.75,15.25,10.5,2.25,0.25
2025-26,2025-10-18,C Pawson,3,3,25.666666666666668,14.333333333333334,11.333333333333334,2.6666666666666665,0.0
2025-26,2025-10-18,C Pawson,5,5,24.2,14.0,10.2,2.0,0.2
2025-26,2025-10-18,C Pawson,10,5,24.2,14.0,10.2,2.0,0.2
2025-26,2025-10-26,C Pawson,3,3,19.666666666666668,10.666666666666666,9.0,2.3333333333333335,0.0
2025-26,2025-10-26,C Pawson,5,5,22.8,13.2,9.6,2.0,0.0
2025-26,2025-10-26,C Pawson,10,6,23.0,13.166666666666666,9.833333333333334,2.0,0.16666666666666666
2025-26,2025-11-08,C Pawson,3,3,20.333333333333332,10.333333333333334,10.0,2.0,0.0
2025-26,2025-11-08,C Pawson,5,5,24.0,13.0,11.0,2.6,0.0
2025-26,2025-11-08,C Pawson,10,7,23.428571428571427,13.142857142857142,10.285714285714286,2.142857142857143,0.14285714285714285
2025-26,2025-11-29,C Pawson,3,3,17.666666666666668,8.666666666666666,9.0,1.6666666666666667,0.0
2025-26,2025-11-29,C Pawson,5,5,19.0,9.8,9.2,2.0,0.0
2025-26,2025-11-29,C Pawson,10,8,21.75,12.0,9.75,1.875,0.125
2025-26,2025-12-02,C Pawson,3,3,17.333333333333332,8.666666666666666,8.666666666666666,1.3333333333333333,0.0
2025-26,2025-12-02,C Pawson,5,5,17.4,8.8,8.6,1.4,0.0
2025-26,2025-12-02,C Pawson,10,9,21.11111111111111,11.666666666666666,9.444444444444445,1.7777777777777777,0.1111111111111111
2025-26,2025-12-13,C Pawson,3,3,16.333333333333332,7.0,9.333333333333334,1.3333333333333333,0.0
2025-26,2025-12-13,C Pawson,5,5,18.4,8.6,9.8,1.8,0.0
2025-26,2025-12-13,C Pawson,10,10,21.3,11.3,10.0,1.9,0.1
2025-26,2025-12-27,C Pawson,3,3,18.333333333333332,8.333333333333334,10.0,2.0,0.0
2025-26,2025-12-27,C Pawson,5,5,18.2,8.4,9.8,1.8,0.0
2025-26,2025-12-27,C Pawson,10,10,20.5,10.8,9.7,1.9,0.0
2025-26,2026-01-04,C Pawson,3,3,18.0,9.0,9.0,2.3333333333333335,0.0
2025-26,2026-01-04,C Pawson,5,5,16.0,8.0,8.0,1.6,0.0
2025-26,2026-01-04,C Pawson,10,10,20.0,10.5,9.5,2.1,0.0
2025-26,2026-01-25,C Pawson,3,3,17.0,10.0,7.0,2.0,0.0
2025-26,2026-01-25,C Pawson,5,5,18.0,9.4,8.6,2.0,0.0
2025-26,2026-01-25,C Pawson,10,10,18.5,9.6,8.9,2.0,0.0
2025-26,2026-02-08,C Pawson,3,3,21.333333333333332,11.666666666666666,9.666666666666666,3.3333333333333335,0.3333333333333333
2025-26,2026-02-08,C Pawson,5,5,20.6,10.2,10.4,3.0,0.2
2025-26,2026-02-08,C Pawson,10,10,19.0,9.5,9.5,2.2,0.1
2025-26,2026-02-22,C Pawson,3,3,22.666666666666668,10.0,12.666666666666666,3.3333333333333335,0.3333333333333333
2025-26,2026-02-22,C Pawson,5,5,19.8,9.8,10.0,2.8,0.2
2025-26,2026-02-22,C Pawson,10,10,19.1,9.2,9.9,2.3,0.1
2025-26,2026-02-27,C Pawson,3,3,26.666666666666668,10.666666666666666,16.0,4.666666666666667,0.3333333333333333
2025-26,2026-02-27,C Pawson,5,5,23.0,10.8,12.2,3.6,0.2
2025-26,2026-02-27,C Pawson,10,10,20.6,9.6,11.0,2.7,0.1
2025-26,2026-03-03,C Pawson,3,3,23.333333333333332,9.333333333333334,14.0,3.6666666666666665,0.0
2025-26,2026-03-03,C Pawson,5,5,23.8,10.4,13.4,3.8,0.2
2025-26,2026-03-03,C Pawson,10,10,19.9,9.2,10.7,2.7,0.1
2025-26,2026-04-21,C Pawson,3,3,24.0,12.333333333333334,11.666666666666666,3.6666666666666665,0.0
2025-26,2026-04-21,C Pawson,5,5,24.0,11.2,12.8,3.8,0.2
2025-26,2026-04-21,C Pawson,10,10,21.0,10.3,10.7,2.9,0.1
2025-26,2026-05-02,C Pawson,3,3,20.0,10.666666666666666,9.333333333333334,3.0,0.0
2025-26,2026-05-02,C Pawson,5,5,22.2,10.2,12.0,3.4,0.0
2025-26,2026-05-02,C Pawson,10,10,21.4,10.2,11.2,3.2,0.1
2025-26,2026-05-09,C Pawson,3,3,25.0,13.333333333333334,11.666666666666666,4.0,0.0
2025-26,2026-05-09,C Pawson,5,5,25.2,12.4,12.8,4.2,0.0
2025-26,2026-05-09,C Pawson,10,10,22.5,11.1,11.4,3.5,0.1
2025-26,2026-05-24,C Pawson,3,3,24.0,12.0,12.0,4.0,0.0
2025-26,2026-05-24,C Pawson,5,5,22.4,12.0,10.4,3.4,0.0
2025-26,2026-05-24,C Pawson,10,10,22.7,11.4,11.3,3.5,0.1
2025-26,2025-08-17,D England,3,1,22.0,10.0,12.0,5.0,0.0
2025-26,2025-08-17,D England,5,1,22.0,10.0,12.0,5.0,0.0
2025-26,2025-08-17,D England,10,1,22.0,10.0,12.0,5.0,0.0
2025-26,2025-08-31,D England,3,2,26.0,13.0,13.0,4.5,0.0
2025-26,2025-08-31,D England,5,2,26.0,13.0,13.0,4.5,0.0
2025-26,2025-08-31,D England,10,2,26.0,13.0,13.0,4.5,0.0
2025-26,2025-09-13,D England,3,3,23.666666666666668,11.333333333333334,12.333333333333334,3.6666666666666665,0.0
2025-26,2025-09-13,D England,5,3,23.666666666666668,11.333333333333334,12.333333333333334,3.6666666666666665,0.0
2025-26,2025-09-13,D England,10,3,23.666666666666668,11.333333333333334,12.333333333333334,3.6666666666666665,0.0
2025-26,2025-09-20,D England,3,3,23.333333333333332,11.666666666666666,11.666666666666666,3.6666666666666665,0.0
2025-26,2025-09-20,D England,5,4,23.0,11.25,11.75,4.0,0.0
2025-26,2025-09-20,D England,10,4,23.0,11.25,11.75,4.0,0.0
2025-26,2025-10-05,D England,3,3,18.666666666666668,9.666666666666666,9.0,4.0,0.0
2025-26,2025-10-05,D England,5,5,21.6,11.0,10.6,4.2,0.0
2025-26,2025-10-05,D England,10,5,21.6,11.0,10.6,4.2,0.0
2025-26,2025-11-01,D England,3,3,18.0,10.333333333333334,7.666666666666667,4.0,0.0
2025-26,2025-11-01,D England,5,5,20.6,11.0,9.6,3.6,0.0
2025-26,2025-11-01,D England,10,6,20.833333333333332,10.833333333333334,10.0,3.8333333333333335,0.0
2025-26,2025-11-22,D England,3,3,17.0,8.333333333333334,8.666666666666666,4.333333333333333,0.0
2025-26,2025-11-22,D England,5,5,18.2,8.8,9.4,4.0,0.0
2025-26,2025-11-22,D England,10,7,20.428571428571427,10.0,10.428571428571429,4.142857142857143,0.0
2025-26,2025-11-30,D England,3,3,20.333333333333332,9.0,11.333333333333334,3.0,0.3333333333333333
2025-26,2025-11-30,D England,5,5,19.6,9.6,10.0,3.8,0.2
2025-26,2025-11-30,D England,10,8,21.125,10.25,10.875,3.75,0.125
2025-26,2025-12-03,D England,3,3,22.333333333333332,9.0,13.333333333333334,3.0,0.3333333333333333
2025-26,2025-12-03,D England,5,5,20.0,9.4,10.6,3.2,0.2
2025-26,2025-12-03,D England,10,9,21.333333333333332,10.222222222222221,11.11111111111111,3.5555555555555554,0.1111111111111111
2025-26,2025-12-14,D England,3,3,21.333333333333332,10.333333333333334,11.0,1.6666666666666667,0.3333333333333333
2025-26,2025-12-14,D England,5,5,19.8,9.2,10.6,2.6,0.2
2025-26,2025-12-14,D England,10,10,20.7,10.1,10.6,3.4,0.1
2025-26,2025-12-20,D England,3,3,21.333333333333332,10.0,11.333333333333334,2.6666666666666665,0.0
2025-26,2025-12-20,D England,5,5,21.6,9.4,12.2,3.0,0.2
2025-26,2025-12-20,D England,10,10,21.1,10.2,10.9,3.3,0.1
2025-26,2025-12-30,D England,3,3,22.666666666666668,12.666666666666666,10.0,3.6666666666666665,0.0
2025-26,2025-12-30,D England,5,5,23.4,12.0,11.4,2.8,0.2
2025-26,2025-12-30,D England,10,10,20.8,10.4,10.4,3.4,0.1
2025-26,2026-01-07,D England,3,3,27.333333333333332,16.0,11.333333333333334,5.0,0.0
2025-26,2026-01-07,D England,5,5,24.0,13.4,10.6,3.8,0.0
2025-26,2026-01-07,D England,10,10,21.8,11.5,10.3,3.8,0.1
2025-26,2026-01-25,D England,3,3,25.666666666666668,16.0,9.666666666666666,5.0,0.3333333333333333
2025-26,2026-01-25,D England,5,5,23.6,13.6,10.0,4.2,0.2
2025-26,2026-01-25,D England,10,10,21.8,11.5,10.3,3.7,0.2
2025-26,2026-02-07,D England,3,3,23.666666666666668,13.666666666666666,10.0,4.666666666666667,0.3333333333333333
2025-26,2026-02-07,D England,5,5,24.8,14.0,10.8,4.6,0.2
2025-26,2026-02-07,D England,10,10,22.3,11.6,10.7,3.6,0.2
2025-26,2026-02-23,D England,3,3,20.333333333333332,11.333333333333334,9.0,4.333333333333333,0.3333333333333333
2025-26,2026-02-23,D England,5,5,23.4,14.2,9.2,4.8,0.2
2025-26,2026-02-23,D England,10,10,22.5,11.8,10.7,3.9,0.2
2025-26,2026-03-01,D England,3,3,21.666666666666668,11.333333333333334,10.333333333333334,4.333333333333333,0.3333333333333333
2025-26,2026-03-01,D England,5,5,23.0,12.8,10.2,4.6,0.4
2025-26,2026-03-01,D England,10,10,23.2,12.4,10.8,3.7,0.3
2025-26,2026-03-04,D England,3,3,20.0,11.0,9.0,4.333333333333333,0.3333333333333333
2025-26,2026-03-04,D England,5,5,20.4,11.0,9.4,4.2,0.4
2025-26,2026-03-04,D England,10,10,22.2,12.2,10.0,4.0,0.2
2025-26,2026-03-21,D England,3,3,21.0,10.666666666666666,10.333333333333334,6.0,0.3333333333333333
2025-26,2026-03-21,D England,5,5,20.6,11.0,9.6,5.4,0.2
2025-26,2026-03-21,D England,10,10,22.1,12.3,9.8,4.8,0.2
2025-26,2026-04-20,D England,3,3,21.0,11.333333333333334,9.666666666666666,5.666666666666667,0.0
2025-26,2026-04-20,D England,5,5,21.4,11.4,10.0,5.2,0.2
2025-26,2026-04-20,D England,10,10,23.1,12.7,10.4,4.9,0.2
2025-26,2026-04-24,D England,3,3,25.0,12.333333333333334,12.666666666666666,6.666666666666667,0.0
2025-26,2026-04-24,D England,5,5,23.2,11.6,11.6,5.6,0.2
2025-26,2026-04-24,D England,10,10,23.3,12.9,10.4,5.2,0.2
2025-26,2026-05-03,D England,3,3,25.333333333333332,12.666666666666666,12.666666666666666,4.666666666666667,0.0
2025-26,2026-05-03,D England,5,5,22.8,11.8,11.0,5.6,0.0
2025-26,2026-05-03,D England,10,10,22.9,12.3,10.6,5.1,0.2
2025-26,2026-05-24,D England,3,3,23.0,11.333333333333334,11.666666666666666,5.333333333333333,0.0
2025-26,2026-05-24,D England,5,5,23.2,11.6,11.6,5.8,0.0
2025-26,2026-05-24,D England,10,10,21.8,11.3,10.5,5.0,0.2
2025-26,2026-01-24,F Hallam,3,1,30.0,16.0,14.0,4.0,0.0
2025-26,2026-01-24,F Hallam,5,1,30.0,16.0,14.0,4.0,0.0
2025-26,2026-01-24,F Hallam,10,1,30.0,16.0,14.0,4.0,0.0
2025-26,2026-02-11,F Hallam,3,2,24.5,13.5,11.0,3.5,0.0
2025-26,2026-02-11,F Hallam,5,2,24.5,13.5,11.0,3.5,0.0
2025-26,2026-02-11,F Hallam,10,2,24.5,13.5,11.0,3.5,0.0
2025-26,2026-04-11,F Hallam,3,3,20.666666666666668,11.0,9.666666666666666,3.0,0.0
2025-26,2026-04-11,F Hallam,5,3,20.666666666666668,11.0,9.666666666666666,3.0,0.0
2025-26,2026-04-11,F Hallam,10,3,20.666666666666668,11.0,9.666666666666666,3.0,0.0
2025-26,2026-04-18,F Hallam,3,3,19.333333333333332,8.666666666666666,10.666666666666666,2.6666666666666665,0.0
2025-26,2026-04-18,F Hallam,5,4,22.0,10.5,11.5,3.0,0.0
2025-26,2026-04-18,F Hallam,10,4,22.0,10.5,11.5,3.0,0.0
2025-26,2026-05-24,F Hallam,3,3,20.0,8.0,12.0,2.0,0.0
2025-26,2026-05-24,F Hallam,5,5,21.8,10.2,11.6,2.6,0.0
2025-26,2026-05-24,F Hallam,10,5,21.8,10.2,11.6,2.6,0.0
2025-26,2025-10-04,J Brooks,3,1,28.0,14.0,14.0,2.0,0.0
2025-26,2025-10-04,J Brooks,5,1,28.0,14.0,14.0,2.0,0.0
2025-26,2025-10-04,J Brooks,10,1,28.0,14.0,14.0,2.0,0.0
2025-26,2025-11-01,J Brooks,3,2,27.5,13.5,14.0,3.0,0.5
2025-26,2025-11-01,J Brooks,5,2,27.5,13.5,14.0,3.0,0.5
2025-26,2025-11-01,J Brooks,10,2,27.5,13.5,14.0,3.0,0.5
2025-26,2025-11-09,J Brooks,3,3,27.666666666666668,11.666666666666666,16.0,3.3333333333333335,0.3333333333333333
2025-26,2025-11-09,J Brooks,5,3,27.666666666666668,11.666666666666666,16.0,3.3333333333333335,0.3333333333333333
2025-26,2025-11-09,J Brooks,10,3,27.666666666666668,11.666666666666666,16.0,3.3333333333333335,0.3333333333333333
2025-26,2025-12-14,J Brooks,3,3,24.0,9.666666666666666,14.333333333333334,2.6666666666666665,0.3333333333333333
2025-26,2025-12-14,J Brooks,5,4,25.0,10.75,14.25,2.5,0.25
2025-26,2025-12-14,J Brooks,10,4,25.0,10.75,14.25,2.5,0.25
2025-26,2025-12-20,J Brooks,3,3,20.333333333333332,8.333333333333334,12.0,3.3333333333333335,0.6666666666666666
2025-26,2025-12-20,J Brooks,5,5,23.2,10.4,12.8,3.2,0.6
2025-26,2025-12-20,J Brooks,10,5,23.2,10.4,12.8,3.2,0.6
2025-26,2025-12-27,J Brooks,3,3,17.666666666666668,8.0,9.666666666666666,3.6666666666666665,0.6666666666666666
2025-26,2025-12-27,J Brooks,5,5,21.6,9.0,12.6,3.8,0.6
2025-26,2025-12-27,J Brooks,10,6,22.666666666666668,9.833333333333334,12.833333333333334,3.5,0.5
2025-26,2026-01-04,J Brooks,3,3,17.666666666666668,7.0,10.666666666666666,5.0,0.6666666666666666
2025-26,2026-01-04,J Brooks,5,5,19.6,7.4,12.2,3.8,0.4
2025-26,2026-01-04,J Brooks,10,7,21.857142857142858,9.142857142857142,12.714285714285714,3.5714285714285716,0.42857142857142855
2025-26,2026-01-17,J Brooks,3,3,18.0,6.333333333333333,11.666666666666666,4.666666666666667,0.0
2025-26,2026-01-17,J Brooks,5,5,17.4,7.2,10.2,4.0,0.4
2025-26,2026-01-17,J Brooks,10,8,21.25,8.875,12.375,3.75,0.375
2025-26,2026-02-01,J Brooks,3,3,16.333333333333332,6.0,10.333333333333334,4.0,0.0
2025-26,2026-02-01,J Brooks,5,5,17.0,6.8,10.2,4.6,0.4
2025-26,2026-02-01,J Brooks,10,9,20.555555555555557,8.555555555555555,12.0,3.6666666666666665,0.3333333333333333
2025-26,2026-02-12,J Brooks,3,3,18.333333333333332,8.333333333333334,10.0,4.333333333333333,0.0
2025-26,2026-02-12,J Brooks,5,5,18.4,7.4,11.0,4.4,0.0
2025-26,2026-02-12,J Brooks,10,10,20.8,8.9,11.9,3.8,0.3
2025-26,2026-05-09,J Brooks,3,3,19.333333333333332,9.0,10.333333333333334,3.6666666666666665,0.0
2025-26,2026-05-09,J Brooks,5,5,18.4,7.8,10.6,4.0,0.0
2025-26,2026-05-09,J Brooks,10,10,20.0,8.4,11.6,3.9,0.3
2025-26,2026-05-17,J Brooks,3,3,22.0,11.666666666666666,10.333333333333334,3.6666666666666665,0.0
2025-26,2026-05-17,J Brooks,5,5,19.6,9.6,10.0,3.8,0.0
2025-26,2026-05-17,J Brooks,10,10,19.6,8.5,11.1,3.8,0.2
2025-26,2025-08-16,J Gillett,3,1,20.0,13.0,7.0,3.0,0.0
2025-26,2025-08-16,J Gillett,5,1,20.0,13.0,7.0,3.0,0.0
2025-26,2025-08-16,J Gillett,10,1,20.0,13.0,7.0,3.0,0.0
2025-26,2025-08-23,J Gillett,3,2,19.5,10.5,9.0,2.5,0.0
2025-26,2025-08-23,J Gillett,5,2,19.5,10.5,9.0,2.5,0.0
2025-26,2025-08-23,J Gillett,10,2,19.5,10.5,9.0,2.5,0.0
2025-26,2025-09-13,J Gillett,3,3,18.0,9.666666666666666,8.333333333333334,2.0,0.3333333333333333
2025-26,2025-09-13,J Gillett,5,3,18.0,9.666666666666666,8.333333333333334,2.0,0.3333333333333333
2025-26,2025-09-13,J Gillett,10,3,18.0,9.666666666666666,8.333333333333334,2.0,0.3333333333333333
2025-26,2025-09-28,J Gillett,3,3,17.0,8.0,9.0,2.0,0.3333333333333333
2025-26,2025-09-28,J Gillett,5,4,17.75,9.25,8.5,2.25,0.25
2025-26,2025-09-28,J Gillett,10,4,17.75,9.25,8.5,2.25,0.25
2025-26,2025-10-05,J Gillett,3,3,18.0,9.666666666666666,8.333333333333334,3.3333333333333335,0.3333333333333333
2025-26,2025-10-05,J Gillett,5,5,18.6,10.0,8.6,3.0,0.2
2025-26,2025-10-05,J Gillett,10,5,18.6,10.0,8.6,3.0,0.2
2025-26,2025-10-18,J Gillett,3,3,21.0,9.666666666666666,11.333333333333334,4.666666666666667,0.0
2025-26,2025-10-18,J Gillett,5,5,19.4,9.0,10.4,3.4,0.2
2025-26,2025-10-18,J Gillett,10,6,19.5,9.666666666666666,9.833333333333334,3.3333333333333335,0.16666666666666666
2025-26,2025-11-01,J Gillett,3,3,24.0,11.666666666666666,12.333333333333334,5.666666666666667,0.0
2025-26,2025-11-01,J Gillett,5,5,20.8,10.2,10.6,4.2,0.2
2025-26,2025-11-01,J Gillett,10,7,20.428571428571427,10.285714285714286,10.142857142857142,3.7142857142857144,0.14285714285714285
2025-26,2025-11-09,J Gillett,3,3,23.666666666666668,10.666666666666666,13.0,4.666666666666667,0.0
2025-26,2025-11-09,J Gillett,5,5,22.0,10.6,11.4,4.6,0.0
2025-26,2025-11-09,J Gillett,10,8,20.5,10.25,10.25,3.625,0.125
2025-26,2025-12-28,J Gillett,3,3,19.666666666666668,10.333333333333334,9.333333333333334,4.666666666666667,0.0
2025-26,2025-12-28,J Gillett,5,5,21.0,10.4,10.6,5.0,0.0
2025-26,2025-12-28,J Gillett,10,9,19.555555555555557,9.88888888888889,9.666666666666666,3.7777777777777777,0.1111111111111111
2025-26,2026-01-01,J Gillett,3,3,16.0,8.666666666666666,7.333333333333333,3.3333333333333335,0.0
2025-26,2026-01-01,J Gillett,5,5,19.6,9.6,10.0,4.2,0.0
2025-26,2026-01-01,J Gillett,10,10,19.1,9.8,9.3,3.6,0.1
2025-26,2026-01-04,J Gillett,3,3,15.0,8.333333333333334,6.666666666666667,2.6666666666666665,0.0
2025-26,2026-01-04,J Gillett,5,5,18.4,9.8,8.6,3.4,0.0
2025-26,2026-01-04,J Gillett,10,10,18.9,9.4,9.5,3.4,0.1
2025-26,2026-01-17,J Gillett,3,3,20.666666666666668,10.0,10.666666666666666,3.6666666666666665,0.0
2025-26,2026-01-17,J Gillett,5,5,19.0,9.4,9.6,3.8,0.0
2025-26,2026-01-17,J Gillett,10,10,19.9,9.8,10.1,4.0,0.1
2025-26,2026-01-25,J Gillett,3,3,22.0,9.333333333333334,12.666666666666666,4.0,0.0
2025-26,2026-01-25,J Gillett,5,5,18.6,8.8,9.8,3.8,0.0
2025-26,2026-01-25,J Gillett,10,10,20.3,9.7,10.6,4.2,0.0
2025-26,2026-02-07,J Gillett,3,3,22.333333333333332,9.333333333333334,13.0,4.333333333333333,0.0
2025-26,2026-02-07,J Gillett,5,5,20.0,9.2,10.8,3.2,0.0
2025-26,2026-02-07,J Gillett,10,10,20.5,9.8,10.7,4.1,0.0
2025-26,2026-02-21,J Gillett,3,3,20.333333333333332,8.333333333333334,12.0,2.6666666666666665,0.0
2025-26,2026-02-21,J Gillett,5,5,21.6,9.2,12.4,3.4,0.0
2025-26,2026-02-21,J Gillett,10,10,20.6,9.4,11.2,3.8,0.0
2025-26,2026-02-28,J Gillett,3,3,23.0,11.0,12.0,3.6666666666666665,0.0
2025-26,2026-02-28,J Gillett,5,5,23.4,10.4,13.0,4.4,0.0
2025-26,2026-02-28,J Gillett,10,10,20.9,10.1,10.8,3.9,0.0
2025-26,2026-03-04,J Gillett,3,3,23.0,11.333333333333334,11.666666666666666,4.666666666666667,0.0
2025-26,2026-03-04,J Gillett,5,5,21.4,10.0,11.4,3.8,0.0
2025-26,2026-03-04,J Gillett,10,10,20.2,9.7,10.5,3.8,0.0
2025-26,2026-03-21,J Gillett,3,3,20.333333333333332,10.333333333333334,10.0,4.333333333333333,0.0
2025-26,2026-03-21,J Gillett,5,5,20.6,9.8,10.8,3.6,0.0
2025-26,2026-03-21,J Gillett,10,10,19.6,9.3,10.3,3.7,0.0
2025-26,2026-04-10,J Gillett,3,3,17.333333333333332,9.0,8.333333333333334,3.6666666666666665,0.0
2025-26,2026-04-10,J Gillett,5,5,20.4,10.2,10.2,4.0,0.0
2025-26,2026-04-10,J Gillett,10,10,20.2,9.7,10.5,3.6,0.0
2025-26,2026-05-02,J Gillett,3,3,17.333333333333332,8.0,9.333333333333334,2.3333333333333335,0.0
2025-26,2026-05-02,J Gillett,5,5,19.6,9.8,9.8,3.6,0.0
2025-26,2026-05-02,J Gillett,10,10,20.6,9.5,11.1,3.5,0.0
2025-26,2026-05-11,J Gillett,3,3,18.666666666666668,10.0,8.666666666666666,3.0,0.0
2025-26,2026-05-11,J Gillett,5,5,18.0,9.2,8.8,3.2,0.0
2025-26,2026-05-11,J Gillett,10,10,20.7,9.8,10.9,3.8,0.0
2025-26,2026-05-17,J Gillett,3,3,19.0,9.0,10.0,3.0,0.0
2025-26,2026-05-17,J Gillett,5,5,18.0,8.8,9.2,3.0,0.0
2025-26,2026-05-17,J Gillett,10,10,19.7,9.4,10.3,3.4,0.0
2025-26,2026-02-21,L Smith,3,1,24.0,13.0,11.0,4.0,1.0
2025-26,2026-02-21,L Smith,5,1,24.0,13.0,11.0,4.0,1.0
2025-26,2026-02-21,L Smith,10,1,24.0,13.0,11.0,4.0,1.0
2025-26,2025-12-20,M Donohue,3,1,27.0,12.0,15.0,6.0,0.0
2025-26,2025-12-20,M Donohue,5,1,27.0,12.0,15.0,6.0,0.0
2025-26,2025-12-20,M Donohue,10,1,27.0,12.0,15.0,6.0,0.0
2025-26,2026-01-07,M Donohue,3,2,26.5,12.5,14.0,4.5,0.0
2025-26,2026-01-07,M Donohue,5,2,26.5,12.5,14.0,4.5,0.0
2025-26,2026-01-07,M Donohue,10,2,26.5,12.5,14.0,4.5,0.0
2025-26,2026-03-04,M Donohue,3,3,26.333333333333332,13.0,13.333333333333334,5.0,0.0
2025-26,2026-03-04,M Donohue,5,3,26.333333333333332,13.0,13.333333333333334,5.0,0.0
2025-26,2026-03-04,M Donohue,10,3,26.333333333333332,13.0,13.333333333333334,5.0,0.0
2025-26,2025-08-16,M Oliver,3,1,22.0,14.0,8.0,0.0,0.0
2025-26,2025-08-16,M Oliver,5,1,22.0,14.0,8.0,0.0,0.0
2025-26,2025-08-16,M Oliver,10,1,22.0,14.0,8.0,0.0,0.0
2025-26,2025-08-22,M Oliver,3,2,19.5,10.5,9.0,0.5,0.0
2025-26,2025-08-22,M Oliver,5,2,19.5,10.5,9.0,0.5,0.0
2025-26,2025-08-22,M Oliver,10,2,19.5,10.5,9.0,0.5,0.0
2025-26,2025-08-30,M Oliver,3,3,21.333333333333332,12.0,9.333333333333334,0.6666666666666666,0.0
2025-26,2025-08-30,M Oliver,5,3,21.333333333333332,12.0,9.333333333333334,0.6666666666666666,0.0
2025-26,2025-08-30,M Oliver,10,3,21.333333333333332,12.0,9.333333333333334,0.6666666666666666,0.0
2025-26,2025-09-14,M Oliver,3,3,20.0,10.333333333333334,9.666666666666666,1.3333333333333333,0.0
2025-26,2025-09-14,M Oliver,5,4,20.5,11.25,9.25,1.0,0.0
2025-26,2025-09-14,M Oliver,10,4,20.5,11.25,9.25,1.0,0.0
2025-26,2025-09-20,M Oliver,3,3,22.333333333333332,11.666666666666666,10.666666666666666,2.6666666666666665,0.0
2025-26,2025-09-20,M Oliver,5,5,21.2,11.2,10.0,1.8,0.0
2025-26,2025-09-20,M Oliver,10,5,21.2,11.2,10.0,1.8,0.0
2025-26,2025-09-27,M Oliver,3,3,22.333333333333332,10.666666666666666,11.666666666666666,3.6666666666666665,0.0
2025-26,2025-09-27,M Oliver,5,5,21.8,10.8,11.0,2.6,0.0
2025-26,2025-09-27,M Oliver,10,6,21.833333333333332,11.333333333333334,10.5,2.1666666666666665,0.0
2025-26,2025-10-19,M Oliver,3,3,23.666666666666668,10.333333333333334,13.333333333333334,3.6666666666666665,0.0
2025-26,2025-10-19,M Oliver,5,5,22.8,11.0,11.8,2.8,0.0
2025-26,2025-10-19,M Oliver,10,7,21.857142857142858,10.857142857142858,11.0,2.142857142857143,0.0
2025-26,2025-10-26,M Oliver,3,3,23.666666666666668,9.333333333333334,14.333333333333334,3.6666666666666665,0.0
2025-26,2025-10-26,M Oliver,5,5,22.6,9.6,13.0,3.6,0.0
2025-26,2025-10-26,M Oliver,10,8,22.125,10.5,11.625,2.5,0.0
2025-26,2025-11-01,M Oliver,3,3,21.0,8.666666666666666,12.333333333333334,2.6666666666666665,0.0
2025-26,2025-11-01,M Oliver,5,5,22.4,9.8,12.6,3.4,0.0
2025-26,2025-11-01,M Oliver,10,9,21.555555555555557,10.444444444444445,11.11111111111111,2.3333333333333335,0.0
2025-26,2025-11-23,M Oliver,3,3,22.333333333333332,9.666666666666666,12.666666666666666,3.3333333333333335,0.0
2025-26,2025-11-23,M Oliver,5,5,22.8,9.8,13.0,3.2,0.0
2025-26,2025-11-23,M Oliver,10,10,22.0,10.5,11.5,2.5,0.0
2025-26,2025-11-30,M Oliver,3,3,21.333333333333332,10.666666666666666,10.666666666666666,2.0,0.0
2025-26,2025-11-30,M Oliver,5,5,22.0,9.6,12.4,2.6,0.0
2025-26,2025-11-30,M Oliver,10,10,21.9,10.2,11.7,2.6,0.0
2025-26,2025-12-06,M Oliver,3,3,25.0,12.333333333333334,12.666666666666666,2.3333333333333335,0.0
2025-26,2025-12-06,M Oliver,5,5,23.2,11.0,12.2,2.6,0.0
2025-26,2025-12-06,M Oliver,10,10,23.0,11.0,12.0,2.7,0.0
2025-26,2025-12-13,M Oliver,3,3,21.666666666666668,11.333333333333334,10.333333333333334,2.0,0.0
2025-26,2025-12-13,M Oliver,5,5,21.6,11.0,10.6,2.2,0.0
2025-26,2025-12-13,M Oliver,10,10,22.1,10.3,11.8,2.9,0.0
2025-26,2025-12-21,M Oliver,3,3,23.0,11.333333333333334,11.666666666666666,2.6666666666666665,0.0
2025-26,2025-12-21,M Oliver,5,5,23.2,11.2,12.0,2.6,0.0
2025-26,2025-12-21,M Oliver,10,10,22.8,10.5,12.3,3.0,0.0
2025-26,2025-12-30,M Oliver,3,3,20.333333333333332,10.0,10.333333333333334,2.3333333333333335,0.0
2025-26,2025-12-30,M Oliver,5,5,22.0,11.2,10.8,2.0,0.0
2025-26,2025-12-30,M Oliver,10,10,22.4,10.5,11.9,2.6,0.0
2025-26,2026-01-04,M Oliver,3,3,23.666666666666668,11.333333333333334,12.333333333333334,3.3333333333333335,0.0
2025-26,2026-01-04,M Oliver,5,5,23.0,11.4,11.6,3.0,0.0
2025-26,2026-01-04,M Oliver,10,10,22.5,10.5,12.0,2.8,0.0
2025-26,2026-01-17,M Oliver,3,3,22.666666666666668,10.333333333333334,12.333333333333334,3.0,0.0
2025-26,2026-01-17,M Oliver,5,5,21.8,10.0,11.8,3.0,0.0
2025-26,2026-01-17,M Oliver,10,10,22.5,10.5,12.0,2.8,0.0
2025-26,2026-01-24,M Oliver,3,3,21.333333333333332,10.0,11.333333333333334,3.3333333333333335,0.0
2025-26,2026-01-24,M Oliver,5,5,21.8,10.4,11.4,2.8,0.0
2025-26,2026-01-24,M Oliver,10,10,21.7,10.7,11.0,2.5,0.0
2025-26,2026-01-31,M Oliver,3,3,21.333333333333332,9.666666666666666,11.666666666666666,3.3333333333333335,0.0
2025-26,2026-01-31,M Oliver,5,5,22.0,10.4,11.6,3.4,0.0
2025-26,2026-01-31,M Oliver,10,10,22.6,10.8,11.8,3.0,0.0
2025-26,2026-02-07,M Oliver,3,3,21.666666666666668,11.0,10.666666666666666,3.6666666666666665,0.3333333333333333
2025-26,2026-02-07,M Oliver,5,5,22.6,10.6,12.0,3.8,0.2
2025-26,2026-02-07,M Oliver,10,10,22.3,10.9,11.4,2.9,0.1
2025-26,2026-02-21,M Oliver,3,3,25.333333333333332,11.333333333333334,14.0,4.666666666666667,0.3333333333333333
2025-26,2026-02-21,M Oliver,5,5,22.8,10.4,12.4,3.6,0.2
2025-26,2026-02-21,M Oliver,10,10,22.9,10.9,12.0,3.3,0.1
2025-26,2026-03-14,M Oliver,3,3,23.0,12.333333333333334,10.666666666666666,4.0,0.3333333333333333
2025-26,2026-03-14,M Oliver,5,5,22.2,11.6,10.6,4.0,0.2
2025-26,2026-03-14,M Oliver,10,10,22.0,10.8,11.2,3.5,0.1
2025-26,2026-03-22,M Oliver,3,3,24.0,12.666666666666666,11.333333333333334,4.0,0.0
2025-26,2026-03-22,M Oliver,5,5,24.2,12.2,12.0,4.2,0.2
2025-26,2026-03-22,M Oliver,10,10,23.0,11.3,11.7,3.5,0.1
2025-26,2026-04-11,M Oliver,3,3,25.0,13.0,12.0,3.6666666666666665,0.0
2025-26,2026-04-11,M Oliver,5,5,25.0,12.4,12.6,3.8,0.2
2025-26,2026-04-11,M Oliver,10,10,23.5,11.4,12.1,3.6,0.1
2025-26,2026-04-18,M Oliver,3,3,27.0,12.333333333333334,14.666666666666666,3.6666666666666665,0.0
2025-26,2026-04-18,M Oliver,5,5,25.4,12.4,13.0,4.0,0.0
2025-26,2026-04-18,M Oliver,10,10,24.0,11.5,12.5,3.9,0.1
2025-26,2026-04-25,M Oliver,3,3,27.0,12.666666666666666,14.333333333333334,4.0,0.0
2025-26,2026-04-25,M Oliver,5,5,25.2,13.0,12.2,3.8,0.0
2025-26,2026-04-25,M Oliver,10,10,24.0,11.7,12.3,3.7,0.1
2025-26,2026-05-04,M Oliver,3,3,23.666666666666668,13.666666666666666,10.0,4.333333333333333,0.0
2025-26,2026-05-04,M Oliver,5,5,25.4,13.2,12.2,4.0,0.0
2025-26,2026-05-04,M Oliver,10,10,23.8,12.4,11.4,4.0,0.1
2025-26,2026-05-17,M Oliver,3,3,20.666666666666668,12.666666666666666,8.0,3.3333333333333335,0.0
2025-26,2026-05-17,M Oliver,5,5,23.4,12.4,11.0,3.6,0.0
2025-26,2026-05-17,M Oliver,10,10,23.8,12.3,11.5,3.9,0.1
2025-26,2026-05-24,M Oliver,3,3,21.0,13.0,8.0,4.666666666666667,0.3333333333333333
2025-26,2026-05-24,M Oliver,5,5,22.8,13.0,9.8,4.4,0.2
2025-26,2026-05-24,M Oliver,10,10,23.9,12.7,11.2,4.1,0.2
2025-26,2025-08-23,M Salisbury,3,1,14.0,9.0,5.0,1.0,0.0
2025-26,2025-08-23,M Salisbury,5,1,14.0,9.0,5.0,1.0,0.0
2025-26,2025-08-23,M Salisbury,10,1,14.0,9.0,5.0,1.0,0.0
2025-26,2025-09-27,M Salisbury,3,2,17.0,9.0,8.0,3.0,0.0
2025-26,2025-09-27,M Salisbury,5,2,17.0,9.0,8.0,3.0,0.0
2025-26,2025-09-27,M Salisbury,10,2,17.0,9.0,8.0,3.0,0.0
2025-26,2025-10-05,M Salisbury,3,3,21.0,10.333333333333334,10.666666666666666,3.6666666666666665,0.0
2025-26,2025-10-05,M Salisbury,5,3,21.0,10.333333333333334,10.666666666666666,3.6666666666666665,0.0
2025-26,2025-10-05,M Salisbury,10,3,21.0,10.333333333333334,10.666666666666666,3.6666666666666665,0.0
2025-26,2025-11-08,M Salisbury,3,3,25.666666666666668,12.333333333333334,13.333333333333334,4.666666666666667,0.0
2025-26,2025-11-08,M Salisbury,5,4,22.75,11.5,11.25,3.75,0.0
2025-26,2025-11-08,M Salisbury,10,4,22.75,11.5,11.25,3.75,0.0
2025-26,2025-12-02,M Salisbury,3,3,28.333333333333332,14.0,14.333333333333334,5.0,0.0
2025-26,2025-12-02,M Salisbury,5,5,23.8,12.0,11.8,4.2,0.0
2025-26,2025-12-02,M Salisbury,10,5,23.8,12.0,11.8,4.2,0.0
2025-26,2025-12-08,M Salisbury,3,3,28.333333333333332,15.333333333333334,13.0,5.0,0.0
2025-26,2025-12-08,M Salisbury,5,5,26.8,13.6,13.2,5.0,0.0
2025-26,2025-12-08,M Salisbury,10,6,24.666666666666668,12.833333333333334,11.833333333333334,4.333333333333333,0.0
2025-26,2025-12-30,M Salisbury,3,3,28.666666666666668,14.0,14.666666666666666,6.333333333333333,0.0
2025-26,2025-12-30,M Salisbury,5,5,28.6,14.0,14.6,5.6,0.0
2025-26,2025-12-30,M Salisbury,10,7,25.285714285714285,12.571428571428571,12.714285714285714,4.857142857142857,0.0
2025-26,2026-01-07,M Salisbury,3,3,26.333333333333332,13.0,13.333333333333334,6.0,0.0
2025-26,2026-01-07,M Salisbury,5,5,27.0,13.6,13.4,5.6,0.0
2025-26,2026-01-07,M Salisbury,10,8,24.75,12.375,12.375,4.875,0.0
2025-26,2026-01-24,M Salisbury,3,3,21.333333333333332,9.666666666666666,11.666666666666666,5.0,0.0
2025-26,2026-01-24,M Salisbury,5,5,24.2,12.0,12.2,5.2,0.0
2025-26,2026-01-24,M Salisbury,10,9,23.555555555555557,11.777777777777779,11.777777777777779,4.555555555555555,0.0
2025-26,2026-02-01,M Salisbury,3,3,17.0,7.333333333333333,9.666666666666666,3.6666666666666665,0.0
2025-26,2026-02-01,M Salisbury,5,5,21.8,10.0,11.8,4.8,0.0
2025-26,2026-02-01,M Salisbury,10,10,22.8,11.0,11.8,4.5,0.0
2025-26,2026-04-12,M Salisbury,3,3,18.333333333333332,8.666666666666666,9.666666666666666,3.3333333333333335,0.0
2025-26,2026-04-12,M Salisbury,5,5,21.0,9.6,11.4,4.6,0.0
2025-26,2026-04-12,M Salisbury,10,10,23.9,11.6,12.3,4.8,0.0
2025-26,2026-04-22,M Salisbury,3,3,19.0,8.333333333333334,10.666666666666666,3.6666666666666665,0.0
2025-26,2026-04-22,M Salisbury,5,5,18.4,8.6,9.8,3.6,0.0
2025-26,2026-04-22,M Salisbury,10,10,23.5,11.3,12.2,4.6,0.0
2025-26,2026-05-09,M Salisbury,3,3,21.0,9.666666666666666,11.333333333333334,4.333333333333333,0.0
2025-26,2026-05-09,M Salisbury,5,5,18.6,8.0,10.6,3.8,0.0
2025-26,2026-05-09,M Salisbury,10,10,22.8,10.8,12.0,4.7,0.0
2025-26,2026-05-17,M Salisbury,3,3,18.0,8.333333333333334,9.666666666666666,4.0,0.0
2025-26,2026-05-17,M Salisbury,5,5,19.0,8.8,10.2,4.0,0.0
2025-26,2026-05-17,M Salisbury,10,10,21.6,10.4,11.2,4.6,0.0
2025-26,2025-08-17,P Bankes,3,1,22.0,7.0,15.0,3.0,0.0
2025-26,2025-08-17,P Bankes,5,1,22.0,7.0,15.0,3.0,0.0
2025-26,2025-08-17,P Bankes,10,1,22.0,7.0,15.0,3.0,0.0
2025-26,2025-08-23,P Bankes,3,2,20.5,7.0,13.5,4.0,0.0
2025-26,2025-08-23,P Bankes,5,2,20.5,7.0,13.5,4.0,0.0
2025-26,2025-08-23,P Bankes,10,2,20.5,7.0,13.5,4.0,0.0
2025-26,2025-08-30,P Bankes,3,3,22.0,8.0,14.0,3.3333333333333335,0.0
2025-26,2025-08-30,P Bankes,5,3,22.0,8.0,14.0,3.3333333333333335,0.0
2025-26,2025-08-30,P Bankes,10,3,22.0,8.0,14.0,3.3333333333333335,0.0
2025-26,2025-09-13,P Bankes,3,3,23.333333333333332,11.0,12.333333333333334,5.0,0.0
2025-26,2025-09-13,P Bankes,5,4,23.0,10.0,13.0,4.5,0.0
2025-26,2025-09-13,P Bankes,10,4,23.0,10.0,13.0,4.5,0.0
2025-26,2025-09-20,P Bankes,3,3,26.0,13.0,13.0,5.0,0.6666666666666666
2025-26,2025-09-20,P Bankes,5,5,23.8,10.6,13.2,4.6,0.4
2025-26,2025-09-20,P Bankes,10,5,23.8,10.6,13.2,4.6,0.4
2025-26,2025-10-05,P Bankes,3,3,28.0,15.0,13.0,5.666666666666667,0.6666666666666666
2025-26,2025-10-05,P Bankes,5,5,25.6,12.4,13.2,4.8,0.4
2025-26,2025-10-05,P Bankes,10,6,25.0,11.5,13.5,4.5,0.3333333333333333
2025-26,2025-10-25,P Bankes,3,3,29.0,13.333333333333334,15.666666666666666,3.6666666666666665,0.6666666666666666
2025-26,2025-10-25,P Bankes,5,5,27.6,13.2,14.4,4.2,0.4
2025-26,2025-10-25,P Bankes,10,7,25.571428571428573,11.428571428571429,14.142857142857142,4.142857142857143,0.2857142857142857
2025-26,2025-11-01,P Bankes,3,3,26.0,11.333333333333334,14.666666666666666,3.0,0.0
2025-26,2025-11-01,P Bankes,5,5,26.2,12.6,13.6,4.4,0.4
2025-26,2025-11-01,P Bankes,10,8,24.625,10.875,13.75,4.0,0.25
2025-26,2025-11-22,P Bankes,3,3,22.666666666666668,10.333333333333334,12.333333333333334,3.3333333333333335,0.0
2025-26,2025-11-22,P Bankes,5,5,25.2,12.0,13.2,3.8,0.4
2025-26,2025-11-22,P Bankes,10,9,24.22222222222222,11.11111111111111,13.11111111111111,4.111111111111111,0.2222222222222222
2025-26,2025-11-29,P Bankes,3,3,22.333333333333332,12.333333333333334,10.0,4.333333333333333,0.0
2025-26,2025-11-29,P Bankes,5,5,25.4,12.8,12.6,3.8,0.0
2025-26,2025-11-29,P Bankes,10,10,24.6,11.7,12.9,4.2,0.2
2025-26,2025-12-06,P Bankes,3,3,22.333333333333332,13.333333333333334,9.0,4.0,0.0
2025-26,2025-12-06,P Bankes,5,5,22.8,11.6,11.2,3.4,0.0
2025-26,2025-12-06,P Bankes,10,10,24.2,12.0,12.2,4.1,0.2
2025-26,2025-12-14,P Bankes,3,3,22.0,12.333333333333334,9.666666666666666,5.333333333333333,0.0
2025-26,2025-12-14,P Bankes,5,5,21.0,11.4,9.6,4.8,0.0
2025-26,2025-12-14,P Bankes,10,10,24.3,12.3,12.0,4.5,0.2
2025-26,2025-12-27,P Bankes,3,3,18.333333333333332,9.666666666666666,8.666666666666666,5.0,0.0
2025-26,2025-12-27,P Bankes,5,5,20.8,11.8,9.0,5.0,0.0
2025-26,2025-12-27,P Bankes,10,10,23.5,12.2,11.3,4.7,0.2
2025-26,2026-01-03,P Bankes,3,3,19.333333333333332,10.0,9.333333333333334,4.666666666666667,0.0
2025-26,2026-01-03,P Bankes,5,5,20.8,11.4,9.4,4.2,0.0
2025-26,2026-01-03,P Bankes,10,10,23.0,11.7,11.3,4.0,0.2
2025-26,2026-01-07,P Bankes,3,3,18.333333333333332,10.333333333333334,8.0,3.6666666666666665,0.3333333333333333
2025-26,2026-01-07,P Bankes,5,5,18.6,10.2,8.4,4.4,0.2
2025-26,2026-01-07,P Bankes,10,10,22.0,11.5,10.5,4.1,0.1
2025-26,2026-01-24,P Bankes,3,3,18.333333333333332,10.0,8.333333333333334,2.6666666666666665,0.3333333333333333
2025-26,2026-01-24,P Bankes,5,5,18.4,9.8,8.6,4.2,0.2
2025-26,2026-01-24,P Bankes,10,10,20.6,10.7,9.9,3.8,0.1
2025-26,2026-02-06,P Bankes,3,3,18.333333333333332,9.333333333333334,9.0,3.0,0.3333333333333333
2025-26,2026-02-06,P Bankes,5,5,18.6,9.6,9.0,2.8,0.2
2025-26,2026-02-06,P Bankes,10,10,19.8,10.5,9.3,3.8,0.1
2025-26,2026-02-11,P Bankes,3,3,20.666666666666668,8.666666666666666,12.0,2.6666666666666665,0.0
2025-26,2026-02-11,P Bankes,5,5,20.0,9.6,10.4,3.0,0.2
2025-26,2026-02-11,P Bankes,10,10,20.4,10.7,9.7,4.0,0.1
2025-26,2026-02-22,P Bankes,3,3,24.333333333333332,11.666666666666666,12.666666666666666,3.3333333333333335,0.0
2025-26,2026-02-22,P Bankes,5,5,21.4,10.8,10.6,3.4,0.2
2025-26,2026-02-22,P Bankes,10,10,21.1,11.1,10.0,3.8,0.1
2025-26,2026-02-28,P Bankes,3,3,23.333333333333332,12.0,11.333333333333334,3.6666666666666665,0.0
2025-26,2026-02-28,P Bankes,5,5,21.6,10.6,11.0,2.8,0.0
2025-26,2026-02-28,P Bankes,10,10,20.1,10.4,9.7,3.6,0.1
2025-26,2026-03-04,P Bankes,3,3,25.666666666666668,14.0,11.666666666666666,3.6666666666666665,0.3333333333333333
2025-26,2026-03-04,P Bankes,5,5,24.4,12.0,12.4,3.6,0.2
2025-26,2026-03-04,P Bankes,10,10,21.4,10.9,10.5,3.9,0.2
2025-26,2026-03-14,P Bankes,3,3,21.666666666666668,12.0,9.666666666666666,3.0,0.3333333333333333
2025-26,2026-03-14,P Bankes,5,5,23.4,12.4,11.0,3.4,0.2
2025-26,2026-03-14,P Bankes,10,10,21.0,11.0,10.0,3.1,0.2
2025-26,2025-12-20,P Tierney,3,1,26.0,16.0,10.0,2.0,0.0
2025-26,2025-12-20,P Tierney,5,1,26.0,16.0,10.0,2.0,0.0
2025-26,2025-12-20,P Tierney,10,1,26.0,16.0,10.0,2.0,0.0
2025-26,2026-01-19,P Tierney,3,2,19.5,11.5,8.0,3.5,0.0
2025-26,2026-01-19,P Tierney,5,2,19.5,11.5,8.0,3.5,0.0
2025-26,2026-01-19,P Tierney,10,2,19.5,11.5,8.0,3.5,0.0
2025-26,2026-02-02,P Tierney,3,3,20.333333333333332,11.666666666666666,8.666666666666666,4.0,0.0
2025-26,2026-02-02,P Tierney,5,3,20.333333333333332,11.666666666666666,8.666666666666666,4.0,0.0
2025-26,2026-02-02,P Tierney,10,3,20.333333333333332,11.666666666666666,8.666666666666666,4.0,0.0
2025-26,2026-02-11,P Tierney,3,3,17.666666666666668,9.0,8.666666666666666,4.666666666666667,0.0
2025-26,2026-02-11,P Tierney,5,4,19.75,10.75,9.0,4.0,0.0
2025-26,2026-02-11,P Tierney,10,4,19.75,10.75,9.0,4.0,0.0
2025-26,2026-02-18,P Tierney,3,3,18.0,8.666666666666666,9.333333333333334,4.0,0.0
2025-26,2026-02-18,P Tierney,5,5,18.6,9.8,8.8,3.8,0.0
2025-26,2026-02-18,P Tierney,10,5,18.6,9.8,8.8,3.8,0.0
2025-26,2026-03-14,P Tierney,3,3,17.0,7.666666666666667,9.333333333333334,3.6666666666666665,0.0
2025-26,2026-03-14,P Tierney,5,5,17.2,8.4,8.8,4.2,0.0
2025-26,2026-03-14,P Tierney,10,6,18.666666666666668,9.666666666666666,9.0,3.8333333333333335,0.0
2025-26,2026-03-22,P Tierney,3,3,14.333333333333334,6.0,8.333333333333334,2.6666666666666665,0.0
2025-26,2026-03-22,P Tierney,5,5,16.6,7.6,9.0,3.4,0.0
2025-26,2026-03-22,P Tierney,10,7,17.428571428571427,8.714285714285714,8.714285714285714,3.4285714285714284,0.0
2025-26,2026-04-13,P Tierney,3,3,18.666666666666668,8.0,10.666666666666666,3.3333333333333335,0.3333333333333333
2025-26,2026-04-13,P Tierney,5,5,17.6,7.6,10.0,3.4,0.2
2025-26,2026-04-13,P Tierney,10,8,18.625,9.125,9.5,3.625,0.125
2025-26,2026-04-18,P Tierney,3,3,19.333333333333332,7.666666666666667,11.666666666666666,2.3333333333333335,0.3333333333333333
2025-26,2026-04-18,P Tierney,5,5,18.2,7.6,10.6,2.8,0.2
2025-26,2026-04-18,P Tierney,10,9,18.88888888888889,9.0,9.88888888888889,3.3333333333333335,0.1111111111111111
2025-26,2026-05-02,P Tierney,3,3,23.333333333333332,10.333333333333334,13.0,3.3333333333333335,0.6666666666666666
2025-26,2026-05-02,P Tierney,5,5,19.8,8.6,11.2,3.0,0.4
2025-26,2026-05-02,P Tierney,10,10,19.2,9.2,10.0,3.4,0.2
2025-26,2026-05-10,P Tierney,3,3,23.333333333333332,11.666666666666666,11.666666666666666,2.3333333333333335,0.3333333333333333
2025-26,2026-05-10,P Tierney,5,5,21.4,10.0,11.4,2.6,0.4
2025-26,2026-05-10,P Tierney,10,10,19.3,9.2,10.1,3.4,0.2
2025-26,2026-05-18,P Tierney,3,3,24.0,11.333333333333334,12.666666666666666,3.3333333333333335,0.3333333333333333
2025-26,2026-05-18,P Tierney,5,5,24.0,10.8,13.2,3.2,0.4
2025-26,2026-05-18,P Tierney,10,10,20.3,9.2,11.1,3.3,0.2
2025-26,2025-08-16,R Jones,3,1,18.0,8.0,10.0,1.0,0.0
2025-26,2025-08-16,R Jones,5,1,18.0,8.0,10.0,1.0,0.0
2025-26,2025-08-16,R Jones,10,1,18.0,8.0,10.0,1.0,0.0
2025-26,2025-08-30,R Jones,3,2,23.0,9.5,13.5,2.5,0.0
2025-26,2025-08-30,R Jones,5,2,23.0,9.5,13.5,2.5,0.0
2025-26,2025-08-30,R Jones,10,2,23.0,9.5,13.5,2.5,0.0
2025-26,2025-09-21,R Jones,3,3,21.0,8.666666666666666,12.333333333333334,2.6666666666666665,0.0
2025-26,2025-09-21,R Jones,5,3,21.0,8.666666666666666,12.333333333333334,2.6666666666666665,0.0
2025-26,2025-09-21,R Jones,10,3,21.0,8.666666666666666,12.333333333333334,2.6666666666666665,0.0
2025-26,2025-09-27,R Jones,3,3,19.0,7.666666666666667,11.333333333333334,3.6666666666666665,0.0
2025-26,2025-09-27,R Jones,5,4,18.75,7.75,11.0,3.0,0.0
2025-26,2025-09-27,R Jones,10,4,18.75,7.75,11.0,3.0,0.0
2025-26,2025-10-18,R Jones,3,3,15.333333333333334,5.666666666666667,9.666666666666666,2.3333333333333335,0.0
2025-26,2025-10-18,R Jones,5,5,18.4,7.2,11.2,2.4,0.0
2025-26,2025-10-18,R Jones,10,5,18.4,7.2,11.2,2.4,0.0
2025-26,2025-11-02,R Jones,3,3,14.666666666666666,5.0,9.666666666666666,2.3333333333333335,0.0
2025-26,2025-11-02,R Jones,5,5,17.8,6.6,11.2,2.8,0.0
2025-26,2025-11-02,R Jones,10,6,17.833333333333332,6.833333333333333,11.0,2.5,0.0
2025-26,2025-11-23,R Jones,3,3,22.0,9.333333333333334,12.666666666666666,3.0,0.0
2025-26,2025-11-23,R Jones,5,5,19.0,8.0,11.0,3.2,0.0
2025-26,2025-11-23,R Jones,10,7,20.142857142857142,8.428571428571429,11.714285714285714,3.0,0.0
2025-26,2025-11-30,R Jones,3,3,25.666666666666668,12.333333333333334,13.333333333333334,4.666666666666667,0.0
2025-26,2025-11-30,R Jones,5,5,21.2,9.4,11.8,3.6,0.0
2025-26,2025-11-30,R Jones,10,8,21.125,9.125,12.0,3.25,0.0
2025-26,2025-12-06,R Jones,3,3,26.333333333333332,13.333333333333334,13.0,6.0,0.0
2025-26,2025-12-06,R Jones,5,5,22.2,10.0,12.2,4.2,0.0
2025-26,2025-12-06,R Jones,10,9,20.666666666666668,9.0,11.666666666666666,3.6666666666666665,0.0
2025-26,2025-12-13,R Jones,3,3,22.333333333333332,9.666666666666666,12.666666666666666,5.333333333333333,0.0
2025-26,2025-12-13,R Jones,5,5,23.2,10.4,12.8,5.0,0.0
2025-26,2025-12-13,R Jones,10,10,20.8,8.8,12.0,3.7,0.0
2025-26,2025-12-27,R Jones,3,3,19.0,6.666666666666667,12.333333333333334,4.666666666666667,0.0
2025-26,2025-12-27,R Jones,5,5,23.8,10.4,13.4,5.0,0.0
2025-26,2025-12-27,R Jones,10,10,20.8,8.5,12.3,3.9,0.0
2025-26,2025-12-30,R Jones,3,3,17.333333333333332,7.0,10.333333333333334,3.3333333333333335,0.0
2025-26,2025-12-30,R Jones,5,5,19.4,8.6,10.8,4.4,0.0
2025-26,2025-12-30,R Jones,10,10,19.2,8.3,10.9,3.8,0.0
2025-26,2026-01-17,R Jones,3,3,17.666666666666668,7.333333333333333,10.333333333333334,4.0,0.0
2025-26,2026-01-17,R Jones,5,5,18.4,7.4,11.0,4.6,0.0
2025-26,2026-01-17,R Jones,10,10,19.8,8.4,11.4,4.1,0.0
2025-26,2026-02-01,R Jones,3,3,20.666666666666668,10.666666666666666,10.0,5.0,0.0
2025-26,2026-02-01,R Jones,5,5,20.4,8.8,11.6,4.4,0.0
2025-26,2026-02-01,R Jones,10,10,21.3,9.4,11.9,4.3,0.0
2025-26,2026-02-10,R Jones,3,3,24.0,10.666666666666666,13.333333333333334,6.666666666666667,0.0
2025-26,2026-02-10,R Jones,5,5,20.4,9.2,11.2,5.2,0.0
2025-26,2026-02-10,R Jones,10,10,21.8,9.8,12.0,5.1,0.0
2025-26,2026-04-12,R Jones,3,3,26.0,12.666666666666666,13.333333333333334,6.666666666666667,0.0
2025-26,2026-04-12,R Jones,5,5,22.6,11.0,11.6,5.8,0.0
2025-26,2026-04-12,R Jones,10,10,23.2,10.7,12.5,5.4,0.0
2025-26,2026-05-03,R Jones,3,3,24.0,11.0,13.0,5.333333333333333,0.0
2025-26,2026-05-03,R Jones,5,5,24.4,11.2,13.2,5.6,0.0
2025-26,2026-05-03,R Jones,10,10,21.9,9.9,12.0,5.0,0.0
2025-26,2026-05-24,R Jones,3,3,23.0,12.333333333333334,10.666666666666666,4.0,0.0
2025-26,2026-05-24,R Jones,5,5,23.6,12.2,11.4,5.2,0.0
2025-26,2026-05-24,R Jones,10,10,21.0,9.8,11.2,4.9,0.0
2025-26,2025-08-24,S Attwell,3,1,22.0,7.0,15.0,7.0,0.0
2025-26,2025-08-24,S Attwell,5,1,22.0,7.0,15.0,7.0,0.0
2025-26,2025-08-24,S Attwell,10,1,22.0,7.0,15.0,7.0,0.0
2025-26,2025-08-31,S Attwell,3,2,21.5,7.0,14.5,6.0,0.0
2025-26,2025-08-31,S Attwell,5,2,21.5,7.0,14.5,6.0,0.0
2025-26,2025-08-31,S Attwell,10,2,21.5,7.0,14.5,6.0,0.0
2025-26,2025-09-13,S Attwell,3,3,21.666666666666668,9.0,12.666666666666666,5.666666666666667,0.0
2025-26,2025-09-13,S Attwell,5,3,21.666666666666668,9.0,12.666666666666666,5.666666666666667,0.0
2025-26,2025-09-13,S Attwell,10,3,21.666666666666668,9.0,12.666666666666666,5.666666666666667,0.0
2025-26,2025-09-21,S Attwell,3,3,21.333333333333332,10.333333333333334,11.0,4.333333333333333,0.0
2025-26,2025-09-21,S Attwell,5,4,21.5,9.5,12.0,5.0,0.0
2025-26,2025-09-21,S Attwell,10,4,21.5,9.5,12.0,5.0,0.0
2025-26,2025-10-04,S Attwell,3,3,21.666666666666668,11.333333333333334,10.333333333333334,4.333333333333333,0.0
2025-26,2025-10-04,S Attwell,5,5,21.6,9.6,12.0,5.0,0.0
2025-26,2025-10-04,S Attwell,10,5,21.6,9.6,12.0,5.0,0.0
2025-26,2025-10-24,S Attwell,3,3,22.0,11.0,11.0,4.666666666666667,0.0
2025-26,2025-10-24,S Attwell,5,5,21.8,10.6,11.2,4.8,0.0
2025-26,2025-10-24,S Attwell,10,6,21.833333333333332,10.0,11.833333333333334,5.166666666666667,0.0
2025-26,2025-11-01,S Attwell,3,3,23.0,11.666666666666666,11.333333333333334,5.333333333333333,0.0
2025-26,2025-11-01,S Attwell,5,5,22.4,11.8,10.6,4.8,0.0
2025-26,2025-11-01,S Attwell,10,7,22.142857142857142,10.428571428571429,11.714285714285714,5.142857142857143,0.0
2025-26,2025-11-09,S Attwell,3,3,23.333333333333332,11.666666666666666,11.666666666666666,4.666666666666667,0.0
2025-26,2025-11-09,S Attwell,5,5,22.6,11.2,11.4,4.4,0.0
2025-26,2025-11-09,S Attwell,10,8,22.25,10.375,11.875,4.875,0.0
2025-26,2025-11-29,S Attwell,3,3,21.666666666666668,11.333333333333334,10.333333333333334,4.333333333333333,0.0
2025-26,2025-11-29,S Attwell,5,5,22.0,11.2,10.8,4.8,0.0
2025-26,2025-11-29,S Attwell,10,9,21.77777777777778,10.444444444444445,11.333333333333334,4.888888888888889,0.0
2025-26,2025-12-03,S Attwell,3,3,18.666666666666668,10.333333333333334,8.333333333333334,3.3333333333333335,0.0
2025-26,2025-12-03,S Attwell,5,5,20.6,11.2,9.4,4.2,0.0
2025-26,2025-12-03,S Attwell,10,10,21.1,10.4,10.7,4.6,0.0
2025-26,2025-12-06,S Attwell,3,3,17.666666666666668,10.0,7.666666666666667,3.6666666666666665,0.3333333333333333
2025-26,2025-12-06,S Attwell,5,5,20.0,10.6,9.4,3.8,0.2
2025-26,2025-12-06,S Attwell,10,10,20.9,10.6,10.3,4.3,0.1
2025-26,2025-12-27,S Attwell,3,3,19.666666666666668,11.666666666666666,8.0,4.666666666666667,0.3333333333333333
2025-26,2025-12-27,S Attwell,5,5,20.0,11.2,8.8,4.4,0.2
2025-26,2025-12-27,S Attwell,10,10,21.2,11.5,9.7,4.6,0.1
2025-26,2026-01-04,S Attwell,3,3,20.0,11.666666666666666,8.333333333333334,5.666666666666667,0.3333333333333333
2025-26,2026-01-04,S Attwell,5,5,18.6,11.2,7.4,4.8,0.2
2025-26,2026-01-04,S Attwell,10,10,20.6,11.2,9.4,4.6,0.1
2025-26,2026-01-07,S Attwell,3,3,19.0,11.666666666666666,7.333333333333333,5.0,0.0
2025-26,2026-01-07,S Attwell,5,5,18.4,10.8,7.6,4.2,0.2
2025-26,2026-01-07,S Attwell,10,10,20.2,11.0,9.2,4.5,0.1
2025-26,2026-01-31,S Attwell,3,3,16.666666666666668,9.666666666666666,7.0,3.0,0.0
2025-26,2026-01-31,S Attwell,5,5,18.8,10.8,8.0,4.2,0.2
2025-26,2026-01-31,S Attwell,10,10,19.7,11.0,8.7,4.2,0.1
2025-26,2026-02-07,S Attwell,3,3,19.0,10.0,9.0,3.3333333333333335,0.0
2025-26,2026-02-07,S Attwell,5,5,19.4,11.2,8.2,4.6,0.0
2025-26,2026-02-07,S Attwell,10,10,19.7,10.9,8.8,4.2,0.1
2025-26,2026-02-28,S Attwell,3,3,20.666666666666668,12.0,8.666666666666666,4.333333333333333,0.0
2025-26,2026-02-28,S Attwell,5,5,19.0,11.0,8.0,4.0,0.0
2025-26,2026-02-28,S Attwell,10,10,19.5,11.1,8.4,4.2,0.1
2025-26,2026-03-03,S Attwell,3,3,26.333333333333332,13.666666666666666,12.666666666666666,5.0,0.0
2025-26,2026-03-03,S Attwell,5,5,22.6,12.0,10.6,3.8,0.0
2025-26,2026-03-03,S Attwell,10,10,20.6,11.6,9.0,4.3,0.1
2025-26,2026-03-16,S Attwell,3,3,26.0,14.0,12.0,5.0,0.0
2025-26,2026-03-16,S Attwell,5,5,23.6,12.6,11.0,4.6,0.0
2025-26,2026-03-16,S Attwell,10,10,21.0,11.7,9.3,4.4,0.1
2025-26,2026-03-20,S Attwell,3,3,25.0,12.333333333333334,12.666666666666666,4.666666666666667,0.3333333333333333
2025-26,2026-03-20,S Attwell,5,5,24.0,12.6,11.4,5.0,0.2
2025-26,2026-03-20,S Attwell,10,10,21.4,11.7,9.7,4.6,0.2
2025-26,2026-04-18,S Attwell,3,3,23.0,12.0,11.0,4.666666666666667,0.3333333333333333
2025-26,2026-04-18,S Attwell,5,5,25.0,13.2,11.8,4.6,0.2
2025-26,2026-04-18,S Attwell,10,10,22.2,12.2,10.0,4.6,0.1
2025-26,2026-04-25,S Attwell,3,3,22.333333333333332,11.0,11.333333333333334,5.0,0.3333333333333333
2025-26,2026-04-25,S Attwell,5,5,24.6,12.0,12.6,5.0,0.2
2025-26,2026-04-25,S Attwell,10,10,21.8,11.5,10.3,4.5,0.1
2025-26,2026-05-09,S Attwell,3,3,24.0,11.666666666666666,12.333333333333334,4.666666666666667,0.0
2025-26,2026-05-09,S Attwell,5,5,22.6,11.4,11.2,4.8,0.2
2025-26,2026-05-09,S Attwell,10,10,22.6,11.7,10.9,4.3,0.1
2025-26,2026-05-13,S Attwell,3,3,20.333333333333332,10.333333333333334,10.0,4.0,0.0
2025-26,2026-05-13,S Attwell,5,5,21.6,11.0,10.6,4.0,0.2
2025-26,2026-05-13,S Attwell,10,10,22.6,11.8,10.8,4.3,0.1
2025-26,2026-05-19,S Attwell,3,3,23.333333333333332,11.0,12.333333333333334,4.0,0.0
2025-26,2026-05-19,S Attwell,5,5,23.6,11.2,12.4,4.6,0.0
2025-26,2026-05-19,S Attwell,10,10,23.8,11.9,11.9,4.8,0.1
2025-26,2025-08-16,S Barrott,3,1,31.0,16.0,15.0,6.0,0.0
2025-26,2025-08-16,S Barrott,5,1,31.0,16.0,15.0,6.0,0.0
2025-26,2025-08-16,S Barrott,10,1,31.0,16.0,15.0,6.0,0.0
2025-26,2025-08-30,S Barrott,3,2,24.5,12.5,12.0,6.0,0.0
2025-26,2025-08-30,S Barrott,5,2,24.5,12.5,12.0,6.0,0.0
2025-26,2025-08-30,S Barrott,10,2,24.5,12.5,12.0,6.0,0.0
2025-26,2025-09-21,S Barrott,3,3,23.666666666666668,13.0,10.666666666666666,5.0,0.3333333333333333
2025-26,2025-09-21,S Barrott,5,3,23.666666666666668,13.0,10.666666666666666,5.0,0.3333333333333333
2025-26,2025-09-21,S Barrott,10,3,23.666666666666668,13.0,10.666666666666666,5.0,0.3333333333333333
2025-26,2025-09-29,S Barrott,3,3,21.0,10.0,11.0,5.333333333333333,0.3333333333333333
2025-26,2025-09-29,S Barrott,5,4,23.5,11.5,12.0,5.5,0.25
2025-26,2025-09-29,S Barrott,10,4,23.5,11.5,12.0,5.5,0.25
2025-26,2025-10-26,S Barrott,3,3,23.0,12.666666666666666,10.333333333333334,4.666666666666667,0.3333333333333333
2025-26,2025-10-26,S Barrott,5,5,23.6,12.6,11.0,5.2,0.2
2025-26,2025-10-26,S Barrott,10,5,23.6,12.6,11.0,5.2,0.2
2025-26,2025-11-08,S Barrott,3,3,21.666666666666668,11.333333333333334,10.333333333333334,5.666666666666667,0.0
2025-26,2025-11-08,S Barrott,5,5,21.0,11.4,9.6,5.2,0.2
2025-26,2025-11-08,S Barrott,10,6,22.666666666666668,12.166666666666666,10.5,5.333333333333333,0.16666666666666666
2025-26,2025-11-22,S Barrott,3,3,21.0,13.333333333333334,7.666666666666667,4.666666666666667,0.0
2025-26,2025-11-22,S Barrott,5,5,21.6,12.2,9.4,4.8,0.2
2025-26,2025-11-22,S Barrott,10,7,22.428571428571427,12.285714285714286,10.142857142857142,5.142857142857143,0.14285714285714285
2025-26,2025-11-29,S Barrott,3,3,17.666666666666668,10.0,7.666666666666667,4.0,0.0
2025-26,2025-11-29,S Barrott,5,5,20.0,10.8,9.2,4.6,0.0
2025-26,2025-11-29,S Barrott,10,8,21.375,11.625,9.75,4.75,0.125
2025-26,2025-12-07,S Barrott,3,3,16.0,8.333333333333334,7.666666666666667,2.0,0.0
2025-26,2025-12-07,S Barrott,5,5,18.0,10.4,7.6,3.2,0.0
2025-26,2025-12-07,S Barrott,10,9,20.444444444444443,10.88888888888889,9.555555555555555,4.222222222222222,0.1111111111111111
2025-26,2025-12-14,S Barrott,3,3,16.333333333333332,7.0,9.333333333333334,2.0,0.0
2025-26,2025-12-14,S Barrott,5,5,17.6,8.8,8.8,3.2,0.0
2025-26,2025-12-14,S Barrott,10,10,20.6,10.7,9.9,4.2,0.1
2025-26,2025-12-20,S Barrott,3,3,14.666666666666666,6.0,8.666666666666666,2.6666666666666665,0.0
2025-26,2025-12-20,S Barrott,5,5,15.8,7.6,8.2,2.8,0.0
2025-26,2025-12-20,S Barrott,10,10,18.4,9.5,8.9,4.0,0.1
2025-26,2025-12-30,S Barrott,3,3,16.0,6.0,10.0,3.3333333333333335,0.0
2025-26,2025-12-30,S Barrott,5,5,15.0,6.0,9.0,2.4,0.0
2025-26,2025-12-30,S Barrott,10,10,18.3,9.1,9.2,3.6,0.1
2025-26,2026-01-18,S Barrott,3,3,16.0,7.666666666666667,8.333333333333334,3.3333333333333335,0.0
2025-26,2026-01-18,S Barrott,5,5,16.6,7.4,9.2,2.8,0.0
2025-26,2026-01-18,S Barrott,10,10,18.3,9.1,9.2,3.7,0.0
2025-26,2026-01-25,S Barrott,3,3,20.0,10.0,10.0,2.3333333333333335,0.0
2025-26,2026-01-25,S Barrott,5,5,18.2,8.6,9.6,3.0,0.0
2025-26,2026-01-25,S Barrott,10,10,18.1,9.5,8.6,3.1,0.0
2025-26,2026-02-07,S Barrott,3,3,20.666666666666668,12.0,8.666666666666666,2.6666666666666665,0.0
2025-26,2026-02-07,S Barrott,5,5,17.6,9.0,8.6,2.8,0.0
2025-26,2026-02-07,S Barrott,10,10,17.6,8.9,8.7,3.0,0.0
2025-26,2026-02-21,S Barrott,3,3,20.333333333333332,10.666666666666666,9.666666666666666,2.0,0.0
2025-26,2026-02-21,S Barrott,5,5,20.0,10.2,9.8,2.4,0.0
2025-26,2026-02-21,S Barrott,10,10,17.9,8.9,9.0,2.6,0.0
2025-26,2026-02-28,S Barrott,3,3,19.333333333333332,10.0,9.333333333333334,3.0,0.0
2025-26,2026-02-28,S Barrott,5,5,20.2,11.0,9.2,2.8,0.0
2025-26,2026-02-28,S Barrott,10,10,17.6,8.5,9.1,2.6,0.0
2025-26,2026-03-15,S Barrott,3,3,19.0,9.0,10.0,3.6666666666666665,0.0
2025-26,2026-03-15,S Barrott,5,5,19.4,9.8,9.6,3.0,0.0
2025-26,2026-03-15,S Barrott,10,10,18.0,8.6,9.4,2.9,0.0
2025-26,2026-03-21,S Barrott,3,3,16.333333333333332,7.666666666666667,8.666666666666666,3.6666666666666665,0.0
2025-26,2026-03-21,S Barrott,5,5,17.8,8.8,9.0,3.2,0.0
2025-26,2026-03-21,S Barrott,10,10,18.0,8.7,9.3,3.1,0.0
2025-26,2026-04-19,S Barrott,3,3,17.666666666666668,8.333333333333334,9.333333333333334,3.6666666666666665,0.0
2025-26,2026-04-19,S Barrott,5,5,18.4,8.8,9.6,3.4,0.0
2025-26,2026-04-19,S Barrott,10,10,18.0,8.9,9.1,3.1,0.0
2025-26,2026-04-25,S Barrott,3,3,19.333333333333332,10.0,9.333333333333334,3.3333333333333335,0.0
2025-26,2026-04-25,S Barrott,5,5,18.8,9.4,9.4,3.8,0.0
2025-26,2026-04-25,S Barrott,10,10,19.4,9.8,9.6,3.1,0.0
2025-26,2026-05-03,S Barrott,3,3,23.0,12.0,11.0,5.0,0.0
2025-26,2026-05-03,S Barrott,5,5,20.0,10.0,10.0,4.4,0.0
2025-26,2026-05-03,S Barrott,10,10,20.1,10.5,9.6,3.6,0.0
2025-26,2026-05-17,S Barrott,3,3,19.666666666666668,10.666666666666666,9.0,5.0,0.0
2025-26,2026-05-17,S Barrott,5,5,18.8,9.8,9.0,4.2,0.0
2025-26,2026-05-17,S Barrott,10,10,19.1,9.8,9.3,3.6,0.0
2025-26,2026-05-24,S Barrott,3,3,18.333333333333332,10.0,8.333333333333334,4.0,0.0
2025-26,2026-05-24,S Barrott,5,5,20.0,10.8,9.2,4.0,0.0
2025-26,2026-05-24,S Barrott,10,10,18.9,9.8,9.1,3.6,0.0
2025-26,2025-08-17,S Hooper,3,1,29.0,10.0,19.0,5.0,0.0
2025-26,2025-08-17,S Hooper,5,1,29.0,10.0,19.0,5.0,0.0
2025-26,2025-08-17,S Hooper,10,1,29.0,10.0,19.0,5.0,0.0
2025-26,2025-08-25,S Hooper,3,2,30.5,13.5,17.0,5.0,0.5
2025-26,2025-08-25,S Hooper,5,2,30.5,13.5,17.0,5.0,0.5
2025-26,2025-08-25,S Hooper,10,2,30.5,13.5,17.0,5.0,0.5
2025-26,2025-08-30,S Hooper,3,3,30.333333333333332,14.666666666666666,15.666666666666666,5.333333333333333,0.3333333333333333
2025-26,2025-08-30,S Hooper,5,3,30.333333333333332,14.666666666666666,15.666666666666666,5.333333333333333,0.3333333333333333
2025-26,2025-08-30,S Hooper,10,3,30.333333333333332,14.666666666666666,15.666666666666666,5.333333333333333,0.3333333333333333
2025-26,2025-09-13,S Hooper,3,3,31.333333333333332,17.0,14.333333333333334,5.666666666666667,0.3333333333333333
2025-26,2025-09-13,S Hooper,5,4,30.75,15.25,15.5,5.5,0.25
2025-26,2025-09-13,S Hooper,10,4,30.75,15.25,15.5,5.5,0.25
2025-26,2025-09-27,S Hooper,3,3,29.0,14.333333333333334,14.666666666666666,6.666666666666667,0.3333333333333333
2025-26,2025-09-27,S Hooper,5,5,29.6,14.0,15.6,6.0,0.4
2025-26,2025-09-27,S Hooper,10,5,29.6,14.0,15.6,6.0,0.4
2025-26,2025-10-03,S Hooper,3,3,25.0,11.333333333333334,13.666666666666666,5.0,0.3333333333333333
2025-26,2025-10-03,S Hooper,5,5,27.4,13.6,13.8,5.2,0.4
2025-26,2025-10-03,S Hooper,10,6,27.666666666666668,13.0,14.666666666666666,5.166666666666667,0.3333333333333333
2025-26,2025-10-19,S Hooper,3,3,20.333333333333332,9.333333333333334,11.0,3.6666666666666665,0.3333333333333333
2025-26,2025-10-19,S Hooper,5,5,24.6,12.4,12.2,4.6,0.2
2025-26,2025-10-19,S Hooper,10,7,26.285714285714285,12.714285714285714,13.571428571428571,4.714285714285714,0.2857142857142857
2025-26,2025-10-25,S Hooper,3,3,17.666666666666668,8.666666666666666,9.0,2.6666666666666665,0.0
2025-26,2025-10-25,S Hooper,5,5,22.0,10.4,11.6,4.4,0.2
2025-26,2025-10-25,S Hooper,10,8,25.125,12.0,13.125,4.75,0.25
2025-26,2025-12-07,S Hooper,3,3,18.333333333333332,10.0,8.333333333333334,3.6666666666666665,0.0
2025-26,2025-12-07,S Hooper,5,5,19.6,9.4,10.2,4.0,0.2
2025-26,2025-12-07,S Hooper,10,9,24.555555555555557,12.0,12.555555555555555,4.666666666666667,0.2222222222222222
2025-26,2025-12-15,S Hooper,3,3,21.333333333333332,11.333333333333334,10.0,4.666666666666667,0.0
2025-26,2025-12-15,S Hooper,5,5,20.0,10.6,9.4,3.4,0.0
2025-26,2025-12-15,S Hooper,10,10,24.8,12.3,12.5,4.7,0.2
2025-26,2025-12-27,S Hooper,3,3,21.666666666666668,10.666666666666666,11.0,3.3333333333333335,0.0
2025-26,2025-12-27,S Hooper,5,5,20.0,10.0,10.0,3.4,0.0
2025-26,2025-12-27,S Hooper,10,10,23.7,11.8,11.9,4.3,0.2
2025-26,2026-01-03,S Hooper,3,3,25.0,10.0,15.0,3.0,0.0
2025-26,2026-01-03,S Hooper,5,5,22.4,9.8,12.6,3.6,0.0
2025-26,2026-01-03,S Hooper,10,10,23.5,11.1,12.4,4.1,0.1
2025-26,2026-01-26,S Hooper,3,3,23.333333333333332,8.0,15.333333333333334,2.3333333333333335,0.0
2025-26,2026-01-26,S Hooper,5,5,23.4,10.2,13.2,3.2,0.0
2025-26,2026-01-26,S Hooper,10,10,22.7,10.3,12.4,3.8,0.1
2025-26,2026-01-31,S Hooper,3,3,23.333333333333332,10.0,13.333333333333334,3.3333333333333335,0.0
2025-26,2026-01-31,S Hooper,5,5,23.0,10.0,13.0,3.2,0.0
2025-26,2026-01-31,S Hooper,10,10,21.3,9.7,11.6,3.6,0.1
2025-26,2026-02-10,S Hooper,3,3,18.0,10.0,8.0,3.0,0.0
2025-26,2026-02-10,S Hooper,5,5,20.4,9.0,11.4,2.6,0.0
2025-26,2026-02-10,S Hooper,10,10,20.2,9.8,10.4,3.0,0.0
2025-26,2025-08-23,T Bramall,3,1,29.0,13.0,16.0,6.0,1.0
2025-26,2025-08-23,T Bramall,5,1,29.0,13.0,16.0,6.0,1.0
2025-26,2025-08-23,T Bramall,10,1,29.0,13.0,16.0,6.0,1.0
2025-26,2025-09-13,T Bramall,3,2,23.5,11.5,12.0,4.0,0.5
2025-26,2025-09-13,T Bramall,5,2,23.5,11.5,12.0,4.0,0.5
2025-26,2025-09-13,T Bramall,10,2,23.5,11.5,12.0,4.0,0.5
2025-26,2025-09-20,T Bramall,3,3,23.333333333333332,11.666666666666666,11.666666666666666,3.3333333333333335,0.3333333333333333
2025-26,2025-09-20,T Bramall,5,3,23.333333333333332,11.666666666666666,11.666666666666666,3.3333333333333335,0.3333333333333333
2025-26,2025-09-20,T Bramall,10,3,23.333333333333332,11.666666666666666,11.666666666666666,3.3333333333333335,0.3333333333333333
2025-26,2025-10-04,T Bramall,3,3,21.0,10.666666666666666,10.333333333333334,3.0,0.0
2025-26,2025-10-04,T Bramall,5,4,23.0,11.25,11.75,3.75,0.25
2025-26,2025-10-04,T Bramall,10,4,23.0,11.25,11.75,3.75,0.25
2025-26,2025-10-26,T Bramall,3,3,20.666666666666668,9.333333333333334,11.333333333333334,2.3333333333333335,0.0
2025-26,2025-10-26,T Bramall,5,5,21.8,10.2,11.6,3.0,0.2
2025-26,2025-10-26,T Bramall,10,5,21.8,10.2,11.6,3.0,0.2
2025-26,2025-11-03,T Bramall,3,3,20.333333333333332,8.666666666666666,11.666666666666666,3.3333333333333335,0.0
2025-26,2025-11-03,T Bramall,5,5,20.4,9.6,10.8,2.8,0.0
2025-26,2025-11-03,T Bramall,10,6,21.833333333333332,10.166666666666666,11.666666666666666,3.3333333333333335,0.16666666666666666
2025-26,2025-11-22,T Bramall,3,3,19.333333333333332,8.333333333333334,11.0,3.3333333333333335,0.0
2025-26,2025-11-22,T Bramall,5,5,20.6,9.4,11.2,3.4,0.0
2025-26,2025-11-22,T Bramall,10,7,21.428571428571427,10.0,11.428571428571429,3.5714285714285716,0.14285714285714285
2025-26,2025-12-02,T Bramall,3,3,19.333333333333332,8.0,11.333333333333334,4.333333333333333,0.0
2025-26,2025-12-02,T Bramall,5,5,19.4,8.0,11.4,3.6,0.0
2025-26,2025-12-02,T Bramall,10,8,20.875,9.375,11.5,3.5,0.125
2025-26,2025-12-13,T Bramall,3,3,20.0,9.0,11.0,3.0,0.0
2025-26,2025-12-13,T Bramall,5,5,19.8,8.6,11.2,2.8,0.0
2025-26,2025-12-13,T Bramall,10,9,21.22222222222222,9.777777777777779,11.444444444444445,3.2222222222222223,0.1111111111111111
2025-26,2025-12-20,T Bramall,3,3,18.666666666666668,7.666666666666667,11.0,2.6666666666666665,0.0
2025-26,2025-12-20,T Bramall,5,5,19.4,8.4,11.0,3.6,0.0
2025-26,2025-12-20,T Bramall,10,10,20.6,9.3,11.3,3.3,0.1
2025-26,2025-12-30,T Bramall,3,3,20.0,9.0,11.0,2.3333333333333335,0.0
2025-26,2025-12-30,T Bramall,5,5,19.2,8.2,11.0,3.0,0.0
2025-26,2025-12-30,T Bramall,10,10,19.8,8.9,10.9,2.9,0.0
2025-26,2026-01-07,T Bramall,3,3,19.333333333333332,6.666666666666667,12.666666666666666,4.333333333333333,0.0
2025-26,2026-01-07,T Bramall,5,5,19.8,7.6,12.2,3.4,0.0
2025-26,2026-01-07,T Bramall,10,10,20.2,8.5,11.7,3.4,0.0
2025-26,2026-01-24,T Bramall,3,3,22.666666666666668,8.0,14.666666666666666,5.0,0.0
2025-26,2026-01-24,T Bramall,5,5,21.4,8.4,13.0,4.0,0.0
2025-26,2026-01-24,T Bramall,10,10,20.4,8.2,12.2,3.8,0.0
2025-26,2026-02-08,T Bramall,3,3,22.666666666666668,9.0,13.666666666666666,5.666666666666667,0.0
2025-26,2026-02-08,T Bramall,5,5,20.8,8.2,12.6,4.6,0.0
2025-26,2026-02-08,T Bramall,10,10,20.3,8.4,11.9,3.7,0.0
2025-26,2026-02-21,T Bramall,3,3,23.666666666666668,11.0,12.666666666666666,5.666666666666667,0.0
2025-26,2026-02-21,T Bramall,5,5,22.8,9.6,13.2,5.2,0.0
2025-26,2026-02-21,T Bramall,10,10,21.1,9.0,12.1,4.4,0.0
2025-26,2026-03-01,T Bramall,3,3,23.666666666666668,11.666666666666666,12.0,5.666666666666667,0.0
2025-26,2026-03-01,T Bramall,5,5,23.6,10.0,13.6,6.0,0.0
2025-26,2026-03-01,T Bramall,10,10,21.4,9.1,12.3,4.5,0.0
2025-26,2026-03-03,T Bramall,3,3,24.333333333333332,11.0,13.333333333333334,5.333333333333333,0.0
2025-26,2026-03-03,T Bramall,5,5,23.8,10.8,13.0,5.2,0.0
2025-26,2026-03-03,T Bramall,10,10,21.8,9.2,12.6,4.3,0.0
2025-26,2026-03-15,T Bramall,3,3,23.666666666666668,11.0,12.666666666666666,4.0,0.3333333333333333
2025-26,2026-03-15,T Bramall,5,5,23.4,11.4,12.0,4.6,0.2
2025-26,2026-03-15,T Bramall,10,10,22.4,9.9,12.5,4.3,0.1
2025-26,2026-04-11,T Bramall,3,3,21.333333333333332,9.666666666666666,11.666666666666666,3.0,0.3333333333333333
2025-26,2026-04-11,T Bramall,5,5,22.8,10.4,12.4,4.4,0.2
2025-26,2026-04-11,T Bramall,10,10,21.8,9.3,12.5,4.5,0.1
2025-26,2026-04-18,T Bramall,3,3,21.333333333333332,10.0,11.333333333333334,4.0,0.3333333333333333
2025-26,2026-04-18,T Bramall,5,5,22.4,10.2,12.2,4.2,0.2
2025-26,2026-04-18,T Bramall,10,10,22.6,9.9,12.7,4.7,0.1
2025-26,2026-05-01,T Bramall,3,3,21.333333333333332,10.0,11.333333333333334,5.333333333333333,0.0
2025-26,2026-05-01,T Bramall,5,5,22.0,10.4,11.6,4.4,0.2
2025-26,2026-05-01,T Bramall,10,10,22.8,10.2,12.6,5.2,0.1
2025-26,2026-05-10,T Bramall,3,3,21.333333333333332,9.333333333333334,12.0,5.0,0.0
2025-26,2026-05-10,T Bramall,5,5,21.0,9.4,11.6,4.2,0.2
2025-26,2026-05-10,T Bramall,10,10,22.4,10.1,12.3,4.7,0.1
2025-26,2025-08-23,T Harrington,3,1,20.0,11.0,9.0,3.0,0.0
2025-26,2025-08-23,T Harrington,5,1,20.0,11.0,9.0,3.0,0.0
2025-26,2025-08-23,T Harrington,10,1,20.0,11.0,9.0,3.0,0.0
2025-26,2025-09-20,T Harrington,3,2,20.0,13.0,7.0,4.5,0.0
2025-26,2025-09-20,T Harrington,5,2,20.0,13.0,7.0,4.5,0.0
2025-26,2025-09-20,T Harrington,10,2,20.0,13.0,7.0,4.5,0.0
2025-26,2025-09-27,T Harrington,3,3,19.0,12.333333333333334,6.666666666666667,5.0,0.0
2025-26,2025-09-27,T Harrington,5,3,19.0,12.333333333333334,6.666666666666667,5.0,0.0
2025-26,2025-09-27,T Harrington,10,3,19.0,12.333333333333334,6.666666666666667,5.0,0.0
2025-26,2025-10-18,T Harrington,3,3,19.666666666666668,11.333333333333334,8.333333333333334,4.666666666666667,0.0
2025-26,2025-10-18,T Harrington,5,4,19.75,11.25,8.5,4.25,0.0
2025-26,2025-10-18,T Harrington,10,4,19.75,11.25,8.5,4.25,0.0
2025-26,2025-10-26,T Harrington,3,3,19.333333333333332,10.333333333333334,9.0,3.0,0.0
2025-26,2025-10-26,T Harrington,5,5,19.6,11.4,8.2,3.6,0.0
2025-26,2025-10-26,T Harrington,10,5,19.6,11.4,8.2,3.6,0.0
2025-26,2025-11-24,T Harrington,3,3,20.666666666666668,10.666666666666666,10.0,1.6666666666666667,0.3333333333333333
2025-26,2025-11-24,T Harrington,5,5,19.8,11.6,8.2,3.4,0.2
2025-26,2025-11-24,T Harrington,10,6,19.833333333333332,11.5,8.333333333333334,3.3333333333333335,0.16666666666666666
2025-26,2025-12-03,T Harrington,3,3,18.666666666666668,10.333333333333334,8.333333333333334,1.3333333333333333,0.3333333333333333
2025-26,2025-12-03,T Harrington,5,5,19.0,10.0,9.0,2.4,0.2
2025-26,2025-12-03,T Harrington,10,7,19.285714285714285,10.857142857142858,8.428571428571429,3.0,0.14285714285714285
2025-26,2025-12-28,T Harrington,3,3,17.666666666666668,8.666666666666666,9.0,1.3333333333333333,0.3333333333333333
2025-26,2025-12-28,T Harrington,5,5,18.8,9.2,9.6,1.4,0.2
2025-26,2025-12-28,T Harrington,10,8,18.875,10.375,8.5,2.75,0.125
2025-26,2026-01-01,T Harrington,3,3,16.333333333333332,7.0,9.333333333333334,2.3333333333333335,0.0
2025-26,2026-01-01,T Harrington,5,5,17.8,9.0,8.8,2.0,0.2
2025-26,2026-01-01,T Harrington,10,9,18.666666666666668,10.0,8.666666666666666,3.0,0.1111111111111111
2025-26,2026-01-06,T Harrington,3,3,19.0,9.666666666666666,9.333333333333334,3.0,0.0
2025-26,2026-01-06,T Harrington,5,5,18.8,9.6,9.2,2.4,0.2
2025-26,2026-01-06,T Harrington,10,10,19.2,10.5,8.7,3.0,0.1
2025-26,2026-01-18,T Harrington,3,3,23.0,12.333333333333334,10.666666666666666,3.6666666666666665,0.0
2025-26,2026-01-18,T Harrington,5,5,20.2,10.2,10.0,2.6,0.0
2025-26,2026-01-18,T Harrington,10,10,20.0,10.9,9.1,3.0,0.1
2025-26,2025-12-03,T Kirk,3,1,17.0,9.0,8.0,0.0,0.0
2025-26,2025-12-03,T Kirk,5,1,17.0,9.0,8.0,0.0,0.0
2025-26,2025-12-03,T Kirk,10,1,17.0,9.0,8.0,0.0,0.0
2025-26,2026-01-07,T Kirk,3,2,22.5,11.0,11.5,2.0,1.0
2025-26,2026-01-07,T Kirk,5,2,22.5,11.0,11.5,2.0,1.0
2025-26,2026-01-07,T Kirk,10,2,22.5,11.0,11.5,2.0,1.0
2025-26,2026-02-22,T Kirk,3,3,25.666666666666668,13.666666666666666,12.0,3.3333333333333335,1.0
2025-26,2026-02-22,T Kirk,5,3,25.666666666666668,13.666666666666666,12.0,3.3333333333333335,1.0
2025-26,2026-02-22,T Kirk,10,3,25.666666666666668,13.666666666666666,12.0,3.3333333333333335,1.0
2025-26,2026-03-14,T Kirk,3,3,26.333333333333332,13.0,13.333333333333334,4.333333333333333,1.0
2025-26,2026-03-14,T Kirk,5,4,24.0,12.0,12.0,3.25,0.75
2025-26,2026-03-14,T Kirk,10,4,24.0,12.0,12.0,3.25,0.75
2025-26,2026-04-19,T Kirk,3,3,23.666666666666668,11.333333333333334,12.333333333333334,3.6666666666666665,0.3333333333333333
2025-26,2026-04-19,T Kirk,5,5,23.2,11.2,12.0,3.0,0.6
2025-26,2026-04-19,T Kirk,10,5,23.2,11.2,12.0,3.0,0.6
2025-26,2026-05-17,T Kirk,3,3,22.333333333333332,11.666666666666666,10.666666666666666,2.0,0.0
2025-26,2026-05-17,T Kirk,5,5,25.4,13.4,12.0,3.2,0.6
2025-26,2026-05-17,T Kirk,10,6,24.0,12.666666666666666,11.333333333333334,2.6666666666666665,0.5
2025-26,2025-10-18,T Robinson,3,1,17.0,10.0,7.0,3.0,0.0
2025-26,2025-10-18,T Robinson,5,1,17.0,10.0,7.0,3.0,0.0
2025-26,2025-10-18,T Robinson,10,1,17.0,10.0,7.0,3.0,0.0
2025-26,2025-11-09,T Robinson,3,2,19.5,10.0,9.5,4.0,0.0
2025-26,2025-11-09,T Robinson,5,2,19.5,10.0,9.5,4.0,0.0
2025-26,2025-11-09,T Robinson,10,2,19.5,10.0,9.5,4.0,0.0
2025-26,2025-11-29,T Robinson,3,3,22.0,11.333333333333334,10.666666666666666,6.0,0.3333333333333333
2025-26,2025-11-29,T Robinson,5,3,22.0,11.333333333333334,10.666666666666666,6.0,0.3333333333333333
2025-26,2025-11-29,T Robinson,10,3,22.0,11.333333333333334,10.666666666666666,6.0,0.3333333333333333
2025-26,2025-12-03,T Robinson,3,3,26.333333333333332,14.333333333333334,12.0,6.333333333333333,0.3333333333333333
2025-26,2025-12-03,T Robinson,5,4,24.0,13.25,10.75,5.5,0.25
2025-26,2025-12-03,T Robinson,10,4,24.0,13.25,10.75,5.5,0.25
2025-26,2026-01-03,T Robinson,3,3,27.0,13.333333333333334,13.666666666666666,6.0,0.3333333333333333
2025-26,2026-01-03,T Robinson,5,5,24.0,12.0,12.0,5.2,0.2
2025-26,2026-01-03,T Robinson,10,5,24.0,12.0,12.0,5.2,0.2
2025-26,2026-02-01,T Robinson,3,3,23.333333333333332,11.333333333333334,12.0,3.6666666666666665,0.0
2025-26,2026-02-01,T Robinson,5,5,23.8,11.6,12.2,5.2,0.2
2025-26,2026-02-01,T Robinson,10,6,22.666666666666668,11.333333333333334,11.333333333333334,4.833333333333333,0.16666666666666666
2025-26,2026-02-11,T Robinson,3,3,21.666666666666668,9.0,12.666666666666666,3.0,0.0
2025-26,2026-02-11,T Robinson,5,5,24.4,12.0,12.4,4.6,0.2
2025-26,2026-02-11,T Robinson,10,7,23.0,11.428571428571429,11.571428571428571,4.428571428571429,0.14285714285714285
2025-26,2026-02-28,T Robinson,3,3,21.333333333333332,10.666666666666666,10.666666666666666,3.0,0.0
2025-26,2026-02-28,T Robinson,5,5,23.6,11.6,12.0,3.4,0.0
2025-26,2026-02-28,T Robinson,10,8,23.0,11.5,11.5,4.375,0.125
2025-26,2026-03-03,T Robinson,3,3,23.333333333333332,11.333333333333334,12.0,2.3333333333333335,0.0
2025-26,2026-03-03,T Robinson,5,5,22.0,9.8,12.2,2.8,0.0
2025-26,2026-03-03,T Robinson,10,9,22.88888888888889,11.333333333333334,11.555555555555555,4.0,0.1111111111111111
2026-27,2026-08-22,D England,3,1,19.0,10.0,9.0,3.0,0.0
2026-27,2026-08-22,D England,5,1,19.0,10.0,9.0,3.0,0.0
2026-27,2026-08-22,D England,10,1,19.0,10.0,9.0,3.0,0.0
2026-27,2026-08-22,F Hallam,3,1,26.0,12.0,14.0,3.0,0.0
2026-27,2026-08-22,F Hallam,5,1,26.0,12.0,14.0,3.0,0.0
2026-27,2026-08-22,F Hallam,10,1,26.0,12.0,14.0,3.0,0.0
2026-27,2026-08-24,J Brooks,3,1,19.0,12.0,7.0,5.0,0.0
2026-27,2026-08-24,J Brooks,5,1,19.0,12.0,7.0,5.0,0.0
2026-27,2026-08-24,J Brooks,10,1,19.0,12.0,7.0,5.0,0.0
2026-27,2026-08-23,J Gillett,3,1,22.0,11.0,11.0,3.0,0.0
2026-27,2026-08-23,J Gillett,5,1,22.0,11.0,11.0,3.0,0.0
2026-27,2026-08-23,J Gillett,10,1,22.0,11.0,11.0,3.0,0.0
2026-27,2026-08-22,M Oliver,3,1,31.0,17.0,14.0,2.0,0.0
2026-27,2026-08-22,M Oliver,5,1,31.0,17.0,14.0,2.0,0.0
2026-27,2026-08-22,M Oliver,10,1,31.0,17.0,14.0,2.0,0.0
2026-27,2026-08-23,P Bankes,3,1,23.0,12.0,11.0,5.0,1.0
2026-27,2026-08-23,P Bankes,5,1,23.0,12.0,11.0,5.0,1.0
2026-27,2026-08-23,P Bankes,10,1,23.0,12.0,11.0,5.0,1.0
2026-27,2026-08-22,P Tierney,3,1,20.0,5.0,15.0,1.0,0.0
2026-27,2026-08-22,P Tierney,5,1,20.0,5.0,15.0,1.0,0.0
2026-27,2026-08-22,P Tierney,10,1,20.0,5.0,15.0,1.0,0.0
2026-27,2026-08-22,R Jones,3,1,29.0,15.0,14.0,3.0,0.0
2026-27,2026-08-22,R Jones,5,1,29.0,15.0,14.0,3.0,0.0
2026-27,2026-08-22,R Jones,10,1,29.0,15.0,14.0,3.0,0.0
2026-27,2026-08-23,S Attwell,3,1,31.0,16.0,15.0,8.0,0.0
2026-27,2026-08-23,S Attwell,5,1,31.0,16.0,15.0,8.0,0.0
2026-27,2026-08-23,S Attwell,10,1,31.0,16.0,15.0,8.0,0.0
2026-27,2026-08-21,T Bramall,3,1,23.0,10.0,13.0,2.0,0.0
2026-27,2026-08-21,T Bramall,5,1,23.0,10.0,13.0,2.0,0.0
2026-27,2026-08-21,T Bramall,10,1,23.0,10.0,13.0,2.0,0.0
