match_id,season,match_date,referee,home_team,away_team,home_fouls,away_fouls,total_fouls,home_yellow,away_yellow,total_yellow,home_red,away_red,total_red
0f2308874945d21c04c3,2022-23,2022-08-05,A Taylor,Crystal Palace,Arsenal,16.0,11.0,27.0,1.0,2.0,3.0,0.0,0.0,0.0
76753107e6b79adfa7d0,2022-23,2022-08-06,A Madley,Fulham,Liverpool,7.0,9.0,16.0,2.0,0.0,2.0,0.0,0.0,0.0
49daf8f728a59f92ff13,2022-23,2022-08-06,P Bankes,Bournemouth,Aston Villa,18.0,16.0,34.0,3.0,3.0,6.0,0.0,0.0,0.0
12a3ad05307d9c73abed,2022-23,2022-08-06,R Jones,Leeds,Wolverhampton Wanderers,13.0,9.0,22.0,2.0,0.0,2.0,0.0,0.0,0.0
c3bac8e5b11ffb16cf95,2022-23,2022-08-06,S Hooper,Newcastle United,Nottingham Forest,9.0,14.0,23.0,0.0,3.0,3.0,0.0,0.0,0.0
74c696f73384943d0d85,2022-23,2022-08-06,A Marriner,Tottenham,Southampton,11.0,6.0,17.0,3.0,0.0,3.0,0.0,0.0,0.0
76e0d3d73ba4a9740e83,2022-23,2022-08-06,C Pawson,Everton,Chelsea,14.0,11.0,25.0,3.0,2.0,5.0,0.0,0.0,0.0
4425a1f5a2042ec3e44e,2022-23,2022-08-07,J Gillett,Leicester,Brentford,6.0,5.0,11.0,0.0,0.0,0.0,0.0,0.0,0.0
0278cc1f85c4f6838e51,2022-23,2022-08-07,P Tierney,Manchester United,Brighton & Hove Albion,7.0,12.0,19.0,4.0,1.0,5.0,0.0,0.0,0.0
413b42c3b7a0086813a0,2022-23,2022-08-07,M Oliver,West Ham United,Manchester City,8.0,4.0,12.0,0.0,1.0,1.0,0.0,0.0,0.0
0641a43591fdbac10cde,2022-23,2022-08-13,M Oliver,Aston Villa,Everton,9.0,7.0,16.0,4.0,1.0,5.0,0.0,0.0,0.0
207e193a3325c15a45b8,2022-23,2022-08-13,D England,Arsenal,Leicester,15.0,9.0,24.0,1.0,1.0,2.0,0.0,0.0,0.0
7f9a48950600028f37f6,2022-23,2022-08-13,G Scott,Brighton & Hove Albion,Newcastle United,8.0,6.0,14.0,2.0,3.0,5.0,0.0,0.0,0.0
68d5bb536923ed7b3db3,2022-23,2022-08-13,D Coote,Manchester City,Bournemouth,9.0,9.0,18.0,0.0,3.0,3.0,0.0,0.0,0.0
95472919b4681fc91908,2022-23,2022-08-13,T Harrington,Southampton,Leeds,10.0,12.0,22.0,1.0,3.0,4.0,0.0,0.0,0.0
9ce732d401a20ca2aaa2,2022-23,2022-08-13,J Brooks,Wolverhampton Wanderers,Fulham,7.0,14.0,21.0,3.0,3.0,6.0,0.0,0.0,0.0
ed72ddba123d47855542,2022-23,2022-08-13,S Attwell,Brentford,Manchester United,6.0,15.0,21.0,0.0,4.0,4.0,0.0,0.0,0.0
6ac31ba93290f71ed065,2022-23,2022-08-14,R Jones,Nottingham Forest,West Ham United,10.0,11.0,21.0,4.0,1.0,5.0,0.0,0.0,0.0
0cb4bd87ace687b405de,2022-23,2022-08-14,A Taylor,Chelsea,Tottenham,9.0,9.0,18.0,3.0,0.0,3.0,0.0,0.0,0.0
11829d986f8ddbf72044,2022-23,2022-08-15,P Tierney,Liverpool,Crystal Palace,7.0,8.0,15.0,2.0,4.0,6.0,1.0,0.0,1.0
bd3b2d95af6af16b564a,2022-23,2022-08-20,S Hooper,Tottenham,Wolverhampton Wanderers,10.0,8.0,18.0,2.0,2.0,4.0,0.0,0.0,0.0
b6021694be1558d6976d,2022-23,2022-08-20,A Madley,Crystal Palace,Aston Villa,16.0,14.0,30.0,2.0,1.0,3.0,0.0,0.0,0.0
21c3d08dd45f869e7e8a,2022-23,2022-08-20,A Marriner,Everton,Nottingham Forest,6.0,9.0,15.0,3.0,2.0,5.0,0.0,0.0,0.0
70e0d4cdf1bb4143b520,2022-23,2022-08-20,P Bankes,Fulham,Brentford,13.0,7.0,20.0,3.0,2.0,5.0,0.0,0.0,0.0
fb6eca0bc83f24dcc9f4,2022-23,2022-08-20,M Salisbury,Leicester,Southampton,11.0,15.0,26.0,2.0,3.0,5.0,0.0,0.0,0.0
d78e9cfccc26018f13da,2022-23,2022-08-20,C Pawson,Bournemouth,Arsenal,12.0,10.0,22.0,2.0,1.0,3.0,0.0,0.0,0.0
bc749c481a84a8b7a04d,2022-23,2022-08-21,S Attwell,Leeds,Chelsea,16.0,15.0,31.0,0.0,1.0,1.0,0.0,1.0,1.0
a0af28dbfe94f7978658,2022-23,2022-08-21,A Taylor,West Ham United,Brighton & Hove Albion,10.0,7.0,17.0,2.0,0.0,2.0,0.0,0.0,0.0
3ed04b7c103118c3c537,2022-23,2022-08-21,J Gillett,Newcastle United,Manchester City,14.0,7.0,21.0,4.0,2.0,6.0,0.0,0.0,0.0
739f138c9898bbaec5f6,2022-23,2022-08-22,M Oliver,Manchester United,Liverpool,11.0,7.0,18.0,3.0,1.0,4.0,0.0,0.0,0.0
55e149c0887df239055c,2022-23,2022-08-27,A Madley,Southampton,Manchester United,4.0,14.0,18.0,0.0,3.0,3.0,0.0,0.0,0.0
58ca09d53dfd06f27583,2022-23,2022-08-27,J Brooks,Brentford,Everton,8.0,8.0,16.0,2.0,2.0,4.0,0.0,0.0,0.0
ed6459cb9468ee98f639,2022-23,2022-08-27,M Salisbury,Brighton & Hove Albion,Leeds,10.0,14.0,24.0,2.0,3.0,5.0,0.0,0.0,0.0
a5b41da30e678233f737,2022-23,2022-08-27,P Tierney,Chelsea,Leicester,10.0,7.0,17.0,1.0,2.0,3.0,1.0,0.0,1.0
9fa74d6d56604f44758e,2022-23,2022-08-27,S Attwell,Liverpool,Bournemouth,6.0,5.0,11.0,0.0,1.0,1.0,0.0,0.0,0.0
cad29ba7261bde8df39e,2022-23,2022-08-27,D England,Manchester City,Crystal Palace,14.0,8.0,22.0,1.0,2.0,3.0,0.0,0.0,0.0
938b05c9beb26b34732d,2022-23,2022-08-27,J Gillett,Arsenal,Fulham,6.0,12.0,18.0,2.0,3.0,5.0,0.0,0.0,0.0
8eb85e26ed77f62e482a,2022-23,2022-08-28,D Coote,Aston Villa,West Ham United,10.0,10.0,20.0,2.0,0.0,2.0,0.0,0.0,0.0
678fcc81c4b4d4e5e44d,2022-23,2022-08-28,P Bankes,Wolverhampton Wanderers,Newcastle United,10.0,11.0,21.0,2.0,1.0,3.0,0.0,0.0,0.0
cc1d46e4a08501f89ef0,2022-23,2022-08-28,C Pawson,Nottingham Forest,Tottenham,11.0,13.0,24.0,6.0,1.0,7.0,0.0,0.0,0.0
2a3d680d1ade6e6b156b,2022-23,2022-08-30,S Hooper,Crystal Palace,Brentford,11.0,8.0,19.0,1.0,2.0,3.0,0.0,0.0,0.0
2af9ea2917fecf89f24a,2022-23,2022-08-30,T Bramall,Fulham,Brighton & Hove Albion,9.0,11.0,20.0,2.0,1.0,3.0,0.0,0.0,0.0
45319b047afdfbb45eb4,2022-23,2022-08-30,M Oliver,Southampton,Chelsea,15.0,10.0,25.0,2.0,1.0,3.0,0.0,0.0,0.0
b9f804d807f45a523d7c,2022-23,2022-08-30,D England,Leeds,Everton,10.0,9.0,19.0,3.0,3.0,6.0,0.0,0.0,0.0
5a7467b6529cce0fb817,2022-23,2022-08-31,R Jones,Arsenal,Aston Villa,10.0,14.0,24.0,2.0,3.0,5.0,0.0,0.0,0.0
646595881355e20719df,2022-23,2022-08-31,A Taylor,Bournemouth,Wolverhampton Wanderers,12.0,12.0,24.0,2.0,1.0,3.0,0.0,0.0,0.0
509868b83370658fe495,2022-23,2022-08-31,P Tierney,Manchester City,Nottingham Forest,9.0,7.0,16.0,0.0,1.0,1.0,0.0,0.0,0.0
5dd0e8639f5b46f6b677,2022-23,2022-08-31,P Bankes,West Ham United,Tottenham,10.0,9.0,19.0,2.0,5.0,7.0,0.0,0.0,0.0
a9de602daac9b8b219cf,2022-23,2022-08-31,A Marriner,Liverpool,Newcastle United,9.0,10.0,19.0,0.0,2.0,2.0,0.0,0.0,0.0
8e2cbdcca7bb19fcba61,2022-23,2022-09-01,C Pawson,Leicester,Manchester United,7.0,15.0,22.0,1.0,3.0,4.0,0.0,0.0,0.0
18f91f5030354cc2cad0,2022-23,2022-09-03,A Taylor,Everton,Liverpool,7.0,11.0,18.0,2.0,2.0,4.0,0.0,0.0,0.0
74de37cbabd626103ee3,2022-23,2022-09-03,R Jones,Brentford,Leeds,8.0,9.0,17.0,2.0,2.0,4.0,0.0,0.0,0.0
6c610058ce247a88f5ef,2022-23,2022-09-03,A Madley,Chelsea,West Ham United,6.0,11.0,17.0,4.0,2.0,6.0,0.0,0.0,0.0
f52d8cc047fbd29ef11a,2022-23,2022-09-03,M Salisbury,Newcastle United,Crystal Palace,19.0,12.0,31.0,2.0,1.0,3.0,0.0,0.0,0.0
8e2498c407cf07be677e,2022-23,2022-09-03,M Oliver,Nottingham Forest,Bournemouth,13.0,10.0,23.0,2.0,1.0,3.0,0.0,0.0,0.0
b9c2ebf9fae0268d9e05,2022-23,2022-09-03,S Attwell,Tottenham,Fulham,9.0,6.0,15.0,3.0,4.0,7.0,0.0,0.0,0.0
a03f28b39c87e2f38bbc,2022-23,2022-09-03,J Brooks,Wolverhampton Wanderers,Southampton,10.0,14.0,24.0,4.0,2.0,6.0,0.0,0.0,0.0
30dc9b9e7f6980246208,2022-23,2022-09-03,S Hooper,Aston Villa,Manchester City,7.0,6.0,13.0,2.0,0.0,2.0,0.0,0.0,0.0
ac6a758eb258d3819767,2022-23,2022-09-04,T Harrington,Brighton & Hove Albion,Leicester,6.0,8.0,14.0,1.0,1.0,2.0,0.0,0.0,0.0
d976757611ea64e4b3f1,2022-23,2022-09-04,P Tierney,Manchester United,Arsenal,13.0,9.0,22.0,3.0,3.0,6.0,0.0,0.0,0.0
7e848d18b9a3232e5f3c,2022-23,2022-09-16,T Harrington,Aston Villa,Southampton,13.0,13.0,26.0,3.0,1.0,4.0,0.0,0.0,0.0
aba450c1c73b8cb4a412,2022-23,2022-09-16,J Gillett,Nottingham Forest,Fulham,11.0,10.0,21.0,2.0,4.0,6.0,0.0,0.0,0.0
90a09998cc14cb7abfc9,2022-23,2022-09-17,A Taylor,Wolverhampton Wanderers,Manchester City,7.0,9.0,16.0,2.0,1.0,3.0,1.0,0.0,1.0
6d99aecde41d477cf05b,2022-23,2022-09-17,C Pawson,Newcastle United,Bournemouth,10.0,11.0,21.0,2.0,2.0,4.0,0.0,0.0,0.0
b669c6b3514535b505f2,2022-23,2022-09-17,S Hooper,Tottenham,Leicester,9.0,9.0,18.0,1.0,2.0,3.0,0.0,0.0,0.0
c081c39d0fa21ad30f77,2022-23,2022-09-18,D Coote,Brentford,Arsenal,10.0,10.0,20.0,0.0,2.0,2.0,0.0,0.0,0.0
da401fbb3071289bcdea,2022-23,2022-09-18,M Oliver,Everton,West Ham United,8.0,11.0,19.0,3.0,1.0,4.0,0.0,0.0,0.0
610b0db09213c511285b,2022-23,2022-10-01,A Taylor,Arsenal,Tottenham,10.0,10.0,20.0,2.0,1.0,3.0,0.0,1.0,1.0
8e875663fb5882e8c541,2022-23,2022-10-01,T Bramall,Bournemouth,Brentford,11.0,10.0,21.0,1.0,2.0,3.0,0.0,0.0,0.0
1a9185b3f9f23028bd4b,2022-23,2022-10-01,C Kavanagh,Crystal Palace,Chelsea,11.0,13.0,24.0,1.0,3.0,4.0,0.0,0.0,0.0
2622354837b581f164f8,2022-23,2022-10-01,D England,Fulham,Newcastle United,9.0,10.0,19.0,2.0,0.0,2.0,1.0,0.0,1.0
9796b4940cbffcd524d3,2022-23,2022-10-01,A Madley,Liverpool,Brighton & Hove Albion,9.0,13.0,22.0,1.0,1.0,2.0,0.0,0.0,0.0
c458b0d5f6b6d94d54b2,2022-23,2022-10-01,A Marriner,Southampton,Everton,11.0,10.0,21.0,2.0,2.0,4.0,0.0,0.0,0.0
4e672756522a55a725b0,2022-23,2022-10-01,P Tierney,West Ham United,Wolverhampton Wanderers,8.0,6.0,14.0,2.0,2.0,4.0,0.0,0.0,0.0
993b4b278a3c976236b5,2022-23,2022-10-02,M Oliver,Manchester City,Manchester United,3.0,9.0,12.0,0.0,3.0,3.0,0.0,0.0,0.0
73c77a595e618a5e63e7,2022-23,2022-10-02,S Attwell,Leeds,Aston Villa,23.0,12.0,35.0,3.0,2.0,5.0,1.0,0.0,1.0
6393ab8792900465552a,2022-23,2022-10-03,R Jones,Leicester,Nottingham Forest,13.0,12.0,25.0,2.0,4.0,6.0,0.0,0.0,0.0
e9ebf963eb7a3b22fe20,2022-23,2022-10-08,M Salisbury,Bournemouth,Leicester,8.0,16.0,24.0,1.0,2.0,3.0,0.0,0.0,0.0
763e46622f20c97aec8b,2022-23,2022-10-08,S Hooper,Chelsea,Wolverhampton Wanderers,8.0,8.0,16.0,2.0,0.0,2.0,0.0,0.0,0.0
c1988c6a59219076ac7b,2022-23,2022-10-08,A Madley,Manchester City,Southampton,4.0,8.0,12.0,0.0,1.0,1.0,0.0,0.0,0.0
feb01c765a89969ffb90,2022-23,2022-10-08,J Brooks,Newcastle United,Brentford,14.0,9.0,23.0,0.0,1.0,1.0,0.0,0.0,0.0
f84341928b66f43c2618,2022-23,2022-10-08,T Harrington,Brighton & Hove Albion,Tottenham,9.0,14.0,23.0,1.0,2.0,3.0,0.0,0.0,0.0
2d2200e3e9ce873b51a9,2022-23,2022-10-09,P Tierney,Crystal Palace,Leeds,13.0,23.0,36.0,3.0,3.0,6.0,0.0,0.0,0.0
4ebc5cb839e2885b7818,2022-23,2022-10-09,C Kavanagh,West Ham United,Fulham,9.0,7.0,16.0,1.0,3.0,4.0,0.0,0.0,0.0
fcd1bb6e5784d419d314,2022-23,2022-10-09,M Oliver,Arsenal,Liverpool,11.0,11.0,22.0,1.0,2.0,3.0,0.0,0.0,0.0
cea1c23b9ea3346e5e2e,2022-23,2022-10-09,D Coote,Everton,Manchester United,7.0,13.0,20.0,2.0,1.0,3.0,0.0,0.0,0.0
c0f89a2a40c6a6587320,2022-23,2022-10-10,A Taylor,Nottingham Forest,Aston Villa,13.0,19.0,32.0,3.0,3.0,6.0,0.0,0.0,0.0
9f72f666b40755b4d1de,2022-23,2022-10-14,M Salisbury,Brentford,Brighton & Hove Albion,12.0,15.0,27.0,3.0,1.0,4.0,0.0,0.0,0.0
13d437617b1067ffb1c2,2022-23,2022-10-15,A Madley,Leicester,Crystal Palace,18.0,13.0,31.0,2.0,2.0,4.0,0.0,0.0,0.0
c07366a6a21438bc1cca,2022-23,2022-10-15,G Scott,Fulham,Bournemouth,9.0,11.0,20.0,2.0,0.0,2.0,0.0,0.0,0.0
0c292f968381c62af736,2022-23,2022-10-15,T Bramall,Wolverhampton Wanderers,Nottingham Forest,17.0,13.0,30.0,2.0,2.0,4.0,0.0,0.0,0.0
d30402bfc2e7d4b8cba9,2022-23,2022-10-15,P Tierney,Tottenham,Everton,12.0,13.0,25.0,1.0,4.0,5.0,0.0,0.0,0.0
39516139c2cd6825bea3,2022-23,2022-10-16,R Jones,Aston Villa,Chelsea,12.0,11.0,23.0,0.0,3.0,3.0,0.0,0.0,0.0
fab0b517e57658c6ae8c,2022-23,2022-10-16,C Kavanagh,Leeds,Arsenal,10.0,11.0,21.0,0.0,2.0,2.0,0.0,0.0,0.0
25398e71b525bef70438,2022-23,2022-10-16,C Pawson,Manchester United,Newcastle United,13.0,11.0,24.0,3.0,1.0,4.0,0.0,0.0,0.0
182e91cc778d40f2950b,2022-23,2022-10-16,P Bankes,Southampton,West Ham United,7.0,3.0,10.0,1.0,1.0,2.0,0.0,0.0,0.0
5ccc4988e5246ab2fdf3,2022-23,2022-10-16,A Taylor,Liverpool,Manchester City,10.0,7.0,17.0,3.0,1.0,4.0,0.0,0.0,0.0
07c6d90ed34538d90d2c,2022-23,2022-10-18,D England,Brighton & Hove Albion,Nottingham Forest,10.0,14.0,24.0,3.0,1.0,4.0,0.0,0.0,0.0
91f69f222c3e2660817f,2022-23,2022-10-18,D Coote,Crystal Palace,Wolverhampton Wanderers,14.0,18.0,32.0,3.0,1.0,4.0,0.0,0.0,0.0
cb3f7fc9e0b473d71044,2022-23,2022-10-19,J Brooks,Bournemouth,Southampton,8.0,13.0,21.0,1.0,3.0,4.0,0.0,0.0,0.0
8edc47c4b9cd4915821d,2022-23,2022-10-19,J Gillett,Brentford,Chelsea,7.0,7.0,14.0,0.0,0.0,0.0,0.0,0.0,0.0
2b4b603552f6b764b5d0,2022-23,2022-10-19,S Attwell,Liverpool,West Ham United,9.0,8.0,17.0,0.0,0.0,0.0,0.0,0.0,0.0
fa6737bde4f9e7b793e0,2022-23,2022-10-19,T Harrington,Newcastle United,Everton,9.0,12.0,21.0,2.0,4.0,6.0,0.0,0.0,0.0
421c7ecfc83a1e48901d,2022-23,2022-10-19,S Hooper,Manchester United,Tottenham,7.0,7.0,14.0,1.0,0.0,1.0,0.0,0.0,0.0
9d831fe3ccf2a7bb28e0,2022-23,2022-10-20,M Oliver,Fulham,Aston Villa,11.0,11.0,22.0,0.0,2.0,2.0,0.0,1.0,1.0
e23e7e3ac344adac8cda,2022-23,2022-10-20,P Bankes,Leicester,Leeds,15.0,11.0,26.0,2.0,1.0,3.0,0.0,0.0,0.0
7b3a984786f115384fbe,2022-23,2022-10-22,P Tierney,Nottingham Forest,Liverpool,14.0,8.0,22.0,2.0,1.0,3.0,0.0,0.0,0.0
dfe88935dcbb0a59ea2f,2022-23,2022-10-22,S Hooper,Everton,Crystal Palace,16.0,14.0,30.0,3.0,4.0,7.0,0.0,0.0,0.0
771d02a015862b098547,2022-23,2022-10-22,C Pawson,Manchester City,Brighton & Hove Albion,11.0,12.0,23.0,1.0,3.0,4.0,0.0,0.0,0.0
a8beb6e890f74936344b,2022-23,2022-10-22,S Attwell,Chelsea,Manchester United,8.0,10.0,18.0,1.0,4.0,5.0,0.0,0.0,0.0
2c3ba50de257810a0589,2022-23,2022-10-23,D England,Aston Villa,Brentford,14.0,11.0,25.0,1.0,0.0,1.0,0.0,0.0,0.0
30b32e90991488551eb7,2022-23,2022-10-23,A Taylor,Leeds,Fulham,12.0,8.0,20.0,1.0,1.0,2.0,0.0,0.0,0.0
df1169519b5ac80f8121,2022-23,2022-10-23,R Jones,Southampton,Arsenal,11.0,8.0,19.0,2.0,1.0,3.0,0.0,0.0,0.0
9aa2e2d88517c1c15e5a,2022-23,2022-10-23,M Oliver,Wolverhampton Wanderers,Leicester,10.0,13.0,23.0,2.0,1.0,3.0,0.0,0.0,0.0
5910abf6768075869641,2022-23,2022-10-23,J Gillett,Tottenham,Newcastle United,12.0,6.0,18.0,4.0,2.0,6.0,0.0,0.0,0.0
7e60f855a7ad1050573f,2022-23,2022-10-24,D Coote,West Ham United,Bournemouth,9.0,11.0,20.0,0.0,2.0,2.0,0.0,0.0,0.0
34715bc397bd2e0072d6,2022-23,2022-10-29,R Jones,Leicester,Manchester City,5.0,10.0,15.0,0.0,0.0,0.0,0.0,0.0,0.0
408ee1536c3a3bb3309c,2022-23,2022-10-29,A Taylor,Bournemouth,Tottenham,10.0,5.0,15.0,1.0,2.0,3.0,0.0,0.0,0.0
3c1da1711dba90a61cc9,2022-23,2022-10-29,R Madley,Brentford,Wolverhampton Wanderers,10.0,17.0,27.0,3.0,3.0,6.0,0.0,1.0,1.0
c9d88f5d1f95611acb51,2022-23,2022-10-29,A Madley,Brighton & Hove Albion,Chelsea,16.0,6.0,22.0,1.0,2.0,3.0,0.0,0.0,0.0
c22d3bd98749cb7cf404,2022-23,2022-10-29,M Salisbury,Crystal Palace,Southampton,13.0,12.0,25.0,3.0,3.0,6.0,0.0,0.0,0.0
ad79d8039a6a8172d710,2022-23,2022-10-29,P Tierney,Newcastle United,Aston Villa,11.0,11.0,22.0,1.0,1.0,2.0,0.0,0.0,0.0
63b5113e1b6d496bbbc5,2022-23,2022-10-29,J Brooks,Fulham,Everton,10.0,8.0,18.0,2.0,1.0,3.0,0.0,0.0,0.0
e96eaecfb14a783ab7b3,2022-23,2022-10-29,M Oliver,Liverpool,Leeds,9.0,3.0,12.0,0.0,1.0,1.0,0.0,0.0,0.0
bb71f16e3cc659cfeb23,2022-23,2022-10-30,S Hooper,Arsenal,Nottingham Forest,9.0,8.0,17.0,0.0,1.0,1.0,0.0,0.0,0.0
6639279e7625ef27e2de,2022-23,2022-10-30,C Kavanagh,Manchester United,West Ham United,12.0,10.0,22.0,1.0,3.0,4.0,0.0,0.0,0.0
cdeb45cc9a5de0e00d5d,2022-23,2022-11-05,T Harrington,Leeds,Bournemouth,16.0,10.0,26.0,2.0,2.0,4.0,0.0,0.0,0.0
48d1db9bd19ff7b75ec5,2022-23,2022-11-05,D England,Manchester City,Fulham,6.0,11.0,17.0,2.0,4.0,6.0,1.0,0.0,1.0
edd59e3f55b076e6b392,2022-23,2022-11-05,A Marriner,Nottingham Forest,Brentford,10.0,11.0,21.0,2.0,2.0,4.0,0.0,0.0,0.0
c8c5895277306343308c,2022-23,2022-11-05,G Scott,Wolverhampton Wanderers,Brighton & Hove Albion,15.0,11.0,26.0,2.0,0.0,2.0,1.0,0.0,1.0
8460120e433ed11af4ab,2022-23,2022-11-05,D Coote,Everton,Leicester,9.0,5.0,14.0,0.0,0.0,0.0,0.0,0.0,0.0
5b154787bd91f9fe72e7,2022-23,2022-11-06,M Oliver,Chelsea,Arsenal,20.0,13.0,33.0,5.0,2.0,7.0,0.0,0.0,0.0
24b48de736f2770e347a,2022-23,2022-11-06,A Taylor,Aston Villa,Manchester United,6.0,12.0,18.0,3.0,3.0,6.0,0.0,0.0,0.0
f6f84d20c8e062670ee5,2022-23,2022-11-06,S Attwell,Southampton,Newcastle United,7.0,10.0,17.0,1.0,0.0,1.0,0.0,0.0,0.0
b3c2b52de3a698522dee,2022-23,2022-11-06,P Tierney,West Ham United,Crystal Palace,10.0,7.0,17.0,1.0,1.0,2.0,0.0,0.0,0.0
71aa20108552d20cc6ea,2022-23,2022-11-06,A Madley,Tottenham,Liverpool,10.0,8.0,18.0,0.0,0.0,0.0,0.0,0.0,0.0
c5574176ea9e0d8f2f40,2022-23,2022-11-12,P Bankes,Manchester City,Brentford,9.0,7.0,16.0,2.0,2.0,4.0,0.0,0.0,0.0
17bd532ce6ef0c61f180,2022-23,2022-11-12,C Pawson,Bournemouth,Everton,12.0,8.0,20.0,2.0,0.0,2.0,0.0,0.0,0.0
acc035c3be31070b86a2,2022-23,2022-11-12,S Hooper,Liverpool,Southampton,8.0,8.0,16.0,0.0,2.0,2.0,0.0,0.0,0.0
4f24eafca55d3d08821c,2022-23,2022-11-12,J Brooks,Nottingham Forest,Crystal Palace,11.0,13.0,24.0,1.0,4.0,5.0,0.0,0.0,0.0
da85fb9d098b7ce27015,2022-23,2022-11-12,M Salisbury,Tottenham,Leeds,8.0,7.0,15.0,1.0,1.0,2.0,0.0,1.0,1.0
cdd19e5904da53bef70c,2022-23,2022-11-12,J Gillett,West Ham United,Leicester,9.0,8.0,17.0,3.0,1.0,4.0,0.0,0.0,0.0
8b90af383d78105c8273,2022-23,2022-11-12,R Jones,Newcastle United,Chelsea,14.0,11.0,25.0,3.0,2.0,5.0,0.0,0.0,0.0
53e133929ad636965a86,2022-23,2022-11-12,S Attwell,Wolverhampton Wanderers,Arsenal,5.0,6.0,11.0,3.0,2.0,5.0,0.0,0.0,0.0
b1ef11ed2b2a6f2dea44,2022-23,2022-11-13,C Kavanagh,Brighton & Hove Albion,Aston Villa,14.0,11.0,25.0,2.0,7.0,9.0,0.0,0.0,0.0
a67867f4ab82aa3147f2,2022-23,2022-11-13,P Tierney,Fulham,Manchester United,9.0,10.0,19.0,1.0,1.0,2.0,0.0,0.0,0.0
b0cded8c1ad3bf588700,2022-23,2022-12-26,D Coote,Brentford,Tottenham,11.0,10.0,21.0,3.0,1.0,4.0,0.0,0.0,0.0
06113e4eccf15bca2a04,2022-23,2022-12-26,A Madley,Crystal Palace,Fulham,12.0,15.0,27.0,0.0,0.0,0.0,2.0,0.0,2.0
5ee9432424747d4ec842,2022-23,2022-12-26,C Pawson,Everton,Wolverhampton Wanderers,9.0,22.0,31.0,1.0,6.0,7.0,0.0,0.0,0.0
ae3c7a00a7e36d10a62f,2022-23,2022-12-26,J Gillett,Leicester,Newcastle United,9.0,6.0,15.0,0.0,0.0,0.0,0.0,0.0,0.0
28c7eed2dd2589928545,2022-23,2022-12-26,R Jones,Southampton,Brighton & Hove Albion,9.0,10.0,19.0,1.0,2.0,3.0,0.0,0.0,0.0
85ede115af738f894c70,2022-23,2022-12-26,P Tierney,Aston Villa,Liverpool,7.0,12.0,19.0,0.0,0.0,0.0,0.0,0.0,0.0
71c77a8e8e2066b27069,2022-23,2022-12-26,M Oliver,Arsenal,West Ham United,13.0,17.0,30.0,0.0,2.0,2.0,0.0,0.0,0.0
85502ac444e621c25bc7,2022-23,2022-12-27,S Hooper,Chelsea,Bournemouth,8.0,10.0,18.0,0.0,0.0,0.0,0.0,0.0,0.0
4cae0e549b42351e4264,2022-23,2022-12-27,A Taylor,Manchester United,Nottingham Forest,13.0,4.0,17.0,3.0,1.0,4.0,0.0,0.0,0.0
e8c08a609e6423340ddd,2022-23,2022-12-28,S Attwell,Leeds,Manchester City,11.0,14.0,25.0,3.0,3.0,6.0,0.0,0.0,0.0
e5859a50ba04999288bf,2022-23,2022-12-30,D England,West Ham United,Brentford,9.0,5.0,14.0,1.0,0.0,1.0,0.0,0.0,0.0
9f6ee82122f03dc727bf,2022-23,2022-12-30,C Pawson,Liverpool,Leicester,8.0,15.0,23.0,0.0,1.0,1.0,0.0,0.0,0.0
8cdfdee3d33ae8b52293,2022-23,2022-12-31,R Jones,Wolverhampton Wanderers,Manchester United,11.0,11.0,22.0,1.0,3.0,4.0,0.0,0.0,0.0
2520214a052555235e37,2022-23,2022-12-31,A Marriner,Bournemouth,Crystal Palace,17.0,11.0,28.0,4.0,1.0,5.0,0.0,0.0,0.0
512b83ef3f3e41b908b8,2022-23,2022-12-31,G Scott,Fulham,Southampton,8.0,13.0,21.0,0.0,1.0,1.0,0.0,0.0,0.0
a1298f2302c2608f5e9a,2022-23,2022-12-31,A Madley,Manchester City,Everton,13.0,14.0,27.0,3.0,4.0,7.0,0.0,0.0,0.0
aad4f0aa1434d541677f,2022-23,2022-12-31,S Hooper,Newcastle United,Leeds,13.0,19.0,32.0,3.0,5.0,8.0,0.0,0.0,0.0
5eca2ba66dfd249bb643,2022-23,2022-12-31,A Taylor,Brighton & Hove Albion,Arsenal,7.0,11.0,18.0,3.0,3.0,6.0,0.0,0.0,0.0
e2a6089e60001f6bce42,2022-23,2023-01-01,J Brooks,Tottenham,Aston Villa,15.0,10.0,25.0,4.0,3.0,7.0,0.0,0.0,0.0
743d069d0726235b05dd,2022-23,2023-01-01,P Bankes,Nottingham Forest,Chelsea,16.0,14.0,30.0,2.0,2.0,4.0,0.0,0.0,0.0
325c97e8ce7bf1acde46,2022-23,2023-01-02,S Attwell,Brentford,Liverpool,5.0,8.0,13.0,1.0,3.0,4.0,0.0,0.0,0.0
2e3f90ad23c08563f2d1,2022-23,2023-01-03,A Madley,Arsenal,Newcastle United,10.0,16.0,26.0,4.0,4.0,8.0,0.0,0.0,0.0
e19dc355203f24f7c165,2022-23,2023-01-03,A Marriner,Everton,Brighton & Hove Albion,8.0,10.0,18.0,3.0,1.0,4.0,0.0,0.0,0.0
2c2589bc2d0bce8065d4,2022-23,2023-01-03,D Bond,Leicester,Fulham,12.0,11.0,23.0,2.0,6.0,8.0,0.0,0.0,0.0
852b725a88078716e1cb,2022-23,2023-01-03,M Salisbury,Manchester United,Bournemouth,13.0,7.0,20.0,0.0,3.0,3.0,0.0,0.0,0.0
11f144c11f9ac4cff113,2022-23,2023-01-04,T Bramall,Southampton,Nottingham Forest,14.0,17.0,31.0,2.0,2.0,4.0,0.0,0.0,0.0
da89caf91af685bc30ce,2022-23,2023-01-04,D Coote,Leeds,West Ham United,11.0,18.0,29.0,3.0,1.0,4.0,0.0,0.0,0.0
62a4a263fa059037b6f3,2022-23,2023-01-04,J Gillett,Aston Villa,Wolverhampton Wanderers,6.0,12.0,18.0,1.0,3.0,4.0,0.0,0.0,0.0
ca14c633ae65cf6e0b3b,2022-23,2023-01-04,M Oliver,Crystal Palace,Tottenham,11.0,8.0,19.0,1.0,2.0,3.0,0.0,0.0,0.0
12829f5db913705eb00b,2022-23,2023-01-05,P Tierney,Chelsea,Manchester City,9.0,9.0,18.0,2.0,0.0,2.0,0.0,0.0,0.0
9677f5fa9d1663ce16f9,2022-23,2023-01-12,D Coote,Fulham,Chelsea,12.0,16.0,28.0,4.0,3.0,7.0,0.0,1.0,1.0
bcfcad9ed79a03e16346,2022-23,2023-01-13,M Oliver,Aston Villa,Leeds,12.0,8.0,20.0,2.0,2.0,4.0,0.0,0.0,0.0
737ba57ef4c348f80652,2022-23,2023-01-14,S Attwell,Manchester United,Manchester City,15.0,5.0,20.0,3.0,0.0,3.0,0.0,0.0,0.0
abecc24ce937e472c362,2022-23,2023-01-14,D England,Brighton & Hove Albion,Liverpool,8.0,15.0,23.0,1.0,3.0,4.0,0.0,0.0,0.0
9fa5e4d76eadf9749db3,2022-23,2023-01-14,J Brooks,Everton,Southampton,7.0,19.0,26.0,0.0,3.0,3.0,0.0,0.0,0.0
519544747c60450e8722,2022-23,2023-01-14,P Tierney,Nottingham Forest,Leicester,11.0,12.0,23.0,1.0,2.0,3.0,0.0,0.0,0.0
0899d3f8280276601d33,2022-23,2023-01-14,S Hooper,Wolverhampton Wanderers,West Ham United,10.0,7.0,17.0,0.0,2.0,2.0,0.0,0.0,0.0
d5557c816326b99638db,2022-23,2023-01-14,J Gillett,Brentford,Bournemouth,5.0,9.0,14.0,1.0,1.0,2.0,0.0,0.0,0.0
d9f5baa60dd0db18e0a8,2022-23,2023-01-15,P Bankes,Chelsea,Crystal Palace,10.0,17.0,27.0,2.0,5.0,7.0,0.0,0.0,0.0
3366ac4bdaddb9c822bc,2022-23,2023-01-15,R Jones,Newcastle United,Fulham,6.0,14.0,20.0,1.0,3.0,4.0,0.0,0.0,0.0
d98705c50312db4b4f4d,2022-23,2023-01-15,C Pawson,Tottenham,Arsenal,16.0,15.0,31.0,4.0,2.0,6.0,0.0,0.0,0.0
cc506dd400b9bb2b18f0,2022-23,2023-01-18,R Jones,Crystal Palace,Manchester United,9.0,10.0,19.0,1.0,2.0,3.0,0.0,0.0,0.0
811948e3a0c5da6eab53,2022-23,2023-01-19,S Hooper,Manchester City,Tottenham,10.0,14.0,24.0,1.0,2.0,3.0,0.0,0.0,0.0
436832a8899c8c5ff235,2022-23,2023-01-21,M Oliver,Liverpool,Chelsea,16.0,9.0,25.0,3.0,1.0,4.0,0.0,0.0,0.0
c863e16bba8b4e1bbcd5,2022-23,2023-01-21,A Madley,Bournemouth,Nottingham Forest,10.0,7.0,17.0,1.0,2.0,3.0,0.0,0.0,0.0
d1d2dd5b1f53cad438a4,2022-23,2023-01-21,T Bramall,Leicester,Brighton & Hove Albion,9.0,9.0,18.0,0.0,1.0,1.0,0.0,0.0,0.0
fe56faae0784455a97b6,2022-23,2023-01-21,M Salisbury,Southampton,Aston Villa,19.0,9.0,28.0,1.0,2.0,3.0,0.0,0.0,0.0
bb066113a5ace0c49251,2022-23,2023-01-21,S Attwell,West Ham United,Everton,9.0,6.0,15.0,1.0,1.0,2.0,0.0,0.0,0.0
b68fd3aa91173d06a585,2022-23,2023-01-21,C Pawson,Crystal Palace,Newcastle United,13.0,7.0,20.0,4.0,2.0,6.0,0.0,0.0,0.0
b19fe132344023c7a19a,2022-23,2023-01-22,P Bankes,Leeds,Brentford,10.0,18.0,28.0,2.0,2.0,4.0,0.0,0.0,0.0
62355ea19c38f5504c25,2022-23,2023-01-22,D Coote,Manchester City,Wolverhampton Wanderers,10.0,10.0,20.0,1.0,2.0,3.0,0.0,0.0,0.0
461cf461f0c63d738caa,2022-23,2023-01-22,A Taylor,Arsenal,Manchester United,8.0,9.0,17.0,1.0,2.0,3.0,0.0,0.0,0.0
f2ccb4ffd2a71077cd85,2022-23,2023-01-23,P Tierney,Fulham,Tottenham,10.0,10.0,20.0,1.0,3.0,4.0,0.0,0.0,0.0
7c12ecc483157c7750a2,2022-23,2023-02-03,S Attwell,Chelsea,Fulham,16.0,12.0,28.0,1.0,4.0,5.0,0.0,0.0,0.0
4b330d497cc83aca8b5b,2022-23,2023-02-04,D Coote,Everton,Arsenal,13.0,8.0,21.0,4.0,1.0,5.0,0.0,0.0,0.0
593728ebd8d39a09e8e5,2022-23,2023-02-04,D England,Aston Villa,Leicester,10.0,10.0,20.0,0.0,2.0,2.0,0.0,0.0,0.0
c110dfa7909ae0c40f67,2022-23,2023-02-04,D Bond,Brentford,Southampton,10.0,9.0,19.0,1.0,2.0,3.0,0.0,0.0,0.0
9835fa1775c364bfec69,2022-23,2023-02-04,C Pawson,Brighton & Hove Albion,Bournemouth,14.0,7.0,21.0,3.0,1.0,4.0,0.0,0.0,0.0
4c1811e5f0bf896613c0,2022-23,2023-02-04,A Marriner,Manchester United,Crystal Palace,9.0,9.0,18.0,1.0,2.0,3.0,1.0,0.0,1.0
479b071ba9273fe6f067,2022-23,2023-02-04,P Tierney,Wolverhampton Wanderers,Liverpool,9.0,7.0,16.0,1.0,1.0,2.0,0.0,0.0,0.0
93c17537019144aff3ef,2022-23,2023-02-04,P Bankes,Newcastle United,West Ham United,11.0,13.0,24.0,2.0,1.0,3.0,0.0,0.0,0.0
863562118ab4d1bbe767,2022-23,2023-02-05,R Jones,Nottingham Forest,Leeds,15.0,14.0,29.0,4.0,2.0,6.0,0.0,0.0,0.0
c4f8fddc9f5a4ad3f44d,2022-23,2023-02-05,A Madley,Tottenham,Manchester City,19.0,14.0,33.0,2.0,3.0,5.0,1.0,0.0,1.0
52b317aa071bf8eebc1a,2022-23,2023-02-08,S Hooper,Manchester United,Leeds,7.0,11.0,18.0,1.0,3.0,4.0,0.0,0.0,0.0
a84c71a4cd5f3a0fac63,2022-23,2023-02-11,C Pawson,West Ham United,Chelsea,9.0,11.0,20.0,1.0,1.0,2.0,0.0,0.0,0.0
a133d2cf878d9098b533,2022-23,2023-02-11,P Bankes,Arsenal,Brentford,9.0,9.0,18.0,0.0,2.0,2.0,0.0,0.0,0.0
1a50a21f30352f9b3fe7,2022-23,2023-02-11,M Oliver,Crystal Palace,Brighton & Hove Albion,10.0,11.0,21.0,4.0,1.0,5.0,0.0,0.0,0.0
321bbf2b8294499c3681,2022-23,2023-02-11,A Madley,Fulham,Nottingham Forest,9.0,11.0,20.0,0.0,1.0,1.0,0.0,0.0,0.0
f63c5a8b9625182f623e,2022-23,2023-02-11,M Salisbury,Leicester,Tottenham,14.0,9.0,23.0,5.0,2.0,7.0,0.0,0.0,0.0
f09b187613a013aba84b,2022-23,2023-02-11,J Gillett,Southampton,Wolverhampton Wanderers,12.0,14.0,26.0,2.0,2.0,4.0,0.0,1.0,1.0
1dbde5f94683695d1ab9,2022-23,2023-02-11,S Attwell,Bournemouth,Newcastle United,8.0,10.0,18.0,2.0,3.0,5.0,0.0,0.0,0.0
767a06c641aee078919b,2022-23,2023-02-12,P Tierney,Leeds,Manchester United,10.0,13.0,23.0,2.0,1.0,3.0,0.0,0.0,0.0
1e87ebf5dafea7728807,2022-23,2023-02-12,R Jones,Manchester City,Aston Villa,13.0,14.0,27.0,1.0,2.0,3.0,0.0,0.0,0.0
99bc0001824d5e261ca0,2022-23,2023-02-13,S Hooper,Liverpool,Everton,8.0,16.0,24.0,1.0,3.0,4.0,0.0,0.0,0.0
83b56e35bc0e188edad2,2022-23,2023-02-15,A Taylor,Arsenal,Manchester City,11.0,15.0,26.0,2.0,3.0,5.0,0.0,0.0,0.0
dec0f09be8f67557ea5a,2022-23,2023-02-18,S Hooper,Aston Villa,Arsenal,13.0,4.0,17.0,2.0,1.0,3.0,0.0,0.0,0.0
a24876536322cd65118b,2022-23,2023-02-18,P Tierney,Brentford,Crystal Palace,10.0,8.0,18.0,2.0,2.0,4.0,0.0,0.0,0.0
011ad2bf23688b0d962d,2022-23,2023-02-18,D England,Brighton & Hove Albion,Fulham,12.0,14.0,26.0,0.0,5.0,5.0,0.0,0.0,0.0
b67098ac1f776e24387b,2022-23,2023-02-18,D Coote,Chelsea,Southampton,16.0,24.0,40.0,3.0,6.0,9.0,0.0,0.0,0.0
64dd30dcf4f7b70e7f64,2022-23,2023-02-18,A Madley,Everton,Leeds,8.0,6.0,14.0,2.0,3.0,5.0,0.0,0.0,0.0
cd33875386338a3b7cdf,2022-23,2023-02-18,G Scott,Nottingham Forest,Manchester City,8.0,6.0,14.0,1.0,0.0,1.0,0.0,0.0,0.0
15770bf52f59de2b5d89,2022-23,2023-02-18,M Salisbury,Wolverhampton Wanderers,Bournemouth,12.0,10.0,22.0,3.0,3.0,6.0,0.0,0.0,0.0
2154367e5dd739429633,2022-23,2023-02-18,A Taylor,Newcastle United,Liverpool,3.0,8.0,11.0,1.0,1.0,2.0,1.0,0.0,1.0
5ee521d3c88916c0278c,2022-23,2023-02-19,S Attwell,Manchester United,Leicester,9.0,9.0,18.0,0.0,2.0,2.0,0.0,0.0,0.0
01fa9adc11285a94e50c,2022-23,2023-02-19,M Oliver,Tottenham,West Ham United,16.0,10.0,26.0,2.0,1.0,3.0,0.0,0.0,0.0
1f07133a472137049340,2022-23,2023-02-24,M Oliver,Fulham,Wolverhampton Wanderers,12.0,17.0,29.0,2.0,0.0,2.0,0.0,0.0,0.0
2d985e858adc170f661b,2022-23,2023-02-25,A Taylor,Everton,Aston Villa,12.0,12.0,24.0,2.0,1.0,3.0,0.0,0.0,0.0
440573c8a608298dfd8e,2022-23,2023-02-25,P Bankes,Leeds,Southampton,15.0,13.0,28.0,2.0,4.0,6.0,0.0,0.0,0.0
d96567990416505d3735,2022-23,2023-02-25,C Pawson,Leicester,Arsenal,14.0,9.0,23.0,0.0,1.0,1.0,0.0,0.0,0.0
139982820cd769e37c30,2022-23,2023-02-25,J Gillett,West Ham United,Nottingham Forest,8.0,5.0,13.0,0.0,0.0,0.0,0.0,0.0,0.0
7207502546d8ddbd33f0,2022-23,2023-02-25,P Tierney,Bournemouth,Manchester City,10.0,9.0,19.0,2.0,2.0,4.0,0.0,0.0,0.0
ae14f94ef931b4e7bcd4,2022-23,2023-02-25,D England,Crystal Palace,Liverpool,11.0,14.0,25.0,2.0,5.0,7.0,0.0,0.0,0.0
25548fc19099ad013a99,2022-23,2023-02-26,S Attwell,Tottenham,Chelsea,10.0,10.0,20.0,2.0,3.0,5.0,0.0,0.0,0.0
8fb80c7700726a47d824,2022-23,2023-03-01,M Oliver,Arsenal,Everton,5.0,12.0,17.0,0.0,2.0,2.0,0.0,0.0,0.0
29d10748d5c39b2df49e,2022-23,2023-03-01,P Tierney,Liverpool,Wolverhampton Wanderers,13.0,14.0,27.0,2.0,3.0,5.0,0.0,0.0,0.0
ae903f24e8fbed3ac1c8,2022-23,2023-03-04,S Hooper,Manchester City,Newcastle United,8.0,13.0,21.0,2.0,4.0,6.0,0.0,0.0,0.0
a81ab1c723e88df7903a,2022-23,2023-03-04,C Kavanagh,Arsenal,Bournemouth,6.0,8.0,14.0,0.0,2.0,2.0,0.0,0.0,0.0
255922eb01681ed26f30,2022-23,2023-03-04,C Pawson,Aston Villa,Crystal Palace,14.0,17.0,31.0,2.0,3.0,5.0,0.0,1.0,1.0
79bb6b35578822ca934f,2022-23,2023-03-04,S Attwell,Brighton & Hove Albion,West Ham United,6.0,8.0,14.0,0.0,3.0,3.0,0.0,0.0,0.0
94e0754377c2c66e868a,2022-23,2023-03-04,M Oliver,Chelsea,Leeds,10.0,7.0,17.0,2.0,0.0,2.0,0.0,0.0,0.0
7b2c2c1cdc9c81808370,2022-23,2023-03-04,T Robinson,Wolverhampton Wanderers,Tottenham,11.0,18.0,29.0,1.0,1.0,2.0,0.0,0.0,0.0
5286605665bee474c9d3,2022-23,2023-03-04,R Jones,Southampton,Leicester,12.0,11.0,23.0,4.0,2.0,6.0,0.0,0.0,0.0
fc17961b091ae7c27d02,2022-23,2023-03-05,J Brooks,Nottingham Forest,Everton,11.0,17.0,28.0,3.0,5.0,8.0,0.0,0.0,0.0
14a2418c71a64fb1d95a,2022-23,2023-03-05,A Madley,Liverpool,Manchester United,13.0,14.0,27.0,2.0,3.0,5.0,0.0,0.0,0.0
fa4a9a7918a9592287f4,2022-23,2023-03-06,A Taylor,Brentford,Fulham,12.0,17.0,29.0,0.0,3.0,3.0,0.0,0.0,0.0
0af4bf4b189bf8379a54,2022-23,2023-03-11,J Brooks,Bournemouth,Liverpool,7.0,9.0,16.0,2.0,1.0,3.0,0.0,0.0,0.0
89f1ca7e287760c89280,2022-23,2023-03-11,S Hooper,Everton,Brentford,11.0,12.0,23.0,2.0,1.0,3.0,0.0,0.0,0.0
aab8bde2df6f04611522,2022-23,2023-03-11,P Tierney,Leeds,Brighton & Hove Albion,12.0,9.0,21.0,1.0,1.0,2.0,0.0,0.0,0.0
eb50204125ff685baa0c,2022-23,2023-03-11,A Marriner,Leicester,Chelsea,10.0,11.0,21.0,1.0,2.0,3.0,1.0,0.0,1.0
dc97a0c536c55f988bbc,2022-23,2023-03-11,C Pawson,Tottenham,Nottingham Forest,13.0,13.0,26.0,3.0,1.0,4.0,0.0,0.0,0.0
430f9d5827707e430ed3,2022-23,2023-03-11,R Jones,Crystal Palace,Manchester City,11.0,17.0,28.0,2.0,2.0,4.0,0.0,0.0,0.0
ae8757472fc025aa0a21,2022-23,2023-03-12,D Coote,Fulham,Arsenal,10.0,9.0,19.0,0.0,1.0,1.0,0.0,0.0,0.0
9d5e1075c53bf0a4f84b,2022-23,2023-03-12,A Taylor,Manchester United,Southampton,12.0,9.0,21.0,2.0,0.0,2.0,0.0,0.0,0.0
e3dafca157a9822ec85a,2022-23,2023-03-12,C Kavanagh,West Ham United,Aston Villa,8.0,6.0,14.0,1.0,0.0,1.0,0.0,0.0,0.0
8bc5370a4064ce9d7f93,2022-23,2023-03-12,A Madley,Newcastle United,Wolverhampton Wanderers,11.0,10.0,21.0,1.0,2.0,3.0,0.0,0.0,0.0
41a7f4226876bfd531cf,2022-23,2023-03-15,P Bankes,Brighton & Hove Albion,Crystal Palace,13.0,20.0,33.0,1.0,2.0,3.0,0.0,0.0,0.0
e1dbe52d901e27f11c93,2022-23,2023-03-15,M Salisbury,Southampton,Brentford,14.0,10.0,24.0,1.0,2.0,3.0,0.0,0.0,0.0
3af26066976c02603b4b,2022-23,2023-03-17,P Tierney,Nottingham Forest,Newcastle United,17.0,9.0,26.0,5.0,1.0,6.0,0.0,0.0,0.0
8e71f436a08dfc765601,2022-23,2023-03-18,R Jones,Aston Villa,Bournemouth,8.0,13.0,21.0,1.0,4.0,5.0,0.0,0.0,0.0
68e1181c29eb0dc728be,2022-23,2023-03-18,D Bond,Brentford,Leicester,10.0,11.0,21.0,1.0,2.0,3.0,1.0,0.0,1.0
906e5fcc20076e5c8c78,2022-23,2023-03-18,S Hooper,Southampton,Tottenham,13.0,8.0,21.0,1.0,1.0,2.0,0.0,0.0,0.0
a657e709aaa1ef8eb729,2022-23,2023-03-18,M Salisbury,Wolverhampton Wanderers,Leeds,15.0,9.0,24.0,3.0,5.0,8.0,1.0,0.0,1.0
1bf29fe445fe6a884e46,2022-23,2023-03-18,D England,Chelsea,Everton,8.0,12.0,20.0,2.0,2.0,4.0,0.0,0.0,0.0
2a41adcfd4b91ab863dc,2022-23,2023-03-19,S Attwell,Arsenal,Crystal Palace,8.0,10.0,18.0,0.0,1.0,1.0,0.0,0.0,0.0
f385a17aca485a48284f,2022-23,2023-04-01,S Hooper,Manchester City,Liverpool,9.0,12.0,21.0,1.0,1.0,2.0,0.0,0.0,0.0
cf4653bb41ce08cd534e,2022-23,2023-04-01,D England,Arsenal,Leeds,11.0,13.0,24.0,0.0,2.0,2.0,0.0,0.0,0.0
55cede9f35401e454a00,2022-23,2023-04-01,P Bankes,Bournemouth,Fulham,15.0,13.0,28.0,1.0,4.0,5.0,0.0,0.0,0.0
bfe9314415b950ea009e,2022-23,2023-04-01,M Oliver,Brighton & Hove Albion,Brentford,16.0,10.0,26.0,2.0,1.0,3.0,0.0,0.0,0.0
4ecf2e74d6cc8e21417e,2022-23,2023-04-01,T Robinson,Crystal Palace,Leicester,12.0,16.0,28.0,3.0,4.0,7.0,0.0,0.0,0.0
eb39f57d488fc9792408,2022-23,2023-04-01,C Kavanagh,Nottingham Forest,Wolverhampton Wanderers,14.0,13.0,27.0,3.0,5.0,8.0,0.0,0.0,0.0
913ff9bfc08feabfadcf,2022-23,2023-04-01,A Madley,Chelsea,Aston Villa,14.0,16.0,30.0,3.0,3.0,6.0,0.0,0.0,0.0
3f4844c0c3fb29284257,2022-23,2023-04-02,P Tierney,West Ham United,Southampton,10.0,11.0,21.0,0.0,2.0,2.0,0.0,0.0,0.0
80668ab78dc261b20d95,2022-23,2023-04-02,S Attwell,Newcastle United,Manchester United,8.0,12.0,20.0,0.0,0.0,0.0,0.0,0.0,0.0
a219b3e26340a11f9ca6,2022-23,2023-04-03,D Coote,Everton,Tottenham,10.0,14.0,24.0,0.0,3.0,3.0,1.0,1.0,2.0
2289b5d564054ae36f8b,2022-23,2023-04-04,D Bond,Bournemouth,Brighton & Hove Albion,11.0,5.0,16.0,1.0,1.0,2.0,0.0,0.0,0.0
4445e314c651e1ffebe1,2022-23,2023-04-04,R Jones,Leeds,Nottingham Forest,11.0,13.0,24.0,1.0,4.0,5.0,0.0,0.0,0.0
2e9348ff288dd97f42f4,2022-23,2023-04-04,G Scott,Leicester,Aston Villa,10.0,14.0,24.0,2.0,0.0,2.0,1.0,0.0,1.0
824d35c4ccd2a4bc7716,2022-23,2023-04-04,A Taylor,Chelsea,Liverpool,6.0,17.0,23.0,1.0,4.0,5.0,0.0,0.0,0.0
ad6bad2dadda987cb73c,2022-23,2023-04-05,J Brooks,Manchester United,Brentford,8.0,13.0,21.0,3.0,2.0,5.0,0.0,0.0,0.0
8b0f162522573c28ba91,2022-23,2023-04-05,C Pawson,West Ham United,Newcastle United,11.0,12.0,23.0,2.0,1.0,3.0,0.0,0.0,0.0
1c0d410f00800729d4c2,2022-23,2023-04-08,M Oliver,Manchester United,Everton,10.0,9.0,19.0,0.0,0.0,0.0,0.0,0.0,0.0
b1f17997710b65c2acff,2022-23,2023-04-08,A Taylor,Aston Villa,Nottingham Forest,7.0,17.0,24.0,3.0,4.0,7.0,0.0,0.0,0.0
e8f5f2754e83342c7482,2022-23,2023-04-08,C Kavanagh,Brentford,Newcastle United,10.0,15.0,25.0,0.0,0.0,0.0,0.0,0.0,0.0
7ad7ae801cbd86f70c61,2022-23,2023-04-08,J Gillett,Fulham,West Ham United,10.0,12.0,22.0,1.0,1.0,2.0,0.0,0.0,0.0
34ea7c547003a11fb980,2022-23,2023-04-08,D Coote,Leicester,Bournemouth,10.0,13.0,23.0,0.0,3.0,3.0,0.0,0.0,0.0
39e69df1c075aedb6bf2,2022-23,2023-04-08,S Attwell,Tottenham,Brighton & Hove Albion,15.0,15.0,30.0,3.0,1.0,4.0,0.0,0.0,0.0
12c2d360774158a32ee1,2022-23,2023-04-08,P Bankes,Wolverhampton Wanderers,Chelsea,14.0,10.0,24.0,2.0,5.0,7.0,0.0,0.0,0.0
4c53b3e5cac6c26e0eb6,2022-23,2023-04-08,R Jones,Southampton,Manchester City,6.0,10.0,16.0,0.0,2.0,2.0,0.0,0.0,0.0
1994dee26abc999110d4,2022-23,2023-04-09,S Hooper,Leeds,Crystal Palace,11.0,8.0,19.0,3.0,1.0,4.0,0.0,0.0,0.0
1825011f99c1c6f4d5a7,2022-23,2023-04-09,P Tierney,Liverpool,Arsenal,11.0,11.0,22.0,4.0,4.0,8.0,0.0,0.0,0.0
88d5531047e6e7f02c1a,2022-23,2023-04-15,J Brooks,Aston Villa,Newcastle United,13.0,15.0,28.0,1.0,1.0,2.0,0.0,0.0,0.0
c9c406212d345357cf27,2022-23,2023-04-15,R Jones,Chelsea,Brighton & Hove Albion,11.0,11.0,22.0,2.0,2.0,4.0,0.0,0.0,0.0
5e7a858ff478c9fb85e5,2022-23,2023-04-15,A Taylor,Everton,Fulham,10.0,6.0,16.0,3.0,2.0,5.0,0.0,0.0,0.0
6acc0e4cd2cb371649d7,2022-23,2023-04-15,M Oliver,Southampton,Crystal Palace,6.0,13.0,19.0,3.0,1.0,4.0,0.0,0.0,0.0
efda360678cf0d30ac0b,2022-23,2023-04-15,A Madley,Tottenham,Bournemouth,8.0,9.0,17.0,1.0,2.0,3.0,0.0,0.0,0.0
ffa369d55aba7172525c,2022-23,2023-04-15,P Tierney,Wolverhampton Wanderers,Brentford,12.0,8.0,20.0,1.0,1.0,2.0,0.0,0.0,0.0
228167a8fb037d70436d,2022-23,2023-04-15,D England,Manchester City,Leicester,8.0,8.0,16.0,1.0,1.0,2.0,0.0,0.0,0.0
5b465ecd7769b373ff1b,2022-23,2023-04-16,D Coote,West Ham United,Arsenal,11.0,8.0,19.0,1.0,2.0,3.0,0.0,0.0,0.0
05bcd23689ccdd0b4cf6,2022-23,2023-04-16,S Hooper,Nottingham Forest,Manchester United,9.0,9.0,18.0,2.0,2.0,4.0,0.0,0.0,0.0
f2a272ed60aa61e7cc3a,2022-23,2023-04-17,C Pawson,Leeds,Liverpool,6.0,12.0,18.0,0.0,1.0,1.0,0.0,0.0,0.0
1ead03f2af7ac40b7aae,2022-23,2023-04-21,S Hooper,Arsenal,Southampton,10.0,14.0,24.0,1.0,5.0,6.0,0.0,0.0,0.0
deabc102e9851d4705c8,2022-23,2023-04-22,P Bankes,Fulham,Leeds,10.0,15.0,25.0,1.0,4.0,5.0,0.0,0.0,0.0
0527dca1aca568446cbd,2022-23,2023-04-22,M Salisbury,Brentford,Aston Villa,12.0,8.0,20.0,3.0,2.0,5.0,0.0,0.0,0.0
46b29108569523246d69,2022-23,2023-04-22,J Brooks,Crystal Palace,Everton,12.0,14.0,26.0,1.0,1.0,2.0,0.0,1.0,1.0
107d219925cdcb045346,2022-23,2023-04-22,A Madley,Leicester,Wolverhampton Wanderers,17.0,16.0,33.0,1.0,3.0,4.0,0.0,0.0,0.0
71c0ede399bfabc4a1a0,2022-23,2023-04-22,M Oliver,Liverpool,Nottingham Forest,9.0,12.0,21.0,0.0,1.0,1.0,0.0,0.0,0.0
942db0742c88e27d4b01,2022-23,2023-04-23,A Taylor,Bournemouth,West Ham United,7.0,8.0,15.0,1.0,2.0,3.0,0.0,0.0,0.0
e9eb9b13d0678863f87b,2022-23,2023-04-23,D Coote,Newcastle United,Tottenham,7.0,13.0,20.0,0.0,3.0,3.0,0.0,0.0,0.0
15cd8ff7db121f50d1cf,2022-23,2023-04-25,R Jones,Wolverhampton Wanderers,Crystal Palace,13.0,14.0,27.0,5.0,4.0,9.0,0.0,0.0,0.0
862dfa48e475b669d0fe,2022-23,2023-04-25,T Bramall,Aston Villa,Fulham,6.0,18.0,24.0,3.0,2.0,5.0,0.0,0.0,0.0
1bc7b98de5dfff5f86f0,2022-23,2023-04-25,P Tierney,Leeds,Leicester,14.0,15.0,29.0,4.0,2.0,6.0,0.0,0.0,0.0
b8101018f36cb209189c,2022-23,2023-04-26,J Gillett,Nottingham Forest,Brighton & Hove Albion,7.0,8.0,15.0,2.0,0.0,2.0,0.0,0.0,0.0
d68ba8d1b5071e82da2e,2022-23,2023-04-26,A Madley,Chelsea,Brentford,5.0,13.0,18.0,1.0,2.0,3.0,0.0,0.0,0.0
ce900c4dc5384313d2ee,2022-23,2023-04-26,C Kavanagh,West Ham United,Liverpool,6.0,8.0,14.0,0.0,0.0,0.0,0.0,0.0,0.0
4db7bd83efb89836bd78,2022-23,2023-04-26,M Oliver,Manchester City,Arsenal,13.0,13.0,26.0,3.0,1.0,4.0,0.0,0.0,0.0
7781d01df8a931c19c60,2022-23,2023-04-27,A Marriner,Everton,Newcastle United,8.0,6.0,14.0,2.0,1.0,3.0,0.0,0.0,0.0
4ad54fd7e033e4e4f5eb,2022-23,2023-04-27,D England,Southampton,Bournemouth,9.0,11.0,20.0,0.0,3.0,3.0,0.0,0.0,0.0
67f59604c9cfd1f654d3,2022-23,2023-04-27,A Taylor,Tottenham,Manchester United,8.0,7.0,15.0,1.0,2.0,3.0,0.0,0.0,0.0
16ca9ec8b32a97e9c0b4,2022-23,2023-04-29,C Pawson,Crystal Palace,West Ham United,9.0,17.0,26.0,1.0,2.0,3.0,0.0,0.0,0.0
f622b7298c404687e13a,2022-23,2023-04-29,P Bankes,Brentford,Nottingham Forest,6.0,13.0,19.0,1.0,2.0,3.0,0.0,0.0,0.0
b3661b8aec4b3f5d413c,2022-23,2023-04-29,D Coote,Brighton & Hove Albion,Wolverhampton Wanderers,14.0,11.0,25.0,1.0,1.0,2.0,0.0,0.0,0.0
d29696438b8544be5636,2022-23,2023-04-30,C Kavanagh,Bournemouth,Leeds,12.0,14.0,26.0,1.0,0.0,1.0,0.0,0.0,0.0
2e643cec9c930233c9e7,2022-23,2023-04-30,S Hooper,Fulham,Manchester City,9.0,10.0,19.0,1.0,3.0,4.0,0.0,0.0,0.0
b1e90e84da65206c7d45,2022-23,2023-04-30,J Gillett,Manchester United,Aston Villa,16.0,7.0,23.0,2.0,0.0,2.0,0.0,0.0,0.0
800d918f6aabe6d38854,2022-23,2023-04-30,A Taylor,Newcastle United,Southampton,7.0,10.0,17.0,1.0,4.0,5.0,0.0,0.0,0.0
ab12c2f76633ff83ce39,2022-23,2023-04-30,P Tierney,Liverpool,Tottenham,12.0,6.0,18.0,3.0,2.0,5.0,0.0,0.0,0.0
53d1137761157e823a32,2022-23,2023-05-01,M Oliver,Leicester,Everton,10.0,12.0,22.0,4.0,1.0,5.0,0.0,0.0,0.0
759740e91546e13f1a3b,2022-23,2023-05-02,R Jones,Arsenal,Chelsea,10.0,10.0,20.0,0.0,2.0,2.0,0.0,0.0,0.0
bb85f3893db55f7dbc58,2022-23,2023-05-03,S Attwell,Liverpool,Fulham,10.0,8.0,18.0,0.0,0.0,0.0,0.0,0.0,0.0
fb3159dea2edb0dc40c5,2022-23,2023-05-03,J Brooks,Manchester City,West Ham United,8.0,8.0,16.0,0.0,1.0,1.0,0.0,0.0,0.0
69f0056ec7dc59a86d0b,2022-23,2023-05-04,A Marriner,Brighton & Hove Albion,Manchester United,10.0,14.0,24.0,4.0,4.0,8.0,0.0,0.0,0.0
3599af6dbec6945984f8,2022-23,2023-05-06,J Brooks,Bournemouth,Chelsea,9.0,11.0,20.0,1.0,3.0,4.0,0.0,0.0,0.0
afa7e659f5eb1c0c7431,2022-23,2023-05-06,A Madley,Manchester City,Leeds,3.0,16.0,19.0,0.0,3.0,3.0,0.0,0.0,0.0
008c856ba2eae948942b,2022-23,2023-05-06,D England,Tottenham,Crystal Palace,15.0,14.0,29.0,3.0,5.0,8.0,0.0,0.0,0.0
001f76b39ff89a6ef6b4,2022-23,2023-05-06,S Attwell,Wolverhampton Wanderers,Aston Villa,20.0,9.0,29.0,3.0,3.0,6.0,0.0,0.0,0.0
cbc4d3761c5487192c82,2022-23,2023-05-06,A Taylor,Liverpool,Brentford,19.0,10.0,29.0,4.0,2.0,6.0,0.0,0.0,0.0
2d48a4d9b63ce4226ef8,2022-23,2023-05-07,C Kavanagh,Newcastle United,Arsenal,16.0,12.0,28.0,2.0,1.0,3.0,0.0,0.0,0.0
66bcd715f2bd75f314b6,2022-23,2023-05-07,P Bankes,West Ham United,Manchester United,4.0,9.0,13.0,0.0,2.0,2.0,0.0,0.0,0.0
9f2ac647715fbb0d8bc4,2022-23,2023-05-08,R Jones,Fulham,Leicester,13.0,15.0,28.0,0.0,3.0,3.0,0.0,0.0,0.0
48354b748cda058d5846,2022-23,2023-05-08,S Hooper,Brighton & Hove Albion,Everton,11.0,13.0,24.0,1.0,5.0,6.0,0.0,0.0,0.0
ac0bb95684cc2beeb59f,2022-23,2023-05-08,M Oliver,Nottingham Forest,Southampton,16.0,10.0,26.0,1.0,0.0,1.0,0.0,0.0,0.0
31bb79b3e849437240ab,2022-23,2023-05-13,S Hooper,Leeds,Newcastle United,16.0,14.0,30.0,3.0,2.0,5.0,1.0,0.0,1.0
1f7ce864aa8f6a52d3b6,2022-23,2023-05-13,P Bankes,Aston Villa,Tottenham,9.0,14.0,23.0,3.0,3.0,6.0,0.0,0.0,0.0
38fcdb20cc289c948698,2022-23,2023-05-13,P Tierney,Chelsea,Nottingham Forest,13.0,15.0,28.0,3.0,1.0,4.0,0.0,0.0,0.0
aec5e9c4ccc57372e526,2022-23,2023-05-13,M Salisbury,Crystal Palace,Bournemouth,5.0,12.0,17.0,0.0,2.0,2.0,0.0,0.0,0.0
baafc04eee0490f3c92e,2022-23,2023-05-13,J Brooks,Manchester United,Wolverhampton Wanderers,9.0,9.0,18.0,3.0,2.0,5.0,0.0,0.0,0.0
f9f9e870138c6bbeb2eb,2022-23,2023-05-13,T Bramall,Southampton,Fulham,17.0,12.0,29.0,2.0,0.0,2.0,0.0,0.0,0.0
285efd936e98013d78ff,2022-23,2023-05-14,M Oliver,Brentford,West Ham United,5.0,5.0,10.0,1.0,0.0,1.0,0.0,0.0,0.0
67bde285e822c6f2db59,2022-23,2023-05-14,A Taylor,Everton,Manchester City,12.0,4.0,16.0,1.0,0.0,1.0,0.0,0.0,0.0
8bd235ad7d93877e4c5f,2022-23,2023-05-14,A Madley,Arsenal,Brighton & Hove Albion,13.0,17.0,30.0,1.0,2.0,3.0,0.0,0.0,0.0
dd3394848067d72aa115,2022-23,2023-05-15,C Pawson,Leicester,Liverpool,11.0,17.0,28.0,2.0,1.0,3.0,0.0,0.0,0.0
089edffeffe7c20e2b30,2022-23,2023-05-18,R Jones,Newcastle United,Brighton & Hove Albion,17.0,16.0,33.0,2.0,4.0,6.0,0.0,0.0,0.0
09c8724886068c09ccb4,2022-23,2023-05-20,J Gillett,Tottenham,Brentford,11.0,9.0,20.0,1.0,1.0,2.0,0.0,0.0,0.0
be3fd4de6a1ede958edd,2022-23,2023-05-20,C Kavanagh,Bournemouth,Manchester United,6.0,7.0,13.0,1.0,0.0,1.0,0.0,0.0,0.0
8e101e6f796ab4975983,2022-23,2023-05-20,J Smith,Fulham,Crystal Palace,13.0,12.0,25.0,3.0,0.0,3.0,0.0,0.0,0.0
c9c2f076a29d89a6a337,2022-23,2023-05-20,J Brooks,Liverpool,Aston Villa,16.0,13.0,29.0,3.0,5.0,8.0,0.0,0.0,0.0
37455b4eae15422e6cc7,2022-23,2023-05-20,D Coote,Wolverhampton Wanderers,Everton,18.0,10.0,28.0,5.0,1.0,6.0,0.0,0.0,0.0
ea64c4a0fb690bfa3167,2022-23,2023-05-20,A Taylor,Nottingham Forest,Arsenal,11.0,12.0,23.0,3.0,2.0,5.0,0.0,0.0,0.0
4b4d521fa6de5d66a668,2022-23,2023-05-21,P Bankes,West Ham United,Leeds,6.0,11.0,17.0,1.0,3.0,4.0,0.0,0.0,0.0
40dce6c1345b33dc1320,2022-23,2023-05-21,P Tierney,Brighton & Hove Albion,Southampton,8.0,9.0,17.0,2.0,5.0,7.0,0.0,0.0,0.0
f1daceed1e2314310b2a,2022-23,2023-05-21,M Oliver,Manchester City,Chelsea,12.0,9.0,21.0,0.0,2.0,2.0,0.0,0.0,0.0
f5ab696e5a1b49b84d42,2022-23,2023-05-22,A Marriner,Newcastle United,Leicester,9.0,5.0,14.0,2.0,0.0,2.0,0.0,0.0,0.0
e1a7d4c2b7073c168556,2022-23,2023-05-24,S Hooper,Brighton & Hove Albion,Manchester City,16.0,11.0,27.0,2.0,1.0,3.0,0.0,0.0,0.0
4bffbb07302b7789de69,2022-23,2023-05-25,S Attwell,Manchester United,Chelsea,12.0,6.0,18.0,1.0,1.0,2.0,0.0,0.0,0.0
743469609acab2affcc6,2022-23,2023-05-28,A Marriner,Arsenal,Wolverhampton Wanderers,8.0,11.0,19.0,0.0,0.0,0.0,0.0,0.0,0.0
c0ad591d4ffa5ef9dcfe,2022-23,2023-05-28,D Coote,Aston Villa,Brighton & Hove Albion,15.0,16.0,31.0,4.0,4.0,8.0,0.0,0.0,0.0
11443a1c0aea88149480,2022-23,2023-05-28,J Brooks,Brentford,Manchester City,12.0,8.0,20.0,4.0,0.0,4.0,0.0,0.0,0.0
c11cc21fdd56de257097,2022-23,2023-05-28,J Gillett,Chelsea,Newcastle United,9.0,11.0,20.0,0.0,0.0,0.0,0.0,0.0,0.0
1bb580230a8425e7bbbc,2022-23,2023-05-28,T Bramall,Crystal Palace,Nottingham Forest,9.0,13.0,22.0,0.0,2.0,2.0,0.0,0.0,0.0
af2ece7c9e60c05eebca,2022-23,2023-05-28,S Attwell,Everton,Bournemouth,11.0,12.0,23.0,1.0,3.0,4.0,0.0,0.0,0.0
0c9253598237b445a691,2022-23,2023-05-28,A Taylor,Leeds,Tottenham,7.0,5.0,12.0,3.0,0.0,3.0,0.0,0.0,0.0
3d9b142811f4ca26d6a8,2022-23,2023-05-28,S Hooper,Leicester,West Ham United,8.0,10.0,18.0,1.0,1.0,2.0,0.0,0.0,0.0
c24ce332f28dee28e855,2022-23,2023-05-28,R Jones,Manchester United,Fulham,14.0,10.0,24.0,1.0,2.0,3.0,0.0,0.0,0.0
5971df9ead05d1abc727,2022-23,2023-05-28,D England,Southampton,Liverpool,4.0,10.0,14.0,0.0,2.0,2.0,0.0,0.0,0.0
8d5227b352d3fdb98f48,2023-24,2023-08-11,C Pawson,Burnley,Manchester City,11.0,8.0,19.0,0.0,0.0,0.0,1.0,0.0,1.0
f751685abfbedc43515f,2023-24,2023-08-12,M Oliver,Arsenal,Nottingham Forest,12.0,12.0,24.0,2.0,2.0,4.0,0.0,0.0,0.0
784a632b87c974dce93c,2023-24,2023-08-12,P Bankes,Bournemouth,West Ham United,9.0,14.0,23.0,1.0,4.0,5.0,0.0,0.0,0.0
909bcd86c059f74d56be,2023-24,2023-08-12,D Coote,Brighton & Hove Albion,Luton,11.0,12.0,23.0,2.0,2.0,4.0,0.0,0.0,0.0
401d35f6264889c4f4d3,2023-24,2023-08-12,S Attwell,Everton,Fulham,12.0,6.0,18.0,0.0,2.0,2.0,0.0,0.0,0.0
adfa0ff2170ae937243e,2023-24,2023-08-12,J Brooks,Sheffield United,Crystal Palace,18.0,11.0,29.0,3.0,0.0,3.0,0.0,0.0,0.0
e0c796e56e336a924dcc,2023-24,2023-08-12,A Madley,Newcastle United,Aston Villa,12.0,17.0,29.0,4.0,4.0,8.0,0.0,0.0,0.0
1df8c4f9ff9891fb1e6e,2023-24,2023-08-13,R Jones,Brentford,Tottenham,12.0,13.0,25.0,1.0,4.0,5.0,0.0,0.0,0.0
00942a8b6bdbaf5f9517,2023-24,2023-08-13,A Taylor,Chelsea,Liverpool,5.0,12.0,17.0,3.0,3.0,6.0,0.0,0.0,0.0
22bdcd3c9c8232fe395e,2023-24,2023-08-14,S Hooper,Manchester United,Wolverhampton Wanderers,14.0,10.0,24.0,2.0,3.0,5.0,0.0,0.0,0.0
8a6597b54c5533f8a738,2023-24,2023-08-18,P Bankes,Nottingham Forest,Sheffield United,5.0,9.0,14.0,2.0,3.0,5.0,0.0,0.0,0.0
6bf1a44944661f6e14aa,2023-24,2023-08-19,D Bond,Fulham,Brentford,13.0,12.0,25.0,2.0,2.0,4.0,1.0,0.0,1.0
2d3871027105465f2118,2023-24,2023-08-19,T Bramall,Liverpool,Bournemouth,11.0,13.0,24.0,1.0,3.0,4.0,1.0,0.0,1.0
a2ff8b816303714cf5c1,2023-24,2023-08-19,A Madley,Wolverhampton Wanderers,Brighton & Hove Albion,14.0,11.0,25.0,3.0,6.0,9.0,1.0,0.0,1.0
d3d9dfa4a07caeb6f069,2023-24,2023-08-19,M Oliver,Tottenham,Manchester United,9.0,8.0,17.0,1.0,3.0,4.0,0.0,0.0,0.0
22660b8b3838735b39db,2023-24,2023-08-19,R Jones,Manchester City,Newcastle United,12.0,11.0,23.0,1.0,5.0,6.0,0.0,0.0,0.0
ee0acbc91a9fe08987d3,2023-24,2023-08-20,A Taylor,Aston Villa,Everton,8.0,12.0,20.0,3.0,4.0,7.0,0.0,0.0,0.0
f97e412f265c2d454a92,2023-24,2023-08-20,J Brooks,West Ham United,Chelsea,12.0,9.0,21.0,2.0,3.0,5.0,1.0,0.0,1.0
1bb051654e1187eb24ac,2023-24,2023-08-21,D Coote,Crystal Palace,Arsenal,14.0,10.0,24.0,2.0,1.0,3.0,0.0,1.0,1.0
157f04d46d92999e3b7f,2023-24,2023-08-25,R Jones,Chelsea,Luton,15.0,12.0,27.0,2.0,3.0,5.0,0.0,0.0,0.0
50a7c1760429e5cf1c27,2023-24,2023-08-26,T Robinson,Bournemouth,Tottenham,18.0,11.0,29.0,1.0,3.0,4.0,0.0,0.0,0.0
8ea773ed449f389b1c6f,2023-24,2023-08-26,P Tierney,Arsenal,Fulham,6.0,5.0,11.0,0.0,3.0,3.0,0.0,1.0,1.0
9fe4cfd7c48b6e057655,2023-24,2023-08-26,P Bankes,Brentford,Crystal Palace,9.0,15.0,24.0,0.0,0.0,0.0,0.0,0.0,0.0
b49e62b29190b31eb43b,2023-24,2023-08-26,C Pawson,Everton,Wolverhampton Wanderers,10.0,14.0,24.0,3.0,4.0,7.0,0.0,0.0,0.0
ea15fad9a17b65e315ca,2023-24,2023-08-26,S Attwell,Manchester United,Nottingham Forest,13.0,11.0,24.0,4.0,4.0,8.0,0.0,1.0,1.0
a3ffa54cf3fb18e84ab6,2023-24,2023-08-26,A Taylor,Brighton & Hove Albion,West Ham United,10.0,9.0,19.0,1.0,3.0,4.0,0.0,0.0,0.0
a616ea2cbb51877c69de,2023-24,2023-08-27,M Salisbury,Burnley,Aston Villa,12.0,11.0,23.0,2.0,0.0,2.0,0.0,0.0,0.0
164165830602d3d3bb7a,2023-24,2023-08-27,J Gillett,Sheffield United,Manchester City,11.0,2.0,13.0,3.0,0.0,3.0,0.0,0.0,0.0
7376a25ee7e06dc5e8c1,2023-24,2023-08-27,J Brooks,Newcastle United,Liverpool,16.0,10.0,26.0,1.0,2.0,3.0,0.0,1.0,1.0
ee3778e5b533da8084a0,2023-24,2023-09-01,P Tierney,Luton,West Ham United,8.0,13.0,21.0,1.0,1.0,2.0,0.0,0.0,0.0
a6db6337a516dfa25ab5,2023-24,2023-09-02,A Madley,Sheffield United,Everton,11.0,13.0,24.0,1.0,2.0,3.0,0.0,0.0,0.0
36c09c60ac1616ba0e69,2023-24,2023-09-02,R Madley,Brentford,Bournemouth,6.0,13.0,19.0,1.0,2.0,3.0,0.0,0.0,0.0
46a63a77266c5f426dc2,2023-24,2023-09-02,D England,Burnley,Tottenham,15.0,9.0,24.0,4.0,3.0,7.0,0.0,0.0,0.0
13be68fc70f15c6208af,2023-24,2023-09-02,T Robinson,Chelsea,Nottingham Forest,10.0,9.0,19.0,3.0,4.0,7.0,0.0,0.0,0.0
1ff777444071a56d24d7,2023-24,2023-09-02,M Oliver,Manchester City,Fulham,12.0,12.0,24.0,2.0,4.0,6.0,0.0,0.0,0.0
6fa192b4b19b473811a6,2023-24,2023-09-02,S Attwell,Brighton & Hove Albion,Newcastle United,14.0,17.0,31.0,4.0,4.0,8.0,0.0,0.0,0.0
17c1bc6a3fd4308e248e,2023-24,2023-09-03,R Jones,Crystal Palace,Wolverhampton Wanderers,12.0,12.0,24.0,1.0,3.0,4.0,0.0,0.0,0.0
809a930cb7a70ab56320,2023-24,2023-09-03,S Hooper,Liverpool,Aston Villa,12.0,7.0,19.0,0.0,1.0,1.0,0.0,0.0,0.0
817d03c278c9bf9481e7,2023-24,2023-09-03,A Taylor,Arsenal,Manchester United,8.0,7.0,15.0,2.0,3.0,5.0,0.0,0.0,0.0
23b0274b73dae99286ee,2023-24,2023-09-16,M Oliver,Wolverhampton Wanderers,Liverpool,10.0,4.0,14.0,1.0,3.0,4.0,0.0,0.0,0.0
f2c5267e14aee12e950a,2023-24,2023-09-16,D England,Aston Villa,Crystal Palace,13.0,9.0,22.0,5.0,3.0,8.0,0.0,0.0,0.0
21bf912664ba52a37d87,2023-24,2023-09-16,M Salisbury,Fulham,Luton,6.0,14.0,20.0,2.0,2.0,4.0,0.0,0.0,0.0
34654eddeb48243218bc,2023-24,2023-09-16,J Gillett,Manchester United,Brighton & Hove Albion,8.0,9.0,17.0,2.0,2.0,4.0,0.0,0.0,0.0
415114679d40ae6f9312,2023-24,2023-09-16,P Bankes,Tottenham,Sheffield United,13.0,14.0,27.0,6.0,5.0,11.0,0.0,1.0,1.0
dbd1d8f9d8584da5a0cf,2023-24,2023-09-16,A Madley,West Ham United,Manchester City,7.0,11.0,18.0,3.0,2.0,5.0,0.0,0.0,0.0
fb845a60a9078fbec946,2023-24,2023-09-16,C Pawson,Newcastle United,Brentford,8.0,12.0,20.0,3.0,5.0,8.0,0.0,0.0,0.0
79aa63eb6324a7a818aa,2023-24,2023-09-17,D Coote,Bournemouth,Chelsea,15.0,20.0,35.0,1.0,5.0,6.0,0.0,0.0,0.0
67bdf580d99c37bfad31,2023-24,2023-09-17,S Hooper,Everton,Arsenal,12.0,10.0,22.0,1.0,1.0,2.0,0.0,0.0,0.0
d1601667e6af3892c428,2023-24,2023-09-18,R Jones,Nottingham Forest,Burnley,16.0,10.0,26.0,2.0,3.0,5.0,0.0,1.0,1.0
5c1ca659ff74bf935dac,2023-24,2023-09-23,P Tierney,Crystal Palace,Fulham,10.0,15.0,25.0,3.0,2.0,5.0,0.0,0.0,0.0
4d192b0829e1067a241e,2023-24,2023-09-23,J Smith,Luton,Wolverhampton Wanderers,12.0,17.0,29.0,0.0,2.0,2.0,0.0,1.0,1.0
9902d59ccf208304069b,2023-24,2023-09-23,A Taylor,Manchester City,Nottingham Forest,5.0,17.0,22.0,3.0,7.0,10.0,1.0,0.0,1.0
21c12825f5336c11fcea,2023-24,2023-09-23,M Oliver,Brentford,Everton,9.0,12.0,21.0,2.0,2.0,4.0,0.0,0.0,0.0
f7f4389501ffcaed121f,2023-24,2023-09-23,T Harrington,Burnley,Manchester United,6.0,12.0,18.0,1.0,2.0,3.0,0.0,0.0,0.0
87be2c4c530c1dcf30eb,2023-24,2023-09-24,R Jones,Arsenal,Tottenham,12.0,19.0,31.0,3.0,4.0,7.0,0.0,0.0,0.0
3aff9ea097132c962194,2023-24,2023-09-24,J Brooks,Brighton & Hove Albion,Bournemouth,12.0,17.0,29.0,3.0,3.0,6.0,0.0,0.0,0.0
b5dcee3b39143f3c51f9,2023-24,2023-09-24,J Gillett,Chelsea,Aston Villa,9.0,11.0,20.0,2.0,3.0,5.0,0.0,0.0,0.0
e9fd8277d9eace81ae57,2023-24,2023-09-24,C Kavanagh,Liverpool,West Ham United,12.0,13.0,25.0,0.0,2.0,2.0,0.0,0.0,0.0
c5210a0fdf90fecaa1af,2023-24,2023-09-24,S Attwell,Sheffield United,Newcastle United,12.0,8.0,20.0,3.0,0.0,3.0,0.0,0.0,0.0
ee1c22ffdaca95eaca35,2023-24,2023-09-30,A Madley,Aston Villa,Brighton & Hove Albion,19.0,21.0,40.0,4.0,4.0,8.0,0.0,0.0,0.0
49d82abf99e615879b47,2023-24,2023-09-30,M Salisbury,Bournemouth,Arsenal,11.0,10.0,21.0,0.0,1.0,1.0,0.0,0.0,0.0
e1baf57ad47697e3ac7f,2023-24,2023-09-30,A Taylor,Everton,Luton,8.0,10.0,18.0,0.0,1.0,1.0,0.0,0.0,0.0
c3141c84075de519cf9c,2023-24,2023-09-30,C Kavanagh,Manchester United,Crystal Palace,10.0,8.0,18.0,3.0,2.0,5.0,0.0,0.0,0.0
eaa40e9fb32cbf47a809,2023-24,2023-09-30,T Bramall,Newcastle United,Burnley,7.0,15.0,22.0,1.0,3.0,4.0,0.0,0.0,0.0
83b749d3d3fd368eca6c,2023-24,2023-09-30,G Scott,West Ham United,Sheffield United,6.0,9.0,15.0,1.0,1.0,2.0,0.0,0.0,0.0
5d3e1d2106cd1d2662d5,2023-24,2023-09-30,C Pawson,Wolverhampton Wanderers,Manchester City,18.0,12.0,30.0,5.0,4.0,9.0,0.0,0.0,0.0
4bc1cfab88f1eb36d9be,2023-24,2023-09-30,S Hooper,Tottenham,Liverpool,11.0,17.0,28.0,5.0,4.0,9.0,0.0,2.0,2.0
3434c74abaad133906ea,2023-24,2023-10-01,P Tierney,Nottingham Forest,Brentford,6.0,10.0,16.0,1.0,2.0,3.0,1.0,0.0,1.0
59debc9834902000b8f4,2023-24,2023-10-02,T Robinson,Fulham,Chelsea,15.0,12.0,27.0,1.0,4.0,5.0,0.0,0.0,0.0
07ce35d9fc291b756371,2023-24,2023-10-03,P Bankes,Luton,Burnley,14.0,6.0,20.0,4.0,2.0,6.0,0.0,0.0,0.0
9c8694f1dc865fe96f62,2023-24,2023-10-07,J Brooks,Luton,Tottenham,16.0,7.0,23.0,2.0,1.0,3.0,0.0,1.0,1.0
5352639ae788e28ff827,2023-24,2023-10-07,S Attwell,Burnley,Chelsea,11.0,8.0,19.0,2.0,4.0,6.0,0.0,0.0,0.0
a772ca603280b084e5c2,2023-24,2023-10-07,D Coote,Everton,Bournemouth,14.0,15.0,29.0,1.0,2.0,3.0,0.0,0.0,0.0
3284fd2d0e08f5599296,2023-24,2023-10-07,S Barrott,Fulham,Sheffield United,8.0,10.0,18.0,1.0,2.0,3.0,0.0,0.0,0.0
876b59661fd7ce525f15,2023-24,2023-10-07,A Madley,Manchester United,Brentford,10.0,17.0,27.0,0.0,5.0,5.0,0.0,0.0,0.0
cf8e024177d3455d563c,2023-24,2023-10-07,C Pawson,Crystal Palace,Nottingham Forest,7.0,12.0,19.0,0.0,1.0,1.0,0.0,0.0,0.0
e8840c245034013f8aa6,2023-24,2023-10-08,A Taylor,Brighton & Hove Albion,Liverpool,12.0,20.0,32.0,1.0,2.0,3.0,0.0,0.0,0.0
afb93d0c72e43806b3bc,2023-24,2023-10-08,P Bankes,West Ham United,Newcastle United,11.0,18.0,29.0,3.0,3.0,6.0,0.0,0.0,0.0
2877d4bbe11cbaec5635,2023-24,2023-10-08,R Jones,Wolverhampton Wanderers,Aston Villa,19.0,9.0,28.0,2.0,2.0,4.0,1.0,0.0,1.0
2db4ef3ac8727cb51d8b,2023-24,2023-10-08,M Oliver,Arsenal,Manchester City,8.0,7.0,15.0,2.0,3.0,5.0,0.0,0.0,0.0
5444ed49b70e6ebc6162,2023-24,2023-10-21,C Pawson,Liverpool,Everton,9.0,9.0,18.0,1.0,1.0,2.0,0.0,1.0,1.0
780a060acfb82773b81d,2023-24,2023-10-21,P Tierney,Bournemouth,Wolverhampton Wanderers,15.0,10.0,25.0,2.0,6.0,8.0,1.0,0.0,1.0
21cf616caa98a2e0897a,2023-24,2023-10-21,J Smith,Brentford,Burnley,14.0,12.0,26.0,5.0,2.0,7.0,0.0,1.0,1.0
39d9bd0a4b21aea59181,2023-24,2023-10-21,R Jones,Manchester City,Brighton & Hove Albion,9.0,11.0,20.0,2.0,2.0,4.0,1.0,0.0,1.0
95e276f111b9d3b57e4a,2023-24,2023-10-21,T Robinson,Newcastle United,Crystal Palace,7.0,12.0,19.0,2.0,3.0,5.0,0.0,0.0,0.0
fb95a1e1dcd0ec29ae0f,2023-24,2023-10-21,S Barrott,Nottingham Forest,Luton,12.0,11.0,23.0,3.0,0.0,3.0,0.0,0.0,0.0
fdb007d2e41813d62388,2023-24,2023-10-21,C Kavanagh,Chelsea,Arsenal,7.0,14.0,21.0,3.0,3.0,6.0,0.0,0.0,0.0
e59f0e40f78f947b8323,2023-24,2023-10-21,M Oliver,Sheffield United,Manchester United,12.0,10.0,22.0,3.0,1.0,4.0,0.0,0.0,0.0
c9858a49a97cea11120e,2023-24,2023-10-22,D Coote,Aston Villa,West Ham United,9.0,15.0,24.0,0.0,1.0,1.0,0.0,0.0,0.0
eef7e814ec968990bd01,2023-24,2023-10-23,A Taylor,Tottenham,Fulham,10.0,14.0,24.0,2.0,0.0,2.0,0.0,0.0,0.0
d8383facd879687d2fe9,2023-24,2023-10-27,A Madley,Crystal Palace,Tottenham,19.0,11.0,30.0,2.0,1.0,3.0,0.0,0.0,0.0
4910f0ceea2817698b74,2023-24,2023-10-28,S Hooper,Chelsea,Brentford,12.0,7.0,19.0,1.0,4.0,5.0,0.0,0.0,0.0
b5c5b035abe83ca36815,2023-24,2023-10-28,T Robinson,Arsenal,Sheffield United,9.0,13.0,22.0,0.0,3.0,3.0,0.0,0.0,0.0
0ee4fef5bb801b55ab80,2023-24,2023-10-28,S Barrott,Bournemouth,Burnley,9.0,12.0,21.0,2.0,3.0,5.0,0.0,0.0,0.0
a7f40d32e49f61bac7bd,2023-24,2023-10-28,A Taylor,Wolverhampton Wanderers,Newcastle United,13.0,15.0,28.0,1.0,4.0,5.0,0.0,0.0,0.0
7f82fc263a2e8569f1fc,2023-24,2023-10-29,S Attwell,West Ham United,Everton,7.0,11.0,18.0,4.0,1.0,5.0,0.0,0.0,0.0
b088f82d41b9b3f4d984,2023-24,2023-10-29,J Brooks,Aston Villa,Luton,11.0,10.0,21.0,3.0,2.0,5.0,0.0,0.0,0.0
b149d5e2e3813d423c81,2023-24,2023-10-29,M Salisbury,Brighton & Hove Albion,Fulham,12.0,8.0,20.0,0.0,3.0,3.0,0.0,0.0,0.0
4b3c30bd26660cf13a30,2023-24,2023-10-29,C Kavanagh,Liverpool,Nottingham Forest,9.0,13.0,22.0,2.0,3.0,5.0,0.0,0.0,0.0
8eb93b6ef99c7f446cca,2023-24,2023-10-29,P Tierney,Manchester United,Manchester City,9.0,4.0,13.0,4.0,1.0,5.0,0.0,0.0,0.0
7b467227b436940a7069,2023-24,2023-11-04,J Brooks,Fulham,Manchester United,9.0,15.0,24.0,5.0,2.0,7.0,0.0,0.0,0.0
3a1e592b277e2cf4538d,2023-24,2023-11-04,T Bramall,Brentford,West Ham United,12.0,14.0,26.0,1.0,4.0,5.0,0.0,0.0,0.0
8c09192375f258734b67,2023-24,2023-11-04,P Bankes,Burnley,Crystal Palace,9.0,12.0,21.0,0.0,5.0,5.0,0.0,0.0,0.0
7fd278485b9285d72960,2023-24,2023-11-04,T Robinson,Everton,Brighton & Hove Albion,15.0,5.0,20.0,4.0,2.0,6.0,0.0,0.0,0.0
8c41891e42416a5351b5,2023-24,2023-11-04,C Pawson,Manchester City,Bournemouth,8.0,9.0,17.0,0.0,1.0,1.0,0.0,0.0,0.0
a7dc34ac9534fc02a14d,2023-24,2023-11-04,R Jones,Sheffield United,Wolverhampton Wanderers,13.0,10.0,23.0,2.0,3.0,5.0,0.0,0.0,0.0
e78307f0ce7be84a0166,2023-24,2023-11-04,S Attwell,Newcastle United,Arsenal,14.0,9.0,23.0,5.0,1.0,6.0,0.0,0.0,0.0
76d7f4cef87ec7b6cede,2023-24,2023-11-05,J Gillett,Nottingham Forest,Aston Villa,6.0,9.0,15.0,1.0,1.0,2.0,0.0,0.0,0.0
0688392d2abfc7b87d36,2023-24,2023-11-05,A Madley,Luton,Liverpool,7.0,13.0,20.0,1.0,1.0,2.0,0.0,0.0,0.0
1a23eb885a8de40dbdfb,2023-24,2023-11-06,M Oliver,Tottenham,Chelsea,12.0,21.0,33.0,1.0,5.0,6.0,2.0,0.0,2.0
cb0b14df15ed1e54c628,2023-24,2023-11-11,T Robinson,Wolverhampton Wanderers,Tottenham,19.0,15.0,34.0,4.0,3.0,7.0,0.0,0.0,0.0
8038051c088b7c0a04ca,2023-24,2023-11-11,M Oliver,Arsenal,Burnley,8.0,9.0,17.0,0.0,1.0,1.0,1.0,0.0,1.0
a4d1caae25bc21090b88,2023-24,2023-11-11,S Barrott,Crystal Palace,Everton,9.0,18.0,27.0,1.0,4.0,5.0,0.0,0.0,0.0
0cec446375b1019f50ed,2023-24,2023-11-11,G Scott,Manchester United,Luton,9.0,11.0,20.0,0.0,2.0,2.0,0.0,0.0,0.0
a67e432c42395033e94f,2023-24,2023-11-11,C Kavanagh,Bournemouth,Newcastle United,10.0,4.0,14.0,2.0,1.0,3.0,0.0,0.0,0.0
ee8fea8afc0d53c5e7ca,2023-24,2023-11-12,S Hooper,Aston Villa,Fulham,4.0,17.0,21.0,2.0,5.0,7.0,0.0,0.0,0.0
48c331ce949f04452b86,2023-24,2023-11-12,J Brooks,Brighton & Hove Albion,Sheffield United,13.0,16.0,29.0,3.0,2.0,5.0,1.0,0.0,1.0
bd55092853529c789be8,2023-24,2023-11-12,P Tierney,Liverpool,Brentford,16.0,12.0,28.0,1.0,2.0,3.0,0.0,0.0,0.0
18956db88766290649c4,2023-24,2023-11-12,M Salisbury,West Ham United,Nottingham Forest,9.0,12.0,21.0,2.0,2.0,4.0,0.0,0.0,0.0
2491572afe29753390fa,2023-24,2023-11-12,A Taylor,Chelsea,Manchester City,12.0,15.0,27.0,5.0,3.0,8.0,0.0,0.0,0.0
a5afa6dffa01562fb889,2023-24,2023-11-25,C Kavanagh,Manchester City,Liverpool,9.0,11.0,20.0,1.0,3.0,4.0,0.0,0.0,0.0
7ac97fddf3b45dff3976,2023-24,2023-11-25,S Barrott,Burnley,West Ham United,11.0,7.0,18.0,1.0,3.0,4.0,0.0,0.0,0.0
58a5beb66836020532ad,2023-24,2023-11-25,J Gillett,Luton,Crystal Palace,15.0,12.0,27.0,6.0,1.0,7.0,0.0,0.0,0.0
43b108d394bb423631cd,2023-24,2023-11-25,S Hooper,Newcastle United,Chelsea,13.0,19.0,32.0,4.0,4.0,8.0,0.0,1.0,1.0
224a516740d5ea2dcc7d,2023-24,2023-11-25,A Taylor,Nottingham Forest,Brighton & Hove Albion,12.0,7.0,19.0,2.0,4.0,6.0,0.0,1.0,1.0
1c62d2e1be33332fc7c5,2023-24,2023-11-25,A Madley,Sheffield United,Bournemouth,6.0,8.0,14.0,4.0,1.0,5.0,0.0,0.0,0.0
545796f6c66bf4c6c5f4,2023-24,2023-11-25,T Robinson,Brentford,Arsenal,9.0,7.0,16.0,1.0,1.0,2.0,0.0,0.0,0.0
b5311296f35d12b24ea3,2023-24,2023-11-26,R Jones,Tottenham,Aston Villa,11.0,13.0,24.0,0.0,4.0,4.0,0.0,0.0,0.0
8cacb86e1662b42a0b81,2023-24,2023-11-26,J Brooks,Everton,Manchester United,10.0,8.0,18.0,3.0,0.0,3.0,0.0,0.0,0.0
c1d53aa05d7b813a355d,2023-24,2023-11-27,M Salisbury,Fulham,Wolverhampton Wanderers,13.0,13.0,26.0,2.0,2.0,4.0,0.0,0.0,0.0
6cd43656c1bccf6a0bd2,2023-24,2023-12-02,P Bankes,Arsenal,Wolverhampton Wanderers,10.0,10.0,20.0,1.0,2.0,3.0,0.0,0.0,0.0
3995b44136d99baf6e73,2023-24,2023-12-02,A Taylor,Brentford,Luton,10.0,8.0,18.0,1.0,2.0,3.0,0.0,0.0,0.0
2dd54f89b97ba588367b,2023-24,2023-12-02,C Kavanagh,Burnley,Sheffield United,9.0,12.0,21.0,2.0,5.0,7.0,0.0,1.0,1.0
642247e6cd5a5d7f269b,2023-24,2023-12-02,P Tierney,Nottingham Forest,Everton,15.0,14.0,29.0,1.0,0.0,1.0,0.0,0.0,0.0
920479522195ee992eda,2023-24,2023-12-02,R Jones,Newcastle United,Manchester United,6.0,13.0,19.0,1.0,2.0,3.0,0.0,0.0,0.0
5a685eac310919a942d0,2023-24,2023-12-03,T Bramall,Bournemouth,Aston Villa,16.0,12.0,28.0,5.0,3.0,8.0,0.0,0.0,0.0
12098d80700ec31cd5e8,2023-24,2023-12-03,C Pawson,Chelsea,Brighton & Hove Albion,16.0,12.0,28.0,3.0,5.0,8.0,1.0,0.0,1.0
694ae8c361f369f0fda8,2023-24,2023-12-03,S Attwell,Liverpool,Fulham,6.0,7.0,13.0,0.0,0.0,0.0,0.0,0.0,0.0
97839c0fedf9f5ffdbd0,2023-24,2023-12-03,M Oliver,West Ham United,Crystal Palace,17.0,7.0,24.0,2.0,0.0,2.0,0.0,0.0,0.0
49998b98049a3a944205,2023-24,2023-12-03,S Hooper,Manchester City,Tottenham,14.0,14.0,28.0,4.0,4.0,8.0,0.0,0.0,0.0
9cdee2d2aff8b2b842aa,2023-24,2023-12-05,J Gillett,Wolverhampton Wanderers,Burnley,11.0,15.0,26.0,2.0,4.0,6.0,0.0,0.0,0.0
86c7d98547814b22503f,2023-24,2023-12-05,S Barrott,Luton,Arsenal,14.0,7.0,21.0,2.0,1.0,3.0,0.0,0.0,0.0
d3b4e8e1d84b77999796,2023-24,2023-12-06,P Bankes,Brighton & Hove Albion,Brentford,10.0,8.0,18.0,3.0,1.0,4.0,0.0,0.0,0.0
71deb7446bc2caa3241a,2023-24,2023-12-06,C Pawson,Crystal Palace,Bournemouth,10.0,17.0,27.0,1.0,3.0,4.0,0.0,0.0,0.0
e3402bd95155b6d56611,2023-24,2023-12-06,J Smith,Fulham,Nottingham Forest,7.0,10.0,17.0,0.0,1.0,1.0,0.0,0.0,0.0
2e1220cd94951fc0e5fe,2023-24,2023-12-06,S Hooper,Sheffield United,Liverpool,12.0,8.0,20.0,2.0,3.0,5.0,0.0,0.0,0.0
83179545065398589a62,2023-24,2023-12-06,J Brooks,Aston Villa,Manchester City,13.0,13.0,26.0,2.0,2.0,4.0,0.0,0.0,0.0
4523b77080fdb500be35,2023-24,2023-12-06,C Kavanagh,Manchester United,Chelsea,12.0,12.0,24.0,4.0,0.0,4.0,0.0,0.0,0.0
c8f85108e625032544da,2023-24,2023-12-07,T Robinson,Everton,Newcastle United,18.0,8.0,26.0,3.0,0.0,3.0,0.0,0.0,0.0
188001dc5d5b8cedfe6c,2023-24,2023-12-07,M Salisbury,Tottenham,West Ham United,11.0,12.0,23.0,3.0,3.0,6.0,0.0,0.0,0.0
fefa04bdba14488abd3a,2023-24,2023-12-09,A Madley,Crystal Palace,Liverpool,17.0,17.0,34.0,5.0,2.0,7.0,1.0,0.0,1.0
2309e597ab542b944511,2023-24,2023-12-09,S Hooper,Brighton & Hove Albion,Burnley,5.0,8.0,13.0,0.0,4.0,4.0,0.0,0.0,0.0
18752706ec13b9244884,2023-24,2023-12-09,P Bankes,Manchester United,Bournemouth,7.0,10.0,17.0,3.0,1.0,4.0,0.0,0.0,0.0
8089ba6acf36579c11c9,2023-24,2023-12-09,S Attwell,Sheffield United,Brentford,14.0,13.0,27.0,5.0,1.0,6.0,0.0,0.0,0.0
6e1f25df722e99ef66c9,2023-24,2023-12-09,S Barrott,Wolverhampton Wanderers,Nottingham Forest,9.0,11.0,20.0,0.0,1.0,1.0,0.0,0.0,0.0
a73dcbd646a475212f75,2023-24,2023-12-09,J Gillett,Aston Villa,Arsenal,16.0,11.0,27.0,4.0,2.0,6.0,0.0,0.0,0.0
60c64955ef458dfe3314,2023-24,2023-12-10,M Oliver,Everton,Chelsea,12.0,12.0,24.0,2.0,2.0,4.0,0.0,0.0,0.0
0b948128bf8dd875f38f,2023-24,2023-12-10,P Tierney,Fulham,West Ham United,5.0,10.0,15.0,2.0,1.0,3.0,0.0,0.0,0.0
d89294307c56dceb84e8,2023-24,2023-12-10,T Robinson,Luton,Manchester City,16.0,6.0,22.0,2.0,1.0,3.0,0.0,0.0,0.0
1d0ae1ce45e9dde52440,2023-24,2023-12-10,C Kavanagh,Tottenham,Newcastle United,10.0,12.0,22.0,1.0,3.0,4.0,0.0,0.0,0.0
b617594501bd44e0de64,2023-24,2023-12-15,J Gillett,Nottingham Forest,Tottenham,16.0,11.0,27.0,2.0,4.0,6.0,0.0,1.0,1.0
c3ec8a270fd62c1a974c,2023-24,2023-12-16,A Madley,Chelsea,Sheffield United,9.0,14.0,23.0,1.0,3.0,4.0,0.0,0.0,0.0
6f9046e5b5571c9ad97d,2023-24,2023-12-16,P Tierney,Manchester City,Crystal Palace,12.0,9.0,21.0,1.0,1.0,2.0,0.0,0.0,0.0
68f65f675d1a6deb7477,2023-24,2023-12-16,S Barrott,Newcastle United,Fulham,7.0,12.0,19.0,0.0,2.0,2.0,0.0,1.0,1.0
de3134a33f7ca34ab92e,2023-24,2023-12-16,A Taylor,Burnley,Everton,9.0,8.0,17.0,0.0,1.0,1.0,0.0,0.0,0.0
f48809d45beae0dbc834,2023-24,2023-12-17,T Robinson,Arsenal,Brighton & Hove Albion,11.0,9.0,20.0,1.0,3.0,4.0,0.0,0.0,0.0
d9a9e7955eebb04f940c,2023-24,2023-12-17,D Coote,Brentford,Aston Villa,19.0,6.0,25.0,6.0,4.0,10.0,1.0,1.0,2.0
13b5a029997dc9e7d40e,2023-24,2023-12-17,C Kavanagh,West Ham United,Wolverhampton Wanderers,12.0,15.0,27.0,3.0,1.0,4.0,0.0,0.0,0.0
b0c372e279bf83076ba2,2023-24,2023-12-17,M Oliver,Liverpool,Manchester United,13.0,8.0,21.0,2.0,4.0,6.0,0.0,1.0,1.0
692b52ff76d4d65dd7c9,2023-24,2023-12-21,J Brooks,Crystal Palace,Brighton & Hove Albion,12.0,11.0,23.0,5.0,2.0,7.0,0.0,0.0,0.0
aad2ef597f2e1d1dc33c,2023-24,2023-12-22,A Taylor,Aston Villa,Sheffield United,11.0,16.0,27.0,3.0,3.0,6.0,0.0,0.0,0.0
77ddf59ca34ff1bba75a,2023-24,2023-12-23,S Hooper,West Ham United,Manchester United,13.0,15.0,28.0,2.0,3.0,5.0,0.0,0.0,0.0
88f641260dc03e98b957,2023-24,2023-12-23,R Welch,Fulham,Burnley,5.0,17.0,22.0,2.0,1.0,3.0,0.0,0.0,0.0
55fee7b6a5a654a09179,2023-24,2023-12-23,D England,Luton,Newcastle United,11.0,5.0,16.0,2.0,1.0,3.0,0.0,0.0,0.0
73d77f17839c23f8e6ad,2023-24,2023-12-23,R Jones,Nottingham Forest,Bournemouth,10.0,10.0,20.0,0.0,3.0,3.0,1.0,0.0,1.0
a4fa7f3594de1cbb0699,2023-24,2023-12-23,S Attwell,Tottenham,Everton,6.0,18.0,24.0,1.0,4.0,5.0,0.0,0.0,0.0
8b3bc42322afb3618fe3,2023-24,2023-12-23,C Kavanagh,Liverpool,Arsenal,13.0,14.0,27.0,2.0,5.0,7.0,0.0,0.0,0.0
9595e8da9980aec1bcfe,2023-24,2023-12-24,D Coote,Wolverhampton Wanderers,Chelsea,11.0,9.0,20.0,3.0,5.0,8.0,0.0,0.0,0.0
076f84f0d447ef99936a,2023-24,2023-12-26,C Kavanagh,Newcastle United,Nottingham Forest,10.0,11.0,21.0,3.0,3.0,6.0,0.0,0.0,0.0
6afbb50e4e8a31e25af4,2023-24,2023-12-26,T Robinson,Bournemouth,Fulham,10.0,10.0,20.0,0.0,2.0,2.0,0.0,0.0,0.0
c86cdfc1be2f47169a9e,2023-24,2023-12-26,S Allison,Sheffield United,Luton,13.0,13.0,26.0,5.0,0.0,5.0,0.0,0.0,0.0
64e8de7bae810bc67eda,2023-24,2023-12-26,P Tierney,Burnley,Liverpool,7.0,10.0,17.0,2.0,1.0,3.0,0.0,0.0,0.0
6d149c59035e3e6cda4e,2023-24,2023-12-26,C Pawson,Manchester United,Aston Villa,10.0,10.0,20.0,1.0,3.0,4.0,0.0,0.0,0.0
93b37de27ff7fcf9fa74,2023-24,2023-12-27,A Madley,Brentford,Wolverhampton Wanderers,5.0,14.0,19.0,1.0,1.0,2.0,0.0,0.0,0.0
500e47b622e9b3ade5c8,2023-24,2023-12-27,M Salisbury,Chelsea,Crystal Palace,13.0,16.0,29.0,3.0,2.0,5.0,0.0,0.0,0.0
3afebccc94dff5de1e46,2023-24,2023-12-27,J Brooks,Everton,Manchester City,13.0,5.0,18.0,4.0,2.0,6.0,0.0,0.0,0.0
f1a259f170ef67bd87ad,2023-24,2023-12-28,J Gillett,Brighton & Hove Albion,Tottenham,18.0,6.0,24.0,3.0,2.0,5.0,0.0,0.0,0.0
62de02702b593cfe36bc,2023-24,2023-12-28,M Oliver,Arsenal,West Ham United,8.0,8.0,16.0,2.0,0.0,2.0,0.0,0.0,0.0
b85045f4da39290b0400,2023-24,2023-12-30,P Tierney,Luton,Chelsea,14.0,21.0,35.0,2.0,2.0,4.0,0.0,0.0,0.0
479bba7415df6d796fc0,2023-24,2023-12-30,S Attwell,Aston Villa,Burnley,9.0,14.0,23.0,4.0,1.0,5.0,0.0,1.0,1.0
317b6cc23679e88da296,2023-24,2023-12-30,R Jones,Crystal Palace,Brentford,14.0,10.0,24.0,0.0,1.0,1.0,0.0,0.0,0.0
83ef2604b10ca2aede97,2023-24,2023-12-30,D Coote,Manchester City,Sheffield United,5.0,6.0,11.0,1.0,1.0,2.0,0.0,0.0,0.0
2d0f2e65138b1ef2155a,2023-24,2023-12-30,T Bramall,Wolverhampton Wanderers,Everton,9.0,14.0,23.0,2.0,3.0,5.0,0.0,0.0,0.0
c68bac671717f5592d9f,2023-24,2023-12-30,T Robinson,Nottingham Forest,Manchester United,9.0,11.0,20.0,2.0,4.0,6.0,0.0,0.0,0.0
8ac3c6af0331003d7ffa,2023-24,2023-12-31,J Smith,Fulham,Arsenal,11.0,10.0,21.0,4.0,1.0,5.0,0.0,0.0,0.0
9a01eacbfe941b800a8a,2023-24,2023-12-31,S Hooper,Tottenham,Bournemouth,9.0,18.0,27.0,3.0,3.0,6.0,0.0,0.0,0.0
5ab14855160793d097de,2023-24,2024-01-01,A Taylor,Liverpool,Newcastle United,16.0,15.0,31.0,3.0,5.0,8.0,0.0,0.0,0.0
78a108af09bf2db7a1a4,2023-24,2024-01-02,S Barrott,West Ham United,Brighton & Hove Albion,4.0,6.0,10.0,1.0,0.0,1.0,0.0,0.0,0.0
e0e98e81464385ee94ea,2023-24,2024-01-12,T Harrington,Burnley,Luton,7.0,12.0,19.0,1.0,0.0,1.0,0.0,0.0,0.0
7b1773fb8ee986e70626,2023-24,2024-01-13,A Taylor,Chelsea,Fulham,13.0,9.0,22.0,5.0,1.0,6.0,0.0,0.0,0.0
8db2b57301b20e793abc,2023-24,2024-01-13,C Kavanagh,Newcastle United,Manchester City,7.0,7.0,14.0,1.0,2.0,3.0,0.0,0.0,0.0
d36f888a2377306fd793,2023-24,2024-01-14,D Coote,Everton,Aston Villa,13.0,14.0,27.0,1.0,4.0,5.0,0.0,0.0,0.0
48da64276cbd734f8996,2023-24,2024-01-14,J Brooks,Manchester United,Tottenham,8.0,5.0,13.0,2.0,1.0,3.0,0.0,0.0,0.0
be9a52a6bcdc8cfab928,2023-24,2024-01-20,P Tierney,Arsenal,Crystal Palace,8.0,12.0,20.0,0.0,0.0,0.0,0.0,0.0,0.0
64f82256cafb6d0523d6,2023-24,2024-01-20,D England,Brentford,Nottingham Forest,10.0,14.0,24.0,1.0,3.0,4.0,0.0,0.0,0.0
7287d064e396f3b12aae,2023-24,2024-01-21,M Salisbury,Sheffield United,West Ham United,11.0,10.0,21.0,3.0,1.0,4.0,1.0,1.0,2.0
f20749fb660ce524b3bf,2023-24,2024-01-21,A Madley,Bournemouth,Liverpool,9.0,12.0,21.0,1.0,2.0,3.0,0.0,0.0,0.0
b5f647c84e4ed560dd0c,2023-24,2024-01-22,C Pawson,Brighton & Hove Albion,Wolverhampton Wanderers,10.0,13.0,23.0,1.0,4.0,5.0,0.0,0.0,0.0
8018cb081bb64eb81660,2023-24,2024-01-30,S Hooper,Nottingham Forest,Arsenal,6.0,7.0,13.0,0.0,1.0,1.0,0.0,0.0,0.0
816283dde29215c9aa01,2023-24,2024-01-30,T Bramall,Fulham,Everton,6.0,13.0,19.0,1.0,2.0,3.0,0.0,0.0,0.0
e2e2f46d68fdd175fa05,2023-24,2024-01-30,R Jones,Luton,Brighton & Hove Albion,13.0,14.0,27.0,2.0,2.0,4.0,0.0,0.0,0.0
9fd5433c8bc8f2906527,2023-24,2024-01-30,T Harrington,Crystal Palace,Sheffield United,8.0,18.0,26.0,1.0,4.0,5.0,0.0,0.0,0.0
0fe0668d80c8e0dc6258,2023-24,2024-01-30,J Brooks,Aston Villa,Newcastle United,14.0,12.0,26.0,4.0,1.0,5.0,0.0,0.0,0.0
cf76ece8664414682cbb,2023-24,2024-01-31,S Barrott,Manchester City,Burnley,3.0,13.0,16.0,2.0,2.0,4.0,0.0,0.0,0.0
7e1ba9237ee605750d87,2023-24,2024-01-31,D Coote,Tottenham,Brentford,13.0,15.0,28.0,2.0,3.0,5.0,0.0,0.0,0.0
3d34b1f956d296b1f92d,2023-24,2024-01-31,P Tierney,Liverpool,Chelsea,15.0,16.0,31.0,2.0,4.0,6.0,0.0,0.0,0.0
2c703cd03bce69ea7d14,2023-24,2024-02-01,T Robinson,West Ham United,Bournemouth,13.0,11.0,24.0,1.0,3.0,4.0,0.0,0.0,0.0
7fa70f10f82e3bbc47b6,2023-24,2024-02-01,J Gillett,Wolverhampton Wanderers,Manchester United,10.0,10.0,20.0,2.0,5.0,7.0,0.0,0.0,0.0
4b4c4c2efa80c4830862,2023-24,2024-02-03,M Oliver,Everton,Tottenham,8.0,14.0,22.0,3.0,0.0,3.0,0.0,0.0,0.0
06c80db4fa069498ea20,2023-24,2024-02-03,S Hooper,Brighton & Hove Albion,Crystal Palace,8.0,14.0,22.0,1.0,3.0,4.0,0.0,0.0,0.0
4f374253978c00ce0c05,2023-24,2024-02-03,D Bond,Burnley,Fulham,11.0,7.0,18.0,2.0,2.0,4.0,0.0,0.0,0.0
8cfe9fe9efb3fc0221df,2023-24,2024-02-03,T Bramall,Newcastle United,Luton,13.0,16.0,29.0,2.0,2.0,4.0,0.0,0.0,0.0
e7ffe10a00994a15b4a6,2023-24,2024-02-03,P Tierney,Sheffield United,Aston Villa,10.0,7.0,17.0,1.0,0.0,1.0,0.0,0.0,0.0
27082edcf72c5354bc98,2023-24,2024-02-04,R Welch,Bournemouth,Nottingham Forest,19.0,12.0,31.0,3.0,2.0,5.0,1.0,0.0,1.0
caeb14e26441197a17b9,2023-24,2024-02-04,T Robinson,Chelsea,Wolverhampton Wanderers,15.0,11.0,26.0,3.0,2.0,5.0,0.0,0.0,0.0
badf44ad08ecf945a836,2023-24,2024-02-04,A Madley,Manchester United,West Ham United,10.0,5.0,15.0,0.0,1.0,1.0,0.0,0.0,0.0
2d27c22c1fd417d1b958,2023-24,2024-02-04,A Taylor,Arsenal,Liverpool,11.0,11.0,22.0,6.0,2.0,8.0,0.0,1.0,1.0
b017ed18b2392bfdebab,2023-24,2024-02-05,J Gillett,Brentford,Manchester City,2.0,4.0,6.0,1.0,0.0,1.0,0.0,0.0,0.0
9ac1df6cc3bbb30db242,2023-24,2024-02-10,J Brooks,Manchester City,Everton,6.0,11.0,17.0,0.0,2.0,2.0,0.0,0.0,0.0
4eed9de2e225a253fe13,2023-24,2024-02-10,D England,Fulham,Bournemouth,11.0,11.0,22.0,1.0,2.0,3.0,0.0,0.0,0.0
e45c7b0c07196ba07236,2023-24,2024-02-10,T Robinson,Liverpool,Burnley,11.0,13.0,24.0,3.0,2.0,5.0,0.0,0.0,0.0
8ac5d14f9894ab405357,2023-24,2024-02-10,C Kavanagh,Luton,Sheffield United,7.0,12.0,19.0,1.0,2.0,3.0,0.0,0.0,0.0
dd8ce445f7344963d7db,2023-24,2024-02-10,S Barrott,Tottenham,Brighton & Hove Albion,14.0,13.0,27.0,2.0,3.0,5.0,0.0,0.0,0.0
cc53a72d8ef46ea75f51,2023-24,2024-02-10,S Hooper,Wolverhampton Wanderers,Brentford,11.0,9.0,20.0,2.0,3.0,5.0,0.0,0.0,0.0
9263431d15c9f82aa428,2023-24,2024-02-10,A Taylor,Nottingham Forest,Newcastle United,9.0,6.0,15.0,1.0,2.0,3.0,0.0,0.0,0.0
8e6417159453eb7475c8,2023-24,2024-02-11,C Pawson,West Ham United,Arsenal,17.0,11.0,28.0,4.0,0.0,4.0,0.0,0.0,0.0
fdb31555c91279894c90,2023-24,2024-02-11,R Jones,Aston Villa,Manchester United,9.0,7.0,16.0,3.0,2.0,5.0,0.0,0.0,0.0
ffbca15c3a340096c9a3,2023-24,2024-02-12,M Oliver,Crystal Palace,Chelsea,14.0,7.0,21.0,2.0,2.0,4.0,0.0,0.0,0.0
aa5dfe58ae3d29d7ce3a,2023-24,2024-02-17,M Oliver,Brentford,Liverpool,4.0,18.0,22.0,2.0,1.0,3.0,0.0,0.0,0.0
07926bdd1cde2cc21a01,2023-24,2024-02-17,J Gillett,Burnley,Arsenal,11.0,8.0,19.0,2.0,1.0,3.0,0.0,0.0,0.0
ffb2deecb770c2c98fd6,2023-24,2024-02-17,L Smith,Fulham,Aston Villa,11.0,6.0,17.0,5.0,2.0,7.0,0.0,0.0,0.0
ce7d2fd666e4c0211876,2023-24,2024-02-17,M Salisbury,Newcastle United,Bournemouth,9.0,22.0,31.0,1.0,3.0,4.0,0.0,0.0,0.0
f3f9ad44702276fafc02,2023-24,2024-02-17,T Bramall,Nottingham Forest,West Ham United,13.0,15.0,28.0,4.0,4.0,8.0,0.0,1.0,1.0
69bd8f1fb37a28da8f9f,2023-24,2024-02-17,A Taylor,Tottenham,Wolverhampton Wanderers,8.0,13.0,21.0,0.0,1.0,1.0,0.0,0.0,0.0
23400484e8e6aac7f3d7,2023-24,2024-02-17,A Madley,Manchester City,Chelsea,7.0,12.0,19.0,1.0,3.0,4.0,0.0,0.0,0.0
5a2860b32cf3dc343d2c,2023-24,2024-02-18,S Attwell,Sheffield United,Brighton & Hove Albion,3.0,5.0,8.0,1.0,4.0,5.0,1.0,0.0,1.0
c04f63f243fc081339d2,2023-24,2024-02-18,D Coote,Luton,Manchester United,7.0,21.0,28.0,3.0,5.0,8.0,0.0,0.0,0.0
73ddcd7fb322727cf2ae,2023-24,2024-02-19,P Tierney,Everton,Crystal Palace,8.0,12.0,20.0,0.0,2.0,2.0,0.0,0.0,0.0
cc244639110aefe825fb,2023-24,2024-02-20,D England,Manchester City,Brentford,12.0,6.0,18.0,2.0,4.0,6.0,0.0,0.0,0.0
2b80337790581b480fe4,2023-24,2024-02-21,A Madley,Liverpool,Luton,15.0,14.0,29.0,1.0,4.0,5.0,0.0,0.0,0.0
60bda189750e426ea557,2023-24,2024-02-24,S Barrott,Aston Villa,Nottingham Forest,7.0,16.0,23.0,1.0,2.0,3.0,0.0,0.0,0.0
7a95da8c30eed43d81cb,2023-24,2024-02-24,T Harrington,Brighton & Hove Albion,Everton,9.0,14.0,23.0,2.0,3.0,5.0,1.0,0.0,1.0
2a562ee7a48334fb13b0,2023-24,2024-02-24,L Smith,Crystal Palace,Burnley,8.0,13.0,21.0,3.0,1.0,4.0,0.0,1.0,1.0
7ca9c63d95ae1a79a869,2023-24,2024-02-24,M Oliver,Manchester United,Fulham,6.0,11.0,17.0,2.0,5.0,7.0,0.0,0.0,0.0
ee60c85264355c98fc1a,2023-24,2024-02-24,J Gillett,Bournemouth,Manchester City,14.0,6.0,20.0,2.0,2.0,4.0,0.0,0.0,0.0
60cbce496c589a1d9bf2,2023-24,2024-02-24,P Tierney,Arsenal,Newcastle United,15.0,6.0,21.0,1.0,0.0,1.0,0.0,0.0,0.0
80efed3aeab656605626,2023-24,2024-02-25,D Bond,Wolverhampton Wanderers,Sheffield United,8.0,4.0,12.0,2.0,1.0,3.0,0.0,0.0,0.0
393a408bee80395abe35,2023-24,2024-02-26,S Hooper,West Ham United,Brentford,5.0,9.0,14.0,1.0,2.0,3.0,0.0,0.0,0.0
625f19b9ec4db20a1b80,2023-24,2024-03-02,J Gillett,Brentford,Chelsea,10.0,9.0,19.0,3.0,1.0,4.0,0.0,0.0,0.0
c25da5a342f39605c3a8,2023-24,2024-03-02,C Pawson,Everton,West Ham United,9.0,6.0,15.0,1.0,2.0,3.0,0.0,0.0,0.0
c88694b7631b9c859c36,2023-24,2024-03-02,S Hooper,Fulham,Brighton & Hove Albion,16.0,10.0,26.0,1.0,2.0,3.0,0.0,0.0,0.0
778b6c5d9dc9ec007d6a,2023-24,2024-03-02,T Robinson,Newcastle United,Wolverhampton Wanderers,8.0,11.0,19.0,0.0,1.0,1.0,0.0,0.0,0.0
9e423eed1a831e735c09,2023-24,2024-03-02,P Tierney,Nottingham Forest,Liverpool,11.0,12.0,23.0,2.0,2.0,4.0,0.0,0.0,0.0
d1fc6a9227cd789c7298,2023-24,2024-03-02,J Brooks,Tottenham,Crystal Palace,7.0,16.0,23.0,1.0,2.0,3.0,0.0,0.0,0.0
4d6de0bbedd2339f2ae4,2023-24,2024-03-02,M Oliver,Luton,Aston Villa,8.0,19.0,27.0,1.0,4.0,5.0,0.0,0.0,0.0
59da52c611dfd5cb7354,2023-24,2024-03-03,D Coote,Burnley,Bournemouth,8.0,13.0,21.0,2.0,4.0,6.0,0.0,0.0,0.0
d758f83569bd2cf40738,2023-24,2024-03-03,A Madley,Manchester City,Manchester United,5.0,10.0,15.0,0.0,1.0,1.0,0.0,0.0,0.0
b96f51da4b1ab6ee77ee,2023-24,2024-03-04,S Barrott,Sheffield United,Arsenal,11.0,4.0,15.0,1.0,0.0,1.0,0.0,0.0,0.0
5ad895df2a7bcef7c683,2023-24,2024-03-09,S Hooper,Manchester United,Everton,13.0,11.0,24.0,1.0,2.0,3.0,0.0,0.0,0.0
6b3f2f9a5ec6ab82d65a,2023-24,2024-03-09,A Taylor,Bournemouth,Sheffield United,12.0,11.0,23.0,3.0,5.0,8.0,0.0,0.0,0.0
3efa0fbc68d2ada1772c,2023-24,2024-03-09,S Singh,Crystal Palace,Luton,20.0,11.0,31.0,2.0,3.0,5.0,0.0,0.0,0.0
4f8354b24471d2ab5980,2023-24,2024-03-09,T Harrington,Wolverhampton Wanderers,Fulham,7.0,11.0,18.0,2.0,2.0,4.0,0.0,0.0,0.0
7c31a86b56f57a5655f9,2023-24,2024-03-09,R Jones,Arsenal,Brentford,9.0,10.0,19.0,2.0,4.0,6.0,0.0,0.0,0.0
335451e1446a6ceca253,2023-24,2024-03-10,C Kavanagh,Aston Villa,Tottenham,11.0,15.0,26.0,0.0,2.0,2.0,1.0,0.0,1.0
e79332c5dc8254a75a44,2023-24,2024-03-10,M Salisbury,Brighton & Hove Albion,Nottingham Forest,14.0,14.0,28.0,4.0,4.0,8.0,0.0,0.0,0.0
bbb96bf2d9e61210e310,2023-24,2024-03-10,D England,West Ham United,Burnley,11.0,18.0,29.0,2.0,4.0,6.0,0.0,0.0,0.0
c5c2126c29db58c08131,2023-24,2024-03-10,M Oliver,Liverpool,Manchester City,6.0,10.0,16.0,0.0,3.0,3.0,0.0,0.0,0.0
39db47e1762196f9cb29,2023-24,2024-03-11,J Brooks,Chelsea,Newcastle United,12.0,7.0,19.0,3.0,1.0,4.0,0.0,0.0,0.0
4265e4b21e20a5bcc7e0,2023-24,2024-03-13,S Allison,Bournemouth,Luton,16.0,11.0,27.0,1.0,2.0,3.0,0.0,0.0,0.0
17d05f087ca6dfda1ef8,2023-24,2024-03-16,D Bond,Burnley,Brentford,14.0,17.0,31.0,2.0,4.0,6.0,0.0,1.0,1.0
6697c37a8b7380634fbb,2023-24,2024-03-16,D England,Luton,Nottingham Forest,10.0,17.0,27.0,1.0,2.0,3.0,0.0,0.0,0.0
9c4a75cc9cad49c5ae50,2023-24,2024-03-16,R Jones,Fulham,Tottenham,9.0,10.0,19.0,2.0,3.0,5.0,0.0,0.0,0.0
2e4adb84b3437cbf2866,2023-24,2024-03-17,J Gillett,West Ham United,Aston Villa,13.0,12.0,25.0,3.0,3.0,6.0,0.0,0.0,0.0
295c537fb1e0688ec87b,2023-24,2024-03-30,R Jones,Newcastle United,West Ham United,9.0,8.0,17.0,1.0,1.0,2.0,1.0,0.0,1.0
e45b3c3f52b6c85c3097,2023-24,2024-03-30,S Barrott,Bournemouth,Everton,14.0,11.0,25.0,1.0,2.0,3.0,0.0,0.0,0.0
0f995097dc421a3faa59,2023-24,2024-03-30,D England,Chelsea,Burnley,12.0,7.0,19.0,2.0,2.0,4.0,0.0,1.0,1.0
c36ed87ee5874ce3776b,2023-24,2024-03-30,C Kavanagh,Nottingham Forest,Crystal Palace,14.0,12.0,26.0,1.0,1.0,2.0,0.0,0.0,0.0
c31130a4569dbd68c7c3,2023-24,2024-03-30,T Robinson,Sheffield United,Fulham,10.0,13.0,23.0,4.0,1.0,5.0,0.0,0.0,0.0
e4c4b3b42e284ec502c1,2023-24,2024-03-30,J Gillett,Tottenham,Luton,16.0,14.0,30.0,2.0,4.0,6.0,0.0,0.0,0.0
8cdb01d795ef940215be,2023-24,2024-03-30,P Tierney,Aston Villa,Wolverhampton Wanderers,11.0,19.0,30.0,3.0,4.0,7.0,0.0,0.0,0.0
0df1a2fdd83b87f35b06,2023-24,2024-03-30,S Hooper,Brentford,Manchester United,7.0,14.0,21.0,2.0,2.0,4.0,0.0,0.0,0.0
639717501748bb1dc866,2023-24,2024-03-31,D Coote,Liverpool,Brighton & Hove Albion,20.0,6.0,26.0,5.0,3.0,8.0,0.0,0.0,0.0
69daa084a5509bdf9e79,2023-24,2024-03-31,A Taylor,Manchester City,Arsenal,9.0,20.0,29.0,0.0,2.0,2.0,0.0,0.0,0.0
cffb8ee981e7f9483c2f,2023-24,2024-04-02,T Harrington,Newcastle United,Everton,9.0,14.0,23.0,0.0,3.0,3.0,0.0,0.0,0.0
e7a2753dede6443a7bcf,2023-24,2024-04-02,M Oliver,Nottingham Forest,Fulham,7.0,8.0,15.0,0.0,0.0,0.0,0.0,0.0,0.0
51588e1ad39f4310b2d5,2023-24,2024-04-02,G Scott,Bournemouth,Crystal Palace,13.0,14.0,27.0,3.0,2.0,5.0,0.0,0.0,0.0
6753d55cd43c896e2f23,2023-24,2024-04-02,T Bramall,Burnley,Wolverhampton Wanderers,10.0,12.0,22.0,0.0,2.0,2.0,0.0,0.0,0.0
a4127541798533f09980,2023-24,2024-04-02,J Brooks,West Ham United,Tottenham,13.0,9.0,22.0,1.0,4.0,5.0,0.0,0.0,0.0
ba1ce6ef28280707d225,2023-24,2024-04-03,C Pawson,Arsenal,Luton,12.0,8.0,20.0,1.0,1.0,2.0,0.0,0.0,0.0
4de43997bff20b3f22d2,2023-24,2024-04-03,A Madley,Brentford,Brighton & Hove Albion,9.0,12.0,21.0,1.0,1.0,2.0,0.0,0.0,0.0
d04ca8d3f62c2a3f9a6a,2023-24,2024-04-03,D England,Manchester City,Aston Villa,6.0,13.0,19.0,1.0,2.0,3.0,0.0,0.0,0.0
a664be75aa7abba196a0,2023-24,2024-04-04,S Attwell,Liverpool,Sheffield United,6.0,9.0,15.0,0.0,1.0,1.0,0.0,0.0,0.0
b5bd76439039c3115e02,2023-24,2024-04-04,J Gillett,Chelsea,Manchester United,7.0,15.0,22.0,3.0,0.0,3.0,0.0,0.0,0.0
a9d75bc4174d95d619b7,2023-24,2024-04-06,P Tierney,Crystal Palace,Manchester City,13.0,3.0,16.0,1.0,1.0,2.0,0.0,0.0,0.0
95b309baed963a9baff2,2023-24,2024-04-06,M Salisbury,Aston Villa,Brentford,15.0,11.0,26.0,2.0,2.0,4.0,0.0,0.0,0.0
c1e9db5907f5a08c6549,2023-24,2024-04-06,M Oliver,Everton,Burnley,11.0,13.0,24.0,2.0,1.0,3.0,0.0,1.0,1.0
404ee4bfbe7f9e50f6c3,2023-24,2024-04-06,S Allison,Fulham,Newcastle United,10.0,13.0,23.0,1.0,2.0,3.0,0.0,0.0,0.0
79ab970197529a960aae,2023-24,2024-04-06,A Madley,Luton,Bournemouth,7.0,14.0,21.0,0.0,0.0,0.0,0.0,0.0,0.0
fd52ebed0e930cffc7a6,2023-24,2024-04-06,T Harrington,Wolverhampton Wanderers,West Ham United,15.0,7.0,22.0,5.0,2.0,7.0,0.0,0.0,0.0
81d588786cc45c3806e8,2023-24,2024-04-06,J Brooks,Brighton & Hove Albion,Arsenal,14.0,13.0,27.0,1.0,2.0,3.0,0.0,0.0,0.0
7b3f38d56f48803c6bb9,2023-24,2024-04-07,A Taylor,Manchester United,Liverpool,9.0,10.0,19.0,5.0,2.0,7.0,0.0,0.0,0.0
1d93e8edf61477de66a1,2023-24,2024-04-07,R Jones,Sheffield United,Chelsea,12.0,10.0,22.0,4.0,2.0,6.0,0.0,0.0,0.0
24ce3697cb827f201c95,2023-24,2024-04-07,S Hooper,Tottenham,Nottingham Forest,11.0,12.0,23.0,2.0,3.0,5.0,0.0,0.0,0.0
8fe6937652c559c8c286,2023-24,2024-04-13,T Robinson,Newcastle United,Tottenham,14.0,12.0,26.0,0.0,4.0,4.0,0.0,0.0,0.0
6bee78ba1ed0c89ba9ae,2023-24,2024-04-13,S Barrott,Brentford,Sheffield United,8.0,11.0,19.0,3.0,1.0,4.0,0.0,0.0,0.0
218b0ce5ee4c7d119d23,2023-24,2024-04-13,S Hooper,Burnley,Brighton & Hove Albion,18.0,8.0,26.0,1.0,2.0,3.0,0.0,0.0,0.0
2a4422ca9dc54d56e479,2023-24,2024-04-13,J Brooks,Manchester City,Luton,7.0,6.0,13.0,1.0,0.0,1.0,0.0,0.0,0.0
ad53c91942bb597ecb67,2023-24,2024-04-13,C Pawson,Nottingham Forest,Wolverhampton Wanderers,15.0,10.0,25.0,2.0,3.0,5.0,0.0,0.0,0.0
903492baaf1a483dc900,2023-24,2024-04-13,T Harrington,Bournemouth,Manchester United,13.0,14.0,27.0,4.0,0.0,4.0,0.0,0.0,0.0
f8d44780dfcabd514709,2023-24,2024-04-14,C Kavanagh,Liverpool,Crystal Palace,10.0,10.0,20.0,1.0,1.0,2.0,0.0,0.0,0.0
0c4e2a730d93d839b4ca,2023-24,2024-04-14,S Attwell,West Ham United,Fulham,6.0,13.0,19.0,1.0,2.0,3.0,0.0,0.0,0.0
4a2410731425a213e7bc,2023-24,2024-04-14,D Coote,Arsenal,Aston Villa,12.0,7.0,19.0,3.0,1.0,4.0,0.0,0.0,0.0
d2f6da16c49135573a1e,2023-24,2024-04-15,P Tierney,Chelsea,Everton,5.0,21.0,26.0,1.0,4.0,5.0,0.0,0.0,0.0
23f51ff39942b6234268,2023-24,2024-04-20,J Gillett,Luton,Brentford,13.0,9.0,22.0,1.0,2.0,3.0,0.0,0.0,0.0
f78bde296f0bc349e0a1,2023-24,2024-04-20,A Madley,Sheffield United,Burnley,10.0,9.0,19.0,1.0,0.0,1.0,0.0,0.0,0.0
0e0683397e724195a478,2023-24,2024-04-20,P Tierney,Wolverhampton Wanderers,Arsenal,14.0,9.0,23.0,3.0,2.0,5.0,0.0,0.0,0.0
a8beb413472942f9884e,2023-24,2024-04-21,A Taylor,Everton,Nottingham Forest,15.0,9.0,24.0,3.0,2.0,5.0,0.0,0.0,0.0
53f8172152079a008223,2023-24,2024-04-21,T Robinson,Aston Villa,Bournemouth,8.0,14.0,22.0,1.0,3.0,4.0,0.0,0.0,0.0
082cd5909b148d07a5e9,2023-24,2024-04-21,G Scott,Crystal Palace,West Ham United,9.0,9.0,18.0,3.0,2.0,5.0,0.0,0.0,0.0
6187a3a0ea17d0d610f5,2023-24,2024-04-21,C Pawson,Fulham,Liverpool,5.0,11.0,16.0,3.0,0.0,3.0,0.0,0.0,0.0
b92901bb87b56c8c719d,2023-24,2024-04-23,S Hooper,Arsenal,Chelsea,12.0,11.0,23.0,2.0,2.0,4.0,0.0,0.0,0.0
c569fd3f219f02be7753,2023-24,2024-04-24,S Attwell,Wolverhampton Wanderers,Bournemouth,10.0,17.0,27.0,4.0,1.0,5.0,0.0,1.0,1.0
cf654c89c4d29b2252ab,2023-24,2024-04-24,T Bramall,Crystal Palace,Newcastle United,10.0,15.0,25.0,3.0,3.0,6.0,0.0,0.0,0.0
f78d358d7793d49f3f89,2023-24,2024-04-24,A Madley,Everton,Liverpool,6.0,13.0,19.0,0.0,3.0,3.0,0.0,0.0,0.0
83b8e5ac37d26410aa4d,2023-24,2024-04-24,M Salisbury,Manchester United,Sheffield United,7.0,9.0,16.0,0.0,1.0,1.0,0.0,0.0,0.0
44845b7e2ed200ba4a56,2023-24,2024-04-25,J Gillett,Brighton & Hove Albion,Manchester City,10.0,3.0,13.0,2.0,0.0,2.0,0.0,0.0,0.0
90dfa0c104ce6605e739,2023-24,2024-04-27,A Taylor,West Ham United,Liverpool,8.0,10.0,18.0,0.0,2.0,2.0,0.0,0.0,0.0
7941e88ebd61319088ee,2023-24,2024-04-27,S Attwell,Fulham,Crystal Palace,11.0,15.0,26.0,0.0,2.0,2.0,0.0,0.0,0.0
06f33c749fa885b7c114,2023-24,2024-04-27,J Brooks,Manchester United,Burnley,7.0,11.0,18.0,1.0,3.0,4.0,0.0,0.0,0.0
d9b772d7309e362dad81,2023-24,2024-04-27,T Harrington,Newcastle United,Sheffield United,9.0,10.0,19.0,0.0,0.0,0.0,0.0,0.0,0.0
159757ac11ddf90cb20a,2023-24,2024-04-27,D Coote,Wolverhampton Wanderers,Luton,14.0,14.0,28.0,3.0,1.0,4.0,0.0,0.0,0.0
0deb5e267dae048329d0,2023-24,2024-04-27,D England,Everton,Brentford,10.0,12.0,22.0,1.0,2.0,3.0,0.0,0.0,0.0
6ad35b8cf00558e2b86f,2023-24,2024-04-27,C Pawson,Aston Villa,Chelsea,13.0,14.0,27.0,3.0,5.0,8.0,0.0,0.0,0.0
5e878ff1bc1dc83221ad,2023-24,2024-04-28,P Tierney,Bournemouth,Brighton & Hove Albion,14.0,10.0,24.0,2.0,2.0,4.0,0.0,0.0,0.0
d30e4dfaa747950c32c7,2023-24,2024-04-28,M Oliver,Tottenham,Arsenal,12.0,16.0,28.0,2.0,1.0,3.0,0.0,0.0,0.0
8d33dffc88ab69785df9,2023-24,2024-04-28,S Hooper,Nottingham Forest,Manchester City,8.0,6.0,14.0,0.0,0.0,0.0,0.0,0.0,0.0
843e6ff70aac51beb2c1,2023-24,2024-05-02,R Jones,Chelsea,Tottenham,12.0,16.0,28.0,0.0,1.0,1.0,0.0,0.0,0.0
b515eeeb9ff1afbc8727,2023-24,2024-05-03,T Robinson,Luton,Everton,14.0,12.0,26.0,1.0,3.0,4.0,0.0,0.0,0.0
f8cd0f12f84bb1081d38,2023-24,2024-05-04,D Coote,Arsenal,Bournemouth,16.0,12.0,28.0,2.0,3.0,5.0,0.0,0.0,0.0
105d4b7e53f024babdc4,2023-24,2024-05-04,G Scott,Brentford,Fulham,3.0,6.0,9.0,1.0,1.0,2.0,0.0,0.0,0.0
11805ec8d68610d91138,2023-24,2024-05-04,A Taylor,Burnley,Newcastle United,8.0,8.0,16.0,2.0,2.0,4.0,0.0,0.0,0.0
0af29e5de2bcae47c1ca,2023-24,2024-05-04,C Kavanagh,Sheffield United,Nottingham Forest,9.0,7.0,16.0,0.0,1.0,1.0,1.0,0.0,1.0
e2972cd48af8f53efcf6,2023-24,2024-05-04,C Pawson,Manchester City,Wolverhampton Wanderers,4.0,17.0,21.0,0.0,4.0,4.0,0.0,0.0,0.0
9289db759b05a38271d4,2023-24,2024-05-05,R Jones,Brighton & Hove Albion,Aston Villa,13.0,10.0,23.0,2.0,1.0,3.0,0.0,0.0,0.0
d844dfd35d2c29e9b8bd,2023-24,2024-05-05,A Madley,Chelsea,West Ham United,12.0,10.0,22.0,1.0,3.0,4.0,0.0,0.0,0.0
cf413685301459f64558,2023-24,2024-05-05,P Tierney,Liverpool,Tottenham,14.0,12.0,26.0,1.0,4.0,5.0,0.0,0.0,0.0
9c6640f8ec2b95697bf3,2023-24,2024-05-06,J Gillett,Crystal Palace,Manchester United,12.0,8.0,20.0,1.0,1.0,2.0,0.0,0.0,0.0
0fd40a5453d199fe6792,2023-24,2024-05-11,A Taylor,Fulham,Manchester City,9.0,6.0,15.0,1.0,0.0,1.0,1.0,0.0,1.0
4a2724fcd6f8f0f9143b,2023-24,2024-05-11,M Donohue,Bournemouth,Brentford,16.0,12.0,28.0,2.0,2.0,4.0,0.0,0.0,0.0
014eb18e8c7644b22208,2023-24,2024-05-11,S Attwell,Everton,Sheffield United,6.0,11.0,17.0,1.0,2.0,3.0,0.0,0.0,0.0
563aaeccf8feef98d998,2023-24,2024-05-11,D England,Newcastle United,Brighton & Hove Albion,9.0,16.0,25.0,3.0,4.0,7.0,0.0,0.0,0.0
cac77b6454fc87dafed1,2023-24,2024-05-11,J Gillett,Tottenham,Burnley,10.0,14.0,24.0,3.0,5.0,8.0,0.0,0.0,0.0
c75af41a6c1bd58ab5a7,2023-24,2024-05-11,M Oliver,West Ham United,Luton,9.0,15.0,24.0,1.0,3.0,4.0,0.0,0.0,0.0
1aaf53d72d290d5eda31,2023-24,2024-05-11,T Bramall,Wolverhampton Wanderers,Crystal Palace,13.0,12.0,25.0,3.0,2.0,5.0,0.0,1.0,1.0
630360fca51c525d0e4e,2023-24,2024-05-11,T Harrington,Nottingham Forest,Chelsea,14.0,8.0,22.0,2.0,3.0,5.0,0.0,0.0,0.0
ec259d3a45a16a0eedc1,2023-24,2024-05-12,P Tierney,Manchester United,Arsenal,5.0,6.0,11.0,0.0,2.0,2.0,0.0,0.0,0.0
82381846c4f672b4dd86,2023-24,2024-05-13,S Hooper,Aston Villa,Liverpool,11.0,15.0,26.0,1.0,1.0,2.0,0.0,0.0,0.0
b0884f0d4faed9393c4f,2023-24,2024-05-14,C Kavanagh,Tottenham,Manchester City,14.0,11.0,25.0,3.0,3.0,6.0,0.0,0.0,0.0
8456564fe923e6b3f536,2023-24,2024-05-15,M Salisbury,Brighton & Hove Albion,Chelsea,13.0,14.0,27.0,2.0,2.0,4.0,0.0,1.0,1.0
5be315fecd4891d67a40,2023-24,2024-05-15,R Jones,Manchester United,Newcastle United,16.0,7.0,23.0,3.0,3.0,6.0,0.0,0.0,0.0
2380194cd3197059e9d4,2023-24,2024-05-19,M Oliver,Arsenal,Everton,8.0,11.0,19.0,4.0,3.0,7.0,0.0,0.0,0.0
a7256d14a7dcc78b177e,2023-24,2024-05-19,S Hooper,Brentford,Newcastle United,15.0,11.0,26.0,4.0,4.0,8.0,0.0,0.0,0.0
14356a6d1d070d757cf0,2023-24,2024-05-19,C Pawson,Brighton & Hove Albion,Manchester United,10.0,9.0,19.0,1.0,3.0,4.0,0.0,0.0,0.0
448813b9d96a6579a99b,2023-24,2024-05-19,G Scott,Burnley,Nottingham Forest,11.0,5.0,16.0,1.0,0.0,1.0,0.0,0.0,0.0
f2205f69e49de339bb7b,2023-24,2024-05-19,A Taylor,Chelsea,Bournemouth,5.0,9.0,14.0,2.0,3.0,5.0,0.0,0.0,0.0
4dbba7c37700344f604e,2023-24,2024-05-19,D Bond,Crystal Palace,Aston Villa,10.0,8.0,18.0,1.0,4.0,5.0,0.0,0.0,0.0
ca2d0a32e81cae4ef38a,2023-24,2024-05-19,C Kavanagh,Liverpool,Wolverhampton Wanderers,14.0,11.0,25.0,1.0,1.0,2.0,0.0,1.0,1.0
8c83115a48ced803b0d8,2023-24,2024-05-19,M Donohue,Luton,Fulham,15.0,20.0,35.0,5.0,4.0,9.0,0.0,0.0,0.0
5d4b71fc36ed4f46c4b4,2023-24,2024-05-19,J Brooks,Manchester City,West Ham United,3.0,12.0,15.0,0.0,1.0,1.0,0.0,0.0,0.0
5a852308e345f675b731,2023-24,2024-05-19,A Madley,Sheffield United,Tottenham,11.0,9.0,20.0,2.0,0.0,2.0,0.0,0.0,0.0
16997dc9cef7ead29809,2024-25,2024-08-16,R Jones,Manchester United,Fulham,12.0,10.0,22.0,2.0,3.0,5.0,0.0,0.0,0.0
acda54f2f3f96d9ef2bf,2024-25,2024-08-17,T Robinson,Ipswich,Liverpool,9.0,18.0,27.0,3.0,1.0,4.0,0.0,0.0,0.0
4b8a3ea6cf92b0ffc70e,2024-25,2024-08-17,J Gillett,Arsenal,Wolverhampton Wanderers,17.0,14.0,31.0,2.0,2.0,4.0,0.0,0.0,0.0
499c59f0daca85bad574,2024-25,2024-08-17,S Hooper,Everton,Brighton & Hove Albion,8.0,8.0,16.0,1.0,1.0,2.0,1.0,0.0,1.0
b8186753647d384486a3,2024-25,2024-08-17,C Pawson,Newcastle United,Southampton,15.0,16.0,31.0,2.0,4.0,6.0,1.0,0.0,1.0
fd844e217b8a15022a13,2024-25,2024-08-17,M Oliver,Nottingham Forest,Bournemouth,17.0,8.0,25.0,1.0,3.0,4.0,0.0,0.0,0.0
ae19425c66c76d464bec,2024-25,2024-08-17,T Harrington,West Ham United,Aston Villa,18.0,11.0,29.0,1.0,2.0,3.0,0.0,0.0,0.0
8d6d66aa23ffdd9ade87,2024-25,2024-08-18,S Barrott,Brentford,Crystal Palace,6.0,15.0,21.0,1.0,5.0,6.0,0.0,0.0,0.0
ceb89c6b965000bb9f36,2024-25,2024-08-18,A Taylor,Chelsea,Manchester City,12.0,9.0,21.0,1.0,1.0,2.0,0.0,0.0,0.0
2edb1146eb399e0cdf7f,2024-25,2024-08-19,C Kavanagh,Leicester,Tottenham,11.0,12.0,23.0,1.0,1.0,2.0,0.0,0.0,0.0
d1f8a476dab9e0960636,2024-25,2024-08-24,C Pawson,Brighton & Hove Albion,Manchester United,9.0,13.0,22.0,1.0,2.0,3.0,0.0,0.0,0.0
70210ce9164698508307,2024-25,2024-08-24,R Jones,Crystal Palace,West Ham United,9.0,17.0,26.0,1.0,1.0,2.0,0.0,0.0,0.0
e2c9013e59cc4570a453,2024-25,2024-08-24,D Bond,Fulham,Leicester,14.0,13.0,27.0,2.0,2.0,4.0,0.0,0.0,0.0
bd7038b597d2f59a2c1f,2024-25,2024-08-24,M Salisbury,Manchester City,Ipswich,4.0,15.0,19.0,2.0,3.0,5.0,0.0,0.0,0.0
e86fef38676b273dd980,2024-25,2024-08-24,S Barrott,Southampton,Nottingham Forest,14.0,14.0,28.0,3.0,3.0,6.0,0.0,0.0,0.0
852c6776babe2f471d01,2024-25,2024-08-24,A Taylor,Tottenham,Everton,11.0,15.0,26.0,0.0,0.0,0.0,0.0,0.0,0.0
92879e61febc38d792e0,2024-25,2024-08-24,M Oliver,Aston Villa,Arsenal,8.0,15.0,23.0,1.0,3.0,4.0,0.0,0.0,0.0
091d7bc0171562434782,2024-25,2024-08-25,D Coote,Bournemouth,Newcastle United,19.0,8.0,27.0,2.0,2.0,4.0,0.0,0.0,0.0
57ac59da0e7a5e7d2616,2024-25,2024-08-25,D England,Wolverhampton Wanderers,Chelsea,13.0,13.0,26.0,2.0,3.0,5.0,0.0,0.0,0.0
f91bec7c3470247ddb95,2024-25,2024-08-25,S Attwell,Liverpool,Brentford,10.0,7.0,17.0,2.0,3.0,5.0,0.0,0.0,0.0
13421664726e2a371ec4,2024-25,2024-08-31,C Kavanagh,Arsenal,Brighton & Hove Albion,12.0,7.0,19.0,3.0,2.0,5.0,1.0,0.0,1.0
c3b22e87ae6df2271953,2024-25,2024-08-31,J Smith,Brentford,Southampton,10.0,7.0,17.0,2.0,1.0,3.0,0.0,0.0,0.0
381a7273369ba9834372,2024-25,2024-08-31,S Attwell,Everton,Bournemouth,6.0,1.0,7.0,2.0,1.0,3.0,0.0,0.0,0.0
659d5af40c80b406dc41,2024-25,2024-08-31,L Smith,Ipswich,Fulham,15.0,15.0,30.0,2.0,3.0,5.0,0.0,0.0,0.0
6c250dd73a8414b73401,2024-25,2024-08-31,D Coote,Leicester,Aston Villa,13.0,21.0,34.0,4.0,5.0,9.0,0.0,0.0,0.0
904b326342eec31a2f8e,2024-25,2024-08-31,S Hooper,Nottingham Forest,Wolverhampton Wanderers,15.0,18.0,33.0,3.0,4.0,7.0,0.0,0.0,0.0
1935e2edb59fc7a29fb9,2024-25,2024-08-31,M Oliver,West Ham United,Manchester City,10.0,3.0,13.0,3.0,2.0,5.0,0.0,0.0,0.0
a475524798b54471285c,2024-25,2024-09-01,J Gillett,Chelsea,Crystal Palace,9.0,13.0,22.0,4.0,2.0,6.0,0.0,0.0,0.0
606d99a9666f8d772db0,2024-25,2024-09-01,R Jones,Newcastle United,Tottenham,16.0,13.0,29.0,4.0,4.0,8.0,0.0,0.0,0.0
a8cb75de1bfa7733e574,2024-25,2024-09-01,A Taylor,Manchester United,Liverpool,7.0,7.0,14.0,4.0,1.0,5.0,0.0,0.0,0.0
baa5123368738159d564,2024-25,2024-09-14,S Attwell,Southampton,Manchester United,11.0,14.0,25.0,1.0,4.0,5.0,1.0,0.0,1.0
912e32cae79f2b554d2b,2024-25,2024-09-14,S Barrott,Brighton & Hove Albion,Ipswich,14.0,16.0,30.0,4.0,3.0,7.0,0.0,0.0,0.0
07e3ac2fd9e5c37a2490,2024-25,2024-09-14,T Harrington,Crystal Palace,Leicester,11.0,15.0,26.0,0.0,3.0,3.0,0.0,0.0,0.0
722144bae21df1d7be74,2024-25,2024-09-14,T Robinson,Fulham,West Ham United,15.0,18.0,33.0,2.0,3.0,5.0,0.0,0.0,0.0
2a681b581e1aa44393c9,2024-25,2024-09-14,M Oliver,Liverpool,Nottingham Forest,15.0,6.0,21.0,4.0,4.0,8.0,0.0,0.0,0.0
0ff93546de9be99244f6,2024-25,2024-09-14,D Bond,Manchester City,Brentford,9.0,3.0,12.0,3.0,1.0,4.0,0.0,0.0,0.0
cd370b6a0957267aee09,2024-25,2024-09-14,C Pawson,Aston Villa,Everton,10.0,12.0,22.0,1.0,4.0,5.0,0.0,0.0,0.0
fc9ebf99efbe951045ea,2024-25,2024-09-14,A Taylor,Bournemouth,Chelsea,16.0,9.0,25.0,6.0,8.0,14.0,0.0,0.0,0.0
eeecc34b96667770e9d0,2024-25,2024-09-15,J Gillett,Tottenham,Arsenal,13.0,10.0,23.0,5.0,3.0,8.0,0.0,0.0,0.0
577b7e2ccf9200461a4c,2024-25,2024-09-15,C Kavanagh,Wolverhampton Wanderers,Newcastle United,17.0,6.0,23.0,3.0,3.0,6.0,0.0,0.0,0.0
314132237dce2cf3eb41,2024-25,2024-09-21,S Barrott,West Ham United,Chelsea,17.0,9.0,26.0,5.0,2.0,7.0,0.0,0.0,0.0
3f08e25117e4110c3ee8,2024-25,2024-09-21,T Robinson,Aston Villa,Wolverhampton Wanderers,11.0,16.0,27.0,3.0,6.0,9.0,0.0,0.0,0.0
b6976d9c682c70f34b25,2024-25,2024-09-21,P Bankes,Fulham,Newcastle United,16.0,8.0,24.0,6.0,0.0,6.0,0.0,0.0,0.0
e678f4f51a9330f7b8dd,2024-25,2024-09-21,D England,Leicester,Everton,11.0,12.0,23.0,1.0,2.0,3.0,0.0,0.0,0.0
d58fd70cb5b70dfb914a,2024-25,2024-09-21,T Harrington,Liverpool,Bournemouth,10.0,12.0,22.0,1.0,4.0,5.0,0.0,0.0,0.0
9042d79724ff5d2cf4fc,2024-25,2024-09-21,S Allison,Southampton,Ipswich,16.0,16.0,32.0,4.0,4.0,8.0,0.0,0.0,0.0
2afb4c078558ab18d5b3,2024-25,2024-09-21,J Brooks,Tottenham,Brentford,11.0,9.0,20.0,3.0,1.0,4.0,0.0,0.0,0.0
39c8cb44a9e6e25cf2e3,2024-25,2024-09-21,D Coote,Crystal Palace,Manchester United,7.0,12.0,19.0,3.0,1.0,4.0,0.0,0.0,0.0
53ca915ea4ceb339a7b8,2024-25,2024-09-22,R Jones,Brighton & Hove Albion,Nottingham Forest,12.0,11.0,23.0,3.0,4.0,7.0,0.0,1.0,1.0
da78061fe4581a01946e,2024-25,2024-09-22,M Oliver,Manchester City,Arsenal,7.0,10.0,17.0,3.0,4.0,7.0,0.0,1.0,1.0
2c2b592e65937d21f251,2024-25,2024-09-28,J Gillett,Newcastle United,Manchester City,14.0,10.0,24.0,4.0,4.0,8.0,0.0,0.0,0.0
507c9876097a41303059,2024-25,2024-09-28,S Barrott,Arsenal,Leicester,11.0,6.0,17.0,2.0,4.0,6.0,0.0,0.0,0.0
240337ade6aafa94ff78,2024-25,2024-09-28,S Hooper,Brentford,West Ham United,2.0,11.0,13.0,2.0,3.0,5.0,0.0,0.0,0.0
0930b2a5b3e644f1fded,2024-25,2024-09-28,P Bankes,Chelsea,Brighton & Hove Albion,11.0,8.0,19.0,3.0,2.0,5.0,0.0,0.0,0.0
32ed692662b304d2d15c,2024-25,2024-09-28,A Madley,Everton,Crystal Palace,13.0,11.0,24.0,2.0,1.0,3.0,0.0,0.0,0.0
dcba24777921de8e73db,2024-25,2024-09-28,J Smith,Nottingham Forest,Fulham,11.0,15.0,26.0,2.0,4.0,6.0,0.0,0.0,0.0
c3db4937d97f980dea85,2024-25,2024-09-28,A Taylor,Wolverhampton Wanderers,Liverpool,16.0,8.0,24.0,2.0,3.0,5.0,0.0,0.0,0.0
70b3fe0ea96b70f093d0,2024-25,2024-09-29,S Attwell,Ipswich,Aston Villa,10.0,14.0,24.0,4.0,1.0,5.0,0.0,0.0,0.0
e160766252655a401d4c,2024-25,2024-09-29,C Kavanagh,Manchester United,Tottenham,16.0,14.0,30.0,5.0,3.0,8.0,1.0,0.0,1.0
000fa9ff79966a897e61,2024-25,2024-09-30,M Oliver,Bournemouth,Southampton,19.0,12.0,31.0,2.0,5.0,7.0,0.0,0.0,0.0
eaddeeed6956df20abe8,2024-25,2024-10-05,S Hooper,Crystal Palace,Liverpool,7.0,15.0,22.0,4.0,2.0,6.0,0.0,0.0,0.0
0d4fd39c73eb475696b5,2024-25,2024-10-05,T Harrington,Arsenal,Southampton,10.0,9.0,19.0,0.0,3.0,3.0,0.0,0.0,0.0
f2d3c9be6508b1042ee8,2024-25,2024-10-05,A Madley,Brentford,Wolverhampton Wanderers,9.0,10.0,19.0,2.0,3.0,5.0,0.0,0.0,0.0
2ec4e90989d1507c44c1,2024-25,2024-10-05,D Bond,Leicester,Bournemouth,12.0,14.0,26.0,4.0,1.0,5.0,0.0,0.0,0.0
6cccf9717233a8f9fb4d,2024-25,2024-10-05,P Bankes,Manchester City,Fulham,4.0,10.0,14.0,2.0,1.0,3.0,0.0,0.0,0.0
6fa7d253353f88c11356,2024-25,2024-10-05,A Taylor,West Ham United,Ipswich,12.0,6.0,18.0,0.0,1.0,1.0,0.0,0.0,0.0
3aa00fed1a2391931a75,2024-25,2024-10-05,C Pawson,Everton,Newcastle United,12.0,8.0,20.0,1.0,2.0,3.0,0.0,0.0,0.0
6fd69feb5a7eebf6d1a4,2024-25,2024-10-06,R Jones,Aston Villa,Manchester United,12.0,11.0,23.0,1.0,5.0,6.0,0.0,0.0,0.0
3728c39b16301262f829,2024-25,2024-10-06,C Kavanagh,Chelsea,Nottingham Forest,12.0,11.0,23.0,6.0,2.0,8.0,0.0,1.0,1.0
94ffe859182cbc970be8,2024-25,2024-10-06,D Coote,Brighton & Hove Albion,Tottenham,14.0,10.0,24.0,2.0,2.0,4.0,0.0,0.0,0.0
5d81b501b8998265bae0,2024-25,2024-10-19,A Madley,Tottenham,West Ham United,10.0,15.0,25.0,1.0,3.0,4.0,0.0,1.0,1.0
776817b1d657b300815d,2024-25,2024-10-19,D England,Fulham,Aston Villa,8.0,11.0,19.0,3.0,3.0,6.0,1.0,1.0,2.0
6c549f7e36ced4973f03,2024-25,2024-10-19,M Oliver,Ipswich,Everton,12.0,10.0,22.0,1.0,1.0,2.0,0.0,0.0,0.0
ffbabf26ae3bf005f935,2024-25,2024-10-19,S Barrott,Manchester United,Brentford,14.0,5.0,19.0,2.0,2.0,4.0,0.0,0.0,0.0
2844d079e4b3d2004815,2024-25,2024-10-19,P Bankes,Newcastle United,Brighton & Hove Albion,11.0,9.0,20.0,2.0,2.0,4.0,0.0,0.0,0.0
c483806f776bb7b988b7,2024-25,2024-10-19,A Taylor,Southampton,Leicester,10.0,10.0,20.0,5.0,3.0,8.0,1.0,0.0,1.0
efab39dab365033ed3d6,2024-25,2024-10-19,R Jones,Bournemouth,Arsenal,12.0,11.0,23.0,1.0,1.0,2.0,0.0,1.0,1.0
8561ac5b59e0daf4b267,2024-25,2024-10-20,C Kavanagh,Wolverhampton Wanderers,Manchester City,8.0,5.0,13.0,4.0,1.0,5.0,0.0,0.0,0.0
54105bf610c97af95fa3,2024-25,2024-10-20,J Brooks,Liverpool,Chelsea,12.0,13.0,25.0,4.0,3.0,7.0,0.0,0.0,0.0
c349f872929b509adf99,2024-25,2024-10-21,T Robinson,Nottingham Forest,Crystal Palace,9.0,12.0,21.0,2.0,3.0,5.0,0.0,0.0,0.0
fe8d7fbc50e3d93452a6,2024-25,2024-10-25,C Pawson,Leicester,Nottingham Forest,16.0,9.0,25.0,5.0,2.0,7.0,0.0,0.0,0.0
8c6b8b092751d4f2b9e3,2024-25,2024-10-26,A Madley,Aston Villa,Bournemouth,12.0,14.0,26.0,7.0,6.0,13.0,0.0,0.0,0.0
46b413c39662e46a16c8,2024-25,2024-10-26,L Smith,Brentford,Ipswich,7.0,10.0,17.0,0.0,1.0,1.0,0.0,1.0,1.0
44d17d6a0d610b7b7d0c,2024-25,2024-10-26,M Oliver,Brighton & Hove Albion,Wolverhampton Wanderers,12.0,10.0,22.0,3.0,3.0,6.0,0.0,0.0,0.0
dd2d969ec5f39086b319,2024-25,2024-10-26,T Harrington,Manchester City,Southampton,9.0,9.0,18.0,1.0,3.0,4.0,0.0,0.0,0.0
0d608e355da043295302,2024-25,2024-10-26,J Brooks,Everton,Fulham,8.0,8.0,16.0,1.0,0.0,1.0,0.0,0.0,0.0
b13c5f95a3a9214f6323,2024-25,2024-10-27,S Hooper,Chelsea,Newcastle United,13.0,16.0,29.0,6.0,3.0,9.0,0.0,0.0,0.0
b5e2bb4af6a594e47587,2024-25,2024-10-27,D Bond,Crystal Palace,Tottenham,16.0,12.0,28.0,4.0,4.0,8.0,0.0,0.0,0.0
4bba1eecce8d84dce07e,2024-25,2024-10-27,D Coote,West Ham United,Manchester United,6.0,7.0,13.0,5.0,1.0,6.0,0.0,0.0,0.0
ee42e0f64fc747812698,2024-25,2024-10-27,A Taylor,Arsenal,Liverpool,14.0,14.0,28.0,2.0,2.0,4.0,0.0,0.0,0.0
4822bd8bcddd232db6df,2024-25,2024-11-02,J Brooks,Newcastle United,Arsenal,16.0,18.0,34.0,4.0,4.0,8.0,0.0,0.0,0.0
e21489c412ff2bcf2509,2024-25,2024-11-02,M Oliver,Bournemouth,Manchester City,11.0,6.0,17.0,2.0,1.0,3.0,0.0,0.0,0.0
ad898e079776977429c2,2024-25,2024-11-02,T Robinson,Ipswich,Leicester,11.0,10.0,21.0,4.0,2.0,6.0,1.0,0.0,1.0
6c9b438d36aec53dab7f,2024-25,2024-11-02,T Harrington,Liverpool,Brighton & Hove Albion,10.0,18.0,28.0,1.0,1.0,2.0,0.0,0.0,0.0
d07060ebb4dac369aafb,2024-25,2024-11-02,P Bankes,Nottingham Forest,West Ham United,7.0,9.0,16.0,1.0,2.0,3.0,0.0,1.0,1.0
e5f6047753ca22ec72a5,2024-25,2024-11-02,A Madley,Southampton,Everton,14.0,18.0,32.0,4.0,2.0,6.0,0.0,0.0,0.0
4363da999711871e284d,2024-25,2024-11-02,A Taylor,Wolverhampton Wanderers,Crystal Palace,7.0,9.0,16.0,1.0,2.0,3.0,0.0,0.0,0.0
818579f0abb2adc3ebde,2024-25,2024-11-03,C Pawson,Tottenham,Aston Villa,14.0,14.0,28.0,2.0,0.0,2.0,0.0,0.0,0.0
83814d1b1d971965ba09,2024-25,2024-11-03,R Jones,Manchester United,Chelsea,19.0,14.0,33.0,6.0,2.0,8.0,0.0,0.0,0.0
0f1ccf50e24fd8f674e6,2024-25,2024-11-04,S Attwell,Fulham,Brentford,3.0,10.0,13.0,2.0,1.0,3.0,0.0,0.0,0.0
821b2cebaa0649c130aa,2024-25,2024-11-09,D Bond,Brentford,Bournemouth,8.0,16.0,24.0,2.0,4.0,6.0,0.0,0.0,0.0
c87a66ba2b5e90fd3e27,2024-25,2024-11-09,M Salisbury,Crystal Palace,Fulham,10.0,11.0,21.0,1.0,1.0,2.0,1.0,0.0,1.0
4c13689c1a95f701a466,2024-25,2024-11-09,S Attwell,West Ham United,Everton,10.0,9.0,19.0,1.0,2.0,3.0,0.0,0.0,0.0
00ed886411c9ca029721,2024-25,2024-11-09,T Bramall,Wolverhampton Wanderers,Southampton,14.0,12.0,26.0,1.0,4.0,5.0,0.0,0.0,0.0
7928fcde7ef73f0528db,2024-25,2024-11-09,S Barrott,Brighton & Hove Albion,Manchester City,12.0,10.0,22.0,3.0,3.0,6.0,0.0,0.0,0.0
983866547736b29f5640,2024-25,2024-11-09,D Coote,Liverpool,Aston Villa,11.0,15.0,26.0,0.0,3.0,3.0,0.0,0.0,0.0
432559e11c3db283c575,2024-25,2024-11-10,P Bankes,Manchester United,Leicester,9.0,5.0,14.0,0.0,1.0,1.0,0.0,0.0,0.0
ce2648568d6f1ae7deb5,2024-25,2024-11-10,A Taylor,Nottingham Forest,Newcastle United,13.0,6.0,19.0,1.0,1.0,2.0,0.0,0.0,0.0
50d5031bcb9ee8dafc39,2024-25,2024-11-10,D England,Tottenham,Ipswich,10.0,19.0,29.0,1.0,5.0,6.0,0.0,0.0,0.0
8c08e64198431df192d8,2024-25,2024-11-10,M Oliver,Chelsea,Arsenal,12.0,12.0,24.0,4.0,2.0,6.0,0.0,0.0,0.0
6a2befe2412caa4d24ef,2024-25,2024-11-23,A Madley,Leicester,Chelsea,15.0,12.0,27.0,4.0,3.0,7.0,0.0,0.0,0.0
c824ac5097ea646b3d99,2024-25,2024-11-23,S Hooper,Arsenal,Nottingham Forest,10.0,1.0,11.0,3.0,2.0,5.0,0.0,0.0,0.0
22c6085b4aab0b4df038,2024-25,2024-11-23,T Robinson,Aston Villa,Crystal Palace,10.0,11.0,21.0,3.0,2.0,5.0,0.0,0.0,0.0
6b395985e966b6a966a1,2024-25,2024-11-23,S Attwell,Bournemouth,Brighton & Hove Albion,13.0,10.0,23.0,2.0,2.0,4.0,0.0,1.0,1.0
846fed34e17fe4c6c6f8,2024-25,2024-11-23,C Kavanagh,Everton,Brentford,8.0,10.0,18.0,0.0,0.0,0.0,0.0,1.0,1.0
ed318b510a290606badd,2024-25,2024-11-23,R Jones,Fulham,Wolverhampton Wanderers,14.0,14.0,28.0,3.0,0.0,3.0,0.0,0.0,0.0
a23bdaacb7ad24b73a91,2024-25,2024-11-23,J Brooks,Manchester City,Tottenham,19.0,9.0,28.0,4.0,2.0,6.0,0.0,0.0,0.0
87ab4d723868042edf5f,2024-25,2024-11-24,S Barrott,Southampton,Liverpool,11.0,9.0,20.0,3.0,4.0,7.0,0.0,0.0,0.0
843e34d2f9be09f8e388,2024-25,2024-11-24,A Taylor,Ipswich,Manchester United,11.0,10.0,21.0,0.0,0.0,0.0,0.0,0.0,0.0
77be518dd54927edfbca,2024-25,2024-11-25,C Pawson,Newcastle United,West Ham United,11.0,8.0,19.0,1.0,0.0,1.0,0.0,0.0,0.0
1c8aeca1de557db1b45f,2024-25,2024-11-29,R Jones,Brighton & Hove Albion,Southampton,20.0,16.0,36.0,2.0,4.0,6.0,0.0,0.0,0.0
54e0029948dc74548e5e,2024-25,2024-11-30,M Oliver,Brentford,Leicester,9.0,10.0,19.0,1.0,1.0,2.0,0.0,0.0,0.0
4b31cb45c198a8c3e3ca,2024-25,2024-11-30,D England,Crystal Palace,Newcastle United,12.0,11.0,23.0,3.0,3.0,6.0,0.0,0.0,0.0
17d0fdae7aa41fdd8ab2,2024-25,2024-11-30,T Harrington,Nottingham Forest,Ipswich,5.0,16.0,21.0,1.0,3.0,4.0,0.0,0.0,0.0
1cd23a488b30c75fd8ef,2024-25,2024-11-30,P Bankes,Wolverhampton Wanderers,Bournemouth,13.0,11.0,24.0,4.0,1.0,5.0,0.0,0.0,0.0
5cca42a9cda60cdf4eec,2024-25,2024-11-30,A Taylor,West Ham United,Arsenal,10.0,13.0,23.0,4.0,1.0,5.0,0.0,0.0,0.0
6ca7af4907a2a6df0847,2024-25,2024-12-01,S Attwell,Chelsea,Aston Villa,21.0,6.0,27.0,2.0,2.0,4.0,0.0,0.0,0.0
a9fedd6aef3d2f858598,2024-25,2024-12-01,J Brooks,Manchester United,Everton,12.0,12.0,24.0,2.0,3.0,5.0,0.0,0.0,0.0
7e20b3faa75a46542b03,2024-25,2024-12-01,D Bond,Tottenham,Fulham,4.0,14.0,18.0,0.0,1.0,1.0,0.0,1.0,1.0
cbe189431fe4c44b1d94,2024-25,2024-12-01,C Kavanagh,Liverpool,Manchester City,9.0,8.0,17.0,1.0,3.0,4.0,0.0,0.0,0.0
e1f49634814e9ecaa2d7,2024-25,2024-12-03,C Pawson,Ipswich,Crystal Palace,14.0,13.0,27.0,2.0,4.0,6.0,0.0,0.0,0.0
92a53a85683e5e19d646,2024-25,2024-12-03,J Smith,Leicester,West Ham United,9.0,7.0,16.0,2.0,2.0,4.0,0.0,0.0,0.0
1c316889f59ebfe38e73,2024-25,2024-12-04,M Salisbury,Everton,Wolverhampton Wanderers,10.0,8.0,18.0,2.0,0.0,2.0,0.0,0.0,0.0
4844d38e8d9c861d892e,2024-25,2024-12-04,M Oliver,Manchester City,Nottingham Forest,7.0,15.0,22.0,2.0,4.0,6.0,0.0,0.0,0.0
b4afdd646217152ce3f9,2024-25,2024-12-04,A Madley,Newcastle United,Liverpool,9.0,17.0,26.0,2.0,5.0,7.0,0.0,0.0,0.0
08c66ef3807c02ece8f4,2024-25,2024-12-04,T Harrington,Southampton,Chelsea,7.0,14.0,21.0,1.0,0.0,1.0,1.0,0.0,1.0
366feb81e9190b85b676,2024-25,2024-12-04,S Barrott,Arsenal,Manchester United,12.0,8.0,20.0,1.0,3.0,4.0,0.0,0.0,0.0
bd0b7cac2db0991fc945,2024-25,2024-12-04,L Smith,Aston Villa,Brentford,11.0,15.0,26.0,2.0,2.0,4.0,0.0,0.0,0.0
90dd584fcfd1a8959a7d,2024-25,2024-12-05,P Bankes,Fulham,Brighton & Hove Albion,7.0,8.0,15.0,2.0,2.0,4.0,0.0,0.0,0.0
30ac66a4a327c0ea7fe9,2024-25,2024-12-05,S Hooper,Bournemouth,Tottenham,15.0,8.0,23.0,2.0,2.0,4.0,0.0,0.0,0.0
b8f89ff90f9d1ab9dda2,2024-25,2024-12-07,D Bond,Aston Villa,Southampton,18.0,15.0,33.0,1.0,3.0,4.0,0.0,0.0,0.0
456f310919e84106ec74,2024-25,2024-12-07,T Robinson,Brentford,Newcastle United,10.0,7.0,17.0,3.0,0.0,3.0,0.0,0.0,0.0
a91700170dd3ba5b62fb,2024-25,2024-12-07,R Jones,Crystal Palace,Manchester City,4.0,10.0,14.0,1.0,0.0,1.0,0.0,1.0,1.0
a30a23d6aeb7843c42b7,2024-25,2024-12-07,D England,Manchester United,Nottingham Forest,10.0,13.0,23.0,0.0,2.0,2.0,0.0,0.0,0.0
9d91f62042abc735116d,2024-25,2024-12-08,C Kavanagh,Fulham,Arsenal,10.0,9.0,19.0,4.0,2.0,6.0,0.0,0.0,0.0
bafffc82f2f6135c496d,2024-25,2024-12-08,M Salisbury,Ipswich,Bournemouth,9.0,13.0,22.0,2.0,1.0,3.0,0.0,0.0,0.0
87981082b55cf72e22ad,2024-25,2024-12-08,S Attwell,Leicester,Brighton & Hove Albion,9.0,10.0,19.0,1.0,2.0,3.0,0.0,0.0,0.0
814693be5623758dfd58,2024-25,2024-12-08,A Taylor,Tottenham,Chelsea,17.0,11.0,28.0,2.0,2.0,4.0,0.0,0.0,0.0
6642415f99250e0062f4,2024-25,2024-12-09,J Brooks,West Ham United,Wolverhampton Wanderers,12.0,17.0,29.0,5.0,4.0,9.0,0.0,0.0,0.0
103b02a9b8638534cb92,2024-25,2024-12-14,C Pawson,Arsenal,Everton,6.0,9.0,15.0,0.0,3.0,3.0,0.0,0.0,0.0
3daa19b1d87c79ce9324,2024-25,2024-12-14,T Harrington,Liverpool,Fulham,10.0,7.0,17.0,3.0,4.0,7.0,1.0,0.0,1.0
656f62d8937a32eba80d,2024-25,2024-12-14,T Bramall,Newcastle United,Leicester,7.0,16.0,23.0,3.0,3.0,6.0,0.0,0.0,0.0
ec4e8beec900d40a9244,2024-25,2024-12-14,S Hooper,Wolverhampton Wanderers,Ipswich,13.0,9.0,22.0,0.0,2.0,2.0,1.0,0.0,1.0
8eaaa2a999b72369b12c,2024-25,2024-12-14,S Barrott,Nottingham Forest,Aston Villa,12.0,6.0,18.0,0.0,1.0,1.0,0.0,0.0,0.0
1067d5c43b28958e959a,2024-25,2024-12-15,M Oliver,Brighton & Hove Albion,Crystal Palace,11.0,15.0,26.0,1.0,4.0,5.0,0.0,0.0,0.0
6caa5d49bba70d33ea9d,2024-25,2024-12-15,A Taylor,Manchester City,Manchester United,5.0,14.0,19.0,1.0,1.0,2.0,0.0,0.0,0.0
32e0d8659c3b71f3152f,2024-25,2024-12-15,P Bankes,Chelsea,Brentford,11.0,7.0,18.0,0.0,2.0,2.0,1.0,0.0,1.0
4a8993c3b418348ae621,2024-25,2024-12-15,D England,Southampton,Tottenham,8.0,15.0,23.0,1.0,3.0,4.0,0.0,0.0,0.0
8cb59017cb316d07c47a,2024-25,2024-12-16,C Kavanagh,Bournemouth,West Ham United,6.0,11.0,17.0,0.0,2.0,2.0,0.0,0.0,0.0
d066471020c8d296310d,2024-25,2024-12-21,P Bankes,Aston Villa,Manchester City,14.0,7.0,21.0,3.0,3.0,6.0,0.0,0.0,0.0
f4e38bf9778e1062dc50,2024-25,2024-12-21,M Oliver,Brentford,Nottingham Forest,9.0,14.0,23.0,3.0,4.0,7.0,0.0,0.0,0.0
d29cc403b23fdbf2ab54,2024-25,2024-12-21,S Attwell,Ipswich,Newcastle United,9.0,7.0,16.0,2.0,0.0,2.0,0.0,0.0,0.0
64fb4ce228b8dffea3dd,2024-25,2024-12-21,R Jones,West Ham United,Brighton & Hove Albion,14.0,20.0,34.0,2.0,2.0,4.0,0.0,0.0,0.0
46db46fa1ec5b14ffb55,2024-25,2024-12-21,S Hooper,Crystal Palace,Arsenal,9.0,8.0,17.0,2.0,2.0,4.0,0.0,0.0,0.0
7658939b831e6113bab0,2024-25,2024-12-22,C Kavanagh,Everton,Chelsea,20.0,12.0,32.0,4.0,1.0,5.0,0.0,0.0,0.0
eb3b67b5666f5f159cf8,2024-25,2024-12-22,T Robinson,Fulham,Southampton,8.0,15.0,23.0,1.0,3.0,4.0,0.0,0.0,0.0
6b9c9f8fb9c6d86d30f9,2024-25,2024-12-22,A Taylor,Leicester,Wolverhampton Wanderers,15.0,16.0,31.0,2.0,0.0,2.0,0.0,0.0,0.0
d22e35bb6126a5a82e19,2024-25,2024-12-22,C Pawson,Manchester United,Bournemouth,11.0,11.0,22.0,1.0,3.0,4.0,0.0,0.0,0.0
ac2d3a7c41ff9a37d02b,2024-25,2024-12-22,S Barrott,Tottenham,Liverpool,7.0,9.0,16.0,1.0,2.0,3.0,0.0,0.0,0.0
cb99d680c73b30395d8e,2024-25,2024-12-26,S Hooper,Manchester City,Everton,5.0,10.0,15.0,1.0,4.0,5.0,0.0,0.0,0.0
ec68da85306f60919e74,2024-25,2024-12-26,T Bramall,Bournemouth,Crystal Palace,13.0,12.0,25.0,2.0,2.0,4.0,0.0,0.0,0.0
747423896338f54d44f9,2024-25,2024-12-26,S Barrott,Chelsea,Fulham,13.0,13.0,26.0,1.0,3.0,4.0,0.0,0.0,0.0
974646ea68579c5d9e19,2024-25,2024-12-26,A Taylor,Newcastle United,Aston Villa,15.0,10.0,25.0,2.0,1.0,3.0,0.0,1.0,1.0
ac44f46bb23bb3ec6a6c,2024-25,2024-12-26,C Pawson,Nottingham Forest,Tottenham,12.0,13.0,25.0,3.0,2.0,5.0,0.0,1.0,1.0
047554d353cbf958c798,2024-25,2024-12-26,L Smith,Southampton,West Ham United,15.0,8.0,23.0,1.0,2.0,3.0,0.0,0.0,0.0
ffe8b88d4326726b33ff,2024-25,2024-12-26,T Harrington,Wolverhampton Wanderers,Manchester United,12.0,12.0,24.0,2.0,2.0,4.0,0.0,1.0,1.0
79fa3edb59914d958b1e,2024-25,2024-12-26,D Bond,Liverpool,Leicester,17.0,5.0,22.0,3.0,2.0,5.0,0.0,0.0,0.0
561a54ebf34dc9b1d56f,2024-25,2024-12-27,A Madley,Brighton & Hove Albion,Brentford,6.0,12.0,18.0,0.0,2.0,2.0,0.0,0.0,0.0
d258fb22c900c39e641f,2024-25,2024-12-27,D England,Arsenal,Ipswich,7.0,12.0,19.0,1.0,1.0,2.0,0.0,0.0,0.0
bb6be406e35f3deb4033,2024-25,2024-12-29,M Oliver,Leicester,Manchester City,11.0,6.0,17.0,2.0,1.0,3.0,0.0,0.0,0.0
9b25210013baf99ab905,2024-25,2024-12-29,M Salisbury,Crystal Palace,Southampton,18.0,19.0,37.0,2.0,3.0,5.0,0.0,0.0,0.0
a6cccdbafa154d272832,2024-25,2024-12-29,T Harrington,Everton,Nottingham Forest,13.0,10.0,23.0,4.0,1.0,5.0,0.0,0.0,0.0
2bd4fd4afccc7249b967,2024-25,2024-12-29,R Jones,Fulham,Bournemouth,7.0,16.0,23.0,1.0,3.0,4.0,0.0,0.0,0.0
38d243a580bec22fdffe,2024-25,2024-12-29,C Kavanagh,Tottenham,Wolverhampton Wanderers,9.0,10.0,19.0,1.0,2.0,3.0,0.0,0.0,0.0
987775d8bf817c73f3f4,2024-25,2024-12-29,A Taylor,West Ham United,Liverpool,7.0,10.0,17.0,0.0,0.0,0.0,0.0,0.0,0.0
7804ce50ce2f5b4d2955,2024-25,2024-12-30,C Pawson,Aston Villa,Brighton & Hove Albion,9.0,14.0,23.0,2.0,3.0,5.0,0.0,0.0,0.0
1c89d5192471b7d62b57,2024-25,2024-12-30,J Brooks,Ipswich,Chelsea,9.0,5.0,14.0,4.0,4.0,8.0,0.0,0.0,0.0
4f9cba2c155fff6dd789,2024-25,2024-12-30,S Hooper,Manchester United,Newcastle United,13.0,8.0,21.0,1.0,1.0,2.0,0.0,0.0,0.0
289c271282f4768a0d4a,2024-25,2025-01-01,P Bankes,Brentford,Arsenal,6.0,8.0,14.0,1.0,2.0,3.0,0.0,0.0,0.0
326d7127bba4a503ba15,2024-25,2025-01-04,A Madley,Tottenham,Newcastle United,11.0,15.0,26.0,1.0,4.0,5.0,0.0,0.0,0.0
cdb45ddd3e45b5e2c64a,2024-25,2025-01-04,J Gillett,Aston Villa,Leicester,10.0,11.0,21.0,0.0,1.0,1.0,0.0,0.0,0.0
25b253d7cadc9a3d290d,2024-25,2025-01-04,J Brooks,Bournemouth,Everton,15.0,14.0,29.0,2.0,2.0,4.0,0.0,0.0,0.0
567deab140456f00f599,2024-25,2025-01-04,T Robinson,Crystal Palace,Chelsea,9.0,12.0,21.0,0.0,2.0,2.0,0.0,0.0,0.0
13afa4ae3e5c1ed73219,2024-25,2025-01-04,M Salisbury,Manchester City,West Ham United,8.0,13.0,21.0,2.0,1.0,3.0,0.0,0.0,0.0
470dc58ac40c4251c387,2024-25,2025-01-04,S Attwell,Southampton,Brentford,10.0,4.0,14.0,2.0,0.0,2.0,0.0,0.0,0.0
4414464725687b6cc06f,2024-25,2025-01-04,A Taylor,Brighton & Hove Albion,Arsenal,17.0,14.0,31.0,2.0,3.0,5.0,0.0,0.0,0.0
97a0ba6380d5af3546fa,2024-25,2025-01-05,D Bond,Fulham,Ipswich,10.0,14.0,24.0,1.0,5.0,6.0,0.0,0.0,0.0
05f21f39fc820865a17e,2024-25,2025-01-05,M Oliver,Liverpool,Manchester United,10.0,13.0,23.0,2.0,4.0,6.0,0.0,0.0,0.0
1a440980fd4ee8a12482,2024-25,2025-01-06,P Bankes,Wolverhampton Wanderers,Nottingham Forest,10.0,8.0,18.0,1.0,2.0,3.0,0.0,0.0,0.0
8bedeefaf5d6e80db912,2024-25,2025-01-14,A Taylor,Brentford,Manchester City,4.0,4.0,8.0,0.0,0.0,0.0,0.0,0.0,0.0
ad469a9572c4ff928c85,2024-25,2025-01-14,R Jones,Chelsea,Bournemouth,15.0,16.0,31.0,2.0,3.0,5.0,0.0,0.0,0.0
8a46fa971fdb9bd863c5,2024-25,2025-01-14,C Pawson,West Ham United,Fulham,9.0,18.0,27.0,3.0,3.0,6.0,0.0,0.0,0.0
ac23fb6fab3738a6a446,2024-25,2025-01-14,C Kavanagh,Nottingham Forest,Liverpool,7.0,10.0,17.0,2.0,1.0,3.0,0.0,0.0,0.0
391f532159e7d96c59b6,2024-25,2025-01-15,S Barrott,Everton,Aston Villa,17.0,10.0,27.0,2.0,1.0,3.0,0.0,0.0,0.0
1cc1e9abf996038d55ec,2024-25,2025-01-15,A Madley,Leicester,Crystal Palace,7.0,6.0,13.0,0.0,0.0,0.0,0.0,0.0,0.0
df29d758c0d3bfce6ecf,2024-25,2025-01-15,D England,Newcastle United,Wolverhampton Wanderers,10.0,13.0,23.0,0.0,2.0,2.0,0.0,0.0,0.0
9e91c587ed6d1aad2a75,2024-25,2025-01-15,S Hooper,Arsenal,Tottenham,16.0,9.0,25.0,3.0,1.0,4.0,0.0,0.0,0.0
d57b0a99b201677ef382,2024-25,2025-01-16,T Harrington,Ipswich,Brighton & Hove Albion,13.0,14.0,27.0,2.0,2.0,4.0,0.0,0.0,0.0
79ac2ac5d37cf9701560,2024-25,2025-01-16,J Brooks,Manchester United,Southampton,7.0,10.0,17.0,1.0,3.0,4.0,0.0,0.0,0.0
7ac62d6421a0ed0d2cfa,2024-25,2025-01-18,S Attwell,Newcastle United,Bournemouth,7.0,18.0,25.0,1.0,6.0,7.0,0.0,0.0,0.0
fe8053def36f8ad887c6,2024-25,2025-01-18,A Madley,Brentford,Liverpool,6.0,14.0,20.0,2.0,3.0,5.0,0.0,0.0,0.0
9fc36f57de1554ef79f6,2024-25,2025-01-18,M Salisbury,Leicester,Fulham,8.0,8.0,16.0,3.0,1.0,4.0,0.0,0.0,0.0
4e4c52c96bffa54bd2bb,2024-25,2025-01-18,T Bramall,West Ham United,Crystal Palace,13.0,10.0,23.0,1.0,0.0,1.0,1.0,0.0,1.0
9a5089f65023df089e57,2024-25,2025-01-18,C Kavanagh,Arsenal,Aston Villa,10.0,18.0,28.0,2.0,3.0,5.0,0.0,0.0,0.0
6bf45df904910eda79c9,2024-25,2025-01-19,D England,Everton,Tottenham,14.0,14.0,28.0,2.0,1.0,3.0,0.0,0.0,0.0
745f0018a6cb843f9bfa,2024-25,2025-01-19,P Bankes,Manchester United,Brighton & Hove Albion,13.0,12.0,25.0,3.0,3.0,6.0,0.0,0.0,0.0
9b210d64c16b201fff5b,2024-25,2025-01-19,A Taylor,Nottingham Forest,Southampton,4.0,18.0,22.0,0.0,4.0,4.0,0.0,0.0,0.0
6797376b42db691daf9a,2024-25,2025-01-19,S Barrott,Ipswich,Manchester City,4.0,7.0,11.0,0.0,1.0,1.0,0.0,0.0,0.0
0f6411017486dc05c6b9,2024-25,2025-01-20,S Hooper,Chelsea,Wolverhampton Wanderers,8.0,14.0,22.0,4.0,2.0,6.0,0.0,0.0,0.0
ac21cd8acdadf7b65840,2024-25,2025-01-25,C Pawson,Bournemouth,Nottingham Forest,9.0,12.0,21.0,2.0,3.0,5.0,0.0,0.0,0.0
5f6ceddf5cf98bee6df1,2024-25,2025-01-25,T Robinson,Brighton & Hove Albion,Everton,8.0,11.0,19.0,3.0,4.0,7.0,0.0,0.0,0.0
712cc8fbb56f1eda64d4,2024-25,2025-01-25,M Salisbury,Liverpool,Ipswich,10.0,11.0,21.0,0.0,2.0,2.0,0.0,0.0,0.0
f54973d2c7a88d7c5421,2024-25,2025-01-25,S Barrott,Southampton,Newcastle United,10.0,5.0,15.0,1.0,0.0,1.0,0.0,0.0,0.0
f3423752d4535b86831f,2024-25,2025-01-25,M Oliver,Wolverhampton Wanderers,Arsenal,20.0,10.0,30.0,0.0,1.0,1.0,1.0,1.0,2.0
d78d30f9021e9b579c0b,2024-25,2025-01-25,J Brooks,Manchester City,Chelsea,6.0,8.0,14.0,3.0,2.0,5.0,0.0,0.0,0.0
5de9f5fc43e6f08d2762,2024-25,2025-01-26,T Harrington,Crystal Palace,Brentford,8.0,11.0,19.0,2.0,2.0,4.0,0.0,0.0,0.0
b733bdb688e7157b9173,2024-25,2025-01-26,R Jones,Tottenham,Leicester,6.0,16.0,22.0,1.0,5.0,6.0,0.0,0.0,0.0
0b042698543fba3baa8b,2024-25,2025-01-26,P Bankes,Aston Villa,West Ham United,13.0,16.0,29.0,2.0,3.0,5.0,0.0,0.0,0.0
433cab5f11ea07db13fd,2024-25,2025-01-26,A Taylor,Fulham,Manchester United,7.0,9.0,16.0,0.0,1.0,1.0,0.0,0.0,0.0
8570e5efd70c9cdedef0,2024-25,2025-02-01,S Hooper,Nottingham Forest,Brighton & Hove Albion,8.0,13.0,21.0,1.0,3.0,4.0,0.0,0.0,0.0
f9f4efaec7ae2579aa3e,2024-25,2025-02-01,D England,Bournemouth,Liverpool,15.0,9.0,24.0,2.0,3.0,5.0,0.0,0.0,0.0
659e2d3499aea87a19ff,2024-25,2025-02-01,D Bond,Everton,Leicester,7.0,13.0,20.0,0.0,0.0,0.0,0.0,0.0,0.0
8f364d05ab0294b3e07e,2024-25,2025-02-01,M Oliver,Ipswich,Southampton,11.0,14.0,25.0,0.0,3.0,3.0,0.0,0.0,0.0
0f1fb6bfb45397446372,2024-25,2025-02-01,C Kavanagh,Newcastle United,Fulham,10.0,15.0,25.0,4.0,4.0,8.0,0.0,0.0,0.0
2b95e6a01c5e16434d13,2024-25,2025-02-01,A Madley,Wolverhampton Wanderers,Aston Villa,20.0,13.0,33.0,2.0,3.0,5.0,0.0,0.0,0.0
870d020839899d8405da,2024-25,2025-02-02,J Gillett,Brentford,Tottenham,4.0,11.0,15.0,0.0,1.0,1.0,0.0,0.0,0.0
4abb421b026e2452bf40,2024-25,2025-02-02,J Brooks,Manchester United,Crystal Palace,12.0,13.0,25.0,3.0,1.0,4.0,0.0,0.0,0.0
f2d47a587223227036ef,2024-25,2025-02-02,P Bankes,Arsenal,Manchester City,6.0,7.0,13.0,2.0,0.0,2.0,0.0,0.0,0.0
3af7a65e3052f96981a8,2024-25,2025-02-03,S Attwell,Chelsea,West Ham United,11.0,10.0,21.0,3.0,1.0,4.0,0.0,0.0,0.0
b98ade36f0a67d9d3e81,2024-25,2025-02-12,M Oliver,Everton,Liverpool,9.0,20.0,29.0,2.0,2.0,4.0,1.0,1.0,2.0
39bf6cc1e9fb89758456,2024-25,2025-02-14,K Kavanagh,Brighton & Hove Albion,Chelsea,12.0,15.0,27.0,1.0,2.0,3.0,0.0,0.0,0.0
f39ed7f396b6ea51f6e7,2024-25,2025-02-15,S Barrott,Leicester,Arsenal,9.0,10.0,19.0,2.0,1.0,3.0,0.0,0.0,0.0
40272d27158319ed1392,2024-25,2025-02-15,R Jones,Aston Villa,Ipswich,7.0,11.0,18.0,0.0,3.0,3.0,0.0,1.0,1.0
3e07cfe8dd75d7c0b36f,2024-25,2025-02-15,T Bramall,Fulham,Nottingham Forest,13.0,8.0,21.0,0.0,0.0,0.0,0.0,0.0,0.0
cf1decfb6f8cd529b5c4,2024-25,2025-02-15,A Madley,Manchester City,Newcastle United,5.0,13.0,18.0,0.0,1.0,1.0,0.0,0.0,0.0
973cb778bcea1ebf316a,2024-25,2025-02-15,J Gillett,Southampton,Bournemouth,13.0,15.0,28.0,1.0,3.0,4.0,0.0,0.0,0.0
5456c40fe06bc5e7dacc,2024-25,2025-02-15,D England,West Ham United,Brentford,10.0,13.0,23.0,1.0,1.0,2.0,0.0,0.0,0.0
8d4b1b3352f3a7cc1909,2024-25,2025-02-15,A Taylor,Crystal Palace,Everton,9.0,12.0,21.0,0.0,1.0,1.0,0.0,0.0,0.0
6af160b29e08cf1cdd03,2024-25,2025-02-16,S Hooper,Liverpool,Wolverhampton Wanderers,15.0,13.0,28.0,2.0,2.0,4.0,0.0,0.0,0.0
fe677c72d2b0c0548c55,2024-25,2025-02-16,P Bankes,Tottenham,Manchester United,13.0,9.0,22.0,1.0,2.0,3.0,0.0,0.0,0.0
cb04b6f36a90f2def0cb,2024-25,2025-02-19,C Pawson,Aston Villa,Liverpool,8.0,6.0,14.0,1.0,0.0,1.0,0.0,0.0,0.0
12b297cb3f99dfcdcf21,2024-25,2025-02-21,T Harrington,Leicester,Brentford,10.0,10.0,20.0,4.0,0.0,4.0,0.0,0.0,0.0
6f13a59b49ded5abc9ab,2024-25,2025-02-22,A Madley,Everton,Manchester United,12.0,9.0,21.0,4.0,1.0,5.0,0.0,0.0,0.0
36399cc53d11c10cfce5,2024-25,2025-02-22,C Pawson,Arsenal,West Ham United,16.0,15.0,31.0,1.0,3.0,4.0,1.0,0.0,1.0
c0637de2814ecd1310ed,2024-25,2025-02-22,M Salisbury,Bournemouth,Wolverhampton Wanderers,17.0,9.0,26.0,3.0,3.0,6.0,1.0,0.0,1.0
2550264aa916f39e18f2,2024-25,2025-02-22,R Jones,Fulham,Crystal Palace,10.0,7.0,17.0,1.0,3.0,4.0,0.0,0.0,0.0
c0c589a2b7e8c2d5f8e5,2024-25,2025-02-22,T Robinson,Ipswich,Tottenham,15.0,14.0,29.0,2.0,1.0,3.0,0.0,0.0,0.0
0a96d26895206cc0fef3,2024-25,2025-02-22,D Bond,Southampton,Brighton & Hove Albion,11.0,12.0,23.0,2.0,0.0,2.0,0.0,0.0,0.0
e990e67be559bcd67895,2024-25,2025-02-22,M Oliver,Aston Villa,Chelsea,15.0,16.0,31.0,1.0,3.0,4.0,0.0,0.0,0.0
1e29ec3c7f3b3936f340,2024-25,2025-02-23,J Gillett,Newcastle United,Nottingham Forest,11.0,13.0,24.0,1.0,4.0,5.0,0.0,0.0,0.0
893783e9e9efa35687da,2024-25,2025-02-23,A Taylor,Manchester City,Liverpool,3.0,10.0,13.0,0.0,0.0,0.0,0.0,0.0,0.0
59d8d8808e7a60471585,2024-25,2025-02-25,M Oliver,Brighton & Hove Albion,Bournemouth,12.0,14.0,26.0,2.0,1.0,3.0,0.0,0.0,0.0
850564044cb5dc7c7f4f,2024-25,2025-02-25,S Barrott,Crystal Palace,Aston Villa,19.0,10.0,29.0,3.0,1.0,4.0,0.0,0.0,0.0
5b21a1984351fe314b22,2024-25,2025-02-25,P Bankes,Wolverhampton Wanderers,Fulham,8.0,15.0,23.0,1.0,3.0,4.0,0.0,0.0,0.0
d1e0245b680bd04e9d89,2024-25,2025-02-25,T Bramall,Chelsea,Southampton,6.0,9.0,15.0,1.0,2.0,3.0,0.0,0.0,0.0
0065d8e025db6a515e61,2024-25,2025-02-26,S Hooper,Brentford,Everton,3.0,6.0,9.0,2.0,1.0,3.0,0.0,0.0,0.0
4ca3a316433a04fd023e,2024-25,2025-02-26,D England,Manchester United,Ipswich,9.0,16.0,25.0,4.0,4.0,8.0,1.0,0.0,1.0
9e05757f039c2e578fd5,2024-25,2025-02-26,A Madley,Nottingham Forest,Arsenal,10.0,17.0,27.0,1.0,1.0,2.0,0.0,0.0,0.0
83d08e092a4018ea519c,2024-25,2025-02-26,J Gillett,Tottenham,Manchester City,12.0,15.0,27.0,3.0,0.0,3.0,0.0,0.0,0.0
15adbd147343bf0f6cb1,2024-25,2025-02-26,C Kavanagh,Liverpool,Newcastle United,12.0,11.0,23.0,0.0,1.0,1.0,0.0,0.0,0.0
5b11f7dcd320378d7a31,2024-25,2025-02-27,S Attwell,West Ham United,Leicester,12.0,6.0,18.0,0.0,0.0,0.0,0.0,0.0,0.0
f972e096278b5ade1aba,2024-25,2025-03-08,C Kavanagh,Nottingham Forest,Manchester City,9.0,7.0,16.0,3.0,2.0,5.0,0.0,0.0,0.0
96b5795a0186264f1aef,2024-25,2025-03-08,S Barrott,Brighton & Hove Albion,Fulham,6.0,12.0,18.0,0.0,2.0,2.0,0.0,0.0,0.0
3c512ba90ad1af15ca54,2024-25,2025-03-08,S Hooper,Crystal Palace,Ipswich,8.0,7.0,15.0,4.0,3.0,7.0,0.0,0.0,0.0
814f86354ef1bc566aec,2024-25,2025-03-08,L Smith,Liverpool,Southampton,10.0,9.0,19.0,2.0,1.0,3.0,0.0,0.0,0.0
811f37e87bb3ff9c6e5d,2024-25,2025-03-08,J Gillett,Brentford,Aston Villa,10.0,5.0,15.0,2.0,2.0,4.0,0.0,0.0,0.0
492b55e6328d0ef90a29,2024-25,2025-03-08,S Attwell,Wolverhampton Wanderers,Everton,11.0,16.0,27.0,2.0,2.0,4.0,0.0,0.0,0.0
55b7db40f30ef7a37200,2024-25,2025-03-09,T Robinson,Chelsea,Leicester,12.0,13.0,25.0,1.0,0.0,1.0,0.0,0.0,0.0
0f40addffe30839d2464,2024-25,2025-03-09,J Brooks,Tottenham,Bournemouth,15.0,16.0,31.0,3.0,3.0,6.0,0.0,0.0,0.0
516c0de6028a40405999,2024-25,2025-03-09,A Taylor,Manchester United,Arsenal,8.0,11.0,19.0,0.0,1.0,1.0,0.0,0.0,0.0
0d70e4615c4ef30f4023,2024-25,2025-03-10,M Salisbury,West Ham United,Newcastle United,7.0,15.0,22.0,0.0,1.0,1.0,0.0,0.0,0.0
8ccad75a6effb3bfe628,2024-25,2025-03-15,D Bond,Everton,West Ham United,12.0,8.0,20.0,1.0,2.0,3.0,0.0,0.0,0.0
eaf24b45194c0e2d0c55,2024-25,2025-03-15,M Salisbury,Ipswich,Nottingham Forest,4.0,13.0,17.0,1.0,1.0,2.0,0.0,0.0,0.0
e0a957f97d244a2af43d,2024-25,2025-03-15,S Hooper,Manchester City,Brighton & Hove Albion,10.0,10.0,20.0,2.0,5.0,7.0,0.0,0.0,0.0
3a5afb1d2351758d38b2,2024-25,2025-03-15,R Jones,Southampton,Wolverhampton Wanderers,12.0,13.0,25.0,0.0,0.0,0.0,0.0,0.0,0.0
fa0ad98f46a8222fbc63,2024-25,2025-03-15,C Pawson,Bournemouth,Brentford,13.0,7.0,20.0,3.0,0.0,3.0,0.0,0.0,0.0
40adf861f2ca0eebfcbc,2024-25,2025-03-16,C Kavanagh,Arsenal,Chelsea,10.0,13.0,23.0,3.0,3.0,6.0,0.0,0.0,0.0
e2f534196f4b8c7cce74,2024-25,2025-03-16,A Madley,Fulham,Tottenham,13.0,10.0,23.0,0.0,0.0,0.0,0.0,0.0,0.0
7f6c9d63bdd0715476c7,2024-25,2025-03-16,T Bramall,Leicester,Manchester United,6.0,6.0,12.0,2.0,0.0,2.0,0.0,0.0,0.0
1c051feb086d745cac26,2024-25,2025-04-01,J Brooks,Arsenal,Fulham,2.0,10.0,12.0,1.0,2.0,3.0,0.0,0.0,0.0
c5aeb8d3348985d00464,2024-25,2025-04-01,T Harrington,Wolverhampton Wanderers,West Ham United,16.0,12.0,28.0,4.0,2.0,6.0,0.0,0.0,0.0
71ee351f86c6fe662433,2024-25,2025-04-01,J Gillett,Nottingham Forest,Manchester United,5.0,12.0,17.0,1.0,3.0,4.0,0.0,0.0,0.0
465230139add89da44d0,2024-25,2025-04-02,R Jones,Bournemouth,Ipswich,14.0,15.0,29.0,1.0,2.0,3.0,0.0,0.0,0.0
7c2787f256bcf380dc04,2024-25,2025-04-02,S Attwell,Brighton & Hove Albion,Aston Villa,16.0,11.0,27.0,1.0,3.0,4.0,0.0,0.0,0.0
4a3a1d69299d67d57607,2024-25,2025-04-02,D England,Manchester City,Leicester,11.0,8.0,19.0,1.0,4.0,5.0,0.0,0.0,0.0
e955f346ef7c05c3beff,2024-25,2025-04-02,P Bankes,Newcastle United,Brentford,12.0,12.0,24.0,1.0,1.0,2.0,0.0,0.0,0.0
1b24b4a4a9a35a37df6d,2024-25,2025-04-02,A Madley,Southampton,Crystal Palace,14.0,9.0,23.0,2.0,1.0,3.0,0.0,0.0,0.0
a69d9cc1d234dbeb0a8e,2024-25,2025-04-02,S Barrott,Liverpool,Everton,7.0,11.0,18.0,2.0,2.0,4.0,0.0,0.0,0.0
c24ee2c5b7c108d178ff,2024-25,2025-04-03,C Pawson,Chelsea,Tottenham,7.0,16.0,23.0,5.0,5.0,10.0,0.0,0.0,0.0
30a0c4d950bb49f63a20,2024-25,2025-04-05,D England,Everton,Arsenal,17.0,13.0,30.0,3.0,1.0,4.0,0.0,0.0,0.0
c21dbc9f2e79d23207ed,2024-25,2025-04-05,A Taylor,Crystal Palace,Brighton & Hove Albion,12.0,13.0,25.0,0.0,1.0,1.0,2.0,1.0,3.0
4e4d370bec4f503924e8,2024-25,2025-04-05,P Bankes,Ipswich,Wolverhampton Wanderers,12.0,16.0,28.0,2.0,2.0,4.0,0.0,0.0,0.0
5942ab71f8d8409bfe57,2024-25,2025-04-05,T Robinson,West Ham United,Bournemouth,13.0,13.0,26.0,2.0,2.0,4.0,0.0,0.0,0.0
bfd7a5e741155349f498,2024-25,2025-04-05,S Hooper,Aston Villa,Nottingham Forest,7.0,15.0,22.0,2.0,2.0,4.0,0.0,0.0,0.0
12348e5b970f198f8ed7,2024-25,2025-04-06,M Oliver,Brentford,Chelsea,12.0,12.0,24.0,1.0,3.0,4.0,0.0,0.0,0.0
66745bbf49d7d8060b2a,2024-25,2025-04-06,C Kavanagh,Fulham,Liverpool,10.0,9.0,19.0,3.0,0.0,3.0,0.0,0.0,0.0
95a6a18dca861905898e,2024-25,2025-04-06,M Salisbury,Tottenham,Southampton,16.0,20.0,36.0,1.0,1.0,2.0,0.0,0.0,0.0
f23480af2b86bb1b909b,2024-25,2025-04-06,J Brooks,Manchester United,Manchester City,13.0,9.0,22.0,3.0,2.0,5.0,0.0,0.0,0.0
f68c131c9d4a35fdbdf5,2024-25,2025-04-07,R Jones,Leicester,Newcastle United,8.0,9.0,17.0,2.0,0.0,2.0,0.0,0.0,0.0
58bbd2c2f6b3e4a74e20,2024-25,2025-04-12,J Gillett,Manchester City,Crystal Palace,10.0,16.0,26.0,2.0,3.0,5.0,0.0,0.0,0.0
15660a362eefdc7798f5,2024-25,2025-04-12,D Bond,Brighton & Hove Albion,Leicester,9.0,11.0,20.0,2.0,5.0,7.0,0.0,0.0,0.0
8307137a21f814c6d212,2024-25,2025-04-12,C Pawson,Nottingham Forest,Everton,9.0,13.0,22.0,0.0,3.0,3.0,0.0,0.0,0.0
bd949c137f35d5786fe7,2024-25,2025-04-12,T Bramall,Southampton,Aston Villa,11.0,4.0,15.0,3.0,1.0,4.0,0.0,0.0,0.0
a608e882f5ff8fa49982,2024-25,2025-04-12,S Hooper,Arsenal,Brentford,7.0,9.0,16.0,1.0,3.0,4.0,0.0,0.0,0.0
f7be52f6fac82d1590a6,2024-25,2025-04-13,S Attwell,Chelsea,Ipswich,11.0,7.0,18.0,2.0,2.0,4.0,0.0,0.0,0.0
228006295a08042d77a3,2024-25,2025-04-13,A Madley,Liverpool,West Ham United,15.0,8.0,23.0,0.0,2.0,2.0,0.0,0.0,0.0
a3c033d881ebfc3fe78d,2024-25,2025-04-13,A Taylor,Wolverhampton Wanderers,Tottenham,12.0,15.0,27.0,1.0,2.0,3.0,0.0,0.0,0.0
ff9f29ca53e8ebe3309b,2024-25,2025-04-13,C Kavanagh,Newcastle United,Manchester United,7.0,9.0,16.0,0.0,2.0,2.0,0.0,0.0,0.0
776ed6d2730307f231fd,2024-25,2025-04-14,O Oliver,Bournemouth,Fulham,11.0,10.0,21.0,3.0,2.0,5.0,0.0,0.0,0.0
1fa7784000feb5993730,2024-25,2025-04-16,D England,Newcastle United,Crystal Palace,9.0,15.0,24.0,2.0,3.0,5.0,0.0,0.0,0.0
96d2e697709fc9d2ee20,2024-25,2025-04-19,T Robinson,Brentford,Brighton & Hove Albion,7.0,11.0,18.0,3.0,3.0,6.0,0.0,1.0,1.0
0365367e7679593889ca,2024-25,2025-04-19,S Barrott,Crystal Palace,Bournemouth,13.0,10.0,23.0,3.0,4.0,7.0,1.0,0.0,1.0
0d962805963ff0423ed0,2024-25,2025-04-19,S Hooper,Everton,Manchester City,7.0,6.0,13.0,4.0,0.0,4.0,0.0,0.0,0.0
5ae005ada43097a03505,2024-25,2025-04-19,A Kitchen,West Ham United,Southampton,14.0,13.0,27.0,2.0,1.0,3.0,0.0,0.0,0.0
cfa104a47e1e8aa6f177,2024-25,2025-04-19,J Gillett,Aston Villa,Newcastle United,9.0,12.0,21.0,1.0,3.0,4.0,0.0,0.0,0.0
4b8876d7d12dab80d41f,2024-25,2025-04-20,A Taylor,Fulham,Chelsea,13.0,9.0,22.0,1.0,3.0,4.0,0.0,0.0,0.0
f5a1300243bc1a2b224f,2024-25,2025-04-20,C Kavanagh,Ipswich,Arsenal,10.0,7.0,17.0,0.0,0.0,0.0,1.0,0.0,1.0
5ca56c3d9972454d6162,2024-25,2025-04-20,R Jones,Manchester United,Wolverhampton Wanderers,11.0,18.0,29.0,2.0,3.0,5.0,0.0,0.0,0.0
33afc239ca752bd3e8c0,2024-25,2025-04-20,S Attwell,Leicester,Liverpool,11.0,7.0,18.0,1.0,2.0,3.0,0.0,0.0,0.0
529149a817e4c1386a71,2024-25,2025-04-21,P Bankes,Tottenham,Nottingham Forest,11.0,12.0,23.0,1.0,4.0,5.0,0.0,0.0,0.0
6e1aa2a4d7b78f7d481d,2024-25,2025-04-22,C Pawson,Manchester City,Aston Villa,9.0,10.0,19.0,3.0,3.0,6.0,0.0,0.0,0.0
4c70adeb9654c2c335c5,2024-25,2025-04-23,M Salisbury,Arsenal,Crystal Palace,4.0,6.0,10.0,1.0,1.0,2.0,0.0,0.0,0.0
77ad6207d1c3cb1320dd,2024-25,2025-04-26,C Kavanagh,Chelsea,Everton,11.0,11.0,22.0,0.0,0.0,0.0,0.0,0.0,0.0
71b1c8ff2b598bd25e25,2024-25,2025-04-26,D England,Brighton & Hove Albion,West Ham United,7.0,9.0,16.0,1.0,1.0,2.0,0.0,0.0,0.0
b84182aeabe8d380e37a,2024-25,2025-04-26,M Salisbury,Newcastle United,Ipswich,9.0,9.0,18.0,1.0,2.0,3.0,0.0,1.0,1.0
55e82d44e00c061b5fe7,2024-25,2025-04-26,T Harrington,Southampton,Fulham,10.0,12.0,22.0,1.0,1.0,2.0,0.0,0.0,0.0
7f0193db29a854b0deef,2024-25,2025-04-26,S Barrott,Wolverhampton Wanderers,Leicester,7.0,17.0,24.0,1.0,4.0,5.0,0.0,0.0,0.0
beec82698db68a88d05f,2024-25,2025-04-27,P Bankes,Bournemouth,Manchester United,11.0,12.0,23.0,4.0,2.0,6.0,1.0,0.0,1.0
d86d2f05dcc2e9201238,2024-25,2025-04-27,T Bramall,Liverpool,Tottenham,16.0,9.0,25.0,2.0,1.0,3.0,0.0,0.0,0.0
a955a978cde7096baf67,2024-25,2025-05-01,D England,Nottingham Forest,Brentford,10.0,12.0,22.0,3.0,5.0,8.0,0.0,0.0,0.0
95b39f526986307c2ec8,2024-25,2025-05-02,P Bankes,Manchester City,Wolverhampton Wanderers,7.0,11.0,18.0,0.0,0.0,0.0,0.0,0.0,0.0
aeaffc99a49c105d1268,2024-25,2025-05-03,R Jones,Aston Villa,Fulham,6.0,17.0,23.0,0.0,5.0,5.0,0.0,0.0,0.0
cde56882ed86806f66c5,2024-25,2025-05-03,L Smith,Everton,Ipswich,12.0,15.0,27.0,4.0,4.0,8.0,0.0,0.0,0.0
0c471aec605dd3c07287,2024-25,2025-05-03,D Webb,Leicester,Southampton,12.0,13.0,25.0,1.0,3.0,4.0,0.0,0.0,0.0
6c19453db5a5668145fc,2024-25,2025-05-03,J Gillett,Arsenal,Bournemouth,7.0,16.0,23.0,0.0,2.0,2.0,0.0,0.0,0.0
043067b9c89c5fe9b6e4,2024-25,2025-05-04,A Taylor,Brentford,Manchester United,8.0,10.0,18.0,0.0,2.0,2.0,0.0,0.0,0.0
c7354098cb25de605b94,2024-25,2025-05-04,C Pawson,Brighton & Hove Albion,Newcastle United,15.0,10.0,25.0,2.0,1.0,3.0,0.0,0.0,0.0
8c406e8dbd638cebdf91,2024-25,2025-05-04,M Oliver,West Ham United,Tottenham,18.0,15.0,33.0,2.0,2.0,4.0,0.0,0.0,0.0
852dab646e83efe43b59,2024-25,2025-05-04,S Hooper,Chelsea,Liverpool,10.0,11.0,21.0,2.0,2.0,4.0,0.0,0.0,0.0
87d84f9df92b188b9039,2024-25,2025-05-05,A Madley,Crystal Palace,Nottingham Forest,9.0,15.0,24.0,3.0,8.0,11.0,0.0,0.0,0.0
dd6501252014d4a371bc,2024-25,2025-05-10,M Salisbury,Fulham,Everton,15.0,9.0,24.0,1.0,0.0,1.0,0.0,0.0,0.0
250c0b4008e75de49172,2024-25,2025-05-10,S Barrott,Ipswich,Brentford,6.0,12.0,18.0,2.0,4.0,6.0,0.0,0.0,0.0
00e33bf49fbd87348cc3,2024-25,2025-05-10,T Robinson,Southampton,Manchester City,9.0,8.0,17.0,2.0,0.0,2.0,0.0,0.0,0.0
2374cdf7057ecdeb8094,2024-25,2025-05-10,M Oliver,Wolverhampton Wanderers,Brighton & Hove Albion,8.0,12.0,20.0,1.0,1.0,2.0,0.0,0.0,0.0
f71f4f84d4f32bb8d63c,2024-25,2025-05-10,S Attwell,Bournemouth,Aston Villa,19.0,12.0,31.0,4.0,3.0,7.0,0.0,1.0,1.0
28961720ec8eec5813d5,2024-25,2025-05-11,J Brooks,Newcastle United,Chelsea,9.0,13.0,22.0,4.0,2.0,6.0,0.0,1.0,1.0
5961d57c661ead305810,2024-25,2025-05-11,J Gillett,Manchester United,West Ham United,3.0,13.0,16.0,0.0,1.0,1.0,0.0,0.0,0.0
14788e605a155225a4fd,2024-25,2025-05-11,T Harrington,Nottingham Forest,Leicester,11.0,11.0,22.0,3.0,3.0,6.0,0.0,0.0,0.0
7d80ab4357a046472a21,2024-25,2025-05-11,C Kavanagh,Tottenham,Crystal Palace,12.0,10.0,22.0,1.0,1.0,2.0,0.0,0.0,0.0
ce5ad1681cd296f4ff1d,2024-25,2025-05-11,A Taylor,Liverpool,Arsenal,13.0,10.0,23.0,1.0,1.0,2.0,0.0,1.0,1.0
2c6c0bc906622fa1a6a0,2024-25,2025-05-16,P Bankes,Aston Villa,Tottenham,5.0,12.0,17.0,1.0,2.0,3.0,0.0,0.0,0.0
96026f9680d350aeebdd,2024-25,2025-05-16,C Kavanagh,Chelsea,Manchester United,10.0,14.0,24.0,1.0,6.0,7.0,0.0,0.0,0.0
ce658cf4e0d441d208f8,2024-25,2025-05-18,M Oliver,Everton,Southampton,6.0,10.0,16.0,1.0,1.0,2.0,0.0,0.0,0.0
761c4f5e983909f891c6,2024-25,2025-05-18,S Barrott,West Ham United,Nottingham Forest,14.0,7.0,21.0,6.0,3.0,9.0,0.0,0.0,0.0
11187115c771a4197504,2024-25,2025-05-18,J Gillett,Brentford,Fulham,12.0,8.0,20.0,4.0,4.0,8.0,0.0,0.0,0.0
bc1c3c97d3911228dfc1,2024-25,2025-05-18,A Kitchen,Leicester,Ipswich,15.0,12.0,27.0,1.0,0.0,1.0,0.0,0.0,0.0
97a51e6d338ee34b7d56,2024-25,2025-05-18,S Hooper,Arsenal,Newcastle United,9.0,9.0,18.0,3.0,3.0,6.0,0.0,0.0,0.0
5f94ae890443fb42f0f5,2024-25,2025-05-19,J Brooks,Brighton & Hove Albion,Liverpool,9.0,8.0,17.0,1.0,0.0,1.0,0.0,0.0,0.0
ecb2224d7e4ad12d227b,2024-25,2025-05-20,D Webb,Crystal Palace,Wolverhampton Wanderers,14.0,8.0,22.0,1.0,2.0,3.0,0.0,0.0,0.0
d5aa0d786abc3ef9a53f,2024-25,2025-05-20,T Bramall,Manchester City,Bournemouth,7.0,13.0,20.0,1.0,3.0,4.0,1.0,1.0,2.0
dd7fd630d79d192ec295,2024-25,2025-05-25,L Smith,Bournemouth,Leicester,19.0,16.0,35.0,0.0,2.0,2.0,0.0,0.0,0.0
915d70969705ea41e9ae,2024-25,2025-05-25,A Madley,Fulham,Manchester City,11.0,5.0,16.0,0.0,0.0,0.0,0.0,0.0,0.0
b9fbdafa8cec4926ad79,2024-25,2025-05-25,T Robinson,Ipswich,West Ham United,10.0,9.0,19.0,1.0,1.0,2.0,0.0,0.0,0.0
a9586b25fd7e2f479701,2024-25,2025-05-25,D England,Liverpool,Crystal Palace,7.0,10.0,17.0,1.0,0.0,1.0,1.0,0.0,1.0
22184e5f7e54f1795026,2024-25,2025-05-25,T Bramall,Manchester United,Aston Villa,10.0,10.0,20.0,2.0,2.0,4.0,0.0,1.0,1.0
e799c093d21549daaf88,2024-25,2025-05-25,T Harrington,Newcastle United,Everton,12.0,9.0,21.0,1.0,4.0,5.0,0.0,0.0,0.0
d674dec66ce330323223,2024-25,2025-05-25,A Taylor,Nottingham Forest,Chelsea,10.0,11.0,21.0,2.0,2.0,4.0,0.0,0.0,0.0
9048e4c7201d6ee445c0,2024-25,2025-05-25,D Bond,Southampton,Arsenal,7.0,8.0,15.0,0.0,0.0,0.0,0.0,0.0,0.0
7a7df5c8b4e5b88663b5,2024-25,2025-05-25,R Jones,Tottenham,Brighton & Hove Albion,13.0,8.0,21.0,3.0,1.0,4.0,0.0,0.0,0.0
24755a099779b5a53e1a,2024-25,2025-05-25,C Pawson,Wolverhampton Wanderers,Brentford,7.0,9.0,16.0,2.0,1.0,3.0,0.0,0.0,0.0
0b1af42a17aec96420b5,2025-26,2025-08-15,A Taylor,Liverpool,Bournemouth,7.0,10.0,17.0,1.0,2.0,3.0,0.0,0.0,0.0
65d04dbc5e4b1d6e896b,2025-26,2025-08-16,C Pawson,Aston Villa,Newcastle United,13.0,11.0,24.0,1.0,1.0,2.0,1.0,0.0,1.0
fd61477ad12eb7e1d922,2025-26,2025-08-16,S Barrott,Brighton & Hove Albion,Fulham,16.0,15.0,31.0,3.0,3.0,6.0,0.0,0.0,0.0
5420c68f6f1918d72432,2025-26,2025-08-16,R Jones,Sunderland,West Ham United,8.0,10.0,18.0,0.0,1.0,1.0,0.0,0.0,0.0
dbaf3a0a88259c2d62c7,2025-26,2025-08-16,M Oliver,Tottenham,Burnley,14.0,8.0,22.0,0.0,0.0,0.0,0.0,0.0,0.0
f17f537eb41aa245ad3f,2025-26,2025-08-16,J Gillett,Wolverhampton Wanderers,Manchester City,13.0,7.0,20.0,1.0,2.0,3.0,0.0,0.0,0.0
21dc5f69a9d1995daa2e,2025-26,2025-08-17,D England,Chelsea,Crystal Palace,10.0,12.0,22.0,2.0,3.0,5.0,0.0,0.0,0.0
1aa62c11d10789ae3e92,2025-26,2025-08-17,P Bankes,Nottingham Forest,Brentford,7.0,15.0,22.0,1.0,2.0,3.0,0.0,0.0,0.0
9044d0d676ce7c2bcfa5,2025-26,2025-08-17,S Hooper,Manchester United,Arsenal,10.0,19.0,29.0,1.0,4.0,5.0,0.0,0.0,0.0
b89c7702ee02e85ed667,2025-26,2025-08-18,C Kavanagh,Leeds,Everton,6.0,8.0,14.0,0.0,2.0,2.0,0.0,0.0,0.0
6bae600ff3f41ad94aee,2025-26,2025-08-22,M Oliver,West Ham United,Chelsea,7.0,10.0,17.0,0.0,1.0,1.0,0.0,0.0,0.0
61efff67c895681bc2c0,2025-26,2025-08-23,P Bankes,Manchester City,Tottenham,7.0,12.0,19.0,1.0,4.0,5.0,0.0,0.0,0.0
0ef1fd2aac63d0a6a2b6,2025-26,2025-08-23,T Bramall,Bournemouth,Wolverhampton Wanderers,13.0,16.0,29.0,2.0,4.0,6.0,0.0,1.0,1.0
4edba4c41915dfe80d1d,2025-26,2025-08-23,T Harrington,Brentford,Aston Villa,11.0,9.0,20.0,1.0,2.0,3.0,0.0,0.0,0.0
e1d2b0a29e47aca45b53,2025-26,2025-08-23,M Salisbury,Burnley,Sunderland,9.0,5.0,14.0,0.0,1.0,1.0,0.0,0.0,0.0
bd741f511de757b73b5f,2025-26,2025-08-23,J Gillett,Arsenal,Leeds,8.0,11.0,19.0,0.0,2.0,2.0,0.0,0.0,0.0
a68f84d0ba8a7e8df3c7,2025-26,2025-08-24,A Taylor,Crystal Palace,Nottingham Forest,11.0,11.0,22.0,3.0,3.0,6.0,0.0,0.0,0.0
30970af3285da8a891f0,2025-26,2025-08-24,S Attwell,Everton,Brighton & Hove Albion,7.0,15.0,22.0,4.0,3.0,7.0,0.0,0.0,0.0
d8b2dd1904f58ab96dc6,2025-26,2025-08-24,C Kavanagh,Fulham,Manchester United,12.0,10.0,22.0,1.0,1.0,2.0,0.0,0.0,0.0
c322406b953eca33daf2,2025-26,2025-08-25,S Hooper,Newcastle United,Liverpool,17.0,15.0,32.0,2.0,3.0,5.0,1.0,0.0,1.0
2b53d83261c37138838c,2025-26,2025-08-30,R Jones,Chelsea,Fulham,11.0,17.0,28.0,2.0,2.0,4.0,0.0,0.0,0.0
43dbb151702e11ab0d73,2025-26,2025-08-30,S Barrott,Manchester United,Burnley,9.0,9.0,18.0,1.0,5.0,6.0,0.0,0.0,0.0
7cf7c5c4f92cab0bb87b,2025-26,2025-08-30,A Taylor,Sunderland,Brentford,11.0,12.0,23.0,3.0,2.0,5.0,0.0,0.0,0.0
6d6ea000d7d2308d708d,2025-26,2025-08-30,S Hooper,Tottenham,Bournemouth,17.0,13.0,30.0,2.0,4.0,6.0,0.0,0.0,0.0
ed8744209cb7d0f308a6,2025-26,2025-08-30,M Oliver,Wolverhampton Wanderers,Everton,15.0,10.0,25.0,0.0,1.0,1.0,0.0,0.0,0.0
db81310bd0694ede27ed,2025-26,2025-08-30,P Bankes,Leeds,Newcastle United,10.0,15.0,25.0,1.0,1.0,2.0,0.0,0.0,0.0
5a851244ca5ce40437c1,2025-26,2025-08-31,D England,Brighton & Hove Albion,Manchester City,16.0,14.0,30.0,2.0,2.0,4.0,0.0,0.0,0.0
a5d0ac0596d23bc378d5,2025-26,2025-08-31,C Pawson,Nottingham Forest,West Ham United,14.0,6.0,20.0,0.0,0.0,0.0,0.0,0.0,0.0
900eb69d3c0ee844ede0,2025-26,2025-08-31,C Kavanagh,Liverpool,Arsenal,7.0,10.0,17.0,2.0,2.0,4.0,0.0,0.0,0.0
a4a99c07b2e9b1f52541,2025-26,2025-08-31,S Attwell,Aston Villa,Crystal Palace,7.0,14.0,21.0,2.0,3.0,5.0,0.0,0.0,0.0
2389db6207a3546ae310,2025-26,2025-09-13,D England,Arsenal,Nottingham Forest,8.0,11.0,19.0,1.0,1.0,2.0,0.0,0.0,0.0
daee8a08b71dc9b0240d,2025-26,2025-09-13,P Bankes,Bournemouth,Brighton & Hove Albion,16.0,10.0,26.0,4.0,4.0,8.0,0.0,0.0,0.0
29ddc40596dc2ce99478,2025-26,2025-09-13,T Bramall,Crystal Palace,Sunderland,10.0,8.0,18.0,1.0,1.0,2.0,0.0,0.0,0.0
0edbf9f22de4e6874331,2025-26,2025-09-13,S Hooper,Everton,Aston Villa,17.0,15.0,32.0,3.0,3.0,6.0,0.0,0.0,0.0
710f4ec393465c23c9eb,2025-26,2025-09-13,C Pawson,Fulham,Leeds,20.0,15.0,35.0,1.0,2.0,3.0,0.0,0.0,0.0
db97397fb67764500fd9,2025-26,2025-09-13,C Kavanagh,Newcastle United,Wolverhampton Wanderers,10.0,17.0,27.0,1.0,4.0,5.0,0.0,0.0,0.0
76d24653b890e17b5fe2,2025-26,2025-09-13,J Gillett,West Ham United,Tottenham,8.0,7.0,15.0,0.0,1.0,1.0,1.0,0.0,1.0
00c447e451478096d7a3,2025-26,2025-09-13,S Attwell,Brentford,Chelsea,13.0,9.0,22.0,3.0,2.0,5.0,0.0,0.0,0.0
e91b6f121f29c0a0d919,2025-26,2025-09-14,M Oliver,Burnley,Liverpool,9.0,9.0,18.0,0.0,2.0,2.0,0.0,0.0,0.0
c964b636734a558df1ae,2025-26,2025-09-14,A Taylor,Manchester City,Manchester United,8.0,8.0,16.0,0.0,0.0,0.0,0.0,0.0,0.0
2157fb234fe7b06df58b,2025-26,2025-09-20,D England,Liverpool,Everton,11.0,10.0,21.0,2.0,3.0,5.0,0.0,0.0,0.0
0890bd9cde9867de83bf,2025-26,2025-09-20,C Kavanagh,Brighton & Hove Albion,Tottenham,10.0,13.0,23.0,1.0,2.0,3.0,0.0,0.0,0.0
454fd2ca7c474bd4aa3f,2025-26,2025-09-20,T Bramall,Burnley,Nottingham Forest,12.0,11.0,23.0,1.0,1.0,2.0,0.0,0.0,0.0
2284cf276976adfdddff,2025-26,2025-09-20,T Harrington,West Ham United,Crystal Palace,15.0,5.0,20.0,3.0,3.0,6.0,0.0,0.0,0.0
be83f04f053e5dfdb49d,2025-26,2025-09-20,A Taylor,Wolverhampton Wanderers,Leeds,11.0,9.0,20.0,1.0,1.0,2.0,0.0,0.0,0.0
e449895385bc6819e021,2025-26,2025-09-20,P Bankes,Manchester United,Chelsea,13.0,14.0,27.0,0.0,5.0,5.0,1.0,1.0,2.0
0d4bc4eb124df2bb5b1c,2025-26,2025-09-20,M Oliver,Fulham,Brentford,11.0,13.0,24.0,4.0,1.0,5.0,0.0,0.0,0.0
319565fe07f7f71d19b5,2025-26,2025-09-21,R Jones,Bournemouth,Newcastle United,7.0,10.0,17.0,2.0,1.0,3.0,0.0,0.0,0.0
514a9b38d9b91746a476,2025-26,2025-09-21,S Barrott,Sunderland,Aston Villa,14.0,8.0,22.0,2.0,1.0,3.0,1.0,0.0,1.0
f060e33b82d01b6bde39,2025-26,2025-09-21,S Attwell,Arsenal,Manchester City,11.0,10.0,21.0,1.0,2.0,3.0,0.0,0.0,0.0
b1a4d23ae44af996a598,2025-26,2025-09-27,C Pawson,Brentford,Manchester United,14.0,10.0,24.0,2.0,2.0,4.0,0.0,0.0,0.0
7807db37bc3a166acdf8,2025-26,2025-09-27,S Hooper,Chelsea,Brighton & Hove Albion,9.0,16.0,25.0,3.0,5.0,8.0,1.0,0.0,1.0
e2315a38d748c5d7b97d,2025-26,2025-09-27,C Kavanagh,Crystal Palace,Liverpool,10.0,8.0,18.0,1.0,3.0,4.0,0.0,0.0,0.0
222ed4ca81d1e81e8b49,2025-26,2025-09-27,M Oliver,Leeds,Bournemouth,12.0,13.0,25.0,2.0,2.0,4.0,0.0,0.0,0.0
6fde501ebdf4fd3f9c28,2025-26,2025-09-27,R Jones,Manchester City,Burnley,5.0,7.0,12.0,1.0,3.0,4.0,0.0,0.0,0.0
2adaf851eb6f404943a0,2025-26,2025-09-27,T Harrington,Nottingham Forest,Sunderland,11.0,6.0,17.0,4.0,2.0,6.0,0.0,0.0,0.0
9dc49494a7cceda01a24,2025-26,2025-09-27,M Salisbury,Tottenham,Wolverhampton Wanderers,9.0,11.0,20.0,3.0,2.0,5.0,0.0,0.0,0.0
297484f5896b08cba8ff,2025-26,2025-09-28,A Madley,Aston Villa,Fulham,10.0,13.0,23.0,1.0,4.0,5.0,0.0,0.0,0.0
df2d2b671b9cf16d10e4,2025-26,2025-09-28,J Gillett,Newcastle United,Arsenal,8.0,9.0,17.0,2.0,1.0,3.0,0.0,0.0,0.0
8429741e071f5b33f77c,2025-26,2025-09-29,S Barrott,Everton,West Ham United,7.0,16.0,23.0,3.0,4.0,7.0,0.0,0.0,0.0
59a652e8aace7c197b4f,2025-26,2025-10-03,S Hooper,Bournemouth,Fulham,8.0,10.0,18.0,0.0,1.0,1.0,0.0,0.0,0.0
d1ab35aae2ccc0aea649,2025-26,2025-10-04,T Bramall,Leeds,Tottenham,10.0,12.0,22.0,2.0,3.0,5.0,0.0,0.0,0.0
039e9845d1e62de863e8,2025-26,2025-10-04,J Brooks,Arsenal,West Ham United,14.0,14.0,28.0,0.0,2.0,2.0,0.0,0.0,0.0
3e1061c9cd20cc2c77de,2025-26,2025-10-04,S Attwell,Manchester United,Sunderland,10.0,12.0,22.0,1.0,4.0,5.0,0.0,0.0,0.0
f156e686ca8a019dbdef,2025-26,2025-10-04,A Taylor,Chelsea,Liverpool,9.0,8.0,17.0,0.0,2.0,2.0,0.0,0.0,0.0
0367112e74762d20ab59,2025-26,2025-10-05,A Kitchen,Aston Villa,Burnley,9.0,15.0,24.0,3.0,1.0,4.0,0.0,0.0,0.0
8975a8f6b3ceb61b8255,2025-26,2025-10-05,M Salisbury,Everton,Crystal Palace,13.0,16.0,29.0,2.0,3.0,5.0,0.0,0.0,0.0
d8a982c94093b87ea638,2025-26,2025-10-05,P Bankes,Newcastle United,Nottingham Forest,16.0,15.0,31.0,0.0,4.0,4.0,0.0,0.0,0.0
4b892e4f601232c15d8f,2025-26,2025-10-05,J Gillett,Wolverhampton Wanderers,Brighton & Hove Albion,13.0,9.0,22.0,2.0,4.0,6.0,0.0,0.0,0.0
127aa9729a538dfa93bc,2025-26,2025-10-05,D England,Brentford,Manchester City,10.0,6.0,16.0,3.0,2.0,5.0,0.0,0.0,0.0
25159dbefd791793f17e,2025-26,2025-10-18,C Kavanagh,Nottingham Forest,Chelsea,13.0,16.0,29.0,2.0,2.0,4.0,0.0,1.0,1.0
65f0e58d65f7178e22fc,2025-26,2025-10-18,C Pawson,Brighton & Hove Albion,Newcastle United,9.0,9.0,18.0,0.0,1.0,1.0,0.0,0.0,0.0
ca9f528940f55b5819dd,2025-26,2025-10-18,T Robinson,Burnley,Leeds,10.0,7.0,17.0,2.0,1.0,3.0,0.0,0.0,0.0
7e9bbb84692d8cae8ff9,2025-26,2025-10-18,J Gillett,Crystal Palace,Bournemouth,8.0,16.0,24.0,1.0,4.0,5.0,0.0,0.0,0.0
615767ddaf2c4508a10a,2025-26,2025-10-18,T Harrington,Manchester City,Everton,8.0,14.0,22.0,0.0,2.0,2.0,0.0,0.0,0.0
a5e6f7d909ff2be875fe,2025-26,2025-10-18,R Jones,Sunderland,Wolverhampton Wanderers,5.0,12.0,17.0,0.0,0.0,0.0,0.0,0.0,0.0
f66c3ebfad14501af579,2025-26,2025-10-18,A Taylor,Fulham,Arsenal,11.0,4.0,15.0,0.0,0.0,0.0,0.0,0.0,0.0
29b5c62b0a9767d33fb0,2025-26,2025-10-19,S Hooper,Tottenham,Aston Villa,11.0,7.0,18.0,2.0,0.0,2.0,0.0,0.0,0.0
6579db3e90e4f55a5cb6,2025-26,2025-10-19,M Oliver,Liverpool,Manchester United,8.0,14.0,22.0,0.0,2.0,2.0,0.0,0.0,0.0
2c6254c0c3c932eba93a,2025-26,2025-10-20,A Madley,West Ham United,Brentford,10.0,10.0,20.0,1.0,1.0,2.0,0.0,0.0,0.0
9cfcbc3a1d8780e6c59d,2025-26,2025-10-24,S Attwell,Leeds,West Ham United,12.0,11.0,23.0,3.0,3.0,6.0,0.0,0.0,0.0
d38a8e548465d5092670,2025-26,2025-10-25,A Madley,Chelsea,Sunderland,15.0,13.0,28.0,1.0,1.0,2.0,0.0,0.0,0.0
465aa5b3f2b7a150cc0d,2025-26,2025-10-25,P Bankes,Newcastle United,Fulham,11.0,18.0,29.0,0.0,2.0,2.0,0.0,0.0,0.0
cad70ae71bc002fed5a4,2025-26,2025-10-25,A Taylor,Manchester United,Brighton & Hove Albion,4.0,13.0,17.0,2.0,2.0,4.0,0.0,0.0,0.0
2b5dddc0ba9bf5156e0e,2025-26,2025-10-25,S Hooper,Brentford,Liverpool,7.0,10.0,17.0,3.0,2.0,5.0,0.0,0.0,0.0
338c7826594a0f7771c2,2025-26,2025-10-26,T Bramall,Arsenal,Crystal Palace,6.0,11.0,17.0,0.0,0.0,0.0,0.0,0.0,0.0
712b4e2b11c90f208c69,2025-26,2025-10-26,M Oliver,Aston Villa,Manchester City,8.0,16.0,24.0,1.0,4.0,5.0,0.0,0.0,0.0
a7cbc169465eafe0cce7,2025-26,2025-10-26,S Barrott,Bournemouth,Nottingham Forest,17.0,7.0,24.0,3.0,1.0,4.0,0.0,0.0,0.0
c901707df4b0f0eacd4f,2025-26,2025-10-26,T Harrington,Wolverhampton Wanderers,Burnley,12.0,7.0,19.0,1.0,0.0,1.0,0.0,0.0,0.0
e05fe499a79facb5034e,2025-26,2025-10-26,C Pawson,Everton,Tottenham,9.0,8.0,17.0,2.0,0.0,2.0,0.0,0.0,0.0
19509180f80e38b552e4,2025-26,2025-11-01,M Oliver,Brighton & Hove Albion,Leeds,10.0,7.0,17.0,0.0,1.0,1.0,0.0,0.0,0.0
70bb066d7a130efdf16c,2025-26,2025-11-01,C Kavanagh,Burnley,Arsenal,10.0,13.0,23.0,2.0,1.0,3.0,0.0,0.0,0.0
7b369edd14f3e150dc47,2025-26,2025-11-01,P Bankes,Crystal Palace,Brentford,7.0,11.0,18.0,0.0,3.0,3.0,0.0,0.0,0.0
0c433ebe0096e42ed3bb,2025-26,2025-11-01,J Brooks,Fulham,Wolverhampton Wanderers,13.0,14.0,27.0,1.0,3.0,4.0,0.0,1.0,1.0
c20f0e79c6f2715f26ea,2025-26,2025-11-01,D England,Nottingham Forest,Manchester United,10.0,7.0,17.0,1.0,1.0,2.0,0.0,0.0,0.0
2f9c5ee3196d19535c02,2025-26,2025-11-01,J Gillett,Tottenham,Chelsea,14.0,12.0,26.0,4.0,2.0,6.0,0.0,0.0,0.0
37baa8ab956b86d6880c,2025-26,2025-11-01,S Attwell,Liverpool,Aston Villa,13.0,11.0,24.0,2.0,3.0,5.0,0.0,0.0,0.0
091be63b9770c8854e3c,2025-26,2025-11-02,R Jones,West Ham United,Newcastle United,5.0,10.0,15.0,1.0,2.0,3.0,0.0,0.0,0.0
fa99af3fe48f9a75caa5,2025-26,2025-11-02,A Taylor,Manchester City,Bournemouth,8.0,11.0,19.0,2.0,2.0,4.0,0.0,0.0,0.0
dec9a4e0ba4434dc036d,2025-26,2025-11-03,T Bramall,Sunderland,Everton,10.0,12.0,22.0,3.0,2.0,5.0,0.0,0.0,0.0
9738f7f9365ff6784336,2025-26,2025-11-08,S Barrott,Tottenham,Manchester United,10.0,8.0,18.0,5.0,1.0,6.0,0.0,0.0,0.0
ec63f65a14998b9e4e19,2025-26,2025-11-08,A Madley,Everton,Fulham,11.0,14.0,25.0,2.0,2.0,4.0,0.0,0.0,0.0
882a81a4516636eb698a,2025-26,2025-11-08,M Salisbury,West Ham United,Burnley,15.0,13.0,28.0,2.0,2.0,4.0,0.0,0.0,0.0
0c0be508e48ac0b31b14,2025-26,2025-11-08,C Pawson,Sunderland,Arsenal,13.0,13.0,26.0,2.0,1.0,3.0,0.0,0.0,0.0
7e6952943fcc3fa08e93,2025-26,2025-11-08,A Kitchen,Chelsea,Wolverhampton Wanderers,12.0,14.0,26.0,1.0,2.0,3.0,0.0,0.0,0.0
b30b5efe06a205bc8417,2025-26,2025-11-09,J Brooks,Aston Villa,Bournemouth,8.0,20.0,28.0,2.0,2.0,4.0,0.0,0.0,0.0
6237c91d616d01ecbe24,2025-26,2025-11-09,S Attwell,Brentford,Newcastle United,10.0,13.0,23.0,2.0,1.0,3.0,0.0,0.0,0.0
7456c4f3ff46d21177c5,2025-26,2025-11-09,T Robinson,Crystal Palace,Brighton & Hove Albion,10.0,12.0,22.0,1.0,4.0,5.0,0.0,0.0,0.0
1ebb97df5bb14f8722f0,2025-26,2025-11-09,J Gillett,Nottingham Forest,Leeds,10.0,11.0,21.0,2.0,1.0,3.0,0.0,0.0,0.0
ececd161b259489b1207,2025-26,2025-11-09,C Kavanagh,Manchester City,Liverpool,14.0,15.0,29.0,2.0,4.0,6.0,0.0,0.0,0.0
e12b9dd898d753ecfd5e,2025-26,2025-11-22,P Bankes,Burnley,Chelsea,13.0,8.0,21.0,2.0,3.0,5.0,0.0,0.0,0.0
18a66dea6a3bae4a0361,2025-26,2025-11-22,T Bramall,Bournemouth,West Ham United,9.0,10.0,19.0,3.0,2.0,5.0,0.0,0.0,0.0
0027aa553ca625c27ad3,2025-26,2025-11-22,C Kavanagh,Brighton & Hove Albion,Brentford,10.0,9.0,19.0,4.0,2.0,6.0,0.0,0.0,0.0
50c74ef873aa0c4b51c1,2025-26,2025-11-22,D England,Fulham,Sunderland,5.0,13.0,18.0,3.0,3.0,6.0,0.0,0.0,0.0
56ac2bef165ec3d4e572,2025-26,2025-11-22,A Madley,Liverpool,Nottingham Forest,11.0,8.0,19.0,2.0,0.0,2.0,0.0,0.0,0.0
ee2a5992245bdc53c156,2025-26,2025-11-22,A Taylor,Wolverhampton Wanderers,Crystal Palace,13.0,9.0,22.0,2.0,3.0,5.0,0.0,0.0,0.0
c83a4c22456d2954b44c,2025-26,2025-11-22,S Barrott,Newcastle United,Manchester City,13.0,8.0,21.0,1.0,3.0,4.0,0.0,0.0,0.0
095f1daac3443a6e9c88,2025-26,2025-11-23,R Jones,Leeds,Aston Villa,18.0,16.0,34.0,5.0,1.0,6.0,0.0,0.0,0.0
caf8b889df42f3e54197,2025-26,2025-11-23,M Oliver,Arsenal,Tottenham,11.0,15.0,26.0,1.0,3.0,4.0,0.0,0.0,0.0
5e9e8b966300899424e6,2025-26,2025-11-24,T Harrington,Manchester United,Everton,12.0,9.0,21.0,2.0,0.0,2.0,0.0,1.0,1.0
caf3657263cdb7081892,2025-26,2025-11-29,S Barrott,Brentford,Burnley,7.0,7.0,14.0,0.0,2.0,2.0,0.0,0.0,0.0
9c0728e6f824792071f9,2025-26,2025-11-29,P Bankes,Manchester City,Leeds,17.0,11.0,28.0,4.0,1.0,5.0,0.0,0.0,0.0
d434c0211e884dc3a52a,2025-26,2025-11-29,T Robinson,Sunderland,Bournemouth,14.0,13.0,27.0,5.0,5.0,10.0,0.0,1.0,1.0
b91f8243033840e21b58,2025-26,2025-11-29,C Pawson,Everton,Newcastle United,4.0,6.0,10.0,0.0,0.0,0.0,0.0,0.0,0.0
ce07e7f6799c90d85a3e,2025-26,2025-11-29,S Attwell,Tottenham,Fulham,11.0,7.0,18.0,3.0,2.0,5.0,0.0,0.0,0.0
36dce84ffd446ba89f6a,2025-26,2025-11-30,R Jones,Crystal Palace,Manchester United,14.0,14.0,28.0,3.0,2.0,5.0,0.0,0.0,0.0
17c9c165edea0a8c19fa,2025-26,2025-11-30,C Kavanagh,Aston Villa,Wolverhampton Wanderers,13.0,21.0,34.0,0.0,4.0,4.0,0.0,0.0,0.0
3640496aad283a10bb1b,2025-26,2025-11-30,M Oliver,Nottingham Forest,Brighton & Hove Albion,11.0,10.0,21.0,0.0,1.0,1.0,0.0,0.0,0.0
a47b9f07e1d96bafb69a,2025-26,2025-11-30,D England,West Ham United,Liverpool,12.0,14.0,26.0,1.0,0.0,1.0,1.0,0.0,1.0
3039248b0ffc47cc1092,2025-26,2025-11-30,A Taylor,Chelsea,Arsenal,12.0,13.0,25.0,1.0,6.0,7.0,1.0,0.0,1.0
1b92082c8132bea03650,2025-26,2025-12-02,M Salisbury,Bournemouth,Everton,14.0,14.0,28.0,3.0,3.0,6.0,0.0,0.0,0.0
07663183663e12494174,2025-26,2025-12-02,C Pawson,Fulham,Manchester City,9.0,7.0,16.0,0.0,1.0,1.0,0.0,0.0,0.0
a4a7954eec86da1589f3,2025-26,2025-12-02,T Bramall,Newcastle United,Tottenham,5.0,12.0,17.0,0.0,3.0,3.0,0.0,0.0,0.0
4e5607368b5257bc1441,2025-26,2025-12-03,T Harrington,Arsenal,Brentford,7.0,9.0,16.0,0.0,1.0,1.0,0.0,0.0,0.0
fbf54508c9fd9629be09,2025-26,2025-12-03,A Madley,Brighton & Hove Albion,Aston Villa,10.0,9.0,19.0,2.0,2.0,4.0,0.0,0.0,0.0
bcb816e2e1e6d40404ec,2025-26,2025-12-03,T Kirk,Burnley,Crystal Palace,9.0,8.0,17.0,0.0,0.0,0.0,0.0,0.0,0.0
40f5db5bb56b993e28ff,2025-26,2025-12-03,T Robinson,Wolverhampton Wanderers,Nottingham Forest,19.0,11.0,30.0,2.0,2.0,4.0,0.0,0.0,0.0
21c1de6c8c3b8fd35921,2025-26,2025-12-03,D England,Leeds,Chelsea,10.0,13.0,23.0,1.0,1.0,2.0,0.0,0.0,0.0
510540b24a9f163b8153,2025-26,2025-12-03,S Attwell,Liverpool,Sunderland,10.0,5.0,15.0,1.0,1.0,2.0,0.0,0.0,0.0
c816b534d044946b0e3b,2025-26,2025-12-04,A Kitchen,Manchester United,West Ham United,13.0,9.0,22.0,2.0,2.0,4.0,0.0,0.0,0.0
4300e7240feba93f1a08,2025-26,2025-12-06,P Bankes,Aston Villa,Arsenal,10.0,8.0,18.0,0.0,2.0,2.0,0.0,0.0,0.0
3674698d596900e66adb,2025-26,2025-12-06,M Oliver,Bournemouth,Chelsea,15.0,13.0,28.0,0.0,2.0,2.0,0.0,0.0,0.0
98cd665969b1de68bc94,2025-26,2025-12-06,C Kavanagh,Everton,Nottingham Forest,17.0,15.0,32.0,4.0,3.0,7.0,0.0,0.0,0.0
ac54aec42e3342a1a731,2025-26,2025-12-06,A Madley,Manchester City,Sunderland,9.0,10.0,19.0,1.0,0.0,1.0,0.0,1.0,1.0
1260f75d6e2e39330176,2025-26,2025-12-06,S Attwell,Newcastle United,Burnley,9.0,11.0,20.0,2.0,2.0,4.0,0.0,1.0,1.0
f350a5bdaaba92c5eaba,2025-26,2025-12-06,R Jones,Tottenham,Brentford,8.0,9.0,17.0,3.0,4.0,7.0,0.0,0.0,0.0
d3863ca1f96e9bfaff38,2025-26,2025-12-06,A Taylor,Leeds,Liverpool,14.0,14.0,28.0,3.0,3.0,6.0,0.0,0.0,0.0
0aced93a3e98e00eb096,2025-26,2025-12-07,S Hooper,Brighton & Hove Albion,West Ham United,12.0,8.0,20.0,2.0,2.0,4.0,0.0,0.0,0.0
a90fef4e851feb5cf5f7,2025-26,2025-12-07,S Barrott,Fulham,Crystal Palace,5.0,8.0,13.0,0.0,0.0,0.0,0.0,0.0,0.0
83fdf7eab9de2901990a,2025-26,2025-12-08,M Salisbury,Wolverhampton Wanderers,Manchester United,17.0,12.0,29.0,3.0,2.0,5.0,0.0,0.0,0.0
44c77d5f62bdbe8a07a8,2025-26,2025-12-13,T Bramall,Chelsea,Everton,13.0,11.0,24.0,1.0,0.0,1.0,0.0,0.0,0.0
85025837a7a7585b4ca9,2025-26,2025-12-13,C Pawson,Liverpool,Brighton & Hove Albion,8.0,15.0,23.0,1.0,2.0,3.0,0.0,0.0,0.0
ca57fdce20cc54c09fb7,2025-26,2025-12-13,M Oliver,Burnley,Fulham,8.0,8.0,16.0,1.0,2.0,3.0,0.0,0.0,0.0
6689bb01471d6e19b697,2025-26,2025-12-13,R Jones,Arsenal,Wolverhampton Wanderers,7.0,15.0,22.0,0.0,4.0,4.0,0.0,0.0,0.0
e410238f398565c5b611,2025-26,2025-12-14,D England,Crystal Palace,Manchester City,9.0,6.0,15.0,2.0,0.0,2.0,0.0,0.0,0.0
a68163ebc962e1522324,2025-26,2025-12-14,S Barrott,Nottingham Forest,Tottenham,9.0,13.0,22.0,1.0,3.0,4.0,0.0,0.0,0.0
778dcf2b627318ac7bf4,2025-26,2025-12-14,P Bankes,Sunderland,Newcastle United,10.0,10.0,20.0,5.0,4.0,9.0,0.0,0.0,0.0
b08733bb230367e6f4ff,2025-26,2025-12-14,A Taylor,West Ham United,Aston Villa,18.0,13.0,31.0,1.0,2.0,3.0,0.0,0.0,0.0
97ff1a1d6acbfa126a03,2025-26,2025-12-14,J Brooks,Brentford,Leeds,8.0,9.0,17.0,0.0,0.0,0.0,0.0,0.0,0.0
357190c8c0bf8a8151ad,2025-26,2025-12-15,S Hooper,Manchester United,Bournemouth,15.0,12.0,27.0,2.0,3.0,5.0,0.0,0.0,0.0
ed643502156a64024d10,2025-26,2025-12-20,A Madley,Newcastle United,Chelsea,13.0,14.0,27.0,3.0,6.0,9.0,0.0,0.0,0.0
bc1557ac38779ba42eed,2025-26,2025-12-20,C Kavanagh,Bournemouth,Burnley,11.0,11.0,22.0,1.0,1.0,2.0,0.0,0.0,0.0
a1cd2b096cdfaddc8878,2025-26,2025-12-20,D England,Brighton & Hove Albion,Sunderland,11.0,15.0,26.0,2.0,2.0,4.0,0.0,0.0,0.0
73ba551f426742eebd26,2025-26,2025-12-20,P Tierney,Manchester City,West Ham United,16.0,10.0,26.0,1.0,1.0,2.0,0.0,0.0,0.0
725d7d81e073def2593c,2025-26,2025-12-20,M Donohue,Wolverhampton Wanderers,Brentford,12.0,15.0,27.0,2.0,4.0,6.0,0.0,0.0,0.0
ebc10eb19d027860183c,2025-26,2025-12-20,J Brooks,Tottenham,Liverpool,9.0,7.0,16.0,3.0,3.0,6.0,2.0,0.0,2.0
1c1241ae1de0b7c8d478,2025-26,2025-12-20,S Barrott,Everton,Arsenal,4.0,5.0,9.0,2.0,2.0,4.0,0.0,0.0,0.0
edca987cfea5c5b2536e,2025-26,2025-12-20,T Bramall,Leeds,Crystal Palace,5.0,10.0,15.0,1.0,3.0,4.0,0.0,0.0,0.0
998b5cbe14e39c51a599,2025-26,2025-12-21,M Oliver,Aston Villa,Manchester United,11.0,14.0,25.0,1.0,2.0,3.0,0.0,0.0,0.0
7955521a4390b7d1e836,2025-26,2025-12-22,A Taylor,Fulham,Nottingham Forest,5.0,9.0,14.0,5.0,4.0,9.0,0.0,0.0,0.0
996f0a0119d5a16a4ff3,2025-26,2025-12-26,A Taylor,Manchester United,Newcastle United,9.0,5.0,14.0,2.0,1.0,3.0,0.0,0.0,0.0
2ee0b3e83165cee905ca,2025-26,2025-12-27,R Jones,Nottingham Forest,Manchester City,5.0,13.0,18.0,1.0,2.0,3.0,0.0,0.0,0.0
24deb18c1a002f6fc844,2025-26,2025-12-27,J Brooks,Arsenal,Brighton & Hove Albion,7.0,13.0,20.0,2.0,3.0,5.0,0.0,0.0,0.0
e3f6c25fd1a096d5af2d,2025-26,2025-12-27,P Bankes,Brentford,Bournemouth,9.0,8.0,17.0,2.0,2.0,4.0,0.0,0.0,0.0
da267544b3c09b291d3f,2025-26,2025-12-27,C Pawson,Burnley,Everton,8.0,8.0,16.0,0.0,2.0,2.0,0.0,0.0,0.0
81d4fd284910c939c03f,2025-26,2025-12-27,S Hooper,Liverpool,Wolverhampton Wanderers,5.0,13.0,18.0,0.0,1.0,1.0,0.0,0.0,0.0
483a4309e4bc47aced41,2025-26,2025-12-27,C Kavanagh,West Ham United,Fulham,8.0,8.0,16.0,1.0,3.0,4.0,0.0,0.0,0.0
e658227636e86e42119e,2025-26,2025-12-27,S Attwell,Chelsea,Aston Villa,16.0,8.0,24.0,5.0,3.0,8.0,0.0,0.0,0.0
6697e3a57cb8218c811f,2025-26,2025-12-28,T Harrington,Sunderland,Leeds,7.0,9.0,16.0,1.0,0.0,1.0,0.0,0.0,0.0
4e59e3399e1defe8f6ce,2025-26,2025-12-28,J Gillett,Crystal Palace,Tottenham,7.0,5.0,12.0,3.0,2.0,5.0,0.0,0.0,0.0
76781232a88cb897f44a,2025-26,2025-12-30,R Jones,Burnley,Newcastle United,9.0,3.0,12.0,2.0,1.0,3.0,0.0,0.0,0.0
383f14093f7b4ad4cf6c,2025-26,2025-12-30,S Barrott,Chelsea,Bournemouth,5.0,12.0,17.0,1.0,1.0,2.0,0.0,0.0,0.0
2ee5d60a7c84e57118af,2025-26,2025-12-30,M Oliver,Nottingham Forest,Everton,11.0,9.0,20.0,1.0,0.0,1.0,0.0,0.0,0.0
5cb11e2bc4e58cebb8ba,2025-26,2025-12-30,M Salisbury,West Ham United,Brighton & Hove Albion,11.0,18.0,29.0,3.0,5.0,8.0,0.0,0.0,0.0
497fdcaf345cda7afe88,2025-26,2025-12-30,D England,Arsenal,Aston Villa,18.0,9.0,27.0,2.0,3.0,5.0,0.0,0.0,0.0
0f3de3fe580fda605306,2025-26,2025-12-30,T Bramall,Manchester United,Wolverhampton Wanderers,9.0,12.0,21.0,0.0,2.0,2.0,0.0,0.0,0.0
7ba76f1714bbfa3a0cab,2025-26,2026-01-01,T Harrington,Crystal Palace,Fulham,7.0,10.0,17.0,0.0,5.0,5.0,0.0,0.0,0.0
b756a90c74424d03f316,2025-26,2026-01-01,C Kavanagh,Liverpool,Leeds,10.0,8.0,18.0,0.0,2.0,2.0,0.0,0.0,0.0
de8e5ae1c55c69e1893b,2025-26,2026-01-01,A Madley,Brentford,Tottenham,8.0,10.0,18.0,1.0,2.0,3.0,0.0,0.0,0.0
c844038367d8cf0fce1b,2025-26,2026-01-01,J Gillett,Sunderland,Manchester City,9.0,6.0,15.0,1.0,1.0,2.0,0.0,0.0,0.0
656030adf1f05f486b64,2025-26,2026-01-03,S Hooper,Aston Villa,Nottingham Forest,10.0,20.0,30.0,1.0,2.0,3.0,0.0,0.0,0.0
dbc6e8fceebdd5899cb9,2025-26,2026-01-03,T Robinson,Brighton & Hove Albion,Burnley,7.0,17.0,24.0,0.0,4.0,4.0,0.0,0.0,0.0
b4b2b80da84334ee74d6,2025-26,2026-01-03,P Bankes,Wolverhampton Wanderers,West Ham United,11.0,10.0,21.0,1.0,0.0,1.0,0.0,0.0,0.0
c18b049ac382aee931b7,2025-26,2026-01-03,C Kavanagh,Bournemouth,Arsenal,13.0,8.0,21.0,3.0,1.0,4.0,0.0,0.0,0.0
a6eb775cab9beeb92966,2025-26,2026-01-04,J Gillett,Leeds,Manchester United,9.0,9.0,18.0,0.0,1.0,1.0,0.0,0.0,0.0
53f2f3225c8b67192369,2025-26,2026-01-04,A Taylor,Everton,Brentford,9.0,8.0,17.0,0.0,2.0,2.0,0.0,0.0,0.0
736cdd98fb3e9eb5f6bf,2025-26,2026-01-04,J Brooks,Newcastle United,Crystal Palace,5.0,12.0,17.0,1.0,3.0,4.0,0.0,0.0,0.0
3bf7a72f4b6ac2c4ee95,2025-26,2026-01-04,S Attwell,Tottenham,Sunderland,10.0,6.0,16.0,2.0,3.0,5.0,0.0,0.0,0.0
22ea961b884df6c287d6,2025-26,2026-01-04,C Pawson,Fulham,Liverpool,11.0,4.0,15.0,1.0,1.0,2.0,0.0,0.0,0.0
18f376fd3f28a3807bf5,2025-26,2026-01-04,M Oliver,Manchester City,Chelsea,12.0,14.0,26.0,3.0,3.0,6.0,0.0,0.0,0.0
5b8e612f607960cc817e,2025-26,2026-01-06,T Harrington,West Ham United,Nottingham Forest,15.0,9.0,24.0,3.0,0.0,3.0,0.0,0.0,0.0
022585709455ebddedaf,2025-26,2026-01-07,D England,Bournemouth,Tottenham,19.0,10.0,29.0,3.0,3.0,6.0,0.0,0.0,0.0
113907aae6140acaeac7,2025-26,2026-01-07,M Donohue,Brentford,Sunderland,13.0,13.0,26.0,2.0,1.0,3.0,0.0,0.0,0.0
7b82e72b0e723c6cbb9f,2025-26,2026-01-07,A Madley,Crystal Palace,Aston Villa,8.0,3.0,11.0,2.0,0.0,2.0,0.0,0.0,0.0
96ef19c44a569eb4c76c,2025-26,2026-01-07,T Kirk,Everton,Wolverhampton Wanderers,13.0,15.0,28.0,1.0,3.0,4.0,2.0,0.0,2.0
2854f68a59850bdd02a7,2025-26,2026-01-07,P Bankes,Fulham,Chelsea,11.0,6.0,17.0,3.0,3.0,6.0,0.0,1.0,1.0
18037c109930d2dee03b,2025-26,2026-01-07,T Bramall,Manchester City,Brighton & Hove Albion,6.0,16.0,22.0,1.0,6.0,7.0,0.0,0.0,0.0
04b0cb1a914ebce020a5,2025-26,2026-01-07,S Attwell,Burnley,Manchester United,9.0,8.0,17.0,2.0,0.0,2.0,0.0,0.0,0.0
25610c962b149e505c0a,2025-26,2026-01-07,M Salisbury,Newcastle United,Leeds,11.0,10.0,21.0,3.0,2.0,5.0,0.0,0.0,0.0
1749539dbe346797a5e0,2025-26,2026-01-08,A Taylor,Arsenal,Liverpool,10.0,9.0,19.0,2.0,2.0,4.0,0.0,0.0,0.0
52fcbf3d8152542c4715,2025-26,2026-01-17,A Taylor,Manchester United,Manchester City,13.0,8.0,21.0,2.0,3.0,5.0,0.0,0.0,0.0
67a4d31a9e660d650120,2025-26,2026-01-17,J Brooks,Chelsea,Brentford,7.0,10.0,17.0,3.0,2.0,5.0,0.0,0.0,0.0
fc5b0ee5782dee925e21,2025-26,2026-01-17,C Kavanagh,Leeds,Fulham,6.0,11.0,17.0,1.0,5.0,6.0,0.0,0.0,0.0
247dd233b4adac8bcc99,2025-26,2026-01-17,A Madley,Liverpool,Burnley,8.0,10.0,18.0,1.0,2.0,3.0,0.0,0.0,0.0
35726903e7d882b352b4,2025-26,2026-01-17,R Jones,Sunderland,Crystal Palace,8.0,15.0,23.0,3.0,3.0,6.0,0.0,0.0,0.0
2aa163f9a22dfad204c1,2025-26,2026-01-17,J Gillett,Tottenham,West Ham United,12.0,17.0,29.0,5.0,3.0,8.0,0.0,0.0,0.0
204f559a6052fbe9d7ac,2025-26,2026-01-17,M Oliver,Nottingham Forest,Arsenal,8.0,14.0,22.0,1.0,1.0,2.0,0.0,0.0,0.0
03c93544eda4ad474853,2025-26,2026-01-18,S Barrott,Wolverhampton Wanderers,Newcastle United,14.0,8.0,22.0,2.0,2.0,4.0,0.0,0.0,0.0
6ae07f348c89e0c9e7da,2025-26,2026-01-18,T Harrington,Aston Villa,Everton,15.0,13.0,28.0,1.0,2.0,3.0,0.0,0.0,0.0
0249d70f44f581a709c6,2025-26,2026-01-19,P Tierney,Brighton & Hove Albion,Bournemouth,7.0,6.0,13.0,2.0,3.0,5.0,0.0,0.0,0.0
5cefde467ba4645d8590,2025-26,2026-01-24,T Bramall,West Ham United,Sunderland,9.0,16.0,25.0,2.0,4.0,6.0,0.0,0.0,0.0
edda8f51580ebee33eec,2025-26,2026-01-24,P Bankes,Burnley,Tottenham,8.0,9.0,17.0,1.0,0.0,1.0,0.0,0.0,0.0
89c5203cbb73e7575a58,2025-26,2026-01-24,M Oliver,Fulham,Brighton & Hove Albion,10.0,6.0,16.0,1.0,1.0,2.0,0.0,0.0,0.0
fc5938b3befd7e363b67,2025-26,2026-01-24,F Hallam,Manchester City,Wolverhampton Wanderers,16.0,14.0,30.0,1.0,3.0,4.0,0.0,0.0,0.0
e32d2ad886548b86c2a4,2025-26,2026-01-24,M Salisbury,Bournemouth,Liverpool,7.0,7.0,14.0,1.0,1.0,2.0,0.0,0.0,0.0
714cf121b9ae3e17e5a7,2025-26,2026-01-25,S Barrott,Brentford,Nottingham Forest,11.0,10.0,21.0,1.0,0.0,1.0,0.0,0.0,0.0
5bc905fa5a0312f70dcc,2025-26,2026-01-25,D England,Crystal Palace,Chelsea,11.0,10.0,21.0,2.0,2.0,4.0,1.0,0.0,1.0
bf5ed5505e91051efcb3,2025-26,2026-01-25,J Gillett,Newcastle United,Aston Villa,7.0,12.0,19.0,1.0,2.0,3.0,0.0,0.0,0.0
4b6945e4aeb5abfece57,2025-26,2026-01-25,C Pawson,Arsenal,Manchester United,11.0,9.0,20.0,2.0,0.0,2.0,0.0,0.0,0.0
7bf300c44a9f874dd6d8,2025-26,2026-01-26,S Hooper,Everton,Leeds,9.0,13.0,22.0,0.0,3.0,3.0,0.0,0.0,0.0
4bb3269f8123399441b5,2025-26,2026-01-31,C Kavanagh,Brighton & Hove Albion,Everton,13.0,14.0,27.0,1.0,2.0,3.0,0.0,0.0,0.0
b715db5c0c22599679de,2025-26,2026-01-31,S Attwell,Leeds,Arsenal,10.0,7.0,17.0,1.0,1.0,2.0,0.0,0.0,0.0
05d8b4d8480f48aec7d1,2025-26,2026-01-31,M Oliver,Wolverhampton Wanderers,Bournemouth,11.0,15.0,26.0,3.0,3.0,6.0,0.0,0.0,0.0
495431c380309e97db1b,2025-26,2026-01-31,A Taylor,Chelsea,West Ham United,11.0,13.0,24.0,3.0,2.0,5.0,0.0,1.0,1.0
8e0b557a8aa0060d321f,2025-26,2026-01-31,S Hooper,Liverpool,Newcastle United,11.0,7.0,18.0,1.0,3.0,4.0,0.0,0.0,0.0
e293b7a341e2a95bef63,2025-26,2026-02-01,T Robinson,Aston Villa,Brentford,8.0,8.0,16.0,0.0,3.0,3.0,0.0,0.0,0.0
a77e70af7e6334fbeddc,2025-26,2026-02-01,J Brooks,Manchester United,Fulham,6.0,9.0,15.0,2.0,1.0,3.0,0.0,0.0,0.0
89ad153bb913d06c65ef,2025-26,2026-02-01,M Salisbury,Nottingham Forest,Crystal Palace,4.0,12.0,16.0,1.0,3.0,4.0,0.0,0.0,0.0
89eb132219e64f90296e,2025-26,2026-02-01,R Jones,Tottenham,Manchester City,15.0,12.0,27.0,3.0,3.0,6.0,0.0,0.0,0.0
99869d75a542910699eb,2025-26,2026-02-02,P Tierney,Sunderland,Burnley,12.0,10.0,22.0,1.0,4.0,5.0,0.0,0.0,0.0
7f7f936f63e8d45d7b8f,2025-26,2026-02-06,P Bankes,Leeds,Nottingham Forest,9.0,12.0,21.0,1.0,1.0,2.0,0.0,0.0,0.0
84e70867719cbb70787e,2025-26,2026-02-07,M Oliver,Manchester United,Tottenham,12.0,11.0,23.0,1.0,2.0,3.0,0.0,1.0,1.0
61f4584b3e6525a39a97,2025-26,2026-02-07,S Barrott,Arsenal,Sunderland,11.0,8.0,19.0,1.0,2.0,3.0,0.0,0.0,0.0
3412aad69b1e66cb28ee,2025-26,2026-02-07,A Taylor,Bournemouth,Aston Villa,4.0,11.0,15.0,1.0,1.0,2.0,0.0,0.0,0.0
b0cb4b88bf8f8f587370,2025-26,2026-02-07,D England,Burnley,West Ham United,11.0,10.0,21.0,3.0,1.0,4.0,0.0,0.0,0.0
0e180fee81efe92bee7d,2025-26,2026-02-07,S Attwell,Fulham,Everton,11.0,12.0,23.0,1.0,5.0,6.0,0.0,0.0,0.0
c4cb0168420b36281d96,2025-26,2026-02-07,J Gillett,Wolverhampton Wanderers,Chelsea,9.0,10.0,19.0,1.0,1.0,2.0,0.0,0.0,0.0
a21568ac8b2d81675d55,2025-26,2026-02-07,A Madley,Newcastle United,Brentford,14.0,18.0,32.0,2.0,2.0,4.0,0.0,0.0,0.0
06a53f17184e4abc1289,2025-26,2026-02-08,T Bramall,Brighton & Hove Albion,Crystal Palace,12.0,9.0,21.0,1.0,3.0,4.0,0.0,0.0,0.0
2ca7bd9ec6364cf540b8,2025-26,2026-02-08,C Pawson,Liverpool,Manchester City,13.0,16.0,29.0,2.0,4.0,6.0,1.0,0.0,1.0
31d3a4ae814c9c0d416e,2025-26,2026-02-10,R Jones,Chelsea,Leeds,9.0,13.0,22.0,4.0,4.0,8.0,0.0,0.0,0.0
da17fd208cae964cb94f,2025-26,2026-02-10,A Madley,Everton,Bournemouth,14.0,15.0,29.0,1.0,3.0,4.0,1.0,0.0,1.0
764572aa79b4b1126a05,2025-26,2026-02-10,A Taylor,Tottenham,Newcastle United,15.0,11.0,26.0,3.0,2.0,5.0,0.0,0.0,0.0
99037afb61466fe8704e,2025-26,2026-02-10,S Hooper,West Ham United,Manchester United,10.0,4.0,14.0,1.0,1.0,2.0,0.0,0.0,0.0
a311727305e0da12e939,2025-26,2026-02-11,P Bankes,Aston Villa,Brighton & Hove Albion,9.0,15.0,24.0,2.0,3.0,5.0,0.0,0.0,0.0
63837b7e826727f1b7c4,2025-26,2026-02-11,F Hallam,Crystal Palace,Burnley,11.0,8.0,19.0,2.0,1.0,3.0,0.0,0.0,0.0
0257961cc1425c1adfad,2025-26,2026-02-11,P Tierney,Manchester City,Fulham,8.0,10.0,18.0,3.0,1.0,4.0,0.0,0.0,0.0
31d0846eb96cd7727ab0,2025-26,2026-02-11,T Robinson,Nottingham Forest,Wolverhampton Wanderers,12.0,13.0,25.0,0.0,2.0,2.0,0.0,0.0,0.0
20efad507f628a102651,2025-26,2026-02-11,C Kavanagh,Sunderland,Liverpool,8.0,10.0,18.0,1.0,0.0,1.0,0.0,0.0,0.0
607b5fe3e96a4d89b8b9,2025-26,2026-02-12,J Brooks,Brentford,Arsenal,12.0,11.0,23.0,3.0,2.0,5.0,0.0,0.0,0.0
c916fcce3b968ccf5d74,2025-26,2026-02-18,P Tierney,Wolverhampton Wanderers,Arsenal,6.0,8.0,14.0,2.0,1.0,3.0,0.0,0.0,0.0
5f0626dde15bb0366cb3,2025-26,2026-02-21,M Oliver,Aston Villa,Leeds,11.0,16.0,27.0,1.0,4.0,5.0,0.0,0.0,0.0
26797923e6a7906e3bd9,2025-26,2026-02-21,J Gillett,Brentford,Brighton & Hove Albion,9.0,14.0,23.0,1.0,2.0,3.0,0.0,0.0,0.0
ffdfa80ff3988c8929fc,2025-26,2026-02-21,L Smith,Chelsea,Burnley,13.0,11.0,24.0,2.0,2.0,4.0,1.0,0.0,1.0
32a8f9b874a1b7e75dd5,2025-26,2026-02-21,S Barrott,West Ham United,Bournemouth,10.0,11.0,21.0,1.0,1.0,2.0,0.0,0.0,0.0
6ec185a516091120516c,2025-26,2026-02-21,T Bramall,Manchester City,Newcastle United,12.0,13.0,25.0,2.0,5.0,7.0,0.0,0.0,0.0
4e177ccc436e6824db28,2025-26,2026-02-22,T Kirk,Crystal Palace,Wolverhampton Wanderers,19.0,13.0,32.0,5.0,1.0,6.0,0.0,1.0,1.0
debd6e93a948a29daca5,2025-26,2026-02-22,A Taylor,Nottingham Forest,Liverpool,13.0,9.0,22.0,2.0,0.0,2.0,0.0,0.0,0.0
98dc1d86bb6e6306a5bf,2025-26,2026-02-22,C Pawson,Sunderland,Fulham,6.0,13.0,19.0,1.0,1.0,2.0,0.0,0.0,0.0
0629a2d353bc749397dd,2025-26,2026-02-22,P Bankes,Tottenham,Arsenal,17.0,11.0,28.0,2.0,1.0,3.0,0.0,0.0,0.0
95f3fd540d2262f24a32,2025-26,2026-02-23,D England,Everton,Manchester United,12.0,7.0,19.0,2.0,3.0,5.0,0.0,0.0,0.0
bab7107c11b46cbf53d8,2025-26,2026-02-27,C Pawson,Wolverhampton Wanderers,Aston Villa,13.0,19.0,32.0,3.0,3.0,6.0,0.0,0.0,0.0
3224c031286668121143,2025-26,2026-02-28,J Gillett,Bournemouth,Sunderland,15.0,12.0,27.0,4.0,2.0,6.0,0.0,0.0,0.0
29babd4bf55811fb9e81,2025-26,2026-02-28,S Barrott,Burnley,Brentford,9.0,9.0,18.0,2.0,2.0,4.0,0.0,0.0,0.0
37f20906e16370ca790c,2025-26,2026-02-28,T Robinson,Liverpool,West Ham United,12.0,11.0,23.0,2.0,2.0,4.0,0.0,0.0,0.0
b017c9d4349d169b94dd,2025-26,2026-02-28,S Attwell,Newcastle United,Everton,15.0,7.0,22.0,2.0,3.0,5.0,0.0,0.0,0.0
cd1a6117f593109e2341,2025-26,2026-02-28,P Bankes,Leeds,Manchester City,10.0,8.0,18.0,0.0,3.0,3.0,0.0,0.0,0.0
c789888144ce4ab51add,2025-26,2026-03-01,A Madley,Brighton & Hove Albion,Nottingham Forest,12.0,13.0,25.0,3.0,1.0,4.0,0.0,0.0,0.0
f645f95a774087521170,2025-26,2026-03-01,T Bramall,Fulham,Tottenham,11.0,14.0,25.0,3.0,3.0,6.0,0.0,0.0,0.0
249ca46882a9349e450c,2025-26,2026-03-01,C Kavanagh,Manchester United,Crystal Palace,13.0,12.0,25.0,2.0,2.0,4.0,0.0,1.0,1.0
dbdda2398f2bf90109b3,2025-26,2026-03-01,D England,Arsenal,Chelsea,11.0,14.0,25.0,1.0,3.0,4.0,0.0,1.0,1.0
cd3b78ae19cf4d3f2db4,2025-26,2026-03-03,C Pawson,Bournemouth,Brentford,9.0,10.0,19.0,2.0,1.0,3.0,0.0,0.0,0.0
2a9b2848628ee0e22aab,2025-26,2026-03-03,T Robinson,Everton,Burnley,10.0,12.0,22.0,0.0,1.0,1.0,0.0,0.0,0.0
01afedea81d5e0258f12,2025-26,2026-03-03,S Attwell,Leeds,Sunderland,15.0,19.0,34.0,1.0,3.0,4.0,0.0,0.0,0.0
5cf3171bc7678c977b4e,2025-26,2026-03-03,T Bramall,Wolverhampton Wanderers,Liverpool,10.0,13.0,23.0,2.0,1.0,3.0,0.0,0.0,0.0
c240494d3487f6557558,2025-26,2026-03-04,J Gillett,Aston Villa,Chelsea,10.0,9.0,19.0,3.0,2.0,5.0,0.0,0.0,0.0
e2929f93e6796afcaefa,2025-26,2026-03-04,C Kavanagh,Brighton & Hove Albion,Arsenal,14.0,12.0,26.0,4.0,1.0,5.0,0.0,0.0,0.0
3d3950b35cd98ee73b30,2025-26,2026-03-04,M Donohue,Fulham,West Ham United,14.0,12.0,26.0,2.0,4.0,6.0,0.0,0.0,0.0
142d0922f16ecf6c2d85,2025-26,2026-03-04,D England,Manchester City,Nottingham Forest,10.0,6.0,16.0,0.0,4.0,4.0,0.0,0.0,0.0
751beb2fd637b990782e,2025-26,2026-03-04,P Bankes,Newcastle United,Manchester United,15.0,16.0,31.0,2.0,3.0,5.0,1.0,0.0,1.0
1cc6c218219665df3971,2025-26,2026-03-05,A Madley,Tottenham,Crystal Palace,14.0,14.0,28.0,3.0,2.0,5.0,0.0,0.0,0.0
630d787184699485e50a,2025-26,2026-03-14,P Bankes,Burnley,Bournemouth,11.0,5.0,16.0,1.0,0.0,1.0,0.0,0.0,0.0
fa7b60f026fbafbbcd54,2025-26,2026-03-14,T Kirk,Sunderland,Brighton & Hove Albion,7.0,12.0,19.0,1.0,2.0,3.0,0.0,0.0,0.0
dde2ce971fae1bec09f0,2025-26,2026-03-14,A Madley,Arsenal,Everton,11.0,12.0,23.0,0.0,0.0,0.0,0.0,0.0,0.0
3e842201af695086934c,2025-26,2026-03-14,P Tierney,Chelsea,Newcastle United,9.0,10.0,19.0,2.0,2.0,4.0,0.0,0.0,0.0
970d2893e609aa9cfa52,2025-26,2026-03-14,M Oliver,West Ham United,Manchester City,14.0,5.0,19.0,2.0,2.0,4.0,0.0,0.0,0.0
52010f7591847b9da53a,2025-26,2026-03-15,T Bramall,Crystal Palace,Leeds,12.0,11.0,23.0,2.0,1.0,3.0,0.0,1.0,1.0
fe18f81dcc72eccbcc2f,2025-26,2026-03-15,A Taylor,Manchester United,Aston Villa,10.0,5.0,15.0,3.0,2.0,5.0,0.0,0.0,0.0
0ce38ed1e9540af56e6b,2025-26,2026-03-15,S Barrott,Nottingham Forest,Fulham,8.0,10.0,18.0,2.0,3.0,5.0,0.0,0.0,0.0
0db3cea12eda6b54fe12,2025-26,2026-03-15,C Kavanagh,Liverpool,Tottenham,8.0,13.0,21.0,0.0,0.0,0.0,0.0,0.0,0.0
e8e9540f34a352130bba,2025-26,2026-03-16,S Attwell,Brentford,Wolverhampton Wanderers,12.0,10.0,22.0,2.0,4.0,6.0,0.0,0.0,0.0
f81a3cd52e883f32463e,2025-26,2026-03-20,S Attwell,Bournemouth,Manchester United,10.0,9.0,19.0,2.0,2.0,4.0,0.0,1.0,1.0
e3cb7318914166b2e212,2025-26,2026-03-21,D England,Brighton & Hove Albion,Liverpool,11.0,11.0,22.0,5.0,5.0,10.0,0.0,0.0,0.0
4552df97b1b86b170a5d,2025-26,2026-03-21,C Kavanagh,Fulham,Burnley,6.0,9.0,15.0,2.0,2.0,4.0,0.0,1.0,1.0
c81f1166a30e51eb0db3,2025-26,2026-03-21,S Barrott,Everton,Chelsea,6.0,7.0,13.0,0.0,2.0,2.0,0.0,0.0,0.0
630b5bae36a72d638c6b,2025-26,2026-03-21,J Gillett,Leeds,Brentford,6.0,9.0,15.0,2.0,0.0,2.0,0.0,0.0,0.0
1bf1d218d048df454fe5,2025-26,2026-03-22,A Taylor,Newcastle United,Sunderland,8.0,19.0,27.0,1.0,6.0,7.0,0.0,0.0,0.0
29ad0ec5408d32882854,2025-26,2026-03-22,P Tierney,Aston Villa,West Ham United,3.0,7.0,10.0,0.0,1.0,1.0,0.0,0.0,0.0
0eacc08f1932770bf018,2025-26,2026-03-22,M Oliver,Tottenham,Nottingham Forest,13.0,13.0,26.0,1.0,2.0,3.0,0.0,0.0,0.0
cb2b6915f1a2553c63a2,2025-26,2026-04-10,J Gillett,West Ham United,Wolverhampton Wanderers,11.0,7.0,18.0,2.0,2.0,4.0,0.0,0.0,0.0
563ee77c8a5d8063c33f,2025-26,2026-04-11,M Oliver,Arsenal,Bournemouth,12.0,18.0,30.0,1.0,3.0,4.0,0.0,0.0,0.0
dc9763cca4017950517d,2025-26,2026-04-11,F Hallam,Brentford,Everton,6.0,7.0,13.0,0.0,2.0,2.0,0.0,0.0,0.0
d21eba8b4334e9010263,2025-26,2026-04-11,T Bramall,Burnley,Brighton & Hove Albion,7.0,11.0,18.0,2.0,1.0,3.0,0.0,0.0,0.0
1b45ddf44e36a2cfd9d9,2025-26,2026-04-11,A Taylor,Liverpool,Fulham,10.0,4.0,14.0,0.0,0.0,0.0,0.0,0.0,0.0
32962a30fae99ec760f2,2025-26,2026-04-12,A Madley,Crystal Palace,Newcastle United,17.0,12.0,29.0,0.0,3.0,3.0,0.0,0.0,0.0
00c8da6e33c32e94acdd,2025-26,2026-04-12,M Salisbury,Nottingham Forest,Aston Villa,15.0,10.0,25.0,2.0,2.0,4.0,0.0,0.0,0.0
85e6b18ed72f60018b26,2025-26,2026-04-12,R Jones,Sunderland,Tottenham,14.0,15.0,29.0,3.0,3.0,6.0,0.0,0.0,0.0
99ef482f5edf404f35df,2025-26,2026-04-12,C Kavanagh,Chelsea,Manchester City,10.0,14.0,24.0,3.0,1.0,4.0,0.0,0.0,0.0
84b5e5e920f8e6219185,2025-26,2026-04-13,P Tierney,Manchester United,Leeds,12.0,15.0,27.0,3.0,2.0,5.0,1.0,0.0,1.0
c401eb5363ef87ffb49d,2025-26,2026-04-18,P Tierney,Brentford,Fulham,8.0,13.0,21.0,0.0,1.0,1.0,0.0,0.0,0.0
b2dcfbcba67ca28375c7,2025-26,2026-04-18,F Hallam,Leeds,Wolverhampton Wanderers,9.0,17.0,26.0,2.0,1.0,3.0,0.0,0.0,0.0
53ab430adbe52fb75c47,2025-26,2026-04-18,T Bramall,Newcastle United,Bournemouth,11.0,12.0,23.0,2.0,4.0,6.0,0.0,0.0,0.0
799668670d8370ac3298,2025-26,2026-04-18,S Attwell,Tottenham,Brighton & Hove Albion,14.0,14.0,28.0,3.0,1.0,4.0,0.0,0.0,0.0
078b7349327132f0a1a8,2025-26,2026-04-18,M Oliver,Chelsea,Manchester United,12.0,13.0,25.0,1.0,3.0,4.0,0.0,0.0,0.0
94245937e3757f50d79e,2025-26,2026-04-19,S Barrott,Aston Villa,Sunderland,11.0,11.0,22.0,1.0,3.0,4.0,0.0,0.0,0.0
baae4a38c255cc51fb40,2025-26,2026-04-19,C Kavanagh,Everton,Liverpool,8.0,12.0,20.0,2.0,0.0,2.0,0.0,0.0,0.0
a79b5f1dc022e3257a54,2025-26,2026-04-19,T Kirk,Nottingham Forest,Burnley,8.0,12.0,20.0,0.0,2.0,2.0,0.0,0.0,0.0
7a995b3227c24576ddb5,2025-26,2026-04-19,A Taylor,Manchester City,Arsenal,5.0,12.0,17.0,2.0,2.0,4.0,0.0,0.0,0.0
5ae9b9511b0df837d2c7,2025-26,2026-04-20,D England,Crystal Palace,West Ham United,13.0,12.0,25.0,2.0,1.0,3.0,0.0,0.0,0.0
6a90ec6cb3268e5ecbd0,2025-26,2026-04-21,C Pawson,Brighton & Hove Albion,Chelsea,15.0,6.0,21.0,1.0,1.0,2.0,0.0,0.0,0.0
d1cb61f5ff572f731070,2025-26,2026-04-22,M Salisbury,Bournemouth,Leeds,6.0,10.0,16.0,3.0,0.0,3.0,0.0,0.0,0.0
26c1bfb70efbd5590a3e,2025-26,2026-04-22,A Madley,Burnley,Manchester City,10.0,12.0,22.0,0.0,0.0,0.0,0.0,0.0,0.0
811b5df1218b3a5aa1e6,2025-26,2026-04-24,D England,Sunderland,Nottingham Forest,13.0,15.0,28.0,2.0,5.0,7.0,0.0,0.0,0.0
584078ab8931f3e48415,2025-26,2026-04-25,M Oliver,Fulham,Aston Villa,14.0,12.0,26.0,2.0,2.0,4.0,0.0,0.0,0.0
4bb91e1f24665bc3c11e,2025-26,2026-04-25,A Madley,Liverpool,Crystal Palace,10.0,10.0,20.0,1.0,3.0,4.0,0.0,0.0,0.0
aaf3f0e6c1f9f536dc4e,2025-26,2026-04-25,S Attwell,West Ham United,Everton,9.0,11.0,20.0,3.0,4.0,7.0,0.0,0.0,0.0
af58cc8b6eeed98e8452,2025-26,2026-04-25,A Taylor,Wolverhampton Wanderers,Tottenham,8.0,14.0,22.0,3.0,4.0,7.0,0.0,0.0,0.0
b1d63d9d9cd6d243c3e7,2025-26,2026-04-25,S Barrott,Arsenal,Newcastle United,13.0,10.0,23.0,2.0,2.0,4.0,0.0,0.0,0.0
60bc443dcce32d7658ec,2025-26,2026-04-27,C Kavanagh,Manchester United,Brentford,6.0,9.0,15.0,2.0,4.0,6.0,0.0,0.0,0.0
282cd39cf3e0b3bc79c5,2025-26,2026-05-01,T Bramall,Leeds,Burnley,12.0,11.0,23.0,4.0,3.0,7.0,0.0,0.0,0.0
f4e074fae7b7efa8369f,2025-26,2026-05-02,C Pawson,Brentford,West Ham United,8.0,12.0,20.0,1.0,3.0,4.0,0.0,0.0,0.0
edf2903c39ba5174640f,2025-26,2026-05-02,C Kavanagh,Newcastle United,Brighton & Hove Albion,10.0,12.0,22.0,3.0,3.0,6.0,0.0,0.0,0.0
162faebe8ca596ee8b7d,2025-26,2026-05-02,P Tierney,Wolverhampton Wanderers,Sunderland,11.0,11.0,22.0,0.0,4.0,4.0,0.0,1.0,1.0
f2ea067dc0222239eeba,2025-26,2026-05-02,J Gillett,Arsenal,Fulham,7.0,12.0,19.0,0.0,1.0,1.0,0.0,0.0,0.0
5d6a296e81539e96a790,2025-26,2026-05-03,R Jones,Bournemouth,Crystal Palace,10.0,11.0,21.0,0.0,2.0,2.0,0.0,0.0,0.0
eda6ae3134f45e8f3123,2025-26,2026-05-03,D England,Manchester United,Liverpool,12.0,11.0,23.0,2.0,2.0,4.0,0.0,0.0,0.0
392999311c7a870ecbe1,2025-26,2026-05-03,S Barrott,Aston Villa,Tottenham,12.0,12.0,24.0,2.0,5.0,7.0,0.0,0.0,0.0
10540973f68c23ad08c3,2025-26,2026-05-04,A Taylor,Chelsea,Nottingham Forest,12.0,10.0,22.0,3.0,1.0,4.0,0.0,0.0,0.0
74dcb1dcd18513baf5c4,2025-26,2026-05-04,M Oliver,Everton,Manchester City,15.0,5.0,20.0,4.0,1.0,5.0,0.0,0.0,0.0
357b9b44bdc3b298c09d,2025-26,2026-05-09,C Pawson,Liverpool,Chelsea,17.0,17.0,34.0,2.0,4.0,6.0,0.0,0.0,0.0
2e36279a486e44f8e698,2025-26,2026-05-09,J Brooks,Brighton & Hove Albion,Wolverhampton Wanderers,9.0,11.0,20.0,1.0,2.0,3.0,0.0,0.0,0.0
75c16a5f77d36a35e1c7,2025-26,2026-05-09,A Madley,Fulham,Bournemouth,12.0,21.0,33.0,4.0,2.0,6.0,1.0,1.0,2.0
8f4f55739b493d318913,2025-26,2026-05-09,S Attwell,Sunderland,Manchester United,12.0,12.0,24.0,0.0,3.0,3.0,0.0,0.0,0.0
e06157009a58bf7a517c,2025-26,2026-05-09,M Salisbury,Manchester City,Brentford,8.0,14.0,22.0,4.0,2.0,6.0,0.0,0.0,0.0
5117a8132a9a0ce70c0c,2025-26,2026-05-10,A Taylor,Burnley,Aston Villa,18.0,8.0,26.0,1.0,1.0,2.0,0.0,0.0,0.0
5d110626dc0adc04ac49,2025-26,2026-05-10,T Bramall,Crystal Palace,Everton,5.0,13.0,18.0,0.0,2.0,2.0,0.0,0.0,0.0
c341f8cb0ccee7672c4f,2025-26,2026-05-10,P Tierney,Nottingham Forest,Newcastle United,16.0,11.0,27.0,2.0,0.0,2.0,0.0,0.0,0.0
8cfdf4238181118636af,2025-26,2026-05-10,C Kavanagh,West Ham United,Arsenal,14.0,12.0,26.0,3.0,4.0,7.0,0.0,0.0,0.0
e9143f1f7da972e8bbc5,2025-26,2026-05-11,J Gillett,Tottenham,Leeds,12.0,7.0,19.0,3.0,1.0,4.0,0.0,0.0,0.0
94a051a38206ab0440f9,2025-26,2026-05-13,S Attwell,Manchester City,Crystal Palace,10.0,7.0,17.0,0.0,2.0,2.0,0.0,0.0,0.0
47fb399e2b0298f0a5c6,2025-26,2026-05-15,C Kavanagh,Aston Villa,Liverpool,12.0,9.0,21.0,3.0,1.0,4.0,0.0,0.0,0.0
70793132b5cba140df56,2025-26,2026-05-17,M Salisbury,Manchester United,Nottingham Forest,11.0,5.0,16.0,2.0,1.0,3.0,0.0,0.0,0.0
b6b086e667f01fc321a7,2025-26,2026-05-17,S Barrott,Brentford,Crystal Palace,7.0,5.0,12.0,1.0,3.0,4.0,0.0,0.0,0.0
f33e788b92e93d3df749,2025-26,2026-05-17,J Brooks,Everton,Sunderland,14.0,9.0,23.0,3.0,0.0,3.0,0.0,0.0,0.0
717275c52836f9e908b3,2025-26,2026-05-17,M Oliver,Leeds,Brighton & Hove Albion,9.0,7.0,16.0,1.0,0.0,1.0,0.0,0.0,0.0
08ac84a9d86c10477bcf,2025-26,2026-05-17,T Kirk,Wolverhampton Wanderers,Fulham,20.0,8.0,28.0,1.0,0.0,1.0,0.0,0.0,0.0
d10c766f472d3e165def,2025-26,2026-05-17,J Gillett,Newcastle United,West Ham United,8.0,11.0,19.0,1.0,3.0,4.0,0.0,0.0,0.0
de3ccdeae6f95be60466,2025-26,2026-05-18,P Tierney,Arsenal,Burnley,7.0,16.0,23.0,1.0,3.0,4.0,0.0,0.0,0.0
b0ebd1c12b58f1c6e148,2025-26,2026-05-19,A Taylor,Bournemouth,Manchester City,16.0,7.0,23.0,4.0,2.0,6.0,0.0,0.0,0.0
d5865ba591119e2c3b7a,2025-26,2026-05-19,S Attwell,Chelsea,Tottenham,11.0,18.0,29.0,4.0,3.0,7.0,0.0,0.0,0.0
68d8ccd8f20b9df0cd48,2025-26,2026-05-24,S Barrott,Brighton & Hove Albion,Manchester United,11.0,8.0,19.0,0.0,1.0,1.0,0.0,0.0,0.0
c1c7ed940e7aed84aca8,2025-26,2026-05-24,A Kitchen,Burnley,Wolverhampton Wanderers,10.0,11.0,21.0,2.0,2.0,4.0,0.0,0.0,0.0
a653fc4b05c0576a884e,2025-26,2026-05-24,F Hallam,Crystal Palace,Arsenal,9.0,12.0,21.0,0.0,1.0,1.0,0.0,0.0,0.0
baa7080b4656f818b370,2025-26,2026-05-24,R Jones,Fulham,Newcastle United,13.0,6.0,19.0,2.0,2.0,4.0,0.0,0.0,0.0
be428d26171087c1b564,2025-26,2026-05-24,D England,Liverpool,Brentford,9.0,9.0,18.0,2.0,3.0,5.0,0.0,0.0,0.0
ee1aa1587511612c9b8e,2025-26,2026-05-24,A Madley,Manchester City,Aston Villa,8.0,4.0,12.0,1.0,0.0,1.0,0.0,0.0,0.0
f3691569a289a4821be6,2025-26,2026-05-24,C Pawson,Nottingham Forest,Bournemouth,11.0,7.0,18.0,1.0,1.0,2.0,0.0,0.0,0.0
7921a1c01164d6b3395d,2025-26,2026-05-24,C Kavanagh,Sunderland,Chelsea,15.0,18.0,33.0,3.0,2.0,5.0,0.0,0.0,0.0
aec3745c5a083e7138dd,2025-26,2026-05-24,M Oliver,Tottenham,Everton,15.0,12.0,27.0,5.0,3.0,8.0,0.0,1.0,1.0
cd46c4374068182ca4c8,2025-26,2026-05-24,A Taylor,West Ham United,Leeds,11.0,14.0,25.0,0.0,3.0,3.0,0.0,0.0,0.0
0a9f0bf0a8674d2a443b,2026-27,2026-08-21,T Bramall,Arsenal,Coventry,10.0,13.0,23.0,1.0,1.0,2.0,0.0,0.0,0.0
2304a830a7804f34b177,2026-27,2026-08-22,D England,Hull,Manchester United,10.0,9.0,19.0,2.0,1.0,3.0,0.0,0.0,0.0
0598a9ab3c118e779149,2026-27,2026-08-22,P Tierney,Everton,Crystal Palace,5.0,15.0,20.0,0.0,1.0,1.0,0.0,0.0,0.0
b2d5bc1930cf4a61af0f,2026-27,2026-08-22,F Hallam,Ipswich,Sunderland,12.0,14.0,26.0,0.0,3.0,3.0,0.0,0.0,0.0
10489473369ebe324438,2026-27,2026-08-22,R Jones,Nottingham Forest,Leeds,15.0,14.0,29.0,2.0,1.0,3.0,0.0,0.0,0.0
c5b6dd470d2e2dc1a27a,2026-27,2026-08-22,M Oliver,Brentford,Tottenham,17.0,14.0,31.0,1.0,1.0,2.0,0.0,0.0,0.0
80126a3bcc5879d95522,2026-27,2026-08-23,P Bankes,Brighton & Hove Albion,Aston Villa,12.0,11.0,23.0,2.0,3.0,5.0,0.0,1.0,1.0
ed9e18269eda32e0e17e,2026-27,2026-08-23,J Gillett,Manchester City,Bournemouth,11.0,11.0,22.0,1.0,2.0,3.0,0.0,0.0,0.0
2460c740d97e55fc3a94,2026-27,2026-08-23,S Attwell,Newcastle United,Liverpool,16.0,15.0,31.0,5.0,3.0,8.0,0.0,0.0,0.0
092f05f36b9603960bbf,2026-27,2026-08-24,J Brooks,Fulham,Chelsea,12.0,7.0,19.0,2.0,3.0,5.0,0.0,0.0,0.0
a0470ebb184b0bd4003b,2026-27,2026-08-28,A Madley,Crystal Palace,Manchester City,8.0,11.0,19.0,1.0,2.0,3.0,0.0,0.0,0.0
353bef59cda87f707b4c,2026-27,2026-08-29,S Barrott,Liverpool,Nottingham Forest,13.0,10.0,23.0,4.0,2.0,6.0,0.0,0.0,0.0
b24b89c2b322d9a9f56b,2026-27,2026-08-29,C Kavanagh,Bournemouth,Everton,11.0,14.0,25.0,3.0,2.0,5.0,0.0,0.0,0.0
abab64766a74e3378a6a,2026-27,2026-08-29,J Smith,Coventry,Hull,11.0,8.0,19.0,1.0,4.0,5.0,0.0,0.0,0.0
6688eafeea0b6c9e0a50,2026-27,2026-08-29,P Bankes,Tottenham,Newcastle United,15.0,9.0,24.0,1.0,2.0,3.0,0.0,0.0,0.0
7372144be6bbd6de972b,2026-27,2026-08-30,M Oliver,Chelsea,Brighton & Hove Albion,6.0,12.0,18.0,1.0,3.0,4.0,0.0,0.0,0.0
3f09a3810cb7e16ee46f,2026-27,2026-08-30,T Harrington,Leeds,Brentford,5.0,13.0,18.0,0.0,4.0,4.0,0.0,0.0,0.0
d0e7c9f309d445470105,2026-27,2026-08-30,M Salisbury,Sunderland,Fulham,10.0,15.0,25.0,0.0,2.0,2.0,0.0,0.0,0.0
067c1013a1455149f8a5,2026-27,2026-08-30,C Pawson,Manchester United,Ipswich,7.0,12.0,19.0,1.0,3.0,4.0,0.0,0.0,0.0
bf024f05349f8b455088,2026-27,2026-08-31,J Gillett,Aston Villa,Arsenal,17.0,6.0,23.0,3.0,1.0,4.0,0.0,0.0,0.0
