season,as_of_date,team,scope,window,matches_used,fouls_committed_avg,fouls_suffered_avg,corners_for_avg,corners_against_avg,yellow_cards_avg,yellow_cards_opponent_avg,shots_for_avg,shots_against_avg,shots_on_target_for_avg,shots_on_target_against_avg,goals_for_avg,goals_against_avg,xg_for_avg,xg_against_avg
2022-23,2023-05-28,Arsenal,ALL,0,38,9.81578947368421,12.026315789473685,5.868421052631579,3.710526315789474,1.3421052631578947,2.1578947368421053,15.605263157894736,8.973684210526315,5.368421052631579,3.5789473684210527,2.3157894736842106,1.131578947368421,,
2022-23,2023-05-28,Arsenal,ALL,3,3,11.0,13.0,6.333333333333333,3.0,1.0,1.6666666666666667,13.0,8.0,4.333333333333333,2.6666666666666665,1.6666666666666667,1.3333333333333333,,
2022-23,2023-05-28,Arsenal,ALL,5,5,11.0,13.0,6.0,4.0,0.8,1.8,13.0,8.6,5.8,3.4,2.0,1.0,,
2022-23,2023-05-28,Arsenal,ALL,10,10,10.8,12.7,5.0,3.8,1.2,2.4,13.1,10.9,5.3,4.6,2.2,1.7,,
2022-23,2023-05-28,Arsenal,HOME,0,19,9.631578947368421,11.842105263157896,7.0,2.9473684210526314,0.8947368421052632,2.1052631578947367,18.63157894736842,7.421052631578948,6.473684210526316,3.526315789473684,2.789473684210526,1.3157894736842106,,
2022-23,2023-05-28,Arsenal,HOME,3,3,10.333333333333334,12.666666666666666,6.666666666666667,2.6666666666666665,0.3333333333333333,1.3333333333333333,14.666666666666666,8.333333333333334,6.666666666666667,3.3333333333333335,2.6666666666666665,1.3333333333333333,,
2022-23,2023-05-28,Arsenal,HOME,5,5,10.4,13.0,6.2,2.6,0.4,2.2,16.4,8.0,6.4,4.2,3.0,1.6,,
2022-23,2023-05-28,Arsenal,HOME,10,10,9.1,11.9,6.6,2.6,0.4,2.1,17.6,7.8,5.9,4.2,2.8,1.5,,
2022-23,2023-05-28,Arsenal,AWAY,0,19,10.0,12.210526315789474,4.7368421052631575,4.473684210526316,1.7894736842105263,2.210526315789474,12.578947368421053,10.526315789473685,4.2631578947368425,3.6315789473684212,1.8421052631578947,0.9473684210526315,,
2022-23,2023-05-28,Arsenal,AWAY,3,3,12.333333333333334,13.333333333333334,4.333333333333333,4.333333333333333,1.3333333333333333,2.6666666666666665,9.666666666666666,10.666666666666666,3.6666666666666665,5.333333333333333,1.0,1.6666666666666667,,
2022-23,2023-05-28,Arsenal,AWAY,5,5,11.2,12.4,3.8,5.0,2.0,2.6,9.8,13.8,4.2,5.0,1.4,1.8,,
2022-23,2023-05-28,Arsenal,AWAY,10,10,10.1,12.8,5.2,4.2,1.6,2.3,12.3,11.8,4.3,4.3,1.7,1.2,,
2022-23,2023-05-28,Aston Villa,ALL,0,38,10.973684210526315,13.078947368421053,4.342105263157895,5.578947368421052,2.1052631578947367,2.0526315789473686,11.342105263157896,11.131578947368421,3.973684210526316,4.184210526315789,1.3421052631578947,1.2105263157894737,,
2022-23,2023-05-28,Aston Villa,ALL,3,3,12.333333333333334,15.333333333333334,5.333333333333333,5.0,4.0,3.3333333333333335,8.666666666666666,7.666666666666667,4.0,3.6666666666666665,1.6666666666666667,1.0,,
2022-23,2023-05-28,Aston Villa,ALL,5,5,10.6,16.4,5.2,4.2,3.0,3.0,9.8,8.6,3.2,3.8,1.0,1.0,,
2022-23,2023-05-28,Aston Villa,ALL,10,10,10.1,15.4,5.4,4.5,2.4,2.7,11.6,7.3,3.5,3.2,1.4,0.7,,
2022-23,2023-05-28,Aston Villa,HOME,0,19,10.052631578947368,11.894736842105264,4.7894736842105265,4.947368421052632,1.9473684210526316,1.9473684210526316,11.894736842105264,9.578947368421053,4.631578947368421,3.1578947368421053,1.736842105263158,1.105263157894737,,
2022-23,2023-05-28,Aston Villa,HOME,3,3,10.0,16.0,6.666666666666667,2.6666666666666665,3.3333333333333335,3.0,11.333333333333334,4.666666666666667,4.0,2.0,1.6666666666666667,0.6666666666666666,,
2022-23,2023-05-28,Aston Villa,HOME,5,5,10.0,16.0,5.6,3.6,2.8,2.8,11.6,5.6,4.2,2.0,2.0,0.4,,
2022-23,2023-05-28,Aston Villa,HOME,10,10,10.7,13.2,5.2,5.1,2.1,2.6,12.3,8.6,4.5,2.7,2.0,1.1,,
2022-23,2023-05-28,Aston Villa,AWAY,0,19,11.894736842105264,14.263157894736842,3.8947368421052633,6.2105263157894735,2.263157894736842,2.1578947368421053,10.789473684210526,12.68421052631579,3.3157894736842106,5.2105263157894735,0.9473684210526315,1.3157894736842106,,
2022-23,2023-05-28,Aston Villa,AWAY,3,3,9.666666666666666,17.333333333333332,4.666666666666667,5.0,2.6666666666666665,2.6666666666666665,9.666666666666666,10.0,2.3333333333333335,4.333333333333333,0.3333333333333333,1.0,,
2022-23,2023-05-28,Aston Villa,AWAY,5,5,10.2,14.8,5.2,5.4,2.0,2.6,11.6,9.0,2.8,4.4,0.8,1.0,,
2022-23,2023-05-28,Aston Villa,AWAY,10,10,10.8,14.0,3.7,6.8,1.8,2.1,10.6,12.9,3.2,5.5,1.1,0.9,,
2022-23,2023-05-28,Bournemouth,ALL,0,38,10.289473684210526,9.868421052631579,3.789473684210526,7.157894736842105,1.7894736842105263,1.3421052631578947,9.342105263157896,16.473684210526315,3.5,5.421052631578948,0.9736842105263158,1.868421052631579,,
2022-23,2023-05-28,Bournemouth,ALL,3,3,10.0,7.666666666666667,2.6666666666666665,8.666666666666666,2.0,0.3333333333333333,7.333333333333333,16.666666666666668,2.0,5.333333333333333,0.0,1.3333333333333333,,
2022-23,2023-05-28,Bournemouth,ALL,5,5,10.2,9.6,3.4,7.8,1.6,0.8,8.8,15.2,3.4,5.4,1.0,1.6,,
2022-23,2023-05-28,Bournemouth,ALL,10,10,10.2,8.8,4.1,6.9,1.8,0.8,11.6,15.9,4.0,5.7,1.0,1.6,,
2022-23,2023-05-28,Bournemouth,HOME,0,19,10.68421052631579,10.210526315789474,4.315789473684211,6.105263157894737,1.5789473684210527,1.736842105263158,10.421052631578947,15.263157894736842,3.789473684210526,5.105263157894737,1.0526315789473684,1.4736842105263157,,
2022-23,2023-05-28,Bournemouth,HOME,3,3,9.0,10.666666666666666,4.0,6.333333333333333,1.0,1.0,10.666666666666666,15.333333333333334,5.0,5.333333333333333,1.6666666666666667,1.6666666666666667,,
2022-23,2023-05-28,Bournemouth,HOME,5,5,9.0,9.0,5.0,5.8,1.0,1.2,12.6,16.0,4.6,6.4,1.0,2.2,,
2022-23,2023-05-28,Bournemouth,HOME,10,10,9.5,9.3,4.4,5.8,1.3,1.8,12.0,16.0,4.3,5.7,1.1,1.8,,
2022-23,2023-05-28,Bournemouth,AWAY,0,19,9.894736842105264,9.526315789473685,3.263157894736842,8.210526315789474,2.0,0.9473684210526315,8.263157894736842,17.68421052631579,3.210526315789474,5.7368421052631575,0.8947368421052632,2.263157894736842,,
2022-23,2023-05-28,Bournemouth,AWAY,3,3,11.666666666666666,8.333333333333334,3.0,8.666666666666666,2.6666666666666665,0.3333333333333333,9.333333333333334,13.666666666666666,1.3333333333333333,4.333333333333333,0.3333333333333333,1.0,,
2022-23,2023-05-28,Bournemouth,AWAY,5,5,11.4,8.6,3.2,8.0,2.6,0.4,10.6,15.8,3.4,5.0,1.0,1.0,,
2022-23,2023-05-28,Bournemouth,AWAY,10,10,10.4,8.8,3.1,9.0,2.4,1.0,9.1,17.7,2.9,5.7,0.8,1.4,,
2022-23,2023-05-28,Brentford,ALL,0,38,9.31578947368421,10.894736842105264,4.2894736842105265,5.631578947368421,1.4473684210526316,1.5789473684210527,10.447368421052632,14.763157894736842,4.2631578947368425,5.394736842105263,1.5263157894736843,1.2105263157894737,,
2022-23,2023-05-28,Brentford,ALL,3,3,8.666666666666666,8.0,4.0,5.666666666666667,2.0,0.3333333333333333,15.333333333333334,14.333333333333334,6.0,5.0,2.0,0.3333333333333333,,
2022-23,2023-05-28,Brentford,ALL,5,5,8.4,11.2,4.2,4.8,1.8,1.4,13.0,12.6,5.4,4.6,1.6,0.6,,
2022-23,2023-05-28,Brentford,ALL,10,10,9.8,10.4,4.2,5.5,1.7,1.4,10.6,13.1,4.3,4.5,1.2,0.9,,
2022-23,2023-05-28,Brentford,HOME,0,19,8.894736842105264,10.631578947368421,4.894736842105263,4.578947368421052,1.4736842105263157,1.6842105263157894,11.947368421052632,12.842105263157896,5.2105263157894735,4.631578947368421,1.8421052631578947,0.9473684210526315,,
2022-23,2023-05-28,Brentford,HOME,3,3,7.666666666666667,8.666666666666666,5.333333333333333,3.0,2.0,0.6666666666666666,16.333333333333332,8.666666666666666,7.333333333333333,3.3333333333333335,1.6666666666666667,0.3333333333333333,,
2022-23,2023-05-28,Brentford,HOME,5,5,9.0,9.8,6.0,3.6,1.8,0.8,13.4,10.0,6.6,3.2,1.4,0.8,,
2022-23,2023-05-28,Brentford,HOME,10,10,9.2,10.3,5.1,3.8,1.4,1.4,13.0,10.4,5.4,3.4,1.7,0.8,,
2022-23,2023-05-28,Brentford,AWAY,0,19,9.736842105263158,11.157894736842104,3.6842105263157894,6.684210526315789,1.4210526315789473,1.4736842105263157,8.947368421052632,16.68421052631579,3.3157894736842106,6.157894736842105,1.2105263157894737,1.4736842105263157,,
2022-23,2023-05-28,Brentford,AWAY,3,3,10.666666666666666,11.666666666666666,2.3333333333333335,6.666666666666667,1.6666666666666667,2.0,7.666666666666667,17.333333333333332,2.0,5.666666666666667,1.6666666666666667,0.6666666666666666,,
2022-23,2023-05-28,Brentford,AWAY,5,5,10.6,11.0,2.4,7.4,1.6,2.0,7.8,16.2,2.0,5.8,1.0,1.0,,
2022-23,2023-05-28,Brentford,AWAY,10,10,11.2,11.5,3.0,6.8,1.6,1.7,8.4,16.6,2.6,6.3,1.1,1.0,,
2022-23,2023-05-28,Brighton & Hove Albion,ALL,0,38,11.210526315789474,11.210526315789474,6.131578947368421,3.5789473684210527,1.5526315789473684,2.4210526315789473,16.105263157894736,10.210526315789474,6.078947368421052,3.5,1.894736842105263,1.394736842105263,,
2022-23,2023-05-28,Brighton & Hove Albion,ALL,3,3,13.333333333333334,11.666666666666666,4.0,2.6666666666666665,2.6666666666666665,3.3333333333333335,18.0,10.0,6.333333333333333,3.3333333333333335,1.6666666666666667,1.3333333333333333,,
2022-23,2023-05-28,Brighton & Hove Albion,ALL,5,5,14.6,13.0,3.0,3.8,2.8,2.6,14.8,13.2,5.4,4.2,1.8,1.6,,
2022-23,2023-05-28,Brighton & Hove Albion,ALL,10,10,12.7,12.1,5.5,3.5,2.2,2.7,18.4,12.2,6.3,4.0,2.0,1.7,,
2022-23,2023-05-28,Brighton & Hove Albion,HOME,0,19,10.947368421052632,11.368421052631579,7.526315789473684,2.8421052631578947,1.6842105263157894,2.789473684210526,18.473684210526315,8.736842105263158,7.052631578947368,3.1052631578947367,1.9473684210526316,1.105263157894737,,
2022-23,2023-05-28,Brighton & Hove Albion,HOME,3,3,11.666666666666666,11.0,8.0,1.6666666666666667,1.6666666666666667,3.6666666666666665,23.0,9.333333333333334,6.666666666666667,3.3333333333333335,1.6666666666666667,2.3333333333333335,,
2022-23,2023-05-28,Brighton & Hove Albion,HOME,5,5,11.8,11.6,6.8,3.2,2.0,3.2,22.6,10.8,6.8,3.4,2.4,1.4,,
2022-23,2023-05-28,Brighton & Hove Albion,HOME,10,10,12.0,11.7,7.3,2.8,1.6,2.8,21.8,9.2,7.6,3.1,2.1,1.1,,
2022-23,2023-05-28,Brighton & Hove Albion,AWAY,0,19,11.473684210526315,11.052631578947368,4.7368421052631575,4.315789473684211,1.4210526315789473,2.0526315789473686,13.736842105263158,11.68421052631579,5.105263157894737,3.8947368421052633,1.8421052631578947,1.6842105263157894,,
2022-23,2023-05-28,Brighton & Hove Albion,AWAY,3,3,16.333333333333332,15.0,2.0,5.0,3.3333333333333335,2.3333333333333335,9.333333333333334,16.0,4.0,5.333333333333333,1.6666666666666667,2.0,,
2022-23,2023-05-28,Brighton & Hove Albion,AWAY,5,5,13.6,12.6,4.2,3.8,2.4,2.2,14.2,13.6,5.8,4.6,1.6,2.0,,
2022-23,2023-05-28,Brighton & Hove Albion,AWAY,10,10,11.7,12.0,5.2,3.7,1.7,2.0,14.8,11.8,5.2,3.6,1.6,1.7,,
2022-23,2023-05-28,Chelsea,ALL,0,38,10.447368421052632,12.289473684210526,5.5,4.7894736842105265,2.026315789473684,1.736842105263158,12.736842105263158,11.526315789473685,4.157894736842105,4.421052631578948,1.0,1.236842105263158,,
2022-23,2023-05-28,Chelsea,ALL,3,3,8.0,11.666666666666666,5.333333333333333,3.6666666666666665,1.0,0.3333333333333333,16.333333333333332,15.333333333333334,5.333333333333333,5.0,0.6666666666666666,2.0,,
2022-23,2023-05-28,Chelsea,ALL,5,5,9.6,11.8,5.0,4.6,1.8,0.6,14.8,13.4,5.4,4.2,1.4,1.8,,
2022-23,2023-05-28,Chelsea,ALL,10,10,9.0,12.4,4.5,5.3,2.0,1.3,12.9,13.2,4.1,5.0,0.9,1.7,,
2022-23,2023-05-28,Chelsea,HOME,0,19,10.31578947368421,12.210526315789474,6.157894736842105,4.526315789473684,2.0,2.0526315789473686,13.68421052631579,11.0,4.052631578947368,3.789473684210526,1.0526315789473684,1.0,,
2022-23,2023-05-28,Chelsea,HOME,3,3,9.0,13.0,5.666666666666667,3.3333333333333335,1.3333333333333333,1.0,17.0,10.333333333333334,5.0,2.3333333333333335,1.0,1.6666666666666667,,
2022-23,2023-05-28,Chelsea,HOME,5,5,8.8,13.4,4.4,4.6,1.4,1.8,14.2,12.8,4.0,4.2,0.8,1.4,,
2022-23,2023-05-28,Chelsea,HOME,10,10,10.8,13.8,6.2,3.8,1.8,2.4,16.0,11.0,4.6,3.7,0.7,1.2,,
2022-23,2023-05-28,Chelsea,AWAY,0,19,10.578947368421053,12.368421052631579,4.842105263157895,5.052631578947368,2.0526315789473686,1.4210526315789473,11.789473684210526,12.052631578947368,4.2631578947368425,5.052631578947368,0.9473684210526315,1.4736842105263157,,
2022-23,2023-05-28,Chelsea,AWAY,3,3,8.666666666666666,11.0,4.333333333333333,5.0,2.0,0.6666666666666666,12.666666666666666,14.333333333333334,5.333333333333333,5.0,1.3333333333333333,2.0,,
2022-23,2023-05-28,Chelsea,AWAY,5,5,9.2,11.4,4.6,6.0,2.6,0.8,11.6,13.6,4.2,5.8,1.0,2.0,,
2022-23,2023-05-28,Chelsea,AWAY,10,10,10.3,11.4,5.0,5.1,2.3,1.5,12.3,12.6,4.5,4.7,1.0,1.6,,
2022-23,2023-05-28,Crystal Palace,ALL,0,38,11.736842105263158,12.81578947368421,4.894736842105263,4.684210526315789,2.0526315789473686,2.1315789473684212,11.18421052631579,12.0,3.5789473684210527,4.2631578947368425,1.0526315789473684,1.2894736842105263,,
2022-23,2023-05-28,Crystal Palace,ALL,3,3,8.666666666666666,12.666666666666666,6.666666666666667,4.333333333333333,0.0,2.3333333333333335,14.666666666666666,7.666666666666667,4.666666666666667,2.6666666666666665,1.6666666666666667,1.0,,
2022-23,2023-05-28,Crystal Palace,ALL,5,5,9.8,14.0,6.4,5.2,1.2,2.4,13.4,7.8,4.4,3.0,1.8,1.4,,
2022-23,2023-05-28,Crystal Palace,ALL,10,10,10.8,13.0,6.7,4.2,1.6,2.8,14.9,8.3,4.7,3.6,1.8,1.1,,
2022-23,2023-05-28,Crystal Palace,HOME,0,19,11.473684210526315,13.31578947368421,5.2631578947368425,4.368421052631579,1.736842105263158,2.1052631578947367,12.263157894736842,11.736842105263158,3.526315789473684,4.368421052631579,1.105263157894737,1.2105263157894737,,
2022-23,2023-05-28,Crystal Palace,HOME,3,3,7.666666666666667,14.0,8.0,3.6666666666666665,0.3333333333333333,2.0,16.333333333333332,6.666666666666667,5.0,2.6666666666666665,2.3333333333333335,1.3333333333333333,,
2022-23,2023-05-28,Crystal Palace,HOME,5,5,9.4,14.4,8.4,2.6,1.0,2.2,18.4,6.6,5.2,3.0,1.8,1.0,,
2022-23,2023-05-28,Crystal Palace,HOME,10,10,10.1,13.1,5.6,4.6,1.8,2.3,12.4,10.7,3.3,4.1,1.1,0.8,,
2022-23,2023-05-28,Crystal Palace,AWAY,0,19,12.0,12.31578947368421,4.526315789473684,5.0,2.3684210526315788,2.1578947368421053,10.105263157894736,12.263157894736842,3.6315789473684212,4.157894736842105,1.0,1.368421052631579,,
2022-23,2023-05-28,Crystal Palace,AWAY,3,3,13.333333333333334,13.666666666666666,6.333333333333333,7.0,3.0,3.6666666666666665,10.666666666666666,9.333333333333334,3.6666666666666665,3.3333333333333335,0.6666666666666666,1.6666666666666667,,
2022-23,2023-05-28,Crystal Palace,AWAY,5,5,12.2,11.6,5.0,5.8,2.2,3.4,11.4,10.0,4.2,4.2,1.8,1.2,,
2022-23,2023-05-28,Crystal Palace,AWAY,10,10,12.5,11.2,4.8,4.4,2.1,2.3,9.9,11.0,3.5,4.2,1.2,1.5,,
2022-23,2023-05-28,Everton,ALL,0,38,10.421052631578947,10.552631578947368,4.605263157894737,6.2894736842105265,2.0789473684210527,2.0,11.289473684210526,15.131578947368421,4.0,5.078947368421052,0.8947368421052632,1.5,,
2022-23,2023-05-28,Everton,ALL,3,3,11.0,11.333333333333334,8.0,3.3333333333333335,1.0,2.6666666666666665,13.0,9.666666666666666,4.333333333333333,3.6666666666666665,0.6666666666666666,1.3333333333333333,,
2022-23,2023-05-28,Everton,ALL,5,5,11.6,11.0,6.8,5.4,1.8,2.6,14.4,13.4,5.2,4.4,1.8,1.4,,
2022-23,2023-05-28,Everton,ALL,10,10,10.9,10.3,4.9,7.0,1.5,2.0,14.0,15.2,5.0,5.2,1.2,1.7,,
2022-23,2023-05-28,Everton,HOME,0,19,9.789473684210526,10.789473684210526,5.315789473684211,5.894736842105263,1.9473684210526316,1.9473684210526316,12.210526315789474,13.263157894736842,4.684210526315789,4.684210526315789,0.8421052631578947,1.4210526315789473,,
2022-23,2023-05-28,Everton,HOME,3,3,10.333333333333334,7.333333333333333,6.666666666666667,7.666666666666667,1.3333333333333333,1.3333333333333333,11.0,10.333333333333334,4.666666666666667,4.666666666666667,0.6666666666666666,2.3333333333333335,,
2022-23,2023-05-28,Everton,HOME,5,5,10.2,8.4,5.4,6.8,1.4,1.8,12.6,12.0,5.4,4.6,0.8,2.2,,
2022-23,2023-05-28,Everton,HOME,10,10,10.2,9.9,5.6,5.6,1.7,1.8,13.0,11.7,5.2,4.0,0.8,1.5,,
2022-23,2023-05-28,Everton,AWAY,0,19,11.052631578947368,10.31578947368421,3.8947368421052633,6.684210526315789,2.210526315789474,2.0526315789473686,10.368421052631579,17.0,3.3157894736842106,5.473684210526316,0.9473684210526315,1.5789473684210527,,
2022-23,2023-05-28,Everton,AWAY,3,3,11.666666666666666,13.0,5.666666666666667,6.0,2.3333333333333335,3.3333333333333335,17.333333333333332,17.0,5.666666666666667,5.333333333333333,2.6666666666666665,1.3333333333333333,,
2022-23,2023-05-28,Everton,AWAY,5,5,11.6,12.2,4.4,7.2,1.6,2.2,15.4,18.4,4.6,5.8,1.6,1.2,,
2022-23,2023-05-28,Everton,AWAY,10,10,12.1,10.2,4.0,5.9,2.1,1.8,11.8,16.3,3.7,5.5,1.2,1.8,,
2022-23,2023-05-28,Fulham,ALL,0,38,10.81578947368421,11.026315789473685,4.868421052631579,5.368421052631579,2.1052631578947367,1.4473684210526316,11.289473684210526,13.289473684210526,3.9210526315789473,5.2631578947368425,1.4473684210526316,1.394736842105263,,
2022-23,2023-05-28,Fulham,ALL,3,3,11.666666666666666,14.333333333333334,6.333333333333333,3.3333333333333335,1.6666666666666667,1.0,10.0,12.333333333333334,3.6666666666666665,4.666666666666667,1.6666666666666667,1.3333333333333333,,
2022-23,2023-05-28,Fulham,ALL,5,5,11.2,13.6,5.2,4.8,1.0,1.2,11.2,14.0,4.2,5.2,2.0,1.6,,
2022-23,2023-05-28,Fulham,ALL,10,10,10.9,12.1,5.7,5.1,1.2,2.0,11.0,13.0,3.7,5.2,1.6,1.4,,
2022-23,2023-05-28,Fulham,HOME,0,19,10.157894736842104,11.421052631578947,5.578947368421052,5.157894736842105,1.4210526315789473,1.4210526315789473,12.578947368421053,11.947368421052632,4.2631578947368425,5.473684210526316,1.631578947368421,1.5263157894736843,,
2022-23,2023-05-28,Fulham,HOME,3,3,11.666666666666666,12.333333333333334,3.6666666666666665,5.333333333333333,1.3333333333333333,2.0,10.666666666666666,13.666666666666666,4.0,7.666666666666667,2.6666666666666665,2.3333333333333335,,
2022-23,2023-05-28,Fulham,HOME,5,5,11.0,12.8,6.0,5.2,1.2,2.2,12.0,12.0,4.0,6.0,2.0,1.8,,
2022-23,2023-05-28,Fulham,HOME,10,10,10.8,12.7,5.1,5.6,1.3,1.9,11.6,12.3,3.8,5.3,1.5,1.5,,
2022-23,2023-05-28,Fulham,AWAY,0,19,11.473684210526315,10.631578947368421,4.157894736842105,5.578947368421052,2.789473684210526,1.4736842105263157,10.0,14.631578947368421,3.5789473684210527,5.052631578947368,1.263157894736842,1.263157894736842,,
2022-23,2023-05-28,Fulham,AWAY,3,3,10.0,13.666666666666666,5.666666666666667,4.333333333333333,0.6666666666666666,1.0,9.333333333333334,13.666666666666666,3.3333333333333335,4.0,1.0,1.0,,
2022-23,2023-05-28,Fulham,AWAY,5,5,10.8,11.4,5.4,5.0,1.2,1.8,10.0,14.0,3.4,4.4,1.2,1.0,,
2022-23,2023-05-28,Fulham,AWAY,10,10,12.4,11.8,4.2,5.7,2.5,1.2,8.9,14.9,3.0,5.0,1.0,1.1,,
2022-23,2023-05-28,Leeds,ALL,0,38,12.0,11.078947368421053,5.2894736842105265,4.7894736842105265,2.210526315789474,1.6842105263157894,12.236842105263158,13.868421052631579,3.8157894736842106,5.078947368421052,1.263157894736842,2.0526315789473686,,
2022-23,2023-05-28,Leeds,ALL,3,3,11.333333333333334,8.333333333333334,6.333333333333333,6.0,3.0,1.0,13.333333333333334,16.0,3.0,7.0,1.3333333333333333,3.0,,
2022-23,2023-05-28,Leeds,ALL,5,5,12.8,8.0,5.2,6.0,2.4,0.8,11.8,15.6,3.4,6.8,1.2,3.0,,
2022-23,2023-05-28,Leeds,ALL,10,10,12.1,9.8,5.2,5.4,2.4,1.3,12.7,14.7,3.8,5.8,1.2,3.0,,
2022-23,2023-05-28,Leeds,HOME,0,19,12.31578947368421,11.894736842105264,5.842105263157895,4.157894736842105,2.0,1.736842105263158,13.421052631578947,13.157894736842104,4.2105263157894735,4.421052631578948,1.368421052631579,1.9473684210526316,,
2022-23,2023-05-28,Leeds,HOME,3,3,12.333333333333334,11.333333333333334,5.666666666666667,5.0,3.3333333333333335,1.3333333333333333,13.666666666666666,14.666666666666666,3.0,5.0,1.3333333333333333,2.3333333333333335,,
2022-23,2023-05-28,Leeds,HOME,5,5,10.8,10.8,4.6,4.2,2.6,1.2,13.0,14.6,3.8,6.0,1.2,3.6,,
2022-23,2023-05-28,Leeds,HOME,10,10,11.2,12.0,5.6,4.0,2.1,1.8,13.7,12.5,4.4,4.0,1.1,2.3,,
2022-23,2023-05-28,Leeds,AWAY,0,19,11.68421052631579,10.263157894736842,4.7368421052631575,5.421052631578948,2.4210526315789473,1.631578947368421,11.052631578947368,14.578947368421053,3.4210526315789473,5.7368421052631575,1.1578947368421053,2.1578947368421053,,
2022-23,2023-05-28,Leeds,AWAY,3,3,13.666666666666666,7.0,4.0,7.0,2.0,0.6666666666666666,10.333333333333334,16.333333333333332,3.6666666666666665,7.333333333333333,1.0,3.0,,
2022-23,2023-05-28,Leeds,AWAY,5,5,13.8,8.4,4.2,6.6,2.4,0.6,9.6,14.8,3.6,6.6,1.0,3.0,,
2022-23,2023-05-28,Leeds,AWAY,10,10,11.6,9.7,4.3,5.5,2.5,1.5,9.6,15.5,3.0,5.9,1.1,2.2,,
2022-23,2023-05-28,Leicester,ALL,0,38,10.81578947368421,10.789473684210526,3.5526315789473686,6.2105263157894735,1.5263157894736843,1.5789473684210527,10.973684210526315,15.052631578947368,4.0,4.684210526315789,1.3421052631578947,1.7894736842105263,,
2022-23,2023-05-28,Leicester,ALL,3,3,8.0,12.0,2.6666666666666665,7.0,1.0,1.3333333333333333,6.0,18.333333333333332,3.0,4.0,0.6666666666666666,1.3333333333333333,,
2022-23,2023-05-28,Leicester,ALL,5,5,9.8,12.2,3.4,6.4,2.0,1.0,10.2,19.0,4.8,5.4,1.4,2.2,,
2022-23,2023-05-28,Leicester,ALL,10,10,10.9,12.6,3.6,6.2,1.6,1.6,11.4,17.0,4.7,4.9,1.2,1.9,,
2022-23,2023-05-28,Leicester,HOME,0,19,11.0,11.473684210526315,3.526315789473684,5.894736842105263,1.4210526315789473,1.7894736842105263,11.105263157894736,13.0,4.2105263157894735,3.8421052631578947,1.2105263157894737,1.4210526315789473,,
2022-23,2023-05-28,Leicester,HOME,3,3,9.666666666666666,13.0,3.0,6.0,2.3333333333333335,1.0,10.666666666666666,18.333333333333332,4.666666666666667,5.333333333333333,1.3333333333333333,2.0,,
2022-23,2023-05-28,Leicester,HOME,5,5,11.2,13.6,3.2,6.2,1.6,1.8,12.2,18.0,5.2,5.2,1.2,1.6,,
2022-23,2023-05-28,Leicester,HOME,10,10,11.3,12.0,2.8,6.3,1.6,1.5,11.2,15.1,4.6,4.7,1.4,1.7,,
2022-23,2023-05-28,Leicester,AWAY,0,19,10.631578947368421,10.105263157894736,3.5789473684210527,6.526315789473684,1.631578947368421,1.368421052631579,10.842105263157896,17.105263157894736,3.789473684210526,5.526315789473684,1.4736842105263157,2.1578947368421053,,
2022-23,2023-05-28,Leicester,AWAY,3,3,11.666666666666666,12.0,4.666666666666667,5.666666666666667,1.6666666666666667,2.0,11.333333333333334,17.666666666666668,4.333333333333333,4.666666666666667,1.3333333333333333,2.0,,
2022-23,2023-05-28,Leicester,AWAY,5,5,11.8,11.2,3.4,6.6,2.0,2.0,9.4,19.2,3.8,5.4,1.2,2.2,,
2022-23,2023-05-28,Leicester,AWAY,10,10,11.2,10.8,3.9,6.4,2.0,1.6,10.6,17.8,2.9,5.1,1.1,2.0,,
2022-23,2023-05-28,Liverpool,ALL,0,38,10.657894736842104,9.0,6.2105263157894735,3.5789473684210527,1.5,1.5526315789473684,15.921052631578947,9.710526315789474,5.578947368421052,4.2105263157894735,1.9736842105263157,1.236842105263158,,
2022-23,2023-05-28,Liverpool,ALL,3,3,14.333333333333334,9.333333333333334,7.333333333333333,3.3333333333333335,2.0,2.3333333333333335,18.666666666666668,8.333333333333334,6.0,5.666666666666667,2.6666666666666665,1.6666666666666667,,
2022-23,2023-05-28,Liverpool,ALL,5,5,14.4,9.2,7.2,3.6,2.0,1.8,17.2,7.8,5.2,4.2,2.0,1.0,,
2022-23,2023-05-28,Liverpool,ALL,10,10,12.4,8.7,6.3,3.4,1.8,1.6,17.0,8.9,5.3,4.3,2.7,1.4,,
2022-23,2023-05-28,Liverpool,HOME,0,19,10.631578947368421,10.0,6.842105263157895,3.0526315789473686,1.4736842105263157,1.9473684210526316,17.263157894736842,8.210526315789474,5.894736842105263,3.526315789473684,2.4210526315789473,0.8947368421052632,,
2022-23,2023-05-28,Liverpool,HOME,3,3,15.0,10.333333333333334,7.666666666666667,4.0,2.3333333333333335,2.3333333333333335,13.333333333333334,6.666666666666667,4.333333333333333,2.3333333333333335,1.0,0.3333333333333333,,
2022-23,2023-05-28,Liverpool,HOME,5,5,13.2,9.8,7.4,3.4,2.0,2.0,14.0,8.2,4.6,3.8,2.0,1.2,,
2022-23,2023-05-28,Liverpool,HOME,10,10,12.7,11.3,5.9,3.4,2.2,2.4,15.4,7.9,5.2,3.2,2.3,0.8,,
2022-23,2023-05-28,Liverpool,AWAY,0,19,10.68421052631579,8.0,5.578947368421052,4.105263157894737,1.5263157894736843,1.1578947368421053,14.578947368421053,11.210526315789474,5.2631578947368425,4.894736842105263,1.5263157894736843,1.5789473684210527,,
2022-23,2023-05-28,Liverpool,AWAY,3,3,11.666666666666666,7.0,6.333333333333333,3.0,1.0,0.6666666666666666,22.0,8.666666666666666,5.666666666666667,5.333333333333333,3.0,1.6666666666666667,,
2022-23,2023-05-28,Liverpool,AWAY,5,5,12.8,6.6,5.2,3.2,1.6,0.6,17.2,10.2,5.6,4.4,3.0,1.2,,
2022-23,2023-05-28,Liverpool,AWAY,10,10,11.4,7.2,5.2,3.9,1.7,1.0,15.2,10.5,5.0,4.2,1.8,1.4,,
2022-23,2023-05-28,Manchester City,ALL,0,38,9.131578947368421,10.578947368421053,6.315789473684211,2.5526315789473686,1.131578947368421,2.0526315789473686,15.868421052631579,7.7105263157894735,5.7631578947368425,2.526315789473684,2.473684210526316,0.868421052631579,,
2022-23,2023-05-28,Manchester City,ALL,3,3,10.333333333333334,12.333333333333334,3.3333333333333335,3.3333333333333335,0.3333333333333333,2.6666666666666665,15.0,14.666666666666666,3.0,5.666666666666667,0.6666666666666666,0.6666666666666666,,
2022-23,2023-05-28,Manchester City,ALL,5,5,7.6,13.0,5.2,3.8,0.2,2.4,14.4,11.0,3.8,4.4,1.4,0.6,,
2022-23,2023-05-28,Manchester City,ALL,10,10,8.7,10.9,5.4,2.9,1.0,1.6,13.9,8.7,5.6,3.2,2.3,0.7,,
2022-23,2023-05-28,Manchester City,HOME,0,19,9.052631578947368,10.631578947368421,7.2631578947368425,2.1578947368421053,1.0,2.210526315789474,16.68421052631579,6.7894736842105265,6.2105263157894735,2.6315789473684212,3.1578947368421053,0.8947368421052632,,
2022-23,2023-05-28,Manchester City,HOME,3,3,7.666666666666667,11.0,7.0,2.0,0.0,2.0,16.333333333333332,7.666666666666667,5.0,3.3333333333333335,2.0,0.3333333333333333,,
2022-23,2023-05-28,Manchester City,HOME,5,5,8.8,10.8,5.6,2.2,0.8,1.6,15.0,8.2,5.6,3.2,2.6,0.6,,
2022-23,2023-05-28,Manchester City,HOME,10,10,9.4,11.7,6.4,3.0,1.0,1.9,14.9,7.5,6.1,2.5,2.9,0.7,,
2022-23,2023-05-28,Manchester City,AWAY,0,19,9.210526315789474,10.526315789473685,5.368421052631579,2.9473684210526314,1.263157894736842,1.894736842105263,15.052631578947368,8.631578947368421,5.315789473684211,2.4210526315789473,1.7894736842105263,0.8421052631578947,,
2022-23,2023-05-28,Manchester City,AWAY,3,3,7.666666666666667,13.333333333333334,3.6666666666666665,5.333333333333333,0.3333333333333333,2.3333333333333335,13.0,12.666666666666666,3.6666666666666665,4.666666666666667,1.3333333333333333,0.6666666666666666,,
2022-23,2023-05-28,Manchester City,AWAY,5,5,8.6,11.0,5.2,3.6,1.2,1.6,12.8,9.2,5.6,3.2,2.0,0.8,,
2022-23,2023-05-28,Manchester City,AWAY,10,10,10.4,11.4,5.7,2.9,1.6,1.7,14.8,8.9,5.4,2.3,1.9,0.8,,
2022-23,2023-05-28,Manchester United,ALL,0,38,11.131578947368421,8.157894736842104,5.131578947368421,5.447368421052632,2.0526315789473686,1.3157894736842106,15.578947368421053,12.657894736842104,5.631578947368421,3.8157894736842106,1.5263157894736843,1.131578947368421,,
2022-23,2023-05-28,Manchester United,ALL,3,3,11.0,7.333333333333333,4.666666666666667,3.6666666666666665,0.6666666666666666,1.3333333333333333,19.666666666666668,11.333333333333334,7.333333333333333,4.0,2.3333333333333335,0.6666666666666666,,
2022-23,2023-05-28,Manchester United,ALL,5,5,10.2,7.0,6.2,4.6,1.4,1.2,21.0,10.8,7.0,3.2,1.8,0.6,,
2022-23,2023-05-28,Manchester United,ALL,10,10,10.7,7.8,6.5,4.9,1.7,1.3,20.3,12.2,7.3,3.1,1.6,0.6,,
2022-23,2023-05-28,Manchester United,HOME,0,19,11.052631578947368,8.631578947368421,5.947368421052632,5.157894736842105,1.8421052631578947,1.4210526315789473,18.0,11.052631578947368,6.2105263157894735,2.736842105263158,1.894736842105263,0.5263157894736842,,
2022-23,2023-05-28,Manchester United,HOME,3,3,11.666666666666666,8.333333333333334,6.333333333333333,5.0,1.6666666666666667,1.6666666666666667,22.0,9.666666666666666,8.666666666666666,2.6666666666666665,2.6666666666666665,0.6666666666666666,,
2022-23,2023-05-28,Manchester United,HOME,5,5,12.2,8.2,6.0,4.6,1.4,1.0,21.8,10.2,8.6,2.0,2.2,0.4,,
2022-23,2023-05-28,Manchester United,HOME,10,10,10.6,9.2,6.6,5.0,1.4,1.4,20.1,11.1,7.0,2.3,1.9,0.5,,
2022-23,2023-05-28,Manchester United,AWAY,0,19,11.210526315789474,7.684210526315789,4.315789473684211,5.7368421052631575,2.263157894736842,1.2105263157894737,13.157894736842104,14.263157894736842,5.052631578947368,4.894736842105263,1.1578947368421053,1.736842105263158,,
2022-23,2023-05-28,Manchester United,AWAY,3,3,10.0,6.666666666666667,6.0,5.333333333333333,2.0,1.6666666666666667,18.333333333333332,15.666666666666666,4.666666666666667,4.666666666666667,0.3333333333333333,0.6666666666666666,,
2022-23,2023-05-28,Manchester United,AWAY,5,5,9.2,7.4,7.0,5.2,2.0,1.6,18.8,14.2,6.0,4.2,1.0,0.8,,
2022-23,2023-05-28,Manchester United,AWAY,10,10,10.4,8.5,5.2,5.9,1.8,1.4,14.0,16.2,4.8,5.1,1.0,1.7,,
2022-23,2023-05-28,Newcastle United,ALL,0,38,10.68421052631579,11.026315789473685,7.105263157894737,4.2894736842105265,1.5,2.0789473684210527,15.026315789473685,10.18421052631579,5.184210526315789,3.473684210526316,1.7894736842105263,0.868421052631579,,
2022-23,2023-05-28,Newcastle United,ALL,3,3,12.333333333333334,10.0,7.0,4.0,1.3333333333333333,1.3333333333333333,19.333333333333332,10.333333333333334,5.666666666666667,2.6666666666666665,1.6666666666666667,0.6666666666666666,,
2022-23,2023-05-28,Newcastle United,ALL,5,5,13.4,11.6,7.2,3.6,1.6,1.6,17.6,10.0,5.4,3.6,1.4,1.2,,
2022-23,2023-05-28,Newcastle United,ALL,10,10,11.7,11.2,7.7,3.9,1.1,1.8,16.8,10.6,5.4,4.1,2.2,1.3,,
2022-23,2023-05-28,Newcastle United,HOME,0,19,10.947368421052632,11.526315789473685,8.157894736842104,3.0,1.5263157894736843,2.1052631578947367,18.05263157894737,8.052631578947368,5.7894736842105265,2.9473684210526314,1.894736842105263,0.7368421052631579,,
2022-23,2023-05-28,Newcastle United,HOME,3,3,14.0,11.0,9.0,2.0,2.0,1.6666666666666667,19.0,6.333333333333333,6.0,3.0,1.3333333333333333,1.0,,
2022-23,2023-05-28,Newcastle United,HOME,5,5,11.2,11.2,9.4,2.2,1.4,2.4,20.8,6.8,6.2,3.0,2.6,1.0,,
2022-23,2023-05-28,Newcastle United,HOME,10,10,9.5,11.3,8.4,3.2,1.2,1.9,18.7,7.5,5.6,2.8,1.9,0.9,,
2022-23,2023-05-28,Newcastle United,AWAY,0,19,10.421052631578947,10.526315789473685,6.052631578947368,5.578947368421052,1.4736842105263157,2.0526315789473686,12.0,12.31578947368421,4.578947368421052,4.0,1.6842105263157894,1.0,,
2022-23,2023-05-28,Newcastle United,AWAY,3,3,10.333333333333334,11.0,7.666666666666667,5.0,1.0,1.6666666666666667,15.333333333333334,14.666666666666666,5.666666666666667,4.666666666666667,2.3333333333333335,1.3333333333333333,,
2022-23,2023-05-28,Newcastle United,AWAY,5,5,12.2,11.2,6.0,5.6,0.8,1.2,12.8,14.4,4.6,5.2,1.8,1.6,,
2022-23,2023-05-28,Newcastle United,AWAY,10,10,11.2,11.3,6.8,5.3,1.5,2.1,13.0,11.2,5.1,4.0,1.7,1.3,,
2022-23,2023-05-28,Nottingham Forest,ALL,0,38,11.710526315789474,10.894736842105264,3.3684210526315788,6.2894736842105265,2.210526315789474,1.7105263157894737,9.68421052631579,14.763157894736842,3.1052631578947367,5.0,1.0,1.7894736842105263,,
2022-23,2023-05-28,Nottingham Forest,ALL,3,3,13.0,11.333333333333334,4.0,4.333333333333333,2.0,1.6666666666666667,8.0,13.666666666666666,2.6666666666666665,4.333333333333333,1.3333333333333333,1.0,,
2022-23,2023-05-28,Nottingham Forest,ALL,5,5,13.6,10.0,2.8,6.0,1.8,1.2,7.6,14.8,3.0,5.2,1.8,1.6,,
2022-23,2023-05-28,Nottingham Forest,ALL,10,10,12.6,9.4,3.5,6.7,2.2,1.2,8.6,16.0,2.8,5.6,1.5,1.8,,
2022-23,2023-05-28,Nottingham Forest,HOME,0,19,12.0,11.526315789473685,2.6315789473684212,5.894736842105263,2.5789473684210527,2.0,10.210526315789474,13.263157894736842,3.6842105263157894,4.052631578947368,1.4210526315789473,1.263157894736842,,
2022-23,2023-05-28,Nottingham Forest,HOME,3,3,11.333333333333334,10.0,2.3333333333333335,8.0,2.0,0.6666666666666666,9.0,15.666666666666666,3.6666666666666665,5.0,2.6666666666666665,1.3333333333333333,,
2022-23,2023-05-28,Nottingham Forest,HOME,5,5,11.4,10.4,3.0,7.2,2.2,1.8,10.0,15.4,3.6,4.8,1.8,1.4,,
2022-23,2023-05-28,Nottingham Forest,HOME,10,10,11.9,11.0,2.4,6.3,2.5,1.9,9.0,14.4,3.3,4.2,1.6,1.2,,
2022-23,2023-05-28,Nottingham Forest,AWAY,0,19,11.421052631578947,10.263157894736842,4.105263157894737,6.684210526315789,1.8421052631578947,1.4210526315789473,9.157894736842104,16.263157894736842,2.526315789473684,5.947368421052632,0.5789473684210527,2.3157894736842106,,
2022-23,2023-05-28,Nottingham Forest,AWAY,3,3,13.666666666666666,9.333333333333334,3.0,4.333333333333333,1.6666666666666667,1.3333333333333333,7.666666666666667,14.666666666666666,3.0,6.0,1.3333333333333333,1.6666666666666667,,
2022-23,2023-05-28,Nottingham Forest,AWAY,5,5,14.0,8.8,4.0,4.6,2.0,1.4,8.0,14.0,3.2,5.4,1.2,2.0,,
2022-23,2023-05-28,Nottingham Forest,AWAY,10,10,11.9,9.5,4.7,5.7,1.8,1.2,10.0,15.6,3.1,5.2,0.9,2.2,,
2022-23,2023-05-28,Southampton,ALL,0,38,11.31578947368421,10.5,4.131578947368421,5.473684210526316,1.9210526315789473,1.605263157894737,10.973684210526315,13.81578947368421,3.736842105263158,4.157894736842105,0.9473684210526315,1.9210526315789473,,
2022-23,2023-05-28,Southampton,ALL,3,3,10.0,10.0,2.0,7.0,2.3333333333333335,1.3333333333333333,8.333333333333334,21.666666666666668,4.0,6.666666666666667,1.6666666666666667,3.0,,
2022-23,2023-05-28,Southampton,ALL,5,5,10.0,10.6,3.8,6.8,2.2,1.2,9.6,19.2,4.0,5.8,1.8,3.2,,
2022-23,2023-05-28,Southampton,ALL,10,10,9.6,10.7,3.6,6.2,2.1,1.3,9.1,17.1,3.6,4.9,1.3,2.7,,
2022-23,2023-05-28,Southampton,HOME,0,19,10.526315789473685,10.631578947368421,4.631578947368421,4.631578947368421,1.368421052631579,1.6842105263157894,12.0,13.210526315789474,4.2105263157894735,3.9473684210526314,1.0,1.9473684210526316,,
2022-23,2023-05-28,Southampton,HOME,3,3,10.0,11.0,3.0,7.0,0.6666666666666666,1.6666666666666667,10.333333333333334,18.333333333333332,4.333333333333333,4.666666666666667,1.3333333333333333,2.3333333333333335,,
2022-23,2023-05-28,Southampton,HOME,5,5,8.4,11.2,3.0,6.6,1.0,1.6,9.2,15.4,3.6,4.8,1.0,2.6,,
2022-23,2023-05-28,Southampton,HOME,10,10,11.2,10.8,3.8,4.7,1.4,1.7,10.8,14.3,3.8,3.9,1.0,2.1,,
2022-23,2023-05-28,Southampton,AWAY,0,19,12.105263157894736,10.368421052631579,3.6315789473684212,6.315789473684211,2.473684210526316,1.5263157894736843,9.947368421052632,14.421052631578947,3.263157894736842,4.368421052631579,0.8947368421052632,1.894736842105263,,
2022-23,2023-05-28,Southampton,AWAY,3,3,9.666666666666666,10.333333333333334,5.333333333333333,5.666666666666667,3.0,1.3333333333333333,9.333333333333334,19.0,3.0,5.666666666666667,1.6666666666666667,3.3333333333333335,,
2022-23,2023-05-28,Southampton,AWAY,5,5,10.8,10.2,4.2,5.8,3.2,1.0,9.0,18.8,3.6,5.0,1.6,2.8,,
2022-23,2023-05-28,Southampton,AWAY,10,10,12.8,11.1,4.1,6.3,3.1,1.3,10.5,16.1,4.0,4.6,1.1,1.9,,
2022-23,2023-05-28,Tottenham,ALL,0,38,11.131578947368421,10.0,5.342105263157895,5.184210526315789,1.9736842105263157,2.026315789473684,13.68421052631579,13.605263157894736,5.2631578947368425,4.605263157894737,1.8421052631578947,1.6578947368421053,,
2022-23,2023-05-28,Tottenham,ALL,3,3,10.0,8.333333333333334,4.666666666666667,7.333333333333333,1.3333333333333333,2.3333333333333335,12.666666666666666,12.666666666666666,5.666666666666667,3.3333333333333335,2.0,2.0,,
2022-23,2023-05-28,Tottenham,ALL,5,5,10.2,10.2,4.8,6.2,1.8,3.0,11.2,11.4,5.4,3.2,2.0,2.0,,
2022-23,2023-05-28,Tottenham,ALL,10,10,10.9,9.9,4.7,5.9,2.0,2.0,12.6,13.7,5.0,4.8,1.8,2.3,,
2022-23,2023-05-28,Tottenham,HOME,0,19,11.947368421052632,9.947368421052632,6.157894736842105,4.2105263157894735,2.1578947368421053,2.0526315789473686,15.210526315789474,11.842105263157896,6.052631578947368,4.052631578947368,1.9473684210526316,1.3157894736842106,,
2022-23,2023-05-28,Tottenham,HOME,3,3,11.333333333333334,10.0,7.333333333333333,4.666666666666667,1.6666666666666667,2.6666666666666665,16.0,11.666666666666666,6.0,4.666666666666667,1.3333333333333333,1.6666666666666667,,
2022-23,2023-05-28,Tottenham,HOME,5,5,11.4,10.8,6.6,4.4,1.8,2.2,16.2,11.6,5.8,4.8,1.6,1.8,,
2022-23,2023-05-28,Tottenham,HOME,10,10,13.1,11.6,5.1,5.2,2.2,2.1,14.9,11.2,5.5,4.2,1.6,1.2,,
2022-23,2023-05-28,Tottenham,AWAY,0,19,10.31578947368421,10.052631578947368,4.526315789473684,6.157894736842105,1.7894736842105263,2.0,12.157894736842104,15.368421052631579,4.473684210526316,5.157894736842105,1.736842105263158,2.0,,
2022-23,2023-05-28,Tottenham,AWAY,3,3,8.333333333333334,9.333333333333334,2.6666666666666665,8.333333333333334,1.6666666666666667,3.0,8.666666666666666,13.0,5.333333333333333,3.3333333333333335,2.6666666666666665,2.3333333333333335,,
2022-23,2023-05-28,Tottenham,AWAY,5,5,10.4,9.0,2.8,7.4,2.2,1.8,9.0,15.8,4.2,4.8,2.0,2.8,,
2022-23,2023-05-28,Tottenham,AWAY,10,10,11.1,10.3,4.1,6.3,2.0,1.8,11.3,14.7,4.0,5.4,1.7,2.6,,
2022-23,2023-05-28,West Ham United,ALL,0,38,9.5,8.605263157894736,5.447368421052632,5.105263157894737,1.1578947368421053,1.4210526315789473,12.473684210526315,13.157894736842104,3.8157894736842106,4.578947368421052,1.105263157894737,1.4473684210526316,,
2022-23,2023-05-28,West Ham United,ALL,3,3,7.0,8.0,6.333333333333333,5.0,0.6666666666666666,1.6666666666666667,13.0,16.333333333333332,5.333333333333333,5.666666666666667,1.3333333333333333,1.6666666666666667,,
2022-23,2023-05-28,West Ham United,ALL,5,5,6.6,8.2,5.4,5.4,0.6,1.4,12.0,16.8,4.4,5.6,1.0,1.6,,
2022-23,2023-05-28,West Ham United,ALL,10,10,8.7,8.3,5.1,6.2,0.9,1.2,11.8,16.4,4.6,5.1,1.6,1.6,,
2022-23,2023-05-28,West Ham United,HOME,0,19,8.631578947368421,7.947368421052632,5.578947368421052,4.0,1.0,1.4210526315789473,13.842105263157896,11.68421052631579,4.052631578947368,3.9473684210526314,1.368421052631579,1.263157894736842,,
2022-23,2023-05-28,West Ham United,HOME,3,3,5.333333333333333,9.333333333333334,5.666666666666667,5.666666666666667,0.3333333333333333,1.6666666666666667,13.666666666666666,17.0,5.0,3.6666666666666665,1.6666666666666667,1.0,,
2022-23,2023-05-28,West Ham United,HOME,5,5,7.6,9.6,6.2,5.0,0.8,1.6,12.8,15.4,4.0,4.8,1.6,2.0,,
2022-23,2023-05-28,West Ham United,HOME,10,10,8.2,8.7,7.0,4.8,0.7,1.2,13.2,12.3,3.9,4.0,1.7,1.2,,
2022-23,2023-05-28,West Ham United,AWAY,0,19,10.368421052631579,9.263157894736842,5.315789473684211,6.2105263157894735,1.3157894736842106,1.4210526315789473,11.105263157894736,14.631578947368421,3.5789473684210527,5.2105263157894735,0.8421052631578947,1.631578947368421,,
2022-23,2023-05-28,West Ham United,AWAY,3,3,7.666666666666667,7.0,4.333333333333333,5.333333333333333,0.6666666666666666,0.6666666666666666,8.666666666666666,17.666666666666668,3.0,7.0,0.3333333333333333,2.3333333333333335,,
2022-23,2023-05-28,West Ham United,AWAY,5,5,9.6,7.4,4.6,6.4,1.2,0.8,10.4,17.2,4.6,6.4,1.6,2.2,,
2022-23,2023-05-28,West Ham United,AWAY,10,10,9.8,9.0,4.2,6.2,1.4,0.9,9.6,16.3,3.6,5.6,1.0,1.9,,
2022-23,2023-05-28,Wolverhampton Wanderers,ALL,0,38,12.18421052631579,10.894736842105264,4.894736842105263,5.368421052631579,2.1842105263157894,1.9736842105263157,10.868421052631579,14.605263157894736,3.289473684210526,4.7894736842105265,0.8157894736842105,1.5263157894736843,,
2022-23,2023-05-28,Wolverhampton Wanderers,ALL,3,3,12.666666666666666,9.0,4.0,8.666666666666666,2.3333333333333335,1.3333333333333333,8.0,20.0,1.6666666666666667,7.0,0.3333333333333333,2.6666666666666665,,
2022-23,2023-05-28,Wolverhampton Wanderers,ALL,5,5,13.8,10.0,4.4,6.8,2.2,1.6,8.0,19.6,1.8,6.4,0.4,2.8,,
2022-23,2023-05-28,Wolverhampton Wanderers,ALL,10,10,13.7,11.3,5.1,6.0,2.7,2.2,9.3,16.7,2.9,5.5,0.9,1.7,,
2022-23,2023-05-28,Wolverhampton Wanderers,HOME,0,19,11.894736842105264,10.736842105263158,5.315789473684211,5.894736842105263,2.3684210526315788,2.1578947368421053,11.157894736842104,14.157894736842104,3.9473684210526314,3.9473684210526314,1.0,1.0526315789473684,,
2022-23,2023-05-28,Wolverhampton Wanderers,HOME,3,3,17.0,11.0,4.0,8.0,4.333333333333333,2.6666666666666665,9.333333333333334,16.333333333333332,3.3333333333333335,3.6666666666666665,1.3333333333333333,0.3333333333333333,,
2022-23,2023-05-28,Wolverhampton Wanderers,HOME,5,5,15.4,10.2,5.0,6.8,3.2,2.8,9.6,14.4,4.6,3.0,1.4,0.2,,
2022-23,2023-05-28,Wolverhampton Wanderers,HOME,10,10,13.4,10.2,5.2,5.8,2.4,2.6,12.3,14.7,5.0,3.4,1.4,0.6,,
2022-23,2023-05-28,Wolverhampton Wanderers,AWAY,0,19,12.473684210526315,11.052631578947368,4.473684210526316,4.842105263157895,2.0,1.7894736842105263,10.578947368421053,15.052631578947368,2.6315789473684212,5.631578947368421,0.631578947368421,2.0,,
2022-23,2023-05-28,Wolverhampton Wanderers,AWAY,3,3,10.333333333333334,10.333333333333334,5.333333333333333,7.0,1.0,1.3333333333333333,7.0,21.0,0.6666666666666666,8.333333333333334,0.0,4.333333333333333,,
2022-23,2023-05-28,Wolverhampton Wanderers,AWAY,5,5,12.0,12.4,5.2,5.2,2.2,1.6,9.0,19.0,1.2,8.0,0.4,3.2,,
2022-23,2023-05-28,Wolverhampton Wanderers,AWAY,10,10,12.5,12.0,4.3,5.5,2.0,1.6,8.5,16.9,1.6,6.8,0.6,2.5,,
2023-24,2024-05-19,Arsenal,ALL,0,38,10.289473684210526,10.710526315789474,6.7368421052631575,2.973684210526316,1.631578947368421,2.026315789473684,17.289473684210527,8.473684210526315,5.973684210526316,2.289473684210526,2.3947368421052633,0.7631578947368421,,
2023-24,2024-05-19,Arsenal,ALL,3,3,10.0,9.333333333333334,7.0,2.0,2.6666666666666665,2.0,20.666666666666668,8.666666666666666,6.333333333333333,2.0,2.0,0.3333333333333333,,
2023-24,2024-05-19,Arsenal,ALL,5,5,11.6,10.2,6.2,3.2,2.2,2.0,19.6,9.4,6.4,1.8,2.8,0.6,,
2023-24,2024-05-19,Arsenal,ALL,10,10,12.4,10.3,5.1,3.9,2.1,1.6,17.9,9.0,5.8,1.8,2.1,0.5,,
2023-24,2024-05-19,Arsenal,HOME,0,19,10.263157894736842,9.842105263157896,6.7894736842105265,2.6842105263157894,1.7894736842105263,2.1052631578947367,18.94736842105263,7.2631578947368425,6.684210526315789,2.3684210526315788,2.526315789473684,0.8421052631578947,,
2023-24,2024-05-19,Arsenal,HOME,3,3,12.0,11.333333333333334,6.0,1.3333333333333333,2.6666666666666665,2.6666666666666665,26.0,6.333333333333333,8.0,1.6666666666666667,3.3333333333333335,0.3333333333333333,,
2023-24,2024-05-19,Arsenal,HOME,5,5,12.0,9.8,5.0,2.2,2.4,2.0,21.8,7.0,6.4,1.6,2.4,0.6,,
2023-24,2024-05-19,Arsenal,HOME,10,10,11.1,9.6,6.2,2.9,2.3,1.6,21.0,7.5,6.7,2.3,2.6,0.8,,
2023-24,2024-05-19,Arsenal,AWAY,0,19,10.31578947368421,11.578947368421053,6.684210526315789,3.263157894736842,1.4736842105263157,1.9473684210526316,15.631578947368421,9.68421052631579,5.2631578947368425,2.210526315789474,2.263157894736842,0.6842105263157895,,
2023-24,2024-05-19,Arsenal,AWAY,3,3,10.333333333333334,10.333333333333334,5.0,4.333333333333333,1.6666666666666667,1.6666666666666667,14.666666666666666,11.0,5.666666666666667,2.3333333333333335,2.0,0.6666666666666666,,
2023-24,2024-05-19,Arsenal,AWAY,5,5,12.8,10.8,5.2,5.6,1.8,1.2,14.0,11.0,5.2,2.0,1.8,0.4,,
2023-24,2024-05-19,Arsenal,AWAY,10,10,10.4,11.0,6.0,4.1,1.2,1.7,16.5,9.6,6.1,1.8,2.9,0.5,,
2023-24,2024-05-19,Aston Villa,ALL,0,38,10.868421052631579,12.710526315789474,6.131578947368421,4.2368421052631575,2.473684210526316,2.3684210526315788,13.526315789473685,11.947368421052632,5.0,4.7631578947368425,2.0,1.605263157894737,,
2023-24,2024-05-19,Aston Villa,ALL,3,3,9.666666666666666,12.666666666666666,4.0,4.333333333333333,2.0,1.3333333333333333,9.666666666666666,14.666666666666666,2.6666666666666665,8.0,1.0,3.0,,
2023-24,2024-05-19,Aston Villa,ALL,5,5,10.0,13.2,4.4,4.2,2.0,2.4,10.4,15.8,3.2,7.0,1.6,2.4,,
2023-24,2024-05-19,Aston Villa,ALL,10,10,10.8,12.7,5.8,4.1,2.1,2.5,10.6,15.6,3.4,6.1,1.7,2.0,,
2023-24,2024-05-19,Aston Villa,HOME,0,19,11.157894736842104,13.736842105263158,6.0,3.6842105263157894,2.526315789473684,2.5789473684210527,14.736842105263158,10.736842105263158,5.526315789473684,3.8947368421052633,2.526315789473684,1.4736842105263157,,
2023-24,2024-05-19,Aston Villa,HOME,3,3,10.666666666666666,14.333333333333334,5.0,4.0,1.6666666666666667,3.0,14.0,16.333333333333332,4.333333333333333,6.0,2.6666666666666665,2.0,,
2023-24,2024-05-19,Aston Villa,HOME,5,5,11.6,14.6,6.2,3.8,2.0,3.0,12.8,14.0,4.2,4.8,2.6,1.8,,
2023-24,2024-05-19,Aston Villa,HOME,10,10,10.8,13.7,6.8,4.2,2.2,2.3,14.4,12.9,5.1,4.7,2.2,2.2,,
2023-24,2024-05-19,Aston Villa,AWAY,0,19,10.578947368421053,11.68421052631579,6.2631578947368425,4.7894736842105265,2.4210526315789473,2.1578947368421053,12.31578947368421,13.157894736842104,4.473684210526316,5.631578947368421,1.4736842105263157,1.736842105263158,,
2023-24,2024-05-19,Aston Villa,AWAY,3,3,8.333333333333334,11.666666666666666,4.333333333333333,4.333333333333333,2.0,2.0,7.0,16.0,1.6666666666666667,7.0,0.6666666666666666,2.0,,
2023-24,2024-05-19,Aston Villa,AWAY,5,5,10.0,10.8,5.4,4.4,2.2,2.0,8.4,17.2,2.6,7.4,0.8,2.2,,
2023-24,2024-05-19,Aston Villa,AWAY,10,10,10.6,10.6,5.2,4.4,2.4,1.9,10.6,14.7,4.3,6.0,1.6,1.7,,
2023-24,2024-05-19,Bournemouth,ALL,0,38,13.31578947368421,10.421052631578947,6.2105263157894735,5.631578947368421,2.1052631578947367,2.1052631578947367,14.263157894736842,14.0,4.868421052631579,5.184210526315789,1.4210526315789473,1.763157894736842,,
2023-24,2024-05-19,Bournemouth,ALL,3,3,12.333333333333334,11.0,3.0,6.666666666666667,2.6666666666666665,2.0,14.0,17.333333333333332,3.6666666666666665,6.666666666666667,0.6666666666666666,2.3333333333333335,,
2023-24,2024-05-19,Bournemouth,ALL,5,5,13.6,10.6,5.8,6.0,2.2,2.4,15.6,16.0,4.6,5.0,1.2,1.4,,
2023-24,2024-05-19,Bournemouth,ALL,10,10,13.6,10.7,6.0,5.7,2.2,1.7,14.2,13.1,4.5,4.5,1.3,1.5,,
2023-24,2024-05-19,Bournemouth,HOME,0,19,13.31578947368421,11.368421052631579,7.052631578947368,5.2631578947368425,1.894736842105263,2.5789473684210527,14.473684210526315,11.31578947368421,5.157894736842105,4.684210526315789,1.4210526315789473,1.4736842105263157,,
2023-24,2024-05-19,Bournemouth,HOME,3,3,14.333333333333334,12.0,6.0,4.0,2.6666666666666665,1.3333333333333333,16.0,10.666666666666666,5.0,2.6666666666666665,2.0,1.3333333333333333,,
2023-24,2024-05-19,Bournemouth,HOME,5,5,14.0,12.2,7.2,4.4,2.4,1.6,14.0,8.4,5.0,2.6,1.8,1.0,,
2023-24,2024-05-19,Bournemouth,HOME,10,10,14.0,11.3,7.9,4.7,2.2,2.1,15.9,10.0,5.4,4.5,1.6,1.6,,
2023-24,2024-05-19,Bournemouth,AWAY,0,19,13.31578947368421,9.473684210526315,5.368421052631579,6.0,2.3157894736842106,1.631578947368421,14.052631578947368,16.68421052631579,4.578947368421052,5.684210526315789,1.4210526315789473,2.0526315789473686,,
2023-24,2024-05-19,Bournemouth,AWAY,3,3,12.666666666666666,10.333333333333334,6.0,6.666666666666667,2.3333333333333335,2.6666666666666665,16.666666666666668,18.666666666666668,4.333333333333333,6.333333333333333,0.6666666666666666,1.6666666666666667,,
2023-24,2024-05-19,Bournemouth,AWAY,5,5,13.2,9.2,4.8,7.0,2.0,1.8,14.4,17.8,4.0,6.4,0.8,2.0,,
2023-24,2024-05-19,Bournemouth,AWAY,10,10,14.1,9.6,6.0,5.2,2.5,1.7,15.2,15.4,4.2,5.8,1.1,1.9,,
2023-24,2024-05-19,Brentford,ALL,0,38,10.105263157894736,11.421052631578947,4.868421052631579,5.7631578947368425,2.3157894736842106,1.8157894736842106,12.447368421052632,14.421052631578947,4.526315789473684,4.921052631578948,1.4736842105263157,1.7105263157894737,,
2023-24,2024-05-19,Brentford,ALL,3,3,10.0,11.0,6.0,3.0,2.3333333333333335,2.3333333333333335,9.333333333333334,13.333333333333334,4.333333333333333,4.666666666666667,1.3333333333333333,1.6666666666666667,,
2023-24,2024-05-19,Brentford,ALL,5,5,10.2,11.2,6.6,3.8,2.2,1.8,11.8,12.8,5.2,3.6,1.8,1.4,,
2023-24,2024-05-19,Brentford,ALL,10,10,10.3,12.2,5.8,5.0,2.3,1.7,12.1,13.5,4.6,4.0,1.6,1.3,,
2023-24,2024-05-19,Brentford,HOME,0,19,9.105263157894736,11.210526315789474,4.842105263157895,5.421052631578948,1.9473684210526316,1.894736842105263,13.68421052631579,14.105263157894736,4.473684210526316,5.0,1.5263157894736843,1.7894736842105263,,
2023-24,2024-05-19,Brentford,HOME,3,3,8.666666666666666,9.333333333333334,4.333333333333333,4.0,2.6666666666666665,2.0,8.666666666666666,11.666666666666666,4.333333333333333,4.0,1.3333333333333333,1.3333333333333333,,
2023-24,2024-05-19,Brentford,HOME,5,5,8.4,10.8,5.6,4.2,2.2,1.8,12.4,14.0,4.0,4.6,1.0,1.0,,
2023-24,2024-05-19,Brentford,HOME,10,10,7.3,11.3,5.1,5.2,1.9,1.5,12.5,15.0,4.3,6.0,1.3,2.0,,
2023-24,2024-05-19,Brentford,AWAY,0,19,11.105263157894736,11.631578947368421,4.894736842105263,6.105263157894737,2.6842105263157894,1.736842105263158,11.210526315789474,14.736842105263158,4.578947368421052,4.842105263157895,1.4210526315789473,1.631578947368421,,
2023-24,2024-05-19,Brentford,AWAY,3,3,11.0,13.0,7.666666666666667,4.333333333333333,2.0,1.3333333333333333,14.0,12.333333333333334,6.0,2.6666666666666665,2.3333333333333335,1.0,,
2023-24,2024-05-19,Brentford,AWAY,5,5,12.2,13.6,6.0,5.8,2.4,1.6,11.8,13.0,5.2,3.4,2.2,1.6,,
2023-24,2024-05-19,Brentford,AWAY,10,10,11.0,11.8,4.9,6.2,2.8,1.7,10.6,16.0,5.1,5.0,1.8,1.8,,
2023-24,2024-05-19,Brighton & Hove Albion,ALL,0,38,10.894736842105264,12.131578947368421,5.421052631578948,4.394736842105263,2.3421052631578947,2.4473684210526314,14.789473684210526,12.289473684210526,5.473684210526316,4.394736842105263,1.4473684210526316,1.631578947368421,,
2023-24,2024-05-19,Brighton & Hove Albion,ALL,3,3,13.0,10.666666666666666,5.0,6.333333333333333,2.3333333333333335,2.6666666666666665,14.666666666666666,14.0,3.0,5.666666666666667,0.6666666666666666,1.6666666666666667,,
2023-24,2024-05-19,Brighton & Hove Albion,ALL,5,5,12.4,11.2,4.8,6.0,2.2,2.2,14.4,11.8,3.6,4.8,0.6,1.6,,
2023-24,2024-05-19,Brighton & Hove Albion,ALL,10,10,11.2,11.9,5.0,5.4,2.0,2.0,14.2,13.9,4.0,5.0,0.5,1.8,,
2023-24,2024-05-19,Brighton & Hove Albion,HOME,0,19,11.473684210526315,11.842105263157896,7.052631578947368,3.6842105263157894,1.894736842105263,2.526315789473684,15.947368421052632,10.421052631578947,5.947368421052632,3.6315789473684212,1.5789473684210527,1.4210526315789473,,
2023-24,2024-05-19,Brighton & Hove Albion,HOME,3,3,12.0,11.0,6.0,4.666666666666667,1.6666666666666667,2.0,14.666666666666666,8.666666666666666,4.333333333333333,3.6666666666666665,0.6666666666666666,1.3333333333333333,,
2023-24,2024-05-19,Brighton & Hove Albion,HOME,5,5,12.0,9.8,6.0,5.0,1.6,1.6,12.2,12.0,3.6,4.8,0.4,2.2,,
2023-24,2024-05-19,Brighton & Hove Albion,HOME,10,10,11.9,11.0,6.5,4.1,1.9,2.4,13.3,10.9,4.7,4.2,1.2,1.5,,
2023-24,2024-05-19,Brighton & Hove Albion,AWAY,0,19,10.31578947368421,12.421052631578947,3.789473684210526,5.105263157894737,2.789473684210526,2.3684210526315788,13.631578947368421,14.157894736842104,5.0,5.157894736842105,1.3157894736842106,1.8421052631578947,,
2023-24,2024-05-19,Brighton & Hove Albion,AWAY,3,3,11.333333333333334,13.666666666666666,3.6666666666666665,6.666666666666667,2.6666666666666665,2.0,16.0,14.666666666666666,4.333333333333333,5.333333333333333,0.6666666666666666,1.6666666666666667,,
2023-24,2024-05-19,Brighton & Hove Albion,AWAY,5,5,10.4,14.0,4.0,5.8,2.4,2.4,16.2,15.8,4.4,5.2,0.6,1.4,,
2023-24,2024-05-19,Brighton & Hove Albion,AWAY,10,10,10.0,12.0,4.6,5.4,2.3,1.9,15.7,13.7,5.0,4.8,0.9,1.6,,
2023-24,2024-05-19,Burnley,ALL,0,38,11.236842105263158,9.68421052631579,4.7631578947368425,6.131578947368421,1.868421052631579,2.1578947368421053,11.394736842105264,16.157894736842106,3.736842105263158,6.473684210526316,1.0789473684210527,2.0526315789473686,,
2023-24,2024-05-19,Burnley,ALL,3,3,11.0,7.666666666666667,3.6666666666666665,7.666666666666667,2.6666666666666665,1.6666666666666667,14.666666666666666,18.666666666666668,3.6666666666666665,8.666666666666666,1.0,2.6666666666666665,,
2023-24,2024-05-19,Burnley,ALL,5,5,10.6,8.0,3.6,8.0,2.2,1.4,15.2,20.2,5.4,9.4,1.6,2.0,,
2023-24,2024-05-19,Burnley,ALL,10,10,11.5,10.0,4.3,6.8,1.7,1.9,14.1,18.3,5.0,7.8,1.4,1.6,,
2023-24,2024-05-19,Burnley,HOME,0,19,10.421052631578947,9.842105263157896,5.578947368421052,5.052631578947368,1.4210526315789473,2.1578947368421053,13.368421052631579,13.105263157894736,3.8421052631578947,5.894736842105263,1.0,2.263157894736842,,
2023-24,2024-05-19,Burnley,HOME,3,3,12.333333333333334,7.0,4.0,6.333333333333333,1.3333333333333333,1.3333333333333333,16.0,18.333333333333332,3.6666666666666665,8.333333333333334,1.0,2.3333333333333335,,
2023-24,2024-05-19,Burnley,HOME,5,5,12.2,10.0,4.8,5.4,1.2,2.0,15.6,14.4,4.6,6.4,1.2,1.8,,
2023-24,2024-05-19,Burnley,HOME,10,10,10.5,10.0,4.3,6.0,1.5,1.8,14.0,14.6,4.0,6.4,0.9,2.1,,
2023-24,2024-05-19,Burnley,AWAY,0,19,12.052631578947368,9.526315789473685,3.9473684210526314,7.2105263157894735,2.3157894736842106,2.1578947368421053,9.421052631578947,19.210526315789473,3.6315789473684212,7.052631578947368,1.1578947368421053,1.8421052631578947,,
2023-24,2024-05-19,Burnley,AWAY,3,3,11.333333333333334,9.0,3.3333333333333335,8.666666666666666,2.6666666666666665,1.6666666666666667,13.0,22.0,6.333333333333333,10.0,2.0,1.3333333333333333,,
2023-24,2024-05-19,Burnley,AWAY,5,5,10.8,10.0,3.8,8.2,2.2,1.8,12.6,22.2,5.4,9.2,1.6,1.4,,
2023-24,2024-05-19,Burnley,AWAY,10,10,12.5,9.2,3.4,7.9,2.1,2.3,10.2,20.6,4.3,7.7,1.4,2.1,,
2023-24,2024-05-19,Chelsea,ALL,0,38,11.710526315789474,12.210526315789474,5.342105263157895,5.026315789473684,2.736842105263158,2.4473684210526314,14.421052631578947,14.631578947368421,5.657894736842105,4.947368421052632,2.026315789473684,1.6578947368421053,,
2023-24,2024-05-19,Chelsea,ALL,3,3,9.0,12.0,6.0,4.666666666666667,2.3333333333333335,2.3333333333333335,13.666666666666666,18.0,5.666666666666667,3.6666666666666665,2.3333333333333335,1.3333333333333333,,
2023-24,2024-05-19,Chelsea,ALL,5,5,10.2,12.4,6.0,5.8,1.6,2.2,16.4,17.2,7.2,3.2,2.8,0.8,,
2023-24,2024-05-19,Chelsea,ALL,10,10,9.8,13.5,5.8,5.3,2.1,2.4,15.8,16.2,6.5,4.3,2.8,1.6,,
2023-24,2024-05-19,Chelsea,HOME,0,19,10.578947368421053,11.947368421052632,6.105263157894737,4.7894736842105265,2.4210526315789473,2.6315789473684212,16.473684210526315,13.578947368421053,6.526315789473684,4.368421052631579,2.3157894736842106,1.368421052631579,,
2023-24,2024-05-19,Chelsea,HOME,3,3,9.666666666666666,11.666666666666666,6.0,6.666666666666667,1.0,2.3333333333333335,19.0,18.0,8.333333333333334,3.3333333333333335,3.0,0.3333333333333333,,
2023-24,2024-05-19,Chelsea,HOME,5,5,8.2,14.2,6.8,6.2,1.4,2.2,19.8,16.6,9.0,3.4,3.8,0.8,,
2023-24,2024-05-19,Chelsea,HOME,10,10,10.6,12.1,6.6,4.7,2.3,1.9,18.5,15.3,7.9,4.3,2.9,1.3,,
2023-24,2024-05-19,Chelsea,AWAY,0,19,12.842105263157896,12.473684210526315,4.578947368421052,5.2631578947368425,3.0526315789473686,2.263157894736842,12.368421052631579,15.68421052631579,4.7894736842105265,5.526315789473684,1.736842105263158,1.9473684210526316,,
2023-24,2024-05-19,Chelsea,AWAY,3,3,12.0,13.333333333333334,5.333333333333333,3.6666666666666665,3.3333333333333335,2.3333333333333335,15.333333333333334,13.666666666666666,5.333333333333333,3.3333333333333335,2.3333333333333335,1.6666666666666667,,
2023-24,2024-05-19,Chelsea,AWAY,5,5,11.4,12.8,4.8,4.4,2.8,2.6,11.8,15.8,4.0,5.2,1.8,2.4,,
2023-24,2024-05-19,Chelsea,AWAY,10,10,12.2,12.4,4.1,5.0,2.6,2.3,11.5,18.0,4.8,5.9,1.9,2.2,,
2023-24,2024-05-19,Crystal Palace,ALL,0,38,12.0,11.578947368421053,4.684210526315789,5.2105263157894735,1.8157894736842106,2.0,12.0,12.078947368421053,4.447368421052632,4.078947368421052,1.5,1.5263157894736843,,
2023-24,2024-05-19,Crystal Palace,ALL,3,3,11.333333333333334,9.666666666666666,3.6666666666666665,5.0,1.3333333333333333,2.6666666666666665,15.333333333333334,9.333333333333334,7.333333333333333,3.6666666666666665,4.0,0.3333333333333333,,
2023-24,2024-05-19,Crystal Palace,ALL,5,5,11.8,11.0,5.4,4.4,1.8,2.2,16.0,8.8,6.6,3.0,3.0,0.4,,
2023-24,2024-05-19,Crystal Palace,ALL,10,10,11.7,10.4,4.2,5.5,1.7,1.9,12.6,11.0,5.4,4.1,2.4,1.0,,
2023-24,2024-05-19,Crystal Palace,HOME,0,19,12.0,11.842105263157896,5.421052631578948,4.052631578947368,1.9473684210526316,2.1578947368421053,13.578947368421053,10.473684210526315,5.052631578947368,3.4210526315789473,1.9473684210526316,1.368421052631579,,
2023-24,2024-05-19,Crystal Palace,HOME,3,3,10.666666666666666,10.333333333333334,5.0,3.0,1.6666666666666667,2.6666666666666665,17.666666666666668,7.333333333333333,8.666666666666666,2.0,3.6666666666666665,0.0,,
2023-24,2024-05-19,Crystal Palace,HOME,5,5,10.8,8.6,4.2,3.6,1.8,2.2,15.6,8.8,7.4,3.0,3.6,1.2,,
2023-24,2024-05-19,Crystal Palace,HOME,10,10,11.8,10.2,6.0,3.9,1.7,2.2,15.2,8.6,6.1,3.1,2.9,1.3,,
2023-24,2024-05-19,Crystal Palace,AWAY,0,19,12.0,11.31578947368421,3.9473684210526314,6.368421052631579,1.6842105263157894,1.8421052631578947,10.421052631578947,13.68421052631579,3.8421052631578947,4.7368421052631575,1.0526315789473684,1.6842105263157894,,
2023-24,2024-05-19,Crystal Palace,AWAY,3,3,12.333333333333334,11.333333333333334,4.333333333333333,8.0,1.6666666666666667,1.3333333333333333,11.666666666666666,14.333333333333334,4.0,5.0,1.6666666666666667,0.6666666666666666,,
2023-24,2024-05-19,Crystal Palace,AWAY,5,5,12.6,12.2,4.2,7.4,1.6,1.6,9.6,13.2,3.4,5.2,1.2,0.8,,
2023-24,2024-05-19,Crystal Palace,AWAY,10,10,13.3,10.5,4.0,6.4,1.7,1.3,9.4,14.2,3.7,5.2,1.0,1.9,,
2023-24,2024-05-19,Everton,ALL,0,38,12.026315789473685,9.81578947368421,4.868421052631579,6.2631578947368425,2.0789473684210527,1.605263157894737,13.342105263157896,14.157894736842104,4.2631578947368425,4.5,1.0526315789473684,1.3421052631578947,,
2023-24,2024-05-19,Everton,ALL,3,3,9.666666666666666,11.0,3.6666666666666665,7.333333333333333,2.3333333333333335,2.3333333333333335,10.0,19.0,3.6666666666666665,3.6666666666666665,1.0,1.0,,
2023-24,2024-05-19,Everton,ALL,5,5,9.0,11.6,4.2,8.2,1.6,2.4,12.8,18.0,3.6,4.4,1.2,0.6,,
2023-24,2024-05-19,Everton,ALL,10,10,11.7,10.8,4.9,7.0,2.2,1.7,11.0,14.7,3.3,4.6,1.1,1.2,,
2023-24,2024-05-19,Everton,HOME,0,19,11.052631578947368,10.368421052631579,5.105263157894737,5.526315789473684,1.736842105263158,1.7894736842105263,15.473684210526315,12.0,5.0,3.789473684210526,1.1578947368421053,0.9473684210526315,,
2023-24,2024-05-19,Everton,HOME,3,3,7.333333333333333,12.0,4.333333333333333,8.333333333333334,0.6666666666666666,2.3333333333333335,16.333333333333332,15.333333333333334,4.333333333333333,4.0,1.3333333333333333,0.0,,
2023-24,2024-05-19,Everton,HOME,5,5,9.6,11.6,4.4,6.8,1.4,2.0,13.6,12.0,4.0,3.2,1.4,0.0,,
2023-24,2024-05-19,Everton,HOME,10,10,9.9,10.9,5.0,5.9,1.6,2.0,14.0,13.0,4.4,4.5,1.2,0.9,,
2023-24,2024-05-19,Everton,AWAY,0,19,13.0,9.263157894736842,4.631578947368421,7.0,2.4210526315789473,1.4210526315789473,11.210526315789474,16.31578947368421,3.526315789473684,5.2105263157894735,0.9473684210526315,1.736842105263158,,
2023-24,2024-05-19,Everton,AWAY,3,3,14.666666666666666,9.0,5.333333333333333,6.666666666666667,3.3333333333333335,2.0,8.333333333333334,19.333333333333332,2.3333333333333335,6.666666666666667,0.6666666666666666,3.0,,
2023-24,2024-05-19,Everton,AWAY,5,5,13.8,10.0,5.4,7.2,3.0,1.4,8.4,17.4,2.6,6.0,0.8,2.4,,
2023-24,2024-05-19,Everton,AWAY,10,10,13.2,9.3,4.6,8.1,2.7,1.3,10.7,18.1,2.7,6.0,0.5,2.0,,
2023-24,2024-05-19,Fulham,ALL,0,38,10.105263157894736,10.131578947368421,5.578947368421052,4.973684210526316,2.026315789473684,1.6842105263157894,13.157894736842104,13.763157894736842,4.684210526315789,5.157894736842105,1.4473684210526316,1.605263157894737,,
2023-24,2024-05-19,Fulham,ALL,3,3,11.666666666666666,8.0,3.6666666666666665,6.0,2.0,2.0,10.333333333333334,12.666666666666666,3.6666666666666665,6.0,1.3333333333333333,2.0,,
2023-24,2024-05-19,Fulham,ALL,5,5,10.2,10.0,3.4,6.2,1.8,1.6,10.4,13.2,3.6,5.8,1.2,2.0,,
2023-24,2024-05-19,Fulham,ALL,10,10,10.4,9.6,6.1,5.2,1.5,1.8,14.2,13.1,5.1,5.1,1.5,1.7,,
2023-24,2024-05-19,Fulham,HOME,0,19,9.473684210526315,11.473684210526315,5.894736842105263,4.894736842105263,1.894736842105263,1.736842105263158,13.473684210526315,12.526315789473685,4.473684210526316,4.421052631578948,1.631578947368421,1.263157894736842,,
2023-24,2024-05-19,Fulham,HOME,3,3,8.333333333333334,10.666666666666666,2.3333333333333335,6.666666666666667,1.3333333333333333,0.6666666666666666,7.333333333333333,14.666666666666666,2.6666666666666665,6.666666666666667,0.6666666666666666,2.6666666666666665,,
2023-24,2024-05-19,Fulham,HOME,5,5,8.8,11.0,5.0,5.6,1.4,1.4,10.4,14.0,3.8,6.0,1.0,1.8,,
2023-24,2024-05-19,Fulham,HOME,10,10,9.9,10.5,5.2,6.2,1.9,1.6,12.6,15.6,4.4,4.9,1.4,1.3,,
2023-24,2024-05-19,Fulham,AWAY,0,19,10.736842105263158,8.789473684210526,5.2631578947368425,5.052631578947368,2.1578947368421053,1.631578947368421,12.842105263157896,15.0,4.894736842105263,5.894736842105263,1.263157894736842,1.9473684210526316,,
2023-24,2024-05-19,Fulham,AWAY,3,3,13.0,8.0,4.333333333333333,6.333333333333333,2.3333333333333335,2.3333333333333335,16.0,12.333333333333334,6.666666666666667,4.333333333333333,2.0,0.6666666666666666,,
2023-24,2024-05-19,Fulham,AWAY,5,5,12.0,8.2,7.2,4.8,1.6,2.2,18.0,12.2,6.4,4.2,2.0,1.6,,
2023-24,2024-05-19,Fulham,AWAY,10,10,10.8,8.8,7.1,5.1,2.0,2.2,16.7,13.5,5.7,4.4,1.5,1.7,,
2023-24,2024-05-19,Liverpool,ALL,0,38,12.157894736842104,10.31578947368421,7.552631578947368,4.0,1.7105263157894737,2.3947368421052633,20.789473684210527,10.973684210526315,7.2894736842105265,3.9210526315789473,2.263157894736842,1.0789473684210527,,
2023-24,2024-05-19,Liverpool,ALL,3,3,14.333333333333334,11.333333333333334,7.333333333333333,3.3333333333333335,1.0,2.0,25.0,11.333333333333334,11.333333333333334,4.666666666666667,3.0,1.6666666666666667,,
2023-24,2024-05-19,Liverpool,ALL,5,5,13.2,9.6,8.6,3.8,1.6,1.2,25.2,12.2,9.8,5.6,2.2,1.8,,
2023-24,2024-05-19,Liverpool,ALL,10,10,12.3,8.7,9.0,3.2,1.6,1.9,24.8,10.7,8.6,4.9,2.1,1.5,,
2023-24,2024-05-19,Liverpool,HOME,0,19,12.0,11.157894736842104,8.578947368421053,3.1052631578947367,1.368421052631579,2.5789473684210527,25.157894736842106,9.052631578947368,9.210526315789474,3.3684210526315788,2.5789473684210527,0.8947368421052632,,
2023-24,2024-05-19,Liverpool,HOME,3,3,12.666666666666666,11.0,9.666666666666666,2.0,1.0,2.0,27.333333333333332,7.666666666666667,11.0,4.666666666666667,2.0,1.0,,
2023-24,2024-05-19,Liverpool,HOME,5,5,12.8,9.6,10.0,2.2,1.6,2.0,28.2,8.0,10.0,4.0,2.2,1.0,,
2023-24,2024-05-19,Liverpool,HOME,10,10,12.7,11.6,9.4,2.6,1.7,2.8,27.6,8.0,10.7,3.9,2.7,1.1,,
2023-24,2024-05-19,Liverpool,AWAY,0,19,12.31578947368421,9.473684210526315,6.526315789473684,4.894736842105263,2.0526315789473686,2.210526315789474,16.42105263157895,12.894736842105264,5.368421052631579,4.473684210526316,1.9473684210526316,1.263157894736842,,
2023-24,2024-05-19,Liverpool,AWAY,3,3,12.666666666666666,8.333333333333334,8.333333333333334,4.666666666666667,2.0,0.3333333333333333,21.666666666666668,15.333333333333334,7.333333333333333,6.333333333333333,1.6666666666666667,2.3333333333333335,,
2023-24,2024-05-19,Liverpool,AWAY,5,5,11.8,7.8,8.0,4.2,1.6,1.8,21.4,13.4,7.2,5.8,2.0,2.0,,
2023-24,2024-05-19,Liverpool,AWAY,10,10,12.2,8.1,7.1,3.9,1.6,2.2,18.7,12.5,6.4,4.5,2.2,1.4,,
2023-24,2024-05-19,Luton,ALL,0,38,11.657894736842104,12.342105263157896,5.368421052631579,5.947368421052632,1.868421052631579,1.8421052631578947,11.342105263157896,17.236842105263158,3.710526315789474,6.105263157894737,1.368421052631579,2.236842105263158,,
2023-24,2024-05-19,Luton,ALL,3,3,14.666666666666666,13.666666666666666,6.0,6.0,3.0,2.6666666666666665,12.333333333333334,16.333333333333332,4.0,6.0,1.3333333333333333,2.6666666666666665,,
2023-24,2024-05-19,Luton,ALL,5,5,14.2,12.8,5.2,6.2,2.2,2.6,10.4,16.6,4.2,6.4,1.2,3.0,,
2023-24,2024-05-19,Luton,ALL,10,10,11.6,13.0,4.7,5.8,1.7,1.9,9.7,17.0,4.0,6.0,1.1,2.6,,
2023-24,2024-05-19,Luton,HOME,0,19,11.631578947368421,12.894736842105264,6.631578947368421,5.105263157894737,1.9473684210526316,1.9473684210526316,13.894736842105264,14.105263157894736,4.421052631578948,5.315789473684211,1.4736842105263157,1.9473684210526316,,
2023-24,2024-05-19,Luton,HOME,3,3,14.0,13.666666666666666,5.333333333333333,6.666666666666667,2.3333333333333335,3.0,13.0,15.333333333333334,4.666666666666667,6.333333333333333,1.3333333333333333,3.3333333333333335,,
2023-24,2024-05-19,Luton,HOME,5,5,11.8,14.4,5.8,5.8,1.6,2.2,13.6,14.0,5.4,5.2,1.4,2.4,,
2023-24,2024-05-19,Luton,HOME,10,10,10.8,15.9,7.2,4.8,1.7,2.6,15.6,13.1,5.5,5.6,1.7,2.3,,
2023-24,2024-05-19,Luton,AWAY,0,19,11.68421052631579,11.789473684210526,4.105263157894737,6.7894736842105265,1.7894736842105263,1.736842105263158,8.789473684210526,20.36842105263158,3.0,6.894736842105263,1.263157894736842,2.526315789473684,,
2023-24,2024-05-19,Luton,AWAY,3,3,11.666666666666666,10.0,3.6666666666666665,7.666666666666667,1.3333333333333333,1.6666666666666667,5.666666666666667,23.333333333333332,3.0,8.666666666666666,1.0,3.3333333333333335,,
2023-24,2024-05-19,Luton,AWAY,5,5,11.4,11.6,3.6,5.8,1.8,1.6,5.8,20.0,2.6,6.8,0.8,2.8,,
2023-24,2024-05-19,Luton,AWAY,10,10,12.1,12.9,4.1,7.1,2.0,1.5,8.2,20.6,3.5,7.4,1.4,2.8,,
2023-24,2024-05-19,Manchester City,ALL,0,38,7.552631578947368,11.078947368421053,7.421052631578948,3.5,1.3421052631578947,2.3684210526315788,18.157894736842106,7.7368421052631575,7.315789473684211,2.9210526315789473,2.526315789473684,0.8947368421052632,,
2023-24,2024-05-19,Manchester City,ALL,3,3,6.666666666666667,11.666666666666666,7.333333333333333,3.3333333333333335,1.0,1.6666666666666667,17.333333333333332,4.666666666666667,8.666666666666666,2.6666666666666665,3.0,0.3333333333333333,,
2023-24,2024-05-19,Manchester City,ALL,5,5,6.0,12.0,6.6,2.8,0.6,1.8,16.6,6.0,8.6,2.2,3.2,0.4,,
2023-24,2024-05-19,Manchester City,ALL,10,10,5.8,12.2,6.7,2.8,0.6,1.6,18.5,6.2,8.2,2.5,3.3,0.6,,
2023-24,2024-05-19,Manchester City,HOME,0,19,7.7894736842105265,11.578947368421053,8.157894736842104,2.526315789473684,1.1578947368421053,2.5789473684210527,19.157894736842106,5.894736842105263,6.7894736842105265,2.4210526315789473,2.6842105263157894,0.8421052631578947,,
2023-24,2024-05-19,Manchester City,HOME,3,3,4.666666666666667,11.666666666666666,9.666666666666666,1.0,0.3333333333333333,1.6666666666666667,27.0,3.0,12.333333333333334,1.6666666666666667,4.333333333333333,1.0,,
2023-24,2024-05-19,Manchester City,HOME,5,5,5.8,13.6,7.6,2.0,0.4,1.8,23.6,4.6,9.8,2.0,3.4,0.8,,
2023-24,2024-05-19,Manchester City,HOME,10,10,6.2,12.0,9.1,1.7,0.7,2.1,23.4,5.4,8.0,2.3,2.7,0.7,,
2023-24,2024-05-19,Manchester City,AWAY,0,19,7.315789473684211,10.578947368421053,6.684210526315789,4.473684210526316,1.5263157894736843,2.1578947368421053,17.157894736842106,9.578947368421053,7.842105263157895,3.4210526315789473,2.3684210526315788,0.9473684210526315,,
2023-24,2024-05-19,Manchester City,AWAY,3,3,7.666666666666667,10.333333333333334,5.333333333333333,4.0,1.0,1.3333333333333333,11.666666666666666,8.333333333333334,6.333333333333333,2.6666666666666665,2.6666666666666665,0.0,,
2023-24,2024-05-19,Manchester City,AWAY,5,5,5.8,10.8,5.8,3.6,0.8,1.4,13.4,7.8,6.6,3.0,3.2,0.4,,
2023-24,2024-05-19,Manchester City,AWAY,10,10,6.1,9.6,7.1,4.7,1.3,1.5,16.7,9.9,8.0,3.5,2.7,0.7,,
2023-24,2024-05-19,Manchester United,ALL,0,38,10.473684210526315,9.263157894736842,5.947368421052632,7.342105263157895,2.1052631578947367,2.210526315789474,14.473684210526315,17.55263157894737,5.078947368421052,5.526315789473684,1.5,1.5263157894736843,,
2023-24,2024-05-19,Manchester United,ALL,3,3,10.0,7.666666666666667,6.0,7.666666666666667,2.0,2.0,14.0,16.333333333333332,4.666666666666667,5.333333333333333,1.6666666666666667,1.0,,
2023-24,2024-05-19,Manchester United,ALL,5,5,9.0,9.2,5.4,6.8,1.6,2.0,15.2,16.6,5.2,6.6,1.2,1.6,,
2023-24,2024-05-19,Manchester United,ALL,10,10,10.4,9.2,5.1,8.2,1.5,2.2,14.8,20.0,5.6,6.4,1.8,1.9,,
2023-24,2024-05-19,Manchester United,HOME,0,19,9.631578947368421,9.31578947368421,7.842105263157895,6.473684210526316,1.9473684210526316,2.263157894736842,16.789473684210527,15.210526315789474,6.105263157894737,5.2105263157894735,1.631578947368421,1.4736842105263157,,
2023-24,2024-05-19,Manchester United,HOME,3,3,9.333333333333334,8.0,6.333333333333333,7.0,1.3333333333333333,2.6666666666666665,19.333333333333332,16.0,6.666666666666667,6.666666666666667,1.3333333333333333,1.3333333333333333,,
2023-24,2024-05-19,Manchester United,HOME,5,5,8.8,8.6,6.8,7.2,1.8,2.2,18.4,17.2,7.6,6.2,2.0,1.6,,
2023-24,2024-05-19,Manchester United,HOME,10,10,9.1,8.5,6.5,8.0,1.5,2.3,16.2,17.4,6.9,5.5,2.1,1.4,,
2023-24,2024-05-19,Manchester United,AWAY,0,19,11.31578947368421,9.210526315789474,4.052631578947368,8.210526315789474,2.263157894736842,2.1578947368421053,12.157894736842104,19.894736842105264,4.052631578947368,5.842105263157895,1.368421052631579,1.5789473684210527,,
2023-24,2024-05-19,Manchester United,AWAY,3,3,10.333333333333334,11.666666666666666,3.3333333333333335,6.666666666666667,1.3333333333333333,2.0,8.666666666666666,18.333333333333332,2.6666666666666665,6.0,1.3333333333333333,2.0,,
2023-24,2024-05-19,Manchester United,AWAY,5,5,12.0,9.8,3.4,9.2,1.2,2.2,11.2,22.8,3.6,6.6,1.6,2.2,,
2023-24,2024-05-19,Manchester United,AWAY,10,10,11.9,8.9,4.3,8.7,2.3,2.1,12.8,21.0,4.6,6.4,1.8,2.1,,
2023-24,2024-05-19,Newcastle United,ALL,0,38,10.131578947368421,12.68421052631579,5.078947368421052,5.131578947368421,2.0,2.473684210526316,14.5,14.052631578947368,5.605263157894737,5.315789473684211,2.236842105263158,1.631578947368421,,
2023-24,2024-05-19,Newcastle United,ALL,3,3,9.0,15.666666666666666,5.666666666666667,5.333333333333333,3.3333333333333335,3.6666666666666665,17.0,14.0,7.333333333333333,5.666666666666667,2.3333333333333335,2.0,,
2023-24,2024-05-19,Newcastle United,ALL,5,5,8.8,13.0,6.4,5.0,2.4,2.6,18.8,14.8,8.0,5.4,3.2,1.6,,
2023-24,2024-05-19,Newcastle United,ALL,10,10,10.4,11.9,6.3,5.6,1.8,2.5,17.3,13.9,6.7,4.7,2.6,1.4,,
2023-24,2024-05-19,Newcastle United,HOME,0,19,9.842105263157896,12.947368421052632,5.894736842105263,4.631578947368421,1.6842105263157894,2.5789473684210527,17.36842105263158,12.31578947368421,6.473684210526316,4.2105263157894735,2.5789473684210527,1.1578947368421053,,
2023-24,2024-05-19,Newcastle United,HOME,3,3,10.666666666666666,12.666666666666666,9.333333333333334,4.0,1.0,2.6666666666666665,18.666666666666668,13.666666666666666,6.333333333333333,3.6666666666666665,3.3333333333333335,0.6666666666666666,,
2023-24,2024-05-19,Newcastle United,HOME,5,5,10.0,12.0,7.6,3.8,0.8,2.4,19.6,12.2,6.8,3.6,3.0,1.2,,
2023-24,2024-05-19,Newcastle United,HOME,10,10,9.7,12.7,6.6,4.3,1.1,2.3,17.9,13.8,6.4,5.3,2.7,1.8,,
2023-24,2024-05-19,Newcastle United,AWAY,0,19,10.421052631578947,12.421052631578947,4.2631578947368425,5.631578947368421,2.3157894736842106,2.3684210526315788,11.631578947368421,15.789473684210526,4.7368421052631575,6.421052631578948,1.894736842105263,2.1052631578947367,,
2023-24,2024-05-19,Newcastle United,AWAY,3,3,8.666666666666666,13.0,6.666666666666667,5.333333333333333,3.0,3.0,18.666666666666668,14.666666666666666,8.666666666666666,6.0,3.3333333333333335,2.0,,
2023-24,2024-05-19,Newcastle United,AWAY,5,5,10.8,11.8,5.0,7.4,2.8,2.6,15.0,15.6,6.6,5.8,2.2,1.6,,
2023-24,2024-05-19,Newcastle United,AWAY,10,10,10.0,12.5,4.3,6.5,2.3,2.5,11.5,16.7,5.1,6.9,2.2,2.2,,
2023-24,2024-05-19,Nottingham Forest,ALL,0,38,11.263157894736842,10.078947368421053,3.8947368421052633,6.526315789473684,1.9736842105263157,1.9736842105263157,11.868421052631579,13.421052631578947,3.8947368421052633,4.5,1.2894736842105263,1.763157894736842,,
2023-24,2024-05-19,Nottingham Forest,ALL,3,3,8.666666666666666,9.333333333333334,3.6666666666666665,5.0,1.0,1.3333333333333333,15.666666666666666,16.333333333333332,4.666666666666667,4.333333333333333,2.3333333333333335,1.6666666666666667,,
2023-24,2024-05-19,Nottingham Forest,ALL,5,5,8.6,9.8,3.8,5.2,1.0,1.4,13.8,13.4,3.8,4.4,1.4,1.8,,
2023-24,2024-05-19,Nottingham Forest,ALL,10,10,10.8,10.0,4.5,5.9,1.3,1.4,14.4,13.3,4.9,4.3,1.5,1.7,,
2023-24,2024-05-19,Nottingham Forest,HOME,0,19,10.736842105263158,9.789473684210526,4.315789473684211,5.894736842105263,1.4736842105263157,2.1052631578947367,13.368421052631579,12.842105263157896,3.9473684210526314,4.052631578947368,1.4210526315789473,1.5789473684210527,,
2023-24,2024-05-19,Nottingham Forest,HOME,3,3,12.333333333333334,8.0,6.333333333333333,4.0,1.3333333333333333,2.0,17.333333333333332,11.333333333333334,5.0,4.666666666666667,1.3333333333333333,2.3333333333333335,,
2023-24,2024-05-19,Nottingham Forest,HOME,5,5,11.6,8.8,5.2,5.2,1.0,1.4,16.0,12.4,4.8,4.0,1.6,1.8,,
2023-24,2024-05-19,Nottingham Forest,HOME,10,10,10.6,9.5,4.4,6.1,1.4,2.0,13.7,13.0,4.2,3.8,1.5,1.6,,
2023-24,2024-05-19,Nottingham Forest,AWAY,0,19,11.789473684210526,10.368421052631579,3.473684210526316,7.157894736842105,2.473684210526316,1.8421052631578947,10.368421052631579,14.0,3.8421052631578947,4.947368421052632,1.1578947368421053,1.9473684210526316,,
2023-24,2024-05-19,Nottingham Forest,AWAY,3,3,7.0,11.666666666666666,3.3333333333333335,5.0,1.0,1.3333333333333333,11.666666666666666,14.666666666666666,4.333333333333333,4.0,1.6666666666666667,1.3333333333333333,,
2023-24,2024-05-19,Nottingham Forest,AWAY,5,5,10.0,11.2,3.8,6.6,1.6,1.4,12.8,14.2,5.0,4.6,1.4,1.6,,
2023-24,2024-05-19,Nottingham Forest,AWAY,10,10,11.7,11.6,3.6,7.3,2.2,1.9,11.8,13.6,4.7,4.6,1.5,1.8,,
2023-24,2024-05-19,Sheffield United,ALL,0,38,11.131578947368421,8.657894736842104,3.736842105263158,7.157894736842105,2.4473684210526314,1.3421052631578947,9.68421052631579,17.842105263157894,3.3947368421052633,7.078947368421052,0.9210526315789473,2.736842105263158,,
2023-24,2024-05-19,Sheffield United,ALL,3,3,10.333333333333334,7.333333333333333,4.333333333333333,4.0,1.3333333333333333,0.6666666666666666,12.0,16.0,2.3333333333333335,6.333333333333333,0.3333333333333333,2.3333333333333335,,
2023-24,2024-05-19,Sheffield United,ALL,5,5,10.0,7.6,4.4,5.0,1.0,0.4,12.2,18.6,3.2,7.8,0.8,3.2,,
2023-24,2024-05-19,Sheffield United,ALL,10,10,10.2,8.4,4.9,6.4,1.6,0.8,11.4,17.7,4.2,7.4,1.1,3.0,,
2023-24,2024-05-19,Sheffield United,HOME,0,19,11.0,8.947368421052632,4.105263157894737,6.2105263157894735,2.526315789473684,1.0526315789473684,10.842105263157896,17.42105263157895,3.789473684210526,7.473684210526316,1.0,3.0,,
2023-24,2024-05-19,Sheffield United,HOME,3,3,10.0,8.333333333333334,6.0,3.6666666666666665,1.0,0.3333333333333333,13.666666666666666,16.333333333333332,5.666666666666667,7.333333333333333,0.6666666666666666,3.3333333333333335,,
2023-24,2024-05-19,Sheffield United,HOME,5,5,10.4,9.6,5.4,6.4,2.2,0.8,12.0,15.8,5.4,6.8,1.4,3.0,,
2023-24,2024-05-19,Sheffield United,HOME,10,10,10.0,8.7,4.8,5.8,2.2,0.9,12.2,16.7,4.5,7.3,1.1,3.6,,
2023-24,2024-05-19,Sheffield United,AWAY,0,19,11.263157894736842,8.368421052631579,3.3684210526315788,8.105263157894736,2.3684210526315788,1.631578947368421,8.526315789473685,18.263157894736842,3.0,6.684210526315789,0.8421052631578947,2.473684210526316,,
2023-24,2024-05-19,Sheffield United,AWAY,3,3,10.0,7.333333333333333,5.0,5.333333333333333,1.0,0.3333333333333333,12.666666666666666,20.0,3.3333333333333335,8.666666666666666,1.0,3.3333333333333335,,
2023-24,2024-05-19,Sheffield United,AWAY,5,5,10.0,7.2,4.4,6.4,1.0,0.8,10.8,19.6,3.0,8.0,0.8,3.0,,
2023-24,2024-05-19,Sheffield United,AWAY,10,10,10.1,7.6,3.5,8.3,1.8,1.2,9.9,19.3,3.8,6.7,1.1,2.4,,
2023-24,2024-05-19,Tottenham,ALL,0,38,11.18421052631579,13.947368421052632,6.184210526315789,6.2105263157894735,2.3157894736842106,2.526315789473684,15.31578947368421,12.789473684210526,5.631578947368421,4.526315789473684,1.9473684210526316,1.605263157894737,,
2023-24,2024-05-19,Tottenham,ALL,3,3,11.0,12.0,7.333333333333333,3.0,2.0,3.3333333333333335,16.333333333333332,7.0,7.666666666666667,3.0,1.6666666666666667,1.0,,
2023-24,2024-05-19,Tottenham,ALL,5,5,12.2,12.4,6.8,4.2,2.2,2.2,15.8,12.4,6.4,5.4,1.4,1.8,,
2023-24,2024-05-19,Tottenham,ALL,10,10,12.1,13.1,6.5,6.0,2.5,2.0,15.1,12.0,5.1,4.8,1.5,1.9,,
2023-24,2024-05-19,Tottenham,HOME,0,19,10.894736842105264,14.263157894736842,7.2105263157894735,4.894736842105263,2.1052631578947367,3.1052631578947367,17.05263157894737,11.578947368421053,6.368421052631579,4.578947368421052,2.0,1.4210526315789473,,
2023-24,2024-05-19,Tottenham,HOME,3,3,12.0,13.666666666666666,8.0,4.333333333333333,2.6666666666666665,3.0,15.0,8.0,5.333333333333333,3.6666666666666665,1.3333333333333333,2.0,,
2023-24,2024-05-19,Tottenham,HOME,5,5,12.6,13.4,7.8,4.2,2.4,3.2,15.8,8.8,5.4,4.0,1.8,1.6,,
2023-24,2024-05-19,Tottenham,HOME,10,10,11.4,14.2,7.8,4.8,2.0,2.8,15.5,9.9,5.4,4.0,2.1,1.5,,
2023-24,2024-05-19,Tottenham,AWAY,0,19,11.473684210526315,13.631578947368421,5.157894736842105,7.526315789473684,2.526315789473684,1.9473684210526316,13.578947368421053,14.0,4.894736842105263,4.473684210526316,1.894736842105263,1.7894736842105263,,
2023-24,2024-05-19,Tottenham,AWAY,3,3,12.333333333333334,12.333333333333334,6.0,4.666666666666667,1.6666666666666667,1.0,16.0,15.666666666666666,6.0,6.333333333333333,1.6666666666666667,2.0,,
2023-24,2024-05-19,Tottenham,AWAY,5,5,11.6,12.8,5.2,7.8,2.6,0.8,14.4,15.2,4.8,5.6,1.2,2.2,,
2023-24,2024-05-19,Tottenham,AWAY,10,10,10.8,11.8,5.9,7.3,2.1,1.4,13.9,14.0,4.9,5.2,1.6,2.2,,
2023-24,2024-05-19,West Ham United,ALL,0,38,10.263157894736842,10.710526315789474,4.421052631578948,6.026315789473684,2.0,1.8157894736842106,11.842105263157896,17.157894736842106,3.9473684210526314,6.473684210526316,1.5789473684210527,1.9473684210526316,,
2023-24,2024-05-19,West Ham United,ALL,3,3,10.333333333333334,10.0,5.0,8.333333333333334,1.6666666666666667,1.3333333333333333,13.333333333333334,19.0,4.0,9.0,1.3333333333333333,3.0,,
2023-24,2024-05-19,West Ham United,ALL,5,5,9.6,9.8,4.0,7.4,1.4,1.8,11.0,20.6,4.2,8.4,1.6,3.2,,
2023-24,2024-05-19,West Ham United,ALL,10,10,9.5,10.7,5.2,6.3,1.5,2.4,11.5,18.5,4.2,7.7,1.5,2.5,,
2023-24,2024-05-19,West Ham United,HOME,0,19,10.157894736842104,11.631578947368421,4.684210526315789,5.315789473684211,1.9473684210526316,2.0526315789473686,12.526315789473685,14.894736842105264,4.526315789473684,5.526315789473684,1.631578947368421,1.4736842105263157,,
2023-24,2024-05-19,West Ham United,HOME,3,3,7.666666666666667,12.666666666666666,6.666666666666667,5.666666666666667,0.6666666666666666,2.3333333333333335,16.666666666666668,16.666666666666668,6.666666666666667,6.333333333333333,1.6666666666666667,1.6666666666666667,,
2023-24,2024-05-19,West Ham United,HOME,5,5,9.8,11.8,7.2,6.6,1.2,2.8,14.8,15.2,5.8,5.6,1.4,1.4,,
2023-24,2024-05-19,West Ham United,HOME,10,10,9.9,11.4,4.6,5.5,1.5,2.3,13.3,15.7,4.5,6.4,1.4,1.8,,
2023-24,2024-05-19,West Ham United,AWAY,0,19,10.368421052631579,9.789473684210526,4.157894736842105,6.7368421052631575,2.0526315789473686,1.5789473684210527,11.157894736842104,19.42105263157895,3.3684210526315788,7.421052631578948,1.5263157894736843,2.4210526315789473,,
2023-24,2024-05-19,West Ham United,AWAY,3,3,10.333333333333334,8.0,2.6666666666666665,7.666666666666667,2.0,1.3333333333333333,6.666666666666667,23.666666666666668,1.6666666666666667,11.0,1.0,4.333333333333333,,
2023-24,2024-05-19,West Ham United,AWAY,5,5,9.2,9.6,3.2,6.0,1.8,2.0,8.2,21.8,2.6,9.8,1.6,3.6,,
2023-24,2024-05-19,West Ham United,AWAY,10,10,9.0,9.9,3.6,5.8,1.7,2.0,10.7,21.3,3.2,8.7,1.5,2.6,,
2023-24,2024-05-19,Wolverhampton Wanderers,ALL,0,38,12.552631578947368,11.026315789473685,4.157894736842105,5.921052631578948,2.5789473684210527,2.1315789473684212,11.236842105263158,15.157894736842104,4.184210526315789,5.605263157894737,1.3157894736842106,1.7105263157894737,,
2023-24,2024-05-19,Wolverhampton Wanderers,ALL,3,3,13.666666666666666,10.0,3.3333333333333335,6.333333333333333,2.6666666666666665,1.0,6.333333333333333,23.0,3.6666666666666665,9.666666666666666,0.6666666666666666,3.3333333333333335,,
2023-24,2024-05-19,Wolverhampton Wanderers,ALL,5,5,13.0,12.2,4.4,7.0,3.0,1.0,9.4,19.8,4.0,8.2,0.8,2.4,,
2023-24,2024-05-19,Wolverhampton Wanderers,ALL,10,10,13.5,11.3,3.6,6.3,3.2,1.4,9.8,17.6,3.9,7.4,0.8,2.1,,
2023-24,2024-05-19,Wolverhampton Wanderers,HOME,0,19,12.368421052631579,10.947368421052632,5.2105263157894735,5.052631578947368,2.5789473684210527,2.8421052631578947,11.736842105263158,14.789473684210526,4.421052631578948,5.0,1.368421052631579,1.5789473684210527,,
2023-24,2024-05-19,Wolverhampton Wanderers,HOME,3,3,12.333333333333334,14.333333333333334,6.666666666666667,6.333333333333333,3.3333333333333335,1.3333333333333333,13.666666666666666,14.333333333333334,5.333333333333333,5.0,1.0,1.6666666666666667,,
2023-24,2024-05-19,Wolverhampton Wanderers,HOME,5,5,13.2,11.8,5.0,5.0,3.6,1.6,12.0,15.6,5.2,5.6,0.8,1.8,,
2023-24,2024-05-19,Wolverhampton Wanderers,HOME,10,10,11.1,10.7,4.9,4.6,2.8,2.2,12.6,15.3,4.9,5.2,1.3,1.6,,
2023-24,2024-05-19,Wolverhampton Wanderers,AWAY,0,19,12.736842105263158,11.105263157894736,3.1052631578947367,6.7894736842105265,2.5789473684210527,1.4210526315789473,10.736842105263158,15.526315789473685,3.9473684210526314,6.2105263157894735,1.263157894736842,1.8421052631578947,,
2023-24,2024-05-19,Wolverhampton Wanderers,AWAY,3,3,12.666666666666666,11.0,1.0,8.666666666666666,2.6666666666666665,1.0,5.666666666666667,24.666666666666668,2.6666666666666665,11.666666666666666,1.0,3.0,,
2023-24,2024-05-19,Wolverhampton Wanderers,AWAY,5,5,13.8,10.8,2.2,7.6,2.8,1.2,7.6,19.6,2.6,9.2,0.8,2.4,,
2023-24,2024-05-19,Wolverhampton Wanderers,AWAY,10,10,13.1,10.0,2.5,7.7,2.3,1.1,9.5,16.7,3.8,7.1,1.4,1.9,,
2024-25,2025-05-25,Arsenal,ALL,0,38,10.526315789473685,10.68421052631579,6.605263157894737,3.1052631578947367,1.6842105263157894,2.1315789473684212,14.394736842105264,9.526315789473685,4.947368421052632,3.1578947368421053,1.8157894736842106,0.8947368421052632,,
2024-25,2025-05-25,Arsenal,ALL,3,3,9.0,9.666666666666666,6.333333333333333,5.0,1.3333333333333333,1.3333333333333333,16.666666666666668,11.666666666666666,6.333333333333333,4.0,1.6666666666666667,1.0,,
2024-25,2025-05-25,Arsenal,ALL,5,5,7.6,10.2,4.8,4.8,1.0,1.4,15.0,11.8,5.8,3.6,1.6,1.4,,
2024-25,2025-05-25,Arsenal,ALL,10,10,7.7,11.0,6.7,4.0,1.1,1.8,15.6,8.8,5.2,2.7,1.7,1.0,,
2024-25,2025-05-25,Arsenal,HOME,0,19,9.789473684210526,10.105263157894736,7.421052631578948,2.789473684210526,1.631578947368421,2.263157894736842,16.105263157894736,8.31578947368421,5.526315789473684,2.526315789473684,1.8421052631578947,0.8947368421052632,,
2024-25,2025-05-25,Arsenal,HOME,3,3,6.666666666666667,10.333333333333334,5.0,5.333333333333333,1.3333333333333333,2.0,12.333333333333334,12.666666666666666,4.666666666666667,3.6666666666666665,1.3333333333333333,1.3333333333333333,,
2024-25,2025-05-25,Arsenal,HOME,5,5,5.8,10.0,6.6,5.0,1.2,2.2,13.6,10.0,4.2,3.2,1.4,1.2,,
2024-25,2025-05-25,Arsenal,HOME,10,10,8.7,11.2,6.5,3.6,1.7,2.1,14.4,8.8,4.4,3.0,1.7,1.1,,
2024-25,2025-05-25,Arsenal,AWAY,0,19,11.263157894736842,11.263157894736842,5.7894736842105265,3.4210526315789473,1.736842105263158,2.0,12.68421052631579,10.736842105263158,4.368421052631579,3.789473684210526,1.7894736842105263,0.8947368421052632,,
2024-25,2025-05-25,Arsenal,AWAY,3,3,8.333333333333334,10.0,7.0,2.6666666666666665,0.3333333333333333,0.3333333333333333,20.666666666666668,8.333333333333334,7.333333333333333,2.3333333333333335,2.6666666666666665,1.0,,
2024-25,2025-05-25,Arsenal,AWAY,5,5,9.8,11.0,7.6,2.6,0.6,0.8,18.6,8.0,6.6,3.0,2.0,1.0,,
2024-25,2025-05-25,Arsenal,AWAY,10,10,10.8,11.7,6.9,2.6,1.1,1.0,14.9,7.7,5.0,2.9,1.7,0.7,,
2024-25,2025-05-25,Aston Villa,ALL,0,38,10.68421052631579,13.394736842105264,6.105263157894737,4.526315789473684,1.894736842105263,2.6578947368421053,12.736842105263158,12.18421052631579,4.473684210526316,4.2105263157894735,1.5263157894736843,1.3421052631578947,,
2024-25,2025-05-25,Aston Villa,ALL,3,3,9.0,13.666666666666666,4.0,5.0,2.0,2.6666666666666665,10.0,12.666666666666666,3.6666666666666665,5.0,1.0,0.6666666666666666,,
2024-25,2025-05-25,Aston Villa,ALL,5,5,8.6,13.4,3.8,5.6,1.8,3.2,9.4,12.6,3.4,4.8,1.0,0.8,,
2024-25,2025-05-25,Aston Villa,ALL,10,10,7.9,13.1,4.9,5.1,1.8,2.7,13.2,12.3,5.3,3.9,1.8,0.6,,
2024-25,2025-05-25,Aston Villa,HOME,0,19,10.263157894736842,12.947368421052632,7.473684210526316,3.3684210526315788,1.6842105263157894,3.1052631578947367,15.421052631578947,10.210526315789474,5.578947368421052,3.3157894736842106,1.7894736842105263,1.0526315789473684,,
2024-25,2025-05-25,Aston Villa,HOME,3,3,6.666666666666667,13.666666666666666,7.0,3.6666666666666665,0.6666666666666666,3.3333333333333335,17.0,8.0,6.333333333333333,2.3333333333333335,2.3333333333333335,0.3333333333333333,,
2024-25,2025-05-25,Aston Villa,HOME,5,5,8.4,14.4,5.4,3.6,1.0,3.0,16.0,11.6,6.6,3.4,2.2,0.6,,
2024-25,2025-05-25,Aston Villa,HOME,10,10,8.9,13.0,7.2,3.5,1.0,2.5,16.1,11.0,5.6,3.3,1.9,1.0,,
2024-25,2025-05-25,Aston Villa,AWAY,0,19,11.105263157894736,13.842105263157896,4.7368421052631575,5.684210526315789,2.1052631578947367,2.210526315789474,10.052631578947368,14.157894736842104,3.3684210526315788,5.105263157894737,1.263157894736842,1.631578947368421,,
2024-25,2025-05-25,Aston Villa,AWAY,3,3,10.666666666666666,12.666666666666666,1.6666666666666667,8.0,2.6666666666666665,3.0,6.333333333333333,16.333333333333332,2.3333333333333335,6.666666666666667,0.6666666666666666,1.3333333333333333,,
2024-25,2025-05-25,Aston Villa,AWAY,5,5,9.4,13.0,3.8,6.0,2.4,2.6,10.4,13.4,4.4,5.2,1.6,0.8,,
2024-25,2025-05-25,Aston Villa,AWAY,10,10,10.3,14.1,4.6,6.2,2.2,2.4,9.9,13.5,3.8,4.9,1.3,1.2,,
2024-25,2025-05-25,Bournemouth,ALL,0,38,13.526315789473685,10.789473684210526,6.026315789473684,4.842105263157895,2.5526315789473686,2.289473684210526,15.263157894736842,12.81578947368421,5.315789473684211,4.578947368421052,1.5263157894736843,1.2105263157894737,,
2024-25,2025-05-25,Bournemouth,ALL,3,3,17.0,11.666666666666666,5.666666666666667,1.3333333333333333,2.3333333333333335,2.0,12.666666666666666,7.0,4.333333333333333,2.6666666666666665,1.0,1.3333333333333333,,
2024-25,2025-05-25,Bournemouth,ALL,5,5,15.6,10.8,5.0,3.2,2.6,1.6,11.0,11.8,3.2,3.6,1.2,1.2,,
2024-25,2025-05-25,Bournemouth,ALL,10,10,13.9,11.2,5.4,4.0,2.6,1.7,13.4,10.5,3.9,3.4,1.1,1.2,,
2024-25,2025-05-25,Bournemouth,HOME,0,19,14.052631578947368,10.68421052631579,6.315789473684211,5.0,2.263157894736842,2.473684210526316,16.263157894736842,11.894736842105264,5.473684210526316,3.6315789473684212,1.2105263157894737,0.8421052631578947,,
2024-25,2025-05-25,Bournemouth,HOME,3,3,16.333333333333332,13.333333333333334,7.0,3.6666666666666665,2.6666666666666665,2.3333333333333335,12.666666666666666,11.333333333333334,4.0,3.0,1.0,0.6666666666666666,,
2024-25,2025-05-25,Bournemouth,HOME,5,5,14.8,13.0,7.0,4.6,2.4,2.2,14.8,11.2,4.4,3.6,1.0,0.8,,
2024-25,2025-05-25,Bournemouth,HOME,10,10,14.3,11.6,6.0,4.8,2.4,2.2,14.8,12.5,5.1,3.8,1.2,0.9,,
2024-25,2025-05-25,Bournemouth,AWAY,0,19,13.0,10.894736842105264,5.7368421052631575,4.684210526315789,2.8421052631578947,2.1052631578947367,14.263157894736842,13.736842105263158,5.157894736842105,5.526315789473684,1.8421052631578947,1.5789473684210527,,
2024-25,2025-05-25,Bournemouth,AWAY,3,3,13.0,9.0,2.6666666666666665,3.3333333333333335,3.0,1.3333333333333333,10.666666666666666,10.0,2.6666666666666665,3.0,1.0,1.3333333333333333,,
2024-25,2025-05-25,Bournemouth,AWAY,5,5,13.6,11.0,4.2,3.4,2.8,1.8,12.0,10.2,4.0,3.2,1.4,1.6,,
2024-25,2025-05-25,Bournemouth,AWAY,10,10,14.7,10.9,5.2,3.9,3.0,1.6,13.5,12.3,5.4,4.5,1.9,1.6,,
2024-25,2025-05-25,Brentford,ALL,0,38,8.394736842105264,9.605263157894736,4.605263157894737,6.447368421052632,1.631578947368421,2.0526315789473686,11.605263157894736,17.026315789473685,4.842105263157895,5.5,1.736842105263158,1.5,,
2024-25,2025-05-25,Brentford,ALL,3,3,11.0,7.0,4.666666666666667,5.333333333333333,3.0,2.6666666666666665,13.0,15.0,6.0,5.666666666666667,1.3333333333333333,1.3333333333333333,,
2024-25,2025-05-25,Brentford,ALL,5,5,10.6,8.2,5.2,4.8,2.8,2.6,12.4,14.6,5.4,5.4,2.0,1.4,,
2024-25,2025-05-25,Brentford,ALL,10,10,10.0,9.6,4.6,5.9,2.2,2.4,11.2,15.8,4.6,4.7,1.8,1.3,,
2024-25,2025-05-25,Brentford,HOME,0,19,7.473684210526316,9.947368421052632,5.157894736842105,5.473684210526316,1.631578947368421,2.263157894736842,12.947368421052632,15.842105263157896,5.526315789473684,4.842105263157895,2.1052631578947367,1.8421052631578947,,
2024-25,2025-05-25,Brentford,HOME,3,3,9.0,9.666666666666666,5.333333333333333,5.0,2.3333333333333335,3.0,13.0,14.0,6.666666666666667,5.0,3.3333333333333335,2.6666666666666665,,
2024-25,2025-05-25,Brentford,HOME,5,5,9.8,9.2,5.0,5.2,2.0,2.8,12.2,15.0,5.0,4.8,2.0,1.8,,
2024-25,2025-05-25,Brentford,HOME,10,10,7.2,8.9,4.7,5.7,1.5,2.1,12.7,17.4,4.6,5.1,1.4,1.9,,
2024-25,2025-05-25,Brentford,AWAY,0,19,9.31578947368421,9.263157894736842,4.052631578947368,7.421052631578948,1.631578947368421,1.8421052631578947,10.263157894736842,18.210526315789473,4.157894736842105,6.157894736842105,1.368421052631579,1.1578947368421053,,
2024-25,2025-05-25,Brentford,AWAY,3,3,11.0,7.666666666666667,4.666666666666667,5.666666666666667,3.3333333333333335,2.3333333333333335,13.0,14.333333333333334,5.0,5.0,1.3333333333333333,0.3333333333333333,,
2024-25,2025-05-25,Brentford,AWAY,5,5,10.8,8.4,4.8,6.8,2.8,1.8,10.8,15.6,4.0,4.4,1.2,0.8,,
2024-25,2025-05-25,Brentford,AWAY,10,10,9.9,9.3,4.4,5.8,1.7,2.1,12.5,14.0,5.2,3.9,2.0,0.6,,
2024-25,2025-05-25,Brighton & Hove Albion,ALL,0,38,11.526315789473685,11.236842105263158,4.973684210526316,4.842105263157895,1.894736842105263,2.236842105263158,14.026315789473685,11.236842105263158,5.026315789473684,3.9210526315789473,1.736842105263158,1.5526315789473684,,
2024-25,2025-05-25,Brighton & Hove Albion,ALL,3,3,9.666666666666666,9.666666666666666,6.0,4.0,1.0,1.3333333333333333,18.333333333333332,10.666666666666666,7.333333333333333,3.3333333333333335,3.0,1.0,,
2024-25,2025-05-25,Brighton & Hove Albion,ALL,5,5,10.2,9.6,5.4,3.4,1.2,1.2,15.2,11.4,6.6,3.8,2.6,1.2,,
2024-25,2025-05-25,Brighton & Hove Albion,ALL,10,10,11.0,9.9,5.1,3.3,1.8,1.9,14.6,11.5,5.5,4.4,2.0,1.9,,
2024-25,2025-05-25,Brighton & Hove Albion,HOME,0,19,11.631578947368421,12.0,4.7894736842105265,4.368421052631579,1.7894736842105263,2.5789473684210527,15.263157894736842,10.789473684210526,5.105263157894737,3.6315789473684212,1.5789473684210527,1.368421052631579,,
2024-25,2025-05-25,Brighton & Hove Albion,HOME,3,3,10.333333333333334,9.0,4.0,2.6666666666666665,1.3333333333333333,0.6666666666666666,15.333333333333334,14.333333333333334,7.666666666666667,4.666666666666667,2.3333333333333335,1.6666666666666667,,
2024-25,2025-05-25,Brighton & Hove Albion,HOME,5,5,11.2,9.8,3.8,2.8,1.4,2.0,15.6,13.2,6.8,5.0,1.8,2.0,,
2024-25,2025-05-25,Brighton & Hove Albion,HOME,10,10,11.1,11.5,3.6,4.5,1.5,2.2,13.8,11.1,5.2,3.5,1.7,1.4,,
2024-25,2025-05-25,Brighton & Hove Albion,AWAY,0,19,11.421052631578947,10.473684210526315,5.157894736842105,5.315789473684211,2.0,1.894736842105263,12.789473684210526,11.68421052631579,4.947368421052632,4.2105263157894735,1.894736842105263,1.736842105263158,,
2024-25,2025-05-25,Brighton & Hove Albion,AWAY,3,3,10.333333333333334,9.333333333333334,7.666666666666667,4.333333333333333,1.6666666666666667,2.3333333333333335,14.0,10.0,4.333333333333333,4.333333333333333,2.6666666666666665,1.6666666666666667,,
2024-25,2025-05-25,Brighton & Hove Albion,AWAY,5,5,10.8,10.0,6.4,3.8,2.2,1.8,13.6,9.8,4.2,3.8,2.2,1.8,,
2024-25,2025-05-25,Brighton & Hove Albion,AWAY,10,10,11.9,10.4,5.8,4.5,2.2,1.9,12.6,10.4,5.0,3.7,2.2,1.9,,
2024-25,2025-05-25,Chelsea,ALL,0,38,11.473684210526315,12.026315789473685,6.2105263157894735,3.710526315789474,2.5789473684210527,2.526315789473684,15.657894736842104,10.473684210526315,5.7368421052631575,4.131578947368421,1.6842105263157894,1.131578947368421,,
2024-25,2025-05-25,Chelsea,ALL,3,3,11.333333333333334,11.0,6.333333333333333,3.6666666666666665,1.6666666666666667,4.0,9.0,9.666666666666666,2.6666666666666665,3.0,0.6666666666666666,0.6666666666666666,,
2024-25,2025-05-25,Chelsea,ALL,5,5,11.0,11.0,6.4,3.8,1.4,2.8,10.8,9.2,4.4,2.8,1.2,0.6,,
2024-25,2025-05-25,Chelsea,ALL,10,10,10.7,11.3,6.5,4.3,2.3,2.6,14.1,9.4,5.1,2.7,1.1,0.7,,
2024-25,2025-05-25,Chelsea,HOME,0,19,11.31578947368421,11.368421052631579,6.473684210526316,3.473684210526316,2.526315789473684,2.210526315789474,17.789473684210527,10.0,6.684210526315789,3.789473684210526,1.8421052631578947,0.9473684210526315,,
2024-25,2025-05-25,Chelsea,HOME,3,3,10.333333333333334,12.0,6.666666666666667,3.3333333333333335,1.0,2.6666666666666665,12.666666666666666,7.0,5.666666666666667,2.0,1.6666666666666667,0.3333333333333333,,
2024-25,2025-05-25,Chelsea,HOME,5,5,9.8,11.8,7.8,4.0,2.0,3.0,16.6,8.4,6.2,2.4,1.6,0.6,,
2024-25,2025-05-25,Chelsea,HOME,10,10,10.1,12.1,7.1,3.6,2.1,2.3,18.9,8.2,6.8,2.9,2.0,0.7,,
2024-25,2025-05-25,Chelsea,AWAY,0,19,11.631578947368421,12.68421052631579,5.947368421052632,3.9473684210526314,2.6315789473684212,2.8421052631578947,13.526315789473685,10.947368421052632,4.7894736842105265,4.473684210526316,1.5263157894736843,1.3157894736842106,,
2024-25,2025-05-25,Chelsea,AWAY,3,3,11.0,10.666666666666666,5.333333333333333,5.0,2.3333333333333335,2.3333333333333335,9.666666666666666,10.333333333333334,4.333333333333333,3.0,1.0,1.0,,
2024-25,2025-05-25,Chelsea,AWAY,5,5,11.6,10.8,5.2,4.6,2.6,2.2,11.6,10.4,4.0,3.0,0.6,0.8,,
2024-25,2025-05-25,Chelsea,AWAY,10,10,11.4,10.5,5.5,3.9,2.6,2.0,12.6,11.4,3.7,4.4,0.6,1.5,,
2024-25,2025-05-25,Crystal Palace,ALL,0,38,10.973684210526315,11.0,4.526315789473684,5.657894736842105,1.9736842105263157,2.0,13.578947368421053,12.736842105263158,4.894736842105263,4.078947368421052,1.3421052631578947,1.3421052631578947,,
2024-25,2025-05-25,Crystal Palace,ALL,3,3,11.333333333333334,9.0,2.6666666666666665,8.333333333333334,0.6666666666666666,1.3333333333333333,15.0,11.333333333333334,8.333333333333334,2.3333333333333335,2.3333333333333335,1.0,,
2024-25,2025-05-25,Crystal Palace,ALL,5,5,9.8,9.2,4.2,6.4,1.2,2.6,16.0,11.6,6.4,3.4,2.0,1.2,,
2024-25,2025-05-25,Crystal Palace,ALL,10,10,11.4,10.2,3.8,4.8,1.6,2.4,12.1,12.7,4.5,4.4,1.5,1.8,,
2024-25,2025-05-25,Crystal Palace,HOME,0,19,10.736842105263158,12.0,4.578947368421052,6.105263157894737,1.9473684210526316,2.3157894736842106,14.31578947368421,12.105263157894736,4.842105263157895,4.157894736842105,1.263157894736842,1.368421052631579,,
2024-25,2025-05-25,Crystal Palace,HOME,3,3,12.0,11.0,4.0,6.0,2.3333333333333335,4.666666666666667,13.0,13.0,4.333333333333333,3.6666666666666665,1.6666666666666667,1.0,,
2024-25,2025-05-25,Crystal Palace,HOME,5,5,11.2,10.6,3.8,5.2,2.2,3.6,13.2,13.0,4.0,4.8,1.6,0.8,,
2024-25,2025-05-25,Crystal Palace,HOME,10,10,11.9,11.7,4.6,5.6,1.8,2.7,15.0,11.7,5.3,4.2,1.7,1.1,,
2024-25,2025-05-25,Crystal Palace,AWAY,0,19,11.210526315789474,10.0,4.473684210526316,5.2105263157894735,2.0,1.6842105263157894,12.842105263157896,13.368421052631579,4.947368421052632,4.0,1.4210526315789473,1.3157894736842106,,
2024-25,2025-05-25,Crystal Palace,AWAY,3,3,8.666666666666666,7.666666666666667,4.666666666666667,6.0,0.6666666666666666,1.0,15.333333333333334,11.333333333333334,6.333333333333333,3.3333333333333335,1.6666666666666667,1.0,,
2024-25,2025-05-25,Crystal Palace,AWAY,5,5,11.4,8.4,4.4,4.8,1.6,1.4,13.0,13.8,5.2,5.2,1.4,2.6,,
2024-25,2025-05-25,Crystal Palace,AWAY,10,10,10.2,9.8,3.8,5.0,1.3,1.4,11.6,13.2,4.8,3.4,1.6,1.4,,
2024-25,2025-05-25,Everton,ALL,0,38,11.31578947368421,10.131578947368421,4.105263157894737,6.052631578947368,2.1052631578947367,1.1578947368421053,10.657894736842104,12.631578947368421,3.789473684210526,4.473684210526316,1.105263157894737,1.1578947368421053,,
2024-25,2025-05-25,Everton,ALL,3,3,8.0,12.333333333333334,4.0,7.333333333333333,1.6666666666666667,1.0,12.666666666666666,13.666666666666666,6.0,4.666666666666667,2.0,0.3333333333333333,,
2024-25,2025-05-25,Everton,ALL,5,5,9.4,12.6,3.4,7.0,1.8,1.4,10.4,12.6,4.8,5.2,1.6,0.8,,
2024-25,2025-05-25,Everton,ALL,10,10,10.7,10.6,4.0,6.5,2.2,1.2,9.6,12.6,3.9,5.1,1.1,0.9,,
2024-25,2025-05-25,Everton,HOME,0,19,11.105263157894736,10.210526315789474,4.2631578947368425,5.421052631578948,2.1052631578947367,1.0526315789473684,11.157894736842104,11.052631578947368,4.105263157894737,4.2105263157894735,1.368421052631579,1.2105263157894737,,
2024-25,2025-05-25,Everton,HOME,3,3,8.333333333333334,10.333333333333334,3.0,4.333333333333333,3.0,1.6666666666666667,9.666666666666666,10.0,3.6666666666666665,4.666666666666667,1.3333333333333333,1.3333333333333333,,
2024-25,2025-05-25,Everton,HOME,5,5,10.8,10.4,3.6,5.2,2.6,1.6,9.4,10.8,3.6,4.8,1.2,1.2,,
2024-25,2025-05-25,Everton,HOME,10,10,11.3,11.8,4.3,5.7,2.3,1.3,10.1,10.0,4.5,4.1,1.7,1.3,,
2024-25,2025-05-25,Everton,AWAY,0,19,11.526315789473685,10.052631578947368,3.9473684210526314,6.684210526315789,2.1052631578947367,1.263157894736842,10.157894736842104,14.210526315789474,3.473684210526316,4.7368421052631575,0.8421052631578947,1.105263157894737,,
2024-25,2025-05-25,Everton,AWAY,3,3,9.666666666666666,12.666666666666666,3.3333333333333335,9.0,1.3333333333333333,0.6666666666666666,10.333333333333334,15.0,5.333333333333333,6.333333333333333,1.3333333333333333,0.6666666666666666,,
2024-25,2025-05-25,Everton,AWAY,5,5,10.6,10.8,4.4,7.8,1.8,0.8,9.8,14.4,4.2,5.4,1.0,0.6,,
2024-25,2025-05-25,Everton,AWAY,10,10,11.2,10.0,3.8,7.0,1.9,1.3,9.8,14.7,3.6,4.8,1.0,0.7,,
2024-25,2025-05-25,Fulham,ALL,0,38,11.368421052631579,9.763157894736842,5.394736842105263,4.552631578947368,2.1052631578947367,1.7105263157894737,13.710526315789474,11.368421052631579,4.552631578947368,4.2631578947368425,1.4210526315789473,1.4210526315789473,,
2024-25,2025-05-25,Fulham,ALL,3,3,11.333333333333334,8.666666666666666,3.0,5.333333333333333,1.6666666666666667,1.3333333333333333,15.666666666666666,14.0,5.333333333333333,6.0,1.3333333333333333,2.3333333333333335,,
2024-25,2025-05-25,Fulham,ALL,5,5,12.6,8.4,5.0,4.2,2.2,1.0,16.8,11.8,4.8,4.8,1.2,1.8,,
2024-25,2025-05-25,Fulham,ALL,10,10,11.9,8.3,5.4,4.5,1.9,1.2,13.6,12.7,4.5,4.9,1.3,1.6,,
2024-25,2025-05-25,Fulham,HOME,0,19,10.736842105263158,10.631578947368421,5.315789473684211,4.421052631578948,1.736842105263158,1.631578947368421,13.789473684210526,11.052631578947368,4.894736842105263,4.2631578947368425,1.4210526315789473,1.5789473684210527,,
2024-25,2025-05-25,Fulham,HOME,3,3,13.0,7.666666666666667,4.0,5.0,0.6666666666666666,1.0,12.333333333333334,14.666666666666666,3.3333333333333335,6.666666666666667,0.6666666666666666,2.3333333333333335,,
2024-25,2025-05-25,Fulham,HOME,5,5,12.4,8.4,4.4,4.8,1.0,0.6,12.4,14.0,4.0,6.0,1.4,1.8,,
2024-25,2025-05-25,Fulham,HOME,10,10,10.9,9.6,5.0,4.4,0.8,1.5,13.1,11.5,4.3,5.0,1.3,1.7,,
2024-25,2025-05-25,Fulham,AWAY,0,19,12.0,8.894736842105264,5.473684210526316,4.684210526315789,2.473684210526316,1.7894736842105263,13.631578947368421,11.68421052631579,4.2105263157894735,4.2631578947368425,1.4210526315789473,1.263157894736842,,
2024-25,2025-05-25,Fulham,AWAY,3,3,12.333333333333334,9.333333333333334,6.333333333333333,3.3333333333333335,3.3333333333333335,1.6666666666666667,17.666666666666668,9.333333333333334,5.0,4.0,1.6666666666666667,1.3333333333333333,,
2024-25,2025-05-25,Fulham,AWAY,5,5,11.4,8.2,6.4,4.2,2.8,1.8,14.8,11.4,5.0,3.8,1.2,1.4,,
2024-25,2025-05-25,Fulham,AWAY,10,10,12.5,8.2,5.6,4.0,2.7,2.0,14.4,10.7,4.2,3.9,1.5,1.4,,
2024-25,2025-05-25,Ipswich,ALL,0,38,11.31578947368421,10.894736842105264,3.8157894736842106,6.631578947368421,2.210526315789474,1.6578947368421053,9.894736842105264,15.973684210526315,3.3421052631578947,5.684210526315789,0.9473684210526315,2.1578947368421053,,
2024-25,2025-05-25,Ipswich,ALL,3,3,9.333333333333334,12.0,3.6666666666666665,2.6666666666666665,1.0,2.0,15.0,11.333333333333334,3.3333333333333335,4.666666666666667,0.3333333333333333,2.0,,
2024-25,2025-05-25,Ipswich,ALL,5,5,10.4,11.4,3.2,4.4,1.8,2.2,12.2,13.4,3.0,4.4,0.6,2.2,,
2024-25,2025-05-25,Ipswich,ALL,10,10,10.0,11.8,3.3,6.8,1.6,1.7,10.5,18.2,2.7,5.8,1.0,2.4,,
2024-25,2025-05-25,Ipswich,HOME,0,19,10.210526315789474,11.631578947368421,4.105263157894737,5.894736842105263,1.7894736842105263,1.6842105263157894,10.947368421052632,14.473684210526315,3.5789473684210527,5.578947368421052,0.7368421052631579,2.3157894736842106,,
2024-25,2025-05-25,Ipswich,HOME,3,3,8.666666666666666,9.333333333333334,3.0,6.0,1.0,1.6666666666666667,9.666666666666666,16.333333333333332,2.6666666666666665,6.0,0.3333333333333333,2.6666666666666665,,
2024-25,2025-05-25,Ipswich,HOME,5,5,8.4,11.4,3.8,5.8,1.2,1.6,9.2,16.4,2.8,6.2,0.8,2.8,,
2024-25,2025-05-25,Ipswich,HOME,10,10,9.4,11.1,3.3,5.8,1.4,1.9,10.0,14.9,3.8,6.0,0.8,2.8,,
2024-25,2025-05-25,Ipswich,AWAY,0,19,12.421052631578947,10.157894736842104,3.526315789473684,7.368421052631579,2.6315789473684212,1.631578947368421,8.842105263157896,17.473684210526315,3.1052631578947367,5.7894736842105265,1.1578947368421053,2.0,,
2024-25,2025-05-25,Ipswich,AWAY,3,3,12.0,12.0,2.3333333333333335,5.333333333333333,2.0,2.0,12.0,14.0,2.3333333333333335,3.6666666666666665,0.6666666666666666,2.3333333333333335,,
2024-25,2025-05-25,Ipswich,AWAY,5,5,11.6,12.2,2.8,7.8,2.0,1.8,11.8,20.0,2.6,5.4,1.2,2.0,,
2024-25,2025-05-25,Ipswich,AWAY,10,10,11.7,10.5,3.1,7.7,2.7,1.8,10.0,18.5,3.3,5.3,1.2,2.1,,
2024-25,2025-05-25,Leicester,ALL,0,38,11.052631578947368,10.605263157894736,3.710526315789474,6.078947368421052,2.289473684210526,1.4473684210526316,8.81578947368421,16.86842105263158,2.9210526315789473,5.684210526315789,0.868421052631579,2.1052631578947367,,
2024-25,2025-05-25,Leicester,ALL,3,3,14.0,14.0,2.3333333333333335,4.0,2.0,1.0,7.333333333333333,18.333333333333332,3.0,4.333333333333333,1.3333333333333333,1.3333333333333333,,
2024-25,2025-05-25,Leicester,ALL,5,5,14.2,12.4,3.2,4.6,2.2,1.4,8.8,16.6,3.0,4.2,1.2,1.4,,
2024-25,2025-05-25,Leicester,ALL,10,10,11.5,10.4,4.1,5.0,2.5,1.2,8.4,18.4,2.6,5.3,0.8,1.8,,
2024-25,2025-05-25,Leicester,HOME,0,19,10.947368421052632,10.526315789473685,4.2105263157894735,5.684210526315789,2.210526315789474,1.368421052631579,9.263157894736842,16.0,2.8947368421052633,5.157894736842105,0.7894736842105263,1.7894736842105263,,
2024-25,2025-05-25,Leicester,HOME,3,3,12.666666666666666,10.666666666666666,3.3333333333333335,7.333333333333333,1.0,1.6666666666666667,9.333333333333334,18.666666666666668,2.3333333333333335,4.666666666666667,1.3333333333333333,0.3333333333333333,,
2024-25,2025-05-25,Leicester,HOME,5,5,10.4,9.4,5.6,5.6,1.4,1.0,9.2,18.0,2.4,4.8,0.8,1.4,,
2024-25,2025-05-25,Leicester,HOME,10,10,9.7,8.7,4.9,5.0,1.8,0.8,10.0,15.5,2.9,4.6,0.4,1.9,,
2024-25,2025-05-25,Leicester,AWAY,0,19,11.157894736842104,10.68421052631579,3.210526315789474,6.473684210526316,2.3684210526315788,1.5263157894736843,8.368421052631579,17.736842105263158,2.9473684210526314,6.2105263157894735,0.9473684210526315,2.4210526315789473,,
2024-25,2025-05-25,Leicester,AWAY,3,3,14.666666666666666,12.333333333333334,2.3333333333333335,4.666666666666667,3.0,1.3333333333333333,7.0,18.333333333333332,2.6666666666666665,5.666666666666667,0.6666666666666666,2.3333333333333335,,
2024-25,2025-05-25,Leicester,AWAY,5,5,12.6,11.4,2.6,4.4,3.6,1.4,7.6,18.8,2.8,5.8,0.8,2.2,,
2024-25,2025-05-25,Leicester,AWAY,10,10,12.2,10.4,3.0,5.5,2.4,0.9,7.6,16.3,2.5,5.6,0.7,2.1,,
2024-25,2025-05-25,Liverpool,ALL,0,38,11.31578947368421,9.763157894736842,6.657894736842105,3.710526315789474,1.6842105263157894,2.1052631578947367,17.05263157894737,10.18421052631579,6.078947368421052,3.710526315789474,2.263157894736842,1.0789473684210527,,
2024-25,2025-05-25,Liverpool,ALL,3,3,9.333333333333334,9.666666666666666,5.666666666666667,1.3333333333333333,0.6666666666666666,0.6666666666666666,15.333333333333334,16.0,4.333333333333333,8.0,1.6666666666666667,2.0,,
2024-25,2025-05-25,Liverpool,ALL,5,5,11.0,9.6,6.2,1.8,1.2,1.0,16.4,14.6,4.6,6.8,2.2,2.0,,
2024-25,2025-05-25,Liverpool,ALL,10,10,10.3,9.7,7.5,2.6,1.2,1.4,18.4,11.2,5.5,4.8,2.0,1.5,,
2024-25,2025-05-25,Liverpool,HOME,0,19,11.526315789473685,10.31578947368421,6.526315789473684,4.157894736842105,1.631578947368421,2.263157894736842,16.526315789473685,9.526315789473685,5.894736842105263,3.1578947368421053,2.210526315789474,0.8421052631578947,,
2024-25,2025-05-25,Liverpool,HOME,3,3,12.0,9.666666666666666,7.333333333333333,1.0,1.3333333333333333,0.6666666666666666,17.666666666666668,10.333333333333334,5.333333333333333,5.0,2.6666666666666665,1.3333333333333333,,
2024-25,2025-05-25,Liverpool,HOME,5,5,11.6,9.6,8.6,2.2,1.2,1.2,17.0,9.4,5.0,3.8,2.2,1.0,,
2024-25,2025-05-25,Liverpool,HOME,10,10,11.5,10.5,6.6,3.3,1.2,1.6,17.0,8.8,5.0,3.4,2.4,1.0,,
2024-25,2025-05-25,Liverpool,AWAY,0,19,11.105263157894736,9.210526315789474,6.7894736842105265,3.263157894736842,1.736842105263158,1.9473684210526316,17.57894736842105,10.842105263157896,6.2631578947368425,4.2631578947368425,2.3157894736842106,1.3157894736842106,,
2024-25,2025-05-25,Liverpool,AWAY,3,3,8.666666666666666,10.0,7.333333333333333,2.3333333333333335,1.3333333333333333,1.3333333333333333,19.0,15.666666666666666,5.666666666666667,6.333333333333333,1.3333333333333333,2.0,,
2024-25,2025-05-25,Liverpool,AWAY,5,5,9.0,8.6,6.2,3.6,0.8,1.4,15.8,15.0,5.4,6.0,1.6,1.8,,
2024-25,2025-05-25,Liverpool,AWAY,10,10,10.4,8.8,6.9,3.1,1.3,1.6,18.1,12.5,5.6,4.9,1.7,1.4,,
2024-25,2025-05-25,Manchester City,ALL,0,38,7.552631578947368,10.18421052631579,6.657894736842105,3.263157894736842,1.5,2.263157894736842,15.973684210526315,9.342105263157896,5.7105263157894735,3.473684210526316,1.894736842105263,1.1578947368421053,,
2024-25,2025-05-25,Manchester City,ALL,3,3,6.666666666666667,11.0,8.0,1.0,0.3333333333333333,1.6666666666666667,19.333333333333332,7.666666666666667,5.0,1.6666666666666667,1.6666666666666667,0.3333333333333333,,
2024-25,2025-05-25,Manchester City,ALL,5,5,7.2,10.8,7.6,2.0,0.8,1.6,16.2,7.2,4.6,1.8,1.6,0.4,,
2024-25,2025-05-25,Manchester City,ALL,10,10,8.2,10.8,5.6,2.6,1.1,2.7,15.2,8.2,5.2,2.0,1.9,0.6,,
2024-25,2025-05-25,Manchester City,HOME,0,19,7.631578947368421,10.894736842105264,7.0,2.789473684210526,1.736842105263158,2.3684210526315788,16.736842105263158,8.052631578947368,5.947368421052632,2.9473684210526314,2.263157894736842,1.2105263157894737,,
2024-25,2025-05-25,Manchester City,HOME,3,3,7.666666666666667,11.333333333333334,5.666666666666667,2.6666666666666665,1.3333333333333333,2.0,11.666666666666666,7.0,4.333333333333333,2.0,2.0,0.6666666666666666,,
2024-25,2025-05-25,Manchester City,HOME,5,5,8.8,11.6,4.6,2.4,1.4,2.6,14.8,6.2,5.4,1.8,2.6,0.8,,
2024-25,2025-05-25,Manchester City,HOME,10,10,7.6,11.2,5.0,3.1,1.4,2.2,13.7,8.4,5.5,2.5,2.6,1.0,,
2024-25,2025-05-25,Manchester City,AWAY,0,19,7.473684210526316,9.473684210526315,6.315789473684211,3.736842105263158,1.263157894736842,2.1578947368421053,15.210526315789474,10.631578947368421,5.473684210526316,4.0,1.5263157894736843,1.105263157894737,,
2024-25,2025-05-25,Manchester City,AWAY,3,3,6.333333333333333,9.0,8.666666666666666,1.3333333333333333,0.0,2.0,19.333333333333332,7.666666666666667,5.666666666666667,2.0,1.3333333333333333,0.0,,
2024-25,2025-05-25,Manchester City,AWAY,5,5,7.0,9.8,6.2,2.4,0.8,2.4,16.2,9.0,5.0,2.4,0.8,0.2,,
2024-25,2025-05-25,Manchester City,AWAY,10,10,7.4,8.6,5.2,3.7,0.6,1.9,15.2,10.5,5.6,3.9,1.6,0.8,,
2024-25,2025-05-25,Manchester United,ALL,0,38,10.868421052631579,10.131578947368421,5.2631578947368425,4.7631578947368425,2.1842105263157894,1.868421052631579,13.868421052631579,10.921052631578947,4.578947368421052,4.0,1.1578947368421053,1.4210526315789473,,
2024-25,2025-05-25,Manchester United,ALL,3,3,9.0,11.0,4.666666666666667,5.0,2.6666666666666665,1.3333333333333333,16.333333333333332,8.666666666666666,5.333333333333333,2.6666666666666665,0.6666666666666666,1.0,,
2024-25,2025-05-25,Manchester United,ALL,5,5,9.8,10.4,5.6,5.4,2.4,1.6,17.6,9.2,5.4,3.0,1.2,1.6,,
2024-25,2025-05-25,Manchester United,ALL,10,10,10.0,9.7,5.8,4.8,2.2,1.6,16.3,9.1,4.7,3.3,1.0,1.4,,
2024-25,2025-05-25,Manchester United,HOME,0,19,11.0,11.105263157894736,5.578947368421052,3.736842105263158,2.1578947368421053,2.1578947368421053,14.789473684210526,10.473684210526315,4.7368421052631575,3.736842105263158,1.2105263157894737,1.4736842105263157,,
2024-25,2025-05-25,Manchester United,HOME,3,3,8.0,13.666666666666666,7.0,3.3333333333333335,1.3333333333333333,2.0,19.0,6.333333333333333,5.666666666666667,2.3333333333333335,0.6666666666666666,1.0,,
2024-25,2025-05-25,Manchester United,HOME,5,5,9.0,12.2,5.6,4.4,1.4,1.8,16.0,9.0,5.0,3.6,0.6,0.8,,
2024-25,2025-05-25,Manchester United,HOME,10,10,9.9,12.0,5.5,3.7,1.9,2.1,15.0,9.9,4.3,3.6,1.0,1.4,,
2024-25,2025-05-25,Manchester United,AWAY,0,19,10.736842105263158,9.157894736842104,4.947368421052632,5.7894736842105265,2.210526315789474,1.5789473684210527,12.947368421052632,11.368421052631579,4.421052631578948,4.2631578947368425,1.105263157894737,1.368421052631579,,
2024-25,2025-05-25,Manchester United,AWAY,3,3,12.0,9.666666666666666,5.333333333333333,6.333333333333333,3.3333333333333335,1.6666666666666667,14.333333333333334,10.333333333333334,4.0,3.3333333333333335,1.3333333333333333,2.0,,
2024-25,2025-05-25,Manchester United,AWAY,5,5,11.4,8.2,5.6,5.8,3.0,1.2,15.0,10.4,4.6,3.6,1.0,2.2,,
2024-25,2025-05-25,Manchester United,AWAY,10,10,10.3,8.9,5.5,6.1,2.3,1.5,13.5,12.2,4.2,4.5,1.3,1.6,,
2024-25,2025-05-25,Newcastle United,ALL,0,38,10.368421052631579,12.18421052631579,5.7368421052631575,5.315789473684211,1.7894736842105263,2.5,13.789473684210526,12.447368421052632,4.578947368421052,4.368421052631579,1.7894736842105263,1.236842105263158,,
2024-25,2025-05-25,Newcastle United,ALL,3,3,10.0,10.333333333333334,7.0,7.0,2.6666666666666665,3.0,15.333333333333334,12.0,5.666666666666667,4.333333333333333,0.6666666666666666,0.6666666666666666,,
2024-25,2025-05-25,Newcastle United,ALL,5,5,9.8,11.0,7.2,4.8,2.0,2.6,16.8,9.0,5.4,3.0,1.2,0.6,,
2024-25,2025-05-25,Newcastle United,ALL,10,10,9.8,10.8,6.1,5.4,1.6,2.2,15.8,10.7,5.2,3.8,2.1,0.9,,
2024-25,2025-05-25,Newcastle United,HOME,0,19,11.052631578947368,12.789473684210526,6.2105263157894735,5.368421052631579,2.0526315789473686,3.0,15.578947368421053,12.526315789473685,5.157894736842105,4.315789473684211,2.1052631578947367,1.0526315789473684,,
2024-25,2025-05-25,Newcastle United,HOME,3,3,10.0,10.333333333333334,8.333333333333334,4.333333333333333,2.0,2.6666666666666665,19.0,9.333333333333334,5.666666666666667,3.0,1.6666666666666667,0.3333333333333333,,
2024-25,2025-05-25,Newcastle United,HOME,5,5,9.2,11.0,7.4,3.8,1.6,2.6,16.8,9.6,6.0,3.6,2.8,0.4,,
2024-25,2025-05-25,Newcastle United,HOME,10,10,9.6,12.6,6.3,4.5,1.5,3.0,15.9,12.4,5.3,4.7,2.5,1.2,,
2024-25,2025-05-25,Newcastle United,AWAY,0,19,9.68421052631579,11.578947368421053,5.2631578947368425,5.2631578947368425,1.5263157894736843,2.0,12.0,12.368421052631579,4.0,4.421052631578948,1.4736842105263157,1.4210526315789473,,
2024-25,2025-05-25,Newcastle United,AWAY,3,3,10.333333333333334,11.0,6.0,6.0,2.3333333333333335,2.0,12.333333333333334,13.333333333333334,4.333333333333333,5.0,0.6666666666666666,2.0,,
2024-25,2025-05-25,Newcastle United,AWAY,5,5,11.0,9.6,4.8,6.6,1.6,1.6,12.4,11.2,4.2,3.8,1.2,1.2,,
2024-25,2025-05-25,Newcastle United,AWAY,10,10,10.7,9.9,5.1,5.8,1.5,1.1,11.1,11.4,3.9,3.8,1.3,1.4,,
2024-25,2025-05-25,Nottingham Forest,ALL,0,38,10.289473684210526,11.394736842105264,4.2105263157894735,6.342105263157895,2.236842105263158,2.6315789473684212,12.18421052631579,13.973684210526315,4.368421052631579,4.631578947368421,1.5263157894736843,1.2105263157894737,,
2024-25,2025-05-25,Nottingham Forest,ALL,3,3,9.333333333333334,12.0,6.0,5.333333333333333,2.6666666666666665,3.6666666666666665,11.666666666666666,10.666666666666666,3.6666666666666665,4.333333333333333,1.3333333333333333,1.3333333333333333,,
2024-25,2025-05-25,Nottingham Forest,ALL,5,5,10.6,11.4,5.2,5.6,3.8,3.8,12.2,12.6,4.0,3.8,1.0,1.4,,
2024-25,2025-05-25,Nottingham Forest,ALL,10,10,10.7,10.4,3.8,6.2,2.7,2.9,11.3,14.9,3.9,4.8,1.3,1.3,,
2024-25,2025-05-25,Nottingham Forest,HOME,0,19,9.68421052631579,11.947368421052632,4.2631578947368425,6.0,1.5789473684210527,2.6315789473684212,12.31578947368421,12.631578947368421,4.421052631578948,3.9473684210526314,1.368421052631579,0.8421052631578947,,
2024-25,2025-05-25,Nottingham Forest,HOME,3,3,10.333333333333334,11.333333333333334,5.0,4.333333333333333,2.6666666666666665,3.3333333333333335,13.0,9.0,3.6666666666666665,3.6666666666666665,0.6666666666666666,1.6666666666666667,,
2024-25,2025-05-25,Nottingham Forest,HOME,5,5,9.0,11.8,3.8,6.0,1.8,3.2,11.4,12.6,3.6,4.4,0.6,1.2,,
2024-25,2025-05-25,Nottingham Forest,HOME,10,10,8.3,12.4,3.1,6.6,1.6,2.7,10.6,13.3,4.1,4.2,1.5,0.9,,
2024-25,2025-05-25,Nottingham Forest,AWAY,0,19,10.894736842105264,10.842105263157896,4.157894736842105,6.684210526315789,2.8947368421052633,2.6315789473684212,12.052631578947368,15.31578947368421,4.315789473684211,5.315789473684211,1.6842105263157894,1.5789473684210527,,
2024-25,2025-05-25,Nottingham Forest,AWAY,3,3,11.333333333333334,11.333333333333334,4.0,7.333333333333333,5.0,3.3333333333333335,8.666666666666666,19.333333333333332,4.0,4.666666666666667,1.6666666666666667,1.0,,
2024-25,2025-05-25,Nottingham Forest,AWAY,5,5,12.4,9.0,3.8,6.4,3.6,2.6,11.2,17.2,4.2,5.2,2.0,1.4,,
2024-25,2025-05-25,Nottingham Forest,AWAY,10,10,11.3,10.1,4.5,6.0,2.8,2.1,12.1,16.5,4.2,5.9,1.9,1.8,,
2024-25,2025-05-25,Southampton,ALL,0,38,12.078947368421053,11.447368421052632,4.0,6.473684210526316,2.3421052631578947,1.4210526315789473,9.026315789473685,17.94736842105263,2.9210526315789473,6.7368421052631575,0.6842105263157895,2.263157894736842,,
2024-25,2025-05-25,Southampton,ALL,3,3,8.666666666666666,7.333333333333333,3.6666666666666665,9.0,1.0,0.3333333333333333,5.0,20.666666666666668,1.3333333333333333,6.0,0.3333333333333333,1.3333333333333333,,
2024-25,2025-05-25,Southampton,ALL,5,5,9.8,9.2,3.6,9.4,1.4,0.6,6.0,20.4,1.8,5.4,0.4,1.6,,
2024-25,2025-05-25,Southampton,ALL,10,10,11.9,10.2,3.3,7.0,1.4,0.8,8.2,16.6,2.4,5.5,0.6,1.8,,
2024-25,2025-05-25,Southampton,HOME,0,19,11.210526315789474,10.947368421052632,3.1578947368421053,7.2631578947368425,1.9473684210526316,1.631578947368421,8.578947368421053,18.94736842105263,3.0,7.421052631578948,0.6842105263157895,2.473684210526316,,
2024-25,2025-05-25,Southampton,HOME,3,3,8.666666666666666,9.333333333333334,2.0,12.0,1.0,0.3333333333333333,5.333333333333333,25.0,1.6666666666666667,6.0,0.6666666666666666,1.3333333333333333,,
2024-25,2025-05-25,Southampton,HOME,5,5,10.2,8.2,2.0,10.4,1.6,0.6,6.2,21.8,1.8,6.2,0.6,1.6,,
2024-25,2025-05-25,Southampton,HOME,10,10,10.7,9.0,2.9,7.5,1.4,0.6,7.8,18.3,2.3,7.3,0.6,2.5,,
2024-25,2025-05-25,Southampton,AWAY,0,19,12.947368421052632,11.947368421052632,4.842105263157895,5.684210526315789,2.736842105263158,1.2105263157894737,9.473684210526315,16.94736842105263,2.8421052631578947,6.052631578947368,0.6842105263157895,2.0526315789473686,,
2024-25,2025-05-25,Southampton,AWAY,3,3,12.0,10.666666666666666,5.666666666666667,4.333333333333333,1.6666666666666667,1.3333333333333333,9.666666666666666,13.0,2.6666666666666665,4.333333333333333,0.3333333333333333,1.6666666666666667,,
2024-25,2025-05-25,Southampton,AWAY,5,5,13.0,11.6,4.4,4.6,1.4,1.4,9.4,16.0,3.2,5.6,0.6,2.2,,
2024-25,2025-05-25,Southampton,AWAY,10,10,13.5,10.4,4.5,4.3,2.2,1.1,9.3,17.0,3.4,6.8,0.9,2.4,,
2024-25,2025-05-25,Tottenham,ALL,0,38,11.736842105263158,13.0,6.394736842105263,5.421052631578948,1.8421052631578947,2.210526315789474,13.078947368421053,13.736842105263158,4.868421052631579,4.894736842105263,1.6842105263157894,1.7105263157894737,,
2024-25,2025-05-25,Tottenham,ALL,3,3,12.333333333333334,7.666666666666667,2.3333333333333335,9.333333333333334,2.0,1.0,5.0,21.333333333333332,1.3333333333333333,8.333333333333334,0.3333333333333333,2.6666666666666665,,
2024-25,2025-05-25,Tottenham,ALL,5,5,12.2,11.4,2.4,7.4,1.8,1.4,6.0,20.0,1.8,7.0,0.6,2.8,,
2024-25,2025-05-25,Tottenham,ALL,10,10,12.9,12.1,3.8,5.0,1.8,1.8,9.6,15.3,3.3,5.6,0.9,2.4,,
2024-25,2025-05-25,Tottenham,HOME,0,19,11.31578947368421,13.0,7.157894736842105,5.578947368421052,1.631578947368421,2.1052631578947367,14.157894736842104,13.31578947368421,5.2631578947368425,5.2105263157894735,1.8421052631578947,1.8421052631578947,,
2024-25,2025-05-25,Tottenham,HOME,3,3,12.0,10.0,4.333333333333333,6.666666666666667,1.6666666666666667,2.0,11.333333333333334,16.666666666666668,3.0,7.0,0.6666666666666666,2.6666666666666665,,
2024-25,2025-05-25,Tottenham,HOME,5,5,13.4,13.2,4.0,5.4,1.8,2.0,11.8,15.8,4.2,6.6,1.4,2.2,,
2024-25,2025-05-25,Tottenham,HOME,10,10,11.8,13.1,5.8,5.4,1.6,2.3,13.3,14.4,4.7,5.4,1.2,1.8,,
2024-25,2025-05-25,Tottenham,AWAY,0,19,12.157894736842104,13.0,5.631578947368421,5.2631578947368425,2.0526315789473686,2.3157894736842106,12.0,14.157894736842104,4.473684210526316,4.578947368421052,1.5263157894736843,1.5789473684210527,,
2024-25,2025-05-25,Tottenham,AWAY,3,3,12.0,13.0,2.0,6.0,1.6666666666666667,1.6666666666666667,6.0,18.0,2.0,5.666666666666667,0.6666666666666666,2.6666666666666665,,
2024-25,2025-05-25,Tottenham,AWAY,5,5,13.4,11.6,3.2,4.6,2.4,2.2,7.4,15.6,2.4,5.4,0.8,2.6,,
2024-25,2025-05-25,Tottenham,AWAY,10,10,12.5,12.0,4.0,5.6,1.6,1.8,9.3,15.4,3.2,5.0,1.3,2.1,,
2024-25,2025-05-25,West Ham United,ALL,0,38,11.657894736842104,10.789473684210526,4.052631578947368,5.5,2.0526315789473686,1.4736842105263157,12.526315789473685,15.342105263157896,3.8421052631578947,4.921052631578948,1.2105263157894737,1.631578947368421,,
2024-25,2025-05-25,West Ham United,ALL,3,3,12.0,6.666666666666667,4.333333333333333,6.333333333333333,2.6666666666666665,1.3333333333333333,11.666666666666666,14.666666666666666,5.0,4.666666666666667,2.0,1.0,,
2024-25,2025-05-25,West Ham United,ALL,5,5,12.6,8.4,3.0,6.0,2.2,1.4,11.6,13.4,4.2,5.0,1.8,1.4,,
2024-25,2025-05-25,West Ham United,ALL,10,10,11.8,11.1,3.1,5.9,2.1,1.5,11.0,13.0,3.8,4.6,1.4,1.4,,
2024-25,2025-05-25,West Ham United,HOME,0,19,11.894736842105264,11.31578947368421,4.631578947368421,4.894736842105263,2.263157894736842,1.5789473684210527,11.736842105263158,14.368421052631579,3.736842105263158,5.0,1.2105263157894737,1.7894736842105263,,
2024-25,2025-05-25,West Ham United,HOME,3,3,15.333333333333334,11.666666666666666,3.6666666666666665,5.0,3.3333333333333335,2.0,13.0,10.666666666666666,3.6666666666666665,3.6666666666666665,1.0,1.3333333333333333,,
2024-25,2025-05-25,West Ham United,HOME,5,5,13.2,12.6,3.6,5.2,2.4,1.8,11.4,10.4,3.2,3.6,1.0,1.4,,
2024-25,2025-05-25,West Ham United,HOME,10,10,11.7,12.0,3.5,4.4,1.7,1.3,9.6,13.1,2.4,5.0,1.0,1.7,,
2024-25,2025-05-25,West Ham United,AWAY,0,19,11.421052631578947,10.263157894736842,3.473684210526316,6.105263157894737,1.8421052631578947,1.368421052631579,13.31578947368421,16.31578947368421,3.9473684210526314,4.842105263157895,1.2105263157894737,1.4736842105263157,,
2024-25,2025-05-25,West Ham United,AWAY,3,3,10.333333333333334,6.666666666666667,2.0,6.666666666666667,1.0,0.6666666666666666,10.333333333333334,16.666666666666668,4.666666666666667,6.0,2.3333333333333335,1.3333333333333333,,
2024-25,2025-05-25,West Ham United,AWAY,5,5,10.2,10.2,2.2,6.2,1.4,1.2,10.4,14.8,3.8,5.2,1.6,1.4,,
2024-25,2025-05-25,West Ham United,AWAY,10,10,11.3,11.1,2.3,5.4,1.7,1.5,11.2,15.3,3.9,4.7,1.3,1.5,,
2024-25,2025-05-25,Wolverhampton Wanderers,ALL,0,38,12.631578947368421,11.631578947368421,3.9210526315789473,5.7368421052631575,1.9473684210526316,2.1578947368421053,11.342105263157896,12.447368421052632,4.2105263157894735,4.578947368421052,1.4210526315789473,1.8157894736842106,,
2024-25,2025-05-25,Wolverhampton Wanderers,ALL,3,3,7.666666666666667,11.666666666666666,8.333333333333334,2.3333333333333335,1.6666666666666667,1.0,13.333333333333334,11.333333333333334,4.0,6.333333333333333,1.0,2.3333333333333335,,
2024-25,2025-05-25,Wolverhampton Wanderers,ALL,5,5,8.2,11.8,6.8,2.6,1.2,1.4,13.2,10.2,3.8,4.6,1.2,1.6,,
2024-25,2025-05-25,Wolverhampton Wanderers,ALL,10,10,11.6,12.1,4.7,3.7,1.6,1.5,11.9,10.0,3.8,3.5,1.6,1.2,,
2024-25,2025-05-25,Wolverhampton Wanderers,HOME,0,19,12.210526315789474,11.157894736842104,3.8947368421052633,5.631578947368421,1.7894736842105263,2.210526315789474,11.368421052631579,11.736842105263158,4.315789473684211,4.473684210526316,1.4210526315789473,1.6842105263157894,,
2024-25,2025-05-25,Wolverhampton Wanderers,HOME,3,3,7.333333333333333,12.666666666666666,6.333333333333333,3.0,1.3333333333333333,2.0,16.0,9.333333333333334,5.0,3.6666666666666665,1.3333333333333333,1.0,,
2024-25,2025-05-25,Wolverhampton Wanderers,HOME,5,5,10.0,13.0,4.2,3.0,1.8,2.0,14.0,9.8,4.4,3.2,1.8,1.0,,
2024-25,2025-05-25,Wolverhampton Wanderers,HOME,10,10,11.9,12.7,4.4,4.1,1.5,2.1,12.9,10.2,4.5,3.4,1.3,1.2,,
2024-25,2025-05-25,Wolverhampton Wanderers,AWAY,0,19,13.052631578947368,12.105263157894736,3.9473684210526314,5.842105263157895,2.1052631578947367,2.1052631578947367,11.31578947368421,13.157894736842104,4.105263157894737,4.684210526315789,1.4210526315789473,1.9473684210526316,,
2024-25,2025-05-25,Wolverhampton Wanderers,AWAY,3,3,12.333333333333334,10.666666666666666,5.666666666666667,4.333333333333333,1.6666666666666667,1.0,7.333333333333333,11.666666666666666,2.0,4.666666666666667,1.0,1.6666666666666667,,
2024-25,2025-05-25,Wolverhampton Wanderers,AWAY,5,5,13.2,11.2,5.2,4.4,1.4,1.0,9.8,10.2,3.2,3.8,1.4,1.4,,
2024-25,2025-05-25,Wolverhampton Wanderers,AWAY,10,10,12.5,11.5,4.9,4.4,1.8,1.5,11.1,11.8,3.9,4.0,1.2,1.7,,
2025-26,2026-05-24,Arsenal,ALL,0,38,10.289473684210526,11.026315789473685,5.684210526315789,3.3684210526315788,1.3421052631578947,1.8421052631578947,14.526315789473685,8.157894736842104,4.894736842105263,2.3684210526315788,1.868421052631579,0.7105263157894737,,
2025-26,2026-05-24,Arsenal,ALL,3,3,10.333333333333334,13.0,3.3333333333333335,3.3333333333333335,2.0,2.0,15.0,7.333333333333333,4.666666666666667,2.0,1.3333333333333333,0.3333333333333333,,
2025-26,2026-05-24,Arsenal,ALL,5,5,10.2,12.2,4.0,3.2,1.6,1.8,14.8,9.0,5.4,2.0,1.6,0.2,,
2025-26,2026-05-24,Arsenal,ALL,10,10,10.9,12.4,5.1,4.2,1.3,2.1,14.2,9.7,4.7,2.7,1.5,0.6,,
2025-26,2026-05-24,Arsenal,HOME,0,19,10.0,11.894736842105264,5.894736842105263,2.8947368421052633,0.8947368421052632,1.9473684210526316,16.05263157894737,6.947368421052632,5.0,1.894736842105263,2.1578947368421053,0.5789473684210527,,
2025-26,2026-05-24,Arsenal,HOME,3,3,9.0,12.666666666666666,4.333333333333333,3.0,1.0,2.0,14.0,9.333333333333334,5.333333333333333,1.3333333333333333,1.6666666666666667,0.0,,
2025-26,2026-05-24,Arsenal,HOME,5,5,10.0,13.6,6.2,2.6,0.8,1.8,16.4,9.0,5.2,2.0,1.6,0.4,,
2025-26,2026-05-24,Arsenal,HOME,10,10,11.1,11.7,5.6,3.0,1.2,1.9,15.6,8.8,5.1,2.2,1.9,0.7,,
2025-26,2026-05-24,Arsenal,AWAY,0,19,10.578947368421053,10.157894736842104,5.473684210526316,3.8421052631578947,1.7894736842105263,1.736842105263158,13.0,9.368421052631579,4.7894736842105265,2.8421052631578947,1.5789473684210527,0.8421052631578947,,
2025-26,2026-05-24,Arsenal,AWAY,3,3,12.0,9.333333333333334,4.0,5.0,2.3333333333333335,1.6666666666666667,13.666666666666666,10.666666666666666,4.666666666666667,3.6666666666666665,1.3333333333333333,1.0,,
2025-26,2026-05-24,Arsenal,AWAY,5,5,11.8,11.8,4.0,4.2,1.8,2.2,13.6,9.8,4.6,3.8,1.8,0.8,,
2025-26,2026-05-24,Arsenal,AWAY,10,10,10.7,10.8,5.3,4.3,1.5,2.1,12.6,9.0,4.5,2.8,1.9,0.9,,
2025-26,2026-05-24,Aston Villa,ALL,0,38,9.973684210526315,13.026315789473685,5.2368421052631575,4.921052631578948,1.5263157894736843,2.3684210526315788,12.710526315789474,12.894736842105264,4.473684210526316,4.421052631578948,1.4736842105263157,1.2894736842105263,,
2025-26,2026-05-24,Aston Villa,ALL,3,3,8.0,11.666666666666666,5.333333333333333,6.666666666666667,1.3333333333333333,1.0,14.666666666666666,15.666666666666666,7.0,4.666666666666667,2.6666666666666665,1.6666666666666667,,
2025-26,2026-05-24,Aston Villa,ALL,5,5,9.6,12.2,5.2,5.4,1.6,2.0,11.8,14.0,4.6,5.0,1.8,1.6,,
2025-26,2026-05-24,Aston Villa,ALL,10,10,8.7,11.3,4.8,5.9,1.6,2.1,12.7,13.5,4.8,5.1,1.8,1.9,,
2025-26,2026-05-24,Aston Villa,HOME,0,19,10.0,13.263157894736842,5.526315789473684,4.947368421052632,1.3157894736842106,2.5789473684210527,13.736842105263158,11.368421052631579,4.842105263157895,4.368421052631579,1.6842105263157894,1.1578947368421053,,
2025-26,2026-05-24,Aston Villa,HOME,3,3,11.666666666666666,10.666666666666666,4.333333333333333,6.333333333333333,2.0,3.0,11.333333333333334,12.0,5.666666666666667,5.666666666666667,3.0,2.3333333333333335,,
2025-26,2026-05-24,Aston Villa,HOME,5,5,9.6,9.6,4.4,6.6,1.8,2.4,13.2,12.0,5.6,5.2,2.4,2.2,,
2025-26,2026-05-24,Aston Villa,HOME,10,10,10.1,12.0,5.8,4.9,1.4,2.6,15.3,10.8,4.7,4.3,1.7,1.5,,
2025-26,2026-05-24,Aston Villa,AWAY,0,19,9.947368421052632,12.789473684210526,4.947368421052632,4.894736842105263,1.736842105263158,2.1578947368421053,11.68421052631579,14.421052631578947,4.105263157894737,4.473684210526316,1.263157894736842,1.4210526315789473,,
2025-26,2026-05-24,Aston Villa,AWAY,3,3,8.0,13.333333333333334,5.666666666666667,4.333333333333333,1.0,1.3333333333333333,13.333333333333334,14.666666666666666,4.333333333333333,5.0,1.3333333333333333,1.3333333333333333,,
2025-26,2026-05-24,Aston Villa,AWAY,5,5,7.8,13.0,5.2,5.2,1.4,1.8,12.2,15.0,4.0,5.0,1.2,1.6,,
2025-26,2026-05-24,Aston Villa,AWAY,10,10,9.3,11.5,4.8,4.9,1.6,1.8,12.2,15.2,4.3,5.2,1.0,1.5,,
2025-26,2026-05-24,Bournemouth,ALL,0,38,12.026315789473685,10.473684210526315,5.578947368421052,5.315789473684211,2.3157894736842106,1.8421052631578947,13.81578947368421,12.631578947368421,4.684210526315789,4.2631578947368425,1.5263157894736843,1.4210526315789473,,
2025-26,2026-05-24,Bournemouth,ALL,3,3,14.666666666666666,10.0,4.0,7.666666666666667,2.3333333333333335,2.3333333333333335,12.333333333333334,14.333333333333334,3.6666666666666665,4.0,1.0,0.6666666666666666,,
2025-26,2026-05-24,Bournemouth,ALL,5,5,12.0,10.2,6.2,5.0,2.0,1.8,14.0,12.0,4.6,3.2,1.6,0.8,,
2025-26,2026-05-24,Bournemouth,ALL,10,10,11.4,10.4,5.3,5.3,2.1,1.6,14.1,12.1,3.9,3.1,1.4,0.8,,
2025-26,2026-05-24,Bournemouth,HOME,0,19,11.526315789473685,10.31578947368421,6.0,4.0,2.1578947368421053,1.7894736842105263,14.473684210526315,9.263157894736842,4.526315789473684,3.1052631578947367,1.5263157894736843,1.0526315789473684,,
2025-26,2026-05-24,Bournemouth,HOME,3,3,10.666666666666666,9.333333333333334,8.666666666666666,2.6666666666666665,2.3333333333333335,1.3333333333333333,14.333333333333334,10.333333333333334,4.666666666666667,3.0,2.0,1.0,,
2025-26,2026-05-24,Bournemouth,HOME,5,5,10.2,9.4,7.2,3.8,2.2,1.4,14.4,10.0,4.2,3.2,1.6,1.0,,
2025-26,2026-05-24,Bournemouth,HOME,10,10,10.9,9.5,6.7,4.9,2.3,1.5,15.1,10.7,4.6,3.7,1.8,1.4,,
2025-26,2026-05-24,Bournemouth,AWAY,0,19,12.526315789473685,10.631578947368421,5.157894736842105,6.631578947368421,2.473684210526316,1.894736842105263,13.157894736842104,16.0,4.842105263157895,5.421052631578948,1.5263157894736843,1.7894736842105263,,
2025-26,2026-05-24,Bournemouth,AWAY,3,3,13.333333333333334,11.333333333333334,2.6666666666666665,6.333333333333333,2.3333333333333335,2.3333333333333335,13.0,13.666666666666666,4.0,3.3333333333333335,1.3333333333333333,0.6666666666666666,,
2025-26,2026-05-24,Bournemouth,AWAY,5,5,12.6,11.4,3.4,6.8,2.0,1.8,13.8,14.2,3.6,3.0,1.2,0.6,,
2025-26,2026-05-24,Bournemouth,AWAY,10,10,12.2,10.4,3.9,7.8,2.1,1.7,12.7,15.8,3.9,3.9,1.3,0.7,,
2025-26,2026-05-24,Brentford,ALL,0,38,10.263157894736842,9.31578947368421,4.7894736842105265,5.368421052631579,1.8157894736842106,1.894736842105263,10.657894736842104,13.263157894736842,3.8684210526315788,4.2631578947368425,1.4473684210526316,1.368421052631579,,
2025-26,2026-05-24,Brentford,ALL,3,3,10.0,7.333333333333333,4.333333333333333,9.333333333333334,2.0,3.0,9.666666666666666,21.666666666666668,2.3333333333333335,7.666666666666667,1.0,2.0,,
2025-26,2026-05-24,Brentford,ALL,5,5,9.4,8.0,4.6,8.2,2.2,2.8,11.0,17.8,3.4,6.6,1.4,1.6,,
2025-26,2026-05-24,Brentford,ALL,10,10,9.2,8.5,4.0,6.2,1.4,2.5,10.6,15.4,3.2,5.0,1.1,1.2,,
2025-26,2026-05-24,Brentford,HOME,0,19,9.631578947368421,9.789473684210526,4.368421052631579,4.631578947368421,1.4736842105263157,1.8421052631578947,12.0,12.421052631578947,4.105263157894737,4.052631578947368,1.736842105263158,1.105263157894737,,
2025-26,2026-05-24,Brentford,HOME,3,3,7.666666666666667,10.0,6.666666666666667,4.333333333333333,0.6666666666666666,2.3333333333333335,13.666666666666666,13.333333333333334,4.333333333333333,3.0,1.6666666666666667,0.6666666666666666,,
2025-26,2026-05-24,Brentford,HOME,5,5,8.2,9.4,4.6,4.2,0.8,2.6,13.6,13.4,4.0,4.0,1.8,1.2,,
2025-26,2026-05-24,Brentford,HOME,10,10,9.4,10.5,5.1,3.9,1.2,2.0,12.8,11.2,3.5,3.7,1.3,1.1,,
2025-26,2026-05-24,Brentford,AWAY,0,19,10.894736842105264,8.842105263157896,5.2105263157894735,6.105263157894737,2.1578947368421053,1.9473684210526316,9.31578947368421,14.105263157894736,3.6315789473684212,4.473684210526316,1.1578947368421053,1.631578947368421,,
2025-26,2026-05-24,Brentford,AWAY,3,3,10.666666666666666,7.666666666666667,4.0,10.333333333333334,3.0,2.6666666666666665,9.0,20.0,2.6666666666666665,8.0,0.6666666666666666,2.0,,
2025-26,2026-05-24,Brentford,AWAY,5,5,10.2,7.6,3.4,8.2,2.0,2.4,7.6,17.4,2.4,6.0,0.4,1.2,,
2025-26,2026-05-24,Brentford,AWAY,10,10,10.4,8.5,4.3,7.3,2.1,1.9,9.7,16.2,3.8,5.0,1.4,1.5,,
2025-26,2026-05-24,Brighton & Hove Albion,ALL,0,38,11.921052631578947,10.078947368421053,4.868421052631579,4.815789473684211,2.263157894736842,2.026315789473684,13.026315789473685,11.657894736842104,4.631578947368421,3.8947368421052633,1.368421052631579,1.2105263157894737,,
2025-26,2026-05-24,Brighton & Hove Albion,ALL,3,3,9.0,9.333333333333334,5.0,3.6666666666666665,0.3333333333333333,1.3333333333333333,15.333333333333334,7.666666666666667,5.333333333333333,3.0,1.0,1.3333333333333333,,
2025-26,2026-05-24,Brighton & Hove Albion,ALL,5,5,10.8,8.8,6.2,3.6,1.0,1.6,14.8,8.4,5.8,3.0,1.4,1.4,,
2025-26,2026-05-24,Brighton & Hove Albion,ALL,10,10,11.6,9.5,4.9,5.1,1.8,2.0,13.6,9.8,5.2,3.7,1.4,1.1,,
2025-26,2026-05-24,Brighton & Hove Albion,HOME,0,19,11.31578947368421,10.842105263157896,4.947368421052632,4.526315789473684,1.7894736842105263,2.1052631578947367,13.789473684210526,9.842105263157896,4.947368421052632,3.6842105263157894,1.5789473684210527,1.0526315789473684,,
2025-26,2026-05-24,Brighton & Hove Albion,HOME,3,3,11.666666666666666,8.333333333333334,4.333333333333333,3.0,0.6666666666666666,1.3333333333333333,14.0,7.333333333333333,5.666666666666667,2.6666666666666665,2.0,1.0,,
2025-26,2026-05-24,Brighton & Hove Albion,HOME,5,5,12.0,9.6,4.2,4.0,2.2,2.0,13.8,8.2,5.4,3.0,1.6,1.0,,
2025-26,2026-05-24,Brighton & Hove Albion,HOME,10,10,11.1,10.7,4.8,4.0,1.8,2.3,13.3,8.4,4.7,3.2,1.4,0.9,,
2025-26,2026-05-24,Brighton & Hove Albion,AWAY,0,19,12.526315789473685,9.31578947368421,4.7894736842105265,5.105263157894737,2.736842105263158,1.9473684210526316,12.263157894736842,13.473684210526315,4.315789473684211,4.105263157894737,1.1578947368421053,1.368421052631579,,
2025-26,2026-05-24,Brighton & Hove Albion,AWAY,3,3,11.0,11.0,7.666666666666667,5.333333333333333,1.3333333333333333,2.3333333333333335,14.0,11.0,5.0,4.333333333333333,1.0,2.0,,
2025-26,2026-05-24,Brighton & Hove Albion,AWAY,5,5,11.2,9.4,5.6,6.2,1.4,2.0,13.4,11.4,5.0,4.4,1.2,1.2,,
2025-26,2026-05-24,Brighton & Hove Albion,AWAY,10,10,12.5,9.2,5.0,6.1,2.4,1.8,12.2,12.9,4.9,4.0,1.2,1.2,,
2025-26,2026-05-24,Burnley,ALL,0,38,10.368421052631579,9.157894736842104,3.6315789473684212,6.0,1.6842105263157894,1.1842105263157894,9.342105263157896,16.736842105263158,3.1052631578947367,5.684210526315789,1.0,1.9736842105263157,,
2025-26,2026-05-24,Burnley,ALL,3,3,14.666666666666666,8.666666666666666,4.0,6.0,2.0,1.3333333333333333,12.0,15.666666666666666,4.666666666666667,4.666666666666667,1.0,1.3333333333333333,,
2025-26,2026-05-24,Burnley,ALL,5,5,13.0,10.0,3.0,6.8,1.8,1.6,10.8,18.6,3.6,6.2,0.8,1.6,,
2025-26,2026-05-24,Burnley,ALL,10,10,11.6,9.0,4.1,6.0,1.7,1.1,9.7,17.4,3.5,5.5,0.6,1.9,,
2025-26,2026-05-24,Burnley,HOME,0,19,10.0,8.578947368421053,3.736842105263158,5.947368421052632,1.263157894736842,1.105263157894737,10.842105263157896,16.31578947368421,3.3157894736842106,5.947368421052632,0.9473684210526315,1.5263157894736843,,
2025-26,2026-05-24,Burnley,HOME,3,3,12.666666666666666,10.333333333333334,4.0,8.666666666666666,1.0,1.0,13.333333333333334,20.666666666666668,5.0,6.666666666666667,1.0,1.3333333333333333,,
2025-26,2026-05-24,Burnley,HOME,5,5,11.2,9.4,5.0,7.2,1.2,0.8,13.0,19.4,4.4,5.8,0.6,1.2,,
2025-26,2026-05-24,Burnley,HOME,10,10,10.2,8.6,4.0,5.9,1.6,0.8,12.6,18.7,3.9,7.0,1.1,1.9,,
2025-26,2026-05-24,Burnley,AWAY,0,19,10.736842105263158,9.736842105263158,3.526315789473684,6.052631578947368,2.1052631578947367,1.263157894736842,7.842105263157895,17.157894736842106,2.8947368421052633,5.421052631578948,1.0526315789473684,2.4210526315789473,,
2025-26,2026-05-24,Burnley,AWAY,3,3,13.0,9.0,2.3333333333333335,4.0,2.6666666666666665,1.6666666666666667,6.0,13.666666666666666,2.0,5.0,0.6666666666666666,2.6666666666666665,,
2025-26,2026-05-24,Burnley,AWAY,5,5,12.0,8.6,3.2,4.8,2.2,1.4,6.4,15.4,2.6,5.2,0.6,2.6,,
2025-26,2026-05-24,Burnley,AWAY,10,10,11.6,9.4,3.0,5.5,2.4,1.3,6.9,17.1,2.4,5.1,0.8,2.2,,
2025-26,2026-05-24,Chelsea,ALL,0,38,11.210526315789474,12.210526315789474,6.078947368421052,4.315789473684211,2.3421052631578947,2.0789473684210527,13.447368421052632,10.921052631578947,4.315789473684211,4.105263157894737,1.5263157894736843,1.368421052631579,,
2025-26,2026-05-24,Chelsea,ALL,3,3,15.333333333333334,16.666666666666668,4.0,5.333333333333333,3.3333333333333335,2.6666666666666665,8.333333333333334,12.333333333333334,2.6666666666666665,2.6666666666666665,1.3333333333333333,1.3333333333333333,,
2025-26,2026-05-24,Chelsea,ALL,5,5,12.8,15.0,5.4,4.6,2.8,2.0,10.4,11.6,2.6,4.2,1.0,2.0,,
2025-26,2026-05-24,Chelsea,ALL,10,10,11.1,12.8,6.3,4.3,2.4,1.9,13.4,10.6,3.4,4.8,0.9,1.9,,
2025-26,2026-05-24,Chelsea,HOME,0,19,10.842105263157896,12.421052631578947,6.842105263157895,3.8947368421052633,2.210526315789474,2.3684210526315788,15.157894736842104,10.157894736842104,4.2105263157894735,3.8947368421052633,1.368421052631579,1.3157894736842106,,
2025-26,2026-05-24,Chelsea,HOME,3,3,11.666666666666666,13.666666666666666,6.666666666666667,2.0,2.6666666666666665,2.3333333333333335,17.0,6.333333333333333,4.0,2.6666666666666665,1.0,1.6666666666666667,,
2025-26,2026-05-24,Chelsea,HOME,5,5,10.8,13.0,6.4,3.8,2.6,2.0,17.0,8.8,3.6,4.2,0.6,1.8,,
2025-26,2026-05-24,Chelsea,HOME,10,10,9.9,12.4,6.9,4.0,2.6,2.1,15.3,10.3,3.5,4.4,1.3,1.6,,
2025-26,2026-05-24,Chelsea,AWAY,0,19,11.578947368421053,12.0,5.315789473684211,4.7368421052631575,2.473684210526316,1.7894736842105263,11.736842105263158,11.68421052631579,4.421052631578948,4.315789473684211,1.6842105263157894,1.4210526315789473,,
2025-26,2026-05-24,Chelsea,AWAY,3,3,13.666666666666666,15.666666666666666,4.666666666666667,6.0,2.3333333333333335,2.0,7.333333333333333,14.333333333333334,1.3333333333333333,4.666666666666667,0.6666666666666666,2.0,,
2025-26,2026-05-24,Chelsea,AWAY,5,5,11.4,12.6,6.2,4.8,2.2,1.8,9.8,12.4,3.2,5.4,1.2,2.0,,
2025-26,2026-05-24,Chelsea,AWAY,10,10,11.1,11.7,6.3,4.6,2.3,1.9,10.5,12.8,4.0,5.0,1.5,1.7,,
2025-26,2026-05-24,Crystal Palace,ALL,0,38,10.473684210526315,9.763157894736842,4.2105263157894735,5.2368421052631575,1.9473684210526316,1.6842105263157894,11.631578947368421,11.710526315789474,3.710526315789474,4.2631578947368425,1.0789473684210527,1.3421052631578947,,
2025-26,2026-05-24,Crystal Palace,ALL,3,3,7.0,9.666666666666666,3.6666666666666665,7.333333333333333,1.6666666666666667,0.6666666666666666,10.0,15.333333333333334,3.3333333333333335,4.666666666666667,1.0,2.3333333333333335,,
2025-26,2026-05-24,Crystal Palace,ALL,5,5,7.4,10.4,3.4,7.8,1.4,0.8,11.6,15.0,3.8,5.0,1.0,2.4,,
2025-26,2026-05-24,Crystal Palace,ALL,10,10,10.3,11.1,4.2,6.3,1.6,1.3,11.3,12.2,3.6,4.2,1.1,1.7,,
2025-26,2026-05-24,Crystal Palace,HOME,0,19,10.421052631578947,10.263157894736842,4.368421052631579,4.368421052631579,1.5789473684210527,2.0526315789473686,13.31578947368421,10.68421052631579,3.8947368421052633,4.105263157894737,1.0,1.2105263157894737,,
2025-26,2026-05-24,Crystal Palace,HOME,3,3,9.0,12.333333333333334,4.0,6.666666666666667,0.6666666666666666,1.3333333333333333,12.666666666666666,13.0,4.0,5.666666666666667,1.0,1.3333333333333333,,
2025-26,2026-05-24,Crystal Palace,HOME,5,5,11.2,12.0,4.4,5.4,0.8,1.6,12.2,11.2,3.4,4.6,1.0,1.0,,
2025-26,2026-05-24,Crystal Palace,HOME,10,10,11.2,10.4,5.0,4.5,1.5,1.7,13.1,11.8,3.7,4.7,1.0,1.2,,
2025-26,2026-05-24,Crystal Palace,AWAY,0,19,10.526315789473685,9.263157894736842,4.052631578947368,6.105263157894737,2.3157894736842106,1.3157894736842106,9.947368421052632,12.736842105263158,3.526315789473684,4.421052631578948,1.1578947368421053,1.4736842105263157,,
2025-26,2026-05-24,Crystal Palace,AWAY,3,3,7.666666666666667,9.0,3.0,8.333333333333334,2.3333333333333335,0.3333333333333333,9.666666666666666,15.0,2.6666666666666665,4.0,0.6666666666666666,2.6666666666666665,,
2025-26,2026-05-24,Crystal Palace,AWAY,5,5,9.4,10.2,4.0,7.2,2.4,1.0,10.4,13.2,3.8,3.8,1.2,2.4,,
2025-26,2026-05-24,Crystal Palace,AWAY,10,10,10.7,9.3,4.2,6.2,2.6,1.3,9.8,12.7,3.2,4.7,1.0,1.9,,
2025-26,2026-05-24,Everton,ALL,0,38,10.657894736842104,11.078947368421053,4.2894736842105265,5.105263157894737,1.9210526315789473,1.6578947368421053,11.052631578947368,14.026315789473685,3.789473684210526,4.2631578947368425,1.236842105263158,1.3157894736842106,,
2025-26,2026-05-24,Everton,ALL,3,3,13.0,9.666666666666666,5.0,4.333333333333333,2.6666666666666665,1.6666666666666667,10.333333333333334,16.333333333333332,4.333333333333333,5.666666666666667,1.0,2.0,,
2025-26,2026-05-24,Everton,ALL,5,5,13.0,8.6,4.8,5.0,3.2,1.8,11.2,16.0,4.4,4.8,1.4,2.2,,
2025-26,2026-05-24,Everton,ALL,10,10,10.8,9.1,4.0,5.3,2.0,1.2,11.3,15.3,5.0,4.7,1.5,1.7,,
2025-26,2026-05-24,Everton,HOME,0,19,10.473684210526315,11.210526315789474,4.947368421052632,4.631578947368421,1.8421052631578947,2.0,12.210526315789474,11.368421052631579,4.315789473684211,4.105263157894737,1.368421052631579,1.4210526315789473,,
2025-26,2026-05-24,Everton,HOME,3,3,12.333333333333334,8.666666666666666,3.0,5.666666666666667,3.0,0.3333333333333333,11.333333333333334,14.0,4.666666666666667,4.333333333333333,1.6666666666666667,2.6666666666666665,,
2025-26,2026-05-24,Everton,HOME,5,5,10.6,9.0,3.6,5.8,1.8,0.8,11.6,11.8,5.6,3.8,2.0,1.6,,
2025-26,2026-05-24,Everton,HOME,10,10,11.0,10.3,4.5,4.8,1.3,1.8,12.3,11.9,4.9,4.1,1.5,1.7,,
2025-26,2026-05-24,Everton,AWAY,0,19,10.842105263157896,10.947368421052632,3.6315789473684212,5.578947368421052,2.0,1.3157894736842106,9.894736842105264,16.68421052631579,3.263157894736842,4.421052631578948,1.105263157894737,1.2105263157894737,,
2025-26,2026-05-24,Everton,AWAY,3,3,12.0,9.666666666666666,5.333333333333333,4.666666666666667,3.0,2.6666666666666665,10.666666666666666,17.333333333333332,4.0,5.666666666666667,1.0,1.6666666666666667,,
2025-26,2026-05-24,Everton,AWAY,5,5,11.0,9.2,4.4,4.8,2.2,1.6,11.0,18.8,4.4,5.6,1.0,1.8,,
2025-26,2026-05-24,Everton,AWAY,10,10,11.0,11.1,3.8,5.7,2.3,1.4,10.7,17.4,4.0,5.1,1.4,1.3,,
2025-26,2026-05-24,Fulham,ALL,0,38,10.894736842105264,9.868421052631579,4.947368421052632,5.526315789473684,1.9736842105263157,1.6578947368421053,12.657894736842104,11.789473684210526,3.6315789473684212,3.9210526315789473,1.236842105263158,1.3421052631578947,,
2025-26,2026-05-24,Fulham,ALL,3,3,11.0,15.666666666666666,7.666666666666667,3.6666666666666665,2.0,1.6666666666666667,16.0,9.333333333333334,4.333333333333333,3.3333333333333335,1.0,0.6666666666666666,,
2025-26,2026-05-24,Fulham,ALL,5,5,11.8,13.2,5.8,3.8,1.8,1.4,14.2,11.2,4.0,4.0,0.8,1.0,,
2025-26,2026-05-24,Fulham,ALL,10,10,10.6,11.3,5.8,5.0,1.7,1.5,14.1,11.6,3.5,3.9,0.7,0.9,,
2025-26,2026-05-24,Fulham,HOME,0,19,10.736842105263158,10.263157894736842,5.526315789473684,5.684210526315789,1.894736842105263,2.1052631578947367,14.157894736842104,10.421052631578947,4.0,3.263157894736842,1.5789473684210527,1.0526315789473684,,
2025-26,2026-05-24,Fulham,HOME,3,3,13.0,13.0,6.333333333333333,4.333333333333333,2.6666666666666665,2.0,16.0,9.0,4.666666666666667,2.6666666666666665,1.0,0.3333333333333333,,
2025-26,2026-05-24,Fulham,HOME,5,5,11.8,12.0,6.4,4.8,2.4,2.4,16.6,9.0,5.0,3.2,1.2,0.6,,
2025-26,2026-05-24,Fulham,HOME,10,10,11.3,10.2,5.4,6.3,2.1,2.5,15.0,11.1,4.3,3.3,1.5,1.0,,
2025-26,2026-05-24,Fulham,AWAY,0,19,11.052631578947368,9.473684210526315,4.368421052631579,5.368421052631579,2.0526315789473686,1.2105263157894737,11.157894736842104,13.157894736842104,3.263157894736842,4.578947368421052,0.8947368421052632,1.631578947368421,,
2025-26,2026-05-24,Fulham,AWAY,3,3,11.0,11.666666666666666,4.333333333333333,5.0,0.6666666666666666,0.3333333333333333,11.333333333333334,14.0,2.0,5.333333333333333,0.3333333333333333,1.3333333333333333,,
2025-26,2026-05-24,Fulham,AWAY,5,5,9.4,10.6,5.2,5.2,1.0,0.6,11.6,14.2,2.0,4.6,0.2,1.2,,
2025-26,2026-05-24,Fulham,AWAY,10,10,10.0,8.6,4.7,5.2,1.8,1.0,12.3,13.4,2.9,4.3,0.7,1.5,,
2025-26,2026-05-24,Leeds,ALL,0,38,10.473684210526315,11.210526315789474,4.421052631578948,5.078947368421052,1.631578947368421,1.763157894736842,12.578947368421053,12.526315789473685,3.973684210526316,4.2631578947368425,1.2894736842105263,1.4736842105263157,,
2025-26,2026-05-24,Leeds,ALL,3,3,10.0,10.0,4.333333333333333,9.333333333333334,1.6666666666666667,1.0,10.333333333333334,17.0,2.6666666666666665,6.666666666666667,0.6666666666666666,1.3333333333333333,,
2025-26,2026-05-24,Leeds,ALL,5,5,10.4,9.4,3.8,8.0,1.8,1.8,11.8,15.4,3.8,6.0,1.4,1.4,,
2025-26,2026-05-24,Leeds,ALL,10,10,10.8,11.6,4.6,6.9,1.7,1.8,13.3,12.5,4.2,4.4,1.2,0.9,,
2025-26,2026-05-24,Leeds,HOME,0,19,10.105263157894736,11.68421052631579,5.578947368421052,4.2105263157894735,1.631578947368421,1.9473684210526316,14.31578947368421,11.0,4.368421052631579,3.526315789473684,1.5263157894736843,1.105263157894737,,
2025-26,2026-05-24,Leeds,HOME,3,3,10.0,11.666666666666666,5.666666666666667,4.666666666666667,2.3333333333333335,1.3333333333333333,14.0,11.666666666666666,5.0,4.333333333333333,2.3333333333333335,0.3333333333333333,,
2025-26,2026-05-24,Leeds,HOME,5,5,10.2,12.6,6.4,3.6,2.0,1.4,14.8,8.8,4.6,3.2,1.4,0.4,,
2025-26,2026-05-24,Leeds,HOME,10,10,9.5,11.0,5.9,5.0,1.3,1.8,13.0,11.1,3.9,3.8,1.2,0.9,,
2025-26,2026-05-24,Leeds,AWAY,0,19,10.842105263157896,10.736842105263158,3.263157894736842,5.947368421052632,1.631578947368421,1.5789473684210527,10.842105263157896,14.052631578947368,3.5789473684210527,5.0,1.0526315789473684,1.8421052631578947,,
2025-26,2026-05-24,Leeds,AWAY,3,3,10.333333333333334,9.666666666666666,2.3333333333333335,10.666666666666666,1.3333333333333333,2.0,11.333333333333334,16.333333333333332,3.3333333333333335,6.333333333333333,1.0,2.0,,
2025-26,2026-05-24,Leeds,AWAY,5,5,11.4,10.6,2.8,10.2,1.4,2.2,11.8,16.2,3.8,5.6,1.0,1.4,,
2025-26,2026-05-24,Leeds,AWAY,10,10,11.7,10.3,2.8,8.2,2.2,1.9,10.9,16.3,3.7,5.1,1.2,1.5,,
2025-26,2026-05-24,Liverpool,ALL,0,38,10.078947368421053,10.631578947368421,6.105263157894737,4.394736842105263,1.5,1.9736842105263157,15.473684210526315,11.447368421052632,4.605263157894737,4.026315789473684,1.6578947368421053,1.394736842105263,,
2025-26,2026-05-24,Liverpool,ALL,3,3,11.666666666666666,12.666666666666666,9.333333333333334,2.6666666666666665,1.6666666666666667,3.3333333333333335,16.0,10.333333333333334,5.333333333333333,4.666666666666667,1.3333333333333333,2.0,,
2025-26,2026-05-24,Liverpool,ALL,5,5,11.2,12.0,7.0,3.8,1.6,3.0,14.0,12.6,4.8,5.4,1.8,2.0,,
2025-26,2026-05-24,Liverpool,ALL,10,10,11.0,10.6,6.9,3.9,1.4,2.4,15.0,12.5,5.1,5.2,1.6,1.6,,
2025-26,2026-05-24,Liverpool,HOME,0,19,9.894736842105264,10.578947368421053,6.2631578947368425,4.7894736842105265,1.1578947368421053,2.0526315789473686,17.210526315789473,11.0,5.157894736842105,3.6842105263157894,1.7894736842105263,1.0526315789473684,,
2025-26,2026-05-24,Liverpool,HOME,3,3,12.0,12.0,8.0,4.0,1.6666666666666667,3.3333333333333335,13.666666666666666,10.333333333333334,4.666666666666667,4.0,1.6666666666666667,1.0,,
2025-26,2026-05-24,Liverpool,HOME,5,5,10.8,10.6,6.6,5.0,1.0,2.0,15.2,12.6,4.6,4.6,1.6,0.8,,
2025-26,2026-05-24,Liverpool,HOME,10,10,10.8,10.5,7.2,4.9,1.1,2.3,17.7,11.0,5.6,3.9,1.9,1.0,,
2025-26,2026-05-24,Liverpool,AWAY,0,19,10.263157894736842,10.68421052631579,5.947368421052632,4.0,1.8421052631578947,1.894736842105263,13.736842105263158,11.894736842105264,4.052631578947368,4.368421052631579,1.5263157894736843,1.736842105263158,,
2025-26,2026-05-24,Liverpool,AWAY,3,3,10.666666666666666,10.666666666666666,5.666666666666667,2.6666666666666665,1.0,2.3333333333333335,14.333333333333334,14.0,5.333333333333333,6.333333333333333,2.0,2.6666666666666665,,
2025-26,2026-05-24,Liverpool,AWAY,5,5,11.2,10.6,7.2,2.8,1.8,2.8,14.8,12.4,5.6,5.8,1.6,2.4,,
2025-26,2026-05-24,Liverpool,AWAY,10,10,9.5,10.2,6.8,3.3,1.3,2.1,13.9,12.0,4.1,4.4,1.4,1.7,,
2025-26,2026-05-24,Manchester City,ALL,0,38,9.657894736842104,11.236842105263158,6.5,3.8157894736842106,1.763157894736842,2.0526315789473686,15.657894736842104,9.710526315789474,5.394736842105263,3.3421052631578947,2.026315789473684,0.9210526315789473,,
2025-26,2026-05-24,Manchester City,ALL,3,3,8.333333333333334,9.0,8.0,5.0,1.0,2.0,15.0,9.333333333333334,4.0,3.0,1.6666666666666667,1.0,,
2025-26,2026-05-24,Manchester City,ALL,5,5,7.6,11.2,8.6,4.4,1.6,2.4,18.2,9.2,5.2,3.4,2.2,1.2,,
2025-26,2026-05-24,Manchester City,ALL,10,10,8.4,10.8,9.5,3.6,1.3,2.3,19.7,8.6,6.1,2.9,2.0,1.0,,
2025-26,2026-05-24,Manchester City,HOME,0,19,9.842105263157896,10.947368421052632,7.157894736842105,3.3157894736842106,1.5263157894736843,2.3684210526315788,16.42105263157895,8.894736842105264,6.105263157894737,3.0,2.3684210526315788,0.7368421052631579,,
2025-26,2026-05-24,Manchester City,HOME,3,3,8.666666666666666,8.333333333333334,9.333333333333334,3.3333333333333335,1.6666666666666667,1.3333333333333333,18.666666666666668,7.333333333333333,5.666666666666667,3.0,2.3333333333333335,0.6666666666666666,,
2025-26,2026-05-24,Manchester City,HOME,5,5,8.2,8.6,8.4,3.2,1.4,2.0,18.4,8.0,5.8,3.2,2.2,1.0,,
2025-26,2026-05-24,Manchester City,HOME,10,10,9.5,11.0,6.9,3.5,1.7,2.8,16.7,9.2,5.4,3.3,2.0,0.8,,
2025-26,2026-05-24,Manchester City,AWAY,0,19,9.473684210526315,11.526315789473685,5.842105263157895,4.315789473684211,2.0,1.736842105263158,14.894736842105264,10.526315789473685,4.684210526315789,3.6842105263157894,1.6842105263157894,1.105263157894737,,
2025-26,2026-05-24,Manchester City,AWAY,3,3,8.0,13.666666666666666,8.666666666666666,5.0,1.0,2.6666666666666665,21.0,11.0,6.0,3.0,1.6666666666666667,1.3333333333333333,,
2025-26,2026-05-24,Manchester City,AWAY,5,5,8.6,13.0,10.6,4.0,1.2,2.6,21.0,9.2,6.4,2.6,1.8,1.0,,
2025-26,2026-05-24,Manchester City,AWAY,10,10,9.3,12.5,7.5,3.7,2.0,2.1,17.2,10.8,5.2,3.6,1.4,1.0,,
2025-26,2026-05-24,Manchester United,ALL,0,38,10.289473684210526,10.894736842105264,4.7894736842105265,4.894736842105263,1.631578947368421,1.9736842105263157,15.68421052631579,11.605263157894736,5.684210526315789,3.710526315789474,1.8157894736842106,1.3157894736842106,,
2025-26,2026-05-24,Manchester United,ALL,3,3,10.333333333333334,9.333333333333334,6.0,4.333333333333333,2.0,0.3333333333333333,17.0,13.0,5.333333333333333,3.3333333333333335,2.0,0.6666666666666666,,
2025-26,2026-05-24,Manchester United,ALL,5,5,9.8,9.6,5.6,4.6,2.0,1.4,16.0,12.8,5.6,3.8,2.2,1.0,,
2025-26,2026-05-24,Manchester United,ALL,10,10,10.9,10.5,5.8,4.8,2.4,1.6,14.8,13.7,5.4,4.0,1.9,1.2,,
2025-26,2026-05-24,Manchester United,HOME,0,19,10.473684210526315,10.473684210526315,5.2631578947368425,4.473684210526316,1.6842105263157894,2.473684210526316,17.894736842105264,10.31578947368421,6.842105263157895,3.526315789473684,2.0526315789473686,1.263157894736842,,
2025-26,2026-05-24,Manchester United,HOME,3,3,9.666666666666666,8.333333333333334,5.666666666666667,5.333333333333333,2.0,2.3333333333333335,19.333333333333332,12.0,6.666666666666667,4.333333333333333,2.6666666666666665,1.6666666666666667,,
2025-26,2026-05-24,Manchester United,HOME,5,5,10.2,9.0,6.8,5.2,2.4,2.2,18.8,12.0,7.0,4.2,2.4,1.6,,
2025-26,2026-05-24,Manchester United,HOME,10,10,10.4,9.7,6.0,4.4,1.9,2.1,17.6,10.7,7.5,3.6,2.2,1.2,,
2025-26,2026-05-24,Manchester United,AWAY,0,19,10.105263157894736,11.31578947368421,4.315789473684211,5.315789473684211,1.5789473684210527,1.4736842105263157,13.473684210526315,12.894736842105264,4.526315789473684,3.8947368421052633,1.5789473684210527,1.368421052631579,,
2025-26,2026-05-24,Manchester United,AWAY,3,3,11.0,11.666666666666666,4.0,4.666666666666667,2.3333333333333335,0.3333333333333333,8.666666666666666,16.333333333333332,3.0,3.0,1.3333333333333333,0.0,,
2025-26,2026-05-24,Manchester United,AWAY,5,5,11.6,12.0,4.8,4.4,2.4,1.0,10.8,15.4,3.8,3.8,1.4,0.8,,
2025-26,2026-05-24,Manchester United,AWAY,10,10,9.5,11.1,4.0,5.4,1.7,1.2,12.9,12.9,4.0,3.4,1.5,1.0,,
2025-26,2026-05-24,Newcastle United,ALL,0,38,10.157894736842104,11.947368421052632,6.078947368421052,4.921052631578948,1.6578947368421053,2.3947368421052633,12.947368421052632,12.368421052631579,4.631578947368421,4.421052631578948,1.394736842105263,1.4473684210526316,,
2025-26,2026-05-24,Newcastle United,ALL,3,3,8.333333333333334,13.333333333333334,5.333333333333333,3.0,1.0,2.3333333333333335,12.666666666666666,17.666666666666668,5.0,6.666666666666667,1.3333333333333333,1.3333333333333333,,
2025-26,2026-05-24,Newcastle United,ALL,5,5,9.0,13.0,4.0,5.2,1.6,2.4,12.8,15.4,4.8,5.6,1.4,1.2,,
2025-26,2026-05-24,Newcastle United,ALL,10,10,10.1,13.8,3.8,4.8,1.8,2.7,11.8,15.3,4.4,5.1,1.3,1.3,,
2025-26,2026-05-24,Newcastle United,HOME,0,19,10.842105263157896,13.052631578947368,6.7894736842105265,4.947368421052632,1.5263157894736843,3.1052631578947367,14.31578947368421,11.947368421052632,5.526315789473684,4.631578947368421,1.894736842105263,1.5789473684210527,,
2025-26,2026-05-24,Newcastle United,HOME,3,3,9.666666666666666,11.666666666666666,4.333333333333333,4.666666666666667,2.0,3.3333333333333335,13.333333333333334,13.333333333333334,5.333333333333333,5.0,2.3333333333333335,1.3333333333333333,,
2025-26,2026-05-24,Newcastle United,HOME,5,5,10.4,14.0,4.8,4.6,1.8,3.8,13.6,14.2,5.0,5.4,2.0,1.4,,
2025-26,2026-05-24,Newcastle United,HOME,10,10,10.4,12.9,6.2,4.3,1.8,3.1,14.6,13.0,5.5,5.2,2.0,1.8,,
2025-26,2026-05-24,Newcastle United,AWAY,0,19,9.473684210526315,10.842105263157896,5.368421052631579,4.894736842105263,1.7894736842105263,1.6842105263157894,11.578947368421053,12.789473684210526,3.736842105263158,4.2105263157894735,0.8947368421052632,1.3157894736842106,,
2025-26,2026-05-24,Newcastle United,AWAY,3,3,9.0,14.0,3.0,5.0,1.3333333333333333,2.0,12.0,16.333333333333332,3.6666666666666665,5.333333333333333,0.3333333333333333,1.3333333333333333,,
2025-26,2026-05-24,Newcastle United,AWAY,5,5,9.8,13.6,2.8,5.0,1.8,1.6,10.0,16.4,3.8,4.8,0.6,1.2,,
2025-26,2026-05-24,Newcastle United,AWAY,10,10,9.1,12.9,5.3,4.6,2.2,1.8,12.4,15.1,4.4,4.6,1.0,1.4,,
2025-26,2026-05-24,Nottingham Forest,ALL,0,38,10.710526315789474,11.473684210526315,5.2368421052631575,4.815789473684211,1.5789473684210527,1.736842105263158,12.526315789473685,13.289473684210526,4.105263157894737,4.2631578947368425,1.263157894736842,1.3421052631578947,,
2025-26,2026-05-24,Nottingham Forest,ALL,3,3,10.666666666666666,9.666666666666666,4.666666666666667,3.6666666666666665,1.3333333333333333,1.0,14.333333333333334,20.666666666666668,5.0,6.0,1.3333333333333333,1.6666666666666667,,
2025-26,2026-05-24,Nottingham Forest,ALL,5,5,11.4,10.8,4.2,4.8,2.0,1.6,11.8,19.4,5.0,5.4,2.4,1.2,,
2025-26,2026-05-24,Nottingham Forest,ALL,10,10,10.7,10.9,4.1,5.4,2.0,1.6,11.2,15.3,4.6,4.5,2.2,1.0,,
2025-26,2026-05-24,Nottingham Forest,HOME,0,19,10.31578947368421,10.736842105263158,6.0,3.8947368421052633,1.263157894736842,1.4736842105263157,15.0,12.0,4.0,4.0,1.0526315789473684,1.2105263157894737,,
2025-26,2026-05-24,Nottingham Forest,HOME,3,3,11.666666666666666,10.0,4.0,2.6666666666666665,1.0,1.0,14.0,12.333333333333334,5.0,4.333333333333333,2.0,1.0,,
2025-26,2026-05-24,Nottingham Forest,HOME,5,5,11.6,10.0,4.8,3.0,1.4,1.6,13.6,10.8,4.2,3.6,1.4,0.8,,
2025-26,2026-05-24,Nottingham Forest,HOME,10,10,10.6,10.7,5.7,3.7,1.2,1.4,15.7,11.1,4.0,3.4,0.8,0.8,,
2025-26,2026-05-24,Nottingham Forest,AWAY,0,19,11.105263157894736,12.210526315789474,4.473684210526316,5.7368421052631575,1.894736842105263,2.0,10.052631578947368,14.578947368421053,4.2105263157894735,4.526315789473684,1.4736842105263157,1.4736842105263157,,
2025-26,2026-05-24,Nottingham Forest,AWAY,3,3,10.0,12.0,4.333333333333333,6.666666666666667,2.3333333333333335,2.3333333333333335,9.0,21.333333333333332,4.666666666666667,5.666666666666667,3.3333333333333335,1.3333333333333333,,
2025-26,2026-05-24,Nottingham Forest,AWAY,5,5,9.8,11.8,3.4,7.8,2.6,1.6,8.8,19.8,5.0,5.4,3.0,1.2,,
2025-26,2026-05-24,Nottingham Forest,AWAY,10,10,11.3,11.6,4.5,6.4,1.7,1.7,10.3,16.2,4.7,4.7,2.2,1.5,,
2025-26,2026-05-24,Sunderland,ALL,0,38,10.710526315789474,11.368421052631579,3.710526315789474,5.2894736842105265,2.1052631578947367,1.868421052631579,10.394736842105264,14.263157894736842,3.3157894736842106,4.394736842105263,1.105263157894737,1.263157894736842,,
2025-26,2026-05-24,Sunderland,ALL,3,3,12.0,14.666666666666666,5.333333333333333,6.0,1.0,2.6666666666666665,14.0,10.333333333333334,3.0,2.0,1.6666666666666667,0.6666666666666666,,
2025-26,2026-05-24,Sunderland,ALL,5,5,12.0,14.0,4.4,6.0,1.8,2.6,13.2,12.2,3.0,3.8,1.2,1.6,,
2025-26,2026-05-24,Sunderland,ALL,10,10,13.0,13.1,4.3,6.1,2.5,2.1,12.3,13.3,3.6,4.5,1.3,1.4,,
2025-26,2026-05-24,Sunderland,HOME,0,19,10.31578947368421,11.842105263157896,4.052631578947368,5.0,1.9473684210526316,2.1052631578947367,12.0,11.947368421052632,3.4210526315789473,3.5789473684210527,1.3157894736842106,1.0526315789473684,,
2025-26,2026-05-24,Sunderland,HOME,3,3,13.333333333333334,15.0,5.666666666666667,7.0,1.6666666666666667,3.3333333333333335,16.333333333333332,10.333333333333334,3.3333333333333335,2.6666666666666665,0.6666666666666666,2.0,,
2025-26,2026-05-24,Sunderland,HOME,5,5,12.2,14.4,5.2,6.0,1.8,3.0,15.2,10.8,3.2,3.8,0.6,1.4,,
2025-26,2026-05-24,Sunderland,HOME,10,10,10.4,12.6,4.2,5.6,1.6,2.4,13.6,11.4,3.6,3.2,0.9,1.2,,
2025-26,2026-05-24,Sunderland,AWAY,0,19,11.105263157894736,10.894736842105264,3.3684210526315788,5.578947368421052,2.263157894736842,1.631578947368421,8.789473684210526,16.57894736842105,3.210526315789474,5.2105263157894735,0.8947368421052632,1.4736842105263157,,
2025-26,2026-05-24,Sunderland,AWAY,3,3,10.333333333333334,12.0,3.3333333333333335,4.333333333333333,2.3333333333333335,1.3333333333333333,9.0,15.0,4.0,6.0,2.3333333333333335,2.0,,
2025-26,2026-05-24,Sunderland,AWAY,5,5,13.8,11.8,3.4,6.2,3.2,1.2,9.4,15.8,4.0,5.2,2.0,1.4,,
2025-26,2026-05-24,Sunderland,AWAY,10,10,12.4,11.7,3.4,5.6,2.8,1.7,8.8,16.0,3.5,5.2,1.3,1.8,,
2025-26,2026-05-24,Tottenham,ALL,0,38,12.18421052631579,10.157894736842104,5.473684210526316,4.684210526315789,2.6578947368421053,1.868421052631579,11.473684210526315,12.236842105263158,3.9473684210526314,4.052631578947368,1.263157894736842,1.5,,
2025-26,2026-05-24,Tottenham,ALL,3,3,15.0,10.0,8.0,2.3333333333333335,3.6666666666666665,2.6666666666666665,15.333333333333334,9.333333333333334,4.0,3.6666666666666665,1.0,1.0,,
2025-26,2026-05-24,Tottenham,ALL,5,5,14.2,10.0,6.8,3.4,4.0,2.6,13.4,8.8,3.8,2.8,1.2,0.8,,
2025-26,2026-05-24,Tottenham,ALL,10,10,14.0,11.3,7.0,3.3,3.0,2.1,13.0,10.1,4.6,3.4,1.0,1.4,,
2025-26,2026-05-24,Tottenham,HOME,0,19,12.631578947368421,10.473684210526315,6.157894736842105,5.052631578947368,2.8947368421052633,2.0526315789473686,12.68421052631579,11.526315789473685,4.052631578947368,4.052631578947368,1.1578947368421053,1.631578947368421,,
2025-26,2026-05-24,Tottenham,HOME,3,3,13.666666666666666,11.0,9.0,3.0,3.6666666666666665,1.6666666666666667,16.666666666666668,9.666666666666666,5.0,3.3333333333333335,1.3333333333333333,1.0,,
2025-26,2026-05-24,Tottenham,HOME,5,5,13.6,12.0,9.2,3.0,3.0,1.8,15.2,9.2,4.4,4.2,1.0,1.8,,
2025-26,2026-05-24,Tottenham,HOME,10,10,13.7,11.7,6.7,4.6,3.0,2.1,14.4,12.9,4.6,4.3,1.1,2.0,,
2025-26,2026-05-24,Tottenham,AWAY,0,19,11.736842105263158,9.842105263157896,4.7894736842105265,4.315789473684211,2.4210526315789473,1.6842105263157894,10.263157894736842,12.947368421052632,3.8421052631578947,4.052631578947368,1.368421052631579,1.368421052631579,,
2025-26,2026-05-24,Tottenham,AWAY,3,3,14.666666666666666,10.333333333333334,4.666666666666667,4.333333333333333,4.0,3.0,10.0,8.333333333333334,3.3333333333333335,2.3333333333333335,1.3333333333333333,1.0,,
2025-26,2026-05-24,Tottenham,AWAY,5,5,14.4,10.6,4.8,3.6,3.0,2.4,10.8,11.0,4.8,2.6,1.0,1.0,,
2025-26,2026-05-24,Tottenham,AWAY,10,10,12.6,11.1,4.3,3.7,2.5,2.1,11.7,12.3,4.4,3.6,1.0,1.4,,
2025-26,2026-05-24,West Ham United,ALL,0,38,11.078947368421053,10.657894736842104,4.921052631578948,6.105263157894737,1.763157894736842,1.9736842105263157,10.631578947368421,14.842105263157896,3.736842105263158,5.105263157894737,1.2105263157894737,1.7105263157894737,,
2025-26,2026-05-24,West Ham United,ALL,3,3,12.0,11.333333333333334,3.6666666666666665,5.333333333333333,2.0,2.6666666666666665,13.333333333333334,14.333333333333334,6.666666666666667,4.666666666666667,1.3333333333333333,1.3333333333333333,,
2025-26,2026-05-24,West Ham United,ALL,5,5,11.4,10.6,4.0,4.4,2.4,2.6,12.6,13.6,5.4,4.6,1.2,1.6,,
2025-26,2026-05-24,West Ham United,ALL,10,10,11.3,9.5,4.3,5.6,2.2,2.1,10.9,15.1,4.3,4.5,1.2,1.1,,
2025-26,2026-05-24,West Ham United,HOME,0,19,11.157894736842104,10.368421052631579,5.315789473684211,5.473684210526316,1.5789473684210527,2.1578947368421053,11.052631578947368,13.526315789473685,3.8421052631578947,4.526315789473684,1.4210526315789473,1.5789473684210527,,
2025-26,2026-05-24,West Ham United,HOME,3,3,11.333333333333334,12.333333333333334,4.333333333333333,3.6666666666666665,2.0,3.6666666666666665,11.666666666666666,13.0,5.0,3.3333333333333335,1.6666666666666667,0.6666666666666666,,
2025-26,2026-05-24,West Ham United,HOME,5,5,11.8,9.8,3.8,5.6,2.0,3.0,10.8,15.4,4.6,3.8,2.0,0.6,,
2025-26,2026-05-24,West Ham United,HOME,10,10,11.4,10.7,4.7,4.9,2.0,2.6,11.8,13.2,4.1,4.0,1.7,0.9,,
2025-26,2026-05-24,West Ham United,AWAY,0,19,11.0,10.947368421052632,4.526315789473684,6.7368421052631575,1.9473684210526316,1.7894736842105263,10.210526315789474,16.157894736842106,3.6315789473684212,5.684210526315789,1.0,1.8421052631578947,,
2025-26,2026-05-24,West Ham United,AWAY,3,3,11.666666666666666,9.666666666666666,4.333333333333333,5.0,2.3333333333333335,1.3333333333333333,12.333333333333334,12.666666666666666,5.333333333333333,4.666666666666667,0.3333333333333333,2.0,,
2025-26,2026-05-24,West Ham United,AWAY,5,5,10.8,9.2,4.8,5.6,2.4,1.2,11.0,14.8,4.0,5.2,0.4,1.6,,
2025-26,2026-05-24,West Ham United,AWAY,10,10,11.5,10.3,4.6,6.9,2.0,2.0,10.6,15.6,3.8,5.8,1.0,2.0,,
2025-26,2026-05-24,Wolverhampton Wanderers,ALL,0,38,13.0,10.842105263157896,3.4210526315789473,6.0,2.0526315789473686,1.631578947368421,9.736842105263158,13.894736842105264,3.236842105263158,4.7105263157894735,0.7105263157894737,1.7894736842105263,,
2025-26,2026-05-24,Wolverhampton Wanderers,ALL,3,3,14.0,9.0,3.6666666666666665,6.666666666666667,1.6666666666666667,1.0,10.666666666666666,14.333333333333334,2.6666666666666665,6.333333333333333,0.6666666666666666,1.6666666666666667,,
2025-26,2026-05-24,Wolverhampton Wanderers,ALL,5,5,12.2,10.4,4.4,5.6,1.6,2.2,12.6,12.8,3.4,4.6,0.6,1.4,,
2025-26,2026-05-24,Wolverhampton Wanderers,ALL,10,10,11.8,11.6,3.7,5.5,2.0,2.1,11.0,14.2,3.1,5.1,0.9,1.7,,
2025-26,2026-05-24,Wolverhampton Wanderers,HOME,0,19,12.526315789473685,10.789473684210526,3.1578947368421053,5.368421052631579,1.6842105263157894,2.0,10.157894736842104,12.210526315789474,3.5789473684210527,4.473684210526316,1.0,1.7894736842105263,,
2025-26,2026-05-24,Wolverhampton Wanderers,HOME,3,3,13.0,11.0,4.666666666666667,4.666666666666667,1.3333333333333333,2.6666666666666665,14.0,11.333333333333334,4.0,3.0,0.6666666666666666,1.0,,
2025-26,2026-05-24,Wolverhampton Wanderers,HOME,5,5,12.4,13.0,3.2,6.0,1.8,2.4,11.0,13.4,3.4,4.2,1.2,0.8,,
2025-26,2026-05-24,Wolverhampton Wanderers,HOME,10,10,11.3,11.6,3.5,5.7,1.8,1.9,10.5,11.9,3.9,3.7,1.2,1.1,,
2025-26,2026-05-24,Wolverhampton Wanderers,AWAY,0,19,13.473684210526315,10.894736842105264,3.6842105263157894,6.631578947368421,2.4210526315789473,1.263157894736842,9.31578947368421,15.578947368421053,2.8947368421052633,4.947368421052632,0.42105263157894735,1.7894736842105263,,
2025-26,2026-05-24,Wolverhampton Wanderers,AWAY,3,3,13.0,9.333333333333334,4.666666666666667,6.333333333333333,1.6666666666666667,1.6666666666666667,9.333333333333334,15.666666666666666,2.3333333333333335,6.666666666666667,0.3333333333333333,2.3333333333333335,,
2025-26,2026-05-24,Wolverhampton Wanderers,AWAY,5,5,11.2,10.2,4.2,5.0,2.2,1.8,11.0,15.0,2.8,6.0,0.6,2.6,,
2025-26,2026-05-24,Wolverhampton Wanderers,AWAY,10,10,12.3,12.0,4.3,5.4,2.2,1.6,10.9,16.3,3.3,5.5,0.5,1.8,,
2026-27,2026-08-31,Arsenal,ALL,0,2,8.0,15.0,6.0,2.0,1.0,2.0,13.5,5.5,4.0,0.5,2.0,0.0,1.4649999999999999,0.26
2026-27,2026-08-31,Arsenal,ALL,3,2,8.0,15.0,6.0,2.0,1.0,2.0,13.5,5.5,4.0,0.5,2.0,0.0,1.4649999999999999,0.26
2026-27,2026-08-31,Arsenal,ALL,5,2,8.0,15.0,6.0,2.0,1.0,2.0,13.5,5.5,4.0,0.5,2.0,0.0,1.4649999999999999,0.26
2026-27,2026-08-31,Arsenal,ALL,10,2,8.0,15.0,6.0,2.0,1.0,2.0,13.5,5.5,4.0,0.5,2.0,0.0,1.4649999999999999,0.26
2026-27,2026-08-31,Arsenal,HOME,0,1,10.0,13.0,8.0,2.0,1.0,1.0,20.0,4.0,6.0,1.0,3.0,0.0,1.88,0.2
2026-27,2026-08-31,Arsenal,HOME,3,1,10.0,13.0,8.0,2.0,1.0,1.0,20.0,4.0,6.0,1.0,3.0,0.0,1.88,0.2
2026-27,2026-08-31,Arsenal,HOME,5,1,10.0,13.0,8.0,2.0,1.0,1.0,20.0,4.0,6.0,1.0,3.0,0.0,1.88,0.2
2026-27,2026-08-31,Arsenal,HOME,10,1,10.0,13.0,8.0,2.0,1.0,1.0,20.0,4.0,6.0,1.0,3.0,0.0,1.88,0.2
2026-27,2026-08-31,Arsenal,AWAY,0,1,6.0,17.0,4.0,2.0,1.0,3.0,7.0,7.0,2.0,0.0,1.0,0.0,1.05,0.32
2026-27,2026-08-31,Arsenal,AWAY,3,1,6.0,17.0,4.0,2.0,1.0,3.0,7.0,7.0,2.0,0.0,1.0,0.0,1.05,0.32
2026-27,2026-08-31,Arsenal,AWAY,5,1,6.0,17.0,4.0,2.0,1.0,3.0,7.0,7.0,2.0,0.0,1.0,0.0,1.05,0.32
2026-27,2026-08-31,Arsenal,AWAY,10,1,6.0,17.0,4.0,2.0,1.0,3.0,7.0,7.0,2.0,0.0,1.0,0.0,1.05,0.32
2026-27,2026-08-31,Aston Villa,ALL,0,2,14.0,9.0,2.0,4.5,3.0,1.5,6.5,14.0,0.0,4.0,0.0,2.5,0.30000000000000004,2.41
2026-27,2026-08-31,Aston Villa,ALL,3,2,14.0,9.0,2.0,4.5,3.0,1.5,6.5,14.0,0.0,4.0,0.0,2.5,0.30000000000000004,2.41
2026-27,2026-08-31,Aston Villa,ALL,5,2,14.0,9.0,2.0,4.5,3.0,1.5,6.5,14.0,0.0,4.0,0.0,2.5,0.30000000000000004,2.41
2026-27,2026-08-31,Aston Villa,ALL,10,2,14.0,9.0,2.0,4.5,3.0,1.5,6.5,14.0,0.0,4.0,0.0,2.5,0.30000000000000004,2.41
2026-27,2026-08-31,Aston Villa,HOME,0,1,17.0,6.0,2.0,4.0,3.0,1.0,7.0,7.0,0.0,2.0,0.0,1.0,0.32,1.05
2026-27,2026-08-31,Aston Villa,HOME,3,1,17.0,6.0,2.0,4.0,3.0,1.0,7.0,7.0,0.0,2.0,0.0,1.0,0.32,1.05
2026-27,2026-08-31,Aston Villa,HOME,5,1,17.0,6.0,2.0,4.0,3.0,1.0,7.0,7.0,0.0,2.0,0.0,1.0,0.32,1.05
2026-27,2026-08-31,Aston Villa,HOME,10,1,17.0,6.0,2.0,4.0,3.0,1.0,7.0,7.0,0.0,2.0,0.0,1.0,0.32,1.05
2026-27,2026-08-31,Aston Villa,AWAY,0,1,11.0,12.0,2.0,5.0,3.0,2.0,6.0,21.0,0.0,6.0,0.0,4.0,0.28,3.77
2026-27,2026-08-31,Aston Villa,AWAY,3,1,11.0,12.0,2.0,5.0,3.0,2.0,6.0,21.0,0.0,6.0,0.0,4.0,0.28,3.77
2026-27,2026-08-31,Aston Villa,AWAY,5,1,11.0,12.0,2.0,5.0,3.0,2.0,6.0,21.0,0.0,6.0,0.0,4.0,0.28,3.77
2026-27,2026-08-31,Aston Villa,AWAY,10,1,11.0,12.0,2.0,5.0,3.0,2.0,6.0,21.0,0.0,6.0,0.0,4.0,0.28,3.77
2026-27,2026-08-29,Bournemouth,ALL,0,2,11.0,12.5,6.5,7.5,2.5,1.5,11.0,13.0,4.5,6.5,1.0,1.5,1.39,2.1
2026-27,2026-08-29,Bournemouth,ALL,3,2,11.0,12.5,6.5,7.5,2.5,1.5,11.0,13.0,4.5,6.5,1.0,1.5,1.39,2.1
2026-27,2026-08-29,Bournemouth,ALL,5,2,11.0,12.5,6.5,7.5,2.5,1.5,11.0,13.0,4.5,6.5,1.0,1.5,1.39,2.1
2026-27,2026-08-29,Bournemouth,ALL,10,2,11.0,12.5,6.5,7.5,2.5,1.5,11.0,13.0,4.5,6.5,1.0,1.5,1.39,2.1
2026-27,2026-08-29,Bournemouth,HOME,0,1,11.0,14.0,10.0,7.0,3.0,2.0,17.0,13.0,5.0,7.0,1.0,1.0,2.15,1.84
2026-27,2026-08-29,Bournemouth,HOME,3,1,11.0,14.0,10.0,7.0,3.0,2.0,17.0,13.0,5.0,7.0,1.0,1.0,2.15,1.84
2026-27,2026-08-29,Bournemouth,HOME,5,1,11.0,14.0,10.0,7.0,3.0,2.0,17.0,13.0,5.0,7.0,1.0,1.0,2.15,1.84
2026-27,2026-08-29,Bournemouth,HOME,10,1,11.0,14.0,10.0,7.0,3.0,2.0,17.0,13.0,5.0,7.0,1.0,1.0,2.15,1.84
2026-27,2026-08-29,Bournemouth,AWAY,0,1,11.0,11.0,3.0,8.0,2.0,1.0,5.0,13.0,4.0,6.0,1.0,2.0,0.63,2.36
2026-27,2026-08-29,Bournemouth,AWAY,3,1,11.0,11.0,3.0,8.0,2.0,1.0,5.0,13.0,4.0,6.0,1.0,2.0,0.63,2.36
2026-27,2026-08-29,Bournemouth,AWAY,5,1,11.0,11.0,3.0,8.0,2.0,1.0,5.0,13.0,4.0,6.0,1.0,2.0,0.63,2.36
2026-27,2026-08-29,Bournemouth,AWAY,10,1,11.0,11.0,3.0,8.0,2.0,1.0,5.0,13.0,4.0,6.0,1.0,2.0,0.63,2.36
2026-27,2026-08-30,Brentford,ALL,0,2,15.0,9.5,6.5,4.0,2.5,0.5,24.0,10.5,6.5,3.0,2.0,0.5,2.7199999999999998,1.0
2026-27,2026-08-30,Brentford,ALL,3,2,15.0,9.5,6.5,4.0,2.5,0.5,24.0,10.5,6.5,3.0,2.0,0.5,2.7199999999999998,1.0
2026-27,2026-08-30,Brentford,ALL,5,2,15.0,9.5,6.5,4.0,2.5,0.5,24.0,10.5,6.5,3.0,2.0,0.5,2.7199999999999998,1.0
2026-27,2026-08-30,Brentford,ALL,10,2,15.0,9.5,6.5,4.0,2.5,0.5,24.0,10.5,6.5,3.0,2.0,0.5,2.7199999999999998,1.0
2026-27,2026-08-30,Brentford,HOME,0,1,17.0,14.0,7.0,3.0,1.0,1.0,26.0,9.0,8.0,4.0,3.0,0.0,3.88,0.57
2026-27,2026-08-30,Brentford,HOME,3,1,17.0,14.0,7.0,3.0,1.0,1.0,26.0,9.0,8.0,4.0,3.0,0.0,3.88,0.57
2026-27,2026-08-30,Brentford,HOME,5,1,17.0,14.0,7.0,3.0,1.0,1.0,26.0,9.0,8.0,4.0,3.0,0.0,3.88,0.57
2026-27,2026-08-30,Brentford,HOME,10,1,17.0,14.0,7.0,3.0,1.0,1.0,26.0,9.0,8.0,4.0,3.0,0.0,3.88,0.57
2026-27,2026-08-30,Brentford,AWAY,0,1,13.0,5.0,6.0,5.0,4.0,0.0,22.0,12.0,5.0,2.0,1.0,1.0,1.56,1.43
2026-27,2026-08-30,Brentford,AWAY,3,1,13.0,5.0,6.0,5.0,4.0,0.0,22.0,12.0,5.0,2.0,1.0,1.0,1.56,1.43
2026-27,2026-08-30,Brentford,AWAY,5,1,13.0,5.0,6.0,5.0,4.0,0.0,22.0,12.0,5.0,2.0,1.0,1.0,1.56,1.43
2026-27,2026-08-30,Brentford,AWAY,10,1,13.0,5.0,6.0,5.0,4.0,0.0,22.0,12.0,5.0,2.0,1.0,1.0,1.56,1.43
2026-27,2026-08-30,Brighton & Hove Albion,ALL,0,2,12.0,8.5,6.0,3.0,2.5,2.0,18.0,11.5,6.0,3.0,3.5,2.0,2.585,1.605
2026-27,2026-08-30,Brighton & Hove Albion,ALL,3,2,12.0,8.5,6.0,3.0,2.5,2.0,18.0,11.5,6.0,3.0,3.5,2.0,2.585,1.605
2026-27,2026-08-30,Brighton & Hove Albion,ALL,5,2,12.0,8.5,6.0,3.0,2.5,2.0,18.0,11.5,6.0,3.0,3.5,2.0,2.585,1.605
2026-27,2026-08-30,Brighton & Hove Albion,ALL,10,2,12.0,8.5,6.0,3.0,2.5,2.0,18.0,11.5,6.0,3.0,3.5,2.0,2.585,1.605
2026-27,2026-08-30,Brighton & Hove Albion,HOME,0,1,12.0,11.0,5.0,2.0,2.0,3.0,21.0,6.0,6.0,0.0,4.0,0.0,3.77,0.28
2026-27,2026-08-30,Brighton & Hove Albion,HOME,3,1,12.0,11.0,5.0,2.0,2.0,3.0,21.0,6.0,6.0,0.0,4.0,0.0,3.77,0.28
2026-27,2026-08-30,Brighton & Hove Albion,HOME,5,1,12.0,11.0,5.0,2.0,2.0,3.0,21.0,6.0,6.0,0.0,4.0,0.0,3.77,0.28
2026-27,2026-08-30,Brighton & Hove Albion,HOME,10,1,12.0,11.0,5.0,2.0,2.0,3.0,21.0,6.0,6.0,0.0,4.0,0.0,3.77,0.28
2026-27,2026-08-30,Brighton & Hove Albion,AWAY,0,1,12.0,6.0,7.0,4.0,3.0,1.0,15.0,17.0,6.0,6.0,3.0,4.0,1.4,2.93
2026-27,2026-08-30,Brighton & Hove Albion,AWAY,3,1,12.0,6.0,7.0,4.0,3.0,1.0,15.0,17.0,6.0,6.0,3.0,4.0,1.4,2.93
2026-27,2026-08-30,Brighton & Hove Albion,AWAY,5,1,12.0,6.0,7.0,4.0,3.0,1.0,15.0,17.0,6.0,6.0,3.0,4.0,1.4,2.93
2026-27,2026-08-30,Brighton & Hove Albion,AWAY,10,1,12.0,6.0,7.0,4.0,3.0,1.0,15.0,17.0,6.0,6.0,3.0,4.0,1.4,2.93
2026-27,2026-08-30,Chelsea,ALL,0,2,6.5,12.0,4.0,6.5,2.0,2.5,17.5,14.5,6.0,6.0,3.5,2.5,2.315,1.375
2026-27,2026-08-30,Chelsea,ALL,3,2,6.5,12.0,4.0,6.5,2.0,2.5,17.5,14.5,6.0,6.0,3.5,2.5,2.315,1.375
2026-27,2026-08-30,Chelsea,ALL,5,2,6.5,12.0,4.0,6.5,2.0,2.5,17.5,14.5,6.0,6.0,3.5,2.5,2.315,1.375
2026-27,2026-08-30,Chelsea,ALL,10,2,6.5,12.0,4.0,6.5,2.0,2.5,17.5,14.5,6.0,6.0,3.5,2.5,2.315,1.375
2026-27,2026-08-30,Chelsea,HOME,0,1,6.0,12.0,4.0,7.0,1.0,3.0,17.0,15.0,6.0,6.0,4.0,3.0,2.93,1.4
2026-27,2026-08-30,Chelsea,HOME,3,1,6.0,12.0,4.0,7.0,1.0,3.0,17.0,15.0,6.0,6.0,4.0,3.0,2.93,1.4
2026-27,2026-08-30,Chelsea,HOME,5,1,6.0,12.0,4.0,7.0,1.0,3.0,17.0,15.0,6.0,6.0,4.0,3.0,2.93,1.4
2026-27,2026-08-30,Chelsea,HOME,10,1,6.0,12.0,4.0,7.0,1.0,3.0,17.0,15.0,6.0,6.0,4.0,3.0,2.93,1.4
2026-27,2026-08-30,Chelsea,AWAY,0,1,7.0,12.0,4.0,6.0,3.0,2.0,18.0,14.0,6.0,6.0,3.0,2.0,1.7,1.35
2026-27,2026-08-30,Chelsea,AWAY,3,1,7.0,12.0,4.0,6.0,3.0,2.0,18.0,14.0,6.0,6.0,3.0,2.0,1.7,1.35
2026-27,2026-08-30,Chelsea,AWAY,5,1,7.0,12.0,4.0,6.0,3.0,2.0,18.0,14.0,6.0,6.0,3.0,2.0,1.7,1.35
2026-27,2026-08-30,Chelsea,AWAY,10,1,7.0,12.0,4.0,6.0,3.0,2.0,18.0,14.0,6.0,6.0,3.0,2.0,1.7,1.35
2026-27,2026-08-29,Coventry,ALL,0,2,12.0,9.0,4.0,5.0,1.0,2.5,7.5,13.0,2.0,4.0,0.0,2.0,0.74,1.305
2026-27,2026-08-29,Coventry,ALL,3,2,12.0,9.0,4.0,5.0,1.0,2.5,7.5,13.0,2.0,4.0,0.0,2.0,0.74,1.305
2026-27,2026-08-29,Coventry,ALL,5,2,12.0,9.0,4.0,5.0,1.0,2.5,7.5,13.0,2.0,4.0,0.0,2.0,0.74,1.305
2026-27,2026-08-29,Coventry,ALL,10,2,12.0,9.0,4.0,5.0,1.0,2.5,7.5,13.0,2.0,4.0,0.0,2.0,0.74,1.305
2026-27,2026-08-29,Coventry,HOME,0,1,11.0,8.0,6.0,2.0,1.0,4.0,11.0,6.0,3.0,2.0,0.0,1.0,1.28,0.73
2026-27,2026-08-29,Coventry,HOME,3,1,11.0,8.0,6.0,2.0,1.0,4.0,11.0,6.0,3.0,2.0,0.0,1.0,1.28,0.73
2026-27,2026-08-29,Coventry,HOME,5,1,11.0,8.0,6.0,2.0,1.0,4.0,11.0,6.0,3.0,2.0,0.0,1.0,1.28,0.73
2026-27,2026-08-29,Coventry,HOME,10,1,11.0,8.0,6.0,2.0,1.0,4.0,11.0,6.0,3.0,2.0,0.0,1.0,1.28,0.73
2026-27,2026-08-29,Coventry,AWAY,0,1,13.0,10.0,2.0,8.0,1.0,1.0,4.0,20.0,1.0,6.0,0.0,3.0,0.2,1.88
2026-27,2026-08-29,Coventry,AWAY,3,1,13.0,10.0,2.0,8.0,1.0,1.0,4.0,20.0,1.0,6.0,0.0,3.0,0.2,1.88
2026-27,2026-08-29,Coventry,AWAY,5,1,13.0,10.0,2.0,8.0,1.0,1.0,4.0,20.0,1.0,6.0,0.0,3.0,0.2,1.88
2026-27,2026-08-29,Coventry,AWAY,10,1,13.0,10.0,2.0,8.0,1.0,1.0,4.0,20.0,1.0,6.0,0.0,3.0,0.2,1.88
2026-27,2026-08-28,Crystal Palace,ALL,0,2,11.5,8.0,1.0,5.0,1.0,1.0,10.0,17.0,2.5,7.0,0.5,3.0,1.31,1.665
2026-27,2026-08-28,Crystal Palace,ALL,3,2,11.5,8.0,1.0,5.0,1.0,1.0,10.0,17.0,2.5,7.0,0.5,3.0,1.31,1.665
2026-27,2026-08-28,Crystal Palace,ALL,5,2,11.5,8.0,1.0,5.0,1.0,1.0,10.0,17.0,2.5,7.0,0.5,3.0,1.31,1.665
2026-27,2026-08-28,Crystal Palace,ALL,10,2,11.5,8.0,1.0,5.0,1.0,1.0,10.0,17.0,2.5,7.0,0.5,3.0,1.31,1.665
2026-27,2026-08-28,Crystal Palace,HOME,0,1,8.0,11.0,2.0,6.0,1.0,2.0,9.0,18.0,1.0,9.0,1.0,4.0,0.66,2.21
2026-27,2026-08-28,Crystal Palace,HOME,3,1,8.0,11.0,2.0,6.0,1.0,2.0,9.0,18.0,1.0,9.0,1.0,4.0,0.66,2.21
2026-27,2026-08-28,Crystal Palace,HOME,5,1,8.0,11.0,2.0,6.0,1.0,2.0,9.0,18.0,1.0,9.0,1.0,4.0,0.66,2.21
2026-27,2026-08-28,Crystal Palace,HOME,10,1,8.0,11.0,2.0,6.0,1.0,2.0,9.0,18.0,1.0,9.0,1.0,4.0,0.66,2.21
2026-27,2026-08-28,Crystal Palace,AWAY,0,1,15.0,5.0,0.0,4.0,1.0,0.0,11.0,16.0,4.0,5.0,0.0,2.0,1.96,1.12
2026-27,2026-08-28,Crystal Palace,AWAY,3,1,15.0,5.0,0.0,4.0,1.0,0.0,11.0,16.0,4.0,5.0,0.0,2.0,1.96,1.12
2026-27,2026-08-28,Crystal Palace,AWAY,5,1,15.0,5.0,0.0,4.0,1.0,0.0,11.0,16.0,4.0,5.0,0.0,2.0,1.96,1.12
2026-27,2026-08-28,Crystal Palace,AWAY,10,1,15.0,5.0,0.0,4.0,1.0,0.0,11.0,16.0,4.0,5.0,0.0,2.0,1.96,1.12
2026-27,2026-08-29,Everton,ALL,0,2,9.5,13.0,5.5,5.0,1.0,2.0,14.5,14.0,6.0,4.5,1.5,0.5,1.48,2.0549999999999997
2026-27,2026-08-29,Everton,ALL,3,2,9.5,13.0,5.5,5.0,1.0,2.0,14.5,14.0,6.0,4.5,1.5,0.5,1.48,2.0549999999999997
2026-27,2026-08-29,Everton,ALL,5,2,9.5,13.0,5.5,5.0,1.0,2.0,14.5,14.0,6.0,4.5,1.5,0.5,1.48,2.0549999999999997
2026-27,2026-08-29,Everton,ALL,10,2,9.5,13.0,5.5,5.0,1.0,2.0,14.5,14.0,6.0,4.5,1.5,0.5,1.48,2.0549999999999997
2026-27,2026-08-29,Everton,HOME,0,1,5.0,15.0,4.0,0.0,0.0,1.0,16.0,11.0,5.0,4.0,2.0,0.0,1.12,1.96
2026-27,2026-08-29,Everton,HOME,3,1,5.0,15.0,4.0,0.0,0.0,1.0,16.0,11.0,5.0,4.0,2.0,0.0,1.12,1.96
2026-27,2026-08-29,Everton,HOME,5,1,5.0,15.0,4.0,0.0,0.0,1.0,16.0,11.0,5.0,4.0,2.0,0.0,1.12,1.96
2026-27,2026-08-29,Everton,HOME,10,1,5.0,15.0,4.0,0.0,0.0,1.0,16.0,11.0,5.0,4.0,2.0,0.0,1.12,1.96
2026-27,2026-08-29,Everton,AWAY,0,1,14.0,11.0,7.0,10.0,2.0,3.0,13.0,17.0,7.0,5.0,1.0,1.0,1.84,2.15
2026-27,2026-08-29,Everton,AWAY,3,1,14.0,11.0,7.0,10.0,2.0,3.0,13.0,17.0,7.0,5.0,1.0,1.0,1.84,2.15
2026-27,2026-08-29,Everton,AWAY,5,1,14.0,11.0,7.0,10.0,2.0,3.0,13.0,17.0,7.0,5.0,1.0,1.0,1.84,2.15
2026-27,2026-08-29,Everton,AWAY,10,1,14.0,11.0,7.0,10.0,2.0,3.0,13.0,17.0,7.0,5.0,1.0,1.0,1.84,2.15
2026-27,2026-08-30,Fulham,ALL,0,2,13.5,8.5,5.0,3.5,2.0,1.5,12.5,15.0,3.0,5.0,1.0,2.0,1.15,1.8599999999999999
2026-27,2026-08-30,Fulham,ALL,3,2,13.5,8.5,5.0,3.5,2.0,1.5,12.5,15.0,3.0,5.0,1.0,2.0,1.15,1.8599999999999999
2026-27,2026-08-30,Fulham,ALL,5,2,13.5,8.5,5.0,3.5,2.0,1.5,12.5,15.0,3.0,5.0,1.0,2.0,1.15,1.8599999999999999
2026-27,2026-08-30,Fulham,ALL,10,2,13.5,8.5,5.0,3.5,2.0,1.5,12.5,15.0,3.0,5.0,1.0,2.0,1.15,1.8599999999999999
2026-27,2026-08-30,Fulham,HOME,0,1,12.0,7.0,6.0,4.0,2.0,3.0,14.0,18.0,6.0,6.0,2.0,3.0,1.35,1.7
2026-27,2026-08-30,Fulham,HOME,3,1,12.0,7.0,6.0,4.0,2.0,3.0,14.0,18.0,6.0,6.0,2.0,3.0,1.35,1.7
2026-27,2026-08-30,Fulham,HOME,5,1,12.0,7.0,6.0,4.0,2.0,3.0,14.0,18.0,6.0,6.0,2.0,3.0,1.35,1.7
2026-27,2026-08-30,Fulham,HOME,10,1,12.0,7.0,6.0,4.0,2.0,3.0,14.0,18.0,6.0,6.0,2.0,3.0,1.35,1.7
2026-27,2026-08-30,Fulham,AWAY,0,1,15.0,10.0,4.0,3.0,2.0,0.0,11.0,12.0,0.0,4.0,0.0,1.0,0.95,2.02
2026-27,2026-08-30,Fulham,AWAY,3,1,15.0,10.0,4.0,3.0,2.0,0.0,11.0,12.0,0.0,4.0,0.0,1.0,0.95,2.02
2026-27,2026-08-30,Fulham,AWAY,5,1,15.0,10.0,4.0,3.0,2.0,0.0,11.0,12.0,0.0,4.0,0.0,1.0,0.95,2.02
2026-27,2026-08-30,Fulham,AWAY,10,1,15.0,10.0,4.0,3.0,2.0,0.0,11.0,12.0,0.0,4.0,0.0,1.0,0.95,2.02
2026-27,2026-08-29,Hull,ALL,0,2,9.0,10.0,1.5,6.0,3.0,1.0,7.0,16.0,3.0,4.0,1.5,0.0,0.87,1.5550000000000002
2026-27,2026-08-29,Hull,ALL,3,2,9.0,10.0,1.5,6.0,3.0,1.0,7.0,16.0,3.0,4.0,1.5,0.0,0.87,1.5550000000000002
2026-27,2026-08-29,Hull,ALL,5,2,9.0,10.0,1.5,6.0,3.0,1.0,7.0,16.0,3.0,4.0,1.5,0.0,0.87,1.5550000000000002
2026-27,2026-08-29,Hull,ALL,10,2,9.0,10.0,1.5,6.0,3.0,1.0,7.0,16.0,3.0,4.0,1.5,0.0,0.87,1.5550000000000002
2026-27,2026-08-29,Hull,HOME,0,1,10.0,9.0,1.0,6.0,2.0,1.0,8.0,21.0,4.0,5.0,2.0,0.0,1.01,1.83
2026-27,2026-08-29,Hull,HOME,3,1,10.0,9.0,1.0,6.0,2.0,1.0,8.0,21.0,4.0,5.0,2.0,0.0,1.01,1.83
2026-27,2026-08-29,Hull,HOME,5,1,10.0,9.0,1.0,6.0,2.0,1.0,8.0,21.0,4.0,5.0,2.0,0.0,1.01,1.83
2026-27,2026-08-29,Hull,HOME,10,1,10.0,9.0,1.0,6.0,2.0,1.0,8.0,21.0,4.0,5.0,2.0,0.0,1.01,1.83
2026-27,2026-08-29,Hull,AWAY,0,1,8.0,11.0,2.0,6.0,4.0,1.0,6.0,11.0,2.0,3.0,1.0,0.0,0.73,1.28
2026-27,2026-08-29,Hull,AWAY,3,1,8.0,11.0,2.0,6.0,4.0,1.0,6.0,11.0,2.0,3.0,1.0,0.0,0.73,1.28
2026-27,2026-08-29,Hull,AWAY,5,1,8.0,11.0,2.0,6.0,4.0,1.0,6.0,11.0,2.0,3.0,1.0,0.0,0.73,1.28
2026-27,2026-08-29,Hull,AWAY,10,1,8.0,11.0,2.0,6.0,4.0,1.0,6.0,11.0,2.0,3.0,1.0,0.0,0.73,1.28
2026-27,2026-08-30,Ipswich,ALL,0,2,12.0,10.5,3.5,6.5,1.5,2.0,9.5,22.0,4.0,7.5,2.0,3.0,1.9049999999999998,2.61
2026-27,2026-08-30,Ipswich,ALL,3,2,12.0,10.5,3.5,6.5,1.5,2.0,9.5,22.0,4.0,7.5,2.0,3.0,1.9049999999999998,2.61
2026-27,2026-08-30,Ipswich,ALL,5,2,12.0,10.5,3.5,6.5,1.5,2.0,9.5,22.0,4.0,7.5,2.0,3.0,1.9049999999999998,2.61
2026-27,2026-08-30,Ipswich,ALL,10,2,12.0,10.5,3.5,6.5,1.5,2.0,9.5,22.0,4.0,7.5,2.0,3.0,1.9049999999999998,2.61
2026-27,2026-08-30,Ipswich,HOME,0,1,12.0,14.0,3.0,5.0,0.0,3.0,10.0,11.0,3.0,4.0,2.0,1.0,1.8,0.66
2026-27,2026-08-30,Ipswich,HOME,3,1,12.0,14.0,3.0,5.0,0.0,3.0,10.0,11.0,3.0,4.0,2.0,1.0,1.8,0.66
2026-27,2026-08-30,Ipswich,HOME,5,1,12.0,14.0,3.0,5.0,0.0,3.0,10.0,11.0,3.0,4.0,2.0,1.0,1.8,0.66
2026-27,2026-08-30,Ipswich,HOME,10,1,12.0,14.0,3.0,5.0,0.0,3.0,10.0,11.0,3.0,4.0,2.0,1.0,1.8,0.66
2026-27,2026-08-30,Ipswich,AWAY,0,1,12.0,7.0,4.0,8.0,3.0,1.0,9.0,33.0,5.0,11.0,2.0,5.0,2.01,4.56
2026-27,2026-08-30,Ipswich,AWAY,3,1,12.0,7.0,4.0,8.0,3.0,1.0,9.0,33.0,5.0,11.0,2.0,5.0,2.01,4.56
2026-27,2026-08-30,Ipswich,AWAY,5,1,12.0,7.0,4.0,8.0,3.0,1.0,9.0,33.0,5.0,11.0,2.0,5.0,2.01,4.56
2026-27,2026-08-30,Ipswich,AWAY,10,1,12.0,7.0,4.0,8.0,3.0,1.0,9.0,33.0,5.0,11.0,2.0,5.0,2.01,4.56
2026-27,2026-08-30,Leeds,ALL,0,2,9.5,14.0,3.5,4.5,0.5,3.0,11.5,17.0,2.5,3.5,1.0,0.5,0.95,1.11
2026-27,2026-08-30,Leeds,ALL,3,2,9.5,14.0,3.5,4.5,0.5,3.0,11.5,17.0,2.5,3.5,1.0,0.5,0.95,1.11
2026-27,2026-08-30,Leeds,ALL,5,2,9.5,14.0,3.5,4.5,0.5,3.0,11.5,17.0,2.5,3.5,1.0,0.5,0.95,1.11
2026-27,2026-08-30,Leeds,ALL,10,2,9.5,14.0,3.5,4.5,0.5,3.0,11.5,17.0,2.5,3.5,1.0,0.5,0.95,1.11
2026-27,2026-08-30,Leeds,HOME,0,1,5.0,13.0,5.0,6.0,0.0,4.0,12.0,22.0,2.0,5.0,1.0,1.0,1.43,1.56
2026-27,2026-08-30,Leeds,HOME,3,1,5.0,13.0,5.0,6.0,0.0,4.0,12.0,22.0,2.0,5.0,1.0,1.0,1.43,1.56
2026-27,2026-08-30,Leeds,HOME,5,1,5.0,13.0,5.0,6.0,0.0,4.0,12.0,22.0,2.0,5.0,1.0,1.0,1.43,1.56
2026-27,2026-08-30,Leeds,HOME,10,1,5.0,13.0,5.0,6.0,0.0,4.0,12.0,22.0,2.0,5.0,1.0,1.0,1.43,1.56
2026-27,2026-08-30,Leeds,AWAY,0,1,14.0,15.0,2.0,3.0,1.0,2.0,11.0,12.0,3.0,2.0,1.0,0.0,0.47,0.66
2026-27,2026-08-30,Leeds,AWAY,3,1,14.0,15.0,2.0,3.0,1.0,2.0,11.0,12.0,3.0,2.0,1.0,0.0,0.47,0.66
2026-27,2026-08-30,Leeds,AWAY,5,1,14.0,15.0,2.0,3.0,1.0,2.0,11.0,12.0,3.0,2.0,1.0,0.0,0.47,0.66
2026-27,2026-08-30,Leeds,AWAY,10,1,14.0,15.0,2.0,3.0,1.0,2.0,11.0,12.0,3.0,2.0,1.0,0.0,0.47,0.66
2026-27,2026-08-29,Liverpool,ALL,0,2,14.0,13.0,4.5,3.5,3.5,3.5,20.0,12.5,5.5,3.5,2.0,2.0,2.365,1.935
2026-27,2026-08-29,Liverpool,ALL,3,2,14.0,13.0,4.5,3.5,3.5,3.5,20.0,12.5,5.5,3.5,2.0,2.0,2.365,1.935
2026-27,2026-08-29,Liverpool,ALL,5,2,14.0,13.0,4.5,3.5,3.5,3.5,20.0,12.5,5.5,3.5,2.0,2.0,2.365,1.935
2026-27,2026-08-29,Liverpool,ALL,10,2,14.0,13.0,4.5,3.5,3.5,3.5,20.0,12.5,5.5,3.5,2.0,2.0,2.365,1.935
2026-27,2026-08-29,Liverpool,HOME,0,1,13.0,10.0,3.0,5.0,4.0,2.0,13.0,12.0,4.0,3.0,2.0,2.0,1.75,2.3
2026-27,2026-08-29,Liverpool,HOME,3,1,13.0,10.0,3.0,5.0,4.0,2.0,13.0,12.0,4.0,3.0,2.0,2.0,1.75,2.3
2026-27,2026-08-29,Liverpool,HOME,5,1,13.0,10.0,3.0,5.0,4.0,2.0,13.0,12.0,4.0,3.0,2.0,2.0,1.75,2.3
2026-27,2026-08-29,Liverpool,HOME,10,1,13.0,10.0,3.0,5.0,4.0,2.0,13.0,12.0,4.0,3.0,2.0,2.0,1.75,2.3
2026-27,2026-08-29,Liverpool,AWAY,0,1,15.0,16.0,6.0,2.0,3.0,5.0,27.0,13.0,7.0,4.0,2.0,2.0,2.98,1.57
2026-27,2026-08-29,Liverpool,AWAY,3,1,15.0,16.0,6.0,2.0,3.0,5.0,27.0,13.0,7.0,4.0,2.0,2.0,2.98,1.57
2026-27,2026-08-29,Liverpool,AWAY,5,1,15.0,16.0,6.0,2.0,3.0,5.0,27.0,13.0,7.0,4.0,2.0,2.0,2.98,1.57
2026-27,2026-08-29,Liverpool,AWAY,10,1,15.0,16.0,6.0,2.0,3.0,5.0,27.0,13.0,7.0,4.0,2.0,2.0,2.98,1.57
2026-27,2026-08-28,Manchester City,ALL,0,2,11.0,9.5,7.0,2.5,1.5,1.5,15.5,7.0,7.5,2.5,3.0,1.0,2.285,0.645
2026-27,2026-08-28,Manchester City,ALL,3,2,11.0,9.5,7.0,2.5,1.5,1.5,15.5,7.0,7.5,2.5,3.0,1.0,2.285,0.645
2026-27,2026-08-28,Manchester City,ALL,5,2,11.0,9.5,7.0,2.5,1.5,1.5,15.5,7.0,7.5,2.5,3.0,1.0,2.285,0.645
2026-27,2026-08-28,Manchester City,ALL,10,2,11.0,9.5,7.0,2.5,1.5,1.5,15.5,7.0,7.5,2.5,3.0,1.0,2.285,0.645
2026-27,2026-08-28,Manchester City,HOME,0,1,11.0,11.0,8.0,3.0,1.0,2.0,13.0,5.0,6.0,4.0,2.0,1.0,2.36,0.63
2026-27,2026-08-28,Manchester City,HOME,3,1,11.0,11.0,8.0,3.0,1.0,2.0,13.0,5.0,6.0,4.0,2.0,1.0,2.36,0.63
2026-27,2026-08-28,Manchester City,HOME,5,1,11.0,11.0,8.0,3.0,1.0,2.0,13.0,5.0,6.0,4.0,2.0,1.0,2.36,0.63
2026-27,2026-08-28,Manchester City,HOME,10,1,11.0,11.0,8.0,3.0,1.0,2.0,13.0,5.0,6.0,4.0,2.0,1.0,2.36,0.63
2026-27,2026-08-28,Manchester City,AWAY,0,1,11.0,8.0,6.0,2.0,2.0,1.0,18.0,9.0,9.0,1.0,4.0,1.0,2.21,0.66
2026-27,2026-08-28,Manchester City,AWAY,3,1,11.0,8.0,6.0,2.0,2.0,1.0,18.0,9.0,9.0,1.0,4.0,1.0,2.21,0.66
2026-27,2026-08-28,Manchester City,AWAY,5,1,11.0,8.0,6.0,2.0,2.0,1.0,18.0,9.0,9.0,1.0,4.0,1.0,2.21,0.66
2026-27,2026-08-28,Manchester City,AWAY,10,1,11.0,8.0,6.0,2.0,2.0,1.0,18.0,9.0,9.0,1.0,4.0,1.0,2.21,0.66
2026-27,2026-08-30,Manchester United,ALL,0,2,8.0,11.0,7.0,2.5,1.0,2.5,27.0,8.5,8.0,4.5,2.5,2.0,3.195,1.5099999999999998
2026-27,2026-08-30,Manchester United,ALL,3,2,8.0,11.0,7.0,2.5,1.0,2.5,27.0,8.5,8.0,4.5,2.5,2.0,3.195,1.5099999999999998
2026-27,2026-08-30,Manchester United,ALL,5,2,8.0,11.0,7.0,2.5,1.0,2.5,27.0,8.5,8.0,4.5,2.5,2.0,3.195,1.5099999999999998
2026-27,2026-08-30,Manchester United,ALL,10,2,8.0,11.0,7.0,2.5,1.0,2.5,27.0,8.5,8.0,4.5,2.5,2.0,3.195,1.5099999999999998
2026-27,2026-08-30,Manchester United,HOME,0,1,7.0,12.0,8.0,4.0,1.0,3.0,33.0,9.0,11.0,5.0,5.0,2.0,4.56,2.01
2026-27,2026-08-30,Manchester United,HOME,3,1,7.0,12.0,8.0,4.0,1.0,3.0,33.0,9.0,11.0,5.0,5.0,2.0,4.56,2.01
2026-27,2026-08-30,Manchester United,HOME,5,1,7.0,12.0,8.0,4.0,1.0,3.0,33.0,9.0,11.0,5.0,5.0,2.0,4.56,2.01
2026-27,2026-08-30,Manchester United,HOME,10,1,7.0,12.0,8.0,4.0,1.0,3.0,33.0,9.0,11.0,5.0,5.0,2.0,4.56,2.01
2026-27,2026-08-30,Manchester United,AWAY,0,1,9.0,10.0,6.0,1.0,1.0,2.0,21.0,8.0,5.0,4.0,0.0,2.0,1.83,1.01
2026-27,2026-08-30,Manchester United,AWAY,3,1,9.0,10.0,6.0,1.0,1.0,2.0,21.0,8.0,5.0,4.0,0.0,2.0,1.83,1.01
2026-27,2026-08-30,Manchester United,AWAY,5,1,9.0,10.0,6.0,1.0,1.0,2.0,21.0,8.0,5.0,4.0,0.0,2.0,1.83,1.01
2026-27,2026-08-30,Manchester United,AWAY,10,1,9.0,10.0,6.0,1.0,1.0,2.0,21.0,8.0,5.0,4.0,0.0,2.0,1.83,1.01
2026-27,2026-08-29,Newcastle United,ALL,0,2,12.5,15.0,4.5,7.5,3.5,2.0,12.0,22.0,3.0,6.5,2.0,1.0,1.1600000000000001,2.01
2026-27,2026-08-29,Newcastle United,ALL,3,2,12.5,15.0,4.5,7.5,3.5,2.0,12.0,22.0,3.0,6.5,2.0,1.0,1.1600000000000001,2.01
2026-27,2026-08-29,Newcastle United,ALL,5,2,12.5,15.0,4.5,7.5,3.5,2.0,12.0,22.0,3.0,6.5,2.0,1.0,1.1600000000000001,2.01
2026-27,2026-08-29,Newcastle United,ALL,10,2,12.5,15.0,4.5,7.5,3.5,2.0,12.0,22.0,3.0,6.5,2.0,1.0,1.1600000000000001,2.01
2026-27,2026-08-29,Newcastle United,HOME,0,1,16.0,15.0,2.0,6.0,5.0,3.0,13.0,27.0,4.0,7.0,2.0,2.0,1.57,2.98
2026-27,2026-08-29,Newcastle United,HOME,3,1,16.0,15.0,2.0,6.0,5.0,3.0,13.0,27.0,4.0,7.0,2.0,2.0,1.57,2.98
2026-27,2026-08-29,Newcastle United,HOME,5,1,16.0,15.0,2.0,6.0,5.0,3.0,13.0,27.0,4.0,7.0,2.0,2.0,1.57,2.98
2026-27,2026-08-29,Newcastle United,HOME,10,1,16.0,15.0,2.0,6.0,5.0,3.0,13.0,27.0,4.0,7.0,2.0,2.0,1.57,2.98
2026-27,2026-08-29,Newcastle United,AWAY,0,1,9.0,15.0,7.0,9.0,2.0,1.0,11.0,17.0,2.0,6.0,2.0,0.0,0.75,1.04
2026-27,2026-08-29,Newcastle United,AWAY,3,1,9.0,15.0,7.0,9.0,2.0,1.0,11.0,17.0,2.0,6.0,2.0,0.0,0.75,1.04
2026-27,2026-08-29,Newcastle United,AWAY,5,1,9.0,15.0,7.0,9.0,2.0,1.0,11.0,17.0,2.0,6.0,2.0,0.0,0.75,1.04
2026-27,2026-08-29,Newcastle United,AWAY,10,1,9.0,15.0,7.0,9.0,2.0,1.0,11.0,17.0,2.0,6.0,2.0,0.0,0.75,1.04
2026-27,2026-08-29,Nottingham Forest,ALL,0,2,12.5,13.5,4.0,2.5,2.0,2.5,12.0,12.0,2.5,3.5,1.0,1.5,1.48,1.1099999999999999
2026-27,2026-08-29,Nottingham Forest,ALL,3,2,12.5,13.5,4.0,2.5,2.0,2.5,12.0,12.0,2.5,3.5,1.0,1.5,1.48,1.1099999999999999
2026-27,2026-08-29,Nottingham Forest,ALL,5,2,12.5,13.5,4.0,2.5,2.0,2.5,12.0,12.0,2.5,3.5,1.0,1.5,1.48,1.1099999999999999
2026-27,2026-08-29,Nottingham Forest,ALL,10,2,12.5,13.5,4.0,2.5,2.0,2.5,12.0,12.0,2.5,3.5,1.0,1.5,1.48,1.1099999999999999
2026-27,2026-08-29,Nottingham Forest,HOME,0,1,15.0,14.0,3.0,2.0,2.0,1.0,12.0,11.0,2.0,3.0,0.0,1.0,0.66,0.47
2026-27,2026-08-29,Nottingham Forest,HOME,3,1,15.0,14.0,3.0,2.0,2.0,1.0,12.0,11.0,2.0,3.0,0.0,1.0,0.66,0.47
2026-27,2026-08-29,Nottingham Forest,HOME,5,1,15.0,14.0,3.0,2.0,2.0,1.0,12.0,11.0,2.0,3.0,0.0,1.0,0.66,0.47
2026-27,2026-08-29,Nottingham Forest,HOME,10,1,15.0,14.0,3.0,2.0,2.0,1.0,12.0,11.0,2.0,3.0,0.0,1.0,0.66,0.47
2026-27,2026-08-29,Nottingham Forest,AWAY,0,1,10.0,13.0,5.0,3.0,2.0,4.0,12.0,13.0,3.0,4.0,2.0,2.0,2.3,1.75
2026-27,2026-08-29,Nottingham Forest,AWAY,3,1,10.0,13.0,5.0,3.0,2.0,4.0,12.0,13.0,3.0,4.0,2.0,2.0,2.3,1.75
2026-27,2026-08-29,Nottingham Forest,AWAY,5,1,10.0,13.0,5.0,3.0,2.0,4.0,12.0,13.0,3.0,4.0,2.0,2.0,2.3,1.75
2026-27,2026-08-29,Nottingham Forest,AWAY,10,1,10.0,13.0,5.0,3.0,2.0,4.0,12.0,13.0,3.0,4.0,2.0,2.0,2.3,1.75
2026-27,2026-08-30,Sunderland,ALL,0,2,12.0,13.5,4.0,3.5,1.5,1.0,11.5,10.5,4.0,1.5,1.0,1.0,1.34,1.375
2026-27,2026-08-30,Sunderland,ALL,3,2,12.0,13.5,4.0,3.5,1.5,1.0,11.5,10.5,4.0,1.5,1.0,1.0,1.34,1.375
2026-27,2026-08-30,Sunderland,ALL,5,2,12.0,13.5,4.0,3.5,1.5,1.0,11.5,10.5,4.0,1.5,1.0,1.0,1.34,1.375
2026-27,2026-08-30,Sunderland,ALL,10,2,12.0,13.5,4.0,3.5,1.5,1.0,11.5,10.5,4.0,1.5,1.0,1.0,1.34,1.375
2026-27,2026-08-30,Sunderland,HOME,0,1,10.0,15.0,3.0,4.0,0.0,2.0,12.0,11.0,4.0,0.0,1.0,0.0,2.02,0.95
2026-27,2026-08-30,Sunderland,HOME,3,1,10.0,15.0,3.0,4.0,0.0,2.0,12.0,11.0,4.0,0.0,1.0,0.0,2.02,0.95
2026-27,2026-08-30,Sunderland,HOME,5,1,10.0,15.0,3.0,4.0,0.0,2.0,12.0,11.0,4.0,0.0,1.0,0.0,2.02,0.95
2026-27,2026-08-30,Sunderland,HOME,10,1,10.0,15.0,3.0,4.0,0.0,2.0,12.0,11.0,4.0,0.0,1.0,0.0,2.02,0.95
2026-27,2026-08-30,Sunderland,AWAY,0,1,14.0,12.0,5.0,3.0,3.0,0.0,11.0,10.0,4.0,3.0,1.0,2.0,0.66,1.8
2026-27,2026-08-30,Sunderland,AWAY,3,1,14.0,12.0,5.0,3.0,3.0,0.0,11.0,10.0,4.0,3.0,1.0,2.0,0.66,1.8
2026-27,2026-08-30,Sunderland,AWAY,5,1,14.0,12.0,5.0,3.0,3.0,0.0,11.0,10.0,4.0,3.0,1.0,2.0,0.66,1.8
2026-27,2026-08-30,Sunderland,AWAY,10,1,14.0,12.0,5.0,3.0,3.0,0.0,11.0,10.0,4.0,3.0,1.0,2.0,0.66,1.8
2026-27,2026-08-29,Tottenham,ALL,0,2,14.5,13.0,6.0,7.0,1.0,1.5,13.0,18.5,5.0,5.0,0.0,2.5,0.8049999999999999,2.315
2026-27,2026-08-29,Tottenham,ALL,3,2,14.5,13.0,6.0,7.0,1.0,1.5,13.0,18.5,5.0,5.0,0.0,2.5,0.8049999999999999,2.315
2026-27,2026-08-29,Tottenham,ALL,5,2,14.5,13.0,6.0,7.0,1.0,1.5,13.0,18.5,5.0,5.0,0.0,2.5,0.8049999999999999,2.315
2026-27,2026-08-29,Tottenham,ALL,10,2,14.5,13.0,6.0,7.0,1.0,1.5,13.0,18.5,5.0,5.0,0.0,2.5,0.8049999999999999,2.315
2026-27,2026-08-29,Tottenham,HOME,0,1,15.0,9.0,9.0,7.0,1.0,2.0,17.0,11.0,6.0,2.0,0.0,2.0,1.04,0.75
2026-27,2026-08-29,Tottenham,HOME,3,1,15.0,9.0,9.0,7.0,1.0,2.0,17.0,11.0,6.0,2.0,0.0,2.0,1.04,0.75
2026-27,2026-08-29,Tottenham,HOME,5,1,15.0,9.0,9.0,7.0,1.0,2.0,17.0,11.0,6.0,2.0,0.0,2.0,1.04,0.75
2026-27,2026-08-29,Tottenham,HOME,10,1,15.0,9.0,9.0,7.0,1.0,2.0,17.0,11.0,6.0,2.0,0.0,2.0,1.04,0.75
2026-27,2026-08-29,Tottenham,AWAY,0,1,14.0,17.0,3.0,7.0,1.0,1.0,9.0,26.0,4.0,8.0,0.0,3.0,0.57,3.88
2026-27,2026-08-29,Tottenham,AWAY,3,1,14.0,17.0,3.0,7.0,1.0,1.0,9.0,26.0,4.0,8.0,0.0,3.0,0.57,3.88
2026-27,2026-08-29,Tottenham,AWAY,5,1,14.0,17.0,3.0,7.0,1.0,1.0,9.0,26.0,4.0,8.0,0.0,3.0,0.57,3.88
2026-27,2026-08-29,Tottenham,AWAY,10,1,14.0,17.0,3.0,7.0,1.0,1.0,9.0,26.0,4.0,8.0,0.0,3.0,0.57,3.88
