season,as_of_date,team,scope,metric,matches_used,mean,median,std,min,p25,p75,max
2022-23,2023-05-28,Arsenal,ALL,fouls_committed,38,9.81578947368421,10.0,2.53468120665019,4.0,8.0,11.0,15.0
2022-23,2023-05-28,Arsenal,ALL,fouls_suffered,38,12.026315789473685,11.5,3.1493186058837517,5.0,10.0,14.0,20.0
2022-23,2023-05-28,Arsenal,ALL,corners_for,38,5.868421052631579,5.0,2.9970350450347474,1.0,4.0,7.0,17.0
2022-23,2023-05-28,Arsenal,ALL,corners_against,38,3.710526315789474,3.0,2.1296858636116127,0.0,2.0,4.75,9.0
2022-23,2023-05-28,Arsenal,ALL,yellow_cards,38,1.3421052631578947,1.0,1.0724136905855566,0.0,1.0,2.0,4.0
2022-23,2023-05-28,Arsenal,ALL,yellow_cards_opponent,38,2.1578947368421053,2.0,1.3461921430158093,0.0,1.0,3.0,5.0
2022-23,2023-05-28,Arsenal,ALL,shots_for,38,15.605263157894736,14.0,5.390379185800763,8.0,11.25,18.5,31.0
2022-23,2023-05-28,Arsenal,ALL,shots_against,38,8.973684210526315,8.0,4.050270875861522,1.0,6.0,11.0,21.0
2022-23,2023-05-28,Arsenal,ALL,shots_on_target_for,38,5.368421052631579,5.0,2.4320056524603024,1.0,3.25,7.0,10.0
2022-23,2023-05-28,Arsenal,ALL,shots_on_target_against,38,3.5789473684210527,3.5,2.0085167170229017,0.0,2.0,5.0,9.0
2022-23,2023-05-28,Arsenal,ALL,goals_for,38,2.3157894736842106,2.0,1.3970096085470165,0.0,1.0,3.0,5.0
2022-23,2023-05-28,Arsenal,ALL,goals_against,38,1.131578947368421,1.0,1.1191466979072493,0.0,0.0,2.0,4.0
2022-23,2023-05-28,Arsenal,HOME,fouls_committed,19,9.631578947368421,10.0,2.521254676981052,5.0,8.0,11.0,15.0
2022-23,2023-05-28,Arsenal,HOME,fouls_suffered,19,11.842105263157896,11.0,2.948882234465889,8.0,9.5,14.0,17.0
2022-23,2023-05-28,Arsenal,HOME,corners_for,19,7.0,7.0,3.48010216963685,1.0,5.0,8.5,17.0
2022-23,2023-05-28,Arsenal,HOME,corners_against,19,2.9473684210526314,3.0,1.2235505806429963,1.0,2.0,4.0,5.0
2022-23,2023-05-28,Arsenal,HOME,yellow_cards,19,0.8947368421052632,1.0,1.1002392084403616,0.0,0.0,1.5,4.0
2022-23,2023-05-28,Arsenal,HOME,yellow_cards_opponent,19,2.1052631578947367,2.0,1.1496249070460263,0.0,1.5,2.5,5.0
2022-23,2023-05-28,Arsenal,HOME,shots_for,19,18.63157894736842,17.0,5.609619974410917,10.0,14.5,22.5,31.0
2022-23,2023-05-28,Arsenal,HOME,shots_against,19,7.421052631578948,8.0,2.0633249723493554,4.0,6.0,8.0,12.0
2022-23,2023-05-28,Arsenal,HOME,shots_on_target_for,19,6.473684210526316,7.0,2.5247314720278577,1.0,5.0,8.5,10.0
2022-23,2023-05-28,Arsenal,HOME,shots_on_target_against,19,3.526315789473684,4.0,1.6789024540730166,0.0,2.5,4.5,6.0
2022-23,2023-05-28,Arsenal,HOME,goals_for,19,2.789473684210526,3.0,1.4749368110164,0.0,2.0,4.0,5.0
2022-23,2023-05-28,Arsenal,HOME,goals_against,19,1.3157894736842106,1.0,1.002919714242558,0.0,1.0,2.0,3.0
2022-23,2023-05-28,Arsenal,AWAY,fouls_committed,19,10.0,10.0,2.6034165586355513,4.0,8.5,11.5,15.0
2022-23,2023-05-28,Arsenal,AWAY,fouls_suffered,19,12.210526315789474,12.0,3.408794954369604,5.0,10.5,13.5,20.0
2022-23,2023-05-28,Arsenal,AWAY,corners_for,19,4.7368421052631575,4.0,1.910267731763677,2.0,3.5,5.5,9.0
2022-23,2023-05-28,Arsenal,AWAY,corners_against,19,4.473684210526316,4.0,2.5683635311361543,0.0,3.0,6.5,9.0
2022-23,2023-05-28,Arsenal,AWAY,yellow_cards,19,1.7894736842105263,2.0,0.8549819600709617,1.0,1.0,2.0,4.0
2022-23,2023-05-28,Arsenal,AWAY,yellow_cards_opponent,19,2.210526315789474,2.0,1.5484381869204369,0.0,1.0,3.0,5.0
2022-23,2023-05-28,Arsenal,AWAY,shots_for,19,12.578947368421053,13.0,2.9873025638838686,8.0,10.0,14.0,20.0
2022-23,2023-05-28,Arsenal,AWAY,shots_against,19,10.526315789473685,10.0,4.937030383322342,1.0,6.5,13.0,21.0
2022-23,2023-05-28,Arsenal,AWAY,shots_on_target_for,19,4.2631578947368425,4.0,1.7901615465016276,2.0,3.0,5.5,7.0
2022-23,2023-05-28,Arsenal,AWAY,shots_on_target_against,19,3.6315789473684212,3.0,2.3383404921674567,0.0,2.0,5.0,9.0
2022-23,2023-05-28,Arsenal,AWAY,goals_for,19,1.8421052631578947,2.0,1.1672930649220892,0.0,1.0,2.5,4.0
2022-23,2023-05-28,Arsenal,AWAY,goals_against,19,0.9473684210526315,0.0,1.223550580642996,0.0,0.0,2.0,4.0
2022-23,2023-05-28,Aston Villa,ALL,fouls_committed,38,10.973684210526315,11.0,3.308358310158167,6.0,8.25,13.75,19.0
2022-23,2023-05-28,Aston Villa,ALL,fouls_suffered,38,13.078947368421053,13.0,3.982268665834185,4.0,11.0,16.0,23.0
2022-23,2023-05-28,Aston Villa,ALL,corners_for,38,4.342105263157895,4.0,2.8500954539678682,0.0,2.0,7.0,11.0
2022-23,2023-05-28,Aston Villa,ALL,corners_against,38,5.578947368421052,5.0,3.3902210638865293,1.0,3.0,8.0,13.0
2022-23,2023-05-28,Aston Villa,ALL,yellow_cards,38,2.1052631578947367,2.0,1.5029605681510028,0.0,1.0,3.0,7.0
2022-23,2023-05-28,Aston Villa,ALL,yellow_cards_opponent,38,2.0526315789473686,2.0,1.2290925771886112,0.0,1.0,3.0,4.0
2022-23,2023-05-28,Aston Villa,ALL,shots_for,38,11.342105263157896,12.0,4.720720946941311,3.0,8.0,14.75,20.0
2022-23,2023-05-28,Aston Villa,ALL,shots_against,38,11.131578947368421,9.0,5.789884247695024,1.0,7.0,15.75,27.0
2022-23,2023-05-28,Aston Villa,ALL,shots_on_target_for,38,3.973684210526316,4.0,2.235908934291971,0.0,2.25,5.0,11.0
2022-23,2023-05-28,Aston Villa,ALL,shots_on_target_against,38,4.184210526315789,4.0,2.53468120665019,0.0,2.0,5.0,9.0
2022-23,2023-05-28,Aston Villa,ALL,goals_for,38,1.3421052631578947,1.0,0.9939360953266423,0.0,1.0,2.0,4.0
2022-23,2023-05-28,Aston Villa,ALL,goals_against,38,1.2105263157894737,1.0,1.2337132422705155,0.0,0.0,1.75,4.0
2022-23,2023-05-28,Aston Villa,HOME,fouls_committed,19,10.052631578947368,10.0,3.09970758854814,6.0,7.0,13.0,15.0
2022-23,2023-05-28,Aston Villa,HOME,fouls_suffered,19,11.894736842105264,12.0,3.857096444536504,4.0,10.0,14.5,18.0
2022-23,2023-05-28,Aston Villa,HOME,corners_for,19,4.7894736842105265,5.0,3.292735225182537,0.0,2.0,7.0,11.0
2022-23,2023-05-28,Aston Villa,HOME,corners_against,19,4.947368421052632,4.0,2.8180703447281537,1.0,3.0,7.0,11.0
2022-23,2023-05-28,Aston Villa,HOME,yellow_cards,19,1.9473684210526316,2.0,1.2681431837544703,0.0,1.0,3.0,4.0
2022-23,2023-05-28,Aston Villa,HOME,yellow_cards_opponent,19,1.9473684210526316,2.0,1.4327007988227578,0.0,1.0,3.0,4.0
2022-23,2023-05-28,Aston Villa,HOME,shots_for,19,11.894736842105264,12.0,4.829248122316826,3.0,8.0,15.0,20.0
2022-23,2023-05-28,Aston Villa,HOME,shots_against,19,9.578947368421053,8.0,4.787898976397385,1.0,7.0,12.5,20.0
2022-23,2023-05-28,Aston Villa,HOME,shots_on_target_for,19,4.631578947368421,4.0,2.45425993180541,1.0,3.0,5.5,11.0
2022-23,2023-05-28,Aston Villa,HOME,shots_on_target_against,19,3.1578947368421053,3.0,2.034785216476909,0.0,2.0,4.0,9.0
2022-23,2023-05-28,Aston Villa,HOME,goals_for,19,1.736842105263158,2.0,1.0457376590053493,0.0,1.0,2.0,4.0
2022-23,2023-05-28,Aston Villa,HOME,goals_against,19,1.105263157894737,1.0,1.2864566686188532,0.0,0.0,1.0,4.0
2022-23,2023-05-28,Aston Villa,AWAY,fouls_committed,19,11.894736842105264,12.0,3.3315784854447545,6.0,9.5,14.0,19.0
2022-23,2023-05-28,Aston Villa,AWAY,fouls_suffered,19,14.263157894736842,14.0,3.8419049855675316,8.0,11.5,16.0,23.0
2022-23,2023-05-28,Aston Villa,AWAY,corners_for,19,3.8947368421052633,4.0,2.330825720214125,0.0,2.0,4.5,9.0
2022-23,2023-05-28,Aston Villa,AWAY,corners_against,19,6.2105263157894735,5.0,3.852545296704232,1.0,3.5,9.0,13.0
2022-23,2023-05-28,Aston Villa,AWAY,yellow_cards,19,2.263157894736842,2.0,1.7269789055894333,0.0,1.0,3.0,7.0
2022-23,2023-05-28,Aston Villa,AWAY,yellow_cards_opponent,19,2.1578947368421053,2.0,1.0145145470035761,0.0,1.5,3.0,4.0
2022-23,2023-05-28,Aston Villa,AWAY,shots_for,19,10.789473684210526,12.0,4.673553815155861,3.0,6.5,14.5,19.0
2022-23,2023-05-28,Aston Villa,AWAY,shots_against,19,12.68421052631579,10.0,6.394899283186973,6.0,7.0,17.0,27.0
2022-23,2023-05-28,Aston Villa,AWAY,shots_on_target_for,19,3.3157894736842106,3.0,1.8273426844874248,0.0,2.0,5.0,7.0
2022-23,2023-05-28,Aston Villa,AWAY,shots_on_target_against,19,5.2105263157894735,5.0,2.6157418189029844,1.0,3.0,7.5,9.0
2022-23,2023-05-28,Aston Villa,AWAY,goals_for,19,0.9473684210526315,1.0,0.7798635358208025,0.0,0.0,1.5,2.0
2022-23,2023-05-28,Aston Villa,AWAY,goals_against,19,1.3157894736842106,1.0,1.2042808632793345,0.0,0.5,2.0,4.0
2022-23,2023-05-28,Bournemouth,ALL,fouls_committed,38,10.289473684210526,10.0,2.7500161644423415,5.0,8.25,12.0,18.0
2022-23,2023-05-28,Bournemouth,ALL,fouls_suffered,38,9.868421052631579,9.5,3.129381707618494,5.0,8.0,12.0,16.0
2022-23,2023-05-28,Bournemouth,ALL,corners_for,38,3.789473684210526,3.0,2.195300813431026,0.0,2.0,5.75,8.0
2022-23,2023-05-28,Bournemouth,ALL,corners_against,38,7.157894736842105,6.0,3.5452771461021566,2.0,5.0,8.0,19.0
2022-23,2023-05-28,Bournemouth,ALL,yellow_cards,38,1.7894736842105263,2.0,0.9907107668805698,0.0,1.0,2.0,4.0
2022-23,2023-05-28,Bournemouth,ALL,yellow_cards_opponent,38,1.3421052631578947,1.0,1.1688829453677347,0.0,0.0,2.0,4.0
2022-23,2023-05-28,Bournemouth,ALL,shots_for,38,9.342105263157896,9.0,4.141264435381461,3.0,6.0,12.0,19.0
2022-23,2023-05-28,Bournemouth,ALL,shots_against,38,16.473684210526315,15.5,4.476586791628997,9.0,14.0,19.75,31.0
2022-23,2023-05-28,Bournemouth,ALL,shots_on_target_for,38,3.5,3.0,2.0235104631789267,0.0,2.0,4.0,9.0
2022-23,2023-05-28,Bournemouth,ALL,shots_on_target_against,38,5.421052631578948,5.0,2.2011247609736406,2.0,4.0,6.0,12.0
2022-23,2023-05-28,Bournemouth,ALL,goals_for,38,0.9736842105263158,1.0,1.1504838489831055,0.0,0.0,2.0,4.0
2022-23,2023-05-28,Bournemouth,ALL,goals_against,38,1.868421052631579,2.0,1.7424904921463658,0.0,1.0,3.0,9.0
2022-23,2023-05-28,Bournemouth,HOME,fouls_committed,19,10.68421052631579,10.0,3.283843134346425,6.0,8.0,12.0,18.0
2022-23,2023-05-28,Bournemouth,HOME,fouls_suffered,19,10.210526315789474,10.0,3.241723604785664,5.0,8.0,12.5,16.0
2022-23,2023-05-28,Bournemouth,HOME,corners_for,19,4.315789473684211,4.0,2.001461454341895,2.0,3.0,6.0,8.0
2022-23,2023-05-28,Bournemouth,HOME,corners_against,19,6.105263157894737,6.0,3.510218999848953,2.0,5.0,6.5,19.0
2022-23,2023-05-28,Bournemouth,HOME,yellow_cards,19,1.5789473684210527,1.0,0.8377078165833909,1.0,1.0,2.0,4.0
2022-23,2023-05-28,Bournemouth,HOME,yellow_cards_opponent,19,1.736842105263158,2.0,1.1470786693528088,0.0,1.0,2.5,4.0
2022-23,2023-05-28,Bournemouth,HOME,shots_for,19,10.421052631578947,10.0,4.032035458861995,5.0,6.5,13.5,17.0
2022-23,2023-05-28,Bournemouth,HOME,shots_against,19,15.263157894736842,15.0,3.870717781026005,9.0,13.5,17.5,23.0
2022-23,2023-05-28,Bournemouth,HOME,shots_on_target_for,19,3.789473684210526,4.0,2.1233869006435357,1.0,2.0,4.5,9.0
2022-23,2023-05-28,Bournemouth,HOME,shots_on_target_against,19,5.105263157894737,5.0,1.9117977822546812,2.0,4.0,6.0,10.0
2022-23,2023-05-28,Bournemouth,HOME,goals_for,19,1.0526315789473684,1.0,1.177270110161938,0.0,0.0,2.0,4.0
2022-23,2023-05-28,Bournemouth,HOME,goals_against,19,1.4736842105263157,1.0,1.3485968449808852,0.0,0.5,2.5,4.0
2022-23,2023-05-28,Bournemouth,AWAY,fouls_committed,19,9.894736842105264,10.0,2.1054093516491506,5.0,9.0,11.0,13.0
2022-23,2023-05-28,Bournemouth,AWAY,fouls_suffered,19,9.526315789473685,9.0,3.0617428053067997,5.0,8.0,11.5,16.0
2022-23,2023-05-28,Bournemouth,AWAY,corners_for,19,3.263157894736842,3.0,2.305599590927317,0.0,1.0,5.5,8.0
2022-23,2023-05-28,Bournemouth,AWAY,corners_against,19,8.210526315789474,8.0,3.3429685305864347,4.0,6.0,10.0,17.0
2022-23,2023-05-28,Bournemouth,AWAY,yellow_cards,19,2.0,2.0,1.1055415967851334,0.0,1.0,3.0,4.0
2022-23,2023-05-28,Bournemouth,AWAY,yellow_cards_opponent,19,0.9473684210526315,1.0,1.0787690624311024,0.0,0.0,2.0,3.0
2022-23,2023-05-28,Bournemouth,AWAY,shots_for,19,8.263157894736842,7.0,4.066695426990622,3.0,5.0,10.0,19.0
2022-23,2023-05-28,Bournemouth,AWAY,shots_against,19,17.68421052631579,18.0,4.808009886047187,11.0,14.5,20.0,31.0
2022-23,2023-05-28,Bournemouth,AWAY,shots_on_target_for,19,3.210526315789474,3.0,1.9315781506443852,0.0,2.0,4.0,7.0
2022-23,2023-05-28,Bournemouth,AWAY,shots_on_target_against,19,5.7368421052631575,5.0,2.468515191661171,2.0,4.0,7.0,12.0
2022-23,2023-05-28,Bournemouth,AWAY,goals_for,19,0.8947368421052632,0.0,1.1496249070460263,0.0,0.0,1.5,3.0
2022-23,2023-05-28,Bournemouth,AWAY,goals_against,19,2.263157894736842,2.0,2.02325659555628,0.0,1.0,3.0,9.0
2022-23,2023-05-28,Brentford,ALL,fouls_committed,38,9.31578947368421,10.0,2.800629882412987,5.0,7.25,11.0,18.0
2022-23,2023-05-28,Brentford,ALL,fouls_suffered,38,10.894736842105264,10.0,3.446811873461969,5.0,8.25,13.75,19.0
2022-23,2023-05-28,Brentford,ALL,corners_for,38,4.2894736842105265,3.5,2.312222456529205,0.0,2.25,6.0,8.0
2022-23,2023-05-28,Brentford,ALL,corners_against,38,5.631578947368421,5.0,2.953889352093215,0.0,4.0,7.0,14.0
2022-23,2023-05-28,Brentford,ALL,yellow_cards,38,1.4473684210526316,1.5,1.0318539709446275,0.0,1.0,2.0,4.0
2022-23,2023-05-28,Brentford,ALL,yellow_cards_opponent,38,1.5789473684210527,2.0,1.106041858045908,0.0,1.0,2.0,4.0
2022-23,2023-05-28,Brentford,ALL,shots_for,38,10.447368421052632,10.5,3.881330006241958,5.0,7.25,12.0,24.0
2022-23,2023-05-28,Brentford,ALL,shots_against,38,14.763157894736842,14.0,5.943127807523376,4.0,11.5,17.0,33.0
2022-23,2023-05-28,Brentford,ALL,shots_on_target_for,38,4.2631578947368425,4.0,2.2382933958144986,0.0,3.0,5.0,10.0
2022-23,2023-05-28,Brentford,ALL,shots_on_target_against,38,5.394736842105263,5.0,2.8048170310244642,1.0,4.0,7.0,15.0
2022-23,2023-05-28,Brentford,ALL,goals_for,38,1.5263157894736843,1.5,1.224454475448825,0.0,1.0,2.0,5.0
2022-23,2023-05-28,Brentford,ALL,goals_against,38,1.2105263157894737,1.0,1.2116081503933414,0.0,0.0,2.0,5.0
2022-23,2023-05-28,Brentford,HOME,fouls_committed,19,8.894736842105264,10.0,2.5580968803238875,5.0,6.5,10.5,12.0
2022-23,2023-05-28,Brentford,HOME,fouls_suffered,19,10.631578947368421,9.0,3.5933662075767323,5.0,8.0,14.0,17.0
2022-23,2023-05-28,Brentford,HOME,corners_for,19,4.894736842105263,5.0,2.2826577307580465,2.0,3.0,6.5,8.0
2022-23,2023-05-28,Brentford,HOME,corners_against,19,4.578947368421052,4.0,2.479152845310139,0.0,3.0,5.5,11.0
2022-23,2023-05-28,Brentford,HOME,yellow_cards,19,1.4736842105263157,1.0,1.2635233389495326,0.0,0.5,2.5,4.0
2022-23,2023-05-28,Brentford,HOME,yellow_cards_opponent,19,1.6842105263157894,2.0,1.1572300058975777,0.0,1.0,2.0,4.0
2022-23,2023-05-28,Brentford,HOME,shots_for,19,11.947368421052632,12.0,4.415549345595836,5.0,9.5,14.0,24.0
2022-23,2023-05-28,Brentford,HOME,shots_against,19,12.842105263157896,14.0,4.336705840134843,4.0,10.0,15.5,21.0
2022-23,2023-05-28,Brentford,HOME,shots_on_target_for,19,5.2105263157894735,5.0,2.1233869006435357,2.0,4.0,6.5,10.0
2022-23,2023-05-28,Brentford,HOME,shots_on_target_against,19,4.631578947368421,4.0,1.9496588395520063,1.0,3.5,6.0,8.0
2022-23,2023-05-28,Brentford,HOME,goals_for,19,1.8421052631578947,2.0,1.302269723501448,0.0,1.0,2.5,5.0
2022-23,2023-05-28,Brentford,HOME,goals_against,19,0.9473684210526315,1.0,0.9112679939102143,0.0,0.0,1.5,3.0
2022-23,2023-05-28,Brentford,AWAY,fouls_committed,19,9.736842105263158,10.0,3.0339212848347104,5.0,8.0,11.0,18.0
2022-23,2023-05-28,Brentford,AWAY,fouls_suffered,19,11.157894736842104,11.0,3.370841601056805,5.0,9.0,13.5,19.0
2022-23,2023-05-28,Brentford,AWAY,corners_for,19,3.6842105263157894,3.0,2.23737523746384,0.0,2.0,5.5,8.0
2022-23,2023-05-28,Brentford,AWAY,corners_against,19,6.684210526315789,7.0,3.074132787903089,2.0,5.0,8.0,14.0
2022-23,2023-05-28,Brentford,AWAY,yellow_cards,19,1.4210526315789473,2.0,0.7685331969757722,0.0,1.0,2.0,2.0
2022-23,2023-05-28,Brentford,AWAY,yellow_cards_opponent,19,1.4736842105263157,1.0,1.0733344230135038,0.0,1.0,2.0,4.0
2022-23,2023-05-28,Brentford,AWAY,shots_for,19,8.947368421052632,9.0,2.59216092201353,5.0,6.5,11.0,13.0
2022-23,2023-05-28,Brentford,AWAY,shots_against,19,16.68421052631579,15.0,6.7827610862550936,7.0,13.0,19.5,33.0
2022-23,2023-05-28,Brentford,AWAY,shots_on_target_for,19,3.3157894736842106,3.0,1.9735087641318607,0.0,2.0,4.5,8.0
2022-23,2023-05-28,Brentford,AWAY,shots_on_target_against,19,6.157894736842105,6.0,3.337716416532864,1.0,4.5,7.5,15.0
2022-23,2023-05-28,Brentford,AWAY,goals_for,19,1.2105263157894737,1.0,1.0841764600337107,0.0,0.0,2.0,3.0
2022-23,2023-05-28,Brentford,AWAY,goals_against,19,1.4736842105263157,1.0,1.4286131990551603,0.0,0.5,2.0,5.0
2022-23,2023-05-28,Brighton & Hove Albion,ALL,fouls_committed,38,11.210526315789474,11.0,3.28927737678824,5.0,9.0,14.0,17.0
2022-23,2023-05-28,Brighton & Hove Albion,ALL,fouls_suffered,38,11.210526315789474,11.0,3.214476500919619,6.0,9.0,14.0,20.0
2022-23,2023-05-28,Brighton & Hove Albion,ALL,corners_for,38,6.131578947368421,6.5,3.480999022737807,1.0,3.0,8.0,15.0
2022-23,2023-05-28,Brighton & Hove Albion,ALL,corners_against,38,3.5789473684210527,3.5,2.021928153178176,0.0,2.0,5.0,9.0
2022-23,2023-05-28,Brighton & Hove Albion,ALL,yellow_cards,38,1.5526315789473684,1.0,1.1076483103929509,0.0,1.0,2.0,4.0
2022-23,2023-05-28,Brighton & Hove Albion,ALL,yellow_cards_opponent,38,2.4210526315789473,2.0,1.5180282187201677,0.0,1.0,3.0,7.0
2022-23,2023-05-28,Brighton & Hove Albion,ALL,shots_for,38,16.105263157894736,16.5,6.3279281169432195,6.0,11.25,20.0,33.0
2022-23,2023-05-28,Brighton & Hove Albion,ALL,shots_against,38,10.210526315789474,10.0,4.173001348675259,3.0,7.25,13.0,22.0
2022-23,2023-05-28,Brighton & Hove Albion,ALL,shots_on_target_for,38,6.078947368421052,6.0,2.783946051700117,2.0,4.0,7.75,15.0
2022-23,2023-05-28,Brighton & Hove Albion,ALL,shots_on_target_against,38,3.5,3.0,1.9417183807829266,0.0,2.0,5.0,9.0
2022-23,2023-05-28,Brighton & Hove Albion,ALL,goals_for,38,1.894736842105263,1.5,1.448008393364701,0.0,1.0,3.0,6.0
2022-23,2023-05-28,Brighton & Hove Albion,ALL,goals_against,38,1.394736842105263,1.0,1.3262316801437017,0.0,0.0,2.0,5.0
2022-23,2023-05-28,Brighton & Hove Albion,HOME,fouls_committed,19,10.947368421052632,10.0,3.3907338473244715,6.0,8.0,14.0,16.0
2022-23,2023-05-28,Brighton & Hove Albion,HOME,fouls_suffered,19,11.368421052631579,11.0,3.5933662075767323,6.0,8.5,14.0,20.0
2022-23,2023-05-28,Brighton & Hove Albion,HOME,corners_for,19,7.526315789473684,7.0,3.549153593192351,1.0,5.5,9.5,15.0
2022-23,2023-05-28,Brighton & Hove Albion,HOME,corners_against,19,2.8421052631578947,3.0,1.8637822325921867,0.0,1.0,4.0,7.0
2022-23,2023-05-28,Brighton & Hove Albion,HOME,yellow_cards,19,1.6842105263157894,2.0,1.0568628408301077,0.0,1.0,2.0,4.0
2022-23,2023-05-28,Brighton & Hove Albion,HOME,yellow_cards_opponent,19,2.789473684210526,3.0,1.7505220608093224,1.0,1.0,3.5,7.0
2022-23,2023-05-28,Brighton & Hove Albion,HOME,shots_for,19,18.473684210526315,20.0,6.28373934190137,7.0,13.5,22.0,33.0
2022-23,2023-05-28,Brighton & Hove Albion,HOME,shots_against,19,8.736842105263158,8.0,4.039280811442083,3.0,5.5,11.5,16.0
2022-23,2023-05-28,Brighton & Hove Albion,HOME,shots_on_target_for,19,7.052631578947368,7.0,2.895853054331435,2.0,5.0,8.5,15.0
2022-23,2023-05-28,Brighton & Hove Albion,HOME,shots_on_target_against,19,3.1052631578947367,2.0,1.9690589078176761,0.0,2.0,4.5,7.0
2022-23,2023-05-28,Brighton & Hove Albion,HOME,goals_for,19,1.9473684210526316,1.0,1.8096557134354563,0.0,1.0,3.0,6.0
2022-23,2023-05-28,Brighton & Hove Albion,HOME,goals_against,19,1.105263157894737,1.0,1.4867838833500564,0.0,0.0,1.5,5.0
2022-23,2023-05-28,Brighton & Hove Albion,AWAY,fouls_committed,19,11.473684210526315,11.0,3.2552252192544486,5.0,9.5,14.0,17.0
2022-23,2023-05-28,Brighton & Hove Albion,AWAY,fouls_suffered,19,11.052631578947368,11.0,2.8766045611396764,7.0,9.0,12.5,17.0
2022-23,2023-05-28,Brighton & Hove Albion,AWAY,corners_for,19,4.7368421052631575,4.0,2.86438097371371,1.0,2.0,7.0,11.0
2022-23,2023-05-28,Brighton & Hove Albion,AWAY,corners_against,19,4.315789473684211,4.0,1.9451544234312483,1.0,3.0,5.0,9.0
2022-23,2023-05-28,Brighton & Hove Albion,AWAY,yellow_cards,19,1.4210526315789473,1.0,1.1697953037312037,0.0,1.0,2.0,4.0
2022-23,2023-05-28,Brighton & Hove Albion,AWAY,yellow_cards_opponent,19,2.0526315789473686,2.0,1.177270110161938,0.0,1.0,3.0,4.0
2022-23,2023-05-28,Brighton & Hove Albion,AWAY,shots_for,19,13.736842105263158,14.0,5.566188654757479,6.0,8.0,17.0,26.0
2022-23,2023-05-28,Brighton & Hove Albion,AWAY,shots_against,19,11.68421052631579,12.0,3.85937000585656,6.0,9.0,14.0,22.0
2022-23,2023-05-28,Brighton & Hove Albion,AWAY,shots_on_target_for,19,5.105263157894737,4.0,2.354540220323876,2.0,4.0,7.0,10.0
2022-23,2023-05-28,Brighton & Hove Albion,AWAY,shots_on_target_against,19,3.8947368421052633,4.0,1.8825141829805179,1.0,3.0,5.0,9.0
2022-23,2023-05-28,Brighton & Hove Albion,AWAY,goals_for,19,1.8421052631578947,2.0,1.0145145470035761,0.0,1.0,2.5,4.0
2022-23,2023-05-28,Brighton & Hove Albion,AWAY,goals_against,19,1.6842105263157894,2.0,1.1081832770072813,0.0,1.0,2.0,4.0
2022-23,2023-05-28,Chelsea,ALL,fouls_committed,38,10.447368421052632,10.0,3.2937070909748454,5.0,8.25,11.0,20.0
2022-23,2023-05-28,Chelsea,ALL,fouls_suffered,38,12.289473684210526,12.0,3.5021838340379663,7.0,10.0,14.75,24.0
2022-23,2023-05-28,Chelsea,ALL,corners_for,38,5.5,5.0,3.3591343801318496,1.0,3.0,7.0,16.0
2022-23,2023-05-28,Chelsea,ALL,corners_against,38,4.7894736842105265,5.0,2.303439199965437,1.0,3.0,6.75,11.0
2022-23,2023-05-28,Chelsea,ALL,yellow_cards,38,2.026315789473684,2.0,1.1965455256191004,0.0,1.0,3.0,5.0
2022-23,2023-05-28,Chelsea,ALL,yellow_cards_opponent,38,1.736842105263158,2.0,1.5885436220829168,0.0,0.0,2.75,6.0
2022-23,2023-05-28,Chelsea,ALL,shots_for,38,12.736842105263158,13.0,4.891715061679872,5.0,8.5,15.0,27.0
2022-23,2023-05-28,Chelsea,ALL,shots_against,38,11.526315789473685,10.0,4.372746320571122,5.0,8.0,13.75,26.0
2022-23,2023-05-28,Chelsea,ALL,shots_on_target_for,38,4.157894736842105,4.0,2.0470983523748623,1.0,3.0,5.0,10.0
2022-23,2023-05-28,Chelsea,ALL,shots_on_target_against,38,4.421052631578948,4.0,2.3322831749094837,1.0,3.0,5.0,10.0
2022-23,2023-05-28,Chelsea,ALL,goals_for,38,1.0,1.0,0.9586025865388216,0.0,0.0,2.0,3.0
2022-23,2023-05-28,Chelsea,ALL,goals_against,38,1.236842105263158,1.0,1.0763856067392614,0.0,0.25,2.0,4.0
2022-23,2023-05-28,Chelsea,HOME,fouls_committed,19,10.31578947368421,9.0,3.888053377247731,5.0,8.0,12.0,20.0
2022-23,2023-05-28,Chelsea,HOME,fouls_suffered,19,12.210526315789474,11.0,4.184348447467606,7.0,9.5,14.0,24.0
2022-23,2023-05-28,Chelsea,HOME,corners_for,19,6.157894736842105,6.0,3.2190950746157228,2.0,3.5,8.0,13.0
2022-23,2023-05-28,Chelsea,HOME,corners_against,19,4.526315789473684,4.0,2.695024655682549,2.0,2.0,6.5,11.0
2022-23,2023-05-28,Chelsea,HOME,yellow_cards,19,2.0,2.0,1.2909944487358056,0.0,1.0,3.0,5.0
2022-23,2023-05-28,Chelsea,HOME,yellow_cards_opponent,19,2.0526315789473686,2.0,1.8700470644857612,0.0,0.0,3.5,6.0
2022-23,2023-05-28,Chelsea,HOME,shots_for,19,13.68421052631579,14.0,5.916574004710529,5.0,8.0,16.5,27.0
2022-23,2023-05-28,Chelsea,HOME,shots_against,19,11.0,10.0,4.702245326555294,5.0,8.0,12.5,26.0
2022-23,2023-05-28,Chelsea,HOME,shots_on_target_for,19,4.052631578947368,3.0,1.9571431620413327,1.0,3.0,5.0,8.0
2022-23,2023-05-28,Chelsea,HOME,shots_on_target_against,19,3.789473684210526,4.0,2.0433889978394295,1.0,2.0,5.0,10.0
2022-23,2023-05-28,Chelsea,HOME,goals_for,19,1.0526315789473684,1.0,0.9703197760719182,0.0,0.0,2.0,3.0
2022-23,2023-05-28,Chelsea,HOME,goals_against,19,1.0,1.0,0.816496580927726,0.0,0.0,2.0,2.0
2022-23,2023-05-28,Chelsea,AWAY,fouls_committed,19,10.578947368421053,11.0,2.673237518517454,6.0,9.5,11.0,16.0
2022-23,2023-05-28,Chelsea,AWAY,fouls_suffered,19,12.368421052631579,12.0,2.773095468881691,7.0,10.0,14.5,16.0
2022-23,2023-05-28,Chelsea,AWAY,corners_for,19,4.842105263157895,4.0,3.4522642794216614,1.0,2.0,6.5,16.0
2022-23,2023-05-28,Chelsea,AWAY,corners_against,19,5.052631578947368,5.0,1.8700470644857612,1.0,4.0,6.5,8.0
2022-23,2023-05-28,Chelsea,AWAY,yellow_cards,19,2.0526315789473686,2.0,1.1290942392774796,0.0,1.0,3.0,5.0
2022-23,2023-05-28,Chelsea,AWAY,yellow_cards_opponent,19,1.4210526315789473,1.0,1.2163602113447687,0.0,0.5,2.0,4.0
2022-23,2023-05-28,Chelsea,AWAY,shots_for,19,11.789473684210526,12.0,3.505217497902568,5.0,10.0,14.0,20.0
2022-23,2023-05-28,Chelsea,AWAY,shots_against,19,12.052631578947368,10.0,4.075314360206207,7.0,8.5,15.5,19.0
2022-23,2023-05-28,Chelsea,AWAY,shots_on_target_for,19,4.2631578947368425,4.0,2.1817960303677917,1.0,2.5,5.5,10.0
2022-23,2023-05-28,Chelsea,AWAY,shots_on_target_against,19,5.052631578947368,4.0,2.4826886011053584,2.0,3.0,7.0,10.0
2022-23,2023-05-28,Chelsea,AWAY,goals_for,19,0.9473684210526315,1.0,0.9703197760719182,0.0,0.0,1.0,3.0
2022-23,2023-05-28,Chelsea,AWAY,goals_against,19,1.4736842105263157,1.0,1.2635233389495326,0.0,1.0,2.0,4.0
2022-23,2023-05-28,Crystal Palace,ALL,fouls_committed,38,11.736842105263158,12.0,3.0903879798962683,5.0,9.25,13.0,20.0
2022-23,2023-05-28,Crystal Palace,ALL,fouls_suffered,38,12.81578947368421,13.0,3.7837151995409957,6.0,10.0,15.0,23.0
2022-23,2023-05-28,Crystal Palace,ALL,corners_for,38,4.894736842105263,4.0,2.669036405574426,1.0,3.25,5.75,11.0
2022-23,2023-05-28,Crystal Palace,ALL,corners_against,38,4.684210526315789,4.0,3.288844890115305,1.0,2.0,6.0,15.0
2022-23,2023-05-28,Crystal Palace,ALL,yellow_cards,38,2.0526315789473686,2.0,1.4322042814629075,0.0,1.0,3.0,5.0
2022-23,2023-05-28,Crystal Palace,ALL,yellow_cards_opponent,38,2.1315789473684212,2.0,1.1664465009355587,0.0,1.0,3.0,5.0
2022-23,2023-05-28,Crystal Palace,ALL,shots_for,38,11.18421052631579,10.0,5.550043891513296,2.0,7.25,14.75,31.0
2022-23,2023-05-28,Crystal Palace,ALL,shots_against,38,12.0,11.0,4.809899701151276,3.0,9.0,14.0,24.0
2022-23,2023-05-28,Crystal Palace,ALL,shots_on_target_for,38,3.5789473684210527,3.5,2.5322949632574074,0.0,2.0,5.0,9.0
2022-23,2023-05-28,Crystal Palace,ALL,shots_on_target_against,38,4.2631578947368425,4.0,1.9684568043550421,0.0,3.0,5.0,11.0
2022-23,2023-05-28,Crystal Palace,ALL,goals_for,38,1.0526315789473684,1.0,1.2069028582475427,0.0,0.0,2.0,5.0
2022-23,2023-05-28,Crystal Palace,ALL,goals_against,38,1.2894736842105263,1.0,1.1603330075792688,0.0,1.0,2.0,4.0
2022-23,2023-05-28,Crystal Palace,HOME,fouls_committed,19,11.473684210526315,11.0,2.5683635311361543,5.0,10.5,13.0,16.0
2022-23,2023-05-28,Crystal Palace,HOME,fouls_suffered,19,13.31578947368421,13.0,3.916526686561667,7.0,11.0,15.5,23.0
2022-23,2023-05-28,Crystal Palace,HOME,corners_for,19,5.2631578947368425,5.0,3.0521778247153644,1.0,3.0,8.0,11.0
2022-23,2023-05-28,Crystal Palace,HOME,corners_against,19,4.368421052631579,4.0,3.18347340557081,1.0,2.5,5.5,15.0
2022-23,2023-05-28,Crystal Palace,HOME,yellow_cards,19,1.736842105263158,1.0,1.2841817655680772,0.0,1.0,3.0,4.0
2022-23,2023-05-28,Crystal Palace,HOME,yellow_cards_opponent,19,2.1052631578947367,2.0,1.1496249070460263,0.0,1.5,2.5,5.0
2022-23,2023-05-28,Crystal Palace,HOME,shots_for,19,12.263157894736842,12.0,6.522117117616522,4.0,6.5,16.0,31.0
2022-23,2023-05-28,Crystal Palace,HOME,shots_against,19,11.736842105263158,12.0,4.592773372534507,3.0,9.5,14.0,23.0
2022-23,2023-05-28,Crystal Palace,HOME,shots_on_target_for,19,3.526315789473684,4.0,2.674331090875947,0.0,1.5,5.0,9.0
2022-23,2023-05-28,Crystal Palace,HOME,shots_on_target_against,19,4.368421052631579,4.0,2.314460011795155,0.0,3.5,5.0,11.0
2022-23,2023-05-28,Crystal Palace,HOME,goals_for,19,1.105263157894737,1.0,1.1496249070460263,0.0,0.0,2.0,4.0
2022-23,2023-05-28,Crystal Palace,HOME,goals_against,19,1.2105263157894737,1.0,1.134261745631201,0.0,0.5,1.5,4.0
2022-23,2023-05-28,Crystal Palace,AWAY,fouls_committed,19,12.0,12.0,3.5901098714230026,7.0,8.5,14.0,20.0
2022-23,2023-05-28,Crystal Palace,AWAY,fouls_suffered,19,12.31578947368421,13.0,3.6825810933056085,6.0,10.0,14.5,19.0
2022-23,2023-05-28,Crystal Palace,AWAY,corners_for,19,4.526315789473684,4.0,2.2452028132252595,1.0,4.0,5.0,11.0
2022-23,2023-05-28,Crystal Palace,AWAY,corners_against,19,5.0,5.0,3.4480268109295333,1.0,2.0,6.5,13.0
2022-23,2023-05-28,Crystal Palace,AWAY,yellow_cards,19,2.3684210526315788,2.0,1.5351629054269225,0.0,1.0,4.0,5.0
2022-23,2023-05-28,Crystal Palace,AWAY,yellow_cards_opponent,19,2.1578947368421053,2.0,1.213953957333768,0.0,1.0,3.0,5.0
2022-23,2023-05-28,Crystal Palace,AWAY,shots_for,19,10.105263157894736,10.0,4.280378187368563,2.0,8.0,12.5,19.0
2022-23,2023-05-28,Crystal Palace,AWAY,shots_against,19,12.263157894736842,11.0,5.12989176042577,5.0,9.0,14.5,24.0
2022-23,2023-05-28,Crystal Palace,AWAY,shots_on_target_for,19,3.6315789473684212,3.0,2.4542599318054106,0.0,2.0,5.0,9.0
2022-23,2023-05-28,Crystal Palace,AWAY,shots_on_target_against,19,4.157894736842105,5.0,1.6077298658784152,1.0,3.0,5.0,7.0
2022-23,2023-05-28,Crystal Palace,AWAY,goals_for,19,1.0,1.0,1.2909944487358056,0.0,0.0,2.0,5.0
2022-23,2023-05-28,Crystal Palace,AWAY,goals_against,19,1.368421052631579,1.0,1.2115429242540032,0.0,1.0,2.0,4.0
2022-23,2023-05-28,Everton,ALL,fouls_committed,38,10.421052631578947,10.0,2.9190111149235016,6.0,8.0,12.0,17.0
2022-23,2023-05-28,Everton,ALL,fouls_suffered,38,10.552631578947368,10.5,3.717725026694545,4.0,8.25,12.0,22.0
2022-23,2023-05-28,Everton,ALL,corners_for,38,4.605263157894737,5.0,2.4664174005510726,1.0,3.0,6.0,9.0
2022-23,2023-05-28,Everton,ALL,corners_against,38,6.2894736842105265,5.0,4.073035223481525,1.0,3.0,8.0,16.0
2022-23,2023-05-28,Everton,ALL,yellow_cards,38,2.0789473684210527,2.0,1.3829380972909937,0.0,1.0,3.0,5.0
2022-23,2023-05-28,Everton,ALL,yellow_cards_opponent,38,2.0,2.0,1.3949716649258315,0.0,1.0,3.0,6.0
2022-23,2023-05-28,Everton,ALL,shots_for,38,11.289473684210526,12.0,4.608499167882083,1.0,8.25,14.75,23.0
2022-23,2023-05-28,Everton,ALL,shots_against,38,15.131578947368421,15.0,5.3432000363765155,7.0,12.0,19.0,29.0
2022-23,2023-05-28,Everton,ALL,shots_on_target_for,38,4.0,4.0,2.1053342804486967,0.0,2.25,5.75,8.0
2022-23,2023-05-28,Everton,ALL,shots_on_target_against,38,5.078947368421052,5.0,2.2225086744410834,0.0,4.0,6.0,11.0
2022-23,2023-05-28,Everton,ALL,goals_for,38,0.8947368421052632,1.0,1.0077932457471335,0.0,0.0,1.0,5.0
2022-23,2023-05-28,Everton,ALL,goals_against,38,1.5,1.5,1.179784680309035,0.0,1.0,2.0,4.0
2022-23,2023-05-28,Everton,HOME,fouls_committed,19,9.789473684210526,9.0,2.6993609813439807,6.0,8.0,11.5,16.0
2022-23,2023-05-28,Everton,HOME,fouls_suffered,19,10.789473684210526,11.0,4.613734897846032,4.0,7.0,12.5,22.0
2022-23,2023-05-28,Everton,HOME,corners_for,19,5.315789473684211,5.0,1.9163806041293157,2.0,4.0,6.5,9.0
2022-23,2023-05-28,Everton,HOME,corners_against,19,5.894736842105263,4.0,4.483237134557837,1.0,3.0,8.0,16.0
2022-23,2023-05-28,Everton,HOME,yellow_cards,19,1.9473684210526316,2.0,1.177270110161938,0.0,1.0,3.0,4.0
2022-23,2023-05-28,Everton,HOME,yellow_cards_opponent,19,1.9473684210526316,2.0,1.4709665835968129,0.0,1.0,3.0,6.0
2022-23,2023-05-28,Everton,HOME,shots_for,19,12.210526315789474,12.0,3.0836296680737396,7.0,10.5,14.5,19.0
2022-23,2023-05-28,Everton,HOME,shots_against,19,13.263157894736842,13.0,5.086388210630385,7.0,9.0,15.0,23.0
2022-23,2023-05-28,Everton,HOME,shots_on_target_for,19,4.684210526315789,5.0,1.7654911680117478,2.0,3.5,6.0,8.0
2022-23,2023-05-28,Everton,HOME,shots_on_target_against,19,4.684210526315789,4.0,2.358262815882049,0.0,3.5,6.5,8.0
2022-23,2023-05-28,Everton,HOME,goals_for,19,0.8421052631578947,1.0,0.6882472016116853,0.0,0.5,1.0,3.0
2022-23,2023-05-28,Everton,HOME,goals_against,19,1.4210526315789473,1.0,1.3870748387117167,0.0,0.0,2.0,4.0
2022-23,2023-05-28,Everton,AWAY,fouls_committed,19,11.052631578947368,12.0,3.063652217906057,6.0,8.5,13.0,17.0
2022-23,2023-05-28,Everton,AWAY,fouls_suffered,19,10.31578947368421,10.0,2.646856239620198,5.0,9.0,11.5,18.0
2022-23,2023-05-28,Everton,AWAY,corners_for,19,3.8947368421052633,3.0,2.786769073917864,1.0,1.5,5.5,9.0
2022-23,2023-05-28,Everton,AWAY,corners_against,19,6.684210526315789,7.0,3.6976363558201664,1.0,3.5,8.0,15.0
2022-23,2023-05-28,Everton,AWAY,yellow_cards,19,2.210526315789474,2.0,1.5839103288458476,0.0,1.0,3.5,5.0
2022-23,2023-05-28,Everton,AWAY,yellow_cards_opponent,19,2.0526315789473686,2.0,1.3529262199858298,0.0,1.0,3.0,5.0
2022-23,2023-05-28,Everton,AWAY,shots_for,19,10.368421052631579,10.0,5.6882972097279545,1.0,6.5,14.5,23.0
2022-23,2023-05-28,Everton,AWAY,shots_against,19,17.0,16.0,5.044248650140519,10.0,13.5,20.5,29.0
2022-23,2023-05-28,Everton,AWAY,shots_on_target_for,19,3.3157894736842106,3.0,2.2373752374638403,0.0,1.5,5.0,8.0
2022-23,2023-05-28,Everton,AWAY,shots_on_target_against,19,5.473684210526316,5.0,2.064741604835056,2.0,4.0,6.0,11.0
2022-23,2023-05-28,Everton,AWAY,goals_for,19,0.9473684210526315,1.0,1.2681431837544703,0.0,0.0,1.5,5.0
2022-23,2023-05-28,Everton,AWAY,goals_against,19,1.5789473684210527,2.0,0.9612370197756298,0.0,1.0,2.0,4.0
2022-23,2023-05-28,Fulham,ALL,fouls_committed,38,10.81578947368421,10.0,2.7885408676756045,6.0,9.0,12.75,18.0
2022-23,2023-05-28,Fulham,ALL,fouls_suffered,38,11.026315789473685,11.0,3.088661409573279,6.0,9.0,12.0,17.0
2022-23,2023-05-28,Fulham,ALL,corners_for,38,4.868421052631579,4.0,3.0506627780681947,0.0,3.0,6.75,13.0
2022-23,2023-05-28,Fulham,ALL,corners_against,38,5.368421052631579,5.0,2.53004703120028,1.0,4.0,7.0,10.0
2022-23,2023-05-28,Fulham,ALL,yellow_cards,38,2.1052631578947367,2.0,1.5903335309572817,0.0,1.0,3.0,6.0
2022-23,2023-05-28,Fulham,ALL,yellow_cards_opponent,38,1.4473684210526316,1.0,1.1554189229991287,0.0,1.0,2.0,4.0
2022-23,2023-05-28,Fulham,ALL,shots_for,38,11.289473684210526,10.0,5.392226109707167,1.0,9.0,14.75,24.0
2022-23,2023-05-28,Fulham,ALL,shots_against,38,13.289473684210526,12.5,4.798129673545061,4.0,10.0,15.75,23.0
2022-23,2023-05-28,Fulham,ALL,shots_on_target_for,38,3.9210526315789473,3.0,2.4536963726278245,0.0,2.0,5.0,11.0
2022-23,2023-05-28,Fulham,ALL,shots_on_target_against,38,5.2631578947368425,5.0,2.7771676269986845,0.0,3.0,7.0,10.0
2022-23,2023-05-28,Fulham,ALL,goals_for,38,1.4473684210526316,1.0,1.1785783561895748,0.0,1.0,2.0,5.0
2022-23,2023-05-28,Fulham,ALL,goals_against,38,1.394736842105263,1.0,1.0536801320932916,0.0,1.0,2.0,4.0
2022-23,2023-05-28,Fulham,HOME,fouls_committed,19,10.157894736842104,10.0,1.740471133366443,7.0,9.0,11.5,13.0
2022-23,2023-05-28,Fulham,HOME,fouls_suffered,19,11.421052631578947,11.0,2.7144835701531846,7.0,10.0,12.5,17.0
2022-23,2023-05-28,Fulham,HOME,corners_for,19,5.578947368421052,5.0,3.2882921854780522,1.0,3.5,7.5,13.0
2022-23,2023-05-28,Fulham,HOME,corners_against,19,5.157894736842105,4.0,1.863782232592187,3.0,4.0,7.0,8.0
2022-23,2023-05-28,Fulham,HOME,yellow_cards,19,1.4210526315789473,1.0,1.1697953037312037,0.0,0.5,2.0,4.0
2022-23,2023-05-28,Fulham,HOME,yellow_cards_opponent,19,1.4210526315789473,1.0,1.261207070569223,0.0,0.5,2.5,4.0
2022-23,2023-05-28,Fulham,HOME,shots_for,19,12.578947368421053,12.0,5.367761684079876,3.0,9.5,16.5,24.0
2022-23,2023-05-28,Fulham,HOME,shots_against,19,11.947368421052632,11.0,3.7189258337220368,7.0,9.5,13.5,20.0
2022-23,2023-05-28,Fulham,HOME,shots_on_target_for,19,4.2631578947368425,4.0,2.305599590927317,1.0,3.0,5.5,9.0
2022-23,2023-05-28,Fulham,HOME,shots_on_target_against,19,5.473684210526316,5.0,2.8356543640780023,1.0,3.5,8.0,10.0
2022-23,2023-05-28,Fulham,HOME,goals_for,19,1.631578947368421,2.0,1.2565617248750864,0.0,1.0,2.0,5.0
2022-23,2023-05-28,Fulham,HOME,goals_against,19,1.5263157894736843,1.0,1.0733344230135038,0.0,1.0,2.0,4.0
2022-23,2023-05-28,Fulham,AWAY,fouls_committed,19,11.473684210526315,12.0,3.470005140127982,6.0,9.0,14.0,18.0
2022-23,2023-05-28,Fulham,AWAY,fouls_suffered,19,10.631578947368421,11.0,3.4514172019265343,6.0,8.0,12.0,17.0
2022-23,2023-05-28,Fulham,AWAY,corners_for,19,4.157894736842105,3.0,2.692853874294722,0.0,2.0,5.5,10.0
2022-23,2023-05-28,Fulham,AWAY,corners_against,19,5.578947368421052,5.0,3.096876373840874,1.0,3.5,8.5,10.0
2022-23,2023-05-28,Fulham,AWAY,yellow_cards,19,2.789473684210526,3.0,1.6858544608470492,0.0,2.0,4.0,6.0
2022-23,2023-05-28,Fulham,AWAY,yellow_cards_opponent,19,1.4736842105263157,1.0,1.0733344230135038,0.0,1.0,2.0,3.0
2022-23,2023-05-28,Fulham,AWAY,shots_for,19,10.0,9.0,5.23874454850057,1.0,8.5,11.0,23.0
2022-23,2023-05-28,Fulham,AWAY,shots_against,19,14.631578947368421,15.0,5.448858456551442,4.0,12.0,18.5,23.0
2022-23,2023-05-28,Fulham,AWAY,shots_on_target_for,19,3.5789473684210527,3.0,2.6101466428298665,0.0,2.0,4.5,11.0
2022-23,2023-05-28,Fulham,AWAY,shots_on_target_against,19,5.052631578947368,5.0,2.7783625115549695,0.0,3.0,7.0,10.0
2022-23,2023-05-28,Fulham,AWAY,goals_for,19,1.263157894736842,1.0,1.097578408394179,0.0,0.5,2.0,3.0
2022-23,2023-05-28,Fulham,AWAY,goals_against,19,1.263157894736842,1.0,1.0457376590053493,0.0,0.0,2.0,3.0
2022-23,2023-05-28,Leeds,ALL,fouls_committed,38,12.0,11.0,4.27437366993929,3.0,10.0,14.0,23.0
2022-23,2023-05-28,Leeds,ALL,fouls_suffered,38,11.078947368421053,11.0,3.3961948416662517,3.0,9.0,13.0,18.0
2022-23,2023-05-28,Leeds,ALL,corners_for,38,5.2894736842105265,4.5,3.1357390157607883,1.0,3.0,6.75,13.0
2022-23,2023-05-28,Leeds,ALL,corners_against,38,4.7894736842105265,4.5,3.0327749734903353,0.0,2.25,6.0,14.0
2022-23,2023-05-28,Leeds,ALL,yellow_cards,38,2.210526315789474,2.0,1.3184326226128673,0.0,1.0,3.0,5.0
2022-23,2023-05-28,Leeds,ALL,yellow_cards_opponent,38,1.6842105263157894,2.0,1.1175567742490695,0.0,1.0,2.0,4.0
2022-23,2023-05-28,Leeds,ALL,shots_for,38,12.236842105263158,12.0,3.5445749223003955,4.0,10.0,14.0,21.0
2022-23,2023-05-28,Leeds,ALL,shots_against,38,13.868421052631579,13.5,4.866715706086512,5.0,11.0,15.75,26.0
2022-23,2023-05-28,Leeds,ALL,shots_on_target_for,38,3.8157894736842106,4.0,1.7684206292758418,0.0,2.0,5.0,7.0
2022-23,2023-05-28,Leeds,ALL,shots_on_target_against,38,5.078947368421052,5.0,2.518918461040624,0.0,3.0,7.0,10.0
2022-23,2023-05-28,Leeds,ALL,goals_for,38,1.263157894736842,1.0,1.0826446729693733,0.0,0.25,2.0,4.0
2022-23,2023-05-28,Leeds,ALL,goals_against,38,2.0526315789473686,2.0,1.5057972373652766,0.0,1.0,3.0,6.0
2022-23,2023-05-28,Leeds,HOME,fouls_committed,19,12.31578947368421,11.0,3.8159407108564896,6.0,10.0,14.5,23.0
2022-23,2023-05-28,Leeds,HOME,fouls_suffered,19,11.894736842105264,12.0,3.446330364671405,5.0,9.0,14.0,18.0
2022-23,2023-05-28,Leeds,HOME,corners_for,19,5.842105263157895,4.0,3.6706517419289884,2.0,3.0,8.5,13.0
2022-23,2023-05-28,Leeds,HOME,corners_against,19,4.157894736842105,4.0,2.061907366567202,1.0,3.0,6.0,9.0
2022-23,2023-05-28,Leeds,HOME,yellow_cards,19,2.0,2.0,1.2018504251546631,0.0,1.0,3.0,4.0
2022-23,2023-05-28,Leeds,HOME,yellow_cards_opponent,19,1.736842105263158,2.0,1.1470786693528088,0.0,1.0,2.0,4.0
2022-23,2023-05-28,Leeds,HOME,shots_for,19,13.421052631578947,13.0,3.4531111491214896,9.0,11.5,15.0,21.0
2022-23,2023-05-28,Leeds,HOME,shots_against,19,13.157894736842104,13.0,4.752346296476871,6.0,10.0,15.0,26.0
2022-23,2023-05-28,Leeds,HOME,shots_on_target_for,19,4.2105263157894735,4.0,1.6858544608470492,1.0,3.5,5.5,7.0
2022-23,2023-05-28,Leeds,HOME,shots_on_target_against,19,4.421052631578948,5.0,2.5672248196941774,0.0,2.0,6.5,9.0
2022-23,2023-05-28,Leeds,HOME,goals_for,19,1.368421052631579,1.0,1.0651304727481081,0.0,1.0,2.0,4.0
2022-23,2023-05-28,Leeds,HOME,goals_against,19,1.9473684210526316,2.0,1.7150861400630166,0.0,1.0,3.0,6.0
2022-23,2023-05-28,Leeds,AWAY,fouls_committed,19,11.68421052631579,11.0,4.773219639927976,3.0,8.5,14.0,23.0
2022-23,2023-05-28,Leeds,AWAY,fouls_suffered,19,10.263157894736842,10.0,3.2290711644055357,3.0,8.0,12.5,15.0
2022-23,2023-05-28,Leeds,AWAY,corners_for,19,4.7368421052631575,5.0,2.468515191661171,1.0,3.0,6.0,11.0
2022-23,2023-05-28,Leeds,AWAY,corners_against,19,5.421052631578948,5.0,3.716566358492207,0.0,2.0,8.5,14.0
2022-23,2023-05-28,Leeds,AWAY,yellow_cards,19,2.4210526315789473,3.0,1.4265650070355174,0.0,1.5,3.0,5.0
2022-23,2023-05-28,Leeds,AWAY,yellow_cards_opponent,19,1.631578947368421,2.0,1.1160708020048367,0.0,1.0,2.0,4.0
2022-23,2023-05-28,Leeds,AWAY,shots_for,19,11.052631578947368,11.0,3.3077969205857025,4.0,9.0,13.5,17.0
2022-23,2023-05-28,Leeds,AWAY,shots_against,19,14.578947368421053,14.0,5.003507541644986,5.0,12.5,17.0,24.0
2022-23,2023-05-28,Leeds,AWAY,shots_on_target_for,19,3.4210526315789473,4.0,1.804801911989365,0.0,2.0,5.0,6.0
2022-23,2023-05-28,Leeds,AWAY,shots_on_target_against,19,5.7368421052631575,6.0,2.353298046552207,1.0,4.5,7.5,10.0
2022-23,2023-05-28,Leeds,AWAY,goals_for,19,1.1578947368421053,1.0,1.11868761873192,0.0,0.0,2.0,4.0
2022-23,2023-05-28,Leeds,AWAY,goals_against,19,2.1578947368421053,2.0,1.302269723501448,0.0,1.0,2.5,5.0
2022-23,2023-05-28,Leicester,ALL,fouls_committed,38,10.81578947368421,10.0,3.4940510304128996,5.0,8.25,13.75,18.0
2022-23,2023-05-28,Leicester,ALL,fouls_suffered,38,10.789473684210526,10.0,2.810769777575532,5.0,9.0,12.75,17.0
2022-23,2023-05-28,Leicester,ALL,corners_for,38,3.5526315789473686,3.0,2.435074430529601,0.0,2.0,5.0,11.0
2022-23,2023-05-28,Leicester,ALL,corners_against,38,6.2105263157894735,6.0,2.611387688844941,2.0,4.25,8.0,12.0
2022-23,2023-05-28,Leicester,ALL,yellow_cards,38,1.5263157894736843,2.0,1.1794832149456596,0.0,1.0,2.0,5.0
2022-23,2023-05-28,Leicester,ALL,yellow_cards_opponent,38,1.5789473684210527,1.0,1.4450582883103746,0.0,1.0,2.75,6.0
2022-23,2023-05-28,Leicester,ALL,shots_for,38,10.973684210526315,10.0,5.349851435700647,1.0,6.25,15.0,22.0
2022-23,2023-05-28,Leicester,ALL,shots_against,38,15.052631578947368,14.5,5.511400314635566,7.0,11.0,18.75,31.0
2022-23,2023-05-28,Leicester,ALL,shots_on_target_for,38,4.0,4.0,2.404949850575638,0.0,2.0,5.75,9.0
2022-23,2023-05-28,Leicester,ALL,shots_on_target_against,38,4.684210526315789,4.0,2.4395974763006887,1.0,3.0,5.75,11.0
2022-23,2023-05-28,Leicester,ALL,goals_for,38,1.3421052631578947,1.0,1.2579759759978593,0.0,0.0,2.0,4.0
2022-23,2023-05-28,Leicester,ALL,goals_against,38,1.7894736842105263,2.0,1.4733285488316161,0.0,1.0,2.0,6.0
2022-23,2023-05-28,Leicester,HOME,fouls_committed,19,11.0,10.0,3.5118845842842465,5.0,9.0,13.5,18.0
2022-23,2023-05-28,Leicester,HOME,fouls_suffered,19,11.473684210526315,11.0,3.1862276729112953,5.0,9.5,13.5,17.0
2022-23,2023-05-28,Leicester,HOME,corners_for,19,3.526315789473684,3.0,2.3182469682602744,0.0,2.0,5.0,9.0
2022-23,2023-05-28,Leicester,HOME,corners_against,19,5.894736842105263,6.0,2.1831357885722613,2.0,5.0,7.5,10.0
2022-23,2023-05-28,Leicester,HOME,yellow_cards,19,1.4210526315789473,1.0,1.3870748387117167,0.0,0.0,2.0,5.0
2022-23,2023-05-28,Leicester,HOME,yellow_cards_opponent,19,1.7894736842105263,1.0,1.5839103288458476,0.0,1.0,3.0,6.0
2022-23,2023-05-28,Leicester,HOME,shots_for,19,11.105263157894736,13.0,4.689168806256313,1.0,8.5,15.0,17.0
2022-23,2023-05-28,Leicester,HOME,shots_against,19,13.0,12.0,3.958114029012639,8.0,10.0,15.5,23.0
2022-23,2023-05-28,Leicester,HOME,shots_on_target_for,19,4.2105263157894735,4.0,2.3470773165416943,0.0,2.0,6.0,8.0
2022-23,2023-05-28,Leicester,HOME,shots_on_target_against,19,3.8421052631578947,3.0,1.8637822325921867,1.0,2.5,5.0,8.0
2022-23,2023-05-28,Leicester,HOME,goals_for,19,1.2105263157894737,1.0,1.3156725094212403,0.0,0.0,2.0,4.0
2022-23,2023-05-28,Leicester,HOME,goals_against,19,1.4210526315789473,1.0,0.9612370197756297,0.0,1.0,2.0,3.0
2022-23,2023-05-28,Leicester,AWAY,fouls_committed,19,10.631578947368421,10.0,3.562310834210311,5.0,8.0,14.0,16.0
2022-23,2023-05-28,Leicester,AWAY,fouls_suffered,19,10.105263157894736,10.0,2.2581884785549593,6.0,9.0,11.5,15.0
2022-23,2023-05-28,Leicester,AWAY,corners_for,19,3.5789473684210527,3.0,2.6101466428298665,1.0,2.0,5.0,11.0
2022-23,2023-05-28,Leicester,AWAY,corners_against,19,6.526315789473684,6.0,3.0068148716731167,2.0,3.5,8.5,12.0
2022-23,2023-05-28,Leicester,AWAY,yellow_cards,19,1.631578947368421,2.0,0.9551338658818385,0.0,1.0,2.0,4.0
2022-23,2023-05-28,Leicester,AWAY,yellow_cards_opponent,19,1.368421052631579,1.0,1.3000224919331833,0.0,0.5,2.0,4.0
2022-23,2023-05-28,Leicester,AWAY,shots_for,19,10.842105263157896,9.0,6.066878731593343,1.0,6.0,16.0,22.0
2022-23,2023-05-28,Leicester,AWAY,shots_against,19,17.105263157894736,17.0,6.154444977612209,7.0,12.0,21.0,31.0
2022-23,2023-05-28,Leicester,AWAY,shots_on_target_for,19,3.789473684210526,4.0,2.507299285606395,0.0,2.0,5.0,9.0
2022-23,2023-05-28,Leicester,AWAY,shots_on_target_against,19,5.526315789473684,5.0,2.695024655682549,2.0,4.0,7.0,11.0
2022-23,2023-05-28,Leicester,AWAY,goals_for,19,1.4736842105263157,1.0,1.2187617145935723,0.0,1.0,2.0,4.0
2022-23,2023-05-28,Leicester,AWAY,goals_against,19,2.1578947368421053,2.0,1.803181074740996,0.0,1.0,3.0,6.0
2022-23,2023-05-28,Liverpool,ALL,fouls_committed,38,10.657894736842104,9.5,3.2655144521604624,6.0,8.0,12.0,19.0
2022-23,2023-05-28,Liverpool,ALL,fouls_suffered,38,9.0,8.5,3.345024542389665,3.0,7.0,11.0,16.0
2022-23,2023-05-28,Liverpool,ALL,corners_for,38,6.2105263157894735,6.0,3.023850192350019,1.0,4.0,8.0,14.0
2022-23,2023-05-28,Liverpool,ALL,corners_against,38,3.5789473684210527,3.5,1.8835214137550889,0.0,2.0,5.0,7.0
2022-23,2023-05-28,Liverpool,ALL,yellow_cards,38,1.5,1.0,1.4284749002137,0.0,0.0,2.75,5.0
2022-23,2023-05-28,Liverpool,ALL,yellow_cards_opponent,38,1.5526315789473684,1.0,1.2235828740982888,0.0,1.0,2.0,5.0
2022-23,2023-05-28,Liverpool,ALL,shots_for,38,15.921052631578947,15.0,5.394599797031104,4.0,13.0,19.75,30.0
2022-23,2023-05-28,Liverpool,ALL,shots_against,38,9.710526315789474,9.5,3.7119812931789387,4.0,6.25,12.0,17.0
2022-23,2023-05-28,Liverpool,ALL,shots_on_target_for,38,5.578947368421052,6.0,2.261685319323078,1.0,4.0,7.0,12.0
2022-23,2023-05-28,Liverpool,ALL,shots_on_target_against,38,4.2105263157894735,4.0,2.3841582427170787,0.0,2.25,6.0,10.0
2022-23,2023-05-28,Liverpool,ALL,goals_for,38,1.9736842105263157,2.0,1.9794463067649946,0.0,1.0,2.75,9.0
2022-23,2023-05-28,Liverpool,ALL,goals_against,38,1.236842105263158,1.0,1.2613637091766514,0.0,0.0,2.0,4.0
2022-23,2023-05-28,Liverpool,HOME,fouls_committed,19,10.631578947368421,9.0,3.4190727514243044,6.0,8.5,12.5,19.0
2022-23,2023-05-28,Liverpool,HOME,fouls_suffered,19,10.0,10.0,3.5901098714230026,3.0,8.0,13.0,16.0
2022-23,2023-05-28,Liverpool,HOME,corners_for,19,6.842105263157895,6.0,3.004869342597423,3.0,5.0,8.5,14.0
2022-23,2023-05-28,Liverpool,HOME,corners_against,19,3.0526315789473686,3.0,1.7150861400630166,0.0,2.0,4.5,6.0
2022-23,2023-05-28,Liverpool,HOME,yellow_cards,19,1.4736842105263157,1.0,1.504379571363837,0.0,0.0,3.0,4.0
2022-23,2023-05-28,Liverpool,HOME,yellow_cards_opponent,19,1.9473684210526316,2.0,1.393384536958932,0.0,1.0,3.0,5.0
2022-23,2023-05-28,Liverpool,HOME,shots_for,19,17.263157894736842,15.0,4.011678856970232,10.0,15.0,21.0,24.0
2022-23,2023-05-28,Liverpool,HOME,shots_against,19,8.210526315789474,8.0,3.1724324240840995,4.0,6.0,9.5,16.0
2022-23,2023-05-28,Liverpool,HOME,shots_on_target_for,19,5.894736842105263,6.0,2.401266722241623,2.0,4.5,7.0,12.0
2022-23,2023-05-28,Liverpool,HOME,shots_on_target_against,19,3.526315789473684,3.0,1.9255135260966845,1.0,2.0,5.0,7.0
2022-23,2023-05-28,Liverpool,HOME,goals_for,19,2.4210526315789473,2.0,2.2190035169388835,0.0,1.0,3.0,9.0
2022-23,2023-05-28,Liverpool,HOME,goals_against,19,0.8947368421052632,1.0,1.0485300208760655,0.0,0.0,1.5,3.0
2022-23,2023-05-28,Liverpool,AWAY,fouls_committed,19,10.68421052631579,10.0,3.19813542168536,7.0,8.0,12.0,17.0
2022-23,2023-05-28,Liverpool,AWAY,fouls_suffered,19,8.0,7.0,2.8284271247461903,3.0,6.0,10.5,14.0
2022-23,2023-05-28,Liverpool,AWAY,corners_for,19,5.578947368421052,6.0,2.9873025638838686,1.0,3.0,8.0,11.0
2022-23,2023-05-28,Liverpool,AWAY,corners_against,19,4.105263157894737,4.0,1.9406395521438364,0.0,3.0,5.5,7.0
2022-23,2023-05-28,Liverpool,AWAY,yellow_cards,19,1.5263157894736843,1.0,1.3891812557774847,0.0,1.0,2.0,5.0
2022-23,2023-05-28,Liverpool,AWAY,yellow_cards_opponent,19,1.1578947368421053,1.0,0.8983415518941831,0.0,0.5,2.0,3.0
2022-23,2023-05-28,Liverpool,AWAY,shots_for,19,14.578947368421053,15.0,6.318542285067588,4.0,11.5,16.5,30.0
2022-23,2023-05-28,Liverpool,AWAY,shots_against,19,11.210526315789474,12.0,3.6754281287796338,4.0,9.5,14.0,17.0
2022-23,2023-05-28,Liverpool,AWAY,shots_on_target_for,19,5.2631578947368425,5.0,2.130260945496216,1.0,4.0,7.0,9.0
2022-23,2023-05-28,Liverpool,AWAY,shots_on_target_against,19,4.894736842105263,4.0,2.6435400684626007,0.0,3.0,7.0,10.0
2022-23,2023-05-28,Liverpool,AWAY,goals_for,19,1.5263157894736843,1.0,1.6454793645565071,0.0,0.0,2.0,6.0
2022-23,2023-05-28,Liverpool,AWAY,goals_against,19,1.5789473684210527,1.0,1.3870748387117167,0.0,0.5,3.0,4.0
2022-23,2023-05-28,Manchester City,ALL,fouls_committed,38,9.131578947368421,9.0,3.473226186450792,3.0,7.0,11.0,17.0
2022-23,2023-05-28,Manchester City,ALL,fouls_suffered,38,10.578947368421053,10.0,3.1761916593012,5.0,8.0,12.75,19.0
2022-23,2023-05-28,Manchester City,ALL,corners_for,38,6.315789473684211,6.0,2.6519270215173285,1.0,5.0,8.0,11.0
2022-23,2023-05-28,Manchester City,ALL,corners_against,38,2.5526315789473686,2.0,1.898753053426047,0.0,1.0,3.75,8.0
2022-23,2023-05-28,Manchester City,ALL,yellow_cards,38,1.131578947368421,1.0,1.0947306871475948,0.0,0.0,2.0,3.0
2022-23,2023-05-28,Manchester City,ALL,yellow_cards_opponent,38,2.0526315789473686,2.0,1.1377400173519105,0.0,1.0,3.0,4.0
2022-23,2023-05-28,Manchester City,ALL,shots_for,38,15.868421052631579,16.0,4.850026762988733,5.0,13.0,17.75,29.0
2022-23,2023-05-28,Manchester City,ALL,shots_against,38,7.7105263157894735,8.0,3.903621982258252,2.0,4.0,10.0,20.0
2022-23,2023-05-28,Manchester City,ALL,shots_on_target_for,38,5.7631578947368425,6.0,2.3985830335825447,1.0,4.0,7.75,10.0
2022-23,2023-05-28,Manchester City,ALL,shots_on_target_against,38,2.526315789473684,2.0,2.1019533014236007,0.0,1.0,3.0,8.0
2022-23,2023-05-28,Manchester City,ALL,goals_for,38,2.473684210526316,3.0,1.5375804458016245,0.0,1.0,3.75,6.0
2022-23,2023-05-28,Manchester City,ALL,goals_against,38,0.868421052631579,1.0,0.8111071056538126,0.0,0.0,1.0,3.0
2022-23,2023-05-28,Manchester City,HOME,fouls_committed,19,9.052631578947368,9.0,3.3077969205857025,3.0,8.0,11.5,14.0
2022-23,2023-05-28,Manchester City,HOME,fouls_suffered,19,10.631578947368421,10.0,2.7930573912190337,7.0,8.0,13.0,16.0
2022-23,2023-05-28,Manchester City,HOME,corners_for,19,7.2631578947368425,7.0,2.4000487324487088,1.0,6.0,9.0,11.0
2022-23,2023-05-28,Manchester City,HOME,corners_against,19,2.1578947368421053,2.0,1.6419215671732124,0.0,1.0,3.0,7.0
2022-23,2023-05-28,Manchester City,HOME,yellow_cards,19,1.0,1.0,1.0,0.0,0.0,1.5,3.0
2022-23,2023-05-28,Manchester City,HOME,yellow_cards_opponent,19,2.210526315789474,2.0,1.0841764600337105,1.0,1.0,3.0,4.0
2022-23,2023-05-28,Manchester City,HOME,shots_for,19,16.68421052631579,16.0,4.295380355412175,10.0,14.5,18.0,29.0
2022-23,2023-05-28,Manchester City,HOME,shots_against,19,6.7894736842105265,6.0,3.30956437832368,2.0,4.0,9.5,13.0
2022-23,2023-05-28,Manchester City,HOME,shots_on_target_for,19,6.2105263157894735,6.0,2.3232866415303666,2.0,4.5,8.0,10.0
2022-23,2023-05-28,Manchester City,HOME,shots_on_target_against,19,2.6315789473684212,2.0,2.2903305514898324,0.0,1.0,2.5,8.0
2022-23,2023-05-28,Manchester City,HOME,goals_for,19,3.1578947368421053,3.0,1.4629938062729393,1.0,2.0,4.0,6.0
2022-23,2023-05-28,Manchester City,HOME,goals_against,19,0.8947368421052632,1.0,0.8752610304046612,0.0,0.0,1.0,3.0
2022-23,2023-05-28,Manchester City,AWAY,fouls_committed,19,9.210526315789474,9.0,3.720497985909668,4.0,6.5,10.5,17.0
2022-23,2023-05-28,Manchester City,AWAY,fouls_suffered,19,10.526315789473685,10.0,3.595806524467565,5.0,8.0,12.0,19.0
2022-23,2023-05-28,Manchester City,AWAY,corners_for,19,5.368421052631579,5.0,2.6079052112075076,1.0,4.0,6.0,10.0
2022-23,2023-05-28,Manchester City,AWAY,corners_against,19,2.9473684210526314,3.0,2.0942695414584778,0.0,1.0,4.5,8.0
2022-23,2023-05-28,Manchester City,AWAY,yellow_cards,19,1.263157894736842,1.0,1.1945294407402949,0.0,0.0,2.0,3.0
2022-23,2023-05-28,Manchester City,AWAY,yellow_cards_opponent,19,1.894736842105263,2.0,1.1969747440993466,0.0,1.0,2.5,4.0
2022-23,2023-05-28,Manchester City,AWAY,shots_for,19,15.052631578947368,14.0,5.338265263490736,5.0,12.5,16.5,26.0
2022-23,2023-05-28,Manchester City,AWAY,shots_against,19,8.631578947368421,8.0,4.310330308505492,3.0,5.0,11.5,20.0
2022-23,2023-05-28,Manchester City,AWAY,shots_on_target_for,19,5.315789473684211,5.0,2.4506831605118546,1.0,4.0,6.5,10.0
2022-23,2023-05-28,Manchester City,AWAY,shots_on_target_against,19,2.4210526315789473,2.0,1.9526560109440743,0.0,1.0,3.5,7.0
2022-23,2023-05-28,Manchester City,AWAY,goals_for,19,1.7894736842105263,1.0,1.3156725094212403,0.0,1.0,3.0,4.0
2022-23,2023-05-28,Manchester City,AWAY,goals_against,19,0.8421052631578947,1.0,0.7647191129018726,0.0,0.0,1.0,3.0
2022-23,2023-05-28,Manchester United,ALL,fouls_committed,38,11.131578947368421,11.5,2.6423888928706973,7.0,9.0,13.0,16.0
2022-23,2023-05-28,Manchester United,ALL,fouls_suffered,38,8.157894736842104,8.5,2.444257647646757,3.0,7.0,9.75,13.0
2022-23,2023-05-28,Manchester United,ALL,corners_for,38,5.131578947368421,5.0,2.7030618538040807,1.0,3.0,6.0,12.0
2022-23,2023-05-28,Manchester United,ALL,corners_against,38,5.447368421052632,5.0,2.457172275264225,1.0,4.0,7.0,12.0
2022-23,2023-05-28,Manchester United,ALL,yellow_cards,38,2.0526315789473686,2.0,1.250888731004559,0.0,1.0,3.0,4.0
2022-23,2023-05-28,Manchester United,ALL,yellow_cards_opponent,38,1.3157894736842106,1.0,1.0931052509323755,0.0,0.25,2.0,4.0
2022-23,2023-05-28,Manchester United,ALL,shots_for,38,15.578947368421053,15.0,5.989321934943746,6.0,11.25,18.0,29.0
2022-23,2023-05-28,Manchester United,ALL,shots_against,38,12.657894736842104,12.0,5.414077325446829,5.0,8.25,16.75,25.0
2022-23,2023-05-28,Manchester United,ALL,shots_on_target_for,38,5.631578947368421,5.0,2.398434766975475,1.0,4.0,8.0,11.0
2022-23,2023-05-28,Manchester United,ALL,shots_on_target_against,38,3.8157894736842106,4.0,2.288103937795762,0.0,2.0,5.0,10.0
2022-23,2023-05-28,Manchester United,ALL,goals_for,38,1.5263157894736843,2.0,1.032887375280686,0.0,1.0,2.0,4.0
2022-23,2023-05-28,Manchester United,ALL,goals_against,38,1.131578947368421,1.0,1.6303051054456357,0.0,0.0,1.0,7.0
2022-23,2023-05-28,Manchester United,HOME,fouls_committed,19,11.052631578947368,12.0,2.7783625115549695,7.0,9.0,13.0,16.0
2022-23,2023-05-28,Manchester United,HOME,fouls_suffered,19,8.631578947368421,9.0,2.3383404921674567,4.0,7.0,10.0,13.0
2022-23,2023-05-28,Manchester United,HOME,corners_for,19,5.947368421052632,6.0,3.0997075885481395,1.0,4.5,7.5,12.0
2022-23,2023-05-28,Manchester United,HOME,corners_against,19,5.157894736842105,5.0,2.2916068572737545,2.0,4.0,6.5,10.0
2022-23,2023-05-28,Manchester United,HOME,yellow_cards,19,1.8421052631578947,2.0,1.2588865404147536,0.0,1.0,3.0,4.0
2022-23,2023-05-28,Manchester United,HOME,yellow_cards_opponent,19,1.4210526315789473,1.0,1.1212983285105118,0.0,0.5,2.0,3.0
2022-23,2023-05-28,Manchester United,HOME,shots_for,19,18.0,17.0,6.333333333333334,8.0,14.0,22.5,29.0
2022-23,2023-05-28,Manchester United,HOME,shots_against,19,11.052631578947368,10.0,4.490405626450519,5.0,7.5,15.0,19.0
2022-23,2023-05-28,Manchester United,HOME,shots_on_target_for,19,6.2105263157894735,6.0,2.5729133372377064,2.0,4.0,8.0,11.0
2022-23,2023-05-28,Manchester United,HOME,shots_on_target_against,19,2.736842105263158,3.0,1.5217718205053643,0.0,1.5,4.0,5.0
2022-23,2023-05-28,Manchester United,HOME,goals_for,19,1.894736842105263,2.0,1.0485300208760657,0.0,1.0,2.5,4.0
2022-23,2023-05-28,Manchester United,HOME,goals_against,19,0.5263157894736842,0.0,0.6966922684794661,0.0,0.0,1.0,2.0
2022-23,2023-05-28,Manchester United,AWAY,fouls_committed,19,11.210526315789474,11.0,2.5729133372377064,7.0,9.0,13.5,15.0
2022-23,2023-05-28,Manchester United,AWAY,fouls_suffered,19,7.684210526315789,8.0,2.5177730808295067,3.0,6.0,9.0,13.0
2022-23,2023-05-28,Manchester United,AWAY,corners_for,19,4.315789473684211,4.0,2.001461454341895,1.0,3.0,5.5,9.0
2022-23,2023-05-28,Manchester United,AWAY,corners_against,19,5.7368421052631575,5.0,2.6424337532568107,1.0,4.0,7.0,12.0
2022-23,2023-05-28,Manchester United,AWAY,yellow_cards,19,2.263157894736842,2.0,1.2401659953032227,0.0,1.5,3.0,4.0
2022-23,2023-05-28,Manchester United,AWAY,yellow_cards_opponent,19,1.2105263157894737,1.0,1.0841764600337107,0.0,0.5,2.0,4.0
2022-23,2023-05-28,Manchester United,AWAY,shots_for,19,13.157894736842104,13.0,4.609930800815137,6.0,10.0,16.0,22.0
2022-23,2023-05-28,Manchester United,AWAY,shots_against,19,14.263157894736842,14.0,5.88635055080969,6.0,10.0,18.0,25.0
2022-23,2023-05-28,Manchester United,AWAY,shots_on_target_for,19,5.052631578947368,5.0,2.1206310436735127,1.0,4.0,6.0,9.0
2022-23,2023-05-28,Manchester United,AWAY,shots_on_target_against,19,4.894736842105263,5.0,2.447101161285992,0.0,3.5,6.5,10.0
2022-23,2023-05-28,Manchester United,AWAY,goals_for,19,1.1578947368421053,1.0,0.8983415518941831,0.0,0.5,2.0,3.0
2022-23,2023-05-28,Manchester United,AWAY,goals_against,19,1.736842105263158,1.0,2.0505312391117334,0.0,0.0,2.5,7.0
2022-23,2023-05-28,Newcastle United,ALL,fouls_committed,38,10.68421052631579,10.5,3.63990839770316,3.0,8.25,13.75,19.0
2022-23,2023-05-28,Newcastle United,ALL,fouls_suffered,38,11.026315789473685,11.0,2.990858523633741,5.0,9.0,13.0,19.0
2022-23,2023-05-28,Newcastle United,ALL,corners_for,38,7.105263157894737,6.5,3.592706377936476,0.0,5.0,9.0,15.0
2022-23,2023-05-28,Newcastle United,ALL,corners_against,38,4.2894736842105265,4.0,2.7500161644423415,0.0,2.25,5.75,13.0
2022-23,2023-05-28,Newcastle United,ALL,yellow_cards,38,1.5,1.0,1.202474925287819,0.0,1.0,2.0,4.0
2022-23,2023-05-28,Newcastle United,ALL,yellow_cards_opponent,38,2.0789473684210527,2.0,1.4590181620374196,0.0,1.0,3.0,5.0
2022-23,2023-05-28,Newcastle United,ALL,shots_for,38,15.026315789473685,15.0,5.809995311461397,4.0,10.5,20.0,25.0
2022-23,2023-05-28,Newcastle United,ALL,shots_against,38,10.18421052631579,10.0,5.736819267314611,1.0,6.0,13.0,23.0
2022-23,2023-05-28,Newcastle United,ALL,shots_on_target_for,38,5.184210526315789,5.0,2.380725112773187,1.0,4.0,7.0,10.0
2022-23,2023-05-28,Newcastle United,ALL,shots_on_target_against,38,3.473684210526316,3.0,2.511991157081861,0.0,1.25,5.0,10.0
2022-23,2023-05-28,Newcastle United,ALL,goals_for,38,1.7894736842105263,1.0,1.7109803533527297,0.0,0.0,3.0,6.0
2022-23,2023-05-28,Newcastle United,ALL,goals_against,38,0.868421052631579,1.0,0.8437705795393433,0.0,0.0,1.0,3.0
2022-23,2023-05-28,Newcastle United,HOME,fouls_committed,19,10.947368421052632,11.0,4.075314360206207,3.0,8.5,14.0,19.0
2022-23,2023-05-28,Newcastle United,HOME,fouls_suffered,19,11.526315789473685,12.0,3.1687435479247323,5.0,10.0,13.0,19.0
2022-23,2023-05-28,Newcastle United,HOME,corners_for,19,8.157894736842104,9.0,2.774149677423433,3.0,6.0,10.0,13.0
2022-23,2023-05-28,Newcastle United,HOME,corners_against,19,3.0,3.0,1.855921454276674,0.0,1.5,4.5,7.0
2022-23,2023-05-28,Newcastle United,HOME,yellow_cards,19,1.5263157894736843,2.0,1.1239029738980326,0.0,1.0,2.0,4.0
2022-23,2023-05-28,Newcastle United,HOME,yellow_cards_opponent,19,2.1052631578947367,2.0,1.448935887014454,0.0,1.0,3.0,5.0
2022-23,2023-05-28,Newcastle United,HOME,shots_for,19,18.05263157894737,20.0,4.994148622922255,8.0,15.0,22.0,25.0
2022-23,2023-05-28,Newcastle United,HOME,shots_against,19,8.052631578947368,7.0,5.327848056418342,1.0,5.0,10.0,21.0
2022-23,2023-05-28,Newcastle United,HOME,shots_on_target_for,19,5.7894736842105265,6.0,2.0433889978394295,2.0,4.5,7.0,10.0
2022-23,2023-05-28,Newcastle United,HOME,shots_on_target_against,19,2.9473684210526314,2.0,3.02716743673991,0.0,1.0,3.5,10.0
2022-23,2023-05-28,Newcastle United,HOME,goals_for,19,1.894736842105263,1.0,1.8225359878204286,0.0,0.5,3.0,6.0
2022-23,2023-05-28,Newcastle United,HOME,goals_against,19,0.7368421052631579,1.0,0.8719139396343282,0.0,0.0,1.0,3.0
2022-23,2023-05-28,Newcastle United,AWAY,fouls_committed,19,10.421052631578947,10.0,3.2372105528900477,6.0,8.0,12.5,16.0
2022-23,2023-05-28,Newcastle United,AWAY,fouls_suffered,19,10.526315789473685,10.0,2.796196246741705,7.0,8.5,12.5,17.0
2022-23,2023-05-28,Newcastle United,AWAY,corners_for,19,6.052631578947368,5.0,4.061659269731006,0.0,3.5,7.0,15.0
2022-23,2023-05-28,Newcastle United,AWAY,corners_against,19,5.578947368421052,5.0,2.93097991716999,1.0,3.5,7.0,13.0
2022-23,2023-05-28,Newcastle United,AWAY,yellow_cards,19,1.4736842105263157,1.0,1.3067525929498998,0.0,0.5,2.0,4.0
2022-23,2023-05-28,Newcastle United,AWAY,yellow_cards_opponent,19,2.0526315789473686,2.0,1.5082618476808298,0.0,1.0,3.0,5.0
2022-23,2023-05-28,Newcastle United,AWAY,shots_for,19,12.0,13.0,5.011098792790969,4.0,8.0,15.0,21.0
2022-23,2023-05-28,Newcastle United,AWAY,shots_against,19,12.31578947368421,12.0,5.447248353057078,3.0,8.5,16.0,23.0
2022-23,2023-05-28,Newcastle United,AWAY,shots_on_target_for,19,4.578947368421052,4.0,2.5887746881420393,1.0,2.0,6.5,10.0
2022-23,2023-05-28,Newcastle United,AWAY,shots_on_target_against,19,4.0,4.0,1.7950549357115013,1.0,2.5,5.0,7.0
2022-23,2023-05-28,Newcastle United,AWAY,goals_for,19,1.6842105263157894,1.0,1.634782743939708,0.0,0.0,2.5,5.0
2022-23,2023-05-28,Newcastle United,AWAY,goals_against,19,1.0,1.0,0.816496580927726,0.0,0.5,1.0,3.0
2022-23,2023-05-28,Nottingham Forest,ALL,fouls_committed,38,11.710526315789474,12.0,3.2789904077144474,4.0,10.0,14.0,17.0
2022-23,2023-05-28,Nottingham Forest,ALL,fouls_suffered,38,10.894736842105264,10.0,3.0649674720218356,6.0,9.0,13.0,19.0
2022-23,2023-05-28,Nottingham Forest,ALL,corners_for,38,3.3684210526315788,3.0,2.3984347669754746,0.0,2.0,4.0,10.0
2022-23,2023-05-28,Nottingham Forest,ALL,corners_against,38,6.2894736842105265,6.0,3.2291568202177845,1.0,4.0,9.0,12.0
2022-23,2023-05-28,Nottingham Forest,ALL,yellow_cards,38,2.210526315789474,2.0,1.3184326226128673,0.0,1.0,3.0,6.0
2022-23,2023-05-28,Nottingham Forest,ALL,yellow_cards_opponent,38,1.7105263157894737,2.0,1.4502170338382836,0.0,0.25,3.0,5.0
2022-23,2023-05-28,Nottingham Forest,ALL,shots_for,38,9.68421052631579,10.0,3.9599704009124137,3.0,6.0,11.75,20.0
2022-23,2023-05-28,Nottingham Forest,ALL,shots_against,38,14.763157894736842,15.5,5.3090143154282865,6.0,10.0,18.0,26.0
2022-23,2023-05-28,Nottingham Forest,ALL,shots_on_target_for,38,3.1052631578947367,3.0,1.9835740835906435,0.0,2.0,5.0,7.0
2022-23,2023-05-28,Nottingham Forest,ALL,shots_on_target_against,38,5.0,5.0,2.731201101980493,0.0,3.0,7.0,10.0
2022-23,2023-05-28,Nottingham Forest,ALL,goals_for,38,1.0,1.0,0.9299811099505543,0.0,0.0,1.0,4.0
2022-23,2023-05-28,Nottingham Forest,ALL,goals_against,38,1.7894736842105263,2.0,1.4548687084229357,0.0,1.0,2.75,6.0
2022-23,2023-05-28,Nottingham Forest,HOME,fouls_committed,19,12.0,11.0,2.788866755113585,7.0,10.5,14.0,17.0
2022-23,2023-05-28,Nottingham Forest,HOME,fouls_suffered,19,11.526315789473685,11.0,3.168743547924732,6.0,9.5,13.0,19.0
2022-23,2023-05-28,Nottingham Forest,HOME,corners_for,19,2.6315789473684212,3.0,1.706540565516796,0.0,1.5,3.5,6.0
2022-23,2023-05-28,Nottingham Forest,HOME,corners_against,19,5.894736842105263,6.0,3.195391418244324,1.0,3.0,8.0,11.0
2022-23,2023-05-28,Nottingham Forest,HOME,yellow_cards,19,2.5789473684210527,2.0,1.3870748387117164,1.0,2.0,3.0,6.0
2022-23,2023-05-28,Nottingham Forest,HOME,yellow_cards_opponent,19,2.0,2.0,1.5634719199411433,0.0,1.0,2.5,5.0
2022-23,2023-05-28,Nottingham Forest,HOME,shots_for,19,10.210526315789474,10.0,4.035659761129812,4.0,6.0,12.5,17.0
2022-23,2023-05-28,Nottingham Forest,HOME,shots_against,19,13.263157894736842,12.0,5.8007863955689265,6.0,8.0,17.5,26.0
2022-23,2023-05-28,Nottingham Forest,HOME,shots_on_target_for,19,3.6842105263157894,3.0,2.135744251723958,0.0,2.0,5.0,7.0
2022-23,2023-05-28,Nottingham Forest,HOME,shots_on_target_against,19,4.052631578947368,4.0,2.437523429187145,0.0,2.0,6.5,8.0
2022-23,2023-05-28,Nottingham Forest,HOME,goals_for,19,1.4210526315789473,1.0,0.9612370197756298,0.0,1.0,2.0,4.0
2022-23,2023-05-28,Nottingham Forest,HOME,goals_against,19,1.263157894736842,1.0,1.097578408394179,0.0,0.0,2.0,3.0
2022-23,2023-05-28,Nottingham Forest,AWAY,fouls_committed,19,11.421052631578947,13.0,3.761143287673225,4.0,8.5,13.5,17.0
2022-23,2023-05-28,Nottingham Forest,AWAY,fouls_suffered,19,10.263157894736842,9.0,2.902912431472111,6.0,9.0,13.0,17.0
2022-23,2023-05-28,Nottingham Forest,AWAY,corners_for,19,4.105263157894737,4.0,2.786769073917864,0.0,2.0,5.5,10.0
2022-23,2023-05-28,Nottingham Forest,AWAY,corners_against,19,6.684210526315789,6.0,3.3007176253210853,1.0,4.5,9.0,12.0
2022-23,2023-05-28,Nottingham Forest,AWAY,yellow_cards,19,1.8421052631578947,2.0,1.1672930649220892,0.0,1.0,2.0,4.0
2022-23,2023-05-28,Nottingham Forest,AWAY,yellow_cards_opponent,19,1.4210526315789473,1.0,1.304513083861144,0.0,0.0,3.0,3.0
2022-23,2023-05-28,Nottingham Forest,AWAY,shots_for,19,9.157894736842104,9.0,3.9195118445305415,3.0,6.5,11.0,20.0
2022-23,2023-05-28,Nottingham Forest,AWAY,shots_against,19,16.263157894736842,17.0,4.42018231478142,8.0,14.5,18.5,24.0
2022-23,2023-05-28,Nottingham Forest,AWAY,shots_on_target_for,19,2.526315789473684,2.0,1.6789024540730166,0.0,1.0,3.5,5.0
2022-23,2023-05-28,Nottingham Forest,AWAY,shots_on_target_against,19,5.947368421052632,6.0,2.7380788928355977,0.0,4.0,8.0,10.0
2022-23,2023-05-28,Nottingham Forest,AWAY,goals_for,19,0.5789473684210527,0.0,0.6924826089821247,0.0,0.0,1.0,2.0
2022-23,2023-05-28,Nottingham Forest,AWAY,goals_against,19,2.3157894736842106,2.0,1.6004385363930504,0.0,1.0,3.0,6.0
2022-23,2023-05-28,Southampton,ALL,fouls_committed,38,11.31578947368421,11.0,4.24331119533163,4.0,9.0,13.75,24.0
2022-23,2023-05-28,Southampton,ALL,fouls_suffered,38,10.5,10.0,3.029137777598714,3.0,8.25,12.0,17.0
2022-23,2023-05-28,Southampton,ALL,corners_for,38,4.131578947368421,4.0,2.6423888928706973,0.0,2.0,5.75,11.0
2022-23,2023-05-28,Southampton,ALL,corners_against,38,5.473684210526316,5.0,3.0468135069659974,2.0,3.0,7.75,14.0
2022-23,2023-05-28,Southampton,ALL,yellow_cards,38,1.9210526315789473,2.0,1.5488719338361454,0.0,1.0,3.0,6.0
2022-23,2023-05-28,Southampton,ALL,yellow_cards_opponent,38,1.605263157894737,2.0,1.0790254282556044,0.0,1.0,2.0,4.0
2022-23,2023-05-28,Southampton,ALL,shots_for,38,10.973684210526315,10.0,4.4991701463369775,4.0,8.0,14.0,22.0
2022-23,2023-05-28,Southampton,ALL,shots_against,38,13.81578947368421,12.0,5.760326863651265,6.0,10.25,16.0,30.0
2022-23,2023-05-28,Southampton,ALL,shots_on_target_for,38,3.736842105263158,4.0,2.297874582307979,0.0,2.0,5.0,10.0
2022-23,2023-05-28,Southampton,ALL,shots_on_target_against,38,4.157894736842105,4.0,2.1120800019331996,0.0,3.0,5.0,8.0
2022-23,2023-05-28,Southampton,ALL,goals_for,38,0.9473684210526315,1.0,1.0383814958230477,0.0,0.0,1.0,4.0
2022-23,2023-05-28,Southampton,ALL,goals_against,38,1.9210526315789473,2.0,1.2815020525416896,0.0,1.0,3.0,4.0
2022-23,2023-05-28,Southampton,HOME,fouls_committed,19,10.526315789473685,11.0,4.247462262635729,4.0,7.0,13.5,19.0
2022-23,2023-05-28,Southampton,HOME,fouls_suffered,19,10.631578947368421,10.0,2.8908000875534148,3.0,10.0,12.0,17.0
2022-23,2023-05-28,Southampton,HOME,corners_for,19,4.631578947368421,5.0,2.7123283625326104,0.0,2.5,6.0,10.0
2022-23,2023-05-28,Southampton,HOME,corners_against,19,4.631578947368421,3.0,3.3534480814659586,2.0,2.0,5.5,14.0
2022-23,2023-05-28,Southampton,HOME,yellow_cards,19,1.368421052631579,1.0,1.065130472748108,0.0,1.0,2.0,4.0
2022-23,2023-05-28,Southampton,HOME,yellow_cards_opponent,19,1.6842105263157894,2.0,0.88522637273985,0.0,1.0,2.0,3.0
2022-23,2023-05-28,Southampton,HOME,shots_for,19,12.0,11.0,4.8419463487779835,4.0,8.5,15.5,22.0
2022-23,2023-05-28,Southampton,HOME,shots_against,19,13.210526315789474,11.0,5.779070930410307,7.0,10.5,14.5,30.0
2022-23,2023-05-28,Southampton,HOME,shots_on_target_for,19,4.2105263157894735,4.0,2.678700915834246,0.0,2.0,5.5,10.0
2022-23,2023-05-28,Southampton,HOME,shots_on_target_against,19,3.9473684210526314,4.0,2.0942695414584773,0.0,2.5,5.0,8.0
2022-23,2023-05-28,Southampton,HOME,goals_for,19,1.0,1.0,1.1055415967851334,0.0,0.0,1.0,4.0
2022-23,2023-05-28,Southampton,HOME,goals_against,19,1.9473684210526316,2.0,1.177270110161938,0.0,1.0,2.5,4.0
2022-23,2023-05-28,Southampton,AWAY,fouls_committed,19,12.105263157894736,12.0,4.201781855383966,6.0,9.0,13.5,24.0
2022-23,2023-05-28,Southampton,AWAY,fouls_suffered,19,10.368421052631579,10.0,3.2354035694654764,4.0,8.0,12.5,16.0
2022-23,2023-05-28,Southampton,AWAY,corners_for,19,3.6315789473684212,3.0,2.5431941053151923,0.0,2.0,4.0,11.0
2022-23,2023-05-28,Southampton,AWAY,corners_against,19,6.315789473684211,6.0,2.5177730808295067,2.0,4.5,8.0,11.0
2022-23,2023-05-28,Southampton,AWAY,yellow_cards,19,2.473684210526316,2.0,1.7754004572562583,0.0,1.0,3.5,6.0
2022-23,2023-05-28,Southampton,AWAY,yellow_cards_opponent,19,1.5263157894736843,1.0,1.2635233389495326,0.0,0.5,2.5,4.0
2022-23,2023-05-28,Southampton,AWAY,shots_for,19,9.947368421052632,9.0,3.9926833668394317,4.0,8.0,12.5,19.0
2022-23,2023-05-28,Southampton,AWAY,shots_against,19,14.421052631578947,14.0,5.833959866102804,6.0,10.5,17.5,26.0
2022-23,2023-05-28,Southampton,AWAY,shots_on_target_for,19,3.263157894736842,3.0,1.7901615465016276,0.0,2.0,5.0,6.0
2022-23,2023-05-28,Southampton,AWAY,shots_on_target_against,19,4.368421052631579,4.0,2.1656542843981734,1.0,3.0,5.5,8.0
2022-23,2023-05-28,Southampton,AWAY,goals_for,19,0.8947368421052632,1.0,0.9941348467724342,0.0,0.0,1.0,3.0
2022-23,2023-05-28,Southampton,AWAY,goals_against,19,1.894736842105263,1.0,1.4100723717480785,0.0,1.0,3.0,4.0
2022-23,2023-05-28,Tottenham,ALL,fouls_committed,38,11.131578947368421,10.0,3.4654359160419426,5.0,9.0,14.0,19.0
2022-23,2023-05-28,Tottenham,ALL,fouls_suffered,38,10.0,10.0,2.5468581598680533,6.0,8.25,11.0,15.0
2022-23,2023-05-28,Tottenham,ALL,corners_for,38,5.342105263157895,4.5,3.322944931178852,1.0,3.0,7.75,19.0
2022-23,2023-05-28,Tottenham,ALL,corners_against,38,5.184210526315789,5.0,2.9941859260717596,1.0,3.0,7.75,12.0
2022-23,2023-05-28,Tottenham,ALL,yellow_cards,38,1.9736842105263157,2.0,1.2408985869067615,0.0,1.0,3.0,5.0
2022-23,2023-05-28,Tottenham,ALL,yellow_cards_opponent,38,2.026315789473684,2.0,1.4609667681305392,0.0,1.0,3.0,6.0
2022-23,2023-05-28,Tottenham,ALL,shots_for,38,13.68421052631579,13.5,5.225226042739591,5.0,9.25,17.0,24.0
2022-23,2023-05-28,Tottenham,ALL,shots_against,38,13.605263157894736,13.5,5.465070775161553,4.0,9.25,17.0,28.0
2022-23,2023-05-28,Tottenham,ALL,shots_on_target_for,38,5.2631578947368425,5.0,2.4238032491544494,2.0,3.0,7.0,11.0
2022-23,2023-05-28,Tottenham,ALL,shots_on_target_against,38,4.605263157894737,4.5,2.2244279396298667,0.0,3.25,6.0,10.0
2022-23,2023-05-28,Tottenham,ALL,goals_for,38,1.8421052631578947,2.0,1.3259635107586643,0.0,1.0,2.0,6.0
2022-23,2023-05-28,Tottenham,ALL,goals_against,38,1.6578947368421053,2.0,1.4383984297385246,0.0,0.25,2.0,6.0
2022-23,2023-05-28,Tottenham,HOME,fouls_committed,19,11.947368421052632,11.0,3.239919138403274,8.0,9.5,15.0,19.0
2022-23,2023-05-28,Tottenham,HOME,fouls_suffered,19,9.947368421052632,9.0,3.1353483628976777,6.0,7.5,13.0,15.0
2022-23,2023-05-28,Tottenham,HOME,corners_for,19,6.157894736842105,6.0,2.363217154989661,2.0,4.0,8.0,10.0
2022-23,2023-05-28,Tottenham,HOME,corners_against,19,4.2105263157894735,3.0,2.678700915834246,1.0,2.0,6.5,10.0
2022-23,2023-05-28,Tottenham,HOME,yellow_cards,19,2.1578947368421053,2.0,1.213953957333768,0.0,1.0,3.0,4.0
2022-23,2023-05-28,Tottenham,HOME,yellow_cards_opponent,19,2.0526315789473686,2.0,1.3529262199858298,0.0,1.0,3.0,5.0
2022-23,2023-05-28,Tottenham,HOME,shots_for,19,15.210526315789474,16.0,5.2660226121852896,6.0,11.5,18.0,24.0
2022-23,2023-05-28,Tottenham,HOME,shots_against,19,11.842105263157896,12.0,4.512490786629398,4.0,9.0,14.5,20.0
2022-23,2023-05-28,Tottenham,HOME,shots_on_target_for,19,6.052631578947368,7.0,2.570639440781792,2.0,3.5,8.0,11.0
2022-23,2023-05-28,Tottenham,HOME,shots_on_target_against,19,4.052631578947368,4.0,2.0675719579181737,0.0,2.5,5.0,8.0
2022-23,2023-05-28,Tottenham,HOME,goals_for,19,1.9473684210526316,2.0,1.4709665835968129,0.0,1.0,2.0,6.0
2022-23,2023-05-28,Tottenham,HOME,goals_against,19,1.3157894736842106,1.0,1.1081832770072813,0.0,0.0,2.0,3.0
2022-23,2023-05-28,Tottenham,AWAY,fouls_committed,19,10.31578947368421,10.0,3.575419658025356,5.0,8.0,13.5,18.0
2022-23,2023-05-28,Tottenham,AWAY,fouls_suffered,19,10.052631578947368,10.0,1.8700470644857614,7.0,9.0,11.0,14.0
2022-23,2023-05-28,Tottenham,AWAY,corners_for,19,4.526315789473684,3.0,3.9632817637888533,1.0,3.0,5.0,19.0
2022-23,2023-05-28,Tottenham,AWAY,corners_against,19,6.157894736842105,6.0,3.0416216050495324,1.0,3.5,8.0,12.0
2022-23,2023-05-28,Tottenham,AWAY,yellow_cards,19,1.7894736842105263,2.0,1.2727462594467416,0.0,1.0,2.5,5.0
2022-23,2023-05-28,Tottenham,AWAY,yellow_cards_opponent,19,2.0,1.0,1.5986105077709065,0.0,1.0,3.0,6.0
2022-23,2023-05-28,Tottenham,AWAY,shots_for,19,12.157894736842104,11.0,4.844964830680024,5.0,9.0,15.0,23.0
2022-23,2023-05-28,Tottenham,AWAY,shots_against,19,15.368421052631579,15.0,5.870931464197989,6.0,11.0,19.0,28.0
2022-23,2023-05-28,Tottenham,AWAY,shots_on_target_for,19,4.473684210526316,4.0,2.0376571801031034,2.0,3.0,6.5,8.0
2022-23,2023-05-28,Tottenham,AWAY,shots_on_target_against,19,5.157894736842105,5.0,2.2916068572737545,1.0,4.0,6.5,10.0
2022-23,2023-05-28,Tottenham,AWAY,goals_for,19,1.736842105263158,1.0,1.1945294407402949,0.0,1.0,2.5,4.0
2022-23,2023-05-28,Tottenham,AWAY,goals_against,19,2.0,2.0,1.6666666666666667,0.0,1.0,3.0,6.0
2022-23,2023-05-28,West Ham United,ALL,fouls_committed,38,9.5,9.0,3.117084569949333,3.0,8.0,10.75,18.0
2022-23,2023-05-28,West Ham United,ALL,fouls_suffered,38,8.605263157894736,8.0,2.594583481484024,4.0,7.0,10.75,16.0
2022-23,2023-05-28,West Ham United,ALL,corners_for,38,5.447368421052632,5.0,3.461739669049814,1.0,3.0,7.0,14.0
2022-23,2023-05-28,West Ham United,ALL,corners_against,38,5.105263157894737,5.0,2.5017774620091187,0.0,3.25,6.75,11.0
2022-23,2023-05-28,West Ham United,ALL,yellow_cards,38,1.1578947368421053,1.0,0.8861186483143605,0.0,1.0,2.0,3.0
2022-23,2023-05-28,West Ham United,ALL,yellow_cards_opponent,38,1.4210526315789473,1.0,1.2867637794801643,0.0,0.25,2.0,5.0
2022-23,2023-05-28,West Ham United,ALL,shots_for,38,12.473684210526315,13.0,5.539718219515849,3.0,7.25,17.0,25.0
2022-23,2023-05-28,West Ham United,ALL,shots_against,38,13.157894736842104,13.0,4.600389617985508,5.0,9.0,16.0,24.0
2022-23,2023-05-28,West Ham United,ALL,shots_on_target_for,38,3.8157894736842106,4.0,2.0645693636164175,1.0,2.0,5.0,10.0
2022-23,2023-05-28,West Ham United,ALL,shots_on_target_against,38,4.578947368421052,4.0,2.0876933986782586,2.0,3.0,6.0,10.0
2022-23,2023-05-28,West Ham United,ALL,goals_for,38,1.105263157894737,1.0,1.1339830229962935,0.0,0.0,1.75,4.0
2022-23,2023-05-28,West Ham United,ALL,goals_against,38,1.4473684210526316,1.0,1.2235828740982888,0.0,1.0,2.0,5.0
2022-23,2023-05-28,West Ham United,HOME,fouls_committed,19,8.631578947368421,9.0,1.7704527454797,4.0,8.0,10.0,11.0
2022-23,2023-05-28,West Ham United,HOME,fouls_suffered,19,7.947368421052632,8.0,2.391505434995713,4.0,6.0,10.0,12.0
2022-23,2023-05-28,West Ham United,HOME,corners_for,19,5.578947368421052,5.0,3.288292185478052,1.0,3.5,7.0,13.0
2022-23,2023-05-28,West Ham United,HOME,corners_against,19,4.0,4.0,2.23606797749979,0.0,2.0,6.0,9.0
2022-23,2023-05-28,West Ham United,HOME,yellow_cards,19,1.0,1.0,0.8819171036881969,0.0,0.0,1.5,3.0
2022-23,2023-05-28,West Ham United,HOME,yellow_cards_opponent,19,1.4210526315789473,1.0,1.304513083861144,0.0,0.5,2.0,5.0
2022-23,2023-05-28,West Ham United,HOME,shots_for,19,13.842105263157896,15.0,4.947088457924147,5.0,10.5,18.0,20.0
2022-23,2023-05-28,West Ham United,HOME,shots_against,19,11.68421052631579,12.0,4.0967823631472235,5.0,9.0,14.5,20.0
2022-23,2023-05-28,West Ham United,HOME,shots_on_target_for,19,4.052631578947368,4.0,2.1466688460270076,1.0,2.0,5.0,9.0
2022-23,2023-05-28,West Ham United,HOME,shots_on_target_against,19,3.9473684210526314,4.0,1.6490294859747157,2.0,3.0,4.5,8.0
2022-23,2023-05-28,West Ham United,HOME,goals_for,19,1.368421052631579,1.0,1.1160708020048367,0.0,1.0,2.0,4.0
2022-23,2023-05-28,West Ham United,HOME,goals_against,19,1.263157894736842,1.0,1.2401659953032227,0.0,0.0,2.0,5.0
2022-23,2023-05-28,West Ham United,AWAY,fouls_committed,19,10.368421052631579,10.0,3.9045632323075163,3.0,8.0,11.5,18.0
2022-23,2023-05-28,West Ham United,AWAY,fouls_suffered,19,9.263157894736842,9.0,2.684153192828811,5.0,7.5,10.5,16.0
2022-23,2023-05-28,West Ham United,AWAY,corners_for,19,5.315789473684211,5.0,3.712630567534852,1.0,3.0,6.0,14.0
2022-23,2023-05-28,West Ham United,AWAY,corners_against,19,6.2105263157894735,6.0,2.299249814092053,3.0,4.0,8.0,11.0
2022-23,2023-05-28,West Ham United,AWAY,yellow_cards,19,1.3157894736842106,1.0,0.88522637273985,0.0,1.0,2.0,3.0
2022-23,2023-05-28,West Ham United,AWAY,yellow_cards_opponent,19,1.4210526315789473,1.0,1.304513083861144,0.0,0.5,2.0,4.0
2022-23,2023-05-28,West Ham United,AWAY,shots_for,19,11.105263157894736,9.0,5.886847268295137,3.0,6.5,15.5,25.0
2022-23,2023-05-28,West Ham United,AWAY,shots_against,19,14.631578947368421,16.0,4.704731971534256,7.0,11.5,16.5,24.0
2022-23,2023-05-28,West Ham United,AWAY,shots_on_target_for,19,3.5789473684210527,4.0,2.008752777048048,1.0,2.0,4.0,10.0
2022-23,2023-05-28,West Ham United,AWAY,shots_on_target_against,19,5.2105263157894735,5.0,2.3232866415303666,2.0,3.0,6.5,10.0
2022-23,2023-05-28,West Ham United,AWAY,goals_for,19,0.8421052631578947,1.0,1.11868761873192,0.0,0.0,1.0,4.0
2022-23,2023-05-28,West Ham United,AWAY,goals_against,19,1.631578947368421,1.0,1.2115429242540032,0.0,1.0,2.0,4.0
2022-23,2023-05-28,Wolverhampton Wanderers,ALL,fouls_committed,38,12.18421052631579,11.5,3.958263768698204,5.0,10.0,14.75,22.0
2022-23,2023-05-28,Wolverhampton Wanderers,ALL,fouls_suffered,38,10.894736842105264,10.5,2.8549575060425463,6.0,9.0,13.0,18.0
2022-23,2023-05-28,Wolverhampton Wanderers,ALL,corners_for,38,4.894736842105263,5.0,2.251599715808206,1.0,3.25,6.0,12.0
2022-23,2023-05-28,Wolverhampton Wanderers,ALL,corners_against,38,5.368421052631579,5.0,2.9902639550089702,1.0,3.0,7.0,13.0
2022-23,2023-05-28,Wolverhampton Wanderers,ALL,yellow_cards,38,2.1842105263157894,2.0,1.4860661503208545,0.0,1.0,3.0,6.0
2022-23,2023-05-28,Wolverhampton Wanderers,ALL,yellow_cards_opponent,38,1.9736842105263157,2.0,1.173740661656158,0.0,1.0,3.0,5.0
2022-23,2023-05-28,Wolverhampton Wanderers,ALL,shots_for,38,10.868421052631579,10.0,4.562900053584809,4.0,8.0,13.75,23.0
2022-23,2023-05-28,Wolverhampton Wanderers,ALL,shots_against,38,14.605263157894736,14.0,4.923959479514761,5.0,12.0,17.75,27.0
2022-23,2023-05-28,Wolverhampton Wanderers,ALL,shots_on_target_for,38,3.289473684210526,3.0,1.9987549467422465,0.0,2.0,4.0,9.0
2022-23,2023-05-28,Wolverhampton Wanderers,ALL,shots_on_target_against,38,4.7894736842105265,4.0,2.2197868748055596,1.0,3.25,6.75,9.0
2022-23,2023-05-28,Wolverhampton Wanderers,ALL,goals_for,38,0.8157894736842105,1.0,0.8005154811506631,0.0,0.0,1.0,3.0
2022-23,2023-05-28,Wolverhampton Wanderers,ALL,goals_against,38,1.5263157894736843,1.0,1.5020138212424725,0.0,0.0,2.0,6.0
2022-23,2023-05-28,Wolverhampton Wanderers,HOME,fouls_committed,19,11.894736842105264,11.0,3.90006747579955,5.0,10.0,14.5,20.0
2022-23,2023-05-28,Wolverhampton Wanderers,HOME,fouls_suffered,19,10.736842105263158,10.0,3.0155542196190055,6.0,9.0,13.0,18.0
2022-23,2023-05-28,Wolverhampton Wanderers,HOME,corners_for,19,5.315789473684211,5.0,2.450683160511855,1.0,4.0,6.0,12.0
2022-23,2023-05-28,Wolverhampton Wanderers,HOME,corners_against,19,5.894736842105263,6.0,3.0712779975136892,2.0,3.5,7.5,13.0
2022-23,2023-05-28,Wolverhampton Wanderers,HOME,yellow_cards,19,2.3684210526315788,2.0,1.3420765964144055,0.0,1.5,3.0,5.0
2022-23,2023-05-28,Wolverhampton Wanderers,HOME,yellow_cards_opponent,19,2.1578947368421053,2.0,1.4245138700910818,0.0,1.0,3.0,5.0
2022-23,2023-05-28,Wolverhampton Wanderers,HOME,shots_for,19,11.157894736842104,10.0,4.798879011402754,6.0,8.0,12.5,23.0
2022-23,2023-05-28,Wolverhampton Wanderers,HOME,shots_against,19,14.157894736842104,14.0,5.0581414888906995,5.0,10.5,17.5,22.0
2022-23,2023-05-28,Wolverhampton Wanderers,HOME,shots_on_target_for,19,3.9473684210526314,4.0,2.172394587917682,1.0,2.0,5.0,9.0
2022-23,2023-05-28,Wolverhampton Wanderers,HOME,shots_on_target_against,19,3.9473684210526314,4.0,1.9853262874994269,1.0,3.0,5.0,8.0
2022-23,2023-05-28,Wolverhampton Wanderers,HOME,goals_for,19,1.0,1.0,0.8819171036881969,0.0,0.0,1.5,3.0
2022-23,2023-05-28,Wolverhampton Wanderers,HOME,goals_against,19,1.0526315789473684,0.0,1.4327007988227578,0.0,0.0,1.5,4.0
2022-23,2023-05-28,Wolverhampton Wanderers,AWAY,fouls_committed,19,12.473684210526315,12.0,4.101062478223466,6.0,9.5,15.0,22.0
2022-23,2023-05-28,Wolverhampton Wanderers,AWAY,fouls_suffered,19,11.052631578947368,11.0,2.758294243640972,6.0,9.0,13.0,17.0
2022-23,2023-05-28,Wolverhampton Wanderers,AWAY,corners_for,19,4.473684210526316,4.0,2.010207867986448,2.0,3.0,6.0,8.0
2022-23,2023-05-28,Wolverhampton Wanderers,AWAY,corners_against,19,4.842105263157895,4.0,2.8918113872476545,1.0,2.5,6.5,11.0
2022-23,2023-05-28,Wolverhampton Wanderers,AWAY,yellow_cards,19,2.0,2.0,1.632993161855452,0.0,1.0,3.0,6.0
2022-23,2023-05-28,Wolverhampton Wanderers,AWAY,yellow_cards_opponent,19,1.7894736842105263,2.0,0.8549819600709617,0.0,1.0,2.0,3.0
2022-23,2023-05-28,Wolverhampton Wanderers,AWAY,shots_for,19,10.578947368421053,10.0,4.426131863699251,4.0,7.5,14.5,20.0
2022-23,2023-05-28,Wolverhampton Wanderers,AWAY,shots_against,19,15.052631578947368,14.0,4.881640027360184,5.0,12.0,17.5,27.0
2022-23,2023-05-28,Wolverhampton Wanderers,AWAY,shots_on_target_for,19,2.6315789473684212,3.0,1.6059101370939322,0.0,1.5,4.0,6.0
2022-23,2023-05-28,Wolverhampton Wanderers,AWAY,shots_on_target_against,19,5.631578947368421,6.0,2.1656542843981734,2.0,4.0,7.5,9.0
2022-23,2023-05-28,Wolverhampton Wanderers,AWAY,goals_for,19,0.631578947368421,1.0,0.6839855680567694,0.0,0.0,1.0,2.0
2022-23,2023-05-28,Wolverhampton Wanderers,AWAY,goals_against,19,2.0,2.0,1.4529663145135578,0.0,1.0,2.0,6.0
2023-24,2024-05-19,Arsenal,ALL,fouls_committed,38,10.289473684210526,10.0,3.2291568202177845,4.0,8.0,12.0,20.0
2023-24,2024-05-19,Arsenal,ALL,fouls_suffered,38,10.710526315789474,11.0,3.2954341446904176,5.0,8.25,12.75,19.0
2023-24,2024-05-19,Arsenal,ALL,corners_for,38,6.7368421052631575,6.5,2.757635204362861,2.0,4.25,8.0,12.0
2023-24,2024-05-19,Arsenal,ALL,corners_against,38,2.973684210526316,3.0,2.2479641492916898,0.0,1.0,4.0,8.0
2023-24,2024-05-19,Arsenal,ALL,yellow_cards,38,1.631578947368421,1.0,1.3238162000204936,0.0,1.0,2.0,6.0
2023-24,2024-05-19,Arsenal,ALL,yellow_cards_opponent,38,2.026315789473684,2.0,1.4043723635203134,0.0,1.0,3.0,5.0
2023-24,2024-05-19,Arsenal,ALL,shots_for,38,17.289473684210527,16.0,5.511206738592282,6.0,13.0,20.75,30.0
2023-24,2024-05-19,Arsenal,ALL,shots_against,38,8.473684210526315,8.0,3.367064983080145,2.0,6.0,10.75,15.0
2023-24,2024-05-19,Arsenal,ALL,shots_on_target_for,38,5.973684210526316,6.0,2.784967777049389,1.0,4.0,8.0,12.0
2023-24,2024-05-19,Arsenal,ALL,shots_on_target_against,38,2.289473684210526,2.0,1.4124522424232973,0.0,1.0,3.0,5.0
2023-24,2024-05-19,Arsenal,ALL,goals_for,38,2.3947368421052633,2.0,1.701183589314193,0.0,1.0,3.0,6.0
2023-24,2024-05-19,Arsenal,ALL,goals_against,38,0.7631578947368421,1.0,0.8521581672219164,0.0,0.0,1.0,3.0
2023-24,2024-05-19,Arsenal,HOME,fouls_committed,19,10.263157894736842,10.0,2.621325052190164,6.0,8.0,12.0,16.0
2023-24,2024-05-19,Arsenal,HOME,fouls_suffered,19,9.842105263157896,10.0,3.1843917593777595,5.0,7.5,11.5,19.0
2023-24,2024-05-19,Arsenal,HOME,corners_for,19,6.7894736842105265,6.0,3.0290986442325094,2.0,4.0,9.5,12.0
2023-24,2024-05-19,Arsenal,HOME,corners_against,19,2.6842105263157894,3.0,1.9163806041293157,0.0,1.0,4.0,7.0
2023-24,2024-05-19,Arsenal,HOME,yellow_cards,19,1.7894736842105263,2.0,1.5121341566151925,0.0,1.0,2.0,6.0
2023-24,2024-05-19,Arsenal,HOME,yellow_cards_opponent,19,2.1052631578947367,2.0,1.2864566686188532,0.0,1.0,3.0,4.0
2023-24,2024-05-19,Arsenal,HOME,shots_for,19,18.94736842105263,18.0,5.431121065064911,12.0,15.0,23.0,30.0
2023-24,2024-05-19,Arsenal,HOME,shots_against,19,7.2631578947368425,7.0,2.9970745970614217,2.0,5.5,9.5,13.0
2023-24,2024-05-19,Arsenal,HOME,shots_on_target_for,19,6.684210526315789,6.0,2.2373752374638403,2.0,5.5,8.0,11.0
2023-24,2024-05-19,Arsenal,HOME,shots_on_target_against,19,2.3684210526315788,2.0,1.4985372985307104,0.0,1.0,3.0,5.0
2023-24,2024-05-19,Arsenal,HOME,goals_for,19,2.526315789473684,2.0,1.4669856112538158,0.0,2.0,3.0,5.0
2023-24,2024-05-19,Arsenal,HOME,goals_against,19,0.8421052631578947,1.0,0.7647191129018726,0.0,0.0,1.0,2.0
2023-24,2024-05-19,Arsenal,AWAY,fouls_committed,19,10.31578947368421,10.0,3.8159407108564896,4.0,7.5,12.0,20.0
2023-24,2024-05-19,Arsenal,AWAY,fouls_suffered,19,11.578947368421053,12.0,3.2543268543362083,5.0,10.0,14.0,17.0
2023-24,2024-05-19,Arsenal,AWAY,corners_for,19,6.684210526315789,7.0,2.5397425849209245,2.0,5.5,8.0,11.0
2023-24,2024-05-19,Arsenal,AWAY,corners_against,19,3.263157894736842,3.0,2.5569535967448513,0.0,1.0,4.5,8.0
2023-24,2024-05-19,Arsenal,AWAY,yellow_cards,19,1.4736842105263157,1.0,1.1239029738980326,0.0,1.0,2.0,5.0
2023-24,2024-05-19,Arsenal,AWAY,yellow_cards_opponent,19,1.9473684210526316,2.0,1.5446568914424657,0.0,1.0,3.0,5.0
2023-24,2024-05-19,Arsenal,AWAY,shots_for,19,15.631578947368421,14.0,5.209078894005792,6.0,13.0,19.5,25.0
2023-24,2024-05-19,Arsenal,AWAY,shots_against,19,9.68421052631579,9.0,3.350831266333564,4.0,8.0,12.5,15.0
2023-24,2024-05-19,Arsenal,AWAY,shots_on_target_for,19,5.2631578947368425,4.0,3.1418696709506855,1.0,3.0,7.5,12.0
2023-24,2024-05-19,Arsenal,AWAY,shots_on_target_against,19,2.210526315789474,2.0,1.3572417850765923,0.0,1.0,3.0,5.0
2023-24,2024-05-19,Arsenal,AWAY,goals_for,19,2.263157894736842,2.0,1.9391322590603908,0.0,1.0,3.5,6.0
2023-24,2024-05-19,Arsenal,AWAY,goals_against,19,0.6842105263157895,0.0,0.9459053029269173,0.0,0.0,1.0,3.0
2023-24,2024-05-19,Aston Villa,ALL,fouls_committed,38,10.868421052631579,11.0,3.51191833796257,4.0,8.25,13.0,19.0
2023-24,2024-05-19,Aston Villa,ALL,fouls_suffered,38,12.710526315789474,12.0,3.586068348761839,6.0,10.25,15.0,21.0
2023-24,2024-05-19,Aston Villa,ALL,corners_for,38,6.131578947368421,6.0,2.8680066778879145,1.0,4.0,8.0,12.0
2023-24,2024-05-19,Aston Villa,ALL,corners_against,38,4.2368421052631575,4.0,2.3299949022832043,0.0,2.25,6.75,9.0
2023-24,2024-05-19,Aston Villa,ALL,yellow_cards,38,2.473684210526316,3.0,1.4091753790544113,0.0,1.0,4.0,5.0
2023-24,2024-05-19,Aston Villa,ALL,yellow_cards_opponent,38,2.3684210526315788,2.0,1.532019557979367,0.0,1.0,3.0,6.0
2023-24,2024-05-19,Aston Villa,ALL,shots_for,38,13.526315789473685,13.0,4.137742184340184,2.0,11.0,16.0,23.0
2023-24,2024-05-19,Aston Villa,ALL,shots_against,38,11.947368421052632,12.5,4.848780110842329,2.0,9.0,15.0,25.0
2023-24,2024-05-19,Aston Villa,ALL,shots_on_target_for,38,5.0,5.0,2.23001636159311,1.0,3.0,6.0,10.0
2023-24,2024-05-19,Aston Villa,ALL,shots_on_target_against,38,4.7631578947368425,4.5,2.5620326656389167,1.0,3.0,5.0,13.0
2023-24,2024-05-19,Aston Villa,ALL,goals_for,38,2.0,2.0,1.4704292441876154,0.0,1.0,3.0,6.0
2023-24,2024-05-19,Aston Villa,ALL,goals_against,38,1.605263157894737,1.0,1.3860204297119676,0.0,1.0,2.0,5.0
2023-24,2024-05-19,Aston Villa,HOME,fouls_committed,19,11.157894736842104,11.0,3.50020884924087,4.0,9.0,13.0,19.0
2023-24,2024-05-19,Aston Villa,HOME,fouls_suffered,19,13.736842105263158,14.0,3.413081131033592,7.0,11.5,15.5,21.0
2023-24,2024-05-19,Aston Villa,HOME,corners_for,19,6.0,6.0,2.748737083745107,1.0,4.5,8.0,11.0
2023-24,2024-05-19,Aston Villa,HOME,corners_against,19,3.6842105263157894,4.0,2.109571614726748,0.0,2.0,4.0,8.0
2023-24,2024-05-19,Aston Villa,HOME,yellow_cards,19,2.526315789473684,3.0,1.4286131990551607,0.0,1.5,3.5,5.0
2023-24,2024-05-19,Aston Villa,HOME,yellow_cards_opponent,19,2.5789473684210527,2.0,1.304513083861144,1.0,2.0,3.5,5.0
2023-24,2024-05-19,Aston Villa,HOME,shots_for,19,14.736842105263158,14.0,4.18784093488595,9.0,11.5,18.0,23.0
2023-24,2024-05-19,Aston Villa,HOME,shots_against,19,10.736842105263158,10.0,4.470174061527233,2.0,8.5,14.0,21.0
2023-24,2024-05-19,Aston Villa,HOME,shots_on_target_for,19,5.526315789473684,6.0,2.1439429162340526,1.0,4.0,7.0,10.0
2023-24,2024-05-19,Aston Villa,HOME,shots_on_target_against,19,3.8947368421052633,4.0,1.5949481650269413,1.0,3.0,5.0,7.0
2023-24,2024-05-19,Aston Villa,HOME,goals_for,19,2.526315789473684,3.0,1.4669856112538155,0.0,1.0,3.0,6.0
2023-24,2024-05-19,Aston Villa,HOME,goals_against,19,1.4736842105263157,1.0,1.1722922015640782,0.0,1.0,2.0,4.0
2023-24,2024-05-19,Aston Villa,AWAY,fouls_committed,19,10.578947368421053,10.0,3.5949932695607556,6.0,7.5,12.5,19.0
2023-24,2024-05-19,Aston Villa,AWAY,fouls_suffered,19,11.68421052631579,12.0,3.5442070352579473,6.0,10.0,13.0,19.0
2023-24,2024-05-19,Aston Villa,AWAY,corners_for,19,6.2631578947368425,6.0,3.0521778247153644,3.0,4.0,8.5,12.0
2023-24,2024-05-19,Aston Villa,AWAY,corners_against,19,4.7894736842105265,4.0,2.462585528541114,0.0,3.0,7.0,9.0
2023-24,2024-05-19,Aston Villa,AWAY,yellow_cards,19,2.4210526315789473,3.0,1.4265650070355174,0.0,1.0,4.0,4.0
2023-24,2024-05-19,Aston Villa,AWAY,yellow_cards_opponent,19,2.1578947368421053,2.0,1.740471133366443,0.0,1.0,3.0,6.0
2023-24,2024-05-19,Aston Villa,AWAY,shots_for,19,12.31578947368421,13.0,3.8159407108564896,2.0,10.5,15.0,18.0
2023-24,2024-05-19,Aston Villa,AWAY,shots_against,19,13.157894736842104,13.0,5.025083281728183,4.0,10.0,16.0,25.0
2023-24,2024-05-19,Aston Villa,AWAY,shots_on_target_for,19,4.473684210526316,4.0,2.2452028132252595,1.0,3.0,5.5,10.0
2023-24,2024-05-19,Aston Villa,AWAY,shots_on_target_against,19,5.631578947368421,5.0,3.0588764516074907,2.0,3.5,7.5,13.0
2023-24,2024-05-19,Aston Villa,AWAY,goals_for,19,1.4736842105263157,1.0,1.3067525929498998,0.0,0.5,2.0,5.0
2023-24,2024-05-19,Aston Villa,AWAY,goals_against,19,1.736842105263158,1.0,1.5931138364556476,0.0,1.0,2.5,5.0
2023-24,2024-05-19,Bournemouth,ALL,fouls_committed,38,13.31578947368421,13.0,3.3296803122083394,8.0,10.25,15.75,22.0
2023-24,2024-05-19,Bournemouth,ALL,fouls_suffered,38,10.421052631578947,10.5,3.1761916593011996,4.0,8.25,12.0,20.0
2023-24,2024-05-19,Bournemouth,ALL,corners_for,38,6.2105263157894735,6.0,3.602985959397162,1.0,3.0,9.0,14.0
2023-24,2024-05-19,Bournemouth,ALL,corners_against,38,5.631578947368421,5.5,2.813299040912441,1.0,4.0,7.75,12.0
2023-24,2024-05-19,Bournemouth,ALL,yellow_cards,38,2.1052631578947367,2.0,1.1806886145601307,0.0,1.0,3.0,5.0
2023-24,2024-05-19,Bournemouth,ALL,yellow_cards_opponent,38,2.1052631578947367,2.0,1.4480083933647012,0.0,1.0,3.0,6.0
2023-24,2024-05-19,Bournemouth,ALL,shots_for,38,14.263157894736842,13.0,5.9805279100179405,5.0,11.0,17.5,32.0
2023-24,2024-05-19,Bournemouth,ALL,shots_against,38,14.0,14.0,5.66640168961821,3.0,9.25,17.0,26.0
2023-24,2024-05-19,Bournemouth,ALL,shots_on_target_for,38,4.868421052631579,4.0,2.621852580344349,1.0,4.0,6.0,12.0
2023-24,2024-05-19,Bournemouth,ALL,shots_on_target_against,38,5.184210526315789,5.0,2.3116071764606936,1.0,3.0,6.75,10.0
2023-24,2024-05-19,Bournemouth,ALL,goals_for,38,1.4210526315789473,1.0,1.0301293266320894,0.0,1.0,2.0,4.0
2023-24,2024-05-19,Bournemouth,ALL,goals_against,38,1.763157894736842,2.0,1.4033591077148642,0.0,1.0,3.0,6.0
2023-24,2024-05-19,Bournemouth,HOME,fouls_committed,19,13.31578947368421,14.0,3.0560074094395957,9.0,10.5,15.5,19.0
2023-24,2024-05-19,Bournemouth,HOME,fouls_suffered,19,11.368421052631579,11.0,3.235403569465476,4.0,10.0,12.0,20.0
2023-24,2024-05-19,Bournemouth,HOME,corners_for,19,7.052631578947368,7.0,2.9528457876452054,1.0,6.0,9.5,11.0
2023-24,2024-05-19,Bournemouth,HOME,corners_against,19,5.2631578947368425,5.0,2.684153192828811,2.0,3.0,7.0,12.0
2023-24,2024-05-19,Bournemouth,HOME,yellow_cards,19,1.894736842105263,2.0,1.2864566686188532,0.0,1.0,2.5,5.0
2023-24,2024-05-19,Bournemouth,HOME,yellow_cards_opponent,19,2.5789473684210527,2.0,1.5024346712987118,0.0,2.0,3.0,6.0
2023-24,2024-05-19,Bournemouth,HOME,shots_for,19,14.473684210526315,13.0,5.94762717441569,7.0,11.0,15.5,32.0
2023-24,2024-05-19,Bournemouth,HOME,shots_against,19,11.31578947368421,11.0,4.397633600761858,3.0,8.0,14.5,20.0
2023-24,2024-05-19,Bournemouth,HOME,shots_on_target_for,19,5.157894736842105,4.0,2.9488822344658896,1.0,4.0,6.0,12.0
2023-24,2024-05-19,Bournemouth,HOME,shots_on_target_against,19,4.684210526315789,5.0,2.23737523746384,1.0,3.0,6.0,9.0
2023-24,2024-05-19,Bournemouth,HOME,goals_for,19,1.4210526315789473,1.0,1.1697953037312037,0.0,0.5,2.0,4.0
2023-24,2024-05-19,Bournemouth,HOME,goals_against,19,1.4736842105263157,1.0,1.2635233389495326,0.0,0.5,2.0,4.0
2023-24,2024-05-19,Bournemouth,AWAY,fouls_committed,19,13.31578947368421,13.0,3.667464028134539,8.0,10.5,16.0,22.0
2023-24,2024-05-19,Bournemouth,AWAY,fouls_suffered,19,9.473684210526315,9.0,2.893832926388107,5.0,7.5,11.0,16.0
2023-24,2024-05-19,Bournemouth,AWAY,corners_for,19,5.368421052631579,4.0,4.0580581880143045,1.0,2.0,7.0,14.0
2023-24,2024-05-19,Bournemouth,AWAY,corners_against,19,6.0,6.0,2.96273147243853,1.0,4.0,8.0,12.0
2023-24,2024-05-19,Bournemouth,AWAY,yellow_cards,19,2.3157894736842106,3.0,1.0568628408301077,0.0,1.5,3.0,4.0
2023-24,2024-05-19,Bournemouth,AWAY,yellow_cards_opponent,19,1.631578947368421,1.0,1.2565617248750864,0.0,1.0,2.5,4.0
2023-24,2024-05-19,Bournemouth,AWAY,shots_for,19,14.052631578947368,12.0,6.16868151057804,5.0,10.0,19.5,25.0
2023-24,2024-05-19,Bournemouth,AWAY,shots_against,19,16.68421052631579,16.0,5.608056026615713,7.0,12.5,20.5,26.0
2023-24,2024-05-19,Bournemouth,AWAY,shots_on_target_for,19,4.578947368421052,4.0,2.2928824526173313,1.0,4.0,5.5,11.0
2023-24,2024-05-19,Bournemouth,AWAY,shots_on_target_against,19,5.684210526315789,6.0,2.3345861298441783,2.0,4.0,7.5,10.0
2023-24,2024-05-19,Bournemouth,AWAY,goals_for,19,1.4210526315789473,1.0,0.9015905373704981,0.0,1.0,2.0,3.0
2023-24,2024-05-19,Bournemouth,AWAY,goals_against,19,2.0526315789473686,2.0,1.5082618476808298,0.0,1.0,3.0,6.0
2023-24,2024-05-19,Brentford,ALL,fouls_committed,38,10.105263157894736,10.0,3.754561000603749,2.0,8.25,12.0,19.0
2023-24,2024-05-19,Brentford,ALL,fouls_suffered,38,11.421052631578947,12.0,3.358181449207844,4.0,9.25,14.0,18.0
2023-24,2024-05-19,Brentford,ALL,corners_for,38,4.868421052631579,4.0,3.0771261832516577,0.0,3.0,7.0,14.0
2023-24,2024-05-19,Brentford,ALL,corners_against,38,5.7631578947368425,6.0,3.008404538337113,0.0,4.0,7.0,13.0
2023-24,2024-05-19,Brentford,ALL,yellow_cards,38,2.3157894736842106,2.0,1.4723627483025046,0.0,1.0,3.0,6.0
2023-24,2024-05-19,Brentford,ALL,yellow_cards_opponent,38,1.8157894736842106,2.0,1.2270655648443334,0.0,1.0,2.0,5.0
2023-24,2024-05-19,Brentford,ALL,shots_for,38,12.447368421052632,11.0,5.916981372566601,4.0,9.0,14.75,31.0
2023-24,2024-05-19,Brentford,ALL,shots_against,38,14.421052631578947,15.0,5.011508803109253,6.0,11.0,17.0,25.0
2023-24,2024-05-19,Brentford,ALL,shots_on_target_for,38,4.526315789473684,4.5,2.036648573292728,1.0,3.0,5.0,10.0
2023-24,2024-05-19,Brentford,ALL,shots_on_target_against,38,4.921052631578948,5.0,2.953528159972348,1.0,3.0,6.0,15.0
2023-24,2024-05-19,Brentford,ALL,goals_for,38,1.4736842105263157,1.0,1.1563419045786132,0.0,1.0,2.0,5.0
2023-24,2024-05-19,Brentford,ALL,goals_against,38,1.7105263157894737,2.0,1.2500355613718228,0.0,1.0,2.75,4.0
2023-24,2024-05-19,Brentford,HOME,fouls_committed,19,9.105263157894736,9.0,4.228142970910059,2.0,6.5,11.0,19.0
2023-24,2024-05-19,Brentford,HOME,fouls_suffered,19,11.210526315789474,12.0,3.645071975640857,4.0,8.5,14.0,18.0
2023-24,2024-05-19,Brentford,HOME,corners_for,19,4.842105263157895,5.0,3.5160450934843266,0.0,2.0,7.0,14.0
2023-24,2024-05-19,Brentford,HOME,corners_against,19,5.421052631578948,5.0,3.114763937438102,0.0,4.0,6.0,13.0
2023-24,2024-05-19,Brentford,HOME,yellow_cards,19,1.9473684210526316,1.0,1.5802139169719436,0.0,1.0,2.5,6.0
2023-24,2024-05-19,Brentford,HOME,yellow_cards_opponent,19,1.894736842105263,2.0,1.3289401308354825,0.0,1.0,2.5,4.0
2023-24,2024-05-19,Brentford,HOME,shots_for,19,13.68421052631579,12.0,7.219207647957461,4.0,9.0,15.5,31.0
2023-24,2024-05-19,Brentford,HOME,shots_against,19,14.105263157894736,15.0,4.99883027253049,6.0,11.5,16.0,25.0
2023-24,2024-05-19,Brentford,HOME,shots_on_target_for,19,4.473684210526316,5.0,2.0914753180106986,1.0,3.0,5.5,10.0
2023-24,2024-05-19,Brentford,HOME,shots_on_target_against,19,5.0,5.0,3.1269438398822866,1.0,3.0,6.0,15.0
2023-24,2024-05-19,Brentford,HOME,goals_for,19,1.5263157894736843,1.0,1.0202625507753482,0.0,1.0,2.0,3.0
2023-24,2024-05-19,Brentford,HOME,goals_against,19,1.7894736842105263,2.0,1.3572417850765923,0.0,1.0,2.5,4.0
2023-24,2024-05-19,Brentford,AWAY,fouls_committed,19,11.105263157894736,11.0,2.998050048542761,6.0,9.0,12.0,17.0
2023-24,2024-05-19,Brentford,AWAY,fouls_suffered,19,11.631578947368421,12.0,3.1306819689395593,5.0,10.0,14.0,16.0
2023-24,2024-05-19,Brentford,AWAY,corners_for,19,4.894736842105263,4.0,2.664472781748457,1.0,3.0,6.5,11.0
2023-24,2024-05-19,Brentford,AWAY,corners_against,19,6.105263157894737,6.0,2.9419331671936257,1.0,4.5,7.5,11.0
2023-24,2024-05-19,Brentford,AWAY,yellow_cards,19,2.6842105263157894,2.0,1.293257367998745,1.0,2.0,4.0,5.0
2023-24,2024-05-19,Brentford,AWAY,yellow_cards_opponent,19,1.736842105263158,2.0,1.1470786693528088,0.0,1.0,2.0,5.0
2023-24,2024-05-19,Brentford,AWAY,shots_for,19,11.210526315789474,10.0,4.076749077504731,6.0,9.0,12.5,21.0
2023-24,2024-05-19,Brentford,AWAY,shots_against,19,14.736842105263158,17.0,5.140710124564049,6.0,10.5,17.5,25.0
2023-24,2024-05-19,Brentford,AWAY,shots_on_target_for,19,4.578947368421052,4.0,2.03622170463075,2.0,3.0,5.0,9.0
2023-24,2024-05-19,Brentford,AWAY,shots_on_target_against,19,4.842105263157895,5.0,2.8531300140710343,1.0,2.5,6.0,11.0
2023-24,2024-05-19,Brentford,AWAY,goals_for,19,1.4210526315789473,1.0,1.304513083861144,0.0,0.5,2.0,5.0
2023-24,2024-05-19,Brentford,AWAY,goals_against,19,1.631578947368421,1.0,1.1647854507156372,0.0,1.0,2.5,4.0
2023-24,2024-05-19,Brighton & Hove Albion,ALL,fouls_committed,38,10.894736842105264,11.0,3.4546441416001823,5.0,9.0,13.0,21.0
2023-24,2024-05-19,Brighton & Hove Albion,ALL,fouls_suffered,38,12.131578947368421,13.0,4.430673505215101,3.0,9.0,14.75,20.0
2023-24,2024-05-19,Brighton & Hove Albion,ALL,corners_for,38,5.421052631578948,5.0,3.243551431540271,0.0,3.25,7.0,17.0
2023-24,2024-05-19,Brighton & Hove Albion,ALL,corners_against,38,4.394736842105263,4.0,2.4773511757106954,1.0,3.0,6.0,10.0
2023-24,2024-05-19,Brighton & Hove Albion,ALL,yellow_cards,38,2.3421052631578947,2.0,1.3808793866634737,0.0,1.25,3.0,6.0
2023-24,2024-05-19,Brighton & Hove Albion,ALL,yellow_cards_opponent,38,2.4473684210526314,2.0,1.2235828740982888,0.0,2.0,3.0,5.0
2023-24,2024-05-19,Brighton & Hove Albion,ALL,shots_for,38,14.789473684210526,14.5,6.156332247575013,5.0,10.25,18.0,29.0
2023-24,2024-05-19,Brighton & Hove Albion,ALL,shots_against,38,12.289473684210526,11.0,5.83052496239632,2.0,8.25,15.75,30.0
2023-24,2024-05-19,Brighton & Hove Albion,ALL,shots_on_target_for,38,5.473684210526316,5.5,2.9567773006585907,1.0,3.0,8.0,12.0
2023-24,2024-05-19,Brighton & Hove Albion,ALL,shots_on_target_against,38,4.394736842105263,4.0,2.15029191838728,1.0,3.0,6.0,9.0
2023-24,2024-05-19,Brighton & Hove Albion,ALL,goals_for,38,1.4473684210526316,1.0,1.4084180971121876,0.0,0.25,2.0,5.0
2023-24,2024-05-19,Brighton & Hove Albion,ALL,goals_against,38,1.631578947368421,1.0,1.3032402991707421,0.0,1.0,2.0,6.0
2023-24,2024-05-19,Brighton & Hove Albion,HOME,fouls_committed,19,11.473684210526315,12.0,2.7961962467417045,5.0,10.0,13.0,18.0
2023-24,2024-05-19,Brighton & Hove Albion,HOME,fouls_suffered,19,11.842105263157896,13.0,4.3110086199910835,3.0,8.5,14.0,20.0
2023-24,2024-05-19,Brighton & Hove Albion,HOME,corners_for,19,7.052631578947368,7.0,3.09970758854814,3.0,5.5,8.0,17.0
2023-24,2024-05-19,Brighton & Hove Albion,HOME,corners_against,19,3.6842105263157894,3.0,1.796683103788366,1.0,3.0,4.5,7.0
2023-24,2024-05-19,Brighton & Hove Albion,HOME,yellow_cards,19,1.894736842105263,2.0,1.1969747440993466,0.0,1.0,3.0,4.0
2023-24,2024-05-19,Brighton & Hove Albion,HOME,yellow_cards_opponent,19,2.526315789473684,3.0,1.1239029738980326,0.0,2.0,3.0,4.0
2023-24,2024-05-19,Brighton & Hove Albion,HOME,shots_for,19,15.947368421052632,15.0,6.114406341770286,7.0,11.5,18.0,29.0
2023-24,2024-05-19,Brighton & Hove Albion,HOME,shots_against,19,10.421052631578947,9.0,4.375636962821455,2.0,8.0,12.5,20.0
2023-24,2024-05-19,Brighton & Hove Albion,HOME,shots_on_target_for,19,5.947368421052632,6.0,3.0636522179060575,2.0,3.0,7.5,12.0
2023-24,2024-05-19,Brighton & Hove Albion,HOME,shots_on_target_against,19,3.6315789473684212,3.0,1.640139774388806,1.0,3.0,4.5,7.0
2023-24,2024-05-19,Brighton & Hove Albion,HOME,goals_for,19,1.5789473684210527,1.0,1.3870748387117167,0.0,1.0,2.5,4.0
2023-24,2024-05-19,Brighton & Hove Albion,HOME,goals_against,19,1.4210526315789473,1.0,1.0706067580626217,0.0,1.0,2.0,4.0
2023-24,2024-05-19,Brighton & Hove Albion,AWAY,fouls_committed,19,10.31578947368421,10.0,4.000730927370194,5.0,7.5,12.0,21.0
2023-24,2024-05-19,Brighton & Hove Albion,AWAY,fouls_suffered,19,12.421052631578947,13.0,4.646573283060733,3.0,9.0,15.5,20.0
2023-24,2024-05-19,Brighton & Hove Albion,AWAY,corners_for,19,3.789473684210526,4.0,2.529359764587365,0.0,2.0,5.0,10.0
2023-24,2024-05-19,Brighton & Hove Albion,AWAY,corners_against,19,5.105263157894737,5.0,2.8847248442270166,1.0,2.5,8.0,10.0
2023-24,2024-05-19,Brighton & Hove Albion,AWAY,yellow_cards,19,2.789473684210526,2.0,1.4367767695018308,0.0,2.0,4.0,6.0
2023-24,2024-05-19,Brighton & Hove Albion,AWAY,yellow_cards_opponent,19,2.3684210526315788,2.0,1.3420765964144055,1.0,1.0,3.0,5.0
2023-24,2024-05-19,Brighton & Hove Albion,AWAY,shots_for,19,13.631578947368421,13.0,6.139222954049817,5.0,9.0,18.0,24.0
2023-24,2024-05-19,Brighton & Hove Albion,AWAY,shots_against,19,14.157894736842104,14.0,6.58502643118577,5.0,10.0,18.0,30.0
2023-24,2024-05-19,Brighton & Hove Albion,AWAY,shots_on_target_for,19,5.0,5.0,2.848001248439177,1.0,3.0,8.0,10.0
2023-24,2024-05-19,Brighton & Hove Albion,AWAY,shots_on_target_against,19,5.157894736842105,5.0,2.363217154989661,1.0,3.5,6.5,9.0
2023-24,2024-05-19,Brighton & Hove Albion,AWAY,goals_for,19,1.3157894736842106,1.0,1.4549773415168656,0.0,0.0,1.5,5.0
2023-24,2024-05-19,Brighton & Hove Albion,AWAY,goals_against,19,1.8421052631578947,2.0,1.5004872502970805,0.0,1.0,2.5,6.0
2023-24,2024-05-19,Burnley,ALL,fouls_committed,38,11.236842105263158,11.0,3.1745117566823353,6.0,9.0,13.0,18.0
2023-24,2024-05-19,Burnley,ALL,fouls_suffered,38,9.68421052631579,9.5,3.058928121381425,3.0,8.0,12.0,17.0
2023-24,2024-05-19,Burnley,ALL,corners_for,38,4.7631578947368425,4.0,2.2473312764893696,1.0,3.0,6.0,12.0
2023-24,2024-05-19,Burnley,ALL,corners_against,38,6.131578947368421,5.5,3.085896887730854,1.0,4.0,8.0,13.0
2023-24,2024-05-19,Burnley,ALL,yellow_cards,38,1.868421052631579,2.0,1.255712409654784,0.0,1.0,2.0,5.0
2023-24,2024-05-19,Burnley,ALL,yellow_cards_opponent,38,2.1578947368421053,2.0,1.4800715064806413,0.0,1.0,3.0,5.0
2023-24,2024-05-19,Burnley,ALL,shots_for,38,11.394736842105264,11.0,4.570998315964678,2.0,8.0,15.5,20.0
2023-24,2024-05-19,Burnley,ALL,shots_against,38,16.157894736842106,16.0,6.532771092789212,4.0,11.25,20.0,33.0
2023-24,2024-05-19,Burnley,ALL,shots_on_target_for,38,3.736842105263158,3.5,2.1770822344313334,0.0,2.25,5.0,9.0
2023-24,2024-05-19,Burnley,ALL,shots_on_target_against,38,6.473684210526316,6.0,2.9107149869782223,2.0,4.0,8.75,13.0
2023-24,2024-05-19,Burnley,ALL,goals_for,38,1.0789473684210527,1.0,1.0999159414410407,0.0,0.0,1.75,5.0
2023-24,2024-05-19,Burnley,ALL,goals_against,38,2.0526315789473686,2.0,1.2069028582475425,0.0,1.0,3.0,5.0
2023-24,2024-05-19,Burnley,HOME,fouls_committed,19,10.421052631578947,11.0,2.9498736220328,6.0,8.5,11.0,18.0
2023-24,2024-05-19,Burnley,HOME,fouls_suffered,19,9.842105263157896,9.0,2.8531300140710343,5.0,8.0,12.0,17.0
2023-24,2024-05-19,Burnley,HOME,corners_for,19,5.578947368421052,5.0,2.479152845310139,2.0,4.0,7.0,12.0
2023-24,2024-05-19,Burnley,HOME,corners_against,19,5.052631578947368,5.0,3.0271674367399104,1.0,3.5,6.0,13.0
2023-24,2024-05-19,Burnley,HOME,yellow_cards,19,1.4210526315789473,2.0,1.0173926082384546,0.0,1.0,2.0,4.0
2023-24,2024-05-19,Burnley,HOME,yellow_cards_opponent,19,2.1578947368421053,2.0,1.6754156331667822,0.0,1.0,3.5,5.0
2023-24,2024-05-19,Burnley,HOME,shots_for,19,13.368421052631579,13.0,4.179454062112651,6.0,10.5,17.0,20.0
2023-24,2024-05-19,Burnley,HOME,shots_against,19,13.105263157894736,12.0,5.237628140486082,4.0,9.0,16.5,23.0
2023-24,2024-05-19,Burnley,HOME,shots_on_target_for,19,3.8421052631578947,4.0,2.1670040223194182,0.0,2.5,5.5,7.0
2023-24,2024-05-19,Burnley,HOME,shots_on_target_against,19,5.894736842105263,6.0,2.643540068462601,2.0,3.5,7.5,11.0
2023-24,2024-05-19,Burnley,HOME,goals_for,19,1.0,1.0,1.2018504251546631,0.0,0.0,1.0,5.0
2023-24,2024-05-19,Burnley,HOME,goals_against,19,2.263157894736842,2.0,1.407997208928653,0.0,1.0,3.0,5.0
2023-24,2024-05-19,Burnley,AWAY,fouls_committed,19,12.052631578947368,13.0,3.2570212057189503,6.0,9.5,14.0,18.0
2023-24,2024-05-19,Burnley,AWAY,fouls_suffered,19,9.526315789473685,10.0,3.322790344351358,3.0,7.5,11.0,16.0
2023-24,2024-05-19,Burnley,AWAY,corners_for,19,3.9473684210526314,4.0,1.6823820483841196,1.0,3.0,5.0,8.0
2023-24,2024-05-19,Burnley,AWAY,corners_against,19,7.2105263157894735,7.0,2.820144743496157,3.0,5.0,9.0,12.0
2023-24,2024-05-19,Burnley,AWAY,yellow_cards,19,2.3157894736842106,2.0,1.335524515310053,0.0,1.0,3.0,5.0
2023-24,2024-05-19,Burnley,AWAY,yellow_cards_opponent,19,2.1578947368421053,2.0,1.3022697235014482,0.0,1.5,3.0,5.0
2023-24,2024-05-19,Burnley,AWAY,shots_for,19,9.421052631578947,8.0,4.154191851795059,2.0,6.5,11.5,18.0
2023-24,2024-05-19,Burnley,AWAY,shots_against,19,19.210526315789473,19.0,6.373372972056136,7.0,14.5,22.5,33.0
2023-24,2024-05-19,Burnley,AWAY,shots_on_target_for,19,3.6315789473684212,3.0,2.2412924425129126,0.0,2.5,4.5,9.0
2023-24,2024-05-19,Burnley,AWAY,shots_on_target_against,19,7.052631578947368,6.0,3.117578907680451,3.0,4.0,10.0,13.0
2023-24,2024-05-19,Burnley,AWAY,goals_for,19,1.1578947368421053,1.0,1.0145145470035761,0.0,0.5,2.0,4.0
2023-24,2024-05-19,Burnley,AWAY,goals_against,19,1.8421052631578947,2.0,0.9581903020646578,0.0,1.0,3.0,3.0
2023-24,2024-05-19,Chelsea,ALL,fouls_committed,38,11.710526315789474,12.0,4.158403375626744,5.0,9.0,13.75,21.0
2023-24,2024-05-19,Chelsea,ALL,fouls_suffered,38,12.210526315789474,12.0,2.9331091771761084,7.0,11.0,14.0,21.0
2023-24,2024-05-19,Chelsea,ALL,corners_for,38,5.342105263157895,6.0,2.9889554877145823,0.0,3.25,7.0,12.0
2023-24,2024-05-19,Chelsea,ALL,corners_against,38,5.026315789473684,4.0,3.2589738237777057,0.0,3.0,7.0,12.0
2023-24,2024-05-19,Chelsea,ALL,yellow_cards,38,2.736842105263158,3.0,1.4081655792980354,0.0,2.0,3.75,5.0
2023-24,2024-05-19,Chelsea,ALL,yellow_cards_opponent,38,2.4473684210526314,2.0,1.131785683586081,0.0,2.0,3.0,5.0
2023-24,2024-05-19,Chelsea,ALL,shots_for,38,14.421052631578947,14.0,5.934924480711583,4.0,10.25,17.0,33.0
2023-24,2024-05-19,Chelsea,ALL,shots_against,38,14.631578947368421,13.0,6.055692218925564,6.0,11.0,17.25,31.0
2023-24,2024-05-19,Chelsea,ALL,shots_on_target_for,38,5.657894736842105,5.0,2.821503488313659,1.0,4.0,6.0,14.0
2023-24,2024-05-19,Chelsea,ALL,shots_on_target_against,38,4.947368421052632,5.0,2.680735764482546,1.0,3.0,6.0,13.0
2023-24,2024-05-19,Chelsea,ALL,goals_for,38,2.026315789473684,2.0,1.4609667681305392,0.0,1.0,3.0,6.0
2023-24,2024-05-19,Chelsea,ALL,goals_against,38,1.6578947368421053,2.0,1.320857947831609,0.0,1.0,2.0,5.0
2023-24,2024-05-19,Chelsea,HOME,fouls_committed,19,10.578947368421053,12.0,3.469162394483465,5.0,8.0,12.5,16.0
2023-24,2024-05-19,Chelsea,HOME,fouls_suffered,19,11.947368421052632,12.0,3.7039571063410053,7.0,9.0,14.5,21.0
2023-24,2024-05-19,Chelsea,HOME,corners_for,19,6.105263157894737,6.0,3.264195269930082,0.0,4.0,8.0,12.0
2023-24,2024-05-19,Chelsea,HOME,corners_against,19,4.7894736842105265,4.0,2.8786367793805354,0.0,3.0,6.5,11.0
2023-24,2024-05-19,Chelsea,HOME,yellow_cards,19,2.4210526315789473,3.0,1.304513083861144,0.0,1.5,3.0,5.0
2023-24,2024-05-19,Chelsea,HOME,yellow_cards_opponent,19,2.6315789473684212,3.0,1.2565617248750864,0.0,2.0,3.0,5.0
2023-24,2024-05-19,Chelsea,HOME,shots_for,19,16.473684210526315,16.0,6.577473519120913,8.0,11.5,18.0,33.0
2023-24,2024-05-19,Chelsea,HOME,shots_against,19,13.578947368421053,13.0,4.375636962821454,6.0,11.0,16.5,22.0
2023-24,2024-05-19,Chelsea,HOME,shots_on_target_for,19,6.526315789473684,6.0,3.437835576389947,2.0,4.0,8.5,14.0
2023-24,2024-05-19,Chelsea,HOME,shots_on_target_against,19,4.368421052631579,4.0,2.671049030620106,1.0,2.5,6.0,10.0
2023-24,2024-05-19,Chelsea,HOME,goals_for,19,2.3157894736842106,2.0,1.634782743939708,0.0,1.5,3.0,6.0
2023-24,2024-05-19,Chelsea,HOME,goals_against,19,1.368421052631579,1.0,1.3000224919331833,0.0,0.0,2.0,4.0
2023-24,2024-05-19,Chelsea,AWAY,fouls_committed,19,12.842105263157896,12.0,4.561470984656118,7.0,9.0,15.0,21.0
2023-24,2024-05-19,Chelsea,AWAY,fouls_suffered,19,12.473684210526315,12.0,1.954152872805093,7.0,12.0,14.0,15.0
2023-24,2024-05-19,Chelsea,AWAY,corners_for,19,4.578947368421052,6.0,2.5454925188934836,1.0,2.0,6.0,9.0
2023-24,2024-05-19,Chelsea,AWAY,corners_against,19,5.2631578947368425,4.0,3.664273541207769,0.0,2.5,7.5,12.0
2023-24,2024-05-19,Chelsea,AWAY,yellow_cards,19,3.0526315789473686,3.0,1.4709665835968126,0.0,2.0,4.0,5.0
2023-24,2024-05-19,Chelsea,AWAY,yellow_cards_opponent,19,2.263157894736842,2.0,0.9911892555667041,1.0,2.0,3.0,4.0
2023-24,2024-05-19,Chelsea,AWAY,shots_for,19,12.368421052631579,13.0,4.4995126441746685,4.0,9.0,16.0,21.0
2023-24,2024-05-19,Chelsea,AWAY,shots_against,19,15.68421052631579,13.0,7.341303483857977,8.0,10.5,17.5,31.0
2023-24,2024-05-19,Chelsea,AWAY,shots_on_target_for,19,4.7894736842105265,5.0,1.7184924714030627,1.0,4.0,6.0,8.0
2023-24,2024-05-19,Chelsea,AWAY,shots_on_target_against,19,5.526315789473684,5.0,2.6324559942007593,2.0,4.0,6.0,13.0
2023-24,2024-05-19,Chelsea,AWAY,goals_for,19,1.736842105263158,2.0,1.2401659953032225,0.0,1.0,2.5,4.0
2023-24,2024-05-19,Chelsea,AWAY,goals_against,19,1.9473684210526316,2.0,1.3112201362143716,0.0,1.0,2.0,5.0
2023-24,2024-05-19,Crystal Palace,ALL,fouls_committed,38,12.0,12.0,3.1365327732765427,7.0,10.0,14.0,20.0
2023-24,2024-05-19,Crystal Palace,ALL,fouls_suffered,38,11.578947368421053,11.0,3.6586186947961394,3.0,9.0,13.75,18.0
2023-24,2024-05-19,Crystal Palace,ALL,corners_for,38,4.684210526315789,4.0,3.1027909246432257,1.0,2.0,6.75,12.0
2023-24,2024-05-19,Crystal Palace,ALL,corners_against,38,5.2105263157894735,4.5,3.137893033307215,0.0,3.0,7.75,12.0
2023-24,2024-05-19,Crystal Palace,ALL,yellow_cards,38,1.8157894736842106,2.0,1.3527801834559328,0.0,1.0,2.75,5.0
2023-24,2024-05-19,Crystal Palace,ALL,yellow_cards_opponent,38,2.0,2.0,1.451932542547383,0.0,1.0,3.0,6.0
2023-24,2024-05-19,Crystal Palace,ALL,shots_for,38,12.0,13.0,5.00270197263709,3.0,8.0,15.0,24.0
2023-24,2024-05-19,Crystal Palace,ALL,shots_against,38,12.078947368421053,11.5,4.6753035972955574,2.0,9.0,15.5,21.0
2023-24,2024-05-19,Crystal Palace,ALL,shots_on_target_for,38,4.447368421052632,4.0,2.367543697145786,1.0,3.0,5.0,11.0
2023-24,2024-05-19,Crystal Palace,ALL,shots_on_target_against,38,4.078947368421052,4.0,2.1356887482935063,0.0,2.0,5.75,9.0
2023-24,2024-05-19,Crystal Palace,ALL,goals_for,38,1.5,1.0,1.310044356583477,0.0,1.0,2.0,5.0
2023-24,2024-05-19,Crystal Palace,ALL,goals_against,38,1.5263157894736843,1.0,1.3504121914330387,0.0,0.25,2.0,5.0
2023-24,2024-05-19,Crystal Palace,HOME,fouls_committed,19,12.0,12.0,3.6666666666666665,7.0,9.5,14.0,20.0
2023-24,2024-05-19,Crystal Palace,HOME,fouls_suffered,19,11.842105263157896,11.0,4.0724434092615,3.0,9.5,15.0,18.0
2023-24,2024-05-19,Crystal Palace,HOME,corners_for,19,5.421052631578948,4.0,3.5010441216186448,1.0,3.0,7.5,12.0
2023-24,2024-05-19,Crystal Palace,HOME,corners_against,19,4.052631578947368,3.0,2.8377159087807518,0.0,2.0,6.5,9.0
2023-24,2024-05-19,Crystal Palace,HOME,yellow_cards,19,1.9473684210526316,2.0,1.4327007988227578,0.0,1.0,3.0,5.0
2023-24,2024-05-19,Crystal Palace,HOME,yellow_cards_opponent,19,2.1578947368421053,2.0,1.11868761873192,1.0,1.0,3.0,4.0
2023-24,2024-05-19,Crystal Palace,HOME,shots_for,19,13.578947368421053,13.0,4.154191851795059,7.0,11.5,16.0,21.0
2023-24,2024-05-19,Crystal Palace,HOME,shots_against,19,10.473684210526315,10.0,4.376305152023306,2.0,8.0,14.0,18.0
2023-24,2024-05-19,Crystal Palace,HOME,shots_on_target_for,19,5.052631578947368,4.0,2.6556791182195503,2.0,3.0,6.5,11.0
2023-24,2024-05-19,Crystal Palace,HOME,shots_on_target_against,19,3.4210526315789473,4.0,2.008752777048048,0.0,2.0,5.0,8.0
2023-24,2024-05-19,Crystal Palace,HOME,goals_for,19,1.9473684210526316,2.0,1.6149882768933412,0.0,1.0,3.0,5.0
2023-24,2024-05-19,Crystal Palace,HOME,goals_against,19,1.368421052631579,1.0,1.2115429242540032,0.0,0.0,2.0,4.0
2023-24,2024-05-19,Crystal Palace,AWAY,fouls_committed,19,12.0,12.0,2.6034165586355513,7.0,10.5,14.0,16.0
2023-24,2024-05-19,Crystal Palace,AWAY,fouls_suffered,19,11.31578947368421,11.0,3.283843134346425,7.0,8.5,13.0,18.0
2023-24,2024-05-19,Crystal Palace,AWAY,corners_for,19,3.9473684210526314,3.0,2.5270466778990652,1.0,2.0,6.0,9.0
2023-24,2024-05-19,Crystal Palace,AWAY,corners_against,19,6.368421052631579,6.0,3.05887645160749,2.0,4.0,8.5,12.0
2023-24,2024-05-19,Crystal Palace,AWAY,yellow_cards,19,1.6842105263157894,2.0,1.293257367998745,0.0,1.0,2.0,5.0
2023-24,2024-05-19,Crystal Palace,AWAY,yellow_cards_opponent,19,1.8421052631578947,1.0,1.740471133366443,0.0,0.5,3.0,6.0
2023-24,2024-05-19,Crystal Palace,AWAY,shots_for,19,10.421052631578947,10.0,5.37810158031504,3.0,6.5,13.5,24.0
2023-24,2024-05-19,Crystal Palace,AWAY,shots_against,19,13.68421052631579,13.0,4.509898145917456,8.0,9.5,18.0,21.0
2023-24,2024-05-19,Crystal Palace,AWAY,shots_on_target_for,19,3.8421052631578947,3.0,1.9224740395512594,1.0,2.5,5.0,8.0
2023-24,2024-05-19,Crystal Palace,AWAY,shots_on_target_against,19,4.7368421052631575,5.0,2.1040201008534405,1.0,3.5,6.0,9.0
2023-24,2024-05-19,Crystal Palace,AWAY,goals_for,19,1.0526315789473684,1.0,0.7050361858740393,0.0,1.0,1.0,3.0
2023-24,2024-05-19,Crystal Palace,AWAY,goals_against,19,1.6842105263157894,1.0,1.4926721593968972,0.0,1.0,2.5,5.0
2023-24,2024-05-19,Everton,ALL,fouls_committed,38,12.026315789473685,12.0,3.300178882172684,6.0,10.0,14.0,21.0
2023-24,2024-05-19,Everton,ALL,fouls_suffered,38,9.81578947368421,9.0,3.1093169768598545,5.0,8.0,12.75,15.0
2023-24,2024-05-19,Everton,ALL,corners_for,38,4.868421052631579,4.0,2.473328566183952,0.0,3.0,6.75,10.0
2023-24,2024-05-19,Everton,ALL,corners_against,38,6.2631578947368425,5.5,3.2439899567138477,0.0,4.0,8.0,15.0
2023-24,2024-05-19,Everton,ALL,yellow_cards,38,2.0789473684210527,2.0,1.302421423627014,0.0,1.0,3.0,4.0
2023-24,2024-05-19,Everton,ALL,yellow_cards_opponent,38,1.605263157894737,1.5,1.1517195999827183,0.0,1.0,2.0,4.0
2023-24,2024-05-19,Everton,ALL,shots_for,38,13.342105263157896,11.0,6.019231861694348,5.0,9.0,18.0,25.0
2023-24,2024-05-19,Everton,ALL,shots_against,38,14.157894736842104,13.0,5.324732277444382,6.0,11.0,16.0,26.0
2023-24,2024-05-19,Everton,ALL,shots_on_target_for,38,4.2631578947368425,4.0,2.468002918723534,0.0,2.25,6.0,11.0
2023-24,2024-05-19,Everton,ALL,shots_on_target_against,38,4.5,4.0,2.275011137483875,1.0,2.25,6.0,10.0
2023-24,2024-05-19,Everton,ALL,goals_for,38,1.0526315789473684,1.0,0.9571175312915062,0.0,0.0,1.75,3.0
2023-24,2024-05-19,Everton,ALL,goals_against,38,1.3421052631578947,1.0,1.3611663478274936,0.0,0.0,2.0,6.0
2023-24,2024-05-19,Everton,HOME,fouls_committed,19,11.052631578947368,11.0,3.2054412802560575,6.0,8.5,13.0,18.0
2023-24,2024-05-19,Everton,HOME,fouls_suffered,19,10.368421052631579,11.0,3.269565487879416,5.0,8.0,13.0,15.0
2023-24,2024-05-19,Everton,HOME,corners_for,19,5.105263157894737,4.0,2.424292264240461,1.0,3.0,6.5,10.0
2023-24,2024-05-19,Everton,HOME,corners_against,19,5.526315789473684,5.0,2.9129675791122467,0.0,4.0,6.0,13.0
2023-24,2024-05-19,Everton,HOME,yellow_cards,19,1.736842105263158,1.0,1.3679711361135387,0.0,1.0,3.0,4.0
2023-24,2024-05-19,Everton,HOME,yellow_cards_opponent,19,1.7894736842105263,2.0,1.134261745631201,0.0,1.0,2.0,4.0
2023-24,2024-05-19,Everton,HOME,shots_for,19,15.473684210526315,15.0,5.966279513069279,7.0,10.0,20.0,25.0
2023-24,2024-05-19,Everton,HOME,shots_against,19,12.0,11.0,4.714045207910317,6.0,9.0,13.0,23.0
2023-24,2024-05-19,Everton,HOME,shots_on_target_for,19,5.0,5.0,2.6457513110645907,1.0,3.5,6.0,11.0
2023-24,2024-05-19,Everton,HOME,shots_on_target_against,19,3.789473684210526,4.0,2.0433889978394295,1.0,2.0,4.5,9.0
2023-24,2024-05-19,Everton,HOME,goals_for,19,1.1578947368421053,1.0,0.9581903020646578,0.0,0.5,2.0,3.0
2023-24,2024-05-19,Everton,HOME,goals_against,19,0.9473684210526315,1.0,1.1290942392774799,0.0,0.0,1.5,3.0
2023-24,2024-05-19,Everton,AWAY,fouls_committed,19,13.0,12.0,3.1797973380564852,8.0,11.0,14.0,21.0
2023-24,2024-05-19,Everton,AWAY,fouls_suffered,19,9.263157894736842,9.0,2.9219876276100885,5.0,7.5,10.0,15.0
2023-24,2024-05-19,Everton,AWAY,corners_for,19,4.631578947368421,4.0,2.564945880212885,0.0,3.0,6.5,8.0
2023-24,2024-05-19,Everton,AWAY,corners_against,19,7.0,7.0,3.4641016151377544,1.0,4.0,9.0,15.0
2023-24,2024-05-19,Everton,AWAY,yellow_cards,19,2.4210526315789473,2.0,1.1697953037312037,0.0,2.0,3.0,4.0
2023-24,2024-05-19,Everton,AWAY,yellow_cards_opponent,19,1.4210526315789473,1.0,1.1697953037312037,0.0,1.0,2.0,4.0
2023-24,2024-05-19,Everton,AWAY,shots_for,19,11.210526315789474,10.0,5.41170487994332,5.0,7.5,14.0,23.0
2023-24,2024-05-19,Everton,AWAY,shots_against,19,16.31578947368421,14.0,5.121334804075848,11.0,13.0,18.5,26.0
2023-24,2024-05-19,Everton,AWAY,shots_on_target_for,19,3.526315789473684,3.0,2.0914753180106986,0.0,2.0,5.0,8.0
2023-24,2024-05-19,Everton,AWAY,shots_on_target_against,19,5.2105263157894735,6.0,2.3232866415303666,2.0,3.5,6.5,10.0
2023-24,2024-05-19,Everton,AWAY,goals_for,19,0.9473684210526315,1.0,0.9703197760719183,0.0,0.0,1.0,3.0
2023-24,2024-05-19,Everton,AWAY,goals_against,19,1.736842105263158,2.0,1.4848159355870005,0.0,1.0,2.0,6.0
2023-24,2024-05-19,Fulham,ALL,fouls_committed,38,10.105263157894736,10.0,3.703829090127708,5.0,7.0,12.75,20.0
2023-24,2024-05-19,Fulham,ALL,fouls_suffered,38,10.131578947368421,10.0,3.31394312883707,3.0,7.0,12.0,17.0
2023-24,2024-05-19,Fulham,ALL,corners_for,38,5.578947368421052,5.0,3.7677979729176854,1.0,3.0,7.5,15.0
2023-24,2024-05-19,Fulham,ALL,corners_against,38,4.973684210526316,4.0,2.804309830833876,1.0,3.0,6.0,14.0
2023-24,2024-05-19,Fulham,ALL,yellow_cards,38,2.026315789473684,2.0,1.4793505168268426,0.0,1.0,2.75,5.0
2023-24,2024-05-19,Fulham,ALL,yellow_cards_opponent,38,1.6842105263157894,2.0,1.3377121081198773,0.0,1.0,2.0,5.0
2023-24,2024-05-19,Fulham,ALL,shots_for,38,13.157894736842104,13.5,5.2325711513065025,1.0,9.25,15.75,25.0
2023-24,2024-05-19,Fulham,ALL,shots_against,38,13.763157894736842,14.0,5.692262223197267,4.0,9.25,16.75,27.0
2023-24,2024-05-19,Fulham,ALL,shots_on_target_for,38,4.684210526315789,5.0,2.014880630330441,1.0,3.0,6.0,10.0
2023-24,2024-05-19,Fulham,ALL,shots_on_target_against,38,5.157894736842105,4.5,2.61519794909382,1.0,3.25,6.0,12.0
2023-24,2024-05-19,Fulham,ALL,goals_for,38,1.4473684210526316,1.0,1.4648562040129665,0.0,0.0,2.75,5.0
2023-24,2024-05-19,Fulham,ALL,goals_against,38,1.605263157894737,1.5,1.3464562835349834,0.0,0.25,2.75,5.0
2023-24,2024-05-19,Fulham,HOME,fouls_committed,19,9.473684210526315,9.0,3.3394680390184495,5.0,6.5,11.0,16.0
2023-24,2024-05-19,Fulham,HOME,fouls_suffered,19,11.473684210526315,11.0,2.815994417857306,6.0,10.0,13.0,17.0
2023-24,2024-05-19,Fulham,HOME,corners_for,19,5.894736842105263,5.0,3.9566362936506962,1.0,3.5,8.0,15.0
2023-24,2024-05-19,Fulham,HOME,corners_against,19,4.894736842105263,4.0,3.0165236953616597,1.0,3.5,6.0,14.0
2023-24,2024-05-19,Fulham,HOME,yellow_cards,19,1.894736842105263,2.0,1.448935887014454,0.0,1.0,2.0,5.0
2023-24,2024-05-19,Fulham,HOME,yellow_cards_opponent,19,1.736842105263158,2.0,0.9334586382051248,0.0,1.0,2.0,4.0
2023-24,2024-05-19,Fulham,HOME,shots_for,19,13.473684210526315,14.0,5.200089967732733,1.0,11.0,15.5,25.0
2023-24,2024-05-19,Fulham,HOME,shots_against,19,12.526315789473685,12.0,5.189395394591118,4.0,9.5,14.5,25.0
2023-24,2024-05-19,Fulham,HOME,shots_on_target_for,19,4.473684210526316,5.0,1.9255135260966845,1.0,3.0,6.0,8.0
2023-24,2024-05-19,Fulham,HOME,shots_on_target_against,19,4.421052631578948,4.0,2.090076805438398,1.0,3.0,5.0,9.0
2023-24,2024-05-19,Fulham,HOME,goals_for,19,1.631578947368421,1.0,1.7065405655167958,0.0,0.0,3.0,5.0
2023-24,2024-05-19,Fulham,HOME,goals_against,19,1.263157894736842,1.0,1.1945294407402949,0.0,0.0,2.0,4.0
2023-24,2024-05-19,Fulham,AWAY,fouls_committed,19,10.736842105263158,11.0,4.025503491809826,5.0,7.5,13.0,20.0
2023-24,2024-05-19,Fulham,AWAY,fouls_suffered,19,8.789473684210526,10.0,3.292735225182538,3.0,6.0,11.5,15.0
2023-24,2024-05-19,Fulham,AWAY,corners_for,19,5.2631578947368425,4.0,3.6490806340343056,1.0,3.0,5.5,15.0
2023-24,2024-05-19,Fulham,AWAY,corners_against,19,5.052631578947368,4.0,2.6556791182195503,2.0,3.0,7.0,10.0
2023-24,2024-05-19,Fulham,AWAY,yellow_cards,19,2.1578947368421053,2.0,1.5370663939515445,0.0,1.0,3.0,5.0
2023-24,2024-05-19,Fulham,AWAY,yellow_cards_opponent,19,1.631578947368421,2.0,1.6736694986296652,0.0,0.0,2.0,5.0
2023-24,2024-05-19,Fulham,AWAY,shots_for,19,12.842105263157896,10.0,5.387878967282197,6.0,9.0,16.0,24.0
2023-24,2024-05-19,Fulham,AWAY,shots_against,19,15.0,15.0,6.036923425424944,7.0,10.0,18.5,27.0
2023-24,2024-05-19,Fulham,AWAY,shots_on_target_for,19,4.894736842105263,5.0,2.131633094395658,2.0,3.0,5.5,10.0
2023-24,2024-05-19,Fulham,AWAY,shots_on_target_against,19,5.894736842105263,5.0,2.9229881370136974,3.0,4.0,8.0,12.0
2023-24,2024-05-19,Fulham,AWAY,goals_for,19,1.263157894736842,1.0,1.1945294407402949,0.0,0.0,2.0,4.0
2023-24,2024-05-19,Fulham,AWAY,goals_against,19,1.9473684210526316,2.0,1.4327007988227578,0.0,1.0,3.0,5.0
2023-24,2024-05-19,Liverpool,ALL,fouls_committed,38,12.157894736842104,12.0,3.7309973725567813,4.0,10.0,14.75,20.0
2023-24,2024-05-19,Liverpool,ALL,fouls_suffered,38,10.31578947368421,10.5,3.28061681047688,4.0,8.0,12.75,17.0
2023-24,2024-05-19,Liverpool,ALL,corners_for,38,7.552631578947368,7.0,3.244099578745026,1.0,5.0,10.0,13.0
2023-24,2024-05-19,Liverpool,ALL,corners_against,38,4.0,4.0,2.5040507723028043,0.0,2.25,5.0,12.0
2023-24,2024-05-19,Liverpool,ALL,yellow_cards,38,1.7105263157894737,2.0,1.1833962745133204,0.0,1.0,2.0,5.0
2023-24,2024-05-19,Liverpool,ALL,yellow_cards_opponent,38,2.3947368421052633,2.0,1.6528349713113402,0.0,1.0,3.75,6.0
2023-24,2024-05-19,Liverpool,ALL,shots_for,38,20.789473684210527,21.0,7.469425589322375,8.0,14.0,26.0,36.0
2023-24,2024-05-19,Liverpool,ALL,shots_against,38,10.973684210526315,10.0,4.611893215667176,4.0,8.0,13.0,24.0
2023-24,2024-05-19,Liverpool,ALL,shots_on_target_for,38,7.2894736842105265,7.0,3.6160893819439366,1.0,4.5,9.75,15.0
2023-24,2024-05-19,Liverpool,ALL,shots_on_target_against,38,3.9210526315789473,4.0,2.0973803344709134,0.0,3.0,5.0,8.0
2023-24,2024-05-19,Liverpool,ALL,goals_for,38,2.263157894736842,2.0,1.2232922023103416,0.0,1.0,3.0,4.0
2023-24,2024-05-19,Liverpool,ALL,goals_against,38,1.0789473684210527,1.0,0.881693056456553,0.0,0.25,1.75,3.0
2023-24,2024-05-19,Liverpool,HOME,fouls_committed,19,12.0,12.0,3.7712361663282534,6.0,9.5,14.5,20.0
2023-24,2024-05-19,Liverpool,HOME,fouls_suffered,19,11.157894736842104,12.0,2.9109593282157546,6.0,9.0,13.0,16.0
2023-24,2024-05-19,Liverpool,HOME,corners_for,19,8.578947368421053,8.0,2.8149558803269255,3.0,7.0,10.5,13.0
2023-24,2024-05-19,Liverpool,HOME,corners_against,19,3.1052631578947367,3.0,1.7917941611104424,0.0,2.0,4.0,8.0
2023-24,2024-05-19,Liverpool,HOME,yellow_cards,19,1.368421052631579,1.0,1.3000224919331833,0.0,0.5,2.0,5.0
2023-24,2024-05-19,Liverpool,HOME,yellow_cards_opponent,19,2.5789473684210527,3.0,1.5024346712987118,0.0,1.0,4.0,5.0
2023-24,2024-05-19,Liverpool,HOME,shots_for,19,25.157894736842106,26.0,6.2384396009716045,13.0,21.0,29.0,36.0
2023-24,2024-05-19,Liverpool,HOME,shots_against,19,9.052631578947368,9.0,3.2054412802560575,4.0,7.0,11.0,16.0
2023-24,2024-05-19,Liverpool,HOME,shots_on_target_for,19,9.210526315789474,9.0,3.4573423860342505,3.0,6.5,12.5,15.0
2023-24,2024-05-19,Liverpool,HOME,shots_on_target_against,19,3.3684210526315788,3.0,1.5351629054269227,1.0,3.0,4.5,6.0
2023-24,2024-05-19,Liverpool,HOME,goals_for,19,2.5789473684210527,3.0,1.304513083861144,0.0,2.0,3.5,4.0
2023-24,2024-05-19,Liverpool,HOME,goals_against,19,0.8947368421052632,1.0,0.8093026382225119,0.0,0.0,1.0,3.0
2023-24,2024-05-19,Liverpool,AWAY,fouls_committed,19,12.31578947368421,12.0,3.7867111437961185,4.0,10.0,14.0,20.0
2023-24,2024-05-19,Liverpool,AWAY,fouls_suffered,19,9.473684210526315,9.0,3.485978597700469,4.0,7.0,11.0,17.0
2023-24,2024-05-19,Liverpool,AWAY,corners_for,19,6.526315789473684,5.0,3.3890087218771012,1.0,4.0,8.5,13.0
2023-24,2024-05-19,Liverpool,AWAY,corners_against,19,4.894736842105263,4.0,2.8263588048171187,1.0,3.5,6.0,12.0
2023-24,2024-05-19,Liverpool,AWAY,yellow_cards,19,2.0526315789473686,2.0,0.9703197760719182,0.0,1.5,3.0,4.0
2023-24,2024-05-19,Liverpool,AWAY,yellow_cards_opponent,19,2.210526315789474,2.0,1.8128843613430887,0.0,1.0,3.0,6.0
2023-24,2024-05-19,Liverpool,AWAY,shots_for,19,16.42105263157895,14.0,5.956469773594313,8.0,13.5,20.5,28.0
2023-24,2024-05-19,Liverpool,AWAY,shots_against,19,12.894736842105264,11.0,5.065073618441683,6.0,9.0,15.5,24.0
2023-24,2024-05-19,Liverpool,AWAY,shots_on_target_for,19,5.368421052631579,6.0,2.671049030620106,1.0,3.5,7.0,10.0
2023-24,2024-05-19,Liverpool,AWAY,shots_on_target_against,19,4.473684210526316,5.0,2.45783149799058,0.0,2.5,6.0,8.0
2023-24,2024-05-19,Liverpool,AWAY,goals_for,19,1.9473684210526316,2.0,1.0787690624311024,0.0,1.0,2.5,4.0
2023-24,2024-05-19,Liverpool,AWAY,goals_against,19,1.263157894736842,1.0,0.9334586382051249,0.0,1.0,2.0,3.0
2023-24,2024-05-19,Luton,ALL,fouls_committed,38,11.657894736842104,12.0,2.952564764966706,6.0,10.0,14.0,16.0
2023-24,2024-05-19,Luton,ALL,fouls_suffered,38,12.342105263157896,12.0,4.521876648146502,5.0,9.0,15.0,21.0
2023-24,2024-05-19,Luton,ALL,corners_for,38,5.368421052631579,5.5,2.5618938585053654,1.0,4.0,7.0,13.0
2023-24,2024-05-19,Luton,ALL,corners_against,38,5.947368421052632,6.0,2.9495521274405934,1.0,4.0,7.0,13.0
2023-24,2024-05-19,Luton,ALL,yellow_cards,38,1.868421052631579,2.0,1.417478778745367,0.0,1.0,2.0,6.0
2023-24,2024-05-19,Luton,ALL,yellow_cards_opponent,38,1.8421052631578947,2.0,1.2197987381503441,0.0,1.0,2.0,5.0
2023-24,2024-05-19,Luton,ALL,shots_for,38,11.342105263157896,10.5,5.036495541541911,4.0,7.25,15.0,22.0
2023-24,2024-05-19,Luton,ALL,shots_against,38,17.236842105263158,16.5,6.553044312239864,3.0,13.0,21.0,33.0
2023-24,2024-05-19,Luton,ALL,shots_on_target_for,38,3.710526315789474,4.0,2.0521300040062807,1.0,2.0,5.0,9.0
2023-24,2024-05-19,Luton,ALL,shots_on_target_against,38,6.105263157894737,6.0,3.0205554678372737,1.0,4.0,8.0,13.0
2023-24,2024-05-19,Luton,ALL,goals_for,38,1.368421052631579,1.0,0.9978640061050118,0.0,1.0,2.0,4.0
2023-24,2024-05-19,Luton,ALL,goals_against,38,2.236842105263158,2.0,1.3443417062057164,0.0,1.0,3.0,5.0
2023-24,2024-05-19,Luton,HOME,fouls_committed,19,11.631578947368421,13.0,3.3534480814659586,7.0,8.0,14.0,16.0
2023-24,2024-05-19,Luton,HOME,fouls_suffered,19,12.894736842105264,13.0,5.269353079016914,5.0,8.0,17.0,21.0
2023-24,2024-05-19,Luton,HOME,corners_for,19,6.631578947368421,7.0,2.4542599318054106,3.0,4.5,8.0,13.0
2023-24,2024-05-19,Luton,HOME,corners_against,19,5.105263157894737,6.0,2.378018242199567,1.0,3.5,7.0,9.0
2023-24,2024-05-19,Luton,HOME,yellow_cards,19,1.9473684210526316,2.0,1.5802139169719438,0.0,1.0,2.0,6.0
2023-24,2024-05-19,Luton,HOME,yellow_cards_opponent,19,1.9473684210526316,2.0,1.26814318375447,0.0,1.0,2.0,5.0
2023-24,2024-05-19,Luton,HOME,shots_for,19,13.894736842105264,15.0,5.476157785671195,4.0,9.0,18.0,22.0
2023-24,2024-05-19,Luton,HOME,shots_against,19,14.105263157894736,15.0,5.704722574246956,3.0,9.5,17.0,24.0
2023-24,2024-05-19,Luton,HOME,shots_on_target_for,19,4.421052631578948,4.0,1.9809029779843168,1.0,3.0,5.0,9.0
2023-24,2024-05-19,Luton,HOME,shots_on_target_against,19,5.315789473684211,6.0,2.70909233629083,1.0,3.0,8.0,9.0
2023-24,2024-05-19,Luton,HOME,goals_for,19,1.4736842105263157,1.0,0.9048278567177281,0.0,1.0,2.0,4.0
2023-24,2024-05-19,Luton,HOME,goals_against,19,1.9473684210526316,2.0,1.393384536958932,0.0,1.0,3.0,5.0
2023-24,2024-05-19,Luton,AWAY,fouls_committed,19,11.68421052631579,12.0,2.5831211005067187,6.0,10.5,14.0,16.0
2023-24,2024-05-19,Luton,AWAY,fouls_suffered,19,11.789473684210526,12.0,3.690512571572636,6.0,9.0,14.5,20.0
2023-24,2024-05-19,Luton,AWAY,corners_for,19,4.105263157894737,4.0,2.024701263070274,1.0,2.5,6.0,8.0
2023-24,2024-05-19,Luton,AWAY,corners_against,19,6.7894736842105265,6.0,3.2758196153095462,2.0,4.0,8.5,13.0
2023-24,2024-05-19,Luton,AWAY,yellow_cards,19,1.7894736842105263,2.0,1.2727462594467416,0.0,1.0,2.5,4.0
2023-24,2024-05-19,Luton,AWAY,yellow_cards_opponent,19,1.736842105263158,2.0,1.1945294407402949,0.0,1.0,2.0,5.0
2023-24,2024-05-19,Luton,AWAY,shots_for,19,8.789473684210526,9.0,2.8978717740289084,4.0,7.0,11.0,14.0
2023-24,2024-05-19,Luton,AWAY,shots_against,19,20.36842105263158,19.0,5.918056421906224,13.0,16.0,24.0,33.0
2023-24,2024-05-19,Luton,AWAY,shots_on_target_for,19,3.0,3.0,1.9148542155126762,1.0,1.5,4.0,8.0
2023-24,2024-05-19,Luton,AWAY,shots_on_target_against,19,6.894736842105263,6.0,3.177957709705773,2.0,4.5,8.0,13.0
2023-24,2024-05-19,Luton,AWAY,goals_for,19,1.263157894736842,1.0,1.0975784083941789,0.0,1.0,1.5,4.0
2023-24,2024-05-19,Luton,AWAY,goals_against,19,2.526315789473684,2.0,1.2635233389495326,1.0,1.5,3.5,5.0
2023-24,2024-05-19,Manchester City,ALL,fouls_committed,38,7.552631578947368,7.0,3.5082710642989716,2.0,5.0,10.75,15.0
2023-24,2024-05-19,Manchester City,ALL,fouls_suffered,38,11.078947368421053,11.0,3.773174009406823,2.0,9.0,13.0,20.0
2023-24,2024-05-19,Manchester City,ALL,corners_for,38,7.421052631578948,7.0,3.873901441122815,0.0,4.0,11.0,15.0
2023-24,2024-05-19,Manchester City,ALL,corners_against,38,3.5,3.0,2.544203799417997,0.0,1.0,6.0,8.0
2023-24,2024-05-19,Manchester City,ALL,yellow_cards,38,1.3421052631578947,1.0,1.2142468645541808,0.0,0.0,2.0,4.0
2023-24,2024-05-19,Manchester City,ALL,yellow_cards_opponent,38,2.3684210526315788,2.0,1.6508974239514922,0.0,1.0,3.75,7.0
2023-24,2024-05-19,Manchester City,ALL,shots_for,38,18.157894736842106,18.0,7.751290444576811,2.0,14.0,24.5,33.0
2023-24,2024-05-19,Manchester City,ALL,shots_against,38,7.7368421052631575,7.0,4.565938585174426,1.0,5.0,9.0,22.0
2023-24,2024-05-19,Manchester City,ALL,shots_on_target_for,38,7.315789473684211,7.0,3.602591133253913,1.0,5.0,9.75,15.0
2023-24,2024-05-19,Manchester City,ALL,shots_on_target_against,38,2.9210526315789473,2.5,1.8362944318377412,1.0,2.0,3.75,9.0
2023-24,2024-05-19,Manchester City,ALL,goals_for,38,2.526315789473684,2.5,1.4839108683304938,0.0,1.25,3.0,6.0
2023-24,2024-05-19,Manchester City,ALL,goals_against,38,0.8947368421052632,1.0,0.8941090593195696,0.0,0.0,1.0,4.0
2023-24,2024-05-19,Manchester City,HOME,fouls_committed,19,7.7894736842105265,7.0,3.376042182602796,3.0,5.0,10.5,14.0
2023-24,2024-05-19,Manchester City,HOME,fouls_suffered,19,11.578947368421053,11.0,3.731484504615708,6.0,9.5,13.0,20.0
2023-24,2024-05-19,Manchester City,HOME,corners_for,19,8.157894736842104,9.0,3.7897985565746377,2.0,6.0,11.5,15.0
2023-24,2024-05-19,Manchester City,HOME,corners_against,19,2.526315789473684,2.0,2.2941573387056176,0.0,1.0,3.5,8.0
2023-24,2024-05-19,Manchester City,HOME,yellow_cards,19,1.1578947368421053,1.0,1.11868761873192,0.0,0.0,2.0,4.0
2023-24,2024-05-19,Manchester City,HOME,yellow_cards_opponent,19,2.5789473684210527,2.0,1.7421503147829251,0.0,1.0,4.0,7.0
2023-24,2024-05-19,Manchester City,HOME,shots_for,19,19.157894736842106,19.0,7.603092630230126,7.0,14.0,25.0,33.0
2023-24,2024-05-19,Manchester City,HOME,shots_against,19,5.894736842105263,6.0,2.2084367734794084,2.0,4.5,8.0,10.0
2023-24,2024-05-19,Manchester City,HOME,shots_on_target_for,19,6.7894736842105265,5.0,3.599057706437757,1.0,4.0,10.0,13.0
2023-24,2024-05-19,Manchester City,HOME,shots_on_target_against,19,2.4210526315789473,2.0,1.304513083861144,1.0,1.5,3.0,6.0
2023-24,2024-05-19,Manchester City,HOME,goals_for,19,2.6842105263157894,2.0,1.6684201302412267,0.0,1.5,3.5,6.0
2023-24,2024-05-19,Manchester City,HOME,goals_against,19,0.8421052631578947,1.0,0.7647191129018727,0.0,0.0,1.0,3.0
2023-24,2024-05-19,Manchester City,AWAY,fouls_committed,19,7.315789473684211,6.0,3.7126305675348514,2.0,4.5,10.5,15.0
2023-24,2024-05-19,Manchester City,AWAY,fouls_suffered,19,10.578947368421053,11.0,3.8487485624649502,2.0,8.0,13.0,18.0
2023-24,2024-05-19,Manchester City,AWAY,corners_for,19,6.684210526315789,5.0,3.916526686561667,0.0,4.0,10.0,13.0
2023-24,2024-05-19,Manchester City,AWAY,corners_against,19,4.473684210526316,4.0,2.45783149799058,0.0,3.0,6.5,8.0
2023-24,2024-05-19,Manchester City,AWAY,yellow_cards,19,1.5263157894736843,2.0,1.3067525929498998,0.0,0.0,2.5,4.0
2023-24,2024-05-19,Manchester City,AWAY,yellow_cards_opponent,19,2.1578947368421053,2.0,1.5727950313140984,0.0,1.0,3.0,5.0
2023-24,2024-05-19,Manchester City,AWAY,shots_for,19,17.157894736842106,17.0,7.974007481915065,2.0,12.5,23.0,30.0
2023-24,2024-05-19,Manchester City,AWAY,shots_against,19,9.578947368421053,7.0,5.550933750016841,1.0,6.0,12.5,22.0
2023-24,2024-05-19,Manchester City,AWAY,shots_on_target_for,19,7.842105263157895,8.0,3.6249621897604647,1.0,6.0,9.5,15.0
2023-24,2024-05-19,Manchester City,AWAY,shots_on_target_against,19,3.4210526315789473,3.0,2.168352920067421,1.0,2.0,4.5,9.0
2023-24,2024-05-19,Manchester City,AWAY,goals_for,19,2.3684210526315788,3.0,1.3000224919331833,0.0,1.5,3.0,4.0
2023-24,2024-05-19,Manchester City,AWAY,goals_against,19,0.9473684210526315,1.0,1.0259783520851542,0.0,0.0,1.0,4.0
2023-24,2024-05-19,Manchester United,ALL,fouls_committed,38,10.473684210526315,10.0,3.3750823181573733,5.0,8.0,13.0,21.0
2023-24,2024-05-19,Manchester United,ALL,fouls_suffered,38,9.263157894736842,9.5,2.75763520436286,4.0,7.0,11.0,17.0
2023-24,2024-05-19,Manchester United,ALL,corners_for,38,5.947368421052632,5.0,2.894051386579894,0.0,4.0,8.0,12.0
2023-24,2024-05-19,Manchester United,ALL,corners_against,38,7.342105263157895,7.0,3.4427857654024945,1.0,4.25,9.0,15.0
2023-24,2024-05-19,Manchester United,ALL,yellow_cards,38,2.1052631578947367,2.0,1.5732471788098021,0.0,1.0,3.0,5.0
2023-24,2024-05-19,Manchester United,ALL,yellow_cards_opponent,38,2.210526315789474,2.0,1.2767758112768801,0.0,1.0,3.0,5.0
2023-24,2024-05-19,Manchester United,ALL,shots_for,38,14.473684210526315,14.0,6.079370709366728,3.0,10.0,19.0,28.0
2023-24,2024-05-19,Manchester United,ALL,shots_against,38,17.55263157894737,17.0,6.832740609665774,8.0,11.25,22.0,34.0
2023-24,2024-05-19,Manchester United,ALL,shots_on_target_for,38,5.078947368421052,5.0,2.8887627478509317,1.0,3.0,7.75,13.0
2023-24,2024-05-19,Manchester United,ALL,shots_on_target_against,38,5.526315789473684,5.0,2.2629428592141423,2.0,4.0,7.0,10.0
2023-24,2024-05-19,Manchester United,ALL,goals_for,38,1.5,1.0,1.179784680309035,0.0,1.0,2.0,4.0
2023-24,2024-05-19,Manchester United,ALL,goals_against,38,1.5263157894736843,1.5,1.1794832149456596,0.0,1.0,2.0,4.0
2023-24,2024-05-19,Manchester United,HOME,fouls_committed,19,9.631578947368421,9.0,2.8908000875534148,5.0,7.5,11.0,16.0
2023-24,2024-05-19,Manchester United,HOME,fouls_suffered,19,9.31578947368421,10.0,3.037773884843735,4.0,7.5,11.0,17.0
2023-24,2024-05-19,Manchester United,HOME,corners_for,19,7.842105263157895,8.0,2.5443435716361726,3.0,6.0,10.0,12.0
2023-24,2024-05-19,Manchester United,HOME,corners_against,19,6.473684210526316,6.0,3.2891812735531003,1.0,4.0,8.5,13.0
2023-24,2024-05-19,Manchester United,HOME,yellow_cards,19,1.9473684210526316,2.0,1.6149882768933415,0.0,0.5,3.0,5.0
2023-24,2024-05-19,Manchester United,HOME,yellow_cards_opponent,19,2.263157894736842,2.0,1.3679711361135385,0.0,1.0,3.0,5.0
2023-24,2024-05-19,Manchester United,HOME,shots_for,19,16.789473684210527,15.0,5.912124522899446,7.0,13.5,20.5,28.0
2023-24,2024-05-19,Manchester United,HOME,shots_against,19,15.210526315789474,13.0,6.097166439953171,8.0,10.0,21.0,28.0
2023-24,2024-05-19,Manchester United,HOME,shots_on_target_for,19,6.105263157894737,5.0,3.1428001817576856,2.0,3.5,8.5,13.0
2023-24,2024-05-19,Manchester United,HOME,shots_on_target_against,19,5.2105263157894735,5.0,2.097060041752131,2.0,4.0,6.5,10.0
2023-24,2024-05-19,Manchester United,HOME,goals_for,19,1.631578947368421,2.0,1.2115429242540032,0.0,1.0,2.5,4.0
2023-24,2024-05-19,Manchester United,HOME,goals_against,19,1.4736842105263157,2.0,1.020262550775348,0.0,1.0,2.0,3.0
2023-24,2024-05-19,Manchester United,AWAY,fouls_committed,19,11.31578947368421,10.0,3.6825810933056085,7.0,8.0,14.0,21.0
2023-24,2024-05-19,Manchester United,AWAY,fouls_suffered,19,9.210526315789474,9.0,2.529359764587365,5.0,7.0,11.0,13.0
2023-24,2024-05-19,Manchester United,AWAY,corners_for,19,4.052631578947368,4.0,1.7786912857655988,0.0,3.0,5.0,8.0
2023-24,2024-05-19,Manchester United,AWAY,corners_against,19,8.210526315789474,7.0,3.457342386034251,4.0,5.5,11.0,15.0
2023-24,2024-05-19,Manchester United,AWAY,yellow_cards,19,2.263157894736842,2.0,1.55785127171862,0.0,1.0,3.0,5.0
2023-24,2024-05-19,Manchester United,AWAY,yellow_cards_opponent,19,2.1578947368421053,2.0,1.213953957333768,0.0,1.0,3.0,5.0
2023-24,2024-05-19,Manchester United,AWAY,shots_for,19,12.157894736842104,11.0,5.449395051998757,3.0,8.5,15.5,22.0
2023-24,2024-05-19,Manchester United,AWAY,shots_against,19,19.894736842105264,18.0,6.8709916544694964,8.0,16.5,23.5,34.0
2023-24,2024-05-19,Manchester United,AWAY,shots_on_target_for,19,4.052631578947368,4.0,2.2478059477960657,1.0,2.0,5.0,9.0
2023-24,2024-05-19,Manchester United,AWAY,shots_on_target_against,19,5.842105263157895,5.0,2.4327204226895374,2.0,4.0,7.5,10.0
2023-24,2024-05-19,Manchester United,AWAY,goals_for,19,1.368421052631579,1.0,1.1647854507156372,0.0,0.5,2.0,4.0
2023-24,2024-05-19,Manchester United,AWAY,goals_against,19,1.5789473684210527,1.0,1.346426937147361,0.0,0.5,2.5,4.0
2023-24,2024-05-19,Newcastle United,ALL,fouls_committed,38,10.131578947368421,9.0,3.618055716717825,4.0,7.0,13.0,18.0
2023-24,2024-05-19,Newcastle United,ALL,fouls_suffered,38,12.68421052631579,12.0,3.288844890115305,7.0,10.0,15.0,22.0
2023-24,2024-05-19,Newcastle United,ALL,corners_for,38,5.078947368421052,5.0,3.3074982702891713,0.0,3.0,7.0,16.0
2023-24,2024-05-19,Newcastle United,ALL,corners_against,38,5.131578947368421,4.0,3.2397118042628334,0.0,3.0,7.0,14.0
2023-24,2024-05-19,Newcastle United,ALL,yellow_cards,38,2.0,2.0,1.6107745325136584,0.0,1.0,3.0,5.0
2023-24,2024-05-19,Newcastle United,ALL,yellow_cards_opponent,38,2.473684210526316,3.0,1.2021791498743453,0.0,1.25,3.0,5.0
2023-24,2024-05-19,Newcastle United,ALL,shots_for,38,14.5,14.0,5.989856290294315,3.0,9.25,19.0,27.0
2023-24,2024-05-19,Newcastle United,ALL,shots_against,38,14.052631578947368,13.5,5.7701345172434175,5.0,10.25,16.75,34.0
2023-24,2024-05-19,Newcastle United,ALL,shots_on_target_for,38,5.605263157894737,5.0,3.1668850215451547,1.0,3.0,7.0,15.0
2023-24,2024-05-19,Newcastle United,ALL,shots_on_target_against,38,5.315789473684211,5.0,3.1114892858729917,1.0,3.0,6.75,15.0
2023-24,2024-05-19,Newcastle United,ALL,goals_for,38,2.236842105263158,2.0,1.761973870504723,0.0,1.0,3.75,8.0
2023-24,2024-05-19,Newcastle United,ALL,goals_against,38,1.631578947368421,1.5,1.3440771501259718,0.0,0.25,3.0,4.0
2023-24,2024-05-19,Newcastle United,HOME,fouls_committed,19,9.842105263157896,9.0,2.9299821367437424,6.0,7.5,12.5,16.0
2023-24,2024-05-19,Newcastle United,HOME,fouls_suffered,19,12.947368421052632,12.0,3.8220658202734974,7.0,10.5,15.5,22.0
2023-24,2024-05-19,Newcastle United,HOME,corners_for,19,5.894736842105263,5.0,3.3976255898969807,0.0,4.0,7.5,16.0
2023-24,2024-05-19,Newcastle United,HOME,corners_against,19,4.631578947368421,3.0,3.3033741389304345,1.0,2.5,5.0,13.0
2023-24,2024-05-19,Newcastle United,HOME,yellow_cards,19,1.6842105263157894,1.0,1.5653409844697797,0.0,0.5,3.0,5.0
2023-24,2024-05-19,Newcastle United,HOME,yellow_cards_opponent,19,2.5789473684210527,3.0,1.3045130838611443,0.0,2.0,3.5,5.0
2023-24,2024-05-19,Newcastle United,HOME,shots_for,19,17.36842105263158,18.0,5.035546161659013,9.0,14.0,20.0,27.0
2023-24,2024-05-19,Newcastle United,HOME,shots_against,19,12.31578947368421,11.0,4.761566404019065,6.0,9.5,15.0,27.0
2023-24,2024-05-19,Newcastle United,HOME,shots_on_target_for,19,6.473684210526316,7.0,2.6112666371499476,2.0,5.0,7.5,13.0
2023-24,2024-05-19,Newcastle United,HOME,shots_on_target_against,19,4.2105263157894735,4.0,2.529359764587365,1.0,2.5,5.5,11.0
2023-24,2024-05-19,Newcastle United,HOME,goals_for,19,2.5789473684210527,2.0,1.5024346712987116,1.0,1.0,4.0,5.0
2023-24,2024-05-19,Newcastle United,HOME,goals_against,19,1.1578947368421053,1.0,1.302269723501448,0.0,0.0,2.0,4.0
2023-24,2024-05-19,Newcastle United,AWAY,fouls_committed,19,10.421052631578947,11.0,4.259835540300746,4.0,7.0,14.0,18.0
2023-24,2024-05-19,Newcastle United,AWAY,fouls_suffered,19,12.421052631578947,12.0,2.7348733359595814,8.0,10.0,14.5,18.0
2023-24,2024-05-19,Newcastle United,AWAY,corners_for,19,4.2631578947368425,4.0,3.0883671569142215,0.0,2.0,6.5,11.0
2023-24,2024-05-19,Newcastle United,AWAY,corners_against,19,5.631578947368421,5.0,3.1834734055708096,0.0,3.5,7.5,14.0
2023-24,2024-05-19,Newcastle United,AWAY,yellow_cards,19,2.3157894736842106,2.0,1.634782743939708,0.0,1.0,3.5,5.0
2023-24,2024-05-19,Newcastle United,AWAY,yellow_cards_opponent,19,2.3684210526315788,3.0,1.1160708020048367,1.0,1.0,3.0,4.0
2023-24,2024-05-19,Newcastle United,AWAY,shots_for,19,11.631578947368421,11.0,5.569864613513106,3.0,7.5,13.5,23.0
2023-24,2024-05-19,Newcastle United,AWAY,shots_against,19,15.789473684210526,15.0,6.276755596541372,5.0,12.0,18.5,34.0
2023-24,2024-05-19,Newcastle United,AWAY,shots_on_target_for,19,4.7368421052631575,3.0,3.4935194807776724,1.0,2.5,5.0,15.0
2023-24,2024-05-19,Newcastle United,AWAY,shots_on_target_against,19,6.421052631578948,6.0,3.3051439617945744,1.0,4.5,8.0,15.0
2023-24,2024-05-19,Newcastle United,AWAY,goals_for,19,1.894736842105263,2.0,1.9690589078176766,0.0,0.5,2.5,8.0
2023-24,2024-05-19,Newcastle United,AWAY,goals_against,19,2.1052631578947367,2.0,1.2425214883947913,0.0,1.0,3.0,4.0
2023-24,2024-05-19,Nottingham Forest,ALL,fouls_committed,38,11.263157894736842,12.0,3.422376371536232,5.0,9.0,14.0,17.0
2023-24,2024-05-19,Nottingham Forest,ALL,fouls_suffered,38,10.078947368421053,10.0,2.869989913791189,5.0,8.25,11.0,19.0
2023-24,2024-05-19,Nottingham Forest,ALL,corners_for,38,3.8947368421052633,4.0,2.0505697782232946,0.0,3.0,5.0,10.0
2023-24,2024-05-19,Nottingham Forest,ALL,corners_against,38,6.526315789473684,6.0,2.9199855803537256,1.0,4.0,8.0,12.0
2023-24,2024-05-19,Nottingham Forest,ALL,yellow_cards,38,1.9736842105263157,2.0,1.4234871932945816,0.0,1.0,2.75,7.0
2023-24,2024-05-19,Nottingham Forest,ALL,yellow_cards_opponent,38,1.9736842105263157,2.0,1.404372363520313,0.0,1.0,3.0,4.0
2023-24,2024-05-19,Nottingham Forest,ALL,shots_for,38,11.868421052631579,12.0,4.269128986621237,4.0,8.25,15.0,20.0
2023-24,2024-05-19,Nottingham Forest,ALL,shots_against,38,13.421052631578947,12.0,4.488011531922413,7.0,10.0,17.75,22.0
2023-24,2024-05-19,Nottingham Forest,ALL,shots_on_target_for,38,3.8947368421052633,4.0,2.0106402595194814,1.0,2.25,5.0,9.0
2023-24,2024-05-19,Nottingham Forest,ALL,shots_on_target_against,38,4.5,4.0,1.7820425572010552,2.0,3.0,5.75,9.0
2023-24,2024-05-19,Nottingham Forest,ALL,goals_for,38,1.2894736842105263,1.0,0.9560022259626383,0.0,0.25,2.0,3.0
2023-24,2024-05-19,Nottingham Forest,ALL,goals_against,38,1.763157894736842,1.5,1.1725281193266386,0.0,1.0,3.0,5.0
2023-24,2024-05-19,Nottingham Forest,HOME,fouls_committed,19,10.736842105263158,11.0,3.724425462972748,5.0,7.5,14.0,16.0
2023-24,2024-05-19,Nottingham Forest,HOME,fouls_suffered,19,9.789473684210526,10.0,2.485042976789582,6.0,8.0,11.0,15.0
2023-24,2024-05-19,Nottingham Forest,HOME,corners_for,19,4.315789473684211,4.0,2.1616000138515545,0.0,3.5,5.5,10.0
2023-24,2024-05-19,Nottingham Forest,HOME,corners_against,19,5.894736842105263,5.0,3.195391418244324,1.0,4.0,7.5,12.0
2023-24,2024-05-19,Nottingham Forest,HOME,yellow_cards,19,1.4736842105263157,2.0,1.0733344230135038,0.0,1.0,2.0,4.0
2023-24,2024-05-19,Nottingham Forest,HOME,yellow_cards_opponent,19,2.1052631578947367,2.0,1.4867838833500564,0.0,1.0,3.0,4.0
2023-24,2024-05-19,Nottingham Forest,HOME,shots_for,19,13.368421052631579,14.0,4.572994719191614,5.0,10.0,17.0,20.0
2023-24,2024-05-19,Nottingham Forest,HOME,shots_against,19,12.842105263157896,12.0,4.180153610876796,7.0,10.0,15.5,22.0
2023-24,2024-05-19,Nottingham Forest,HOME,shots_on_target_for,19,3.9473684210526314,4.0,2.3207681728860172,1.0,2.0,5.0,9.0
2023-24,2024-05-19,Nottingham Forest,HOME,shots_on_target_against,19,4.052631578947368,4.0,1.3112201362143716,2.0,3.0,5.0,7.0
2023-24,2024-05-19,Nottingham Forest,HOME,goals_for,19,1.4210526315789473,2.0,0.901590537370498,0.0,1.0,2.0,3.0
2023-24,2024-05-19,Nottingham Forest,HOME,goals_against,19,1.5789473684210527,1.0,0.9612370197756298,0.0,1.0,2.0,3.0
2023-24,2024-05-19,Nottingham Forest,AWAY,fouls_committed,19,11.789473684210526,12.0,3.101593629238955,5.0,10.5,13.5,17.0
2023-24,2024-05-19,Nottingham Forest,AWAY,fouls_suffered,19,10.368421052631579,10.0,3.252529380101132,5.0,9.0,11.5,19.0
2023-24,2024-05-19,Nottingham Forest,AWAY,corners_for,19,3.473684210526316,3.0,1.8964417280976962,0.0,2.5,4.0,7.0
2023-24,2024-05-19,Nottingham Forest,AWAY,corners_against,19,7.157894736842105,6.0,2.5443435716361726,3.0,6.0,8.5,12.0
2023-24,2024-05-19,Nottingham Forest,AWAY,yellow_cards,19,2.473684210526316,2.0,1.5765088382115289,0.0,1.5,3.0,7.0
2023-24,2024-05-19,Nottingham Forest,AWAY,yellow_cards_opponent,19,1.8421052631578947,2.0,1.3442535266309137,0.0,1.0,3.0,4.0
2023-24,2024-05-19,Nottingham Forest,AWAY,shots_for,19,10.368421052631579,10.0,3.4352830437451987,4.0,8.0,12.5,16.0
2023-24,2024-05-19,Nottingham Forest,AWAY,shots_against,19,14.0,15.0,4.818944098266987,7.0,10.0,17.5,21.0
2023-24,2024-05-19,Nottingham Forest,AWAY,shots_on_target_for,19,3.8421052631578947,4.0,1.7082531003837693,1.0,3.0,5.5,6.0
2023-24,2024-05-19,Nottingham Forest,AWAY,shots_on_target_against,19,4.947368421052632,5.0,2.0942695414584778,2.0,3.5,6.5,9.0
2023-24,2024-05-19,Nottingham Forest,AWAY,goals_for,19,1.1578947368421053,1.0,1.0145145470035761,0.0,0.0,2.0,3.0
2023-24,2024-05-19,Nottingham Forest,AWAY,goals_against,19,1.9473684210526316,2.0,1.3529262199858298,0.0,1.0,3.0,5.0
2023-24,2024-05-19,Sheffield United,ALL,fouls_committed,38,11.131578947368421,11.0,3.2061684856638033,3.0,10.0,12.75,18.0
2023-24,2024-05-19,Sheffield United,ALL,fouls_suffered,38,8.657894736842104,8.5,2.773195208472688,2.0,7.0,10.0,13.0
2023-24,2024-05-19,Sheffield United,ALL,corners_for,38,3.736842105263158,4.0,2.423803249154449,0.0,2.0,5.0,11.0
2023-24,2024-05-19,Sheffield United,ALL,corners_against,38,7.157894736842105,6.0,3.672588863675482,1.0,4.0,9.75,15.0
2023-24,2024-05-19,Sheffield United,ALL,yellow_cards,38,2.4473684210526314,2.0,1.4831917450179297,0.0,1.0,3.0,5.0
2023-24,2024-05-19,Sheffield United,ALL,yellow_cards_opponent,38,1.3421052631578947,1.0,1.3808793866634739,0.0,0.0,2.0,6.0
2023-24,2024-05-19,Sheffield United,ALL,shots_for,38,9.68421052631579,9.0,4.5861440151235735,2.0,6.0,12.0,21.0
2023-24,2024-05-19,Sheffield United,ALL,shots_against,38,17.842105263157894,16.0,6.227776991743561,6.0,13.25,22.0,32.0
2023-24,2024-05-19,Sheffield United,ALL,shots_on_target_for,38,3.3947368421052633,3.0,2.53131173861803,0.0,1.25,5.0,11.0
2023-24,2024-05-19,Sheffield United,ALL,shots_on_target_against,38,7.078947368421052,6.5,3.0525273440780576,2.0,4.25,9.0,15.0
2023-24,2024-05-19,Sheffield United,ALL,goals_for,38,0.9210526315789473,1.0,0.9118315084804608,0.0,0.0,1.75,3.0
2023-24,2024-05-19,Sheffield United,ALL,goals_against,38,2.736842105263158,2.0,1.6714488055368562,0.0,2.0,3.0,8.0
2023-24,2024-05-19,Sheffield United,HOME,fouls_committed,19,11.0,11.0,3.0368111930480994,3.0,10.0,12.0,18.0
2023-24,2024-05-19,Sheffield United,HOME,fouls_suffered,19,8.947368421052632,9.0,3.0997075885481395,2.0,7.5,10.5,13.0
2023-24,2024-05-19,Sheffield United,HOME,corners_for,19,4.105263157894737,4.0,2.685242319752442,0.0,2.0,5.0,11.0
2023-24,2024-05-19,Sheffield United,HOME,corners_against,19,6.2105263157894735,6.0,3.660281521784008,1.0,4.0,7.0,15.0
2023-24,2024-05-19,Sheffield United,HOME,yellow_cards,19,2.526315789473684,3.0,1.4669856112538155,0.0,1.0,3.5,5.0
2023-24,2024-05-19,Sheffield United,HOME,yellow_cards_opponent,19,1.0526315789473684,1.0,1.2235505806429963,0.0,0.0,1.5,4.0
2023-24,2024-05-19,Sheffield United,HOME,shots_for,19,10.842105263157896,10.0,5.090985037786966,4.0,7.0,12.5,21.0
2023-24,2024-05-19,Sheffield United,HOME,shots_against,19,17.42105263157895,16.0,6.11297154030931,6.0,14.0,22.5,30.0
2023-24,2024-05-19,Sheffield United,HOME,shots_on_target_for,19,3.789473684210526,4.0,2.9359637329053765,0.0,1.0,6.0,11.0
2023-24,2024-05-19,Sheffield United,HOME,shots_on_target_against,19,7.473684210526316,8.0,3.2381136664668,3.0,4.5,9.5,15.0
2023-24,2024-05-19,Sheffield United,HOME,goals_for,19,1.0,1.0,0.9428090415820634,0.0,0.0,2.0,3.0
2023-24,2024-05-19,Sheffield United,HOME,goals_against,19,3.0,3.0,1.9148542155126762,0.0,2.0,3.5,8.0
2023-24,2024-05-19,Sheffield United,AWAY,fouls_committed,19,11.263157894736842,11.0,3.4454818283136786,4.0,9.0,13.5,18.0
2023-24,2024-05-19,Sheffield United,AWAY,fouls_suffered,19,8.368421052631579,8.0,2.4542599318054106,5.0,6.5,9.0,13.0
2023-24,2024-05-19,Sheffield United,AWAY,corners_for,19,3.3684210526315788,3.0,2.139847510553276,1.0,1.0,5.5,7.0
2023-24,2024-05-19,Sheffield United,AWAY,corners_against,19,8.105263157894736,7.0,3.5260102861466094,3.0,6.0,10.5,15.0
2023-24,2024-05-19,Sheffield United,AWAY,yellow_cards,19,2.3684210526315788,2.0,1.5351629054269227,0.0,1.0,3.0,5.0
2023-24,2024-05-19,Sheffield United,AWAY,yellow_cards_opponent,19,1.631578947368421,1.0,1.4985372985307102,0.0,1.0,2.5,6.0
2023-24,2024-05-19,Sheffield United,AWAY,shots_for,19,8.526315789473685,8.0,3.8059663841078604,2.0,6.0,11.0,16.0
2023-24,2024-05-19,Sheffield United,AWAY,shots_against,19,18.263157894736842,18.0,6.479387018873845,9.0,13.0,20.0,32.0
2023-24,2024-05-19,Sheffield United,AWAY,shots_on_target_for,19,3.0,3.0,2.0548046676563256,0.0,2.0,4.0,9.0
2023-24,2024-05-19,Sheffield United,AWAY,shots_on_target_against,19,6.684210526315789,6.0,2.8877640635186435,2.0,4.5,8.5,13.0
2023-24,2024-05-19,Sheffield United,AWAY,goals_for,19,0.8421052631578947,1.0,0.8983415518941831,0.0,0.0,1.0,3.0
2023-24,2024-05-19,Sheffield United,AWAY,goals_against,19,2.473684210526316,2.0,1.3891812557774847,1.0,1.5,3.0,5.0
2023-24,2024-05-19,Tottenham,ALL,fouls_committed,38,11.18421052631579,11.0,3.065547551795378,5.0,9.0,13.0,19.0
2023-24,2024-05-19,Tottenham,ALL,fouls_suffered,38,13.947368421052632,14.0,3.195836551828464,8.0,12.0,16.0,21.0
2023-24,2024-05-19,Tottenham,ALL,corners_for,38,6.184210526315789,5.0,3.4316118910356126,1.0,3.25,8.75,15.0
2023-24,2024-05-19,Tottenham,ALL,corners_against,38,6.2105263157894735,6.0,3.297483846132529,1.0,4.0,8.0,16.0
2023-24,2024-05-19,Tottenham,ALL,yellow_cards,38,2.3157894736842106,2.0,1.4906059561946474,0.0,1.0,3.0,6.0
2023-24,2024-05-19,Tottenham,ALL,yellow_cards_opponent,38,2.526315789473684,3.0,1.447025693289947,0.0,1.25,3.75,5.0
2023-24,2024-05-19,Tottenham,ALL,shots_for,38,15.31578947368421,15.0,4.916080965829276,6.0,12.0,18.0,28.0
2023-24,2024-05-19,Tottenham,ALL,shots_against,38,12.789473684210526,12.0,4.943780666966583,4.0,9.0,16.0,25.0
2023-24,2024-05-19,Tottenham,ALL,shots_on_target_for,38,5.631578947368421,6.0,2.3757906522521277,1.0,4.0,6.0,12.0
2023-24,2024-05-19,Tottenham,ALL,shots_on_target_against,38,4.526315789473684,4.0,2.4465844046206833,1.0,3.0,5.75,13.0
2023-24,2024-05-19,Tottenham,ALL,goals_for,38,1.9473684210526316,2.0,1.1137316970571824,0.0,1.0,2.0,5.0
2023-24,2024-05-19,Tottenham,ALL,goals_against,38,1.605263157894737,1.5,1.197733753842005,0.0,1.0,2.0,4.0
2023-24,2024-05-19,Tottenham,HOME,fouls_committed,19,10.894736842105264,11.0,2.514286663628589,6.0,9.5,12.5,16.0
2023-24,2024-05-19,Tottenham,HOME,fouls_suffered,19,14.263157894736842,14.0,2.959769233931702,8.0,12.5,16.0,21.0
2023-24,2024-05-19,Tottenham,HOME,corners_for,19,7.2105263157894735,8.0,3.866938889388997,1.0,3.5,9.5,15.0
2023-24,2024-05-19,Tottenham,HOME,corners_against,19,4.894736842105263,5.0,2.664472781748457,1.0,3.0,6.0,13.0
2023-24,2024-05-19,Tottenham,HOME,yellow_cards,19,2.1052631578947367,2.0,1.5236920380774408,0.0,1.0,3.0,6.0
2023-24,2024-05-19,Tottenham,HOME,yellow_cards_opponent,19,3.1052631578947367,3.0,1.3701069237311885,0.0,3.0,4.0,5.0
2023-24,2024-05-19,Tottenham,HOME,shots_for,19,17.05263157894737,17.0,5.060453253860065,8.0,14.0,20.0,28.0
2023-24,2024-05-19,Tottenham,HOME,shots_against,19,11.578947368421053,10.0,5.44993159461336,4.0,7.5,14.0,24.0
2023-24,2024-05-19,Tottenham,HOME,shots_on_target_for,19,6.368421052631579,6.0,2.3144600117951555,2.0,5.0,7.5,12.0
2023-24,2024-05-19,Tottenham,HOME,shots_on_target_against,19,4.578947368421052,5.0,1.8653504131242178,1.0,3.0,5.5,8.0
2023-24,2024-05-19,Tottenham,HOME,goals_for,19,2.0,2.0,0.9428090415820634,0.0,1.5,2.5,4.0
2023-24,2024-05-19,Tottenham,HOME,goals_against,19,1.4210526315789473,1.0,0.9612370197756298,0.0,1.0,2.0,4.0
2023-24,2024-05-19,Tottenham,AWAY,fouls_committed,19,11.473684210526315,11.0,3.5803230930032552,5.0,9.0,14.0,19.0
2023-24,2024-05-19,Tottenham,AWAY,fouls_suffered,19,13.631578947368421,14.0,3.4674762887243364,8.0,11.5,16.0,19.0
2023-24,2024-05-19,Tottenham,AWAY,corners_for,19,5.157894736842105,5.0,2.651271349010107,2.0,3.5,6.0,13.0
2023-24,2024-05-19,Tottenham,AWAY,corners_against,19,7.526315789473684,7.0,3.405362128771355,2.0,5.5,9.5,16.0
2023-24,2024-05-19,Tottenham,AWAY,yellow_cards,19,2.526315789473684,3.0,1.4669856112538158,0.0,1.0,4.0,4.0
2023-24,2024-05-19,Tottenham,AWAY,yellow_cards_opponent,19,1.9473684210526316,2.0,1.3112201362143716,0.0,1.0,3.0,4.0
2023-24,2024-05-19,Tottenham,AWAY,shots_for,19,13.578947368421053,13.0,4.20734528960542,6.0,10.5,17.5,20.0
2023-24,2024-05-19,Tottenham,AWAY,shots_against,19,14.0,14.0,4.176654695380556,6.0,11.0,16.0,25.0
2023-24,2024-05-19,Tottenham,AWAY,shots_on_target_for,19,4.894736842105263,5.0,2.2581884785549593,1.0,3.5,6.0,10.0
2023-24,2024-05-19,Tottenham,AWAY,shots_on_target_against,19,4.473684210526316,4.0,2.969631871174001,1.0,2.5,5.5,13.0
2023-24,2024-05-19,Tottenham,AWAY,goals_for,19,1.894736842105263,2.0,1.2864566686188534,0.0,1.0,2.0,5.0
2023-24,2024-05-19,Tottenham,AWAY,goals_against,19,1.7894736842105263,2.0,1.3975751766073286,0.0,0.5,2.5,4.0
2023-24,2024-05-19,West Ham United,ALL,fouls_committed,38,10.263157894736842,10.0,3.430264433320492,4.0,7.25,13.0,17.0
2023-24,2024-05-19,West Ham United,ALL,fouls_suffered,38,10.710526315789474,11.0,3.1614903664453258,3.0,9.0,12.0,18.0
2023-24,2024-05-19,West Ham United,ALL,corners_for,38,4.421052631578948,4.0,2.2854602581864434,0.0,3.0,6.0,9.0
2023-24,2024-05-19,West Ham United,ALL,corners_against,38,6.026315789473684,5.0,3.308358310158167,0.0,4.0,8.0,17.0
2023-24,2024-05-19,West Ham United,ALL,yellow_cards,38,2.0,2.0,1.1624763874381927,0.0,1.0,3.0,4.0
2023-24,2024-05-19,West Ham United,ALL,yellow_cards_opponent,38,1.8157894736842106,2.0,1.3527801834559328,0.0,1.0,3.0,5.0
2023-24,2024-05-19,West Ham United,ALL,shots_for,38,11.842105263157896,11.5,4.92388725686829,3.0,9.0,13.75,24.0
2023-24,2024-05-19,West Ham United,ALL,shots_against,38,17.157894736842106,16.0,6.553424175273002,4.0,12.25,22.0,30.0
2023-24,2024-05-19,West Ham United,ALL,shots_on_target_for,38,3.9473684210526314,4.0,1.8298924561672962,1.0,3.0,5.0,9.0
2023-24,2024-05-19,West Ham United,ALL,shots_on_target_against,38,6.473684210526316,6.5,3.4542323597116464,1.0,4.0,8.0,15.0
2023-24,2024-05-19,West Ham United,ALL,goals_for,38,1.5789473684210527,2.0,1.106041858045908,0.0,1.0,2.0,4.0
2023-24,2024-05-19,West Ham United,ALL,goals_against,38,1.9473684210526316,1.5,1.558713406056117,0.0,1.0,3.0,6.0
2023-24,2024-05-19,West Ham United,HOME,fouls_committed,19,10.157894736842104,11.0,3.8044295512634108,4.0,7.0,13.0,17.0
2023-24,2024-05-19,West Ham United,HOME,fouls_suffered,19,11.631578947368421,11.0,3.3534480814659586,6.0,9.0,14.0,18.0
2023-24,2024-05-19,West Ham United,HOME,corners_for,19,4.684210526315789,4.0,2.5831211005067187,1.0,2.5,7.0,9.0
2023-24,2024-05-19,West Ham United,HOME,corners_against,19,5.315789473684211,5.0,2.90693866424127,0.0,3.5,6.5,11.0
2023-24,2024-05-19,West Ham United,HOME,yellow_cards,19,1.9473684210526316,2.0,1.1290942392774796,0.0,1.0,3.0,4.0
2023-24,2024-05-19,West Ham United,HOME,yellow_cards_opponent,19,2.0526315789473686,2.0,1.26814318375447,0.0,1.0,3.0,4.0
2023-24,2024-05-19,West Ham United,HOME,shots_for,19,12.526315789473685,12.0,5.5011960422018085,5.0,9.0,15.5,24.0
2023-24,2024-05-19,West Ham United,HOME,shots_against,19,14.894736842105264,13.0,6.822306036020578,4.0,10.0,17.5,29.0
2023-24,2024-05-19,West Ham United,HOME,shots_on_target_for,19,4.526315789473684,4.0,2.195156816788358,1.0,3.0,6.0,9.0
2023-24,2024-05-19,West Ham United,HOME,shots_on_target_against,19,5.526315789473684,4.0,3.7023779303552042,1.0,3.0,8.0,15.0
2023-24,2024-05-19,West Ham United,HOME,goals_for,19,1.631578947368421,2.0,1.2115429242540032,0.0,1.0,2.5,4.0
2023-24,2024-05-19,West Ham United,HOME,goals_against,19,1.4736842105263157,1.0,1.3891812557774843,0.0,1.0,2.0,6.0
2023-24,2024-05-19,West Ham United,AWAY,fouls_committed,19,10.368421052631579,10.0,3.1128858764066765,5.0,8.0,13.0,15.0
2023-24,2024-05-19,West Ham United,AWAY,fouls_suffered,19,9.789473684210526,10.0,2.740213847462377,3.0,9.0,11.5,15.0
2023-24,2024-05-19,West Ham United,AWAY,corners_for,19,4.157894736842105,4.0,1.9794263449218716,0.0,3.0,5.5,8.0
2023-24,2024-05-19,West Ham United,AWAY,corners_against,19,6.7368421052631575,5.0,3.6031175584972073,3.0,4.0,8.5,17.0
2023-24,2024-05-19,West Ham United,AWAY,yellow_cards,19,2.0526315789473686,2.0,1.223550580642996,0.0,1.0,3.0,4.0
2023-24,2024-05-19,West Ham United,AWAY,yellow_cards_opponent,19,1.5789473684210527,1.0,1.4265650070355174,0.0,1.0,2.5,5.0
2023-24,2024-05-19,West Ham United,AWAY,shots_for,19,11.157894736842104,11.0,4.3110086199910835,3.0,9.5,12.5,22.0
2023-24,2024-05-19,West Ham United,AWAY,shots_against,19,19.42105263157895,19.0,5.560933069925149,11.0,14.5,23.5,30.0
2023-24,2024-05-19,West Ham United,AWAY,shots_on_target_for,19,3.3684210526315788,3.0,1.1647854507156372,1.0,3.0,4.0,5.0
2023-24,2024-05-19,West Ham United,AWAY,shots_on_target_against,19,7.421052631578948,7.0,2.9873025638838686,1.0,5.5,8.5,14.0
2023-24,2024-05-19,West Ham United,AWAY,goals_for,19,1.5263157894736843,2.0,1.0202625507753482,0.0,1.0,2.0,3.0
2023-24,2024-05-19,West Ham United,AWAY,goals_against,19,2.4210526315789473,2.0,1.6095475373078614,0.0,1.0,3.5,5.0
2023-24,2024-05-19,Wolverhampton Wanderers,ALL,fouls_committed,38,12.552631578947368,12.0,3.1252880379345678,7.0,10.0,14.0,19.0
2023-24,2024-05-19,Wolverhampton Wanderers,ALL,fouls_suffered,38,11.026315789473685,11.0,3.3650576647021935,4.0,9.0,14.0,17.0
2023-24,2024-05-19,Wolverhampton Wanderers,ALL,corners_for,38,4.157894736842105,4.0,3.0802449515571277,0.0,2.0,5.75,12.0
2023-24,2024-05-19,Wolverhampton Wanderers,ALL,corners_against,38,5.921052631578948,6.0,2.7051660182591823,2.0,4.0,8.0,12.0
2023-24,2024-05-19,Wolverhampton Wanderers,ALL,yellow_cards,38,2.5789473684210527,2.0,1.3281073496860807,0.0,2.0,3.0,6.0
2023-24,2024-05-19,Wolverhampton Wanderers,ALL,yellow_cards_opponent,38,2.1315789473684212,2.0,1.4917983457591286,0.0,1.0,3.0,6.0
2023-24,2024-05-19,Wolverhampton Wanderers,ALL,shots_for,38,11.236842105263158,11.5,4.62329127252563,2.0,8.0,14.0,23.0
2023-24,2024-05-19,Wolverhampton Wanderers,ALL,shots_against,38,15.157894736842104,14.5,5.716388558415389,6.0,11.25,18.0,36.0
2023-24,2024-05-19,Wolverhampton Wanderers,ALL,shots_on_target_for,38,4.184210526315789,4.0,1.8136906252750291,1.0,3.0,6.0,7.0
2023-24,2024-05-19,Wolverhampton Wanderers,ALL,shots_on_target_against,38,5.605263157894737,5.5,2.85258984920636,0.0,4.0,6.75,14.0
2023-24,2024-05-19,Wolverhampton Wanderers,ALL,goals_for,38,1.3157894736842106,1.0,1.0680941136257036,0.0,1.0,2.0,4.0
2023-24,2024-05-19,Wolverhampton Wanderers,ALL,goals_against,38,1.7105263157894737,1.5,1.206018572239275,0.0,1.0,2.0,5.0
2023-24,2024-05-19,Wolverhampton Wanderers,HOME,fouls_committed,19,12.368421052631579,11.0,3.562310834210311,7.0,10.0,14.0,19.0
2023-24,2024-05-19,Wolverhampton Wanderers,HOME,fouls_suffered,19,10.947368421052632,11.0,3.612842589838003,4.0,9.0,14.0,17.0
2023-24,2024-05-19,Wolverhampton Wanderers,HOME,corners_for,19,5.2105263157894735,5.0,2.897871774028908,0.0,4.0,7.5,11.0
2023-24,2024-05-19,Wolverhampton Wanderers,HOME,corners_against,19,5.052631578947368,4.0,2.676516895156554,2.0,3.0,6.0,12.0
2023-24,2024-05-19,Wolverhampton Wanderers,HOME,yellow_cards,19,2.5789473684210527,2.0,1.304513083861144,0.0,2.0,3.0,5.0
2023-24,2024-05-19,Wolverhampton Wanderers,HOME,yellow_cards_opponent,19,2.8421052631578947,3.0,1.5004872502970805,1.0,2.0,4.0,6.0
2023-24,2024-05-19,Wolverhampton Wanderers,HOME,shots_for,19,11.736842105263158,13.0,4.039280811442083,3.0,9.0,14.5,17.0
2023-24,2024-05-19,Wolverhampton Wanderers,HOME,shots_against,19,14.789473684210526,13.0,5.583496986342093,6.0,10.5,19.5,24.0
2023-24,2024-05-19,Wolverhampton Wanderers,HOME,shots_on_target_for,19,4.421052631578948,4.0,1.804801911989365,1.0,3.0,6.0,7.0
2023-24,2024-05-19,Wolverhampton Wanderers,HOME,shots_on_target_against,19,5.0,5.0,2.3804761428476167,0.0,3.5,6.0,9.0
2023-24,2024-05-19,Wolverhampton Wanderers,HOME,goals_for,19,1.368421052631579,1.0,0.8950807732508138,0.0,1.0,2.0,3.0
2023-24,2024-05-19,Wolverhampton Wanderers,HOME,goals_against,19,1.5789473684210527,1.0,1.2163602113447687,0.0,1.0,2.0,4.0
2023-24,2024-05-19,Wolverhampton Wanderers,AWAY,fouls_committed,19,12.736842105263158,12.0,2.704771612111494,10.0,10.5,14.0,19.0
2023-24,2024-05-19,Wolverhampton Wanderers,AWAY,fouls_suffered,19,11.105263157894736,12.0,3.195391418244324,4.0,10.0,13.5,15.0
2023-24,2024-05-19,Wolverhampton Wanderers,AWAY,corners_for,19,3.1052631578947367,2.0,2.9607569760696384,0.0,1.0,4.0,12.0
2023-24,2024-05-19,Wolverhampton Wanderers,AWAY,corners_against,19,6.7894736842105265,7.0,2.507299285606395,3.0,4.5,9.0,10.0
2023-24,2024-05-19,Wolverhampton Wanderers,AWAY,yellow_cards,19,2.5789473684210527,2.0,1.3870748387117164,1.0,1.5,3.5,6.0
2023-24,2024-05-19,Wolverhampton Wanderers,AWAY,yellow_cards_opponent,19,1.4210526315789473,1.0,1.1212983285105118,0.0,0.5,2.0,3.0
2023-24,2024-05-19,Wolverhampton Wanderers,AWAY,shots_for,19,10.736842105263158,11.0,5.205148148848598,2.0,8.0,12.5,23.0
2023-24,2024-05-19,Wolverhampton Wanderers,AWAY,shots_against,19,15.526315789473685,15.0,5.975583849230239,7.0,12.5,17.0,36.0
2023-24,2024-05-19,Wolverhampton Wanderers,AWAY,shots_on_target_for,19,3.9473684210526314,3.0,1.8400991582740052,1.0,3.0,5.5,7.0
2023-24,2024-05-19,Wolverhampton Wanderers,AWAY,shots_on_target_against,19,6.2105263157894735,6.0,3.207265144574477,2.0,4.0,7.0,14.0
2023-24,2024-05-19,Wolverhampton Wanderers,AWAY,goals_for,19,1.263157894736842,1.0,1.2401659953032227,0.0,0.0,2.0,4.0
2023-24,2024-05-19,Wolverhampton Wanderers,AWAY,goals_against,19,1.8421052631578947,2.0,1.2139539573337679,0.0,1.0,2.5,5.0
2024-25,2025-05-25,Arsenal,ALL,fouls_committed,38,10.526315789473685,10.0,3.659396214451033,2.0,8.0,12.75,18.0
2024-25,2025-05-25,Arsenal,ALL,fouls_suffered,38,10.68421052631579,10.0,4.014199547672593,1.0,8.0,13.0,20.0
2024-25,2025-05-25,Arsenal,ALL,corners_for,38,6.605263157894737,6.0,3.9833401282748744,1.0,3.0,9.75,17.0
2024-25,2025-05-25,Arsenal,ALL,corners_against,38,3.1052631578947367,3.0,2.227463394114365,0.0,1.25,4.0,8.0
2024-25,2025-05-25,Arsenal,ALL,yellow_cards,38,1.6842105263157894,1.5,1.1175567742490695,0.0,1.0,2.75,4.0
2024-25,2025-05-25,Arsenal,ALL,yellow_cards_opponent,38,2.1315789473684212,2.0,1.339040653593923,0.0,1.0,3.0,5.0
2024-25,2025-05-25,Arsenal,ALL,shots_for,38,14.394736842105264,13.0,6.047288754493835,5.0,11.25,16.75,36.0
2024-25,2025-05-25,Arsenal,ALL,shots_against,38,9.526315789473685,9.0,5.92628976544923,2.0,5.25,11.75,33.0
2024-25,2025-05-25,Arsenal,ALL,shots_on_target_for,38,4.947368421052632,5.0,2.598828929834241,1.0,3.25,6.0,16.0
2024-25,2025-05-25,Arsenal,ALL,shots_on_target_against,38,3.1578947368421053,3.0,2.0470983523748623,0.0,2.0,4.0,11.0
2024-25,2025-05-25,Arsenal,ALL,goals_for,38,1.8157894736842106,2.0,1.372613666989048,0.0,1.0,2.0,5.0
2024-25,2025-05-25,Arsenal,ALL,goals_against,38,0.8947368421052632,1.0,0.7636850095039901,0.0,0.0,1.0,2.0
2024-25,2025-05-25,Arsenal,HOME,fouls_committed,19,9.789473684210526,10.0,4.1174283690513676,2.0,7.0,12.0,17.0
2024-25,2025-05-25,Arsenal,HOME,fouls_suffered,19,10.105263157894736,9.0,4.148557136618643,1.0,7.5,13.5,18.0
2024-25,2025-05-25,Arsenal,HOME,corners_for,19,7.421052631578948,8.0,4.525431710206518,1.0,4.0,10.0,17.0
2024-25,2025-05-25,Arsenal,HOME,corners_against,19,2.789473684210526,2.0,2.2749590318269974,0.0,1.0,4.0,7.0
2024-25,2025-05-25,Arsenal,HOME,yellow_cards,19,1.631578947368421,2.0,1.065130472748108,0.0,1.0,2.5,3.0
2024-25,2025-05-25,Arsenal,HOME,yellow_cards_opponent,19,2.263157894736842,2.0,0.9911892555667041,0.0,2.0,3.0,4.0
2024-25,2025-05-25,Arsenal,HOME,shots_for,19,16.105263157894736,14.0,6.5819174582260285,9.0,12.0,18.0,36.0
2024-25,2025-05-25,Arsenal,HOME,shots_against,19,8.31578947368421,8.0,4.726434309979322,2.0,5.0,9.0,22.0
2024-25,2025-05-25,Arsenal,HOME,shots_on_target_for,19,5.526315789473684,5.0,2.931977358041868,2.0,4.0,6.0,16.0
2024-25,2025-05-25,Arsenal,HOME,shots_on_target_against,19,2.526315789473684,2.0,1.4669856112538158,0.0,2.0,4.0,5.0
2024-25,2025-05-25,Arsenal,HOME,goals_for,19,1.8421052631578947,2.0,1.2588865404147536,0.0,1.0,2.0,5.0
2024-25,2025-05-25,Arsenal,HOME,goals_against,19,0.8947368421052632,1.0,0.8093026382225119,0.0,0.0,1.5,2.0
2024-25,2025-05-25,Arsenal,AWAY,fouls_committed,19,11.263157894736842,10.0,3.0703258108538454,7.0,9.5,13.0,18.0
2024-25,2025-05-25,Arsenal,AWAY,fouls_suffered,19,11.263157894736842,10.0,3.899317679104012,6.0,8.5,13.0,20.0
2024-25,2025-05-25,Arsenal,AWAY,corners_for,19,5.7894736842105265,6.0,3.2758196153095462,1.0,3.0,8.0,12.0
2024-25,2025-05-25,Arsenal,AWAY,corners_against,19,3.4210526315789473,3.0,2.193824399781355,0.0,2.0,4.0,8.0
2024-25,2025-05-25,Arsenal,AWAY,yellow_cards,19,1.736842105263158,1.0,1.1945294407402949,0.0,1.0,2.5,4.0
2024-25,2025-05-25,Arsenal,AWAY,yellow_cards_opponent,19,2.0,2.0,1.632993161855452,0.0,1.0,3.5,5.0
2024-25,2025-05-25,Arsenal,AWAY,shots_for,19,12.68421052631579,13.0,5.066805168928744,5.0,9.0,14.5,24.0
2024-25,2025-05-25,Arsenal,AWAY,shots_against,19,10.736842105263158,10.0,6.838145502848609,2.0,6.0,13.5,33.0
2024-25,2025-05-25,Arsenal,AWAY,shots_on_target_for,19,4.368421052631579,4.0,2.1398475105532757,1.0,3.0,6.0,8.0
2024-25,2025-05-25,Arsenal,AWAY,shots_on_target_against,19,3.789473684210526,4.0,2.370629249995805,0.0,2.0,5.0,11.0
2024-25,2025-05-25,Arsenal,AWAY,goals_for,19,1.7894736842105263,1.0,1.5121341566151925,0.0,1.0,2.0,5.0
2024-25,2025-05-25,Arsenal,AWAY,goals_against,19,0.8947368421052632,1.0,0.7374684055082,0.0,0.0,1.0,2.0
2024-25,2025-05-25,Aston Villa,ALL,fouls_committed,38,10.68421052631579,10.0,3.7711942560206255,4.0,8.25,12.75,21.0
2024-25,2025-05-25,Aston Villa,ALL,fouls_suffered,38,13.394736842105264,13.5,3.6208067914165394,6.0,11.0,16.0,21.0
2024-25,2025-05-25,Aston Villa,ALL,corners_for,38,6.105263157894737,5.5,3.950979855778581,0.0,4.0,8.75,16.0
2024-25,2025-05-25,Aston Villa,ALL,corners_against,38,4.526315789473684,4.0,2.85445921517462,1.0,2.25,6.0,10.0
2024-25,2025-05-25,Aston Villa,ALL,yellow_cards,38,1.894736842105263,2.0,1.4101844557172352,0.0,1.0,3.0,7.0
2024-25,2025-05-25,Aston Villa,ALL,yellow_cards_opponent,38,2.6578947368421053,3.0,1.4383984297385246,0.0,2.0,3.0,6.0
2024-25,2025-05-25,Aston Villa,ALL,shots_for,38,12.736842105263158,11.5,5.391104838509529,4.0,9.0,17.0,25.0
2024-25,2025-05-25,Aston Villa,ALL,shots_against,38,12.18421052631579,11.5,5.023486800038045,3.0,9.25,15.0,25.0
2024-25,2025-05-25,Aston Villa,ALL,shots_on_target_for,38,4.473684210526316,4.0,2.4355125117475973,1.0,3.0,5.75,10.0
2024-25,2025-05-25,Aston Villa,ALL,shots_on_target_against,38,4.2105263157894735,4.0,2.0944959367395515,0.0,3.0,6.0,10.0
2024-25,2025-05-25,Aston Villa,ALL,goals_for,38,1.5263157894736843,1.5,1.0587305531003999,0.0,1.0,2.0,4.0
2024-25,2025-05-25,Aston Villa,ALL,goals_against,38,1.3421052631578947,1.0,1.0724136905855568,0.0,1.0,2.0,4.0
2024-25,2025-05-25,Aston Villa,HOME,fouls_committed,19,10.263157894736842,10.0,3.263299374408904,5.0,8.0,12.0,18.0
2024-25,2025-05-25,Aston Villa,HOME,fouls_suffered,19,12.947368421052632,14.0,3.0271674367399104,6.0,11.0,15.0,17.0
2024-25,2025-05-25,Aston Villa,HOME,corners_for,19,7.473684210526316,6.0,3.6570847687533785,2.0,5.0,9.5,16.0
2024-25,2025-05-25,Aston Villa,HOME,corners_against,19,3.3684210526315788,3.0,2.191157135087138,1.0,1.5,4.5,8.0
2024-25,2025-05-25,Aston Villa,HOME,yellow_cards,19,1.6842105263157894,1.0,1.6004385363930504,0.0,1.0,2.0,7.0
2024-25,2025-05-25,Aston Villa,HOME,yellow_cards_opponent,19,3.1052631578947367,3.0,1.559727071641605,0.0,2.0,3.5,6.0
2024-25,2025-05-25,Aston Villa,HOME,shots_for,19,15.421052631578947,17.0,4.7646358083241696,9.0,11.0,18.0,25.0
2024-25,2025-05-25,Aston Villa,HOME,shots_against,19,10.210526315789474,10.0,4.528661163061834,3.0,7.5,13.0,19.0
2024-25,2025-05-25,Aston Villa,HOME,shots_on_target_for,19,5.578947368421052,5.0,2.316985337163699,1.0,4.0,7.5,10.0
2024-25,2025-05-25,Aston Villa,HOME,shots_on_target_against,19,3.3157894736842106,3.0,1.7654911680117478,0.0,2.5,4.0,7.0
2024-25,2025-05-25,Aston Villa,HOME,goals_for,19,1.7894736842105263,2.0,1.0316624861746777,0.0,1.0,2.0,4.0
2024-25,2025-05-25,Aston Villa,HOME,goals_against,19,1.0526315789473684,1.0,0.7050361858740393,0.0,1.0,1.5,2.0
2024-25,2025-05-25,Aston Villa,AWAY,fouls_committed,19,11.105263157894736,11.0,4.26737932644726,4.0,10.0,13.5,21.0
2024-25,2025-05-25,Aston Villa,AWAY,fouls_suffered,19,13.842105263157896,13.0,4.166842101569869,8.0,10.0,17.5,21.0
2024-25,2025-05-25,Aston Villa,AWAY,corners_for,19,4.7368421052631575,4.0,3.8419049855675316,0.0,2.5,7.0,14.0
2024-25,2025-05-25,Aston Villa,AWAY,corners_against,19,5.684210526315789,5.0,3.0194302549202034,1.0,3.5,8.5,10.0
2024-25,2025-05-25,Aston Villa,AWAY,yellow_cards,19,2.1052631578947367,2.0,1.1969747440993463,0.0,1.0,3.0,5.0
2024-25,2025-05-25,Aston Villa,AWAY,yellow_cards_opponent,19,2.210526315789474,2.0,1.1822270588653645,0.0,2.0,3.0,4.0
2024-25,2025-05-25,Aston Villa,AWAY,shots_for,19,10.052631578947368,10.0,4.672302361440786,4.0,7.0,12.0,25.0
2024-25,2025-05-25,Aston Villa,AWAY,shots_against,19,14.157894736842104,14.0,4.810441858830952,7.0,10.0,17.0,25.0
2024-25,2025-05-25,Aston Villa,AWAY,shots_on_target_for,19,3.3684210526315788,3.0,2.060488785479727,1.0,2.0,4.0,10.0
2024-25,2025-05-25,Aston Villa,AWAY,shots_on_target_against,19,5.105263157894737,5.0,2.051956704170308,2.0,3.5,6.0,10.0
2024-25,2025-05-25,Aston Villa,AWAY,goals_for,19,1.263157894736842,1.0,1.0457376590053493,0.0,0.5,2.0,3.0
2024-25,2025-05-25,Aston Villa,AWAY,goals_against,19,1.631578947368421,2.0,1.3000224919331833,0.0,0.5,2.0,4.0
2024-25,2025-05-25,Bournemouth,ALL,fouls_committed,38,13.526315789473685,14.0,3.725274102777544,1.0,11.25,16.0,19.0
2024-25,2025-05-25,Bournemouth,ALL,fouls_suffered,38,10.789473684210526,11.0,2.9238801943959087,6.0,8.25,12.75,17.0
2024-25,2025-05-25,Bournemouth,ALL,corners_for,38,6.026315789473684,6.0,2.696211978446229,1.0,4.0,7.0,13.0
2024-25,2025-05-25,Bournemouth,ALL,corners_against,38,4.842105263157895,4.0,3.3653746893074197,0.0,3.0,7.75,13.0
2024-25,2025-05-25,Bournemouth,ALL,yellow_cards,38,2.5526315789473686,2.0,1.4831917450179295,0.0,2.0,3.0,6.0
2024-25,2025-05-25,Bournemouth,ALL,yellow_cards_opponent,38,2.289473684210526,2.0,1.6259366487582623,0.0,1.0,3.0,8.0
2024-25,2025-05-25,Bournemouth,ALL,shots_for,38,15.263157894736842,15.5,4.864011304920605,7.0,12.0,19.0,29.0
2024-25,2025-05-25,Bournemouth,ALL,shots_against,38,12.81578947368421,12.0,5.4269361380407535,3.0,10.0,17.5,26.0
2024-25,2025-05-25,Bournemouth,ALL,shots_on_target_for,38,5.315789473684211,5.0,2.3948736146520284,1.0,3.25,7.0,10.0
2024-25,2025-05-25,Bournemouth,ALL,shots_on_target_against,38,4.578947368421052,4.0,2.687625083926261,0.0,3.0,6.0,13.0
2024-25,2025-05-25,Bournemouth,ALL,goals_for,38,1.5263157894736843,1.0,1.246331744159921,0.0,1.0,2.0,5.0
2024-25,2025-05-25,Bournemouth,ALL,goals_against,38,1.2105263157894737,1.0,0.9051771436856572,0.0,1.0,2.0,3.0
2024-25,2025-05-25,Bournemouth,HOME,fouls_committed,19,14.052631578947368,14.0,3.643467277356775,6.0,11.5,16.5,19.0
2024-25,2025-05-25,Bournemouth,HOME,fouls_suffered,19,10.68421052631579,11.0,2.6468562396201976,6.0,9.0,12.0,16.0
2024-25,2025-05-25,Bournemouth,HOME,corners_for,19,6.315789473684211,6.0,2.4049169904581222,3.0,5.0,7.5,12.0
2024-25,2025-05-25,Bournemouth,HOME,corners_against,19,5.0,4.0,3.4641016151377544,0.0,3.0,9.0,10.0
2024-25,2025-05-25,Bournemouth,HOME,yellow_cards,19,2.263157894736842,2.0,1.4079972089286532,0.0,2.0,3.0,6.0
2024-25,2025-05-25,Bournemouth,HOME,yellow_cards_opponent,19,2.473684210526316,2.0,1.6789024540730166,0.0,2.0,3.0,8.0
2024-25,2025-05-25,Bournemouth,HOME,shots_for,19,16.263157894736842,16.0,5.362856880257822,8.0,12.5,19.0,29.0
2024-25,2025-05-25,Bournemouth,HOME,shots_against,19,11.894736842105264,10.0,5.445637773505865,3.0,9.0,15.0,25.0
2024-25,2025-05-25,Bournemouth,HOME,shots_on_target_for,19,5.473684210526316,5.0,2.3656904336937608,1.0,4.0,7.0,10.0
2024-25,2025-05-25,Bournemouth,HOME,shots_on_target_against,19,3.6315789473684212,4.0,1.9779486094826593,0.0,3.0,4.5,7.0
2024-25,2025-05-25,Bournemouth,HOME,goals_for,19,1.2105263157894737,1.0,1.228320776436091,0.0,0.5,1.5,5.0
2024-25,2025-05-25,Bournemouth,HOME,goals_against,19,0.8421052631578947,1.0,0.7647191129018726,0.0,0.0,1.0,2.0
2024-25,2025-05-25,Bournemouth,AWAY,fouls_committed,19,13.0,14.0,3.8297084310253524,1.0,11.5,16.0,18.0
2024-25,2025-05-25,Bournemouth,AWAY,fouls_suffered,19,10.894736842105264,12.0,3.2471309873675875,6.0,7.5,13.0,17.0
2024-25,2025-05-25,Bournemouth,AWAY,corners_for,19,5.7368421052631575,6.0,2.9970745970614208,1.0,4.0,7.0,13.0
2024-25,2025-05-25,Bournemouth,AWAY,corners_against,19,4.684210526315789,4.0,3.3508312663335644,0.0,2.5,6.5,13.0
2024-25,2025-05-25,Bournemouth,AWAY,yellow_cards,19,2.8421052631578947,3.0,1.5370663939515448,1.0,1.5,3.5,6.0
2024-25,2025-05-25,Bournemouth,AWAY,yellow_cards_opponent,19,2.1052631578947367,2.0,1.5949481650269413,0.0,1.0,2.5,7.0
2024-25,2025-05-25,Bournemouth,AWAY,shots_for,19,14.263157894736842,15.0,4.214289254207482,7.0,11.0,17.0,22.0
2024-25,2025-05-25,Bournemouth,AWAY,shots_against,19,13.736842105263158,12.0,5.393845312155512,5.0,11.0,18.0,26.0
2024-25,2025-05-25,Bournemouth,AWAY,shots_on_target_for,19,5.157894736842105,5.0,2.4779731389167603,2.0,3.0,7.0,10.0
2024-25,2025-05-25,Bournemouth,AWAY,shots_on_target_against,19,5.526315789473684,5.0,3.0068148716731162,0.0,4.0,7.5,13.0
2024-25,2025-05-25,Bournemouth,AWAY,goals_for,19,1.8421052631578947,2.0,1.213953957333768,0.0,1.0,2.5,4.0
2024-25,2025-05-25,Bournemouth,AWAY,goals_against,19,1.5789473684210527,2.0,0.901590537370498,0.0,1.0,2.0,3.0
2024-25,2025-05-25,Brentford,ALL,fouls_committed,38,8.394736842105264,9.0,3.1325619744022366,2.0,6.25,10.0,15.0
2024-25,2025-05-25,Brentford,ALL,fouls_suffered,38,9.605263157894736,10.0,3.0183177136888912,3.0,7.25,11.0,16.0
2024-25,2025-05-25,Brentford,ALL,corners_for,38,4.605263157894737,4.0,2.1122483689470535,2.0,3.0,5.75,10.0
2024-25,2025-05-25,Brentford,ALL,corners_against,38,6.447368421052632,5.0,3.1252880379345673,2.0,4.0,8.75,15.0
2024-25,2025-05-25,Brentford,ALL,yellow_cards,38,1.631578947368421,2.0,1.2610817456749335,0.0,1.0,2.0,5.0
2024-25,2025-05-25,Brentford,ALL,yellow_cards_opponent,38,2.0526315789473686,2.0,1.2933795751682118,0.0,1.0,3.0,5.0
2024-25,2025-05-25,Brentford,ALL,shots_for,38,11.605263157894736,11.0,4.487456835201334,3.0,8.25,13.75,20.0
2024-25,2025-05-25,Brentford,ALL,shots_against,38,17.026315789473685,16.0,6.100451211071429,7.0,13.25,20.75,37.0
2024-25,2025-05-25,Brentford,ALL,shots_on_target_for,38,4.842105263157895,5.0,2.5735275589603286,1.0,3.0,6.0,12.0
2024-25,2025-05-25,Brentford,ALL,shots_on_target_against,38,5.5,5.0,2.544203799417997,1.0,3.25,7.0,12.0
2024-25,2025-05-25,Brentford,ALL,goals_for,38,1.736842105263158,1.0,1.5366550286574245,0.0,1.0,2.75,5.0
2024-25,2025-05-25,Brentford,ALL,goals_against,38,1.5,2.0,1.033231613708934,0.0,1.0,2.0,3.0
2024-25,2025-05-25,Brentford,HOME,fouls_committed,19,7.473684210526316,8.0,2.8745709061939735,2.0,6.0,9.5,12.0
2024-25,2025-05-25,Brentford,HOME,fouls_suffered,19,9.947368421052632,10.0,3.3578049081460333,4.0,7.5,11.5,16.0
2024-25,2025-05-25,Brentford,HOME,corners_for,19,5.157894736842105,5.0,2.522414141138446,2.0,3.5,6.5,10.0
2024-25,2025-05-25,Brentford,HOME,corners_against,19,5.473684210526316,5.0,2.815994417857306,3.0,4.0,6.5,15.0
2024-25,2025-05-25,Brentford,HOME,yellow_cards,19,1.631578947368421,2.0,1.1647854507156372,0.0,1.0,2.0,4.0
2024-25,2025-05-25,Brentford,HOME,yellow_cards_opponent,19,2.263157894736842,2.0,1.4469164631940532,0.0,1.0,3.0,5.0
2024-25,2025-05-25,Brentford,HOME,shots_for,19,12.947368421052632,12.0,4.6484607274347205,5.0,10.0,17.0,20.0
2024-25,2025-05-25,Brentford,HOME,shots_against,19,15.842105263157896,14.0,6.256224970155163,7.0,12.5,17.5,37.0
2024-25,2025-05-25,Brentford,HOME,shots_on_target_for,19,5.526315789473684,6.0,2.611266637149948,2.0,3.0,6.5,12.0
2024-25,2025-05-25,Brentford,HOME,shots_on_target_against,19,4.842105263157895,5.0,1.772103517628974,2.0,3.0,6.0,8.0
2024-25,2025-05-25,Brentford,HOME,goals_for,19,2.1052631578947367,2.0,1.7286711930171252,0.0,0.5,4.0,5.0
2024-25,2025-05-25,Brentford,HOME,goals_against,19,1.8421052631578947,2.0,0.8983415518941831,0.0,1.0,2.5,3.0
2024-25,2025-05-25,Brentford,AWAY,fouls_committed,19,9.31578947368421,10.0,3.1807167532377805,3.0,7.0,12.0,15.0
2024-25,2025-05-25,Brentford,AWAY,fouls_suffered,19,9.263157894736842,10.0,2.684153192828811,3.0,7.5,11.0,14.0
2024-25,2025-05-25,Brentford,AWAY,corners_for,19,4.052631578947368,4.0,1.4709665835968129,2.0,3.0,5.0,7.0
2024-25,2025-05-25,Brentford,AWAY,corners_against,19,7.421052631578948,8.0,3.1853098484149633,2.0,4.5,9.5,13.0
2024-25,2025-05-25,Brentford,AWAY,yellow_cards,19,1.631578947368421,1.0,1.382852378872881,0.0,1.0,2.0,5.0
2024-25,2025-05-25,Brentford,AWAY,yellow_cards_opponent,19,1.8421052631578947,2.0,1.11868761873192,0.0,1.0,2.5,4.0
2024-25,2025-05-25,Brentford,AWAY,shots_for,19,10.263157894736842,9.0,3.9978064160675513,3.0,8.0,13.0,20.0
2024-25,2025-05-25,Brentford,AWAY,shots_against,19,18.210526315789473,18.0,5.864951902506401,8.0,14.0,23.0,27.0
2024-25,2025-05-25,Brentford,AWAY,shots_on_target_for,19,4.157894736842105,4.0,2.4097754135727354,1.0,2.0,5.5,11.0
2024-25,2025-05-25,Brentford,AWAY,shots_on_target_against,19,6.157894736842105,5.0,3.0416216050495324,1.0,4.0,8.0,12.0
2024-25,2025-05-25,Brentford,AWAY,goals_for,19,1.368421052631579,1.0,1.2565617248750867,0.0,1.0,1.5,5.0
2024-25,2025-05-25,Brentford,AWAY,goals_against,19,1.1578947368421053,1.0,1.067872125861979,0.0,0.0,2.0,3.0
2024-25,2025-05-25,Brighton & Hove Albion,ALL,fouls_committed,38,11.526315789473685,12.0,3.58477894908431,6.0,9.0,13.75,20.0
2024-25,2025-05-25,Brighton & Hove Albion,ALL,fouls_suffered,38,11.236842105263158,11.0,2.421013977055513,7.0,10.0,13.0,16.0
2024-25,2025-05-25,Brighton & Hove Albion,ALL,corners_for,38,4.973684210526316,4.5,2.84259913521547,0.0,3.0,7.0,11.0
2024-25,2025-05-25,Brighton & Hove Albion,ALL,corners_against,38,4.842105263157895,4.5,2.890116576620749,0.0,3.0,7.0,12.0
2024-25,2025-05-25,Brighton & Hove Albion,ALL,yellow_cards,38,1.894736842105263,2.0,1.0852692699674602,0.0,1.0,2.75,5.0
2024-25,2025-05-25,Brighton & Hove Albion,ALL,yellow_cards_opponent,38,2.236842105263158,2.0,1.1492467692178256,0.0,1.25,3.0,5.0
2024-25,2025-05-25,Brighton & Hove Albion,ALL,shots_for,38,14.026315789473685,13.0,5.211664889899275,5.0,11.0,16.75,25.0
2024-25,2025-05-25,Brighton & Hove Albion,ALL,shots_against,38,11.236842105263158,11.0,4.738766007273702,3.0,8.0,14.75,21.0
2024-25,2025-05-25,Brighton & Hove Albion,ALL,shots_on_target_for,38,5.026315789473684,5.0,2.330605327995088,1.0,4.0,5.75,12.0
2024-25,2025-05-25,Brighton & Hove Albion,ALL,shots_on_target_against,38,3.9210526315789473,3.5,2.2825019338953756,0.0,2.25,5.0,9.0
2024-25,2025-05-25,Brighton & Hove Albion,ALL,goals_for,38,1.736842105263158,2.0,1.0573861328081182,0.0,1.0,2.0,4.0
2024-25,2025-05-25,Brighton & Hove Albion,ALL,goals_against,38,1.5526315789473684,1.0,1.4084180971121876,0.0,1.0,2.0,7.0
2024-25,2025-05-25,Brighton & Hove Albion,HOME,fouls_committed,19,11.631578947368421,12.0,3.803660901987708,6.0,9.0,14.0,20.0
2024-25,2025-05-25,Brighton & Hove Albion,HOME,fouls_suffered,19,12.0,11.0,2.4037008503093262,8.0,10.0,14.0,16.0
2024-25,2025-05-25,Brighton & Hove Albion,HOME,corners_for,19,4.7894736842105265,4.0,3.1194541432832095,0.0,2.5,8.0,9.0
2024-25,2025-05-25,Brighton & Hove Albion,HOME,corners_against,19,4.368421052631579,4.0,2.671049030620106,0.0,2.5,6.0,9.0
2024-25,2025-05-25,Brighton & Hove Albion,HOME,yellow_cards,19,1.7894736842105263,2.0,1.0841764600337105,0.0,1.0,2.5,4.0
2024-25,2025-05-25,Brighton & Hove Albion,HOME,yellow_cards_opponent,19,2.5789473684210527,3.0,1.304513083861144,0.0,2.0,3.5,5.0
2024-25,2025-05-25,Brighton & Hove Albion,HOME,shots_for,19,15.263157894736842,14.0,5.546190937763381,5.0,11.0,20.0,25.0
2024-25,2025-05-25,Brighton & Hove Albion,HOME,shots_against,19,10.789473684210526,11.0,4.4793222127214865,3.0,8.0,13.5,19.0
2024-25,2025-05-25,Brighton & Hove Albion,HOME,shots_on_target_for,19,5.105263157894737,5.0,2.4696994158557763,1.0,4.0,6.0,12.0
2024-25,2025-05-25,Brighton & Hove Albion,HOME,shots_on_target_against,19,3.6315789473684212,4.0,1.9779486094826595,0.0,2.5,5.0,7.0
2024-25,2025-05-25,Brighton & Hove Albion,HOME,goals_for,19,1.5789473684210527,2.0,1.0706067580626217,0.0,1.0,2.0,3.0
2024-25,2025-05-25,Brighton & Hove Albion,HOME,goals_against,19,1.368421052631579,1.0,0.8950807732508138,0.0,1.0,2.0,3.0
2024-25,2025-05-25,Brighton & Hove Albion,AWAY,fouls_committed,19,11.421052631578947,11.0,3.4531111491214896,7.0,8.5,13.0,20.0
2024-25,2025-05-25,Brighton & Hove Albion,AWAY,fouls_suffered,19,10.473684210526315,11.0,2.2452028132252595,7.0,8.5,12.5,14.0
2024-25,2025-05-25,Brighton & Hove Albion,AWAY,corners_for,19,5.157894736842105,5.0,2.609026167722288,0.0,4.0,6.5,11.0
2024-25,2025-05-25,Brighton & Hove Albion,AWAY,corners_against,19,5.315789473684211,5.0,3.092151922007056,1.0,3.5,7.5,12.0
2024-25,2025-05-25,Brighton & Hove Albion,AWAY,yellow_cards,19,2.0,2.0,1.1055415967851334,0.0,1.0,2.5,5.0
2024-25,2025-05-25,Brighton & Hove Albion,AWAY,yellow_cards_opponent,19,1.894736842105263,2.0,0.8752610304046612,0.0,1.0,2.5,3.0
2024-25,2025-05-25,Brighton & Hove Albion,AWAY,shots_for,19,12.789473684210526,12.0,4.67355381515586,6.0,10.0,15.0,23.0
2024-25,2025-05-25,Brighton & Hove Albion,AWAY,shots_against,19,11.68421052631579,11.0,5.066805168928744,4.0,8.5,15.5,21.0
2024-25,2025-05-25,Brighton & Hove Albion,AWAY,shots_on_target_for,19,4.947368421052632,5.0,2.2478059477960652,2.0,3.5,5.0,12.0
2024-25,2025-05-25,Brighton & Hove Albion,AWAY,shots_on_target_against,19,4.2105263157894735,3.0,2.5729133372377064,1.0,2.5,6.5,9.0
2024-25,2025-05-25,Brighton & Hove Albion,AWAY,goals_for,19,1.894736842105263,2.0,1.0485300208760657,0.0,1.0,2.0,4.0
2024-25,2025-05-25,Brighton & Hove Albion,AWAY,goals_against,19,1.736842105263158,1.0,1.7901615465016278,0.0,0.5,2.0,7.0
2024-25,2025-05-25,Chelsea,ALL,fouls_committed,38,11.473684210526315,12.0,2.9014147723766723,5.0,10.0,13.0,21.0
2024-25,2025-05-25,Chelsea,ALL,fouls_suffered,38,12.026315789473685,12.0,3.6054526432123133,6.0,9.0,14.75,20.0
2024-25,2025-05-25,Chelsea,ALL,corners_for,38,6.2105263157894735,5.5,2.923880194395908,3.0,4.0,8.0,15.0
2024-25,2025-05-25,Chelsea,ALL,corners_against,38,3.710526315789474,3.5,1.7070267297396133,1.0,2.0,5.0,7.0
2024-25,2025-05-25,Chelsea,ALL,yellow_cards,38,2.5789473684210527,2.0,1.7026462543421401,0.0,2.0,3.0,8.0
2024-25,2025-05-25,Chelsea,ALL,yellow_cards_opponent,38,2.526315789473684,2.0,1.6396578763985632,0.0,1.25,3.75,6.0
2024-25,2025-05-25,Chelsea,ALL,shots_for,38,15.657894736842104,15.0,6.005746418445775,6.0,11.25,19.0,34.0
2024-25,2025-05-25,Chelsea,ALL,shots_against,38,10.473684210526315,11.0,3.761374404535569,3.0,8.25,13.0,19.0
2024-25,2025-05-25,Chelsea,ALL,shots_on_target_for,38,5.7368421052631575,7.0,2.87283841679097,0.0,3.0,8.0,13.0
2024-25,2025-05-25,Chelsea,ALL,shots_on_target_against,38,4.131578947368421,4.0,1.8769015961703934,1.0,3.0,5.0,9.0
2024-25,2025-05-25,Chelsea,ALL,goals_for,38,1.6842105263157894,1.0,1.4723627483025048,0.0,1.0,2.0,6.0
2024-25,2025-05-25,Chelsea,ALL,goals_against,38,1.131578947368421,1.0,0.9349390103414882,0.0,0.0,2.0,3.0
2024-25,2025-05-25,Chelsea,HOME,fouls_committed,19,11.31578947368421,11.0,3.18071675323778,6.0,10.0,12.0,21.0
2024-25,2025-05-25,Chelsea,HOME,fouls_suffered,19,11.368421052631579,11.0,3.148377471294442,6.0,9.0,13.5,16.0
2024-25,2025-05-25,Chelsea,HOME,corners_for,19,6.473684210526316,4.0,3.595806524467565,3.0,4.0,8.5,15.0
2024-25,2025-05-25,Chelsea,HOME,corners_against,19,3.473684210526316,3.0,1.540866316669929,1.0,2.0,4.5,6.0
2024-25,2025-05-25,Chelsea,HOME,yellow_cards,19,2.526315789473684,2.0,1.8669172764102497,0.0,1.0,4.0,6.0
2024-25,2025-05-25,Chelsea,HOME,yellow_cards_opponent,19,2.210526315789474,2.0,1.4367767695018308,0.0,2.0,2.5,6.0
2024-25,2025-05-25,Chelsea,HOME,shots_for,19,17.789473684210527,17.0,6.329638811605297,10.0,12.5,21.0,34.0
2024-25,2025-05-25,Chelsea,HOME,shots_against,19,10.0,10.0,3.6514837167011076,3.0,7.5,13.0,16.0
2024-25,2025-05-25,Chelsea,HOME,shots_on_target_for,19,6.684210526315789,7.0,2.2620696417943202,3.0,6.0,8.0,10.0
2024-25,2025-05-25,Chelsea,HOME,shots_on_target_against,19,3.789473684210526,3.0,1.873171623163388,1.0,3.0,4.5,9.0
2024-25,2025-05-25,Chelsea,HOME,goals_for,19,1.8421052631578947,2.0,1.11868761873192,0.0,1.0,2.5,4.0
2024-25,2025-05-25,Chelsea,HOME,goals_against,19,0.9473684210526315,1.0,0.7798635358208024,0.0,0.0,1.5,2.0
2024-25,2025-05-25,Chelsea,AWAY,fouls_committed,19,11.631578947368421,12.0,2.671049030620106,5.0,10.0,13.0,16.0
2024-25,2025-05-25,Chelsea,AWAY,fouls_suffered,19,12.68421052631579,12.0,3.9868203925064476,6.0,9.5,15.5,20.0
2024-25,2025-05-25,Chelsea,AWAY,corners_for,19,5.947368421052632,6.0,2.120631043673513,3.0,4.0,7.5,10.0
2024-25,2025-05-25,Chelsea,AWAY,corners_against,19,3.9473684210526314,4.0,1.8700470644857612,1.0,2.0,5.5,7.0
2024-25,2025-05-25,Chelsea,AWAY,yellow_cards,19,2.6315789473684212,2.0,1.5709348354753425,0.0,2.0,3.0,8.0
2024-25,2025-05-25,Chelsea,AWAY,yellow_cards_opponent,19,2.8421052631578947,3.0,1.803181074740996,0.0,1.0,4.0,6.0
2024-25,2025-05-25,Chelsea,AWAY,shots_for,19,13.526315789473685,12.0,4.9482704167172455,6.0,10.0,15.5,26.0
2024-25,2025-05-25,Chelsea,AWAY,shots_against,19,10.947368421052632,12.0,3.908305745610186,4.0,9.0,13.0,19.0
2024-25,2025-05-25,Chelsea,AWAY,shots_on_target_for,19,4.7894736842105265,5.0,3.1548718475191673,0.0,2.5,7.0,13.0
2024-25,2025-05-25,Chelsea,AWAY,shots_on_target_against,19,4.473684210526316,5.0,1.8669172764102497,1.0,4.0,6.0,7.0
2024-25,2025-05-25,Chelsea,AWAY,goals_for,19,1.5263157894736843,1.0,1.7754004572562583,0.0,0.0,2.0,6.0
2024-25,2025-05-25,Chelsea,AWAY,goals_against,19,1.3157894736842106,1.0,1.0568628408301077,0.0,0.5,2.0,3.0
2024-25,2025-05-25,Crystal Palace,ALL,fouls_committed,38,10.973684210526315,10.5,3.4365825427679555,4.0,9.0,13.0,19.0
2024-25,2025-05-25,Crystal Palace,ALL,fouls_suffered,38,11.0,11.0,3.127904056038769,4.0,9.0,13.0,19.0
2024-25,2025-05-25,Crystal Palace,ALL,corners_for,38,4.526315789473684,5.0,2.424390055421164,0.0,3.0,6.0,8.0
2024-25,2025-05-25,Crystal Palace,ALL,corners_against,38,5.657894736842105,5.0,2.8595625803227946,1.0,4.0,8.0,11.0
2024-25,2025-05-25,Crystal Palace,ALL,yellow_cards,38,1.9736842105263157,2.0,1.4234871932945812,0.0,1.0,3.0,5.0
2024-25,2025-05-25,Crystal Palace,ALL,yellow_cards_opponent,38,2.0,2.0,1.433197144168957,0.0,1.0,2.75,8.0
2024-25,2025-05-25,Crystal Palace,ALL,shots_for,38,13.578947368421053,13.0,4.309835257072014,5.0,10.0,16.75,23.0
2024-25,2025-05-25,Crystal Palace,ALL,shots_against,38,12.736842105263158,12.5,4.452052126442099,1.0,9.25,15.75,21.0
2024-25,2025-05-25,Crystal Palace,ALL,shots_on_target_for,38,4.894736842105263,5.0,2.128182496800276,0.0,3.25,6.0,10.0
2024-25,2025-05-25,Crystal Palace,ALL,shots_on_target_against,38,4.078947368421052,4.0,2.2706300940888804,0.0,2.25,6.0,9.0
2024-25,2025-05-25,Crystal Palace,ALL,goals_for,38,1.3421052631578947,1.0,1.0207658965929585,0.0,1.0,2.0,4.0
2024-25,2025-05-25,Crystal Palace,ALL,goals_against,38,1.3421052631578947,1.0,1.3411635889793545,0.0,0.0,2.0,5.0
2024-25,2025-05-25,Crystal Palace,HOME,fouls_committed,19,10.736842105263158,9.0,3.885044047557503,4.0,8.5,12.5,19.0
2024-25,2025-05-25,Crystal Palace,HOME,fouls_suffered,19,12.0,12.0,3.1091263510296048,7.0,10.0,14.0,19.0
2024-25,2025-05-25,Crystal Palace,HOME,corners_for,19,4.578947368421052,5.0,2.3408400551389006,0.0,3.0,6.0,8.0
2024-25,2025-05-25,Crystal Palace,HOME,corners_against,19,6.105263157894737,7.0,2.7667617823430186,2.0,4.0,8.0,11.0
2024-25,2025-05-25,Crystal Palace,HOME,yellow_cards,19,1.9473684210526316,2.0,1.4327007988227578,0.0,1.0,3.0,4.0
2024-25,2025-05-25,Crystal Palace,HOME,yellow_cards_opponent,19,2.3157894736842106,2.0,1.7654911680117478,0.0,1.0,3.0,8.0
2024-25,2025-05-25,Crystal Palace,HOME,shots_for,19,14.31578947368421,14.0,4.321170515020559,5.0,12.5,18.0,20.0
2024-25,2025-05-25,Crystal Palace,HOME,shots_against,19,12.105263157894736,12.0,4.1619271289753,1.0,11.0,15.0,18.0
2024-25,2025-05-25,Crystal Palace,HOME,shots_on_target_for,19,4.842105263157895,5.0,2.4097754135727354,0.0,3.5,6.0,10.0
2024-25,2025-05-25,Crystal Palace,HOME,shots_on_target_against,19,4.157894736842105,4.0,2.0347852164769096,0.0,3.0,6.0,8.0
2024-25,2025-05-25,Crystal Palace,HOME,goals_for,19,1.263157894736842,1.0,1.1945294407402949,0.0,0.5,2.0,4.0
2024-25,2025-05-25,Crystal Palace,HOME,goals_against,19,1.368421052631579,1.0,1.1647854507156372,0.0,1.0,2.0,5.0
2024-25,2025-05-25,Crystal Palace,AWAY,fouls_committed,19,11.210526315789474,11.0,3.0107021581983355,6.0,9.5,13.0,16.0
2024-25,2025-05-25,Crystal Palace,AWAY,fouls_suffered,19,10.0,10.0,2.886751345948129,4.0,8.0,12.5,14.0
2024-25,2025-05-25,Crystal Palace,AWAY,corners_for,19,4.473684210526316,5.0,2.5683635311361543,0.0,2.5,6.5,8.0
2024-25,2025-05-25,Crystal Palace,AWAY,corners_against,19,5.2105263157894735,4.0,2.954825570494269,1.0,3.5,6.5,11.0
2024-25,2025-05-25,Crystal Palace,AWAY,yellow_cards,19,2.0,2.0,1.4529663145135578,0.0,1.0,3.0,5.0
2024-25,2025-05-25,Crystal Palace,AWAY,yellow_cards_opponent,19,1.6842105263157894,2.0,0.9459053029269173,0.0,1.0,2.0,4.0
2024-25,2025-05-25,Crystal Palace,AWAY,shots_for,19,12.842105263157896,12.0,4.285157301595263,8.0,9.5,14.5,23.0
2024-25,2025-05-25,Crystal Palace,AWAY,shots_against,19,13.368421052631579,13.0,4.751730986537543,7.0,9.0,17.0,21.0
2024-25,2025-05-25,Crystal Palace,AWAY,shots_on_target_for,19,4.947368421052632,5.0,1.8700470644857612,3.0,3.5,6.0,10.0
2024-25,2025-05-25,Crystal Palace,AWAY,shots_on_target_against,19,4.0,4.0,2.5385910352879693,0.0,2.0,6.0,9.0
2024-25,2025-05-25,Crystal Palace,AWAY,goals_for,19,1.4210526315789473,2.0,0.837707816583391,0.0,1.0,2.0,3.0
2024-25,2025-05-25,Crystal Palace,AWAY,goals_against,19,1.3157894736842106,1.0,1.529438225803745,0.0,0.0,2.0,5.0
2024-25,2025-05-25,Everton,ALL,fouls_committed,38,11.31578947368421,11.5,3.4256998745010447,6.0,9.0,13.0,20.0
2024-25,2025-05-25,Everton,ALL,fouls_suffered,38,10.131578947368421,10.0,3.5577935208274956,1.0,8.0,12.0,20.0
2024-25,2025-05-25,Everton,ALL,corners_for,38,4.105263157894737,4.0,2.345662744867648,0.0,2.0,5.0,10.0
2024-25,2025-05-25,Everton,ALL,corners_against,38,6.052631578947368,5.0,2.856451857103282,1.0,4.0,8.0,12.0
2024-25,2025-05-25,Everton,ALL,yellow_cards,38,2.1052631578947367,2.0,1.3514651445687946,0.0,1.0,3.0,4.0
2024-25,2025-05-25,Everton,ALL,yellow_cards_opponent,38,1.1578947368421053,1.0,1.0273638737860797,0.0,0.25,2.0,4.0
2024-25,2025-05-25,Everton,ALL,shots_for,38,10.657894736842104,10.0,4.697764366448604,2.0,8.0,13.0,27.0
2024-25,2025-05-25,Everton,ALL,shots_against,38,12.631578947368421,12.0,3.8933141071383006,6.0,10.0,15.5,24.0
2024-25,2025-05-25,Everton,ALL,shots_on_target_for,38,3.789473684210526,4.0,2.256017715294185,0.0,2.0,5.0,8.0
2024-25,2025-05-25,Everton,ALL,shots_on_target_against,38,4.473684210526316,5.0,1.9964406449812484,1.0,3.0,6.0,8.0
2024-25,2025-05-25,Everton,ALL,goals_for,38,1.105263157894737,1.0,1.1575714019004901,0.0,0.0,2.0,4.0
2024-25,2025-05-25,Everton,ALL,goals_against,38,1.1578947368421053,1.0,1.127693551181772,0.0,0.0,2.0,4.0
2024-25,2025-05-25,Everton,HOME,fouls_committed,19,11.105263157894736,12.0,3.9985377444219843,6.0,8.0,13.0,20.0
2024-25,2025-05-25,Everton,HOME,fouls_suffered,19,10.210526315789474,10.0,3.952199772397098,1.0,8.0,12.5,20.0
2024-25,2025-05-25,Everton,HOME,corners_for,19,4.2631578947368425,4.0,2.621325052190164,0.0,2.5,5.5,10.0
2024-25,2025-05-25,Everton,HOME,corners_against,19,5.421052631578948,5.0,2.193824399781355,2.0,4.0,7.0,10.0
2024-25,2025-05-25,Everton,HOME,yellow_cards,19,2.1052631578947367,2.0,1.3701069237311885,0.0,1.0,3.5,4.0
2024-25,2025-05-25,Everton,HOME,yellow_cards_opponent,19,1.0526315789473684,1.0,0.9703197760719182,0.0,0.5,1.0,4.0
2024-25,2025-05-25,Everton,HOME,shots_for,19,11.157894736842104,10.0,4.969497603656584,5.0,8.0,13.0,27.0
2024-25,2025-05-25,Everton,HOME,shots_against,19,11.052631578947368,11.0,3.25702120571895,6.0,9.0,13.0,17.0
2024-25,2025-05-25,Everton,HOME,shots_on_target_for,19,4.105263157894737,4.0,2.0788548354564305,1.0,2.5,5.0,8.0
2024-25,2025-05-25,Everton,HOME,shots_on_target_against,19,4.2105263157894735,5.0,1.843274482738111,1.0,3.0,5.0,7.0
2024-25,2025-05-25,Everton,HOME,goals_for,19,1.368421052631579,1.0,1.3420765964144055,0.0,0.0,2.0,4.0
2024-25,2025-05-25,Everton,HOME,goals_against,19,1.2105263157894737,1.0,1.0316624861746775,0.0,0.0,2.0,3.0
2024-25,2025-05-25,Everton,AWAY,fouls_committed,19,11.526315789473685,11.0,2.835654364078002,6.0,9.5,12.5,18.0
2024-25,2025-05-25,Everton,AWAY,fouls_suffered,19,10.052631578947368,11.0,3.2227263166891325,3.0,8.5,12.0,15.0
2024-25,2025-05-25,Everton,AWAY,corners_for,19,3.9473684210526314,5.0,2.0942695414584773,1.0,2.0,5.0,8.0
2024-25,2025-05-25,Everton,AWAY,corners_against,19,6.684210526315789,6.0,3.334210410926024,1.0,5.0,9.0,12.0
2024-25,2025-05-25,Everton,AWAY,yellow_cards,19,2.1052631578947367,2.0,1.3701069237311885,0.0,1.0,3.0,4.0
2024-25,2025-05-25,Everton,AWAY,yellow_cards_opponent,19,1.263157894736842,1.0,1.0975784083941789,0.0,0.5,2.0,4.0
2024-25,2025-05-25,Everton,AWAY,shots_for,19,10.157894736842104,11.0,4.487800226970111,2.0,7.0,13.5,18.0
2024-25,2025-05-25,Everton,AWAY,shots_against,19,14.210526315789474,13.0,3.909801747864249,9.0,11.0,17.0,24.0
2024-25,2025-05-25,Everton,AWAY,shots_on_target_for,19,3.473684210526316,4.0,2.4351231101124045,0.0,1.5,5.0,8.0
2024-25,2025-05-25,Everton,AWAY,shots_on_target_against,19,4.7368421052631575,5.0,2.1561824614390925,1.0,3.0,6.0,8.0
2024-25,2025-05-25,Everton,AWAY,goals_for,19,0.8421052631578947,1.0,0.8983415518941831,0.0,0.0,1.0,3.0
2024-25,2025-05-25,Everton,AWAY,goals_against,19,1.105263157894737,1.0,1.2425214883947913,0.0,0.0,1.0,4.0
2024-25,2025-05-25,Fulham,ALL,fouls_committed,38,11.368421052631579,11.0,3.3965089599794207,3.0,8.5,14.0,18.0
2024-25,2025-05-25,Fulham,ALL,fouls_suffered,38,9.763157894736842,9.5,3.451863660568332,2.0,8.0,11.75,18.0
2024-25,2025-05-25,Fulham,ALL,corners_for,38,5.394736842105263,5.5,3.000355597701717,0.0,3.0,7.0,13.0
2024-25,2025-05-25,Fulham,ALL,corners_against,38,4.552631578947368,5.0,2.500782238929128,0.0,3.0,6.0,11.0
2024-25,2025-05-25,Fulham,ALL,yellow_cards,38,2.1052631578947367,2.0,1.5029605681510028,0.0,1.0,3.0,6.0
2024-25,2025-05-25,Fulham,ALL,yellow_cards_opponent,38,1.7105263157894737,2.0,1.3931860188332879,0.0,0.25,3.0,5.0
2024-25,2025-05-25,Fulham,ALL,shots_for,38,13.710526315789474,13.0,5.530788002782352,2.0,10.0,16.75,26.0
2024-25,2025-05-25,Fulham,ALL,shots_against,38,11.368421052631579,11.0,3.989317171346352,4.0,9.25,13.75,20.0
2024-25,2025-05-25,Fulham,ALL,shots_on_target_for,38,4.552631578947368,4.0,2.6477667124012534,0.0,3.0,6.0,12.0
2024-25,2025-05-25,Fulham,ALL,shots_on_target_against,38,4.2631578947368425,4.0,1.8842764835043024,1.0,3.0,5.0,9.0
2024-25,2025-05-25,Fulham,ALL,goals_for,38,1.4210526315789473,1.5,0.9192117347876201,0.0,1.0,2.0,3.0
2024-25,2025-05-25,Fulham,ALL,goals_against,38,1.4210526315789473,1.0,0.9481583556691995,0.0,1.0,2.0,4.0
2024-25,2025-05-25,Fulham,HOME,fouls_committed,19,10.736842105263158,10.0,3.493519480777673,3.0,8.0,13.5,16.0
2024-25,2025-05-25,Fulham,HOME,fouls_suffered,19,10.631578947368421,9.0,3.4190727514243044,5.0,8.5,13.5,18.0
2024-25,2025-05-25,Fulham,HOME,corners_for,19,5.315789473684211,6.0,2.809757434745082,0.0,3.5,7.0,11.0
2024-25,2025-05-25,Fulham,HOME,corners_against,19,4.421052631578948,5.0,2.6313450188424805,0.0,2.5,6.0,11.0
2024-25,2025-05-25,Fulham,HOME,yellow_cards,19,1.736842105263158,1.0,1.5578512717186201,0.0,1.0,2.5,6.0
2024-25,2025-05-25,Fulham,HOME,yellow_cards_opponent,19,1.631578947368421,2.0,1.5351629054269225,0.0,0.0,3.0,5.0
2024-25,2025-05-25,Fulham,HOME,shots_for,19,13.789473684210526,13.0,6.468547384317278,2.0,10.0,18.0,26.0
2024-25,2025-05-25,Fulham,HOME,shots_against,19,11.052631578947368,11.0,4.075314360206207,4.0,9.0,13.5,20.0
2024-25,2025-05-25,Fulham,HOME,shots_on_target_for,19,4.894736842105263,4.0,3.229976553786683,0.0,3.0,6.0,12.0
2024-25,2025-05-25,Fulham,HOME,shots_on_target_against,19,4.2631578947368425,4.0,2.181796030367792,1.0,3.0,5.0,9.0
2024-25,2025-05-25,Fulham,HOME,goals_for,19,1.4210526315789473,1.0,1.0173926082384548,0.0,1.0,2.0,3.0
2024-25,2025-05-25,Fulham,HOME,goals_against,19,1.5789473684210527,1.0,1.0173926082384548,0.0,1.0,2.0,4.0
2024-25,2025-05-25,Fulham,AWAY,fouls_committed,19,12.0,12.0,3.265986323710904,7.0,10.0,15.0,18.0
2024-25,2025-05-25,Fulham,AWAY,fouls_suffered,19,8.894736842105264,10.0,3.34821240601451,2.0,7.0,11.0,15.0
2024-25,2025-05-25,Fulham,AWAY,corners_for,19,5.473684210526316,5.0,3.255225219254449,1.0,3.0,7.5,13.0
2024-25,2025-05-25,Fulham,AWAY,corners_against,19,4.684210526315789,5.0,2.427907914667536,0.0,3.5,6.5,8.0
2024-25,2025-05-25,Fulham,AWAY,yellow_cards,19,2.473684210526316,3.0,1.3891812557774847,0.0,1.0,3.5,5.0
2024-25,2025-05-25,Fulham,AWAY,yellow_cards_opponent,19,1.7894736842105263,2.0,1.2727462594467416,0.0,1.0,3.0,4.0
2024-25,2025-05-25,Fulham,AWAY,shots_for,19,13.631578947368421,14.0,4.58512724064071,6.0,11.0,15.5,26.0
2024-25,2025-05-25,Fulham,AWAY,shots_against,19,11.68421052631579,11.0,3.9868203925064467,4.0,9.5,13.5,20.0
2024-25,2025-05-25,Fulham,AWAY,shots_on_target_for,19,4.2105263157894735,4.0,1.9315781506443852,1.0,3.0,5.5,7.0
2024-25,2025-05-25,Fulham,AWAY,shots_on_target_against,19,4.2631578947368425,4.0,1.5931138364556476,1.0,3.0,5.0,8.0
2024-25,2025-05-25,Fulham,AWAY,goals_for,19,1.4210526315789473,2.0,0.837707816583391,0.0,1.0,2.0,3.0
2024-25,2025-05-25,Fulham,AWAY,goals_against,19,1.263157894736842,1.0,0.8719139396343283,0.0,1.0,2.0,3.0
2024-25,2025-05-25,Ipswich,ALL,fouls_committed,38,11.31578947368421,11.0,3.5800140657876685,4.0,9.0,14.75,19.0
2024-25,2025-05-25,Ipswich,ALL,fouls_suffered,38,10.894736842105264,10.5,3.4780351216246537,4.0,8.25,14.0,18.0
2024-25,2025-05-25,Ipswich,ALL,corners_for,38,3.8157894736842106,4.0,2.346420657176957,0.0,2.0,5.0,10.0
2024-25,2025-05-25,Ipswich,ALL,corners_against,38,6.631578947368421,6.5,3.962125096129935,0.0,3.25,9.0,16.0
2024-25,2025-05-25,Ipswich,ALL,yellow_cards,38,2.210526315789474,2.0,1.3980274663203365,0.0,1.0,3.0,5.0
2024-25,2025-05-25,Ipswich,ALL,yellow_cards_opponent,38,1.6578947368421053,1.0,1.4383984297385248,0.0,1.0,2.75,4.0
2024-25,2025-05-25,Ipswich,ALL,shots_for,38,9.894736842105264,10.0,4.476904539210164,1.0,7.0,13.0,20.0
2024-25,2025-05-25,Ipswich,ALL,shots_against,38,15.973684210526315,15.0,6.126975542874901,7.0,11.0,20.0,34.0
2024-25,2025-05-25,Ipswich,ALL,shots_on_target_for,38,3.3421052631578947,3.0,1.8784167541133443,0.0,2.0,5.0,8.0
2024-25,2025-05-25,Ipswich,ALL,shots_on_target_against,38,5.684210526315789,5.5,2.041531793185917,3.0,4.25,6.0,13.0
2024-25,2025-05-25,Ipswich,ALL,goals_for,38,0.9473684210526315,1.0,0.868280949084676,0.0,0.0,2.0,3.0
2024-25,2025-05-25,Ipswich,ALL,goals_against,38,2.1578947368421053,2.0,1.3857638305373698,0.0,1.0,3.0,6.0
2024-25,2025-05-25,Ipswich,HOME,fouls_committed,19,10.210526315789474,10.0,3.1372129770160484,4.0,9.0,12.0,15.0
2024-25,2025-05-25,Ipswich,HOME,fouls_suffered,19,11.631578947368421,13.0,3.5152133855854086,5.0,9.5,14.0,18.0
2024-25,2025-05-25,Ipswich,HOME,corners_for,19,4.105263157894737,4.0,2.401266722241623,0.0,3.0,5.0,10.0
2024-25,2025-05-25,Ipswich,HOME,corners_against,19,5.894736842105263,6.0,3.7696851746252595,0.0,3.0,8.0,13.0
2024-25,2025-05-25,Ipswich,HOME,yellow_cards,19,1.7894736842105263,2.0,1.3156725094212403,0.0,1.0,2.0,4.0
2024-25,2025-05-25,Ipswich,HOME,yellow_cards_opponent,19,1.6842105263157894,1.0,1.335524515310053,0.0,1.0,2.5,4.0
2024-25,2025-05-25,Ipswich,HOME,shots_for,19,10.947368421052632,11.0,3.9647570222668165,4.0,8.5,14.0,18.0
2024-25,2025-05-25,Ipswich,HOME,shots_against,19,14.473684210526315,13.0,5.22141340009933,7.0,10.5,19.0,24.0
2024-25,2025-05-25,Ipswich,HOME,shots_on_target_for,19,3.5789473684210527,4.0,1.7099639201419234,0.0,2.0,5.0,6.0
2024-25,2025-05-25,Ipswich,HOME,shots_on_target_against,19,5.578947368421052,6.0,1.6095475373078614,3.0,4.5,6.5,9.0
2024-25,2025-05-25,Ipswich,HOME,goals_for,19,0.7368421052631579,1.0,0.7334928056269077,0.0,0.0,1.0,2.0
2024-25,2025-05-25,Ipswich,HOME,goals_against,19,2.3157894736842106,2.0,1.4926721593968972,0.0,1.0,3.5,6.0
2024-25,2025-05-25,Ipswich,AWAY,fouls_committed,19,12.421052631578947,12.0,3.731484504615708,6.0,9.5,15.5,19.0
2024-25,2025-05-25,Ipswich,AWAY,fouls_suffered,19,10.157894736842104,10.0,3.3708416010568056,4.0,7.5,12.5,16.0
2024-25,2025-05-25,Ipswich,AWAY,corners_for,19,3.526315789473684,3.0,2.318246968260274,1.0,2.0,4.5,10.0
2024-25,2025-05-25,Ipswich,AWAY,corners_against,19,7.368421052631579,7.0,4.1124543403853595,2.0,5.0,9.5,16.0
2024-25,2025-05-25,Ipswich,AWAY,yellow_cards,19,2.6315789473684212,3.0,1.382852378872881,0.0,2.0,3.5,5.0
2024-25,2025-05-25,Ipswich,AWAY,yellow_cards_opponent,19,1.631578947368421,1.0,1.5709348354753423,0.0,0.5,3.0,4.0
2024-25,2025-05-25,Ipswich,AWAY,shots_for,19,8.842105263157896,9.0,4.810441858830952,1.0,5.0,12.0,20.0
2024-25,2025-05-25,Ipswich,AWAY,shots_against,19,17.473684210526315,16.0,6.719527273821107,8.0,12.5,22.0,34.0
2024-25,2025-05-25,Ipswich,AWAY,shots_on_target_for,19,3.1052631578947367,3.0,2.051956704170308,0.0,2.0,4.5,8.0
2024-25,2025-05-25,Ipswich,AWAY,shots_on_target_against,19,5.7894736842105265,5.0,2.439921386903481,3.0,4.5,6.0,13.0
2024-25,2025-05-25,Ipswich,AWAY,goals_for,19,1.1578947368421053,1.0,0.9581903020646578,0.0,0.0,2.0,3.0
2024-25,2025-05-25,Ipswich,AWAY,goals_against,19,2.0,2.0,1.2909944487358056,0.0,1.0,3.0,4.0
2024-25,2025-05-25,Leicester,ALL,fouls_committed,38,11.052631578947368,11.0,3.384762105266202,5.0,9.0,13.0,17.0
2024-25,2025-05-25,Leicester,ALL,fouls_suffered,38,10.605263157894736,10.0,3.5300981816543695,6.0,8.25,12.0,21.0
2024-25,2025-05-25,Leicester,ALL,corners_for,38,3.710526315789474,4.0,2.470451263480968,0.0,2.0,5.75,12.0
2024-25,2025-05-25,Leicester,ALL,corners_against,38,6.078947368421052,5.0,3.8441361377822845,1.0,4.0,7.0,17.0
2024-25,2025-05-25,Leicester,ALL,yellow_cards,38,2.289473684210526,2.0,1.4870230507099802,0.0,1.0,3.75,5.0
2024-25,2025-05-25,Leicester,ALL,yellow_cards_opponent,38,1.4473684210526316,1.0,1.4084180971121876,0.0,0.0,2.0,5.0
2024-25,2025-05-25,Leicester,ALL,shots_for,38,8.81578947368421,8.5,4.459155556695138,2.0,6.0,10.75,21.0
2024-25,2025-05-25,Leicester,ALL,shots_against,38,16.86842105263158,16.0,6.067953270997089,8.0,13.25,20.0,36.0
2024-25,2025-05-25,Leicester,ALL,shots_on_target_for,38,2.9210526315789473,3.0,1.6826873446537098,0.0,2.0,4.0,6.0
2024-25,2025-05-25,Leicester,ALL,shots_on_target_against,38,5.684210526315789,5.0,2.8102636517449096,2.0,4.0,7.0,16.0
2024-25,2025-05-25,Leicester,ALL,goals_for,38,0.868421052631579,1.0,0.9349390103414883,0.0,0.0,1.75,3.0
2024-25,2025-05-25,Leicester,ALL,goals_against,38,2.1052631578947367,2.0,1.1098934374027798,0.0,1.25,3.0,4.0
2024-25,2025-05-25,Leicester,HOME,fouls_committed,19,10.947368421052632,11.0,2.8958530543314356,6.0,9.0,12.5,16.0
2024-25,2025-05-25,Leicester,HOME,fouls_suffered,19,10.526315789473685,10.0,3.8350491964486304,6.0,7.5,12.0,21.0
2024-25,2025-05-25,Leicester,HOME,corners_for,19,4.2105263157894735,4.0,2.7804665349625743,0.0,2.0,6.0,12.0
2024-25,2025-05-25,Leicester,HOME,corners_against,19,5.684210526315789,5.0,3.6976363558201664,1.0,2.5,8.0,13.0
2024-25,2025-05-25,Leicester,HOME,yellow_cards,19,2.210526315789474,2.0,1.3975751766073286,0.0,1.0,3.5,5.0
2024-25,2025-05-25,Leicester,HOME,yellow_cards_opponent,19,1.368421052631579,1.0,1.3420765964144055,0.0,0.0,2.0,5.0
2024-25,2025-05-25,Leicester,HOME,shots_for,19,9.263157894736842,9.0,3.798276001661191,4.0,7.0,11.0,21.0
2024-25,2025-05-25,Leicester,HOME,shots_against,19,16.0,16.0,6.027713773341708,8.0,12.5,17.5,31.0
2024-25,2025-05-25,Leicester,HOME,shots_on_target_for,19,2.8947368421052633,3.0,1.4489358870144542,0.0,2.0,4.0,6.0
2024-25,2025-05-25,Leicester,HOME,shots_on_target_against,19,5.157894736842105,5.0,2.363217154989661,2.0,4.0,6.5,10.0
2024-25,2025-05-25,Leicester,HOME,goals_for,19,0.7894736842105263,1.0,0.9176629354822471,0.0,0.0,1.0,3.0
2024-25,2025-05-25,Leicester,HOME,goals_against,19,1.7894736842105263,2.0,1.134261745631201,0.0,1.0,2.5,4.0
2024-25,2025-05-25,Leicester,AWAY,fouls_committed,19,11.157894736842104,11.0,3.8910603795357614,5.0,9.0,14.0,17.0
2024-25,2025-05-25,Leicester,AWAY,fouls_suffered,19,10.68421052631579,11.0,3.3007176253210853,6.0,9.0,11.5,19.0
2024-25,2025-05-25,Leicester,AWAY,corners_for,19,3.210526315789474,3.0,2.070398441750365,0.0,2.0,5.0,6.0
2024-25,2025-05-25,Leicester,AWAY,corners_against,19,6.473684210526316,5.0,4.0465131911125605,1.0,4.0,7.0,17.0
2024-25,2025-05-25,Leicester,AWAY,yellow_cards,19,2.3684210526315788,2.0,1.6059101370939326,0.0,1.0,3.5,5.0
2024-25,2025-05-25,Leicester,AWAY,yellow_cards_opponent,19,1.5263157894736843,1.0,1.504379571363837,0.0,0.0,2.5,5.0
2024-25,2025-05-25,Leicester,AWAY,shots_for,19,8.368421052631579,8.0,5.101312753876741,2.0,4.0,10.0,20.0
2024-25,2025-05-25,Leicester,AWAY,shots_against,19,17.736842105263158,18.0,6.144935631731927,8.0,13.5,20.0,36.0
2024-25,2025-05-25,Leicester,AWAY,shots_on_target_for,19,2.9473684210526314,3.0,1.928548222268252,0.0,1.5,4.0,6.0
2024-25,2025-05-25,Leicester,AWAY,shots_on_target_against,19,6.2105263157894735,6.0,3.1724324240840995,2.0,4.5,7.0,16.0
2024-25,2025-05-25,Leicester,AWAY,goals_for,19,0.9473684210526315,1.0,0.9703197760719182,0.0,0.0,2.0,3.0
2024-25,2025-05-25,Leicester,AWAY,goals_against,19,2.4210526315789473,2.0,1.0173926082384546,1.0,2.0,3.0,4.0
2024-25,2025-05-25,Liverpool,ALL,fouls_committed,38,11.31578947368421,10.0,3.480488185374984,6.0,9.0,14.0,20.0
2024-25,2025-05-25,Liverpool,ALL,fouls_suffered,38,9.763157894736842,9.0,3.2335589173065555,3.0,7.0,11.0,18.0
2024-25,2025-05-25,Liverpool,ALL,corners_for,38,6.657894736842105,6.0,3.5813051809963095,1.0,3.25,9.75,15.0
2024-25,2025-05-25,Liverpool,ALL,corners_against,38,3.710526315789474,3.0,2.403914541099659,0.0,2.0,5.0,9.0
2024-25,2025-05-25,Liverpool,ALL,yellow_cards,38,1.6842105263157894,2.0,1.3377121081198773,0.0,1.0,2.0,5.0
2024-25,2025-05-25,Liverpool,ALL,yellow_cards_opponent,38,2.1052631578947367,2.0,1.1806886145601305,0.0,1.0,3.0,4.0
2024-25,2025-05-25,Liverpool,ALL,shots_for,38,17.05263157894737,16.0,6.405012262034606,6.0,14.0,19.0,37.0
2024-25,2025-05-25,Liverpool,ALL,shots_against,38,10.18421052631579,9.0,4.786553593749071,3.0,7.0,12.75,25.0
2024-25,2025-05-25,Liverpool,ALL,shots_on_target_for,38,6.078947368421052,5.5,2.8129197963928574,2.0,4.0,7.0,13.0
2024-25,2025-05-25,Liverpool,ALL,shots_on_target_against,38,3.710526315789474,3.0,2.347026810805559,0.0,2.25,5.0,12.0
2024-25,2025-05-25,Liverpool,ALL,goals_for,38,2.263157894736842,2.0,1.1782765821848358,0.0,2.0,2.75,6.0
2024-25,2025-05-25,Liverpool,ALL,goals_against,38,1.0789473684210527,1.0,1.0496222987951538,0.0,0.0,2.0,3.0
2024-25,2025-05-25,Liverpool,HOME,fouls_committed,19,11.526315789473685,10.0,2.9129675791122467,7.0,10.0,14.0,17.0
2024-25,2025-05-25,Liverpool,HOME,fouls_suffered,19,10.31578947368421,10.0,3.249831304663664,5.0,8.0,12.5,18.0
2024-25,2025-05-25,Liverpool,HOME,corners_for,19,6.526315789473684,6.0,3.5958065244675645,1.0,3.5,9.5,14.0
2024-25,2025-05-25,Liverpool,HOME,corners_against,19,4.157894736842105,4.0,2.7540507115224706,0.0,2.0,5.5,9.0
2024-25,2025-05-25,Liverpool,HOME,yellow_cards,19,1.631578947368421,2.0,1.2565617248750864,0.0,1.0,2.0,4.0
2024-25,2025-05-25,Liverpool,HOME,yellow_cards_opponent,19,2.263157894736842,2.0,1.2401659953032227,0.0,1.0,3.0,4.0
2024-25,2025-05-25,Liverpool,HOME,shots_for,19,16.526315789473685,16.0,4.587039968488897,9.0,14.0,19.0,28.0
2024-25,2025-05-25,Liverpool,HOME,shots_against,19,9.526315789473685,8.0,4.623231446277371,3.0,5.5,12.5,19.0
2024-25,2025-05-25,Liverpool,HOME,shots_on_target_for,19,5.894736842105263,6.0,2.447101161285992,3.0,4.5,7.0,13.0
2024-25,2025-05-25,Liverpool,HOME,shots_on_target_against,19,3.1578947368421053,3.0,1.863782232592187,0.0,2.0,4.0,7.0
2024-25,2025-05-25,Liverpool,HOME,goals_for,19,2.210526315789474,2.0,1.0841764600337107,0.0,2.0,2.5,5.0
2024-25,2025-05-25,Liverpool,HOME,goals_against,19,0.8421052631578947,1.0,0.6882472016116853,0.0,0.0,1.0,2.0
2024-25,2025-05-25,Liverpool,AWAY,fouls_committed,19,11.105263157894736,10.0,4.040004632039496,6.0,8.5,14.0,20.0
2024-25,2025-05-25,Liverpool,AWAY,fouls_suffered,19,9.210526315789474,9.0,3.207265144574477,3.0,7.0,10.5,16.0
2024-25,2025-05-25,Liverpool,AWAY,corners_for,19,6.7894736842105265,6.0,3.6602815217840075,2.0,3.5,9.5,15.0
2024-25,2025-05-25,Liverpool,AWAY,corners_against,19,3.263157894736842,3.0,1.9675733859858355,0.0,2.0,4.5,7.0
2024-25,2025-05-25,Liverpool,AWAY,yellow_cards,19,1.736842105263158,2.0,1.4469164631940532,0.0,0.5,2.5,5.0
2024-25,2025-05-25,Liverpool,AWAY,yellow_cards_opponent,19,1.9473684210526316,2.0,1.1290942392774796,0.0,1.0,2.5,4.0
2024-25,2025-05-25,Liverpool,AWAY,shots_for,19,17.57894736842105,17.0,7.918443937161196,6.0,11.0,22.5,37.0
2024-25,2025-05-25,Liverpool,AWAY,shots_against,19,10.842105263157896,9.0,4.980664367718392,5.0,7.5,13.0,25.0
2024-25,2025-05-25,Liverpool,AWAY,shots_on_target_for,19,6.2631578947368425,5.0,3.1944762266407776,2.0,4.0,7.5,13.0
2024-25,2025-05-25,Liverpool,AWAY,shots_on_target_against,19,4.2631578947368425,4.0,2.684153192828811,0.0,3.0,5.5,12.0
2024-25,2025-05-25,Liverpool,AWAY,goals_for,19,2.3157894736842106,2.0,1.293257367998745,1.0,2.0,2.5,6.0
2024-25,2025-05-25,Liverpool,AWAY,goals_against,19,1.3157894736842106,1.0,1.293257367998745,0.0,0.0,2.5,3.0
2024-25,2025-05-25,Manchester City,ALL,fouls_committed,38,7.552631578947368,7.0,3.13392395793372,3.0,5.25,9.0,19.0
2024-25,2025-05-25,Manchester City,ALL,fouls_suffered,38,10.18421052631579,10.0,3.220334573501891,3.0,9.0,12.75,16.0
2024-25,2025-05-25,Manchester City,ALL,corners_for,38,6.657894736842105,6.5,3.772419940149348,1.0,4.0,8.0,18.0
2024-25,2025-05-25,Manchester City,ALL,corners_against,38,3.263157894736842,3.0,1.9268264136785913,0.0,2.0,5.0,8.0
2024-25,2025-05-25,Manchester City,ALL,yellow_cards,38,1.5,1.0,1.224744871391589,0.0,0.25,2.0,4.0
2024-25,2025-05-25,Manchester City,ALL,yellow_cards_opponent,38,2.263157894736842,2.5,1.4081655792980354,0.0,1.0,3.0,5.0
2024-25,2025-05-25,Manchester City,ALL,shots_for,38,15.973684210526315,15.0,5.71147182292518,7.0,12.0,20.0,33.0
2024-25,2025-05-25,Manchester City,ALL,shots_against,38,9.342105263157896,10.0,4.1477855751966475,1.0,8.0,11.75,18.0
2024-25,2025-05-25,Manchester City,ALL,shots_on_target_for,38,5.7105263157894735,5.0,1.9577689278779653,2.0,5.0,7.0,11.0
2024-25,2025-05-25,Manchester City,ALL,shots_on_target_against,38,3.473684210526316,3.0,1.8267803919148289,0.0,2.25,4.0,7.0
2024-25,2025-05-25,Manchester City,ALL,goals_for,38,1.894736842105263,2.0,1.429221554973395,0.0,1.0,2.75,6.0
2024-25,2025-05-25,Manchester City,ALL,goals_against,38,1.1578947368421053,1.0,1.1514107865705487,0.0,0.0,2.0,5.0
2024-25,2025-05-25,Manchester City,HOME,fouls_committed,19,7.631578947368421,7.0,3.5778722155274463,3.0,5.0,9.0,19.0
2024-25,2025-05-25,Manchester City,HOME,fouls_suffered,19,10.894736842105264,10.0,3.107244882566213,3.0,9.5,13.0,16.0
2024-25,2025-05-25,Manchester City,HOME,corners_for,19,7.0,8.0,3.1269438398822866,1.0,4.5,8.5,12.0
2024-25,2025-05-25,Manchester City,HOME,corners_against,19,2.789473684210526,3.0,1.6186052764450238,0.0,1.5,4.0,5.0
2024-25,2025-05-25,Manchester City,HOME,yellow_cards,19,1.736842105263158,2.0,1.1470786693528088,0.0,1.0,2.5,4.0
2024-25,2025-05-25,Manchester City,HOME,yellow_cards_opponent,19,2.3684210526315788,3.0,1.4985372985307104,0.0,1.0,3.5,5.0
2024-25,2025-05-25,Manchester City,HOME,shots_for,19,16.736842105263158,16.0,6.11775290321498,9.0,11.5,20.5,33.0
2024-25,2025-05-25,Manchester City,HOME,shots_against,19,8.052631578947368,8.0,4.061659269731006,1.0,5.5,10.0,17.0
2024-25,2025-05-25,Manchester City,HOME,shots_on_target_for,19,5.947368421052632,6.0,2.1466688460270076,2.0,5.0,7.0,11.0
2024-25,2025-05-25,Manchester City,HOME,shots_on_target_against,19,2.9473684210526314,3.0,1.6149882768933415,0.0,2.0,4.0,7.0
2024-25,2025-05-25,Manchester City,HOME,goals_for,19,2.263157894736842,2.0,1.407997208928653,0.0,1.0,3.0,5.0
2024-25,2025-05-25,Manchester City,HOME,goals_against,19,1.2105263157894737,1.0,1.0316624861746777,0.0,0.5,2.0,4.0
2024-25,2025-05-25,Manchester City,AWAY,fouls_committed,19,7.473684210526316,7.0,2.7155605325324554,3.0,6.0,9.0,15.0
2024-25,2025-05-25,Manchester City,AWAY,fouls_suffered,19,9.473684210526315,10.0,3.2552252192544486,4.0,7.5,12.0,14.0
2024-25,2025-05-25,Manchester City,AWAY,corners_for,19,6.315789473684211,5.0,4.3849823460806086,2.0,3.5,7.5,18.0
2024-25,2025-05-25,Manchester City,AWAY,corners_against,19,3.736842105263158,4.0,2.130260945496216,0.0,2.5,5.0,8.0
2024-25,2025-05-25,Manchester City,AWAY,yellow_cards,19,1.263157894736842,1.0,1.2841817655680772,0.0,0.0,2.0,4.0
2024-25,2025-05-25,Manchester City,AWAY,yellow_cards_opponent,19,2.1578947368421053,2.0,1.344253526630914,0.0,1.0,3.0,4.0
2024-25,2025-05-25,Manchester City,AWAY,shots_for,19,15.210526315789474,14.0,5.328945563496915,7.0,12.0,19.0,26.0
2024-25,2025-05-25,Manchester City,AWAY,shots_against,19,10.631578947368421,11.0,3.91876576822331,2.0,9.5,12.0,18.0
2024-25,2025-05-25,Manchester City,AWAY,shots_on_target_for,19,5.473684210526316,5.0,1.7754004572562583,2.0,4.5,6.5,9.0
2024-25,2025-05-25,Manchester City,AWAY,shots_on_target_against,19,4.0,4.0,1.9148542155126762,0.0,3.0,6.0,7.0
2024-25,2025-05-25,Manchester City,AWAY,goals_for,19,1.5263157894736843,1.0,1.3891812557774845,0.0,1.0,2.0,6.0
2024-25,2025-05-25,Manchester City,AWAY,goals_against,19,1.105263157894737,1.0,1.2864566686188534,0.0,0.0,2.0,5.0
2024-25,2025-05-25,Manchester United,ALL,fouls_committed,38,10.868421052631579,11.0,3.006039440064033,3.0,9.0,13.0,19.0
2024-25,2025-05-25,Manchester United,ALL,fouls_suffered,38,10.131578947368421,10.5,3.180778866300134,5.0,7.25,12.0,18.0
2024-25,2025-05-25,Manchester United,ALL,corners_for,38,5.2631578947368425,5.0,3.285382947166218,0.0,3.0,7.75,13.0
2024-25,2025-05-25,Manchester United,ALL,corners_against,38,4.7631578947368425,4.0,2.8230155481694146,0.0,3.0,6.75,13.0
2024-25,2025-05-25,Manchester United,ALL,yellow_cards,38,2.1842105263157894,2.0,1.6579906946873935,0.0,1.0,3.0,6.0
2024-25,2025-05-25,Manchester United,ALL,yellow_cards_opponent,38,1.868421052631579,2.0,1.255712409654784,0.0,1.0,3.0,5.0
2024-25,2025-05-25,Manchester United,ALL,shots_for,38,13.868421052631579,12.5,5.733594941488134,4.0,10.0,17.75,25.0
2024-25,2025-05-25,Manchester United,ALL,shots_against,38,10.921052631578947,11.0,4.1744498193716915,4.0,8.25,12.0,24.0
2024-25,2025-05-25,Manchester United,ALL,shots_on_target_for,38,4.578947368421052,4.5,2.5955427380922007,0.0,3.0,6.0,11.0
2024-25,2025-05-25,Manchester United,ALL,shots_on_target_against,38,4.0,3.5,2.0,1.0,3.0,5.0,10.0
2024-25,2025-05-25,Manchester United,ALL,goals_for,38,1.1578947368421053,1.0,1.1974368073260142,0.0,0.0,2.0,4.0
2024-25,2025-05-25,Manchester United,ALL,goals_against,38,1.4210526315789473,1.0,1.177068712485302,0.0,0.25,2.0,4.0
2024-25,2025-05-25,Manchester United,HOME,fouls_committed,19,11.0,11.0,3.559026084010437,3.0,9.0,13.0,19.0
2024-25,2025-05-25,Manchester United,HOME,fouls_suffered,19,11.105263157894736,11.0,3.4139377206144106,5.0,9.5,13.0,18.0
2024-25,2025-05-25,Manchester United,HOME,corners_for,19,5.578947368421052,5.0,3.202703536314354,1.0,4.0,7.5,13.0
2024-25,2025-05-25,Manchester United,HOME,corners_against,19,3.736842105263158,3.0,2.4909191802571797,0.0,2.0,5.0,9.0
2024-25,2025-05-25,Manchester United,HOME,yellow_cards,19,2.1578947368421053,2.0,1.740471133366443,0.0,1.0,3.0,6.0
2024-25,2025-05-25,Manchester United,HOME,yellow_cards_opponent,19,2.1578947368421053,2.0,0.9581903020646578,1.0,1.0,3.0,4.0
2024-25,2025-05-25,Manchester United,HOME,shots_for,19,14.789473684210526,13.0,5.4729531675567085,8.0,10.5,18.5,25.0
2024-25,2025-05-25,Manchester United,HOME,shots_against,19,10.473684210526315,10.0,4.464283208019347,4.0,8.0,12.0,24.0
2024-25,2025-05-25,Manchester United,HOME,shots_on_target_for,19,4.7368421052631575,5.0,3.088367156914222,0.0,2.0,6.5,11.0
2024-25,2025-05-25,Manchester United,HOME,shots_on_target_against,19,3.736842105263158,3.0,2.02325659555628,1.0,2.5,5.0,10.0
2024-25,2025-05-25,Manchester United,HOME,goals_for,19,1.2105263157894737,1.0,1.3156725094212405,0.0,0.0,2.0,4.0
2024-25,2025-05-25,Manchester United,HOME,goals_against,19,1.4736842105263157,1.0,1.172292201564078,0.0,0.5,2.5,3.0
2024-25,2025-05-25,Manchester United,AWAY,fouls_committed,19,10.736842105263158,11.0,2.4230858485080065,6.0,9.0,12.5,14.0
2024-25,2025-05-25,Manchester United,AWAY,fouls_suffered,19,9.157894736842104,10.0,2.6721434986154806,5.0,7.0,11.5,13.0
2024-25,2025-05-25,Manchester United,AWAY,corners_for,19,4.947368421052632,4.0,3.42334605986804,0.0,2.5,8.0,11.0
2024-25,2025-05-25,Manchester United,AWAY,corners_against,19,5.7894736842105265,6.0,2.820144743496157,0.0,4.0,7.0,13.0
2024-25,2025-05-25,Manchester United,AWAY,yellow_cards,19,2.210526315789474,2.0,1.6186052764450243,0.0,1.0,3.0,6.0
2024-25,2025-05-25,Manchester United,AWAY,yellow_cards_opponent,19,1.5789473684210527,1.0,1.4649910683718714,0.0,1.0,2.0,5.0
2024-25,2025-05-25,Manchester United,AWAY,shots_for,19,12.947368421052632,11.0,5.985850762984753,4.0,9.5,17.0,25.0
2024-25,2025-05-25,Manchester United,AWAY,shots_against,19,11.368421052631579,11.0,3.9329170163264235,6.0,9.0,12.5,22.0
2024-25,2025-05-25,Manchester United,AWAY,shots_on_target_for,19,4.421052631578948,4.0,2.0633249723493554,1.0,3.5,5.5,10.0
2024-25,2025-05-25,Manchester United,AWAY,shots_on_target_against,19,4.2631578947368425,4.0,1.9956092153402372,1.0,3.0,6.0,8.0
2024-25,2025-05-25,Manchester United,AWAY,goals_for,19,1.105263157894737,1.0,1.1002392084403616,0.0,0.0,2.0,3.0
2024-25,2025-05-25,Manchester United,AWAY,goals_against,19,1.368421052631579,1.0,1.2115429242540032,0.0,0.5,2.0,4.0
2024-25,2025-05-25,Newcastle United,ALL,fouls_committed,38,10.368421052631579,10.0,3.157325695529829,5.0,8.0,12.0,16.0
2024-25,2025-05-25,Newcastle United,ALL,fouls_suffered,38,12.18421052631579,12.0,3.439478772248939,5.0,9.0,15.0,19.0
2024-25,2025-05-25,Newcastle United,ALL,corners_for,38,5.7368421052631575,5.0,2.891592757823645,0.0,4.0,7.75,12.0
2024-25,2025-05-25,Newcastle United,ALL,corners_against,38,5.315789473684211,5.5,3.094068109785935,0.0,3.0,7.0,12.0
2024-25,2025-05-25,Newcastle United,ALL,yellow_cards,38,1.7894736842105263,1.5,1.358812970381852,0.0,1.0,3.0,4.0
2024-25,2025-05-25,Newcastle United,ALL,yellow_cards_opponent,38,2.5,2.0,1.6885944899090934,0.0,1.0,4.0,6.0
2024-25,2025-05-25,Newcastle United,ALL,shots_for,38,13.789473684210526,14.0,5.648046276592642,1.0,11.0,17.0,27.0
2024-25,2025-05-25,Newcastle United,ALL,shots_against,38,12.447368421052632,12.0,4.780011129813191,4.0,10.0,16.0,23.0
2024-25,2025-05-25,Newcastle United,ALL,shots_on_target_for,38,4.578947368421052,5.0,2.27360386560535,0.0,3.0,6.0,11.0
2024-25,2025-05-25,Newcastle United,ALL,shots_on_target_against,38,4.368421052631579,4.0,2.614109870016519,0.0,2.25,6.0,11.0
2024-25,2025-05-25,Newcastle United,ALL,goals_for,38,1.7894736842105263,1.5,1.378559662304104,0.0,1.0,3.0,5.0
2024-25,2025-05-25,Newcastle United,ALL,goals_against,38,1.236842105263158,1.0,1.3035131433690985,0.0,0.0,2.0,4.0
2024-25,2025-05-25,Newcastle United,HOME,fouls_committed,19,11.052631578947368,11.0,2.9716004705756034,7.0,9.0,13.0,16.0
2024-25,2025-05-25,Newcastle United,HOME,fouls_suffered,19,12.789473684210526,13.0,3.3263083869930212,8.0,9.5,15.5,18.0
2024-25,2025-05-25,Newcastle United,HOME,corners_for,19,6.2105263157894735,5.0,2.6993609813439807,2.0,4.0,7.5,12.0
2024-25,2025-05-25,Newcastle United,HOME,corners_against,19,5.368421052631579,6.0,2.985344318793795,2.0,3.0,6.0,12.0
2024-25,2025-05-25,Newcastle United,HOME,yellow_cards,19,2.0526315789473686,2.0,1.393384536958932,0.0,1.0,3.5,4.0
2024-25,2025-05-25,Newcastle United,HOME,yellow_cards_opponent,19,3.0,3.0,1.5275252316519468,0.0,2.0,4.0,6.0
2024-25,2025-05-25,Newcastle United,HOME,shots_for,19,15.578947368421053,15.0,5.96578940919421,3.0,12.0,19.5,27.0
2024-25,2025-05-25,Newcastle United,HOME,shots_against,19,12.526315789473685,13.0,5.004091892892718,4.0,10.0,16.0,20.0
2024-25,2025-05-25,Newcastle United,HOME,shots_on_target_for,19,5.157894736842105,5.0,2.192491173040304,1.0,4.0,6.0,11.0
2024-25,2025-05-25,Newcastle United,HOME,shots_on_target_against,19,4.315789473684211,5.0,2.450683160511855,0.0,3.0,6.0,10.0
2024-25,2025-05-25,Newcastle United,HOME,goals_for,19,2.1052631578947367,2.0,1.5236920380774408,0.0,1.0,3.0,5.0
2024-25,2025-05-25,Newcastle United,HOME,goals_against,19,1.0526315789473684,1.0,1.223550580642996,0.0,0.0,1.5,4.0
2024-25,2025-05-25,Newcastle United,AWAY,fouls_committed,19,9.68421052631579,9.0,3.2668814823747496,5.0,7.5,11.5,16.0
2024-25,2025-05-25,Newcastle United,AWAY,fouls_suffered,19,11.578947368421053,12.0,3.532638130879342,5.0,9.0,13.0,19.0
2024-25,2025-05-25,Newcastle United,AWAY,corners_for,19,5.2631578947368425,4.0,3.0703258108538454,0.0,3.5,7.5,10.0
2024-25,2025-05-25,Newcastle United,AWAY,corners_against,19,5.2631578947368425,4.0,3.2802795487776124,0.0,3.0,7.5,12.0
2024-25,2025-05-25,Newcastle United,AWAY,yellow_cards,19,1.5263157894736843,1.0,1.3067525929498998,0.0,0.5,3.0,4.0
2024-25,2025-05-25,Newcastle United,AWAY,yellow_cards_opponent,19,2.0,2.0,1.7320508075688772,0.0,1.0,3.0,6.0
2024-25,2025-05-25,Newcastle United,AWAY,shots_for,19,12.0,14.0,4.818944098266987,1.0,10.5,15.0,17.0
2024-25,2025-05-25,Newcastle United,AWAY,shots_against,19,12.368421052631579,12.0,4.681055511501053,5.0,9.5,14.5,23.0
2024-25,2025-05-25,Newcastle United,AWAY,shots_on_target_for,19,4.0,4.0,2.260776661041756,0.0,3.0,5.0,9.0
2024-25,2025-05-25,Newcastle United,AWAY,shots_on_target_against,19,4.421052631578948,4.0,2.8346230294870334,0.0,2.0,6.0,11.0
2024-25,2025-05-25,Newcastle United,AWAY,goals_for,19,1.4736842105263157,1.0,1.172292201564078,0.0,1.0,2.0,4.0
2024-25,2025-05-25,Newcastle United,AWAY,goals_against,19,1.4210526315789473,1.0,1.3870748387117164,0.0,0.5,2.0,4.0
2024-25,2025-05-25,Nottingham Forest,ALL,fouls_committed,38,10.289473684210526,10.5,3.5252593903937104,1.0,8.0,13.0,17.0
2024-25,2025-05-25,Nottingham Forest,ALL,fouls_suffered,38,11.394736842105264,11.5,3.4053969382811484,4.0,9.0,13.0,18.0
2024-25,2025-05-25,Nottingham Forest,ALL,corners_for,38,4.2105263157894735,4.0,2.6113876888449417,0.0,2.25,6.0,11.0
2024-25,2025-05-25,Nottingham Forest,ALL,corners_against,38,6.342105263157895,6.0,2.209027128281829,2.0,5.0,8.0,11.0
2024-25,2025-05-25,Nottingham Forest,ALL,yellow_cards,38,2.236842105263158,2.0,1.5671321806703944,0.0,1.0,3.0,8.0
2024-25,2025-05-25,Nottingham Forest,ALL,yellow_cards_opponent,38,2.6315789473684212,3.0,1.4963207603729842,0.0,1.25,3.0,6.0
2024-25,2025-05-25,Nottingham Forest,ALL,shots_for,38,12.18421052631579,11.0,4.7582375976365325,4.0,9.25,15.75,23.0
2024-25,2025-05-25,Nottingham Forest,ALL,shots_against,38,13.973684210526315,13.0,5.201282804895415,4.0,11.0,17.0,24.0
2024-25,2025-05-25,Nottingham Forest,ALL,shots_on_target_for,38,4.368421052631579,4.0,2.1107325823370906,0.0,3.0,5.75,9.0
2024-25,2025-05-25,Nottingham Forest,ALL,shots_on_target_against,38,4.631578947368421,4.5,2.3984347669754746,1.0,3.0,6.0,10.0
2024-25,2025-05-25,Nottingham Forest,ALL,goals_for,38,1.5263157894736843,1.0,1.4091753790544113,0.0,1.0,2.0,7.0
2024-25,2025-05-25,Nottingham Forest,ALL,goals_against,38,1.2105263157894737,1.0,1.2337132422705155,0.0,0.0,2.0,5.0
2024-25,2025-05-25,Nottingham Forest,HOME,fouls_committed,19,9.68421052631579,10.0,3.3508312663335644,4.0,7.5,11.5,17.0
2024-25,2025-05-25,Nottingham Forest,HOME,fouls_suffered,19,11.947368421052632,12.0,3.748683979605025,6.0,9.5,14.0,18.0
2024-25,2025-05-25,Nottingham Forest,HOME,corners_for,19,4.2631578947368425,4.0,2.684153192828811,0.0,2.5,6.0,11.0
2024-25,2025-05-25,Nottingham Forest,HOME,corners_against,19,6.0,6.0,2.3804761428476167,2.0,4.5,7.0,11.0
2024-25,2025-05-25,Nottingham Forest,HOME,yellow_cards,19,1.5789473684210527,1.0,1.0706067580626217,0.0,1.0,2.5,3.0
2024-25,2025-05-25,Nottingham Forest,HOME,yellow_cards_opponent,19,2.6315789473684212,3.0,1.1647854507156372,1.0,2.0,3.0,5.0
2024-25,2025-05-25,Nottingham Forest,HOME,shots_for,19,12.31578947368421,12.0,4.055896004295576,6.0,9.5,14.5,20.0
2024-25,2025-05-25,Nottingham Forest,HOME,shots_against,19,12.631578947368421,13.0,5.219733138301969,4.0,10.0,14.0,23.0
2024-25,2025-05-25,Nottingham Forest,HOME,shots_on_target_for,19,4.421052631578948,5.0,2.090076805438398,1.0,3.0,5.5,9.0
2024-25,2025-05-25,Nottingham Forest,HOME,shots_on_target_against,19,3.9473684210526314,4.0,1.840099158274005,1.0,2.5,5.5,7.0
2024-25,2025-05-25,Nottingham Forest,HOME,goals_for,19,1.368421052631579,1.0,1.6401397743888062,0.0,0.5,1.5,7.0
2024-25,2025-05-25,Nottingham Forest,HOME,goals_against,19,0.8421052631578947,1.0,0.8983415518941831,0.0,0.0,1.0,3.0
2024-25,2025-05-25,Nottingham Forest,AWAY,fouls_committed,19,10.894736842105264,12.0,3.68019831654801,1.0,8.5,13.5,15.0
2024-25,2025-05-25,Nottingham Forest,AWAY,fouls_suffered,19,10.842105263157896,11.0,3.023301320939245,4.0,9.0,13.0,16.0
2024-25,2025-05-25,Nottingham Forest,AWAY,corners_for,19,4.157894736842105,4.0,2.609026167722288,1.0,2.5,5.5,10.0
2024-25,2025-05-25,Nottingham Forest,AWAY,corners_against,19,6.684210526315789,7.0,2.0290290940071523,3.0,5.0,8.0,11.0
2024-25,2025-05-25,Nottingham Forest,AWAY,yellow_cards,19,2.8947368421052633,3.0,1.7286711930171252,0.0,2.0,4.0,8.0
2024-25,2025-05-25,Nottingham Forest,AWAY,yellow_cards_opponent,19,2.6315789473684212,3.0,1.8015587792486036,0.0,1.0,3.5,6.0
2024-25,2025-05-25,Nottingham Forest,AWAY,shots_for,19,12.052631578947368,11.0,5.482028053462274,4.0,9.0,16.5,23.0
2024-25,2025-05-25,Nottingham Forest,AWAY,shots_against,19,15.31578947368421,16.0,4.955946277833521,5.0,13.0,18.0,24.0
2024-25,2025-05-25,Nottingham Forest,AWAY,shots_on_target_for,19,4.315789473684211,4.0,2.18715013910663,0.0,3.0,5.5,9.0
2024-25,2025-05-25,Nottingham Forest,AWAY,shots_on_target_against,19,5.315789473684211,5.0,2.7295223753728086,1.0,3.0,7.0,10.0
2024-25,2025-05-25,Nottingham Forest,AWAY,goals_for,19,1.6842105263157894,2.0,1.1572300058975777,0.0,1.0,2.5,4.0
2024-25,2025-05-25,Nottingham Forest,AWAY,goals_against,19,1.5789473684210527,1.0,1.4265650070355176,0.0,0.5,2.0,5.0
2024-25,2025-05-25,Southampton,ALL,fouls_committed,38,12.078947368421053,11.5,3.3156596420651976,7.0,10.0,14.0,20.0
2024-25,2025-05-25,Southampton,ALL,fouls_suffered,38,11.447368421052632,11.5,4.4581984509625645,4.0,8.0,14.75,20.0
2024-25,2025-05-25,Southampton,ALL,corners_for,38,4.0,4.0,2.8379665350483,0.0,2.0,5.0,12.0
2024-25,2025-05-25,Southampton,ALL,corners_against,38,6.473684210526316,6.0,4.004975568338364,1.0,3.25,8.0,15.0
2024-25,2025-05-25,Southampton,ALL,yellow_cards,38,2.3421052631578947,2.5,1.3611663478274936,0.0,1.0,3.0,5.0
2024-25,2025-05-25,Southampton,ALL,yellow_cards_opponent,38,1.4210526315789473,1.0,1.2221288238233785,0.0,0.25,2.0,4.0
2024-25,2025-05-25,Southampton,ALL,shots_for,38,9.026315789473685,8.0,3.900705702647006,2.0,6.25,10.75,19.0
2024-25,2025-05-25,Southampton,ALL,shots_against,38,17.94736842105263,18.0,6.2296039890668355,3.0,14.0,22.75,29.0
2024-25,2025-05-25,Southampton,ALL,shots_on_target_for,38,2.9210526315789473,3.0,1.6665481228586525,0.0,2.0,4.0,7.0
2024-25,2025-05-25,Southampton,ALL,shots_on_target_against,38,6.7368421052631575,6.0,2.882230841387292,1.0,5.0,9.0,13.0
2024-25,2025-05-25,Southampton,ALL,goals_for,38,0.6842105263157895,1.0,0.661908100010247,0.0,0.0,1.0,2.0
2024-25,2025-05-25,Southampton,ALL,goals_against,38,2.263157894736842,2.0,1.3493584166401489,0.0,1.0,3.0,5.0
2024-25,2025-05-25,Southampton,HOME,fouls_committed,19,11.210526315789474,11.0,2.594415955864977,7.0,10.0,13.5,16.0
2024-25,2025-05-25,Southampton,HOME,fouls_suffered,19,10.947368421052632,12.0,4.14291475775914,4.0,8.0,14.0,18.0
2024-25,2025-05-25,Southampton,HOME,corners_for,19,3.1578947368421053,3.0,2.2916068572737545,0.0,2.0,4.5,10.0
2024-25,2025-05-25,Southampton,HOME,corners_against,19,7.2631578947368425,7.0,4.053011298379924,1.0,5.5,10.0,15.0
2024-25,2025-05-25,Southampton,HOME,yellow_cards,19,1.9473684210526316,2.0,1.393384536958932,0.0,1.0,3.0,5.0
2024-25,2025-05-25,Southampton,HOME,yellow_cards_opponent,19,1.631578947368421,1.0,1.5709348354753423,0.0,0.0,3.0,4.0
2024-25,2025-05-25,Southampton,HOME,shots_for,19,8.578947368421053,8.0,3.5795063203011703,2.0,6.5,10.5,18.0
2024-25,2025-05-25,Southampton,HOME,shots_against,19,18.94736842105263,18.0,6.068806254670283,5.0,16.0,24.0,27.0
2024-25,2025-05-25,Southampton,HOME,shots_on_target_for,19,3.0,3.0,1.7638342073763937,0.0,2.0,4.0,7.0
2024-25,2025-05-25,Southampton,HOME,shots_on_target_against,19,7.421052631578948,8.0,3.3051439617945744,2.0,5.0,10.0,13.0
2024-25,2025-05-25,Southampton,HOME,goals_for,19,0.6842105263157895,1.0,0.6710382982072027,0.0,0.0,1.0,2.0
2024-25,2025-05-25,Southampton,HOME,goals_against,19,2.473684210526316,3.0,1.5765088382115289,0.0,1.0,3.0,5.0
2024-25,2025-05-25,Southampton,AWAY,fouls_committed,19,12.947368421052632,13.0,3.778207749868923,7.0,9.5,15.5,20.0
2024-25,2025-05-25,Southampton,AWAY,fouls_suffered,19,11.947368421052632,11.0,4.812872602724747,4.0,8.5,15.5,20.0
2024-25,2025-05-25,Southampton,AWAY,corners_for,19,4.842105263157895,5.0,3.1316158039995345,1.0,2.0,7.0,12.0
2024-25,2025-05-25,Southampton,AWAY,corners_against,19,5.684210526315789,5.0,3.9023160014840674,1.0,2.5,7.0,14.0
2024-25,2025-05-25,Southampton,AWAY,yellow_cards,19,2.736842105263158,3.0,1.2401659953032227,1.0,1.5,3.5,5.0
2024-25,2025-05-25,Southampton,AWAY,yellow_cards_opponent,19,1.2105263157894737,1.0,0.7132825035177586,0.0,1.0,2.0,2.0
2024-25,2025-05-25,Southampton,AWAY,shots_for,19,9.473684210526315,9.0,4.247462262635729,4.0,6.5,11.0,19.0
2024-25,2025-05-25,Southampton,AWAY,shots_against,19,16.94736842105263,16.0,6.389867710424461,3.0,13.5,21.0,29.0
2024-25,2025-05-25,Southampton,AWAY,shots_on_target_for,19,2.8421052631578947,3.0,1.6077298658784152,0.0,2.0,4.0,6.0
2024-25,2025-05-25,Southampton,AWAY,shots_on_target_against,19,6.052631578947368,6.0,2.2723870027040904,1.0,5.0,7.5,10.0
2024-25,2025-05-25,Southampton,AWAY,goals_for,19,0.6842105263157895,1.0,0.6710382982072027,0.0,0.0,1.0,2.0
2024-25,2025-05-25,Southampton,AWAY,goals_against,19,2.0526315789473686,2.0,1.0787690624311024,0.0,1.0,3.0,4.0
2024-25,2025-05-25,Tottenham,ALL,fouls_committed,38,11.736842105263158,12.0,2.891592757823645,4.0,10.0,14.0,17.0
2024-25,2025-05-25,Tottenham,ALL,fouls_suffered,38,13.0,14.0,3.869492598904018,4.0,10.0,16.0,20.0
2024-25,2025-05-25,Tottenham,ALL,corners_for,38,6.394736842105263,6.0,3.234438617769626,1.0,4.0,8.0,13.0
2024-25,2025-05-25,Tottenham,ALL,corners_against,38,5.421052631578948,5.0,3.0547400380159613,1.0,3.25,8.0,11.0
2024-25,2025-05-25,Tottenham,ALL,yellow_cards,38,1.8421052631578947,1.5,1.2633356916122018,0.0,1.0,2.75,5.0
2024-25,2025-05-25,Tottenham,ALL,yellow_cards_opponent,38,2.210526315789474,2.0,1.544963827737883,0.0,1.0,3.0,5.0
2024-25,2025-05-25,Tottenham,ALL,shots_for,38,13.078947368421053,13.0,5.095740558053647,3.0,10.0,15.0,24.0
2024-25,2025-05-25,Tottenham,ALL,shots_against,38,13.736842105263158,12.0,5.3255336518604555,4.0,11.0,17.0,25.0
2024-25,2025-05-25,Tottenham,ALL,shots_on_target_for,38,4.868421052631579,5.0,2.3500552337566387,1.0,3.0,6.0,10.0
2024-25,2025-05-25,Tottenham,ALL,shots_on_target_against,38,4.894736842105263,4.0,2.4249767196899867,1.0,3.0,6.0,12.0
2024-25,2025-05-25,Tottenham,ALL,goals_for,38,1.6842105263157894,1.0,1.4538906453151321,0.0,1.0,3.0,5.0
2024-25,2025-05-25,Tottenham,ALL,goals_against,38,1.7105263157894737,1.0,1.4124522424232973,0.0,1.0,2.0,6.0
2024-25,2025-05-25,Tottenham,HOME,fouls_committed,19,11.31578947368421,11.0,3.283843134346425,4.0,10.0,13.0,17.0
2024-25,2025-05-25,Tottenham,HOME,fouls_suffered,19,13.0,14.0,3.5433819375782165,8.0,10.0,15.0,20.0
2024-25,2025-05-25,Tottenham,HOME,corners_for,19,7.157894736842105,7.0,3.095932060242509,2.0,5.0,9.0,13.0
2024-25,2025-05-25,Tottenham,HOME,corners_against,19,5.578947368421052,5.0,3.1147639374381026,1.0,4.0,7.0,11.0
2024-25,2025-05-25,Tottenham,HOME,yellow_cards,19,1.631578947368421,1.0,1.2565617248750864,0.0,1.0,2.5,5.0
2024-25,2025-05-25,Tottenham,HOME,yellow_cards_opponent,19,2.1052631578947367,2.0,1.5949481650269413,0.0,1.0,3.0,5.0
2024-25,2025-05-25,Tottenham,HOME,shots_for,19,14.157894736842104,13.0,5.283760843847,4.0,11.5,16.5,23.0
2024-25,2025-05-25,Tottenham,HOME,shots_against,19,13.31578947368421,12.0,5.647542548941554,4.0,10.5,16.5,24.0
2024-25,2025-05-25,Tottenham,HOME,shots_on_target_for,19,5.2631578947368425,5.0,2.1561824614390925,1.0,4.0,6.5,10.0
2024-25,2025-05-25,Tottenham,HOME,shots_on_target_against,19,5.2105263157894735,4.0,2.9359637329053765,1.0,3.0,7.0,12.0
2024-25,2025-05-25,Tottenham,HOME,goals_for,19,1.8421052631578947,1.0,1.3849652179642493,0.0,1.0,3.0,4.0
2024-25,2025-05-25,Tottenham,HOME,goals_against,19,1.8421052631578947,2.0,1.462993806272939,0.0,1.0,2.0,6.0
2024-25,2025-05-25,Tottenham,AWAY,fouls_committed,19,12.157894736842104,12.0,2.455451031090189,8.0,10.0,14.0,16.0
2024-25,2025-05-25,Tottenham,AWAY,fouls_suffered,19,13.0,14.0,4.268749491621899,4.0,11.5,16.0,19.0
2024-25,2025-05-25,Tottenham,AWAY,corners_for,19,5.631578947368421,5.0,3.269565487879416,1.0,3.0,7.5,13.0
2024-25,2025-05-25,Tottenham,AWAY,corners_against,19,5.2631578947368425,5.0,3.0703258108538454,1.0,2.5,8.0,10.0
2024-25,2025-05-25,Tottenham,AWAY,yellow_cards,19,2.0526315789473686,2.0,1.2681431837544703,0.0,1.0,2.5,5.0
2024-25,2025-05-25,Tottenham,AWAY,yellow_cards_opponent,19,2.3157894736842106,2.0,1.529438225803745,0.0,1.0,3.5,5.0
2024-25,2025-05-25,Tottenham,AWAY,shots_for,19,12.0,11.0,4.795831523312719,3.0,9.5,13.0,24.0
2024-25,2025-05-25,Tottenham,AWAY,shots_against,19,14.157894736842104,13.0,5.101885902887467,7.0,11.0,17.5,25.0
2024-25,2025-05-25,Tottenham,AWAY,shots_on_target_for,19,4.473684210526316,4.0,2.5247314720278577,1.0,2.5,6.0,10.0
2024-25,2025-05-25,Tottenham,AWAY,shots_on_target_against,19,4.578947368421052,4.0,1.804801911989365,2.0,3.0,5.5,8.0
2024-25,2025-05-25,Tottenham,AWAY,goals_for,19,1.5263157894736843,1.0,1.540866316669929,0.0,0.0,2.0,5.0
2024-25,2025-05-25,Tottenham,AWAY,goals_against,19,1.5789473684210527,1.0,1.3870748387117167,0.0,1.0,2.0,5.0
2024-25,2025-05-25,West Ham United,ALL,fouls_committed,38,11.657894736842104,11.5,3.4349264580779577,6.0,9.0,14.0,18.0
2024-25,2025-05-25,West Ham United,ALL,fouls_suffered,38,10.789473684210526,10.5,4.325648801433471,2.0,7.25,14.5,20.0
2024-25,2025-05-25,West Ham United,ALL,corners_for,38,4.052631578947368,3.0,2.740559899600836,0.0,2.0,6.0,11.0
2024-25,2025-05-25,West Ham United,ALL,corners_against,38,5.5,5.0,3.177199174523781,0.0,3.0,7.0,13.0
2024-25,2025-05-25,West Ham United,ALL,yellow_cards,38,2.0526315789473686,2.0,1.5057972373652766,0.0,1.0,3.0,6.0
2024-25,2025-05-25,West Ham United,ALL,yellow_cards_opponent,38,1.4736842105263157,1.0,1.032887375280686,0.0,1.0,2.0,4.0
2024-25,2025-05-25,West Ham United,ALL,shots_for,38,12.526315789473685,11.5,5.202581698542968,4.0,10.0,15.0,31.0
2024-25,2025-05-25,West Ham United,ALL,shots_against,38,15.342105263157896,15.0,5.174136908255999,7.0,11.25,19.0,29.0
2024-25,2025-05-25,West Ham United,ALL,shots_on_target_for,38,3.8421052631578947,3.5,2.433175167147981,0.0,2.25,4.75,13.0
2024-25,2025-05-25,West Ham United,ALL,shots_on_target_against,38,4.921052631578948,5.0,2.375341556633185,2.0,3.0,6.0,13.0
2024-25,2025-05-25,West Ham United,ALL,goals_for,38,1.2105263157894737,1.0,0.9345585671882628,0.0,1.0,2.0,4.0
2024-25,2025-05-25,West Ham United,ALL,goals_against,38,1.631578947368421,1.0,1.3640371840770353,0.0,1.0,2.0,5.0
2024-25,2025-05-25,West Ham United,HOME,fouls_committed,19,11.894736842105264,12.0,3.510218999848953,6.0,10.0,14.0,18.0
2024-25,2025-05-25,West Ham United,HOME,fouls_suffered,19,11.31578947368421,11.0,4.522199951092479,3.0,8.0,14.0,20.0
2024-25,2025-05-25,West Ham United,HOME,corners_for,19,4.631578947368421,4.0,2.9666765227512206,0.0,2.5,6.5,11.0
2024-25,2025-05-25,West Ham United,HOME,corners_against,19,4.894736842105263,5.0,2.6224402724287432,0.0,3.0,6.0,11.0
2024-25,2025-05-25,West Ham United,HOME,yellow_cards,19,2.263157894736842,2.0,1.9391322590603908,0.0,1.0,3.5,6.0
2024-25,2025-05-25,West Ham United,HOME,yellow_cards_opponent,19,1.5789473684210527,2.0,1.0706067580626215,0.0,1.0,2.0,4.0
2024-25,2025-05-25,West Ham United,HOME,shots_for,19,11.736842105263158,11.0,4.432733108029125,4.0,9.0,13.5,23.0
2024-25,2025-05-25,West Ham United,HOME,shots_against,19,14.368421052631579,14.0,4.751730986537543,7.0,10.5,18.0,23.0
2024-25,2025-05-25,West Ham United,HOME,shots_on_target_for,19,3.736842105263158,3.0,2.86438097371371,0.0,2.0,4.5,13.0
2024-25,2025-05-25,West Ham United,HOME,shots_on_target_against,19,5.0,5.0,2.581988897471611,2.0,3.5,5.5,13.0
2024-25,2025-05-25,West Ham United,HOME,goals_for,19,1.2105263157894737,1.0,1.134261745631201,0.0,0.0,2.0,4.0
2024-25,2025-05-25,West Ham United,HOME,goals_against,19,1.7894736842105263,1.0,1.3975751766073286,0.0,1.0,2.0,5.0
2024-25,2025-05-25,West Ham United,AWAY,fouls_committed,19,11.421052631578947,11.0,3.4369849428061254,7.0,8.5,14.0,18.0
2024-25,2025-05-25,West Ham United,AWAY,fouls_suffered,19,10.263157894736842,10.0,4.174553938422083,2.0,7.5,14.0,16.0
2024-25,2025-05-25,West Ham United,AWAY,corners_for,19,3.473684210526316,3.0,2.4351231101124045,0.0,2.0,5.0,9.0
2024-25,2025-05-25,West Ham United,AWAY,corners_against,19,6.105263157894737,6.0,3.6193114268709126,1.0,3.0,8.0,13.0
2024-25,2025-05-25,West Ham United,AWAY,yellow_cards,19,1.8421052631578947,2.0,0.8983415518941831,0.0,1.0,2.5,3.0
2024-25,2025-05-25,West Ham United,AWAY,yellow_cards_opponent,19,1.368421052631579,1.0,1.01162829777814,0.0,1.0,2.0,4.0
2024-25,2025-05-25,West Ham United,AWAY,shots_for,19,13.31578947368421,12.0,5.8883371693444175,4.0,10.0,16.0,31.0
2024-25,2025-05-25,West Ham United,AWAY,shots_against,19,16.31578947368421,16.0,5.518178358630756,8.0,13.5,20.0,29.0
2024-25,2025-05-25,West Ham United,AWAY,shots_on_target_for,19,3.9473684210526314,4.0,1.9853262874994269,1.0,3.0,4.5,10.0
2024-25,2025-05-25,West Ham United,AWAY,shots_on_target_against,19,4.842105263157895,5.0,2.2176854274154305,2.0,3.0,6.0,9.0
2024-25,2025-05-25,West Ham United,AWAY,goals_for,19,1.2105263157894737,1.0,0.7132825035177587,0.0,1.0,1.5,3.0
2024-25,2025-05-25,West Ham United,AWAY,goals_against,19,1.4736842105263157,1.0,1.3485968449808852,0.0,0.5,2.5,4.0
2024-25,2025-05-25,Wolverhampton Wanderers,ALL,fouls_committed,38,12.631578947368421,13.0,3.744697531404502,7.0,10.0,16.0,20.0
2024-25,2025-05-25,Wolverhampton Wanderers,ALL,fouls_suffered,38,11.631578947368421,12.0,3.114231089271097,5.0,9.0,14.0,17.0
2024-25,2025-05-25,Wolverhampton Wanderers,ALL,corners_for,38,3.9210526315789473,4.0,2.453696372627824,0.0,2.0,5.0,10.0
2024-25,2025-05-25,Wolverhampton Wanderers,ALL,corners_against,38,5.7368421052631575,5.0,3.2356478153850827,0.0,4.0,7.0,18.0
2024-25,2025-05-25,Wolverhampton Wanderers,ALL,yellow_cards,38,1.9473684210526316,2.0,1.4322042814629072,0.0,1.0,3.0,6.0
2024-25,2025-05-25,Wolverhampton Wanderers,ALL,yellow_cards_opponent,38,2.1578947368421053,2.0,1.1514107865705487,0.0,1.25,3.0,5.0
2024-25,2025-05-25,Wolverhampton Wanderers,ALL,shots_for,38,11.342105263157896,11.0,4.485871609478843,3.0,8.25,13.0,22.0
2024-25,2025-05-25,Wolverhampton Wanderers,ALL,shots_against,38,12.447368421052632,11.0,4.024904688621748,6.0,10.0,14.0,22.0
2024-25,2025-05-25,Wolverhampton Wanderers,ALL,shots_on_target_for,38,4.2105263157894735,4.0,1.5623595242685167,1.0,3.0,5.0,7.0
2024-25,2025-05-25,Wolverhampton Wanderers,ALL,shots_on_target_against,38,4.578947368421052,4.0,2.4892371451355566,0.0,3.0,6.0,12.0
2024-25,2025-05-25,Wolverhampton Wanderers,ALL,goals_for,38,1.4210526315789473,1.0,1.0560400009665998,0.0,1.0,2.0,4.0
2024-25,2025-05-25,Wolverhampton Wanderers,ALL,goals_against,38,1.8157894736842106,2.0,1.4677665172211116,0.0,1.0,2.0,6.0
2024-25,2025-05-25,Wolverhampton Wanderers,HOME,fouls_committed,19,12.210526315789474,12.0,4.210818703298301,7.0,8.0,15.0,20.0
2024-25,2025-05-25,Wolverhampton Wanderers,HOME,fouls_suffered,19,11.157894736842104,12.0,3.304259168856275,5.0,9.0,13.0,17.0
2024-25,2025-05-25,Wolverhampton Wanderers,HOME,corners_for,19,3.8947368421052633,4.0,2.330825720214125,1.0,1.5,5.0,8.0
2024-25,2025-05-25,Wolverhampton Wanderers,HOME,corners_against,19,5.631578947368421,5.0,3.72991698322555,2.0,3.5,6.5,18.0
2024-25,2025-05-25,Wolverhampton Wanderers,HOME,yellow_cards,19,1.7894736842105263,2.0,1.2283207764360908,0.0,1.0,2.0,4.0
2024-25,2025-05-25,Wolverhampton Wanderers,HOME,yellow_cards_opponent,19,2.210526315789474,2.0,0.9763280054720369,1.0,1.5,3.0,4.0
2024-25,2025-05-25,Wolverhampton Wanderers,HOME,shots_for,19,11.368421052631579,11.0,4.271488503447917,3.0,8.5,13.0,20.0
2024-25,2025-05-25,Wolverhampton Wanderers,HOME,shots_against,19,11.736842105263158,11.0,3.6185034546704506,7.0,10.0,12.5,22.0
2024-25,2025-05-25,Wolverhampton Wanderers,HOME,shots_on_target_for,19,4.315789473684211,4.0,1.3764944032233706,2.0,3.0,5.5,6.0
2024-25,2025-05-25,Wolverhampton Wanderers,HOME,shots_on_target_against,19,4.473684210526316,4.0,2.3656904336937608,0.0,3.0,6.5,8.0
2024-25,2025-05-25,Wolverhampton Wanderers,HOME,goals_for,19,1.4210526315789473,1.0,1.0173926082384548,0.0,1.0,2.0,4.0
2024-25,2025-05-25,Wolverhampton Wanderers,HOME,goals_against,19,1.6842105263157894,2.0,1.529438225803745,0.0,0.5,2.0,6.0
2024-25,2025-05-25,Wolverhampton Wanderers,AWAY,fouls_committed,19,13.052631578947368,13.0,3.2740339408158303,8.0,10.0,16.0,18.0
2024-25,2025-05-25,Wolverhampton Wanderers,AWAY,fouls_suffered,19,12.105263157894736,12.0,2.9229881370136974,7.0,10.0,14.5,17.0
2024-25,2025-05-25,Wolverhampton Wanderers,AWAY,corners_for,19,3.9473684210526314,3.0,2.634676539508457,0.0,2.0,5.5,10.0
2024-25,2025-05-25,Wolverhampton Wanderers,AWAY,corners_against,19,5.842105263157895,6.0,2.7540507115224706,0.0,4.0,7.5,11.0
2024-25,2025-05-25,Wolverhampton Wanderers,AWAY,yellow_cards,19,2.1052631578947367,2.0,1.629408101193166,0.0,1.0,3.0,6.0
2024-25,2025-05-25,Wolverhampton Wanderers,AWAY,yellow_cards_opponent,19,2.1052631578947367,2.0,1.3289401308354825,0.0,1.5,3.0,5.0
2024-25,2025-05-25,Wolverhampton Wanderers,AWAY,shots_for,19,11.31578947368421,11.0,4.808009886047187,4.0,8.5,13.5,22.0
2024-25,2025-05-25,Wolverhampton Wanderers,AWAY,shots_against,19,13.157894736842104,13.0,4.37496867156703,6.0,9.5,17.5,19.0
2024-25,2025-05-25,Wolverhampton Wanderers,AWAY,shots_on_target_for,19,4.105263157894737,4.0,1.7605156076213475,1.0,3.0,5.0,7.0
2024-25,2025-05-25,Wolverhampton Wanderers,AWAY,shots_on_target_against,19,4.684210526315789,4.0,2.6677629325574426,2.0,3.0,5.5,12.0
2024-25,2025-05-25,Wolverhampton Wanderers,AWAY,goals_for,19,1.4210526315789473,1.0,1.1212983285105118,0.0,1.0,2.0,4.0
2024-25,2025-05-25,Wolverhampton Wanderers,AWAY,goals_against,19,1.9473684210526316,2.0,1.4327007988227578,0.0,1.0,3.0,5.0
2025-26,2026-05-24,Arsenal,ALL,fouls_committed,38,10.289473684210526,11.0,3.245853027736644,4.0,8.0,12.0,19.0
2025-26,2026-05-24,Arsenal,ALL,fouls_suffered,38,11.026315789473685,11.0,3.1749598176241123,4.0,9.0,13.0,18.0
2025-26,2026-05-24,Arsenal,ALL,corners_for,38,5.684210526315789,5.0,2.923393651386567,2.0,3.0,8.0,12.0
2025-26,2026-05-24,Arsenal,ALL,corners_against,38,3.3684210526315788,3.0,2.2829692925872127,0.0,2.0,4.0,10.0
2025-26,2026-05-24,Arsenal,ALL,yellow_cards,38,1.3421052631578947,1.0,1.236304777202496,0.0,1.0,2.0,6.0
2025-26,2026-05-24,Arsenal,ALL,yellow_cards_opponent,38,1.8421052631578947,2.0,1.127693551181772,0.0,1.0,3.0,4.0
2025-26,2026-05-24,Arsenal,ALL,shots_for,38,14.526315789473685,15.0,4.512665911333513,7.0,11.25,17.0,25.0
2025-26,2026-05-24,Arsenal,ALL,shots_against,38,8.157894736842104,8.0,4.142895682643825,3.0,5.0,10.0,22.0
2025-26,2026-05-24,Arsenal,ALL,shots_on_target_for,38,4.894736842105263,5.0,2.165946190894229,1.0,3.0,7.0,9.0
2025-26,2026-05-24,Arsenal,ALL,shots_on_target_against,38,2.3684210526315788,3.0,1.6833212445988384,0.0,1.0,3.0,7.0
2025-26,2026-05-24,Arsenal,ALL,goals_for,38,1.868421052631579,2.0,1.2119016245772247,0.0,1.0,2.0,5.0
2025-26,2026-05-24,Arsenal,ALL,goals_against,38,0.7105263157894737,0.5,0.835298772792887,0.0,0.0,1.0,3.0
2025-26,2026-05-24,Arsenal,HOME,fouls_committed,19,10.0,11.0,3.0550504633038935,6.0,7.0,11.0,18.0
2025-26,2026-05-24,Arsenal,HOME,fouls_suffered,19,11.894736842105264,11.0,2.806633745691828,8.0,9.5,14.0,18.0
2025-26,2026-05-24,Arsenal,HOME,corners_for,19,5.894736842105263,5.0,2.7263067578707454,2.0,3.5,8.0,11.0
2025-26,2026-05-24,Arsenal,HOME,corners_against,19,2.8947368421052633,2.0,2.447101161285992,0.0,2.0,3.0,10.0
2025-26,2026-05-24,Arsenal,HOME,yellow_cards,19,0.8947368421052632,1.0,0.8093026382225119,0.0,0.0,1.5,2.0
2025-26,2026-05-24,Arsenal,HOME,yellow_cards_opponent,19,1.9473684210526316,2.0,1.177270110161938,0.0,1.0,3.0,4.0
2025-26,2026-05-24,Arsenal,HOME,shots_for,19,16.05263157894737,16.0,4.527369658354817,9.0,12.5,18.0,25.0
2025-26,2026-05-24,Arsenal,HOME,shots_against,19,6.947368421052632,7.0,2.933971222507631,3.0,5.0,9.0,13.0
2025-26,2026-05-24,Arsenal,HOME,shots_on_target_for,19,5.0,5.0,1.9148542155126762,2.0,3.5,6.5,9.0
2025-26,2026-05-24,Arsenal,HOME,shots_on_target_against,19,1.894736842105263,2.0,1.1969747440993466,0.0,1.0,3.0,3.0
2025-26,2026-05-24,Arsenal,HOME,goals_for,19,2.1578947368421053,2.0,1.2588865404147536,0.0,1.0,3.0,5.0
2025-26,2026-05-24,Arsenal,HOME,goals_against,19,0.5789473684210527,0.0,0.837707816583391,0.0,0.0,1.0,3.0
2025-26,2026-05-24,Arsenal,AWAY,fouls_committed,19,10.578947368421053,11.0,3.485139714618247,4.0,8.0,12.5,19.0
2025-26,2026-05-24,Arsenal,AWAY,fouls_suffered,19,10.157894736842104,10.0,3.3543198995182455,4.0,8.0,12.5,17.0
2025-26,2026-05-24,Arsenal,AWAY,corners_for,19,5.473684210526316,4.0,3.168743547924732,2.0,3.0,7.0,12.0
2025-26,2026-05-24,Arsenal,AWAY,corners_against,19,3.8421052631578947,3.0,2.061907366567202,1.0,2.5,5.0,8.0
2025-26,2026-05-24,Arsenal,AWAY,yellow_cards,19,1.7894736842105263,1.0,1.4367767695018308,0.0,1.0,2.0,6.0
2025-26,2026-05-24,Arsenal,AWAY,yellow_cards_opponent,19,1.736842105263158,2.0,1.097578408394179,0.0,1.0,2.0,4.0
2025-26,2026-05-24,Arsenal,AWAY,shots_for,19,13.0,13.0,4.055175020198813,7.0,9.5,15.5,20.0
2025-26,2026-05-24,Arsenal,AWAY,shots_against,19,9.368421052631579,9.0,4.855815829335072,3.0,6.0,11.5,22.0
2025-26,2026-05-24,Arsenal,AWAY,shots_on_target_for,19,4.7894736842105265,4.0,2.439921386903481,1.0,3.0,7.0,9.0
2025-26,2026-05-24,Arsenal,AWAY,shots_on_target_against,19,2.8421052631578947,3.0,1.9794263449218719,0.0,1.5,3.5,7.0
2025-26,2026-05-24,Arsenal,AWAY,goals_for,19,1.5789473684210527,1.0,1.1212983285105118,0.0,1.0,2.0,4.0
2025-26,2026-05-24,Arsenal,AWAY,goals_against,19,0.8421052631578947,1.0,0.8342100651206134,0.0,0.0,1.5,2.0
2025-26,2026-05-24,Aston Villa,ALL,fouls_committed,38,9.973684210526315,10.0,3.373079770895588,3.0,8.0,12.0,19.0
2025-26,2026-05-24,Aston Villa,ALL,fouls_suffered,38,13.026315789473685,13.0,4.162164471374357,4.0,10.0,16.0,21.0
2025-26,2026-05-24,Aston Villa,ALL,corners_for,38,5.2368421052631575,5.0,2.1236660108752505,2.0,4.0,6.0,12.0
2025-26,2026-05-24,Aston Villa,ALL,corners_against,38,4.921052631578948,5.0,2.7051660182591823,0.0,3.0,6.0,11.0
2025-26,2026-05-24,Aston Villa,ALL,yellow_cards,38,1.5263157894736843,1.5,1.032887375280686,0.0,1.0,2.0,3.0
2025-26,2026-05-24,Aston Villa,ALL,yellow_cards_opponent,38,2.3684210526315788,2.0,1.2174641929709593,1.0,1.25,3.0,5.0
2025-26,2026-05-24,Aston Villa,ALL,shots_for,38,12.710526315789474,12.5,4.666776737847053,3.0,9.25,15.0,27.0
2025-26,2026-05-24,Aston Villa,ALL,shots_against,38,12.894736842105264,14.0,4.0389286356001435,5.0,9.25,15.75,22.0
2025-26,2026-05-24,Aston Villa,ALL,shots_on_target_for,38,4.473684210526316,4.0,2.367994271647371,1.0,3.0,6.0,10.0
2025-26,2026-05-24,Aston Villa,ALL,shots_on_target_against,38,4.421052631578948,4.0,1.9677340370076164,1.0,3.0,5.75,9.0
2025-26,2026-05-24,Aston Villa,ALL,goals_for,38,1.4736842105263157,1.0,1.2678315623752097,0.0,0.25,2.0,4.0
2025-26,2026-05-24,Aston Villa,ALL,goals_against,38,1.2894736842105263,1.0,1.112773373319942,0.0,1.0,2.0,4.0
2025-26,2026-05-24,Aston Villa,HOME,fouls_committed,19,10.0,10.0,2.6457513110645907,3.0,8.5,11.5,15.0
2025-26,2026-05-24,Aston Villa,HOME,fouls_suffered,19,13.263157894736842,13.0,4.18784093488595,7.0,10.0,15.5,21.0
2025-26,2026-05-24,Aston Villa,HOME,corners_for,19,5.526315789473684,5.0,2.45783149799058,2.0,4.0,6.5,12.0
2025-26,2026-05-24,Aston Villa,HOME,corners_against,19,4.947368421052632,5.0,2.414624061158413,1.0,3.5,6.0,9.0
2025-26,2026-05-24,Aston Villa,HOME,yellow_cards,19,1.3157894736842106,1.0,1.0029197142425579,0.0,1.0,2.0,3.0
2025-26,2026-05-24,Aston Villa,HOME,yellow_cards_opponent,19,2.5789473684210527,2.0,1.2163602113447687,1.0,2.0,3.5,5.0
2025-26,2026-05-24,Aston Villa,HOME,shots_for,19,13.736842105263158,15.0,5.63562187501332,3.0,10.0,16.0,27.0
2025-26,2026-05-24,Aston Villa,HOME,shots_against,19,11.368421052631579,10.0,3.8182387783402243,5.0,9.0,15.0,18.0
2025-26,2026-05-24,Aston Villa,HOME,shots_on_target_for,19,4.842105263157895,4.0,2.1670040223194182,1.0,4.0,6.5,9.0
2025-26,2026-05-24,Aston Villa,HOME,shots_on_target_against,19,4.368421052631579,4.0,2.033347713495311,1.0,3.0,5.0,9.0
2025-26,2026-05-24,Aston Villa,HOME,goals_for,19,1.6842105263157894,1.0,1.3764944032233706,0.0,1.0,2.5,4.0
2025-26,2026-05-24,Aston Villa,HOME,goals_against,19,1.1578947368421053,1.0,1.1672930649220892,0.0,0.0,1.5,4.0
2025-26,2026-05-24,Aston Villa,AWAY,fouls_committed,19,9.947368421052632,9.0,4.0479581164187834,3.0,8.0,12.0,19.0
2025-26,2026-05-24,Aston Villa,AWAY,fouls_suffered,19,12.789473684210526,13.0,4.237123596765736,4.0,10.0,16.5,18.0
2025-26,2026-05-24,Aston Villa,AWAY,corners_for,19,4.947368421052632,5.0,1.747178176073456,3.0,3.5,6.0,9.0
2025-26,2026-05-24,Aston Villa,AWAY,corners_against,19,4.894736842105263,5.0,3.0348848933344197,0.0,2.5,6.0,11.0
2025-26,2026-05-24,Aston Villa,AWAY,yellow_cards,19,1.736842105263158,2.0,1.0457376590053493,0.0,1.0,2.5,3.0
2025-26,2026-05-24,Aston Villa,AWAY,yellow_cards_opponent,19,2.1578947368421053,2.0,1.2139539573337679,1.0,1.0,2.5,5.0
2025-26,2026-05-24,Aston Villa,AWAY,shots_for,19,11.68421052631579,12.0,3.283843134346425,7.0,9.5,14.0,18.0
2025-26,2026-05-24,Aston Villa,AWAY,shots_against,19,14.421052631578947,15.0,3.746343246326776,9.0,12.0,16.0,22.0
2025-26,2026-05-24,Aston Villa,AWAY,shots_on_target_for,19,4.105263157894737,3.0,2.558096880323888,1.0,2.0,5.0,10.0
2025-26,2026-05-24,Aston Villa,AWAY,shots_on_target_against,19,4.473684210526316,4.0,1.9541528728050928,2.0,3.0,6.0,9.0
2025-26,2026-05-24,Aston Villa,AWAY,goals_for,19,1.263157894736842,1.0,1.1470786693528088,0.0,0.0,2.0,4.0
2025-26,2026-05-24,Aston Villa,AWAY,goals_against,19,1.4210526315789473,1.0,1.0706067580626215,0.0,1.0,2.0,4.0
2025-26,2026-05-24,Bournemouth,ALL,fouls_committed,38,12.026315789473685,12.0,4.264795182847102,4.0,9.0,15.0,21.0
2025-26,2026-05-24,Bournemouth,ALL,fouls_suffered,38,10.473684210526315,10.0,2.698716833280298,5.0,8.25,12.0,17.0
2025-26,2026-05-24,Bournemouth,ALL,corners_for,38,5.578947368421052,5.0,3.010177142559468,1.0,3.25,7.0,15.0
2025-26,2026-05-24,Bournemouth,ALL,corners_against,38,5.315789473684211,5.0,3.239162914537216,0.0,3.0,7.0,12.0
2025-26,2026-05-24,Bournemouth,ALL,yellow_cards,38,2.3157894736842106,2.0,1.2966748150952954,0.0,1.25,3.0,5.0
2025-26,2026-05-24,Bournemouth,ALL,yellow_cards_opponent,38,1.8421052631578947,2.0,1.078695803861704,0.0,1.0,2.0,5.0
2025-26,2026-05-24,Bournemouth,ALL,shots_for,38,13.81578947368421,13.0,4.683814933668833,5.0,11.0,16.75,28.0
2025-26,2026-05-24,Bournemouth,ALL,shots_against,38,12.631578947368421,14.0,5.195741773287039,4.0,8.0,16.0,25.0
2025-26,2026-05-24,Bournemouth,ALL,shots_on_target_for,38,4.684210526315789,5.0,2.182303062634404,1.0,3.0,5.0,10.0
2025-26,2026-05-24,Bournemouth,ALL,shots_on_target_against,38,4.2631578947368425,4.0,2.423803249154449,1.0,2.25,5.75,10.0
2025-26,2026-05-24,Bournemouth,ALL,goals_for,38,1.5263157894736843,2.0,1.032887375280686,0.0,1.0,2.0,4.0
2025-26,2026-05-24,Bournemouth,ALL,goals_against,38,1.4210526315789473,1.0,1.30759897454691,0.0,0.0,2.0,4.0
2025-26,2026-05-24,Bournemouth,HOME,fouls_committed,19,11.526315789473685,11.0,4.208040201706882,4.0,8.5,15.0,19.0
2025-26,2026-05-24,Bournemouth,HOME,fouls_suffered,19,10.31578947368421,10.0,2.3345861298441783,7.0,9.5,11.0,16.0
2025-26,2026-05-24,Bournemouth,HOME,corners_for,19,6.0,6.0,2.748737083745107,1.0,4.0,7.0,12.0
2025-26,2026-05-24,Bournemouth,HOME,corners_against,19,4.0,3.0,2.6874192494328497,0.0,2.5,5.5,11.0
2025-26,2026-05-24,Bournemouth,HOME,yellow_cards,19,2.1578947368421053,2.0,1.344253526630914,0.0,1.0,3.0,4.0
2025-26,2026-05-24,Bournemouth,HOME,yellow_cards_opponent,19,1.7894736842105263,2.0,1.0841764600337105,0.0,1.0,2.0,4.0
2025-26,2026-05-24,Bournemouth,HOME,shots_for,19,14.473684210526315,13.0,4.8918119916247305,5.0,11.5,16.0,28.0
2025-26,2026-05-24,Bournemouth,HOME,shots_against,19,9.263157894736842,8.0,3.885044047557504,4.0,6.0,12.5,16.0
2025-26,2026-05-24,Bournemouth,HOME,shots_on_target_for,19,4.526315789473684,5.0,2.3890588814805898,1.0,2.5,5.0,10.0
2025-26,2026-05-24,Bournemouth,HOME,shots_on_target_against,19,3.1052631578947367,4.0,1.448935887014454,1.0,2.0,4.0,5.0
2025-26,2026-05-24,Bournemouth,HOME,goals_for,19,1.5263157894736843,2.0,1.0733344230135038,0.0,1.0,2.0,3.0
2025-26,2026-05-24,Bournemouth,HOME,goals_against,19,1.0526315789473684,1.0,0.9112679939102143,0.0,0.0,2.0,3.0
2025-26,2026-05-24,Bournemouth,AWAY,fouls_committed,19,12.526315789473685,12.0,4.376305152023306,5.0,10.5,15.0,21.0
2025-26,2026-05-24,Bournemouth,AWAY,fouls_suffered,19,10.631578947368421,11.0,3.076984929652718,5.0,8.0,12.0,17.0
2025-26,2026-05-24,Bournemouth,AWAY,corners_for,19,5.157894736842105,4.0,3.2704596668891264,1.0,3.0,6.5,15.0
2025-26,2026-05-24,Bournemouth,AWAY,corners_against,19,6.631578947368421,6.0,3.269565487879416,0.0,5.0,9.5,12.0
2025-26,2026-05-24,Bournemouth,AWAY,yellow_cards,19,2.473684210526316,2.0,1.2635233389495326,0.0,2.0,3.0,5.0
2025-26,2026-05-24,Bournemouth,AWAY,yellow_cards_opponent,19,1.894736842105263,2.0,1.1002392084403616,1.0,1.0,2.0,5.0
2025-26,2026-05-24,Bournemouth,AWAY,shots_for,19,13.157894736842104,12.0,4.50016244021303,8.0,10.0,17.0,22.0
2025-26,2026-05-24,Bournemouth,AWAY,shots_against,19,16.0,16.0,4.055175020198813,5.0,15.0,18.0,25.0
2025-26,2026-05-24,Bournemouth,AWAY,shots_on_target_for,19,4.842105263157895,5.0,2.007296631313337,2.0,3.5,5.5,10.0
2025-26,2026-05-24,Bournemouth,AWAY,shots_on_target_against,19,5.421052631578948,6.0,2.6732375185174546,1.0,3.0,7.5,10.0
2025-26,2026-05-24,Bournemouth,AWAY,goals_for,19,1.5263157894736843,2.0,1.0202625507753482,0.0,1.0,2.0,4.0
2025-26,2026-05-24,Bournemouth,AWAY,goals_against,19,1.7894736842105263,1.0,1.5484381869204369,0.0,0.5,3.0,4.0
2025-26,2026-05-24,Brentford,ALL,fouls_committed,38,10.263157894736842,9.5,2.6578207952758697,6.0,8.25,12.0,18.0
2025-26,2026-05-24,Brentford,ALL,fouls_suffered,38,9.31578947368421,9.0,2.3377658907354695,5.0,7.25,10.75,14.0
2025-26,2026-05-24,Brentford,ALL,corners_for,38,4.7894736842105265,5.0,2.712911019917805,0.0,2.25,6.0,10.0
2025-26,2026-05-24,Brentford,ALL,corners_against,38,5.368421052631579,4.0,3.2250795308155347,1.0,3.0,6.0,15.0
2025-26,2026-05-24,Brentford,ALL,yellow_cards,38,1.8157894736842106,2.0,1.135549947915338,0.0,1.0,2.75,4.0
2025-26,2026-05-24,Brentford,ALL,yellow_cards_opponent,38,1.894736842105263,2.0,1.1575714019004903,0.0,1.0,2.0,4.0
2025-26,2026-05-24,Brentford,ALL,shots_for,38,10.657894736842104,10.0,4.363709776743548,4.0,7.0,14.0,22.0
2025-26,2026-05-24,Brentford,ALL,shots_against,38,13.263157894736842,13.0,5.10264483898045,5.0,10.25,15.75,27.0
2025-26,2026-05-24,Brentford,ALL,shots_on_target_for,38,3.8684210526315788,3.5,2.133022885187591,1.0,2.0,5.75,8.0
2025-26,2026-05-24,Brentford,ALL,shots_on_target_against,38,4.2631578947368425,4.0,2.401398359811124,0.0,2.0,6.0,10.0
2025-26,2026-05-24,Brentford,ALL,goals_for,38,1.4473684210526316,1.0,1.329445493450897,0.0,0.0,2.75,4.0
2025-26,2026-05-24,Brentford,ALL,goals_against,38,1.368421052631579,2.0,0.9978640061050118,0.0,0.25,2.0,3.0
2025-26,2026-05-24,Brentford,HOME,fouls_committed,19,9.631578947368421,9.0,2.3853843462914237,6.0,8.0,11.5,14.0
2025-26,2026-05-24,Brentford,HOME,fouls_suffered,19,9.789473684210526,10.0,2.507299285606395,5.0,8.5,11.5,14.0
2025-26,2026-05-24,Brentford,HOME,corners_for,19,4.368421052631579,5.0,2.564945880212885,0.0,2.0,6.0,9.0
2025-26,2026-05-24,Brentford,HOME,corners_against,19,4.631578947368421,4.0,3.1306819689395593,1.0,3.0,5.5,15.0
2025-26,2026-05-24,Brentford,HOME,yellow_cards,19,1.4736842105263157,1.0,1.0733344230135038,0.0,1.0,2.0,3.0
2025-26,2026-05-24,Brentford,HOME,yellow_cards_opponent,19,1.8421052631578947,2.0,0.9581903020646578,0.0,1.5,2.0,4.0
2025-26,2026-05-24,Brentford,HOME,shots_for,19,12.0,13.0,3.7267799624996494,6.0,9.5,14.5,18.0
2025-26,2026-05-24,Brentford,HOME,shots_against,19,12.421052631578947,13.0,4.413562298613524,5.0,9.5,16.0,20.0
2025-26,2026-05-24,Brentford,HOME,shots_on_target_for,19,4.105263157894737,4.0,2.2581884785549593,1.0,2.5,6.0,8.0
2025-26,2026-05-24,Brentford,HOME,shots_on_target_against,19,4.052631578947368,4.0,2.4375234291871446,0.0,2.0,5.5,10.0
2025-26,2026-05-24,Brentford,HOME,goals_for,19,1.736842105263158,2.0,1.326738074424886,0.0,0.5,3.0,4.0
2025-26,2026-05-24,Brentford,HOME,goals_against,19,1.105263157894737,1.0,0.809302638222512,0.0,0.5,2.0,2.0
2025-26,2026-05-24,Brentford,AWAY,fouls_committed,19,10.894736842105264,10.0,2.826358804817119,8.0,9.0,12.5,18.0
2025-26,2026-05-24,Brentford,AWAY,fouls_suffered,19,8.842105263157896,9.0,2.115108557622118,6.0,7.0,10.0,14.0
2025-26,2026-05-24,Brentford,AWAY,corners_for,19,5.2105263157894735,5.0,2.8592723893485954,1.0,3.0,8.0,10.0
2025-26,2026-05-24,Brentford,AWAY,corners_against,19,6.105263157894737,6.0,3.229976553786683,2.0,4.0,7.0,14.0
2025-26,2026-05-24,Brentford,AWAY,yellow_cards,19,2.1578947368421053,2.0,1.11868761873192,0.0,1.5,3.0,4.0
2025-26,2026-05-24,Brentford,AWAY,yellow_cards_opponent,19,1.9473684210526316,2.0,1.3529262199858298,0.0,1.0,3.0,4.0
2025-26,2026-05-24,Brentford,AWAY,shots_for,19,9.31578947368421,8.0,4.631446037433753,4.0,6.0,11.0,22.0
2025-26,2026-05-24,Brentford,AWAY,shots_against,19,14.105263157894736,14.0,5.704722574246955,6.0,11.0,15.0,27.0
2025-26,2026-05-24,Brentford,AWAY,shots_on_target_for,19,3.6315789473684212,3.0,2.0333477134953104,1.0,2.0,5.0,7.0
2025-26,2026-05-24,Brentford,AWAY,shots_on_target_against,19,4.473684210526316,4.0,2.4122009556196593,1.0,2.5,6.0,10.0
2025-26,2026-05-24,Brentford,AWAY,goals_for,19,1.1578947368421053,1.0,1.3022697235014482,0.0,0.0,1.5,4.0
2025-26,2026-05-24,Brentford,AWAY,goals_against,19,1.631578947368421,2.0,1.1160708020048367,0.0,0.5,2.0,3.0
2025-26,2026-05-24,Brighton & Hove Albion,ALL,fouls_committed,38,11.921052631578947,12.0,2.925947099588009,6.0,10.0,14.0,18.0
2025-26,2026-05-24,Brighton & Hove Albion,ALL,fouls_suffered,38,10.078947368421053,9.0,3.1484151220794936,4.0,8.0,12.75,17.0
2025-26,2026-05-24,Brighton & Hove Albion,ALL,corners_for,38,4.868421052631579,4.0,2.5907429032800917,0.0,3.0,6.75,11.0
2025-26,2026-05-24,Brighton & Hove Albion,ALL,corners_against,38,4.815789473684211,4.5,2.288103937795762,1.0,3.0,6.75,10.0
2025-26,2026-05-24,Brighton & Hove Albion,ALL,yellow_cards,38,2.263157894736842,2.0,1.6054671884888732,0.0,1.0,3.0,6.0
2025-26,2026-05-24,Brighton & Hove Albion,ALL,yellow_cards_opponent,38,2.026315789473684,2.0,1.1024994234297238,0.0,1.0,3.0,5.0
2025-26,2026-05-24,Brighton & Hove Albion,ALL,shots_for,38,13.026315789473685,13.0,3.5828936071678843,6.0,11.0,15.75,22.0
2025-26,2026-05-24,Brighton & Hove Albion,ALL,shots_against,38,11.657894736842104,12.0,4.461706834890891,5.0,7.75,13.75,24.0
2025-26,2026-05-24,Brighton & Hove Albion,ALL,shots_on_target_for,38,4.631578947368421,4.0,1.9231316328797272,1.0,3.0,6.0,9.0
2025-26,2026-05-24,Brighton & Hove Albion,ALL,shots_on_target_against,38,3.8947368421052633,4.0,2.1154447961677,0.0,3.0,5.0,10.0
2025-26,2026-05-24,Brighton & Hove Albion,ALL,goals_for,38,1.368421052631579,1.0,0.9978640061050118,0.0,1.0,2.0,3.0
2025-26,2026-05-24,Brighton & Hove Albion,ALL,goals_against,38,1.2105263157894737,1.0,1.0694250725390952,0.0,0.25,2.0,4.0
2025-26,2026-05-24,Brighton & Hove Albion,HOME,fouls_committed,19,11.31578947368421,11.0,2.6257830912139837,7.0,10.0,12.5,16.0
2025-26,2026-05-24,Brighton & Hove Albion,HOME,fouls_suffered,19,10.842105263157896,11.0,3.2874028569464455,6.0,8.5,13.5,17.0
2025-26,2026-05-24,Brighton & Hove Albion,HOME,corners_for,19,4.947368421052632,4.0,2.6971936899617703,0.0,3.5,6.5,11.0
2025-26,2026-05-24,Brighton & Hove Albion,HOME,corners_against,19,4.526315789473684,4.0,2.2203208239809644,1.0,3.0,6.0,10.0
2025-26,2026-05-24,Brighton & Hove Albion,HOME,yellow_cards,19,1.7894736842105263,2.0,1.4749368110164,0.0,1.0,2.5,5.0
2025-26,2026-05-24,Brighton & Hove Albion,HOME,yellow_cards_opponent,19,2.1052631578947367,2.0,1.1002392084403616,1.0,1.0,2.5,5.0
2025-26,2026-05-24,Brighton & Hove Albion,HOME,shots_for,19,13.789473684210526,14.0,3.1548718475191677,7.0,12.0,15.5,22.0
2025-26,2026-05-24,Brighton & Hove Albion,HOME,shots_against,19,9.842105263157896,11.0,3.5786893611851323,5.0,7.0,12.5,16.0
2025-26,2026-05-24,Brighton & Hove Albion,HOME,shots_on_target_for,19,4.947368421052632,5.0,2.013114894621608,2.0,4.0,7.0,9.0
2025-26,2026-05-24,Brighton & Hove Albion,HOME,shots_on_target_against,19,3.6842105263157894,3.0,2.286497359595807,0.0,2.0,4.5,10.0
2025-26,2026-05-24,Brighton & Hove Albion,HOME,goals_for,19,1.5789473684210527,2.0,1.0706067580626215,0.0,1.0,2.0,3.0
2025-26,2026-05-24,Brighton & Hove Albion,HOME,goals_against,19,1.0526315789473684,1.0,1.0259783520851542,0.0,0.5,1.0,4.0
2025-26,2026-05-24,Brighton & Hove Albion,AWAY,fouls_committed,19,12.526315789473685,13.0,3.151162414316899,6.0,10.5,15.0,18.0
2025-26,2026-05-24,Brighton & Hove Albion,AWAY,fouls_suffered,19,9.31578947368421,9.0,2.8877640635186435,4.0,7.0,10.5,16.0
2025-26,2026-05-24,Brighton & Hove Albion,AWAY,corners_for,19,4.7894736842105265,5.0,2.5512294937587567,2.0,2.0,6.5,10.0
2025-26,2026-05-24,Brighton & Hove Albion,AWAY,corners_against,19,5.105263157894737,6.0,2.378018242199567,1.0,3.0,7.0,9.0
2025-26,2026-05-24,Brighton & Hove Albion,AWAY,yellow_cards,19,2.736842105263158,3.0,1.6276126096272245,0.0,1.5,4.0,6.0
2025-26,2026-05-24,Brighton & Hove Albion,AWAY,yellow_cards_opponent,19,1.9473684210526316,2.0,1.1290942392774796,0.0,1.0,3.0,4.0
2025-26,2026-05-24,Brighton & Hove Albion,AWAY,shots_for,19,12.263157894736842,13.0,3.8993176791040125,6.0,9.5,15.0,19.0
2025-26,2026-05-24,Brighton & Hove Albion,AWAY,shots_against,19,13.473684210526315,13.0,4.599135438712991,6.0,10.5,14.5,24.0
2025-26,2026-05-24,Brighton & Hove Albion,AWAY,shots_on_target_for,19,4.315789473684211,4.0,1.8273426844874248,1.0,3.0,6.0,8.0
2025-26,2026-05-24,Brighton & Hove Albion,AWAY,shots_on_target_against,19,4.105263157894737,4.0,1.9690589078176766,1.0,3.0,5.5,9.0
2025-26,2026-05-24,Brighton & Hove Albion,AWAY,goals_for,19,1.1578947368421053,1.0,0.8983415518941831,0.0,0.5,2.0,3.0
2025-26,2026-05-24,Brighton & Hove Albion,AWAY,goals_against,19,1.368421052631579,1.0,1.1160708020048367,0.0,0.5,2.0,4.0
2025-26,2026-05-24,Burnley,ALL,fouls_committed,38,10.368421052631579,10.0,2.6955524192547644,7.0,9.0,11.0,18.0
2025-26,2026-05-24,Burnley,ALL,fouls_suffered,38,9.157894736842104,9.0,2.686566338530077,3.0,8.0,11.0,15.0
2025-26,2026-05-24,Burnley,ALL,corners_for,38,3.6315789473684212,3.0,2.3414139021468268,0.0,2.0,5.0,10.0
2025-26,2026-05-24,Burnley,ALL,corners_against,38,6.0,6.0,2.6303837968857167,1.0,4.0,8.0,13.0
2025-26,2026-05-24,Burnley,ALL,yellow_cards,38,1.6842105263157894,2.0,1.210433542118774,0.0,1.0,2.0,5.0
2025-26,2026-05-24,Burnley,ALL,yellow_cards_opponent,38,1.1842105263157894,1.0,0.9824201544584691,0.0,0.25,2.0,4.0
2025-26,2026-05-24,Burnley,ALL,shots_for,38,9.342105263157896,9.0,4.351304966046292,3.0,5.25,12.0,18.0
2025-26,2026-05-24,Burnley,ALL,shots_against,38,16.736842105263158,16.0,6.323205697960471,3.0,14.0,19.75,32.0
2025-26,2026-05-24,Burnley,ALL,shots_on_target_for,38,3.1052631578947367,3.0,2.2030626554892576,0.0,2.0,4.0,8.0
2025-26,2026-05-24,Burnley,ALL,shots_on_target_against,38,5.684210526315789,6.0,2.5373455288665703,1.0,4.0,7.0,11.0
2025-26,2026-05-24,Burnley,ALL,goals_for,38,1.0,1.0,0.9586025865388216,0.0,0.0,2.0,3.0
2025-26,2026-05-24,Burnley,ALL,goals_against,38,1.9736842105263157,2.0,1.1737406616561579,0.0,1.0,3.0,5.0
2025-26,2026-05-24,Burnley,HOME,fouls_committed,19,10.0,9.0,2.4267032964268394,7.0,9.0,10.5,18.0
2025-26,2026-05-24,Burnley,HOME,fouls_suffered,19,8.578947368421053,8.0,2.5014615610719404,3.0,8.0,10.5,13.0
2025-26,2026-05-24,Burnley,HOME,corners_for,19,3.736842105263158,3.0,2.6000449838663666,1.0,1.5,5.0,10.0
2025-26,2026-05-24,Burnley,HOME,corners_against,19,5.947368421052632,5.0,2.9902375269928405,2.0,4.0,8.0,13.0
2025-26,2026-05-24,Burnley,HOME,yellow_cards,19,1.263157894736842,1.0,0.9334586382051248,0.0,0.5,2.0,3.0
2025-26,2026-05-24,Burnley,HOME,yellow_cards_opponent,19,1.105263157894737,1.0,0.8752610304046612,0.0,0.5,2.0,3.0
2025-26,2026-05-24,Burnley,HOME,shots_for,19,10.842105263157896,11.0,4.717145533933005,3.0,7.5,15.0,18.0
2025-26,2026-05-24,Burnley,HOME,shots_against,19,16.31578947368421,16.0,7.35642298024845,3.0,12.5,19.5,30.0
2025-26,2026-05-24,Burnley,HOME,shots_on_target_for,19,3.3157894736842106,3.0,2.4732486863086547,0.0,1.5,5.0,8.0
2025-26,2026-05-24,Burnley,HOME,shots_on_target_against,19,5.947368421052632,6.0,2.717713176970797,1.0,4.0,8.0,11.0
2025-26,2026-05-24,Burnley,HOME,goals_for,19,0.9473684210526315,1.0,1.0259783520851542,0.0,0.0,2.0,3.0
2025-26,2026-05-24,Burnley,HOME,goals_against,19,1.5263157894736843,2.0,1.1239029738980326,0.0,1.0,2.0,4.0
2025-26,2026-05-24,Burnley,AWAY,fouls_committed,19,10.736842105263158,11.0,2.959769233931702,7.0,8.5,12.0,17.0
2025-26,2026-05-24,Burnley,AWAY,fouls_suffered,19,9.736842105263158,9.0,2.8055917431514814,5.0,7.5,12.0,15.0
2025-26,2026-05-24,Burnley,AWAY,corners_for,19,3.526315789473684,3.0,2.1178716006781584,0.0,2.0,4.5,9.0
2025-26,2026-05-24,Burnley,AWAY,corners_against,19,6.052631578947368,6.0,2.2967049878400996,1.0,5.0,7.5,10.0
2025-26,2026-05-24,Burnley,AWAY,yellow_cards,19,2.1052631578947367,2.0,1.3289401308354822,0.0,1.0,3.0,5.0
2025-26,2026-05-24,Burnley,AWAY,yellow_cards_opponent,19,1.263157894736842,1.0,1.097578408394179,0.0,0.5,2.0,4.0
2025-26,2026-05-24,Burnley,AWAY,shots_for,19,7.842105263157895,7.0,3.4522642794216614,4.0,5.0,9.0,16.0
2025-26,2026-05-24,Burnley,AWAY,shots_against,19,17.157894736842106,15.0,5.262690037684961,10.0,14.0,19.5,32.0
2025-26,2026-05-24,Burnley,AWAY,shots_on_target_for,19,2.8947368421052633,3.0,1.9406395521438362,0.0,2.0,3.5,7.0
2025-26,2026-05-24,Burnley,AWAY,shots_on_target_against,19,5.421052631578948,6.0,2.3878346647045965,1.0,4.0,7.0,11.0
2025-26,2026-05-24,Burnley,AWAY,goals_for,19,1.0526315789473684,1.0,0.9112679939102143,0.0,0.5,1.0,3.0
2025-26,2026-05-24,Burnley,AWAY,goals_against,19,2.4210526315789473,2.0,1.0706067580626215,1.0,2.0,3.0,5.0
2025-26,2026-05-24,Chelsea,ALL,fouls_committed,38,11.210526315789474,11.0,3.1292680668846344,5.0,9.0,13.0,18.0
2025-26,2026-05-24,Chelsea,ALL,fouls_suffered,38,12.210526315789474,13.0,2.7327631273309385,6.0,10.25,13.75,18.0
2025-26,2026-05-24,Chelsea,ALL,corners_for,38,6.078947368421052,5.5,3.043660482427399,0.0,4.0,9.0,12.0
2025-26,2026-05-24,Chelsea,ALL,corners_against,38,4.315789473684211,4.0,2.5796004630708596,1.0,2.25,6.0,12.0
2025-26,2026-05-24,Chelsea,ALL,yellow_cards,38,2.3421052631578947,2.0,1.3208579478316087,0.0,1.0,3.0,6.0
2025-26,2026-05-24,Chelsea,ALL,yellow_cards_opponent,38,2.0789473684210527,2.0,1.3829380972909935,0.0,1.0,3.0,6.0
2025-26,2026-05-24,Chelsea,ALL,shots_for,38,13.447368421052632,13.5,4.372502335209011,5.0,11.0,16.0,22.0
2025-26,2026-05-24,Chelsea,ALL,shots_against,38,10.921052631578947,11.0,4.036198230924394,3.0,8.25,12.75,20.0
2025-26,2026-05-24,Chelsea,ALL,shots_on_target_for,38,4.315789473684211,4.0,2.093816677458922,0.0,3.0,6.0,9.0
2025-26,2026-05-24,Chelsea,ALL,shots_on_target_against,38,4.105263157894737,4.0,2.1408444113809644,0.0,3.0,5.0,9.0
2025-26,2026-05-24,Chelsea,ALL,goals_for,38,1.5263157894736843,1.0,1.1794832149456596,0.0,1.0,2.0,5.0
2025-26,2026-05-24,Chelsea,ALL,goals_against,38,1.368421052631579,1.0,1.024590956789097,0.0,1.0,2.0,3.0
2025-26,2026-05-24,Chelsea,HOME,fouls_committed,19,10.842105263157896,11.0,2.609026167722288,5.0,9.0,12.0,16.0
2025-26,2026-05-24,Chelsea,HOME,fouls_suffered,19,12.421052631578947,13.0,2.7144835701531846,8.0,10.5,13.5,18.0
2025-26,2026-05-24,Chelsea,HOME,corners_for,19,6.842105263157895,7.0,2.910959328215754,3.0,4.0,9.0,12.0
2025-26,2026-05-24,Chelsea,HOME,corners_against,19,3.8947368421052633,3.0,3.1779577097057725,1.0,1.0,6.0,12.0
2025-26,2026-05-24,Chelsea,HOME,yellow_cards,19,2.210526315789474,2.0,1.3156725094212403,0.0,1.0,3.0,5.0
2025-26,2026-05-24,Chelsea,HOME,yellow_cards_opponent,19,2.3684210526315788,2.0,1.460993813805044,0.0,1.5,3.0,6.0
2025-26,2026-05-24,Chelsea,HOME,shots_for,19,15.157894736842104,14.0,4.450507560251937,6.0,12.0,19.0,22.0
2025-26,2026-05-24,Chelsea,HOME,shots_against,19,10.157894736842104,11.0,4.140090684658125,3.0,7.5,12.0,18.0
2025-26,2026-05-24,Chelsea,HOME,shots_on_target_for,19,4.2105263157894735,4.0,1.7184924714030627,2.0,3.0,5.5,8.0
2025-26,2026-05-24,Chelsea,HOME,shots_on_target_against,19,3.8947368421052633,4.0,2.1316330943956574,0.0,2.5,5.0,8.0
2025-26,2026-05-24,Chelsea,HOME,goals_for,19,1.368421052631579,1.0,0.9551338658818386,0.0,1.0,2.0,3.0
2025-26,2026-05-24,Chelsea,HOME,goals_against,19,1.3157894736842106,1.0,1.0568628408301077,0.0,0.5,2.0,3.0
2025-26,2026-05-24,Chelsea,AWAY,fouls_committed,19,11.578947368421053,12.0,3.6104137878224214,6.0,9.0,14.0,18.0
2025-26,2026-05-24,Chelsea,AWAY,fouls_suffered,19,12.0,13.0,2.8087165910587863,6.0,10.5,13.5,17.0
2025-26,2026-05-24,Chelsea,AWAY,corners_for,19,5.315789473684211,5.0,3.056007409439596,0.0,3.0,7.5,11.0
2025-26,2026-05-24,Chelsea,AWAY,corners_against,19,4.7368421052631575,5.0,1.7901615465016276,1.0,3.5,6.0,8.0
2025-26,2026-05-24,Chelsea,AWAY,yellow_cards,19,2.473684210526316,2.0,1.3485968449808852,1.0,2.0,3.0,6.0
2025-26,2026-05-24,Chelsea,AWAY,yellow_cards_opponent,19,1.7894736842105263,2.0,1.2727462594467416,0.0,1.0,3.0,4.0
2025-26,2026-05-24,Chelsea,AWAY,shots_for,19,11.736842105263158,12.0,3.6490806340343056,5.0,9.5,15.0,17.0
2025-26,2026-05-24,Chelsea,AWAY,shots_against,19,11.68421052631579,12.0,3.8880533772477306,3.0,9.5,13.5,20.0
2025-26,2026-05-24,Chelsea,AWAY,shots_on_target_for,19,4.421052631578948,4.0,2.456641552872182,0.0,3.0,6.0,9.0
2025-26,2026-05-24,Chelsea,AWAY,shots_on_target_against,19,4.315789473684211,4.0,2.18715013910663,1.0,3.0,5.0,9.0
2025-26,2026-05-24,Chelsea,AWAY,goals_for,19,1.6842105263157894,1.0,1.3764944032233706,0.0,1.0,2.5,5.0
2025-26,2026-05-24,Chelsea,AWAY,goals_against,19,1.4210526315789473,1.0,1.0173926082384548,0.0,1.0,2.0,3.0
2025-26,2026-05-24,Crystal Palace,ALL,fouls_committed,38,10.473684210526315,10.0,3.269323775895536,5.0,8.0,12.0,19.0
2025-26,2026-05-24,Crystal Palace,ALL,fouls_suffered,38,9.763157894736842,10.0,3.332349309472432,3.0,7.25,12.0,16.0
2025-26,2026-05-24,Crystal Palace,ALL,corners_for,38,4.2105263157894735,4.0,2.055419924700627,1.0,3.0,5.75,8.0
2025-26,2026-05-24,Crystal Palace,ALL,corners_against,38,5.2368421052631575,5.0,2.645079169369659,1.0,3.0,7.0,11.0
2025-26,2026-05-24,Crystal Palace,ALL,yellow_cards,38,1.9473684210526316,2.0,1.2723115465200534,0.0,1.0,3.0,5.0
2025-26,2026-05-24,Crystal Palace,ALL,yellow_cards_opponent,38,1.6842105263157894,1.5,1.2756612097451125,0.0,1.0,2.75,5.0
2025-26,2026-05-24,Crystal Palace,ALL,shots_for,38,11.631578947368421,11.0,4.364606125268808,3.0,8.25,14.0,21.0
2025-26,2026-05-24,Crystal Palace,ALL,shots_against,38,11.710526315789474,11.5,4.15189891259046,6.0,8.0,14.0,20.0
2025-26,2026-05-24,Crystal Palace,ALL,shots_on_target_for,38,3.710526315789474,3.0,2.065258242302127,0.0,2.0,5.0,8.0
2025-26,2026-05-24,Crystal Palace,ALL,shots_on_target_against,38,4.2631578947368425,4.0,2.250335837114286,0.0,3.0,6.0,11.0
2025-26,2026-05-24,Crystal Palace,ALL,goals_for,38,1.0789473684210527,1.0,0.9410051827231383,0.0,0.0,2.0,3.0
2025-26,2026-05-24,Crystal Palace,ALL,goals_against,38,1.3421052631578947,1.0,1.191780765923668,0.0,0.0,2.0,4.0
2025-26,2026-05-24,Crystal Palace,HOME,fouls_committed,19,10.421052631578947,10.0,3.501044121618645,5.0,8.0,11.5,19.0
2025-26,2026-05-24,Crystal Palace,HOME,fouls_suffered,19,10.263157894736842,11.0,3.2462303824446033,3.0,8.0,12.0,16.0
2025-26,2026-05-24,Crystal Palace,HOME,corners_for,19,4.368421052631579,4.0,2.060488785479727,1.0,3.0,6.0,8.0
2025-26,2026-05-24,Crystal Palace,HOME,corners_against,19,4.368421052631579,4.0,2.0872769692110413,2.0,3.0,5.0,10.0
2025-26,2026-05-24,Crystal Palace,HOME,yellow_cards,19,1.5789473684210527,2.0,1.346426937147361,0.0,0.5,2.0,5.0
2025-26,2026-05-24,Crystal Palace,HOME,yellow_cards_opponent,19,2.0526315789473686,2.0,1.393384536958932,0.0,1.0,3.0,5.0
2025-26,2026-05-24,Crystal Palace,HOME,shots_for,19,13.31578947368421,13.0,4.110320771193565,8.0,10.5,15.5,21.0
2025-26,2026-05-24,Crystal Palace,HOME,shots_against,19,10.68421052631579,9.0,4.190632829152648,6.0,7.5,13.5,20.0
2025-26,2026-05-24,Crystal Palace,HOME,shots_on_target_for,19,3.8947368421052633,3.0,2.2826577307580465,0.0,2.0,5.5,8.0
2025-26,2026-05-24,Crystal Palace,HOME,shots_on_target_against,19,4.105263157894737,4.0,1.9690589078176761,0.0,3.0,6.0,7.0
2025-26,2026-05-24,Crystal Palace,HOME,goals_for,19,1.0,1.0,0.9428090415820634,0.0,0.0,2.0,3.0
2025-26,2026-05-24,Crystal Palace,HOME,goals_against,19,1.2105263157894737,1.0,1.1822270588653645,0.0,0.0,2.0,3.0
2025-26,2026-05-24,Crystal Palace,AWAY,fouls_committed,19,10.526315789473685,11.0,3.11570254343724,5.0,8.5,12.0,16.0
2025-26,2026-05-24,Crystal Palace,AWAY,fouls_suffered,19,9.263157894736842,10.0,3.429319745682612,4.0,6.5,12.5,15.0
2025-26,2026-05-24,Crystal Palace,AWAY,corners_for,19,4.052631578947368,4.0,2.0942695414584778,1.0,3.0,4.5,8.0
2025-26,2026-05-24,Crystal Palace,AWAY,corners_against,19,6.105263157894737,6.0,2.903919513005086,1.0,3.5,8.5,11.0
2025-26,2026-05-24,Crystal Palace,AWAY,yellow_cards,19,2.3157894736842106,3.0,1.1081832770072813,0.0,2.0,3.0,3.0
2025-26,2026-05-24,Crystal Palace,AWAY,yellow_cards_opponent,19,1.3157894736842106,1.0,1.0568628408301077,0.0,0.5,2.0,3.0
2025-26,2026-05-24,Crystal Palace,AWAY,shots_for,19,9.947368421052632,9.0,4.034210430947993,3.0,7.0,13.0,18.0
2025-26,2026-05-24,Crystal Palace,AWAY,shots_against,19,12.736842105263158,12.0,3.9558972189653185,7.0,9.5,14.5,20.0
2025-26,2026-05-24,Crystal Palace,AWAY,shots_on_target_for,19,3.526315789473684,3.0,1.8669172764102497,1.0,2.5,4.0,8.0
2025-26,2026-05-24,Crystal Palace,AWAY,shots_on_target_against,19,4.421052631578948,4.0,2.545492518893483,1.0,3.0,6.0,11.0
2025-26,2026-05-24,Crystal Palace,AWAY,goals_for,19,1.1578947368421053,1.0,0.9581903020646578,0.0,0.5,2.0,3.0
2025-26,2026-05-24,Crystal Palace,AWAY,goals_against,19,1.4736842105263157,1.0,1.2187617145935725,0.0,0.5,2.0,4.0
2025-26,2026-05-24,Everton,ALL,fouls_committed,38,10.657894736842104,11.0,3.2322389176935284,4.0,8.25,13.0,17.0
2025-26,2026-05-24,Everton,ALL,fouls_suffered,38,11.078947368421053,11.5,3.627087126632344,5.0,8.0,15.0,16.0
2025-26,2026-05-24,Everton,ALL,corners_for,38,4.2894736842105265,3.5,2.670235284064259,1.0,2.0,6.0,10.0
2025-26,2026-05-24,Everton,ALL,corners_against,38,5.105263157894737,5.0,2.5446230930401073,1.0,3.0,7.0,11.0
2025-26,2026-05-24,Everton,ALL,yellow_cards,38,1.9210526315789473,2.0,1.3829380972909937,0.0,1.0,3.0,5.0
2025-26,2026-05-24,Everton,ALL,yellow_cards_opponent,38,1.6578947368421053,2.0,1.3808793866634737,0.0,0.0,3.0,5.0
2025-26,2026-05-24,Everton,ALL,shots_for,38,11.052631578947368,11.0,3.3847621052662014,3.0,9.0,13.75,20.0
2025-26,2026-05-24,Everton,ALL,shots_against,38,14.026315789473685,13.0,5.293988646519152,5.0,11.0,17.0,25.0
2025-26,2026-05-24,Everton,ALL,shots_on_target_for,38,3.789473684210526,3.0,1.961217144652257,1.0,2.0,5.0,9.0
2025-26,2026-05-24,Everton,ALL,shots_on_target_against,38,4.2631578947368425,4.0,2.009224813895605,0.0,3.0,6.0,8.0
2025-26,2026-05-24,Everton,ALL,goals_for,38,1.236842105263158,1.0,0.9982203224906243,0.0,0.25,2.0,3.0
2025-26,2026-05-24,Everton,ALL,goals_against,38,1.3157894736842106,1.0,1.1414846462936064,0.0,0.0,2.0,4.0
2025-26,2026-05-24,Everton,HOME,fouls_committed,19,10.473684210526315,10.0,3.9912184306804748,4.0,7.5,13.5,17.0
2025-26,2026-05-24,Everton,HOME,fouls_suffered,19,11.210526315789474,12.0,4.049402526140548,5.0,7.5,15.0,16.0
2025-26,2026-05-24,Everton,HOME,corners_for,19,4.947368421052632,4.0,2.8958530543314356,1.0,2.5,7.0,10.0
2025-26,2026-05-24,Everton,HOME,corners_against,19,4.631578947368421,4.0,2.4542599318054106,1.0,3.0,6.5,9.0
2025-26,2026-05-24,Everton,HOME,yellow_cards,19,1.8421052631578947,2.0,1.4245138700910818,0.0,0.5,3.0,4.0
2025-26,2026-05-24,Everton,HOME,yellow_cards_opponent,19,2.0,2.0,1.2909944487358056,0.0,1.0,3.0,4.0
2025-26,2026-05-24,Everton,HOME,shots_for,19,12.210526315789474,12.0,3.0836296680737396,5.0,10.0,14.0,20.0
2025-26,2026-05-24,Everton,HOME,shots_against,19,11.368421052631579,12.0,3.8472288196367104,5.0,7.5,13.5,21.0
2025-26,2026-05-24,Everton,HOME,shots_on_target_for,19,4.315789473684211,4.0,2.083070158815998,1.0,2.5,6.0,9.0
2025-26,2026-05-24,Everton,HOME,shots_on_target_against,19,4.105263157894737,4.0,1.9117977822546814,1.0,3.0,4.0,8.0
2025-26,2026-05-24,Everton,HOME,goals_for,19,1.368421052631579,1.0,1.01162829777814,0.0,1.0,2.0,3.0
2025-26,2026-05-24,Everton,HOME,goals_against,19,1.4210526315789473,1.0,1.3870748387117167,0.0,0.0,2.5,4.0
2025-26,2026-05-24,Everton,AWAY,fouls_committed,19,10.842105263157896,11.0,2.3395906074624073,7.0,9.0,12.5,14.0
2025-26,2026-05-24,Everton,AWAY,fouls_suffered,19,10.947368421052632,11.0,3.2570212057189503,5.0,8.5,13.5,15.0
2025-26,2026-05-24,Everton,AWAY,corners_for,19,3.6315789473684212,3.0,2.314460011795155,1.0,2.0,4.5,10.0
2025-26,2026-05-24,Everton,AWAY,corners_against,19,5.578947368421052,6.0,2.6101466428298665,1.0,4.0,7.0,11.0
2025-26,2026-05-24,Everton,AWAY,yellow_cards,19,2.0,2.0,1.3743685418725535,0.0,1.5,3.0,5.0
2025-26,2026-05-24,Everton,AWAY,yellow_cards_opponent,19,1.3157894736842106,1.0,1.416279616889396,0.0,0.0,2.0,5.0
2025-26,2026-05-24,Everton,AWAY,shots_for,19,9.894736842105264,9.0,3.34821240601451,3.0,8.0,12.0,16.0
2025-26,2026-05-24,Everton,AWAY,shots_against,19,16.68421052631579,17.0,5.281546822864042,5.0,12.5,21.0,25.0
2025-26,2026-05-24,Everton,AWAY,shots_on_target_for,19,3.263157894736842,3.0,1.7269789055894333,1.0,2.0,4.0,7.0
2025-26,2026-05-24,Everton,AWAY,shots_on_target_against,19,4.421052631578948,4.0,2.142578650797632,0.0,3.0,6.0,8.0
2025-26,2026-05-24,Everton,AWAY,goals_for,19,1.105263157894737,1.0,0.9941348467724344,0.0,0.0,2.0,3.0
2025-26,2026-05-24,Everton,AWAY,goals_against,19,1.2105263157894737,1.0,0.8549819600709617,0.0,0.5,2.0,2.0
2025-26,2026-05-24,Fulham,ALL,fouls_committed,38,10.894736842105264,11.0,3.5624883019947196,4.0,9.0,13.0,20.0
2025-26,2026-05-24,Fulham,ALL,fouls_suffered,38,9.868421052631579,9.0,3.933027529480682,4.0,7.0,12.0,21.0
2025-26,2026-05-24,Fulham,ALL,corners_for,38,4.947368421052632,4.0,2.4155729936444614,1.0,3.0,6.0,11.0
2025-26,2026-05-24,Fulham,ALL,corners_against,38,5.526315789473684,5.5,2.46857921830377,1.0,4.0,6.75,11.0
2025-26,2026-05-24,Fulham,ALL,yellow_cards,38,1.9736842105263157,2.0,1.4423487246597955,0.0,1.0,3.0,5.0
2025-26,2026-05-24,Fulham,ALL,yellow_cards_opponent,38,1.6578947368421053,1.5,1.3002352342156687,0.0,1.0,2.75,5.0
2025-26,2026-05-24,Fulham,ALL,shots_for,38,12.657894736842104,12.0,4.5397720849415775,5.0,10.25,14.0,24.0
2025-26,2026-05-24,Fulham,ALL,shots_against,38,11.789473684210526,11.0,3.2396020337576346,4.0,10.0,13.75,18.0
2025-26,2026-05-24,Fulham,ALL,shots_on_target_for,38,3.6315789473684212,4.0,1.8072085781531178,0.0,3.0,5.0,6.0
2025-26,2026-05-24,Fulham,ALL,shots_on_target_against,38,3.9210526315789473,4.0,1.9365834913002515,1.0,2.0,5.0,9.0
2025-26,2026-05-24,Fulham,ALL,goals_for,38,1.236842105263158,1.0,1.1012084400555153,0.0,0.0,2.0,4.0
2025-26,2026-05-24,Fulham,ALL,goals_against,38,1.3421052631578947,1.0,1.1455275142559853,0.0,1.0,2.0,5.0
2025-26,2026-05-24,Fulham,HOME,fouls_committed,19,10.736842105263158,11.0,3.694471925325397,5.0,9.5,12.5,20.0
2025-26,2026-05-24,Fulham,HOME,fouls_suffered,19,10.263157894736842,10.0,4.356886060060658,4.0,6.5,13.0,21.0
2025-26,2026-05-24,Fulham,HOME,corners_for,19,5.526315789473684,6.0,2.796196246741705,1.0,3.0,7.0,11.0
2025-26,2026-05-24,Fulham,HOME,corners_against,19,5.684210526315789,6.0,2.789915004259835,1.0,4.0,7.0,11.0
2025-26,2026-05-24,Fulham,HOME,yellow_cards,19,1.894736842105263,2.0,1.4489358870144542,0.0,1.0,3.0,5.0
2025-26,2026-05-24,Fulham,HOME,yellow_cards_opponent,19,2.1052631578947367,2.0,1.3701069237311885,0.0,1.0,3.0,5.0
2025-26,2026-05-24,Fulham,HOME,shots_for,19,14.157894736842104,13.0,4.8564179517044685,5.0,12.0,17.0,24.0
2025-26,2026-05-24,Fulham,HOME,shots_against,19,10.421052631578947,10.0,3.202703536314354,4.0,9.0,12.5,16.0
2025-26,2026-05-24,Fulham,HOME,shots_on_target_for,19,4.0,4.0,1.855921454276674,0.0,3.0,6.0,6.0
2025-26,2026-05-24,Fulham,HOME,shots_on_target_against,19,3.263157894736842,3.0,1.5217718205053643,1.0,2.0,5.0,6.0
2025-26,2026-05-24,Fulham,HOME,goals_for,19,1.5789473684210527,1.0,1.1212983285105118,0.0,1.0,2.0,4.0
2025-26,2026-05-24,Fulham,HOME,goals_against,19,1.0526315789473684,1.0,1.177270110161938,0.0,0.0,1.0,5.0
2025-26,2026-05-24,Fulham,AWAY,fouls_committed,19,11.052631578947368,10.0,3.519369959563885,4.0,8.5,13.0,18.0
2025-26,2026-05-24,Fulham,AWAY,fouls_suffered,19,9.473684210526315,8.0,3.533465737340475,6.0,7.5,11.0,20.0
2025-26,2026-05-24,Fulham,AWAY,corners_for,19,4.368421052631579,4.0,1.8622127314863737,2.0,3.0,4.5,9.0
2025-26,2026-05-24,Fulham,AWAY,corners_against,19,5.368421052631579,5.0,2.165654284398173,2.0,4.0,6.5,10.0
2025-26,2026-05-24,Fulham,AWAY,yellow_cards,19,2.0526315789473686,2.0,1.4709665835968129,0.0,1.0,3.0,5.0
2025-26,2026-05-24,Fulham,AWAY,yellow_cards_opponent,19,1.2105263157894737,1.0,1.0841764600337107,0.0,0.0,2.0,3.0
2025-26,2026-05-24,Fulham,AWAY,shots_for,19,11.157894736842104,11.0,3.745562676832664,5.0,8.0,13.5,19.0
2025-26,2026-05-24,Fulham,AWAY,shots_against,19,13.157894736842104,13.0,2.713406180323028,9.0,11.0,14.0,18.0
2025-26,2026-05-24,Fulham,AWAY,shots_on_target_for,19,3.263157894736842,4.0,1.7269789055894336,0.0,2.5,4.0,6.0
2025-26,2026-05-24,Fulham,AWAY,shots_on_target_against,19,4.578947368421052,5.0,2.1164905300385093,2.0,2.5,6.0,9.0
2025-26,2026-05-24,Fulham,AWAY,goals_for,19,0.8947368421052632,1.0,0.9941348467724342,0.0,0.0,1.0,3.0
2025-26,2026-05-24,Fulham,AWAY,goals_against,19,1.631578947368421,2.0,1.065130472748108,0.0,1.0,2.5,3.0
2025-26,2026-05-24,Leeds,ALL,fouls_committed,38,10.473684210526315,10.0,3.046813506965998,5.0,9.0,12.0,18.0
2025-26,2026-05-24,Leeds,ALL,fouls_suffered,38,11.210526315789474,11.0,3.3219816191043474,6.0,9.0,12.0,20.0
2025-26,2026-05-24,Leeds,ALL,corners_for,38,4.421052631578948,4.0,2.2616853193230786,0.0,3.0,5.75,9.0
2025-26,2026-05-24,Leeds,ALL,corners_against,38,5.078947368421052,4.0,3.4748640179294776,0.0,3.0,7.75,14.0
2025-26,2026-05-24,Leeds,ALL,yellow_cards,38,1.631578947368421,1.0,1.2610817456749335,0.0,1.0,2.0,5.0
2025-26,2026-05-24,Leeds,ALL,yellow_cards_opponent,38,1.763157894736842,1.5,1.3642978696377674,0.0,1.0,3.0,5.0
2025-26,2026-05-24,Leeds,ALL,shots_for,38,12.578947368421053,14.0,4.940902526961936,3.0,10.0,16.75,21.0
2025-26,2026-05-24,Leeds,ALL,shots_against,38,12.526315789473685,14.0,4.808420778599589,3.0,8.25,16.0,20.0
2025-26,2026-05-24,Leeds,ALL,shots_on_target_for,38,3.973684210526316,4.0,1.867023098125233,1.0,3.0,5.0,8.0
2025-26,2026-05-24,Leeds,ALL,shots_on_target_against,38,4.2631578947368425,3.0,2.5435048231144086,0.0,2.25,6.0,9.0
2025-26,2026-05-24,Leeds,ALL,goals_for,38,1.2894736842105263,1.0,1.1833962745133202,0.0,0.0,2.0,4.0
2025-26,2026-05-24,Leeds,ALL,goals_against,38,1.4736842105263157,1.0,1.2678315623752097,0.0,1.0,2.0,5.0
2025-26,2026-05-24,Leeds,HOME,fouls_committed,19,10.105263157894736,10.0,3.281170808011224,5.0,9.0,12.0,18.0
2025-26,2026-05-24,Leeds,HOME,fouls_suffered,19,11.68421052631579,11.0,3.4165062007675386,7.0,9.0,13.5,19.0
2025-26,2026-05-24,Leeds,HOME,corners_for,19,5.578947368421052,5.0,1.7421503147829254,3.0,4.5,7.0,9.0
2025-26,2026-05-24,Leeds,HOME,corners_against,19,4.2105263157894735,4.0,3.02909864423251,0.0,2.0,5.0,12.0
2025-26,2026-05-24,Leeds,HOME,yellow_cards,19,1.631578947368421,1.0,1.3420765964144055,0.0,1.0,2.0,5.0
2025-26,2026-05-24,Leeds,HOME,yellow_cards_opponent,19,1.9473684210526316,2.0,1.3112201362143716,0.0,1.0,3.0,5.0
2025-26,2026-05-24,Leeds,HOME,shots_for,19,14.31578947368421,14.0,4.485193314042048,3.0,12.5,17.5,21.0
2025-26,2026-05-24,Leeds,HOME,shots_against,19,11.0,9.0,4.2295258468165065,3.0,8.0,14.0,19.0
2025-26,2026-05-24,Leeds,HOME,shots_on_target_for,19,4.368421052631579,5.0,2.2163665540145625,1.0,3.0,5.0,8.0
2025-26,2026-05-24,Leeds,HOME,shots_on_target_against,19,3.526315789473684,3.0,2.2941573387056176,1.0,2.0,5.0,8.0
2025-26,2026-05-24,Leeds,HOME,goals_for,19,1.5263157894736843,1.0,1.3067525929498998,0.0,0.5,3.0,4.0
2025-26,2026-05-24,Leeds,HOME,goals_against,19,1.105263157894737,1.0,1.1002392084403616,0.0,0.0,1.5,4.0
2025-26,2026-05-24,Leeds,AWAY,fouls_committed,19,10.842105263157896,11.0,2.833591319524019,7.0,9.0,13.0,16.0
2025-26,2026-05-24,Leeds,AWAY,fouls_suffered,19,10.736842105263158,10.0,3.246230382444603,6.0,9.0,11.5,20.0
2025-26,2026-05-24,Leeds,AWAY,corners_for,19,3.263157894736842,3.0,2.1561824614390925,0.0,2.0,4.0,9.0
2025-26,2026-05-24,Leeds,AWAY,corners_against,19,5.947368421052632,6.0,3.7486839796050253,0.0,3.5,8.0,14.0
2025-26,2026-05-24,Leeds,AWAY,yellow_cards,19,1.631578947368421,1.0,1.2115429242540032,0.0,1.0,2.0,4.0
2025-26,2026-05-24,Leeds,AWAY,yellow_cards_opponent,19,1.5789473684210527,1.0,1.4265650070355174,0.0,0.0,3.0,4.0
2025-26,2026-05-24,Leeds,AWAY,shots_for,19,10.842105263157896,10.0,4.867844125765383,3.0,7.5,14.0,19.0
2025-26,2026-05-24,Leeds,AWAY,shots_against,19,14.052631578947368,16.0,4.971850585608345,4.0,11.0,18.0,20.0
2025-26,2026-05-24,Leeds,AWAY,shots_on_target_for,19,3.5789473684210527,4.0,1.3870748387117167,1.0,3.0,4.0,6.0
2025-26,2026-05-24,Leeds,AWAY,shots_on_target_against,19,5.0,4.0,2.6246692913372702,0.0,3.0,7.0,9.0
2025-26,2026-05-24,Leeds,AWAY,goals_for,19,1.0526315789473684,1.0,1.0259783520851542,0.0,0.0,2.0,3.0
2025-26,2026-05-24,Leeds,AWAY,goals_against,19,1.8421052631578947,1.0,1.344253526630914,0.0,1.0,3.0,5.0
2025-26,2026-05-24,Liverpool,ALL,fouls_committed,38,10.078947368421053,10.0,2.8320709540982447,4.0,8.0,11.75,17.0
2025-26,2026-05-24,Liverpool,ALL,fouls_suffered,38,10.631578947368421,10.0,3.044010979768341,4.0,9.0,12.75,17.0
2025-26,2026-05-24,Liverpool,ALL,corners_for,38,6.105263157894737,6.0,3.4702556466635954,0.0,3.25,8.0,14.0
2025-26,2026-05-24,Liverpool,ALL,corners_against,38,4.394736842105263,4.0,2.4333213169614383,1.0,3.0,6.75,11.0
2025-26,2026-05-24,Liverpool,ALL,yellow_cards,38,1.5,1.5,1.202474925287819,0.0,1.0,2.0,5.0
2025-26,2026-05-24,Liverpool,ALL,yellow_cards_opponent,38,1.9736842105263157,2.0,1.1965455256191004,0.0,1.0,3.0,5.0
2025-26,2026-05-24,Liverpool,ALL,shots_for,38,15.473684210526315,16.0,5.962662393302233,5.0,10.25,19.0,32.0
2025-26,2026-05-24,Liverpool,ALL,shots_against,38,11.447368421052632,11.0,4.058340550367798,3.0,9.0,14.0,19.0
2025-26,2026-05-24,Liverpool,ALL,shots_on_target_for,38,4.605263157894737,4.0,2.175284680769338,0.0,4.0,5.0,11.0
2025-26,2026-05-24,Liverpool,ALL,shots_on_target_against,38,4.026315789473684,4.0,2.353684197802925,0.0,2.0,6.0,9.0
2025-26,2026-05-24,Liverpool,ALL,goals_for,38,1.6578947368421053,1.5,1.1216858882340646,0.0,1.0,2.0,5.0
2025-26,2026-05-24,Liverpool,ALL,goals_against,38,1.394736842105263,1.0,1.1280088576470926,0.0,0.25,2.0,4.0
2025-26,2026-05-24,Liverpool,HOME,fouls_committed,19,9.894736842105264,10.0,2.726306757870746,5.0,8.0,11.0,17.0
2025-26,2026-05-24,Liverpool,HOME,fouls_suffered,19,10.578947368421053,10.0,3.4851397146182466,4.0,8.5,13.0,17.0
2025-26,2026-05-24,Liverpool,HOME,corners_for,19,6.2631578947368425,6.0,3.070325810853845,1.0,5.0,8.0,14.0
2025-26,2026-05-24,Liverpool,HOME,corners_against,19,4.7894736842105265,4.0,2.6993609813439807,1.0,3.0,6.5,11.0
2025-26,2026-05-24,Liverpool,HOME,yellow_cards,19,1.1578947368421053,1.0,0.8342100651206134,0.0,0.5,2.0,2.0
2025-26,2026-05-24,Liverpool,HOME,yellow_cards_opponent,19,2.0526315789473686,2.0,1.223550580642996,0.0,1.5,3.0,4.0
2025-26,2026-05-24,Liverpool,HOME,shots_for,19,17.210526315789473,18.0,5.769449688454033,8.0,14.5,19.0,32.0
2025-26,2026-05-24,Liverpool,HOME,shots_against,19,11.0,11.0,3.7416573867739413,4.0,9.0,13.5,19.0
2025-26,2026-05-24,Liverpool,HOME,shots_on_target_for,19,5.157894736842105,4.0,2.386609819963988,3.0,4.0,6.5,11.0
2025-26,2026-05-24,Liverpool,HOME,shots_on_target_against,19,3.6842105263157894,3.0,2.1616000138515545,1.0,2.0,5.0,7.0
2025-26,2026-05-24,Liverpool,HOME,goals_for,19,1.7894736842105263,1.0,1.357241785076592,0.0,1.0,2.0,5.0
2025-26,2026-05-24,Liverpool,HOME,goals_against,19,1.0526315789473684,1.0,0.8481145238787243,0.0,0.5,1.5,3.0
2025-26,2026-05-24,Liverpool,AWAY,fouls_committed,19,10.263157894736842,10.0,2.9970745970614208,4.0,8.5,12.5,15.0
2025-26,2026-05-24,Liverpool,AWAY,fouls_suffered,19,10.68421052631579,10.0,2.6257830912139837,7.0,9.0,12.0,17.0
2025-26,2026-05-24,Liverpool,AWAY,corners_for,19,5.947368421052632,6.0,3.9083057456101855,0.0,2.0,8.5,13.0
2025-26,2026-05-24,Liverpool,AWAY,corners_against,19,4.0,3.0,2.1343747458109497,1.0,2.5,6.0,7.0
2025-26,2026-05-24,Liverpool,AWAY,yellow_cards,19,1.8421052631578947,2.0,1.4245138700910818,0.0,1.0,3.0,5.0
2025-26,2026-05-24,Liverpool,AWAY,yellow_cards_opponent,19,1.894736842105263,2.0,1.1969747440993466,0.0,1.0,2.5,5.0
2025-26,2026-05-24,Liverpool,AWAY,shots_for,19,13.736842105263158,13.0,5.7816001751068296,5.0,9.5,17.0,27.0
2025-26,2026-05-24,Liverpool,AWAY,shots_against,19,11.894736842105264,12.0,4.408259127820379,3.0,9.5,15.5,18.0
2025-26,2026-05-24,Liverpool,AWAY,shots_on_target_for,19,4.052631578947368,4.0,1.8400991582740052,0.0,3.5,5.0,7.0
2025-26,2026-05-24,Liverpool,AWAY,shots_on_target_against,19,4.368421052631579,4.0,2.5431941053151923,0.0,2.5,6.0,9.0
2025-26,2026-05-24,Liverpool,AWAY,goals_for,19,1.5263157894736843,2.0,0.8411910241920598,0.0,1.0,2.0,3.0
2025-26,2026-05-24,Liverpool,AWAY,goals_against,19,1.736842105263158,2.0,1.2841817655680772,0.0,0.5,3.0,4.0
2025-26,2026-05-24,Manchester City,ALL,fouls_committed,38,9.657894736842104,8.0,3.6707486222948664,5.0,7.0,12.0,17.0
2025-26,2026-05-24,Manchester City,ALL,fouls_suffered,38,11.236842105263158,11.0,3.148866896385461,4.0,9.25,14.0,16.0
2025-26,2026-05-24,Manchester City,ALL,corners_for,38,6.5,6.0,3.2026171729941053,2.0,4.0,9.0,15.0
2025-26,2026-05-24,Manchester City,ALL,corners_against,38,3.8157894736842106,4.0,2.141674807599843,0.0,2.0,5.0,11.0
2025-26,2026-05-24,Manchester City,ALL,yellow_cards,38,1.763157894736842,2.0,1.2177562558737984,0.0,1.0,2.75,4.0
2025-26,2026-05-24,Manchester City,ALL,yellow_cards_opponent,38,2.0526315789473686,2.0,1.5057972373652766,0.0,1.0,3.0,6.0
2025-26,2026-05-24,Manchester City,ALL,shots_for,38,15.657894736842104,15.0,4.900503646424538,5.0,13.25,18.0,28.0
2025-26,2026-05-24,Manchester City,ALL,shots_against,38,9.710526315789474,9.0,3.2291568202177845,1.0,8.0,12.0,16.0
2025-26,2026-05-24,Manchester City,ALL,shots_on_target_for,38,5.394736842105263,5.0,2.047272063466216,1.0,4.0,7.0,10.0
2025-26,2026-05-24,Manchester City,ALL,shots_on_target_against,38,3.3421052631578947,3.0,1.8494165009606693,1.0,2.0,4.75,7.0
2025-26,2026-05-24,Manchester City,ALL,goals_for,38,2.026315789473684,2.0,1.2837201451622178,0.0,1.0,3.0,5.0
2025-26,2026-05-24,Manchester City,ALL,goals_against,38,0.9210526315789473,1.0,0.9967942927304083,0.0,0.0,1.75,4.0
2025-26,2026-05-24,Manchester City,HOME,fouls_committed,19,9.842105263157896,8.0,3.6857557327687123,5.0,8.0,12.0,17.0
2025-26,2026-05-24,Manchester City,HOME,fouls_suffered,19,10.947368421052632,11.0,3.341218743222072,4.0,9.0,14.0,16.0
2025-26,2026-05-24,Manchester City,HOME,corners_for,19,7.157894736842105,7.0,2.409775413572736,2.0,6.0,9.0,11.0
2025-26,2026-05-24,Manchester City,HOME,corners_against,19,3.3157894736842106,4.0,1.8574962712373928,0.0,2.0,4.5,7.0
2025-26,2026-05-24,Manchester City,HOME,yellow_cards,19,1.5263157894736843,1.0,1.2635233389495326,0.0,1.0,2.0,4.0
2025-26,2026-05-24,Manchester City,HOME,yellow_cards_opponent,19,2.3684210526315788,2.0,1.706540565516796,0.0,1.0,3.5,6.0
2025-26,2026-05-24,Manchester City,HOME,shots_for,19,16.42105263157895,15.0,3.8918117670834693,10.0,14.0,18.5,25.0
2025-26,2026-05-24,Manchester City,HOME,shots_against,19,8.894736842105264,9.0,2.806633745691828,4.0,7.0,11.5,14.0
2025-26,2026-05-24,Manchester City,HOME,shots_on_target_for,19,6.105263157894737,6.0,1.9970738828514212,3.0,4.5,7.5,10.0
2025-26,2026-05-24,Manchester City,HOME,shots_on_target_against,19,3.0,3.0,1.6666666666666667,1.0,2.0,4.0,7.0
2025-26,2026-05-24,Manchester City,HOME,goals_for,19,2.3684210526315788,3.0,1.1160708020048367,0.0,2.0,3.0,5.0
2025-26,2026-05-24,Manchester City,HOME,goals_against,19,0.7368421052631579,1.0,0.805681579172283,0.0,0.0,1.0,2.0
2025-26,2026-05-24,Manchester City,AWAY,fouls_committed,19,9.473684210526315,8.0,3.7471236532191754,5.0,6.5,12.5,16.0
2025-26,2026-05-24,Manchester City,AWAY,fouls_suffered,19,11.526315789473685,11.0,3.0068148716731162,5.0,9.5,13.5,16.0
2025-26,2026-05-24,Manchester City,AWAY,corners_for,19,5.842105263157895,5.0,3.7897985565746373,2.0,2.5,7.5,15.0
2025-26,2026-05-24,Manchester City,AWAY,corners_against,19,4.315789473684211,4.0,2.3345861298441783,1.0,3.0,5.0,11.0
2025-26,2026-05-24,Manchester City,AWAY,yellow_cards,19,2.0,2.0,1.1547005383792515,0.0,1.0,3.0,4.0
2025-26,2026-05-24,Manchester City,AWAY,yellow_cards_opponent,19,1.736842105263158,2.0,1.2401659953032227,0.0,1.0,2.5,4.0
2025-26,2026-05-24,Manchester City,AWAY,shots_for,19,14.894736842105264,15.0,5.743544558333926,5.0,11.5,17.5,28.0
2025-26,2026-05-24,Manchester City,AWAY,shots_against,19,10.526315789473685,11.0,3.485978597700469,1.0,9.0,12.0,16.0
2025-26,2026-05-24,Manchester City,AWAY,shots_on_target_for,19,4.684210526315789,4.0,1.8871681188415432,1.0,4.0,5.5,9.0
2025-26,2026-05-24,Manchester City,AWAY,shots_on_target_against,19,3.6842105263157894,3.0,2.001461454341895,1.0,2.0,5.5,7.0
2025-26,2026-05-24,Manchester City,AWAY,goals_for,19,1.6842105263157894,1.0,1.3764944032233706,0.0,1.0,2.5,5.0
2025-26,2026-05-24,Manchester City,AWAY,goals_against,19,1.105263157894737,1.0,1.1496249070460263,0.0,0.0,2.0,4.0
2025-26,2026-05-24,Manchester United,ALL,fouls_committed,38,10.289473684210526,10.0,2.940011902318637,4.0,8.25,12.75,16.0
2025-26,2026-05-24,Manchester United,ALL,fouls_suffered,38,10.894736842105264,11.0,3.0205554678372732,5.0,9.0,12.0,19.0
2025-26,2026-05-24,Manchester United,ALL,corners_for,38,4.7894736842105265,4.5,2.5801518364795437,1.0,3.0,7.0,11.0
2025-26,2026-05-24,Manchester United,ALL,corners_against,38,4.894736842105263,5.0,2.8738285386252236,0.0,2.25,6.75,11.0
2025-26,2026-05-24,Manchester United,ALL,yellow_cards,38,1.631578947368421,2.0,0.9130007735581503,0.0,1.0,2.0,3.0
2025-26,2026-05-24,Manchester United,ALL,yellow_cards_opponent,38,1.9736842105263157,2.0,1.4234871932945812,0.0,1.0,2.75,5.0
2025-26,2026-05-24,Manchester United,ALL,shots_for,38,15.68421052631579,14.0,6.393008271955512,4.0,11.0,19.5,30.0
2025-26,2026-05-24,Manchester United,ALL,shots_against,38,11.605263157894736,12.0,4.003643433135256,3.0,8.25,14.0,21.0
2025-26,2026-05-24,Manchester United,ALL,shots_on_target_for,38,5.684210526315789,6.0,2.6314651468992825,1.0,4.0,7.0,11.0
2025-26,2026-05-24,Manchester United,ALL,shots_on_target_against,38,3.710526315789474,3.5,1.8440246046438769,1.0,3.0,4.75,9.0
2025-26,2026-05-24,Manchester United,ALL,goals_for,38,1.8157894736842106,2.0,1.1114943230428451,0.0,1.0,2.75,4.0
2025-26,2026-05-24,Manchester United,ALL,goals_against,38,1.3157894736842106,1.0,0.9615658164398636,0.0,1.0,2.0,4.0
2025-26,2026-05-24,Manchester United,HOME,fouls_committed,19,10.473684210526315,11.0,2.835654364078002,4.0,9.0,12.5,15.0
2025-26,2026-05-24,Manchester United,HOME,fouls_suffered,19,10.473684210526315,11.0,3.5647724105728384,5.0,9.0,12.0,19.0
2025-26,2026-05-24,Manchester United,HOME,corners_for,19,5.2631578947368425,6.0,2.825324077048663,1.0,3.0,7.0,11.0
2025-26,2026-05-24,Manchester United,HOME,corners_against,19,4.473684210526316,4.0,2.776256893585549,0.0,2.5,6.0,11.0
2025-26,2026-05-24,Manchester United,HOME,yellow_cards,19,1.6842105263157894,2.0,0.8200698871944031,0.0,1.0,2.0,3.0
2025-26,2026-05-24,Manchester United,HOME,yellow_cards_opponent,19,2.473684210526316,2.0,1.3891812557774847,0.0,2.0,3.5,5.0
2025-26,2026-05-24,Manchester United,HOME,shots_for,19,17.894736842105264,17.0,5.848976518656018,10.0,13.0,22.5,29.0
2025-26,2026-05-24,Manchester United,HOME,shots_against,19,10.31578947368421,11.0,3.902316001484067,3.0,7.5,13.5,17.0
2025-26,2026-05-24,Manchester United,HOME,shots_on_target_for,19,6.842105263157895,6.0,2.007296631313337,4.0,6.0,8.5,11.0
2025-26,2026-05-24,Manchester United,HOME,shots_on_target_against,19,3.526315789473684,3.0,2.064741604835056,1.0,2.5,4.5,9.0
2025-26,2026-05-24,Manchester United,HOME,goals_for,19,2.0526315789473686,2.0,1.177270110161938,0.0,1.0,3.0,4.0
2025-26,2026-05-24,Manchester United,HOME,goals_against,19,1.263157894736842,1.0,0.9911892555667042,0.0,1.0,2.0,4.0
2025-26,2026-05-24,Manchester United,AWAY,fouls_committed,19,10.105263157894736,9.0,3.1072448825662127,4.0,8.0,12.5,16.0
2025-26,2026-05-24,Manchester United,AWAY,fouls_suffered,19,11.31578947368421,11.0,2.381704141971257,8.0,10.0,12.0,17.0
2025-26,2026-05-24,Manchester United,AWAY,corners_for,19,4.315789473684211,4.0,2.286497359595807,1.0,3.0,5.5,9.0
2025-26,2026-05-24,Manchester United,AWAY,corners_against,19,5.315789473684211,5.0,2.982404540317303,0.0,3.0,7.5,10.0
2025-26,2026-05-24,Manchester United,AWAY,yellow_cards,19,1.5789473684210527,2.0,1.0173926082384548,0.0,1.0,2.0,3.0
2025-26,2026-05-24,Manchester United,AWAY,yellow_cards_opponent,19,1.4736842105263157,1.0,1.3067525929498998,0.0,0.5,2.0,5.0
2025-26,2026-05-24,Manchester United,AWAY,shots_for,19,13.473684210526315,12.0,6.28373934190137,4.0,10.5,14.5,30.0
2025-26,2026-05-24,Manchester United,AWAY,shots_against,19,12.894736842105264,13.0,3.7696851746252595,7.0,10.5,15.0,21.0
2025-26,2026-05-24,Manchester United,AWAY,shots_on_target_for,19,4.526315789473684,4.0,2.7155605325324554,1.0,2.5,6.0,10.0
2025-26,2026-05-24,Manchester United,AWAY,shots_on_target_against,19,3.8947368421052633,4.0,1.6294081011931658,1.0,3.0,4.5,8.0
2025-26,2026-05-24,Manchester United,AWAY,goals_for,19,1.5789473684210527,1.0,1.0173926082384548,0.0,1.0,2.0,4.0
2025-26,2026-05-24,Manchester United,AWAY,goals_against,19,1.368421052631579,1.0,0.9551338658818386,0.0,1.0,2.0,3.0
2025-26,2026-05-24,Newcastle United,ALL,fouls_committed,38,10.157894736842104,10.0,3.341195091171548,3.0,8.0,12.75,17.0
2025-26,2026-05-24,Newcastle United,ALL,fouls_suffered,38,11.947368421052632,12.0,3.6163844003185988,4.0,9.25,14.75,19.0
2025-26,2026-05-24,Newcastle United,ALL,corners_for,38,6.078947368421052,6.0,3.0525273440780567,1.0,4.0,8.0,12.0
2025-26,2026-05-24,Newcastle United,ALL,corners_against,38,4.921052631578948,4.5,2.7448386842509445,1.0,3.0,7.0,12.0
2025-26,2026-05-24,Newcastle United,ALL,yellow_cards,38,1.6578947368421053,2.0,1.1216858882340646,0.0,1.0,2.0,5.0
2025-26,2026-05-24,Newcastle United,ALL,yellow_cards_opponent,38,2.3947368421052633,2.0,1.4053848887877662,0.0,2.0,3.0,6.0
2025-26,2026-05-24,Newcastle United,ALL,shots_for,38,12.947368421052632,13.0,4.4657699219432,4.0,9.25,16.0,21.0
2025-26,2026-05-24,Newcastle United,ALL,shots_against,38,12.368421052631579,12.5,4.492763265949936,3.0,10.0,15.0,22.0
2025-26,2026-05-24,Newcastle United,ALL,shots_on_target_for,38,4.631578947368421,4.0,2.259168139556693,1.0,3.0,7.0,9.0
2025-26,2026-05-24,Newcastle United,ALL,shots_on_target_against,38,4.421052631578948,4.0,2.113426562479257,1.0,3.0,6.0,9.0
2025-26,2026-05-24,Newcastle United,ALL,goals_for,38,1.394736842105263,1.0,1.1037888968803067,0.0,1.0,2.0,4.0
2025-26,2026-05-24,Newcastle United,ALL,goals_against,38,1.4473684210526316,1.0,1.0829730954471144,0.0,1.0,2.0,4.0
2025-26,2026-05-24,Newcastle United,HOME,fouls_committed,19,10.842105263157896,11.0,3.5786893611851323,5.0,8.0,13.5,17.0
2025-26,2026-05-24,Newcastle United,HOME,fouls_suffered,19,13.052631578947368,12.0,3.4876557585373127,7.0,11.0,15.5,19.0
2025-26,2026-05-24,Newcastle United,HOME,corners_for,19,6.7894736842105265,7.0,2.7198641176929135,2.0,5.5,9.0,11.0
2025-26,2026-05-24,Newcastle United,HOME,corners_against,19,4.947368421052632,4.0,3.239919138403274,1.0,3.0,7.0,12.0
2025-26,2026-05-24,Newcastle United,HOME,yellow_cards,19,1.5263157894736843,2.0,0.964274111134126,0.0,1.0,2.0,3.0
2025-26,2026-05-24,Newcastle United,HOME,yellow_cards_opponent,19,3.1052631578947367,3.0,1.2864566686188532,1.0,2.0,3.5,6.0
2025-26,2026-05-24,Newcastle United,HOME,shots_for,19,14.31578947368421,15.0,3.350831266333564,8.0,12.0,17.0,19.0
2025-26,2026-05-24,Newcastle United,HOME,shots_against,19,11.947368421052632,12.0,3.9926833668394313,5.0,9.0,14.0,20.0
2025-26,2026-05-24,Newcastle United,HOME,shots_on_target_for,19,5.526315789473684,5.0,1.8369183449048443,3.0,4.0,7.0,9.0
2025-26,2026-05-24,Newcastle United,HOME,shots_on_target_against,19,4.631578947368421,4.0,1.9209524927837658,1.0,3.5,5.5,8.0
2025-26,2026-05-24,Newcastle United,HOME,goals_for,19,1.894736842105263,2.0,0.8752610304046612,0.0,1.5,2.0,4.0
2025-26,2026-05-24,Newcastle United,HOME,goals_against,19,1.5789473684210527,2.0,1.0173926082384546,0.0,1.0,2.0,3.0
2025-26,2026-05-24,Newcastle United,AWAY,fouls_committed,19,9.473684210526315,10.0,3.0252349964301497,3.0,7.5,11.0,15.0
2025-26,2026-05-24,Newcastle United,AWAY,fouls_suffered,19,10.842105263157896,10.0,3.4843006295658503,4.0,9.0,13.0,17.0
2025-26,2026-05-24,Newcastle United,AWAY,corners_for,19,5.368421052631579,5.0,3.269565487879416,1.0,3.0,6.5,12.0
2025-26,2026-05-24,Newcastle United,AWAY,corners_against,19,4.894736842105263,5.0,2.233451162118225,2.0,3.0,7.0,8.0
2025-26,2026-05-24,Newcastle United,AWAY,yellow_cards,19,1.7894736842105263,2.0,1.2727462594467416,0.0,1.0,2.0,5.0
2025-26,2026-05-24,Newcastle United,AWAY,yellow_cards_opponent,19,1.6842105263157894,2.0,1.1572300058975777,0.0,1.0,2.0,5.0
2025-26,2026-05-24,Newcastle United,AWAY,shots_for,19,11.578947368421053,12.0,5.080636327968773,4.0,7.0,16.0,21.0
2025-26,2026-05-24,Newcastle United,AWAY,shots_against,19,12.789473684210526,13.0,5.017513188472077,3.0,10.0,15.5,22.0
2025-26,2026-05-24,Newcastle United,AWAY,shots_on_target_for,19,3.736842105263158,3.0,2.329570901431275,1.0,2.0,5.0,9.0
2025-26,2026-05-24,Newcastle United,AWAY,shots_on_target_against,19,4.2105263157894735,4.0,2.3232866415303666,1.0,2.0,6.0,9.0
2025-26,2026-05-24,Newcastle United,AWAY,goals_for,19,0.8947368421052632,1.0,1.1002392084403616,0.0,0.0,1.0,4.0
2025-26,2026-05-24,Newcastle United,AWAY,goals_against,19,1.3157894736842106,1.0,1.1572300058975777,0.0,0.5,2.0,4.0
2025-26,2026-05-24,Nottingham Forest,ALL,fouls_committed,38,10.710526315789474,11.0,3.3844468967005614,4.0,8.25,13.0,20.0
2025-26,2026-05-24,Nottingham Forest,ALL,fouls_suffered,38,11.473684210526315,11.0,3.236087411585112,5.0,10.0,13.0,19.0
2025-26,2026-05-24,Nottingham Forest,ALL,corners_for,38,5.2368421052631575,5.0,2.3299949022832043,1.0,4.0,6.75,10.0
2025-26,2026-05-24,Nottingham Forest,ALL,corners_against,38,4.815789473684211,4.0,2.689873534231019,1.0,3.0,6.0,13.0
2025-26,2026-05-24,Nottingham Forest,ALL,yellow_cards,38,1.5789473684210527,1.0,1.30759897454691,0.0,1.0,2.0,5.0
2025-26,2026-05-24,Nottingham Forest,ALL,yellow_cards_opponent,38,1.736842105263158,2.0,1.200995319799054,0.0,1.0,2.75,5.0
2025-26,2026-05-24,Nottingham Forest,ALL,shots_for,38,12.526315789473685,11.0,5.7925247359420675,5.0,9.0,15.0,35.0
2025-26,2026-05-24,Nottingham Forest,ALL,shots_against,38,13.289473684210526,13.5,5.087918359114903,4.0,10.25,16.0,29.0
2025-26,2026-05-24,Nottingham Forest,ALL,shots_on_target_for,38,4.105263157894737,4.0,2.1659461908942284,0.0,2.25,6.0,10.0
2025-26,2026-05-24,Nottingham Forest,ALL,shots_on_target_against,38,4.2631578947368425,4.0,2.1012764528143855,0.0,3.0,5.0,9.0
2025-26,2026-05-24,Nottingham Forest,ALL,goals_for,38,1.263157894736842,1.0,1.329177972471541,0.0,0.0,2.0,5.0
2025-26,2026-05-24,Nottingham Forest,ALL,goals_against,38,1.3421052631578947,1.0,1.0469083387294613,0.0,1.0,2.0,3.0
2025-26,2026-05-24,Nottingham Forest,HOME,fouls_committed,19,10.31578947368421,11.0,3.19813542168536,4.0,8.0,12.5,16.0
2025-26,2026-05-24,Nottingham Forest,HOME,fouls_suffered,19,10.736842105263158,11.0,2.9409391029087195,6.0,9.0,13.0,16.0
2025-26,2026-05-24,Nottingham Forest,HOME,corners_for,19,6.0,6.0,2.0548046676563256,2.0,5.0,7.5,9.0
2025-26,2026-05-24,Nottingham Forest,HOME,corners_against,19,3.8947368421052633,4.0,2.078854835456431,1.0,2.0,5.0,9.0
2025-26,2026-05-24,Nottingham Forest,HOME,yellow_cards,19,1.263157894736842,1.0,0.9911892555667042,0.0,1.0,2.0,4.0
2025-26,2026-05-24,Nottingham Forest,HOME,yellow_cards_opponent,19,1.4736842105263157,2.0,1.020262550775348,0.0,1.0,2.0,3.0
2025-26,2026-05-24,Nottingham Forest,HOME,shots_for,19,15.0,15.0,6.591239977761729,6.0,11.0,17.5,35.0
2025-26,2026-05-24,Nottingham Forest,HOME,shots_against,19,12.0,12.0,4.371625682868,4.0,10.0,16.0,18.0
2025-26,2026-05-24,Nottingham Forest,HOME,shots_on_target_for,19,4.0,4.0,2.3804761428476167,0.0,2.0,6.0,10.0
2025-26,2026-05-24,Nottingham Forest,HOME,shots_on_target_against,19,4.0,3.0,2.0,0.0,3.0,5.5,8.0
2025-26,2026-05-24,Nottingham Forest,HOME,goals_for,19,1.0526315789473684,1.0,1.3112201362143716,0.0,0.0,1.5,4.0
2025-26,2026-05-24,Nottingham Forest,HOME,goals_against,19,1.2105263157894737,1.0,0.9176629354822471,0.0,1.0,2.0,3.0
2025-26,2026-05-24,Nottingham Forest,AWAY,fouls_committed,19,11.105263157894736,11.0,3.6039289800948144,5.0,9.0,13.0,20.0
2025-26,2026-05-24,Nottingham Forest,AWAY,fouls_suffered,19,12.210526315789474,12.0,3.4250538903857826,5.0,10.5,14.0,19.0
2025-26,2026-05-24,Nottingham Forest,AWAY,corners_for,19,4.473684210526316,4.0,2.3890588814805898,1.0,3.0,5.5,10.0
2025-26,2026-05-24,Nottingham Forest,AWAY,corners_against,19,5.7368421052631575,6.0,2.959769233931702,1.0,4.0,7.5,13.0
2025-26,2026-05-24,Nottingham Forest,AWAY,yellow_cards,19,1.894736842105263,1.0,1.5236920380774408,0.0,1.0,3.0,5.0
2025-26,2026-05-24,Nottingham Forest,AWAY,yellow_cards_opponent,19,2.0,2.0,1.3333333333333333,0.0,1.0,3.0,5.0
2025-26,2026-05-24,Nottingham Forest,AWAY,shots_for,19,10.052631578947368,10.0,3.5508009145125166,5.0,7.5,12.5,17.0
2025-26,2026-05-24,Nottingham Forest,AWAY,shots_against,19,14.578947368421053,14.0,5.530880876935771,5.0,11.0,17.0,29.0
2025-26,2026-05-24,Nottingham Forest,AWAY,shots_on_target_for,19,4.2105263157894735,4.0,1.9882696935448685,1.0,3.0,5.5,8.0
2025-26,2026-05-24,Nottingham Forest,AWAY,shots_on_target_against,19,4.526315789473684,5.0,2.2203208239809644,1.0,3.5,5.0,9.0
2025-26,2026-05-24,Nottingham Forest,AWAY,goals_for,19,1.4736842105263157,1.0,1.3485968449808852,0.0,0.5,2.0,5.0
2025-26,2026-05-24,Nottingham Forest,AWAY,goals_against,19,1.4736842105263157,1.0,1.1722922015640782,0.0,0.5,2.5,3.0
2025-26,2026-05-24,Sunderland,ALL,fouls_committed,38,10.710526315789474,11.0,3.6900735709126753,5.0,8.0,13.0,19.0
2025-26,2026-05-24,Sunderland,ALL,fouls_suffered,38,11.368421052631579,11.0,2.7155314310569714,5.0,10.0,13.0,18.0
2025-26,2026-05-24,Sunderland,ALL,corners_for,38,3.710526315789474,3.0,1.5923447734919536,1.0,3.0,5.0,7.0
2025-26,2026-05-24,Sunderland,ALL,corners_against,38,5.2894736842105265,5.0,2.4374099538388174,1.0,3.0,7.0,11.0
2025-26,2026-05-24,Sunderland,ALL,yellow_cards,38,2.1052631578947367,2.0,1.5208367839682335,0.0,1.0,3.0,6.0
2025-26,2026-05-24,Sunderland,ALL,yellow_cards_opponent,38,1.868421052631579,1.5,1.3982818149927443,0.0,1.0,3.0,5.0
2025-26,2026-05-24,Sunderland,ALL,shots_for,38,10.394736842105264,10.0,3.8099405803993247,3.0,8.0,13.0,20.0
2025-26,2026-05-24,Sunderland,ALL,shots_against,38,14.263157894736842,14.5,5.038683925800981,5.0,11.0,17.75,24.0
2025-26,2026-05-24,Sunderland,ALL,shots_on_target_for,38,3.3157894736842106,3.0,1.8024797207375138,0.0,2.0,4.0,7.0
2025-26,2026-05-24,Sunderland,ALL,shots_on_target_against,38,4.394736842105263,4.0,1.9107020597959998,0.0,3.25,6.0,7.0
2025-26,2026-05-24,Sunderland,ALL,goals_for,38,1.105263157894737,1.0,1.034263641547742,0.0,0.0,2.0,3.0
2025-26,2026-05-24,Sunderland,ALL,goals_against,38,1.263157894736842,1.0,1.2451898916580313,0.0,0.0,2.0,5.0
2025-26,2026-05-24,Sunderland,HOME,fouls_committed,19,10.31578947368421,10.0,3.074132787903089,5.0,8.0,13.0,15.0
2025-26,2026-05-24,Sunderland,HOME,fouls_suffered,19,11.842105263157896,12.0,2.8139169595016056,6.0,10.0,13.0,18.0
2025-26,2026-05-24,Sunderland,HOME,corners_for,19,4.052631578947368,3.0,1.8995228702237106,1.0,3.0,6.0,7.0
2025-26,2026-05-24,Sunderland,HOME,corners_against,19,5.0,5.0,2.6457513110645907,1.0,3.0,6.5,11.0
2025-26,2026-05-24,Sunderland,HOME,yellow_cards,19,1.9473684210526316,2.0,1.5082618476808296,0.0,1.0,3.0,5.0
2025-26,2026-05-24,Sunderland,HOME,yellow_cards_opponent,19,2.1052631578947367,2.0,1.5949481650269413,0.0,1.0,3.0,5.0
2025-26,2026-05-24,Sunderland,HOME,shots_for,19,12.0,12.0,3.6666666666666665,5.0,10.0,14.0,20.0
2025-26,2026-05-24,Sunderland,HOME,shots_against,19,11.947368421052632,12.0,4.707838430751259,5.0,9.0,15.0,23.0
2025-26,2026-05-24,Sunderland,HOME,shots_on_target_for,19,3.4210526315789473,3.0,1.5746530296362722,1.0,2.0,4.0,7.0
2025-26,2026-05-24,Sunderland,HOME,shots_on_target_against,19,3.5789473684210527,4.0,2.090076805438398,0.0,2.0,5.0,7.0
2025-26,2026-05-24,Sunderland,HOME,goals_for,19,1.3157894736842106,1.0,1.0568628408301077,0.0,0.5,2.0,3.0
2025-26,2026-05-24,Sunderland,HOME,goals_against,19,1.0526315789473684,1.0,1.2681431837544703,0.0,0.0,1.0,5.0
2025-26,2026-05-24,Sunderland,AWAY,fouls_committed,19,11.105263157894736,11.0,4.26737932644726,5.0,8.0,13.0,19.0
2025-26,2026-05-24,Sunderland,AWAY,fouls_suffered,19,10.894736842105264,11.0,2.601169327695725,5.0,9.5,12.0,15.0
2025-26,2026-05-24,Sunderland,AWAY,corners_for,19,3.3684210526315788,3.0,1.1647854507156372,1.0,3.0,4.0,5.0
2025-26,2026-05-24,Sunderland,AWAY,corners_against,19,5.578947368421052,6.0,2.243900113485055,2.0,3.5,7.0,9.0
2025-26,2026-05-24,Sunderland,AWAY,yellow_cards,19,2.263157894736842,2.0,1.5578512717186201,0.0,1.0,3.0,6.0
2025-26,2026-05-24,Sunderland,AWAY,yellow_cards_opponent,19,1.631578947368421,1.0,1.1647854507156372,0.0,1.0,2.0,4.0
2025-26,2026-05-24,Sunderland,AWAY,shots_for,19,8.789473684210526,9.0,3.30956437832368,3.0,7.0,10.0,17.0
2025-26,2026-05-24,Sunderland,AWAY,shots_against,19,16.57894736842105,16.0,4.324552507019068,7.0,14.5,19.0,24.0
2025-26,2026-05-24,Sunderland,AWAY,shots_on_target_for,19,3.210526315789474,3.0,2.0433889978394295,0.0,2.0,4.0,7.0
2025-26,2026-05-24,Sunderland,AWAY,shots_on_target_against,19,5.2105263157894735,5.0,1.3156725094212403,2.0,4.0,6.0,7.0
2025-26,2026-05-24,Sunderland,AWAY,goals_for,19,0.8947368421052632,1.0,0.9941348467724342,0.0,0.0,1.0,3.0
2025-26,2026-05-24,Sunderland,AWAY,goals_against,19,1.4736842105263157,1.0,1.2187617145935723,0.0,1.0,2.5,4.0
2025-26,2026-05-24,Tottenham,ALL,fouls_committed,38,12.18421052631579,12.0,2.893191104177463,5.0,10.0,14.0,18.0
2025-26,2026-05-24,Tottenham,ALL,fouls_suffered,38,10.157894736842104,10.0,3.062646054229098,5.0,8.0,12.0,19.0
2025-26,2026-05-24,Tottenham,ALL,corners_for,38,5.473684210526316,5.5,3.681486495493459,0.0,2.25,7.75,14.0
2025-26,2026-05-24,Tottenham,ALL,corners_against,38,4.684210526315789,4.5,2.558560228129736,1.0,3.0,5.75,12.0
2025-26,2026-05-24,Tottenham,ALL,yellow_cards,38,2.6578947368421053,3.0,1.3411635889793545,0.0,2.0,3.0,5.0
2025-26,2026-05-24,Tottenham,ALL,yellow_cards_opponent,38,1.868421052631579,2.0,1.1893912281494525,0.0,1.0,3.0,4.0
2025-26,2026-05-24,Tottenham,ALL,shots_for,38,11.473684210526315,11.5,4.354164468862668,3.0,9.0,14.0,21.0
2025-26,2026-05-24,Tottenham,ALL,shots_against,38,12.236842105263158,11.0,4.923381668678199,4.0,8.25,15.75,23.0
2025-26,2026-05-24,Tottenham,ALL,shots_on_target_for,38,3.9473684210526314,4.0,2.167915531677683,1.0,2.25,5.0,11.0
2025-26,2026-05-24,Tottenham,ALL,shots_on_target_against,38,4.052631578947368,4.0,2.1174611062008,1.0,3.0,4.0,10.0
2025-26,2026-05-24,Tottenham,ALL,goals_for,38,1.263157894736842,1.0,0.8600506121598478,0.0,1.0,2.0,3.0
2025-26,2026-05-24,Tottenham,ALL,goals_against,38,1.5,2.0,1.133041827905653,0.0,1.0,2.0,4.0
2025-26,2026-05-24,Tottenham,HOME,fouls_committed,19,12.631578947368421,13.0,2.691767827114315,8.0,10.5,14.5,17.0
2025-26,2026-05-24,Tottenham,HOME,fouls_suffered,19,10.473684210526315,11.0,3.0798344301210516,6.0,7.5,12.5,17.0
2025-26,2026-05-24,Tottenham,HOME,corners_for,19,6.157894736842105,6.0,3.8190044935345946,0.0,3.0,7.5,14.0
2025-26,2026-05-24,Tottenham,HOME,corners_against,19,5.052631578947368,5.0,2.548936253300936,2.0,3.0,6.0,12.0
2025-26,2026-05-24,Tottenham,HOME,yellow_cards,19,2.8947368421052633,3.0,1.2864566686188532,0.0,2.0,3.0,5.0
2025-26,2026-05-24,Tottenham,HOME,yellow_cards_opponent,19,2.0526315789473686,2.0,1.177270110161938,0.0,1.0,3.0,4.0
2025-26,2026-05-24,Tottenham,HOME,shots_for,19,12.68421052631579,13.0,4.784844495080824,3.0,10.0,15.5,21.0
2025-26,2026-05-24,Tottenham,HOME,shots_against,19,11.526315789473685,10.0,5.167939854446963,4.0,8.0,15.0,21.0
2025-26,2026-05-24,Tottenham,HOME,shots_on_target_for,19,4.052631578947368,4.0,1.840099158274005,1.0,3.0,6.0,7.0
2025-26,2026-05-24,Tottenham,HOME,shots_on_target_against,19,4.052631578947368,4.0,1.985326287499427,1.0,3.0,4.5,9.0
2025-26,2026-05-24,Tottenham,HOME,goals_for,19,1.1578947368421053,1.0,0.7647191129018726,0.0,1.0,1.5,3.0
2025-26,2026-05-24,Tottenham,HOME,goals_against,19,1.631578947368421,2.0,1.065130472748108,0.0,1.0,2.0,4.0
2025-26,2026-05-24,Tottenham,AWAY,fouls_committed,19,11.736842105263158,12.0,3.0883671569142215,5.0,10.0,13.5,18.0
2025-26,2026-05-24,Tottenham,AWAY,fouls_suffered,19,9.842105263157896,9.0,3.095932060242509,5.0,8.0,11.0,19.0
2025-26,2026-05-24,Tottenham,AWAY,corners_for,19,4.7894736842105265,4.0,3.505217497902568,0.0,2.0,7.5,13.0
2025-26,2026-05-24,Tottenham,AWAY,corners_against,19,4.315789473684211,3.0,2.5831211005067187,1.0,3.0,5.0,11.0
2025-26,2026-05-24,Tottenham,AWAY,yellow_cards,19,2.4210526315789473,3.0,1.3870748387117167,0.0,2.0,3.0,5.0
2025-26,2026-05-24,Tottenham,AWAY,yellow_cards_opponent,19,1.6842105263157894,1.0,1.2042808632793345,0.0,1.0,3.0,4.0
2025-26,2026-05-24,Tottenham,AWAY,shots_for,19,10.263157894736842,10.0,3.6031175584972077,3.0,8.0,12.5,18.0
2025-26,2026-05-24,Tottenham,AWAY,shots_against,19,12.947368421052632,12.0,4.696022953409339,5.0,9.5,16.5,23.0
2025-26,2026-05-24,Tottenham,AWAY,shots_on_target_for,19,3.8421052631578947,3.0,2.5002923805635398,1.0,2.0,5.0,11.0
2025-26,2026-05-24,Tottenham,AWAY,shots_on_target_against,19,4.052631578947368,4.0,2.296704987840099,1.0,2.0,4.0,10.0
2025-26,2026-05-24,Tottenham,AWAY,goals_for,19,1.368421052631579,1.0,0.9551338658818385,0.0,1.0,2.0,3.0
2025-26,2026-05-24,Tottenham,AWAY,goals_against,19,1.368421052631579,1.0,1.2115429242540032,0.0,0.0,2.0,4.0
2025-26,2026-05-24,West Ham United,ALL,fouls_committed,38,11.078947368421053,11.0,2.998932953905424,5.0,9.25,12.75,18.0
2025-26,2026-05-24,West Ham United,ALL,fouls_suffered,38,10.657894736842104,11.0,3.450627172053233,3.0,8.0,13.0,18.0
2025-26,2026-05-24,West Ham United,ALL,corners_for,38,4.921052631578948,5.0,2.0973803344709134,0.0,3.25,6.0,9.0
2025-26,2026-05-24,West Ham United,ALL,corners_against,38,6.105263157894737,5.0,3.186029246775471,2.0,4.0,8.75,15.0
2025-26,2026-05-24,West Ham United,ALL,yellow_cards,38,1.763157894736842,2.0,1.1254839325834713,0.0,1.0,3.0,4.0
2025-26,2026-05-24,West Ham United,ALL,yellow_cards_opponent,38,1.9736842105263157,2.0,1.3849937477712944,0.0,1.0,3.0,5.0
2025-26,2026-05-24,West Ham United,ALL,shots_for,38,10.631578947368421,10.5,4.08967753061408,1.0,7.25,13.75,20.0
2025-26,2026-05-24,West Ham United,ALL,shots_against,38,14.842105263157896,14.0,4.934852969082061,7.0,11.25,17.75,28.0
2025-26,2026-05-24,West Ham United,ALL,shots_on_target_for,38,3.736842105263158,3.0,2.2860825754908807,0.0,3.0,4.0,9.0
2025-26,2026-05-24,West Ham United,ALL,shots_on_target_against,38,5.105263157894737,5.0,1.8569005516198152,1.0,4.0,6.0,10.0
2025-26,2026-05-24,West Ham United,ALL,goals_for,38,1.2105263157894737,1.0,1.1427301290932217,0.0,0.0,2.0,4.0
2025-26,2026-05-24,West Ham United,ALL,goals_against,38,1.7105263157894737,2.0,1.2925544525482382,0.0,1.0,2.75,5.0
2025-26,2026-05-24,West Ham United,HOME,fouls_committed,19,11.157894736842104,11.0,3.3042591688562752,5.0,9.0,14.0,18.0
2025-26,2026-05-24,West Ham United,HOME,fouls_suffered,19,10.368421052631579,10.0,3.8182387783402247,4.0,7.5,13.0,18.0
2025-26,2026-05-24,West Ham United,HOME,corners_for,19,5.315789473684211,5.0,2.05622717019268,1.0,4.5,7.0,9.0
2025-26,2026-05-24,West Ham United,HOME,corners_against,19,5.473684210526316,4.0,3.595806524467565,2.0,3.0,5.5,15.0
2025-26,2026-05-24,West Ham United,HOME,yellow_cards,19,1.5789473684210527,1.0,1.0706067580626215,0.0,1.0,2.5,3.0
2025-26,2026-05-24,West Ham United,HOME,yellow_cards_opponent,19,2.1578947368421053,2.0,1.4245138700910818,0.0,1.0,3.0,5.0
2025-26,2026-05-24,West Ham United,HOME,shots_for,19,11.052631578947368,10.0,4.600406796149497,1.0,7.5,14.5,20.0
2025-26,2026-05-24,West Ham United,HOME,shots_against,19,13.526315789473685,13.0,4.526077785120254,7.0,10.5,15.5,24.0
2025-26,2026-05-24,West Ham United,HOME,shots_on_target_for,19,3.8421052631578947,3.0,2.4554510310901887,0.0,3.0,4.5,9.0
2025-26,2026-05-24,West Ham United,HOME,shots_on_target_against,19,4.526315789473684,4.0,1.540866316669929,2.0,3.0,5.5,7.0
2025-26,2026-05-24,West Ham United,HOME,goals_for,19,1.4210526315789473,1.0,1.304513083861144,0.0,0.0,2.5,4.0
2025-26,2026-05-24,West Ham United,HOME,goals_against,19,1.5789473684210527,1.0,1.2163602113447685,0.0,1.0,2.0,5.0
2025-26,2026-05-24,West Ham United,AWAY,fouls_committed,19,11.0,11.0,2.748737083745107,6.0,10.0,12.0,17.0
2025-26,2026-05-24,West Ham United,AWAY,fouls_suffered,19,10.947368421052632,12.0,3.117578907680451,3.0,8.5,13.0,16.0
2025-26,2026-05-24,West Ham United,AWAY,corners_for,19,4.526315789473684,5.0,2.1178716006781584,0.0,3.0,6.0,7.0
2025-26,2026-05-24,West Ham United,AWAY,corners_against,19,6.7368421052631575,6.0,2.6633751616064134,2.0,5.0,9.0,11.0
2025-26,2026-05-24,West Ham United,AWAY,yellow_cards,19,1.9473684210526316,2.0,1.177270110161938,0.0,1.0,3.0,4.0
2025-26,2026-05-24,West Ham United,AWAY,yellow_cards_opponent,19,1.7894736842105263,2.0,1.3572417850765923,0.0,1.0,3.0,5.0
2025-26,2026-05-24,West Ham United,AWAY,shots_for,19,10.210526315789474,11.0,3.5835883222208844,4.0,8.0,12.5,17.0
2025-26,2026-05-24,West Ham United,AWAY,shots_against,19,16.157894736842106,15.0,5.090985037786966,9.0,12.5,19.5,28.0
2025-26,2026-05-24,West Ham United,AWAY,shots_on_target_for,19,3.6315789473684212,4.0,2.1656542843981734,0.0,3.0,4.0,8.0
2025-26,2026-05-24,West Ham United,AWAY,shots_on_target_against,19,5.684210526315789,6.0,2.001461454341895,1.0,5.0,7.0,10.0
2025-26,2026-05-24,West Ham United,AWAY,goals_for,19,1.0,1.0,0.9428090415820634,0.0,0.0,2.0,3.0
2025-26,2026-05-24,West Ham United,AWAY,goals_against,19,1.8421052631578947,2.0,1.384965217964249,0.0,1.0,3.0,5.0
2025-26,2026-05-24,Wolverhampton Wanderers,ALL,fouls_committed,38,13.0,13.0,3.2797494960372746,6.0,11.0,14.75,21.0
2025-26,2026-05-24,Wolverhampton Wanderers,ALL,fouls_suffered,38,10.842105263157896,10.0,3.2758437393801945,5.0,9.0,13.0,19.0
2025-26,2026-05-24,Wolverhampton Wanderers,ALL,corners_for,38,3.4210526315789473,3.0,2.1261763541736,0.0,2.0,5.0,9.0
2025-26,2026-05-24,Wolverhampton Wanderers,ALL,corners_against,38,6.0,6.0,2.7607284585090257,0.0,4.0,8.0,11.0
2025-26,2026-05-24,Wolverhampton Wanderers,ALL,yellow_cards,38,2.0526315789473686,2.0,1.1377400173519108,0.0,1.0,3.0,4.0
2025-26,2026-05-24,Wolverhampton Wanderers,ALL,yellow_cards_opponent,38,1.631578947368421,1.0,1.3837093240991267,0.0,1.0,2.0,5.0
2025-26,2026-05-24,Wolverhampton Wanderers,ALL,shots_for,38,9.736842105263158,9.0,4.176408715413189,3.0,6.25,12.0,20.0
2025-26,2026-05-24,Wolverhampton Wanderers,ALL,shots_against,38,13.894736842105264,14.0,5.53020929022954,6.0,10.0,16.0,35.0
2025-26,2026-05-24,Wolverhampton Wanderers,ALL,shots_on_target_for,38,3.236842105263158,3.0,1.9512187532524632,0.0,2.0,4.0,8.0
2025-26,2026-05-24,Wolverhampton Wanderers,ALL,shots_on_target_against,38,4.7105263157894735,4.0,2.264984872413442,0.0,3.0,6.0,10.0
2025-26,2026-05-24,Wolverhampton Wanderers,ALL,goals_for,38,0.7105263157894737,0.5,0.835298772792887,0.0,0.0,1.0,3.0
2025-26,2026-05-24,Wolverhampton Wanderers,ALL,goals_against,38,1.7894736842105263,2.0,1.1427301290932217,0.0,1.0,3.0,4.0
2025-26,2026-05-24,Wolverhampton Wanderers,HOME,fouls_committed,19,12.526315789473685,12.0,3.485978597700469,6.0,11.0,13.5,20.0
2025-26,2026-05-24,Wolverhampton Wanderers,HOME,fouls_suffered,19,10.789473684210526,10.0,3.1898963300538825,7.0,8.5,12.5,19.0
2025-26,2026-05-24,Wolverhampton Wanderers,HOME,corners_for,19,3.1578947368421053,3.0,1.7721035176289737,0.0,2.0,4.5,6.0
2025-26,2026-05-24,Wolverhampton Wanderers,HOME,corners_against,19,5.368421052631579,5.0,2.7327342090496,0.0,3.5,7.0,11.0
2025-26,2026-05-24,Wolverhampton Wanderers,HOME,yellow_cards,19,1.6842105263157894,2.0,0.9459053029269173,0.0,1.0,2.0,3.0
2025-26,2026-05-24,Wolverhampton Wanderers,HOME,yellow_cards_opponent,19,2.0,2.0,1.4142135623730951,0.0,1.0,3.0,4.0
2025-26,2026-05-24,Wolverhampton Wanderers,HOME,shots_for,19,10.157894736842104,9.0,4.38764879956271,4.0,7.0,11.5,20.0
2025-26,2026-05-24,Wolverhampton Wanderers,HOME,shots_against,19,12.210526315789474,11.0,4.995319446668952,6.0,10.0,14.5,27.0
2025-26,2026-05-24,Wolverhampton Wanderers,HOME,shots_on_target_for,19,3.5789473684210527,3.0,2.243900113485055,1.0,2.0,5.0,8.0
2025-26,2026-05-24,Wolverhampton Wanderers,HOME,shots_on_target_against,19,4.473684210526316,4.0,2.2698120590977857,0.0,3.5,6.0,10.0
2025-26,2026-05-24,Wolverhampton Wanderers,HOME,goals_for,19,1.0,1.0,0.9428090415820634,0.0,0.0,2.0,3.0
2025-26,2026-05-24,Wolverhampton Wanderers,HOME,goals_against,19,1.7894736842105263,2.0,1.2727462594467414,0.0,1.0,3.0,4.0
2025-26,2026-05-24,Wolverhampton Wanderers,AWAY,fouls_committed,19,13.473684210526315,13.0,3.0798344301210516,7.0,11.5,15.0,21.0
2025-26,2026-05-24,Wolverhampton Wanderers,AWAY,fouls_suffered,19,10.894736842105264,11.0,3.446330364671405,5.0,9.0,13.0,19.0
2025-26,2026-05-24,Wolverhampton Wanderers,AWAY,corners_for,19,3.6842105263157894,3.0,2.450683160511855,0.0,2.0,5.5,9.0
2025-26,2026-05-24,Wolverhampton Wanderers,AWAY,corners_against,19,6.631578947368421,7.0,2.7123283625326104,1.0,5.0,8.0,10.0
2025-26,2026-05-24,Wolverhampton Wanderers,AWAY,yellow_cards,19,2.4210526315789473,2.0,1.2163602113447685,0.0,2.0,3.5,4.0
2025-26,2026-05-24,Wolverhampton Wanderers,AWAY,yellow_cards_opponent,19,1.263157894736842,1.0,1.2841817655680772,0.0,0.0,2.0,5.0
2025-26,2026-05-24,Wolverhampton Wanderers,AWAY,shots_for,19,9.31578947368421,9.0,4.028407895861415,3.0,6.5,12.5,16.0
2025-26,2026-05-24,Wolverhampton Wanderers,AWAY,shots_against,19,15.578947368421053,15.0,5.6501306717798245,8.0,13.5,16.5,35.0
2025-26,2026-05-24,Wolverhampton Wanderers,AWAY,shots_on_target_for,19,2.8947368421052633,3.0,1.5949481650269413,0.0,2.0,4.0,7.0
2025-26,2026-05-24,Wolverhampton Wanderers,AWAY,shots_on_target_against,19,4.947368421052632,4.0,2.296704987840099,2.0,3.0,6.0,10.0
2025-26,2026-05-24,Wolverhampton Wanderers,AWAY,goals_for,19,0.42105263157894735,0.0,0.606976978666884,0.0,0.0,1.0,2.0
2025-26,2026-05-24,Wolverhampton Wanderers,AWAY,goals_against,19,1.7894736842105263,2.0,1.0316624861746775,0.0,1.0,2.5,4.0
2026-27,2026-08-31,Arsenal,ALL,fouls_committed,2,8.0,8.0,2.8284271247461903,6.0,7.0,9.0,10.0
2026-27,2026-08-31,Arsenal,ALL,fouls_suffered,2,15.0,15.0,2.8284271247461903,13.0,14.0,16.0,17.0
2026-27,2026-08-31,Arsenal,ALL,corners_for,2,6.0,6.0,2.8284271247461903,4.0,5.0,7.0,8.0
2026-27,2026-08-31,Arsenal,ALL,corners_against,2,2.0,2.0,0.0,2.0,2.0,2.0,2.0
2026-27,2026-08-31,Arsenal,ALL,yellow_cards,2,1.0,1.0,0.0,1.0,1.0,1.0,1.0
2026-27,2026-08-31,Arsenal,ALL,yellow_cards_opponent,2,2.0,2.0,1.4142135623730951,1.0,1.5,2.5,3.0
2026-27,2026-08-31,Arsenal,ALL,shots_for,2,13.5,13.5,9.192388155425117,7.0,10.25,16.75,20.0
2026-27,2026-08-31,Arsenal,ALL,shots_against,2,5.5,5.5,2.1213203435596424,4.0,4.75,6.25,7.0
2026-27,2026-08-31,Arsenal,ALL,shots_on_target_for,2,4.0,4.0,2.8284271247461903,2.0,3.0,5.0,6.0
2026-27,2026-08-31,Arsenal,ALL,shots_on_target_against,2,0.5,0.5,0.7071067811865476,0.0,0.25,0.75,1.0
2026-27,2026-08-31,Arsenal,ALL,goals_for,2,2.0,2.0,1.4142135623730951,1.0,1.5,2.5,3.0
2026-27,2026-08-31,Arsenal,ALL,goals_against,2,0.0,0.0,0.0,0.0,0.0,0.0,0.0
2026-27,2026-08-31,Arsenal,ALL,xg_for,2,1.4649999999999999,1.4649999999999999,0.5868986283848343,1.05,1.2575,1.6724999999999999,1.88
2026-27,2026-08-31,Arsenal,ALL,xg_against,2,0.26,0.26,0.08485281374238571,0.2,0.23,0.29000000000000004,0.32
2026-27,2026-08-31,Arsenal,HOME,fouls_committed,1,10.0,10.0,0.0,10.0,10.0,10.0,10.0
2026-27,2026-08-31,Arsenal,HOME,fouls_suffered,1,13.0,13.0,0.0,13.0,13.0,13.0,13.0
2026-27,2026-08-31,Arsenal,HOME,corners_for,1,8.0,8.0,0.0,8.0,8.0,8.0,8.0
2026-27,2026-08-31,Arsenal,HOME,corners_against,1,2.0,2.0,0.0,2.0,2.0,2.0,2.0
2026-27,2026-08-31,Arsenal,HOME,yellow_cards,1,1.0,1.0,0.0,1.0,1.0,1.0,1.0
2026-27,2026-08-31,Arsenal,HOME,yellow_cards_opponent,1,1.0,1.0,0.0,1.0,1.0,1.0,1.0
2026-27,2026-08-31,Arsenal,HOME,shots_for,1,20.0,20.0,0.0,20.0,20.0,20.0,20.0
2026-27,2026-08-31,Arsenal,HOME,shots_against,1,4.0,4.0,0.0,4.0,4.0,4.0,4.0
2026-27,2026-08-31,Arsenal,HOME,shots_on_target_for,1,6.0,6.0,0.0,6.0,6.0,6.0,6.0
2026-27,2026-08-31,Arsenal,HOME,shots_on_target_against,1,1.0,1.0,0.0,1.0,1.0,1.0,1.0
2026-27,2026-08-31,Arsenal,HOME,goals_for,1,3.0,3.0,0.0,3.0,3.0,3.0,3.0
2026-27,2026-08-31,Arsenal,HOME,goals_against,1,0.0,0.0,0.0,0.0,0.0,0.0,0.0
2026-27,2026-08-31,Arsenal,HOME,xg_for,1,1.88,1.88,0.0,1.88,1.88,1.88,1.88
2026-27,2026-08-31,Arsenal,HOME,xg_against,1,0.2,0.2,0.0,0.2,0.2,0.2,0.2
2026-27,2026-08-31,Arsenal,AWAY,fouls_committed,1,6.0,6.0,0.0,6.0,6.0,6.0,6.0
2026-27,2026-08-31,Arsenal,AWAY,fouls_suffered,1,17.0,17.0,0.0,17.0,17.0,17.0,17.0
2026-27,2026-08-31,Arsenal,AWAY,corners_for,1,4.0,4.0,0.0,4.0,4.0,4.0,4.0
2026-27,2026-08-31,Arsenal,AWAY,corners_against,1,2.0,2.0,0.0,2.0,2.0,2.0,2.0
2026-27,2026-08-31,Arsenal,AWAY,yellow_cards,1,1.0,1.0,0.0,1.0,1.0,1.0,1.0
2026-27,2026-08-31,Arsenal,AWAY,yellow_cards_opponent,1,3.0,3.0,0.0,3.0,3.0,3.0,3.0
2026-27,2026-08-31,Arsenal,AWAY,shots_for,1,7.0,7.0,0.0,7.0,7.0,7.0,7.0
2026-27,2026-08-31,Arsenal,AWAY,shots_against,1,7.0,7.0,0.0,7.0,7.0,7.0,7.0
2026-27,2026-08-31,Arsenal,AWAY,shots_on_target_for,1,2.0,2.0,0.0,2.0,2.0,2.0,2.0
2026-27,2026-08-31,Arsenal,AWAY,shots_on_target_against,1,0.0,0.0,0.0,0.0,0.0,0.0,0.0
2026-27,2026-08-31,Arsenal,AWAY,goals_for,1,1.0,1.0,0.0,1.0,1.0,1.0,1.0
2026-27,2026-08-31,Arsenal,AWAY,goals_against,1,0.0,0.0,0.0,0.0,0.0,0.0,0.0
2026-27,2026-08-31,Arsenal,AWAY,xg_for,1,1.05,1.05,0.0,1.05,1.05,1.05,1.05
2026-27,2026-08-31,Arsenal,AWAY,xg_against,1,0.32,0.32,0.0,0.32,0.32,0.32,0.32
2026-27,2026-08-31,Aston Villa,ALL,fouls_committed,2,14.0,14.0,4.242640687119285,11.0,12.5,15.5,17.0
2026-27,2026-08-31,Aston Villa,ALL,fouls_suffered,2,9.0,9.0,4.242640687119285,6.0,7.5,10.5,12.0
2026-27,2026-08-31,Aston Villa,ALL,corners_for,2,2.0,2.0,0.0,2.0,2.0,2.0,2.0
2026-27,2026-08-31,Aston Villa,ALL,corners_against,2,4.5,4.5,0.7071067811865476,4.0,4.25,4.75,5.0
2026-27,2026-08-31,Aston Villa,ALL,yellow_cards,2,3.0,3.0,0.0,3.0,3.0,3.0,3.0
2026-27,2026-08-31,Aston Villa,ALL,yellow_cards_opponent,2,1.5,1.5,0.7071067811865476,1.0,1.25,1.75,2.0
2026-27,2026-08-31,Aston Villa,ALL,shots_for,2,6.5,6.5,0.7071067811865476,6.0,6.25,6.75,7.0
2026-27,2026-08-31,Aston Villa,ALL,shots_against,2,14.0,14.0,9.899494936611665,7.0,10.5,17.5,21.0
2026-27,2026-08-31,Aston Villa,ALL,shots_on_target_for,2,0.0,0.0,0.0,0.0,0.0,0.0,0.0
2026-27,2026-08-31,Aston Villa,ALL,shots_on_target_against,2,4.0,4.0,2.8284271247461903,2.0,3.0,5.0,6.0
2026-27,2026-08-31,Aston Villa,ALL,goals_for,2,0.0,0.0,0.0,0.0,0.0,0.0,0.0
2026-27,2026-08-31,Aston Villa,ALL,goals_against,2,2.5,2.5,2.1213203435596424,1.0,1.75,3.25,4.0
2026-27,2026-08-31,Aston Villa,ALL,xg_for,2,0.30000000000000004,0.30000000000000004,0.028284271247461888,0.28,0.29000000000000004,0.31,0.32
2026-27,2026-08-31,Aston Villa,ALL,xg_against,2,2.41,2.41,1.9233304448274093,1.05,1.73,3.09,3.77
2026-27,2026-08-31,Aston Villa,HOME,fouls_committed,1,17.0,17.0,0.0,17.0,17.0,17.0,17.0
2026-27,2026-08-31,Aston Villa,HOME,fouls_suffered,1,6.0,6.0,0.0,6.0,6.0,6.0,6.0
2026-27,2026-08-31,Aston Villa,HOME,corners_for,1,2.0,2.0,0.0,2.0,2.0,2.0,2.0
2026-27,2026-08-31,Aston Villa,HOME,corners_against,1,4.0,4.0,0.0,4.0,4.0,4.0,4.0
2026-27,2026-08-31,Aston Villa,HOME,yellow_cards,1,3.0,3.0,0.0,3.0,3.0,3.0,3.0
2026-27,2026-08-31,Aston Villa,HOME,yellow_cards_opponent,1,1.0,1.0,0.0,1.0,1.0,1.0,1.0
2026-27,2026-08-31,Aston Villa,HOME,shots_for,1,7.0,7.0,0.0,7.0,7.0,7.0,7.0
2026-27,2026-08-31,Aston Villa,HOME,shots_against,1,7.0,7.0,0.0,7.0,7.0,7.0,7.0
2026-27,2026-08-31,Aston Villa,HOME,shots_on_target_for,1,0.0,0.0,0.0,0.0,0.0,0.0,0.0
2026-27,2026-08-31,Aston Villa,HOME,shots_on_target_against,1,2.0,2.0,0.0,2.0,2.0,2.0,2.0
2026-27,2026-08-31,Aston Villa,HOME,goals_for,1,0.0,0.0,0.0,0.0,0.0,0.0,0.0
2026-27,2026-08-31,Aston Villa,HOME,goals_against,1,1.0,1.0,0.0,1.0,1.0,1.0,1.0
2026-27,2026-08-31,Aston Villa,HOME,xg_for,1,0.32,0.32,0.0,0.32,0.32,0.32,0.32
2026-27,2026-08-31,Aston Villa,HOME,xg_against,1,1.05,1.05,0.0,1.05,1.05,1.05,1.05
2026-27,2026-08-31,Aston Villa,AWAY,fouls_committed,1,11.0,11.0,0.0,11.0,11.0,11.0,11.0
2026-27,2026-08-31,Aston Villa,AWAY,fouls_suffered,1,12.0,12.0,0.0,12.0,12.0,12.0,12.0
2026-27,2026-08-31,Aston Villa,AWAY,corners_for,1,2.0,2.0,0.0,2.0,2.0,2.0,2.0
2026-27,2026-08-31,Aston Villa,AWAY,corners_against,1,5.0,5.0,0.0,5.0,5.0,5.0,5.0
2026-27,2026-08-31,Aston Villa,AWAY,yellow_cards,1,3.0,3.0,0.0,3.0,3.0,3.0,3.0
2026-27,2026-08-31,Aston Villa,AWAY,yellow_cards_opponent,1,2.0,2.0,0.0,2.0,2.0,2.0,2.0
2026-27,2026-08-31,Aston Villa,AWAY,shots_for,1,6.0,6.0,0.0,6.0,6.0,6.0,6.0
2026-27,2026-08-31,Aston Villa,AWAY,shots_against,1,21.0,21.0,0.0,21.0,21.0,21.0,21.0
2026-27,2026-08-31,Aston Villa,AWAY,shots_on_target_for,1,0.0,0.0,0.0,0.0,0.0,0.0,0.0
2026-27,2026-08-31,Aston Villa,AWAY,shots_on_target_against,1,6.0,6.0,0.0,6.0,6.0,6.0,6.0
2026-27,2026-08-31,Aston Villa,AWAY,goals_for,1,0.0,0.0,0.0,0.0,0.0,0.0,0.0
2026-27,2026-08-31,Aston Villa,AWAY,goals_against,1,4.0,4.0,0.0,4.0,4.0,4.0,4.0
2026-27,2026-08-31,Aston Villa,AWAY,xg_for,1,0.28,0.28,0.0,0.28,0.28,0.28,0.28
2026-27,2026-08-31,Aston Villa,AWAY,xg_against,1,3.77,3.77,0.0,3.77,3.77,3.77,3.77
2026-27,2026-08-29,Bournemouth,ALL,fouls_committed,2,11.0,11.0,0.0,11.0,11.0,11.0,11.0
2026-27,2026-08-29,Bournemouth,ALL,fouls_suffered,2,12.5,12.5,2.1213203435596424,11.0,11.75,13.25,14.0
2026-27,2026-08-29,Bournemouth,ALL,corners_for,2,6.5,6.5,4.949747468305833,3.0,4.75,8.25,10.0
2026-27,2026-08-29,Bournemouth,ALL,corners_against,2,7.5,7.5,0.7071067811865476,7.0,7.25,7.75,8.0
2026-27,2026-08-29,Bournemouth,ALL,yellow_cards,2,2.5,2.5,0.7071067811865476,2.0,2.25,2.75,3.0
2026-27,2026-08-29,Bournemouth,ALL,yellow_cards_opponent,2,1.5,1.5,0.7071067811865476,1.0,1.25,1.75,2.0
2026-27,2026-08-29,Bournemouth,ALL,shots_for,2,11.0,11.0,8.48528137423857,5.0,8.0,14.0,17.0
2026-27,2026-08-29,Bournemouth,ALL,shots_against,2,13.0,13.0,0.0,13.0,13.0,13.0,13.0
2026-27,2026-08-29,Bournemouth,ALL,shots_on_target_for,2,4.5,4.5,0.7071067811865476,4.0,4.25,4.75,5.0
2026-27,2026-08-29,Bournemouth,ALL,shots_on_target_against,2,6.5,6.5,0.7071067811865476,6.0,6.25,6.75,7.0
2026-27,2026-08-29,Bournemouth,ALL,goals_for,2,1.0,1.0,0.0,1.0,1.0,1.0,1.0
2026-27,2026-08-29,Bournemouth,ALL,goals_against,2,1.5,1.5,0.7071067811865476,1.0,1.25,1.75,2.0
2026-27,2026-08-29,Bournemouth,ALL,xg_for,2,1.39,1.39,1.0748023074035522,0.63,1.01,1.77,2.15
2026-27,2026-08-29,Bournemouth,ALL,xg_against,2,2.1,2.1,0.3676955262170045,1.84,1.97,2.23,2.36
2026-27,2026-08-29,Bournemouth,HOME,fouls_committed,1,11.0,11.0,0.0,11.0,11.0,11.0,11.0
2026-27,2026-08-29,Bournemouth,HOME,fouls_suffered,1,14.0,14.0,0.0,14.0,14.0,14.0,14.0
2026-27,2026-08-29,Bournemouth,HOME,corners_for,1,10.0,10.0,0.0,10.0,10.0,10.0,10.0
2026-27,2026-08-29,Bournemouth,HOME,corners_against,1,7.0,7.0,0.0,7.0,7.0,7.0,7.0
2026-27,2026-08-29,Bournemouth,HOME,yellow_cards,1,3.0,3.0,0.0,3.0,3.0,3.0,3.0
2026-27,2026-08-29,Bournemouth,HOME,yellow_cards_opponent,1,2.0,2.0,0.0,2.0,2.0,2.0,2.0
2026-27,2026-08-29,Bournemouth,HOME,shots_for,1,17.0,17.0,0.0,17.0,17.0,17.0,17.0
2026-27,2026-08-29,Bournemouth,HOME,shots_against,1,13.0,13.0,0.0,13.0,13.0,13.0,13.0
2026-27,2026-08-29,Bournemouth,HOME,shots_on_target_for,1,5.0,5.0,0.0,5.0,5.0,5.0,5.0
2026-27,2026-08-29,Bournemouth,HOME,shots_on_target_against,1,7.0,7.0,0.0,7.0,7.0,7.0,7.0
2026-27,2026-08-29,Bournemouth,HOME,goals_for,1,1.0,1.0,0.0,1.0,1.0,1.0,1.0
2026-27,2026-08-29,Bournemouth,HOME,goals_against,1,1.0,1.0,0.0,1.0,1.0,1.0,1.0
2026-27,2026-08-29,Bournemouth,HOME,xg_for,1,2.15,2.15,0.0,2.15,2.15,2.15,2.15
2026-27,2026-08-29,Bournemouth,HOME,xg_against,1,1.84,1.84,0.0,1.84,1.84,1.84,1.84
2026-27,2026-08-29,Bournemouth,AWAY,fouls_committed,1,11.0,11.0,0.0,11.0,11.0,11.0,11.0
2026-27,2026-08-29,Bournemouth,AWAY,fouls_suffered,1,11.0,11.0,0.0,11.0,11.0,11.0,11.0
2026-27,2026-08-29,Bournemouth,AWAY,corners_for,1,3.0,3.0,0.0,3.0,3.0,3.0,3.0
2026-27,2026-08-29,Bournemouth,AWAY,corners_against,1,8.0,8.0,0.0,8.0,8.0,8.0,8.0
2026-27,2026-08-29,Bournemouth,AWAY,yellow_cards,1,2.0,2.0,0.0,2.0,2.0,2.0,2.0
2026-27,2026-08-29,Bournemouth,AWAY,yellow_cards_opponent,1,1.0,1.0,0.0,1.0,1.0,1.0,1.0
2026-27,2026-08-29,Bournemouth,AWAY,shots_for,1,5.0,5.0,0.0,5.0,5.0,5.0,5.0
2026-27,2026-08-29,Bournemouth,AWAY,shots_against,1,13.0,13.0,0.0,13.0,13.0,13.0,13.0
2026-27,2026-08-29,Bournemouth,AWAY,shots_on_target_for,1,4.0,4.0,0.0,4.0,4.0,4.0,4.0
2026-27,2026-08-29,Bournemouth,AWAY,shots_on_target_against,1,6.0,6.0,0.0,6.0,6.0,6.0,6.0
2026-27,2026-08-29,Bournemouth,AWAY,goals_for,1,1.0,1.0,0.0,1.0,1.0,1.0,1.0
2026-27,2026-08-29,Bournemouth,AWAY,goals_against,1,2.0,2.0,0.0,2.0,2.0,2.0,2.0
2026-27,2026-08-29,Bournemouth,AWAY,xg_for,1,0.63,0.63,0.0,0.63,0.63,0.63,0.63
2026-27,2026-08-29,Bournemouth,AWAY,xg_against,1,2.36,2.36,0.0,2.36,2.36,2.36,2.36
2026-27,2026-08-30,Brentford,ALL,fouls_committed,2,15.0,15.0,2.8284271247461903,13.0,14.0,16.0,17.0
2026-27,2026-08-30,Brentford,ALL,fouls_suffered,2,9.5,9.5,6.363961030678928,5.0,7.25,11.75,14.0
2026-27,2026-08-30,Brentford,ALL,corners_for,2,6.5,6.5,0.7071067811865476,6.0,6.25,6.75,7.0
2026-27,2026-08-30,Brentford,ALL,corners_against,2,4.0,4.0,1.4142135623730951,3.0,3.5,4.5,5.0
2026-27,2026-08-30,Brentford,ALL,yellow_cards,2,2.5,2.5,2.1213203435596424,1.0,1.75,3.25,4.0
2026-27,2026-08-30,Brentford,ALL,yellow_cards_opponent,2,0.5,0.5,0.7071067811865476,0.0,0.25,0.75,1.0
2026-27,2026-08-30,Brentford,ALL,shots_for,2,24.0,24.0,2.8284271247461903,22.0,23.0,25.0,26.0
2026-27,2026-08-30,Brentford,ALL,shots_against,2,10.5,10.5,2.1213203435596424,9.0,9.75,11.25,12.0
2026-27,2026-08-30,Brentford,ALL,shots_on_target_for,2,6.5,6.5,2.1213203435596424,5.0,5.75,7.25,8.0
2026-27,2026-08-30,Brentford,ALL,shots_on_target_against,2,3.0,3.0,1.4142135623730951,2.0,2.5,3.5,4.0
2026-27,2026-08-30,Brentford,ALL,goals_for,2,2.0,2.0,1.4142135623730951,1.0,1.5,2.5,3.0
2026-27,2026-08-30,Brentford,ALL,goals_against,2,0.5,0.5,0.7071067811865476,0.0,0.25,0.75,1.0
2026-27,2026-08-30,Brentford,ALL,xg_for,2,2.7199999999999998,2.7199999999999998,1.64048773235279,1.56,2.14,3.3,3.88
2026-27,2026-08-30,Brentford,ALL,xg_against,2,1.0,1.0,0.6081118318204309,0.57,0.7849999999999999,1.2149999999999999,1.43
2026-27,2026-08-30,Brentford,HOME,fouls_committed,1,17.0,17.0,0.0,17.0,17.0,17.0,17.0
2026-27,2026-08-30,Brentford,HOME,fouls_suffered,1,14.0,14.0,0.0,14.0,14.0,14.0,14.0
2026-27,2026-08-30,Brentford,HOME,corners_for,1,7.0,7.0,0.0,7.0,7.0,7.0,7.0
2026-27,2026-08-30,Brentford,HOME,corners_against,1,3.0,3.0,0.0,3.0,3.0,3.0,3.0
2026-27,2026-08-30,Brentford,HOME,yellow_cards,1,1.0,1.0,0.0,1.0,1.0,1.0,1.0
2026-27,2026-08-30,Brentford,HOME,yellow_cards_opponent,1,1.0,1.0,0.0,1.0,1.0,1.0,1.0
2026-27,2026-08-30,Brentford,HOME,shots_for,1,26.0,26.0,0.0,26.0,26.0,26.0,26.0
2026-27,2026-08-30,Brentford,HOME,shots_against,1,9.0,9.0,0.0,9.0,9.0,9.0,9.0
2026-27,2026-08-30,Brentford,HOME,shots_on_target_for,1,8.0,8.0,0.0,8.0,8.0,8.0,8.0
2026-27,2026-08-30,Brentford,HOME,shots_on_target_against,1,4.0,4.0,0.0,4.0,4.0,4.0,4.0
2026-27,2026-08-30,Brentford,HOME,goals_for,1,3.0,3.0,0.0,3.0,3.0,3.0,3.0
2026-27,2026-08-30,Brentford,HOME,goals_against,1,0.0,0.0,0.0,0.0,0.0,0.0,0.0
2026-27,2026-08-30,Brentford,HOME,xg_for,1,3.88,3.88,0.0,3.88,3.88,3.88,3.88
2026-27,2026-08-30,Brentford,HOME,xg_against,1,0.57,0.57,0.0,0.57,0.57,0.57,0.57
2026-27,2026-08-30,Brentford,AWAY,fouls_committed,1,13.0,13.0,0.0,13.0,13.0,13.0,13.0
2026-27,2026-08-30,Brentford,AWAY,fouls_suffered,1,5.0,5.0,0.0,5.0,5.0,5.0,5.0
2026-27,2026-08-30,Brentford,AWAY,corners_for,1,6.0,6.0,0.0,6.0,6.0,6.0,6.0
2026-27,2026-08-30,Brentford,AWAY,corners_against,1,5.0,5.0,0.0,5.0,5.0,5.0,5.0
2026-27,2026-08-30,Brentford,AWAY,yellow_cards,1,4.0,4.0,0.0,4.0,4.0,4.0,4.0
2026-27,2026-08-30,Brentford,AWAY,yellow_cards_opponent,1,0.0,0.0,0.0,0.0,0.0,0.0,0.0
2026-27,2026-08-30,Brentford,AWAY,shots_for,1,22.0,22.0,0.0,22.0,22.0,22.0,22.0
2026-27,2026-08-30,Brentford,AWAY,shots_against,1,12.0,12.0,0.0,12.0,12.0,12.0,12.0
2026-27,2026-08-30,Brentford,AWAY,shots_on_target_for,1,5.0,5.0,0.0,5.0,5.0,5.0,5.0
2026-27,2026-08-30,Brentford,AWAY,shots_on_target_against,1,2.0,2.0,0.0,2.0,2.0,2.0,2.0
2026-27,2026-08-30,Brentford,AWAY,goals_for,1,1.0,1.0,0.0,1.0,1.0,1.0,1.0
2026-27,2026-08-30,Brentford,AWAY,goals_against,1,1.0,1.0,0.0,1.0,1.0,1.0,1.0
2026-27,2026-08-30,Brentford,AWAY,xg_for,1,1.56,1.56,0.0,1.56,1.56,1.56,1.56
2026-27,2026-08-30,Brentford,AWAY,xg_against,1,1.43,1.43,0.0,1.43,1.43,1.43,1.43
2026-27,2026-08-30,Brighton & Hove Albion,ALL,fouls_committed,2,12.0,12.0,0.0,12.0,12.0,12.0,12.0
2026-27,2026-08-30,Brighton & Hove Albion,ALL,fouls_suffered,2,8.5,8.5,3.5355339059327378,6.0,7.25,9.75,11.0
2026-27,2026-08-30,Brighton & Hove Albion,ALL,corners_for,2,6.0,6.0,1.4142135623730951,5.0,5.5,6.5,7.0
2026-27,2026-08-30,Brighton & Hove Albion,ALL,corners_against,2,3.0,3.0,1.4142135623730951,2.0,2.5,3.5,4.0
2026-27,2026-08-30,Brighton & Hove Albion,ALL,yellow_cards,2,2.5,2.5,0.7071067811865476,2.0,2.25,2.75,3.0
2026-27,2026-08-30,Brighton & Hove Albion,ALL,yellow_cards_opponent,2,2.0,2.0,1.4142135623730951,1.0,1.5,2.5,3.0
2026-27,2026-08-30,Brighton & Hove Albion,ALL,shots_for,2,18.0,18.0,4.242640687119285,15.0,16.5,19.5,21.0
2026-27,2026-08-30,Brighton & Hove Albion,ALL,shots_against,2,11.5,11.5,7.7781745930520225,6.0,8.75,14.25,17.0
2026-27,2026-08-30,Brighton & Hove Albion,ALL,shots_on_target_for,2,6.0,6.0,0.0,6.0,6.0,6.0,6.0
2026-27,2026-08-30,Brighton & Hove Albion,ALL,shots_on_target_against,2,3.0,3.0,4.242640687119285,0.0,1.5,4.5,6.0
2026-27,2026-08-30,Brighton & Hove Albion,ALL,goals_for,2,3.5,3.5,0.7071067811865476,3.0,3.25,3.75,4.0
2026-27,2026-08-30,Brighton & Hove Albion,ALL,goals_against,2,2.0,2.0,2.8284271247461903,0.0,1.0,3.0,4.0
2026-27,2026-08-30,Brighton & Hove Albion,ALL,xg_for,2,2.585,2.585,1.6758430714121177,1.4,1.9925,3.1775,3.77
2026-27,2026-08-30,Brighton & Hove Albion,ALL,xg_against,2,1.605,1.605,1.873832970144351,0.28,0.9425000000000001,2.2675,2.93
2026-27,2026-08-30,Brighton & Hove Albion,HOME,fouls_committed,1,12.0,12.0,0.0,12.0,12.0,12.0,12.0
2026-27,2026-08-30,Brighton & Hove Albion,HOME,fouls_suffered,1,11.0,11.0,0.0,11.0,11.0,11.0,11.0
2026-27,2026-08-30,Brighton & Hove Albion,HOME,corners_for,1,5.0,5.0,0.0,5.0,5.0,5.0,5.0
2026-27,2026-08-30,Brighton & Hove Albion,HOME,corners_against,1,2.0,2.0,0.0,2.0,2.0,2.0,2.0
2026-27,2026-08-30,Brighton & Hove Albion,HOME,yellow_cards,1,2.0,2.0,0.0,2.0,2.0,2.0,2.0
2026-27,2026-08-30,Brighton & Hove Albion,HOME,yellow_cards_opponent,1,3.0,3.0,0.0,3.0,3.0,3.0,3.0
2026-27,2026-08-30,Brighton & Hove Albion,HOME,shots_for,1,21.0,21.0,0.0,21.0,21.0,21.0,21.0
2026-27,2026-08-30,Brighton & Hove Albion,HOME,shots_against,1,6.0,6.0,0.0,6.0,6.0,6.0,6.0
2026-27,2026-08-30,Brighton & Hove Albion,HOME,shots_on_target_for,1,6.0,6.0,0.0,6.0,6.0,6.0,6.0
2026-27,2026-08-30,Brighton & Hove Albion,HOME,shots_on_target_against,1,0.0,0.0,0.0,0.0,0.0,0.0,0.0
2026-27,2026-08-30,Brighton & Hove Albion,HOME,goals_for,1,4.0,4.0,0.0,4.0,4.0,4.0,4.0
2026-27,2026-08-30,Brighton & Hove Albion,HOME,goals_against,1,0.0,0.0,0.0,0.0,0.0,0.0,0.0
2026-27,2026-08-30,Brighton & Hove Albion,HOME,xg_for,1,3.77,3.77,0.0,3.77,3.77,3.77,3.77
2026-27,2026-08-30,Brighton & Hove Albion,HOME,xg_against,1,0.28,0.28,0.0,0.28,0.28,0.28,0.28
2026-27,2026-08-30,Brighton & Hove Albion,AWAY,fouls_committed,1,12.0,12.0,0.0,12.0,12.0,12.0,12.0
2026-27,2026-08-30,Brighton & Hove Albion,AWAY,fouls_suffered,1,6.0,6.0,0.0,6.0,6.0,6.0,6.0
2026-27,2026-08-30,Brighton & Hove Albion,AWAY,corners_for,1,7.0,7.0,0.0,7.0,7.0,7.0,7.0
2026-27,2026-08-30,Brighton & Hove Albion,AWAY,corners_against,1,4.0,4.0,0.0,4.0,4.0,4.0,4.0
2026-27,2026-08-30,Brighton & Hove Albion,AWAY,yellow_cards,1,3.0,3.0,0.0,3.0,3.0,3.0,3.0
2026-27,2026-08-30,Brighton & Hove Albion,AWAY,yellow_cards_opponent,1,1.0,1.0,0.0,1.0,1.0,1.0,1.0
2026-27,2026-08-30,Brighton & Hove Albion,AWAY,shots_for,1,15.0,15.0,0.0,15.0,15.0,15.0,15.0
2026-27,2026-08-30,Brighton & Hove Albion,AWAY,shots_against,1,17.0,17.0,0.0,17.0,17.0,17.0,17.0
2026-27,2026-08-30,Brighton & Hove Albion,AWAY,shots_on_target_for,1,6.0,6.0,0.0,6.0,6.0,6.0,6.0
2026-27,2026-08-30,Brighton & Hove Albion,AWAY,shots_on_target_against,1,6.0,6.0,0.0,6.0,6.0,6.0,6.0
2026-27,2026-08-30,Brighton & Hove Albion,AWAY,goals_for,1,3.0,3.0,0.0,3.0,3.0,3.0,3.0
2026-27,2026-08-30,Brighton & Hove Albion,AWAY,goals_against,1,4.0,4.0,0.0,4.0,4.0,4.0,4.0
2026-27,2026-08-30,Brighton & Hove Albion,AWAY,xg_for,1,1.4,1.4,0.0,1.4,1.4,1.4,1.4
2026-27,2026-08-30,Brighton & Hove Albion,AWAY,xg_against,1,2.93,2.93,0.0,2.93,2.93,2.93,2.93
2026-27,2026-08-30,Chelsea,ALL,fouls_committed,2,6.5,6.5,0.7071067811865476,6.0,6.25,6.75,7.0
2026-27,2026-08-30,Chelsea,ALL,fouls_suffered,2,12.0,12.0,0.0,12.0,12.0,12.0,12.0
2026-27,2026-08-30,Chelsea,ALL,corners_for,2,4.0,4.0,0.0,4.0,4.0,4.0,4.0
2026-27,2026-08-30,Chelsea,ALL,corners_against,2,6.5,6.5,0.7071067811865476,6.0,6.25,6.75,7.0
2026-27,2026-08-30,Chelsea,ALL,yellow_cards,2,2.0,2.0,1.4142135623730951,1.0,1.5,2.5,3.0
2026-27,2026-08-30,Chelsea,ALL,yellow_cards_opponent,2,2.5,2.5,0.7071067811865476,2.0,2.25,2.75,3.0
2026-27,2026-08-30,Chelsea,ALL,shots_for,2,17.5,17.5,0.7071067811865476,17.0,17.25,17.75,18.0
2026-27,2026-08-30,Chelsea,ALL,shots_against,2,14.5,14.5,0.7071067811865476,14.0,14.25,14.75,15.0
2026-27,2026-08-30,Chelsea,ALL,shots_on_target_for,2,6.0,6.0,0.0,6.0,6.0,6.0,6.0
2026-27,2026-08-30,Chelsea,ALL,shots_on_target_against,2,6.0,6.0,0.0,6.0,6.0,6.0,6.0
2026-27,2026-08-30,Chelsea,ALL,goals_for,2,3.5,3.5,0.7071067811865476,3.0,3.25,3.75,4.0
2026-27,2026-08-30,Chelsea,ALL,goals_against,2,2.5,2.5,0.7071067811865476,2.0,2.25,2.75,3.0
2026-27,2026-08-30,Chelsea,ALL,xg_for,2,2.315,2.315,0.8697413408594536,1.7,2.0075,2.6225,2.93
2026-27,2026-08-30,Chelsea,ALL,xg_against,2,1.375,1.375,0.03535533905932725,1.35,1.3625,1.3875,1.4
2026-27,2026-08-30,Chelsea,HOME,fouls_committed,1,6.0,6.0,0.0,6.0,6.0,6.0,6.0
2026-27,2026-08-30,Chelsea,HOME,fouls_suffered,1,12.0,12.0,0.0,12.0,12.0,12.0,12.0
2026-27,2026-08-30,Chelsea,HOME,corners_for,1,4.0,4.0,0.0,4.0,4.0,4.0,4.0
2026-27,2026-08-30,Chelsea,HOME,corners_against,1,7.0,7.0,0.0,7.0,7.0,7.0,7.0
2026-27,2026-08-30,Chelsea,HOME,yellow_cards,1,1.0,1.0,0.0,1.0,1.0,1.0,1.0
2026-27,2026-08-30,Chelsea,HOME,yellow_cards_opponent,1,3.0,3.0,0.0,3.0,3.0,3.0,3.0
2026-27,2026-08-30,Chelsea,HOME,shots_for,1,17.0,17.0,0.0,17.0,17.0,17.0,17.0
2026-27,2026-08-30,Chelsea,HOME,shots_against,1,15.0,15.0,0.0,15.0,15.0,15.0,15.0
2026-27,2026-08-30,Chelsea,HOME,shots_on_target_for,1,6.0,6.0,0.0,6.0,6.0,6.0,6.0
2026-27,2026-08-30,Chelsea,HOME,shots_on_target_against,1,6.0,6.0,0.0,6.0,6.0,6.0,6.0
2026-27,2026-08-30,Chelsea,HOME,goals_for,1,4.0,4.0,0.0,4.0,4.0,4.0,4.0
2026-27,2026-08-30,Chelsea,HOME,goals_against,1,3.0,3.0,0.0,3.0,3.0,3.0,3.0
2026-27,2026-08-30,Chelsea,HOME,xg_for,1,2.93,2.93,0.0,2.93,2.93,2.93,2.93
2026-27,2026-08-30,Chelsea,HOME,xg_against,1,1.4,1.4,0.0,1.4,1.4,1.4,1.4
2026-27,2026-08-30,Chelsea,AWAY,fouls_committed,1,7.0,7.0,0.0,7.0,7.0,7.0,7.0
2026-27,2026-08-30,Chelsea,AWAY,fouls_suffered,1,12.0,12.0,0.0,12.0,12.0,12.0,12.0
2026-27,2026-08-30,Chelsea,AWAY,corners_for,1,4.0,4.0,0.0,4.0,4.0,4.0,4.0
2026-27,2026-08-30,Chelsea,AWAY,corners_against,1,6.0,6.0,0.0,6.0,6.0,6.0,6.0
2026-27,2026-08-30,Chelsea,AWAY,yellow_cards,1,3.0,3.0,0.0,3.0,3.0,3.0,3.0
2026-27,2026-08-30,Chelsea,AWAY,yellow_cards_opponent,1,2.0,2.0,0.0,2.0,2.0,2.0,2.0
2026-27,2026-08-30,Chelsea,AWAY,shots_for,1,18.0,18.0,0.0,18.0,18.0,18.0,18.0
2026-27,2026-08-30,Chelsea,AWAY,shots_against,1,14.0,14.0,0.0,14.0,14.0,14.0,14.0
2026-27,2026-08-30,Chelsea,AWAY,shots_on_target_for,1,6.0,6.0,0.0,6.0,6.0,6.0,6.0
2026-27,2026-08-30,Chelsea,AWAY,shots_on_target_against,1,6.0,6.0,0.0,6.0,6.0,6.0,6.0
2026-27,2026-08-30,Chelsea,AWAY,goals_for,1,3.0,3.0,0.0,3.0,3.0,3.0,3.0
2026-27,2026-08-30,Chelsea,AWAY,goals_against,1,2.0,2.0,0.0,2.0,2.0,2.0,2.0
2026-27,2026-08-30,Chelsea,AWAY,xg_for,1,1.7,1.7,0.0,1.7,1.7,1.7,1.7
2026-27,2026-08-30,Chelsea,AWAY,xg_against,1,1.35,1.35,0.0,1.35,1.35,1.35,1.35
2026-27,2026-08-29,Coventry,ALL,fouls_committed,2,12.0,12.0,1.4142135623730951,11.0,11.5,12.5,13.0
2026-27,2026-08-29,Coventry,ALL,fouls_suffered,2,9.0,9.0,1.4142135623730951,8.0,8.5,9.5,10.0
2026-27,2026-08-29,Coventry,ALL,corners_for,2,4.0,4.0,2.8284271247461903,2.0,3.0,5.0,6.0
2026-27,2026-08-29,Coventry,ALL,corners_against,2,5.0,5.0,4.242640687119285,2.0,3.5,6.5,8.0
2026-27,2026-08-29,Coventry,ALL,yellow_cards,2,1.0,1.0,0.0,1.0,1.0,1.0,1.0
2026-27,2026-08-29,Coventry,ALL,yellow_cards_opponent,2,2.5,2.5,2.1213203435596424,1.0,1.75,3.25,4.0
2026-27,2026-08-29,Coventry,ALL,shots_for,2,7.5,7.5,4.949747468305833,4.0,5.75,9.25,11.0
2026-27,2026-08-29,Coventry,ALL,shots_against,2,13.0,13.0,9.899494936611665,6.0,9.5,16.5,20.0
2026-27,2026-08-29,Coventry,ALL,shots_on_target_for,2,2.0,2.0,1.4142135623730951,1.0,1.5,2.5,3.0
2026-27,2026-08-29,Coventry,ALL,shots_on_target_against,2,4.0,4.0,2.8284271247461903,2.0,3.0,5.0,6.0
2026-27,2026-08-29,Coventry,ALL,goals_for,2,0.0,0.0,0.0,0.0,0.0,0.0,0.0
2026-27,2026-08-29,Coventry,ALL,goals_against,2,2.0,2.0,1.4142135623730951,1.0,1.5,2.5,3.0
2026-27,2026-08-29,Coventry,ALL,xg_for,2,0.74,0.74,0.7636753236814714,0.2,0.47000000000000003,1.01,1.28
2026-27,2026-08-29,Coventry,ALL,xg_against,2,1.305,1.305,0.8131727983645296,0.73,1.0175,1.5924999999999998,1.88
2026-27,2026-08-29,Coventry,HOME,fouls_committed,1,11.0,11.0,0.0,11.0,11.0,11.0,11.0
2026-27,2026-08-29,Coventry,HOME,fouls_suffered,1,8.0,8.0,0.0,8.0,8.0,8.0,8.0
2026-27,2026-08-29,Coventry,HOME,corners_for,1,6.0,6.0,0.0,6.0,6.0,6.0,6.0
2026-27,2026-08-29,Coventry,HOME,corners_against,1,2.0,2.0,0.0,2.0,2.0,2.0,2.0
2026-27,2026-08-29,Coventry,HOME,yellow_cards,1,1.0,1.0,0.0,1.0,1.0,1.0,1.0
2026-27,2026-08-29,Coventry,HOME,yellow_cards_opponent,1,4.0,4.0,0.0,4.0,4.0,4.0,4.0
2026-27,2026-08-29,Coventry,HOME,shots_for,1,11.0,11.0,0.0,11.0,11.0,11.0,11.0
2026-27,2026-08-29,Coventry,HOME,shots_against,1,6.0,6.0,0.0,6.0,6.0,6.0,6.0
2026-27,2026-08-29,Coventry,HOME,shots_on_target_for,1,3.0,3.0,0.0,3.0,3.0,3.0,3.0
2026-27,2026-08-29,Coventry,HOME,shots_on_target_against,1,2.0,2.0,0.0,2.0,2.0,2.0,2.0
2026-27,2026-08-29,Coventry,HOME,goals_for,1,0.0,0.0,0.0,0.0,0.0,0.0,0.0
2026-27,2026-08-29,Coventry,HOME,goals_against,1,1.0,1.0,0.0,1.0,1.0,1.0,1.0
2026-27,2026-08-29,Coventry,HOME,xg_for,1,1.28,1.28,0.0,1.28,1.28,1.28,1.28
2026-27,2026-08-29,Coventry,HOME,xg_against,1,0.73,0.73,0.0,0.73,0.73,0.73,0.73
2026-27,2026-08-29,Coventry,AWAY,fouls_committed,1,13.0,13.0,0.0,13.0,13.0,13.0,13.0
2026-27,2026-08-29,Coventry,AWAY,fouls_suffered,1,10.0,10.0,0.0,10.0,10.0,10.0,10.0
2026-27,2026-08-29,Coventry,AWAY,corners_for,1,2.0,2.0,0.0,2.0,2.0,2.0,2.0
2026-27,2026-08-29,Coventry,AWAY,corners_against,1,8.0,8.0,0.0,8.0,8.0,8.0,8.0
2026-27,2026-08-29,Coventry,AWAY,yellow_cards,1,1.0,1.0,0.0,1.0,1.0,1.0,1.0
2026-27,2026-08-29,Coventry,AWAY,yellow_cards_opponent,1,1.0,1.0,0.0,1.0,1.0,1.0,1.0
2026-27,2026-08-29,Coventry,AWAY,shots_for,1,4.0,4.0,0.0,4.0,4.0,4.0,4.0
2026-27,2026-08-29,Coventry,AWAY,shots_against,1,20.0,20.0,0.0,20.0,20.0,20.0,20.0
2026-27,2026-08-29,Coventry,AWAY,shots_on_target_for,1,1.0,1.0,0.0,1.0,1.0,1.0,1.0
2026-27,2026-08-29,Coventry,AWAY,shots_on_target_against,1,6.0,6.0,0.0,6.0,6.0,6.0,6.0
2026-27,2026-08-29,Coventry,AWAY,goals_for,1,0.0,0.0,0.0,0.0,0.0,0.0,0.0
2026-27,2026-08-29,Coventry,AWAY,goals_against,1,3.0,3.0,0.0,3.0,3.0,3.0,3.0
2026-27,2026-08-29,Coventry,AWAY,xg_for,1,0.2,0.2,0.0,0.2,0.2,0.2,0.2
2026-27,2026-08-29,Coventry,AWAY,xg_against,1,1.88,1.88,0.0,1.88,1.88,1.88,1.88
2026-27,2026-08-28,Crystal Palace,ALL,fouls_committed,2,11.5,11.5,4.949747468305833,8.0,9.75,13.25,15.0
2026-27,2026-08-28,Crystal Palace,ALL,fouls_suffered,2,8.0,8.0,4.242640687119285,5.0,6.5,9.5,11.0
2026-27,2026-08-28,Crystal Palace,ALL,corners_for,2,1.0,1.0,1.4142135623730951,0.0,0.5,1.5,2.0
2026-27,2026-08-28,Crystal Palace,ALL,corners_against,2,5.0,5.0,1.4142135623730951,4.0,4.5,5.5,6.0
2026-27,2026-08-28,Crystal Palace,ALL,yellow_cards,2,1.0,1.0,0.0,1.0,1.0,1.0,1.0
2026-27,2026-08-28,Crystal Palace,ALL,yellow_cards_opponent,2,1.0,1.0,1.4142135623730951,0.0,0.5,1.5,2.0
2026-27,2026-08-28,Crystal Palace,ALL,shots_for,2,10.0,10.0,1.4142135623730951,9.0,9.5,10.5,11.0
2026-27,2026-08-28,Crystal Palace,ALL,shots_against,2,17.0,17.0,1.4142135623730951,16.0,16.5,17.5,18.0
2026-27,2026-08-28,Crystal Palace,ALL,shots_on_target_for,2,2.5,2.5,2.1213203435596424,1.0,1.75,3.25,4.0
2026-27,2026-08-28,Crystal Palace,ALL,shots_on_target_against,2,7.0,7.0,2.8284271247461903,5.0,6.0,8.0,9.0
2026-27,2026-08-28,Crystal Palace,ALL,goals_for,2,0.5,0.5,0.7071067811865476,0.0,0.25,0.75,1.0
2026-27,2026-08-28,Crystal Palace,ALL,goals_against,2,3.0,3.0,1.4142135623730951,2.0,2.5,3.5,4.0
2026-27,2026-08-28,Crystal Palace,ALL,xg_for,2,1.31,1.31,0.9192388155425117,0.66,0.985,1.635,1.96
2026-27,2026-08-28,Crystal Palace,ALL,xg_against,2,1.665,1.665,0.7707463914933367,1.12,1.3925,1.9375,2.21
2026-27,2026-08-28,Crystal Palace,HOME,fouls_committed,1,8.0,8.0,0.0,8.0,8.0,8.0,8.0
2026-27,2026-08-28,Crystal Palace,HOME,fouls_suffered,1,11.0,11.0,0.0,11.0,11.0,11.0,11.0
2026-27,2026-08-28,Crystal Palace,HOME,corners_for,1,2.0,2.0,0.0,2.0,2.0,2.0,2.0
2026-27,2026-08-28,Crystal Palace,HOME,corners_against,1,6.0,6.0,0.0,6.0,6.0,6.0,6.0
2026-27,2026-08-28,Crystal Palace,HOME,yellow_cards,1,1.0,1.0,0.0,1.0,1.0,1.0,1.0
2026-27,2026-08-28,Crystal Palace,HOME,yellow_cards_opponent,1,2.0,2.0,0.0,2.0,2.0,2.0,2.0
2026-27,2026-08-28,Crystal Palace,HOME,shots_for,1,9.0,9.0,0.0,9.0,9.0,9.0,9.0
2026-27,2026-08-28,Crystal Palace,HOME,shots_against,1,18.0,18.0,0.0,18.0,18.0,18.0,18.0
2026-27,2026-08-28,Crystal Palace,HOME,shots_on_target_for,1,1.0,1.0,0.0,1.0,1.0,1.0,1.0
2026-27,2026-08-28,Crystal Palace,HOME,shots_on_target_against,1,9.0,9.0,0.0,9.0,9.0,9.0,9.0
2026-27,2026-08-28,Crystal Palace,HOME,goals_for,1,1.0,1.0,0.0,1.0,1.0,1.0,1.0
2026-27,2026-08-28,Crystal Palace,HOME,goals_against,1,4.0,4.0,0.0,4.0,4.0,4.0,4.0
2026-27,2026-08-28,Crystal Palace,HOME,xg_for,1,0.66,0.66,0.0,0.66,0.66,0.66,0.66
2026-27,2026-08-28,Crystal Palace,HOME,xg_against,1,2.21,2.21,0.0,2.21,2.21,2.21,2.21
2026-27,2026-08-28,Crystal Palace,AWAY,fouls_committed,1,15.0,15.0,0.0,15.0,15.0,15.0,15.0
2026-27,2026-08-28,Crystal Palace,AWAY,fouls_suffered,1,5.0,5.0,0.0,5.0,5.0,5.0,5.0
2026-27,2026-08-28,Crystal Palace,AWAY,corners_for,1,0.0,0.0,0.0,0.0,0.0,0.0,0.0
2026-27,2026-08-28,Crystal Palace,AWAY,corners_against,1,4.0,4.0,0.0,4.0,4.0,4.0,4.0
2026-27,2026-08-28,Crystal Palace,AWAY,yellow_cards,1,1.0,1.0,0.0,1.0,1.0,1.0,1.0
2026-27,2026-08-28,Crystal Palace,AWAY,yellow_cards_opponent,1,0.0,0.0,0.0,0.0,0.0,0.0,0.0
2026-27,2026-08-28,Crystal Palace,AWAY,shots_for,1,11.0,11.0,0.0,11.0,11.0,11.0,11.0
2026-27,2026-08-28,Crystal Palace,AWAY,shots_against,1,16.0,16.0,0.0,16.0,16.0,16.0,16.0
2026-27,2026-08-28,Crystal Palace,AWAY,shots_on_target_for,1,4.0,4.0,0.0,4.0,4.0,4.0,4.0
2026-27,2026-08-28,Crystal Palace,AWAY,shots_on_target_against,1,5.0,5.0,0.0,5.0,5.0,5.0,5.0
2026-27,2026-08-28,Crystal Palace,AWAY,goals_for,1,0.0,0.0,0.0,0.0,0.0,0.0,0.0
2026-27,2026-08-28,Crystal Palace,AWAY,goals_against,1,2.0,2.0,0.0,2.0,2.0,2.0,2.0
2026-27,2026-08-28,Crystal Palace,AWAY,xg_for,1,1.96,1.96,0.0,1.96,1.96,1.96,1.96
2026-27,2026-08-28,Crystal Palace,AWAY,xg_against,1,1.12,1.12,0.0,1.12,1.12,1.12,1.12
2026-27,2026-08-29,Everton,ALL,fouls_committed,2,9.5,9.5,6.363961030678928,5.0,7.25,11.75,14.0
2026-27,2026-08-29,Everton,ALL,fouls_suffered,2,13.0,13.0,2.8284271247461903,11.0,12.0,14.0,15.0
2026-27,2026-08-29,Everton,ALL,corners_for,2,5.5,5.5,2.1213203435596424,4.0,4.75,6.25,7.0
2026-27,2026-08-29,Everton,ALL,corners_against,2,5.0,5.0,7.0710678118654755,0.0,2.5,7.5,10.0
2026-27,2026-08-29,Everton,ALL,yellow_cards,2,1.0,1.0,1.4142135623730951,0.0,0.5,1.5,2.0
2026-27,2026-08-29,Everton,ALL,yellow_cards_opponent,2,2.0,2.0,1.4142135623730951,1.0,1.5,2.5,3.0
2026-27,2026-08-29,Everton,ALL,shots_for,2,14.5,14.5,2.1213203435596424,13.0,13.75,15.25,16.0
2026-27,2026-08-29,Everton,ALL,shots_against,2,14.0,14.0,4.242640687119285,11.0,12.5,15.5,17.0
2026-27,2026-08-29,Everton,ALL,shots_on_target_for,2,6.0,6.0,1.4142135623730951,5.0,5.5,6.5,7.0
2026-27,2026-08-29,Everton,ALL,shots_on_target_against,2,4.5,4.5,0.7071067811865476,4.0,4.25,4.75,5.0
2026-27,2026-08-29,Everton,ALL,goals_for,2,1.5,1.5,0.7071067811865476,1.0,1.25,1.75,2.0
2026-27,2026-08-29,Everton,ALL,goals_against,2,0.5,0.5,0.7071067811865476,0.0,0.25,0.75,1.0
2026-27,2026-08-29,Everton,ALL,xg_for,2,1.48,1.48,0.5091168824543142,1.12,1.3,1.6600000000000001,1.84
2026-27,2026-08-29,Everton,ALL,xg_against,2,2.0549999999999997,2.0549999999999997,0.134350288425444,1.96,2.0075,2.1025,2.15
2026-27,2026-08-29,Everton,HOME,fouls_committed,1,5.0,5.0,0.0,5.0,5.0,5.0,5.0
2026-27,2026-08-29,Everton,HOME,fouls_suffered,1,15.0,15.0,0.0,15.0,15.0,15.0,15.0
2026-27,2026-08-29,Everton,HOME,corners_for,1,4.0,4.0,0.0,4.0,4.0,4.0,4.0
2026-27,2026-08-29,Everton,HOME,corners_against,1,0.0,0.0,0.0,0.0,0.0,0.0,0.0
2026-27,2026-08-29,Everton,HOME,yellow_cards,1,0.0,0.0,0.0,0.0,0.0,0.0,0.0
2026-27,2026-08-29,Everton,HOME,yellow_cards_opponent,1,1.0,1.0,0.0,1.0,1.0,1.0,1.0
2026-27,2026-08-29,Everton,HOME,shots_for,1,16.0,16.0,0.0,16.0,16.0,16.0,16.0
2026-27,2026-08-29,Everton,HOME,shots_against,1,11.0,11.0,0.0,11.0,11.0,11.0,11.0
2026-27,2026-08-29,Everton,HOME,shots_on_target_for,1,5.0,5.0,0.0,5.0,5.0,5.0,5.0
2026-27,2026-08-29,Everton,HOME,shots_on_target_against,1,4.0,4.0,0.0,4.0,4.0,4.0,4.0
2026-27,2026-08-29,Everton,HOME,goals_for,1,2.0,2.0,0.0,2.0,2.0,2.0,2.0
2026-27,2026-08-29,Everton,HOME,goals_against,1,0.0,0.0,0.0,0.0,0.0,0.0,0.0
2026-27,2026-08-29,Everton,HOME,xg_for,1,1.12,1.12,0.0,1.12,1.12,1.12,1.12
2026-27,2026-08-29,Everton,HOME,xg_against,1,1.96,1.96,0.0,1.96,1.96,1.96,1.96
2026-27,2026-08-29,Everton,AWAY,fouls_committed,1,14.0,14.0,0.0,14.0,14.0,14.0,14.0
2026-27,2026-08-29,Everton,AWAY,fouls_suffered,1,11.0,11.0,0.0,11.0,11.0,11.0,11.0
2026-27,2026-08-29,Everton,AWAY,corners_for,1,7.0,7.0,0.0,7.0,7.0,7.0,7.0
2026-27,2026-08-29,Everton,AWAY,corners_against,1,10.0,10.0,0.0,10.0,10.0,10.0,10.0
2026-27,2026-08-29,Everton,AWAY,yellow_cards,1,2.0,2.0,0.0,2.0,2.0,2.0,2.0
2026-27,2026-08-29,Everton,AWAY,yellow_cards_opponent,1,3.0,3.0,0.0,3.0,3.0,3.0,3.0
2026-27,2026-08-29,Everton,AWAY,shots_for,1,13.0,13.0,0.0,13.0,13.0,13.0,13.0
2026-27,2026-08-29,Everton,AWAY,shots_against,1,17.0,17.0,0.0,17.0,17.0,17.0,17.0
2026-27,2026-08-29,Everton,AWAY,shots_on_target_for,1,7.0,7.0,0.0,7.0,7.0,7.0,7.0
2026-27,2026-08-29,Everton,AWAY,shots_on_target_against,1,5.0,5.0,0.0,5.0,5.0,5.0,5.0
2026-27,2026-08-29,Everton,AWAY,goals_for,1,1.0,1.0,0.0,1.0,1.0,1.0,1.0
2026-27,2026-08-29,Everton,AWAY,goals_against,1,1.0,1.0,0.0,1.0,1.0,1.0,1.0
2026-27,2026-08-29,Everton,AWAY,xg_for,1,1.84,1.84,0.0,1.84,1.84,1.84,1.84
2026-27,2026-08-29,Everton,AWAY,xg_against,1,2.15,2.15,0.0,2.15,2.15,2.15,2.15
2026-27,2026-08-30,Fulham,ALL,fouls_committed,2,13.5,13.5,2.1213203435596424,12.0,12.75,14.25,15.0
2026-27,2026-08-30,Fulham,ALL,fouls_suffered,2,8.5,8.5,2.1213203435596424,7.0,7.75,9.25,10.0
2026-27,2026-08-30,Fulham,ALL,corners_for,2,5.0,5.0,1.4142135623730951,4.0,4.5,5.5,6.0
2026-27,2026-08-30,Fulham,ALL,corners_against,2,3.5,3.5,0.7071067811865476,3.0,3.25,3.75,4.0
2026-27,2026-08-30,Fulham,ALL,yellow_cards,2,2.0,2.0,0.0,2.0,2.0,2.0,2.0
2026-27,2026-08-30,Fulham,ALL,yellow_cards_opponent,2,1.5,1.5,2.1213203435596424,0.0,0.75,2.25,3.0
2026-27,2026-08-30,Fulham,ALL,shots_for,2,12.5,12.5,2.1213203435596424,11.0,11.75,13.25,14.0
2026-27,2026-08-30,Fulham,ALL,shots_against,2,15.0,15.0,4.242640687119285,12.0,13.5,16.5,18.0
2026-27,2026-08-30,Fulham,ALL,shots_on_target_for,2,3.0,3.0,4.242640687119285,0.0,1.5,4.5,6.0
2026-27,2026-08-30,Fulham,ALL,shots_on_target_against,2,5.0,5.0,1.4142135623730951,4.0,4.5,5.5,6.0
2026-27,2026-08-30,Fulham,ALL,goals_for,2,1.0,1.0,1.4142135623730951,0.0,0.5,1.5,2.0
2026-27,2026-08-30,Fulham,ALL,goals_against,2,2.0,2.0,1.4142135623730951,1.0,1.5,2.5,3.0
2026-27,2026-08-30,Fulham,ALL,xg_for,2,1.15,1.15,0.28284271247461906,0.95,1.05,1.25,1.35
2026-27,2026-08-30,Fulham,ALL,xg_against,2,1.8599999999999999,1.8599999999999999,0.22627416997969527,1.7,1.78,1.94,2.02
2026-27,2026-08-30,Fulham,HOME,fouls_committed,1,12.0,12.0,0.0,12.0,12.0,12.0,12.0
2026-27,2026-08-30,Fulham,HOME,fouls_suffered,1,7.0,7.0,0.0,7.0,7.0,7.0,7.0
2026-27,2026-08-30,Fulham,HOME,corners_for,1,6.0,6.0,0.0,6.0,6.0,6.0,6.0
2026-27,2026-08-30,Fulham,HOME,corners_against,1,4.0,4.0,0.0,4.0,4.0,4.0,4.0
2026-27,2026-08-30,Fulham,HOME,yellow_cards,1,2.0,2.0,0.0,2.0,2.0,2.0,2.0
2026-27,2026-08-30,Fulham,HOME,yellow_cards_opponent,1,3.0,3.0,0.0,3.0,3.0,3.0,3.0
2026-27,2026-08-30,Fulham,HOME,shots_for,1,14.0,14.0,0.0,14.0,14.0,14.0,14.0
2026-27,2026-08-30,Fulham,HOME,shots_against,1,18.0,18.0,0.0,18.0,18.0,18.0,18.0
2026-27,2026-08-30,Fulham,HOME,shots_on_target_for,1,6.0,6.0,0.0,6.0,6.0,6.0,6.0
2026-27,2026-08-30,Fulham,HOME,shots_on_target_against,1,6.0,6.0,0.0,6.0,6.0,6.0,6.0
2026-27,2026-08-30,Fulham,HOME,goals_for,1,2.0,2.0,0.0,2.0,2.0,2.0,2.0
2026-27,2026-08-30,Fulham,HOME,goals_against,1,3.0,3.0,0.0,3.0,3.0,3.0,3.0
2026-27,2026-08-30,Fulham,HOME,xg_for,1,1.35,1.35,0.0,1.35,1.35,1.35,1.35
2026-27,2026-08-30,Fulham,HOME,xg_against,1,1.7,1.7,0.0,1.7,1.7,1.7,1.7
2026-27,2026-08-30,Fulham,AWAY,fouls_committed,1,15.0,15.0,0.0,15.0,15.0,15.0,15.0
2026-27,2026-08-30,Fulham,AWAY,fouls_suffered,1,10.0,10.0,0.0,10.0,10.0,10.0,10.0
2026-27,2026-08-30,Fulham,AWAY,corners_for,1,4.0,4.0,0.0,4.0,4.0,4.0,4.0
2026-27,2026-08-30,Fulham,AWAY,corners_against,1,3.0,3.0,0.0,3.0,3.0,3.0,3.0
2026-27,2026-08-30,Fulham,AWAY,yellow_cards,1,2.0,2.0,0.0,2.0,2.0,2.0,2.0
2026-27,2026-08-30,Fulham,AWAY,yellow_cards_opponent,1,0.0,0.0,0.0,0.0,0.0,0.0,0.0
2026-27,2026-08-30,Fulham,AWAY,shots_for,1,11.0,11.0,0.0,11.0,11.0,11.0,11.0
2026-27,2026-08-30,Fulham,AWAY,shots_against,1,12.0,12.0,0.0,12.0,12.0,12.0,12.0
2026-27,2026-08-30,Fulham,AWAY,shots_on_target_for,1,0.0,0.0,0.0,0.0,0.0,0.0,0.0
2026-27,2026-08-30,Fulham,AWAY,shots_on_target_against,1,4.0,4.0,0.0,4.0,4.0,4.0,4.0
2026-27,2026-08-30,Fulham,AWAY,goals_for,1,0.0,0.0,0.0,0.0,0.0,0.0,0.0
2026-27,2026-08-30,Fulham,AWAY,goals_against,1,1.0,1.0,0.0,1.0,1.0,1.0,1.0
2026-27,2026-08-30,Fulham,AWAY,xg_for,1,0.95,0.95,0.0,0.95,0.95,0.95,0.95
2026-27,2026-08-30,Fulham,AWAY,xg_against,1,2.02,2.02,0.0,2.02,2.02,2.02,2.02
2026-27,2026-08-29,Hull,ALL,fouls_committed,2,9.0,9.0,1.4142135623730951,8.0,8.5,9.5,10.0
2026-27,2026-08-29,Hull,ALL,fouls_suffered,2,10.0,10.0,1.4142135623730951,9.0,9.5,10.5,11.0
2026-27,2026-08-29,Hull,ALL,corners_for,2,1.5,1.5,0.7071067811865476,1.0,1.25,1.75,2.0
2026-27,2026-08-29,Hull,ALL,corners_against,2,6.0,6.0,0.0,6.0,6.0,6.0,6.0
2026-27,2026-08-29,Hull,ALL,yellow_cards,2,3.0,3.0,1.4142135623730951,2.0,2.5,3.5,4.0
2026-27,2026-08-29,Hull,ALL,yellow_cards_opponent,2,1.0,1.0,0.0,1.0,1.0,1.0,1.0
2026-27,2026-08-29,Hull,ALL,shots_for,2,7.0,7.0,1.4142135623730951,6.0,6.5,7.5,8.0
2026-27,2026-08-29,Hull,ALL,shots_against,2,16.0,16.0,7.0710678118654755,11.0,13.5,18.5,21.0
2026-27,2026-08-29,Hull,ALL,shots_on_target_for,2,3.0,3.0,1.4142135623730951,2.0,2.5,3.5,4.0
2026-27,2026-08-29,Hull,ALL,shots_on_target_against,2,4.0,4.0,1.4142135623730951,3.0,3.5,4.5,5.0
2026-27,2026-08-29,Hull,ALL,goals_for,2,1.5,1.5,0.7071067811865476,1.0,1.25,1.75,2.0
2026-27,2026-08-29,Hull,ALL,goals_against,2,0.0,0.0,0.0,0.0,0.0,0.0,0.0
2026-27,2026-08-29,Hull,ALL,xg_for,2,0.87,0.87,0.19798989873223333,0.73,0.8,0.94,1.01
2026-27,2026-08-29,Hull,ALL,xg_against,2,1.5550000000000002,1.5550000000000002,0.38890872965260115,1.28,1.4175,1.6925000000000001,1.83
2026-27,2026-08-29,Hull,HOME,fouls_committed,1,10.0,10.0,0.0,10.0,10.0,10.0,10.0
2026-27,2026-08-29,Hull,HOME,fouls_suffered,1,9.0,9.0,0.0,9.0,9.0,9.0,9.0
2026-27,2026-08-29,Hull,HOME,corners_for,1,1.0,1.0,0.0,1.0,1.0,1.0,1.0
2026-27,2026-08-29,Hull,HOME,corners_against,1,6.0,6.0,0.0,6.0,6.0,6.0,6.0
2026-27,2026-08-29,Hull,HOME,yellow_cards,1,2.0,2.0,0.0,2.0,2.0,2.0,2.0
2026-27,2026-08-29,Hull,HOME,yellow_cards_opponent,1,1.0,1.0,0.0,1.0,1.0,1.0,1.0
2026-27,2026-08-29,Hull,HOME,shots_for,1,8.0,8.0,0.0,8.0,8.0,8.0,8.0
2026-27,2026-08-29,Hull,HOME,shots_against,1,21.0,21.0,0.0,21.0,21.0,21.0,21.0
2026-27,2026-08-29,Hull,HOME,shots_on_target_for,1,4.0,4.0,0.0,4.0,4.0,4.0,4.0
2026-27,2026-08-29,Hull,HOME,shots_on_target_against,1,5.0,5.0,0.0,5.0,5.0,5.0,5.0
2026-27,2026-08-29,Hull,HOME,goals_for,1,2.0,2.0,0.0,2.0,2.0,2.0,2.0
2026-27,2026-08-29,Hull,HOME,goals_against,1,0.0,0.0,0.0,0.0,0.0,0.0,0.0
2026-27,2026-08-29,Hull,HOME,xg_for,1,1.01,1.01,0.0,1.01,1.01,1.01,1.01
2026-27,2026-08-29,Hull,HOME,xg_against,1,1.83,1.83,0.0,1.83,1.83,1.83,1.83
2026-27,2026-08-29,Hull,AWAY,fouls_committed,1,8.0,8.0,0.0,8.0,8.0,8.0,8.0
2026-27,2026-08-29,Hull,AWAY,fouls_suffered,1,11.0,11.0,0.0,11.0,11.0,11.0,11.0
2026-27,2026-08-29,Hull,AWAY,corners_for,1,2.0,2.0,0.0,2.0,2.0,2.0,2.0
2026-27,2026-08-29,Hull,AWAY,corners_against,1,6.0,6.0,0.0,6.0,6.0,6.0,6.0
2026-27,2026-08-29,Hull,AWAY,yellow_cards,1,4.0,4.0,0.0,4.0,4.0,4.0,4.0
2026-27,2026-08-29,Hull,AWAY,yellow_cards_opponent,1,1.0,1.0,0.0,1.0,1.0,1.0,1.0
2026-27,2026-08-29,Hull,AWAY,shots_for,1,6.0,6.0,0.0,6.0,6.0,6.0,6.0
2026-27,2026-08-29,Hull,AWAY,shots_against,1,11.0,11.0,0.0,11.0,11.0,11.0,11.0
2026-27,2026-08-29,Hull,AWAY,shots_on_target_for,1,2.0,2.0,0.0,2.0,2.0,2.0,2.0
2026-27,2026-08-29,Hull,AWAY,shots_on_target_against,1,3.0,3.0,0.0,3.0,3.0,3.0,3.0
2026-27,2026-08-29,Hull,AWAY,goals_for,1,1.0,1.0,0.0,1.0,1.0,1.0,1.0
2026-27,2026-08-29,Hull,AWAY,goals_against,1,0.0,0.0,0.0,0.0,0.0,0.0,0.0
2026-27,2026-08-29,Hull,AWAY,xg_for,1,0.73,0.73,0.0,0.73,0.73,0.73,0.73
2026-27,2026-08-29,Hull,AWAY,xg_against,1,1.28,1.28,0.0,1.28,1.28,1.28,1.28
2026-27,2026-08-30,Ipswich,ALL,fouls_committed,2,12.0,12.0,0.0,12.0,12.0,12.0,12.0
2026-27,2026-08-30,Ipswich,ALL,fouls_suffered,2,10.5,10.5,4.949747468305833,7.0,8.75,12.25,14.0
2026-27,2026-08-30,Ipswich,ALL,corners_for,2,3.5,3.5,0.7071067811865476,3.0,3.25,3.75,4.0
2026-27,2026-08-30,Ipswich,ALL,corners_against,2,6.5,6.5,2.1213203435596424,5.0,5.75,7.25,8.0
2026-27,2026-08-30,Ipswich,ALL,yellow_cards,2,1.5,1.5,2.1213203435596424,0.0,0.75,2.25,3.0
2026-27,2026-08-30,Ipswich,ALL,yellow_cards_opponent,2,2.0,2.0,1.4142135623730951,1.0,1.5,2.5,3.0
2026-27,2026-08-30,Ipswich,ALL,shots_for,2,9.5,9.5,0.7071067811865476,9.0,9.25,9.75,10.0
2026-27,2026-08-30,Ipswich,ALL,shots_against,2,22.0,22.0,15.556349186104045,11.0,16.5,27.5,33.0
2026-27,2026-08-30,Ipswich,ALL,shots_on_target_for,2,4.0,4.0,1.4142135623730951,3.0,3.5,4.5,5.0
2026-27,2026-08-30,Ipswich,ALL,shots_on_target_against,2,7.5,7.5,4.949747468305833,4.0,5.75,9.25,11.0
2026-27,2026-08-30,Ipswich,ALL,goals_for,2,2.0,2.0,0.0,2.0,2.0,2.0,2.0
2026-27,2026-08-30,Ipswich,ALL,goals_against,2,3.0,3.0,2.8284271247461903,1.0,2.0,4.0,5.0
2026-27,2026-08-30,Ipswich,ALL,xg_for,2,1.9049999999999998,1.9049999999999998,0.1484924240491748,1.8,1.8525,1.9574999999999998,2.01
2026-27,2026-08-30,Ipswich,ALL,xg_against,2,2.61,2.61,2.757716446627535,0.66,1.6349999999999998,3.585,4.56
2026-27,2026-08-30,Ipswich,HOME,fouls_committed,1,12.0,12.0,0.0,12.0,12.0,12.0,12.0
2026-27,2026-08-30,Ipswich,HOME,fouls_suffered,1,14.0,14.0,0.0,14.0,14.0,14.0,14.0
2026-27,2026-08-30,Ipswich,HOME,corners_for,1,3.0,3.0,0.0,3.0,3.0,3.0,3.0
2026-27,2026-08-30,Ipswich,HOME,corners_against,1,5.0,5.0,0.0,5.0,5.0,5.0,5.0
2026-27,2026-08-30,Ipswich,HOME,yellow_cards,1,0.0,0.0,0.0,0.0,0.0,0.0,0.0
2026-27,2026-08-30,Ipswich,HOME,yellow_cards_opponent,1,3.0,3.0,0.0,3.0,3.0,3.0,3.0
2026-27,2026-08-30,Ipswich,HOME,shots_for,1,10.0,10.0,0.0,10.0,10.0,10.0,10.0
2026-27,2026-08-30,Ipswich,HOME,shots_against,1,11.0,11.0,0.0,11.0,11.0,11.0,11.0
2026-27,2026-08-30,Ipswich,HOME,shots_on_target_for,1,3.0,3.0,0.0,3.0,3.0,3.0,3.0
2026-27,2026-08-30,Ipswich,HOME,shots_on_target_against,1,4.0,4.0,0.0,4.0,4.0,4.0,4.0
2026-27,2026-08-30,Ipswich,HOME,goals_for,1,2.0,2.0,0.0,2.0,2.0,2.0,2.0
2026-27,2026-08-30,Ipswich,HOME,goals_against,1,1.0,1.0,0.0,1.0,1.0,1.0,1.0
2026-27,2026-08-30,Ipswich,HOME,xg_for,1,1.8,1.8,0.0,1.8,1.8,1.8,1.8
2026-27,2026-08-30,Ipswich,HOME,xg_against,1,0.66,0.66,0.0,0.66,0.66,0.66,0.66
2026-27,2026-08-30,Ipswich,AWAY,fouls_committed,1,12.0,12.0,0.0,12.0,12.0,12.0,12.0
2026-27,2026-08-30,Ipswich,AWAY,fouls_suffered,1,7.0,7.0,0.0,7.0,7.0,7.0,7.0
2026-27,2026-08-30,Ipswich,AWAY,corners_for,1,4.0,4.0,0.0,4.0,4.0,4.0,4.0
2026-27,2026-08-30,Ipswich,AWAY,corners_against,1,8.0,8.0,0.0,8.0,8.0,8.0,8.0
2026-27,2026-08-30,Ipswich,AWAY,yellow_cards,1,3.0,3.0,0.0,3.0,3.0,3.0,3.0
2026-27,2026-08-30,Ipswich,AWAY,yellow_cards_opponent,1,1.0,1.0,0.0,1.0,1.0,1.0,1.0
2026-27,2026-08-30,Ipswich,AWAY,shots_for,1,9.0,9.0,0.0,9.0,9.0,9.0,9.0
2026-27,2026-08-30,Ipswich,AWAY,shots_against,1,33.0,33.0,0.0,33.0,33.0,33.0,33.0
2026-27,2026-08-30,Ipswich,AWAY,shots_on_target_for,1,5.0,5.0,0.0,5.0,5.0,5.0,5.0
2026-27,2026-08-30,Ipswich,AWAY,shots_on_target_against,1,11.0,11.0,0.0,11.0,11.0,11.0,11.0
2026-27,2026-08-30,Ipswich,AWAY,goals_for,1,2.0,2.0,0.0,2.0,2.0,2.0,2.0
2026-27,2026-08-30,Ipswich,AWAY,goals_against,1,5.0,5.0,0.0,5.0,5.0,5.0,5.0
2026-27,2026-08-30,Ipswich,AWAY,xg_for,1,2.01,2.01,0.0,2.01,2.01,2.01,2.01
2026-27,2026-08-30,Ipswich,AWAY,xg_against,1,4.56,4.56,0.0,4.56,4.56,4.56,4.56
2026-27,2026-08-30,Leeds,ALL,fouls_committed,2,9.5,9.5,6.363961030678928,5.0,7.25,11.75,14.0
2026-27,2026-08-30,Leeds,ALL,fouls_suffered,2,14.0,14.0,1.4142135623730951,13.0,13.5,14.5,15.0
2026-27,2026-08-30,Leeds,ALL,corners_for,2,3.5,3.5,2.1213203435596424,2.0,2.75,4.25,5.0
2026-27,2026-08-30,Leeds,ALL,corners_against,2,4.5,4.5,2.1213203435596424,3.0,3.75,5.25,6.0
2026-27,2026-08-30,Leeds,ALL,yellow_cards,2,0.5,0.5,0.7071067811865476,0.0,0.25,0.75,1.0
2026-27,2026-08-30,Leeds,ALL,yellow_cards_opponent,2,3.0,3.0,1.4142135623730951,2.0,2.5,3.5,4.0
2026-27,2026-08-30,Leeds,ALL,shots_for,2,11.5,11.5,0.7071067811865476,11.0,11.25,11.75,12.0
2026-27,2026-08-30,Leeds,ALL,shots_against,2,17.0,17.0,7.0710678118654755,12.0,14.5,19.5,22.0
2026-27,2026-08-30,Leeds,ALL,shots_on_target_for,2,2.5,2.5,0.7071067811865476,2.0,2.25,2.75,3.0
2026-27,2026-08-30,Leeds,ALL,shots_on_target_against,2,3.5,3.5,2.1213203435596424,2.0,2.75,4.25,5.0
2026-27,2026-08-30,Leeds,ALL,goals_for,2,1.0,1.0,0.0,1.0,1.0,1.0,1.0
2026-27,2026-08-30,Leeds,ALL,goals_against,2,0.5,0.5,0.7071067811865476,0.0,0.25,0.75,1.0
2026-27,2026-08-30,Leeds,ALL,xg_for,2,0.95,0.95,0.6788225099390857,0.47,0.71,1.19,1.43
2026-27,2026-08-30,Leeds,ALL,xg_against,2,1.11,1.11,0.6363961030678927,0.66,0.885,1.335,1.56
2026-27,2026-08-30,Leeds,HOME,fouls_committed,1,5.0,5.0,0.0,5.0,5.0,5.0,5.0
2026-27,2026-08-30,Leeds,HOME,fouls_suffered,1,13.0,13.0,0.0,13.0,13.0,13.0,13.0
2026-27,2026-08-30,Leeds,HOME,corners_for,1,5.0,5.0,0.0,5.0,5.0,5.0,5.0
2026-27,2026-08-30,Leeds,HOME,corners_against,1,6.0,6.0,0.0,6.0,6.0,6.0,6.0
2026-27,2026-08-30,Leeds,HOME,yellow_cards,1,0.0,0.0,0.0,0.0,0.0,0.0,0.0
2026-27,2026-08-30,Leeds,HOME,yellow_cards_opponent,1,4.0,4.0,0.0,4.0,4.0,4.0,4.0
2026-27,2026-08-30,Leeds,HOME,shots_for,1,12.0,12.0,0.0,12.0,12.0,12.0,12.0
2026-27,2026-08-30,Leeds,HOME,shots_against,1,22.0,22.0,0.0,22.0,22.0,22.0,22.0
2026-27,2026-08-30,Leeds,HOME,shots_on_target_for,1,2.0,2.0,0.0,2.0,2.0,2.0,2.0
2026-27,2026-08-30,Leeds,HOME,shots_on_target_against,1,5.0,5.0,0.0,5.0,5.0,5.0,5.0
2026-27,2026-08-30,Leeds,HOME,goals_for,1,1.0,1.0,0.0,1.0,1.0,1.0,1.0
2026-27,2026-08-30,Leeds,HOME,goals_against,1,1.0,1.0,0.0,1.0,1.0,1.0,1.0
2026-27,2026-08-30,Leeds,HOME,xg_for,1,1.43,1.43,0.0,1.43,1.43,1.43,1.43
2026-27,2026-08-30,Leeds,HOME,xg_against,1,1.56,1.56,0.0,1.56,1.56,1.56,1.56
2026-27,2026-08-30,Leeds,AWAY,fouls_committed,1,14.0,14.0,0.0,14.0,14.0,14.0,14.0
2026-27,2026-08-30,Leeds,AWAY,fouls_suffered,1,15.0,15.0,0.0,15.0,15.0,15.0,15.0
2026-27,2026-08-30,Leeds,AWAY,corners_for,1,2.0,2.0,0.0,2.0,2.0,2.0,2.0
2026-27,2026-08-30,Leeds,AWAY,corners_against,1,3.0,3.0,0.0,3.0,3.0,3.0,3.0
2026-27,2026-08-30,Leeds,AWAY,yellow_cards,1,1.0,1.0,0.0,1.0,1.0,1.0,1.0
2026-27,2026-08-30,Leeds,AWAY,yellow_cards_opponent,1,2.0,2.0,0.0,2.0,2.0,2.0,2.0
2026-27,2026-08-30,Leeds,AWAY,shots_for,1,11.0,11.0,0.0,11.0,11.0,11.0,11.0
2026-27,2026-08-30,Leeds,AWAY,shots_against,1,12.0,12.0,0.0,12.0,12.0,12.0,12.0
2026-27,2026-08-30,Leeds,AWAY,shots_on_target_for,1,3.0,3.0,0.0,3.0,3.0,3.0,3.0
2026-27,2026-08-30,Leeds,AWAY,shots_on_target_against,1,2.0,2.0,0.0,2.0,2.0,2.0,2.0
2026-27,2026-08-30,Leeds,AWAY,goals_for,1,1.0,1.0,0.0,1.0,1.0,1.0,1.0
2026-27,2026-08-30,Leeds,AWAY,goals_against,1,0.0,0.0,0.0,0.0,0.0,0.0,0.0
2026-27,2026-08-30,Leeds,AWAY,xg_for,1,0.47,0.47,0.0,0.47,0.47,0.47,0.47
2026-27,2026-08-30,Leeds,AWAY,xg_against,1,0.66,0.66,0.0,0.66,0.66,0.66,0.66
2026-27,2026-08-29,Liverpool,ALL,fouls_committed,2,14.0,14.0,1.4142135623730951,13.0,13.5,14.5,15.0
2026-27,2026-08-29,Liverpool,ALL,fouls_suffered,2,13.0,13.0,4.242640687119285,10.0,11.5,14.5,16.0
2026-27,2026-08-29,Liverpool,ALL,corners_for,2,4.5,4.5,2.1213203435596424,3.0,3.75,5.25,6.0
2026-27,2026-08-29,Liverpool,ALL,corners_against,2,3.5,3.5,2.1213203435596424,2.0,2.75,4.25,5.0
2026-27,2026-08-29,Liverpool,ALL,yellow_cards,2,3.5,3.5,0.7071067811865476,3.0,3.25,3.75,4.0
2026-27,2026-08-29,Liverpool,ALL,yellow_cards_opponent,2,3.5,3.5,2.1213203435596424,2.0,2.75,4.25,5.0
2026-27,2026-08-29,Liverpool,ALL,shots_for,2,20.0,20.0,9.899494936611665,13.0,16.5,23.5,27.0
2026-27,2026-08-29,Liverpool,ALL,shots_against,2,12.5,12.5,0.7071067811865476,12.0,12.25,12.75,13.0
2026-27,2026-08-29,Liverpool,ALL,shots_on_target_for,2,5.5,5.5,2.1213203435596424,4.0,4.75,6.25,7.0
2026-27,2026-08-29,Liverpool,ALL,shots_on_target_against,2,3.5,3.5,0.7071067811865476,3.0,3.25,3.75,4.0
2026-27,2026-08-29,Liverpool,ALL,goals_for,2,2.0,2.0,0.0,2.0,2.0,2.0,2.0
2026-27,2026-08-29,Liverpool,ALL,goals_against,2,2.0,2.0,0.0,2.0,2.0,2.0,2.0
2026-27,2026-08-29,Liverpool,ALL,xg_for,2,2.365,2.365,0.8697413408594534,1.75,2.0575,2.6725,2.98
2026-27,2026-08-29,Liverpool,ALL,xg_against,2,1.935,1.935,0.5161879502661796,1.57,1.7525,2.1174999999999997,2.3
2026-27,2026-08-29,Liverpool,HOME,fouls_committed,1,13.0,13.0,0.0,13.0,13.0,13.0,13.0
2026-27,2026-08-29,Liverpool,HOME,fouls_suffered,1,10.0,10.0,0.0,10.0,10.0,10.0,10.0
2026-27,2026-08-29,Liverpool,HOME,corners_for,1,3.0,3.0,0.0,3.0,3.0,3.0,3.0
2026-27,2026-08-29,Liverpool,HOME,corners_against,1,5.0,5.0,0.0,5.0,5.0,5.0,5.0
2026-27,2026-08-29,Liverpool,HOME,yellow_cards,1,4.0,4.0,0.0,4.0,4.0,4.0,4.0
2026-27,2026-08-29,Liverpool,HOME,yellow_cards_opponent,1,2.0,2.0,0.0,2.0,2.0,2.0,2.0
2026-27,2026-08-29,Liverpool,HOME,shots_for,1,13.0,13.0,0.0,13.0,13.0,13.0,13.0
2026-27,2026-08-29,Liverpool,HOME,shots_against,1,12.0,12.0,0.0,12.0,12.0,12.0,12.0
2026-27,2026-08-29,Liverpool,HOME,shots_on_target_for,1,4.0,4.0,0.0,4.0,4.0,4.0,4.0
2026-27,2026-08-29,Liverpool,HOME,shots_on_target_against,1,3.0,3.0,0.0,3.0,3.0,3.0,3.0
2026-27,2026-08-29,Liverpool,HOME,goals_for,1,2.0,2.0,0.0,2.0,2.0,2.0,2.0
2026-27,2026-08-29,Liverpool,HOME,goals_against,1,2.0,2.0,0.0,2.0,2.0,2.0,2.0
2026-27,2026-08-29,Liverpool,HOME,xg_for,1,1.75,1.75,0.0,1.75,1.75,1.75,1.75
2026-27,2026-08-29,Liverpool,HOME,xg_against,1,2.3,2.3,0.0,2.3,2.3,2.3,2.3
2026-27,2026-08-29,Liverpool,AWAY,fouls_committed,1,15.0,15.0,0.0,15.0,15.0,15.0,15.0
2026-27,2026-08-29,Liverpool,AWAY,fouls_suffered,1,16.0,16.0,0.0,16.0,16.0,16.0,16.0
2026-27,2026-08-29,Liverpool,AWAY,corners_for,1,6.0,6.0,0.0,6.0,6.0,6.0,6.0
2026-27,2026-08-29,Liverpool,AWAY,corners_against,1,2.0,2.0,0.0,2.0,2.0,2.0,2.0
2026-27,2026-08-29,Liverpool,AWAY,yellow_cards,1,3.0,3.0,0.0,3.0,3.0,3.0,3.0
2026-27,2026-08-29,Liverpool,AWAY,yellow_cards_opponent,1,5.0,5.0,0.0,5.0,5.0,5.0,5.0
2026-27,2026-08-29,Liverpool,AWAY,shots_for,1,27.0,27.0,0.0,27.0,27.0,27.0,27.0
2026-27,2026-08-29,Liverpool,AWAY,shots_against,1,13.0,13.0,0.0,13.0,13.0,13.0,13.0
2026-27,2026-08-29,Liverpool,AWAY,shots_on_target_for,1,7.0,7.0,0.0,7.0,7.0,7.0,7.0
2026-27,2026-08-29,Liverpool,AWAY,shots_on_target_against,1,4.0,4.0,0.0,4.0,4.0,4.0,4.0
2026-27,2026-08-29,Liverpool,AWAY,goals_for,1,2.0,2.0,0.0,2.0,2.0,2.0,2.0
2026-27,2026-08-29,Liverpool,AWAY,goals_against,1,2.0,2.0,0.0,2.0,2.0,2.0,2.0
2026-27,2026-08-29,Liverpool,AWAY,xg_for,1,2.98,2.98,0.0,2.98,2.98,2.98,2.98
2026-27,2026-08-29,Liverpool,AWAY,xg_against,1,1.57,1.57,0.0,1.57,1.57,1.57,1.57
2026-27,2026-08-28,Manchester City,ALL,fouls_committed,2,11.0,11.0,0.0,11.0,11.0,11.0,11.0
2026-27,2026-08-28,Manchester City,ALL,fouls_suffered,2,9.5,9.5,2.1213203435596424,8.0,8.75,10.25,11.0
2026-27,2026-08-28,Manchester City,ALL,corners_for,2,7.0,7.0,1.4142135623730951,6.0,6.5,7.5,8.0
2026-27,2026-08-28,Manchester City,ALL,corners_against,2,2.5,2.5,0.7071067811865476,2.0,2.25,2.75,3.0
2026-27,2026-08-28,Manchester City,ALL,yellow_cards,2,1.5,1.5,0.7071067811865476,1.0,1.25,1.75,2.0
2026-27,2026-08-28,Manchester City,ALL,yellow_cards_opponent,2,1.5,1.5,0.7071067811865476,1.0,1.25,1.75,2.0
2026-27,2026-08-28,Manchester City,ALL,shots_for,2,15.5,15.5,3.5355339059327378,13.0,14.25,16.75,18.0
2026-27,2026-08-28,Manchester City,ALL,shots_against,2,7.0,7.0,2.8284271247461903,5.0,6.0,8.0,9.0
2026-27,2026-08-28,Manchester City,ALL,shots_on_target_for,2,7.5,7.5,2.1213203435596424,6.0,6.75,8.25,9.0
2026-27,2026-08-28,Manchester City,ALL,shots_on_target_against,2,2.5,2.5,2.1213203435596424,1.0,1.75,3.25,4.0
2026-27,2026-08-28,Manchester City,ALL,goals_for,2,3.0,3.0,1.4142135623730951,2.0,2.5,3.5,4.0
2026-27,2026-08-28,Manchester City,ALL,goals_against,2,1.0,1.0,0.0,1.0,1.0,1.0,1.0
2026-27,2026-08-28,Manchester City,ALL,xg_for,2,2.285,2.285,0.10606601717798206,2.21,2.2475,2.3225,2.36
2026-27,2026-08-28,Manchester City,ALL,xg_against,2,0.645,0.645,0.021213203435596444,0.63,0.6375,0.6525000000000001,0.66
2026-27,2026-08-28,Manchester City,HOME,fouls_committed,1,11.0,11.0,0.0,11.0,11.0,11.0,11.0
2026-27,2026-08-28,Manchester City,HOME,fouls_suffered,1,11.0,11.0,0.0,11.0,11.0,11.0,11.0
2026-27,2026-08-28,Manchester City,HOME,corners_for,1,8.0,8.0,0.0,8.0,8.0,8.0,8.0
2026-27,2026-08-28,Manchester City,HOME,corners_against,1,3.0,3.0,0.0,3.0,3.0,3.0,3.0
2026-27,2026-08-28,Manchester City,HOME,yellow_cards,1,1.0,1.0,0.0,1.0,1.0,1.0,1.0
2026-27,2026-08-28,Manchester City,HOME,yellow_cards_opponent,1,2.0,2.0,0.0,2.0,2.0,2.0,2.0
2026-27,2026-08-28,Manchester City,HOME,shots_for,1,13.0,13.0,0.0,13.0,13.0,13.0,13.0
2026-27,2026-08-28,Manchester City,HOME,shots_against,1,5.0,5.0,0.0,5.0,5.0,5.0,5.0
2026-27,2026-08-28,Manchester City,HOME,shots_on_target_for,1,6.0,6.0,0.0,6.0,6.0,6.0,6.0
2026-27,2026-08-28,Manchester City,HOME,shots_on_target_against,1,4.0,4.0,0.0,4.0,4.0,4.0,4.0
2026-27,2026-08-28,Manchester City,HOME,goals_for,1,2.0,2.0,0.0,2.0,2.0,2.0,2.0
2026-27,2026-08-28,Manchester City,HOME,goals_against,1,1.0,1.0,0.0,1.0,1.0,1.0,1.0
2026-27,2026-08-28,Manchester City,HOME,xg_for,1,2.36,2.36,0.0,2.36,2.36,2.36,2.36
2026-27,2026-08-28,Manchester City,HOME,xg_against,1,0.63,0.63,0.0,0.63,0.63,0.63,0.63
2026-27,2026-08-28,Manchester City,AWAY,fouls_committed,1,11.0,11.0,0.0,11.0,11.0,11.0,11.0
2026-27,2026-08-28,Manchester City,AWAY,fouls_suffered,1,8.0,8.0,0.0,8.0,8.0,8.0,8.0
2026-27,2026-08-28,Manchester City,AWAY,corners_for,1,6.0,6.0,0.0,6.0,6.0,6.0,6.0
2026-27,2026-08-28,Manchester City,AWAY,corners_against,1,2.0,2.0,0.0,2.0,2.0,2.0,2.0
2026-27,2026-08-28,Manchester City,AWAY,yellow_cards,1,2.0,2.0,0.0,2.0,2.0,2.0,2.0
2026-27,2026-08-28,Manchester City,AWAY,yellow_cards_opponent,1,1.0,1.0,0.0,1.0,1.0,1.0,1.0
2026-27,2026-08-28,Manchester City,AWAY,shots_for,1,18.0,18.0,0.0,18.0,18.0,18.0,18.0
2026-27,2026-08-28,Manchester City,AWAY,shots_against,1,9.0,9.0,0.0,9.0,9.0,9.0,9.0
2026-27,2026-08-28,Manchester City,AWAY,shots_on_target_for,1,9.0,9.0,0.0,9.0,9.0,9.0,9.0
2026-27,2026-08-28,Manchester City,AWAY,shots_on_target_against,1,1.0,1.0,0.0,1.0,1.0,1.0,1.0
2026-27,2026-08-28,Manchester City,AWAY,goals_for,1,4.0,4.0,0.0,4.0,4.0,4.0,4.0
2026-27,2026-08-28,Manchester City,AWAY,goals_against,1,1.0,1.0,0.0,1.0,1.0,1.0,1.0
2026-27,2026-08-28,Manchester City,AWAY,xg_for,1,2.21,2.21,0.0,2.21,2.21,2.21,2.21
2026-27,2026-08-28,Manchester City,AWAY,xg_against,1,0.66,0.66,0.0,0.66,0.66,0.66,0.66
2026-27,2026-08-30,Manchester United,ALL,fouls_committed,2,8.0,8.0,1.4142135623730951,7.0,7.5,8.5,9.0
2026-27,2026-08-30,Manchester United,ALL,fouls_suffered,2,11.0,11.0,1.4142135623730951,10.0,10.5,11.5,12.0
2026-27,2026-08-30,Manchester United,ALL,corners_for,2,7.0,7.0,1.4142135623730951,6.0,6.5,7.5,8.0
2026-27,2026-08-30,Manchester United,ALL,corners_against,2,2.5,2.5,2.1213203435596424,1.0,1.75,3.25,4.0
2026-27,2026-08-30,Manchester United,ALL,yellow_cards,2,1.0,1.0,0.0,1.0,1.0,1.0,1.0
2026-27,2026-08-30,Manchester United,ALL,yellow_cards_opponent,2,2.5,2.5,0.7071067811865476,2.0,2.25,2.75,3.0
2026-27,2026-08-30,Manchester United,ALL,shots_for,2,27.0,27.0,8.48528137423857,21.0,24.0,30.0,33.0
2026-27,2026-08-30,Manchester United,ALL,shots_against,2,8.5,8.5,0.7071067811865476,8.0,8.25,8.75,9.0
2026-27,2026-08-30,Manchester United,ALL,shots_on_target_for,2,8.0,8.0,4.242640687119285,5.0,6.5,9.5,11.0
2026-27,2026-08-30,Manchester United,ALL,shots_on_target_against,2,4.5,4.5,0.7071067811865476,4.0,4.25,4.75,5.0
2026-27,2026-08-30,Manchester United,ALL,goals_for,2,2.5,2.5,3.5355339059327378,0.0,1.25,3.75,5.0
2026-27,2026-08-30,Manchester United,ALL,goals_against,2,2.0,2.0,0.0,2.0,2.0,2.0,2.0
2026-27,2026-08-30,Manchester United,ALL,xg_for,2,3.195,3.195,1.9304015126392744,1.83,2.5125,3.8774999999999995,4.56
2026-27,2026-08-30,Manchester United,ALL,xg_against,2,1.5099999999999998,1.5099999999999998,0.7071067811865474,1.01,1.26,1.7599999999999998,2.01
2026-27,2026-08-30,Manchester United,HOME,fouls_committed,1,7.0,7.0,0.0,7.0,7.0,7.0,7.0
2026-27,2026-08-30,Manchester United,HOME,fouls_suffered,1,12.0,12.0,0.0,12.0,12.0,12.0,12.0
2026-27,2026-08-30,Manchester United,HOME,corners_for,1,8.0,8.0,0.0,8.0,8.0,8.0,8.0
2026-27,2026-08-30,Manchester United,HOME,corners_against,1,4.0,4.0,0.0,4.0,4.0,4.0,4.0
2026-27,2026-08-30,Manchester United,HOME,yellow_cards,1,1.0,1.0,0.0,1.0,1.0,1.0,1.0
2026-27,2026-08-30,Manchester United,HOME,yellow_cards_opponent,1,3.0,3.0,0.0,3.0,3.0,3.0,3.0
2026-27,2026-08-30,Manchester United,HOME,shots_for,1,33.0,33.0,0.0,33.0,33.0,33.0,33.0
2026-27,2026-08-30,Manchester United,HOME,shots_against,1,9.0,9.0,0.0,9.0,9.0,9.0,9.0
2026-27,2026-08-30,Manchester United,HOME,shots_on_target_for,1,11.0,11.0,0.0,11.0,11.0,11.0,11.0
2026-27,2026-08-30,Manchester United,HOME,shots_on_target_against,1,5.0,5.0,0.0,5.0,5.0,5.0,5.0
2026-27,2026-08-30,Manchester United,HOME,goals_for,1,5.0,5.0,0.0,5.0,5.0,5.0,5.0
2026-27,2026-08-30,Manchester United,HOME,goals_against,1,2.0,2.0,0.0,2.0,2.0,2.0,2.0
2026-27,2026-08-30,Manchester United,HOME,xg_for,1,4.56,4.56,0.0,4.56,4.56,4.56,4.56
2026-27,2026-08-30,Manchester United,HOME,xg_against,1,2.01,2.01,0.0,2.01,2.01,2.01,2.01
2026-27,2026-08-30,Manchester United,AWAY,fouls_committed,1,9.0,9.0,0.0,9.0,9.0,9.0,9.0
2026-27,2026-08-30,Manchester United,AWAY,fouls_suffered,1,10.0,10.0,0.0,10.0,10.0,10.0,10.0
2026-27,2026-08-30,Manchester United,AWAY,corners_for,1,6.0,6.0,0.0,6.0,6.0,6.0,6.0
2026-27,2026-08-30,Manchester United,AWAY,corners_against,1,1.0,1.0,0.0,1.0,1.0,1.0,1.0
2026-27,2026-08-30,Manchester United,AWAY,yellow_cards,1,1.0,1.0,0.0,1.0,1.0,1.0,1.0
2026-27,2026-08-30,Manchester United,AWAY,yellow_cards_opponent,1,2.0,2.0,0.0,2.0,2.0,2.0,2.0
2026-27,2026-08-30,Manchester United,AWAY,shots_for,1,21.0,21.0,0.0,21.0,21.0,21.0,21.0
2026-27,2026-08-30,Manchester United,AWAY,shots_against,1,8.0,8.0,0.0,8.0,8.0,8.0,8.0
2026-27,2026-08-30,Manchester United,AWAY,shots_on_target_for,1,5.0,5.0,0.0,5.0,5.0,5.0,5.0
2026-27,2026-08-30,Manchester United,AWAY,shots_on_target_against,1,4.0,4.0,0.0,4.0,4.0,4.0,4.0
2026-27,2026-08-30,Manchester United,AWAY,goals_for,1,0.0,0.0,0.0,0.0,0.0,0.0,0.0
2026-27,2026-08-30,Manchester United,AWAY,goals_against,1,2.0,2.0,0.0,2.0,2.0,2.0,2.0
2026-27,2026-08-30,Manchester United,AWAY,xg_for,1,1.83,1.83,0.0,1.83,1.83,1.83,1.83
2026-27,2026-08-30,Manchester United,AWAY,xg_against,1,1.01,1.01,0.0,1.01,1.01,1.01,1.01
2026-27,2026-08-29,Newcastle United,ALL,fouls_committed,2,12.5,12.5,4.949747468305833,9.0,10.75,14.25,16.0
2026-27,2026-08-29,Newcastle United,ALL,fouls_suffered,2,15.0,15.0,0.0,15.0,15.0,15.0,15.0
2026-27,2026-08-29,Newcastle United,ALL,corners_for,2,4.5,4.5,3.5355339059327378,2.0,3.25,5.75,7.0
2026-27,2026-08-29,Newcastle United,ALL,corners_against,2,7.5,7.5,2.1213203435596424,6.0,6.75,8.25,9.0
2026-27,2026-08-29,Newcastle United,ALL,yellow_cards,2,3.5,3.5,2.1213203435596424,2.0,2.75,4.25,5.0
2026-27,2026-08-29,Newcastle United,ALL,yellow_cards_opponent,2,2.0,2.0,1.4142135623730951,1.0,1.5,2.5,3.0
2026-27,2026-08-29,Newcastle United,ALL,shots_for,2,12.0,12.0,1.4142135623730951,11.0,11.5,12.5,13.0
2026-27,2026-08-29,Newcastle United,ALL,shots_against,2,22.0,22.0,7.0710678118654755,17.0,19.5,24.5,27.0
2026-27,2026-08-29,Newcastle United,ALL,shots_on_target_for,2,3.0,3.0,1.4142135623730951,2.0,2.5,3.5,4.0
2026-27,2026-08-29,Newcastle United,ALL,shots_on_target_against,2,6.5,6.5,0.7071067811865476,6.0,6.25,6.75,7.0
2026-27,2026-08-29,Newcastle United,ALL,goals_for,2,2.0,2.0,0.0,2.0,2.0,2.0,2.0
2026-27,2026-08-29,Newcastle United,ALL,goals_against,2,1.0,1.0,1.4142135623730951,0.0,0.5,1.5,2.0
2026-27,2026-08-29,Newcastle United,ALL,xg_for,2,1.1600000000000001,1.1600000000000001,0.579827560572969,0.75,0.9550000000000001,1.365,1.57
2026-27,2026-08-29,Newcastle United,ALL,xg_against,2,2.01,2.01,1.3717871555019021,1.04,1.525,2.495,2.98
2026-27,2026-08-29,Newcastle United,HOME,fouls_committed,1,16.0,16.0,0.0,16.0,16.0,16.0,16.0
2026-27,2026-08-29,Newcastle United,HOME,fouls_suffered,1,15.0,15.0,0.0,15.0,15.0,15.0,15.0
2026-27,2026-08-29,Newcastle United,HOME,corners_for,1,2.0,2.0,0.0,2.0,2.0,2.0,2.0
2026-27,2026-08-29,Newcastle United,HOME,corners_against,1,6.0,6.0,0.0,6.0,6.0,6.0,6.0
2026-27,2026-08-29,Newcastle United,HOME,yellow_cards,1,5.0,5.0,0.0,5.0,5.0,5.0,5.0
2026-27,2026-08-29,Newcastle United,HOME,yellow_cards_opponent,1,3.0,3.0,0.0,3.0,3.0,3.0,3.0
2026-27,2026-08-29,Newcastle United,HOME,shots_for,1,13.0,13.0,0.0,13.0,13.0,13.0,13.0
2026-27,2026-08-29,Newcastle United,HOME,shots_against,1,27.0,27.0,0.0,27.0,27.0,27.0,27.0
2026-27,2026-08-29,Newcastle United,HOME,shots_on_target_for,1,4.0,4.0,0.0,4.0,4.0,4.0,4.0
2026-27,2026-08-29,Newcastle United,HOME,shots_on_target_against,1,7.0,7.0,0.0,7.0,7.0,7.0,7.0
2026-27,2026-08-29,Newcastle United,HOME,goals_for,1,2.0,2.0,0.0,2.0,2.0,2.0,2.0
2026-27,2026-08-29,Newcastle United,HOME,goals_against,1,2.0,2.0,0.0,2.0,2.0,2.0,2.0
2026-27,2026-08-29,Newcastle United,HOME,xg_for,1,1.57,1.57,0.0,1.57,1.57,1.57,1.57
2026-27,2026-08-29,Newcastle United,HOME,xg_against,1,2.98,2.98,0.0,2.98,2.98,2.98,2.98
2026-27,2026-08-29,Newcastle United,AWAY,fouls_committed,1,9.0,9.0,0.0,9.0,9.0,9.0,9.0
2026-27,2026-08-29,Newcastle United,AWAY,fouls_suffered,1,15.0,15.0,0.0,15.0,15.0,15.0,15.0
2026-27,2026-08-29,Newcastle United,AWAY,corners_for,1,7.0,7.0,0.0,7.0,7.0,7.0,7.0
2026-27,2026-08-29,Newcastle United,AWAY,corners_against,1,9.0,9.0,0.0,9.0,9.0,9.0,9.0
2026-27,2026-08-29,Newcastle United,AWAY,yellow_cards,1,2.0,2.0,0.0,2.0,2.0,2.0,2.0
2026-27,2026-08-29,Newcastle United,AWAY,yellow_cards_opponent,1,1.0,1.0,0.0,1.0,1.0,1.0,1.0
2026-27,2026-08-29,Newcastle United,AWAY,shots_for,1,11.0,11.0,0.0,11.0,11.0,11.0,11.0
2026-27,2026-08-29,Newcastle United,AWAY,shots_against,1,17.0,17.0,0.0,17.0,17.0,17.0,17.0
2026-27,2026-08-29,Newcastle United,AWAY,shots_on_target_for,1,2.0,2.0,0.0,2.0,2.0,2.0,2.0
2026-27,2026-08-29,Newcastle United,AWAY,shots_on_target_against,1,6.0,6.0,0.0,6.0,6.0,6.0,6.0
2026-27,2026-08-29,Newcastle United,AWAY,goals_for,1,2.0,2.0,0.0,2.0,2.0,2.0,2.0
2026-27,2026-08-29,Newcastle United,AWAY,goals_against,1,0.0,0.0,0.0,0.0,0.0,0.0,0.0
2026-27,2026-08-29,Newcastle United,AWAY,xg_for,1,0.75,0.75,0.0,0.75,0.75,0.75,0.75
2026-27,2026-08-29,Newcastle United,AWAY,xg_against,1,1.04,1.04,0.0,1.04,1.04,1.04,1.04
2026-27,2026-08-29,Nottingham Forest,ALL,fouls_committed,2,12.5,12.5,3.5355339059327378,10.0,11.25,13.75,15.0
2026-27,2026-08-29,Nottingham Forest,ALL,fouls_suffered,2,13.5,13.5,0.7071067811865476,13.0,13.25,13.75,14.0
2026-27,2026-08-29,Nottingham Forest,ALL,corners_for,2,4.0,4.0,1.4142135623730951,3.0,3.5,4.5,5.0
2026-27,2026-08-29,Nottingham Forest,ALL,corners_against,2,2.5,2.5,0.7071067811865476,2.0,2.25,2.75,3.0
2026-27,2026-08-29,Nottingham Forest,ALL,yellow_cards,2,2.0,2.0,0.0,2.0,2.0,2.0,2.0
2026-27,2026-08-29,Nottingham Forest,ALL,yellow_cards_opponent,2,2.5,2.5,2.1213203435596424,1.0,1.75,3.25,4.0
2026-27,2026-08-29,Nottingham Forest,ALL,shots_for,2,12.0,12.0,0.0,12.0,12.0,12.0,12.0
2026-27,2026-08-29,Nottingham Forest,ALL,shots_against,2,12.0,12.0,1.4142135623730951,11.0,11.5,12.5,13.0
2026-27,2026-08-29,Nottingham Forest,ALL,shots_on_target_for,2,2.5,2.5,0.7071067811865476,2.0,2.25,2.75,3.0
2026-27,2026-08-29,Nottingham Forest,ALL,shots_on_target_against,2,3.5,3.5,0.7071067811865476,3.0,3.25,3.75,4.0
2026-27,2026-08-29,Nottingham Forest,ALL,goals_for,2,1.0,1.0,1.4142135623730951,0.0,0.5,1.5,2.0
2026-27,2026-08-29,Nottingham Forest,ALL,goals_against,2,1.5,1.5,0.7071067811865476,1.0,1.25,1.75,2.0
2026-27,2026-08-29,Nottingham Forest,ALL,xg_for,2,1.48,1.48,1.1596551211459378,0.66,1.0699999999999998,1.89,2.3
2026-27,2026-08-29,Nottingham Forest,ALL,xg_against,2,1.1099999999999999,1.1099999999999999,0.9050966799187808,0.47,0.79,1.43,1.75
2026-27,2026-08-29,Nottingham Forest,HOME,fouls_committed,1,15.0,15.0,0.0,15.0,15.0,15.0,15.0
2026-27,2026-08-29,Nottingham Forest,HOME,fouls_suffered,1,14.0,14.0,0.0,14.0,14.0,14.0,14.0
2026-27,2026-08-29,Nottingham Forest,HOME,corners_for,1,3.0,3.0,0.0,3.0,3.0,3.0,3.0
2026-27,2026-08-29,Nottingham Forest,HOME,corners_against,1,2.0,2.0,0.0,2.0,2.0,2.0,2.0
2026-27,2026-08-29,Nottingham Forest,HOME,yellow_cards,1,2.0,2.0,0.0,2.0,2.0,2.0,2.0
2026-27,2026-08-29,Nottingham Forest,HOME,yellow_cards_opponent,1,1.0,1.0,0.0,1.0,1.0,1.0,1.0
2026-27,2026-08-29,Nottingham Forest,HOME,shots_for,1,12.0,12.0,0.0,12.0,12.0,12.0,12.0
2026-27,2026-08-29,Nottingham Forest,HOME,shots_against,1,11.0,11.0,0.0,11.0,11.0,11.0,11.0
2026-27,2026-08-29,Nottingham Forest,HOME,shots_on_target_for,1,2.0,2.0,0.0,2.0,2.0,2.0,2.0
2026-27,2026-08-29,Nottingham Forest,HOME,shots_on_target_against,1,3.0,3.0,0.0,3.0,3.0,3.0,3.0
2026-27,2026-08-29,Nottingham Forest,HOME,goals_for,1,0.0,0.0,0.0,0.0,0.0,0.0,0.0
2026-27,2026-08-29,Nottingham Forest,HOME,goals_against,1,1.0,1.0,0.0,1.0,1.0,1.0,1.0
2026-27,2026-08-29,Nottingham Forest,HOME,xg_for,1,0.66,0.66,0.0,0.66,0.66,0.66,0.66
2026-27,2026-08-29,Nottingham Forest,HOME,xg_against,1,0.47,0.47,0.0,0.47,0.47,0.47,0.47
2026-27,2026-08-29,Nottingham Forest,AWAY,fouls_committed,1,10.0,10.0,0.0,10.0,10.0,10.0,10.0
2026-27,2026-08-29,Nottingham Forest,AWAY,fouls_suffered,1,13.0,13.0,0.0,13.0,13.0,13.0,13.0
2026-27,2026-08-29,Nottingham Forest,AWAY,corners_for,1,5.0,5.0,0.0,5.0,5.0,5.0,5.0
2026-27,2026-08-29,Nottingham Forest,AWAY,corners_against,1,3.0,3.0,0.0,3.0,3.0,3.0,3.0
2026-27,2026-08-29,Nottingham Forest,AWAY,yellow_cards,1,2.0,2.0,0.0,2.0,2.0,2.0,2.0
2026-27,2026-08-29,Nottingham Forest,AWAY,yellow_cards_opponent,1,4.0,4.0,0.0,4.0,4.0,4.0,4.0
2026-27,2026-08-29,Nottingham Forest,AWAY,shots_for,1,12.0,12.0,0.0,12.0,12.0,12.0,12.0
2026-27,2026-08-29,Nottingham Forest,AWAY,shots_against,1,13.0,13.0,0.0,13.0,13.0,13.0,13.0
2026-27,2026-08-29,Nottingham Forest,AWAY,shots_on_target_for,1,3.0,3.0,0.0,3.0,3.0,3.0,3.0
2026-27,2026-08-29,Nottingham Forest,AWAY,shots_on_target_against,1,4.0,4.0,0.0,4.0,4.0,4.0,4.0
2026-27,2026-08-29,Nottingham Forest,AWAY,goals_for,1,2.0,2.0,0.0,2.0,2.0,2.0,2.0
2026-27,2026-08-29,Nottingham Forest,AWAY,goals_against,1,2.0,2.0,0.0,2.0,2.0,2.0,2.0
2026-27,2026-08-29,Nottingham Forest,AWAY,xg_for,1,2.3,2.3,0.0,2.3,2.3,2.3,2.3
2026-27,2026-08-29,Nottingham Forest,AWAY,xg_against,1,1.75,1.75,0.0,1.75,1.75,1.75,1.75
2026-27,2026-08-30,Sunderland,ALL,fouls_committed,2,12.0,12.0,2.8284271247461903,10.0,11.0,13.0,14.0
2026-27,2026-08-30,Sunderland,ALL,fouls_suffered,2,13.5,13.5,2.1213203435596424,12.0,12.75,14.25,15.0
2026-27,2026-08-30,Sunderland,ALL,corners_for,2,4.0,4.0,1.4142135623730951,3.0,3.5,4.5,5.0
2026-27,2026-08-30,Sunderland,ALL,corners_against,2,3.5,3.5,0.7071067811865476,3.0,3.25,3.75,4.0
2026-27,2026-08-30,Sunderland,ALL,yellow_cards,2,1.5,1.5,2.1213203435596424,0.0,0.75,2.25,3.0
2026-27,2026-08-30,Sunderland,ALL,yellow_cards_opponent,2,1.0,1.0,1.4142135623730951,0.0,0.5,1.5,2.0
2026-27,2026-08-30,Sunderland,ALL,shots_for,2,11.5,11.5,0.7071067811865476,11.0,11.25,11.75,12.0
2026-27,2026-08-30,Sunderland,ALL,shots_against,2,10.5,10.5,0.7071067811865476,10.0,10.25,10.75,11.0
2026-27,2026-08-30,Sunderland,ALL,shots_on_target_for,2,4.0,4.0,0.0,4.0,4.0,4.0,4.0
2026-27,2026-08-30,Sunderland,ALL,shots_on_target_against,2,1.5,1.5,2.1213203435596424,0.0,0.75,2.25,3.0
2026-27,2026-08-30,Sunderland,ALL,goals_for,2,1.0,1.0,0.0,1.0,1.0,1.0,1.0
2026-27,2026-08-30,Sunderland,ALL,goals_against,2,1.0,1.0,1.4142135623730951,0.0,0.5,1.5,2.0
2026-27,2026-08-30,Sunderland,ALL,xg_for,2,1.34,1.34,0.9616652224137047,0.66,1.0,1.6800000000000002,2.02
2026-27,2026-08-30,Sunderland,ALL,xg_against,2,1.375,1.375,0.6010407640085654,0.95,1.1625,1.5875,1.8
2026-27,2026-08-30,Sunderland,HOME,fouls_committed,1,10.0,10.0,0.0,10.0,10.0,10.0,10.0
2026-27,2026-08-30,Sunderland,HOME,fouls_suffered,1,15.0,15.0,0.0,15.0,15.0,15.0,15.0
2026-27,2026-08-30,Sunderland,HOME,corners_for,1,3.0,3.0,0.0,3.0,3.0,3.0,3.0
2026-27,2026-08-30,Sunderland,HOME,corners_against,1,4.0,4.0,0.0,4.0,4.0,4.0,4.0
2026-27,2026-08-30,Sunderland,HOME,yellow_cards,1,0.0,0.0,0.0,0.0,0.0,0.0,0.0
2026-27,2026-08-30,Sunderland,HOME,yellow_cards_opponent,1,2.0,2.0,0.0,2.0,2.0,2.0,2.0
2026-27,2026-08-30,Sunderland,HOME,shots_for,1,12.0,12.0,0.0,12.0,12.0,12.0,12.0
2026-27,2026-08-30,Sunderland,HOME,shots_against,1,11.0,11.0,0.0,11.0,11.0,11.0,11.0
2026-27,2026-08-30,Sunderland,HOME,shots_on_target_for,1,4.0,4.0,0.0,4.0,4.0,4.0,4.0
2026-27,2026-08-30,Sunderland,HOME,shots_on_target_against,1,0.0,0.0,0.0,0.0,0.0,0.0,0.0
2026-27,2026-08-30,Sunderland,HOME,goals_for,1,1.0,1.0,0.0,1.0,1.0,1.0,1.0
2026-27,2026-08-30,Sunderland,HOME,goals_against,1,0.0,0.0,0.0,0.0,0.0,0.0,0.0
2026-27,2026-08-30,Sunderland,HOME,xg_for,1,2.02,2.02,0.0,2.02,2.02,2.02,2.02
2026-27,2026-08-30,Sunderland,HOME,xg_against,1,0.95,0.95,0.0,0.95,0.95,0.95,0.95
2026-27,2026-08-30,Sunderland,AWAY,fouls_committed,1,14.0,14.0,0.0,14.0,14.0,14.0,14.0
2026-27,2026-08-30,Sunderland,AWAY,fouls_suffered,1,12.0,12.0,0.0,12.0,12.0,12.0,12.0
2026-27,2026-08-30,Sunderland,AWAY,corners_for,1,5.0,5.0,0.0,5.0,5.0,5.0,5.0
2026-27,2026-08-30,Sunderland,AWAY,corners_against,1,3.0,3.0,0.0,3.0,3.0,3.0,3.0
2026-27,2026-08-30,Sunderland,AWAY,yellow_cards,1,3.0,3.0,0.0,3.0,3.0,3.0,3.0
2026-27,2026-08-30,Sunderland,AWAY,yellow_cards_opponent,1,0.0,0.0,0.0,0.0,0.0,0.0,0.0
2026-27,2026-08-30,Sunderland,AWAY,shots_for,1,11.0,11.0,0.0,11.0,11.0,11.0,11.0
2026-27,2026-08-30,Sunderland,AWAY,shots_against,1,10.0,10.0,0.0,10.0,10.0,10.0,10.0
2026-27,2026-08-30,Sunderland,AWAY,shots_on_target_for,1,4.0,4.0,0.0,4.0,4.0,4.0,4.0
2026-27,2026-08-30,Sunderland,AWAY,shots_on_target_against,1,3.0,3.0,0.0,3.0,3.0,3.0,3.0
2026-27,2026-08-30,Sunderland,AWAY,goals_for,1,1.0,1.0,0.0,1.0,1.0,1.0,1.0
2026-27,2026-08-30,Sunderland,AWAY,goals_against,1,2.0,2.0,0.0,2.0,2.0,2.0,2.0
2026-27,2026-08-30,Sunderland,AWAY,xg_for,1,0.66,0.66,0.0,0.66,0.66,0.66,0.66
2026-27,2026-08-30,Sunderland,AWAY,xg_against,1,1.8,1.8,0.0,1.8,1.8,1.8,1.8
2026-27,2026-08-29,Tottenham,ALL,fouls_committed,2,14.5,14.5,0.7071067811865476,14.0,14.25,14.75,15.0
2026-27,2026-08-29,Tottenham,ALL,fouls_suffered,2,13.0,13.0,5.656854249492381,9.0,11.0,15.0,17.0
2026-27,2026-08-29,Tottenham,ALL,corners_for,2,6.0,6.0,4.242640687119285,3.0,4.5,7.5,9.0
2026-27,2026-08-29,Tottenham,ALL,corners_against,2,7.0,7.0,0.0,7.0,7.0,7.0,7.0
2026-27,2026-08-29,Tottenham,ALL,yellow_cards,2,1.0,1.0,0.0,1.0,1.0,1.0,1.0
2026-27,2026-08-29,Tottenham,ALL,yellow_cards_opponent,2,1.5,1.5,0.7071067811865476,1.0,1.25,1.75,2.0
2026-27,2026-08-29,Tottenham,ALL,shots_for,2,13.0,13.0,5.656854249492381,9.0,11.0,15.0,17.0
2026-27,2026-08-29,Tottenham,ALL,shots_against,2,18.5,18.5,10.606601717798213,11.0,14.75,22.25,26.0
2026-27,2026-08-29,Tottenham,ALL,shots_on_target_for,2,5.0,5.0,1.4142135623730951,4.0,4.5,5.5,6.0
2026-27,2026-08-29,Tottenham,ALL,shots_on_target_against,2,5.0,5.0,4.242640687119285,2.0,3.5,6.5,8.0
2026-27,2026-08-29,Tottenham,ALL,goals_for,2,0.0,0.0,0.0,0.0,0.0,0.0,0.0
2026-27,2026-08-29,Tottenham,ALL,goals_against,2,2.5,2.5,0.7071067811865476,2.0,2.25,2.75,3.0
2026-27,2026-08-29,Tottenham,ALL,xg_for,2,0.8049999999999999,0.8049999999999999,0.33234018715767744,0.57,0.6875,0.9225,1.04
2026-27,2026-08-29,Tottenham,ALL,xg_against,2,2.315,2.315,2.2132442251138937,0.75,1.5325,3.0975,3.88
2026-27,2026-08-29,Tottenham,HOME,fouls_committed,1,15.0,15.0,0.0,15.0,15.0,15.0,15.0
2026-27,2026-08-29,Tottenham,HOME,fouls_suffered,1,9.0,9.0,0.0,9.0,9.0,9.0,9.0
2026-27,2026-08-29,Tottenham,HOME,corners_for,1,9.0,9.0,0.0,9.0,9.0,9.0,9.0
2026-27,2026-08-29,Tottenham,HOME,corners_against,1,7.0,7.0,0.0,7.0,7.0,7.0,7.0
2026-27,2026-08-29,Tottenham,HOME,yellow_cards,1,1.0,1.0,0.0,1.0,1.0,1.0,1.0
2026-27,2026-08-29,Tottenham,HOME,yellow_cards_opponent,1,2.0,2.0,0.0,2.0,2.0,2.0,2.0
2026-27,2026-08-29,Tottenham,HOME,shots_for,1,17.0,17.0,0.0,17.0,17.0,17.0,17.0
2026-27,2026-08-29,Tottenham,HOME,shots_against,1,11.0,11.0,0.0,11.0,11.0,11.0,11.0
2026-27,2026-08-29,Tottenham,HOME,shots_on_target_for,1,6.0,6.0,0.0,6.0,6.0,6.0,6.0
2026-27,2026-08-29,Tottenham,HOME,shots_on_target_against,1,2.0,2.0,0.0,2.0,2.0,2.0,2.0
2026-27,2026-08-29,Tottenham,HOME,goals_for,1,0.0,0.0,0.0,0.0,0.0,0.0,0.0
2026-27,2026-08-29,Tottenham,HOME,goals_against,1,2.0,2.0,0.0,2.0,2.0,2.0,2.0
2026-27,2026-08-29,Tottenham,HOME,xg_for,1,1.04,1.04,0.0,1.04,1.04,1.04,1.04
2026-27,2026-08-29,Tottenham,HOME,xg_against,1,0.75,0.75,0.0,0.75,0.75,0.75,0.75
2026-27,2026-08-29,Tottenham,AWAY,fouls_committed,1,14.0,14.0,0.0,14.0,14.0,14.0,14.0
2026-27,2026-08-29,Tottenham,AWAY,fouls_suffered,1,17.0,17.0,0.0,17.0,17.0,17.0,17.0
2026-27,2026-08-29,Tottenham,AWAY,corners_for,1,3.0,3.0,0.0,3.0,3.0,3.0,3.0
2026-27,2026-08-29,Tottenham,AWAY,corners_against,1,7.0,7.0,0.0,7.0,7.0,7.0,7.0
2026-27,2026-08-29,Tottenham,AWAY,yellow_cards,1,1.0,1.0,0.0,1.0,1.0,1.0,1.0
2026-27,2026-08-29,Tottenham,AWAY,yellow_cards_opponent,1,1.0,1.0,0.0,1.0,1.0,1.0,1.0
2026-27,2026-08-29,Tottenham,AWAY,shots_for,1,9.0,9.0,0.0,9.0,9.0,9.0,9.0
2026-27,2026-08-29,Tottenham,AWAY,shots_against,1,26.0,26.0,0.0,26.0,26.0,26.0,26.0
2026-27,2026-08-29,Tottenham,AWAY,shots_on_target_for,1,4.0,4.0,0.0,4.0,4.0,4.0,4.0
2026-27,2026-08-29,Tottenham,AWAY,shots_on_target_against,1,8.0,8.0,0.0,8.0,8.0,8.0,8.0
2026-27,2026-08-29,Tottenham,AWAY,goals_for,1,0.0,0.0,0.0,0.0,0.0,0.0,0.0
2026-27,2026-08-29,Tottenham,AWAY,goals_against,1,3.0,3.0,0.0,3.0,3.0,3.0,3.0
2026-27,2026-08-29,Tottenham,AWAY,xg_for,1,0.57,0.57,0.0,0.57,0.57,0.57,0.57
2026-27,2026-08-29,Tottenham,AWAY,xg_against,1,3.88,3.88,0.0,3.88,3.88,3.88,3.88
