season,as_of_date,team,scope,metric,line,matches_used,over_hits,over_rate
2022-23,2023-05-28,Arsenal,ALL,fouls_committed,8.5,38,27,0.7105263157894737
2022-23,2023-05-28,Arsenal,ALL,fouls_committed,9.5,38,22,0.5789473684210527
2022-23,2023-05-28,Arsenal,ALL,fouls_committed,10.5,38,15,0.39473684210526316
2022-23,2023-05-28,Arsenal,ALL,fouls_committed,11.5,38,8,0.21052631578947367
2022-23,2023-05-28,Arsenal,ALL,fouls_committed,12.5,38,6,0.15789473684210525
2022-23,2023-05-28,Arsenal,ALL,fouls_committed,13.5,38,2,0.05263157894736842
2022-23,2023-05-28,Arsenal,ALL,fouls_committed,14.5,38,2,0.05263157894736842
2022-23,2023-05-28,Arsenal,ALL,fouls_committed,15.5,38,0,0.0
2022-23,2023-05-28,Arsenal,ALL,fouls_suffered,8.5,38,34,0.8947368421052632
2022-23,2023-05-28,Arsenal,ALL,fouls_suffered,9.5,38,31,0.8157894736842105
2022-23,2023-05-28,Arsenal,ALL,fouls_suffered,10.5,38,25,0.6578947368421053
2022-23,2023-05-28,Arsenal,ALL,fouls_suffered,11.5,38,19,0.5
2022-23,2023-05-28,Arsenal,ALL,fouls_suffered,12.5,38,16,0.42105263157894735
2022-23,2023-05-28,Arsenal,ALL,fouls_suffered,13.5,38,11,0.2894736842105263
2022-23,2023-05-28,Arsenal,ALL,fouls_suffered,14.5,38,8,0.21052631578947367
2022-23,2023-05-28,Arsenal,ALL,fouls_suffered,15.5,38,7,0.18421052631578946
2022-23,2023-05-28,Arsenal,ALL,corners_for,2.5,38,36,0.9473684210526315
2022-23,2023-05-28,Arsenal,ALL,corners_for,3.5,38,32,0.8421052631578947
2022-23,2023-05-28,Arsenal,ALL,corners_for,4.5,38,24,0.631578947368421
2022-23,2023-05-28,Arsenal,ALL,corners_for,5.5,38,16,0.42105263157894735
2022-23,2023-05-28,Arsenal,ALL,corners_for,6.5,38,13,0.34210526315789475
2022-23,2023-05-28,Arsenal,ALL,corners_for,7.5,38,9,0.23684210526315788
2022-23,2023-05-28,Arsenal,ALL,corners_against,2.5,38,26,0.6842105263157895
2022-23,2023-05-28,Arsenal,ALL,corners_against,3.5,38,18,0.47368421052631576
2022-23,2023-05-28,Arsenal,ALL,corners_against,4.5,38,10,0.2631578947368421
2022-23,2023-05-28,Arsenal,ALL,corners_against,5.5,38,7,0.18421052631578946
2022-23,2023-05-28,Arsenal,ALL,corners_against,6.5,38,5,0.13157894736842105
2022-23,2023-05-28,Arsenal,ALL,corners_against,7.5,38,2,0.05263157894736842
2022-23,2023-05-28,Arsenal,ALL,yellow_cards,0.5,38,29,0.7631578947368421
2022-23,2023-05-28,Arsenal,ALL,yellow_cards,1.5,38,16,0.42105263157894735
2022-23,2023-05-28,Arsenal,ALL,yellow_cards,2.5,38,4,0.10526315789473684
2022-23,2023-05-28,Arsenal,ALL,yellow_cards,3.5,38,2,0.05263157894736842
2022-23,2023-05-28,Arsenal,ALL,yellow_cards,4.5,38,0,0.0
2022-23,2023-05-28,Arsenal,HOME,fouls_committed,8.5,19,13,0.6842105263157895
2022-23,2023-05-28,Arsenal,HOME,fouls_committed,9.5,19,11,0.5789473684210527
2022-23,2023-05-28,Arsenal,HOME,fouls_committed,10.5,19,6,0.3157894736842105
2022-23,2023-05-28,Arsenal,HOME,fouls_committed,11.5,19,3,0.15789473684210525
2022-23,2023-05-28,Arsenal,HOME,fouls_committed,12.5,19,3,0.15789473684210525
2022-23,2023-05-28,Arsenal,HOME,fouls_committed,13.5,19,1,0.05263157894736842
2022-23,2023-05-28,Arsenal,HOME,fouls_committed,14.5,19,1,0.05263157894736842
2022-23,2023-05-28,Arsenal,HOME,fouls_committed,15.5,19,0,0.0
2022-23,2023-05-28,Arsenal,HOME,fouls_suffered,8.5,19,17,0.8947368421052632
2022-23,2023-05-28,Arsenal,HOME,fouls_suffered,9.5,19,14,0.7368421052631579
2022-23,2023-05-28,Arsenal,HOME,fouls_suffered,10.5,19,11,0.5789473684210527
2022-23,2023-05-28,Arsenal,HOME,fouls_suffered,11.5,19,9,0.47368421052631576
2022-23,2023-05-28,Arsenal,HOME,fouls_suffered,12.5,19,7,0.3684210526315789
2022-23,2023-05-28,Arsenal,HOME,fouls_suffered,13.5,19,6,0.3157894736842105
2022-23,2023-05-28,Arsenal,HOME,fouls_suffered,14.5,19,4,0.21052631578947367
2022-23,2023-05-28,Arsenal,HOME,fouls_suffered,15.5,19,3,0.15789473684210525
2022-23,2023-05-28,Arsenal,HOME,corners_for,2.5,19,18,0.9473684210526315
2022-23,2023-05-28,Arsenal,HOME,corners_for,3.5,19,18,0.9473684210526315
2022-23,2023-05-28,Arsenal,HOME,corners_for,4.5,19,16,0.8421052631578947
2022-23,2023-05-28,Arsenal,HOME,corners_for,5.5,19,11,0.5789473684210527
2022-23,2023-05-28,Arsenal,HOME,corners_for,6.5,19,10,0.5263157894736842
2022-23,2023-05-28,Arsenal,HOME,corners_for,7.5,19,6,0.3157894736842105
2022-23,2023-05-28,Arsenal,HOME,corners_against,2.5,19,11,0.5789473684210527
2022-23,2023-05-28,Arsenal,HOME,corners_against,3.5,19,7,0.3684210526315789
2022-23,2023-05-28,Arsenal,HOME,corners_against,4.5,19,2,0.10526315789473684
2022-23,2023-05-28,Arsenal,HOME,corners_against,5.5,19,0,0.0
2022-23,2023-05-28,Arsenal,HOME,corners_against,6.5,19,0,0.0
2022-23,2023-05-28,Arsenal,HOME,corners_against,7.5,19,0,0.0
2022-23,2023-05-28,Arsenal,HOME,yellow_cards,0.5,19,10,0.5263157894736842
2022-23,2023-05-28,Arsenal,HOME,yellow_cards,1.5,19,5,0.2631578947368421
2022-23,2023-05-28,Arsenal,HOME,yellow_cards,2.5,19,1,0.05263157894736842
2022-23,2023-05-28,Arsenal,HOME,yellow_cards,3.5,19,1,0.05263157894736842
2022-23,2023-05-28,Arsenal,HOME,yellow_cards,4.5,19,0,0.0
2022-23,2023-05-28,Arsenal,AWAY,fouls_committed,8.5,19,14,0.7368421052631579
2022-23,2023-05-28,Arsenal,AWAY,fouls_committed,9.5,19,11,0.5789473684210527
2022-23,2023-05-28,Arsenal,AWAY,fouls_committed,10.5,19,9,0.47368421052631576
2022-23,2023-05-28,Arsenal,AWAY,fouls_committed,11.5,19,5,0.2631578947368421
2022-23,2023-05-28,Arsenal,AWAY,fouls_committed,12.5,19,3,0.15789473684210525
2022-23,2023-05-28,Arsenal,AWAY,fouls_committed,13.5,19,1,0.05263157894736842
2022-23,2023-05-28,Arsenal,AWAY,fouls_committed,14.5,19,1,0.05263157894736842
2022-23,2023-05-28,Arsenal,AWAY,fouls_committed,15.5,19,0,0.0
2022-23,2023-05-28,Arsenal,AWAY,fouls_suffered,8.5,19,17,0.8947368421052632
2022-23,2023-05-28,Arsenal,AWAY,fouls_suffered,9.5,19,17,0.8947368421052632
2022-23,2023-05-28,Arsenal,AWAY,fouls_suffered,10.5,19,14,0.7368421052631579
2022-23,2023-05-28,Arsenal,AWAY,fouls_suffered,11.5,19,10,0.5263157894736842
2022-23,2023-05-28,Arsenal,AWAY,fouls_suffered,12.5,19,9,0.47368421052631576
2022-23,2023-05-28,Arsenal,AWAY,fouls_suffered,13.5,19,5,0.2631578947368421
2022-23,2023-05-28,Arsenal,AWAY,fouls_suffered,14.5,19,4,0.21052631578947367
2022-23,2023-05-28,Arsenal,AWAY,fouls_suffered,15.5,19,4,0.21052631578947367
2022-23,2023-05-28,Arsenal,AWAY,corners_for,2.5,19,18,0.9473684210526315
2022-23,2023-05-28,Arsenal,AWAY,corners_for,3.5,19,14,0.7368421052631579
2022-23,2023-05-28,Arsenal,AWAY,corners_for,4.5,19,8,0.42105263157894735
2022-23,2023-05-28,Arsenal,AWAY,corners_for,5.5,19,5,0.2631578947368421
2022-23,2023-05-28,Arsenal,AWAY,corners_for,6.5,19,3,0.15789473684210525
2022-23,2023-05-28,Arsenal,AWAY,corners_for,7.5,19,3,0.15789473684210525
2022-23,2023-05-28,Arsenal,AWAY,corners_against,2.5,19,15,0.7894736842105263
2022-23,2023-05-28,Arsenal,AWAY,corners_against,3.5,19,11,0.5789473684210527
2022-23,2023-05-28,Arsenal,AWAY,corners_against,4.5,19,8,0.42105263157894735
2022-23,2023-05-28,Arsenal,AWAY,corners_against,5.5,19,7,0.3684210526315789
2022-23,2023-05-28,Arsenal,AWAY,corners_against,6.5,19,5,0.2631578947368421
2022-23,2023-05-28,Arsenal,AWAY,corners_against,7.5,19,2,0.10526315789473684
2022-23,2023-05-28,Arsenal,AWAY,yellow_cards,0.5,19,19,1.0
2022-23,2023-05-28,Arsenal,AWAY,yellow_cards,1.5,19,11,0.5789473684210527
2022-23,2023-05-28,Arsenal,AWAY,yellow_cards,2.5,19,3,0.15789473684210525
2022-23,2023-05-28,Arsenal,AWAY,yellow_cards,3.5,19,1,0.05263157894736842
2022-23,2023-05-28,Arsenal,AWAY,yellow_cards,4.5,19,0,0.0
2022-23,2023-05-28,Aston Villa,ALL,fouls_committed,8.5,38,28,0.7368421052631579
2022-23,2023-05-28,Aston Villa,ALL,fouls_committed,9.5,38,24,0.631578947368421
2022-23,2023-05-28,Aston Villa,ALL,fouls_committed,10.5,38,21,0.5526315789473685
2022-23,2023-05-28,Aston Villa,ALL,fouls_committed,11.5,38,18,0.47368421052631576
2022-23,2023-05-28,Aston Villa,ALL,fouls_committed,12.5,38,14,0.3684210526315789
2022-23,2023-05-28,Aston Villa,ALL,fouls_committed,13.5,38,10,0.2631578947368421
2022-23,2023-05-28,Aston Villa,ALL,fouls_committed,14.5,38,4,0.10526315789473684
2022-23,2023-05-28,Aston Villa,ALL,fouls_committed,15.5,38,3,0.07894736842105263
2022-23,2023-05-28,Aston Villa,ALL,fouls_suffered,8.5,38,33,0.868421052631579
2022-23,2023-05-28,Aston Villa,ALL,fouls_suffered,9.5,38,33,0.868421052631579
2022-23,2023-05-28,Aston Villa,ALL,fouls_suffered,10.5,38,29,0.7631578947368421
2022-23,2023-05-28,Aston Villa,ALL,fouls_suffered,11.5,38,25,0.6578947368421053
2022-23,2023-05-28,Aston Villa,ALL,fouls_suffered,12.5,38,20,0.5263157894736842
2022-23,2023-05-28,Aston Villa,ALL,fouls_suffered,13.5,38,16,0.42105263157894735
2022-23,2023-05-28,Aston Villa,ALL,fouls_suffered,14.5,38,13,0.34210526315789475
2022-23,2023-05-28,Aston Villa,ALL,fouls_suffered,15.5,38,11,0.2894736842105263
2022-23,2023-05-28,Aston Villa,ALL,corners_for,2.5,38,26,0.6842105263157895
2022-23,2023-05-28,Aston Villa,ALL,corners_for,3.5,38,22,0.5789473684210527
2022-23,2023-05-28,Aston Villa,ALL,corners_for,4.5,38,15,0.39473684210526316
2022-23,2023-05-28,Aston Villa,ALL,corners_for,5.5,38,13,0.34210526315789475
2022-23,2023-05-28,Aston Villa,ALL,corners_for,6.5,38,11,0.2894736842105263
2022-23,2023-05-28,Aston Villa,ALL,corners_for,7.5,38,6,0.15789473684210525
2022-23,2023-05-28,Aston Villa,ALL,corners_against,2.5,38,30,0.7894736842105263
2022-23,2023-05-28,Aston Villa,ALL,corners_against,3.5,38,25,0.6578947368421053
2022-23,2023-05-28,Aston Villa,ALL,corners_against,4.5,38,21,0.5526315789473685
2022-23,2023-05-28,Aston Villa,ALL,corners_against,5.5,38,16,0.42105263157894735
2022-23,2023-05-28,Aston Villa,ALL,corners_against,6.5,38,13,0.34210526315789475
2022-23,2023-05-28,Aston Villa,ALL,corners_against,7.5,38,13,0.34210526315789475
2022-23,2023-05-28,Aston Villa,ALL,yellow_cards,0.5,38,32,0.8421052631578947
2022-23,2023-05-28,Aston Villa,ALL,yellow_cards,1.5,38,25,0.6578947368421053
2022-23,2023-05-28,Aston Villa,ALL,yellow_cards,2.5,38,15,0.39473684210526316
2022-23,2023-05-28,Aston Villa,ALL,yellow_cards,3.5,38,4,0.10526315789473684
2022-23,2023-05-28,Aston Villa,ALL,yellow_cards,4.5,38,2,0.05263157894736842
2022-23,2023-05-28,Aston Villa,HOME,fouls_committed,8.5,19,12,0.631578947368421
2022-23,2023-05-28,Aston Villa,HOME,fouls_committed,9.5,19,10,0.5263157894736842
2022-23,2023-05-28,Aston Villa,HOME,fouls_committed,10.5,19,8,0.42105263157894735
2022-23,2023-05-28,Aston Villa,HOME,fouls_committed,11.5,19,8,0.42105263157894735
2022-23,2023-05-28,Aston Villa,HOME,fouls_committed,12.5,19,6,0.3157894736842105
2022-23,2023-05-28,Aston Villa,HOME,fouls_committed,13.5,19,3,0.15789473684210525
2022-23,2023-05-28,Aston Villa,HOME,fouls_committed,14.5,19,1,0.05263157894736842
2022-23,2023-05-28,Aston Villa,HOME,fouls_committed,15.5,19,0,0.0
2022-23,2023-05-28,Aston Villa,HOME,fouls_suffered,8.5,19,15,0.7894736842105263
2022-23,2023-05-28,Aston Villa,HOME,fouls_suffered,9.5,19,15,0.7894736842105263
2022-23,2023-05-28,Aston Villa,HOME,fouls_suffered,10.5,19,13,0.6842105263157895
2022-23,2023-05-28,Aston Villa,HOME,fouls_suffered,11.5,19,11,0.5789473684210527
2022-23,2023-05-28,Aston Villa,HOME,fouls_suffered,12.5,19,8,0.42105263157894735
2022-23,2023-05-28,Aston Villa,HOME,fouls_suffered,13.5,19,6,0.3157894736842105
2022-23,2023-05-28,Aston Villa,HOME,fouls_suffered,14.5,19,5,0.2631578947368421
2022-23,2023-05-28,Aston Villa,HOME,fouls_suffered,15.5,19,4,0.21052631578947367
2022-23,2023-05-28,Aston Villa,HOME,corners_for,2.5,19,13,0.6842105263157895
2022-23,2023-05-28,Aston Villa,HOME,corners_for,3.5,19,11,0.5789473684210527
2022-23,2023-05-28,Aston Villa,HOME,corners_for,4.5,19,10,0.5263157894736842
2022-23,2023-05-28,Aston Villa,HOME,corners_for,5.5,19,9,0.47368421052631576
2022-23,2023-05-28,Aston Villa,HOME,corners_for,6.5,19,8,0.42105263157894735
2022-23,2023-05-28,Aston Villa,HOME,corners_for,7.5,19,4,0.21052631578947367
2022-23,2023-05-28,Aston Villa,HOME,corners_against,2.5,19,15,0.7894736842105263
2022-23,2023-05-28,Aston Villa,HOME,corners_against,3.5,19,11,0.5789473684210527
2022-23,2023-05-28,Aston Villa,HOME,corners_against,4.5,19,9,0.47368421052631576
2022-23,2023-05-28,Aston Villa,HOME,corners_against,5.5,19,8,0.42105263157894735
2022-23,2023-05-28,Aston Villa,HOME,corners_against,6.5,19,5,0.2631578947368421
2022-23,2023-05-28,Aston Villa,HOME,corners_against,7.5,19,5,0.2631578947368421
2022-23,2023-05-28,Aston Villa,HOME,yellow_cards,0.5,19,16,0.8421052631578947
2022-23,2023-05-28,Aston Villa,HOME,yellow_cards,1.5,19,12,0.631578947368421
2022-23,2023-05-28,Aston Villa,HOME,yellow_cards,2.5,19,7,0.3684210526315789
2022-23,2023-05-28,Aston Villa,HOME,yellow_cards,3.5,19,2,0.10526315789473684
2022-23,2023-05-28,Aston Villa,HOME,yellow_cards,4.5,19,0,0.0
2022-23,2023-05-28,Aston Villa,AWAY,fouls_committed,8.5,19,16,0.8421052631578947
2022-23,2023-05-28,Aston Villa,AWAY,fouls_committed,9.5,19,14,0.7368421052631579
2022-23,2023-05-28,Aston Villa,AWAY,fouls_committed,10.5,19,13,0.6842105263157895
2022-23,2023-05-28,Aston Villa,AWAY,fouls_committed,11.5,19,10,0.5263157894736842
2022-23,2023-05-28,Aston Villa,AWAY,fouls_committed,12.5,19,8,0.42105263157894735
2022-23,2023-05-28,Aston Villa,AWAY,fouls_committed,13.5,19,7,0.3684210526315789
2022-23,2023-05-28,Aston Villa,AWAY,fouls_committed,14.5,19,3,0.15789473684210525
2022-23,2023-05-28,Aston Villa,AWAY,fouls_committed,15.5,19,3,0.15789473684210525
2022-23,2023-05-28,Aston Villa,AWAY,fouls_suffered,8.5,19,18,0.9473684210526315
2022-23,2023-05-28,Aston Villa,AWAY,fouls_suffered,9.5,19,18,0.9473684210526315
2022-23,2023-05-28,Aston Villa,AWAY,fouls_suffered,10.5,19,16,0.8421052631578947
2022-23,2023-05-28,Aston Villa,AWAY,fouls_suffered,11.5,19,14,0.7368421052631579
2022-23,2023-05-28,Aston Villa,AWAY,fouls_suffered,12.5,19,12,0.631578947368421
2022-23,2023-05-28,Aston Villa,AWAY,fouls_suffered,13.5,19,10,0.5263157894736842
2022-23,2023-05-28,Aston Villa,AWAY,fouls_suffered,14.5,19,8,0.42105263157894735
2022-23,2023-05-28,Aston Villa,AWAY,fouls_suffered,15.5,19,7,0.3684210526315789
2022-23,2023-05-28,Aston Villa,AWAY,corners_for,2.5,19,13,0.6842105263157895
2022-23,2023-05-28,Aston Villa,AWAY,corners_for,3.5,19,11,0.5789473684210527
2022-23,2023-05-28,Aston Villa,AWAY,corners_for,4.5,19,5,0.2631578947368421
2022-23,2023-05-28,Aston Villa,AWAY,corners_for,5.5,19,4,0.21052631578947367
2022-23,2023-05-28,Aston Villa,AWAY,corners_for,6.5,19,3,0.15789473684210525
2022-23,2023-05-28,Aston Villa,AWAY,corners_for,7.5,19,2,0.10526315789473684
2022-23,2023-05-28,Aston Villa,AWAY,corners_against,2.5,19,15,0.7894736842105263
2022-23,2023-05-28,Aston Villa,AWAY,corners_against,3.5,19,14,0.7368421052631579
2022-23,2023-05-28,Aston Villa,AWAY,corners_against,4.5,19,12,0.631578947368421
2022-23,2023-05-28,Aston Villa,AWAY,corners_against,5.5,19,8,0.42105263157894735
2022-23,2023-05-28,Aston Villa,AWAY,corners_against,6.5,19,8,0.42105263157894735
2022-23,2023-05-28,Aston Villa,AWAY,corners_against,7.5,19,8,0.42105263157894735
2022-23,2023-05-28,Aston Villa,AWAY,yellow_cards,0.5,19,16,0.8421052631578947
2022-23,2023-05-28,Aston Villa,AWAY,yellow_cards,1.5,19,13,0.6842105263157895
2022-23,2023-05-28,Aston Villa,AWAY,yellow_cards,2.5,19,8,0.42105263157894735
2022-23,2023-05-28,Aston Villa,AWAY,yellow_cards,3.5,19,2,0.10526315789473684
2022-23,2023-05-28,Aston Villa,AWAY,yellow_cards,4.5,19,2,0.10526315789473684
2022-23,2023-05-28,Bournemouth,ALL,fouls_committed,8.5,38,28,0.7368421052631579
2022-23,2023-05-28,Bournemouth,ALL,fouls_committed,9.5,38,24,0.631578947368421
2022-23,2023-05-28,Bournemouth,ALL,fouls_committed,10.5,38,17,0.4473684210526316
2022-23,2023-05-28,Bournemouth,ALL,fouls_committed,11.5,38,11,0.2894736842105263
2022-23,2023-05-28,Bournemouth,ALL,fouls_committed,12.5,38,5,0.13157894736842105
2022-23,2023-05-28,Bournemouth,ALL,fouls_committed,13.5,38,3,0.07894736842105263
2022-23,2023-05-28,Bournemouth,ALL,fouls_committed,14.5,38,3,0.07894736842105263
2022-23,2023-05-28,Bournemouth,ALL,fouls_committed,15.5,38,2,0.05263157894736842
2022-23,2023-05-28,Bournemouth,ALL,fouls_suffered,8.5,38,25,0.6578947368421053
2022-23,2023-05-28,Bournemouth,ALL,fouls_suffered,9.5,38,19,0.5
2022-23,2023-05-28,Bournemouth,ALL,fouls_suffered,10.5,38,14,0.3684210526315789
2022-23,2023-05-28,Bournemouth,ALL,fouls_suffered,11.5,38,11,0.2894736842105263
2022-23,2023-05-28,Bournemouth,ALL,fouls_suffered,12.5,38,9,0.23684210526315788
2022-23,2023-05-28,Bournemouth,ALL,fouls_suffered,13.5,38,5,0.13157894736842105
2022-23,2023-05-28,Bournemouth,ALL,fouls_suffered,14.5,38,3,0.07894736842105263
2022-23,2023-05-28,Bournemouth,ALL,fouls_suffered,15.5,38,3,0.07894736842105263
2022-23,2023-05-28,Bournemouth,ALL,corners_for,2.5,38,26,0.6842105263157895
2022-23,2023-05-28,Bournemouth,ALL,corners_for,3.5,38,18,0.47368421052631576
2022-23,2023-05-28,Bournemouth,ALL,corners_for,4.5,38,13,0.34210526315789475
2022-23,2023-05-28,Bournemouth,ALL,corners_for,5.5,38,10,0.2631578947368421
2022-23,2023-05-28,Bournemouth,ALL,corners_for,6.5,38,6,0.15789473684210525
2022-23,2023-05-28,Bournemouth,ALL,corners_for,7.5,38,2,0.05263157894736842
2022-23,2023-05-28,Bournemouth,ALL,corners_against,2.5,38,37,0.9736842105263158
2022-23,2023-05-28,Bournemouth,ALL,corners_against,3.5,38,35,0.9210526315789473
2022-23,2023-05-28,Bournemouth,ALL,corners_against,4.5,38,33,0.868421052631579
2022-23,2023-05-28,Bournemouth,ALL,corners_against,5.5,38,25,0.6578947368421053
2022-23,2023-05-28,Bournemouth,ALL,corners_against,6.5,38,16,0.42105263157894735
2022-23,2023-05-28,Bournemouth,ALL,corners_against,7.5,38,13,0.34210526315789475
2022-23,2023-05-28,Bournemouth,ALL,yellow_cards,0.5,38,36,0.9473684210526315
2022-23,2023-05-28,Bournemouth,ALL,yellow_cards,1.5,38,21,0.5526315789473685
2022-23,2023-05-28,Bournemouth,ALL,yellow_cards,2.5,38,9,0.23684210526315788
2022-23,2023-05-28,Bournemouth,ALL,yellow_cards,3.5,38,2,0.05263157894736842
2022-23,2023-05-28,Bournemouth,ALL,yellow_cards,4.5,38,0,0.0
2022-23,2023-05-28,Bournemouth,HOME,fouls_committed,8.5,19,13,0.6842105263157895
2022-23,2023-05-28,Bournemouth,HOME,fouls_committed,9.5,19,12,0.631578947368421
2022-23,2023-05-28,Bournemouth,HOME,fouls_committed,10.5,19,9,0.47368421052631576
2022-23,2023-05-28,Bournemouth,HOME,fouls_committed,11.5,19,7,0.3684210526315789
2022-23,2023-05-28,Bournemouth,HOME,fouls_committed,12.5,19,3,0.15789473684210525
2022-23,2023-05-28,Bournemouth,HOME,fouls_committed,13.5,19,3,0.15789473684210525
2022-23,2023-05-28,Bournemouth,HOME,fouls_committed,14.5,19,3,0.15789473684210525
2022-23,2023-05-28,Bournemouth,HOME,fouls_committed,15.5,19,2,0.10526315789473684
2022-23,2023-05-28,Bournemouth,HOME,fouls_suffered,8.5,19,13,0.6842105263157895
2022-23,2023-05-28,Bournemouth,HOME,fouls_suffered,9.5,19,11,0.5789473684210527
2022-23,2023-05-28,Bournemouth,HOME,fouls_suffered,10.5,19,8,0.42105263157894735
2022-23,2023-05-28,Bournemouth,HOME,fouls_suffered,11.5,19,6,0.3157894736842105
2022-23,2023-05-28,Bournemouth,HOME,fouls_suffered,12.5,19,5,0.2631578947368421
2022-23,2023-05-28,Bournemouth,HOME,fouls_suffered,13.5,19,3,0.15789473684210525
2022-23,2023-05-28,Bournemouth,HOME,fouls_suffered,14.5,19,2,0.10526315789473684
2022-23,2023-05-28,Bournemouth,HOME,fouls_suffered,15.5,19,2,0.10526315789473684
2022-23,2023-05-28,Bournemouth,HOME,corners_for,2.5,19,15,0.7894736842105263
2022-23,2023-05-28,Bournemouth,HOME,corners_for,3.5,19,11,0.5789473684210527
2022-23,2023-05-28,Bournemouth,HOME,corners_for,4.5,19,7,0.3684210526315789
2022-23,2023-05-28,Bournemouth,HOME,corners_for,5.5,19,5,0.2631578947368421
2022-23,2023-05-28,Bournemouth,HOME,corners_for,6.5,19,5,0.2631578947368421
2022-23,2023-05-28,Bournemouth,HOME,corners_for,7.5,19,1,0.05263157894736842
2022-23,2023-05-28,Bournemouth,HOME,corners_against,2.5,19,18,0.9473684210526315
2022-23,2023-05-28,Bournemouth,HOME,corners_against,3.5,19,16,0.8421052631578947
2022-23,2023-05-28,Bournemouth,HOME,corners_against,4.5,19,15,0.7894736842105263
2022-23,2023-05-28,Bournemouth,HOME,corners_against,5.5,19,10,0.5263157894736842
2022-23,2023-05-28,Bournemouth,HOME,corners_against,6.5,19,5,0.2631578947368421
2022-23,2023-05-28,Bournemouth,HOME,corners_against,7.5,19,3,0.15789473684210525
2022-23,2023-05-28,Bournemouth,HOME,yellow_cards,0.5,19,19,1.0
2022-23,2023-05-28,Bournemouth,HOME,yellow_cards,1.5,19,8,0.42105263157894735
2022-23,2023-05-28,Bournemouth,HOME,yellow_cards,2.5,19,2,0.10526315789473684
2022-23,2023-05-28,Bournemouth,HOME,yellow_cards,3.5,19,1,0.05263157894736842
2022-23,2023-05-28,Bournemouth,HOME,yellow_cards,4.5,19,0,0.0
2022-23,2023-05-28,Bournemouth,AWAY,fouls_committed,8.5,19,15,0.7894736842105263
2022-23,2023-05-28,Bournemouth,AWAY,fouls_committed,9.5,19,12,0.631578947368421
2022-23,2023-05-28,Bournemouth,AWAY,fouls_committed,10.5,19,8,0.42105263157894735
2022-23,2023-05-28,Bournemouth,AWAY,fouls_committed,11.5,19,4,0.21052631578947367
2022-23,2023-05-28,Bournemouth,AWAY,fouls_committed,12.5,19,2,0.10526315789473684
2022-23,2023-05-28,Bournemouth,AWAY,fouls_committed,13.5,19,0,0.0
2022-23,2023-05-28,Bournemouth,AWAY,fouls_committed,14.5,19,0,0.0
2022-23,2023-05-28,Bournemouth,AWAY,fouls_committed,15.5,19,0,0.0
2022-23,2023-05-28,Bournemouth,AWAY,fouls_suffered,8.5,19,12,0.631578947368421
2022-23,2023-05-28,Bournemouth,AWAY,fouls_suffered,9.5,19,8,0.42105263157894735
2022-23,2023-05-28,Bournemouth,AWAY,fouls_suffered,10.5,19,6,0.3157894736842105
2022-23,2023-05-28,Bournemouth,AWAY,fouls_suffered,11.5,19,5,0.2631578947368421
2022-23,2023-05-28,Bournemouth,AWAY,fouls_suffered,12.5,19,4,0.21052631578947367
2022-23,2023-05-28,Bournemouth,AWAY,fouls_suffered,13.5,19,2,0.10526315789473684
2022-23,2023-05-28,Bournemouth,AWAY,fouls_suffered,14.5,19,1,0.05263157894736842
2022-23,2023-05-28,Bournemouth,AWAY,fouls_suffered,15.5,19,1,0.05263157894736842
2022-23,2023-05-28,Bournemouth,AWAY,corners_for,2.5,19,11,0.5789473684210527
2022-23,2023-05-28,Bournemouth,AWAY,corners_for,3.5,19,7,0.3684210526315789
2022-23,2023-05-28,Bournemouth,AWAY,corners_for,4.5,19,6,0.3157894736842105
2022-23,2023-05-28,Bournemouth,AWAY,corners_for,5.5,19,5,0.2631578947368421
2022-23,2023-05-28,Bournemouth,AWAY,corners_for,6.5,19,1,0.05263157894736842
2022-23,2023-05-28,Bournemouth,AWAY,corners_for,7.5,19,1,0.05263157894736842
2022-23,2023-05-28,Bournemouth,AWAY,corners_against,2.5,19,19,1.0
2022-23,2023-05-28,Bournemouth,AWAY,corners_against,3.5,19,19,1.0
2022-23,2023-05-28,Bournemouth,AWAY,corners_against,4.5,19,18,0.9473684210526315
2022-23,2023-05-28,Bournemouth,AWAY,corners_against,5.5,19,15,0.7894736842105263
2022-23,2023-05-28,Bournemouth,AWAY,corners_against,6.5,19,11,0.5789473684210527
2022-23,2023-05-28,Bournemouth,AWAY,corners_against,7.5,19,10,0.5263157894736842
2022-23,2023-05-28,Bournemouth,AWAY,yellow_cards,0.5,19,17,0.8947368421052632
2022-23,2023-05-28,Bournemouth,AWAY,yellow_cards,1.5,19,13,0.6842105263157895
2022-23,2023-05-28,Bournemouth,AWAY,yellow_cards,2.5,19,7,0.3684210526315789
2022-23,2023-05-28,Bournemouth,AWAY,yellow_cards,3.5,19,1,0.05263157894736842
2022-23,2023-05-28,Bournemouth,AWAY,yellow_cards,4.5,19,0,0.0
2022-23,2023-05-28,Brentford,ALL,fouls_committed,8.5,38,24,0.631578947368421
2022-23,2023-05-28,Brentford,ALL,fouls_committed,9.5,38,21,0.5526315789473685
2022-23,2023-05-28,Brentford,ALL,fouls_committed,10.5,38,11,0.2894736842105263
2022-23,2023-05-28,Brentford,ALL,fouls_committed,11.5,38,8,0.21052631578947367
2022-23,2023-05-28,Brentford,ALL,fouls_committed,12.5,38,3,0.07894736842105263
2022-23,2023-05-28,Brentford,ALL,fouls_committed,13.5,38,1,0.02631578947368421
2022-23,2023-05-28,Brentford,ALL,fouls_committed,14.5,38,1,0.02631578947368421
2022-23,2023-05-28,Brentford,ALL,fouls_committed,15.5,38,1,0.02631578947368421
2022-23,2023-05-28,Brentford,ALL,fouls_suffered,8.5,38,28,0.7368421052631579
2022-23,2023-05-28,Brentford,ALL,fouls_suffered,9.5,38,22,0.5789473684210527
2022-23,2023-05-28,Brentford,ALL,fouls_suffered,10.5,38,18,0.47368421052631576
2022-23,2023-05-28,Brentford,ALL,fouls_suffered,11.5,38,13,0.34210526315789475
2022-23,2023-05-28,Brentford,ALL,fouls_suffered,12.5,38,12,0.3157894736842105
2022-23,2023-05-28,Brentford,ALL,fouls_suffered,13.5,38,10,0.2631578947368421
2022-23,2023-05-28,Brentford,ALL,fouls_suffered,14.5,38,7,0.18421052631578946
2022-23,2023-05-28,Brentford,ALL,fouls_suffered,15.5,38,4,0.10526315789473684
2022-23,2023-05-28,Brentford,ALL,corners_for,2.5,38,28,0.7368421052631579
2022-23,2023-05-28,Brentford,ALL,corners_for,3.5,38,19,0.5
2022-23,2023-05-28,Brentford,ALL,corners_for,4.5,38,16,0.42105263157894735
2022-23,2023-05-28,Brentford,ALL,corners_for,5.5,38,14,0.3684210526315789
2022-23,2023-05-28,Brentford,ALL,corners_for,6.5,38,7,0.18421052631578946
2022-23,2023-05-28,Brentford,ALL,corners_for,7.5,38,6,0.15789473684210525
2022-23,2023-05-28,Brentford,ALL,corners_against,2.5,38,34,0.8947368421052632
2022-23,2023-05-28,Brentford,ALL,corners_against,3.5,38,29,0.7631578947368421
2022-23,2023-05-28,Brentford,ALL,corners_against,4.5,38,24,0.631578947368421
2022-23,2023-05-28,Brentford,ALL,corners_against,5.5,38,16,0.42105263157894735
2022-23,2023-05-28,Brentford,ALL,corners_against,6.5,38,12,0.3157894736842105
2022-23,2023-05-28,Brentford,ALL,corners_against,7.5,38,8,0.21052631578947367
2022-23,2023-05-28,Brentford,ALL,yellow_cards,0.5,38,30,0.7894736842105263
2022-23,2023-05-28,Brentford,ALL,yellow_cards,1.5,38,19,0.5
2022-23,2023-05-28,Brentford,ALL,yellow_cards,2.5,38,5,0.13157894736842105
2022-23,2023-05-28,Brentford,ALL,yellow_cards,3.5,38,1,0.02631578947368421
2022-23,2023-05-28,Brentford,ALL,yellow_cards,4.5,38,0,0.0
2022-23,2023-05-28,Brentford,HOME,fouls_committed,8.5,19,11,0.5789473684210527
2022-23,2023-05-28,Brentford,HOME,fouls_committed,9.5,19,11,0.5789473684210527
2022-23,2023-05-28,Brentford,HOME,fouls_committed,10.5,19,5,0.2631578947368421
2022-23,2023-05-28,Brentford,HOME,fouls_committed,11.5,19,4,0.21052631578947367
2022-23,2023-05-28,Brentford,HOME,fouls_committed,12.5,19,0,0.0
2022-23,2023-05-28,Brentford,HOME,fouls_committed,13.5,19,0,0.0
2022-23,2023-05-28,Brentford,HOME,fouls_committed,14.5,19,0,0.0
2022-23,2023-05-28,Brentford,HOME,fouls_committed,15.5,19,0,0.0
2022-23,2023-05-28,Brentford,HOME,fouls_suffered,8.5,19,12,0.631578947368421
2022-23,2023-05-28,Brentford,HOME,fouls_suffered,9.5,19,9,0.47368421052631576
2022-23,2023-05-28,Brentford,HOME,fouls_suffered,10.5,19,7,0.3684210526315789
2022-23,2023-05-28,Brentford,HOME,fouls_suffered,11.5,19,6,0.3157894736842105
2022-23,2023-05-28,Brentford,HOME,fouls_suffered,12.5,19,6,0.3157894736842105
2022-23,2023-05-28,Brentford,HOME,fouls_suffered,13.5,19,5,0.2631578947368421
2022-23,2023-05-28,Brentford,HOME,fouls_suffered,14.5,19,5,0.2631578947368421
2022-23,2023-05-28,Brentford,HOME,fouls_suffered,15.5,19,2,0.10526315789473684
2022-23,2023-05-28,Brentford,HOME,corners_for,2.5,19,15,0.7894736842105263
2022-23,2023-05-28,Brentford,HOME,corners_for,3.5,19,12,0.631578947368421
2022-23,2023-05-28,Brentford,HOME,corners_for,4.5,19,10,0.5263157894736842
2022-23,2023-05-28,Brentford,HOME,corners_for,5.5,19,9,0.47368421052631576
2022-23,2023-05-28,Brentford,HOME,corners_for,6.5,19,5,0.2631578947368421
2022-23,2023-05-28,Brentford,HOME,corners_for,7.5,19,4,0.21052631578947367
2022-23,2023-05-28,Brentford,HOME,corners_against,2.5,19,16,0.8421052631578947
2022-23,2023-05-28,Brentford,HOME,corners_against,3.5,19,13,0.6842105263157895
2022-23,2023-05-28,Brentford,HOME,corners_against,4.5,19,9,0.47368421052631576
2022-23,2023-05-28,Brentford,HOME,corners_against,5.5,19,5,0.2631578947368421
2022-23,2023-05-28,Brentford,HOME,corners_against,6.5,19,2,0.10526315789473684
2022-23,2023-05-28,Brentford,HOME,corners_against,7.5,19,2,0.10526315789473684
2022-23,2023-05-28,Brentford,HOME,yellow_cards,0.5,19,14,0.7368421052631579
2022-23,2023-05-28,Brentford,HOME,yellow_cards,1.5,19,8,0.42105263157894735
2022-23,2023-05-28,Brentford,HOME,yellow_cards,2.5,19,5,0.2631578947368421
2022-23,2023-05-28,Brentford,HOME,yellow_cards,3.5,19,1,0.05263157894736842
2022-23,2023-05-28,Brentford,HOME,yellow_cards,4.5,19,0,0.0
2022-23,2023-05-28,Brentford,AWAY,fouls_committed,8.5,19,13,0.6842105263157895
2022-23,2023-05-28,Brentford,AWAY,fouls_committed,9.5,19,10,0.5263157894736842
2022-23,2023-05-28,Brentford,AWAY,fouls_committed,10.5,19,6,0.3157894736842105
2022-23,2023-05-28,Brentford,AWAY,fouls_committed,11.5,19,4,0.21052631578947367
2022-23,2023-05-28,Brentford,AWAY,fouls_committed,12.5,19,3,0.15789473684210525
2022-23,2023-05-28,Brentford,AWAY,fouls_committed,13.5,19,1,0.05263157894736842
2022-23,2023-05-28,Brentford,AWAY,fouls_committed,14.5,19,1,0.05263157894736842
2022-23,2023-05-28,Brentford,AWAY,fouls_committed,15.5,19,1,0.05263157894736842
2022-23,2023-05-28,Brentford,AWAY,fouls_suffered,8.5,19,16,0.8421052631578947
2022-23,2023-05-28,Brentford,AWAY,fouls_suffered,9.5,19,13,0.6842105263157895
2022-23,2023-05-28,Brentford,AWAY,fouls_suffered,10.5,19,11,0.5789473684210527
2022-23,2023-05-28,Brentford,AWAY,fouls_suffered,11.5,19,7,0.3684210526315789
2022-23,2023-05-28,Brentford,AWAY,fouls_suffered,12.5,19,6,0.3157894736842105
2022-23,2023-05-28,Brentford,AWAY,fouls_suffered,13.5,19,5,0.2631578947368421
2022-23,2023-05-28,Brentford,AWAY,fouls_suffered,14.5,19,2,0.10526315789473684
2022-23,2023-05-28,Brentford,AWAY,fouls_suffered,15.5,19,2,0.10526315789473684
2022-23,2023-05-28,Brentford,AWAY,corners_for,2.5,19,13,0.6842105263157895
2022-23,2023-05-28,Brentford,AWAY,corners_for,3.5,19,7,0.3684210526315789
2022-23,2023-05-28,Brentford,AWAY,corners_for,4.5,19,6,0.3157894736842105
2022-23,2023-05-28,Brentford,AWAY,corners_for,5.5,19,5,0.2631578947368421
2022-23,2023-05-28,Brentford,AWAY,corners_for,6.5,19,2,0.10526315789473684
2022-23,2023-05-28,Brentford,AWAY,corners_for,7.5,19,2,0.10526315789473684
2022-23,2023-05-28,Brentford,AWAY,corners_against,2.5,19,18,0.9473684210526315
2022-23,2023-05-28,Brentford,AWAY,corners_against,3.5,19,16,0.8421052631578947
2022-23,2023-05-28,Brentford,AWAY,corners_against,4.5,19,15,0.7894736842105263
2022-23,2023-05-28,Brentford,AWAY,corners_against,5.5,19,11,0.5789473684210527
2022-23,2023-05-28,Brentford,AWAY,corners_against,6.5,19,10,0.5263157894736842
2022-23,2023-05-28,Brentford,AWAY,corners_against,7.5,19,6,0.3157894736842105
2022-23,2023-05-28,Brentford,AWAY,yellow_cards,0.5,19,16,0.8421052631578947
2022-23,2023-05-28,Brentford,AWAY,yellow_cards,1.5,19,11,0.5789473684210527
2022-23,2023-05-28,Brentford,AWAY,yellow_cards,2.5,19,0,0.0
2022-23,2023-05-28,Brentford,AWAY,yellow_cards,3.5,19,0,0.0
2022-23,2023-05-28,Brentford,AWAY,yellow_cards,4.5,19,0,0.0
2022-23,2023-05-28,Brighton & Hove Albion,ALL,fouls_committed,8.5,38,29,0.7631578947368421
2022-23,2023-05-28,Brighton & Hove Albion,ALL,fouls_committed,9.5,38,26,0.6842105263157895
2022-23,2023-05-28,Brighton & Hove Albion,ALL,fouls_committed,10.5,38,21,0.5526315789473685
2022-23,2023-05-28,Brighton & Hove Albion,ALL,fouls_committed,11.5,38,16,0.42105263157894735
2022-23,2023-05-28,Brighton & Hove Albion,ALL,fouls_committed,12.5,38,13,0.34210526315789475
2022-23,2023-05-28,Brighton & Hove Albion,ALL,fouls_committed,13.5,38,11,0.2894736842105263
2022-23,2023-05-28,Brighton & Hove Albion,ALL,fouls_committed,14.5,38,8,0.21052631578947367
2022-23,2023-05-28,Brighton & Hove Albion,ALL,fouls_committed,15.5,38,6,0.15789473684210525
2022-23,2023-05-28,Brighton & Hove Albion,ALL,fouls_suffered,8.5,38,30,0.7894736842105263
2022-23,2023-05-28,Brighton & Hove Albion,ALL,fouls_suffered,9.5,38,25,0.6578947368421053
2022-23,2023-05-28,Brighton & Hove Albion,ALL,fouls_suffered,10.5,38,22,0.5789473684210527
2022-23,2023-05-28,Brighton & Hove Albion,ALL,fouls_suffered,11.5,38,15,0.39473684210526316
2022-23,2023-05-28,Brighton & Hove Albion,ALL,fouls_suffered,12.5,38,13,0.34210526315789475
2022-23,2023-05-28,Brighton & Hove Albion,ALL,fouls_suffered,13.5,38,11,0.2894736842105263
2022-23,2023-05-28,Brighton & Hove Albion,ALL,fouls_suffered,14.5,38,6,0.15789473684210525
2022-23,2023-05-28,Brighton & Hove Albion,ALL,fouls_suffered,15.5,38,2,0.05263157894736842
2022-23,2023-05-28,Brighton & Hove Albion,ALL,corners_for,2.5,38,30,0.7894736842105263
2022-23,2023-05-28,Brighton & Hove Albion,ALL,corners_for,3.5,38,27,0.7105263157894737
2022-23,2023-05-28,Brighton & Hove Albion,ALL,corners_for,4.5,38,25,0.6578947368421053
2022-23,2023-05-28,Brighton & Hove Albion,ALL,corners_for,5.5,38,22,0.5789473684210527
2022-23,2023-05-28,Brighton & Hove Albion,ALL,corners_for,6.5,38,19,0.5
2022-23,2023-05-28,Brighton & Hove Albion,ALL,corners_for,7.5,38,11,0.2894736842105263
2022-23,2023-05-28,Brighton & Hove Albion,ALL,corners_against,2.5,38,26,0.6842105263157895
2022-23,2023-05-28,Brighton & Hove Albion,ALL,corners_against,3.5,38,19,0.5
2022-23,2023-05-28,Brighton & Hove Albion,ALL,corners_against,4.5,38,12,0.3157894736842105
2022-23,2023-05-28,Brighton & Hove Albion,ALL,corners_against,5.5,38,6,0.15789473684210525
2022-23,2023-05-28,Brighton & Hove Albion,ALL,corners_against,6.5,38,3,0.07894736842105263
2022-23,2023-05-28,Brighton & Hove Albion,ALL,corners_against,7.5,38,1,0.02631578947368421
2022-23,2023-05-28,Brighton & Hove Albion,ALL,yellow_cards,0.5,38,33,0.868421052631579
2022-23,2023-05-28,Brighton & Hove Albion,ALL,yellow_cards,1.5,38,16,0.42105263157894735
2022-23,2023-05-28,Brighton & Hove Albion,ALL,yellow_cards,2.5,38,7,0.18421052631578946
2022-23,2023-05-28,Brighton & Hove Albion,ALL,yellow_cards,3.5,38,3,0.07894736842105263
2022-23,2023-05-28,Brighton & Hove Albion,ALL,yellow_cards,4.5,38,0,0.0
2022-23,2023-05-28,Brighton & Hove Albion,HOME,fouls_committed,8.5,19,13,0.6842105263157895
2022-23,2023-05-28,Brighton & Hove Albion,HOME,fouls_committed,9.5,19,12,0.631578947368421
2022-23,2023-05-28,Brighton & Hove Albion,HOME,fouls_committed,10.5,19,9,0.47368421052631576
2022-23,2023-05-28,Brighton & Hove Albion,HOME,fouls_committed,11.5,19,8,0.42105263157894735
2022-23,2023-05-28,Brighton & Hove Albion,HOME,fouls_committed,12.5,19,7,0.3684210526315789
2022-23,2023-05-28,Brighton & Hove Albion,HOME,fouls_committed,13.5,19,6,0.3157894736842105
2022-23,2023-05-28,Brighton & Hove Albion,HOME,fouls_committed,14.5,19,3,0.15789473684210525
2022-23,2023-05-28,Brighton & Hove Albion,HOME,fouls_committed,15.5,19,3,0.15789473684210525
2022-23,2023-05-28,Brighton & Hove Albion,HOME,fouls_suffered,8.5,19,14,0.7368421052631579
2022-23,2023-05-28,Brighton & Hove Albion,HOME,fouls_suffered,9.5,19,13,0.6842105263157895
2022-23,2023-05-28,Brighton & Hove Albion,HOME,fouls_suffered,10.5,19,12,0.631578947368421
2022-23,2023-05-28,Brighton & Hove Albion,HOME,fouls_suffered,11.5,19,8,0.42105263157894735
2022-23,2023-05-28,Brighton & Hove Albion,HOME,fouls_suffered,12.5,19,8,0.42105263157894735
2022-23,2023-05-28,Brighton & Hove Albion,HOME,fouls_suffered,13.5,19,7,0.3684210526315789
2022-23,2023-05-28,Brighton & Hove Albion,HOME,fouls_suffered,14.5,19,2,0.10526315789473684
2022-23,2023-05-28,Brighton & Hove Albion,HOME,fouls_suffered,15.5,19,1,0.05263157894736842
2022-23,2023-05-28,Brighton & Hove Albion,HOME,corners_for,2.5,19,17,0.8947368421052632
2022-23,2023-05-28,Brighton & Hove Albion,HOME,corners_for,3.5,19,17,0.8947368421052632
2022-23,2023-05-28,Brighton & Hove Albion,HOME,corners_for,4.5,19,16,0.8421052631578947
2022-23,2023-05-28,Brighton & Hove Albion,HOME,corners_for,5.5,19,14,0.7368421052631579
2022-23,2023-05-28,Brighton & Hove Albion,HOME,corners_for,6.5,19,13,0.6842105263157895
2022-23,2023-05-28,Brighton & Hove Albion,HOME,corners_for,7.5,19,8,0.42105263157894735
2022-23,2023-05-28,Brighton & Hove Albion,HOME,corners_against,2.5,19,11,0.5789473684210527
2022-23,2023-05-28,Brighton & Hove Albion,HOME,corners_against,3.5,19,6,0.3157894736842105
2022-23,2023-05-28,Brighton & Hove Albion,HOME,corners_against,4.5,19,3,0.15789473684210525
2022-23,2023-05-28,Brighton & Hove Albion,HOME,corners_against,5.5,19,2,0.10526315789473684
2022-23,2023-05-28,Brighton & Hove Albion,HOME,corners_against,6.5,19,1,0.05263157894736842
2022-23,2023-05-28,Brighton & Hove Albion,HOME,corners_against,7.5,19,0,0.0
2022-23,2023-05-28,Brighton & Hove Albion,HOME,yellow_cards,0.5,19,17,0.8947368421052632
2022-23,2023-05-28,Brighton & Hove Albion,HOME,yellow_cards,1.5,19,10,0.5263157894736842
2022-23,2023-05-28,Brighton & Hove Albion,HOME,yellow_cards,2.5,19,4,0.21052631578947367
2022-23,2023-05-28,Brighton & Hove Albion,HOME,yellow_cards,3.5,19,1,0.05263157894736842
2022-23,2023-05-28,Brighton & Hove Albion,HOME,yellow_cards,4.5,19,0,0.0
2022-23,2023-05-28,Brighton & Hove Albion,AWAY,fouls_committed,8.5,19,16,0.8421052631578947
2022-23,2023-05-28,Brighton & Hove Albion,AWAY,fouls_committed,9.5,19,14,0.7368421052631579
2022-23,2023-05-28,Brighton & Hove Albion,AWAY,fouls_committed,10.5,19,12,0.631578947368421
2022-23,2023-05-28,Brighton & Hove Albion,AWAY,fouls_committed,11.5,19,8,0.42105263157894735
2022-23,2023-05-28,Brighton & Hove Albion,AWAY,fouls_committed,12.5,19,6,0.3157894736842105
2022-23,2023-05-28,Brighton & Hove Albion,AWAY,fouls_committed,13.5,19,5,0.2631578947368421
2022-23,2023-05-28,Brighton & Hove Albion,AWAY,fouls_committed,14.5,19,5,0.2631578947368421
2022-23,2023-05-28,Brighton & Hove Albion,AWAY,fouls_committed,15.5,19,3,0.15789473684210525
2022-23,2023-05-28,Brighton & Hove Albion,AWAY,fouls_suffered,8.5,19,16,0.8421052631578947
2022-23,2023-05-28,Brighton & Hove Albion,AWAY,fouls_suffered,9.5,19,12,0.631578947368421
2022-23,2023-05-28,Brighton & Hove Albion,AWAY,fouls_suffered,10.5,19,10,0.5263157894736842
2022-23,2023-05-28,Brighton & Hove Albion,AWAY,fouls_suffered,11.5,19,7,0.3684210526315789
2022-23,2023-05-28,Brighton & Hove Albion,AWAY,fouls_suffered,12.5,19,5,0.2631578947368421
2022-23,2023-05-28,Brighton & Hove Albion,AWAY,fouls_suffered,13.5,19,4,0.21052631578947367
2022-23,2023-05-28,Brighton & Hove Albion,AWAY,fouls_suffered,14.5,19,4,0.21052631578947367
2022-23,2023-05-28,Brighton & Hove Albion,AWAY,fouls_suffered,15.5,19,1,0.05263157894736842
2022-23,2023-05-28,Brighton & Hove Albion,AWAY,corners_for,2.5,19,13,0.6842105263157895
2022-23,2023-05-28,Brighton & Hove Albion,AWAY,corners_for,3.5,19,10,0.5263157894736842
2022-23,2023-05-28,Brighton & Hove Albion,AWAY,corners_for,4.5,19,9,0.47368421052631576
2022-23,2023-05-28,Brighton & Hove Albion,AWAY,corners_for,5.5,19,8,0.42105263157894735
2022-23,2023-05-28,Brighton & Hove Albion,AWAY,corners_for,6.5,19,6,0.3157894736842105
2022-23,2023-05-28,Brighton & Hove Albion,AWAY,corners_for,7.5,19,3,0.15789473684210525
2022-23,2023-05-28,Brighton & Hove Albion,AWAY,corners_against,2.5,19,15,0.7894736842105263
2022-23,2023-05-28,Brighton & Hove Albion,AWAY,corners_against,3.5,19,13,0.6842105263157895
2022-23,2023-05-28,Brighton & Hove Albion,AWAY,corners_against,4.5,19,9,0.47368421052631576
2022-23,2023-05-28,Brighton & Hove Albion,AWAY,corners_against,5.5,19,4,0.21052631578947367
2022-23,2023-05-28,Brighton & Hove Albion,AWAY,corners_against,6.5,19,2,0.10526315789473684
2022-23,2023-05-28,Brighton & Hove Albion,AWAY,corners_against,7.5,19,1,0.05263157894736842
2022-23,2023-05-28,Brighton & Hove Albion,AWAY,yellow_cards,0.5,19,16,0.8421052631578947
2022-23,2023-05-28,Brighton & Hove Albion,AWAY,yellow_cards,1.5,19,6,0.3157894736842105
2022-23,2023-05-28,Brighton & Hove Albion,AWAY,yellow_cards,2.5,19,3,0.15789473684210525
2022-23,2023-05-28,Brighton & Hove Albion,AWAY,yellow_cards,3.5,19,2,0.10526315789473684
2022-23,2023-05-28,Brighton & Hove Albion,AWAY,yellow_cards,4.5,19,0,0.0
2022-23,2023-05-28,Chelsea,ALL,fouls_committed,8.5,38,28,0.7368421052631579
2022-23,2023-05-28,Chelsea,ALL,fouls_committed,9.5,38,23,0.6052631578947368
2022-23,2023-05-28,Chelsea,ALL,fouls_committed,10.5,38,16,0.42105263157894735
2022-23,2023-05-28,Chelsea,ALL,fouls_committed,11.5,38,9,0.23684210526315788
2022-23,2023-05-28,Chelsea,ALL,fouls_committed,12.5,38,9,0.23684210526315788
2022-23,2023-05-28,Chelsea,ALL,fouls_committed,13.5,38,7,0.18421052631578946
2022-23,2023-05-28,Chelsea,ALL,fouls_committed,14.5,38,5,0.13157894736842105
2022-23,2023-05-28,Chelsea,ALL,fouls_committed,15.5,38,4,0.10526315789473684
2022-23,2023-05-28,Chelsea,ALL,fouls_suffered,8.5,38,34,0.8947368421052632
2022-23,2023-05-28,Chelsea,ALL,fouls_suffered,9.5,38,30,0.7894736842105263
2022-23,2023-05-28,Chelsea,ALL,fouls_suffered,10.5,38,25,0.6578947368421053
2022-23,2023-05-28,Chelsea,ALL,fouls_suffered,11.5,38,21,0.5526315789473685
2022-23,2023-05-28,Chelsea,ALL,fouls_suffered,12.5,38,15,0.39473684210526316
2022-23,2023-05-28,Chelsea,ALL,fouls_suffered,13.5,38,13,0.34210526315789475
2022-23,2023-05-28,Chelsea,ALL,fouls_suffered,14.5,38,10,0.2631578947368421
2022-23,2023-05-28,Chelsea,ALL,fouls_suffered,15.5,38,8,0.21052631578947367
2022-23,2023-05-28,Chelsea,ALL,corners_for,2.5,38,30,0.7894736842105263
2022-23,2023-05-28,Chelsea,ALL,corners_for,3.5,38,25,0.6578947368421053
2022-23,2023-05-28,Chelsea,ALL,corners_for,4.5,38,21,0.5526315789473685
2022-23,2023-05-28,Chelsea,ALL,corners_for,5.5,38,17,0.4473684210526316
2022-23,2023-05-28,Chelsea,ALL,corners_for,6.5,38,12,0.3157894736842105
2022-23,2023-05-28,Chelsea,ALL,corners_for,7.5,38,9,0.23684210526315788
2022-23,2023-05-28,Chelsea,ALL,corners_against,2.5,38,29,0.7631578947368421
2022-23,2023-05-28,Chelsea,ALL,corners_against,3.5,38,26,0.6842105263157895
2022-23,2023-05-28,Chelsea,ALL,corners_against,4.5,38,22,0.5789473684210527
2022-23,2023-05-28,Chelsea,ALL,corners_against,5.5,38,12,0.3157894736842105
2022-23,2023-05-28,Chelsea,ALL,corners_against,6.5,38,10,0.2631578947368421
2022-23,2023-05-28,Chelsea,ALL,corners_against,7.5,38,5,0.13157894736842105
2022-23,2023-05-28,Chelsea,ALL,yellow_cards,0.5,38,35,0.9210526315789473
2022-23,2023-05-28,Chelsea,ALL,yellow_cards,1.5,38,25,0.6578947368421053
2022-23,2023-05-28,Chelsea,ALL,yellow_cards,2.5,38,12,0.3157894736842105
2022-23,2023-05-28,Chelsea,ALL,yellow_cards,3.5,38,3,0.07894736842105263
2022-23,2023-05-28,Chelsea,ALL,yellow_cards,4.5,38,2,0.05263157894736842
2022-23,2023-05-28,Chelsea,HOME,fouls_committed,8.5,19,12,0.631578947368421
2022-23,2023-05-28,Chelsea,HOME,fouls_committed,9.5,19,9,0.47368421052631576
2022-23,2023-05-28,Chelsea,HOME,fouls_committed,10.5,19,6,0.3157894736842105
2022-23,2023-05-28,Chelsea,HOME,fouls_committed,11.5,19,5,0.2631578947368421
2022-23,2023-05-28,Chelsea,HOME,fouls_committed,12.5,19,5,0.2631578947368421
2022-23,2023-05-28,Chelsea,HOME,fouls_committed,13.5,19,4,0.21052631578947367
2022-23,2023-05-28,Chelsea,HOME,fouls_committed,14.5,19,3,0.15789473684210525
2022-23,2023-05-28,Chelsea,HOME,fouls_committed,15.5,19,3,0.15789473684210525
2022-23,2023-05-28,Chelsea,HOME,fouls_suffered,8.5,19,16,0.8421052631578947
2022-23,2023-05-28,Chelsea,HOME,fouls_suffered,9.5,19,14,0.7368421052631579
2022-23,2023-05-28,Chelsea,HOME,fouls_suffered,10.5,19,12,0.631578947368421
2022-23,2023-05-28,Chelsea,HOME,fouls_suffered,11.5,19,9,0.47368421052631576
2022-23,2023-05-28,Chelsea,HOME,fouls_suffered,12.5,19,7,0.3684210526315789
2022-23,2023-05-28,Chelsea,HOME,fouls_suffered,13.5,19,5,0.2631578947368421
2022-23,2023-05-28,Chelsea,HOME,fouls_suffered,14.5,19,5,0.2631578947368421
2022-23,2023-05-28,Chelsea,HOME,fouls_suffered,15.5,19,4,0.21052631578947367
2022-23,2023-05-28,Chelsea,HOME,corners_for,2.5,19,17,0.8947368421052632
2022-23,2023-05-28,Chelsea,HOME,corners_for,3.5,19,14,0.7368421052631579
2022-23,2023-05-28,Chelsea,HOME,corners_for,4.5,19,12,0.631578947368421
2022-23,2023-05-28,Chelsea,HOME,corners_for,5.5,19,10,0.5263157894736842
2022-23,2023-05-28,Chelsea,HOME,corners_for,6.5,19,7,0.3684210526315789
2022-23,2023-05-28,Chelsea,HOME,corners_for,7.5,19,7,0.3684210526315789
2022-23,2023-05-28,Chelsea,HOME,corners_against,2.5,19,12,0.631578947368421
2022-23,2023-05-28,Chelsea,HOME,corners_against,3.5,19,10,0.5263157894736842
2022-23,2023-05-28,Chelsea,HOME,corners_against,4.5,19,9,0.47368421052631576
2022-23,2023-05-28,Chelsea,HOME,corners_against,5.5,19,6,0.3157894736842105
2022-23,2023-05-28,Chelsea,HOME,corners_against,6.5,19,5,0.2631578947368421
2022-23,2023-05-28,Chelsea,HOME,corners_against,7.5,19,3,0.15789473684210525
2022-23,2023-05-28,Chelsea,HOME,yellow_cards,0.5,19,17,0.8947368421052632
2022-23,2023-05-28,Chelsea,HOME,yellow_cards,1.5,19,12,0.631578947368421
2022-23,2023-05-28,Chelsea,HOME,yellow_cards,2.5,19,6,0.3157894736842105
2022-23,2023-05-28,Chelsea,HOME,yellow_cards,3.5,19,2,0.10526315789473684
2022-23,2023-05-28,Chelsea,HOME,yellow_cards,4.5,19,1,0.05263157894736842
2022-23,2023-05-28,Chelsea,AWAY,fouls_committed,8.5,19,16,0.8421052631578947
2022-23,2023-05-28,Chelsea,AWAY,fouls_committed,9.5,19,14,0.7368421052631579
2022-23,2023-05-28,Chelsea,AWAY,fouls_committed,10.5,19,10,0.5263157894736842
2022-23,2023-05-28,Chelsea,AWAY,fouls_committed,11.5,19,4,0.21052631578947367
2022-23,2023-05-28,Chelsea,AWAY,fouls_committed,12.5,19,4,0.21052631578947367
2022-23,2023-05-28,Chelsea,AWAY,fouls_committed,13.5,19,3,0.15789473684210525
2022-23,2023-05-28,Chelsea,AWAY,fouls_committed,14.5,19,2,0.10526315789473684
2022-23,2023-05-28,Chelsea,AWAY,fouls_committed,15.5,19,1,0.05263157894736842
2022-23,2023-05-28,Chelsea,AWAY,fouls_suffered,8.5,19,18,0.9473684210526315
2022-23,2023-05-28,Chelsea,AWAY,fouls_suffered,9.5,19,16,0.8421052631578947
2022-23,2023-05-28,Chelsea,AWAY,fouls_suffered,10.5,19,13,0.6842105263157895
2022-23,2023-05-28,Chelsea,AWAY,fouls_suffered,11.5,19,12,0.631578947368421
2022-23,2023-05-28,Chelsea,AWAY,fouls_suffered,12.5,19,8,0.42105263157894735
2022-23,2023-05-28,Chelsea,AWAY,fouls_suffered,13.5,19,8,0.42105263157894735
2022-23,2023-05-28,Chelsea,AWAY,fouls_suffered,14.5,19,5,0.2631578947368421
2022-23,2023-05-28,Chelsea,AWAY,fouls_suffered,15.5,19,4,0.21052631578947367
2022-23,2023-05-28,Chelsea,AWAY,corners_for,2.5,19,13,0.6842105263157895
2022-23,2023-05-28,Chelsea,AWAY,corners_for,3.5,19,11,0.5789473684210527
2022-23,2023-05-28,Chelsea,AWAY,corners_for,4.5,19,9,0.47368421052631576
2022-23,2023-05-28,Chelsea,AWAY,corners_for,5.5,19,7,0.3684210526315789
2022-23,2023-05-28,Chelsea,AWAY,corners_for,6.5,19,5,0.2631578947368421
2022-23,2023-05-28,Chelsea,AWAY,corners_for,7.5,19,2,0.10526315789473684
2022-23,2023-05-28,Chelsea,AWAY,corners_against,2.5,19,17,0.8947368421052632
2022-23,2023-05-28,Chelsea,AWAY,corners_against,3.5,19,16,0.8421052631578947
2022-23,2023-05-28,Chelsea,AWAY,corners_against,4.5,19,13,0.6842105263157895
2022-23,2023-05-28,Chelsea,AWAY,corners_against,5.5,19,6,0.3157894736842105
2022-23,2023-05-28,Chelsea,AWAY,corners_against,6.5,19,5,0.2631578947368421
2022-23,2023-05-28,Chelsea,AWAY,corners_against,7.5,19,2,0.10526315789473684
2022-23,2023-05-28,Chelsea,AWAY,yellow_cards,0.5,19,18,0.9473684210526315
2022-23,2023-05-28,Chelsea,AWAY,yellow_cards,1.5,19,13,0.6842105263157895
2022-23,2023-05-28,Chelsea,AWAY,yellow_cards,2.5,19,6,0.3157894736842105
2022-23,2023-05-28,Chelsea,AWAY,yellow_cards,3.5,19,1,0.05263157894736842
2022-23,2023-05-28,Chelsea,AWAY,yellow_cards,4.5,19,1,0.05263157894736842
2022-23,2023-05-28,Crystal Palace,ALL,fouls_committed,8.5,38,32,0.8421052631578947
2022-23,2023-05-28,Crystal Palace,ALL,fouls_committed,9.5,38,28,0.7368421052631579
2022-23,2023-05-28,Crystal Palace,ALL,fouls_committed,10.5,38,26,0.6842105263157895
2022-23,2023-05-28,Crystal Palace,ALL,fouls_committed,11.5,38,20,0.5263157894736842
2022-23,2023-05-28,Crystal Palace,ALL,fouls_committed,12.5,38,15,0.39473684210526316
2022-23,2023-05-28,Crystal Palace,ALL,fouls_committed,13.5,38,9,0.23684210526315788
2022-23,2023-05-28,Crystal Palace,ALL,fouls_committed,14.5,38,5,0.13157894736842105
2022-23,2023-05-28,Crystal Palace,ALL,fouls_committed,15.5,38,5,0.13157894736842105
2022-23,2023-05-28,Crystal Palace,ALL,fouls_suffered,8.5,38,32,0.8421052631578947
2022-23,2023-05-28,Crystal Palace,ALL,fouls_suffered,9.5,38,31,0.8157894736842105
2022-23,2023-05-28,Crystal Palace,ALL,fouls_suffered,10.5,38,27,0.7105263157894737
2022-23,2023-05-28,Crystal Palace,ALL,fouls_suffered,11.5,38,23,0.6052631578947368
2022-23,2023-05-28,Crystal Palace,ALL,fouls_suffered,12.5,38,21,0.5526315789473685
2022-23,2023-05-28,Crystal Palace,ALL,fouls_suffered,13.5,38,16,0.42105263157894735
2022-23,2023-05-28,Crystal Palace,ALL,fouls_suffered,14.5,38,11,0.2894736842105263
2022-23,2023-05-28,Crystal Palace,ALL,fouls_suffered,15.5,38,9,0.23684210526315788
2022-23,2023-05-28,Crystal Palace,ALL,corners_for,2.5,38,31,0.8157894736842105
2022-23,2023-05-28,Crystal Palace,ALL,corners_for,3.5,38,28,0.7368421052631579
2022-23,2023-05-28,Crystal Palace,ALL,corners_for,4.5,38,18,0.47368421052631576
2022-23,2023-05-28,Crystal Palace,ALL,corners_for,5.5,38,10,0.2631578947368421
2022-23,2023-05-28,Crystal Palace,ALL,corners_for,6.5,38,9,0.23684210526315788
2022-23,2023-05-28,Crystal Palace,ALL,corners_for,7.5,38,7,0.18421052631578946
2022-23,2023-05-28,Crystal Palace,ALL,corners_against,2.5,38,26,0.6842105263157895
2022-23,2023-05-28,Crystal Palace,ALL,corners_against,3.5,38,21,0.5526315789473685
2022-23,2023-05-28,Crystal Palace,ALL,corners_against,4.5,38,17,0.4473684210526316
2022-23,2023-05-28,Crystal Palace,ALL,corners_against,5.5,38,13,0.34210526315789475
2022-23,2023-05-28,Crystal Palace,ALL,corners_against,6.5,38,7,0.18421052631578946
2022-23,2023-05-28,Crystal Palace,ALL,corners_against,7.5,38,6,0.15789473684210525
2022-23,2023-05-28,Crystal Palace,ALL,yellow_cards,0.5,38,34,0.8947368421052632
2022-23,2023-05-28,Crystal Palace,ALL,yellow_cards,1.5,38,21,0.5526315789473685
2022-23,2023-05-28,Crystal Palace,ALL,yellow_cards,2.5,38,13,0.34210526315789475
2022-23,2023-05-28,Crystal Palace,ALL,yellow_cards,3.5,38,8,0.21052631578947367
2022-23,2023-05-28,Crystal Palace,ALL,yellow_cards,4.5,38,2,0.05263157894736842
2022-23,2023-05-28,Crystal Palace,HOME,fouls_committed,8.5,19,18,0.9473684210526315
2022-23,2023-05-28,Crystal Palace,HOME,fouls_committed,9.5,19,15,0.7894736842105263
2022-23,2023-05-28,Crystal Palace,HOME,fouls_committed,10.5,19,14,0.7368421052631579
2022-23,2023-05-28,Crystal Palace,HOME,fouls_committed,11.5,19,9,0.47368421052631576
2022-23,2023-05-28,Crystal Palace,HOME,fouls_committed,12.5,19,6,0.3157894736842105
2022-23,2023-05-28,Crystal Palace,HOME,fouls_committed,13.5,19,3,0.15789473684210525
2022-23,2023-05-28,Crystal Palace,HOME,fouls_committed,14.5,19,2,0.10526315789473684
2022-23,2023-05-28,Crystal Palace,HOME,fouls_committed,15.5,19,2,0.10526315789473684
2022-23,2023-05-28,Crystal Palace,HOME,fouls_suffered,8.5,19,16,0.8421052631578947
2022-23,2023-05-28,Crystal Palace,HOME,fouls_suffered,9.5,19,16,0.8421052631578947
2022-23,2023-05-28,Crystal Palace,HOME,fouls_suffered,10.5,19,15,0.7894736842105263
2022-23,2023-05-28,Crystal Palace,HOME,fouls_suffered,11.5,19,13,0.6842105263157895
2022-23,2023-05-28,Crystal Palace,HOME,fouls_suffered,12.5,19,11,0.5789473684210527
2022-23,2023-05-28,Crystal Palace,HOME,fouls_suffered,13.5,19,9,0.47368421052631576
2022-23,2023-05-28,Crystal Palace,HOME,fouls_suffered,14.5,19,6,0.3157894736842105
2022-23,2023-05-28,Crystal Palace,HOME,fouls_suffered,15.5,19,5,0.2631578947368421
2022-23,2023-05-28,Crystal Palace,HOME,corners_for,2.5,19,16,0.8421052631578947
2022-23,2023-05-28,Crystal Palace,HOME,corners_for,3.5,19,13,0.6842105263157895
2022-23,2023-05-28,Crystal Palace,HOME,corners_for,4.5,19,10,0.5263157894736842
2022-23,2023-05-28,Crystal Palace,HOME,corners_for,5.5,19,6,0.3157894736842105
2022-23,2023-05-28,Crystal Palace,HOME,corners_for,6.5,19,6,0.3157894736842105
2022-23,2023-05-28,Crystal Palace,HOME,corners_for,7.5,19,6,0.3157894736842105
2022-23,2023-05-28,Crystal Palace,HOME,corners_against,2.5,19,14,0.7368421052631579
2022-23,2023-05-28,Crystal Palace,HOME,corners_against,3.5,19,10,0.5263157894736842
2022-23,2023-05-28,Crystal Palace,HOME,corners_against,4.5,19,7,0.3684210526315789
2022-23,2023-05-28,Crystal Palace,HOME,corners_against,5.5,19,5,0.2631578947368421
2022-23,2023-05-28,Crystal Palace,HOME,corners_against,6.5,19,2,0.10526315789473684
2022-23,2023-05-28,Crystal Palace,HOME,corners_against,7.5,19,2,0.10526315789473684
2022-23,2023-05-28,Crystal Palace,HOME,yellow_cards,0.5,19,16,0.8421052631578947
2022-23,2023-05-28,Crystal Palace,HOME,yellow_cards,1.5,19,9,0.47368421052631576
2022-23,2023-05-28,Crystal Palace,HOME,yellow_cards,2.5,19,6,0.3157894736842105
2022-23,2023-05-28,Crystal Palace,HOME,yellow_cards,3.5,19,2,0.10526315789473684
2022-23,2023-05-28,Crystal Palace,HOME,yellow_cards,4.5,19,0,0.0
2022-23,2023-05-28,Crystal Palace,AWAY,fouls_committed,8.5,19,14,0.7368421052631579
2022-23,2023-05-28,Crystal Palace,AWAY,fouls_committed,9.5,19,13,0.6842105263157895
2022-23,2023-05-28,Crystal Palace,AWAY,fouls_committed,10.5,19,12,0.631578947368421
2022-23,2023-05-28,Crystal Palace,AWAY,fouls_committed,11.5,19,11,0.5789473684210527
2022-23,2023-05-28,Crystal Palace,AWAY,fouls_committed,12.5,19,9,0.47368421052631576
2022-23,2023-05-28,Crystal Palace,AWAY,fouls_committed,13.5,19,6,0.3157894736842105
2022-23,2023-05-28,Crystal Palace,AWAY,fouls_committed,14.5,19,3,0.15789473684210525
2022-23,2023-05-28,Crystal Palace,AWAY,fouls_committed,15.5,19,3,0.15789473684210525
2022-23,2023-05-28,Crystal Palace,AWAY,fouls_suffered,8.5,19,16,0.8421052631578947
2022-23,2023-05-28,Crystal Palace,AWAY,fouls_suffered,9.5,19,15,0.7894736842105263
2022-23,2023-05-28,Crystal Palace,AWAY,fouls_suffered,10.5,19,12,0.631578947368421
2022-23,2023-05-28,Crystal Palace,AWAY,fouls_suffered,11.5,19,10,0.5263157894736842
2022-23,2023-05-28,Crystal Palace,AWAY,fouls_suffered,12.5,19,10,0.5263157894736842
2022-23,2023-05-28,Crystal Palace,AWAY,fouls_suffered,13.5,19,7,0.3684210526315789
2022-23,2023-05-28,Crystal Palace,AWAY,fouls_suffered,14.5,19,5,0.2631578947368421
2022-23,2023-05-28,Crystal Palace,AWAY,fouls_suffered,15.5,19,4,0.21052631578947367
2022-23,2023-05-28,Crystal Palace,AWAY,corners_for,2.5,19,15,0.7894736842105263
2022-23,2023-05-28,Crystal Palace,AWAY,corners_for,3.5,19,15,0.7894736842105263
2022-23,2023-05-28,Crystal Palace,AWAY,corners_for,4.5,19,8,0.42105263157894735
2022-23,2023-05-28,Crystal Palace,AWAY,corners_for,5.5,19,4,0.21052631578947367
2022-23,2023-05-28,Crystal Palace,AWAY,corners_for,6.5,19,3,0.15789473684210525
2022-23,2023-05-28,Crystal Palace,AWAY,corners_for,7.5,19,1,0.05263157894736842
2022-23,2023-05-28,Crystal Palace,AWAY,corners_against,2.5,19,12,0.631578947368421
2022-23,2023-05-28,Crystal Palace,AWAY,corners_against,3.5,19,11,0.5789473684210527
2022-23,2023-05-28,Crystal Palace,AWAY,corners_against,4.5,19,10,0.5263157894736842
2022-23,2023-05-28,Crystal Palace,AWAY,corners_against,5.5,19,8,0.42105263157894735
2022-23,2023-05-28,Crystal Palace,AWAY,corners_against,6.5,19,5,0.2631578947368421
2022-23,2023-05-28,Crystal Palace,AWAY,corners_against,7.5,19,4,0.21052631578947367
2022-23,2023-05-28,Crystal Palace,AWAY,yellow_cards,0.5,19,18,0.9473684210526315
2022-23,2023-05-28,Crystal Palace,AWAY,yellow_cards,1.5,19,12,0.631578947368421
2022-23,2023-05-28,Crystal Palace,AWAY,yellow_cards,2.5,19,7,0.3684210526315789
2022-23,2023-05-28,Crystal Palace,AWAY,yellow_cards,3.5,19,6,0.3157894736842105
2022-23,2023-05-28,Crystal Palace,AWAY,yellow_cards,4.5,19,2,0.10526315789473684
2022-23,2023-05-28,Everton,ALL,fouls_committed,8.5,38,25,0.6578947368421053
2022-23,2023-05-28,Everton,ALL,fouls_committed,9.5,38,21,0.5526315789473685
2022-23,2023-05-28,Everton,ALL,fouls_committed,10.5,38,17,0.4473684210526316
2022-23,2023-05-28,Everton,ALL,fouls_committed,11.5,38,15,0.39473684210526316
2022-23,2023-05-28,Everton,ALL,fouls_committed,12.5,38,9,0.23684210526315788
2022-23,2023-05-28,Everton,ALL,fouls_committed,13.5,38,6,0.15789473684210525
2022-23,2023-05-28,Everton,ALL,fouls_committed,14.5,38,3,0.07894736842105263
2022-23,2023-05-28,Everton,ALL,fouls_committed,15.5,38,3,0.07894736842105263
2022-23,2023-05-28,Everton,ALL,fouls_suffered,8.5,38,28,0.7368421052631579
2022-23,2023-05-28,Everton,ALL,fouls_suffered,9.5,38,24,0.631578947368421
2022-23,2023-05-28,Everton,ALL,fouls_suffered,10.5,38,19,0.5
2022-23,2023-05-28,Everton,ALL,fouls_suffered,11.5,38,13,0.34210526315789475
2022-23,2023-05-28,Everton,ALL,fouls_suffered,12.5,38,7,0.18421052631578946
2022-23,2023-05-28,Everton,ALL,fouls_suffered,13.5,38,5,0.13157894736842105
2022-23,2023-05-28,Everton,ALL,fouls_suffered,14.5,38,3,0.07894736842105263
2022-23,2023-05-28,Everton,ALL,fouls_suffered,15.5,38,3,0.07894736842105263
2022-23,2023-05-28,Everton,ALL,corners_for,2.5,38,29,0.7631578947368421
2022-23,2023-05-28,Everton,ALL,corners_for,3.5,38,24,0.631578947368421
2022-23,2023-05-28,Everton,ALL,corners_for,4.5,38,20,0.5263157894736842
2022-23,2023-05-28,Everton,ALL,corners_for,5.5,38,13,0.34210526315789475
2022-23,2023-05-28,Everton,ALL,corners_for,6.5,38,9,0.23684210526315788
2022-23,2023-05-28,Everton,ALL,corners_for,7.5,38,6,0.15789473684210525
2022-23,2023-05-28,Everton,ALL,corners_against,2.5,38,32,0.8421052631578947
2022-23,2023-05-28,Everton,ALL,corners_against,3.5,38,26,0.6842105263157895
2022-23,2023-05-28,Everton,ALL,corners_against,4.5,38,21,0.5526315789473685
2022-23,2023-05-28,Everton,ALL,corners_against,5.5,38,18,0.47368421052631576
2022-23,2023-05-28,Everton,ALL,corners_against,6.5,38,17,0.4473684210526316
2022-23,2023-05-28,Everton,ALL,corners_against,7.5,38,14,0.3684210526315789
2022-23,2023-05-28,Everton,ALL,yellow_cards,0.5,38,33,0.868421052631579
2022-23,2023-05-28,Everton,ALL,yellow_cards,1.5,38,24,0.631578947368421
2022-23,2023-05-28,Everton,ALL,yellow_cards,2.5,38,14,0.3684210526315789
2022-23,2023-05-28,Everton,ALL,yellow_cards,3.5,38,6,0.15789473684210525
2022-23,2023-05-28,Everton,ALL,yellow_cards,4.5,38,2,0.05263157894736842
2022-23,2023-05-28,Everton,HOME,fouls_committed,8.5,19,11,0.5789473684210527
2022-23,2023-05-28,Everton,HOME,fouls_committed,9.5,19,9,0.47368421052631576
2022-23,2023-05-28,Everton,HOME,fouls_committed,10.5,19,7,0.3684210526315789
2022-23,2023-05-28,Everton,HOME,fouls_committed,11.5,19,5,0.2631578947368421
2022-23,2023-05-28,Everton,HOME,fouls_committed,12.5,19,3,0.15789473684210525
2022-23,2023-05-28,Everton,HOME,fouls_committed,13.5,19,2,0.10526315789473684
2022-23,2023-05-28,Everton,HOME,fouls_committed,14.5,19,1,0.05263157894736842
2022-23,2023-05-28,Everton,HOME,fouls_committed,15.5,19,1,0.05263157894736842
2022-23,2023-05-28,Everton,HOME,fouls_suffered,8.5,19,13,0.6842105263157895
2022-23,2023-05-28,Everton,HOME,fouls_suffered,9.5,19,12,0.631578947368421
2022-23,2023-05-28,Everton,HOME,fouls_suffered,10.5,19,11,0.5789473684210527
2022-23,2023-05-28,Everton,HOME,fouls_suffered,11.5,19,8,0.42105263157894735
2022-23,2023-05-28,Everton,HOME,fouls_suffered,12.5,19,5,0.2631578947368421
2022-23,2023-05-28,Everton,HOME,fouls_suffered,13.5,19,4,0.21052631578947367
2022-23,2023-05-28,Everton,HOME,fouls_suffered,14.5,19,2,0.10526315789473684
2022-23,2023-05-28,Everton,HOME,fouls_suffered,15.5,19,2,0.10526315789473684
2022-23,2023-05-28,Everton,HOME,corners_for,2.5,19,18,0.9473684210526315
2022-23,2023-05-28,Everton,HOME,corners_for,3.5,19,15,0.7894736842105263
2022-23,2023-05-28,Everton,HOME,corners_for,4.5,19,13,0.6842105263157895
2022-23,2023-05-28,Everton,HOME,corners_for,5.5,19,8,0.42105263157894735
2022-23,2023-05-28,Everton,HOME,corners_for,6.5,19,5,0.2631578947368421
2022-23,2023-05-28,Everton,HOME,corners_for,7.5,19,3,0.15789473684210525
2022-23,2023-05-28,Everton,HOME,corners_against,2.5,19,15,0.7894736842105263
2022-23,2023-05-28,Everton,HOME,corners_against,3.5,19,12,0.631578947368421
2022-23,2023-05-28,Everton,HOME,corners_against,4.5,19,8,0.42105263157894735
2022-23,2023-05-28,Everton,HOME,corners_against,5.5,19,7,0.3684210526315789
2022-23,2023-05-28,Everton,HOME,corners_against,6.5,19,6,0.3157894736842105
2022-23,2023-05-28,Everton,HOME,corners_against,7.5,19,6,0.3157894736842105
2022-23,2023-05-28,Everton,HOME,yellow_cards,0.5,19,16,0.8421052631578947
2022-23,2023-05-28,Everton,HOME,yellow_cards,1.5,19,13,0.6842105263157895
2022-23,2023-05-28,Everton,HOME,yellow_cards,2.5,19,7,0.3684210526315789
2022-23,2023-05-28,Everton,HOME,yellow_cards,3.5,19,1,0.05263157894736842
2022-23,2023-05-28,Everton,HOME,yellow_cards,4.5,19,0,0.0
2022-23,2023-05-28,Everton,AWAY,fouls_committed,8.5,19,14,0.7368421052631579
2022-23,2023-05-28,Everton,AWAY,fouls_committed,9.5,19,12,0.631578947368421
2022-23,2023-05-28,Everton,AWAY,fouls_committed,10.5,19,10,0.5263157894736842
2022-23,2023-05-28,Everton,AWAY,fouls_committed,11.5,19,10,0.5263157894736842
2022-23,2023-05-28,Everton,AWAY,fouls_committed,12.5,19,6,0.3157894736842105
2022-23,2023-05-28,Everton,AWAY,fouls_committed,13.5,19,4,0.21052631578947367
2022-23,2023-05-28,Everton,AWAY,fouls_committed,14.5,19,2,0.10526315789473684
2022-23,2023-05-28,Everton,AWAY,fouls_committed,15.5,19,2,0.10526315789473684
2022-23,2023-05-28,Everton,AWAY,fouls_suffered,8.5,19,15,0.7894736842105263
2022-23,2023-05-28,Everton,AWAY,fouls_suffered,9.5,19,12,0.631578947368421
2022-23,2023-05-28,Everton,AWAY,fouls_suffered,10.5,19,8,0.42105263157894735
2022-23,2023-05-28,Everton,AWAY,fouls_suffered,11.5,19,5,0.2631578947368421
2022-23,2023-05-28,Everton,AWAY,fouls_suffered,12.5,19,2,0.10526315789473684
2022-23,2023-05-28,Everton,AWAY,fouls_suffered,13.5,19,1,0.05263157894736842
2022-23,2023-05-28,Everton,AWAY,fouls_suffered,14.5,19,1,0.05263157894736842
2022-23,2023-05-28,Everton,AWAY,fouls_suffered,15.5,19,1,0.05263157894736842
2022-23,2023-05-28,Everton,AWAY,corners_for,2.5,19,11,0.5789473684210527
2022-23,2023-05-28,Everton,AWAY,corners_for,3.5,19,9,0.47368421052631576
2022-23,2023-05-28,Everton,AWAY,corners_for,4.5,19,7,0.3684210526315789
2022-23,2023-05-28,Everton,AWAY,corners_for,5.5,19,5,0.2631578947368421
2022-23,2023-05-28,Everton,AWAY,corners_for,6.5,19,4,0.21052631578947367
2022-23,2023-05-28,Everton,AWAY,corners_for,7.5,19,3,0.15789473684210525
2022-23,2023-05-28,Everton,AWAY,corners_against,2.5,19,17,0.8947368421052632
2022-23,2023-05-28,Everton,AWAY,corners_against,3.5,19,14,0.7368421052631579
2022-23,2023-05-28,Everton,AWAY,corners_against,4.5,19,13,0.6842105263157895
2022-23,2023-05-28,Everton,AWAY,corners_against,5.5,19,11,0.5789473684210527
2022-23,2023-05-28,Everton,AWAY,corners_against,6.5,19,11,0.5789473684210527
2022-23,2023-05-28,Everton,AWAY,corners_against,7.5,19,8,0.42105263157894735
2022-23,2023-05-28,Everton,AWAY,yellow_cards,0.5,19,17,0.8947368421052632
2022-23,2023-05-28,Everton,AWAY,yellow_cards,1.5,19,11,0.5789473684210527
2022-23,2023-05-28,Everton,AWAY,yellow_cards,2.5,19,7,0.3684210526315789
2022-23,2023-05-28,Everton,AWAY,yellow_cards,3.5,19,5,0.2631578947368421
2022-23,2023-05-28,Everton,AWAY,yellow_cards,4.5,19,2,0.10526315789473684
2022-23,2023-05-28,Fulham,ALL,fouls_committed,8.5,38,31,0.8157894736842105
2022-23,2023-05-28,Fulham,ALL,fouls_committed,9.5,38,25,0.6578947368421053
2022-23,2023-05-28,Fulham,ALL,fouls_committed,10.5,38,18,0.47368421052631576
2022-23,2023-05-28,Fulham,ALL,fouls_committed,11.5,38,15,0.39473684210526316
2022-23,2023-05-28,Fulham,ALL,fouls_committed,12.5,38,10,0.2631578947368421
2022-23,2023-05-28,Fulham,ALL,fouls_committed,13.5,38,6,0.15789473684210525
2022-23,2023-05-28,Fulham,ALL,fouls_committed,14.5,38,3,0.07894736842105263
2022-23,2023-05-28,Fulham,ALL,fouls_committed,15.5,38,2,0.05263157894736842
2022-23,2023-05-28,Fulham,ALL,fouls_suffered,8.5,38,31,0.8157894736842105
2022-23,2023-05-28,Fulham,ALL,fouls_suffered,9.5,38,27,0.7105263157894737
2022-23,2023-05-28,Fulham,ALL,fouls_suffered,10.5,38,21,0.5526315789473685
2022-23,2023-05-28,Fulham,ALL,fouls_suffered,11.5,38,16,0.42105263157894735
2022-23,2023-05-28,Fulham,ALL,fouls_suffered,12.5,38,9,0.23684210526315788
2022-23,2023-05-28,Fulham,ALL,fouls_suffered,13.5,38,8,0.21052631578947367
2022-23,2023-05-28,Fulham,ALL,fouls_suffered,14.5,38,7,0.18421052631578946
2022-23,2023-05-28,Fulham,ALL,fouls_suffered,15.5,38,4,0.10526315789473684
2022-23,2023-05-28,Fulham,ALL,corners_for,2.5,38,29,0.7631578947368421
2022-23,2023-05-28,Fulham,ALL,corners_for,3.5,38,22,0.5789473684210527
2022-23,2023-05-28,Fulham,ALL,corners_for,4.5,38,17,0.4473684210526316
2022-23,2023-05-28,Fulham,ALL,corners_for,5.5,38,12,0.3157894736842105
2022-23,2023-05-28,Fulham,ALL,corners_for,6.5,38,10,0.2631578947368421
2022-23,2023-05-28,Fulham,ALL,corners_for,7.5,38,9,0.23684210526315788
2022-23,2023-05-28,Fulham,ALL,corners_against,2.5,38,34,0.8947368421052632
2022-23,2023-05-28,Fulham,ALL,corners_against,3.5,38,29,0.7631578947368421
2022-23,2023-05-28,Fulham,ALL,corners_against,4.5,38,20,0.5263157894736842
2022-23,2023-05-28,Fulham,ALL,corners_against,5.5,38,17,0.4473684210526316
2022-23,2023-05-28,Fulham,ALL,corners_against,6.5,38,13,0.34210526315789475
2022-23,2023-05-28,Fulham,ALL,corners_against,7.5,38,9,0.23684210526315788
2022-23,2023-05-28,Fulham,ALL,yellow_cards,0.5,38,30,0.7894736842105263
2022-23,2023-05-28,Fulham,ALL,yellow_cards,1.5,38,24,0.631578947368421
2022-23,2023-05-28,Fulham,ALL,yellow_cards,2.5,38,15,0.39473684210526316
2022-23,2023-05-28,Fulham,ALL,yellow_cards,3.5,38,8,0.21052631578947367
2022-23,2023-05-28,Fulham,ALL,yellow_cards,4.5,38,2,0.05263157894736842
2022-23,2023-05-28,Fulham,HOME,fouls_committed,8.5,19,17,0.8947368421052632
2022-23,2023-05-28,Fulham,HOME,fouls_committed,9.5,19,11,0.5789473684210527
2022-23,2023-05-28,Fulham,HOME,fouls_committed,10.5,19,6,0.3157894736842105
2022-23,2023-05-28,Fulham,HOME,fouls_committed,11.5,19,5,0.2631578947368421
2022-23,2023-05-28,Fulham,HOME,fouls_committed,12.5,19,3,0.15789473684210525
2022-23,2023-05-28,Fulham,HOME,fouls_committed,13.5,19,0,0.0
2022-23,2023-05-28,Fulham,HOME,fouls_committed,14.5,19,0,0.0
2022-23,2023-05-28,Fulham,HOME,fouls_committed,15.5,19,0,0.0
2022-23,2023-05-28,Fulham,HOME,fouls_suffered,8.5,19,17,0.8947368421052632
2022-23,2023-05-28,Fulham,HOME,fouls_suffered,9.5,19,15,0.7894736842105263
2022-23,2023-05-28,Fulham,HOME,fouls_suffered,10.5,19,11,0.5789473684210527
2022-23,2023-05-28,Fulham,HOME,fouls_suffered,11.5,19,7,0.3684210526315789
2022-23,2023-05-28,Fulham,HOME,fouls_suffered,12.5,19,5,0.2631578947368421
2022-23,2023-05-28,Fulham,HOME,fouls_suffered,13.5,19,4,0.21052631578947367
2022-23,2023-05-28,Fulham,HOME,fouls_suffered,14.5,19,4,0.21052631578947367
2022-23,2023-05-28,Fulham,HOME,fouls_suffered,15.5,19,2,0.10526315789473684
2022-23,2023-05-28,Fulham,HOME,corners_for,2.5,19,16,0.8421052631578947
2022-23,2023-05-28,Fulham,HOME,corners_for,3.5,19,14,0.7368421052631579
2022-23,2023-05-28,Fulham,HOME,corners_for,4.5,19,10,0.5263157894736842
2022-23,2023-05-28,Fulham,HOME,corners_for,5.5,19,7,0.3684210526315789
2022-23,2023-05-28,Fulham,HOME,corners_for,6.5,19,6,0.3157894736842105
2022-23,2023-05-28,Fulham,HOME,corners_for,7.5,19,5,0.2631578947368421
2022-23,2023-05-28,Fulham,HOME,corners_against,2.5,19,19,1.0
2022-23,2023-05-28,Fulham,HOME,corners_against,3.5,19,15,0.7894736842105263
2022-23,2023-05-28,Fulham,HOME,corners_against,4.5,19,9,0.47368421052631576
2022-23,2023-05-28,Fulham,HOME,corners_against,5.5,19,8,0.42105263157894735
2022-23,2023-05-28,Fulham,HOME,corners_against,6.5,19,6,0.3157894736842105
2022-23,2023-05-28,Fulham,HOME,corners_against,7.5,19,3,0.15789473684210525
2022-23,2023-05-28,Fulham,HOME,yellow_cards,0.5,19,14,0.7368421052631579
2022-23,2023-05-28,Fulham,HOME,yellow_cards,1.5,19,9,0.47368421052631576
2022-23,2023-05-28,Fulham,HOME,yellow_cards,2.5,19,3,0.15789473684210525
2022-23,2023-05-28,Fulham,HOME,yellow_cards,3.5,19,1,0.05263157894736842
2022-23,2023-05-28,Fulham,HOME,yellow_cards,4.5,19,0,0.0
2022-23,2023-05-28,Fulham,AWAY,fouls_committed,8.5,19,14,0.7368421052631579
2022-23,2023-05-28,Fulham,AWAY,fouls_committed,9.5,19,14,0.7368421052631579
2022-23,2023-05-28,Fulham,AWAY,fouls_committed,10.5,19,12,0.631578947368421
2022-23,2023-05-28,Fulham,AWAY,fouls_committed,11.5,19,10,0.5263157894736842
2022-23,2023-05-28,Fulham,AWAY,fouls_committed,12.5,19,7,0.3684210526315789
2022-23,2023-05-28,Fulham,AWAY,fouls_committed,13.5,19,6,0.3157894736842105
2022-23,2023-05-28,Fulham,AWAY,fouls_committed,14.5,19,3,0.15789473684210525
2022-23,2023-05-28,Fulham,AWAY,fouls_committed,15.5,19,2,0.10526315789473684
2022-23,2023-05-28,Fulham,AWAY,fouls_suffered,8.5,19,14,0.7368421052631579
2022-23,2023-05-28,Fulham,AWAY,fouls_suffered,9.5,19,12,0.631578947368421
2022-23,2023-05-28,Fulham,AWAY,fouls_suffered,10.5,19,10,0.5263157894736842
2022-23,2023-05-28,Fulham,AWAY,fouls_suffered,11.5,19,9,0.47368421052631576
2022-23,2023-05-28,Fulham,AWAY,fouls_suffered,12.5,19,4,0.21052631578947367
2022-23,2023-05-28,Fulham,AWAY,fouls_suffered,13.5,19,4,0.21052631578947367
2022-23,2023-05-28,Fulham,AWAY,fouls_suffered,14.5,19,3,0.15789473684210525
2022-23,2023-05-28,Fulham,AWAY,fouls_suffered,15.5,19,2,0.10526315789473684
2022-23,2023-05-28,Fulham,AWAY,corners_for,2.5,19,13,0.6842105263157895
2022-23,2023-05-28,Fulham,AWAY,corners_for,3.5,19,8,0.42105263157894735
2022-23,2023-05-28,Fulham,AWAY,corners_for,4.5,19,7,0.3684210526315789
2022-23,2023-05-28,Fulham,AWAY,corners_for,5.5,19,5,0.2631578947368421
2022-23,2023-05-28,Fulham,AWAY,corners_for,6.5,19,4,0.21052631578947367
2022-23,2023-05-28,Fulham,AWAY,corners_for,7.5,19,4,0.21052631578947367
2022-23,2023-05-28,Fulham,AWAY,corners_against,2.5,19,15,0.7894736842105263
2022-23,2023-05-28,Fulham,AWAY,corners_against,3.5,19,14,0.7368421052631579
2022-23,2023-05-28,Fulham,AWAY,corners_against,4.5,19,11,0.5789473684210527
2022-23,2023-05-28,Fulham,AWAY,corners_against,5.5,19,9,0.47368421052631576
2022-23,2023-05-28,Fulham,AWAY,corners_against,6.5,19,7,0.3684210526315789
2022-23,2023-05-28,Fulham,AWAY,corners_against,7.5,19,6,0.3157894736842105
2022-23,2023-05-28,Fulham,AWAY,yellow_cards,0.5,19,16,0.8421052631578947
2022-23,2023-05-28,Fulham,AWAY,yellow_cards,1.5,19,15,0.7894736842105263
2022-23,2023-05-28,Fulham,AWAY,yellow_cards,2.5,19,12,0.631578947368421
2022-23,2023-05-28,Fulham,AWAY,yellow_cards,3.5,19,7,0.3684210526315789
2022-23,2023-05-28,Fulham,AWAY,yellow_cards,4.5,19,2,0.10526315789473684
2022-23,2023-05-28,Leeds,ALL,fouls_committed,8.5,38,31,0.8157894736842105
2022-23,2023-05-28,Leeds,ALL,fouls_committed,9.5,38,29,0.7631578947368421
2022-23,2023-05-28,Leeds,ALL,fouls_committed,10.5,38,25,0.6578947368421053
2022-23,2023-05-28,Leeds,ALL,fouls_committed,11.5,38,18,0.47368421052631576
2022-23,2023-05-28,Leeds,ALL,fouls_committed,12.5,38,15,0.39473684210526316
2022-23,2023-05-28,Leeds,ALL,fouls_committed,13.5,38,13,0.34210526315789475
2022-23,2023-05-28,Leeds,ALL,fouls_committed,14.5,38,9,0.23684210526315788
2022-23,2023-05-28,Leeds,ALL,fouls_committed,15.5,38,7,0.18421052631578946
2022-23,2023-05-28,Leeds,ALL,fouls_suffered,8.5,38,29,0.7631578947368421
2022-23,2023-05-28,Leeds,ALL,fouls_suffered,9.5,38,25,0.6578947368421053
2022-23,2023-05-28,Leeds,ALL,fouls_suffered,10.5,38,20,0.5263157894736842
2022-23,2023-05-28,Leeds,ALL,fouls_suffered,11.5,38,18,0.47368421052631576
2022-23,2023-05-28,Leeds,ALL,fouls_suffered,12.5,38,14,0.3684210526315789
2022-23,2023-05-28,Leeds,ALL,fouls_suffered,13.5,38,9,0.23684210526315788
2022-23,2023-05-28,Leeds,ALL,fouls_suffered,14.5,38,7,0.18421052631578946
2022-23,2023-05-28,Leeds,ALL,fouls_suffered,15.5,38,2,0.05263157894736842
2022-23,2023-05-28,Leeds,ALL,corners_for,2.5,38,31,0.8157894736842105
2022-23,2023-05-28,Leeds,ALL,corners_for,3.5,38,24,0.631578947368421
2022-23,2023-05-28,Leeds,ALL,corners_for,4.5,38,19,0.5
2022-23,2023-05-28,Leeds,ALL,corners_for,5.5,38,15,0.39473684210526316
2022-23,2023-05-28,Leeds,ALL,corners_for,6.5,38,10,0.2631578947368421
2022-23,2023-05-28,Leeds,ALL,corners_for,7.5,38,8,0.21052631578947367
2022-23,2023-05-28,Leeds,ALL,corners_against,2.5,38,28,0.7368421052631579
2022-23,2023-05-28,Leeds,ALL,corners_against,3.5,38,23,0.6052631578947368
2022-23,2023-05-28,Leeds,ALL,corners_against,4.5,38,19,0.5
2022-23,2023-05-28,Leeds,ALL,corners_against,5.5,38,14,0.3684210526315789
2022-23,2023-05-28,Leeds,ALL,corners_against,6.5,38,8,0.21052631578947367
2022-23,2023-05-28,Leeds,ALL,corners_against,7.5,38,7,0.18421052631578946
2022-23,2023-05-28,Leeds,ALL,yellow_cards,0.5,38,33,0.868421052631579
2022-23,2023-05-28,Leeds,ALL,yellow_cards,1.5,38,27,0.7105263157894737
2022-23,2023-05-28,Leeds,ALL,yellow_cards,2.5,38,18,0.47368421052631576
2022-23,2023-05-28,Leeds,ALL,yellow_cards,3.5,38,4,0.10526315789473684
2022-23,2023-05-28,Leeds,ALL,yellow_cards,4.5,38,2,0.05263157894736842
2022-23,2023-05-28,Leeds,HOME,fouls_committed,8.5,19,17,0.8947368421052632
2022-23,2023-05-28,Leeds,HOME,fouls_committed,9.5,19,17,0.8947368421052632
2022-23,2023-05-28,Leeds,HOME,fouls_committed,10.5,19,13,0.6842105263157895
2022-23,2023-05-28,Leeds,HOME,fouls_committed,11.5,19,9,0.47368421052631576
2022-23,2023-05-28,Leeds,HOME,fouls_committed,12.5,19,7,0.3684210526315789
2022-23,2023-05-28,Leeds,HOME,fouls_committed,13.5,19,6,0.3157894736842105
2022-23,2023-05-28,Leeds,HOME,fouls_committed,14.5,19,5,0.2631578947368421
2022-23,2023-05-28,Leeds,HOME,fouls_committed,15.5,19,4,0.21052631578947367
2022-23,2023-05-28,Leeds,HOME,fouls_suffered,8.5,19,16,0.8421052631578947
2022-23,2023-05-28,Leeds,HOME,fouls_suffered,9.5,19,13,0.6842105263157895
2022-23,2023-05-28,Leeds,HOME,fouls_suffered,10.5,19,12,0.631578947368421
2022-23,2023-05-28,Leeds,HOME,fouls_suffered,11.5,19,11,0.5789473684210527
2022-23,2023-05-28,Leeds,HOME,fouls_suffered,12.5,19,9,0.47368421052631576
2022-23,2023-05-28,Leeds,HOME,fouls_suffered,13.5,19,6,0.3157894736842105
2022-23,2023-05-28,Leeds,HOME,fouls_suffered,14.5,19,4,0.21052631578947367
2022-23,2023-05-28,Leeds,HOME,fouls_suffered,15.5,19,2,0.10526315789473684
2022-23,2023-05-28,Leeds,HOME,corners_for,2.5,19,15,0.7894736842105263
2022-23,2023-05-28,Leeds,HOME,corners_for,3.5,19,12,0.631578947368421
2022-23,2023-05-28,Leeds,HOME,corners_for,4.5,19,9,0.47368421052631576
2022-23,2023-05-28,Leeds,HOME,corners_for,5.5,19,9,0.47368421052631576
2022-23,2023-05-28,Leeds,HOME,corners_for,6.5,19,7,0.3684210526315789
2022-23,2023-05-28,Leeds,HOME,corners_for,7.5,19,6,0.3157894736842105
2022-23,2023-05-28,Leeds,HOME,corners_against,2.5,19,15,0.7894736842105263
2022-23,2023-05-28,Leeds,HOME,corners_against,3.5,19,10,0.5263157894736842
2022-23,2023-05-28,Leeds,HOME,corners_against,4.5,19,7,0.3684210526315789
2022-23,2023-05-28,Leeds,HOME,corners_against,5.5,19,6,0.3157894736842105
2022-23,2023-05-28,Leeds,HOME,corners_against,6.5,19,2,0.10526315789473684
2022-23,2023-05-28,Leeds,HOME,corners_against,7.5,19,1,0.05263157894736842
2022-23,2023-05-28,Leeds,HOME,yellow_cards,0.5,19,16,0.8421052631578947
2022-23,2023-05-28,Leeds,HOME,yellow_cards,1.5,19,13,0.6842105263157895
2022-23,2023-05-28,Leeds,HOME,yellow_cards,2.5,19,8,0.42105263157894735
2022-23,2023-05-28,Leeds,HOME,yellow_cards,3.5,19,1,0.05263157894736842
2022-23,2023-05-28,Leeds,HOME,yellow_cards,4.5,19,0,0.0
2022-23,2023-05-28,Leeds,AWAY,fouls_committed,8.5,19,14,0.7368421052631579
2022-23,2023-05-28,Leeds,AWAY,fouls_committed,9.5,19,12,0.631578947368421
2022-23,2023-05-28,Leeds,AWAY,fouls_committed,10.5,19,12,0.631578947368421
2022-23,2023-05-28,Leeds,AWAY,fouls_committed,11.5,19,9,0.47368421052631576
2022-23,2023-05-28,Leeds,AWAY,fouls_committed,12.5,19,8,0.42105263157894735
2022-23,2023-05-28,Leeds,AWAY,fouls_committed,13.5,19,7,0.3684210526315789
2022-23,2023-05-28,Leeds,AWAY,fouls_committed,14.5,19,4,0.21052631578947367
2022-23,2023-05-28,Leeds,AWAY,fouls_committed,15.5,19,3,0.15789473684210525
2022-23,2023-05-28,Leeds,AWAY,fouls_suffered,8.5,19,13,0.6842105263157895
2022-23,2023-05-28,Leeds,AWAY,fouls_suffered,9.5,19,12,0.631578947368421
2022-23,2023-05-28,Leeds,AWAY,fouls_suffered,10.5,19,8,0.42105263157894735
2022-23,2023-05-28,Leeds,AWAY,fouls_suffered,11.5,19,7,0.3684210526315789
2022-23,2023-05-28,Leeds,AWAY,fouls_suffered,12.5,19,5,0.2631578947368421
2022-23,2023-05-28,Leeds,AWAY,fouls_suffered,13.5,19,3,0.15789473684210525
2022-23,2023-05-28,Leeds,AWAY,fouls_suffered,14.5,19,3,0.15789473684210525
2022-23,2023-05-28,Leeds,AWAY,fouls_suffered,15.5,19,0,0.0
2022-23,2023-05-28,Leeds,AWAY,corners_for,2.5,19,16,0.8421052631578947
2022-23,2023-05-28,Leeds,AWAY,corners_for,3.5,19,12,0.631578947368421
2022-23,2023-05-28,Leeds,AWAY,corners_for,4.5,19,10,0.5263157894736842
2022-23,2023-05-28,Leeds,AWAY,corners_for,5.5,19,6,0.3157894736842105
2022-23,2023-05-28,Leeds,AWAY,corners_for,6.5,19,3,0.15789473684210525
2022-23,2023-05-28,Leeds,AWAY,corners_for,7.5,19,2,0.10526315789473684
2022-23,2023-05-28,Leeds,AWAY,corners_against,2.5,19,13,0.6842105263157895
2022-23,2023-05-28,Leeds,AWAY,corners_against,3.5,19,13,0.6842105263157895
2022-23,2023-05-28,Leeds,AWAY,corners_against,4.5,19,12,0.631578947368421
2022-23,2023-05-28,Leeds,AWAY,corners_against,5.5,19,8,0.42105263157894735
2022-23,2023-05-28,Leeds,AWAY,corners_against,6.5,19,6,0.3157894736842105
2022-23,2023-05-28,Leeds,AWAY,corners_against,7.5,19,6,0.3157894736842105
2022-23,2023-05-28,Leeds,AWAY,yellow_cards,0.5,19,17,0.8947368421052632
2022-23,2023-05-28,Leeds,AWAY,yellow_cards,1.5,19,14,0.7368421052631579
2022-23,2023-05-28,Leeds,AWAY,yellow_cards,2.5,19,10,0.5263157894736842
2022-23,2023-05-28,Leeds,AWAY,yellow_cards,3.5,19,3,0.15789473684210525
2022-23,2023-05-28,Leeds,AWAY,yellow_cards,4.5,19,2,0.10526315789473684
2022-23,2023-05-28,Leicester,ALL,fouls_committed,8.5,38,28,0.7368421052631579
2022-23,2023-05-28,Leicester,ALL,fouls_committed,9.5,38,23,0.6052631578947368
2022-23,2023-05-28,Leicester,ALL,fouls_committed,10.5,38,18,0.47368421052631576
2022-23,2023-05-28,Leicester,ALL,fouls_committed,11.5,38,14,0.3684210526315789
2022-23,2023-05-28,Leicester,ALL,fouls_committed,12.5,38,12,0.3157894736842105
2022-23,2023-05-28,Leicester,ALL,fouls_committed,13.5,38,10,0.2631578947368421
2022-23,2023-05-28,Leicester,ALL,fouls_committed,14.5,38,8,0.21052631578947367
2022-23,2023-05-28,Leicester,ALL,fouls_committed,15.5,38,4,0.10526315789473684
2022-23,2023-05-28,Leicester,ALL,fouls_suffered,8.5,38,32,0.8421052631578947
2022-23,2023-05-28,Leicester,ALL,fouls_suffered,9.5,38,24,0.631578947368421
2022-23,2023-05-28,Leicester,ALL,fouls_suffered,10.5,38,18,0.47368421052631576
2022-23,2023-05-28,Leicester,ALL,fouls_suffered,11.5,38,14,0.3684210526315789
2022-23,2023-05-28,Leicester,ALL,fouls_suffered,12.5,38,10,0.2631578947368421
2022-23,2023-05-28,Leicester,ALL,fouls_suffered,13.5,38,7,0.18421052631578946
2022-23,2023-05-28,Leicester,ALL,fouls_suffered,14.5,38,5,0.13157894736842105
2022-23,2023-05-28,Leicester,ALL,fouls_suffered,15.5,38,2,0.05263157894736842
2022-23,2023-05-28,Leicester,ALL,corners_for,2.5,38,21,0.5526315789473685
2022-23,2023-05-28,Leicester,ALL,corners_for,3.5,38,17,0.4473684210526316
2022-23,2023-05-28,Leicester,ALL,corners_for,4.5,38,13,0.34210526315789475
2022-23,2023-05-28,Leicester,ALL,corners_for,5.5,38,8,0.21052631578947367
2022-23,2023-05-28,Leicester,ALL,corners_for,6.5,38,3,0.07894736842105263
2022-23,2023-05-28,Leicester,ALL,corners_for,7.5,38,2,0.05263157894736842
2022-23,2023-05-28,Leicester,ALL,corners_against,2.5,38,36,0.9473684210526315
2022-23,2023-05-28,Leicester,ALL,corners_against,3.5,38,30,0.7894736842105263
2022-23,2023-05-28,Leicester,ALL,corners_against,4.5,38,28,0.7368421052631579
2022-23,2023-05-28,Leicester,ALL,corners_against,5.5,38,23,0.6052631578947368
2022-23,2023-05-28,Leicester,ALL,corners_against,6.5,38,15,0.39473684210526316
2022-23,2023-05-28,Leicester,ALL,corners_against,7.5,38,12,0.3157894736842105
2022-23,2023-05-28,Leicester,ALL,yellow_cards,0.5,38,30,0.7894736842105263
2022-23,2023-05-28,Leicester,ALL,yellow_cards,1.5,38,20,0.5263157894736842
2022-23,2023-05-28,Leicester,ALL,yellow_cards,2.5,38,4,0.10526315789473684
2022-23,2023-05-28,Leicester,ALL,yellow_cards,3.5,38,3,0.07894736842105263
2022-23,2023-05-28,Leicester,ALL,yellow_cards,4.5,38,1,0.02631578947368421
2022-23,2023-05-28,Leicester,HOME,fouls_committed,8.5,19,15,0.7894736842105263
2022-23,2023-05-28,Leicester,HOME,fouls_committed,9.5,19,13,0.6842105263157895
2022-23,2023-05-28,Leicester,HOME,fouls_committed,10.5,19,9,0.47368421052631576
2022-23,2023-05-28,Leicester,HOME,fouls_committed,11.5,19,7,0.3684210526315789
2022-23,2023-05-28,Leicester,HOME,fouls_committed,12.5,19,6,0.3157894736842105
2022-23,2023-05-28,Leicester,HOME,fouls_committed,13.5,19,5,0.2631578947368421
2022-23,2023-05-28,Leicester,HOME,fouls_committed,14.5,19,3,0.15789473684210525
2022-23,2023-05-28,Leicester,HOME,fouls_committed,15.5,19,2,0.10526315789473684
2022-23,2023-05-28,Leicester,HOME,fouls_suffered,8.5,19,17,0.8947368421052632
2022-23,2023-05-28,Leicester,HOME,fouls_suffered,9.5,19,14,0.7368421052631579
2022-23,2023-05-28,Leicester,HOME,fouls_suffered,10.5,19,12,0.631578947368421
2022-23,2023-05-28,Leicester,HOME,fouls_suffered,11.5,19,9,0.47368421052631576
2022-23,2023-05-28,Leicester,HOME,fouls_suffered,12.5,19,7,0.3684210526315789
2022-23,2023-05-28,Leicester,HOME,fouls_suffered,13.5,19,5,0.2631578947368421
2022-23,2023-05-28,Leicester,HOME,fouls_suffered,14.5,19,4,0.21052631578947367
2022-23,2023-05-28,Leicester,HOME,fouls_suffered,15.5,19,2,0.10526315789473684
2022-23,2023-05-28,Leicester,HOME,corners_for,2.5,19,11,0.5789473684210527
2022-23,2023-05-28,Leicester,HOME,corners_for,3.5,19,9,0.47368421052631576
2022-23,2023-05-28,Leicester,HOME,corners_for,4.5,19,7,0.3684210526315789
2022-23,2023-05-28,Leicester,HOME,corners_for,5.5,19,4,0.21052631578947367
2022-23,2023-05-28,Leicester,HOME,corners_for,6.5,19,1,0.05263157894736842
2022-23,2023-05-28,Leicester,HOME,corners_for,7.5,19,1,0.05263157894736842
2022-23,2023-05-28,Leicester,HOME,corners_against,2.5,19,18,0.9473684210526315
2022-23,2023-05-28,Leicester,HOME,corners_against,3.5,19,16,0.8421052631578947
2022-23,2023-05-28,Leicester,HOME,corners_against,4.5,19,15,0.7894736842105263
2022-23,2023-05-28,Leicester,HOME,corners_against,5.5,19,10,0.5263157894736842
2022-23,2023-05-28,Leicester,HOME,corners_against,6.5,19,6,0.3157894736842105
2022-23,2023-05-28,Leicester,HOME,corners_against,7.5,19,5,0.2631578947368421
2022-23,2023-05-28,Leicester,HOME,yellow_cards,0.5,19,13,0.6842105263157895
2022-23,2023-05-28,Leicester,HOME,yellow_cards,1.5,19,9,0.47368421052631576
2022-23,2023-05-28,Leicester,HOME,yellow_cards,2.5,19,2,0.10526315789473684
2022-23,2023-05-28,Leicester,HOME,yellow_cards,3.5,19,2,0.10526315789473684
2022-23,2023-05-28,Leicester,HOME,yellow_cards,4.5,19,1,0.05263157894736842
2022-23,2023-05-28,Leicester,AWAY,fouls_committed,8.5,19,13,0.6842105263157895
2022-23,2023-05-28,Leicester,AWAY,fouls_committed,9.5,19,10,0.5263157894736842
2022-23,2023-05-28,Leicester,AWAY,fouls_committed,10.5,19,9,0.47368421052631576
2022-23,2023-05-28,Leicester,AWAY,fouls_committed,11.5,19,7,0.3684210526315789
2022-23,2023-05-28,Leicester,AWAY,fouls_committed,12.5,19,6,0.3157894736842105
2022-23,2023-05-28,Leicester,AWAY,fouls_committed,13.5,19,5,0.2631578947368421
2022-23,2023-05-28,Leicester,AWAY,fouls_committed,14.5,19,5,0.2631578947368421
2022-23,2023-05-28,Leicester,AWAY,fouls_committed,15.5,19,2,0.10526315789473684
2022-23,2023-05-28,Leicester,AWAY,fouls_suffered,8.5,19,15,0.7894736842105263
2022-23,2023-05-28,Leicester,AWAY,fouls_suffered,9.5,19,10,0.5263157894736842
2022-23,2023-05-28,Leicester,AWAY,fouls_suffered,10.5,19,6,0.3157894736842105
2022-23,2023-05-28,Leicester,AWAY,fouls_suffered,11.5,19,5,0.2631578947368421
2022-23,2023-05-28,Leicester,AWAY,fouls_suffered,12.5,19,3,0.15789473684210525
2022-23,2023-05-28,Leicester,AWAY,fouls_suffered,13.5,19,2,0.10526315789473684
2022-23,2023-05-28,Leicester,AWAY,fouls_suffered,14.5,19,1,0.05263157894736842
2022-23,2023-05-28,Leicester,AWAY,fouls_suffered,15.5,19,0,0.0
2022-23,2023-05-28,Leicester,AWAY,corners_for,2.5,19,10,0.5263157894736842
2022-23,2023-05-28,Leicester,AWAY,corners_for,3.5,19,8,0.42105263157894735
2022-23,2023-05-28,Leicester,AWAY,corners_for,4.5,19,6,0.3157894736842105
2022-23,2023-05-28,Leicester,AWAY,corners_for,5.5,19,4,0.21052631578947367
2022-23,2023-05-28,Leicester,AWAY,corners_for,6.5,19,2,0.10526315789473684
2022-23,2023-05-28,Leicester,AWAY,corners_for,7.5,19,1,0.05263157894736842
2022-23,2023-05-28,Leicester,AWAY,corners_against,2.5,19,18,0.9473684210526315
2022-23,2023-05-28,Leicester,AWAY,corners_against,3.5,19,14,0.7368421052631579
2022-23,2023-05-28,Leicester,AWAY,corners_against,4.5,19,13,0.6842105263157895
2022-23,2023-05-28,Leicester,AWAY,corners_against,5.5,19,13,0.6842105263157895
2022-23,2023-05-28,Leicester,AWAY,corners_against,6.5,19,9,0.47368421052631576
2022-23,2023-05-28,Leicester,AWAY,corners_against,7.5,19,7,0.3684210526315789
2022-23,2023-05-28,Leicester,AWAY,yellow_cards,0.5,19,17,0.8947368421052632
2022-23,2023-05-28,Leicester,AWAY,yellow_cards,1.5,19,11,0.5789473684210527
2022-23,2023-05-28,Leicester,AWAY,yellow_cards,2.5,19,2,0.10526315789473684
2022-23,2023-05-28,Leicester,AWAY,yellow_cards,3.5,19,1,0.05263157894736842
2022-23,2023-05-28,Leicester,AWAY,yellow_cards,4.5,19,0,0.0
2022-23,2023-05-28,Liverpool,ALL,fouls_committed,8.5,38,26,0.6842105263157895
2022-23,2023-05-28,Liverpool,ALL,fouls_committed,9.5,38,19,0.5
2022-23,2023-05-28,Liverpool,ALL,fouls_committed,10.5,38,16,0.42105263157894735
2022-23,2023-05-28,Liverpool,ALL,fouls_committed,11.5,38,13,0.34210526315789475
2022-23,2023-05-28,Liverpool,ALL,fouls_committed,12.5,38,9,0.23684210526315788
2022-23,2023-05-28,Liverpool,ALL,fouls_committed,13.5,38,7,0.18421052631578946
2022-23,2023-05-28,Liverpool,ALL,fouls_committed,14.5,38,6,0.15789473684210525
2022-23,2023-05-28,Liverpool,ALL,fouls_committed,15.5,38,5,0.13157894736842105
2022-23,2023-05-28,Liverpool,ALL,fouls_suffered,8.5,38,19,0.5
2022-23,2023-05-28,Liverpool,ALL,fouls_suffered,9.5,38,16,0.42105263157894735
2022-23,2023-05-28,Liverpool,ALL,fouls_suffered,10.5,38,13,0.34210526315789475
2022-23,2023-05-28,Liverpool,ALL,fouls_suffered,11.5,38,8,0.21052631578947367
2022-23,2023-05-28,Liverpool,ALL,fouls_suffered,12.5,38,7,0.18421052631578946
2022-23,2023-05-28,Liverpool,ALL,fouls_suffered,13.5,38,5,0.13157894736842105
2022-23,2023-05-28,Liverpool,ALL,fouls_suffered,14.5,38,2,0.05263157894736842
2022-23,2023-05-28,Liverpool,ALL,fouls_suffered,15.5,38,1,0.02631578947368421
2022-23,2023-05-28,Liverpool,ALL,corners_for,2.5,38,35,0.9210526315789473
2022-23,2023-05-28,Liverpool,ALL,corners_for,3.5,38,31,0.8157894736842105
2022-23,2023-05-28,Liverpool,ALL,corners_for,4.5,38,26,0.6842105263157895
2022-23,2023-05-28,Liverpool,ALL,corners_for,5.5,38,20,0.5263157894736842
2022-23,2023-05-28,Liverpool,ALL,corners_for,6.5,38,17,0.4473684210526316
2022-23,2023-05-28,Liverpool,ALL,corners_for,7.5,38,13,0.34210526315789475
2022-23,2023-05-28,Liverpool,ALL,corners_against,2.5,38,27,0.7105263157894737
2022-23,2023-05-28,Liverpool,ALL,corners_against,3.5,38,19,0.5
2022-23,2023-05-28,Liverpool,ALL,corners_against,4.5,38,12,0.3157894736842105
2022-23,2023-05-28,Liverpool,ALL,corners_against,5.5,38,6,0.15789473684210525
2022-23,2023-05-28,Liverpool,ALL,corners_against,6.5,38,3,0.07894736842105263
2022-23,2023-05-28,Liverpool,ALL,corners_against,7.5,38,0,0.0
2022-23,2023-05-28,Liverpool,ALL,yellow_cards,0.5,38,26,0.6842105263157895
2022-23,2023-05-28,Liverpool,ALL,yellow_cards,1.5,38,16,0.42105263157894735
2022-23,2023-05-28,Liverpool,ALL,yellow_cards,2.5,38,10,0.2631578947368421
2022-23,2023-05-28,Liverpool,ALL,yellow_cards,3.5,38,4,0.10526315789473684
2022-23,2023-05-28,Liverpool,ALL,yellow_cards,4.5,38,1,0.02631578947368421
2022-23,2023-05-28,Liverpool,HOME,fouls_committed,8.5,19,14,0.7368421052631579
2022-23,2023-05-28,Liverpool,HOME,fouls_committed,9.5,19,9,0.47368421052631576
2022-23,2023-05-28,Liverpool,HOME,fouls_committed,10.5,19,7,0.3684210526315789
2022-23,2023-05-28,Liverpool,HOME,fouls_committed,11.5,19,6,0.3157894736842105
2022-23,2023-05-28,Liverpool,HOME,fouls_committed,12.5,19,5,0.2631578947368421
2022-23,2023-05-28,Liverpool,HOME,fouls_committed,13.5,19,3,0.15789473684210525
2022-23,2023-05-28,Liverpool,HOME,fouls_committed,14.5,19,3,0.15789473684210525
2022-23,2023-05-28,Liverpool,HOME,fouls_committed,15.5,19,3,0.15789473684210525
2022-23,2023-05-28,Liverpool,HOME,fouls_suffered,8.5,19,11,0.5789473684210527
2022-23,2023-05-28,Liverpool,HOME,fouls_suffered,9.5,19,10,0.5263157894736842
2022-23,2023-05-28,Liverpool,HOME,fouls_suffered,10.5,19,8,0.42105263157894735
2022-23,2023-05-28,Liverpool,HOME,fouls_suffered,11.5,19,7,0.3684210526315789
2022-23,2023-05-28,Liverpool,HOME,fouls_suffered,12.5,19,6,0.3157894736842105
2022-23,2023-05-28,Liverpool,HOME,fouls_suffered,13.5,19,4,0.21052631578947367
2022-23,2023-05-28,Liverpool,HOME,fouls_suffered,14.5,19,2,0.10526315789473684
2022-23,2023-05-28,Liverpool,HOME,fouls_suffered,15.5,19,1,0.05263157894736842
2022-23,2023-05-28,Liverpool,HOME,corners_for,2.5,19,19,1.0
2022-23,2023-05-28,Liverpool,HOME,corners_for,3.5,19,18,0.9473684210526315
2022-23,2023-05-28,Liverpool,HOME,corners_for,4.5,19,15,0.7894736842105263
2022-23,2023-05-28,Liverpool,HOME,corners_for,5.5,19,10,0.5263157894736842
2022-23,2023-05-28,Liverpool,HOME,corners_for,6.5,19,9,0.47368421052631576
2022-23,2023-05-28,Liverpool,HOME,corners_for,7.5,19,7,0.3684210526315789
2022-23,2023-05-28,Liverpool,HOME,corners_against,2.5,19,12,0.631578947368421
2022-23,2023-05-28,Liverpool,HOME,corners_against,3.5,19,7,0.3684210526315789
2022-23,2023-05-28,Liverpool,HOME,corners_against,4.5,19,5,0.2631578947368421
2022-23,2023-05-28,Liverpool,HOME,corners_against,5.5,19,1,0.05263157894736842
2022-23,2023-05-28,Liverpool,HOME,corners_against,6.5,19,0,0.0
2022-23,2023-05-28,Liverpool,HOME,corners_against,7.5,19,0,0.0
2022-23,2023-05-28,Liverpool,HOME,yellow_cards,0.5,19,11,0.5789473684210527
2022-23,2023-05-28,Liverpool,HOME,yellow_cards,1.5,19,9,0.47368421052631576
2022-23,2023-05-28,Liverpool,HOME,yellow_cards,2.5,19,6,0.3157894736842105
2022-23,2023-05-28,Liverpool,HOME,yellow_cards,3.5,19,2,0.10526315789473684
2022-23,2023-05-28,Liverpool,HOME,yellow_cards,4.5,19,0,0.0
2022-23,2023-05-28,Liverpool,AWAY,fouls_committed,8.5,19,12,0.631578947368421
2022-23,2023-05-28,Liverpool,AWAY,fouls_committed,9.5,19,10,0.5263157894736842
2022-23,2023-05-28,Liverpool,AWAY,fouls_committed,10.5,19,9,0.47368421052631576
2022-23,2023-05-28,Liverpool,AWAY,fouls_committed,11.5,19,7,0.3684210526315789
2022-23,2023-05-28,Liverpool,AWAY,fouls_committed,12.5,19,4,0.21052631578947367
2022-23,2023-05-28,Liverpool,AWAY,fouls_committed,13.5,19,4,0.21052631578947367
2022-23,2023-05-28,Liverpool,AWAY,fouls_committed,14.5,19,3,0.15789473684210525
2022-23,2023-05-28,Liverpool,AWAY,fouls_committed,15.5,19,2,0.10526315789473684
2022-23,2023-05-28,Liverpool,AWAY,fouls_suffered,8.5,19,8,0.42105263157894735
2022-23,2023-05-28,Liverpool,AWAY,fouls_suffered,9.5,19,6,0.3157894736842105
2022-23,2023-05-28,Liverpool,AWAY,fouls_suffered,10.5,19,5,0.2631578947368421
2022-23,2023-05-28,Liverpool,AWAY,fouls_suffered,11.5,19,1,0.05263157894736842
2022-23,2023-05-28,Liverpool,AWAY,fouls_suffered,12.5,19,1,0.05263157894736842
2022-23,2023-05-28,Liverpool,AWAY,fouls_suffered,13.5,19,1,0.05263157894736842
2022-23,2023-05-28,Liverpool,AWAY,fouls_suffered,14.5,19,0,0.0
2022-23,2023-05-28,Liverpool,AWAY,fouls_suffered,15.5,19,0,0.0
2022-23,2023-05-28,Liverpool,AWAY,corners_for,2.5,19,16,0.8421052631578947
2022-23,2023-05-28,Liverpool,AWAY,corners_for,3.5,19,13,0.6842105263157895
2022-23,2023-05-28,Liverpool,AWAY,corners_for,4.5,19,11,0.5789473684210527
2022-23,2023-05-28,Liverpool,AWAY,corners_for,5.5,19,10,0.5263157894736842
2022-23,2023-05-28,Liverpool,AWAY,corners_for,6.5,19,8,0.42105263157894735
2022-23,2023-05-28,Liverpool,AWAY,corners_for,7.5,19,6,0.3157894736842105
2022-23,2023-05-28,Liverpool,AWAY,corners_against,2.5,19,15,0.7894736842105263
2022-23,2023-05-28,Liverpool,AWAY,corners_against,3.5,19,12,0.631578947368421
2022-23,2023-05-28,Liverpool,AWAY,corners_against,4.5,19,7,0.3684210526315789
2022-23,2023-05-28,Liverpool,AWAY,corners_against,5.5,19,5,0.2631578947368421
2022-23,2023-05-28,Liverpool,AWAY,corners_against,6.5,19,3,0.15789473684210525
2022-23,2023-05-28,Liverpool,AWAY,corners_against,7.5,19,0,0.0
2022-23,2023-05-28,Liverpool,AWAY,yellow_cards,0.5,19,15,0.7894736842105263
2022-23,2023-05-28,Liverpool,AWAY,yellow_cards,1.5,19,7,0.3684210526315789
2022-23,2023-05-28,Liverpool,AWAY,yellow_cards,2.5,19,4,0.21052631578947367
2022-23,2023-05-28,Liverpool,AWAY,yellow_cards,3.5,19,2,0.10526315789473684
2022-23,2023-05-28,Liverpool,AWAY,yellow_cards,4.5,19,1,0.05263157894736842
2022-23,2023-05-28,Manchester City,ALL,fouls_committed,8.5,38,23,0.6052631578947368
2022-23,2023-05-28,Manchester City,ALL,fouls_committed,9.5,38,16,0.42105263157894735
2022-23,2023-05-28,Manchester City,ALL,fouls_committed,10.5,38,11,0.2894736842105263
2022-23,2023-05-28,Manchester City,ALL,fouls_committed,11.5,38,9,0.23684210526315788
2022-23,2023-05-28,Manchester City,ALL,fouls_committed,12.5,38,8,0.21052631578947367
2022-23,2023-05-28,Manchester City,ALL,fouls_committed,13.5,38,5,0.13157894736842105
2022-23,2023-05-28,Manchester City,ALL,fouls_committed,14.5,38,2,0.05263157894736842
2022-23,2023-05-28,Manchester City,ALL,fouls_committed,15.5,38,1,0.02631578947368421
2022-23,2023-05-28,Manchester City,ALL,fouls_suffered,8.5,38,26,0.6842105263157895
2022-23,2023-05-28,Manchester City,ALL,fouls_suffered,9.5,38,21,0.5526315789473685
2022-23,2023-05-28,Manchester City,ALL,fouls_suffered,10.5,38,18,0.47368421052631576
2022-23,2023-05-28,Manchester City,ALL,fouls_suffered,11.5,38,14,0.3684210526315789
2022-23,2023-05-28,Manchester City,ALL,fouls_suffered,12.5,38,10,0.2631578947368421
2022-23,2023-05-28,Manchester City,ALL,fouls_suffered,13.5,38,8,0.21052631578947367
2022-23,2023-05-28,Manchester City,ALL,fouls_suffered,14.5,38,4,0.10526315789473684
2022-23,2023-05-28,Manchester City,ALL,fouls_suffered,15.5,38,3,0.07894736842105263
2022-23,2023-05-28,Manchester City,ALL,corners_for,2.5,38,34,0.8947368421052632
2022-23,2023-05-28,Manchester City,ALL,corners_for,3.5,38,33,0.868421052631579
2022-23,2023-05-28,Manchester City,ALL,corners_for,4.5,38,30,0.7894736842105263
2022-23,2023-05-28,Manchester City,ALL,corners_for,5.5,38,24,0.631578947368421
2022-23,2023-05-28,Manchester City,ALL,corners_for,6.5,38,16,0.42105263157894735
2022-23,2023-05-28,Manchester City,ALL,corners_for,7.5,38,12,0.3157894736842105
2022-23,2023-05-28,Manchester City,ALL,corners_against,2.5,38,18,0.47368421052631576
2022-23,2023-05-28,Manchester City,ALL,corners_against,3.5,38,10,0.2631578947368421
2022-23,2023-05-28,Manchester City,ALL,corners_against,4.5,38,6,0.15789473684210525
2022-23,2023-05-28,Manchester City,ALL,corners_against,5.5,38,2,0.05263157894736842
2022-23,2023-05-28,Manchester City,ALL,corners_against,6.5,38,2,0.05263157894736842
2022-23,2023-05-28,Manchester City,ALL,corners_against,7.5,38,1,0.02631578947368421
2022-23,2023-05-28,Manchester City,ALL,yellow_cards,0.5,38,24,0.631578947368421
2022-23,2023-05-28,Manchester City,ALL,yellow_cards,1.5,38,13,0.34210526315789475
2022-23,2023-05-28,Manchester City,ALL,yellow_cards,2.5,38,6,0.15789473684210525
2022-23,2023-05-28,Manchester City,ALL,yellow_cards,3.5,38,0,0.0
2022-23,2023-05-28,Manchester City,ALL,yellow_cards,4.5,38,0,0.0
2022-23,2023-05-28,Manchester City,HOME,fouls_committed,8.5,19,12,0.631578947368421
2022-23,2023-05-28,Manchester City,HOME,fouls_committed,9.5,19,8,0.42105263157894735
2022-23,2023-05-28,Manchester City,HOME,fouls_committed,10.5,19,6,0.3157894736842105
2022-23,2023-05-28,Manchester City,HOME,fouls_committed,11.5,19,5,0.2631578947368421
2022-23,2023-05-28,Manchester City,HOME,fouls_committed,12.5,19,4,0.21052631578947367
2022-23,2023-05-28,Manchester City,HOME,fouls_committed,13.5,19,1,0.05263157894736842
2022-23,2023-05-28,Manchester City,HOME,fouls_committed,14.5,19,0,0.0
2022-23,2023-05-28,Manchester City,HOME,fouls_committed,15.5,19,0,0.0
2022-23,2023-05-28,Manchester City,HOME,fouls_suffered,8.5,19,13,0.6842105263157895
2022-23,2023-05-28,Manchester City,HOME,fouls_suffered,9.5,19,10,0.5263157894736842
2022-23,2023-05-28,Manchester City,HOME,fouls_suffered,10.5,19,9,0.47368421052631576
2022-23,2023-05-28,Manchester City,HOME,fouls_suffered,11.5,19,8,0.42105263157894735
2022-23,2023-05-28,Manchester City,HOME,fouls_suffered,12.5,19,6,0.3157894736842105
2022-23,2023-05-28,Manchester City,HOME,fouls_suffered,13.5,19,4,0.21052631578947367
2022-23,2023-05-28,Manchester City,HOME,fouls_suffered,14.5,19,1,0.05263157894736842
2022-23,2023-05-28,Manchester City,HOME,fouls_suffered,15.5,19,1,0.05263157894736842
2022-23,2023-05-28,Manchester City,HOME,corners_for,2.5,19,18,0.9473684210526315
2022-23,2023-05-28,Manchester City,HOME,corners_for,3.5,19,18,0.9473684210526315
2022-23,2023-05-28,Manchester City,HOME,corners_for,4.5,19,18,0.9473684210526315
2022-23,2023-05-28,Manchester City,HOME,corners_for,5.5,19,15,0.7894736842105263
2022-23,2023-05-28,Manchester City,HOME,corners_for,6.5,19,12,0.631578947368421
2022-23,2023-05-28,Manchester City,HOME,corners_for,7.5,19,9,0.47368421052631576
2022-23,2023-05-28,Manchester City,HOME,corners_against,2.5,19,7,0.3684210526315789
2022-23,2023-05-28,Manchester City,HOME,corners_against,3.5,19,3,0.15789473684210525
2022-23,2023-05-28,Manchester City,HOME,corners_against,4.5,19,1,0.05263157894736842
2022-23,2023-05-28,Manchester City,HOME,corners_against,5.5,19,1,0.05263157894736842
2022-23,2023-05-28,Manchester City,HOME,corners_against,6.5,19,1,0.05263157894736842
2022-23,2023-05-28,Manchester City,HOME,corners_against,7.5,19,0,0.0
2022-23,2023-05-28,Manchester City,HOME,yellow_cards,0.5,19,12,0.631578947368421
2022-23,2023-05-28,Manchester City,HOME,yellow_cards,1.5,19,5,0.2631578947368421
2022-23,2023-05-28,Manchester City,HOME,yellow_cards,2.5,19,2,0.10526315789473684
2022-23,2023-05-28,Manchester City,HOME,yellow_cards,3.5,19,0,0.0
2022-23,2023-05-28,Manchester City,HOME,yellow_cards,4.5,19,0,0.0
2022-23,2023-05-28,Manchester City,AWAY,fouls_committed,8.5,19,11,0.5789473684210527
2022-23,2023-05-28,Manchester City,AWAY,fouls_committed,9.5,19,8,0.42105263157894735
2022-23,2023-05-28,Manchester City,AWAY,fouls_committed,10.5,19,5,0.2631578947368421
2022-23,2023-05-28,Manchester City,AWAY,fouls_committed,11.5,19,4,0.21052631578947367
2022-23,2023-05-28,Manchester City,AWAY,fouls_committed,12.5,19,4,0.21052631578947367
2022-23,2023-05-28,Manchester City,AWAY,fouls_committed,13.5,19,4,0.21052631578947367
2022-23,2023-05-28,Manchester City,AWAY,fouls_committed,14.5,19,2,0.10526315789473684
2022-23,2023-05-28,Manchester City,AWAY,fouls_committed,15.5,19,1,0.05263157894736842
2022-23,2023-05-28,Manchester City,AWAY,fouls_suffered,8.5,19,13,0.6842105263157895
2022-23,2023-05-28,Manchester City,AWAY,fouls_suffered,9.5,19,11,0.5789473684210527
2022-23,2023-05-28,Manchester City,AWAY,fouls_suffered,10.5,19,9,0.47368421052631576
2022-23,2023-05-28,Manchester City,AWAY,fouls_suffered,11.5,19,6,0.3157894736842105
2022-23,2023-05-28,Manchester City,AWAY,fouls_suffered,12.5,19,4,0.21052631578947367
2022-23,2023-05-28,Manchester City,AWAY,fouls_suffered,13.5,19,4,0.21052631578947367
2022-23,2023-05-28,Manchester City,AWAY,fouls_suffered,14.5,19,3,0.15789473684210525
2022-23,2023-05-28,Manchester City,AWAY,fouls_suffered,15.5,19,2,0.10526315789473684
2022-23,2023-05-28,Manchester City,AWAY,corners_for,2.5,19,16,0.8421052631578947
2022-23,2023-05-28,Manchester City,AWAY,corners_for,3.5,19,15,0.7894736842105263
2022-23,2023-05-28,Manchester City,AWAY,corners_for,4.5,19,12,0.631578947368421
2022-23,2023-05-28,Manchester City,AWAY,corners_for,5.5,19,9,0.47368421052631576
2022-23,2023-05-28,Manchester City,AWAY,corners_for,6.5,19,4,0.21052631578947367
2022-23,2023-05-28,Manchester City,AWAY,corners_for,7.5,19,3,0.15789473684210525
2022-23,2023-05-28,Manchester City,AWAY,corners_against,2.5,19,11,0.5789473684210527
2022-23,2023-05-28,Manchester City,AWAY,corners_against,3.5,19,7,0.3684210526315789
2022-23,2023-05-28,Manchester City,AWAY,corners_against,4.5,19,5,0.2631578947368421
2022-23,2023-05-28,Manchester City,AWAY,corners_against,5.5,19,1,0.05263157894736842
2022-23,2023-05-28,Manchester City,AWAY,corners_against,6.5,19,1,0.05263157894736842
2022-23,2023-05-28,Manchester City,AWAY,corners_against,7.5,19,1,0.05263157894736842
2022-23,2023-05-28,Manchester City,AWAY,yellow_cards,0.5,19,12,0.631578947368421
2022-23,2023-05-28,Manchester City,AWAY,yellow_cards,1.5,19,8,0.42105263157894735
2022-23,2023-05-28,Manchester City,AWAY,yellow_cards,2.5,19,4,0.21052631578947367
2022-23,2023-05-28,Manchester City,AWAY,yellow_cards,3.5,19,0,0.0
2022-23,2023-05-28,Manchester City,AWAY,yellow_cards,4.5,19,0,0.0
2022-23,2023-05-28,Manchester United,ALL,fouls_committed,8.5,38,32,0.8421052631578947
2022-23,2023-05-28,Manchester United,ALL,fouls_committed,9.5,38,25,0.6578947368421053
2022-23,2023-05-28,Manchester United,ALL,fouls_committed,10.5,38,21,0.5526315789473685
2022-23,2023-05-28,Manchester United,ALL,fouls_committed,11.5,38,19,0.5
2022-23,2023-05-28,Manchester United,ALL,fouls_committed,12.5,38,14,0.3684210526315789
2022-23,2023-05-28,Manchester United,ALL,fouls_committed,13.5,38,8,0.21052631578947367
2022-23,2023-05-28,Manchester United,ALL,fouls_committed,14.5,38,4,0.10526315789473684
2022-23,2023-05-28,Manchester United,ALL,fouls_committed,15.5,38,1,0.02631578947368421
2022-23,2023-05-28,Manchester United,ALL,fouls_suffered,8.5,38,19,0.5
2022-23,2023-05-28,Manchester United,ALL,fouls_suffered,9.5,38,10,0.2631578947368421
2022-23,2023-05-28,Manchester United,ALL,fouls_suffered,10.5,38,6,0.15789473684210525
2022-23,2023-05-28,Manchester United,ALL,fouls_suffered,11.5,38,3,0.07894736842105263
2022-23,2023-05-28,Manchester United,ALL,fouls_suffered,12.5,38,2,0.05263157894736842
2022-23,2023-05-28,Manchester United,ALL,fouls_suffered,13.5,38,0,0.0
2022-23,2023-05-28,Manchester United,ALL,fouls_suffered,14.5,38,0,0.0
2022-23,2023-05-28,Manchester United,ALL,fouls_suffered,15.5,38,0,0.0
2022-23,2023-05-28,Manchester United,ALL,corners_for,2.5,38,33,0.868421052631579
2022-23,2023-05-28,Manchester United,ALL,corners_for,3.5,38,26,0.6842105263157895
2022-23,2023-05-28,Manchester United,ALL,corners_for,4.5,38,21,0.5526315789473685
2022-23,2023-05-28,Manchester United,ALL,corners_for,5.5,38,16,0.42105263157894735
2022-23,2023-05-28,Manchester United,ALL,corners_for,6.5,38,8,0.21052631578947367
2022-23,2023-05-28,Manchester United,ALL,corners_for,7.5,38,7,0.18421052631578946
2022-23,2023-05-28,Manchester United,ALL,corners_against,2.5,38,35,0.9210526315789473
2022-23,2023-05-28,Manchester United,ALL,corners_against,3.5,38,30,0.7894736842105263
2022-23,2023-05-28,Manchester United,ALL,corners_against,4.5,38,23,0.6052631578947368
2022-23,2023-05-28,Manchester United,ALL,corners_against,5.5,38,15,0.39473684210526316
2022-23,2023-05-28,Manchester United,ALL,corners_against,6.5,38,12,0.3157894736842105
2022-23,2023-05-28,Manchester United,ALL,corners_against,7.5,38,8,0.21052631578947367
2022-23,2023-05-28,Manchester United,ALL,yellow_cards,0.5,38,33,0.868421052631579
2022-23,2023-05-28,Manchester United,ALL,yellow_cards,1.5,38,24,0.631578947368421
2022-23,2023-05-28,Manchester United,ALL,yellow_cards,2.5,38,17,0.4473684210526316
2022-23,2023-05-28,Manchester United,ALL,yellow_cards,3.5,38,4,0.10526315789473684
2022-23,2023-05-28,Manchester United,ALL,yellow_cards,4.5,38,0,0.0
2022-23,2023-05-28,Manchester United,HOME,fouls_committed,8.5,19,15,0.7894736842105263
2022-23,2023-05-28,Manchester United,HOME,fouls_committed,9.5,19,12,0.631578947368421
2022-23,2023-05-28,Manchester United,HOME,fouls_committed,10.5,19,11,0.5789473684210527
2022-23,2023-05-28,Manchester United,HOME,fouls_committed,11.5,19,10,0.5263157894736842
2022-23,2023-05-28,Manchester United,HOME,fouls_committed,12.5,19,7,0.3684210526315789
2022-23,2023-05-28,Manchester United,HOME,fouls_committed,13.5,19,3,0.15789473684210525
2022-23,2023-05-28,Manchester United,HOME,fouls_committed,14.5,19,2,0.10526315789473684
2022-23,2023-05-28,Manchester United,HOME,fouls_committed,15.5,19,1,0.05263157894736842
2022-23,2023-05-28,Manchester United,HOME,fouls_suffered,8.5,19,12,0.631578947368421
2022-23,2023-05-28,Manchester United,HOME,fouls_suffered,9.5,19,6,0.3157894736842105
2022-23,2023-05-28,Manchester United,HOME,fouls_suffered,10.5,19,4,0.21052631578947367
2022-23,2023-05-28,Manchester United,HOME,fouls_suffered,11.5,19,2,0.10526315789473684
2022-23,2023-05-28,Manchester United,HOME,fouls_suffered,12.5,19,1,0.05263157894736842
2022-23,2023-05-28,Manchester United,HOME,fouls_suffered,13.5,19,0,0.0
2022-23,2023-05-28,Manchester United,HOME,fouls_suffered,14.5,19,0,0.0
2022-23,2023-05-28,Manchester United,HOME,fouls_suffered,15.5,19,0,0.0
2022-23,2023-05-28,Manchester United,HOME,corners_for,2.5,19,16,0.8421052631578947
2022-23,2023-05-28,Manchester United,HOME,corners_for,3.5,19,15,0.7894736842105263
2022-23,2023-05-28,Manchester United,HOME,corners_for,4.5,19,14,0.7368421052631579
2022-23,2023-05-28,Manchester United,HOME,corners_for,5.5,19,11,0.5789473684210527
2022-23,2023-05-28,Manchester United,HOME,corners_for,6.5,19,6,0.3157894736842105
2022-23,2023-05-28,Manchester United,HOME,corners_for,7.5,19,5,0.2631578947368421
2022-23,2023-05-28,Manchester United,HOME,corners_against,2.5,19,17,0.8947368421052632
2022-23,2023-05-28,Manchester United,HOME,corners_against,3.5,19,15,0.7894736842105263
2022-23,2023-05-28,Manchester United,HOME,corners_against,4.5,19,10,0.5263157894736842
2022-23,2023-05-28,Manchester United,HOME,corners_against,5.5,19,6,0.3157894736842105
2022-23,2023-05-28,Manchester United,HOME,corners_against,6.5,19,5,0.2631578947368421
2022-23,2023-05-28,Manchester United,HOME,corners_against,7.5,19,4,0.21052631578947367
2022-23,2023-05-28,Manchester United,HOME,yellow_cards,0.5,19,16,0.8421052631578947
2022-23,2023-05-28,Manchester United,HOME,yellow_cards,1.5,19,10,0.5263157894736842
2022-23,2023-05-28,Manchester United,HOME,yellow_cards,2.5,19,8,0.42105263157894735
2022-23,2023-05-28,Manchester United,HOME,yellow_cards,3.5,19,1,0.05263157894736842
2022-23,2023-05-28,Manchester United,HOME,yellow_cards,4.5,19,0,0.0
2022-23,2023-05-28,Manchester United,AWAY,fouls_committed,8.5,19,17,0.8947368421052632
2022-23,2023-05-28,Manchester United,AWAY,fouls_committed,9.5,19,13,0.6842105263157895
2022-23,2023-05-28,Manchester United,AWAY,fouls_committed,10.5,19,10,0.5263157894736842
2022-23,2023-05-28,Manchester United,AWAY,fouls_committed,11.5,19,9,0.47368421052631576
2022-23,2023-05-28,Manchester United,AWAY,fouls_committed,12.5,19,7,0.3684210526315789
2022-23,2023-05-28,Manchester United,AWAY,fouls_committed,13.5,19,5,0.2631578947368421
2022-23,2023-05-28,Manchester United,AWAY,fouls_committed,14.5,19,2,0.10526315789473684
2022-23,2023-05-28,Manchester United,AWAY,fouls_committed,15.5,19,0,0.0
2022-23,2023-05-28,Manchester United,AWAY,fouls_suffered,8.5,19,7,0.3684210526315789
2022-23,2023-05-28,Manchester United,AWAY,fouls_suffered,9.5,19,4,0.21052631578947367
2022-23,2023-05-28,Manchester United,AWAY,fouls_suffered,10.5,19,2,0.10526315789473684
2022-23,2023-05-28,Manchester United,AWAY,fouls_suffered,11.5,19,1,0.05263157894736842
2022-23,2023-05-28,Manchester United,AWAY,fouls_suffered,12.5,19,1,0.05263157894736842
2022-23,2023-05-28,Manchester United,AWAY,fouls_suffered,13.5,19,0,0.0
2022-23,2023-05-28,Manchester United,AWAY,fouls_suffered,14.5,19,0,0.0
2022-23,2023-05-28,Manchester United,AWAY,fouls_suffered,15.5,19,0,0.0
2022-23,2023-05-28,Manchester United,AWAY,corners_for,2.5,19,17,0.8947368421052632
2022-23,2023-05-28,Manchester United,AWAY,corners_for,3.5,19,11,0.5789473684210527
2022-23,2023-05-28,Manchester United,AWAY,corners_for,4.5,19,7,0.3684210526315789
2022-23,2023-05-28,Manchester United,AWAY,corners_for,5.5,19,5,0.2631578947368421
2022-23,2023-05-28,Manchester United,AWAY,corners_for,6.5,19,2,0.10526315789473684
2022-23,2023-05-28,Manchester United,AWAY,corners_for,7.5,19,2,0.10526315789473684
2022-23,2023-05-28,Manchester United,AWAY,corners_against,2.5,19,18,0.9473684210526315
2022-23,2023-05-28,Manchester United,AWAY,corners_against,3.5,19,15,0.7894736842105263
2022-23,2023-05-28,Manchester United,AWAY,corners_against,4.5,19,13,0.6842105263157895
2022-23,2023-05-28,Manchester United,AWAY,corners_against,5.5,19,9,0.47368421052631576
2022-23,2023-05-28,Manchester United,AWAY,corners_against,6.5,19,7,0.3684210526315789
2022-23,2023-05-28,Manchester United,AWAY,corners_against,7.5,19,4,0.21052631578947367
2022-23,2023-05-28,Manchester United,AWAY,yellow_cards,0.5,19,17,0.8947368421052632
2022-23,2023-05-28,Manchester United,AWAY,yellow_cards,1.5,19,14,0.7368421052631579
2022-23,2023-05-28,Manchester United,AWAY,yellow_cards,2.5,19,9,0.47368421052631576
2022-23,2023-05-28,Manchester United,AWAY,yellow_cards,3.5,19,3,0.15789473684210525
2022-23,2023-05-28,Manchester United,AWAY,yellow_cards,4.5,19,0,0.0
2022-23,2023-05-28,Newcastle United,ALL,fouls_committed,8.5,38,28,0.7368421052631579
2022-23,2023-05-28,Newcastle United,ALL,fouls_committed,9.5,38,24,0.631578947368421
2022-23,2023-05-28,Newcastle United,ALL,fouls_committed,10.5,38,19,0.5
2022-23,2023-05-28,Newcastle United,ALL,fouls_committed,11.5,38,13,0.34210526315789475
2022-23,2023-05-28,Newcastle United,ALL,fouls_committed,12.5,38,12,0.3157894736842105
2022-23,2023-05-28,Newcastle United,ALL,fouls_committed,13.5,38,10,0.2631578947368421
2022-23,2023-05-28,Newcastle United,ALL,fouls_committed,14.5,38,6,0.15789473684210525
2022-23,2023-05-28,Newcastle United,ALL,fouls_committed,15.5,38,4,0.10526315789473684
2022-23,2023-05-28,Newcastle United,ALL,fouls_suffered,8.5,38,30,0.7894736842105263
2022-23,2023-05-28,Newcastle United,ALL,fouls_suffered,9.5,38,25,0.6578947368421053
2022-23,2023-05-28,Newcastle United,ALL,fouls_suffered,10.5,38,20,0.5263157894736842
2022-23,2023-05-28,Newcastle United,ALL,fouls_suffered,11.5,38,16,0.42105263157894735
2022-23,2023-05-28,Newcastle United,ALL,fouls_suffered,12.5,38,11,0.2894736842105263
2022-23,2023-05-28,Newcastle United,ALL,fouls_suffered,13.5,38,6,0.15789473684210525
2022-23,2023-05-28,Newcastle United,ALL,fouls_suffered,14.5,38,4,0.10526315789473684
2022-23,2023-05-28,Newcastle United,ALL,fouls_suffered,15.5,38,4,0.10526315789473684
2022-23,2023-05-28,Newcastle United,ALL,corners_for,2.5,38,35,0.9210526315789473
2022-23,2023-05-28,Newcastle United,ALL,corners_for,3.5,38,32,0.8421052631578947
2022-23,2023-05-28,Newcastle United,ALL,corners_for,4.5,38,29,0.7631578947368421
2022-23,2023-05-28,Newcastle United,ALL,corners_for,5.5,38,24,0.631578947368421
2022-23,2023-05-28,Newcastle United,ALL,corners_for,6.5,38,19,0.5
2022-23,2023-05-28,Newcastle United,ALL,corners_for,7.5,38,16,0.42105263157894735
2022-23,2023-05-28,Newcastle United,ALL,corners_against,2.5,38,28,0.7368421052631579
2022-23,2023-05-28,Newcastle United,ALL,corners_against,3.5,38,21,0.5526315789473685
2022-23,2023-05-28,Newcastle United,ALL,corners_against,4.5,38,16,0.42105263157894735
2022-23,2023-05-28,Newcastle United,ALL,corners_against,5.5,38,10,0.2631578947368421
2022-23,2023-05-28,Newcastle United,ALL,corners_against,6.5,38,8,0.21052631578947367
2022-23,2023-05-28,Newcastle United,ALL,corners_against,7.5,38,4,0.10526315789473684
2022-23,2023-05-28,Newcastle United,ALL,yellow_cards,0.5,38,29,0.7631578947368421
2022-23,2023-05-28,Newcastle United,ALL,yellow_cards,1.5,38,18,0.47368421052631576
2022-23,2023-05-28,Newcastle United,ALL,yellow_cards,2.5,38,7,0.18421052631578946
2022-23,2023-05-28,Newcastle United,ALL,yellow_cards,3.5,38,3,0.07894736842105263
2022-23,2023-05-28,Newcastle United,ALL,yellow_cards,4.5,38,0,0.0
2022-23,2023-05-28,Newcastle United,HOME,fouls_committed,8.5,19,14,0.7368421052631579
2022-23,2023-05-28,Newcastle United,HOME,fouls_committed,9.5,19,11,0.5789473684210527
2022-23,2023-05-28,Newcastle United,HOME,fouls_committed,10.5,19,10,0.5263157894736842
2022-23,2023-05-28,Newcastle United,HOME,fouls_committed,11.5,19,7,0.3684210526315789
2022-23,2023-05-28,Newcastle United,HOME,fouls_committed,12.5,19,7,0.3684210526315789
2022-23,2023-05-28,Newcastle United,HOME,fouls_committed,13.5,19,6,0.3157894736842105
2022-23,2023-05-28,Newcastle United,HOME,fouls_committed,14.5,19,3,0.15789473684210525
2022-23,2023-05-28,Newcastle United,HOME,fouls_committed,15.5,19,3,0.15789473684210525
2022-23,2023-05-28,Newcastle United,HOME,fouls_suffered,8.5,19,16,0.8421052631578947
2022-23,2023-05-28,Newcastle United,HOME,fouls_suffered,9.5,19,15,0.7894736842105263
2022-23,2023-05-28,Newcastle United,HOME,fouls_suffered,10.5,19,13,0.6842105263157895
2022-23,2023-05-28,Newcastle United,HOME,fouls_suffered,11.5,19,10,0.5263157894736842
2022-23,2023-05-28,Newcastle United,HOME,fouls_suffered,12.5,19,6,0.3157894736842105
2022-23,2023-05-28,Newcastle United,HOME,fouls_suffered,13.5,19,4,0.21052631578947367
2022-23,2023-05-28,Newcastle United,HOME,fouls_suffered,14.5,19,2,0.10526315789473684
2022-23,2023-05-28,Newcastle United,HOME,fouls_suffered,15.5,19,2,0.10526315789473684
2022-23,2023-05-28,Newcastle United,HOME,corners_for,2.5,19,19,1.0
2022-23,2023-05-28,Newcastle United,HOME,corners_for,3.5,19,18,0.9473684210526315
2022-23,2023-05-28,Newcastle United,HOME,corners_for,4.5,19,17,0.8947368421052632
2022-23,2023-05-28,Newcastle United,HOME,corners_for,5.5,19,15,0.7894736842105263
2022-23,2023-05-28,Newcastle United,HOME,corners_for,6.5,19,13,0.6842105263157895
2022-23,2023-05-28,Newcastle United,HOME,corners_for,7.5,19,12,0.631578947368421
2022-23,2023-05-28,Newcastle United,HOME,corners_against,2.5,19,11,0.5789473684210527
2022-23,2023-05-28,Newcastle United,HOME,corners_against,3.5,19,7,0.3684210526315789
2022-23,2023-05-28,Newcastle United,HOME,corners_against,4.5,19,5,0.2631578947368421
2022-23,2023-05-28,Newcastle United,HOME,corners_against,5.5,19,1,0.05263157894736842
2022-23,2023-05-28,Newcastle United,HOME,corners_against,6.5,19,1,0.05263157894736842
2022-23,2023-05-28,Newcastle United,HOME,corners_against,7.5,19,0,0.0
2022-23,2023-05-28,Newcastle United,HOME,yellow_cards,0.5,19,15,0.7894736842105263
2022-23,2023-05-28,Newcastle United,HOME,yellow_cards,1.5,19,10,0.5263157894736842
2022-23,2023-05-28,Newcastle United,HOME,yellow_cards,2.5,19,3,0.15789473684210525
2022-23,2023-05-28,Newcastle United,HOME,yellow_cards,3.5,19,1,0.05263157894736842
2022-23,2023-05-28,Newcastle United,HOME,yellow_cards,4.5,19,0,0.0
2022-23,2023-05-28,Newcastle United,AWAY,fouls_committed,8.5,19,14,0.7368421052631579
2022-23,2023-05-28,Newcastle United,AWAY,fouls_committed,9.5,19,13,0.6842105263157895
2022-23,2023-05-28,Newcastle United,AWAY,fouls_committed,10.5,19,9,0.47368421052631576
2022-23,2023-05-28,Newcastle United,AWAY,fouls_committed,11.5,19,6,0.3157894736842105
2022-23,2023-05-28,Newcastle United,AWAY,fouls_committed,12.5,19,5,0.2631578947368421
2022-23,2023-05-28,Newcastle United,AWAY,fouls_committed,13.5,19,4,0.21052631578947367
2022-23,2023-05-28,Newcastle United,AWAY,fouls_committed,14.5,19,3,0.15789473684210525
2022-23,2023-05-28,Newcastle United,AWAY,fouls_committed,15.5,19,1,0.05263157894736842
2022-23,2023-05-28,Newcastle United,AWAY,fouls_suffered,8.5,19,14,0.7368421052631579
2022-23,2023-05-28,Newcastle United,AWAY,fouls_suffered,9.5,19,10,0.5263157894736842
2022-23,2023-05-28,Newcastle United,AWAY,fouls_suffered,10.5,19,7,0.3684210526315789
2022-23,2023-05-28,Newcastle United,AWAY,fouls_suffered,11.5,19,6,0.3157894736842105
2022-23,2023-05-28,Newcastle United,AWAY,fouls_suffered,12.5,19,5,0.2631578947368421
2022-23,2023-05-28,Newcastle United,AWAY,fouls_suffered,13.5,19,2,0.10526315789473684
2022-23,2023-05-28,Newcastle United,AWAY,fouls_suffered,14.5,19,2,0.10526315789473684
2022-23,2023-05-28,Newcastle United,AWAY,fouls_suffered,15.5,19,2,0.10526315789473684
2022-23,2023-05-28,Newcastle United,AWAY,corners_for,2.5,19,16,0.8421052631578947
2022-23,2023-05-28,Newcastle United,AWAY,corners_for,3.5,19,14,0.7368421052631579
2022-23,2023-05-28,Newcastle United,AWAY,corners_for,4.5,19,12,0.631578947368421
2022-23,2023-05-28,Newcastle United,AWAY,corners_for,5.5,19,9,0.47368421052631576
2022-23,2023-05-28,Newcastle United,AWAY,corners_for,6.5,19,6,0.3157894736842105
2022-23,2023-05-28,Newcastle United,AWAY,corners_for,7.5,19,4,0.21052631578947367
2022-23,2023-05-28,Newcastle United,AWAY,corners_against,2.5,19,17,0.8947368421052632
2022-23,2023-05-28,Newcastle United,AWAY,corners_against,3.5,19,14,0.7368421052631579
2022-23,2023-05-28,Newcastle United,AWAY,corners_against,4.5,19,11,0.5789473684210527
2022-23,2023-05-28,Newcastle United,AWAY,corners_against,5.5,19,9,0.47368421052631576
2022-23,2023-05-28,Newcastle United,AWAY,corners_against,6.5,19,7,0.3684210526315789
2022-23,2023-05-28,Newcastle United,AWAY,corners_against,7.5,19,4,0.21052631578947367
2022-23,2023-05-28,Newcastle United,AWAY,yellow_cards,0.5,19,14,0.7368421052631579
2022-23,2023-05-28,Newcastle United,AWAY,yellow_cards,1.5,19,8,0.42105263157894735
2022-23,2023-05-28,Newcastle United,AWAY,yellow_cards,2.5,19,4,0.21052631578947367
2022-23,2023-05-28,Newcastle United,AWAY,yellow_cards,3.5,19,2,0.10526315789473684
2022-23,2023-05-28,Newcastle United,AWAY,yellow_cards,4.5,19,0,0.0
2022-23,2023-05-28,Nottingham Forest,ALL,fouls_committed,8.5,38,31,0.8157894736842105
2022-23,2023-05-28,Nottingham Forest,ALL,fouls_committed,9.5,38,29,0.7631578947368421
2022-23,2023-05-28,Nottingham Forest,ALL,fouls_committed,10.5,38,27,0.7105263157894737
2022-23,2023-05-28,Nottingham Forest,ALL,fouls_committed,11.5,38,20,0.5263157894736842
2022-23,2023-05-28,Nottingham Forest,ALL,fouls_committed,12.5,38,18,0.47368421052631576
2022-23,2023-05-28,Nottingham Forest,ALL,fouls_committed,13.5,38,11,0.2894736842105263
2022-23,2023-05-28,Nottingham Forest,ALL,fouls_committed,14.5,38,7,0.18421052631578946
2022-23,2023-05-28,Nottingham Forest,ALL,fouls_committed,15.5,38,5,0.13157894736842105
2022-23,2023-05-28,Nottingham Forest,ALL,fouls_suffered,8.5,38,31,0.8157894736842105
2022-23,2023-05-28,Nottingham Forest,ALL,fouls_suffered,9.5,38,23,0.6052631578947368
2022-23,2023-05-28,Nottingham Forest,ALL,fouls_suffered,10.5,38,18,0.47368421052631576
2022-23,2023-05-28,Nottingham Forest,ALL,fouls_suffered,11.5,38,15,0.39473684210526316
2022-23,2023-05-28,Nottingham Forest,ALL,fouls_suffered,12.5,38,13,0.34210526315789475
2022-23,2023-05-28,Nottingham Forest,ALL,fouls_suffered,13.5,38,6,0.15789473684210525
2022-23,2023-05-28,Nottingham Forest,ALL,fouls_suffered,14.5,38,3,0.07894736842105263
2022-23,2023-05-28,Nottingham Forest,ALL,fouls_suffered,15.5,38,3,0.07894736842105263
2022-23,2023-05-28,Nottingham Forest,ALL,corners_for,2.5,38,23,0.6052631578947368
2022-23,2023-05-28,Nottingham Forest,ALL,corners_for,3.5,38,16,0.42105263157894735
2022-23,2023-05-28,Nottingham Forest,ALL,corners_for,4.5,38,9,0.23684210526315788
2022-23,2023-05-28,Nottingham Forest,ALL,corners_for,5.5,38,7,0.18421052631578946
2022-23,2023-05-28,Nottingham Forest,ALL,corners_for,6.5,38,3,0.07894736842105263
2022-23,2023-05-28,Nottingham Forest,ALL,corners_for,7.5,38,3,0.07894736842105263
2022-23,2023-05-28,Nottingham Forest,ALL,corners_against,2.5,38,32,0.8421052631578947
2022-23,2023-05-28,Nottingham Forest,ALL,corners_against,3.5,38,29,0.7631578947368421
2022-23,2023-05-28,Nottingham Forest,ALL,corners_against,4.5,38,26,0.6842105263157895
2022-23,2023-05-28,Nottingham Forest,ALL,corners_against,5.5,38,22,0.5789473684210527
2022-23,2023-05-28,Nottingham Forest,ALL,corners_against,6.5,38,16,0.42105263157894735
2022-23,2023-05-28,Nottingham Forest,ALL,corners_against,7.5,38,13,0.34210526315789475
2022-23,2023-05-28,Nottingham Forest,ALL,yellow_cards,0.5,38,37,0.9736842105263158
2022-23,2023-05-28,Nottingham Forest,ALL,yellow_cards,1.5,38,25,0.6578947368421053
2022-23,2023-05-28,Nottingham Forest,ALL,yellow_cards,2.5,38,12,0.3157894736842105
2022-23,2023-05-28,Nottingham Forest,ALL,yellow_cards,3.5,38,7,0.18421052631578946
2022-23,2023-05-28,Nottingham Forest,ALL,yellow_cards,4.5,38,2,0.05263157894736842
2022-23,2023-05-28,Nottingham Forest,HOME,fouls_committed,8.5,19,17,0.8947368421052632
2022-23,2023-05-28,Nottingham Forest,HOME,fouls_committed,9.5,19,16,0.8421052631578947
2022-23,2023-05-28,Nottingham Forest,HOME,fouls_committed,10.5,19,14,0.7368421052631579
2022-23,2023-05-28,Nottingham Forest,HOME,fouls_committed,11.5,19,8,0.42105263157894735
2022-23,2023-05-28,Nottingham Forest,HOME,fouls_committed,12.5,19,8,0.42105263157894735
2022-23,2023-05-28,Nottingham Forest,HOME,fouls_committed,13.5,19,6,0.3157894736842105
2022-23,2023-05-28,Nottingham Forest,HOME,fouls_committed,14.5,19,4,0.21052631578947367
2022-23,2023-05-28,Nottingham Forest,HOME,fouls_committed,15.5,19,3,0.15789473684210525
2022-23,2023-05-28,Nottingham Forest,HOME,fouls_suffered,8.5,19,16,0.8421052631578947
2022-23,2023-05-28,Nottingham Forest,HOME,fouls_suffered,9.5,19,14,0.7368421052631579
2022-23,2023-05-28,Nottingham Forest,HOME,fouls_suffered,10.5,19,11,0.5789473684210527
2022-23,2023-05-28,Nottingham Forest,HOME,fouls_suffered,11.5,19,9,0.47368421052631576
2022-23,2023-05-28,Nottingham Forest,HOME,fouls_suffered,12.5,19,7,0.3684210526315789
2022-23,2023-05-28,Nottingham Forest,HOME,fouls_suffered,13.5,19,4,0.21052631578947367
2022-23,2023-05-28,Nottingham Forest,HOME,fouls_suffered,14.5,19,2,0.10526315789473684
2022-23,2023-05-28,Nottingham Forest,HOME,fouls_suffered,15.5,19,2,0.10526315789473684
2022-23,2023-05-28,Nottingham Forest,HOME,corners_for,2.5,19,10,0.5263157894736842
2022-23,2023-05-28,Nottingham Forest,HOME,corners_for,3.5,19,5,0.2631578947368421
2022-23,2023-05-28,Nottingham Forest,HOME,corners_for,4.5,19,2,0.10526315789473684
2022-23,2023-05-28,Nottingham Forest,HOME,corners_for,5.5,19,2,0.10526315789473684
2022-23,2023-05-28,Nottingham Forest,HOME,corners_for,6.5,19,0,0.0
2022-23,2023-05-28,Nottingham Forest,HOME,corners_for,7.5,19,0,0.0
2022-23,2023-05-28,Nottingham Forest,HOME,corners_against,2.5,19,16,0.8421052631578947
2022-23,2023-05-28,Nottingham Forest,HOME,corners_against,3.5,19,13,0.6842105263157895
2022-23,2023-05-28,Nottingham Forest,HOME,corners_against,4.5,19,12,0.631578947368421
2022-23,2023-05-28,Nottingham Forest,HOME,corners_against,5.5,19,10,0.5263157894736842
2022-23,2023-05-28,Nottingham Forest,HOME,corners_against,6.5,19,8,0.42105263157894735
2022-23,2023-05-28,Nottingham Forest,HOME,corners_against,7.5,19,5,0.2631578947368421
2022-23,2023-05-28,Nottingham Forest,HOME,yellow_cards,0.5,19,19,1.0
2022-23,2023-05-28,Nottingham Forest,HOME,yellow_cards,1.5,19,15,0.7894736842105263
2022-23,2023-05-28,Nottingham Forest,HOME,yellow_cards,2.5,19,8,0.42105263157894735
2022-23,2023-05-28,Nottingham Forest,HOME,yellow_cards,3.5,19,4,0.21052631578947367
2022-23,2023-05-28,Nottingham Forest,HOME,yellow_cards,4.5,19,2,0.10526315789473684
2022-23,2023-05-28,Nottingham Forest,AWAY,fouls_committed,8.5,19,14,0.7368421052631579
2022-23,2023-05-28,Nottingham Forest,AWAY,fouls_committed,9.5,19,13,0.6842105263157895
2022-23,2023-05-28,Nottingham Forest,AWAY,fouls_committed,10.5,19,13,0.6842105263157895
2022-23,2023-05-28,Nottingham Forest,AWAY,fouls_committed,11.5,19,12,0.631578947368421
2022-23,2023-05-28,Nottingham Forest,AWAY,fouls_committed,12.5,19,10,0.5263157894736842
2022-23,2023-05-28,Nottingham Forest,AWAY,fouls_committed,13.5,19,5,0.2631578947368421
2022-23,2023-05-28,Nottingham Forest,AWAY,fouls_committed,14.5,19,3,0.15789473684210525
2022-23,2023-05-28,Nottingham Forest,AWAY,fouls_committed,15.5,19,2,0.10526315789473684
2022-23,2023-05-28,Nottingham Forest,AWAY,fouls_suffered,8.5,19,15,0.7894736842105263
2022-23,2023-05-28,Nottingham Forest,AWAY,fouls_suffered,9.5,19,9,0.47368421052631576
2022-23,2023-05-28,Nottingham Forest,AWAY,fouls_suffered,10.5,19,7,0.3684210526315789
2022-23,2023-05-28,Nottingham Forest,AWAY,fouls_suffered,11.5,19,6,0.3157894736842105
2022-23,2023-05-28,Nottingham Forest,AWAY,fouls_suffered,12.5,19,6,0.3157894736842105
2022-23,2023-05-28,Nottingham Forest,AWAY,fouls_suffered,13.5,19,2,0.10526315789473684
2022-23,2023-05-28,Nottingham Forest,AWAY,fouls_suffered,14.5,19,1,0.05263157894736842
2022-23,2023-05-28,Nottingham Forest,AWAY,fouls_suffered,15.5,19,1,0.05263157894736842
2022-23,2023-05-28,Nottingham Forest,AWAY,corners_for,2.5,19,13,0.6842105263157895
2022-23,2023-05-28,Nottingham Forest,AWAY,corners_for,3.5,19,11,0.5789473684210527
2022-23,2023-05-28,Nottingham Forest,AWAY,corners_for,4.5,19,7,0.3684210526315789
2022-23,2023-05-28,Nottingham Forest,AWAY,corners_for,5.5,19,5,0.2631578947368421
2022-23,2023-05-28,Nottingham Forest,AWAY,corners_for,6.5,19,3,0.15789473684210525
2022-23,2023-05-28,Nottingham Forest,AWAY,corners_for,7.5,19,3,0.15789473684210525
2022-23,2023-05-28,Nottingham Forest,AWAY,corners_against,2.5,19,16,0.8421052631578947
2022-23,2023-05-28,Nottingham Forest,AWAY,corners_against,3.5,19,16,0.8421052631578947
2022-23,2023-05-28,Nottingham Forest,AWAY,corners_against,4.5,19,14,0.7368421052631579
2022-23,2023-05-28,Nottingham Forest,AWAY,corners_against,5.5,19,12,0.631578947368421
2022-23,2023-05-28,Nottingham Forest,AWAY,corners_against,6.5,19,8,0.42105263157894735
2022-23,2023-05-28,Nottingham Forest,AWAY,corners_against,7.5,19,8,0.42105263157894735
2022-23,2023-05-28,Nottingham Forest,AWAY,yellow_cards,0.5,19,18,0.9473684210526315
2022-23,2023-05-28,Nottingham Forest,AWAY,yellow_cards,1.5,19,10,0.5263157894736842
2022-23,2023-05-28,Nottingham Forest,AWAY,yellow_cards,2.5,19,4,0.21052631578947367
2022-23,2023-05-28,Nottingham Forest,AWAY,yellow_cards,3.5,19,3,0.15789473684210525
2022-23,2023-05-28,Nottingham Forest,AWAY,yellow_cards,4.5,19,0,0.0
2022-23,2023-05-28,Southampton,ALL,fouls_committed,8.5,38,29,0.7631578947368421
2022-23,2023-05-28,Southampton,ALL,fouls_committed,9.5,38,24,0.631578947368421
2022-23,2023-05-28,Southampton,ALL,fouls_committed,10.5,38,21,0.5526315789473685
2022-23,2023-05-28,Southampton,ALL,fouls_committed,11.5,38,18,0.47368421052631576
2022-23,2023-05-28,Southampton,ALL,fouls_committed,12.5,38,15,0.39473684210526316
2022-23,2023-05-28,Southampton,ALL,fouls_committed,13.5,38,10,0.2631578947368421
2022-23,2023-05-28,Southampton,ALL,fouls_committed,14.5,38,6,0.15789473684210525
2022-23,2023-05-28,Southampton,ALL,fouls_committed,15.5,38,4,0.10526315789473684
2022-23,2023-05-28,Southampton,ALL,fouls_suffered,8.5,38,28,0.7368421052631579
2022-23,2023-05-28,Southampton,ALL,fouls_suffered,9.5,38,27,0.7105263157894737
2022-23,2023-05-28,Southampton,ALL,fouls_suffered,10.5,38,16,0.42105263157894735
2022-23,2023-05-28,Southampton,ALL,fouls_suffered,11.5,38,12,0.3157894736842105
2022-23,2023-05-28,Southampton,ALL,fouls_suffered,12.5,38,9,0.23684210526315788
2022-23,2023-05-28,Southampton,ALL,fouls_suffered,13.5,38,6,0.15789473684210525
2022-23,2023-05-28,Southampton,ALL,fouls_suffered,14.5,38,4,0.10526315789473684
2022-23,2023-05-28,Southampton,ALL,fouls_suffered,15.5,38,3,0.07894736842105263
2022-23,2023-05-28,Southampton,ALL,corners_for,2.5,38,26,0.6842105263157895
2022-23,2023-05-28,Southampton,ALL,corners_for,3.5,38,20,0.5263157894736842
2022-23,2023-05-28,Southampton,ALL,corners_for,4.5,38,14,0.3684210526315789
2022-23,2023-05-28,Southampton,ALL,corners_for,5.5,38,10,0.2631578947368421
2022-23,2023-05-28,Southampton,ALL,corners_for,6.5,38,6,0.15789473684210525
2022-23,2023-05-28,Southampton,ALL,corners_for,7.5,38,5,0.13157894736842105
2022-23,2023-05-28,Southampton,ALL,corners_against,2.5,38,30,0.7894736842105263
2022-23,2023-05-28,Southampton,ALL,corners_against,3.5,38,26,0.6842105263157895
2022-23,2023-05-28,Southampton,ALL,corners_against,4.5,38,20,0.5263157894736842
2022-23,2023-05-28,Southampton,ALL,corners_against,5.5,38,17,0.4473684210526316
2022-23,2023-05-28,Southampton,ALL,corners_against,6.5,38,13,0.34210526315789475
2022-23,2023-05-28,Southampton,ALL,corners_against,7.5,38,10,0.2631578947368421
2022-23,2023-05-28,Southampton,ALL,yellow_cards,0.5,38,31,0.8157894736842105
2022-23,2023-05-28,Southampton,ALL,yellow_cards,1.5,38,21,0.5526315789473685
2022-23,2023-05-28,Southampton,ALL,yellow_cards,2.5,38,11,0.2894736842105263
2022-23,2023-05-28,Southampton,ALL,yellow_cards,3.5,38,6,0.15789473684210525
2022-23,2023-05-28,Southampton,ALL,yellow_cards,4.5,38,3,0.07894736842105263
2022-23,2023-05-28,Southampton,HOME,fouls_committed,8.5,19,13,0.6842105263157895
2022-23,2023-05-28,Southampton,HOME,fouls_committed,9.5,19,11,0.5789473684210527
2022-23,2023-05-28,Southampton,HOME,fouls_committed,10.5,19,10,0.5263157894736842
2022-23,2023-05-28,Southampton,HOME,fouls_committed,11.5,19,8,0.42105263157894735
2022-23,2023-05-28,Southampton,HOME,fouls_committed,12.5,19,6,0.3157894736842105
2022-23,2023-05-28,Southampton,HOME,fouls_committed,13.5,19,5,0.2631578947368421
2022-23,2023-05-28,Southampton,HOME,fouls_committed,14.5,19,3,0.15789473684210525
2022-23,2023-05-28,Southampton,HOME,fouls_committed,15.5,19,2,0.10526315789473684
2022-23,2023-05-28,Southampton,HOME,fouls_suffered,8.5,19,16,0.8421052631578947
2022-23,2023-05-28,Southampton,HOME,fouls_suffered,9.5,19,15,0.7894736842105263
2022-23,2023-05-28,Southampton,HOME,fouls_suffered,10.5,19,8,0.42105263157894735
2022-23,2023-05-28,Southampton,HOME,fouls_suffered,11.5,19,6,0.3157894736842105
2022-23,2023-05-28,Southampton,HOME,fouls_suffered,12.5,19,4,0.21052631578947367
2022-23,2023-05-28,Southampton,HOME,fouls_suffered,13.5,19,3,0.15789473684210525
2022-23,2023-05-28,Southampton,HOME,fouls_suffered,14.5,19,1,0.05263157894736842
2022-23,2023-05-28,Southampton,HOME,fouls_suffered,15.5,19,1,0.05263157894736842
2022-23,2023-05-28,Southampton,HOME,corners_for,2.5,19,14,0.7368421052631579
2022-23,2023-05-28,Southampton,HOME,corners_for,3.5,19,12,0.631578947368421
2022-23,2023-05-28,Southampton,HOME,corners_for,4.5,19,10,0.5263157894736842
2022-23,2023-05-28,Southampton,HOME,corners_for,5.5,19,7,0.3684210526315789
2022-23,2023-05-28,Southampton,HOME,corners_for,6.5,19,4,0.21052631578947367
2022-23,2023-05-28,Southampton,HOME,corners_for,7.5,19,3,0.15789473684210525
2022-23,2023-05-28,Southampton,HOME,corners_against,2.5,19,13,0.6842105263157895
2022-23,2023-05-28,Southampton,HOME,corners_against,3.5,19,9,0.47368421052631576
2022-23,2023-05-28,Southampton,HOME,corners_against,4.5,19,6,0.3157894736842105
2022-23,2023-05-28,Southampton,HOME,corners_against,5.5,19,5,0.2631578947368421
2022-23,2023-05-28,Southampton,HOME,corners_against,6.5,19,4,0.21052631578947367
2022-23,2023-05-28,Southampton,HOME,corners_against,7.5,19,4,0.21052631578947367
2022-23,2023-05-28,Southampton,HOME,yellow_cards,0.5,19,15,0.7894736842105263
2022-23,2023-05-28,Southampton,HOME,yellow_cards,1.5,19,8,0.42105263157894735
2022-23,2023-05-28,Southampton,HOME,yellow_cards,2.5,19,2,0.10526315789473684
2022-23,2023-05-28,Southampton,HOME,yellow_cards,3.5,19,1,0.05263157894736842
2022-23,2023-05-28,Southampton,HOME,yellow_cards,4.5,19,0,0.0
2022-23,2023-05-28,Southampton,AWAY,fouls_committed,8.5,19,16,0.8421052631578947
2022-23,2023-05-28,Southampton,AWAY,fouls_committed,9.5,19,13,0.6842105263157895
2022-23,2023-05-28,Southampton,AWAY,fouls_committed,10.5,19,11,0.5789473684210527
2022-23,2023-05-28,Southampton,AWAY,fouls_committed,11.5,19,10,0.5263157894736842
2022-23,2023-05-28,Southampton,AWAY,fouls_committed,12.5,19,9,0.47368421052631576
2022-23,2023-05-28,Southampton,AWAY,fouls_committed,13.5,19,5,0.2631578947368421
2022-23,2023-05-28,Southampton,AWAY,fouls_committed,14.5,19,3,0.15789473684210525
2022-23,2023-05-28,Southampton,AWAY,fouls_committed,15.5,19,2,0.10526315789473684
2022-23,2023-05-28,Southampton,AWAY,fouls_suffered,8.5,19,12,0.631578947368421
2022-23,2023-05-28,Southampton,AWAY,fouls_suffered,9.5,19,12,0.631578947368421
2022-23,2023-05-28,Southampton,AWAY,fouls_suffered,10.5,19,8,0.42105263157894735
2022-23,2023-05-28,Southampton,AWAY,fouls_suffered,11.5,19,6,0.3157894736842105
2022-23,2023-05-28,Southampton,AWAY,fouls_suffered,12.5,19,5,0.2631578947368421
2022-23,2023-05-28,Southampton,AWAY,fouls_suffered,13.5,19,3,0.15789473684210525
2022-23,2023-05-28,Southampton,AWAY,fouls_suffered,14.5,19,3,0.15789473684210525
2022-23,2023-05-28,Southampton,AWAY,fouls_suffered,15.5,19,2,0.10526315789473684
2022-23,2023-05-28,Southampton,AWAY,corners_for,2.5,19,12,0.631578947368421
2022-23,2023-05-28,Southampton,AWAY,corners_for,3.5,19,8,0.42105263157894735
2022-23,2023-05-28,Southampton,AWAY,corners_for,4.5,19,4,0.21052631578947367
2022-23,2023-05-28,Southampton,AWAY,corners_for,5.5,19,3,0.15789473684210525
2022-23,2023-05-28,Southampton,AWAY,corners_for,6.5,19,2,0.10526315789473684
2022-23,2023-05-28,Southampton,AWAY,corners_for,7.5,19,2,0.10526315789473684
2022-23,2023-05-28,Southampton,AWAY,corners_against,2.5,19,17,0.8947368421052632
2022-23,2023-05-28,Southampton,AWAY,corners_against,3.5,19,17,0.8947368421052632
2022-23,2023-05-28,Southampton,AWAY,corners_against,4.5,19,14,0.7368421052631579
2022-23,2023-05-28,Southampton,AWAY,corners_against,5.5,19,12,0.631578947368421
2022-23,2023-05-28,Southampton,AWAY,corners_against,6.5,19,9,0.47368421052631576
2022-23,2023-05-28,Southampton,AWAY,corners_against,7.5,19,6,0.3157894736842105
2022-23,2023-05-28,Southampton,AWAY,yellow_cards,0.5,19,16,0.8421052631578947
2022-23,2023-05-28,Southampton,AWAY,yellow_cards,1.5,19,13,0.6842105263157895
2022-23,2023-05-28,Southampton,AWAY,yellow_cards,2.5,19,9,0.47368421052631576
2022-23,2023-05-28,Southampton,AWAY,yellow_cards,3.5,19,5,0.2631578947368421
2022-23,2023-05-28,Southampton,AWAY,yellow_cards,4.5,19,3,0.15789473684210525
2022-23,2023-05-28,Tottenham,ALL,fouls_committed,8.5,38,29,0.7631578947368421
2022-23,2023-05-28,Tottenham,ALL,fouls_committed,9.5,38,24,0.631578947368421
2022-23,2023-05-28,Tottenham,ALL,fouls_committed,10.5,38,18,0.47368421052631576
2022-23,2023-05-28,Tottenham,ALL,fouls_committed,11.5,38,16,0.42105263157894735
2022-23,2023-05-28,Tottenham,ALL,fouls_committed,12.5,38,14,0.3684210526315789
2022-23,2023-05-28,Tottenham,ALL,fouls_committed,13.5,38,11,0.2894736842105263
2022-23,2023-05-28,Tottenham,ALL,fouls_committed,14.5,38,7,0.18421052631578946
2022-23,2023-05-28,Tottenham,ALL,fouls_committed,15.5,38,4,0.10526315789473684
2022-23,2023-05-28,Tottenham,ALL,fouls_suffered,8.5,38,28,0.7368421052631579
2022-23,2023-05-28,Tottenham,ALL,fouls_suffered,9.5,38,22,0.5789473684210527
2022-23,2023-05-28,Tottenham,ALL,fouls_suffered,10.5,38,13,0.34210526315789475
2022-23,2023-05-28,Tottenham,ALL,fouls_suffered,11.5,38,9,0.23684210526315788
2022-23,2023-05-28,Tottenham,ALL,fouls_suffered,12.5,38,8,0.21052631578947367
2022-23,2023-05-28,Tottenham,ALL,fouls_suffered,13.5,38,5,0.13157894736842105
2022-23,2023-05-28,Tottenham,ALL,fouls_suffered,14.5,38,2,0.05263157894736842
2022-23,2023-05-28,Tottenham,ALL,fouls_suffered,15.5,38,0,0.0
2022-23,2023-05-28,Tottenham,ALL,corners_for,2.5,38,33,0.868421052631579
2022-23,2023-05-28,Tottenham,ALL,corners_for,3.5,38,25,0.6578947368421053
2022-23,2023-05-28,Tottenham,ALL,corners_for,4.5,38,19,0.5
2022-23,2023-05-28,Tottenham,ALL,corners_for,5.5,38,14,0.3684210526315789
2022-23,2023-05-28,Tottenham,ALL,corners_for,6.5,38,11,0.2894736842105263
2022-23,2023-05-28,Tottenham,ALL,corners_for,7.5,38,10,0.2631578947368421
2022-23,2023-05-28,Tottenham,ALL,corners_against,2.5,38,30,0.7894736842105263
2022-23,2023-05-28,Tottenham,ALL,corners_against,3.5,38,23,0.6052631578947368
2022-23,2023-05-28,Tottenham,ALL,corners_against,4.5,38,20,0.5263157894736842
2022-23,2023-05-28,Tottenham,ALL,corners_against,5.5,38,18,0.47368421052631576
2022-23,2023-05-28,Tottenham,ALL,corners_against,6.5,38,13,0.34210526315789475
2022-23,2023-05-28,Tottenham,ALL,corners_against,7.5,38,10,0.2631578947368421
2022-23,2023-05-28,Tottenham,ALL,yellow_cards,0.5,38,34,0.8947368421052632
2022-23,2023-05-28,Tottenham,ALL,yellow_cards,1.5,38,23,0.6052631578947368
2022-23,2023-05-28,Tottenham,ALL,yellow_cards,2.5,38,13,0.34210526315789475
2022-23,2023-05-28,Tottenham,ALL,yellow_cards,3.5,38,4,0.10526315789473684
2022-23,2023-05-28,Tottenham,ALL,yellow_cards,4.5,38,1,0.02631578947368421
2022-23,2023-05-28,Tottenham,HOME,fouls_committed,8.5,19,16,0.8421052631578947
2022-23,2023-05-28,Tottenham,HOME,fouls_committed,9.5,19,14,0.7368421052631579
2022-23,2023-05-28,Tottenham,HOME,fouls_committed,10.5,19,11,0.5789473684210527
2022-23,2023-05-28,Tottenham,HOME,fouls_committed,11.5,19,9,0.47368421052631576
2022-23,2023-05-28,Tottenham,HOME,fouls_committed,12.5,19,7,0.3684210526315789
2022-23,2023-05-28,Tottenham,HOME,fouls_committed,13.5,19,6,0.3157894736842105
2022-23,2023-05-28,Tottenham,HOME,fouls_committed,14.5,19,6,0.3157894736842105
2022-23,2023-05-28,Tottenham,HOME,fouls_committed,15.5,19,3,0.15789473684210525
2022-23,2023-05-28,Tottenham,HOME,fouls_suffered,8.5,19,12,0.631578947368421
2022-23,2023-05-28,Tottenham,HOME,fouls_suffered,9.5,19,9,0.47368421052631576
2022-23,2023-05-28,Tottenham,HOME,fouls_suffered,10.5,19,6,0.3157894736842105
2022-23,2023-05-28,Tottenham,HOME,fouls_suffered,11.5,19,6,0.3157894736842105
2022-23,2023-05-28,Tottenham,HOME,fouls_suffered,12.5,19,6,0.3157894736842105
2022-23,2023-05-28,Tottenham,HOME,fouls_suffered,13.5,19,4,0.21052631578947367
2022-23,2023-05-28,Tottenham,HOME,fouls_suffered,14.5,19,2,0.10526315789473684
2022-23,2023-05-28,Tottenham,HOME,fouls_suffered,15.5,19,0,0.0
2022-23,2023-05-28,Tottenham,HOME,corners_for,2.5,19,18,0.9473684210526315
2022-23,2023-05-28,Tottenham,HOME,corners_for,3.5,19,17,0.8947368421052632
2022-23,2023-05-28,Tottenham,HOME,corners_for,4.5,19,13,0.6842105263157895
2022-23,2023-05-28,Tottenham,HOME,corners_for,5.5,19,11,0.5789473684210527
2022-23,2023-05-28,Tottenham,HOME,corners_for,6.5,19,8,0.42105263157894735
2022-23,2023-05-28,Tottenham,HOME,corners_for,7.5,19,7,0.3684210526315789
2022-23,2023-05-28,Tottenham,HOME,corners_against,2.5,19,13,0.6842105263157895
2022-23,2023-05-28,Tottenham,HOME,corners_against,3.5,19,9,0.47368421052631576
2022-23,2023-05-28,Tottenham,HOME,corners_against,4.5,19,7,0.3684210526315789
2022-23,2023-05-28,Tottenham,HOME,corners_against,5.5,19,7,0.3684210526315789
2022-23,2023-05-28,Tottenham,HOME,corners_against,6.5,19,5,0.2631578947368421
2022-23,2023-05-28,Tottenham,HOME,corners_against,7.5,19,2,0.10526315789473684
2022-23,2023-05-28,Tottenham,HOME,yellow_cards,0.5,19,18,0.9473684210526315
2022-23,2023-05-28,Tottenham,HOME,yellow_cards,1.5,19,12,0.631578947368421
2022-23,2023-05-28,Tottenham,HOME,yellow_cards,2.5,19,8,0.42105263157894735
2022-23,2023-05-28,Tottenham,HOME,yellow_cards,3.5,19,3,0.15789473684210525
2022-23,2023-05-28,Tottenham,HOME,yellow_cards,4.5,19,0,0.0
2022-23,2023-05-28,Tottenham,AWAY,fouls_committed,8.5,19,13,0.6842105263157895
2022-23,2023-05-28,Tottenham,AWAY,fouls_committed,9.5,19,10,0.5263157894736842
2022-23,2023-05-28,Tottenham,AWAY,fouls_committed,10.5,19,7,0.3684210526315789
2022-23,2023-05-28,Tottenham,AWAY,fouls_committed,11.5,19,7,0.3684210526315789
2022-23,2023-05-28,Tottenham,AWAY,fouls_committed,12.5,19,7,0.3684210526315789
2022-23,2023-05-28,Tottenham,AWAY,fouls_committed,13.5,19,5,0.2631578947368421
2022-23,2023-05-28,Tottenham,AWAY,fouls_committed,14.5,19,1,0.05263157894736842
2022-23,2023-05-28,Tottenham,AWAY,fouls_committed,15.5,19,1,0.05263157894736842
2022-23,2023-05-28,Tottenham,AWAY,fouls_suffered,8.5,19,16,0.8421052631578947
2022-23,2023-05-28,Tottenham,AWAY,fouls_suffered,9.5,19,13,0.6842105263157895
2022-23,2023-05-28,Tottenham,AWAY,fouls_suffered,10.5,19,7,0.3684210526315789
2022-23,2023-05-28,Tottenham,AWAY,fouls_suffered,11.5,19,3,0.15789473684210525
2022-23,2023-05-28,Tottenham,AWAY,fouls_suffered,12.5,19,2,0.10526315789473684
2022-23,2023-05-28,Tottenham,AWAY,fouls_suffered,13.5,19,1,0.05263157894736842
2022-23,2023-05-28,Tottenham,AWAY,fouls_suffered,14.5,19,0,0.0
2022-23,2023-05-28,Tottenham,AWAY,fouls_suffered,15.5,19,0,0.0
2022-23,2023-05-28,Tottenham,AWAY,corners_for,2.5,19,15,0.7894736842105263
2022-23,2023-05-28,Tottenham,AWAY,corners_for,3.5,19,8,0.42105263157894735
2022-23,2023-05-28,Tottenham,AWAY,corners_for,4.5,19,6,0.3157894736842105
2022-23,2023-05-28,Tottenham,AWAY,corners_for,5.5,19,3,0.15789473684210525
2022-23,2023-05-28,Tottenham,AWAY,corners_for,6.5,19,3,0.15789473684210525
2022-23,2023-05-28,Tottenham,AWAY,corners_for,7.5,19,3,0.15789473684210525
2022-23,2023-05-28,Tottenham,AWAY,corners_against,2.5,19,17,0.8947368421052632
2022-23,2023-05-28,Tottenham,AWAY,corners_against,3.5,19,14,0.7368421052631579
2022-23,2023-05-28,Tottenham,AWAY,corners_against,4.5,19,13,0.6842105263157895
2022-23,2023-05-28,Tottenham,AWAY,corners_against,5.5,19,11,0.5789473684210527
2022-23,2023-05-28,Tottenham,AWAY,corners_against,6.5,19,8,0.42105263157894735
2022-23,2023-05-28,Tottenham,AWAY,corners_against,7.5,19,8,0.42105263157894735
2022-23,2023-05-28,Tottenham,AWAY,yellow_cards,0.5,19,16,0.8421052631578947
2022-23,2023-05-28,Tottenham,AWAY,yellow_cards,1.5,19,11,0.5789473684210527
2022-23,2023-05-28,Tottenham,AWAY,yellow_cards,2.5,19,5,0.2631578947368421
2022-23,2023-05-28,Tottenham,AWAY,yellow_cards,3.5,19,1,0.05263157894736842
2022-23,2023-05-28,Tottenham,AWAY,yellow_cards,4.5,19,1,0.05263157894736842
2022-23,2023-05-28,West Ham United,ALL,fouls_committed,8.5,38,24,0.631578947368421
2022-23,2023-05-28,West Ham United,ALL,fouls_committed,9.5,38,18,0.47368421052631576
2022-23,2023-05-28,West Ham United,ALL,fouls_committed,10.5,38,10,0.2631578947368421
2022-23,2023-05-28,West Ham United,ALL,fouls_committed,11.5,38,5,0.13157894736842105
2022-23,2023-05-28,West Ham United,ALL,fouls_committed,12.5,38,4,0.10526315789473684
2022-23,2023-05-28,West Ham United,ALL,fouls_committed,13.5,38,3,0.07894736842105263
2022-23,2023-05-28,West Ham United,ALL,fouls_committed,14.5,38,3,0.07894736842105263
2022-23,2023-05-28,West Ham United,ALL,fouls_committed,15.5,38,3,0.07894736842105263
2022-23,2023-05-28,West Ham United,ALL,fouls_suffered,8.5,38,18,0.47368421052631576
2022-23,2023-05-28,West Ham United,ALL,fouls_suffered,9.5,38,14,0.3684210526315789
2022-23,2023-05-28,West Ham United,ALL,fouls_suffered,10.5,38,10,0.2631578947368421
2022-23,2023-05-28,West Ham United,ALL,fouls_suffered,11.5,38,4,0.10526315789473684
2022-23,2023-05-28,West Ham United,ALL,fouls_suffered,12.5,38,2,0.05263157894736842
2022-23,2023-05-28,West Ham United,ALL,fouls_suffered,13.5,38,1,0.02631578947368421
2022-23,2023-05-28,West Ham United,ALL,fouls_suffered,14.5,38,1,0.02631578947368421
2022-23,2023-05-28,West Ham United,ALL,fouls_suffered,15.5,38,1,0.02631578947368421
2022-23,2023-05-28,West Ham United,ALL,corners_for,2.5,38,32,0.8421052631578947
2022-23,2023-05-28,West Ham United,ALL,corners_for,3.5,38,25,0.6578947368421053
2022-23,2023-05-28,West Ham United,ALL,corners_for,4.5,38,22,0.5789473684210527
2022-23,2023-05-28,West Ham United,ALL,corners_for,5.5,38,12,0.3157894736842105
2022-23,2023-05-28,West Ham United,ALL,corners_for,6.5,38,12,0.3157894736842105
2022-23,2023-05-28,West Ham United,ALL,corners_for,7.5,38,7,0.18421052631578946
2022-23,2023-05-28,West Ham United,ALL,corners_against,2.5,38,32,0.8421052631578947
2022-23,2023-05-28,West Ham United,ALL,corners_against,3.5,38,28,0.7368421052631579
2022-23,2023-05-28,West Ham United,ALL,corners_against,4.5,38,21,0.5526315789473685
2022-23,2023-05-28,West Ham United,ALL,corners_against,5.5,38,17,0.4473684210526316
2022-23,2023-05-28,West Ham United,ALL,corners_against,6.5,38,10,0.2631578947368421
2022-23,2023-05-28,West Ham United,ALL,corners_against,7.5,38,7,0.18421052631578946
2022-23,2023-05-28,West Ham United,ALL,yellow_cards,0.5,38,29,0.7631578947368421
2022-23,2023-05-28,West Ham United,ALL,yellow_cards,1.5,38,12,0.3157894736842105
2022-23,2023-05-28,West Ham United,ALL,yellow_cards,2.5,38,3,0.07894736842105263
2022-23,2023-05-28,West Ham United,ALL,yellow_cards,3.5,38,0,0.0
2022-23,2023-05-28,West Ham United,ALL,yellow_cards,4.5,38,0,0.0
2022-23,2023-05-28,West Ham United,HOME,fouls_committed,8.5,19,12,0.631578947368421
2022-23,2023-05-28,West Ham United,HOME,fouls_committed,9.5,19,6,0.3157894736842105
2022-23,2023-05-28,West Ham United,HOME,fouls_committed,10.5,19,2,0.10526315789473684
2022-23,2023-05-28,West Ham United,HOME,fouls_committed,11.5,19,0,0.0
2022-23,2023-05-28,West Ham United,HOME,fouls_committed,12.5,19,0,0.0
2022-23,2023-05-28,West Ham United,HOME,fouls_committed,13.5,19,0,0.0
2022-23,2023-05-28,West Ham United,HOME,fouls_committed,14.5,19,0,0.0
2022-23,2023-05-28,West Ham United,HOME,fouls_committed,15.5,19,0,0.0
2022-23,2023-05-28,West Ham United,HOME,fouls_suffered,8.5,19,7,0.3684210526315789
2022-23,2023-05-28,West Ham United,HOME,fouls_suffered,9.5,19,5,0.2631578947368421
2022-23,2023-05-28,West Ham United,HOME,fouls_suffered,10.5,19,5,0.2631578947368421
2022-23,2023-05-28,West Ham United,HOME,fouls_suffered,11.5,19,1,0.05263157894736842
2022-23,2023-05-28,West Ham United,HOME,fouls_suffered,12.5,19,0,0.0
2022-23,2023-05-28,West Ham United,HOME,fouls_suffered,13.5,19,0,0.0
2022-23,2023-05-28,West Ham United,HOME,fouls_suffered,14.5,19,0,0.0
2022-23,2023-05-28,West Ham United,HOME,fouls_suffered,15.5,19,0,0.0
2022-23,2023-05-28,West Ham United,HOME,corners_for,2.5,19,16,0.8421052631578947
2022-23,2023-05-28,West Ham United,HOME,corners_for,3.5,19,14,0.7368421052631579
2022-23,2023-05-28,West Ham United,HOME,corners_for,4.5,19,12,0.631578947368421
2022-23,2023-05-28,West Ham United,HOME,corners_for,5.5,19,7,0.3684210526315789
2022-23,2023-05-28,West Ham United,HOME,corners_for,6.5,19,7,0.3684210526315789
2022-23,2023-05-28,West Ham United,HOME,corners_for,7.5,19,4,0.21052631578947367
2022-23,2023-05-28,West Ham United,HOME,corners_against,2.5,19,13,0.6842105263157895
2022-23,2023-05-28,West Ham United,HOME,corners_against,3.5,19,11,0.5789473684210527
2022-23,2023-05-28,West Ham United,HOME,corners_against,4.5,19,8,0.42105263157894735
2022-23,2023-05-28,West Ham United,HOME,corners_against,5.5,19,6,0.3157894736842105
2022-23,2023-05-28,West Ham United,HOME,corners_against,6.5,19,1,0.05263157894736842
2022-23,2023-05-28,West Ham United,HOME,corners_against,7.5,19,1,0.05263157894736842
2022-23,2023-05-28,West Ham United,HOME,yellow_cards,0.5,19,13,0.6842105263157895
2022-23,2023-05-28,West Ham United,HOME,yellow_cards,1.5,19,5,0.2631578947368421
2022-23,2023-05-28,West Ham United,HOME,yellow_cards,2.5,19,1,0.05263157894736842
2022-23,2023-05-28,West Ham United,HOME,yellow_cards,3.5,19,0,0.0
2022-23,2023-05-28,West Ham United,HOME,yellow_cards,4.5,19,0,0.0
2022-23,2023-05-28,West Ham United,AWAY,fouls_committed,8.5,19,12,0.631578947368421
2022-23,2023-05-28,West Ham United,AWAY,fouls_committed,9.5,19,12,0.631578947368421
2022-23,2023-05-28,West Ham United,AWAY,fouls_committed,10.5,19,8,0.42105263157894735
2022-23,2023-05-28,West Ham United,AWAY,fouls_committed,11.5,19,5,0.2631578947368421
2022-23,2023-05-28,West Ham United,AWAY,fouls_committed,12.5,19,4,0.21052631578947367
2022-23,2023-05-28,West Ham United,AWAY,fouls_committed,13.5,19,3,0.15789473684210525
2022-23,2023-05-28,West Ham United,AWAY,fouls_committed,14.5,19,3,0.15789473684210525
2022-23,2023-05-28,West Ham United,AWAY,fouls_committed,15.5,19,3,0.15789473684210525
2022-23,2023-05-28,West Ham United,AWAY,fouls_suffered,8.5,19,11,0.5789473684210527
2022-23,2023-05-28,West Ham United,AWAY,fouls_suffered,9.5,19,9,0.47368421052631576
2022-23,2023-05-28,West Ham United,AWAY,fouls_suffered,10.5,19,5,0.2631578947368421
2022-23,2023-05-28,West Ham United,AWAY,fouls_suffered,11.5,19,3,0.15789473684210525
2022-23,2023-05-28,West Ham United,AWAY,fouls_suffered,12.5,19,2,0.10526315789473684
2022-23,2023-05-28,West Ham United,AWAY,fouls_suffered,13.5,19,1,0.05263157894736842
2022-23,2023-05-28,West Ham United,AWAY,fouls_suffered,14.5,19,1,0.05263157894736842
2022-23,2023-05-28,West Ham United,AWAY,fouls_suffered,15.5,19,1,0.05263157894736842
2022-23,2023-05-28,West Ham United,AWAY,corners_for,2.5,19,16,0.8421052631578947
2022-23,2023-05-28,West Ham United,AWAY,corners_for,3.5,19,11,0.5789473684210527
2022-23,2023-05-28,West Ham United,AWAY,corners_for,4.5,19,10,0.5263157894736842
2022-23,2023-05-28,West Ham United,AWAY,corners_for,5.5,19,5,0.2631578947368421
2022-23,2023-05-28,West Ham United,AWAY,corners_for,6.5,19,5,0.2631578947368421
2022-23,2023-05-28,West Ham United,AWAY,corners_for,7.5,19,3,0.15789473684210525
2022-23,2023-05-28,West Ham United,AWAY,corners_against,2.5,19,19,1.0
2022-23,2023-05-28,West Ham United,AWAY,corners_against,3.5,19,17,0.8947368421052632
2022-23,2023-05-28,West Ham United,AWAY,corners_against,4.5,19,13,0.6842105263157895
2022-23,2023-05-28,West Ham United,AWAY,corners_against,5.5,19,11,0.5789473684210527
2022-23,2023-05-28,West Ham United,AWAY,corners_against,6.5,19,9,0.47368421052631576
2022-23,2023-05-28,West Ham United,AWAY,corners_against,7.5,19,6,0.3157894736842105
2022-23,2023-05-28,West Ham United,AWAY,yellow_cards,0.5,19,16,0.8421052631578947
2022-23,2023-05-28,West Ham United,AWAY,yellow_cards,1.5,19,7,0.3684210526315789
2022-23,2023-05-28,West Ham United,AWAY,yellow_cards,2.5,19,2,0.10526315789473684
2022-23,2023-05-28,West Ham United,AWAY,yellow_cards,3.5,19,0,0.0
2022-23,2023-05-28,West Ham United,AWAY,yellow_cards,4.5,19,0,0.0
2022-23,2023-05-28,Wolverhampton Wanderers,ALL,fouls_committed,8.5,38,32,0.8421052631578947
2022-23,2023-05-28,Wolverhampton Wanderers,ALL,fouls_committed,9.5,38,29,0.7631578947368421
2022-23,2023-05-28,Wolverhampton Wanderers,ALL,fouls_committed,10.5,38,23,0.6052631578947368
2022-23,2023-05-28,Wolverhampton Wanderers,ALL,fouls_committed,11.5,38,19,0.5
2022-23,2023-05-28,Wolverhampton Wanderers,ALL,fouls_committed,12.5,38,15,0.39473684210526316
2022-23,2023-05-28,Wolverhampton Wanderers,ALL,fouls_committed,13.5,38,13,0.34210526315789475
2022-23,2023-05-28,Wolverhampton Wanderers,ALL,fouls_committed,14.5,38,10,0.2631578947368421
2022-23,2023-05-28,Wolverhampton Wanderers,ALL,fouls_committed,15.5,38,8,0.21052631578947367
2022-23,2023-05-28,Wolverhampton Wanderers,ALL,fouls_suffered,8.5,38,30,0.7894736842105263
2022-23,2023-05-28,Wolverhampton Wanderers,ALL,fouls_suffered,9.5,38,25,0.6578947368421053
2022-23,2023-05-28,Wolverhampton Wanderers,ALL,fouls_suffered,10.5,38,19,0.5
2022-23,2023-05-28,Wolverhampton Wanderers,ALL,fouls_suffered,11.5,38,15,0.39473684210526316
2022-23,2023-05-28,Wolverhampton Wanderers,ALL,fouls_suffered,12.5,38,12,0.3157894736842105
2022-23,2023-05-28,Wolverhampton Wanderers,ALL,fouls_suffered,13.5,38,8,0.21052631578947367
2022-23,2023-05-28,Wolverhampton Wanderers,ALL,fouls_suffered,14.5,38,2,0.05263157894736842
2022-23,2023-05-28,Wolverhampton Wanderers,ALL,fouls_suffered,15.5,38,2,0.05263157894736842
2022-23,2023-05-28,Wolverhampton Wanderers,ALL,corners_for,2.5,38,32,0.8421052631578947
2022-23,2023-05-28,Wolverhampton Wanderers,ALL,corners_for,3.5,38,28,0.7368421052631579
2022-23,2023-05-28,Wolverhampton Wanderers,ALL,corners_for,4.5,38,21,0.5526315789473685
2022-23,2023-05-28,Wolverhampton Wanderers,ALL,corners_for,5.5,38,13,0.34210526315789475
2022-23,2023-05-28,Wolverhampton Wanderers,ALL,corners_for,6.5,38,8,0.21052631578947367
2022-23,2023-05-28,Wolverhampton Wanderers,ALL,corners_for,7.5,38,4,0.10526315789473684
2022-23,2023-05-28,Wolverhampton Wanderers,ALL,corners_against,2.5,38,30,0.7894736842105263
2022-23,2023-05-28,Wolverhampton Wanderers,ALL,corners_against,3.5,38,27,0.7105263157894737
2022-23,2023-05-28,Wolverhampton Wanderers,ALL,corners_against,4.5,38,21,0.5526315789473685
2022-23,2023-05-28,Wolverhampton Wanderers,ALL,corners_against,5.5,38,16,0.42105263157894735
2022-23,2023-05-28,Wolverhampton Wanderers,ALL,corners_against,6.5,38,13,0.34210526315789475
2022-23,2023-05-28,Wolverhampton Wanderers,ALL,corners_against,7.5,38,9,0.23684210526315788
2022-23,2023-05-28,Wolverhampton Wanderers,ALL,yellow_cards,0.5,38,33,0.868421052631579
2022-23,2023-05-28,Wolverhampton Wanderers,ALL,yellow_cards,1.5,38,26,0.6842105263157895
2022-23,2023-05-28,Wolverhampton Wanderers,ALL,yellow_cards,2.5,38,14,0.3684210526315789
2022-23,2023-05-28,Wolverhampton Wanderers,ALL,yellow_cards,3.5,38,5,0.13157894736842105
2022-23,2023-05-28,Wolverhampton Wanderers,ALL,yellow_cards,4.5,38,4,0.10526315789473684
2022-23,2023-05-28,Wolverhampton Wanderers,HOME,fouls_committed,8.5,19,16,0.8421052631578947
2022-23,2023-05-28,Wolverhampton Wanderers,HOME,fouls_committed,9.5,19,15,0.7894736842105263
2022-23,2023-05-28,Wolverhampton Wanderers,HOME,fouls_committed,10.5,19,11,0.5789473684210527
2022-23,2023-05-28,Wolverhampton Wanderers,HOME,fouls_committed,11.5,19,9,0.47368421052631576
2022-23,2023-05-28,Wolverhampton Wanderers,HOME,fouls_committed,12.5,19,7,0.3684210526315789
2022-23,2023-05-28,Wolverhampton Wanderers,HOME,fouls_committed,13.5,19,6,0.3157894736842105
2022-23,2023-05-28,Wolverhampton Wanderers,HOME,fouls_committed,14.5,19,5,0.2631578947368421
2022-23,2023-05-28,Wolverhampton Wanderers,HOME,fouls_committed,15.5,19,3,0.15789473684210525
2022-23,2023-05-28,Wolverhampton Wanderers,HOME,fouls_suffered,8.5,19,15,0.7894736842105263
2022-23,2023-05-28,Wolverhampton Wanderers,HOME,fouls_suffered,9.5,19,12,0.631578947368421
2022-23,2023-05-28,Wolverhampton Wanderers,HOME,fouls_suffered,10.5,19,9,0.47368421052631576
2022-23,2023-05-28,Wolverhampton Wanderers,HOME,fouls_suffered,11.5,19,6,0.3157894736842105
2022-23,2023-05-28,Wolverhampton Wanderers,HOME,fouls_suffered,12.5,19,6,0.3157894736842105
2022-23,2023-05-28,Wolverhampton Wanderers,HOME,fouls_suffered,13.5,19,4,0.21052631578947367
2022-23,2023-05-28,Wolverhampton Wanderers,HOME,fouls_suffered,14.5,19,1,0.05263157894736842
2022-23,2023-05-28,Wolverhampton Wanderers,HOME,fouls_suffered,15.5,19,1,0.05263157894736842
2022-23,2023-05-28,Wolverhampton Wanderers,HOME,corners_for,2.5,19,17,0.8947368421052632
2022-23,2023-05-28,Wolverhampton Wanderers,HOME,corners_for,3.5,19,17,0.8947368421052632
2022-23,2023-05-28,Wolverhampton Wanderers,HOME,corners_for,4.5,19,12,0.631578947368421
2022-23,2023-05-28,Wolverhampton Wanderers,HOME,corners_for,5.5,19,6,0.3157894736842105
2022-23,2023-05-28,Wolverhampton Wanderers,HOME,corners_for,6.5,19,4,0.21052631578947367
2022-23,2023-05-28,Wolverhampton Wanderers,HOME,corners_for,7.5,19,3,0.15789473684210525
2022-23,2023-05-28,Wolverhampton Wanderers,HOME,corners_against,2.5,19,16,0.8421052631578947
2022-23,2023-05-28,Wolverhampton Wanderers,HOME,corners_against,3.5,19,14,0.7368421052631579
2022-23,2023-05-28,Wolverhampton Wanderers,HOME,corners_against,4.5,19,12,0.631578947368421
2022-23,2023-05-28,Wolverhampton Wanderers,HOME,corners_against,5.5,19,10,0.5263157894736842
2022-23,2023-05-28,Wolverhampton Wanderers,HOME,corners_against,6.5,19,8,0.42105263157894735
2022-23,2023-05-28,Wolverhampton Wanderers,HOME,corners_against,7.5,19,5,0.2631578947368421
2022-23,2023-05-28,Wolverhampton Wanderers,HOME,yellow_cards,0.5,19,18,0.9473684210526315
2022-23,2023-05-28,Wolverhampton Wanderers,HOME,yellow_cards,1.5,19,14,0.7368421052631579
2022-23,2023-05-28,Wolverhampton Wanderers,HOME,yellow_cards,2.5,19,8,0.42105263157894735
2022-23,2023-05-28,Wolverhampton Wanderers,HOME,yellow_cards,3.5,19,3,0.15789473684210525
2022-23,2023-05-28,Wolverhampton Wanderers,HOME,yellow_cards,4.5,19,2,0.10526315789473684
2022-23,2023-05-28,Wolverhampton Wanderers,AWAY,fouls_committed,8.5,19,16,0.8421052631578947
2022-23,2023-05-28,Wolverhampton Wanderers,AWAY,fouls_committed,9.5,19,14,0.7368421052631579
2022-23,2023-05-28,Wolverhampton Wanderers,AWAY,fouls_committed,10.5,19,12,0.631578947368421
2022-23,2023-05-28,Wolverhampton Wanderers,AWAY,fouls_committed,11.5,19,10,0.5263157894736842
2022-23,2023-05-28,Wolverhampton Wanderers,AWAY,fouls_committed,12.5,19,8,0.42105263157894735
2022-23,2023-05-28,Wolverhampton Wanderers,AWAY,fouls_committed,13.5,19,7,0.3684210526315789
2022-23,2023-05-28,Wolverhampton Wanderers,AWAY,fouls_committed,14.5,19,5,0.2631578947368421
2022-23,2023-05-28,Wolverhampton Wanderers,AWAY,fouls_committed,15.5,19,5,0.2631578947368421
2022-23,2023-05-28,Wolverhampton Wanderers,AWAY,fouls_suffered,8.5,19,15,0.7894736842105263
2022-23,2023-05-28,Wolverhampton Wanderers,AWAY,fouls_suffered,9.5,19,13,0.6842105263157895
2022-23,2023-05-28,Wolverhampton Wanderers,AWAY,fouls_suffered,10.5,19,10,0.5263157894736842
2022-23,2023-05-28,Wolverhampton Wanderers,AWAY,fouls_suffered,11.5,19,9,0.47368421052631576
2022-23,2023-05-28,Wolverhampton Wanderers,AWAY,fouls_suffered,12.5,19,6,0.3157894736842105
2022-23,2023-05-28,Wolverhampton Wanderers,AWAY,fouls_suffered,13.5,19,4,0.21052631578947367
2022-23,2023-05-28,Wolverhampton Wanderers,AWAY,fouls_suffered,14.5,19,1,0.05263157894736842
2022-23,2023-05-28,Wolverhampton Wanderers,AWAY,fouls_suffered,15.5,19,1,0.05263157894736842
2022-23,2023-05-28,Wolverhampton Wanderers,AWAY,corners_for,2.5,19,15,0.7894736842105263
2022-23,2023-05-28,Wolverhampton Wanderers,AWAY,corners_for,3.5,19,11,0.5789473684210527
2022-23,2023-05-28,Wolverhampton Wanderers,AWAY,corners_for,4.5,19,9,0.47368421052631576
2022-23,2023-05-28,Wolverhampton Wanderers,AWAY,corners_for,5.5,19,7,0.3684210526315789
2022-23,2023-05-28,Wolverhampton Wanderers,AWAY,corners_for,6.5,19,4,0.21052631578947367
2022-23,2023-05-28,Wolverhampton Wanderers,AWAY,corners_for,7.5,19,1,0.05263157894736842
2022-23,2023-05-28,Wolverhampton Wanderers,AWAY,corners_against,2.5,19,14,0.7368421052631579
2022-23,2023-05-28,Wolverhampton Wanderers,AWAY,corners_against,3.5,19,13,0.6842105263157895
2022-23,2023-05-28,Wolverhampton Wanderers,AWAY,corners_against,4.5,19,9,0.47368421052631576
2022-23,2023-05-28,Wolverhampton Wanderers,AWAY,corners_against,5.5,19,6,0.3157894736842105
2022-23,2023-05-28,Wolverhampton Wanderers,AWAY,corners_against,6.5,19,5,0.2631578947368421
2022-23,2023-05-28,Wolverhampton Wanderers,AWAY,corners_against,7.5,19,4,0.21052631578947367
2022-23,2023-05-28,Wolverhampton Wanderers,AWAY,yellow_cards,0.5,19,15,0.7894736842105263
2022-23,2023-05-28,Wolverhampton Wanderers,AWAY,yellow_cards,1.5,19,12,0.631578947368421
2022-23,2023-05-28,Wolverhampton Wanderers,AWAY,yellow_cards,2.5,19,6,0.3157894736842105
2022-23,2023-05-28,Wolverhampton Wanderers,AWAY,yellow_cards,3.5,19,2,0.10526315789473684
2022-23,2023-05-28,Wolverhampton Wanderers,AWAY,yellow_cards,4.5,19,2,0.10526315789473684
2023-24,2024-05-19,Arsenal,ALL,fouls_committed,8.5,38,25,0.6578947368421053
2023-24,2024-05-19,Arsenal,ALL,fouls_committed,9.5,38,21,0.5526315789473685
2023-24,2024-05-19,Arsenal,ALL,fouls_committed,10.5,38,16,0.42105263157894735
2023-24,2024-05-19,Arsenal,ALL,fouls_committed,11.5,38,12,0.3157894736842105
2023-24,2024-05-19,Arsenal,ALL,fouls_committed,12.5,38,7,0.18421052631578946
2023-24,2024-05-19,Arsenal,ALL,fouls_committed,13.5,38,6,0.15789473684210525
2023-24,2024-05-19,Arsenal,ALL,fouls_committed,14.5,38,4,0.10526315789473684
2023-24,2024-05-19,Arsenal,ALL,fouls_committed,15.5,38,3,0.07894736842105263
2023-24,2024-05-19,Arsenal,ALL,fouls_suffered,8.5,38,28,0.7368421052631579
2023-24,2024-05-19,Arsenal,ALL,fouls_suffered,9.5,38,24,0.631578947368421
2023-24,2024-05-19,Arsenal,ALL,fouls_suffered,10.5,38,22,0.5789473684210527
2023-24,2024-05-19,Arsenal,ALL,fouls_suffered,11.5,38,15,0.39473684210526316
2023-24,2024-05-19,Arsenal,ALL,fouls_suffered,12.5,38,10,0.2631578947368421
2023-24,2024-05-19,Arsenal,ALL,fouls_suffered,13.5,38,8,0.21052631578947367
2023-24,2024-05-19,Arsenal,ALL,fouls_suffered,14.5,38,3,0.07894736842105263
2023-24,2024-05-19,Arsenal,ALL,fouls_suffered,15.5,38,3,0.07894736842105263
2023-24,2024-05-19,Arsenal,ALL,corners_for,2.5,38,36,0.9473684210526315
2023-24,2024-05-19,Arsenal,ALL,corners_for,3.5,38,33,0.868421052631579
2023-24,2024-05-19,Arsenal,ALL,corners_for,4.5,38,28,0.7368421052631579
2023-24,2024-05-19,Arsenal,ALL,corners_for,5.5,38,26,0.6842105263157895
2023-24,2024-05-19,Arsenal,ALL,corners_for,6.5,38,19,0.5
2023-24,2024-05-19,Arsenal,ALL,corners_for,7.5,38,15,0.39473684210526316
2023-24,2024-05-19,Arsenal,ALL,corners_against,2.5,38,21,0.5526315789473685
2023-24,2024-05-19,Arsenal,ALL,corners_against,3.5,38,14,0.3684210526315789
2023-24,2024-05-19,Arsenal,ALL,corners_against,4.5,38,7,0.18421052631578946
2023-24,2024-05-19,Arsenal,ALL,corners_against,5.5,38,6,0.15789473684210525
2023-24,2024-05-19,Arsenal,ALL,corners_against,6.5,38,4,0.10526315789473684
2023-24,2024-05-19,Arsenal,ALL,corners_against,7.5,38,2,0.05263157894736842
2023-24,2024-05-19,Arsenal,ALL,yellow_cards,0.5,38,32,0.8421052631578947
2023-24,2024-05-19,Arsenal,ALL,yellow_cards,1.5,38,18,0.47368421052631576
2023-24,2024-05-19,Arsenal,ALL,yellow_cards,2.5,38,6,0.15789473684210525
2023-24,2024-05-19,Arsenal,ALL,yellow_cards,3.5,38,3,0.07894736842105263
2023-24,2024-05-19,Arsenal,ALL,yellow_cards,4.5,38,2,0.05263157894736842
2023-24,2024-05-19,Arsenal,HOME,fouls_committed,8.5,19,12,0.631578947368421
2023-24,2024-05-19,Arsenal,HOME,fouls_committed,9.5,19,10,0.5263157894736842
2023-24,2024-05-19,Arsenal,HOME,fouls_committed,10.5,19,9,0.47368421052631576
2023-24,2024-05-19,Arsenal,HOME,fouls_committed,11.5,19,7,0.3684210526315789
2023-24,2024-05-19,Arsenal,HOME,fouls_committed,12.5,19,2,0.10526315789473684
2023-24,2024-05-19,Arsenal,HOME,fouls_committed,13.5,19,2,0.10526315789473684
2023-24,2024-05-19,Arsenal,HOME,fouls_committed,14.5,19,2,0.10526315789473684
2023-24,2024-05-19,Arsenal,HOME,fouls_committed,15.5,19,1,0.05263157894736842
2023-24,2024-05-19,Arsenal,HOME,fouls_suffered,8.5,19,12,0.631578947368421
2023-24,2024-05-19,Arsenal,HOME,fouls_suffered,9.5,19,10,0.5263157894736842
2023-24,2024-05-19,Arsenal,HOME,fouls_suffered,10.5,19,8,0.42105263157894735
2023-24,2024-05-19,Arsenal,HOME,fouls_suffered,11.5,19,5,0.2631578947368421
2023-24,2024-05-19,Arsenal,HOME,fouls_suffered,12.5,19,2,0.10526315789473684
2023-24,2024-05-19,Arsenal,HOME,fouls_suffered,13.5,19,1,0.05263157894736842
2023-24,2024-05-19,Arsenal,HOME,fouls_suffered,14.5,19,1,0.05263157894736842
2023-24,2024-05-19,Arsenal,HOME,fouls_suffered,15.5,19,1,0.05263157894736842
2023-24,2024-05-19,Arsenal,HOME,corners_for,2.5,19,18,0.9473684210526315
2023-24,2024-05-19,Arsenal,HOME,corners_for,3.5,19,16,0.8421052631578947
2023-24,2024-05-19,Arsenal,HOME,corners_for,4.5,19,13,0.6842105263157895
2023-24,2024-05-19,Arsenal,HOME,corners_for,5.5,19,12,0.631578947368421
2023-24,2024-05-19,Arsenal,HOME,corners_for,6.5,19,9,0.47368421052631576
2023-24,2024-05-19,Arsenal,HOME,corners_for,7.5,19,9,0.47368421052631576
2023-24,2024-05-19,Arsenal,HOME,corners_against,2.5,19,11,0.5789473684210527
2023-24,2024-05-19,Arsenal,HOME,corners_against,3.5,19,6,0.3157894736842105
2023-24,2024-05-19,Arsenal,HOME,corners_against,4.5,19,2,0.10526315789473684
2023-24,2024-05-19,Arsenal,HOME,corners_against,5.5,19,2,0.10526315789473684
2023-24,2024-05-19,Arsenal,HOME,corners_against,6.5,19,1,0.05263157894736842
2023-24,2024-05-19,Arsenal,HOME,corners_against,7.5,19,0,0.0
2023-24,2024-05-19,Arsenal,HOME,yellow_cards,0.5,19,15,0.7894736842105263
2023-24,2024-05-19,Arsenal,HOME,yellow_cards,1.5,19,11,0.5789473684210527
2023-24,2024-05-19,Arsenal,HOME,yellow_cards,2.5,19,4,0.21052631578947367
2023-24,2024-05-19,Arsenal,HOME,yellow_cards,3.5,19,2,0.10526315789473684
2023-24,2024-05-19,Arsenal,HOME,yellow_cards,4.5,19,1,0.05263157894736842
2023-24,2024-05-19,Arsenal,AWAY,fouls_committed,8.5,19,13,0.6842105263157895
2023-24,2024-05-19,Arsenal,AWAY,fouls_committed,9.5,19,11,0.5789473684210527
2023-24,2024-05-19,Arsenal,AWAY,fouls_committed,10.5,19,7,0.3684210526315789
2023-24,2024-05-19,Arsenal,AWAY,fouls_committed,11.5,19,5,0.2631578947368421
2023-24,2024-05-19,Arsenal,AWAY,fouls_committed,12.5,19,5,0.2631578947368421
2023-24,2024-05-19,Arsenal,AWAY,fouls_committed,13.5,19,4,0.21052631578947367
2023-24,2024-05-19,Arsenal,AWAY,fouls_committed,14.5,19,2,0.10526315789473684
2023-24,2024-05-19,Arsenal,AWAY,fouls_committed,15.5,19,2,0.10526315789473684
2023-24,2024-05-19,Arsenal,AWAY,fouls_suffered,8.5,19,16,0.8421052631578947
2023-24,2024-05-19,Arsenal,AWAY,fouls_suffered,9.5,19,14,0.7368421052631579
2023-24,2024-05-19,Arsenal,AWAY,fouls_suffered,10.5,19,14,0.7368421052631579
2023-24,2024-05-19,Arsenal,AWAY,fouls_suffered,11.5,19,10,0.5263157894736842
2023-24,2024-05-19,Arsenal,AWAY,fouls_suffered,12.5,19,8,0.42105263157894735
2023-24,2024-05-19,Arsenal,AWAY,fouls_suffered,13.5,19,7,0.3684210526315789
2023-24,2024-05-19,Arsenal,AWAY,fouls_suffered,14.5,19,2,0.10526315789473684
2023-24,2024-05-19,Arsenal,AWAY,fouls_suffered,15.5,19,2,0.10526315789473684
2023-24,2024-05-19,Arsenal,AWAY,corners_for,2.5,19,18,0.9473684210526315
2023-24,2024-05-19,Arsenal,AWAY,corners_for,3.5,19,17,0.8947368421052632
2023-24,2024-05-19,Arsenal,AWAY,corners_for,4.5,19,15,0.7894736842105263
2023-24,2024-05-19,Arsenal,AWAY,corners_for,5.5,19,14,0.7368421052631579
2023-24,2024-05-19,Arsenal,AWAY,corners_for,6.5,19,10,0.5263157894736842
2023-24,2024-05-19,Arsenal,AWAY,corners_for,7.5,19,6,0.3157894736842105
2023-24,2024-05-19,Arsenal,AWAY,corners_against,2.5,19,10,0.5263157894736842
2023-24,2024-05-19,Arsenal,AWAY,corners_against,3.5,19,8,0.42105263157894735
2023-24,2024-05-19,Arsenal,AWAY,corners_against,4.5,19,5,0.2631578947368421
2023-24,2024-05-19,Arsenal,AWAY,corners_against,5.5,19,4,0.21052631578947367
2023-24,2024-05-19,Arsenal,AWAY,corners_against,6.5,19,3,0.15789473684210525
2023-24,2024-05-19,Arsenal,AWAY,corners_against,7.5,19,2,0.10526315789473684
2023-24,2024-05-19,Arsenal,AWAY,yellow_cards,0.5,19,17,0.8947368421052632
2023-24,2024-05-19,Arsenal,AWAY,yellow_cards,1.5,19,7,0.3684210526315789
2023-24,2024-05-19,Arsenal,AWAY,yellow_cards,2.5,19,2,0.10526315789473684
2023-24,2024-05-19,Arsenal,AWAY,yellow_cards,3.5,19,1,0.05263157894736842
2023-24,2024-05-19,Arsenal,AWAY,yellow_cards,4.5,19,1,0.05263157894736842
2023-24,2024-05-19,Aston Villa,ALL,fouls_committed,8.5,38,28,0.7368421052631579
2023-24,2024-05-19,Aston Villa,ALL,fouls_committed,9.5,38,23,0.6052631578947368
2023-24,2024-05-19,Aston Villa,ALL,fouls_committed,10.5,38,21,0.5526315789473685
2023-24,2024-05-19,Aston Villa,ALL,fouls_committed,11.5,38,14,0.3684210526315789
2023-24,2024-05-19,Aston Villa,ALL,fouls_committed,12.5,38,12,0.3157894736842105
2023-24,2024-05-19,Aston Villa,ALL,fouls_committed,13.5,38,7,0.18421052631578946
2023-24,2024-05-19,Aston Villa,ALL,fouls_committed,14.5,38,5,0.13157894736842105
2023-24,2024-05-19,Aston Villa,ALL,fouls_committed,15.5,38,4,0.10526315789473684
2023-24,2024-05-19,Aston Villa,ALL,fouls_suffered,8.5,38,34,0.8947368421052632
2023-24,2024-05-19,Aston Villa,ALL,fouls_suffered,9.5,38,32,0.8421052631578947
2023-24,2024-05-19,Aston Villa,ALL,fouls_suffered,10.5,38,28,0.7368421052631579
2023-24,2024-05-19,Aston Villa,ALL,fouls_suffered,11.5,38,24,0.631578947368421
2023-24,2024-05-19,Aston Villa,ALL,fouls_suffered,12.5,38,18,0.47368421052631576
2023-24,2024-05-19,Aston Villa,ALL,fouls_suffered,13.5,38,14,0.3684210526315789
2023-24,2024-05-19,Aston Villa,ALL,fouls_suffered,14.5,38,11,0.2894736842105263
2023-24,2024-05-19,Aston Villa,ALL,fouls_suffered,15.5,38,8,0.21052631578947367
2023-24,2024-05-19,Aston Villa,ALL,corners_for,2.5,38,35,0.9210526315789473
2023-24,2024-05-19,Aston Villa,ALL,corners_for,3.5,38,30,0.7894736842105263
2023-24,2024-05-19,Aston Villa,ALL,corners_for,4.5,38,26,0.6842105263157895
2023-24,2024-05-19,Aston Villa,ALL,corners_for,5.5,38,22,0.5789473684210527
2023-24,2024-05-19,Aston Villa,ALL,corners_for,6.5,38,14,0.3684210526315789
2023-24,2024-05-19,Aston Villa,ALL,corners_for,7.5,38,11,0.2894736842105263
2023-24,2024-05-19,Aston Villa,ALL,corners_against,2.5,38,28,0.7368421052631579
2023-24,2024-05-19,Aston Villa,ALL,corners_against,3.5,38,23,0.6052631578947368
2023-24,2024-05-19,Aston Villa,ALL,corners_against,4.5,38,13,0.34210526315789475
2023-24,2024-05-19,Aston Villa,ALL,corners_against,5.5,38,12,0.3157894736842105
2023-24,2024-05-19,Aston Villa,ALL,corners_against,6.5,38,10,0.2631578947368421
2023-24,2024-05-19,Aston Villa,ALL,corners_against,7.5,38,3,0.07894736842105263
2023-24,2024-05-19,Aston Villa,ALL,yellow_cards,0.5,38,34,0.8947368421052632
2023-24,2024-05-19,Aston Villa,ALL,yellow_cards,1.5,38,27,0.7105263157894737
2023-24,2024-05-19,Aston Villa,ALL,yellow_cards,2.5,38,21,0.5526315789473685
2023-24,2024-05-19,Aston Villa,ALL,yellow_cards,3.5,38,11,0.2894736842105263
2023-24,2024-05-19,Aston Villa,ALL,yellow_cards,4.5,38,1,0.02631578947368421
2023-24,2024-05-19,Aston Villa,HOME,fouls_committed,8.5,19,15,0.7894736842105263
2023-24,2024-05-19,Aston Villa,HOME,fouls_committed,9.5,19,12,0.631578947368421
2023-24,2024-05-19,Aston Villa,HOME,fouls_committed,10.5,19,12,0.631578947368421
2023-24,2024-05-19,Aston Villa,HOME,fouls_committed,11.5,19,7,0.3684210526315789
2023-24,2024-05-19,Aston Villa,HOME,fouls_committed,12.5,19,7,0.3684210526315789
2023-24,2024-05-19,Aston Villa,HOME,fouls_committed,13.5,19,4,0.21052631578947367
2023-24,2024-05-19,Aston Villa,HOME,fouls_committed,14.5,19,3,0.15789473684210525
2023-24,2024-05-19,Aston Villa,HOME,fouls_committed,15.5,19,2,0.10526315789473684
2023-24,2024-05-19,Aston Villa,HOME,fouls_suffered,8.5,19,18,0.9473684210526315
2023-24,2024-05-19,Aston Villa,HOME,fouls_suffered,9.5,19,17,0.8947368421052632
2023-24,2024-05-19,Aston Villa,HOME,fouls_suffered,10.5,19,16,0.8421052631578947
2023-24,2024-05-19,Aston Villa,HOME,fouls_suffered,11.5,19,14,0.7368421052631579
2023-24,2024-05-19,Aston Villa,HOME,fouls_suffered,12.5,19,12,0.631578947368421
2023-24,2024-05-19,Aston Villa,HOME,fouls_suffered,13.5,19,11,0.5789473684210527
2023-24,2024-05-19,Aston Villa,HOME,fouls_suffered,14.5,19,8,0.42105263157894735
2023-24,2024-05-19,Aston Villa,HOME,fouls_suffered,15.5,19,5,0.2631578947368421
2023-24,2024-05-19,Aston Villa,HOME,corners_for,2.5,19,16,0.8421052631578947
2023-24,2024-05-19,Aston Villa,HOME,corners_for,3.5,19,15,0.7894736842105263
2023-24,2024-05-19,Aston Villa,HOME,corners_for,4.5,19,14,0.7368421052631579
2023-24,2024-05-19,Aston Villa,HOME,corners_for,5.5,19,12,0.631578947368421
2023-24,2024-05-19,Aston Villa,HOME,corners_for,6.5,19,8,0.42105263157894735
2023-24,2024-05-19,Aston Villa,HOME,corners_for,7.5,19,6,0.3157894736842105
2023-24,2024-05-19,Aston Villa,HOME,corners_against,2.5,19,13,0.6842105263157895
2023-24,2024-05-19,Aston Villa,HOME,corners_against,3.5,19,10,0.5263157894736842
2023-24,2024-05-19,Aston Villa,HOME,corners_against,4.5,19,4,0.21052631578947367
2023-24,2024-05-19,Aston Villa,HOME,corners_against,5.5,19,4,0.21052631578947367
2023-24,2024-05-19,Aston Villa,HOME,corners_against,6.5,19,3,0.15789473684210525
2023-24,2024-05-19,Aston Villa,HOME,corners_against,7.5,19,1,0.05263157894736842
2023-24,2024-05-19,Aston Villa,HOME,yellow_cards,0.5,19,17,0.8947368421052632
2023-24,2024-05-19,Aston Villa,HOME,yellow_cards,1.5,19,14,0.7368421052631579
2023-24,2024-05-19,Aston Villa,HOME,yellow_cards,2.5,19,11,0.5789473684210527
2023-24,2024-05-19,Aston Villa,HOME,yellow_cards,3.5,19,5,0.2631578947368421
2023-24,2024-05-19,Aston Villa,HOME,yellow_cards,4.5,19,1,0.05263157894736842
2023-24,2024-05-19,Aston Villa,AWAY,fouls_committed,8.5,19,13,0.6842105263157895
2023-24,2024-05-19,Aston Villa,AWAY,fouls_committed,9.5,19,11,0.5789473684210527
2023-24,2024-05-19,Aston Villa,AWAY,fouls_committed,10.5,19,9,0.47368421052631576
2023-24,2024-05-19,Aston Villa,AWAY,fouls_committed,11.5,19,7,0.3684210526315789
2023-24,2024-05-19,Aston Villa,AWAY,fouls_committed,12.5,19,5,0.2631578947368421
2023-24,2024-05-19,Aston Villa,AWAY,fouls_committed,13.5,19,3,0.15789473684210525
2023-24,2024-05-19,Aston Villa,AWAY,fouls_committed,14.5,19,2,0.10526315789473684
2023-24,2024-05-19,Aston Villa,AWAY,fouls_committed,15.5,19,2,0.10526315789473684
2023-24,2024-05-19,Aston Villa,AWAY,fouls_suffered,8.5,19,16,0.8421052631578947
2023-24,2024-05-19,Aston Villa,AWAY,fouls_suffered,9.5,19,15,0.7894736842105263
2023-24,2024-05-19,Aston Villa,AWAY,fouls_suffered,10.5,19,12,0.631578947368421
2023-24,2024-05-19,Aston Villa,AWAY,fouls_suffered,11.5,19,10,0.5263157894736842
2023-24,2024-05-19,Aston Villa,AWAY,fouls_suffered,12.5,19,6,0.3157894736842105
2023-24,2024-05-19,Aston Villa,AWAY,fouls_suffered,13.5,19,3,0.15789473684210525
2023-24,2024-05-19,Aston Villa,AWAY,fouls_suffered,14.5,19,3,0.15789473684210525
2023-24,2024-05-19,Aston Villa,AWAY,fouls_suffered,15.5,19,3,0.15789473684210525
2023-24,2024-05-19,Aston Villa,AWAY,corners_for,2.5,19,19,1.0
2023-24,2024-05-19,Aston Villa,AWAY,corners_for,3.5,19,15,0.7894736842105263
2023-24,2024-05-19,Aston Villa,AWAY,corners_for,4.5,19,12,0.631578947368421
2023-24,2024-05-19,Aston Villa,AWAY,corners_for,5.5,19,10,0.5263157894736842
2023-24,2024-05-19,Aston Villa,AWAY,corners_for,6.5,19,6,0.3157894736842105
2023-24,2024-05-19,Aston Villa,AWAY,corners_for,7.5,19,5,0.2631578947368421
2023-24,2024-05-19,Aston Villa,AWAY,corners_against,2.5,19,15,0.7894736842105263
2023-24,2024-05-19,Aston Villa,AWAY,corners_against,3.5,19,13,0.6842105263157895
2023-24,2024-05-19,Aston Villa,AWAY,corners_against,4.5,19,9,0.47368421052631576
2023-24,2024-05-19,Aston Villa,AWAY,corners_against,5.5,19,8,0.42105263157894735
2023-24,2024-05-19,Aston Villa,AWAY,corners_against,6.5,19,7,0.3684210526315789
2023-24,2024-05-19,Aston Villa,AWAY,corners_against,7.5,19,2,0.10526315789473684
2023-24,2024-05-19,Aston Villa,AWAY,yellow_cards,0.5,19,17,0.8947368421052632
2023-24,2024-05-19,Aston Villa,AWAY,yellow_cards,1.5,19,13,0.6842105263157895
2023-24,2024-05-19,Aston Villa,AWAY,yellow_cards,2.5,19,10,0.5263157894736842
2023-24,2024-05-19,Aston Villa,AWAY,yellow_cards,3.5,19,6,0.3157894736842105
2023-24,2024-05-19,Aston Villa,AWAY,yellow_cards,4.5,19,0,0.0
2023-24,2024-05-19,Bournemouth,ALL,fouls_committed,8.5,38,37,0.9736842105263158
2023-24,2024-05-19,Bournemouth,ALL,fouls_committed,9.5,38,32,0.8421052631578947
2023-24,2024-05-19,Bournemouth,ALL,fouls_committed,10.5,38,28,0.7368421052631579
2023-24,2024-05-19,Bournemouth,ALL,fouls_committed,11.5,38,25,0.6578947368421053
2023-24,2024-05-19,Bournemouth,ALL,fouls_committed,12.5,38,23,0.6052631578947368
2023-24,2024-05-19,Bournemouth,ALL,fouls_committed,13.5,38,18,0.47368421052631576
2023-24,2024-05-19,Bournemouth,ALL,fouls_committed,14.5,38,13,0.34210526315789475
2023-24,2024-05-19,Bournemouth,ALL,fouls_committed,15.5,38,10,0.2631578947368421
2023-24,2024-05-19,Bournemouth,ALL,fouls_suffered,8.5,38,28,0.7368421052631579
2023-24,2024-05-19,Bournemouth,ALL,fouls_suffered,9.5,38,26,0.6842105263157895
2023-24,2024-05-19,Bournemouth,ALL,fouls_suffered,10.5,38,19,0.5
2023-24,2024-05-19,Bournemouth,ALL,fouls_suffered,11.5,38,13,0.34210526315789475
2023-24,2024-05-19,Bournemouth,ALL,fouls_suffered,12.5,38,7,0.18421052631578946
2023-24,2024-05-19,Bournemouth,ALL,fouls_suffered,13.5,38,6,0.15789473684210525
2023-24,2024-05-19,Bournemouth,ALL,fouls_suffered,14.5,38,2,0.05263157894736842
2023-24,2024-05-19,Bournemouth,ALL,fouls_suffered,15.5,38,2,0.05263157894736842
2023-24,2024-05-19,Bournemouth,ALL,corners_for,2.5,38,30,0.7894736842105263
2023-24,2024-05-19,Bournemouth,ALL,corners_for,3.5,38,27,0.7105263157894737
2023-24,2024-05-19,Bournemouth,ALL,corners_for,4.5,38,24,0.631578947368421
2023-24,2024-05-19,Bournemouth,ALL,corners_for,5.5,38,22,0.5789473684210527
2023-24,2024-05-19,Bournemouth,ALL,corners_for,6.5,38,17,0.4473684210526316
2023-24,2024-05-19,Bournemouth,ALL,corners_for,7.5,38,13,0.34210526315789475
2023-24,2024-05-19,Bournemouth,ALL,corners_against,2.5,38,32,0.8421052631578947
2023-24,2024-05-19,Bournemouth,ALL,corners_against,3.5,38,29,0.7631578947368421
2023-24,2024-05-19,Bournemouth,ALL,corners_against,4.5,38,24,0.631578947368421
2023-24,2024-05-19,Bournemouth,ALL,corners_against,5.5,38,19,0.5
2023-24,2024-05-19,Bournemouth,ALL,corners_against,6.5,38,14,0.3684210526315789
2023-24,2024-05-19,Bournemouth,ALL,corners_against,7.5,38,10,0.2631578947368421
2023-24,2024-05-19,Bournemouth,ALL,yellow_cards,0.5,38,35,0.9210526315789473
2023-24,2024-05-19,Bournemouth,ALL,yellow_cards,1.5,38,25,0.6578947368421053
2023-24,2024-05-19,Bournemouth,ALL,yellow_cards,2.5,38,16,0.42105263157894735
2023-24,2024-05-19,Bournemouth,ALL,yellow_cards,3.5,38,3,0.07894736842105263
2023-24,2024-05-19,Bournemouth,ALL,yellow_cards,4.5,38,1,0.02631578947368421
2023-24,2024-05-19,Bournemouth,HOME,fouls_committed,8.5,19,19,1.0
2023-24,2024-05-19,Bournemouth,HOME,fouls_committed,9.5,19,16,0.8421052631578947
2023-24,2024-05-19,Bournemouth,HOME,fouls_committed,10.5,19,14,0.7368421052631579
2023-24,2024-05-19,Bournemouth,HOME,fouls_committed,11.5,19,13,0.6842105263157895
2023-24,2024-05-19,Bournemouth,HOME,fouls_committed,12.5,19,12,0.631578947368421
2023-24,2024-05-19,Bournemouth,HOME,fouls_committed,13.5,19,10,0.5263157894736842
2023-24,2024-05-19,Bournemouth,HOME,fouls_committed,14.5,19,7,0.3684210526315789
2023-24,2024-05-19,Bournemouth,HOME,fouls_committed,15.5,19,5,0.2631578947368421
2023-24,2024-05-19,Bournemouth,HOME,fouls_suffered,8.5,19,17,0.8947368421052632
2023-24,2024-05-19,Bournemouth,HOME,fouls_suffered,9.5,19,17,0.8947368421052632
2023-24,2024-05-19,Bournemouth,HOME,fouls_suffered,10.5,19,13,0.6842105263157895
2023-24,2024-05-19,Bournemouth,HOME,fouls_suffered,11.5,19,9,0.47368421052631576
2023-24,2024-05-19,Bournemouth,HOME,fouls_suffered,12.5,19,4,0.21052631578947367
2023-24,2024-05-19,Bournemouth,HOME,fouls_suffered,13.5,19,4,0.21052631578947367
2023-24,2024-05-19,Bournemouth,HOME,fouls_suffered,14.5,19,1,0.05263157894736842
2023-24,2024-05-19,Bournemouth,HOME,fouls_suffered,15.5,19,1,0.05263157894736842
2023-24,2024-05-19,Bournemouth,HOME,corners_for,2.5,19,18,0.9473684210526315
2023-24,2024-05-19,Bournemouth,HOME,corners_for,3.5,19,15,0.7894736842105263
2023-24,2024-05-19,Bournemouth,HOME,corners_for,4.5,19,15,0.7894736842105263
2023-24,2024-05-19,Bournemouth,HOME,corners_for,5.5,19,15,0.7894736842105263
2023-24,2024-05-19,Bournemouth,HOME,corners_for,6.5,19,11,0.5789473684210527
2023-24,2024-05-19,Bournemouth,HOME,corners_for,7.5,19,9,0.47368421052631576
2023-24,2024-05-19,Bournemouth,HOME,corners_against,2.5,19,15,0.7894736842105263
2023-24,2024-05-19,Bournemouth,HOME,corners_against,3.5,19,13,0.6842105263157895
2023-24,2024-05-19,Bournemouth,HOME,corners_against,4.5,19,12,0.631578947368421
2023-24,2024-05-19,Bournemouth,HOME,corners_against,5.5,19,8,0.42105263157894735
2023-24,2024-05-19,Bournemouth,HOME,corners_against,6.5,19,6,0.3157894736842105
2023-24,2024-05-19,Bournemouth,HOME,corners_against,7.5,19,4,0.21052631578947367
2023-24,2024-05-19,Bournemouth,HOME,yellow_cards,0.5,19,17,0.8947368421052632
2023-24,2024-05-19,Bournemouth,HOME,yellow_cards,1.5,19,11,0.5789473684210527
2023-24,2024-05-19,Bournemouth,HOME,yellow_cards,2.5,19,5,0.2631578947368421
2023-24,2024-05-19,Bournemouth,HOME,yellow_cards,3.5,19,2,0.10526315789473684
2023-24,2024-05-19,Bournemouth,HOME,yellow_cards,4.5,19,1,0.05263157894736842
2023-24,2024-05-19,Bournemouth,AWAY,fouls_committed,8.5,19,18,0.9473684210526315
2023-24,2024-05-19,Bournemouth,AWAY,fouls_committed,9.5,19,16,0.8421052631578947
2023-24,2024-05-19,Bournemouth,AWAY,fouls_committed,10.5,19,14,0.7368421052631579
2023-24,2024-05-19,Bournemouth,AWAY,fouls_committed,11.5,19,12,0.631578947368421
2023-24,2024-05-19,Bournemouth,AWAY,fouls_committed,12.5,19,11,0.5789473684210527
2023-24,2024-05-19,Bournemouth,AWAY,fouls_committed,13.5,19,8,0.42105263157894735
2023-24,2024-05-19,Bournemouth,AWAY,fouls_committed,14.5,19,6,0.3157894736842105
2023-24,2024-05-19,Bournemouth,AWAY,fouls_committed,15.5,19,5,0.2631578947368421
2023-24,2024-05-19,Bournemouth,AWAY,fouls_suffered,8.5,19,11,0.5789473684210527
2023-24,2024-05-19,Bournemouth,AWAY,fouls_suffered,9.5,19,9,0.47368421052631576
2023-24,2024-05-19,Bournemouth,AWAY,fouls_suffered,10.5,19,6,0.3157894736842105
2023-24,2024-05-19,Bournemouth,AWAY,fouls_suffered,11.5,19,4,0.21052631578947367
2023-24,2024-05-19,Bournemouth,AWAY,fouls_suffered,12.5,19,3,0.15789473684210525
2023-24,2024-05-19,Bournemouth,AWAY,fouls_suffered,13.5,19,2,0.10526315789473684
2023-24,2024-05-19,Bournemouth,AWAY,fouls_suffered,14.5,19,1,0.05263157894736842
2023-24,2024-05-19,Bournemouth,AWAY,fouls_suffered,15.5,19,1,0.05263157894736842
2023-24,2024-05-19,Bournemouth,AWAY,corners_for,2.5,19,12,0.631578947368421
2023-24,2024-05-19,Bournemouth,AWAY,corners_for,3.5,19,12,0.631578947368421
2023-24,2024-05-19,Bournemouth,AWAY,corners_for,4.5,19,9,0.47368421052631576
2023-24,2024-05-19,Bournemouth,AWAY,corners_for,5.5,19,7,0.3684210526315789
2023-24,2024-05-19,Bournemouth,AWAY,corners_for,6.5,19,6,0.3157894736842105
2023-24,2024-05-19,Bournemouth,AWAY,corners_for,7.5,19,4,0.21052631578947367
2023-24,2024-05-19,Bournemouth,AWAY,corners_against,2.5,19,17,0.8947368421052632
2023-24,2024-05-19,Bournemouth,AWAY,corners_against,3.5,19,16,0.8421052631578947
2023-24,2024-05-19,Bournemouth,AWAY,corners_against,4.5,19,12,0.631578947368421
2023-24,2024-05-19,Bournemouth,AWAY,corners_against,5.5,19,11,0.5789473684210527
2023-24,2024-05-19,Bournemouth,AWAY,corners_against,6.5,19,8,0.42105263157894735
2023-24,2024-05-19,Bournemouth,AWAY,corners_against,7.5,19,6,0.3157894736842105
2023-24,2024-05-19,Bournemouth,AWAY,yellow_cards,0.5,19,18,0.9473684210526315
2023-24,2024-05-19,Bournemouth,AWAY,yellow_cards,1.5,19,14,0.7368421052631579
2023-24,2024-05-19,Bournemouth,AWAY,yellow_cards,2.5,19,11,0.5789473684210527
2023-24,2024-05-19,Bournemouth,AWAY,yellow_cards,3.5,19,1,0.05263157894736842
2023-24,2024-05-19,Bournemouth,AWAY,yellow_cards,4.5,19,0,0.0
2023-24,2024-05-19,Brentford,ALL,fouls_committed,8.5,38,28,0.7368421052631579
2023-24,2024-05-19,Brentford,ALL,fouls_committed,9.5,38,21,0.5526315789473685
2023-24,2024-05-19,Brentford,ALL,fouls_committed,10.5,38,15,0.39473684210526316
2023-24,2024-05-19,Brentford,ALL,fouls_committed,11.5,38,14,0.3684210526315789
2023-24,2024-05-19,Brentford,ALL,fouls_committed,12.5,38,7,0.18421052631578946
2023-24,2024-05-19,Brentford,ALL,fouls_committed,13.5,38,6,0.15789473684210525
2023-24,2024-05-19,Brentford,ALL,fouls_committed,14.5,38,5,0.13157894736842105
2023-24,2024-05-19,Brentford,ALL,fouls_committed,15.5,38,3,0.07894736842105263
2023-24,2024-05-19,Brentford,ALL,fouls_suffered,8.5,38,30,0.7894736842105263
2023-24,2024-05-19,Brentford,ALL,fouls_suffered,9.5,38,28,0.7368421052631579
2023-24,2024-05-19,Brentford,ALL,fouls_suffered,10.5,38,25,0.6578947368421053
2023-24,2024-05-19,Brentford,ALL,fouls_suffered,11.5,38,22,0.5789473684210527
2023-24,2024-05-19,Brentford,ALL,fouls_suffered,12.5,38,17,0.4473684210526316
2023-24,2024-05-19,Brentford,ALL,fouls_suffered,13.5,38,12,0.3157894736842105
2023-24,2024-05-19,Brentford,ALL,fouls_suffered,14.5,38,5,0.13157894736842105
2023-24,2024-05-19,Brentford,ALL,fouls_suffered,15.5,38,3,0.07894736842105263
2023-24,2024-05-19,Brentford,ALL,corners_for,2.5,38,31,0.8157894736842105
2023-24,2024-05-19,Brentford,ALL,corners_for,3.5,38,24,0.631578947368421
2023-24,2024-05-19,Brentford,ALL,corners_for,4.5,38,18,0.47368421052631576
2023-24,2024-05-19,Brentford,ALL,corners_for,5.5,38,14,0.3684210526315789
2023-24,2024-05-19,Brentford,ALL,corners_for,6.5,38,12,0.3157894736842105
2023-24,2024-05-19,Brentford,ALL,corners_for,7.5,38,8,0.21052631578947367
2023-24,2024-05-19,Brentford,ALL,corners_against,2.5,38,33,0.868421052631579
2023-24,2024-05-19,Brentford,ALL,corners_against,3.5,38,30,0.7894736842105263
2023-24,2024-05-19,Brentford,ALL,corners_against,4.5,38,26,0.6842105263157895
2023-24,2024-05-19,Brentford,ALL,corners_against,5.5,38,20,0.5263157894736842
2023-24,2024-05-19,Brentford,ALL,corners_against,6.5,38,12,0.3157894736842105
2023-24,2024-05-19,Brentford,ALL,corners_against,7.5,38,8,0.21052631578947367
2023-24,2024-05-19,Brentford,ALL,yellow_cards,0.5,38,37,0.9736842105263158
2023-24,2024-05-19,Brentford,ALL,yellow_cards,1.5,38,24,0.631578947368421
2023-24,2024-05-19,Brentford,ALL,yellow_cards,2.5,38,13,0.34210526315789475
2023-24,2024-05-19,Brentford,ALL,yellow_cards,3.5,38,9,0.23684210526315788
2023-24,2024-05-19,Brentford,ALL,yellow_cards,4.5,38,4,0.10526315789473684
2023-24,2024-05-19,Brentford,HOME,fouls_committed,8.5,19,12,0.631578947368421
2023-24,2024-05-19,Brentford,HOME,fouls_committed,9.5,19,8,0.42105263157894735
2023-24,2024-05-19,Brentford,HOME,fouls_committed,10.5,19,5,0.2631578947368421
2023-24,2024-05-19,Brentford,HOME,fouls_committed,11.5,19,5,0.2631578947368421
2023-24,2024-05-19,Brentford,HOME,fouls_committed,12.5,19,3,0.15789473684210525
2023-24,2024-05-19,Brentford,HOME,fouls_committed,13.5,19,3,0.15789473684210525
2023-24,2024-05-19,Brentford,HOME,fouls_committed,14.5,19,2,0.10526315789473684
2023-24,2024-05-19,Brentford,HOME,fouls_committed,15.5,19,1,0.05263157894736842
2023-24,2024-05-19,Brentford,HOME,fouls_suffered,8.5,19,14,0.7368421052631579
2023-24,2024-05-19,Brentford,HOME,fouls_suffered,9.5,19,13,0.6842105263157895
2023-24,2024-05-19,Brentford,HOME,fouls_suffered,10.5,19,13,0.6842105263157895
2023-24,2024-05-19,Brentford,HOME,fouls_suffered,11.5,19,11,0.5789473684210527
2023-24,2024-05-19,Brentford,HOME,fouls_suffered,12.5,19,8,0.42105263157894735
2023-24,2024-05-19,Brentford,HOME,fouls_suffered,13.5,19,6,0.3157894736842105
2023-24,2024-05-19,Brentford,HOME,fouls_suffered,14.5,19,2,0.10526315789473684
2023-24,2024-05-19,Brentford,HOME,fouls_suffered,15.5,19,1,0.05263157894736842
2023-24,2024-05-19,Brentford,HOME,corners_for,2.5,19,14,0.7368421052631579
2023-24,2024-05-19,Brentford,HOME,corners_for,3.5,19,11,0.5789473684210527
2023-24,2024-05-19,Brentford,HOME,corners_for,4.5,19,10,0.5263157894736842
2023-24,2024-05-19,Brentford,HOME,corners_for,5.5,19,8,0.42105263157894735
2023-24,2024-05-19,Brentford,HOME,corners_for,6.5,19,7,0.3684210526315789
2023-24,2024-05-19,Brentford,HOME,corners_for,7.5,19,4,0.21052631578947367
2023-24,2024-05-19,Brentford,HOME,corners_against,2.5,19,16,0.8421052631578947
2023-24,2024-05-19,Brentford,HOME,corners_against,3.5,19,15,0.7894736842105263
2023-24,2024-05-19,Brentford,HOME,corners_against,4.5,19,12,0.631578947368421
2023-24,2024-05-19,Brentford,HOME,corners_against,5.5,19,9,0.47368421052631576
2023-24,2024-05-19,Brentford,HOME,corners_against,6.5,19,3,0.15789473684210525
2023-24,2024-05-19,Brentford,HOME,corners_against,7.5,19,3,0.15789473684210525
2023-24,2024-05-19,Brentford,HOME,yellow_cards,0.5,19,18,0.9473684210526315
2023-24,2024-05-19,Brentford,HOME,yellow_cards,1.5,19,8,0.42105263157894735
2023-24,2024-05-19,Brentford,HOME,yellow_cards,2.5,19,5,0.2631578947368421
2023-24,2024-05-19,Brentford,HOME,yellow_cards,3.5,19,3,0.15789473684210525
2023-24,2024-05-19,Brentford,HOME,yellow_cards,4.5,19,2,0.10526315789473684
2023-24,2024-05-19,Brentford,AWAY,fouls_committed,8.5,19,16,0.8421052631578947
2023-24,2024-05-19,Brentford,AWAY,fouls_committed,9.5,19,13,0.6842105263157895
2023-24,2024-05-19,Brentford,AWAY,fouls_committed,10.5,19,10,0.5263157894736842
2023-24,2024-05-19,Brentford,AWAY,fouls_committed,11.5,19,9,0.47368421052631576
2023-24,2024-05-19,Brentford,AWAY,fouls_committed,12.5,19,4,0.21052631578947367
2023-24,2024-05-19,Brentford,AWAY,fouls_committed,13.5,19,3,0.15789473684210525
2023-24,2024-05-19,Brentford,AWAY,fouls_committed,14.5,19,3,0.15789473684210525
2023-24,2024-05-19,Brentford,AWAY,fouls_committed,15.5,19,2,0.10526315789473684
2023-24,2024-05-19,Brentford,AWAY,fouls_suffered,8.5,19,16,0.8421052631578947
2023-24,2024-05-19,Brentford,AWAY,fouls_suffered,9.5,19,15,0.7894736842105263
2023-24,2024-05-19,Brentford,AWAY,fouls_suffered,10.5,19,12,0.631578947368421
2023-24,2024-05-19,Brentford,AWAY,fouls_suffered,11.5,19,11,0.5789473684210527
2023-24,2024-05-19,Brentford,AWAY,fouls_suffered,12.5,19,9,0.47368421052631576
2023-24,2024-05-19,Brentford,AWAY,fouls_suffered,13.5,19,6,0.3157894736842105
2023-24,2024-05-19,Brentford,AWAY,fouls_suffered,14.5,19,3,0.15789473684210525
2023-24,2024-05-19,Brentford,AWAY,fouls_suffered,15.5,19,2,0.10526315789473684
2023-24,2024-05-19,Brentford,AWAY,corners_for,2.5,19,17,0.8947368421052632
2023-24,2024-05-19,Brentford,AWAY,corners_for,3.5,19,13,0.6842105263157895
2023-24,2024-05-19,Brentford,AWAY,corners_for,4.5,19,8,0.42105263157894735
2023-24,2024-05-19,Brentford,AWAY,corners_for,5.5,19,6,0.3157894736842105
2023-24,2024-05-19,Brentford,AWAY,corners_for,6.5,19,5,0.2631578947368421
2023-24,2024-05-19,Brentford,AWAY,corners_for,7.5,19,4,0.21052631578947367
2023-24,2024-05-19,Brentford,AWAY,corners_against,2.5,19,17,0.8947368421052632
2023-24,2024-05-19,Brentford,AWAY,corners_against,3.5,19,15,0.7894736842105263
2023-24,2024-05-19,Brentford,AWAY,corners_against,4.5,19,14,0.7368421052631579
2023-24,2024-05-19,Brentford,AWAY,corners_against,5.5,19,11,0.5789473684210527
2023-24,2024-05-19,Brentford,AWAY,corners_against,6.5,19,9,0.47368421052631576
2023-24,2024-05-19,Brentford,AWAY,corners_against,7.5,19,5,0.2631578947368421
2023-24,2024-05-19,Brentford,AWAY,yellow_cards,0.5,19,19,1.0
2023-24,2024-05-19,Brentford,AWAY,yellow_cards,1.5,19,16,0.8421052631578947
2023-24,2024-05-19,Brentford,AWAY,yellow_cards,2.5,19,8,0.42105263157894735
2023-24,2024-05-19,Brentford,AWAY,yellow_cards,3.5,19,6,0.3157894736842105
2023-24,2024-05-19,Brentford,AWAY,yellow_cards,4.5,19,2,0.10526315789473684
2023-24,2024-05-19,Brighton & Hove Albion,ALL,fouls_committed,8.5,38,30,0.7894736842105263
2023-24,2024-05-19,Brighton & Hove Albion,ALL,fouls_committed,9.5,38,27,0.7105263157894737
2023-24,2024-05-19,Brighton & Hove Albion,ALL,fouls_committed,10.5,38,20,0.5263157894736842
2023-24,2024-05-19,Brighton & Hove Albion,ALL,fouls_committed,11.5,38,16,0.42105263157894735
2023-24,2024-05-19,Brighton & Hove Albion,ALL,fouls_committed,12.5,38,11,0.2894736842105263
2023-24,2024-05-19,Brighton & Hove Albion,ALL,fouls_committed,13.5,38,7,0.18421052631578946
2023-24,2024-05-19,Brighton & Hove Albion,ALL,fouls_committed,14.5,38,3,0.07894736842105263
2023-24,2024-05-19,Brighton & Hove Albion,ALL,fouls_committed,15.5,38,3,0.07894736842105263
2023-24,2024-05-19,Brighton & Hove Albion,ALL,fouls_suffered,8.5,38,30,0.7894736842105263
2023-24,2024-05-19,Brighton & Hove Albion,ALL,fouls_suffered,9.5,38,25,0.6578947368421053
2023-24,2024-05-19,Brighton & Hove Albion,ALL,fouls_suffered,10.5,38,24,0.631578947368421
2023-24,2024-05-19,Brighton & Hove Albion,ALL,fouls_suffered,11.5,38,23,0.6052631578947368
2023-24,2024-05-19,Brighton & Hove Albion,ALL,fouls_suffered,12.5,38,20,0.5263157894736842
2023-24,2024-05-19,Brighton & Hove Albion,ALL,fouls_suffered,13.5,38,17,0.4473684210526316
2023-24,2024-05-19,Brighton & Hove Albion,ALL,fouls_suffered,14.5,38,10,0.2631578947368421
2023-24,2024-05-19,Brighton & Hove Albion,ALL,fouls_suffered,15.5,38,9,0.23684210526315788
2023-24,2024-05-19,Brighton & Hove Albion,ALL,corners_for,2.5,38,32,0.8421052631578947
2023-24,2024-05-19,Brighton & Hove Albion,ALL,corners_for,3.5,38,28,0.7368421052631579
2023-24,2024-05-19,Brighton & Hove Albion,ALL,corners_for,4.5,38,21,0.5526315789473685
2023-24,2024-05-19,Brighton & Hove Albion,ALL,corners_for,5.5,38,18,0.47368421052631576
2023-24,2024-05-19,Brighton & Hove Albion,ALL,corners_for,6.5,38,13,0.34210526315789475
2023-24,2024-05-19,Brighton & Hove Albion,ALL,corners_for,7.5,38,8,0.21052631578947367
2023-24,2024-05-19,Brighton & Hove Albion,ALL,corners_against,2.5,38,29,0.7631578947368421
2023-24,2024-05-19,Brighton & Hove Albion,ALL,corners_against,3.5,38,20,0.5263157894736842
2023-24,2024-05-19,Brighton & Hove Albion,ALL,corners_against,4.5,38,16,0.42105263157894735
2023-24,2024-05-19,Brighton & Hove Albion,ALL,corners_against,5.5,38,12,0.3157894736842105
2023-24,2024-05-19,Brighton & Hove Albion,ALL,corners_against,6.5,38,9,0.23684210526315788
2023-24,2024-05-19,Brighton & Hove Albion,ALL,corners_against,7.5,38,6,0.15789473684210525
2023-24,2024-05-19,Brighton & Hove Albion,ALL,yellow_cards,0.5,38,35,0.9210526315789473
2023-24,2024-05-19,Brighton & Hove Albion,ALL,yellow_cards,1.5,38,28,0.7368421052631579
2023-24,2024-05-19,Brighton & Hove Albion,ALL,yellow_cards,2.5,38,15,0.39473684210526316
2023-24,2024-05-19,Brighton & Hove Albion,ALL,yellow_cards,3.5,38,8,0.21052631578947367
2023-24,2024-05-19,Brighton & Hove Albion,ALL,yellow_cards,4.5,38,2,0.05263157894736842
2023-24,2024-05-19,Brighton & Hove Albion,HOME,fouls_committed,8.5,19,17,0.8947368421052632
2023-24,2024-05-19,Brighton & Hove Albion,HOME,fouls_committed,9.5,19,16,0.8421052631578947
2023-24,2024-05-19,Brighton & Hove Albion,HOME,fouls_committed,10.5,19,11,0.5789473684210527
2023-24,2024-05-19,Brighton & Hove Albion,HOME,fouls_committed,11.5,19,10,0.5263157894736842
2023-24,2024-05-19,Brighton & Hove Albion,HOME,fouls_committed,12.5,19,7,0.3684210526315789
2023-24,2024-05-19,Brighton & Hove Albion,HOME,fouls_committed,13.5,19,4,0.21052631578947367
2023-24,2024-05-19,Brighton & Hove Albion,HOME,fouls_committed,14.5,19,1,0.05263157894736842
2023-24,2024-05-19,Brighton & Hove Albion,HOME,fouls_committed,15.5,19,1,0.05263157894736842
2023-24,2024-05-19,Brighton & Hove Albion,HOME,fouls_suffered,8.5,19,14,0.7368421052631579
2023-24,2024-05-19,Brighton & Hove Albion,HOME,fouls_suffered,9.5,19,12,0.631578947368421
2023-24,2024-05-19,Brighton & Hove Albion,HOME,fouls_suffered,10.5,19,11,0.5789473684210527
2023-24,2024-05-19,Brighton & Hove Albion,HOME,fouls_suffered,11.5,19,11,0.5789473684210527
2023-24,2024-05-19,Brighton & Hove Albion,HOME,fouls_suffered,12.5,19,10,0.5263157894736842
2023-24,2024-05-19,Brighton & Hove Albion,HOME,fouls_suffered,13.5,19,8,0.42105263157894735
2023-24,2024-05-19,Brighton & Hove Albion,HOME,fouls_suffered,14.5,19,4,0.21052631578947367
2023-24,2024-05-19,Brighton & Hove Albion,HOME,fouls_suffered,15.5,19,4,0.21052631578947367
2023-24,2024-05-19,Brighton & Hove Albion,HOME,corners_for,2.5,19,19,1.0
2023-24,2024-05-19,Brighton & Hove Albion,HOME,corners_for,3.5,19,18,0.9473684210526315
2023-24,2024-05-19,Brighton & Hove Albion,HOME,corners_for,4.5,19,15,0.7894736842105263
2023-24,2024-05-19,Brighton & Hove Albion,HOME,corners_for,5.5,19,14,0.7368421052631579
2023-24,2024-05-19,Brighton & Hove Albion,HOME,corners_for,6.5,19,11,0.5789473684210527
2023-24,2024-05-19,Brighton & Hove Albion,HOME,corners_for,7.5,19,6,0.3157894736842105
2023-24,2024-05-19,Brighton & Hove Albion,HOME,corners_against,2.5,19,15,0.7894736842105263
2023-24,2024-05-19,Brighton & Hove Albion,HOME,corners_against,3.5,19,8,0.42105263157894735
2023-24,2024-05-19,Brighton & Hove Albion,HOME,corners_against,4.5,19,5,0.2631578947368421
2023-24,2024-05-19,Brighton & Hove Albion,HOME,corners_against,5.5,19,4,0.21052631578947367
2023-24,2024-05-19,Brighton & Hove Albion,HOME,corners_against,6.5,19,2,0.10526315789473684
2023-24,2024-05-19,Brighton & Hove Albion,HOME,corners_against,7.5,19,0,0.0
2023-24,2024-05-19,Brighton & Hove Albion,HOME,yellow_cards,0.5,19,17,0.8947368421052632
2023-24,2024-05-19,Brighton & Hove Albion,HOME,yellow_cards,1.5,19,11,0.5789473684210527
2023-24,2024-05-19,Brighton & Hove Albion,HOME,yellow_cards,2.5,19,6,0.3157894736842105
2023-24,2024-05-19,Brighton & Hove Albion,HOME,yellow_cards,3.5,19,2,0.10526315789473684
2023-24,2024-05-19,Brighton & Hove Albion,HOME,yellow_cards,4.5,19,0,0.0
2023-24,2024-05-19,Brighton & Hove Albion,AWAY,fouls_committed,8.5,19,13,0.6842105263157895
2023-24,2024-05-19,Brighton & Hove Albion,AWAY,fouls_committed,9.5,19,11,0.5789473684210527
2023-24,2024-05-19,Brighton & Hove Albion,AWAY,fouls_committed,10.5,19,9,0.47368421052631576
2023-24,2024-05-19,Brighton & Hove Albion,AWAY,fouls_committed,11.5,19,6,0.3157894736842105
2023-24,2024-05-19,Brighton & Hove Albion,AWAY,fouls_committed,12.5,19,4,0.21052631578947367
2023-24,2024-05-19,Brighton & Hove Albion,AWAY,fouls_committed,13.5,19,3,0.15789473684210525
2023-24,2024-05-19,Brighton & Hove Albion,AWAY,fouls_committed,14.5,19,2,0.10526315789473684
2023-24,2024-05-19,Brighton & Hove Albion,AWAY,fouls_committed,15.5,19,2,0.10526315789473684
2023-24,2024-05-19,Brighton & Hove Albion,AWAY,fouls_suffered,8.5,19,16,0.8421052631578947
2023-24,2024-05-19,Brighton & Hove Albion,AWAY,fouls_suffered,9.5,19,13,0.6842105263157895
2023-24,2024-05-19,Brighton & Hove Albion,AWAY,fouls_suffered,10.5,19,13,0.6842105263157895
2023-24,2024-05-19,Brighton & Hove Albion,AWAY,fouls_suffered,11.5,19,12,0.631578947368421
2023-24,2024-05-19,Brighton & Hove Albion,AWAY,fouls_suffered,12.5,19,10,0.5263157894736842
2023-24,2024-05-19,Brighton & Hove Albion,AWAY,fouls_suffered,13.5,19,9,0.47368421052631576
2023-24,2024-05-19,Brighton & Hove Albion,AWAY,fouls_suffered,14.5,19,6,0.3157894736842105
2023-24,2024-05-19,Brighton & Hove Albion,AWAY,fouls_suffered,15.5,19,5,0.2631578947368421
2023-24,2024-05-19,Brighton & Hove Albion,AWAY,corners_for,2.5,19,13,0.6842105263157895
2023-24,2024-05-19,Brighton & Hove Albion,AWAY,corners_for,3.5,19,10,0.5263157894736842
2023-24,2024-05-19,Brighton & Hove Albion,AWAY,corners_for,4.5,19,6,0.3157894736842105
2023-24,2024-05-19,Brighton & Hove Albion,AWAY,corners_for,5.5,19,4,0.21052631578947367
2023-24,2024-05-19,Brighton & Hove Albion,AWAY,corners_for,6.5,19,2,0.10526315789473684
2023-24,2024-05-19,Brighton & Hove Albion,AWAY,corners_for,7.5,19,2,0.10526315789473684
2023-24,2024-05-19,Brighton & Hove Albion,AWAY,corners_against,2.5,19,14,0.7368421052631579
2023-24,2024-05-19,Brighton & Hove Albion,AWAY,corners_against,3.5,19,12,0.631578947368421
2023-24,2024-05-19,Brighton & Hove Albion,AWAY,corners_against,4.5,19,11,0.5789473684210527
2023-24,2024-05-19,Brighton & Hove Albion,AWAY,corners_against,5.5,19,8,0.42105263157894735
2023-24,2024-05-19,Brighton & Hove Albion,AWAY,corners_against,6.5,19,7,0.3684210526315789
2023-24,2024-05-19,Brighton & Hove Albion,AWAY,corners_against,7.5,19,6,0.3157894736842105
2023-24,2024-05-19,Brighton & Hove Albion,AWAY,yellow_cards,0.5,19,18,0.9473684210526315
2023-24,2024-05-19,Brighton & Hove Albion,AWAY,yellow_cards,1.5,19,17,0.8947368421052632
2023-24,2024-05-19,Brighton & Hove Albion,AWAY,yellow_cards,2.5,19,9,0.47368421052631576
2023-24,2024-05-19,Brighton & Hove Albion,AWAY,yellow_cards,3.5,19,6,0.3157894736842105
2023-24,2024-05-19,Brighton & Hove Albion,AWAY,yellow_cards,4.5,19,2,0.10526315789473684
2023-24,2024-05-19,Burnley,ALL,fouls_committed,8.5,38,30,0.7894736842105263
2023-24,2024-05-19,Burnley,ALL,fouls_committed,9.5,38,25,0.6578947368421053
2023-24,2024-05-19,Burnley,ALL,fouls_committed,10.5,38,23,0.6052631578947368
2023-24,2024-05-19,Burnley,ALL,fouls_committed,11.5,38,16,0.42105263157894735
2023-24,2024-05-19,Burnley,ALL,fouls_committed,12.5,38,13,0.34210526315789475
2023-24,2024-05-19,Burnley,ALL,fouls_committed,13.5,38,9,0.23684210526315788
2023-24,2024-05-19,Burnley,ALL,fouls_committed,14.5,38,6,0.15789473684210525
2023-24,2024-05-19,Burnley,ALL,fouls_committed,15.5,38,3,0.07894736842105263
2023-24,2024-05-19,Burnley,ALL,fouls_suffered,8.5,38,22,0.5789473684210527
2023-24,2024-05-19,Burnley,ALL,fouls_suffered,9.5,38,19,0.5
2023-24,2024-05-19,Burnley,ALL,fouls_suffered,10.5,38,16,0.42105263157894735
2023-24,2024-05-19,Burnley,ALL,fouls_suffered,11.5,38,11,0.2894736842105263
2023-24,2024-05-19,Burnley,ALL,fouls_suffered,12.5,38,5,0.13157894736842105
2023-24,2024-05-19,Burnley,ALL,fouls_suffered,13.5,38,4,0.10526315789473684
2023-24,2024-05-19,Burnley,ALL,fouls_suffered,14.5,38,2,0.05263157894736842
2023-24,2024-05-19,Burnley,ALL,fouls_suffered,15.5,38,2,0.05263157894736842
2023-24,2024-05-19,Burnley,ALL,corners_for,2.5,38,33,0.868421052631579
2023-24,2024-05-19,Burnley,ALL,corners_for,3.5,38,27,0.7105263157894737
2023-24,2024-05-19,Burnley,ALL,corners_for,4.5,38,17,0.4473684210526316
2023-24,2024-05-19,Burnley,ALL,corners_for,5.5,38,12,0.3157894736842105
2023-24,2024-05-19,Burnley,ALL,corners_for,6.5,38,8,0.21052631578947367
2023-24,2024-05-19,Burnley,ALL,corners_for,7.5,38,4,0.10526315789473684
2023-24,2024-05-19,Burnley,ALL,corners_against,2.5,38,35,0.9210526315789473
2023-24,2024-05-19,Burnley,ALL,corners_against,3.5,38,31,0.8157894736842105
2023-24,2024-05-19,Burnley,ALL,corners_against,4.5,38,26,0.6842105263157895
2023-24,2024-05-19,Burnley,ALL,corners_against,5.5,38,19,0.5
2023-24,2024-05-19,Burnley,ALL,corners_against,6.5,38,13,0.34210526315789475
2023-24,2024-05-19,Burnley,ALL,corners_against,7.5,38,11,0.2894736842105263
2023-24,2024-05-19,Burnley,ALL,yellow_cards,0.5,38,33,0.868421052631579
2023-24,2024-05-19,Burnley,ALL,yellow_cards,1.5,38,23,0.6052631578947368
2023-24,2024-05-19,Burnley,ALL,yellow_cards,2.5,38,9,0.23684210526315788
2023-24,2024-05-19,Burnley,ALL,yellow_cards,3.5,38,5,0.13157894736842105
2023-24,2024-05-19,Burnley,ALL,yellow_cards,4.5,38,1,0.02631578947368421
2023-24,2024-05-19,Burnley,HOME,fouls_committed,8.5,19,14,0.7368421052631579
2023-24,2024-05-19,Burnley,HOME,fouls_committed,9.5,19,11,0.5789473684210527
2023-24,2024-05-19,Burnley,HOME,fouls_committed,10.5,19,10,0.5263157894736842
2023-24,2024-05-19,Burnley,HOME,fouls_committed,11.5,19,4,0.21052631578947367
2023-24,2024-05-19,Burnley,HOME,fouls_committed,12.5,19,3,0.15789473684210525
2023-24,2024-05-19,Burnley,HOME,fouls_committed,13.5,19,3,0.15789473684210525
2023-24,2024-05-19,Burnley,HOME,fouls_committed,14.5,19,2,0.10526315789473684
2023-24,2024-05-19,Burnley,HOME,fouls_committed,15.5,19,1,0.05263157894736842
2023-24,2024-05-19,Burnley,HOME,fouls_suffered,8.5,19,10,0.5263157894736842
2023-24,2024-05-19,Burnley,HOME,fouls_suffered,9.5,19,9,0.47368421052631576
2023-24,2024-05-19,Burnley,HOME,fouls_suffered,10.5,19,8,0.42105263157894735
2023-24,2024-05-19,Burnley,HOME,fouls_suffered,11.5,19,7,0.3684210526315789
2023-24,2024-05-19,Burnley,HOME,fouls_suffered,12.5,19,2,0.10526315789473684
2023-24,2024-05-19,Burnley,HOME,fouls_suffered,13.5,19,1,0.05263157894736842
2023-24,2024-05-19,Burnley,HOME,fouls_suffered,14.5,19,1,0.05263157894736842
2023-24,2024-05-19,Burnley,HOME,fouls_suffered,15.5,19,1,0.05263157894736842
2023-24,2024-05-19,Burnley,HOME,corners_for,2.5,19,17,0.8947368421052632
2023-24,2024-05-19,Burnley,HOME,corners_for,3.5,19,17,0.8947368421052632
2023-24,2024-05-19,Burnley,HOME,corners_for,4.5,19,10,0.5263157894736842
2023-24,2024-05-19,Burnley,HOME,corners_for,5.5,19,9,0.47368421052631576
2023-24,2024-05-19,Burnley,HOME,corners_for,6.5,19,7,0.3684210526315789
2023-24,2024-05-19,Burnley,HOME,corners_for,7.5,19,3,0.15789473684210525
2023-24,2024-05-19,Burnley,HOME,corners_against,2.5,19,16,0.8421052631578947
2023-24,2024-05-19,Burnley,HOME,corners_against,3.5,19,14,0.7368421052631579
2023-24,2024-05-19,Burnley,HOME,corners_against,4.5,19,10,0.5263157894736842
2023-24,2024-05-19,Burnley,HOME,corners_against,5.5,19,6,0.3157894736842105
2023-24,2024-05-19,Burnley,HOME,corners_against,6.5,19,3,0.15789473684210525
2023-24,2024-05-19,Burnley,HOME,corners_against,7.5,19,3,0.15789473684210525
2023-24,2024-05-19,Burnley,HOME,yellow_cards,0.5,19,15,0.7894736842105263
2023-24,2024-05-19,Burnley,HOME,yellow_cards,1.5,19,10,0.5263157894736842
2023-24,2024-05-19,Burnley,HOME,yellow_cards,2.5,19,1,0.05263157894736842
2023-24,2024-05-19,Burnley,HOME,yellow_cards,3.5,19,1,0.05263157894736842
2023-24,2024-05-19,Burnley,HOME,yellow_cards,4.5,19,0,0.0
2023-24,2024-05-19,Burnley,AWAY,fouls_committed,8.5,19,16,0.8421052631578947
2023-24,2024-05-19,Burnley,AWAY,fouls_committed,9.5,19,14,0.7368421052631579
2023-24,2024-05-19,Burnley,AWAY,fouls_committed,10.5,19,13,0.6842105263157895
2023-24,2024-05-19,Burnley,AWAY,fouls_committed,11.5,19,12,0.631578947368421
2023-24,2024-05-19,Burnley,AWAY,fouls_committed,12.5,19,10,0.5263157894736842
2023-24,2024-05-19,Burnley,AWAY,fouls_committed,13.5,19,6,0.3157894736842105
2023-24,2024-05-19,Burnley,AWAY,fouls_committed,14.5,19,4,0.21052631578947367
2023-24,2024-05-19,Burnley,AWAY,fouls_committed,15.5,19,2,0.10526315789473684
2023-24,2024-05-19,Burnley,AWAY,fouls_suffered,8.5,19,12,0.631578947368421
2023-24,2024-05-19,Burnley,AWAY,fouls_suffered,9.5,19,10,0.5263157894736842
2023-24,2024-05-19,Burnley,AWAY,fouls_suffered,10.5,19,8,0.42105263157894735
2023-24,2024-05-19,Burnley,AWAY,fouls_suffered,11.5,19,4,0.21052631578947367
2023-24,2024-05-19,Burnley,AWAY,fouls_suffered,12.5,19,3,0.15789473684210525
2023-24,2024-05-19,Burnley,AWAY,fouls_suffered,13.5,19,3,0.15789473684210525
2023-24,2024-05-19,Burnley,AWAY,fouls_suffered,14.5,19,1,0.05263157894736842
2023-24,2024-05-19,Burnley,AWAY,fouls_suffered,15.5,19,1,0.05263157894736842
2023-24,2024-05-19,Burnley,AWAY,corners_for,2.5,19,16,0.8421052631578947
2023-24,2024-05-19,Burnley,AWAY,corners_for,3.5,19,10,0.5263157894736842
2023-24,2024-05-19,Burnley,AWAY,corners_for,4.5,19,7,0.3684210526315789
2023-24,2024-05-19,Burnley,AWAY,corners_for,5.5,19,3,0.15789473684210525
2023-24,2024-05-19,Burnley,AWAY,corners_for,6.5,19,1,0.05263157894736842
2023-24,2024-05-19,Burnley,AWAY,corners_for,7.5,19,1,0.05263157894736842
2023-24,2024-05-19,Burnley,AWAY,corners_against,2.5,19,19,1.0
2023-24,2024-05-19,Burnley,AWAY,corners_against,3.5,19,17,0.8947368421052632
2023-24,2024-05-19,Burnley,AWAY,corners_against,4.5,19,16,0.8421052631578947
2023-24,2024-05-19,Burnley,AWAY,corners_against,5.5,19,13,0.6842105263157895
2023-24,2024-05-19,Burnley,AWAY,corners_against,6.5,19,10,0.5263157894736842
2023-24,2024-05-19,Burnley,AWAY,corners_against,7.5,19,8,0.42105263157894735
2023-24,2024-05-19,Burnley,AWAY,yellow_cards,0.5,19,18,0.9473684210526315
2023-24,2024-05-19,Burnley,AWAY,yellow_cards,1.5,19,13,0.6842105263157895
2023-24,2024-05-19,Burnley,AWAY,yellow_cards,2.5,19,8,0.42105263157894735
2023-24,2024-05-19,Burnley,AWAY,yellow_cards,3.5,19,4,0.21052631578947367
2023-24,2024-05-19,Burnley,AWAY,yellow_cards,4.5,19,1,0.05263157894736842
2023-24,2024-05-19,Chelsea,ALL,fouls_committed,8.5,38,30,0.7894736842105263
2023-24,2024-05-19,Chelsea,ALL,fouls_committed,9.5,38,25,0.6578947368421053
2023-24,2024-05-19,Chelsea,ALL,fouls_committed,10.5,38,23,0.6052631578947368
2023-24,2024-05-19,Chelsea,ALL,fouls_committed,11.5,38,22,0.5789473684210527
2023-24,2024-05-19,Chelsea,ALL,fouls_committed,12.5,38,12,0.3157894736842105
2023-24,2024-05-19,Chelsea,ALL,fouls_committed,13.5,38,10,0.2631578947368421
2023-24,2024-05-19,Chelsea,ALL,fouls_committed,14.5,38,8,0.21052631578947367
2023-24,2024-05-19,Chelsea,ALL,fouls_committed,15.5,38,6,0.15789473684210525
2023-24,2024-05-19,Chelsea,ALL,fouls_suffered,8.5,38,34,0.8947368421052632
2023-24,2024-05-19,Chelsea,ALL,fouls_suffered,9.5,38,31,0.8157894736842105
2023-24,2024-05-19,Chelsea,ALL,fouls_suffered,10.5,38,29,0.7631578947368421
2023-24,2024-05-19,Chelsea,ALL,fouls_suffered,11.5,38,25,0.6578947368421053
2023-24,2024-05-19,Chelsea,ALL,fouls_suffered,12.5,38,16,0.42105263157894735
2023-24,2024-05-19,Chelsea,ALL,fouls_suffered,13.5,38,13,0.34210526315789475
2023-24,2024-05-19,Chelsea,ALL,fouls_suffered,14.5,38,8,0.21052631578947367
2023-24,2024-05-19,Chelsea,ALL,fouls_suffered,15.5,38,3,0.07894736842105263
2023-24,2024-05-19,Chelsea,ALL,corners_for,2.5,38,30,0.7894736842105263
2023-24,2024-05-19,Chelsea,ALL,corners_for,3.5,38,28,0.7368421052631579
2023-24,2024-05-19,Chelsea,ALL,corners_for,4.5,38,22,0.5789473684210527
2023-24,2024-05-19,Chelsea,ALL,corners_for,5.5,38,20,0.5263157894736842
2023-24,2024-05-19,Chelsea,ALL,corners_for,6.5,38,11,0.2894736842105263
2023-24,2024-05-19,Chelsea,ALL,corners_for,7.5,38,8,0.21052631578947367
2023-24,2024-05-19,Chelsea,ALL,corners_against,2.5,38,30,0.7894736842105263
2023-24,2024-05-19,Chelsea,ALL,corners_against,3.5,38,26,0.6842105263157895
2023-24,2024-05-19,Chelsea,ALL,corners_against,4.5,38,17,0.4473684210526316
2023-24,2024-05-19,Chelsea,ALL,corners_against,5.5,38,15,0.39473684210526316
2023-24,2024-05-19,Chelsea,ALL,corners_against,6.5,38,13,0.34210526315789475
2023-24,2024-05-19,Chelsea,ALL,corners_against,7.5,38,9,0.23684210526315788
2023-24,2024-05-19,Chelsea,ALL,yellow_cards,0.5,38,36,0.9473684210526315
2023-24,2024-05-19,Chelsea,ALL,yellow_cards,1.5,38,31,0.8157894736842105
2023-24,2024-05-19,Chelsea,ALL,yellow_cards,2.5,38,21,0.5526315789473685
2023-24,2024-05-19,Chelsea,ALL,yellow_cards,3.5,38,10,0.2631578947368421
2023-24,2024-05-19,Chelsea,ALL,yellow_cards,4.5,38,6,0.15789473684210525
2023-24,2024-05-19,Chelsea,HOME,fouls_committed,8.5,19,14,0.7368421052631579
2023-24,2024-05-19,Chelsea,HOME,fouls_committed,9.5,19,12,0.631578947368421
2023-24,2024-05-19,Chelsea,HOME,fouls_committed,10.5,19,11,0.5789473684210527
2023-24,2024-05-19,Chelsea,HOME,fouls_committed,11.5,19,11,0.5789473684210527
2023-24,2024-05-19,Chelsea,HOME,fouls_committed,12.5,19,5,0.2631578947368421
2023-24,2024-05-19,Chelsea,HOME,fouls_committed,13.5,19,3,0.15789473684210525
2023-24,2024-05-19,Chelsea,HOME,fouls_committed,14.5,19,3,0.15789473684210525
2023-24,2024-05-19,Chelsea,HOME,fouls_committed,15.5,19,1,0.05263157894736842
2023-24,2024-05-19,Chelsea,HOME,fouls_suffered,8.5,19,16,0.8421052631578947
2023-24,2024-05-19,Chelsea,HOME,fouls_suffered,9.5,19,13,0.6842105263157895
2023-24,2024-05-19,Chelsea,HOME,fouls_suffered,10.5,19,12,0.631578947368421
2023-24,2024-05-19,Chelsea,HOME,fouls_suffered,11.5,19,10,0.5263157894736842
2023-24,2024-05-19,Chelsea,HOME,fouls_suffered,12.5,19,7,0.3684210526315789
2023-24,2024-05-19,Chelsea,HOME,fouls_suffered,13.5,19,7,0.3684210526315789
2023-24,2024-05-19,Chelsea,HOME,fouls_suffered,14.5,19,5,0.2631578947368421
2023-24,2024-05-19,Chelsea,HOME,fouls_suffered,15.5,19,3,0.15789473684210525
2023-24,2024-05-19,Chelsea,HOME,corners_for,2.5,19,17,0.8947368421052632
2023-24,2024-05-19,Chelsea,HOME,corners_for,3.5,19,16,0.8421052631578947
2023-24,2024-05-19,Chelsea,HOME,corners_for,4.5,19,12,0.631578947368421
2023-24,2024-05-19,Chelsea,HOME,corners_for,5.5,19,10,0.5263157894736842
2023-24,2024-05-19,Chelsea,HOME,corners_for,6.5,19,7,0.3684210526315789
2023-24,2024-05-19,Chelsea,HOME,corners_for,7.5,19,6,0.3157894736842105
2023-24,2024-05-19,Chelsea,HOME,corners_against,2.5,19,16,0.8421052631578947
2023-24,2024-05-19,Chelsea,HOME,corners_against,3.5,19,13,0.6842105263157895
2023-24,2024-05-19,Chelsea,HOME,corners_against,4.5,19,8,0.42105263157894735
2023-24,2024-05-19,Chelsea,HOME,corners_against,5.5,19,7,0.3684210526315789
2023-24,2024-05-19,Chelsea,HOME,corners_against,6.5,19,5,0.2631578947368421
2023-24,2024-05-19,Chelsea,HOME,corners_against,7.5,19,4,0.21052631578947367
2023-24,2024-05-19,Chelsea,HOME,yellow_cards,0.5,19,18,0.9473684210526315
2023-24,2024-05-19,Chelsea,HOME,yellow_cards,1.5,19,14,0.7368421052631579
2023-24,2024-05-19,Chelsea,HOME,yellow_cards,2.5,19,10,0.5263157894736842
2023-24,2024-05-19,Chelsea,HOME,yellow_cards,3.5,19,2,0.10526315789473684
2023-24,2024-05-19,Chelsea,HOME,yellow_cards,4.5,19,2,0.10526315789473684
2023-24,2024-05-19,Chelsea,AWAY,fouls_committed,8.5,19,16,0.8421052631578947
2023-24,2024-05-19,Chelsea,AWAY,fouls_committed,9.5,19,13,0.6842105263157895
2023-24,2024-05-19,Chelsea,AWAY,fouls_committed,10.5,19,12,0.631578947368421
2023-24,2024-05-19,Chelsea,AWAY,fouls_committed,11.5,19,11,0.5789473684210527
2023-24,2024-05-19,Chelsea,AWAY,fouls_committed,12.5,19,7,0.3684210526315789
2023-24,2024-05-19,Chelsea,AWAY,fouls_committed,13.5,19,7,0.3684210526315789
2023-24,2024-05-19,Chelsea,AWAY,fouls_committed,14.5,19,5,0.2631578947368421
2023-24,2024-05-19,Chelsea,AWAY,fouls_committed,15.5,19,5,0.2631578947368421
2023-24,2024-05-19,Chelsea,AWAY,fouls_suffered,8.5,19,18,0.9473684210526315
2023-24,2024-05-19,Chelsea,AWAY,fouls_suffered,9.5,19,18,0.9473684210526315
2023-24,2024-05-19,Chelsea,AWAY,fouls_suffered,10.5,19,17,0.8947368421052632
2023-24,2024-05-19,Chelsea,AWAY,fouls_suffered,11.5,19,15,0.7894736842105263
2023-24,2024-05-19,Chelsea,AWAY,fouls_suffered,12.5,19,9,0.47368421052631576
2023-24,2024-05-19,Chelsea,AWAY,fouls_suffered,13.5,19,6,0.3157894736842105
2023-24,2024-05-19,Chelsea,AWAY,fouls_suffered,14.5,19,3,0.15789473684210525
2023-24,2024-05-19,Chelsea,AWAY,fouls_suffered,15.5,19,0,0.0
2023-24,2024-05-19,Chelsea,AWAY,corners_for,2.5,19,13,0.6842105263157895
2023-24,2024-05-19,Chelsea,AWAY,corners_for,3.5,19,12,0.631578947368421
2023-24,2024-05-19,Chelsea,AWAY,corners_for,4.5,19,10,0.5263157894736842
2023-24,2024-05-19,Chelsea,AWAY,corners_for,5.5,19,10,0.5263157894736842
2023-24,2024-05-19,Chelsea,AWAY,corners_for,6.5,19,4,0.21052631578947367
2023-24,2024-05-19,Chelsea,AWAY,corners_for,7.5,19,2,0.10526315789473684
2023-24,2024-05-19,Chelsea,AWAY,corners_against,2.5,19,14,0.7368421052631579
2023-24,2024-05-19,Chelsea,AWAY,corners_against,3.5,19,13,0.6842105263157895
2023-24,2024-05-19,Chelsea,AWAY,corners_against,4.5,19,9,0.47368421052631576
2023-24,2024-05-19,Chelsea,AWAY,corners_against,5.5,19,8,0.42105263157894735
2023-24,2024-05-19,Chelsea,AWAY,corners_against,6.5,19,8,0.42105263157894735
2023-24,2024-05-19,Chelsea,AWAY,corners_against,7.5,19,5,0.2631578947368421
2023-24,2024-05-19,Chelsea,AWAY,yellow_cards,0.5,19,18,0.9473684210526315
2023-24,2024-05-19,Chelsea,AWAY,yellow_cards,1.5,19,17,0.8947368421052632
2023-24,2024-05-19,Chelsea,AWAY,yellow_cards,2.5,19,11,0.5789473684210527
2023-24,2024-05-19,Chelsea,AWAY,yellow_cards,3.5,19,8,0.42105263157894735
2023-24,2024-05-19,Chelsea,AWAY,yellow_cards,4.5,19,4,0.21052631578947367
2023-24,2024-05-19,Crystal Palace,ALL,fouls_committed,8.5,38,33,0.868421052631579
2023-24,2024-05-19,Crystal Palace,ALL,fouls_committed,9.5,38,29,0.7631578947368421
2023-24,2024-05-19,Crystal Palace,ALL,fouls_committed,10.5,38,24,0.631578947368421
2023-24,2024-05-19,Crystal Palace,ALL,fouls_committed,11.5,38,23,0.6052631578947368
2023-24,2024-05-19,Crystal Palace,ALL,fouls_committed,12.5,38,13,0.34210526315789475
2023-24,2024-05-19,Crystal Palace,ALL,fouls_committed,13.5,38,12,0.3157894736842105
2023-24,2024-05-19,Crystal Palace,ALL,fouls_committed,14.5,38,7,0.18421052631578946
2023-24,2024-05-19,Crystal Palace,ALL,fouls_committed,15.5,38,5,0.13157894736842105
2023-24,2024-05-19,Crystal Palace,ALL,fouls_suffered,8.5,38,29,0.7631578947368421
2023-24,2024-05-19,Crystal Palace,ALL,fouls_suffered,9.5,38,26,0.6842105263157895
2023-24,2024-05-19,Crystal Palace,ALL,fouls_suffered,10.5,38,22,0.5789473684210527
2023-24,2024-05-19,Crystal Palace,ALL,fouls_suffered,11.5,38,18,0.47368421052631576
2023-24,2024-05-19,Crystal Palace,ALL,fouls_suffered,12.5,38,15,0.39473684210526316
2023-24,2024-05-19,Crystal Palace,ALL,fouls_suffered,13.5,38,10,0.2631578947368421
2023-24,2024-05-19,Crystal Palace,ALL,fouls_suffered,14.5,38,9,0.23684210526315788
2023-24,2024-05-19,Crystal Palace,ALL,fouls_suffered,15.5,38,6,0.15789473684210525
2023-24,2024-05-19,Crystal Palace,ALL,corners_for,2.5,38,27,0.7105263157894737
2023-24,2024-05-19,Crystal Palace,ALL,corners_for,3.5,38,20,0.5263157894736842
2023-24,2024-05-19,Crystal Palace,ALL,corners_for,4.5,38,17,0.4473684210526316
2023-24,2024-05-19,Crystal Palace,ALL,corners_for,5.5,38,15,0.39473684210526316
2023-24,2024-05-19,Crystal Palace,ALL,corners_for,6.5,38,10,0.2631578947368421
2023-24,2024-05-19,Crystal Palace,ALL,corners_for,7.5,38,7,0.18421052631578946
2023-24,2024-05-19,Crystal Palace,ALL,corners_against,2.5,38,29,0.7631578947368421
2023-24,2024-05-19,Crystal Palace,ALL,corners_against,3.5,38,25,0.6578947368421053
2023-24,2024-05-19,Crystal Palace,ALL,corners_against,4.5,38,19,0.5
2023-24,2024-05-19,Crystal Palace,ALL,corners_against,5.5,38,16,0.42105263157894735
2023-24,2024-05-19,Crystal Palace,ALL,corners_against,6.5,38,12,0.3157894736842105
2023-24,2024-05-19,Crystal Palace,ALL,corners_against,7.5,38,10,0.2631578947368421
2023-24,2024-05-19,Crystal Palace,ALL,yellow_cards,0.5,38,32,0.8421052631578947
2023-24,2024-05-19,Crystal Palace,ALL,yellow_cards,1.5,38,21,0.5526315789473685
2023-24,2024-05-19,Crystal Palace,ALL,yellow_cards,2.5,38,10,0.2631578947368421
2023-24,2024-05-19,Crystal Palace,ALL,yellow_cards,3.5,38,3,0.07894736842105263
2023-24,2024-05-19,Crystal Palace,ALL,yellow_cards,4.5,38,3,0.07894736842105263
2023-24,2024-05-19,Crystal Palace,HOME,fouls_committed,8.5,19,16,0.8421052631578947
2023-24,2024-05-19,Crystal Palace,HOME,fouls_committed,9.5,19,14,0.7368421052631579
2023-24,2024-05-19,Crystal Palace,HOME,fouls_committed,10.5,19,10,0.5263157894736842
2023-24,2024-05-19,Crystal Palace,HOME,fouls_committed,11.5,19,10,0.5263157894736842
2023-24,2024-05-19,Crystal Palace,HOME,fouls_committed,12.5,19,7,0.3684210526315789
2023-24,2024-05-19,Crystal Palace,HOME,fouls_committed,13.5,19,6,0.3157894736842105
2023-24,2024-05-19,Crystal Palace,HOME,fouls_committed,14.5,19,3,0.15789473684210525
2023-24,2024-05-19,Crystal Palace,HOME,fouls_committed,15.5,19,3,0.15789473684210525
2023-24,2024-05-19,Crystal Palace,HOME,fouls_suffered,8.5,19,15,0.7894736842105263
2023-24,2024-05-19,Crystal Palace,HOME,fouls_suffered,9.5,19,14,0.7368421052631579
2023-24,2024-05-19,Crystal Palace,HOME,fouls_suffered,10.5,19,12,0.631578947368421
2023-24,2024-05-19,Crystal Palace,HOME,fouls_suffered,11.5,19,9,0.47368421052631576
2023-24,2024-05-19,Crystal Palace,HOME,fouls_suffered,12.5,19,7,0.3684210526315789
2023-24,2024-05-19,Crystal Palace,HOME,fouls_suffered,13.5,19,6,0.3157894736842105
2023-24,2024-05-19,Crystal Palace,HOME,fouls_suffered,14.5,19,6,0.3157894736842105
2023-24,2024-05-19,Crystal Palace,HOME,fouls_suffered,15.5,19,4,0.21052631578947367
2023-24,2024-05-19,Crystal Palace,HOME,corners_for,2.5,19,15,0.7894736842105263
2023-24,2024-05-19,Crystal Palace,HOME,corners_for,3.5,19,11,0.5789473684210527
2023-24,2024-05-19,Crystal Palace,HOME,corners_for,4.5,19,9,0.47368421052631576
2023-24,2024-05-19,Crystal Palace,HOME,corners_for,5.5,19,9,0.47368421052631576
2023-24,2024-05-19,Crystal Palace,HOME,corners_for,6.5,19,7,0.3684210526315789
2023-24,2024-05-19,Crystal Palace,HOME,corners_for,7.5,19,5,0.2631578947368421
2023-24,2024-05-19,Crystal Palace,HOME,corners_against,2.5,19,11,0.5789473684210527
2023-24,2024-05-19,Crystal Palace,HOME,corners_against,3.5,19,9,0.47368421052631576
2023-24,2024-05-19,Crystal Palace,HOME,corners_against,4.5,19,7,0.3684210526315789
2023-24,2024-05-19,Crystal Palace,HOME,corners_against,5.5,19,6,0.3157894736842105
2023-24,2024-05-19,Crystal Palace,HOME,corners_against,6.5,19,5,0.2631578947368421
2023-24,2024-05-19,Crystal Palace,HOME,corners_against,7.5,19,3,0.15789473684210525
2023-24,2024-05-19,Crystal Palace,HOME,yellow_cards,0.5,19,17,0.8947368421052632
2023-24,2024-05-19,Crystal Palace,HOME,yellow_cards,1.5,19,10,0.5263157894736842
2023-24,2024-05-19,Crystal Palace,HOME,yellow_cards,2.5,19,6,0.3157894736842105
2023-24,2024-05-19,Crystal Palace,HOME,yellow_cards,3.5,19,2,0.10526315789473684
2023-24,2024-05-19,Crystal Palace,HOME,yellow_cards,4.5,19,2,0.10526315789473684
2023-24,2024-05-19,Crystal Palace,AWAY,fouls_committed,8.5,19,17,0.8947368421052632
2023-24,2024-05-19,Crystal Palace,AWAY,fouls_committed,9.5,19,15,0.7894736842105263
2023-24,2024-05-19,Crystal Palace,AWAY,fouls_committed,10.5,19,14,0.7368421052631579
2023-24,2024-05-19,Crystal Palace,AWAY,fouls_committed,11.5,19,13,0.6842105263157895
2023-24,2024-05-19,Crystal Palace,AWAY,fouls_committed,12.5,19,6,0.3157894736842105
2023-24,2024-05-19,Crystal Palace,AWAY,fouls_committed,13.5,19,6,0.3157894736842105
2023-24,2024-05-19,Crystal Palace,AWAY,fouls_committed,14.5,19,4,0.21052631578947367
2023-24,2024-05-19,Crystal Palace,AWAY,fouls_committed,15.5,19,2,0.10526315789473684
2023-24,2024-05-19,Crystal Palace,AWAY,fouls_suffered,8.5,19,14,0.7368421052631579
2023-24,2024-05-19,Crystal Palace,AWAY,fouls_suffered,9.5,19,12,0.631578947368421
2023-24,2024-05-19,Crystal Palace,AWAY,fouls_suffered,10.5,19,10,0.5263157894736842
2023-24,2024-05-19,Crystal Palace,AWAY,fouls_suffered,11.5,19,9,0.47368421052631576
2023-24,2024-05-19,Crystal Palace,AWAY,fouls_suffered,12.5,19,8,0.42105263157894735
2023-24,2024-05-19,Crystal Palace,AWAY,fouls_suffered,13.5,19,4,0.21052631578947367
2023-24,2024-05-19,Crystal Palace,AWAY,fouls_suffered,14.5,19,3,0.15789473684210525
2023-24,2024-05-19,Crystal Palace,AWAY,fouls_suffered,15.5,19,2,0.10526315789473684
2023-24,2024-05-19,Crystal Palace,AWAY,corners_for,2.5,19,12,0.631578947368421
2023-24,2024-05-19,Crystal Palace,AWAY,corners_for,3.5,19,9,0.47368421052631576
2023-24,2024-05-19,Crystal Palace,AWAY,corners_for,4.5,19,8,0.42105263157894735
2023-24,2024-05-19,Crystal Palace,AWAY,corners_for,5.5,19,6,0.3157894736842105
2023-24,2024-05-19,Crystal Palace,AWAY,corners_for,6.5,19,3,0.15789473684210525
2023-24,2024-05-19,Crystal Palace,AWAY,corners_for,7.5,19,2,0.10526315789473684
2023-24,2024-05-19,Crystal Palace,AWAY,corners_against,2.5,19,18,0.9473684210526315
2023-24,2024-05-19,Crystal Palace,AWAY,corners_against,3.5,19,16,0.8421052631578947
2023-24,2024-05-19,Crystal Palace,AWAY,corners_against,4.5,19,12,0.631578947368421
2023-24,2024-05-19,Crystal Palace,AWAY,corners_against,5.5,19,10,0.5263157894736842
2023-24,2024-05-19,Crystal Palace,AWAY,corners_against,6.5,19,7,0.3684210526315789
2023-24,2024-05-19,Crystal Palace,AWAY,corners_against,7.5,19,7,0.3684210526315789
2023-24,2024-05-19,Crystal Palace,AWAY,yellow_cards,0.5,19,15,0.7894736842105263
2023-24,2024-05-19,Crystal Palace,AWAY,yellow_cards,1.5,19,11,0.5789473684210527
2023-24,2024-05-19,Crystal Palace,AWAY,yellow_cards,2.5,19,4,0.21052631578947367
2023-24,2024-05-19,Crystal Palace,AWAY,yellow_cards,3.5,19,1,0.05263157894736842
2023-24,2024-05-19,Crystal Palace,AWAY,yellow_cards,4.5,19,1,0.05263157894736842
2023-24,2024-05-19,Everton,ALL,fouls_committed,8.5,38,32,0.8421052631578947
2023-24,2024-05-19,Everton,ALL,fouls_committed,9.5,38,30,0.7894736842105263
2023-24,2024-05-19,Everton,ALL,fouls_committed,10.5,38,27,0.7105263157894737
2023-24,2024-05-19,Everton,ALL,fouls_committed,11.5,38,21,0.5526315789473685
2023-24,2024-05-19,Everton,ALL,fouls_committed,12.5,38,15,0.39473684210526316
2023-24,2024-05-19,Everton,ALL,fouls_committed,13.5,38,11,0.2894736842105263
2023-24,2024-05-19,Everton,ALL,fouls_committed,14.5,38,6,0.15789473684210525
2023-24,2024-05-19,Everton,ALL,fouls_committed,15.5,38,4,0.10526315789473684
2023-24,2024-05-19,Everton,ALL,fouls_suffered,8.5,38,25,0.6578947368421053
2023-24,2024-05-19,Everton,ALL,fouls_suffered,9.5,38,17,0.4473684210526316
2023-24,2024-05-19,Everton,ALL,fouls_suffered,10.5,38,15,0.39473684210526316
2023-24,2024-05-19,Everton,ALL,fouls_suffered,11.5,38,13,0.34210526315789475
2023-24,2024-05-19,Everton,ALL,fouls_suffered,12.5,38,10,0.2631578947368421
2023-24,2024-05-19,Everton,ALL,fouls_suffered,13.5,38,7,0.18421052631578946
2023-24,2024-05-19,Everton,ALL,fouls_suffered,14.5,38,2,0.05263157894736842
2023-24,2024-05-19,Everton,ALL,fouls_suffered,15.5,38,0,0.0
2023-24,2024-05-19,Everton,ALL,corners_for,2.5,38,33,0.868421052631579
2023-24,2024-05-19,Everton,ALL,corners_for,3.5,38,24,0.631578947368421
2023-24,2024-05-19,Everton,ALL,corners_for,4.5,38,18,0.47368421052631576
2023-24,2024-05-19,Everton,ALL,corners_for,5.5,38,17,0.4473684210526316
2023-24,2024-05-19,Everton,ALL,corners_for,6.5,38,10,0.2631578947368421
2023-24,2024-05-19,Everton,ALL,corners_for,7.5,38,8,0.21052631578947367
2023-24,2024-05-19,Everton,ALL,corners_against,2.5,38,35,0.9210526315789473
2023-24,2024-05-19,Everton,ALL,corners_against,3.5,38,33,0.868421052631579
2023-24,2024-05-19,Everton,ALL,corners_against,4.5,38,26,0.6842105263157895
2023-24,2024-05-19,Everton,ALL,corners_against,5.5,38,19,0.5
2023-24,2024-05-19,Everton,ALL,corners_against,6.5,38,15,0.39473684210526316
2023-24,2024-05-19,Everton,ALL,corners_against,7.5,38,12,0.3157894736842105
2023-24,2024-05-19,Everton,ALL,yellow_cards,0.5,38,33,0.868421052631579
2023-24,2024-05-19,Everton,ALL,yellow_cards,1.5,38,24,0.631578947368421
2023-24,2024-05-19,Everton,ALL,yellow_cards,2.5,38,16,0.42105263157894735
2023-24,2024-05-19,Everton,ALL,yellow_cards,3.5,38,6,0.15789473684210525
2023-24,2024-05-19,Everton,ALL,yellow_cards,4.5,38,0,0.0
2023-24,2024-05-19,Everton,HOME,fouls_committed,8.5,19,14,0.7368421052631579
2023-24,2024-05-19,Everton,HOME,fouls_committed,9.5,19,13,0.6842105263157895
2023-24,2024-05-19,Everton,HOME,fouls_committed,10.5,19,10,0.5263157894736842
2023-24,2024-05-19,Everton,HOME,fouls_committed,11.5,19,9,0.47368421052631576
2023-24,2024-05-19,Everton,HOME,fouls_committed,12.5,19,6,0.3157894736842105
2023-24,2024-05-19,Everton,HOME,fouls_committed,13.5,19,4,0.21052631578947367
2023-24,2024-05-19,Everton,HOME,fouls_committed,14.5,19,3,0.15789473684210525
2023-24,2024-05-19,Everton,HOME,fouls_committed,15.5,19,1,0.05263157894736842
2023-24,2024-05-19,Everton,HOME,fouls_suffered,8.5,19,13,0.6842105263157895
2023-24,2024-05-19,Everton,HOME,fouls_suffered,9.5,19,12,0.631578947368421
2023-24,2024-05-19,Everton,HOME,fouls_suffered,10.5,19,10,0.5263157894736842
2023-24,2024-05-19,Everton,HOME,fouls_suffered,11.5,19,9,0.47368421052631576
2023-24,2024-05-19,Everton,HOME,fouls_suffered,12.5,19,6,0.3157894736842105
2023-24,2024-05-19,Everton,HOME,fouls_suffered,13.5,19,4,0.21052631578947367
2023-24,2024-05-19,Everton,HOME,fouls_suffered,14.5,19,1,0.05263157894736842
2023-24,2024-05-19,Everton,HOME,fouls_suffered,15.5,19,0,0.0
2023-24,2024-05-19,Everton,HOME,corners_for,2.5,19,18,0.9473684210526315
2023-24,2024-05-19,Everton,HOME,corners_for,3.5,19,13,0.6842105263157895
2023-24,2024-05-19,Everton,HOME,corners_for,4.5,19,9,0.47368421052631576
2023-24,2024-05-19,Everton,HOME,corners_for,5.5,19,8,0.42105263157894735
2023-24,2024-05-19,Everton,HOME,corners_for,6.5,19,5,0.2631578947368421
2023-24,2024-05-19,Everton,HOME,corners_for,7.5,19,4,0.21052631578947367
2023-24,2024-05-19,Everton,HOME,corners_against,2.5,19,17,0.8947368421052632
2023-24,2024-05-19,Everton,HOME,corners_against,3.5,19,16,0.8421052631578947
2023-24,2024-05-19,Everton,HOME,corners_against,4.5,19,13,0.6842105263157895
2023-24,2024-05-19,Everton,HOME,corners_against,5.5,19,8,0.42105263157894735
2023-24,2024-05-19,Everton,HOME,corners_against,6.5,19,4,0.21052631578947367
2023-24,2024-05-19,Everton,HOME,corners_against,7.5,19,3,0.15789473684210525
2023-24,2024-05-19,Everton,HOME,yellow_cards,0.5,19,15,0.7894736842105263
2023-24,2024-05-19,Everton,HOME,yellow_cards,1.5,19,9,0.47368421052631576
2023-24,2024-05-19,Everton,HOME,yellow_cards,2.5,19,7,0.3684210526315789
2023-24,2024-05-19,Everton,HOME,yellow_cards,3.5,19,2,0.10526315789473684
2023-24,2024-05-19,Everton,HOME,yellow_cards,4.5,19,0,0.0
2023-24,2024-05-19,Everton,AWAY,fouls_committed,8.5,19,18,0.9473684210526315
2023-24,2024-05-19,Everton,AWAY,fouls_committed,9.5,19,17,0.8947368421052632
2023-24,2024-05-19,Everton,AWAY,fouls_committed,10.5,19,17,0.8947368421052632
2023-24,2024-05-19,Everton,AWAY,fouls_committed,11.5,19,12,0.631578947368421
2023-24,2024-05-19,Everton,AWAY,fouls_committed,12.5,19,9,0.47368421052631576
2023-24,2024-05-19,Everton,AWAY,fouls_committed,13.5,19,7,0.3684210526315789
2023-24,2024-05-19,Everton,AWAY,fouls_committed,14.5,19,3,0.15789473684210525
2023-24,2024-05-19,Everton,AWAY,fouls_committed,15.5,19,3,0.15789473684210525
2023-24,2024-05-19,Everton,AWAY,fouls_suffered,8.5,19,12,0.631578947368421
2023-24,2024-05-19,Everton,AWAY,fouls_suffered,9.5,19,5,0.2631578947368421
2023-24,2024-05-19,Everton,AWAY,fouls_suffered,10.5,19,5,0.2631578947368421
2023-24,2024-05-19,Everton,AWAY,fouls_suffered,11.5,19,4,0.21052631578947367
2023-24,2024-05-19,Everton,AWAY,fouls_suffered,12.5,19,4,0.21052631578947367
2023-24,2024-05-19,Everton,AWAY,fouls_suffered,13.5,19,3,0.15789473684210525
2023-24,2024-05-19,Everton,AWAY,fouls_suffered,14.5,19,1,0.05263157894736842
2023-24,2024-05-19,Everton,AWAY,fouls_suffered,15.5,19,0,0.0
2023-24,2024-05-19,Everton,AWAY,corners_for,2.5,19,15,0.7894736842105263
2023-24,2024-05-19,Everton,AWAY,corners_for,3.5,19,11,0.5789473684210527
2023-24,2024-05-19,Everton,AWAY,corners_for,4.5,19,9,0.47368421052631576
2023-24,2024-05-19,Everton,AWAY,corners_for,5.5,19,9,0.47368421052631576
2023-24,2024-05-19,Everton,AWAY,corners_for,6.5,19,5,0.2631578947368421
2023-24,2024-05-19,Everton,AWAY,corners_for,7.5,19,4,0.21052631578947367
2023-24,2024-05-19,Everton,AWAY,corners_against,2.5,19,18,0.9473684210526315
2023-24,2024-05-19,Everton,AWAY,corners_against,3.5,19,17,0.8947368421052632
2023-24,2024-05-19,Everton,AWAY,corners_against,4.5,19,13,0.6842105263157895
2023-24,2024-05-19,Everton,AWAY,corners_against,5.5,19,11,0.5789473684210527
2023-24,2024-05-19,Everton,AWAY,corners_against,6.5,19,11,0.5789473684210527
2023-24,2024-05-19,Everton,AWAY,corners_against,7.5,19,9,0.47368421052631576
2023-24,2024-05-19,Everton,AWAY,yellow_cards,0.5,19,18,0.9473684210526315
2023-24,2024-05-19,Everton,AWAY,yellow_cards,1.5,19,15,0.7894736842105263
2023-24,2024-05-19,Everton,AWAY,yellow_cards,2.5,19,9,0.47368421052631576
2023-24,2024-05-19,Everton,AWAY,yellow_cards,3.5,19,4,0.21052631578947367
2023-24,2024-05-19,Everton,AWAY,yellow_cards,4.5,19,0,0.0
2023-24,2024-05-19,Fulham,ALL,fouls_committed,8.5,38,24,0.631578947368421
2023-24,2024-05-19,Fulham,ALL,fouls_committed,9.5,38,20,0.5263157894736842
2023-24,2024-05-19,Fulham,ALL,fouls_committed,10.5,38,18,0.47368421052631576
2023-24,2024-05-19,Fulham,ALL,fouls_committed,11.5,38,12,0.3157894736842105
2023-24,2024-05-19,Fulham,ALL,fouls_committed,12.5,38,10,0.2631578947368421
2023-24,2024-05-19,Fulham,ALL,fouls_committed,13.5,38,6,0.15789473684210525
2023-24,2024-05-19,Fulham,ALL,fouls_committed,14.5,38,5,0.13157894736842105
2023-24,2024-05-19,Fulham,ALL,fouls_committed,15.5,38,3,0.07894736842105263
2023-24,2024-05-19,Fulham,ALL,fouls_suffered,8.5,38,27,0.7105263157894737
2023-24,2024-05-19,Fulham,ALL,fouls_suffered,9.5,38,27,0.7105263157894737
2023-24,2024-05-19,Fulham,ALL,fouls_suffered,10.5,38,17,0.4473684210526316
2023-24,2024-05-19,Fulham,ALL,fouls_suffered,11.5,38,14,0.3684210526315789
2023-24,2024-05-19,Fulham,ALL,fouls_suffered,12.5,38,9,0.23684210526315788
2023-24,2024-05-19,Fulham,ALL,fouls_suffered,13.5,38,5,0.13157894736842105
2023-24,2024-05-19,Fulham,ALL,fouls_suffered,14.5,38,4,0.10526315789473684
2023-24,2024-05-19,Fulham,ALL,fouls_suffered,15.5,38,1,0.02631578947368421
2023-24,2024-05-19,Fulham,ALL,corners_for,2.5,38,31,0.8157894736842105
2023-24,2024-05-19,Fulham,ALL,corners_for,3.5,38,27,0.7105263157894737
2023-24,2024-05-19,Fulham,ALL,corners_for,4.5,38,20,0.5263157894736842
2023-24,2024-05-19,Fulham,ALL,corners_for,5.5,38,14,0.3684210526315789
2023-24,2024-05-19,Fulham,ALL,corners_for,6.5,38,10,0.2631578947368421
2023-24,2024-05-19,Fulham,ALL,corners_for,7.5,38,10,0.2631578947368421
2023-24,2024-05-19,Fulham,ALL,corners_against,2.5,38,31,0.8157894736842105
2023-24,2024-05-19,Fulham,ALL,corners_against,3.5,38,25,0.6578947368421053
2023-24,2024-05-19,Fulham,ALL,corners_against,4.5,38,18,0.47368421052631576
2023-24,2024-05-19,Fulham,ALL,corners_against,5.5,38,15,0.39473684210526316
2023-24,2024-05-19,Fulham,ALL,corners_against,6.5,38,9,0.23684210526315788
2023-24,2024-05-19,Fulham,ALL,corners_against,7.5,38,6,0.15789473684210525
2023-24,2024-05-19,Fulham,ALL,yellow_cards,0.5,38,33,0.868421052631579
2023-24,2024-05-19,Fulham,ALL,yellow_cards,1.5,38,23,0.6052631578947368
2023-24,2024-05-19,Fulham,ALL,yellow_cards,2.5,38,10,0.2631578947368421
2023-24,2024-05-19,Fulham,ALL,yellow_cards,3.5,38,7,0.18421052631578946
2023-24,2024-05-19,Fulham,ALL,yellow_cards,4.5,38,4,0.10526315789473684
2023-24,2024-05-19,Fulham,HOME,fouls_committed,8.5,19,12,0.631578947368421
2023-24,2024-05-19,Fulham,HOME,fouls_committed,9.5,19,9,0.47368421052631576
2023-24,2024-05-19,Fulham,HOME,fouls_committed,10.5,19,8,0.42105263157894735
2023-24,2024-05-19,Fulham,HOME,fouls_committed,11.5,19,4,0.21052631578947367
2023-24,2024-05-19,Fulham,HOME,fouls_committed,12.5,19,4,0.21052631578947367
2023-24,2024-05-19,Fulham,HOME,fouls_committed,13.5,19,2,0.10526315789473684
2023-24,2024-05-19,Fulham,HOME,fouls_committed,14.5,19,2,0.10526315789473684
2023-24,2024-05-19,Fulham,HOME,fouls_committed,15.5,19,1,0.05263157894736842
2023-24,2024-05-19,Fulham,HOME,fouls_suffered,8.5,19,17,0.8947368421052632
2023-24,2024-05-19,Fulham,HOME,fouls_suffered,9.5,19,17,0.8947368421052632
2023-24,2024-05-19,Fulham,HOME,fouls_suffered,10.5,19,11,0.5789473684210527
2023-24,2024-05-19,Fulham,HOME,fouls_suffered,11.5,19,9,0.47368421052631576
2023-24,2024-05-19,Fulham,HOME,fouls_suffered,12.5,19,7,0.3684210526315789
2023-24,2024-05-19,Fulham,HOME,fouls_suffered,13.5,19,4,0.21052631578947367
2023-24,2024-05-19,Fulham,HOME,fouls_suffered,14.5,19,3,0.15789473684210525
2023-24,2024-05-19,Fulham,HOME,fouls_suffered,15.5,19,1,0.05263157894736842
2023-24,2024-05-19,Fulham,HOME,corners_for,2.5,19,15,0.7894736842105263
2023-24,2024-05-19,Fulham,HOME,corners_for,3.5,19,14,0.7368421052631579
2023-24,2024-05-19,Fulham,HOME,corners_for,4.5,19,12,0.631578947368421
2023-24,2024-05-19,Fulham,HOME,corners_for,5.5,19,9,0.47368421052631576
2023-24,2024-05-19,Fulham,HOME,corners_for,6.5,19,6,0.3157894736842105
2023-24,2024-05-19,Fulham,HOME,corners_for,7.5,19,6,0.3157894736842105
2023-24,2024-05-19,Fulham,HOME,corners_against,2.5,19,15,0.7894736842105263
2023-24,2024-05-19,Fulham,HOME,corners_against,3.5,19,14,0.7368421052631579
2023-24,2024-05-19,Fulham,HOME,corners_against,4.5,19,9,0.47368421052631576
2023-24,2024-05-19,Fulham,HOME,corners_against,5.5,19,7,0.3684210526315789
2023-24,2024-05-19,Fulham,HOME,corners_against,6.5,19,3,0.15789473684210525
2023-24,2024-05-19,Fulham,HOME,corners_against,7.5,19,2,0.10526315789473684
2023-24,2024-05-19,Fulham,HOME,yellow_cards,0.5,19,17,0.8947368421052632
2023-24,2024-05-19,Fulham,HOME,yellow_cards,1.5,19,10,0.5263157894736842
2023-24,2024-05-19,Fulham,HOME,yellow_cards,2.5,19,4,0.21052631578947367
2023-24,2024-05-19,Fulham,HOME,yellow_cards,3.5,19,3,0.15789473684210525
2023-24,2024-05-19,Fulham,HOME,yellow_cards,4.5,19,2,0.10526315789473684
2023-24,2024-05-19,Fulham,AWAY,fouls_committed,8.5,19,12,0.631578947368421
2023-24,2024-05-19,Fulham,AWAY,fouls_committed,9.5,19,11,0.5789473684210527
2023-24,2024-05-19,Fulham,AWAY,fouls_committed,10.5,19,10,0.5263157894736842
2023-24,2024-05-19,Fulham,AWAY,fouls_committed,11.5,19,8,0.42105263157894735
2023-24,2024-05-19,Fulham,AWAY,fouls_committed,12.5,19,6,0.3157894736842105
2023-24,2024-05-19,Fulham,AWAY,fouls_committed,13.5,19,4,0.21052631578947367
2023-24,2024-05-19,Fulham,AWAY,fouls_committed,14.5,19,3,0.15789473684210525
2023-24,2024-05-19,Fulham,AWAY,fouls_committed,15.5,19,2,0.10526315789473684
2023-24,2024-05-19,Fulham,AWAY,fouls_suffered,8.5,19,10,0.5263157894736842
2023-24,2024-05-19,Fulham,AWAY,fouls_suffered,9.5,19,10,0.5263157894736842
2023-24,2024-05-19,Fulham,AWAY,fouls_suffered,10.5,19,6,0.3157894736842105
2023-24,2024-05-19,Fulham,AWAY,fouls_suffered,11.5,19,5,0.2631578947368421
2023-24,2024-05-19,Fulham,AWAY,fouls_suffered,12.5,19,2,0.10526315789473684
2023-24,2024-05-19,Fulham,AWAY,fouls_suffered,13.5,19,1,0.05263157894736842
2023-24,2024-05-19,Fulham,AWAY,fouls_suffered,14.5,19,1,0.05263157894736842
2023-24,2024-05-19,Fulham,AWAY,fouls_suffered,15.5,19,0,0.0
2023-24,2024-05-19,Fulham,AWAY,corners_for,2.5,19,16,0.8421052631578947
2023-24,2024-05-19,Fulham,AWAY,corners_for,3.5,19,13,0.6842105263157895
2023-24,2024-05-19,Fulham,AWAY,corners_for,4.5,19,8,0.42105263157894735
2023-24,2024-05-19,Fulham,AWAY,corners_for,5.5,19,5,0.2631578947368421
2023-24,2024-05-19,Fulham,AWAY,corners_for,6.5,19,4,0.21052631578947367
2023-24,2024-05-19,Fulham,AWAY,corners_for,7.5,19,4,0.21052631578947367
2023-24,2024-05-19,Fulham,AWAY,corners_against,2.5,19,16,0.8421052631578947
2023-24,2024-05-19,Fulham,AWAY,corners_against,3.5,19,11,0.5789473684210527
2023-24,2024-05-19,Fulham,AWAY,corners_against,4.5,19,9,0.47368421052631576
2023-24,2024-05-19,Fulham,AWAY,corners_against,5.5,19,8,0.42105263157894735
2023-24,2024-05-19,Fulham,AWAY,corners_against,6.5,19,6,0.3157894736842105
2023-24,2024-05-19,Fulham,AWAY,corners_against,7.5,19,4,0.21052631578947367
2023-24,2024-05-19,Fulham,AWAY,yellow_cards,0.5,19,16,0.8421052631578947
2023-24,2024-05-19,Fulham,AWAY,yellow_cards,1.5,19,13,0.6842105263157895
2023-24,2024-05-19,Fulham,AWAY,yellow_cards,2.5,19,6,0.3157894736842105
2023-24,2024-05-19,Fulham,AWAY,yellow_cards,3.5,19,4,0.21052631578947367
2023-24,2024-05-19,Fulham,AWAY,yellow_cards,4.5,19,2,0.10526315789473684
2023-24,2024-05-19,Liverpool,ALL,fouls_committed,8.5,38,33,0.868421052631579
2023-24,2024-05-19,Liverpool,ALL,fouls_committed,9.5,38,31,0.8157894736842105
2023-24,2024-05-19,Liverpool,ALL,fouls_committed,10.5,38,26,0.6842105263157895
2023-24,2024-05-19,Liverpool,ALL,fouls_committed,11.5,38,21,0.5526315789473685
2023-24,2024-05-19,Liverpool,ALL,fouls_committed,12.5,38,16,0.42105263157894735
2023-24,2024-05-19,Liverpool,ALL,fouls_committed,13.5,38,12,0.3157894736842105
2023-24,2024-05-19,Liverpool,ALL,fouls_committed,14.5,38,10,0.2631578947368421
2023-24,2024-05-19,Liverpool,ALL,fouls_committed,15.5,38,7,0.18421052631578946
2023-24,2024-05-19,Liverpool,ALL,fouls_suffered,8.5,38,27,0.7105263157894737
2023-24,2024-05-19,Liverpool,ALL,fouls_suffered,9.5,38,22,0.5789473684210527
2023-24,2024-05-19,Liverpool,ALL,fouls_suffered,10.5,38,19,0.5
2023-24,2024-05-19,Liverpool,ALL,fouls_suffered,11.5,38,14,0.3684210526315789
2023-24,2024-05-19,Liverpool,ALL,fouls_suffered,12.5,38,10,0.2631578947368421
2023-24,2024-05-19,Liverpool,ALL,fouls_suffered,13.5,38,6,0.15789473684210525
2023-24,2024-05-19,Liverpool,ALL,fouls_suffered,14.5,38,4,0.10526315789473684
2023-24,2024-05-19,Liverpool,ALL,fouls_suffered,15.5,38,3,0.07894736842105263
2023-24,2024-05-19,Liverpool,ALL,corners_for,2.5,38,37,0.9736842105263158
2023-24,2024-05-19,Liverpool,ALL,corners_for,3.5,38,36,0.9473684210526315
2023-24,2024-05-19,Liverpool,ALL,corners_for,4.5,38,29,0.7631578947368421
2023-24,2024-05-19,Liverpool,ALL,corners_for,5.5,38,26,0.6842105263157895
2023-24,2024-05-19,Liverpool,ALL,corners_for,6.5,38,23,0.6052631578947368
2023-24,2024-05-19,Liverpool,ALL,corners_for,7.5,38,18,0.47368421052631576
2023-24,2024-05-19,Liverpool,ALL,corners_against,2.5,38,28,0.7368421052631579
2023-24,2024-05-19,Liverpool,ALL,corners_against,3.5,38,22,0.5789473684210527
2023-24,2024-05-19,Liverpool,ALL,corners_against,4.5,38,11,0.2894736842105263
2023-24,2024-05-19,Liverpool,ALL,corners_against,5.5,38,7,0.18421052631578946
2023-24,2024-05-19,Liverpool,ALL,corners_against,6.5,38,5,0.13157894736842105
2023-24,2024-05-19,Liverpool,ALL,corners_against,7.5,38,5,0.13157894736842105
2023-24,2024-05-19,Liverpool,ALL,yellow_cards,0.5,38,32,0.8421052631578947
2023-24,2024-05-19,Liverpool,ALL,yellow_cards,1.5,38,21,0.5526315789473685
2023-24,2024-05-19,Liverpool,ALL,yellow_cards,2.5,38,9,0.23684210526315788
2023-24,2024-05-19,Liverpool,ALL,yellow_cards,3.5,38,2,0.05263157894736842
2023-24,2024-05-19,Liverpool,ALL,yellow_cards,4.5,38,1,0.02631578947368421
2023-24,2024-05-19,Liverpool,HOME,fouls_committed,8.5,19,16,0.8421052631578947
2023-24,2024-05-19,Liverpool,HOME,fouls_committed,9.5,19,14,0.7368421052631579
2023-24,2024-05-19,Liverpool,HOME,fouls_committed,10.5,19,13,0.6842105263157895
2023-24,2024-05-19,Liverpool,HOME,fouls_committed,11.5,19,11,0.5789473684210527
2023-24,2024-05-19,Liverpool,HOME,fouls_committed,12.5,19,9,0.47368421052631576
2023-24,2024-05-19,Liverpool,HOME,fouls_committed,13.5,19,7,0.3684210526315789
2023-24,2024-05-19,Liverpool,HOME,fouls_committed,14.5,19,5,0.2631578947368421
2023-24,2024-05-19,Liverpool,HOME,fouls_committed,15.5,19,3,0.15789473684210525
2023-24,2024-05-19,Liverpool,HOME,fouls_suffered,8.5,19,15,0.7894736842105263
2023-24,2024-05-19,Liverpool,HOME,fouls_suffered,9.5,19,13,0.6842105263157895
2023-24,2024-05-19,Liverpool,HOME,fouls_suffered,10.5,19,11,0.5789473684210527
2023-24,2024-05-19,Liverpool,HOME,fouls_suffered,11.5,19,10,0.5263157894736842
2023-24,2024-05-19,Liverpool,HOME,fouls_suffered,12.5,19,8,0.42105263157894735
2023-24,2024-05-19,Liverpool,HOME,fouls_suffered,13.5,19,4,0.21052631578947367
2023-24,2024-05-19,Liverpool,HOME,fouls_suffered,14.5,19,2,0.10526315789473684
2023-24,2024-05-19,Liverpool,HOME,fouls_suffered,15.5,19,1,0.05263157894736842
2023-24,2024-05-19,Liverpool,HOME,corners_for,2.5,19,19,1.0
2023-24,2024-05-19,Liverpool,HOME,corners_for,3.5,19,18,0.9473684210526315
2023-24,2024-05-19,Liverpool,HOME,corners_for,4.5,19,17,0.8947368421052632
2023-24,2024-05-19,Liverpool,HOME,corners_for,5.5,19,17,0.8947368421052632
2023-24,2024-05-19,Liverpool,HOME,corners_for,6.5,19,16,0.8421052631578947
2023-24,2024-05-19,Liverpool,HOME,corners_for,7.5,19,12,0.631578947368421
2023-24,2024-05-19,Liverpool,HOME,corners_against,2.5,19,13,0.6842105263157895
2023-24,2024-05-19,Liverpool,HOME,corners_against,3.5,19,8,0.42105263157894735
2023-24,2024-05-19,Liverpool,HOME,corners_against,4.5,19,2,0.10526315789473684
2023-24,2024-05-19,Liverpool,HOME,corners_against,5.5,19,1,0.05263157894736842
2023-24,2024-05-19,Liverpool,HOME,corners_against,6.5,19,1,0.05263157894736842
2023-24,2024-05-19,Liverpool,HOME,corners_against,7.5,19,1,0.05263157894736842
2023-24,2024-05-19,Liverpool,HOME,yellow_cards,0.5,19,14,0.7368421052631579
2023-24,2024-05-19,Liverpool,HOME,yellow_cards,1.5,19,7,0.3684210526315789
2023-24,2024-05-19,Liverpool,HOME,yellow_cards,2.5,19,3,0.15789473684210525
2023-24,2024-05-19,Liverpool,HOME,yellow_cards,3.5,19,1,0.05263157894736842
2023-24,2024-05-19,Liverpool,HOME,yellow_cards,4.5,19,1,0.05263157894736842
2023-24,2024-05-19,Liverpool,AWAY,fouls_committed,8.5,19,17,0.8947368421052632
2023-24,2024-05-19,Liverpool,AWAY,fouls_committed,9.5,19,17,0.8947368421052632
2023-24,2024-05-19,Liverpool,AWAY,fouls_committed,10.5,19,13,0.6842105263157895
2023-24,2024-05-19,Liverpool,AWAY,fouls_committed,11.5,19,10,0.5263157894736842
2023-24,2024-05-19,Liverpool,AWAY,fouls_committed,12.5,19,7,0.3684210526315789
2023-24,2024-05-19,Liverpool,AWAY,fouls_committed,13.5,19,5,0.2631578947368421
2023-24,2024-05-19,Liverpool,AWAY,fouls_committed,14.5,19,5,0.2631578947368421
2023-24,2024-05-19,Liverpool,AWAY,fouls_committed,15.5,19,4,0.21052631578947367
2023-24,2024-05-19,Liverpool,AWAY,fouls_suffered,8.5,19,12,0.631578947368421
2023-24,2024-05-19,Liverpool,AWAY,fouls_suffered,9.5,19,9,0.47368421052631576
2023-24,2024-05-19,Liverpool,AWAY,fouls_suffered,10.5,19,8,0.42105263157894735
2023-24,2024-05-19,Liverpool,AWAY,fouls_suffered,11.5,19,4,0.21052631578947367
2023-24,2024-05-19,Liverpool,AWAY,fouls_suffered,12.5,19,2,0.10526315789473684
2023-24,2024-05-19,Liverpool,AWAY,fouls_suffered,13.5,19,2,0.10526315789473684
2023-24,2024-05-19,Liverpool,AWAY,fouls_suffered,14.5,19,2,0.10526315789473684
2023-24,2024-05-19,Liverpool,AWAY,fouls_suffered,15.5,19,2,0.10526315789473684
2023-24,2024-05-19,Liverpool,AWAY,corners_for,2.5,19,18,0.9473684210526315
2023-24,2024-05-19,Liverpool,AWAY,corners_for,3.5,19,18,0.9473684210526315
2023-24,2024-05-19,Liverpool,AWAY,corners_for,4.5,19,12,0.631578947368421
2023-24,2024-05-19,Liverpool,AWAY,corners_for,5.5,19,9,0.47368421052631576
2023-24,2024-05-19,Liverpool,AWAY,corners_for,6.5,19,7,0.3684210526315789
2023-24,2024-05-19,Liverpool,AWAY,corners_for,7.5,19,6,0.3157894736842105
2023-24,2024-05-19,Liverpool,AWAY,corners_against,2.5,19,15,0.7894736842105263
2023-24,2024-05-19,Liverpool,AWAY,corners_against,3.5,19,14,0.7368421052631579
2023-24,2024-05-19,Liverpool,AWAY,corners_against,4.5,19,9,0.47368421052631576
2023-24,2024-05-19,Liverpool,AWAY,corners_against,5.5,19,6,0.3157894736842105
2023-24,2024-05-19,Liverpool,AWAY,corners_against,6.5,19,4,0.21052631578947367
2023-24,2024-05-19,Liverpool,AWAY,corners_against,7.5,19,4,0.21052631578947367
2023-24,2024-05-19,Liverpool,AWAY,yellow_cards,0.5,19,18,0.9473684210526315
2023-24,2024-05-19,Liverpool,AWAY,yellow_cards,1.5,19,14,0.7368421052631579
2023-24,2024-05-19,Liverpool,AWAY,yellow_cards,2.5,19,6,0.3157894736842105
2023-24,2024-05-19,Liverpool,AWAY,yellow_cards,3.5,19,1,0.05263157894736842
2023-24,2024-05-19,Liverpool,AWAY,yellow_cards,4.5,19,0,0.0
2023-24,2024-05-19,Luton,ALL,fouls_committed,8.5,38,29,0.7631578947368421
2023-24,2024-05-19,Luton,ALL,fouls_committed,9.5,38,29,0.7631578947368421
2023-24,2024-05-19,Luton,ALL,fouls_committed,10.5,38,26,0.6842105263157895
2023-24,2024-05-19,Luton,ALL,fouls_committed,11.5,38,21,0.5526315789473685
2023-24,2024-05-19,Luton,ALL,fouls_committed,12.5,38,17,0.4473684210526316
2023-24,2024-05-19,Luton,ALL,fouls_committed,13.5,38,14,0.3684210526315789
2023-24,2024-05-19,Luton,ALL,fouls_committed,14.5,38,6,0.15789473684210525
2023-24,2024-05-19,Luton,ALL,fouls_committed,15.5,38,3,0.07894736842105263
2023-24,2024-05-19,Luton,ALL,fouls_suffered,8.5,38,29,0.7631578947368421
2023-24,2024-05-19,Luton,ALL,fouls_suffered,9.5,38,26,0.6842105263157895
2023-24,2024-05-19,Luton,ALL,fouls_suffered,10.5,38,25,0.6578947368421053
2023-24,2024-05-19,Luton,ALL,fouls_suffered,11.5,38,23,0.6052631578947368
2023-24,2024-05-19,Luton,ALL,fouls_suffered,12.5,38,18,0.47368421052631576
2023-24,2024-05-19,Luton,ALL,fouls_suffered,13.5,38,14,0.3684210526315789
2023-24,2024-05-19,Luton,ALL,fouls_suffered,14.5,38,11,0.2894736842105263
2023-24,2024-05-19,Luton,ALL,fouls_suffered,15.5,38,9,0.23684210526315788
2023-24,2024-05-19,Luton,ALL,corners_for,2.5,38,33,0.868421052631579
2023-24,2024-05-19,Luton,ALL,corners_for,3.5,38,30,0.7894736842105263
2023-24,2024-05-19,Luton,ALL,corners_for,4.5,38,21,0.5526315789473685
2023-24,2024-05-19,Luton,ALL,corners_for,5.5,38,19,0.5
2023-24,2024-05-19,Luton,ALL,corners_for,6.5,38,12,0.3157894736842105
2023-24,2024-05-19,Luton,ALL,corners_for,7.5,38,7,0.18421052631578946
2023-24,2024-05-19,Luton,ALL,corners_against,2.5,38,33,0.868421052631579
2023-24,2024-05-19,Luton,ALL,corners_against,3.5,38,29,0.7631578947368421
2023-24,2024-05-19,Luton,ALL,corners_against,4.5,38,25,0.6578947368421053
2023-24,2024-05-19,Luton,ALL,corners_against,5.5,38,24,0.631578947368421
2023-24,2024-05-19,Luton,ALL,corners_against,6.5,38,15,0.39473684210526316
2023-24,2024-05-19,Luton,ALL,corners_against,7.5,38,9,0.23684210526315788
2023-24,2024-05-19,Luton,ALL,yellow_cards,0.5,38,32,0.8421052631578947
2023-24,2024-05-19,Luton,ALL,yellow_cards,1.5,38,22,0.5789473684210527
2023-24,2024-05-19,Luton,ALL,yellow_cards,2.5,38,9,0.23684210526315788
2023-24,2024-05-19,Luton,ALL,yellow_cards,3.5,38,5,0.13157894736842105
2023-24,2024-05-19,Luton,ALL,yellow_cards,4.5,38,2,0.05263157894736842
2023-24,2024-05-19,Luton,HOME,fouls_committed,8.5,19,13,0.6842105263157895
2023-24,2024-05-19,Luton,HOME,fouls_committed,9.5,19,13,0.6842105263157895
2023-24,2024-05-19,Luton,HOME,fouls_committed,10.5,19,12,0.631578947368421
2023-24,2024-05-19,Luton,HOME,fouls_committed,11.5,19,11,0.5789473684210527
2023-24,2024-05-19,Luton,HOME,fouls_committed,12.5,19,10,0.5263157894736842
2023-24,2024-05-19,Luton,HOME,fouls_committed,13.5,19,8,0.42105263157894735
2023-24,2024-05-19,Luton,HOME,fouls_committed,14.5,19,4,0.21052631578947367
2023-24,2024-05-19,Luton,HOME,fouls_committed,15.5,19,2,0.10526315789473684
2023-24,2024-05-19,Luton,HOME,fouls_suffered,8.5,19,14,0.7368421052631579
2023-24,2024-05-19,Luton,HOME,fouls_suffered,9.5,19,13,0.6842105263157895
2023-24,2024-05-19,Luton,HOME,fouls_suffered,10.5,19,13,0.6842105263157895
2023-24,2024-05-19,Luton,HOME,fouls_suffered,11.5,19,13,0.6842105263157895
2023-24,2024-05-19,Luton,HOME,fouls_suffered,12.5,19,10,0.5263157894736842
2023-24,2024-05-19,Luton,HOME,fouls_suffered,13.5,19,8,0.42105263157894735
2023-24,2024-05-19,Luton,HOME,fouls_suffered,14.5,19,6,0.3157894736842105
2023-24,2024-05-19,Luton,HOME,fouls_suffered,15.5,19,6,0.3157894736842105
2023-24,2024-05-19,Luton,HOME,corners_for,2.5,19,19,1.0
2023-24,2024-05-19,Luton,HOME,corners_for,3.5,19,18,0.9473684210526315
2023-24,2024-05-19,Luton,HOME,corners_for,4.5,19,14,0.7368421052631579
2023-24,2024-05-19,Luton,HOME,corners_for,5.5,19,13,0.6842105263157895
2023-24,2024-05-19,Luton,HOME,corners_for,6.5,19,10,0.5263157894736842
2023-24,2024-05-19,Luton,HOME,corners_for,7.5,19,6,0.3157894736842105
2023-24,2024-05-19,Luton,HOME,corners_against,2.5,19,15,0.7894736842105263
2023-24,2024-05-19,Luton,HOME,corners_against,3.5,19,14,0.7368421052631579
2023-24,2024-05-19,Luton,HOME,corners_against,4.5,19,12,0.631578947368421
2023-24,2024-05-19,Luton,HOME,corners_against,5.5,19,11,0.5789473684210527
2023-24,2024-05-19,Luton,HOME,corners_against,6.5,19,6,0.3157894736842105
2023-24,2024-05-19,Luton,HOME,corners_against,7.5,19,2,0.10526315789473684
2023-24,2024-05-19,Luton,HOME,yellow_cards,0.5,19,17,0.8947368421052632
2023-24,2024-05-19,Luton,HOME,yellow_cards,1.5,19,10,0.5263157894736842
2023-24,2024-05-19,Luton,HOME,yellow_cards,2.5,19,4,0.21052631578947367
2023-24,2024-05-19,Luton,HOME,yellow_cards,3.5,19,3,0.15789473684210525
2023-24,2024-05-19,Luton,HOME,yellow_cards,4.5,19,2,0.10526315789473684
2023-24,2024-05-19,Luton,AWAY,fouls_committed,8.5,19,16,0.8421052631578947
2023-24,2024-05-19,Luton,AWAY,fouls_committed,9.5,19,16,0.8421052631578947
2023-24,2024-05-19,Luton,AWAY,fouls_committed,10.5,19,14,0.7368421052631579
2023-24,2024-05-19,Luton,AWAY,fouls_committed,11.5,19,10,0.5263157894736842
2023-24,2024-05-19,Luton,AWAY,fouls_committed,12.5,19,7,0.3684210526315789
2023-24,2024-05-19,Luton,AWAY,fouls_committed,13.5,19,6,0.3157894736842105
2023-24,2024-05-19,Luton,AWAY,fouls_committed,14.5,19,2,0.10526315789473684
2023-24,2024-05-19,Luton,AWAY,fouls_committed,15.5,19,1,0.05263157894736842
2023-24,2024-05-19,Luton,AWAY,fouls_suffered,8.5,19,15,0.7894736842105263
2023-24,2024-05-19,Luton,AWAY,fouls_suffered,9.5,19,13,0.6842105263157895
2023-24,2024-05-19,Luton,AWAY,fouls_suffered,10.5,19,12,0.631578947368421
2023-24,2024-05-19,Luton,AWAY,fouls_suffered,11.5,19,10,0.5263157894736842
2023-24,2024-05-19,Luton,AWAY,fouls_suffered,12.5,19,8,0.42105263157894735
2023-24,2024-05-19,Luton,AWAY,fouls_suffered,13.5,19,6,0.3157894736842105
2023-24,2024-05-19,Luton,AWAY,fouls_suffered,14.5,19,5,0.2631578947368421
2023-24,2024-05-19,Luton,AWAY,fouls_suffered,15.5,19,3,0.15789473684210525
2023-24,2024-05-19,Luton,AWAY,corners_for,2.5,19,14,0.7368421052631579
2023-24,2024-05-19,Luton,AWAY,corners_for,3.5,19,12,0.631578947368421
2023-24,2024-05-19,Luton,AWAY,corners_for,4.5,19,7,0.3684210526315789
2023-24,2024-05-19,Luton,AWAY,corners_for,5.5,19,6,0.3157894736842105
2023-24,2024-05-19,Luton,AWAY,corners_for,6.5,19,2,0.10526315789473684
2023-24,2024-05-19,Luton,AWAY,corners_for,7.5,19,1,0.05263157894736842
2023-24,2024-05-19,Luton,AWAY,corners_against,2.5,19,18,0.9473684210526315
2023-24,2024-05-19,Luton,AWAY,corners_against,3.5,19,15,0.7894736842105263
2023-24,2024-05-19,Luton,AWAY,corners_against,4.5,19,13,0.6842105263157895
2023-24,2024-05-19,Luton,AWAY,corners_against,5.5,19,13,0.6842105263157895
2023-24,2024-05-19,Luton,AWAY,corners_against,6.5,19,9,0.47368421052631576
2023-24,2024-05-19,Luton,AWAY,corners_against,7.5,19,7,0.3684210526315789
2023-24,2024-05-19,Luton,AWAY,yellow_cards,0.5,19,15,0.7894736842105263
2023-24,2024-05-19,Luton,AWAY,yellow_cards,1.5,19,12,0.631578947368421
2023-24,2024-05-19,Luton,AWAY,yellow_cards,2.5,19,5,0.2631578947368421
2023-24,2024-05-19,Luton,AWAY,yellow_cards,3.5,19,2,0.10526315789473684
2023-24,2024-05-19,Luton,AWAY,yellow_cards,4.5,19,0,0.0
2023-24,2024-05-19,Manchester City,ALL,fouls_committed,8.5,38,14,0.3684210526315789
2023-24,2024-05-19,Manchester City,ALL,fouls_committed,9.5,38,11,0.2894736842105263
2023-24,2024-05-19,Manchester City,ALL,fouls_committed,10.5,38,10,0.2631578947368421
2023-24,2024-05-19,Manchester City,ALL,fouls_committed,11.5,38,8,0.21052631578947367
2023-24,2024-05-19,Manchester City,ALL,fouls_committed,12.5,38,3,0.07894736842105263
2023-24,2024-05-19,Manchester City,ALL,fouls_committed,13.5,38,2,0.05263157894736842
2023-24,2024-05-19,Manchester City,ALL,fouls_committed,14.5,38,1,0.02631578947368421
2023-24,2024-05-19,Manchester City,ALL,fouls_committed,15.5,38,0,0.0
2023-24,2024-05-19,Manchester City,ALL,fouls_suffered,8.5,38,29,0.7631578947368421
2023-24,2024-05-19,Manchester City,ALL,fouls_suffered,9.5,38,25,0.6578947368421053
2023-24,2024-05-19,Manchester City,ALL,fouls_suffered,10.5,38,23,0.6052631578947368
2023-24,2024-05-19,Manchester City,ALL,fouls_suffered,11.5,38,17,0.4473684210526316
2023-24,2024-05-19,Manchester City,ALL,fouls_suffered,12.5,38,13,0.34210526315789475
2023-24,2024-05-19,Manchester City,ALL,fouls_suffered,13.5,38,8,0.21052631578947367
2023-24,2024-05-19,Manchester City,ALL,fouls_suffered,14.5,38,5,0.13157894736842105
2023-24,2024-05-19,Manchester City,ALL,fouls_suffered,15.5,38,5,0.13157894736842105
2023-24,2024-05-19,Manchester City,ALL,corners_for,2.5,38,35,0.9210526315789473
2023-24,2024-05-19,Manchester City,ALL,corners_for,3.5,38,32,0.8421052631578947
2023-24,2024-05-19,Manchester City,ALL,corners_for,4.5,38,26,0.6842105263157895
2023-24,2024-05-19,Manchester City,ALL,corners_for,5.5,38,24,0.631578947368421
2023-24,2024-05-19,Manchester City,ALL,corners_for,6.5,38,20,0.5263157894736842
2023-24,2024-05-19,Manchester City,ALL,corners_for,7.5,38,17,0.4473684210526316
2023-24,2024-05-19,Manchester City,ALL,corners_against,2.5,38,22,0.5789473684210527
2023-24,2024-05-19,Manchester City,ALL,corners_against,3.5,38,17,0.4473684210526316
2023-24,2024-05-19,Manchester City,ALL,corners_against,4.5,38,13,0.34210526315789475
2023-24,2024-05-19,Manchester City,ALL,corners_against,5.5,38,11,0.2894736842105263
2023-24,2024-05-19,Manchester City,ALL,corners_against,6.5,38,6,0.15789473684210525
2023-24,2024-05-19,Manchester City,ALL,corners_against,7.5,38,3,0.07894736842105263
2023-24,2024-05-19,Manchester City,ALL,yellow_cards,0.5,38,26,0.6842105263157895
2023-24,2024-05-19,Manchester City,ALL,yellow_cards,1.5,38,16,0.42105263157894735
2023-24,2024-05-19,Manchester City,ALL,yellow_cards,2.5,38,7,0.18421052631578946
2023-24,2024-05-19,Manchester City,ALL,yellow_cards,3.5,38,2,0.05263157894736842
2023-24,2024-05-19,Manchester City,ALL,yellow_cards,4.5,38,0,0.0
2023-24,2024-05-19,Manchester City,HOME,fouls_committed,8.5,19,8,0.42105263157894735
2023-24,2024-05-19,Manchester City,HOME,fouls_committed,9.5,19,5,0.2631578947368421
2023-24,2024-05-19,Manchester City,HOME,fouls_committed,10.5,19,5,0.2631578947368421
2023-24,2024-05-19,Manchester City,HOME,fouls_committed,11.5,19,5,0.2631578947368421
2023-24,2024-05-19,Manchester City,HOME,fouls_committed,12.5,19,1,0.05263157894736842
2023-24,2024-05-19,Manchester City,HOME,fouls_committed,13.5,19,1,0.05263157894736842
2023-24,2024-05-19,Manchester City,HOME,fouls_committed,14.5,19,0,0.0
2023-24,2024-05-19,Manchester City,HOME,fouls_committed,15.5,19,0,0.0
2023-24,2024-05-19,Manchester City,HOME,fouls_suffered,8.5,19,16,0.8421052631578947
2023-24,2024-05-19,Manchester City,HOME,fouls_suffered,9.5,19,14,0.7368421052631579
2023-24,2024-05-19,Manchester City,HOME,fouls_suffered,10.5,19,13,0.6842105263157895
2023-24,2024-05-19,Manchester City,HOME,fouls_suffered,11.5,19,9,0.47368421052631576
2023-24,2024-05-19,Manchester City,HOME,fouls_suffered,12.5,19,6,0.3157894736842105
2023-24,2024-05-19,Manchester City,HOME,fouls_suffered,13.5,19,4,0.21052631578947367
2023-24,2024-05-19,Manchester City,HOME,fouls_suffered,14.5,19,3,0.15789473684210525
2023-24,2024-05-19,Manchester City,HOME,fouls_suffered,15.5,19,3,0.15789473684210525
2023-24,2024-05-19,Manchester City,HOME,corners_for,2.5,19,17,0.8947368421052632
2023-24,2024-05-19,Manchester City,HOME,corners_for,3.5,19,16,0.8421052631578947
2023-24,2024-05-19,Manchester City,HOME,corners_for,4.5,19,15,0.7894736842105263
2023-24,2024-05-19,Manchester City,HOME,corners_for,5.5,19,15,0.7894736842105263
2023-24,2024-05-19,Manchester City,HOME,corners_for,6.5,19,12,0.631578947368421
2023-24,2024-05-19,Manchester City,HOME,corners_for,7.5,19,10,0.5263157894736842
2023-24,2024-05-19,Manchester City,HOME,corners_against,2.5,19,7,0.3684210526315789
2023-24,2024-05-19,Manchester City,HOME,corners_against,3.5,19,5,0.2631578947368421
2023-24,2024-05-19,Manchester City,HOME,corners_against,4.5,19,4,0.21052631578947367
2023-24,2024-05-19,Manchester City,HOME,corners_against,5.5,19,3,0.15789473684210525
2023-24,2024-05-19,Manchester City,HOME,corners_against,6.5,19,1,0.05263157894736842
2023-24,2024-05-19,Manchester City,HOME,corners_against,7.5,19,1,0.05263157894736842
2023-24,2024-05-19,Manchester City,HOME,yellow_cards,0.5,19,13,0.6842105263157895
2023-24,2024-05-19,Manchester City,HOME,yellow_cards,1.5,19,6,0.3157894736842105
2023-24,2024-05-19,Manchester City,HOME,yellow_cards,2.5,19,2,0.10526315789473684
2023-24,2024-05-19,Manchester City,HOME,yellow_cards,3.5,19,1,0.05263157894736842
2023-24,2024-05-19,Manchester City,HOME,yellow_cards,4.5,19,0,0.0
2023-24,2024-05-19,Manchester City,AWAY,fouls_committed,8.5,19,6,0.3157894736842105
2023-24,2024-05-19,Manchester City,AWAY,fouls_committed,9.5,19,6,0.3157894736842105
2023-24,2024-05-19,Manchester City,AWAY,fouls_committed,10.5,19,5,0.2631578947368421
2023-24,2024-05-19,Manchester City,AWAY,fouls_committed,11.5,19,3,0.15789473684210525
2023-24,2024-05-19,Manchester City,AWAY,fouls_committed,12.5,19,2,0.10526315789473684
2023-24,2024-05-19,Manchester City,AWAY,fouls_committed,13.5,19,1,0.05263157894736842
2023-24,2024-05-19,Manchester City,AWAY,fouls_committed,14.5,19,1,0.05263157894736842
2023-24,2024-05-19,Manchester City,AWAY,fouls_committed,15.5,19,0,0.0
2023-24,2024-05-19,Manchester City,AWAY,fouls_suffered,8.5,19,13,0.6842105263157895
2023-24,2024-05-19,Manchester City,AWAY,fouls_suffered,9.5,19,11,0.5789473684210527
2023-24,2024-05-19,Manchester City,AWAY,fouls_suffered,10.5,19,10,0.5263157894736842
2023-24,2024-05-19,Manchester City,AWAY,fouls_suffered,11.5,19,8,0.42105263157894735
2023-24,2024-05-19,Manchester City,AWAY,fouls_suffered,12.5,19,7,0.3684210526315789
2023-24,2024-05-19,Manchester City,AWAY,fouls_suffered,13.5,19,4,0.21052631578947367
2023-24,2024-05-19,Manchester City,AWAY,fouls_suffered,14.5,19,2,0.10526315789473684
2023-24,2024-05-19,Manchester City,AWAY,fouls_suffered,15.5,19,2,0.10526315789473684
2023-24,2024-05-19,Manchester City,AWAY,corners_for,2.5,19,18,0.9473684210526315
2023-24,2024-05-19,Manchester City,AWAY,corners_for,3.5,19,16,0.8421052631578947
2023-24,2024-05-19,Manchester City,AWAY,corners_for,4.5,19,11,0.5789473684210527
2023-24,2024-05-19,Manchester City,AWAY,corners_for,5.5,19,9,0.47368421052631576
2023-24,2024-05-19,Manchester City,AWAY,corners_for,6.5,19,8,0.42105263157894735
2023-24,2024-05-19,Manchester City,AWAY,corners_for,7.5,19,7,0.3684210526315789
2023-24,2024-05-19,Manchester City,AWAY,corners_against,2.5,19,15,0.7894736842105263
2023-24,2024-05-19,Manchester City,AWAY,corners_against,3.5,19,12,0.631578947368421
2023-24,2024-05-19,Manchester City,AWAY,corners_against,4.5,19,9,0.47368421052631576
2023-24,2024-05-19,Manchester City,AWAY,corners_against,5.5,19,8,0.42105263157894735
2023-24,2024-05-19,Manchester City,AWAY,corners_against,6.5,19,5,0.2631578947368421
2023-24,2024-05-19,Manchester City,AWAY,corners_against,7.5,19,2,0.10526315789473684
2023-24,2024-05-19,Manchester City,AWAY,yellow_cards,0.5,19,13,0.6842105263157895
2023-24,2024-05-19,Manchester City,AWAY,yellow_cards,1.5,19,10,0.5263157894736842
2023-24,2024-05-19,Manchester City,AWAY,yellow_cards,2.5,19,5,0.2631578947368421
2023-24,2024-05-19,Manchester City,AWAY,yellow_cards,3.5,19,1,0.05263157894736842
2023-24,2024-05-19,Manchester City,AWAY,yellow_cards,4.5,19,0,0.0
2023-24,2024-05-19,Manchester United,ALL,fouls_committed,8.5,38,25,0.6578947368421053
2023-24,2024-05-19,Manchester United,ALL,fouls_committed,9.5,38,21,0.5526315789473685
2023-24,2024-05-19,Manchester United,ALL,fouls_committed,10.5,38,14,0.3684210526315789
2023-24,2024-05-19,Manchester United,ALL,fouls_committed,11.5,38,13,0.34210526315789475
2023-24,2024-05-19,Manchester United,ALL,fouls_committed,12.5,38,11,0.2894736842105263
2023-24,2024-05-19,Manchester United,ALL,fouls_committed,13.5,38,8,0.21052631578947367
2023-24,2024-05-19,Manchester United,ALL,fouls_committed,14.5,38,5,0.13157894736842105
2023-24,2024-05-19,Manchester United,ALL,fouls_committed,15.5,38,2,0.05263157894736842
2023-24,2024-05-19,Manchester United,ALL,fouls_suffered,8.5,38,25,0.6578947368421053
2023-24,2024-05-19,Manchester United,ALL,fouls_suffered,9.5,38,19,0.5
2023-24,2024-05-19,Manchester United,ALL,fouls_suffered,10.5,38,12,0.3157894736842105
2023-24,2024-05-19,Manchester United,ALL,fouls_suffered,11.5,38,7,0.18421052631578946
2023-24,2024-05-19,Manchester United,ALL,fouls_suffered,12.5,38,4,0.10526315789473684
2023-24,2024-05-19,Manchester United,ALL,fouls_suffered,13.5,38,1,0.02631578947368421
2023-24,2024-05-19,Manchester United,ALL,fouls_suffered,14.5,38,1,0.02631578947368421
2023-24,2024-05-19,Manchester United,ALL,fouls_suffered,15.5,38,1,0.02631578947368421
2023-24,2024-05-19,Manchester United,ALL,corners_for,2.5,38,35,0.9210526315789473
2023-24,2024-05-19,Manchester United,ALL,corners_for,3.5,38,30,0.7894736842105263
2023-24,2024-05-19,Manchester United,ALL,corners_for,4.5,38,25,0.6578947368421053
2023-24,2024-05-19,Manchester United,ALL,corners_for,5.5,38,18,0.47368421052631576
2023-24,2024-05-19,Manchester United,ALL,corners_for,6.5,38,14,0.3684210526315789
2023-24,2024-05-19,Manchester United,ALL,corners_for,7.5,38,12,0.3157894736842105
2023-24,2024-05-19,Manchester United,ALL,corners_against,2.5,38,37,0.9736842105263158
2023-24,2024-05-19,Manchester United,ALL,corners_against,3.5,38,35,0.9210526315789473
2023-24,2024-05-19,Manchester United,ALL,corners_against,4.5,38,28,0.7368421052631579
2023-24,2024-05-19,Manchester United,ALL,corners_against,5.5,38,24,0.631578947368421
2023-24,2024-05-19,Manchester United,ALL,corners_against,6.5,38,21,0.5526315789473685
2023-24,2024-05-19,Manchester United,ALL,corners_against,7.5,38,16,0.42105263157894735
2023-24,2024-05-19,Manchester United,ALL,yellow_cards,0.5,38,30,0.7894736842105263
2023-24,2024-05-19,Manchester United,ALL,yellow_cards,1.5,38,24,0.631578947368421
2023-24,2024-05-19,Manchester United,ALL,yellow_cards,2.5,38,15,0.39473684210526316
2023-24,2024-05-19,Manchester United,ALL,yellow_cards,3.5,38,8,0.21052631578947367
2023-24,2024-05-19,Manchester United,ALL,yellow_cards,4.5,38,3,0.07894736842105263
2023-24,2024-05-19,Manchester United,HOME,fouls_committed,8.5,19,12,0.631578947368421
2023-24,2024-05-19,Manchester United,HOME,fouls_committed,9.5,19,9,0.47368421052631576
2023-24,2024-05-19,Manchester United,HOME,fouls_committed,10.5,19,5,0.2631578947368421
2023-24,2024-05-19,Manchester United,HOME,fouls_committed,11.5,19,5,0.2631578947368421
2023-24,2024-05-19,Manchester United,HOME,fouls_committed,12.5,19,4,0.21052631578947367
2023-24,2024-05-19,Manchester United,HOME,fouls_committed,13.5,19,2,0.10526315789473684
2023-24,2024-05-19,Manchester United,HOME,fouls_committed,14.5,19,1,0.05263157894736842
2023-24,2024-05-19,Manchester United,HOME,fouls_committed,15.5,19,1,0.05263157894736842
2023-24,2024-05-19,Manchester United,HOME,fouls_suffered,8.5,19,13,0.6842105263157895
2023-24,2024-05-19,Manchester United,HOME,fouls_suffered,9.5,19,11,0.5789473684210527
2023-24,2024-05-19,Manchester United,HOME,fouls_suffered,10.5,19,7,0.3684210526315789
2023-24,2024-05-19,Manchester United,HOME,fouls_suffered,11.5,19,2,0.10526315789473684
2023-24,2024-05-19,Manchester United,HOME,fouls_suffered,12.5,19,1,0.05263157894736842
2023-24,2024-05-19,Manchester United,HOME,fouls_suffered,13.5,19,1,0.05263157894736842
2023-24,2024-05-19,Manchester United,HOME,fouls_suffered,14.5,19,1,0.05263157894736842
2023-24,2024-05-19,Manchester United,HOME,fouls_suffered,15.5,19,1,0.05263157894736842
2023-24,2024-05-19,Manchester United,HOME,corners_for,2.5,19,19,1.0
2023-24,2024-05-19,Manchester United,HOME,corners_for,3.5,19,18,0.9473684210526315
2023-24,2024-05-19,Manchester United,HOME,corners_for,4.5,19,17,0.8947368421052632
2023-24,2024-05-19,Manchester United,HOME,corners_for,5.5,19,15,0.7894736842105263
2023-24,2024-05-19,Manchester United,HOME,corners_for,6.5,19,13,0.6842105263157895
2023-24,2024-05-19,Manchester United,HOME,corners_for,7.5,19,11,0.5789473684210527
2023-24,2024-05-19,Manchester United,HOME,corners_against,2.5,19,18,0.9473684210526315
2023-24,2024-05-19,Manchester United,HOME,corners_against,3.5,19,16,0.8421052631578947
2023-24,2024-05-19,Manchester United,HOME,corners_against,4.5,19,12,0.631578947368421
2023-24,2024-05-19,Manchester United,HOME,corners_against,5.5,19,10,0.5263157894736842
2023-24,2024-05-19,Manchester United,HOME,corners_against,6.5,19,9,0.47368421052631576
2023-24,2024-05-19,Manchester United,HOME,corners_against,7.5,19,7,0.3684210526315789
2023-24,2024-05-19,Manchester United,HOME,yellow_cards,0.5,19,14,0.7368421052631579
2023-24,2024-05-19,Manchester United,HOME,yellow_cards,1.5,19,11,0.5789473684210527
2023-24,2024-05-19,Manchester United,HOME,yellow_cards,2.5,19,7,0.3684210526315789
2023-24,2024-05-19,Manchester United,HOME,yellow_cards,3.5,19,4,0.21052631578947367
2023-24,2024-05-19,Manchester United,HOME,yellow_cards,4.5,19,1,0.05263157894736842
2023-24,2024-05-19,Manchester United,AWAY,fouls_committed,8.5,19,13,0.6842105263157895
2023-24,2024-05-19,Manchester United,AWAY,fouls_committed,9.5,19,12,0.631578947368421
2023-24,2024-05-19,Manchester United,AWAY,fouls_committed,10.5,19,9,0.47368421052631576
2023-24,2024-05-19,Manchester United,AWAY,fouls_committed,11.5,19,8,0.42105263157894735
2023-24,2024-05-19,Manchester United,AWAY,fouls_committed,12.5,19,7,0.3684210526315789
2023-24,2024-05-19,Manchester United,AWAY,fouls_committed,13.5,19,6,0.3157894736842105
2023-24,2024-05-19,Manchester United,AWAY,fouls_committed,14.5,19,4,0.21052631578947367
2023-24,2024-05-19,Manchester United,AWAY,fouls_committed,15.5,19,1,0.05263157894736842
2023-24,2024-05-19,Manchester United,AWAY,fouls_suffered,8.5,19,12,0.631578947368421
2023-24,2024-05-19,Manchester United,AWAY,fouls_suffered,9.5,19,8,0.42105263157894735
2023-24,2024-05-19,Manchester United,AWAY,fouls_suffered,10.5,19,5,0.2631578947368421
2023-24,2024-05-19,Manchester United,AWAY,fouls_suffered,11.5,19,5,0.2631578947368421
2023-24,2024-05-19,Manchester United,AWAY,fouls_suffered,12.5,19,3,0.15789473684210525
2023-24,2024-05-19,Manchester United,AWAY,fouls_suffered,13.5,19,0,0.0
2023-24,2024-05-19,Manchester United,AWAY,fouls_suffered,14.5,19,0,0.0
2023-24,2024-05-19,Manchester United,AWAY,fouls_suffered,15.5,19,0,0.0
2023-24,2024-05-19,Manchester United,AWAY,corners_for,2.5,19,16,0.8421052631578947
2023-24,2024-05-19,Manchester United,AWAY,corners_for,3.5,19,12,0.631578947368421
2023-24,2024-05-19,Manchester United,AWAY,corners_for,4.5,19,8,0.42105263157894735
2023-24,2024-05-19,Manchester United,AWAY,corners_for,5.5,19,3,0.15789473684210525
2023-24,2024-05-19,Manchester United,AWAY,corners_for,6.5,19,1,0.05263157894736842
2023-24,2024-05-19,Manchester United,AWAY,corners_for,7.5,19,1,0.05263157894736842
2023-24,2024-05-19,Manchester United,AWAY,corners_against,2.5,19,19,1.0
2023-24,2024-05-19,Manchester United,AWAY,corners_against,3.5,19,19,1.0
2023-24,2024-05-19,Manchester United,AWAY,corners_against,4.5,19,16,0.8421052631578947
2023-24,2024-05-19,Manchester United,AWAY,corners_against,5.5,19,14,0.7368421052631579
2023-24,2024-05-19,Manchester United,AWAY,corners_against,6.5,19,12,0.631578947368421
2023-24,2024-05-19,Manchester United,AWAY,corners_against,7.5,19,9,0.47368421052631576
2023-24,2024-05-19,Manchester United,AWAY,yellow_cards,0.5,19,16,0.8421052631578947
2023-24,2024-05-19,Manchester United,AWAY,yellow_cards,1.5,19,13,0.6842105263157895
2023-24,2024-05-19,Manchester United,AWAY,yellow_cards,2.5,19,8,0.42105263157894735
2023-24,2024-05-19,Manchester United,AWAY,yellow_cards,3.5,19,4,0.21052631578947367
2023-24,2024-05-19,Manchester United,AWAY,yellow_cards,4.5,19,2,0.10526315789473684
2023-24,2024-05-19,Newcastle United,ALL,fouls_committed,8.5,38,22,0.5789473684210527
2023-24,2024-05-19,Newcastle United,ALL,fouls_committed,9.5,38,17,0.4473684210526316
2023-24,2024-05-19,Newcastle United,ALL,fouls_committed,10.5,38,16,0.42105263157894735
2023-24,2024-05-19,Newcastle United,ALL,fouls_committed,11.5,38,14,0.3684210526315789
2023-24,2024-05-19,Newcastle United,ALL,fouls_committed,12.5,38,11,0.2894736842105263
2023-24,2024-05-19,Newcastle United,ALL,fouls_committed,13.5,38,8,0.21052631578947367
2023-24,2024-05-19,Newcastle United,ALL,fouls_committed,14.5,38,6,0.15789473684210525
2023-24,2024-05-19,Newcastle United,ALL,fouls_committed,15.5,38,3,0.07894736842105263
2023-24,2024-05-19,Newcastle United,ALL,fouls_suffered,8.5,38,35,0.9210526315789473
2023-24,2024-05-19,Newcastle United,ALL,fouls_suffered,9.5,38,33,0.868421052631579
2023-24,2024-05-19,Newcastle United,ALL,fouls_suffered,10.5,38,27,0.7105263157894737
2023-24,2024-05-19,Newcastle United,ALL,fouls_suffered,11.5,38,23,0.6052631578947368
2023-24,2024-05-19,Newcastle United,ALL,fouls_suffered,12.5,38,16,0.42105263157894735
2023-24,2024-05-19,Newcastle United,ALL,fouls_suffered,13.5,38,14,0.3684210526315789
2023-24,2024-05-19,Newcastle United,ALL,fouls_suffered,14.5,38,11,0.2894736842105263
2023-24,2024-05-19,Newcastle United,ALL,fouls_suffered,15.5,38,8,0.21052631578947367
2023-24,2024-05-19,Newcastle United,ALL,corners_for,2.5,38,31,0.8157894736842105
2023-24,2024-05-19,Newcastle United,ALL,corners_for,3.5,38,25,0.6578947368421053
2023-24,2024-05-19,Newcastle United,ALL,corners_for,4.5,38,20,0.5263157894736842
2023-24,2024-05-19,Newcastle United,ALL,corners_for,5.5,38,16,0.42105263157894735
2023-24,2024-05-19,Newcastle United,ALL,corners_for,6.5,38,12,0.3157894736842105
2023-24,2024-05-19,Newcastle United,ALL,corners_for,7.5,38,7,0.18421052631578946
2023-24,2024-05-19,Newcastle United,ALL,corners_against,2.5,38,31,0.8157894736842105
2023-24,2024-05-19,Newcastle United,ALL,corners_against,3.5,38,23,0.6052631578947368
2023-24,2024-05-19,Newcastle United,ALL,corners_against,4.5,38,18,0.47368421052631576
2023-24,2024-05-19,Newcastle United,ALL,corners_against,5.5,38,13,0.34210526315789475
2023-24,2024-05-19,Newcastle United,ALL,corners_against,6.5,38,11,0.2894736842105263
2023-24,2024-05-19,Newcastle United,ALL,corners_against,7.5,38,9,0.23684210526315788
2023-24,2024-05-19,Newcastle United,ALL,yellow_cards,0.5,38,30,0.7894736842105263
2023-24,2024-05-19,Newcastle United,ALL,yellow_cards,1.5,38,20,0.5263157894736842
2023-24,2024-05-19,Newcastle United,ALL,yellow_cards,2.5,38,15,0.39473684210526316
2023-24,2024-05-19,Newcastle United,ALL,yellow_cards,3.5,38,8,0.21052631578947367
2023-24,2024-05-19,Newcastle United,ALL,yellow_cards,4.5,38,3,0.07894736842105263
2023-24,2024-05-19,Newcastle United,HOME,fouls_committed,8.5,19,12,0.631578947368421
2023-24,2024-05-19,Newcastle United,HOME,fouls_committed,9.5,19,7,0.3684210526315789
2023-24,2024-05-19,Newcastle United,HOME,fouls_committed,10.5,19,6,0.3157894736842105
2023-24,2024-05-19,Newcastle United,HOME,fouls_committed,11.5,19,6,0.3157894736842105
2023-24,2024-05-19,Newcastle United,HOME,fouls_committed,12.5,19,5,0.2631578947368421
2023-24,2024-05-19,Newcastle United,HOME,fouls_committed,13.5,19,3,0.15789473684210525
2023-24,2024-05-19,Newcastle United,HOME,fouls_committed,14.5,19,1,0.05263157894736842
2023-24,2024-05-19,Newcastle United,HOME,fouls_committed,15.5,19,1,0.05263157894736842
2023-24,2024-05-19,Newcastle United,HOME,fouls_suffered,8.5,19,17,0.8947368421052632
2023-24,2024-05-19,Newcastle United,HOME,fouls_suffered,9.5,19,16,0.8421052631578947
2023-24,2024-05-19,Newcastle United,HOME,fouls_suffered,10.5,19,14,0.7368421052631579
2023-24,2024-05-19,Newcastle United,HOME,fouls_suffered,11.5,19,12,0.631578947368421
2023-24,2024-05-19,Newcastle United,HOME,fouls_suffered,12.5,19,8,0.42105263157894735
2023-24,2024-05-19,Newcastle United,HOME,fouls_suffered,13.5,19,7,0.3684210526315789
2023-24,2024-05-19,Newcastle United,HOME,fouls_suffered,14.5,19,6,0.3157894736842105
2023-24,2024-05-19,Newcastle United,HOME,fouls_suffered,15.5,19,5,0.2631578947368421
2023-24,2024-05-19,Newcastle United,HOME,corners_for,2.5,19,18,0.9473684210526315
2023-24,2024-05-19,Newcastle United,HOME,corners_for,3.5,19,15,0.7894736842105263
2023-24,2024-05-19,Newcastle United,HOME,corners_for,4.5,19,12,0.631578947368421
2023-24,2024-05-19,Newcastle United,HOME,corners_for,5.5,19,9,0.47368421052631576
2023-24,2024-05-19,Newcastle United,HOME,corners_for,6.5,19,7,0.3684210526315789
2023-24,2024-05-19,Newcastle United,HOME,corners_for,7.5,19,5,0.2631578947368421
2023-24,2024-05-19,Newcastle United,HOME,corners_against,2.5,19,14,0.7368421052631579
2023-24,2024-05-19,Newcastle United,HOME,corners_against,3.5,19,9,0.47368421052631576
2023-24,2024-05-19,Newcastle United,HOME,corners_against,4.5,19,7,0.3684210526315789
2023-24,2024-05-19,Newcastle United,HOME,corners_against,5.5,19,4,0.21052631578947367
2023-24,2024-05-19,Newcastle United,HOME,corners_against,6.5,19,4,0.21052631578947367
2023-24,2024-05-19,Newcastle United,HOME,corners_against,7.5,19,4,0.21052631578947367
2023-24,2024-05-19,Newcastle United,HOME,yellow_cards,0.5,19,14,0.7368421052631579
2023-24,2024-05-19,Newcastle United,HOME,yellow_cards,1.5,19,8,0.42105263157894735
2023-24,2024-05-19,Newcastle United,HOME,yellow_cards,2.5,19,6,0.3157894736842105
2023-24,2024-05-19,Newcastle United,HOME,yellow_cards,3.5,19,3,0.15789473684210525
2023-24,2024-05-19,Newcastle United,HOME,yellow_cards,4.5,19,1,0.05263157894736842
2023-24,2024-05-19,Newcastle United,AWAY,fouls_committed,8.5,19,10,0.5263157894736842
2023-24,2024-05-19,Newcastle United,AWAY,fouls_committed,9.5,19,10,0.5263157894736842
2023-24,2024-05-19,Newcastle United,AWAY,fouls_committed,10.5,19,10,0.5263157894736842
2023-24,2024-05-19,Newcastle United,AWAY,fouls_committed,11.5,19,8,0.42105263157894735
2023-24,2024-05-19,Newcastle United,AWAY,fouls_committed,12.5,19,6,0.3157894736842105
2023-24,2024-05-19,Newcastle United,AWAY,fouls_committed,13.5,19,5,0.2631578947368421
2023-24,2024-05-19,Newcastle United,AWAY,fouls_committed,14.5,19,5,0.2631578947368421
2023-24,2024-05-19,Newcastle United,AWAY,fouls_committed,15.5,19,2,0.10526315789473684
2023-24,2024-05-19,Newcastle United,AWAY,fouls_suffered,8.5,19,18,0.9473684210526315
2023-24,2024-05-19,Newcastle United,AWAY,fouls_suffered,9.5,19,17,0.8947368421052632
2023-24,2024-05-19,Newcastle United,AWAY,fouls_suffered,10.5,19,13,0.6842105263157895
2023-24,2024-05-19,Newcastle United,AWAY,fouls_suffered,11.5,19,11,0.5789473684210527
2023-24,2024-05-19,Newcastle United,AWAY,fouls_suffered,12.5,19,8,0.42105263157894735
2023-24,2024-05-19,Newcastle United,AWAY,fouls_suffered,13.5,19,7,0.3684210526315789
2023-24,2024-05-19,Newcastle United,AWAY,fouls_suffered,14.5,19,5,0.2631578947368421
2023-24,2024-05-19,Newcastle United,AWAY,fouls_suffered,15.5,19,3,0.15789473684210525
2023-24,2024-05-19,Newcastle United,AWAY,corners_for,2.5,19,13,0.6842105263157895
2023-24,2024-05-19,Newcastle United,AWAY,corners_for,3.5,19,10,0.5263157894736842
2023-24,2024-05-19,Newcastle United,AWAY,corners_for,4.5,19,8,0.42105263157894735
2023-24,2024-05-19,Newcastle United,AWAY,corners_for,5.5,19,7,0.3684210526315789
2023-24,2024-05-19,Newcastle United,AWAY,corners_for,6.5,19,5,0.2631578947368421
2023-24,2024-05-19,Newcastle United,AWAY,corners_for,7.5,19,2,0.10526315789473684
2023-24,2024-05-19,Newcastle United,AWAY,corners_against,2.5,19,17,0.8947368421052632
2023-24,2024-05-19,Newcastle United,AWAY,corners_against,3.5,19,14,0.7368421052631579
2023-24,2024-05-19,Newcastle United,AWAY,corners_against,4.5,19,11,0.5789473684210527
2023-24,2024-05-19,Newcastle United,AWAY,corners_against,5.5,19,9,0.47368421052631576
2023-24,2024-05-19,Newcastle United,AWAY,corners_against,6.5,19,7,0.3684210526315789
2023-24,2024-05-19,Newcastle United,AWAY,corners_against,7.5,19,5,0.2631578947368421
2023-24,2024-05-19,Newcastle United,AWAY,yellow_cards,0.5,19,16,0.8421052631578947
2023-24,2024-05-19,Newcastle United,AWAY,yellow_cards,1.5,19,12,0.631578947368421
2023-24,2024-05-19,Newcastle United,AWAY,yellow_cards,2.5,19,9,0.47368421052631576
2023-24,2024-05-19,Newcastle United,AWAY,yellow_cards,3.5,19,5,0.2631578947368421
2023-24,2024-05-19,Newcastle United,AWAY,yellow_cards,4.5,19,2,0.10526315789473684
2023-24,2024-05-19,Nottingham Forest,ALL,fouls_committed,8.5,38,30,0.7894736842105263
2023-24,2024-05-19,Nottingham Forest,ALL,fouls_committed,9.5,38,26,0.6842105263157895
2023-24,2024-05-19,Nottingham Forest,ALL,fouls_committed,10.5,38,24,0.631578947368421
2023-24,2024-05-19,Nottingham Forest,ALL,fouls_committed,11.5,38,20,0.5263157894736842
2023-24,2024-05-19,Nottingham Forest,ALL,fouls_committed,12.5,38,13,0.34210526315789475
2023-24,2024-05-19,Nottingham Forest,ALL,fouls_committed,13.5,38,11,0.2894736842105263
2023-24,2024-05-19,Nottingham Forest,ALL,fouls_committed,14.5,38,7,0.18421052631578946
2023-24,2024-05-19,Nottingham Forest,ALL,fouls_committed,15.5,38,5,0.13157894736842105
2023-24,2024-05-19,Nottingham Forest,ALL,fouls_suffered,8.5,38,28,0.7368421052631579
2023-24,2024-05-19,Nottingham Forest,ALL,fouls_suffered,9.5,38,22,0.5789473684210527
2023-24,2024-05-19,Nottingham Forest,ALL,fouls_suffered,10.5,38,14,0.3684210526315789
2023-24,2024-05-19,Nottingham Forest,ALL,fouls_suffered,11.5,38,9,0.23684210526315788
2023-24,2024-05-19,Nottingham Forest,ALL,fouls_suffered,12.5,38,6,0.15789473684210525
2023-24,2024-05-19,Nottingham Forest,ALL,fouls_suffered,13.5,38,5,0.13157894736842105
2023-24,2024-05-19,Nottingham Forest,ALL,fouls_suffered,14.5,38,3,0.07894736842105263
2023-24,2024-05-19,Nottingham Forest,ALL,fouls_suffered,15.5,38,1,0.02631578947368421
2023-24,2024-05-19,Nottingham Forest,ALL,corners_for,2.5,38,30,0.7894736842105263
2023-24,2024-05-19,Nottingham Forest,ALL,corners_for,3.5,38,21,0.5526315789473685
2023-24,2024-05-19,Nottingham Forest,ALL,corners_for,4.5,38,12,0.3157894736842105
2023-24,2024-05-19,Nottingham Forest,ALL,corners_for,5.5,38,9,0.23684210526315788
2023-24,2024-05-19,Nottingham Forest,ALL,corners_for,6.5,38,3,0.07894736842105263
2023-24,2024-05-19,Nottingham Forest,ALL,corners_for,7.5,38,1,0.02631578947368421
2023-24,2024-05-19,Nottingham Forest,ALL,corners_against,2.5,38,36,0.9473684210526315
2023-24,2024-05-19,Nottingham Forest,ALL,corners_against,3.5,38,33,0.868421052631579
2023-24,2024-05-19,Nottingham Forest,ALL,corners_against,4.5,38,27,0.7105263157894737
2023-24,2024-05-19,Nottingham Forest,ALL,corners_against,5.5,38,24,0.631578947368421
2023-24,2024-05-19,Nottingham Forest,ALL,corners_against,6.5,38,15,0.39473684210526316
2023-24,2024-05-19,Nottingham Forest,ALL,corners_against,7.5,38,13,0.34210526315789475
2023-24,2024-05-19,Nottingham Forest,ALL,yellow_cards,0.5,38,33,0.868421052631579
2023-24,2024-05-19,Nottingham Forest,ALL,yellow_cards,1.5,38,24,0.631578947368421
2023-24,2024-05-19,Nottingham Forest,ALL,yellow_cards,2.5,38,10,0.2631578947368421
2023-24,2024-05-19,Nottingham Forest,ALL,yellow_cards,3.5,38,5,0.13157894736842105
2023-24,2024-05-19,Nottingham Forest,ALL,yellow_cards,4.5,38,1,0.02631578947368421
2023-24,2024-05-19,Nottingham Forest,HOME,fouls_committed,8.5,19,13,0.6842105263157895
2023-24,2024-05-19,Nottingham Forest,HOME,fouls_committed,9.5,19,11,0.5789473684210527
2023-24,2024-05-19,Nottingham Forest,HOME,fouls_committed,10.5,19,10,0.5263157894736842
2023-24,2024-05-19,Nottingham Forest,HOME,fouls_committed,11.5,19,9,0.47368421052631576
2023-24,2024-05-19,Nottingham Forest,HOME,fouls_committed,12.5,19,7,0.3684210526315789
2023-24,2024-05-19,Nottingham Forest,HOME,fouls_committed,13.5,19,6,0.3157894736842105
2023-24,2024-05-19,Nottingham Forest,HOME,fouls_committed,14.5,19,4,0.21052631578947367
2023-24,2024-05-19,Nottingham Forest,HOME,fouls_committed,15.5,19,2,0.10526315789473684
2023-24,2024-05-19,Nottingham Forest,HOME,fouls_suffered,8.5,19,13,0.6842105263157895
2023-24,2024-05-19,Nottingham Forest,HOME,fouls_suffered,9.5,19,11,0.5789473684210527
2023-24,2024-05-19,Nottingham Forest,HOME,fouls_suffered,10.5,19,7,0.3684210526315789
2023-24,2024-05-19,Nottingham Forest,HOME,fouls_suffered,11.5,19,4,0.21052631578947367
2023-24,2024-05-19,Nottingham Forest,HOME,fouls_suffered,12.5,19,2,0.10526315789473684
2023-24,2024-05-19,Nottingham Forest,HOME,fouls_suffered,13.5,19,2,0.10526315789473684
2023-24,2024-05-19,Nottingham Forest,HOME,fouls_suffered,14.5,19,1,0.05263157894736842
2023-24,2024-05-19,Nottingham Forest,HOME,fouls_suffered,15.5,19,0,0.0
2023-24,2024-05-19,Nottingham Forest,HOME,corners_for,2.5,19,16,0.8421052631578947
2023-24,2024-05-19,Nottingham Forest,HOME,corners_for,3.5,19,14,0.7368421052631579
2023-24,2024-05-19,Nottingham Forest,HOME,corners_for,4.5,19,8,0.42105263157894735
2023-24,2024-05-19,Nottingham Forest,HOME,corners_for,5.5,19,5,0.2631578947368421
2023-24,2024-05-19,Nottingham Forest,HOME,corners_for,6.5,19,1,0.05263157894736842
2023-24,2024-05-19,Nottingham Forest,HOME,corners_for,7.5,19,1,0.05263157894736842
2023-24,2024-05-19,Nottingham Forest,HOME,corners_against,2.5,19,17,0.8947368421052632
2023-24,2024-05-19,Nottingham Forest,HOME,corners_against,3.5,19,15,0.7894736842105263
2023-24,2024-05-19,Nottingham Forest,HOME,corners_against,4.5,19,11,0.5789473684210527
2023-24,2024-05-19,Nottingham Forest,HOME,corners_against,5.5,19,9,0.47368421052631576
2023-24,2024-05-19,Nottingham Forest,HOME,corners_against,6.5,19,6,0.3157894736842105
2023-24,2024-05-19,Nottingham Forest,HOME,corners_against,7.5,19,5,0.2631578947368421
2023-24,2024-05-19,Nottingham Forest,HOME,yellow_cards,0.5,19,15,0.7894736842105263
2023-24,2024-05-19,Nottingham Forest,HOME,yellow_cards,1.5,19,10,0.5263157894736842
2023-24,2024-05-19,Nottingham Forest,HOME,yellow_cards,2.5,19,2,0.10526315789473684
2023-24,2024-05-19,Nottingham Forest,HOME,yellow_cards,3.5,19,1,0.05263157894736842
2023-24,2024-05-19,Nottingham Forest,HOME,yellow_cards,4.5,19,0,0.0
2023-24,2024-05-19,Nottingham Forest,AWAY,fouls_committed,8.5,19,17,0.8947368421052632
2023-24,2024-05-19,Nottingham Forest,AWAY,fouls_committed,9.5,19,15,0.7894736842105263
2023-24,2024-05-19,Nottingham Forest,AWAY,fouls_committed,10.5,19,14,0.7368421052631579
2023-24,2024-05-19,Nottingham Forest,AWAY,fouls_committed,11.5,19,11,0.5789473684210527
2023-24,2024-05-19,Nottingham Forest,AWAY,fouls_committed,12.5,19,6,0.3157894736842105
2023-24,2024-05-19,Nottingham Forest,AWAY,fouls_committed,13.5,19,5,0.2631578947368421
2023-24,2024-05-19,Nottingham Forest,AWAY,fouls_committed,14.5,19,3,0.15789473684210525
2023-24,2024-05-19,Nottingham Forest,AWAY,fouls_committed,15.5,19,3,0.15789473684210525
2023-24,2024-05-19,Nottingham Forest,AWAY,fouls_suffered,8.5,19,15,0.7894736842105263
2023-24,2024-05-19,Nottingham Forest,AWAY,fouls_suffered,9.5,19,11,0.5789473684210527
2023-24,2024-05-19,Nottingham Forest,AWAY,fouls_suffered,10.5,19,7,0.3684210526315789
2023-24,2024-05-19,Nottingham Forest,AWAY,fouls_suffered,11.5,19,5,0.2631578947368421
2023-24,2024-05-19,Nottingham Forest,AWAY,fouls_suffered,12.5,19,4,0.21052631578947367
2023-24,2024-05-19,Nottingham Forest,AWAY,fouls_suffered,13.5,19,3,0.15789473684210525
2023-24,2024-05-19,Nottingham Forest,AWAY,fouls_suffered,14.5,19,2,0.10526315789473684
2023-24,2024-05-19,Nottingham Forest,AWAY,fouls_suffered,15.5,19,1,0.05263157894736842
2023-24,2024-05-19,Nottingham Forest,AWAY,corners_for,2.5,19,14,0.7368421052631579
2023-24,2024-05-19,Nottingham Forest,AWAY,corners_for,3.5,19,7,0.3684210526315789
2023-24,2024-05-19,Nottingham Forest,AWAY,corners_for,4.5,19,4,0.21052631578947367
2023-24,2024-05-19,Nottingham Forest,AWAY,corners_for,5.5,19,4,0.21052631578947367
2023-24,2024-05-19,Nottingham Forest,AWAY,corners_for,6.5,19,2,0.10526315789473684
2023-24,2024-05-19,Nottingham Forest,AWAY,corners_for,7.5,19,0,0.0
2023-24,2024-05-19,Nottingham Forest,AWAY,corners_against,2.5,19,19,1.0
2023-24,2024-05-19,Nottingham Forest,AWAY,corners_against,3.5,19,18,0.9473684210526315
2023-24,2024-05-19,Nottingham Forest,AWAY,corners_against,4.5,19,16,0.8421052631578947
2023-24,2024-05-19,Nottingham Forest,AWAY,corners_against,5.5,19,15,0.7894736842105263
2023-24,2024-05-19,Nottingham Forest,AWAY,corners_against,6.5,19,9,0.47368421052631576
2023-24,2024-05-19,Nottingham Forest,AWAY,corners_against,7.5,19,8,0.42105263157894735
2023-24,2024-05-19,Nottingham Forest,AWAY,yellow_cards,0.5,19,18,0.9473684210526315
2023-24,2024-05-19,Nottingham Forest,AWAY,yellow_cards,1.5,19,14,0.7368421052631579
2023-24,2024-05-19,Nottingham Forest,AWAY,yellow_cards,2.5,19,8,0.42105263157894735
2023-24,2024-05-19,Nottingham Forest,AWAY,yellow_cards,3.5,19,4,0.21052631578947367
2023-24,2024-05-19,Nottingham Forest,AWAY,yellow_cards,4.5,19,1,0.05263157894736842
2023-24,2024-05-19,Sheffield United,ALL,fouls_committed,8.5,38,34,0.8947368421052632
2023-24,2024-05-19,Sheffield United,ALL,fouls_committed,9.5,38,29,0.7631578947368421
2023-24,2024-05-19,Sheffield United,ALL,fouls_committed,10.5,38,24,0.631578947368421
2023-24,2024-05-19,Sheffield United,ALL,fouls_committed,11.5,38,16,0.42105263157894735
2023-24,2024-05-19,Sheffield United,ALL,fouls_committed,12.5,38,10,0.2631578947368421
2023-24,2024-05-19,Sheffield United,ALL,fouls_committed,13.5,38,7,0.18421052631578946
2023-24,2024-05-19,Sheffield United,ALL,fouls_committed,14.5,38,4,0.10526315789473684
2023-24,2024-05-19,Sheffield United,ALL,fouls_committed,15.5,38,4,0.10526315789473684
2023-24,2024-05-19,Sheffield United,ALL,fouls_suffered,8.5,38,19,0.5
2023-24,2024-05-19,Sheffield United,ALL,fouls_suffered,9.5,38,13,0.34210526315789475
2023-24,2024-05-19,Sheffield United,ALL,fouls_suffered,10.5,38,9,0.23684210526315788
2023-24,2024-05-19,Sheffield United,ALL,fouls_suffered,11.5,38,7,0.18421052631578946
2023-24,2024-05-19,Sheffield United,ALL,fouls_suffered,12.5,38,6,0.15789473684210525
2023-24,2024-05-19,Sheffield United,ALL,fouls_suffered,13.5,38,0,0.0
2023-24,2024-05-19,Sheffield United,ALL,fouls_suffered,14.5,38,0,0.0
2023-24,2024-05-19,Sheffield United,ALL,fouls_suffered,15.5,38,0,0.0
2023-24,2024-05-19,Sheffield United,ALL,corners_for,2.5,38,24,0.631578947368421
2023-24,2024-05-19,Sheffield United,ALL,corners_for,3.5,38,20,0.5263157894736842
2023-24,2024-05-19,Sheffield United,ALL,corners_for,4.5,38,13,0.34210526315789475
2023-24,2024-05-19,Sheffield United,ALL,corners_for,5.5,38,8,0.21052631578947367
2023-24,2024-05-19,Sheffield United,ALL,corners_for,6.5,38,4,0.10526315789473684
2023-24,2024-05-19,Sheffield United,ALL,corners_for,7.5,38,2,0.05263157894736842
2023-24,2024-05-19,Sheffield United,ALL,corners_against,2.5,38,36,0.9473684210526315
2023-24,2024-05-19,Sheffield United,ALL,corners_against,3.5,38,33,0.868421052631579
2023-24,2024-05-19,Sheffield United,ALL,corners_against,4.5,38,27,0.7105263157894737
2023-24,2024-05-19,Sheffield United,ALL,corners_against,5.5,38,25,0.6578947368421053
2023-24,2024-05-19,Sheffield United,ALL,corners_against,6.5,38,17,0.4473684210526316
2023-24,2024-05-19,Sheffield United,ALL,corners_against,7.5,38,13,0.34210526315789475
2023-24,2024-05-19,Sheffield United,ALL,yellow_cards,0.5,38,36,0.9473684210526315
2023-24,2024-05-19,Sheffield United,ALL,yellow_cards,1.5,38,25,0.6578947368421053
2023-24,2024-05-19,Sheffield United,ALL,yellow_cards,2.5,38,18,0.47368421052631576
2023-24,2024-05-19,Sheffield United,ALL,yellow_cards,3.5,38,9,0.23684210526315788
2023-24,2024-05-19,Sheffield United,ALL,yellow_cards,4.5,38,5,0.13157894736842105
2023-24,2024-05-19,Sheffield United,HOME,fouls_committed,8.5,19,17,0.8947368421052632
2023-24,2024-05-19,Sheffield United,HOME,fouls_committed,9.5,19,16,0.8421052631578947
2023-24,2024-05-19,Sheffield United,HOME,fouls_committed,10.5,19,13,0.6842105263157895
2023-24,2024-05-19,Sheffield United,HOME,fouls_committed,11.5,19,8,0.42105263157894735
2023-24,2024-05-19,Sheffield United,HOME,fouls_committed,12.5,19,4,0.21052631578947367
2023-24,2024-05-19,Sheffield United,HOME,fouls_committed,13.5,19,2,0.10526315789473684
2023-24,2024-05-19,Sheffield United,HOME,fouls_committed,14.5,19,1,0.05263157894736842
2023-24,2024-05-19,Sheffield United,HOME,fouls_committed,15.5,19,1,0.05263157894736842
2023-24,2024-05-19,Sheffield United,HOME,fouls_suffered,8.5,19,11,0.5789473684210527
2023-24,2024-05-19,Sheffield United,HOME,fouls_suffered,9.5,19,9,0.47368421052631576
2023-24,2024-05-19,Sheffield United,HOME,fouls_suffered,10.5,19,5,0.2631578947368421
2023-24,2024-05-19,Sheffield United,HOME,fouls_suffered,11.5,19,4,0.21052631578947367
2023-24,2024-05-19,Sheffield United,HOME,fouls_suffered,12.5,19,4,0.21052631578947367
2023-24,2024-05-19,Sheffield United,HOME,fouls_suffered,13.5,19,0,0.0
2023-24,2024-05-19,Sheffield United,HOME,fouls_suffered,14.5,19,0,0.0
2023-24,2024-05-19,Sheffield United,HOME,fouls_suffered,15.5,19,0,0.0
2023-24,2024-05-19,Sheffield United,HOME,corners_for,2.5,19,13,0.6842105263157895
2023-24,2024-05-19,Sheffield United,HOME,corners_for,3.5,19,11,0.5789473684210527
2023-24,2024-05-19,Sheffield United,HOME,corners_for,4.5,19,7,0.3684210526315789
2023-24,2024-05-19,Sheffield United,HOME,corners_for,5.5,19,3,0.15789473684210525
2023-24,2024-05-19,Sheffield United,HOME,corners_for,6.5,19,3,0.15789473684210525
2023-24,2024-05-19,Sheffield United,HOME,corners_for,7.5,19,2,0.10526315789473684
2023-24,2024-05-19,Sheffield United,HOME,corners_against,2.5,19,17,0.8947368421052632
2023-24,2024-05-19,Sheffield United,HOME,corners_against,3.5,19,16,0.8421052631578947
2023-24,2024-05-19,Sheffield United,HOME,corners_against,4.5,19,11,0.5789473684210527
2023-24,2024-05-19,Sheffield United,HOME,corners_against,5.5,19,10,0.5263157894736842
2023-24,2024-05-19,Sheffield United,HOME,corners_against,6.5,19,6,0.3157894736842105
2023-24,2024-05-19,Sheffield United,HOME,corners_against,7.5,19,4,0.21052631578947367
2023-24,2024-05-19,Sheffield United,HOME,yellow_cards,0.5,19,18,0.9473684210526315
2023-24,2024-05-19,Sheffield United,HOME,yellow_cards,1.5,19,13,0.6842105263157895
2023-24,2024-05-19,Sheffield United,HOME,yellow_cards,2.5,19,10,0.5263157894736842
2023-24,2024-05-19,Sheffield United,HOME,yellow_cards,3.5,19,5,0.2631578947368421
2023-24,2024-05-19,Sheffield United,HOME,yellow_cards,4.5,19,2,0.10526315789473684
2023-24,2024-05-19,Sheffield United,AWAY,fouls_committed,8.5,19,17,0.8947368421052632
2023-24,2024-05-19,Sheffield United,AWAY,fouls_committed,9.5,19,13,0.6842105263157895
2023-24,2024-05-19,Sheffield United,AWAY,fouls_committed,10.5,19,11,0.5789473684210527
2023-24,2024-05-19,Sheffield United,AWAY,fouls_committed,11.5,19,8,0.42105263157894735
2023-24,2024-05-19,Sheffield United,AWAY,fouls_committed,12.5,19,6,0.3157894736842105
2023-24,2024-05-19,Sheffield United,AWAY,fouls_committed,13.5,19,5,0.2631578947368421
2023-24,2024-05-19,Sheffield United,AWAY,fouls_committed,14.5,19,3,0.15789473684210525
2023-24,2024-05-19,Sheffield United,AWAY,fouls_committed,15.5,19,3,0.15789473684210525
2023-24,2024-05-19,Sheffield United,AWAY,fouls_suffered,8.5,19,8,0.42105263157894735
2023-24,2024-05-19,Sheffield United,AWAY,fouls_suffered,9.5,19,4,0.21052631578947367
2023-24,2024-05-19,Sheffield United,AWAY,fouls_suffered,10.5,19,4,0.21052631578947367
2023-24,2024-05-19,Sheffield United,AWAY,fouls_suffered,11.5,19,3,0.15789473684210525
2023-24,2024-05-19,Sheffield United,AWAY,fouls_suffered,12.5,19,2,0.10526315789473684
2023-24,2024-05-19,Sheffield United,AWAY,fouls_suffered,13.5,19,0,0.0
2023-24,2024-05-19,Sheffield United,AWAY,fouls_suffered,14.5,19,0,0.0
2023-24,2024-05-19,Sheffield United,AWAY,fouls_suffered,15.5,19,0,0.0
2023-24,2024-05-19,Sheffield United,AWAY,corners_for,2.5,19,11,0.5789473684210527
2023-24,2024-05-19,Sheffield United,AWAY,corners_for,3.5,19,9,0.47368421052631576
2023-24,2024-05-19,Sheffield United,AWAY,corners_for,4.5,19,6,0.3157894736842105
2023-24,2024-05-19,Sheffield United,AWAY,corners_for,5.5,19,5,0.2631578947368421
2023-24,2024-05-19,Sheffield United,AWAY,corners_for,6.5,19,1,0.05263157894736842
2023-24,2024-05-19,Sheffield United,AWAY,corners_for,7.5,19,0,0.0
2023-24,2024-05-19,Sheffield United,AWAY,corners_against,2.5,19,19,1.0
2023-24,2024-05-19,Sheffield United,AWAY,corners_against,3.5,19,17,0.8947368421052632
2023-24,2024-05-19,Sheffield United,AWAY,corners_against,4.5,19,16,0.8421052631578947
2023-24,2024-05-19,Sheffield United,AWAY,corners_against,5.5,19,15,0.7894736842105263
2023-24,2024-05-19,Sheffield United,AWAY,corners_against,6.5,19,11,0.5789473684210527
2023-24,2024-05-19,Sheffield United,AWAY,corners_against,7.5,19,9,0.47368421052631576
2023-24,2024-05-19,Sheffield United,AWAY,yellow_cards,0.5,19,18,0.9473684210526315
2023-24,2024-05-19,Sheffield United,AWAY,yellow_cards,1.5,19,12,0.631578947368421
2023-24,2024-05-19,Sheffield United,AWAY,yellow_cards,2.5,19,8,0.42105263157894735
2023-24,2024-05-19,Sheffield United,AWAY,yellow_cards,3.5,19,4,0.21052631578947367
2023-24,2024-05-19,Sheffield United,AWAY,yellow_cards,4.5,19,3,0.15789473684210525
2023-24,2024-05-19,Tottenham,ALL,fouls_committed,8.5,38,32,0.8421052631578947
2023-24,2024-05-19,Tottenham,ALL,fouls_committed,9.5,38,27,0.7105263157894737
2023-24,2024-05-19,Tottenham,ALL,fouls_committed,10.5,38,23,0.6052631578947368
2023-24,2024-05-19,Tottenham,ALL,fouls_committed,11.5,38,16,0.42105263157894735
2023-24,2024-05-19,Tottenham,ALL,fouls_committed,12.5,38,12,0.3157894736842105
2023-24,2024-05-19,Tottenham,ALL,fouls_committed,13.5,38,9,0.23684210526315788
2023-24,2024-05-19,Tottenham,ALL,fouls_committed,14.5,38,5,0.13157894736842105
2023-24,2024-05-19,Tottenham,ALL,fouls_committed,15.5,38,3,0.07894736842105263
2023-24,2024-05-19,Tottenham,ALL,fouls_suffered,8.5,38,35,0.9210526315789473
2023-24,2024-05-19,Tottenham,ALL,fouls_suffered,9.5,38,34,0.8947368421052632
2023-24,2024-05-19,Tottenham,ALL,fouls_suffered,10.5,38,34,0.8947368421052632
2023-24,2024-05-19,Tottenham,ALL,fouls_suffered,11.5,38,31,0.8157894736842105
2023-24,2024-05-19,Tottenham,ALL,fouls_suffered,12.5,38,25,0.6578947368421053
2023-24,2024-05-19,Tottenham,ALL,fouls_suffered,13.5,38,21,0.5526315789473685
2023-24,2024-05-19,Tottenham,ALL,fouls_suffered,14.5,38,14,0.3684210526315789
2023-24,2024-05-19,Tottenham,ALL,fouls_suffered,15.5,38,12,0.3157894736842105
2023-24,2024-05-19,Tottenham,ALL,corners_for,2.5,38,35,0.9210526315789473
2023-24,2024-05-19,Tottenham,ALL,corners_for,3.5,38,28,0.7368421052631579
2023-24,2024-05-19,Tottenham,ALL,corners_for,4.5,38,23,0.6052631578947368
2023-24,2024-05-19,Tottenham,ALL,corners_for,5.5,38,18,0.47368421052631576
2023-24,2024-05-19,Tottenham,ALL,corners_for,6.5,38,14,0.3684210526315789
2023-24,2024-05-19,Tottenham,ALL,corners_for,7.5,38,13,0.34210526315789475
2023-24,2024-05-19,Tottenham,ALL,corners_against,2.5,38,34,0.8947368421052632
2023-24,2024-05-19,Tottenham,ALL,corners_against,3.5,38,30,0.7894736842105263
2023-24,2024-05-19,Tottenham,ALL,corners_against,4.5,38,25,0.6578947368421053
2023-24,2024-05-19,Tottenham,ALL,corners_against,5.5,38,22,0.5789473684210527
2023-24,2024-05-19,Tottenham,ALL,corners_against,6.5,38,13,0.34210526315789475
2023-24,2024-05-19,Tottenham,ALL,corners_against,7.5,38,11,0.2894736842105263
2023-24,2024-05-19,Tottenham,ALL,yellow_cards,0.5,38,34,0.8947368421052632
2023-24,2024-05-19,Tottenham,ALL,yellow_cards,1.5,38,25,0.6578947368421053
2023-24,2024-05-19,Tottenham,ALL,yellow_cards,2.5,38,17,0.4473684210526316
2023-24,2024-05-19,Tottenham,ALL,yellow_cards,3.5,38,9,0.23684210526315788
2023-24,2024-05-19,Tottenham,ALL,yellow_cards,4.5,38,2,0.05263157894736842
2023-24,2024-05-19,Tottenham,HOME,fouls_committed,8.5,19,16,0.8421052631578947
2023-24,2024-05-19,Tottenham,HOME,fouls_committed,9.5,19,14,0.7368421052631579
2023-24,2024-05-19,Tottenham,HOME,fouls_committed,10.5,19,11,0.5789473684210527
2023-24,2024-05-19,Tottenham,HOME,fouls_committed,11.5,19,7,0.3684210526315789
2023-24,2024-05-19,Tottenham,HOME,fouls_committed,12.5,19,5,0.2631578947368421
2023-24,2024-05-19,Tottenham,HOME,fouls_committed,13.5,19,3,0.15789473684210525
2023-24,2024-05-19,Tottenham,HOME,fouls_committed,14.5,19,1,0.05263157894736842
2023-24,2024-05-19,Tottenham,HOME,fouls_committed,15.5,19,1,0.05263157894736842
2023-24,2024-05-19,Tottenham,HOME,fouls_suffered,8.5,19,18,0.9473684210526315
2023-24,2024-05-19,Tottenham,HOME,fouls_suffered,9.5,19,18,0.9473684210526315
2023-24,2024-05-19,Tottenham,HOME,fouls_suffered,10.5,19,18,0.9473684210526315
2023-24,2024-05-19,Tottenham,HOME,fouls_suffered,11.5,19,17,0.8947368421052632
2023-24,2024-05-19,Tottenham,HOME,fouls_suffered,12.5,19,14,0.7368421052631579
2023-24,2024-05-19,Tottenham,HOME,fouls_suffered,13.5,19,11,0.5789473684210527
2023-24,2024-05-19,Tottenham,HOME,fouls_suffered,14.5,19,7,0.3684210526315789
2023-24,2024-05-19,Tottenham,HOME,fouls_suffered,15.5,19,6,0.3157894736842105
2023-24,2024-05-19,Tottenham,HOME,corners_for,2.5,19,18,0.9473684210526315
2023-24,2024-05-19,Tottenham,HOME,corners_for,3.5,19,14,0.7368421052631579
2023-24,2024-05-19,Tottenham,HOME,corners_for,4.5,19,13,0.6842105263157895
2023-24,2024-05-19,Tottenham,HOME,corners_for,5.5,19,11,0.5789473684210527
2023-24,2024-05-19,Tottenham,HOME,corners_for,6.5,19,11,0.5789473684210527
2023-24,2024-05-19,Tottenham,HOME,corners_for,7.5,19,10,0.5263157894736842
2023-24,2024-05-19,Tottenham,HOME,corners_against,2.5,19,16,0.8421052631578947
2023-24,2024-05-19,Tottenham,HOME,corners_against,3.5,19,13,0.6842105263157895
2023-24,2024-05-19,Tottenham,HOME,corners_against,4.5,19,10,0.5263157894736842
2023-24,2024-05-19,Tottenham,HOME,corners_against,5.5,19,8,0.42105263157894735
2023-24,2024-05-19,Tottenham,HOME,corners_against,6.5,19,2,0.10526315789473684
2023-24,2024-05-19,Tottenham,HOME,corners_against,7.5,19,2,0.10526315789473684
2023-24,2024-05-19,Tottenham,HOME,yellow_cards,0.5,19,17,0.8947368421052632
2023-24,2024-05-19,Tottenham,HOME,yellow_cards,1.5,19,12,0.631578947368421
2023-24,2024-05-19,Tottenham,HOME,yellow_cards,2.5,19,6,0.3157894736842105
2023-24,2024-05-19,Tottenham,HOME,yellow_cards,3.5,19,2,0.10526315789473684
2023-24,2024-05-19,Tottenham,HOME,yellow_cards,4.5,19,2,0.10526315789473684
2023-24,2024-05-19,Tottenham,AWAY,fouls_committed,8.5,19,16,0.8421052631578947
2023-24,2024-05-19,Tottenham,AWAY,fouls_committed,9.5,19,13,0.6842105263157895
2023-24,2024-05-19,Tottenham,AWAY,fouls_committed,10.5,19,12,0.631578947368421
2023-24,2024-05-19,Tottenham,AWAY,fouls_committed,11.5,19,9,0.47368421052631576
2023-24,2024-05-19,Tottenham,AWAY,fouls_committed,12.5,19,7,0.3684210526315789
2023-24,2024-05-19,Tottenham,AWAY,fouls_committed,13.5,19,6,0.3157894736842105
2023-24,2024-05-19,Tottenham,AWAY,fouls_committed,14.5,19,4,0.21052631578947367
2023-24,2024-05-19,Tottenham,AWAY,fouls_committed,15.5,19,2,0.10526315789473684
2023-24,2024-05-19,Tottenham,AWAY,fouls_suffered,8.5,19,17,0.8947368421052632
2023-24,2024-05-19,Tottenham,AWAY,fouls_suffered,9.5,19,16,0.8421052631578947
2023-24,2024-05-19,Tottenham,AWAY,fouls_suffered,10.5,19,16,0.8421052631578947
2023-24,2024-05-19,Tottenham,AWAY,fouls_suffered,11.5,19,14,0.7368421052631579
2023-24,2024-05-19,Tottenham,AWAY,fouls_suffered,12.5,19,11,0.5789473684210527
2023-24,2024-05-19,Tottenham,AWAY,fouls_suffered,13.5,19,10,0.5263157894736842
2023-24,2024-05-19,Tottenham,AWAY,fouls_suffered,14.5,19,7,0.3684210526315789
2023-24,2024-05-19,Tottenham,AWAY,fouls_suffered,15.5,19,6,0.3157894736842105
2023-24,2024-05-19,Tottenham,AWAY,corners_for,2.5,19,17,0.8947368421052632
2023-24,2024-05-19,Tottenham,AWAY,corners_for,3.5,19,14,0.7368421052631579
2023-24,2024-05-19,Tottenham,AWAY,corners_for,4.5,19,10,0.5263157894736842
2023-24,2024-05-19,Tottenham,AWAY,corners_for,5.5,19,7,0.3684210526315789
2023-24,2024-05-19,Tottenham,AWAY,corners_for,6.5,19,3,0.15789473684210525
2023-24,2024-05-19,Tottenham,AWAY,corners_for,7.5,19,3,0.15789473684210525
2023-24,2024-05-19,Tottenham,AWAY,corners_against,2.5,19,18,0.9473684210526315
2023-24,2024-05-19,Tottenham,AWAY,corners_against,3.5,19,17,0.8947368421052632
2023-24,2024-05-19,Tottenham,AWAY,corners_against,4.5,19,15,0.7894736842105263
2023-24,2024-05-19,Tottenham,AWAY,corners_against,5.5,19,14,0.7368421052631579
2023-24,2024-05-19,Tottenham,AWAY,corners_against,6.5,19,11,0.5789473684210527
2023-24,2024-05-19,Tottenham,AWAY,corners_against,7.5,19,9,0.47368421052631576
2023-24,2024-05-19,Tottenham,AWAY,yellow_cards,0.5,19,17,0.8947368421052632
2023-24,2024-05-19,Tottenham,AWAY,yellow_cards,1.5,19,13,0.6842105263157895
2023-24,2024-05-19,Tottenham,AWAY,yellow_cards,2.5,19,11,0.5789473684210527
2023-24,2024-05-19,Tottenham,AWAY,yellow_cards,3.5,19,7,0.3684210526315789
2023-24,2024-05-19,Tottenham,AWAY,yellow_cards,4.5,19,0,0.0
2023-24,2024-05-19,West Ham United,ALL,fouls_committed,8.5,38,25,0.6578947368421053
2023-24,2024-05-19,West Ham United,ALL,fouls_committed,9.5,38,21,0.5526315789473685
2023-24,2024-05-19,West Ham United,ALL,fouls_committed,10.5,38,18,0.47368421052631576
2023-24,2024-05-19,West Ham United,ALL,fouls_committed,11.5,38,16,0.42105263157894735
2023-24,2024-05-19,West Ham United,ALL,fouls_committed,12.5,38,12,0.3157894736842105
2023-24,2024-05-19,West Ham United,ALL,fouls_committed,13.5,38,6,0.15789473684210525
2023-24,2024-05-19,West Ham United,ALL,fouls_committed,14.5,38,4,0.10526315789473684
2023-24,2024-05-19,West Ham United,ALL,fouls_committed,15.5,38,2,0.05263157894736842
2023-24,2024-05-19,West Ham United,ALL,fouls_suffered,8.5,38,32,0.8421052631578947
2023-24,2024-05-19,West Ham United,ALL,fouls_suffered,9.5,38,23,0.6052631578947368
2023-24,2024-05-19,West Ham United,ALL,fouls_suffered,10.5,38,20,0.5263157894736842
2023-24,2024-05-19,West Ham United,ALL,fouls_suffered,11.5,38,13,0.34210526315789475
2023-24,2024-05-19,West Ham United,ALL,fouls_suffered,12.5,38,8,0.21052631578947367
2023-24,2024-05-19,West Ham United,ALL,fouls_suffered,13.5,38,6,0.15789473684210525
2023-24,2024-05-19,West Ham United,ALL,fouls_suffered,14.5,38,6,0.15789473684210525
2023-24,2024-05-19,West Ham United,ALL,fouls_suffered,15.5,38,2,0.05263157894736842
2023-24,2024-05-19,West Ham United,ALL,corners_for,2.5,38,30,0.7894736842105263
2023-24,2024-05-19,West Ham United,ALL,corners_for,3.5,38,26,0.6842105263157895
2023-24,2024-05-19,West Ham United,ALL,corners_for,4.5,38,15,0.39473684210526316
2023-24,2024-05-19,West Ham United,ALL,corners_for,5.5,38,12,0.3157894736842105
2023-24,2024-05-19,West Ham United,ALL,corners_for,6.5,38,8,0.21052631578947367
2023-24,2024-05-19,West Ham United,ALL,corners_for,7.5,38,4,0.10526315789473684
2023-24,2024-05-19,West Ham United,ALL,corners_against,2.5,38,36,0.9473684210526315
2023-24,2024-05-19,West Ham United,ALL,corners_against,3.5,38,31,0.8157894736842105
2023-24,2024-05-19,West Ham United,ALL,corners_against,4.5,38,21,0.5526315789473685
2023-24,2024-05-19,West Ham United,ALL,corners_against,5.5,38,17,0.4473684210526316
2023-24,2024-05-19,West Ham United,ALL,corners_against,6.5,38,14,0.3684210526315789
2023-24,2024-05-19,West Ham United,ALL,corners_against,7.5,38,12,0.3157894736842105
2023-24,2024-05-19,West Ham United,ALL,yellow_cards,0.5,38,36,0.9473684210526315
2023-24,2024-05-19,West Ham United,ALL,yellow_cards,1.5,38,22,0.5789473684210527
2023-24,2024-05-19,West Ham United,ALL,yellow_cards,2.5,38,13,0.34210526315789475
2023-24,2024-05-19,West Ham United,ALL,yellow_cards,3.5,38,5,0.13157894736842105
2023-24,2024-05-19,West Ham United,ALL,yellow_cards,4.5,38,0,0.0
2023-24,2024-05-19,West Ham United,HOME,fouls_committed,8.5,19,12,0.631578947368421
2023-24,2024-05-19,West Ham United,HOME,fouls_committed,9.5,19,10,0.5263157894736842
2023-24,2024-05-19,West Ham United,HOME,fouls_committed,10.5,19,10,0.5263157894736842
2023-24,2024-05-19,West Ham United,HOME,fouls_committed,11.5,19,8,0.42105263157894735
2023-24,2024-05-19,West Ham United,HOME,fouls_committed,12.5,19,6,0.3157894736842105
2023-24,2024-05-19,West Ham United,HOME,fouls_committed,13.5,19,2,0.10526315789473684
2023-24,2024-05-19,West Ham United,HOME,fouls_committed,14.5,19,2,0.10526315789473684
2023-24,2024-05-19,West Ham United,HOME,fouls_committed,15.5,19,2,0.10526315789473684
2023-24,2024-05-19,West Ham United,HOME,fouls_suffered,8.5,19,17,0.8947368421052632
2023-24,2024-05-19,West Ham United,HOME,fouls_suffered,9.5,19,13,0.6842105263157895
2023-24,2024-05-19,West Ham United,HOME,fouls_suffered,10.5,19,12,0.631578947368421
2023-24,2024-05-19,West Ham United,HOME,fouls_suffered,11.5,19,8,0.42105263157894735
2023-24,2024-05-19,West Ham United,HOME,fouls_suffered,12.5,19,6,0.3157894736842105
2023-24,2024-05-19,West Ham United,HOME,fouls_suffered,13.5,19,5,0.2631578947368421
2023-24,2024-05-19,West Ham United,HOME,fouls_suffered,14.5,19,5,0.2631578947368421
2023-24,2024-05-19,West Ham United,HOME,fouls_suffered,15.5,19,2,0.10526315789473684
2023-24,2024-05-19,West Ham United,HOME,corners_for,2.5,19,14,0.7368421052631579
2023-24,2024-05-19,West Ham United,HOME,corners_for,3.5,19,13,0.6842105263157895
2023-24,2024-05-19,West Ham United,HOME,corners_for,4.5,19,8,0.42105263157894735
2023-24,2024-05-19,West Ham United,HOME,corners_for,5.5,19,7,0.3684210526315789
2023-24,2024-05-19,West Ham United,HOME,corners_for,6.5,19,6,0.3157894736842105
2023-24,2024-05-19,West Ham United,HOME,corners_for,7.5,19,3,0.15789473684210525
2023-24,2024-05-19,West Ham United,HOME,corners_against,2.5,19,17,0.8947368421052632
2023-24,2024-05-19,West Ham United,HOME,corners_against,3.5,19,14,0.7368421052631579
2023-24,2024-05-19,West Ham United,HOME,corners_against,4.5,19,10,0.5263157894736842
2023-24,2024-05-19,West Ham United,HOME,corners_against,5.5,19,8,0.42105263157894735
2023-24,2024-05-19,West Ham United,HOME,corners_against,6.5,19,5,0.2631578947368421
2023-24,2024-05-19,West Ham United,HOME,corners_against,7.5,19,4,0.21052631578947367
2023-24,2024-05-19,West Ham United,HOME,yellow_cards,0.5,19,18,0.9473684210526315
2023-24,2024-05-19,West Ham United,HOME,yellow_cards,1.5,19,11,0.5789473684210527
2023-24,2024-05-19,West Ham United,HOME,yellow_cards,2.5,19,6,0.3157894736842105
2023-24,2024-05-19,West Ham United,HOME,yellow_cards,3.5,19,2,0.10526315789473684
2023-24,2024-05-19,West Ham United,HOME,yellow_cards,4.5,19,0,0.0
2023-24,2024-05-19,West Ham United,AWAY,fouls_committed,8.5,19,13,0.6842105263157895
2023-24,2024-05-19,West Ham United,AWAY,fouls_committed,9.5,19,11,0.5789473684210527
2023-24,2024-05-19,West Ham United,AWAY,fouls_committed,10.5,19,8,0.42105263157894735
2023-24,2024-05-19,West Ham United,AWAY,fouls_committed,11.5,19,8,0.42105263157894735
2023-24,2024-05-19,West Ham United,AWAY,fouls_committed,12.5,19,6,0.3157894736842105
2023-24,2024-05-19,West Ham United,AWAY,fouls_committed,13.5,19,4,0.21052631578947367
2023-24,2024-05-19,West Ham United,AWAY,fouls_committed,14.5,19,2,0.10526315789473684
2023-24,2024-05-19,West Ham United,AWAY,fouls_committed,15.5,19,0,0.0
2023-24,2024-05-19,West Ham United,AWAY,fouls_suffered,8.5,19,15,0.7894736842105263
2023-24,2024-05-19,West Ham United,AWAY,fouls_suffered,9.5,19,10,0.5263157894736842
2023-24,2024-05-19,West Ham United,AWAY,fouls_suffered,10.5,19,8,0.42105263157894735
2023-24,2024-05-19,West Ham United,AWAY,fouls_suffered,11.5,19,5,0.2631578947368421
2023-24,2024-05-19,West Ham United,AWAY,fouls_suffered,12.5,19,2,0.10526315789473684
2023-24,2024-05-19,West Ham United,AWAY,fouls_suffered,13.5,19,1,0.05263157894736842
2023-24,2024-05-19,West Ham United,AWAY,fouls_suffered,14.5,19,1,0.05263157894736842
2023-24,2024-05-19,West Ham United,AWAY,fouls_suffered,15.5,19,0,0.0
2023-24,2024-05-19,West Ham United,AWAY,corners_for,2.5,19,16,0.8421052631578947
2023-24,2024-05-19,West Ham United,AWAY,corners_for,3.5,19,13,0.6842105263157895
2023-24,2024-05-19,West Ham United,AWAY,corners_for,4.5,19,7,0.3684210526315789
2023-24,2024-05-19,West Ham United,AWAY,corners_for,5.5,19,5,0.2631578947368421
2023-24,2024-05-19,West Ham United,AWAY,corners_for,6.5,19,2,0.10526315789473684
2023-24,2024-05-19,West Ham United,AWAY,corners_for,7.5,19,1,0.05263157894736842
2023-24,2024-05-19,West Ham United,AWAY,corners_against,2.5,19,19,1.0
2023-24,2024-05-19,West Ham United,AWAY,corners_against,3.5,19,17,0.8947368421052632
2023-24,2024-05-19,West Ham United,AWAY,corners_against,4.5,19,11,0.5789473684210527
2023-24,2024-05-19,West Ham United,AWAY,corners_against,5.5,19,9,0.47368421052631576
2023-24,2024-05-19,West Ham United,AWAY,corners_against,6.5,19,9,0.47368421052631576
2023-24,2024-05-19,West Ham United,AWAY,corners_against,7.5,19,8,0.42105263157894735
2023-24,2024-05-19,West Ham United,AWAY,yellow_cards,0.5,19,18,0.9473684210526315
2023-24,2024-05-19,West Ham United,AWAY,yellow_cards,1.5,19,11,0.5789473684210527
2023-24,2024-05-19,West Ham United,AWAY,yellow_cards,2.5,19,7,0.3684210526315789
2023-24,2024-05-19,West Ham United,AWAY,yellow_cards,3.5,19,3,0.15789473684210525
2023-24,2024-05-19,West Ham United,AWAY,yellow_cards,4.5,19,0,0.0
2023-24,2024-05-19,Wolverhampton Wanderers,ALL,fouls_committed,8.5,38,36,0.9473684210526315
2023-24,2024-05-19,Wolverhampton Wanderers,ALL,fouls_committed,9.5,38,34,0.8947368421052632
2023-24,2024-05-19,Wolverhampton Wanderers,ALL,fouls_committed,10.5,38,26,0.6842105263157895
2023-24,2024-05-19,Wolverhampton Wanderers,ALL,fouls_committed,11.5,38,20,0.5263157894736842
2023-24,2024-05-19,Wolverhampton Wanderers,ALL,fouls_committed,12.5,38,18,0.47368421052631576
2023-24,2024-05-19,Wolverhampton Wanderers,ALL,fouls_committed,13.5,38,13,0.34210526315789475
2023-24,2024-05-19,Wolverhampton Wanderers,ALL,fouls_committed,14.5,38,8,0.21052631578947367
2023-24,2024-05-19,Wolverhampton Wanderers,ALL,fouls_committed,15.5,38,6,0.15789473684210525
2023-24,2024-05-19,Wolverhampton Wanderers,ALL,fouls_suffered,8.5,38,31,0.8157894736842105
2023-24,2024-05-19,Wolverhampton Wanderers,ALL,fouls_suffered,9.5,38,27,0.7105263157894737
2023-24,2024-05-19,Wolverhampton Wanderers,ALL,fouls_suffered,10.5,38,22,0.5789473684210527
2023-24,2024-05-19,Wolverhampton Wanderers,ALL,fouls_suffered,11.5,38,18,0.47368421052631576
2023-24,2024-05-19,Wolverhampton Wanderers,ALL,fouls_suffered,12.5,38,13,0.34210526315789475
2023-24,2024-05-19,Wolverhampton Wanderers,ALL,fouls_suffered,13.5,38,11,0.2894736842105263
2023-24,2024-05-19,Wolverhampton Wanderers,ALL,fouls_suffered,14.5,38,7,0.18421052631578946
2023-24,2024-05-19,Wolverhampton Wanderers,ALL,fouls_suffered,15.5,38,1,0.02631578947368421
2023-24,2024-05-19,Wolverhampton Wanderers,ALL,corners_for,2.5,38,24,0.631578947368421
2023-24,2024-05-19,Wolverhampton Wanderers,ALL,corners_for,3.5,38,23,0.6052631578947368
2023-24,2024-05-19,Wolverhampton Wanderers,ALL,corners_for,4.5,38,14,0.3684210526315789
2023-24,2024-05-19,Wolverhampton Wanderers,ALL,corners_for,5.5,38,10,0.2631578947368421
2023-24,2024-05-19,Wolverhampton Wanderers,ALL,corners_for,6.5,38,8,0.21052631578947367
2023-24,2024-05-19,Wolverhampton Wanderers,ALL,corners_for,7.5,38,6,0.15789473684210525
2023-24,2024-05-19,Wolverhampton Wanderers,ALL,corners_against,2.5,38,36,0.9473684210526315
2023-24,2024-05-19,Wolverhampton Wanderers,ALL,corners_against,3.5,38,30,0.7894736842105263
2023-24,2024-05-19,Wolverhampton Wanderers,ALL,corners_against,4.5,38,22,0.5789473684210527
2023-24,2024-05-19,Wolverhampton Wanderers,ALL,corners_against,5.5,38,20,0.5263157894736842
2023-24,2024-05-19,Wolverhampton Wanderers,ALL,corners_against,6.5,38,14,0.3684210526315789
2023-24,2024-05-19,Wolverhampton Wanderers,ALL,corners_against,7.5,38,11,0.2894736842105263
2023-24,2024-05-19,Wolverhampton Wanderers,ALL,yellow_cards,0.5,38,37,0.9736842105263158
2023-24,2024-05-19,Wolverhampton Wanderers,ALL,yellow_cards,1.5,38,30,0.7894736842105263
2023-24,2024-05-19,Wolverhampton Wanderers,ALL,yellow_cards,2.5,38,18,0.47368421052631576
2023-24,2024-05-19,Wolverhampton Wanderers,ALL,yellow_cards,3.5,38,9,0.23684210526315788
2023-24,2024-05-19,Wolverhampton Wanderers,ALL,yellow_cards,4.5,38,3,0.07894736842105263
2023-24,2024-05-19,Wolverhampton Wanderers,HOME,fouls_committed,8.5,19,17,0.8947368421052632
2023-24,2024-05-19,Wolverhampton Wanderers,HOME,fouls_committed,9.5,19,15,0.7894736842105263
2023-24,2024-05-19,Wolverhampton Wanderers,HOME,fouls_committed,10.5,19,12,0.631578947368421
2023-24,2024-05-19,Wolverhampton Wanderers,HOME,fouls_committed,11.5,19,9,0.47368421052631576
2023-24,2024-05-19,Wolverhampton Wanderers,HOME,fouls_committed,12.5,19,9,0.47368421052631576
2023-24,2024-05-19,Wolverhampton Wanderers,HOME,fouls_committed,13.5,19,7,0.3684210526315789
2023-24,2024-05-19,Wolverhampton Wanderers,HOME,fouls_committed,14.5,19,4,0.21052631578947367
2023-24,2024-05-19,Wolverhampton Wanderers,HOME,fouls_committed,15.5,19,3,0.15789473684210525
2023-24,2024-05-19,Wolverhampton Wanderers,HOME,fouls_suffered,8.5,19,16,0.8421052631578947
2023-24,2024-05-19,Wolverhampton Wanderers,HOME,fouls_suffered,9.5,19,12,0.631578947368421
2023-24,2024-05-19,Wolverhampton Wanderers,HOME,fouls_suffered,10.5,19,11,0.5789473684210527
2023-24,2024-05-19,Wolverhampton Wanderers,HOME,fouls_suffered,11.5,19,8,0.42105263157894735
2023-24,2024-05-19,Wolverhampton Wanderers,HOME,fouls_suffered,12.5,19,6,0.3157894736842105
2023-24,2024-05-19,Wolverhampton Wanderers,HOME,fouls_suffered,13.5,19,6,0.3157894736842105
2023-24,2024-05-19,Wolverhampton Wanderers,HOME,fouls_suffered,14.5,19,4,0.21052631578947367
2023-24,2024-05-19,Wolverhampton Wanderers,HOME,fouls_suffered,15.5,19,1,0.05263157894736842
2023-24,2024-05-19,Wolverhampton Wanderers,HOME,corners_for,2.5,19,16,0.8421052631578947
2023-24,2024-05-19,Wolverhampton Wanderers,HOME,corners_for,3.5,19,15,0.7894736842105263
2023-24,2024-05-19,Wolverhampton Wanderers,HOME,corners_for,4.5,19,10,0.5263157894736842
2023-24,2024-05-19,Wolverhampton Wanderers,HOME,corners_for,5.5,19,7,0.3684210526315789
2023-24,2024-05-19,Wolverhampton Wanderers,HOME,corners_for,6.5,19,6,0.3157894736842105
2023-24,2024-05-19,Wolverhampton Wanderers,HOME,corners_for,7.5,19,5,0.2631578947368421
2023-24,2024-05-19,Wolverhampton Wanderers,HOME,corners_against,2.5,19,17,0.8947368421052632
2023-24,2024-05-19,Wolverhampton Wanderers,HOME,corners_against,3.5,19,13,0.6842105263157895
2023-24,2024-05-19,Wolverhampton Wanderers,HOME,corners_against,4.5,19,8,0.42105263157894735
2023-24,2024-05-19,Wolverhampton Wanderers,HOME,corners_against,5.5,19,7,0.3684210526315789
2023-24,2024-05-19,Wolverhampton Wanderers,HOME,corners_against,6.5,19,4,0.21052631578947367
2023-24,2024-05-19,Wolverhampton Wanderers,HOME,corners_against,7.5,19,3,0.15789473684210525
2023-24,2024-05-19,Wolverhampton Wanderers,HOME,yellow_cards,0.5,19,18,0.9473684210526315
2023-24,2024-05-19,Wolverhampton Wanderers,HOME,yellow_cards,1.5,19,16,0.8421052631578947
2023-24,2024-05-19,Wolverhampton Wanderers,HOME,yellow_cards,2.5,19,9,0.47368421052631576
2023-24,2024-05-19,Wolverhampton Wanderers,HOME,yellow_cards,3.5,19,4,0.21052631578947367
2023-24,2024-05-19,Wolverhampton Wanderers,HOME,yellow_cards,4.5,19,2,0.10526315789473684
2023-24,2024-05-19,Wolverhampton Wanderers,AWAY,fouls_committed,8.5,19,19,1.0
2023-24,2024-05-19,Wolverhampton Wanderers,AWAY,fouls_committed,9.5,19,19,1.0
2023-24,2024-05-19,Wolverhampton Wanderers,AWAY,fouls_committed,10.5,19,14,0.7368421052631579
2023-24,2024-05-19,Wolverhampton Wanderers,AWAY,fouls_committed,11.5,19,11,0.5789473684210527
2023-24,2024-05-19,Wolverhampton Wanderers,AWAY,fouls_committed,12.5,19,9,0.47368421052631576
2023-24,2024-05-19,Wolverhampton Wanderers,AWAY,fouls_committed,13.5,19,6,0.3157894736842105
2023-24,2024-05-19,Wolverhampton Wanderers,AWAY,fouls_committed,14.5,19,4,0.21052631578947367
2023-24,2024-05-19,Wolverhampton Wanderers,AWAY,fouls_committed,15.5,19,3,0.15789473684210525
2023-24,2024-05-19,Wolverhampton Wanderers,AWAY,fouls_suffered,8.5,19,15,0.7894736842105263
2023-24,2024-05-19,Wolverhampton Wanderers,AWAY,fouls_suffered,9.5,19,15,0.7894736842105263
2023-24,2024-05-19,Wolverhampton Wanderers,AWAY,fouls_suffered,10.5,19,11,0.5789473684210527
2023-24,2024-05-19,Wolverhampton Wanderers,AWAY,fouls_suffered,11.5,19,10,0.5263157894736842
2023-24,2024-05-19,Wolverhampton Wanderers,AWAY,fouls_suffered,12.5,19,7,0.3684210526315789
2023-24,2024-05-19,Wolverhampton Wanderers,AWAY,fouls_suffered,13.5,19,5,0.2631578947368421
2023-24,2024-05-19,Wolverhampton Wanderers,AWAY,fouls_suffered,14.5,19,3,0.15789473684210525
2023-24,2024-05-19,Wolverhampton Wanderers,AWAY,fouls_suffered,15.5,19,0,0.0
2023-24,2024-05-19,Wolverhampton Wanderers,AWAY,corners_for,2.5,19,8,0.42105263157894735
2023-24,2024-05-19,Wolverhampton Wanderers,AWAY,corners_for,3.5,19,8,0.42105263157894735
2023-24,2024-05-19,Wolverhampton Wanderers,AWAY,corners_for,4.5,19,4,0.21052631578947367
2023-24,2024-05-19,Wolverhampton Wanderers,AWAY,corners_for,5.5,19,3,0.15789473684210525
2023-24,2024-05-19,Wolverhampton Wanderers,AWAY,corners_for,6.5,19,2,0.10526315789473684
2023-24,2024-05-19,Wolverhampton Wanderers,AWAY,corners_for,7.5,19,1,0.05263157894736842
2023-24,2024-05-19,Wolverhampton Wanderers,AWAY,corners_against,2.5,19,19,1.0
2023-24,2024-05-19,Wolverhampton Wanderers,AWAY,corners_against,3.5,19,17,0.8947368421052632
2023-24,2024-05-19,Wolverhampton Wanderers,AWAY,corners_against,4.5,19,14,0.7368421052631579
2023-24,2024-05-19,Wolverhampton Wanderers,AWAY,corners_against,5.5,19,13,0.6842105263157895
2023-24,2024-05-19,Wolverhampton Wanderers,AWAY,corners_against,6.5,19,10,0.5263157894736842
2023-24,2024-05-19,Wolverhampton Wanderers,AWAY,corners_against,7.5,19,8,0.42105263157894735
2023-24,2024-05-19,Wolverhampton Wanderers,AWAY,yellow_cards,0.5,19,19,1.0
2023-24,2024-05-19,Wolverhampton Wanderers,AWAY,yellow_cards,1.5,19,14,0.7368421052631579
2023-24,2024-05-19,Wolverhampton Wanderers,AWAY,yellow_cards,2.5,19,9,0.47368421052631576
2023-24,2024-05-19,Wolverhampton Wanderers,AWAY,yellow_cards,3.5,19,5,0.2631578947368421
2023-24,2024-05-19,Wolverhampton Wanderers,AWAY,yellow_cards,4.5,19,1,0.05263157894736842
2024-25,2025-05-25,Arsenal,ALL,fouls_committed,8.5,38,27,0.7105263157894737
2024-25,2025-05-25,Arsenal,ALL,fouls_committed,9.5,38,25,0.6578947368421053
2024-25,2025-05-25,Arsenal,ALL,fouls_committed,10.5,38,16,0.42105263157894735
2024-25,2025-05-25,Arsenal,ALL,fouls_committed,11.5,38,13,0.34210526315789475
2024-25,2025-05-25,Arsenal,ALL,fouls_committed,12.5,38,10,0.2631578947368421
2024-25,2025-05-25,Arsenal,ALL,fouls_committed,13.5,38,8,0.21052631578947367
2024-25,2025-05-25,Arsenal,ALL,fouls_committed,14.5,38,6,0.15789473684210525
2024-25,2025-05-25,Arsenal,ALL,fouls_committed,15.5,38,5,0.13157894736842105
2024-25,2025-05-25,Arsenal,ALL,fouls_suffered,8.5,38,27,0.7105263157894737
2024-25,2025-05-25,Arsenal,ALL,fouls_suffered,9.5,38,20,0.5263157894736842
2024-25,2025-05-25,Arsenal,ALL,fouls_suffered,10.5,38,15,0.39473684210526316
2024-25,2025-05-25,Arsenal,ALL,fouls_suffered,11.5,38,15,0.39473684210526316
2024-25,2025-05-25,Arsenal,ALL,fouls_suffered,12.5,38,12,0.3157894736842105
2024-25,2025-05-25,Arsenal,ALL,fouls_suffered,13.5,38,9,0.23684210526315788
2024-25,2025-05-25,Arsenal,ALL,fouls_suffered,14.5,38,7,0.18421052631578946
2024-25,2025-05-25,Arsenal,ALL,fouls_suffered,15.5,38,6,0.15789473684210525
2024-25,2025-05-25,Arsenal,ALL,corners_for,2.5,38,32,0.8421052631578947
2024-25,2025-05-25,Arsenal,ALL,corners_for,3.5,38,27,0.7105263157894737
2024-25,2025-05-25,Arsenal,ALL,corners_for,4.5,38,26,0.6842105263157895
2024-25,2025-05-25,Arsenal,ALL,corners_for,5.5,38,20,0.5263157894736842
2024-25,2025-05-25,Arsenal,ALL,corners_for,6.5,38,17,0.4473684210526316
2024-25,2025-05-25,Arsenal,ALL,corners_for,7.5,38,16,0.42105263157894735
2024-25,2025-05-25,Arsenal,ALL,corners_against,2.5,38,22,0.5789473684210527
2024-25,2025-05-25,Arsenal,ALL,corners_against,3.5,38,15,0.39473684210526316
2024-25,2025-05-25,Arsenal,ALL,corners_against,4.5,38,8,0.21052631578947367
2024-25,2025-05-25,Arsenal,ALL,corners_against,5.5,38,6,0.15789473684210525
2024-25,2025-05-25,Arsenal,ALL,corners_against,6.5,38,5,0.13157894736842105
2024-25,2025-05-25,Arsenal,ALL,corners_against,7.5,38,1,0.02631578947368421
2024-25,2025-05-25,Arsenal,ALL,yellow_cards,0.5,38,33,0.868421052631579
2024-25,2025-05-25,Arsenal,ALL,yellow_cards,1.5,38,19,0.5
2024-25,2025-05-25,Arsenal,ALL,yellow_cards,2.5,38,10,0.2631578947368421
2024-25,2025-05-25,Arsenal,ALL,yellow_cards,3.5,38,2,0.05263157894736842
2024-25,2025-05-25,Arsenal,ALL,yellow_cards,4.5,38,0,0.0
2024-25,2025-05-25,Arsenal,HOME,fouls_committed,8.5,19,12,0.631578947368421
2024-25,2025-05-25,Arsenal,HOME,fouls_committed,9.5,19,11,0.5789473684210527
2024-25,2025-05-25,Arsenal,HOME,fouls_committed,10.5,19,7,0.3684210526315789
2024-25,2025-05-25,Arsenal,HOME,fouls_committed,11.5,19,6,0.3157894736842105
2024-25,2025-05-25,Arsenal,HOME,fouls_committed,12.5,19,4,0.21052631578947367
2024-25,2025-05-25,Arsenal,HOME,fouls_committed,13.5,19,4,0.21052631578947367
2024-25,2025-05-25,Arsenal,HOME,fouls_committed,14.5,19,3,0.15789473684210525
2024-25,2025-05-25,Arsenal,HOME,fouls_committed,15.5,19,3,0.15789473684210525
2024-25,2025-05-25,Arsenal,HOME,fouls_suffered,8.5,19,13,0.6842105263157895
2024-25,2025-05-25,Arsenal,HOME,fouls_suffered,9.5,19,8,0.42105263157894735
2024-25,2025-05-25,Arsenal,HOME,fouls_suffered,10.5,19,7,0.3684210526315789
2024-25,2025-05-25,Arsenal,HOME,fouls_suffered,11.5,19,7,0.3684210526315789
2024-25,2025-05-25,Arsenal,HOME,fouls_suffered,12.5,19,6,0.3157894736842105
2024-25,2025-05-25,Arsenal,HOME,fouls_suffered,13.5,19,5,0.2631578947368421
2024-25,2025-05-25,Arsenal,HOME,fouls_suffered,14.5,19,3,0.15789473684210525
2024-25,2025-05-25,Arsenal,HOME,fouls_suffered,15.5,19,2,0.10526315789473684
2024-25,2025-05-25,Arsenal,HOME,corners_for,2.5,19,16,0.8421052631578947
2024-25,2025-05-25,Arsenal,HOME,corners_for,3.5,19,14,0.7368421052631579
2024-25,2025-05-25,Arsenal,HOME,corners_for,4.5,19,14,0.7368421052631579
2024-25,2025-05-25,Arsenal,HOME,corners_for,5.5,19,10,0.5263157894736842
2024-25,2025-05-25,Arsenal,HOME,corners_for,6.5,19,10,0.5263157894736842
2024-25,2025-05-25,Arsenal,HOME,corners_for,7.5,19,10,0.5263157894736842
2024-25,2025-05-25,Arsenal,HOME,corners_against,2.5,19,9,0.47368421052631576
2024-25,2025-05-25,Arsenal,HOME,corners_against,3.5,19,7,0.3684210526315789
2024-25,2025-05-25,Arsenal,HOME,corners_against,4.5,19,4,0.21052631578947367
2024-25,2025-05-25,Arsenal,HOME,corners_against,5.5,19,3,0.15789473684210525
2024-25,2025-05-25,Arsenal,HOME,corners_against,6.5,19,2,0.10526315789473684
2024-25,2025-05-25,Arsenal,HOME,corners_against,7.5,19,0,0.0
2024-25,2025-05-25,Arsenal,HOME,yellow_cards,0.5,19,16,0.8421052631578947
2024-25,2025-05-25,Arsenal,HOME,yellow_cards,1.5,19,10,0.5263157894736842
2024-25,2025-05-25,Arsenal,HOME,yellow_cards,2.5,19,5,0.2631578947368421
2024-25,2025-05-25,Arsenal,HOME,yellow_cards,3.5,19,0,0.0
2024-25,2025-05-25,Arsenal,HOME,yellow_cards,4.5,19,0,0.0
2024-25,2025-05-25,Arsenal,AWAY,fouls_committed,8.5,19,15,0.7894736842105263
2024-25,2025-05-25,Arsenal,AWAY,fouls_committed,9.5,19,14,0.7368421052631579
2024-25,2025-05-25,Arsenal,AWAY,fouls_committed,10.5,19,9,0.47368421052631576
2024-25,2025-05-25,Arsenal,AWAY,fouls_committed,11.5,19,7,0.3684210526315789
2024-25,2025-05-25,Arsenal,AWAY,fouls_committed,12.5,19,6,0.3157894736842105
2024-25,2025-05-25,Arsenal,AWAY,fouls_committed,13.5,19,4,0.21052631578947367
2024-25,2025-05-25,Arsenal,AWAY,fouls_committed,14.5,19,3,0.15789473684210525
2024-25,2025-05-25,Arsenal,AWAY,fouls_committed,15.5,19,2,0.10526315789473684
2024-25,2025-05-25,Arsenal,AWAY,fouls_suffered,8.5,19,14,0.7368421052631579
2024-25,2025-05-25,Arsenal,AWAY,fouls_suffered,9.5,19,12,0.631578947368421
2024-25,2025-05-25,Arsenal,AWAY,fouls_suffered,10.5,19,8,0.42105263157894735
2024-25,2025-05-25,Arsenal,AWAY,fouls_suffered,11.5,19,8,0.42105263157894735
2024-25,2025-05-25,Arsenal,AWAY,fouls_suffered,12.5,19,6,0.3157894736842105
2024-25,2025-05-25,Arsenal,AWAY,fouls_suffered,13.5,19,4,0.21052631578947367
2024-25,2025-05-25,Arsenal,AWAY,fouls_suffered,14.5,19,4,0.21052631578947367
2024-25,2025-05-25,Arsenal,AWAY,fouls_suffered,15.5,19,4,0.21052631578947367
2024-25,2025-05-25,Arsenal,AWAY,corners_for,2.5,19,16,0.8421052631578947
2024-25,2025-05-25,Arsenal,AWAY,corners_for,3.5,19,13,0.6842105263157895
2024-25,2025-05-25,Arsenal,AWAY,corners_for,4.5,19,12,0.631578947368421
2024-25,2025-05-25,Arsenal,AWAY,corners_for,5.5,19,10,0.5263157894736842
2024-25,2025-05-25,Arsenal,AWAY,corners_for,6.5,19,7,0.3684210526315789
2024-25,2025-05-25,Arsenal,AWAY,corners_for,7.5,19,6,0.3157894736842105
2024-25,2025-05-25,Arsenal,AWAY,corners_against,2.5,19,13,0.6842105263157895
2024-25,2025-05-25,Arsenal,AWAY,corners_against,3.5,19,8,0.42105263157894735
2024-25,2025-05-25,Arsenal,AWAY,corners_against,4.5,19,4,0.21052631578947367
2024-25,2025-05-25,Arsenal,AWAY,corners_against,5.5,19,3,0.15789473684210525
2024-25,2025-05-25,Arsenal,AWAY,corners_against,6.5,19,3,0.15789473684210525
2024-25,2025-05-25,Arsenal,AWAY,corners_against,7.5,19,1,0.05263157894736842
2024-25,2025-05-25,Arsenal,AWAY,yellow_cards,0.5,19,17,0.8947368421052632
2024-25,2025-05-25,Arsenal,AWAY,yellow_cards,1.5,19,9,0.47368421052631576
2024-25,2025-05-25,Arsenal,AWAY,yellow_cards,2.5,19,5,0.2631578947368421
2024-25,2025-05-25,Arsenal,AWAY,yellow_cards,3.5,19,2,0.10526315789473684
2024-25,2025-05-25,Arsenal,AWAY,yellow_cards,4.5,19,0,0.0
2024-25,2025-05-25,Aston Villa,ALL,fouls_committed,8.5,38,28,0.7368421052631579
2024-25,2025-05-25,Aston Villa,ALL,fouls_committed,9.5,38,26,0.6842105263157895
2024-25,2025-05-25,Aston Villa,ALL,fouls_committed,10.5,38,18,0.47368421052631576
2024-25,2025-05-25,Aston Villa,ALL,fouls_committed,11.5,38,13,0.34210526315789475
2024-25,2025-05-25,Aston Villa,ALL,fouls_committed,12.5,38,10,0.2631578947368421
2024-25,2025-05-25,Aston Villa,ALL,fouls_committed,13.5,38,8,0.21052631578947367
2024-25,2025-05-25,Aston Villa,ALL,fouls_committed,14.5,38,5,0.13157894736842105
2024-25,2025-05-25,Aston Villa,ALL,fouls_committed,15.5,38,3,0.07894736842105263
2024-25,2025-05-25,Aston Villa,ALL,fouls_suffered,8.5,38,35,0.9210526315789473
2024-25,2025-05-25,Aston Villa,ALL,fouls_suffered,9.5,38,34,0.8947368421052632
2024-25,2025-05-25,Aston Villa,ALL,fouls_suffered,10.5,38,30,0.7894736842105263
2024-25,2025-05-25,Aston Villa,ALL,fouls_suffered,11.5,38,24,0.631578947368421
2024-25,2025-05-25,Aston Villa,ALL,fouls_suffered,12.5,38,20,0.5263157894736842
2024-25,2025-05-25,Aston Villa,ALL,fouls_suffered,13.5,38,19,0.5
2024-25,2025-05-25,Aston Villa,ALL,fouls_suffered,14.5,38,16,0.42105263157894735
2024-25,2025-05-25,Aston Villa,ALL,fouls_suffered,15.5,38,11,0.2894736842105263
2024-25,2025-05-25,Aston Villa,ALL,corners_for,2.5,38,32,0.8421052631578947
2024-25,2025-05-25,Aston Villa,ALL,corners_for,3.5,38,29,0.7631578947368421
2024-25,2025-05-25,Aston Villa,ALL,corners_for,4.5,38,23,0.6052631578947368
2024-25,2025-05-25,Aston Villa,ALL,corners_for,5.5,38,19,0.5
2024-25,2025-05-25,Aston Villa,ALL,corners_for,6.5,38,14,0.3684210526315789
2024-25,2025-05-25,Aston Villa,ALL,corners_for,7.5,38,12,0.3157894736842105
2024-25,2025-05-25,Aston Villa,ALL,corners_against,2.5,38,28,0.7368421052631579
2024-25,2025-05-25,Aston Villa,ALL,corners_against,3.5,38,21,0.5526315789473685
2024-25,2025-05-25,Aston Villa,ALL,corners_against,4.5,38,16,0.42105263157894735
2024-25,2025-05-25,Aston Villa,ALL,corners_against,5.5,38,12,0.3157894736842105
2024-25,2025-05-25,Aston Villa,ALL,corners_against,6.5,38,9,0.23684210526315788
2024-25,2025-05-25,Aston Villa,ALL,corners_against,7.5,38,7,0.18421052631578946
2024-25,2025-05-25,Aston Villa,ALL,yellow_cards,0.5,38,34,0.8947368421052632
2024-25,2025-05-25,Aston Villa,ALL,yellow_cards,1.5,38,20,0.5263157894736842
2024-25,2025-05-25,Aston Villa,ALL,yellow_cards,2.5,38,12,0.3157894736842105
2024-25,2025-05-25,Aston Villa,ALL,yellow_cards,3.5,38,2,0.05263157894736842
2024-25,2025-05-25,Aston Villa,ALL,yellow_cards,4.5,38,2,0.05263157894736842
2024-25,2025-05-25,Aston Villa,HOME,fouls_committed,8.5,19,13,0.6842105263157895
2024-25,2025-05-25,Aston Villa,HOME,fouls_committed,9.5,19,11,0.5789473684210527
2024-25,2025-05-25,Aston Villa,HOME,fouls_committed,10.5,19,8,0.42105263157894735
2024-25,2025-05-25,Aston Villa,HOME,fouls_committed,11.5,19,6,0.3157894736842105
2024-25,2025-05-25,Aston Villa,HOME,fouls_committed,12.5,19,4,0.21052631578947367
2024-25,2025-05-25,Aston Villa,HOME,fouls_committed,13.5,19,3,0.15789473684210525
2024-25,2025-05-25,Aston Villa,HOME,fouls_committed,14.5,19,2,0.10526315789473684
2024-25,2025-05-25,Aston Villa,HOME,fouls_committed,15.5,19,1,0.05263157894736842
2024-25,2025-05-25,Aston Villa,HOME,fouls_suffered,8.5,19,17,0.8947368421052632
2024-25,2025-05-25,Aston Villa,HOME,fouls_suffered,9.5,19,17,0.8947368421052632
2024-25,2025-05-25,Aston Villa,HOME,fouls_suffered,10.5,19,17,0.8947368421052632
2024-25,2025-05-25,Aston Villa,HOME,fouls_suffered,11.5,19,13,0.6842105263157895
2024-25,2025-05-25,Aston Villa,HOME,fouls_suffered,12.5,19,10,0.5263157894736842
2024-25,2025-05-25,Aston Villa,HOME,fouls_suffered,13.5,19,10,0.5263157894736842
2024-25,2025-05-25,Aston Villa,HOME,fouls_suffered,14.5,19,8,0.42105263157894735
2024-25,2025-05-25,Aston Villa,HOME,fouls_suffered,15.5,19,4,0.21052631578947367
2024-25,2025-05-25,Aston Villa,HOME,corners_for,2.5,19,18,0.9473684210526315
2024-25,2025-05-25,Aston Villa,HOME,corners_for,3.5,19,18,0.9473684210526315
2024-25,2025-05-25,Aston Villa,HOME,corners_for,4.5,19,15,0.7894736842105263
2024-25,2025-05-25,Aston Villa,HOME,corners_for,5.5,19,13,0.6842105263157895
2024-25,2025-05-25,Aston Villa,HOME,corners_for,6.5,19,9,0.47368421052631576
2024-25,2025-05-25,Aston Villa,HOME,corners_for,7.5,19,7,0.3684210526315789
2024-25,2025-05-25,Aston Villa,HOME,corners_against,2.5,19,12,0.631578947368421
2024-25,2025-05-25,Aston Villa,HOME,corners_against,3.5,19,7,0.3684210526315789
2024-25,2025-05-25,Aston Villa,HOME,corners_against,4.5,19,5,0.2631578947368421
2024-25,2025-05-25,Aston Villa,HOME,corners_against,5.5,19,3,0.15789473684210525
2024-25,2025-05-25,Aston Villa,HOME,corners_against,6.5,19,3,0.15789473684210525
2024-25,2025-05-25,Aston Villa,HOME,corners_against,7.5,19,1,0.05263157894736842
2024-25,2025-05-25,Aston Villa,HOME,yellow_cards,0.5,19,16,0.8421052631578947
2024-25,2025-05-25,Aston Villa,HOME,yellow_cards,1.5,19,8,0.42105263157894735
2024-25,2025-05-25,Aston Villa,HOME,yellow_cards,2.5,19,4,0.21052631578947367
2024-25,2025-05-25,Aston Villa,HOME,yellow_cards,3.5,19,1,0.05263157894736842
2024-25,2025-05-25,Aston Villa,HOME,yellow_cards,4.5,19,1,0.05263157894736842
2024-25,2025-05-25,Aston Villa,AWAY,fouls_committed,8.5,19,15,0.7894736842105263
2024-25,2025-05-25,Aston Villa,AWAY,fouls_committed,9.5,19,15,0.7894736842105263
2024-25,2025-05-25,Aston Villa,AWAY,fouls_committed,10.5,19,10,0.5263157894736842
2024-25,2025-05-25,Aston Villa,AWAY,fouls_committed,11.5,19,7,0.3684210526315789
2024-25,2025-05-25,Aston Villa,AWAY,fouls_committed,12.5,19,6,0.3157894736842105
2024-25,2025-05-25,Aston Villa,AWAY,fouls_committed,13.5,19,5,0.2631578947368421
2024-25,2025-05-25,Aston Villa,AWAY,fouls_committed,14.5,19,3,0.15789473684210525
2024-25,2025-05-25,Aston Villa,AWAY,fouls_committed,15.5,19,2,0.10526315789473684
2024-25,2025-05-25,Aston Villa,AWAY,fouls_suffered,8.5,19,18,0.9473684210526315
2024-25,2025-05-25,Aston Villa,AWAY,fouls_suffered,9.5,19,17,0.8947368421052632
2024-25,2025-05-25,Aston Villa,AWAY,fouls_suffered,10.5,19,13,0.6842105263157895
2024-25,2025-05-25,Aston Villa,AWAY,fouls_suffered,11.5,19,11,0.5789473684210527
2024-25,2025-05-25,Aston Villa,AWAY,fouls_suffered,12.5,19,10,0.5263157894736842
2024-25,2025-05-25,Aston Villa,AWAY,fouls_suffered,13.5,19,9,0.47368421052631576
2024-25,2025-05-25,Aston Villa,AWAY,fouls_suffered,14.5,19,8,0.42105263157894735
2024-25,2025-05-25,Aston Villa,AWAY,fouls_suffered,15.5,19,7,0.3684210526315789
2024-25,2025-05-25,Aston Villa,AWAY,corners_for,2.5,19,14,0.7368421052631579
2024-25,2025-05-25,Aston Villa,AWAY,corners_for,3.5,19,11,0.5789473684210527
2024-25,2025-05-25,Aston Villa,AWAY,corners_for,4.5,19,8,0.42105263157894735
2024-25,2025-05-25,Aston Villa,AWAY,corners_for,5.5,19,6,0.3157894736842105
2024-25,2025-05-25,Aston Villa,AWAY,corners_for,6.5,19,5,0.2631578947368421
2024-25,2025-05-25,Aston Villa,AWAY,corners_for,7.5,19,5,0.2631578947368421
2024-25,2025-05-25,Aston Villa,AWAY,corners_against,2.5,19,16,0.8421052631578947
2024-25,2025-05-25,Aston Villa,AWAY,corners_against,3.5,19,14,0.7368421052631579
2024-25,2025-05-25,Aston Villa,AWAY,corners_against,4.5,19,11,0.5789473684210527
2024-25,2025-05-25,Aston Villa,AWAY,corners_against,5.5,19,9,0.47368421052631576
2024-25,2025-05-25,Aston Villa,AWAY,corners_against,6.5,19,6,0.3157894736842105
2024-25,2025-05-25,Aston Villa,AWAY,corners_against,7.5,19,6,0.3157894736842105
2024-25,2025-05-25,Aston Villa,AWAY,yellow_cards,0.5,19,18,0.9473684210526315
2024-25,2025-05-25,Aston Villa,AWAY,yellow_cards,1.5,19,12,0.631578947368421
2024-25,2025-05-25,Aston Villa,AWAY,yellow_cards,2.5,19,8,0.42105263157894735
2024-25,2025-05-25,Aston Villa,AWAY,yellow_cards,3.5,19,1,0.05263157894736842
2024-25,2025-05-25,Aston Villa,AWAY,yellow_cards,4.5,19,1,0.05263157894736842
2024-25,2025-05-25,Bournemouth,ALL,fouls_committed,8.5,38,35,0.9210526315789473
2024-25,2025-05-25,Bournemouth,ALL,fouls_committed,9.5,38,34,0.8947368421052632
2024-25,2025-05-25,Bournemouth,ALL,fouls_committed,10.5,38,33,0.868421052631579
2024-25,2025-05-25,Bournemouth,ALL,fouls_committed,11.5,38,28,0.7368421052631579
2024-25,2025-05-25,Bournemouth,ALL,fouls_committed,12.5,38,26,0.6842105263157895
2024-25,2025-05-25,Bournemouth,ALL,fouls_committed,13.5,38,20,0.5263157894736842
2024-25,2025-05-25,Bournemouth,ALL,fouls_committed,14.5,38,16,0.42105263157894735
2024-25,2025-05-25,Bournemouth,ALL,fouls_committed,15.5,38,12,0.3157894736842105
2024-25,2025-05-25,Bournemouth,ALL,fouls_suffered,8.5,38,28,0.7368421052631579
2024-25,2025-05-25,Bournemouth,ALL,fouls_suffered,9.5,38,24,0.631578947368421
2024-25,2025-05-25,Bournemouth,ALL,fouls_suffered,10.5,38,21,0.5526315789473685
2024-25,2025-05-25,Bournemouth,ALL,fouls_suffered,11.5,38,18,0.47368421052631576
2024-25,2025-05-25,Bournemouth,ALL,fouls_suffered,12.5,38,10,0.2631578947368421
2024-25,2025-05-25,Bournemouth,ALL,fouls_suffered,13.5,38,6,0.15789473684210525
2024-25,2025-05-25,Bournemouth,ALL,fouls_suffered,14.5,38,5,0.13157894736842105
2024-25,2025-05-25,Bournemouth,ALL,fouls_suffered,15.5,38,2,0.05263157894736842
2024-25,2025-05-25,Bournemouth,ALL,corners_for,2.5,38,36,0.9473684210526315
2024-25,2025-05-25,Bournemouth,ALL,corners_for,3.5,38,31,0.8157894736842105
2024-25,2025-05-25,Bournemouth,ALL,corners_for,4.5,38,26,0.6842105263157895
2024-25,2025-05-25,Bournemouth,ALL,corners_for,5.5,38,23,0.6052631578947368
2024-25,2025-05-25,Bournemouth,ALL,corners_for,6.5,38,15,0.39473684210526316
2024-25,2025-05-25,Bournemouth,ALL,corners_for,7.5,38,9,0.23684210526315788
2024-25,2025-05-25,Bournemouth,ALL,corners_against,2.5,38,29,0.7631578947368421
2024-25,2025-05-25,Bournemouth,ALL,corners_against,3.5,38,20,0.5263157894736842
2024-25,2025-05-25,Bournemouth,ALL,corners_against,4.5,38,16,0.42105263157894735
2024-25,2025-05-25,Bournemouth,ALL,corners_against,5.5,38,15,0.39473684210526316
2024-25,2025-05-25,Bournemouth,ALL,corners_against,6.5,38,12,0.3157894736842105
2024-25,2025-05-25,Bournemouth,ALL,corners_against,7.5,38,10,0.2631578947368421
2024-25,2025-05-25,Bournemouth,ALL,yellow_cards,0.5,38,36,0.9473684210526315
2024-25,2025-05-25,Bournemouth,ALL,yellow_cards,1.5,38,29,0.7631578947368421
2024-25,2025-05-25,Bournemouth,ALL,yellow_cards,2.5,38,18,0.47368421052631576
2024-25,2025-05-25,Bournemouth,ALL,yellow_cards,3.5,38,8,0.21052631578947367
2024-25,2025-05-25,Bournemouth,ALL,yellow_cards,4.5,38,3,0.07894736842105263
2024-25,2025-05-25,Bournemouth,HOME,fouls_committed,8.5,19,18,0.9473684210526315
2024-25,2025-05-25,Bournemouth,HOME,fouls_committed,9.5,19,17,0.8947368421052632
2024-25,2025-05-25,Bournemouth,HOME,fouls_committed,10.5,19,17,0.8947368421052632
2024-25,2025-05-25,Bournemouth,HOME,fouls_committed,11.5,19,14,0.7368421052631579
2024-25,2025-05-25,Bournemouth,HOME,fouls_committed,12.5,19,13,0.6842105263157895
2024-25,2025-05-25,Bournemouth,HOME,fouls_committed,13.5,19,10,0.5263157894736842
2024-25,2025-05-25,Bournemouth,HOME,fouls_committed,14.5,19,9,0.47368421052631576
2024-25,2025-05-25,Bournemouth,HOME,fouls_committed,15.5,19,6,0.3157894736842105
2024-25,2025-05-25,Bournemouth,HOME,fouls_suffered,8.5,19,15,0.7894736842105263
2024-25,2025-05-25,Bournemouth,HOME,fouls_suffered,9.5,19,12,0.631578947368421
2024-25,2025-05-25,Bournemouth,HOME,fouls_suffered,10.5,19,10,0.5263157894736842
2024-25,2025-05-25,Bournemouth,HOME,fouls_suffered,11.5,19,8,0.42105263157894735
2024-25,2025-05-25,Bournemouth,HOME,fouls_suffered,12.5,19,3,0.15789473684210525
2024-25,2025-05-25,Bournemouth,HOME,fouls_suffered,13.5,19,3,0.15789473684210525
2024-25,2025-05-25,Bournemouth,HOME,fouls_suffered,14.5,19,2,0.10526315789473684
2024-25,2025-05-25,Bournemouth,HOME,fouls_suffered,15.5,19,1,0.05263157894736842
2024-25,2025-05-25,Bournemouth,HOME,corners_for,2.5,19,19,1.0
2024-25,2025-05-25,Bournemouth,HOME,corners_for,3.5,19,16,0.8421052631578947
2024-25,2025-05-25,Bournemouth,HOME,corners_for,4.5,19,15,0.7894736842105263
2024-25,2025-05-25,Bournemouth,HOME,corners_for,5.5,19,12,0.631578947368421
2024-25,2025-05-25,Bournemouth,HOME,corners_for,6.5,19,8,0.42105263157894735
2024-25,2025-05-25,Bournemouth,HOME,corners_for,7.5,19,5,0.2631578947368421
2024-25,2025-05-25,Bournemouth,HOME,corners_against,2.5,19,15,0.7894736842105263
2024-25,2025-05-25,Bournemouth,HOME,corners_against,3.5,19,10,0.5263157894736842
2024-25,2025-05-25,Bournemouth,HOME,corners_against,4.5,19,8,0.42105263157894735
2024-25,2025-05-25,Bournemouth,HOME,corners_against,5.5,19,8,0.42105263157894735
2024-25,2025-05-25,Bournemouth,HOME,corners_against,6.5,19,7,0.3684210526315789
2024-25,2025-05-25,Bournemouth,HOME,corners_against,7.5,19,6,0.3157894736842105
2024-25,2025-05-25,Bournemouth,HOME,yellow_cards,0.5,19,17,0.8947368421052632
2024-25,2025-05-25,Bournemouth,HOME,yellow_cards,1.5,19,15,0.7894736842105263
2024-25,2025-05-25,Bournemouth,HOME,yellow_cards,2.5,19,6,0.3157894736842105
2024-25,2025-05-25,Bournemouth,HOME,yellow_cards,3.5,19,3,0.15789473684210525
2024-25,2025-05-25,Bournemouth,HOME,yellow_cards,4.5,19,1,0.05263157894736842
2024-25,2025-05-25,Bournemouth,AWAY,fouls_committed,8.5,19,17,0.8947368421052632
2024-25,2025-05-25,Bournemouth,AWAY,fouls_committed,9.5,19,17,0.8947368421052632
2024-25,2025-05-25,Bournemouth,AWAY,fouls_committed,10.5,19,16,0.8421052631578947
2024-25,2025-05-25,Bournemouth,AWAY,fouls_committed,11.5,19,14,0.7368421052631579
2024-25,2025-05-25,Bournemouth,AWAY,fouls_committed,12.5,19,13,0.6842105263157895
2024-25,2025-05-25,Bournemouth,AWAY,fouls_committed,13.5,19,10,0.5263157894736842
2024-25,2025-05-25,Bournemouth,AWAY,fouls_committed,14.5,19,7,0.3684210526315789
2024-25,2025-05-25,Bournemouth,AWAY,fouls_committed,15.5,19,6,0.3157894736842105
2024-25,2025-05-25,Bournemouth,AWAY,fouls_suffered,8.5,19,13,0.6842105263157895
2024-25,2025-05-25,Bournemouth,AWAY,fouls_suffered,9.5,19,12,0.631578947368421
2024-25,2025-05-25,Bournemouth,AWAY,fouls_suffered,10.5,19,11,0.5789473684210527
2024-25,2025-05-25,Bournemouth,AWAY,fouls_suffered,11.5,19,10,0.5263157894736842
2024-25,2025-05-25,Bournemouth,AWAY,fouls_suffered,12.5,19,7,0.3684210526315789
2024-25,2025-05-25,Bournemouth,AWAY,fouls_suffered,13.5,19,3,0.15789473684210525
2024-25,2025-05-25,Bournemouth,AWAY,fouls_suffered,14.5,19,3,0.15789473684210525
2024-25,2025-05-25,Bournemouth,AWAY,fouls_suffered,15.5,19,1,0.05263157894736842
2024-25,2025-05-25,Bournemouth,AWAY,corners_for,2.5,19,17,0.8947368421052632
2024-25,2025-05-25,Bournemouth,AWAY,corners_for,3.5,19,15,0.7894736842105263
2024-25,2025-05-25,Bournemouth,AWAY,corners_for,4.5,19,11,0.5789473684210527
2024-25,2025-05-25,Bournemouth,AWAY,corners_for,5.5,19,11,0.5789473684210527
2024-25,2025-05-25,Bournemouth,AWAY,corners_for,6.5,19,7,0.3684210526315789
2024-25,2025-05-25,Bournemouth,AWAY,corners_for,7.5,19,4,0.21052631578947367
2024-25,2025-05-25,Bournemouth,AWAY,corners_against,2.5,19,14,0.7368421052631579
2024-25,2025-05-25,Bournemouth,AWAY,corners_against,3.5,19,10,0.5263157894736842
2024-25,2025-05-25,Bournemouth,AWAY,corners_against,4.5,19,8,0.42105263157894735
2024-25,2025-05-25,Bournemouth,AWAY,corners_against,5.5,19,7,0.3684210526315789
2024-25,2025-05-25,Bournemouth,AWAY,corners_against,6.5,19,5,0.2631578947368421
2024-25,2025-05-25,Bournemouth,AWAY,corners_against,7.5,19,4,0.21052631578947367
2024-25,2025-05-25,Bournemouth,AWAY,yellow_cards,0.5,19,19,1.0
2024-25,2025-05-25,Bournemouth,AWAY,yellow_cards,1.5,19,14,0.7368421052631579
2024-25,2025-05-25,Bournemouth,AWAY,yellow_cards,2.5,19,12,0.631578947368421
2024-25,2025-05-25,Bournemouth,AWAY,yellow_cards,3.5,19,5,0.2631578947368421
2024-25,2025-05-25,Bournemouth,AWAY,yellow_cards,4.5,19,2,0.10526315789473684
2024-25,2025-05-25,Brentford,ALL,fouls_committed,8.5,38,21,0.5526315789473685
2024-25,2025-05-25,Brentford,ALL,fouls_committed,9.5,38,15,0.39473684210526316
2024-25,2025-05-25,Brentford,ALL,fouls_committed,10.5,38,9,0.23684210526315788
2024-25,2025-05-25,Brentford,ALL,fouls_committed,11.5,38,8,0.21052631578947367
2024-25,2025-05-25,Brentford,ALL,fouls_committed,12.5,38,2,0.05263157894736842
2024-25,2025-05-25,Brentford,ALL,fouls_committed,13.5,38,1,0.02631578947368421
2024-25,2025-05-25,Brentford,ALL,fouls_committed,14.5,38,1,0.02631578947368421
2024-25,2025-05-25,Brentford,ALL,fouls_committed,15.5,38,0,0.0
2024-25,2025-05-25,Brentford,ALL,fouls_suffered,8.5,38,24,0.631578947368421
2024-25,2025-05-25,Brentford,ALL,fouls_suffered,9.5,38,23,0.6052631578947368
2024-25,2025-05-25,Brentford,ALL,fouls_suffered,10.5,38,14,0.3684210526315789
2024-25,2025-05-25,Brentford,ALL,fouls_suffered,11.5,38,8,0.21052631578947367
2024-25,2025-05-25,Brentford,ALL,fouls_suffered,12.5,38,6,0.15789473684210525
2024-25,2025-05-25,Brentford,ALL,fouls_suffered,13.5,38,5,0.13157894736842105
2024-25,2025-05-25,Brentford,ALL,fouls_suffered,14.5,38,2,0.05263157894736842
2024-25,2025-05-25,Brentford,ALL,fouls_suffered,15.5,38,1,0.02631578947368421
2024-25,2025-05-25,Brentford,ALL,corners_for,2.5,38,32,0.8421052631578947
2024-25,2025-05-25,Brentford,ALL,corners_for,3.5,38,25,0.6578947368421053
2024-25,2025-05-25,Brentford,ALL,corners_for,4.5,38,18,0.47368421052631576
2024-25,2025-05-25,Brentford,ALL,corners_for,5.5,38,10,0.2631578947368421
2024-25,2025-05-25,Brentford,ALL,corners_for,6.5,38,6,0.15789473684210525
2024-25,2025-05-25,Brentford,ALL,corners_for,7.5,38,3,0.07894736842105263
2024-25,2025-05-25,Brentford,ALL,corners_against,2.5,38,37,0.9736842105263158
2024-25,2025-05-25,Brentford,ALL,corners_against,3.5,38,33,0.868421052631579
2024-25,2025-05-25,Brentford,ALL,corners_against,4.5,38,25,0.6578947368421053
2024-25,2025-05-25,Brentford,ALL,corners_against,5.5,38,17,0.4473684210526316
2024-25,2025-05-25,Brentford,ALL,corners_against,6.5,38,16,0.42105263157894735
2024-25,2025-05-25,Brentford,ALL,corners_against,7.5,38,14,0.3684210526315789
2024-25,2025-05-25,Brentford,ALL,yellow_cards,0.5,38,30,0.7894736842105263
2024-25,2025-05-25,Brentford,ALL,yellow_cards,1.5,38,20,0.5263157894736842
2024-25,2025-05-25,Brentford,ALL,yellow_cards,2.5,38,8,0.21052631578947367
2024-25,2025-05-25,Brentford,ALL,yellow_cards,3.5,38,3,0.07894736842105263
2024-25,2025-05-25,Brentford,ALL,yellow_cards,4.5,38,1,0.02631578947368421
2024-25,2025-05-25,Brentford,HOME,fouls_committed,8.5,19,8,0.42105263157894735
2024-25,2025-05-25,Brentford,HOME,fouls_committed,9.5,19,5,0.2631578947368421
2024-25,2025-05-25,Brentford,HOME,fouls_committed,10.5,19,2,0.10526315789473684
2024-25,2025-05-25,Brentford,HOME,fouls_committed,11.5,19,2,0.10526315789473684
2024-25,2025-05-25,Brentford,HOME,fouls_committed,12.5,19,0,0.0
2024-25,2025-05-25,Brentford,HOME,fouls_committed,13.5,19,0,0.0
2024-25,2025-05-25,Brentford,HOME,fouls_committed,14.5,19,0,0.0
2024-25,2025-05-25,Brentford,HOME,fouls_committed,15.5,19,0,0.0
2024-25,2025-05-25,Brentford,HOME,fouls_suffered,8.5,19,12,0.631578947368421
2024-25,2025-05-25,Brentford,HOME,fouls_suffered,9.5,19,12,0.631578947368421
2024-25,2025-05-25,Brentford,HOME,fouls_suffered,10.5,19,8,0.42105263157894735
2024-25,2025-05-25,Brentford,HOME,fouls_suffered,11.5,19,5,0.2631578947368421
2024-25,2025-05-25,Brentford,HOME,fouls_suffered,12.5,19,4,0.21052631578947367
2024-25,2025-05-25,Brentford,HOME,fouls_suffered,13.5,19,4,0.21052631578947367
2024-25,2025-05-25,Brentford,HOME,fouls_suffered,14.5,19,2,0.10526315789473684
2024-25,2025-05-25,Brentford,HOME,fouls_suffered,15.5,19,1,0.05263157894736842
2024-25,2025-05-25,Brentford,HOME,corners_for,2.5,19,16,0.8421052631578947
2024-25,2025-05-25,Brentford,HOME,corners_for,3.5,19,14,0.7368421052631579
2024-25,2025-05-25,Brentford,HOME,corners_for,4.5,19,10,0.5263157894736842
2024-25,2025-05-25,Brentford,HOME,corners_for,5.5,19,7,0.3684210526315789
2024-25,2025-05-25,Brentford,HOME,corners_for,6.5,19,5,0.2631578947368421
2024-25,2025-05-25,Brentford,HOME,corners_for,7.5,19,3,0.15789473684210525
2024-25,2025-05-25,Brentford,HOME,corners_against,2.5,19,19,1.0
2024-25,2025-05-25,Brentford,HOME,corners_against,3.5,19,15,0.7894736842105263
2024-25,2025-05-25,Brentford,HOME,corners_against,4.5,19,11,0.5789473684210527
2024-25,2025-05-25,Brentford,HOME,corners_against,5.5,19,6,0.3157894736842105
2024-25,2025-05-25,Brentford,HOME,corners_against,6.5,19,5,0.2631578947368421
2024-25,2025-05-25,Brentford,HOME,corners_against,7.5,19,3,0.15789473684210525
2024-25,2025-05-25,Brentford,HOME,yellow_cards,0.5,19,15,0.7894736842105263
2024-25,2025-05-25,Brentford,HOME,yellow_cards,1.5,19,11,0.5789473684210527
2024-25,2025-05-25,Brentford,HOME,yellow_cards,2.5,19,4,0.21052631578947367
2024-25,2025-05-25,Brentford,HOME,yellow_cards,3.5,19,1,0.05263157894736842
2024-25,2025-05-25,Brentford,HOME,yellow_cards,4.5,19,0,0.0
2024-25,2025-05-25,Brentford,AWAY,fouls_committed,8.5,19,13,0.6842105263157895
2024-25,2025-05-25,Brentford,AWAY,fouls_committed,9.5,19,10,0.5263157894736842
2024-25,2025-05-25,Brentford,AWAY,fouls_committed,10.5,19,7,0.3684210526315789
2024-25,2025-05-25,Brentford,AWAY,fouls_committed,11.5,19,6,0.3157894736842105
2024-25,2025-05-25,Brentford,AWAY,fouls_committed,12.5,19,2,0.10526315789473684
2024-25,2025-05-25,Brentford,AWAY,fouls_committed,13.5,19,1,0.05263157894736842
2024-25,2025-05-25,Brentford,AWAY,fouls_committed,14.5,19,1,0.05263157894736842
2024-25,2025-05-25,Brentford,AWAY,fouls_committed,15.5,19,0,0.0
2024-25,2025-05-25,Brentford,AWAY,fouls_suffered,8.5,19,12,0.631578947368421
2024-25,2025-05-25,Brentford,AWAY,fouls_suffered,9.5,19,11,0.5789473684210527
2024-25,2025-05-25,Brentford,AWAY,fouls_suffered,10.5,19,6,0.3157894736842105
2024-25,2025-05-25,Brentford,AWAY,fouls_suffered,11.5,19,3,0.15789473684210525
2024-25,2025-05-25,Brentford,AWAY,fouls_suffered,12.5,19,2,0.10526315789473684
2024-25,2025-05-25,Brentford,AWAY,fouls_suffered,13.5,19,1,0.05263157894736842
2024-25,2025-05-25,Brentford,AWAY,fouls_suffered,14.5,19,0,0.0
2024-25,2025-05-25,Brentford,AWAY,fouls_suffered,15.5,19,0,0.0
2024-25,2025-05-25,Brentford,AWAY,corners_for,2.5,19,16,0.8421052631578947
2024-25,2025-05-25,Brentford,AWAY,corners_for,3.5,19,11,0.5789473684210527
2024-25,2025-05-25,Brentford,AWAY,corners_for,4.5,19,8,0.42105263157894735
2024-25,2025-05-25,Brentford,AWAY,corners_for,5.5,19,3,0.15789473684210525
2024-25,2025-05-25,Brentford,AWAY,corners_for,6.5,19,1,0.05263157894736842
2024-25,2025-05-25,Brentford,AWAY,corners_for,7.5,19,0,0.0
2024-25,2025-05-25,Brentford,AWAY,corners_against,2.5,19,18,0.9473684210526315
2024-25,2025-05-25,Brentford,AWAY,corners_against,3.5,19,18,0.9473684210526315
2024-25,2025-05-25,Brentford,AWAY,corners_against,4.5,19,14,0.7368421052631579
2024-25,2025-05-25,Brentford,AWAY,corners_against,5.5,19,11,0.5789473684210527
2024-25,2025-05-25,Brentford,AWAY,corners_against,6.5,19,11,0.5789473684210527
2024-25,2025-05-25,Brentford,AWAY,corners_against,7.5,19,11,0.5789473684210527
2024-25,2025-05-25,Brentford,AWAY,yellow_cards,0.5,19,15,0.7894736842105263
2024-25,2025-05-25,Brentford,AWAY,yellow_cards,1.5,19,9,0.47368421052631576
2024-25,2025-05-25,Brentford,AWAY,yellow_cards,2.5,19,4,0.21052631578947367
2024-25,2025-05-25,Brentford,AWAY,yellow_cards,3.5,19,2,0.10526315789473684
2024-25,2025-05-25,Brentford,AWAY,yellow_cards,4.5,19,1,0.05263157894736842
2024-25,2025-05-25,Brighton & Hove Albion,ALL,fouls_committed,8.5,38,29,0.7631578947368421
2024-25,2025-05-25,Brighton & Hove Albion,ALL,fouls_committed,9.5,38,25,0.6578947368421053
2024-25,2025-05-25,Brighton & Hove Albion,ALL,fouls_committed,10.5,38,22,0.5789473684210527
2024-25,2025-05-25,Brighton & Hove Albion,ALL,fouls_committed,11.5,38,20,0.5263157894736842
2024-25,2025-05-25,Brighton & Hove Albion,ALL,fouls_committed,12.5,38,12,0.3157894736842105
2024-25,2025-05-25,Brighton & Hove Albion,ALL,fouls_committed,13.5,38,10,0.2631578947368421
2024-25,2025-05-25,Brighton & Hove Albion,ALL,fouls_committed,14.5,38,6,0.15789473684210525
2024-25,2025-05-25,Brighton & Hove Albion,ALL,fouls_committed,15.5,38,5,0.13157894736842105
2024-25,2025-05-25,Brighton & Hove Albion,ALL,fouls_suffered,8.5,38,32,0.8421052631578947
2024-25,2025-05-25,Brighton & Hove Albion,ALL,fouls_suffered,9.5,38,29,0.7631578947368421
2024-25,2025-05-25,Brighton & Hove Albion,ALL,fouls_suffered,10.5,38,23,0.6052631578947368
2024-25,2025-05-25,Brighton & Hove Albion,ALL,fouls_suffered,11.5,38,16,0.42105263157894735
2024-25,2025-05-25,Brighton & Hove Albion,ALL,fouls_suffered,12.5,38,12,0.3157894736842105
2024-25,2025-05-25,Brighton & Hove Albion,ALL,fouls_suffered,13.5,38,7,0.18421052631578946
2024-25,2025-05-25,Brighton & Hove Albion,ALL,fouls_suffered,14.5,38,4,0.10526315789473684
2024-25,2025-05-25,Brighton & Hove Albion,ALL,fouls_suffered,15.5,38,2,0.05263157894736842
2024-25,2025-05-25,Brighton & Hove Albion,ALL,corners_for,2.5,38,30,0.7894736842105263
2024-25,2025-05-25,Brighton & Hove Albion,ALL,corners_for,3.5,38,26,0.6842105263157895
2024-25,2025-05-25,Brighton & Hove Albion,ALL,corners_for,4.5,38,19,0.5
2024-25,2025-05-25,Brighton & Hove Albion,ALL,corners_for,5.5,38,15,0.39473684210526316
2024-25,2025-05-25,Brighton & Hove Albion,ALL,corners_for,6.5,38,12,0.3157894736842105
2024-25,2025-05-25,Brighton & Hove Albion,ALL,corners_for,7.5,38,9,0.23684210526315788
2024-25,2025-05-25,Brighton & Hove Albion,ALL,corners_against,2.5,38,29,0.7631578947368421
2024-25,2025-05-25,Brighton & Hove Albion,ALL,corners_against,3.5,38,26,0.6842105263157895
2024-25,2025-05-25,Brighton & Hove Albion,ALL,corners_against,4.5,38,19,0.5
2024-25,2025-05-25,Brighton & Hove Albion,ALL,corners_against,5.5,38,14,0.3684210526315789
2024-25,2025-05-25,Brighton & Hove Albion,ALL,corners_against,6.5,38,11,0.2894736842105263
2024-25,2025-05-25,Brighton & Hove Albion,ALL,corners_against,7.5,38,7,0.18421052631578946
2024-25,2025-05-25,Brighton & Hove Albion,ALL,yellow_cards,0.5,38,35,0.9210526315789473
2024-25,2025-05-25,Brighton & Hove Albion,ALL,yellow_cards,1.5,38,24,0.631578947368421
2024-25,2025-05-25,Brighton & Hove Albion,ALL,yellow_cards,2.5,38,10,0.2631578947368421
2024-25,2025-05-25,Brighton & Hove Albion,ALL,yellow_cards,3.5,38,2,0.05263157894736842
2024-25,2025-05-25,Brighton & Hove Albion,ALL,yellow_cards,4.5,38,1,0.02631578947368421
2024-25,2025-05-25,Brighton & Hove Albion,HOME,fouls_committed,8.5,19,15,0.7894736842105263
2024-25,2025-05-25,Brighton & Hove Albion,HOME,fouls_committed,9.5,19,12,0.631578947368421
2024-25,2025-05-25,Brighton & Hove Albion,HOME,fouls_committed,10.5,19,12,0.631578947368421
2024-25,2025-05-25,Brighton & Hove Albion,HOME,fouls_committed,11.5,19,11,0.5789473684210527
2024-25,2025-05-25,Brighton & Hove Albion,HOME,fouls_committed,12.5,19,6,0.3157894736842105
2024-25,2025-05-25,Brighton & Hove Albion,HOME,fouls_committed,13.5,19,6,0.3157894736842105
2024-25,2025-05-25,Brighton & Hove Albion,HOME,fouls_committed,14.5,19,4,0.21052631578947367
2024-25,2025-05-25,Brighton & Hove Albion,HOME,fouls_committed,15.5,19,3,0.15789473684210525
2024-25,2025-05-25,Brighton & Hove Albion,HOME,fouls_suffered,8.5,19,18,0.9473684210526315
2024-25,2025-05-25,Brighton & Hove Albion,HOME,fouls_suffered,9.5,19,17,0.8947368421052632
2024-25,2025-05-25,Brighton & Hove Albion,HOME,fouls_suffered,10.5,19,13,0.6842105263157895
2024-25,2025-05-25,Brighton & Hove Albion,HOME,fouls_suffered,11.5,19,9,0.47368421052631576
2024-25,2025-05-25,Brighton & Hove Albion,HOME,fouls_suffered,12.5,19,7,0.3684210526315789
2024-25,2025-05-25,Brighton & Hove Albion,HOME,fouls_suffered,13.5,19,6,0.3157894736842105
2024-25,2025-05-25,Brighton & Hove Albion,HOME,fouls_suffered,14.5,19,4,0.21052631578947367
2024-25,2025-05-25,Brighton & Hove Albion,HOME,fouls_suffered,15.5,19,2,0.10526315789473684
2024-25,2025-05-25,Brighton & Hove Albion,HOME,corners_for,2.5,19,14,0.7368421052631579
2024-25,2025-05-25,Brighton & Hove Albion,HOME,corners_for,3.5,19,11,0.5789473684210527
2024-25,2025-05-25,Brighton & Hove Albion,HOME,corners_for,4.5,19,8,0.42105263157894735
2024-25,2025-05-25,Brighton & Hove Albion,HOME,corners_for,5.5,19,7,0.3684210526315789
2024-25,2025-05-25,Brighton & Hove Albion,HOME,corners_for,6.5,19,7,0.3684210526315789
2024-25,2025-05-25,Brighton & Hove Albion,HOME,corners_for,7.5,19,6,0.3157894736842105
2024-25,2025-05-25,Brighton & Hove Albion,HOME,corners_against,2.5,19,14,0.7368421052631579
2024-25,2025-05-25,Brighton & Hove Albion,HOME,corners_against,3.5,19,12,0.631578947368421
2024-25,2025-05-25,Brighton & Hove Albion,HOME,corners_against,4.5,19,9,0.47368421052631576
2024-25,2025-05-25,Brighton & Hove Albion,HOME,corners_against,5.5,19,7,0.3684210526315789
2024-25,2025-05-25,Brighton & Hove Albion,HOME,corners_against,6.5,19,4,0.21052631578947367
2024-25,2025-05-25,Brighton & Hove Albion,HOME,corners_against,7.5,19,2,0.10526315789473684
2024-25,2025-05-25,Brighton & Hove Albion,HOME,yellow_cards,0.5,19,17,0.8947368421052632
2024-25,2025-05-25,Brighton & Hove Albion,HOME,yellow_cards,1.5,19,11,0.5789473684210527
2024-25,2025-05-25,Brighton & Hove Albion,HOME,yellow_cards,2.5,19,5,0.2631578947368421
2024-25,2025-05-25,Brighton & Hove Albion,HOME,yellow_cards,3.5,19,1,0.05263157894736842
2024-25,2025-05-25,Brighton & Hove Albion,HOME,yellow_cards,4.5,19,0,0.0
2024-25,2025-05-25,Brighton & Hove Albion,AWAY,fouls_committed,8.5,19,14,0.7368421052631579
2024-25,2025-05-25,Brighton & Hove Albion,AWAY,fouls_committed,9.5,19,13,0.6842105263157895
2024-25,2025-05-25,Brighton & Hove Albion,AWAY,fouls_committed,10.5,19,10,0.5263157894736842
2024-25,2025-05-25,Brighton & Hove Albion,AWAY,fouls_committed,11.5,19,9,0.47368421052631576
2024-25,2025-05-25,Brighton & Hove Albion,AWAY,fouls_committed,12.5,19,6,0.3157894736842105
2024-25,2025-05-25,Brighton & Hove Albion,AWAY,fouls_committed,13.5,19,4,0.21052631578947367
2024-25,2025-05-25,Brighton & Hove Albion,AWAY,fouls_committed,14.5,19,2,0.10526315789473684
2024-25,2025-05-25,Brighton & Hove Albion,AWAY,fouls_committed,15.5,19,2,0.10526315789473684
2024-25,2025-05-25,Brighton & Hove Albion,AWAY,fouls_suffered,8.5,19,14,0.7368421052631579
2024-25,2025-05-25,Brighton & Hove Albion,AWAY,fouls_suffered,9.5,19,12,0.631578947368421
2024-25,2025-05-25,Brighton & Hove Albion,AWAY,fouls_suffered,10.5,19,10,0.5263157894736842
2024-25,2025-05-25,Brighton & Hove Albion,AWAY,fouls_suffered,11.5,19,7,0.3684210526315789
2024-25,2025-05-25,Brighton & Hove Albion,AWAY,fouls_suffered,12.5,19,5,0.2631578947368421
2024-25,2025-05-25,Brighton & Hove Albion,AWAY,fouls_suffered,13.5,19,1,0.05263157894736842
2024-25,2025-05-25,Brighton & Hove Albion,AWAY,fouls_suffered,14.5,19,0,0.0
2024-25,2025-05-25,Brighton & Hove Albion,AWAY,fouls_suffered,15.5,19,0,0.0
2024-25,2025-05-25,Brighton & Hove Albion,AWAY,corners_for,2.5,19,16,0.8421052631578947
2024-25,2025-05-25,Brighton & Hove Albion,AWAY,corners_for,3.5,19,15,0.7894736842105263
2024-25,2025-05-25,Brighton & Hove Albion,AWAY,corners_for,4.5,19,11,0.5789473684210527
2024-25,2025-05-25,Brighton & Hove Albion,AWAY,corners_for,5.5,19,8,0.42105263157894735
2024-25,2025-05-25,Brighton & Hove Albion,AWAY,corners_for,6.5,19,5,0.2631578947368421
2024-25,2025-05-25,Brighton & Hove Albion,AWAY,corners_for,7.5,19,3,0.15789473684210525
2024-25,2025-05-25,Brighton & Hove Albion,AWAY,corners_against,2.5,19,15,0.7894736842105263
2024-25,2025-05-25,Brighton & Hove Albion,AWAY,corners_against,3.5,19,14,0.7368421052631579
2024-25,2025-05-25,Brighton & Hove Albion,AWAY,corners_against,4.5,19,10,0.5263157894736842
2024-25,2025-05-25,Brighton & Hove Albion,AWAY,corners_against,5.5,19,7,0.3684210526315789
2024-25,2025-05-25,Brighton & Hove Albion,AWAY,corners_against,6.5,19,7,0.3684210526315789
2024-25,2025-05-25,Brighton & Hove Albion,AWAY,corners_against,7.5,19,5,0.2631578947368421
2024-25,2025-05-25,Brighton & Hove Albion,AWAY,yellow_cards,0.5,19,18,0.9473684210526315
2024-25,2025-05-25,Brighton & Hove Albion,AWAY,yellow_cards,1.5,19,13,0.6842105263157895
2024-25,2025-05-25,Brighton & Hove Albion,AWAY,yellow_cards,2.5,19,5,0.2631578947368421
2024-25,2025-05-25,Brighton & Hove Albion,AWAY,yellow_cards,3.5,19,1,0.05263157894736842
2024-25,2025-05-25,Brighton & Hove Albion,AWAY,yellow_cards,4.5,19,1,0.05263157894736842
2024-25,2025-05-25,Chelsea,ALL,fouls_committed,8.5,38,33,0.868421052631579
2024-25,2025-05-25,Chelsea,ALL,fouls_committed,9.5,38,29,0.7631578947368421
2024-25,2025-05-25,Chelsea,ALL,fouls_committed,10.5,38,27,0.7105263157894737
2024-25,2025-05-25,Chelsea,ALL,fouls_committed,11.5,38,20,0.5263157894736842
2024-25,2025-05-25,Chelsea,ALL,fouls_committed,12.5,38,12,0.3157894736842105
2024-25,2025-05-25,Chelsea,ALL,fouls_committed,13.5,38,6,0.15789473684210525
2024-25,2025-05-25,Chelsea,ALL,fouls_committed,14.5,38,4,0.10526315789473684
2024-25,2025-05-25,Chelsea,ALL,fouls_committed,15.5,38,2,0.05263157894736842
2024-25,2025-05-25,Chelsea,ALL,fouls_suffered,8.5,38,32,0.8421052631578947
2024-25,2025-05-25,Chelsea,ALL,fouls_suffered,9.5,38,27,0.7105263157894737
2024-25,2025-05-25,Chelsea,ALL,fouls_suffered,10.5,38,24,0.631578947368421
2024-25,2025-05-25,Chelsea,ALL,fouls_suffered,11.5,38,21,0.5526315789473685
2024-25,2025-05-25,Chelsea,ALL,fouls_suffered,12.5,38,17,0.4473684210526316
2024-25,2025-05-25,Chelsea,ALL,fouls_suffered,13.5,38,12,0.3157894736842105
2024-25,2025-05-25,Chelsea,ALL,fouls_suffered,14.5,38,10,0.2631578947368421
2024-25,2025-05-25,Chelsea,ALL,fouls_suffered,15.5,38,8,0.21052631578947367
2024-25,2025-05-25,Chelsea,ALL,corners_for,2.5,38,38,1.0
2024-25,2025-05-25,Chelsea,ALL,corners_for,3.5,38,32,0.8421052631578947
2024-25,2025-05-25,Chelsea,ALL,corners_for,4.5,38,22,0.5789473684210527
2024-25,2025-05-25,Chelsea,ALL,corners_for,5.5,38,19,0.5
2024-25,2025-05-25,Chelsea,ALL,corners_for,6.5,38,16,0.42105263157894735
2024-25,2025-05-25,Chelsea,ALL,corners_for,7.5,38,12,0.3157894736842105
2024-25,2025-05-25,Chelsea,ALL,corners_against,2.5,38,25,0.6578947368421053
2024-25,2025-05-25,Chelsea,ALL,corners_against,3.5,38,19,0.5
2024-25,2025-05-25,Chelsea,ALL,corners_against,4.5,38,14,0.3684210526315789
2024-25,2025-05-25,Chelsea,ALL,corners_against,5.5,38,8,0.21052631578947367
2024-25,2025-05-25,Chelsea,ALL,corners_against,6.5,38,1,0.02631578947368421
2024-25,2025-05-25,Chelsea,ALL,corners_against,7.5,38,0,0.0
2024-25,2025-05-25,Chelsea,ALL,yellow_cards,0.5,38,35,0.9210526315789473
2024-25,2025-05-25,Chelsea,ALL,yellow_cards,1.5,38,29,0.7631578947368421
2024-25,2025-05-25,Chelsea,ALL,yellow_cards,2.5,38,17,0.4473684210526316
2024-25,2025-05-25,Chelsea,ALL,yellow_cards,3.5,38,8,0.21052631578947367
2024-25,2025-05-25,Chelsea,ALL,yellow_cards,4.5,38,4,0.10526315789473684
2024-25,2025-05-25,Chelsea,HOME,fouls_committed,8.5,19,16,0.8421052631578947
2024-25,2025-05-25,Chelsea,HOME,fouls_committed,9.5,19,15,0.7894736842105263
2024-25,2025-05-25,Chelsea,HOME,fouls_committed,10.5,19,13,0.6842105263157895
2024-25,2025-05-25,Chelsea,HOME,fouls_committed,11.5,19,8,0.42105263157894735
2024-25,2025-05-25,Chelsea,HOME,fouls_committed,12.5,19,4,0.21052631578947367
2024-25,2025-05-25,Chelsea,HOME,fouls_committed,13.5,19,2,0.10526315789473684
2024-25,2025-05-25,Chelsea,HOME,fouls_committed,14.5,19,2,0.10526315789473684
2024-25,2025-05-25,Chelsea,HOME,fouls_committed,15.5,19,1,0.05263157894736842
2024-25,2025-05-25,Chelsea,HOME,fouls_suffered,8.5,19,15,0.7894736842105263
2024-25,2025-05-25,Chelsea,HOME,fouls_suffered,9.5,19,13,0.6842105263157895
2024-25,2025-05-25,Chelsea,HOME,fouls_suffered,10.5,19,12,0.631578947368421
2024-25,2025-05-25,Chelsea,HOME,fouls_suffered,11.5,19,9,0.47368421052631576
2024-25,2025-05-25,Chelsea,HOME,fouls_suffered,12.5,19,8,0.42105263157894735
2024-25,2025-05-25,Chelsea,HOME,fouls_suffered,13.5,19,5,0.2631578947368421
2024-25,2025-05-25,Chelsea,HOME,fouls_suffered,14.5,19,3,0.15789473684210525
2024-25,2025-05-25,Chelsea,HOME,fouls_suffered,15.5,19,3,0.15789473684210525
2024-25,2025-05-25,Chelsea,HOME,corners_for,2.5,19,19,1.0
2024-25,2025-05-25,Chelsea,HOME,corners_for,3.5,19,15,0.7894736842105263
2024-25,2025-05-25,Chelsea,HOME,corners_for,4.5,19,9,0.47368421052631576
2024-25,2025-05-25,Chelsea,HOME,corners_for,5.5,19,9,0.47368421052631576
2024-25,2025-05-25,Chelsea,HOME,corners_for,6.5,19,9,0.47368421052631576
2024-25,2025-05-25,Chelsea,HOME,corners_for,7.5,19,7,0.3684210526315789
2024-25,2025-05-25,Chelsea,HOME,corners_against,2.5,19,13,0.6842105263157895
2024-25,2025-05-25,Chelsea,HOME,corners_against,3.5,19,8,0.42105263157894735
2024-25,2025-05-25,Chelsea,HOME,corners_against,4.5,19,5,0.2631578947368421
2024-25,2025-05-25,Chelsea,HOME,corners_against,5.5,19,3,0.15789473684210525
2024-25,2025-05-25,Chelsea,HOME,corners_against,6.5,19,0,0.0
2024-25,2025-05-25,Chelsea,HOME,corners_against,7.5,19,0,0.0
2024-25,2025-05-25,Chelsea,HOME,yellow_cards,0.5,19,17,0.8947368421052632
2024-25,2025-05-25,Chelsea,HOME,yellow_cards,1.5,19,12,0.631578947368421
2024-25,2025-05-25,Chelsea,HOME,yellow_cards,2.5,19,8,0.42105263157894735
2024-25,2025-05-25,Chelsea,HOME,yellow_cards,3.5,19,6,0.3157894736842105
2024-25,2025-05-25,Chelsea,HOME,yellow_cards,4.5,19,3,0.15789473684210525
2024-25,2025-05-25,Chelsea,AWAY,fouls_committed,8.5,19,17,0.8947368421052632
2024-25,2025-05-25,Chelsea,AWAY,fouls_committed,9.5,19,14,0.7368421052631579
2024-25,2025-05-25,Chelsea,AWAY,fouls_committed,10.5,19,14,0.7368421052631579
2024-25,2025-05-25,Chelsea,AWAY,fouls_committed,11.5,19,12,0.631578947368421
2024-25,2025-05-25,Chelsea,AWAY,fouls_committed,12.5,19,8,0.42105263157894735
2024-25,2025-05-25,Chelsea,AWAY,fouls_committed,13.5,19,4,0.21052631578947367
2024-25,2025-05-25,Chelsea,AWAY,fouls_committed,14.5,19,2,0.10526315789473684
2024-25,2025-05-25,Chelsea,AWAY,fouls_committed,15.5,19,1,0.05263157894736842
2024-25,2025-05-25,Chelsea,AWAY,fouls_suffered,8.5,19,17,0.8947368421052632
2024-25,2025-05-25,Chelsea,AWAY,fouls_suffered,9.5,19,14,0.7368421052631579
2024-25,2025-05-25,Chelsea,AWAY,fouls_suffered,10.5,19,12,0.631578947368421
2024-25,2025-05-25,Chelsea,AWAY,fouls_suffered,11.5,19,12,0.631578947368421
2024-25,2025-05-25,Chelsea,AWAY,fouls_suffered,12.5,19,9,0.47368421052631576
2024-25,2025-05-25,Chelsea,AWAY,fouls_suffered,13.5,19,7,0.3684210526315789
2024-25,2025-05-25,Chelsea,AWAY,fouls_suffered,14.5,19,7,0.3684210526315789
2024-25,2025-05-25,Chelsea,AWAY,fouls_suffered,15.5,19,5,0.2631578947368421
2024-25,2025-05-25,Chelsea,AWAY,corners_for,2.5,19,19,1.0
2024-25,2025-05-25,Chelsea,AWAY,corners_for,3.5,19,17,0.8947368421052632
2024-25,2025-05-25,Chelsea,AWAY,corners_for,4.5,19,13,0.6842105263157895
2024-25,2025-05-25,Chelsea,AWAY,corners_for,5.5,19,10,0.5263157894736842
2024-25,2025-05-25,Chelsea,AWAY,corners_for,6.5,19,7,0.3684210526315789
2024-25,2025-05-25,Chelsea,AWAY,corners_for,7.5,19,5,0.2631578947368421
2024-25,2025-05-25,Chelsea,AWAY,corners_against,2.5,19,12,0.631578947368421
2024-25,2025-05-25,Chelsea,AWAY,corners_against,3.5,19,11,0.5789473684210527
2024-25,2025-05-25,Chelsea,AWAY,corners_against,4.5,19,9,0.47368421052631576
2024-25,2025-05-25,Chelsea,AWAY,corners_against,5.5,19,5,0.2631578947368421
2024-25,2025-05-25,Chelsea,AWAY,corners_against,6.5,19,1,0.05263157894736842
2024-25,2025-05-25,Chelsea,AWAY,corners_against,7.5,19,0,0.0
2024-25,2025-05-25,Chelsea,AWAY,yellow_cards,0.5,19,18,0.9473684210526315
2024-25,2025-05-25,Chelsea,AWAY,yellow_cards,1.5,19,17,0.8947368421052632
2024-25,2025-05-25,Chelsea,AWAY,yellow_cards,2.5,19,9,0.47368421052631576
2024-25,2025-05-25,Chelsea,AWAY,yellow_cards,3.5,19,2,0.10526315789473684
2024-25,2025-05-25,Chelsea,AWAY,yellow_cards,4.5,19,1,0.05263157894736842
2024-25,2025-05-25,Crystal Palace,ALL,fouls_committed,8.5,38,30,0.7894736842105263
2024-25,2025-05-25,Crystal Palace,ALL,fouls_committed,9.5,38,23,0.6052631578947368
2024-25,2025-05-25,Crystal Palace,ALL,fouls_committed,10.5,38,19,0.5
2024-25,2025-05-25,Crystal Palace,ALL,fouls_committed,11.5,38,16,0.42105263157894735
2024-25,2025-05-25,Crystal Palace,ALL,fouls_committed,12.5,38,12,0.3157894736842105
2024-25,2025-05-25,Crystal Palace,ALL,fouls_committed,13.5,38,8,0.21052631578947367
2024-25,2025-05-25,Crystal Palace,ALL,fouls_committed,14.5,38,7,0.18421052631578946
2024-25,2025-05-25,Crystal Palace,ALL,fouls_committed,15.5,38,4,0.10526315789473684
2024-25,2025-05-25,Crystal Palace,ALL,fouls_suffered,8.5,38,30,0.7894736842105263
2024-25,2025-05-25,Crystal Palace,ALL,fouls_suffered,9.5,38,27,0.7105263157894737
2024-25,2025-05-25,Crystal Palace,ALL,fouls_suffered,10.5,38,21,0.5526315789473685
2024-25,2025-05-25,Crystal Palace,ALL,fouls_suffered,11.5,38,17,0.4473684210526316
2024-25,2025-05-25,Crystal Palace,ALL,fouls_suffered,12.5,38,11,0.2894736842105263
2024-25,2025-05-25,Crystal Palace,ALL,fouls_suffered,13.5,38,7,0.18421052631578946
2024-25,2025-05-25,Crystal Palace,ALL,fouls_suffered,14.5,38,5,0.13157894736842105
2024-25,2025-05-25,Crystal Palace,ALL,fouls_suffered,15.5,38,2,0.05263157894736842
2024-25,2025-05-25,Crystal Palace,ALL,corners_for,2.5,38,30,0.7894736842105263
2024-25,2025-05-25,Crystal Palace,ALL,corners_for,3.5,38,25,0.6578947368421053
2024-25,2025-05-25,Crystal Palace,ALL,corners_for,4.5,38,20,0.5263157894736842
2024-25,2025-05-25,Crystal Palace,ALL,corners_for,5.5,38,15,0.39473684210526316
2024-25,2025-05-25,Crystal Palace,ALL,corners_for,6.5,38,9,0.23684210526315788
2024-25,2025-05-25,Crystal Palace,ALL,corners_for,7.5,38,5,0.13157894736842105
2024-25,2025-05-25,Crystal Palace,ALL,corners_against,2.5,38,33,0.868421052631579
2024-25,2025-05-25,Crystal Palace,ALL,corners_against,3.5,38,29,0.7631578947368421
2024-25,2025-05-25,Crystal Palace,ALL,corners_against,4.5,38,20,0.5263157894736842
2024-25,2025-05-25,Crystal Palace,ALL,corners_against,5.5,38,17,0.4473684210526316
2024-25,2025-05-25,Crystal Palace,ALL,corners_against,6.5,38,15,0.39473684210526316
2024-25,2025-05-25,Crystal Palace,ALL,corners_against,7.5,38,12,0.3157894736842105
2024-25,2025-05-25,Crystal Palace,ALL,yellow_cards,0.5,38,31,0.8157894736842105
2024-25,2025-05-25,Crystal Palace,ALL,yellow_cards,1.5,38,22,0.5789473684210527
2024-25,2025-05-25,Crystal Palace,ALL,yellow_cards,2.5,38,15,0.39473684210526316
2024-25,2025-05-25,Crystal Palace,ALL,yellow_cards,3.5,38,6,0.15789473684210525
2024-25,2025-05-25,Crystal Palace,ALL,yellow_cards,4.5,38,1,0.02631578947368421
2024-25,2025-05-25,Crystal Palace,HOME,fouls_committed,8.5,19,14,0.7368421052631579
2024-25,2025-05-25,Crystal Palace,HOME,fouls_committed,9.5,19,9,0.47368421052631576
2024-25,2025-05-25,Crystal Palace,HOME,fouls_committed,10.5,19,8,0.42105263157894735
2024-25,2025-05-25,Crystal Palace,HOME,fouls_committed,11.5,19,7,0.3684210526315789
2024-25,2025-05-25,Crystal Palace,HOME,fouls_committed,12.5,19,5,0.2631578947368421
2024-25,2025-05-25,Crystal Palace,HOME,fouls_committed,13.5,19,4,0.21052631578947367
2024-25,2025-05-25,Crystal Palace,HOME,fouls_committed,14.5,19,3,0.15789473684210525
2024-25,2025-05-25,Crystal Palace,HOME,fouls_committed,15.5,19,3,0.15789473684210525
2024-25,2025-05-25,Crystal Palace,HOME,fouls_suffered,8.5,19,16,0.8421052631578947
2024-25,2025-05-25,Crystal Palace,HOME,fouls_suffered,9.5,19,16,0.8421052631578947
2024-25,2025-05-25,Crystal Palace,HOME,fouls_suffered,10.5,19,13,0.6842105263157895
2024-25,2025-05-25,Crystal Palace,HOME,fouls_suffered,11.5,19,10,0.5263157894736842
2024-25,2025-05-25,Crystal Palace,HOME,fouls_suffered,12.5,19,6,0.3157894736842105
2024-25,2025-05-25,Crystal Palace,HOME,fouls_suffered,13.5,19,5,0.2631578947368421
2024-25,2025-05-25,Crystal Palace,HOME,fouls_suffered,14.5,19,5,0.2631578947368421
2024-25,2025-05-25,Crystal Palace,HOME,fouls_suffered,15.5,19,2,0.10526315789473684
2024-25,2025-05-25,Crystal Palace,HOME,corners_for,2.5,19,16,0.8421052631578947
2024-25,2025-05-25,Crystal Palace,HOME,corners_for,3.5,19,12,0.631578947368421
2024-25,2025-05-25,Crystal Palace,HOME,corners_for,4.5,19,10,0.5263157894736842
2024-25,2025-05-25,Crystal Palace,HOME,corners_for,5.5,19,7,0.3684210526315789
2024-25,2025-05-25,Crystal Palace,HOME,corners_for,6.5,19,4,0.21052631578947367
2024-25,2025-05-25,Crystal Palace,HOME,corners_for,7.5,19,3,0.15789473684210525
2024-25,2025-05-25,Crystal Palace,HOME,corners_against,2.5,19,17,0.8947368421052632
2024-25,2025-05-25,Crystal Palace,HOME,corners_against,3.5,19,15,0.7894736842105263
2024-25,2025-05-25,Crystal Palace,HOME,corners_against,4.5,19,11,0.5789473684210527
2024-25,2025-05-25,Crystal Palace,HOME,corners_against,5.5,19,11,0.5789473684210527
2024-25,2025-05-25,Crystal Palace,HOME,corners_against,6.5,19,10,0.5263157894736842
2024-25,2025-05-25,Crystal Palace,HOME,corners_against,7.5,19,8,0.42105263157894735
2024-25,2025-05-25,Crystal Palace,HOME,yellow_cards,0.5,19,15,0.7894736842105263
2024-25,2025-05-25,Crystal Palace,HOME,yellow_cards,1.5,19,11,0.5789473684210527
2024-25,2025-05-25,Crystal Palace,HOME,yellow_cards,2.5,19,8,0.42105263157894735
2024-25,2025-05-25,Crystal Palace,HOME,yellow_cards,3.5,19,3,0.15789473684210525
2024-25,2025-05-25,Crystal Palace,HOME,yellow_cards,4.5,19,0,0.0
2024-25,2025-05-25,Crystal Palace,AWAY,fouls_committed,8.5,19,16,0.8421052631578947
2024-25,2025-05-25,Crystal Palace,AWAY,fouls_committed,9.5,19,14,0.7368421052631579
2024-25,2025-05-25,Crystal Palace,AWAY,fouls_committed,10.5,19,11,0.5789473684210527
2024-25,2025-05-25,Crystal Palace,AWAY,fouls_committed,11.5,19,9,0.47368421052631576
2024-25,2025-05-25,Crystal Palace,AWAY,fouls_committed,12.5,19,7,0.3684210526315789
2024-25,2025-05-25,Crystal Palace,AWAY,fouls_committed,13.5,19,4,0.21052631578947367
2024-25,2025-05-25,Crystal Palace,AWAY,fouls_committed,14.5,19,4,0.21052631578947367
2024-25,2025-05-25,Crystal Palace,AWAY,fouls_committed,15.5,19,1,0.05263157894736842
2024-25,2025-05-25,Crystal Palace,AWAY,fouls_suffered,8.5,19,14,0.7368421052631579
2024-25,2025-05-25,Crystal Palace,AWAY,fouls_suffered,9.5,19,11,0.5789473684210527
2024-25,2025-05-25,Crystal Palace,AWAY,fouls_suffered,10.5,19,8,0.42105263157894735
2024-25,2025-05-25,Crystal Palace,AWAY,fouls_suffered,11.5,19,7,0.3684210526315789
2024-25,2025-05-25,Crystal Palace,AWAY,fouls_suffered,12.5,19,5,0.2631578947368421
2024-25,2025-05-25,Crystal Palace,AWAY,fouls_suffered,13.5,19,2,0.10526315789473684
2024-25,2025-05-25,Crystal Palace,AWAY,fouls_suffered,14.5,19,0,0.0
2024-25,2025-05-25,Crystal Palace,AWAY,fouls_suffered,15.5,19,0,0.0
2024-25,2025-05-25,Crystal Palace,AWAY,corners_for,2.5,19,14,0.7368421052631579
2024-25,2025-05-25,Crystal Palace,AWAY,corners_for,3.5,19,13,0.6842105263157895
2024-25,2025-05-25,Crystal Palace,AWAY,corners_for,4.5,19,10,0.5263157894736842
2024-25,2025-05-25,Crystal Palace,AWAY,corners_for,5.5,19,8,0.42105263157894735
2024-25,2025-05-25,Crystal Palace,AWAY,corners_for,6.5,19,5,0.2631578947368421
2024-25,2025-05-25,Crystal Palace,AWAY,corners_for,7.5,19,2,0.10526315789473684
2024-25,2025-05-25,Crystal Palace,AWAY,corners_against,2.5,19,16,0.8421052631578947
2024-25,2025-05-25,Crystal Palace,AWAY,corners_against,3.5,19,14,0.7368421052631579
2024-25,2025-05-25,Crystal Palace,AWAY,corners_against,4.5,19,9,0.47368421052631576
2024-25,2025-05-25,Crystal Palace,AWAY,corners_against,5.5,19,6,0.3157894736842105
2024-25,2025-05-25,Crystal Palace,AWAY,corners_against,6.5,19,5,0.2631578947368421
2024-25,2025-05-25,Crystal Palace,AWAY,corners_against,7.5,19,4,0.21052631578947367
2024-25,2025-05-25,Crystal Palace,AWAY,yellow_cards,0.5,19,16,0.8421052631578947
2024-25,2025-05-25,Crystal Palace,AWAY,yellow_cards,1.5,19,11,0.5789473684210527
2024-25,2025-05-25,Crystal Palace,AWAY,yellow_cards,2.5,19,7,0.3684210526315789
2024-25,2025-05-25,Crystal Palace,AWAY,yellow_cards,3.5,19,3,0.15789473684210525
2024-25,2025-05-25,Crystal Palace,AWAY,yellow_cards,4.5,19,1,0.05263157894736842
2024-25,2025-05-25,Everton,ALL,fouls_committed,8.5,38,30,0.7894736842105263
2024-25,2025-05-25,Everton,ALL,fouls_committed,9.5,38,25,0.6578947368421053
2024-25,2025-05-25,Everton,ALL,fouls_committed,10.5,38,22,0.5789473684210527
2024-25,2025-05-25,Everton,ALL,fouls_committed,11.5,38,19,0.5
2024-25,2025-05-25,Everton,ALL,fouls_committed,12.5,38,11,0.2894736842105263
2024-25,2025-05-25,Everton,ALL,fouls_committed,13.5,38,8,0.21052631578947367
2024-25,2025-05-25,Everton,ALL,fouls_committed,14.5,38,6,0.15789473684210525
2024-25,2025-05-25,Everton,ALL,fouls_committed,15.5,38,5,0.13157894736842105
2024-25,2025-05-25,Everton,ALL,fouls_suffered,8.5,38,26,0.6842105263157895
2024-25,2025-05-25,Everton,ALL,fouls_suffered,9.5,38,23,0.6052631578947368
2024-25,2025-05-25,Everton,ALL,fouls_suffered,10.5,38,17,0.4473684210526316
2024-25,2025-05-25,Everton,ALL,fouls_suffered,11.5,38,12,0.3157894736842105
2024-25,2025-05-25,Everton,ALL,fouls_suffered,12.5,38,8,0.21052631578947367
2024-25,2025-05-25,Everton,ALL,fouls_suffered,13.5,38,6,0.15789473684210525
2024-25,2025-05-25,Everton,ALL,fouls_suffered,14.5,38,4,0.10526315789473684
2024-25,2025-05-25,Everton,ALL,fouls_suffered,15.5,38,1,0.02631578947368421
2024-25,2025-05-25,Everton,ALL,corners_for,2.5,38,26,0.6842105263157895
2024-25,2025-05-25,Everton,ALL,corners_for,3.5,38,20,0.5263157894736842
2024-25,2025-05-25,Everton,ALL,corners_for,4.5,38,18,0.47368421052631576
2024-25,2025-05-25,Everton,ALL,corners_for,5.5,38,9,0.23684210526315788
2024-25,2025-05-25,Everton,ALL,corners_for,6.5,38,6,0.15789473684210525
2024-25,2025-05-25,Everton,ALL,corners_for,7.5,38,4,0.10526315789473684
2024-25,2025-05-25,Everton,ALL,corners_against,2.5,38,34,0.8947368421052632
2024-25,2025-05-25,Everton,ALL,corners_against,3.5,38,31,0.8157894736842105
2024-25,2025-05-25,Everton,ALL,corners_against,4.5,38,27,0.7105263157894737
2024-25,2025-05-25,Everton,ALL,corners_against,5.5,38,18,0.47368421052631576
2024-25,2025-05-25,Everton,ALL,corners_against,6.5,38,14,0.3684210526315789
2024-25,2025-05-25,Everton,ALL,corners_against,7.5,38,13,0.34210526315789475
2024-25,2025-05-25,Everton,ALL,yellow_cards,0.5,38,33,0.868421052631579
2024-25,2025-05-25,Everton,ALL,yellow_cards,1.5,38,25,0.6578947368421053
2024-25,2025-05-25,Everton,ALL,yellow_cards,2.5,38,13,0.34210526315789475
2024-25,2025-05-25,Everton,ALL,yellow_cards,3.5,38,9,0.23684210526315788
2024-25,2025-05-25,Everton,ALL,yellow_cards,4.5,38,0,0.0
2024-25,2025-05-25,Everton,HOME,fouls_committed,8.5,19,12,0.631578947368421
2024-25,2025-05-25,Everton,HOME,fouls_committed,9.5,19,11,0.5789473684210527
2024-25,2025-05-25,Everton,HOME,fouls_committed,10.5,19,10,0.5263157894736842
2024-25,2025-05-25,Everton,HOME,fouls_committed,11.5,19,10,0.5263157894736842
2024-25,2025-05-25,Everton,HOME,fouls_committed,12.5,19,6,0.3157894736842105
2024-25,2025-05-25,Everton,HOME,fouls_committed,13.5,19,4,0.21052631578947367
2024-25,2025-05-25,Everton,HOME,fouls_committed,14.5,19,3,0.15789473684210525
2024-25,2025-05-25,Everton,HOME,fouls_committed,15.5,19,3,0.15789473684210525
2024-25,2025-05-25,Everton,HOME,fouls_suffered,8.5,19,12,0.631578947368421
2024-25,2025-05-25,Everton,HOME,fouls_suffered,9.5,19,11,0.5789473684210527
2024-25,2025-05-25,Everton,HOME,fouls_suffered,10.5,19,7,0.3684210526315789
2024-25,2025-05-25,Everton,HOME,fouls_suffered,11.5,19,6,0.3157894736842105
2024-25,2025-05-25,Everton,HOME,fouls_suffered,12.5,19,5,0.2631578947368421
2024-25,2025-05-25,Everton,HOME,fouls_suffered,13.5,19,3,0.15789473684210525
2024-25,2025-05-25,Everton,HOME,fouls_suffered,14.5,19,2,0.10526315789473684
2024-25,2025-05-25,Everton,HOME,fouls_suffered,15.5,19,1,0.05263157894736842
2024-25,2025-05-25,Everton,HOME,corners_for,2.5,19,14,0.7368421052631579
2024-25,2025-05-25,Everton,HOME,corners_for,3.5,19,10,0.5263157894736842
2024-25,2025-05-25,Everton,HOME,corners_for,4.5,19,8,0.42105263157894735
2024-25,2025-05-25,Everton,HOME,corners_for,5.5,19,5,0.2631578947368421
2024-25,2025-05-25,Everton,HOME,corners_for,6.5,19,4,0.21052631578947367
2024-25,2025-05-25,Everton,HOME,corners_for,7.5,19,3,0.15789473684210525
2024-25,2025-05-25,Everton,HOME,corners_against,2.5,19,18,0.9473684210526315
2024-25,2025-05-25,Everton,HOME,corners_against,3.5,19,16,0.8421052631578947
2024-25,2025-05-25,Everton,HOME,corners_against,4.5,19,12,0.631578947368421
2024-25,2025-05-25,Everton,HOME,corners_against,5.5,19,6,0.3157894736842105
2024-25,2025-05-25,Everton,HOME,corners_against,6.5,19,5,0.2631578947368421
2024-25,2025-05-25,Everton,HOME,corners_against,7.5,19,5,0.2631578947368421
2024-25,2025-05-25,Everton,HOME,yellow_cards,0.5,19,17,0.8947368421052632
2024-25,2025-05-25,Everton,HOME,yellow_cards,1.5,19,12,0.631578947368421
2024-25,2025-05-25,Everton,HOME,yellow_cards,2.5,19,6,0.3157894736842105
2024-25,2025-05-25,Everton,HOME,yellow_cards,3.5,19,5,0.2631578947368421
2024-25,2025-05-25,Everton,HOME,yellow_cards,4.5,19,0,0.0
2024-25,2025-05-25,Everton,AWAY,fouls_committed,8.5,19,18,0.9473684210526315
2024-25,2025-05-25,Everton,AWAY,fouls_committed,9.5,19,14,0.7368421052631579
2024-25,2025-05-25,Everton,AWAY,fouls_committed,10.5,19,12,0.631578947368421
2024-25,2025-05-25,Everton,AWAY,fouls_committed,11.5,19,9,0.47368421052631576
2024-25,2025-05-25,Everton,AWAY,fouls_committed,12.5,19,5,0.2631578947368421
2024-25,2025-05-25,Everton,AWAY,fouls_committed,13.5,19,4,0.21052631578947367
2024-25,2025-05-25,Everton,AWAY,fouls_committed,14.5,19,3,0.15789473684210525
2024-25,2025-05-25,Everton,AWAY,fouls_committed,15.5,19,2,0.10526315789473684
2024-25,2025-05-25,Everton,AWAY,fouls_suffered,8.5,19,14,0.7368421052631579
2024-25,2025-05-25,Everton,AWAY,fouls_suffered,9.5,19,12,0.631578947368421
2024-25,2025-05-25,Everton,AWAY,fouls_suffered,10.5,19,10,0.5263157894736842
2024-25,2025-05-25,Everton,AWAY,fouls_suffered,11.5,19,6,0.3157894736842105
2024-25,2025-05-25,Everton,AWAY,fouls_suffered,12.5,19,3,0.15789473684210525
2024-25,2025-05-25,Everton,AWAY,fouls_suffered,13.5,19,3,0.15789473684210525
2024-25,2025-05-25,Everton,AWAY,fouls_suffered,14.5,19,2,0.10526315789473684
2024-25,2025-05-25,Everton,AWAY,fouls_suffered,15.5,19,0,0.0
2024-25,2025-05-25,Everton,AWAY,corners_for,2.5,19,12,0.631578947368421
2024-25,2025-05-25,Everton,AWAY,corners_for,3.5,19,10,0.5263157894736842
2024-25,2025-05-25,Everton,AWAY,corners_for,4.5,19,10,0.5263157894736842
2024-25,2025-05-25,Everton,AWAY,corners_for,5.5,19,4,0.21052631578947367
2024-25,2025-05-25,Everton,AWAY,corners_for,6.5,19,2,0.10526315789473684
2024-25,2025-05-25,Everton,AWAY,corners_for,7.5,19,1,0.05263157894736842
2024-25,2025-05-25,Everton,AWAY,corners_against,2.5,19,16,0.8421052631578947
2024-25,2025-05-25,Everton,AWAY,corners_against,3.5,19,15,0.7894736842105263
2024-25,2025-05-25,Everton,AWAY,corners_against,4.5,19,15,0.7894736842105263
2024-25,2025-05-25,Everton,AWAY,corners_against,5.5,19,12,0.631578947368421
2024-25,2025-05-25,Everton,AWAY,corners_against,6.5,19,9,0.47368421052631576
2024-25,2025-05-25,Everton,AWAY,corners_against,7.5,19,8,0.42105263157894735
2024-25,2025-05-25,Everton,AWAY,yellow_cards,0.5,19,16,0.8421052631578947
2024-25,2025-05-25,Everton,AWAY,yellow_cards,1.5,19,13,0.6842105263157895
2024-25,2025-05-25,Everton,AWAY,yellow_cards,2.5,19,7,0.3684210526315789
2024-25,2025-05-25,Everton,AWAY,yellow_cards,3.5,19,4,0.21052631578947367
2024-25,2025-05-25,Everton,AWAY,yellow_cards,4.5,19,0,0.0
2024-25,2025-05-25,Fulham,ALL,fouls_committed,8.5,38,28,0.7368421052631579
2024-25,2025-05-25,Fulham,ALL,fouls_committed,9.5,38,28,0.7368421052631579
2024-25,2025-05-25,Fulham,ALL,fouls_committed,10.5,38,20,0.5263157894736842
2024-25,2025-05-25,Fulham,ALL,fouls_committed,11.5,38,18,0.47368421052631576
2024-25,2025-05-25,Fulham,ALL,fouls_committed,12.5,38,16,0.42105263157894735
2024-25,2025-05-25,Fulham,ALL,fouls_committed,13.5,38,12,0.3157894736842105
2024-25,2025-05-25,Fulham,ALL,fouls_committed,14.5,38,9,0.23684210526315788
2024-25,2025-05-25,Fulham,ALL,fouls_committed,15.5,38,3,0.07894736842105263
2024-25,2025-05-25,Fulham,ALL,fouls_suffered,8.5,38,25,0.6578947368421053
2024-25,2025-05-25,Fulham,ALL,fouls_suffered,9.5,38,19,0.5
2024-25,2025-05-25,Fulham,ALL,fouls_suffered,10.5,38,13,0.34210526315789475
2024-25,2025-05-25,Fulham,ALL,fouls_suffered,11.5,38,10,0.2631578947368421
2024-25,2025-05-25,Fulham,ALL,fouls_suffered,12.5,38,8,0.21052631578947367
2024-25,2025-05-25,Fulham,ALL,fouls_suffered,13.5,38,6,0.15789473684210525
2024-25,2025-05-25,Fulham,ALL,fouls_suffered,14.5,38,4,0.10526315789473684
2024-25,2025-05-25,Fulham,ALL,fouls_suffered,15.5,38,2,0.05263157894736842
2024-25,2025-05-25,Fulham,ALL,corners_for,2.5,38,32,0.8421052631578947
2024-25,2025-05-25,Fulham,ALL,corners_for,3.5,38,26,0.6842105263157895
2024-25,2025-05-25,Fulham,ALL,corners_for,4.5,38,23,0.6052631578947368
2024-25,2025-05-25,Fulham,ALL,corners_for,5.5,38,19,0.5
2024-25,2025-05-25,Fulham,ALL,corners_for,6.5,38,13,0.34210526315789475
2024-25,2025-05-25,Fulham,ALL,corners_for,7.5,38,8,0.21052631578947367
2024-25,2025-05-25,Fulham,ALL,corners_against,2.5,38,30,0.7894736842105263
2024-25,2025-05-25,Fulham,ALL,corners_against,3.5,38,27,0.7105263157894737
2024-25,2025-05-25,Fulham,ALL,corners_against,4.5,38,22,0.5789473684210527
2024-25,2025-05-25,Fulham,ALL,corners_against,5.5,38,13,0.34210526315789475
2024-25,2025-05-25,Fulham,ALL,corners_against,6.5,38,8,0.21052631578947367
2024-25,2025-05-25,Fulham,ALL,corners_against,7.5,38,3,0.07894736842105263
2024-25,2025-05-25,Fulham,ALL,yellow_cards,0.5,38,33,0.868421052631579
2024-25,2025-05-25,Fulham,ALL,yellow_cards,1.5,38,22,0.5789473684210527
2024-25,2025-05-25,Fulham,ALL,yellow_cards,2.5,38,15,0.39473684210526316
2024-25,2025-05-25,Fulham,ALL,yellow_cards,3.5,38,7,0.18421052631578946
2024-25,2025-05-25,Fulham,ALL,yellow_cards,4.5,38,2,0.05263157894736842
2024-25,2025-05-25,Fulham,HOME,fouls_committed,8.5,19,13,0.6842105263157895
2024-25,2025-05-25,Fulham,HOME,fouls_committed,9.5,19,13,0.6842105263157895
2024-25,2025-05-25,Fulham,HOME,fouls_committed,10.5,19,9,0.47368421052631576
2024-25,2025-05-25,Fulham,HOME,fouls_committed,11.5,19,8,0.42105263157894735
2024-25,2025-05-25,Fulham,HOME,fouls_committed,12.5,19,8,0.42105263157894735
2024-25,2025-05-25,Fulham,HOME,fouls_committed,13.5,19,5,0.2631578947368421
2024-25,2025-05-25,Fulham,HOME,fouls_committed,14.5,19,3,0.15789473684210525
2024-25,2025-05-25,Fulham,HOME,fouls_committed,15.5,19,1,0.05263157894736842
2024-25,2025-05-25,Fulham,HOME,fouls_suffered,8.5,19,14,0.7368421052631579
2024-25,2025-05-25,Fulham,HOME,fouls_suffered,9.5,19,9,0.47368421052631576
2024-25,2025-05-25,Fulham,HOME,fouls_suffered,10.5,19,7,0.3684210526315789
2024-25,2025-05-25,Fulham,HOME,fouls_suffered,11.5,19,6,0.3157894736842105
2024-25,2025-05-25,Fulham,HOME,fouls_suffered,12.5,19,6,0.3157894736842105
2024-25,2025-05-25,Fulham,HOME,fouls_suffered,13.5,19,5,0.2631578947368421
2024-25,2025-05-25,Fulham,HOME,fouls_suffered,14.5,19,3,0.15789473684210525
2024-25,2025-05-25,Fulham,HOME,fouls_suffered,15.5,19,2,0.10526315789473684
2024-25,2025-05-25,Fulham,HOME,corners_for,2.5,19,16,0.8421052631578947
2024-25,2025-05-25,Fulham,HOME,corners_for,3.5,19,14,0.7368421052631579
2024-25,2025-05-25,Fulham,HOME,corners_for,4.5,19,13,0.6842105263157895
2024-25,2025-05-25,Fulham,HOME,corners_for,5.5,19,11,0.5789473684210527
2024-25,2025-05-25,Fulham,HOME,corners_for,6.5,19,6,0.3157894736842105
2024-25,2025-05-25,Fulham,HOME,corners_for,7.5,19,3,0.15789473684210525
2024-25,2025-05-25,Fulham,HOME,corners_against,2.5,19,14,0.7368421052631579
2024-25,2025-05-25,Fulham,HOME,corners_against,3.5,19,13,0.6842105263157895
2024-25,2025-05-25,Fulham,HOME,corners_against,4.5,19,10,0.5263157894736842
2024-25,2025-05-25,Fulham,HOME,corners_against,5.5,19,6,0.3157894736842105
2024-25,2025-05-25,Fulham,HOME,corners_against,6.5,19,3,0.15789473684210525
2024-25,2025-05-25,Fulham,HOME,corners_against,7.5,19,1,0.05263157894736842
2024-25,2025-05-25,Fulham,HOME,yellow_cards,0.5,19,15,0.7894736842105263
2024-25,2025-05-25,Fulham,HOME,yellow_cards,1.5,19,9,0.47368421052631576
2024-25,2025-05-25,Fulham,HOME,yellow_cards,2.5,19,5,0.2631578947368421
2024-25,2025-05-25,Fulham,HOME,yellow_cards,3.5,19,2,0.10526315789473684
2024-25,2025-05-25,Fulham,HOME,yellow_cards,4.5,19,1,0.05263157894736842
2024-25,2025-05-25,Fulham,AWAY,fouls_committed,8.5,19,15,0.7894736842105263
2024-25,2025-05-25,Fulham,AWAY,fouls_committed,9.5,19,15,0.7894736842105263
2024-25,2025-05-25,Fulham,AWAY,fouls_committed,10.5,19,11,0.5789473684210527
2024-25,2025-05-25,Fulham,AWAY,fouls_committed,11.5,19,10,0.5263157894736842
2024-25,2025-05-25,Fulham,AWAY,fouls_committed,12.5,19,8,0.42105263157894735
2024-25,2025-05-25,Fulham,AWAY,fouls_committed,13.5,19,7,0.3684210526315789
2024-25,2025-05-25,Fulham,AWAY,fouls_committed,14.5,19,6,0.3157894736842105
2024-25,2025-05-25,Fulham,AWAY,fouls_committed,15.5,19,2,0.10526315789473684
2024-25,2025-05-25,Fulham,AWAY,fouls_suffered,8.5,19,11,0.5789473684210527
2024-25,2025-05-25,Fulham,AWAY,fouls_suffered,9.5,19,10,0.5263157894736842
2024-25,2025-05-25,Fulham,AWAY,fouls_suffered,10.5,19,6,0.3157894736842105
2024-25,2025-05-25,Fulham,AWAY,fouls_suffered,11.5,19,4,0.21052631578947367
2024-25,2025-05-25,Fulham,AWAY,fouls_suffered,12.5,19,2,0.10526315789473684
2024-25,2025-05-25,Fulham,AWAY,fouls_suffered,13.5,19,1,0.05263157894736842
2024-25,2025-05-25,Fulham,AWAY,fouls_suffered,14.5,19,1,0.05263157894736842
2024-25,2025-05-25,Fulham,AWAY,fouls_suffered,15.5,19,0,0.0
2024-25,2025-05-25,Fulham,AWAY,corners_for,2.5,19,16,0.8421052631578947
2024-25,2025-05-25,Fulham,AWAY,corners_for,3.5,19,12,0.631578947368421
2024-25,2025-05-25,Fulham,AWAY,corners_for,4.5,19,10,0.5263157894736842
2024-25,2025-05-25,Fulham,AWAY,corners_for,5.5,19,8,0.42105263157894735
2024-25,2025-05-25,Fulham,AWAY,corners_for,6.5,19,7,0.3684210526315789
2024-25,2025-05-25,Fulham,AWAY,corners_for,7.5,19,5,0.2631578947368421
2024-25,2025-05-25,Fulham,AWAY,corners_against,2.5,19,16,0.8421052631578947
2024-25,2025-05-25,Fulham,AWAY,corners_against,3.5,19,14,0.7368421052631579
2024-25,2025-05-25,Fulham,AWAY,corners_against,4.5,19,12,0.631578947368421
2024-25,2025-05-25,Fulham,AWAY,corners_against,5.5,19,7,0.3684210526315789
2024-25,2025-05-25,Fulham,AWAY,corners_against,6.5,19,5,0.2631578947368421
2024-25,2025-05-25,Fulham,AWAY,corners_against,7.5,19,2,0.10526315789473684
2024-25,2025-05-25,Fulham,AWAY,yellow_cards,0.5,19,18,0.9473684210526315
2024-25,2025-05-25,Fulham,AWAY,yellow_cards,1.5,19,13,0.6842105263157895
2024-25,2025-05-25,Fulham,AWAY,yellow_cards,2.5,19,10,0.5263157894736842
2024-25,2025-05-25,Fulham,AWAY,yellow_cards,3.5,19,5,0.2631578947368421
2024-25,2025-05-25,Fulham,AWAY,yellow_cards,4.5,19,1,0.05263157894736842
2024-25,2025-05-25,Ipswich,ALL,fouls_committed,8.5,38,32,0.8421052631578947
2024-25,2025-05-25,Ipswich,ALL,fouls_committed,9.5,38,26,0.6842105263157895
2024-25,2025-05-25,Ipswich,ALL,fouls_committed,10.5,38,22,0.5789473684210527
2024-25,2025-05-25,Ipswich,ALL,fouls_committed,11.5,38,17,0.4473684210526316
2024-25,2025-05-25,Ipswich,ALL,fouls_committed,12.5,38,13,0.34210526315789475
2024-25,2025-05-25,Ipswich,ALL,fouls_committed,13.5,38,12,0.3157894736842105
2024-25,2025-05-25,Ipswich,ALL,fouls_committed,14.5,38,10,0.2631578947368421
2024-25,2025-05-25,Ipswich,ALL,fouls_committed,15.5,38,5,0.13157894736842105
2024-25,2025-05-25,Ipswich,ALL,fouls_suffered,8.5,38,28,0.7368421052631579
2024-25,2025-05-25,Ipswich,ALL,fouls_suffered,9.5,38,25,0.6578947368421053
2024-25,2025-05-25,Ipswich,ALL,fouls_suffered,10.5,38,19,0.5
2024-25,2025-05-25,Ipswich,ALL,fouls_suffered,11.5,38,18,0.47368421052631576
2024-25,2025-05-25,Ipswich,ALL,fouls_suffered,12.5,38,15,0.39473684210526316
2024-25,2025-05-25,Ipswich,ALL,fouls_suffered,13.5,38,11,0.2894736842105263
2024-25,2025-05-25,Ipswich,ALL,fouls_suffered,14.5,38,5,0.13157894736842105
2024-25,2025-05-25,Ipswich,ALL,fouls_suffered,15.5,38,3,0.07894736842105263
2024-25,2025-05-25,Ipswich,ALL,corners_for,2.5,38,25,0.6578947368421053
2024-25,2025-05-25,Ipswich,ALL,corners_for,3.5,38,22,0.5789473684210527
2024-25,2025-05-25,Ipswich,ALL,corners_for,4.5,38,11,0.2894736842105263
2024-25,2025-05-25,Ipswich,ALL,corners_for,5.5,38,7,0.18421052631578946
2024-25,2025-05-25,Ipswich,ALL,corners_for,6.5,38,4,0.10526315789473684
2024-25,2025-05-25,Ipswich,ALL,corners_for,7.5,38,3,0.07894736842105263
2024-25,2025-05-25,Ipswich,ALL,corners_against,2.5,38,32,0.8421052631578947
2024-25,2025-05-25,Ipswich,ALL,corners_against,3.5,38,28,0.7368421052631579
2024-25,2025-05-25,Ipswich,ALL,corners_against,4.5,38,27,0.7105263157894737
2024-25,2025-05-25,Ipswich,ALL,corners_against,5.5,38,22,0.5789473684210527
2024-25,2025-05-25,Ipswich,ALL,corners_against,6.5,38,19,0.5
2024-25,2025-05-25,Ipswich,ALL,corners_against,7.5,38,15,0.39473684210526316
2024-25,2025-05-25,Ipswich,ALL,yellow_cards,0.5,38,33,0.868421052631579
2024-25,2025-05-25,Ipswich,ALL,yellow_cards,1.5,38,27,0.7105263157894737
2024-25,2025-05-25,Ipswich,ALL,yellow_cards,2.5,38,14,0.3684210526315789
2024-25,2025-05-25,Ipswich,ALL,yellow_cards,3.5,38,8,0.21052631578947367
2024-25,2025-05-25,Ipswich,ALL,yellow_cards,4.5,38,2,0.05263157894736842
2024-25,2025-05-25,Ipswich,HOME,fouls_committed,8.5,19,16,0.8421052631578947
2024-25,2025-05-25,Ipswich,HOME,fouls_committed,9.5,19,12,0.631578947368421
2024-25,2025-05-25,Ipswich,HOME,fouls_committed,10.5,19,9,0.47368421052631576
2024-25,2025-05-25,Ipswich,HOME,fouls_committed,11.5,19,6,0.3157894736842105
2024-25,2025-05-25,Ipswich,HOME,fouls_committed,12.5,19,4,0.21052631578947367
2024-25,2025-05-25,Ipswich,HOME,fouls_committed,13.5,19,3,0.15789473684210525
2024-25,2025-05-25,Ipswich,HOME,fouls_committed,14.5,19,2,0.10526315789473684
2024-25,2025-05-25,Ipswich,HOME,fouls_committed,15.5,19,0,0.0
2024-25,2025-05-25,Ipswich,HOME,fouls_suffered,8.5,19,15,0.7894736842105263
2024-25,2025-05-25,Ipswich,HOME,fouls_suffered,9.5,19,14,0.7368421052631579
2024-25,2025-05-25,Ipswich,HOME,fouls_suffered,10.5,19,11,0.5789473684210527
2024-25,2025-05-25,Ipswich,HOME,fouls_suffered,11.5,19,11,0.5789473684210527
2024-25,2025-05-25,Ipswich,HOME,fouls_suffered,12.5,19,10,0.5263157894736842
2024-25,2025-05-25,Ipswich,HOME,fouls_suffered,13.5,19,7,0.3684210526315789
2024-25,2025-05-25,Ipswich,HOME,fouls_suffered,14.5,19,3,0.15789473684210525
2024-25,2025-05-25,Ipswich,HOME,fouls_suffered,15.5,19,2,0.10526315789473684
2024-25,2025-05-25,Ipswich,HOME,corners_for,2.5,19,14,0.7368421052631579
2024-25,2025-05-25,Ipswich,HOME,corners_for,3.5,19,14,0.7368421052631579
2024-25,2025-05-25,Ipswich,HOME,corners_for,4.5,19,6,0.3157894736842105
2024-25,2025-05-25,Ipswich,HOME,corners_for,5.5,19,4,0.21052631578947367
2024-25,2025-05-25,Ipswich,HOME,corners_for,6.5,19,2,0.10526315789473684
2024-25,2025-05-25,Ipswich,HOME,corners_for,7.5,19,2,0.10526315789473684
2024-25,2025-05-25,Ipswich,HOME,corners_against,2.5,19,15,0.7894736842105263
2024-25,2025-05-25,Ipswich,HOME,corners_against,3.5,19,13,0.6842105263157895
2024-25,2025-05-25,Ipswich,HOME,corners_against,4.5,19,12,0.631578947368421
2024-25,2025-05-25,Ipswich,HOME,corners_against,5.5,19,12,0.631578947368421
2024-25,2025-05-25,Ipswich,HOME,corners_against,6.5,19,9,0.47368421052631576
2024-25,2025-05-25,Ipswich,HOME,corners_against,7.5,19,6,0.3157894736842105
2024-25,2025-05-25,Ipswich,HOME,yellow_cards,0.5,19,15,0.7894736842105263
2024-25,2025-05-25,Ipswich,HOME,yellow_cards,1.5,19,12,0.631578947368421
2024-25,2025-05-25,Ipswich,HOME,yellow_cards,2.5,19,4,0.21052631578947367
2024-25,2025-05-25,Ipswich,HOME,yellow_cards,3.5,19,3,0.15789473684210525
2024-25,2025-05-25,Ipswich,HOME,yellow_cards,4.5,19,0,0.0
2024-25,2025-05-25,Ipswich,AWAY,fouls_committed,8.5,19,16,0.8421052631578947
2024-25,2025-05-25,Ipswich,AWAY,fouls_committed,9.5,19,14,0.7368421052631579
2024-25,2025-05-25,Ipswich,AWAY,fouls_committed,10.5,19,13,0.6842105263157895
2024-25,2025-05-25,Ipswich,AWAY,fouls_committed,11.5,19,11,0.5789473684210527
2024-25,2025-05-25,Ipswich,AWAY,fouls_committed,12.5,19,9,0.47368421052631576
2024-25,2025-05-25,Ipswich,AWAY,fouls_committed,13.5,19,9,0.47368421052631576
2024-25,2025-05-25,Ipswich,AWAY,fouls_committed,14.5,19,8,0.42105263157894735
2024-25,2025-05-25,Ipswich,AWAY,fouls_committed,15.5,19,5,0.2631578947368421
2024-25,2025-05-25,Ipswich,AWAY,fouls_suffered,8.5,19,13,0.6842105263157895
2024-25,2025-05-25,Ipswich,AWAY,fouls_suffered,9.5,19,11,0.5789473684210527
2024-25,2025-05-25,Ipswich,AWAY,fouls_suffered,10.5,19,8,0.42105263157894735
2024-25,2025-05-25,Ipswich,AWAY,fouls_suffered,11.5,19,7,0.3684210526315789
2024-25,2025-05-25,Ipswich,AWAY,fouls_suffered,12.5,19,5,0.2631578947368421
2024-25,2025-05-25,Ipswich,AWAY,fouls_suffered,13.5,19,4,0.21052631578947367
2024-25,2025-05-25,Ipswich,AWAY,fouls_suffered,14.5,19,2,0.10526315789473684
2024-25,2025-05-25,Ipswich,AWAY,fouls_suffered,15.5,19,1,0.05263157894736842
2024-25,2025-05-25,Ipswich,AWAY,corners_for,2.5,19,11,0.5789473684210527
2024-25,2025-05-25,Ipswich,AWAY,corners_for,3.5,19,8,0.42105263157894735
2024-25,2025-05-25,Ipswich,AWAY,corners_for,4.5,19,5,0.2631578947368421
2024-25,2025-05-25,Ipswich,AWAY,corners_for,5.5,19,3,0.15789473684210525
2024-25,2025-05-25,Ipswich,AWAY,corners_for,6.5,19,2,0.10526315789473684
2024-25,2025-05-25,Ipswich,AWAY,corners_for,7.5,19,1,0.05263157894736842
2024-25,2025-05-25,Ipswich,AWAY,corners_against,2.5,19,17,0.8947368421052632
2024-25,2025-05-25,Ipswich,AWAY,corners_against,3.5,19,15,0.7894736842105263
2024-25,2025-05-25,Ipswich,AWAY,corners_against,4.5,19,15,0.7894736842105263
2024-25,2025-05-25,Ipswich,AWAY,corners_against,5.5,19,10,0.5263157894736842
2024-25,2025-05-25,Ipswich,AWAY,corners_against,6.5,19,10,0.5263157894736842
2024-25,2025-05-25,Ipswich,AWAY,corners_against,7.5,19,9,0.47368421052631576
2024-25,2025-05-25,Ipswich,AWAY,yellow_cards,0.5,19,18,0.9473684210526315
2024-25,2025-05-25,Ipswich,AWAY,yellow_cards,1.5,19,15,0.7894736842105263
2024-25,2025-05-25,Ipswich,AWAY,yellow_cards,2.5,19,10,0.5263157894736842
2024-25,2025-05-25,Ipswich,AWAY,yellow_cards,3.5,19,5,0.2631578947368421
2024-25,2025-05-25,Ipswich,AWAY,yellow_cards,4.5,19,2,0.10526315789473684
2024-25,2025-05-25,Leicester,ALL,fouls_committed,8.5,38,29,0.7631578947368421
2024-25,2025-05-25,Leicester,ALL,fouls_committed,9.5,38,26,0.6842105263157895
2024-25,2025-05-25,Leicester,ALL,fouls_committed,10.5,38,22,0.5789473684210527
2024-25,2025-05-25,Leicester,ALL,fouls_committed,11.5,38,15,0.39473684210526316
2024-25,2025-05-25,Leicester,ALL,fouls_committed,12.5,38,13,0.34210526315789475
2024-25,2025-05-25,Leicester,ALL,fouls_committed,13.5,38,9,0.23684210526315788
2024-25,2025-05-25,Leicester,ALL,fouls_committed,14.5,38,9,0.23684210526315788
2024-25,2025-05-25,Leicester,ALL,fouls_committed,15.5,38,5,0.13157894736842105
2024-25,2025-05-25,Leicester,ALL,fouls_suffered,8.5,38,28,0.7368421052631579
2024-25,2025-05-25,Leicester,ALL,fouls_suffered,9.5,38,23,0.6052631578947368
2024-25,2025-05-25,Leicester,ALL,fouls_suffered,10.5,38,18,0.47368421052631576
2024-25,2025-05-25,Leicester,ALL,fouls_suffered,11.5,38,13,0.34210526315789475
2024-25,2025-05-25,Leicester,ALL,fouls_suffered,12.5,38,7,0.18421052631578946
2024-25,2025-05-25,Leicester,ALL,fouls_suffered,13.5,38,6,0.15789473684210525
2024-25,2025-05-25,Leicester,ALL,fouls_suffered,14.5,38,4,0.10526315789473684
2024-25,2025-05-25,Leicester,ALL,fouls_suffered,15.5,38,4,0.10526315789473684
2024-25,2025-05-25,Leicester,ALL,corners_for,2.5,38,23,0.6052631578947368
2024-25,2025-05-25,Leicester,ALL,corners_for,3.5,38,20,0.5263157894736842
2024-25,2025-05-25,Leicester,ALL,corners_for,4.5,38,15,0.39473684210526316
2024-25,2025-05-25,Leicester,ALL,corners_for,5.5,38,10,0.2631578947368421
2024-25,2025-05-25,Leicester,ALL,corners_for,6.5,38,2,0.05263157894736842
2024-25,2025-05-25,Leicester,ALL,corners_for,7.5,38,1,0.02631578947368421
2024-25,2025-05-25,Leicester,ALL,corners_against,2.5,38,32,0.8421052631578947
2024-25,2025-05-25,Leicester,ALL,corners_against,3.5,38,29,0.7631578947368421
2024-25,2025-05-25,Leicester,ALL,corners_against,4.5,38,23,0.6052631578947368
2024-25,2025-05-25,Leicester,ALL,corners_against,5.5,38,17,0.4473684210526316
2024-25,2025-05-25,Leicester,ALL,corners_against,6.5,38,14,0.3684210526315789
2024-25,2025-05-25,Leicester,ALL,corners_against,7.5,38,9,0.23684210526315788
2024-25,2025-05-25,Leicester,ALL,yellow_cards,0.5,38,34,0.8947368421052632
2024-25,2025-05-25,Leicester,ALL,yellow_cards,1.5,38,25,0.6578947368421053
2024-25,2025-05-25,Leicester,ALL,yellow_cards,2.5,38,15,0.39473684210526316
2024-25,2025-05-25,Leicester,ALL,yellow_cards,3.5,38,10,0.2631578947368421
2024-25,2025-05-25,Leicester,ALL,yellow_cards,4.5,38,3,0.07894736842105263
2024-25,2025-05-25,Leicester,HOME,fouls_committed,8.5,19,15,0.7894736842105263
2024-25,2025-05-25,Leicester,HOME,fouls_committed,9.5,19,12,0.631578947368421
2024-25,2025-05-25,Leicester,HOME,fouls_committed,10.5,19,11,0.5789473684210527
2024-25,2025-05-25,Leicester,HOME,fouls_committed,11.5,19,7,0.3684210526315789
2024-25,2025-05-25,Leicester,HOME,fouls_committed,12.5,19,5,0.2631578947368421
2024-25,2025-05-25,Leicester,HOME,fouls_committed,13.5,19,4,0.21052631578947367
2024-25,2025-05-25,Leicester,HOME,fouls_committed,14.5,19,4,0.21052631578947367
2024-25,2025-05-25,Leicester,HOME,fouls_committed,15.5,19,1,0.05263157894736842
2024-25,2025-05-25,Leicester,HOME,fouls_suffered,8.5,19,13,0.6842105263157895
2024-25,2025-05-25,Leicester,HOME,fouls_suffered,9.5,19,11,0.5789473684210527
2024-25,2025-05-25,Leicester,HOME,fouls_suffered,10.5,19,8,0.42105263157894735
2024-25,2025-05-25,Leicester,HOME,fouls_suffered,11.5,19,8,0.42105263157894735
2024-25,2025-05-25,Leicester,HOME,fouls_suffered,12.5,19,4,0.21052631578947367
2024-25,2025-05-25,Leicester,HOME,fouls_suffered,13.5,19,3,0.15789473684210525
2024-25,2025-05-25,Leicester,HOME,fouls_suffered,14.5,19,2,0.10526315789473684
2024-25,2025-05-25,Leicester,HOME,fouls_suffered,15.5,19,2,0.10526315789473684
2024-25,2025-05-25,Leicester,HOME,corners_for,2.5,19,13,0.6842105263157895
2024-25,2025-05-25,Leicester,HOME,corners_for,3.5,19,11,0.5789473684210527
2024-25,2025-05-25,Leicester,HOME,corners_for,4.5,19,9,0.47368421052631576
2024-25,2025-05-25,Leicester,HOME,corners_for,5.5,19,6,0.3157894736842105
2024-25,2025-05-25,Leicester,HOME,corners_for,6.5,19,2,0.10526315789473684
2024-25,2025-05-25,Leicester,HOME,corners_for,7.5,19,1,0.05263157894736842
2024-25,2025-05-25,Leicester,HOME,corners_against,2.5,19,14,0.7368421052631579
2024-25,2025-05-25,Leicester,HOME,corners_against,3.5,19,13,0.6842105263157895
2024-25,2025-05-25,Leicester,HOME,corners_against,4.5,19,10,0.5263157894736842
2024-25,2025-05-25,Leicester,HOME,corners_against,5.5,19,9,0.47368421052631576
2024-25,2025-05-25,Leicester,HOME,corners_against,6.5,19,8,0.42105263157894735
2024-25,2025-05-25,Leicester,HOME,corners_against,7.5,19,5,0.2631578947368421
2024-25,2025-05-25,Leicester,HOME,yellow_cards,0.5,19,18,0.9473684210526315
2024-25,2025-05-25,Leicester,HOME,yellow_cards,1.5,19,12,0.631578947368421
2024-25,2025-05-25,Leicester,HOME,yellow_cards,2.5,19,6,0.3157894736842105
2024-25,2025-05-25,Leicester,HOME,yellow_cards,3.5,19,5,0.2631578947368421
2024-25,2025-05-25,Leicester,HOME,yellow_cards,4.5,19,1,0.05263157894736842
2024-25,2025-05-25,Leicester,AWAY,fouls_committed,8.5,19,14,0.7368421052631579
2024-25,2025-05-25,Leicester,AWAY,fouls_committed,9.5,19,14,0.7368421052631579
2024-25,2025-05-25,Leicester,AWAY,fouls_committed,10.5,19,11,0.5789473684210527
2024-25,2025-05-25,Leicester,AWAY,fouls_committed,11.5,19,8,0.42105263157894735
2024-25,2025-05-25,Leicester,AWAY,fouls_committed,12.5,19,8,0.42105263157894735
2024-25,2025-05-25,Leicester,AWAY,fouls_committed,13.5,19,5,0.2631578947368421
2024-25,2025-05-25,Leicester,AWAY,fouls_committed,14.5,19,5,0.2631578947368421
2024-25,2025-05-25,Leicester,AWAY,fouls_committed,15.5,19,4,0.21052631578947367
2024-25,2025-05-25,Leicester,AWAY,fouls_suffered,8.5,19,15,0.7894736842105263
2024-25,2025-05-25,Leicester,AWAY,fouls_suffered,9.5,19,12,0.631578947368421
2024-25,2025-05-25,Leicester,AWAY,fouls_suffered,10.5,19,10,0.5263157894736842
2024-25,2025-05-25,Leicester,AWAY,fouls_suffered,11.5,19,5,0.2631578947368421
2024-25,2025-05-25,Leicester,AWAY,fouls_suffered,12.5,19,3,0.15789473684210525
2024-25,2025-05-25,Leicester,AWAY,fouls_suffered,13.5,19,3,0.15789473684210525
2024-25,2025-05-25,Leicester,AWAY,fouls_suffered,14.5,19,2,0.10526315789473684
2024-25,2025-05-25,Leicester,AWAY,fouls_suffered,15.5,19,2,0.10526315789473684
2024-25,2025-05-25,Leicester,AWAY,corners_for,2.5,19,10,0.5263157894736842
2024-25,2025-05-25,Leicester,AWAY,corners_for,3.5,19,9,0.47368421052631576
2024-25,2025-05-25,Leicester,AWAY,corners_for,4.5,19,6,0.3157894736842105
2024-25,2025-05-25,Leicester,AWAY,corners_for,5.5,19,4,0.21052631578947367
2024-25,2025-05-25,Leicester,AWAY,corners_for,6.5,19,0,0.0
2024-25,2025-05-25,Leicester,AWAY,corners_for,7.5,19,0,0.0
2024-25,2025-05-25,Leicester,AWAY,corners_against,2.5,19,18,0.9473684210526315
2024-25,2025-05-25,Leicester,AWAY,corners_against,3.5,19,16,0.8421052631578947
2024-25,2025-05-25,Leicester,AWAY,corners_against,4.5,19,13,0.6842105263157895
2024-25,2025-05-25,Leicester,AWAY,corners_against,5.5,19,8,0.42105263157894735
2024-25,2025-05-25,Leicester,AWAY,corners_against,6.5,19,6,0.3157894736842105
2024-25,2025-05-25,Leicester,AWAY,corners_against,7.5,19,4,0.21052631578947367
2024-25,2025-05-25,Leicester,AWAY,yellow_cards,0.5,19,16,0.8421052631578947
2024-25,2025-05-25,Leicester,AWAY,yellow_cards,1.5,19,13,0.6842105263157895
2024-25,2025-05-25,Leicester,AWAY,yellow_cards,2.5,19,9,0.47368421052631576
2024-25,2025-05-25,Leicester,AWAY,yellow_cards,3.5,19,5,0.2631578947368421
2024-25,2025-05-25,Leicester,AWAY,yellow_cards,4.5,19,2,0.10526315789473684
2024-25,2025-05-25,Liverpool,ALL,fouls_committed,8.5,38,31,0.8157894736842105
2024-25,2025-05-25,Liverpool,ALL,fouls_committed,9.5,38,26,0.6842105263157895
2024-25,2025-05-25,Liverpool,ALL,fouls_committed,10.5,38,16,0.42105263157894735
2024-25,2025-05-25,Liverpool,ALL,fouls_committed,11.5,38,14,0.3684210526315789
2024-25,2025-05-25,Liverpool,ALL,fouls_committed,12.5,38,12,0.3157894736842105
2024-25,2025-05-25,Liverpool,ALL,fouls_committed,13.5,38,11,0.2894736842105263
2024-25,2025-05-25,Liverpool,ALL,fouls_committed,14.5,38,9,0.23684210526315788
2024-25,2025-05-25,Liverpool,ALL,fouls_committed,15.5,38,5,0.13157894736842105
2024-25,2025-05-25,Liverpool,ALL,fouls_suffered,8.5,38,24,0.631578947368421
2024-25,2025-05-25,Liverpool,ALL,fouls_suffered,9.5,38,18,0.47368421052631576
2024-25,2025-05-25,Liverpool,ALL,fouls_suffered,10.5,38,14,0.3684210526315789
2024-25,2025-05-25,Liverpool,ALL,fouls_suffered,11.5,38,9,0.23684210526315788
2024-25,2025-05-25,Liverpool,ALL,fouls_suffered,12.5,38,8,0.21052631578947367
2024-25,2025-05-25,Liverpool,ALL,fouls_suffered,13.5,38,5,0.13157894736842105
2024-25,2025-05-25,Liverpool,ALL,fouls_suffered,14.5,38,4,0.10526315789473684
2024-25,2025-05-25,Liverpool,ALL,fouls_suffered,15.5,38,2,0.05263157894736842
2024-25,2025-05-25,Liverpool,ALL,corners_for,2.5,38,35,0.9210526315789473
2024-25,2025-05-25,Liverpool,ALL,corners_for,3.5,38,28,0.7368421052631579
2024-25,2025-05-25,Liverpool,ALL,corners_for,4.5,38,25,0.6578947368421053
2024-25,2025-05-25,Liverpool,ALL,corners_for,5.5,38,22,0.5789473684210527
2024-25,2025-05-25,Liverpool,ALL,corners_for,6.5,38,17,0.4473684210526316
2024-25,2025-05-25,Liverpool,ALL,corners_for,7.5,38,15,0.39473684210526316
2024-25,2025-05-25,Liverpool,ALL,corners_against,2.5,38,25,0.6578947368421053
2024-25,2025-05-25,Liverpool,ALL,corners_against,3.5,38,17,0.4473684210526316
2024-25,2025-05-25,Liverpool,ALL,corners_against,4.5,38,11,0.2894736842105263
2024-25,2025-05-25,Liverpool,ALL,corners_against,5.5,38,8,0.21052631578947367
2024-25,2025-05-25,Liverpool,ALL,corners_against,6.5,38,6,0.15789473684210525
2024-25,2025-05-25,Liverpool,ALL,corners_against,7.5,38,3,0.07894736842105263
2024-25,2025-05-25,Liverpool,ALL,yellow_cards,0.5,38,29,0.7631578947368421
2024-25,2025-05-25,Liverpool,ALL,yellow_cards,1.5,38,21,0.5526315789473685
2024-25,2025-05-25,Liverpool,ALL,yellow_cards,2.5,38,9,0.23684210526315788
2024-25,2025-05-25,Liverpool,ALL,yellow_cards,3.5,38,4,0.10526315789473684
2024-25,2025-05-25,Liverpool,ALL,yellow_cards,4.5,38,1,0.02631578947368421
2024-25,2025-05-25,Liverpool,HOME,fouls_committed,8.5,19,17,0.8947368421052632
2024-25,2025-05-25,Liverpool,HOME,fouls_committed,9.5,19,16,0.8421052631578947
2024-25,2025-05-25,Liverpool,HOME,fouls_committed,10.5,19,9,0.47368421052631576
2024-25,2025-05-25,Liverpool,HOME,fouls_committed,11.5,19,8,0.42105263157894735
2024-25,2025-05-25,Liverpool,HOME,fouls_committed,12.5,19,6,0.3157894736842105
2024-25,2025-05-25,Liverpool,HOME,fouls_committed,13.5,19,5,0.2631578947368421
2024-25,2025-05-25,Liverpool,HOME,fouls_committed,14.5,19,5,0.2631578947368421
2024-25,2025-05-25,Liverpool,HOME,fouls_committed,15.5,19,2,0.10526315789473684
2024-25,2025-05-25,Liverpool,HOME,fouls_suffered,8.5,19,13,0.6842105263157895
2024-25,2025-05-25,Liverpool,HOME,fouls_suffered,9.5,19,11,0.5789473684210527
2024-25,2025-05-25,Liverpool,HOME,fouls_suffered,10.5,19,9,0.47368421052631576
2024-25,2025-05-25,Liverpool,HOME,fouls_suffered,11.5,19,6,0.3157894736842105
2024-25,2025-05-25,Liverpool,HOME,fouls_suffered,12.5,19,5,0.2631578947368421
2024-25,2025-05-25,Liverpool,HOME,fouls_suffered,13.5,19,2,0.10526315789473684
2024-25,2025-05-25,Liverpool,HOME,fouls_suffered,14.5,19,2,0.10526315789473684
2024-25,2025-05-25,Liverpool,HOME,fouls_suffered,15.5,19,1,0.05263157894736842
2024-25,2025-05-25,Liverpool,HOME,corners_for,2.5,19,17,0.8947368421052632
2024-25,2025-05-25,Liverpool,HOME,corners_for,3.5,19,14,0.7368421052631579
2024-25,2025-05-25,Liverpool,HOME,corners_for,4.5,19,12,0.631578947368421
2024-25,2025-05-25,Liverpool,HOME,corners_for,5.5,19,11,0.5789473684210527
2024-25,2025-05-25,Liverpool,HOME,corners_for,6.5,19,9,0.47368421052631576
2024-25,2025-05-25,Liverpool,HOME,corners_for,7.5,19,7,0.3684210526315789
2024-25,2025-05-25,Liverpool,HOME,corners_against,2.5,19,13,0.6842105263157895
2024-25,2025-05-25,Liverpool,HOME,corners_against,3.5,19,11,0.5789473684210527
2024-25,2025-05-25,Liverpool,HOME,corners_against,4.5,19,6,0.3157894736842105
2024-25,2025-05-25,Liverpool,HOME,corners_against,5.5,19,5,0.2631578947368421
2024-25,2025-05-25,Liverpool,HOME,corners_against,6.5,19,4,0.21052631578947367
2024-25,2025-05-25,Liverpool,HOME,corners_against,7.5,19,3,0.15789473684210525
2024-25,2025-05-25,Liverpool,HOME,yellow_cards,0.5,19,15,0.7894736842105263
2024-25,2025-05-25,Liverpool,HOME,yellow_cards,1.5,19,10,0.5263157894736842
2024-25,2025-05-25,Liverpool,HOME,yellow_cards,2.5,19,4,0.21052631578947367
2024-25,2025-05-25,Liverpool,HOME,yellow_cards,3.5,19,2,0.10526315789473684
2024-25,2025-05-25,Liverpool,HOME,yellow_cards,4.5,19,0,0.0
2024-25,2025-05-25,Liverpool,AWAY,fouls_committed,8.5,19,14,0.7368421052631579
2024-25,2025-05-25,Liverpool,AWAY,fouls_committed,9.5,19,10,0.5263157894736842
2024-25,2025-05-25,Liverpool,AWAY,fouls_committed,10.5,19,7,0.3684210526315789
2024-25,2025-05-25,Liverpool,AWAY,fouls_committed,11.5,19,6,0.3157894736842105
2024-25,2025-05-25,Liverpool,AWAY,fouls_committed,12.5,19,6,0.3157894736842105
2024-25,2025-05-25,Liverpool,AWAY,fouls_committed,13.5,19,6,0.3157894736842105
2024-25,2025-05-25,Liverpool,AWAY,fouls_committed,14.5,19,4,0.21052631578947367
2024-25,2025-05-25,Liverpool,AWAY,fouls_committed,15.5,19,3,0.15789473684210525
2024-25,2025-05-25,Liverpool,AWAY,fouls_suffered,8.5,19,11,0.5789473684210527
2024-25,2025-05-25,Liverpool,AWAY,fouls_suffered,9.5,19,7,0.3684210526315789
2024-25,2025-05-25,Liverpool,AWAY,fouls_suffered,10.5,19,5,0.2631578947368421
2024-25,2025-05-25,Liverpool,AWAY,fouls_suffered,11.5,19,3,0.15789473684210525
2024-25,2025-05-25,Liverpool,AWAY,fouls_suffered,12.5,19,3,0.15789473684210525
2024-25,2025-05-25,Liverpool,AWAY,fouls_suffered,13.5,19,3,0.15789473684210525
2024-25,2025-05-25,Liverpool,AWAY,fouls_suffered,14.5,19,2,0.10526315789473684
2024-25,2025-05-25,Liverpool,AWAY,fouls_suffered,15.5,19,1,0.05263157894736842
2024-25,2025-05-25,Liverpool,AWAY,corners_for,2.5,19,18,0.9473684210526315
2024-25,2025-05-25,Liverpool,AWAY,corners_for,3.5,19,14,0.7368421052631579
2024-25,2025-05-25,Liverpool,AWAY,corners_for,4.5,19,13,0.6842105263157895
2024-25,2025-05-25,Liverpool,AWAY,corners_for,5.5,19,11,0.5789473684210527
2024-25,2025-05-25,Liverpool,AWAY,corners_for,6.5,19,8,0.42105263157894735
2024-25,2025-05-25,Liverpool,AWAY,corners_for,7.5,19,8,0.42105263157894735
2024-25,2025-05-25,Liverpool,AWAY,corners_against,2.5,19,12,0.631578947368421
2024-25,2025-05-25,Liverpool,AWAY,corners_against,3.5,19,6,0.3157894736842105
2024-25,2025-05-25,Liverpool,AWAY,corners_against,4.5,19,5,0.2631578947368421
2024-25,2025-05-25,Liverpool,AWAY,corners_against,5.5,19,3,0.15789473684210525
2024-25,2025-05-25,Liverpool,AWAY,corners_against,6.5,19,2,0.10526315789473684
2024-25,2025-05-25,Liverpool,AWAY,corners_against,7.5,19,0,0.0
2024-25,2025-05-25,Liverpool,AWAY,yellow_cards,0.5,19,14,0.7368421052631579
2024-25,2025-05-25,Liverpool,AWAY,yellow_cards,1.5,19,11,0.5789473684210527
2024-25,2025-05-25,Liverpool,AWAY,yellow_cards,2.5,19,5,0.2631578947368421
2024-25,2025-05-25,Liverpool,AWAY,yellow_cards,3.5,19,2,0.10526315789473684
2024-25,2025-05-25,Liverpool,AWAY,yellow_cards,4.5,19,1,0.05263157894736842
2024-25,2025-05-25,Manchester City,ALL,fouls_committed,8.5,38,13,0.34210526315789475
2024-25,2025-05-25,Manchester City,ALL,fouls_committed,9.5,38,8,0.21052631578947367
2024-25,2025-05-25,Manchester City,ALL,fouls_committed,10.5,38,3,0.07894736842105263
2024-25,2025-05-25,Manchester City,ALL,fouls_committed,11.5,38,2,0.05263157894736842
2024-25,2025-05-25,Manchester City,ALL,fouls_committed,12.5,38,2,0.05263157894736842
2024-25,2025-05-25,Manchester City,ALL,fouls_committed,13.5,38,2,0.05263157894736842
2024-25,2025-05-25,Manchester City,ALL,fouls_committed,14.5,38,2,0.05263157894736842
2024-25,2025-05-25,Manchester City,ALL,fouls_committed,15.5,38,1,0.02631578947368421
2024-25,2025-05-25,Manchester City,ALL,fouls_suffered,8.5,38,29,0.7631578947368421
2024-25,2025-05-25,Manchester City,ALL,fouls_suffered,9.5,38,24,0.631578947368421
2024-25,2025-05-25,Manchester City,ALL,fouls_suffered,10.5,38,17,0.4473684210526316
2024-25,2025-05-25,Manchester City,ALL,fouls_suffered,11.5,38,13,0.34210526315789475
2024-25,2025-05-25,Manchester City,ALL,fouls_suffered,12.5,38,10,0.2631578947368421
2024-25,2025-05-25,Manchester City,ALL,fouls_suffered,13.5,38,6,0.15789473684210525
2024-25,2025-05-25,Manchester City,ALL,fouls_suffered,14.5,38,3,0.07894736842105263
2024-25,2025-05-25,Manchester City,ALL,fouls_suffered,15.5,38,1,0.02631578947368421
2024-25,2025-05-25,Manchester City,ALL,corners_for,2.5,38,34,0.8947368421052632
2024-25,2025-05-25,Manchester City,ALL,corners_for,3.5,38,30,0.7894736842105263
2024-25,2025-05-25,Manchester City,ALL,corners_for,4.5,38,24,0.631578947368421
2024-25,2025-05-25,Manchester City,ALL,corners_for,5.5,38,21,0.5526315789473685
2024-25,2025-05-25,Manchester City,ALL,corners_for,6.5,38,19,0.5
2024-25,2025-05-25,Manchester City,ALL,corners_for,7.5,38,15,0.39473684210526316
2024-25,2025-05-25,Manchester City,ALL,corners_against,2.5,38,24,0.631578947368421
2024-25,2025-05-25,Manchester City,ALL,corners_against,3.5,38,18,0.47368421052631576
2024-25,2025-05-25,Manchester City,ALL,corners_against,4.5,38,11,0.2894736842105263
2024-25,2025-05-25,Manchester City,ALL,corners_against,5.5,38,3,0.07894736842105263
2024-25,2025-05-25,Manchester City,ALL,corners_against,6.5,38,2,0.05263157894736842
2024-25,2025-05-25,Manchester City,ALL,corners_against,7.5,38,1,0.02631578947368421
2024-25,2025-05-25,Manchester City,ALL,yellow_cards,0.5,38,28,0.7368421052631579
2024-25,2025-05-25,Manchester City,ALL,yellow_cards,1.5,38,18,0.47368421052631576
2024-25,2025-05-25,Manchester City,ALL,yellow_cards,2.5,38,9,0.23684210526315788
2024-25,2025-05-25,Manchester City,ALL,yellow_cards,3.5,38,2,0.05263157894736842
2024-25,2025-05-25,Manchester City,ALL,yellow_cards,4.5,38,0,0.0
2024-25,2025-05-25,Manchester City,HOME,fouls_committed,8.5,19,7,0.3684210526315789
2024-25,2025-05-25,Manchester City,HOME,fouls_committed,9.5,19,4,0.21052631578947367
2024-25,2025-05-25,Manchester City,HOME,fouls_committed,10.5,19,2,0.10526315789473684
2024-25,2025-05-25,Manchester City,HOME,fouls_committed,11.5,19,1,0.05263157894736842
2024-25,2025-05-25,Manchester City,HOME,fouls_committed,12.5,19,1,0.05263157894736842
2024-25,2025-05-25,Manchester City,HOME,fouls_committed,13.5,19,1,0.05263157894736842
2024-25,2025-05-25,Manchester City,HOME,fouls_committed,14.5,19,1,0.05263157894736842
2024-25,2025-05-25,Manchester City,HOME,fouls_committed,15.5,19,1,0.05263157894736842
2024-25,2025-05-25,Manchester City,HOME,fouls_suffered,8.5,19,16,0.8421052631578947
2024-25,2025-05-25,Manchester City,HOME,fouls_suffered,9.5,19,14,0.7368421052631579
2024-25,2025-05-25,Manchester City,HOME,fouls_suffered,10.5,19,8,0.42105263157894735
2024-25,2025-05-25,Manchester City,HOME,fouls_suffered,11.5,19,7,0.3684210526315789
2024-25,2025-05-25,Manchester City,HOME,fouls_suffered,12.5,19,7,0.3684210526315789
2024-25,2025-05-25,Manchester City,HOME,fouls_suffered,13.5,19,4,0.21052631578947367
2024-25,2025-05-25,Manchester City,HOME,fouls_suffered,14.5,19,3,0.15789473684210525
2024-25,2025-05-25,Manchester City,HOME,fouls_suffered,15.5,19,1,0.05263157894736842
2024-25,2025-05-25,Manchester City,HOME,corners_for,2.5,19,17,0.8947368421052632
2024-25,2025-05-25,Manchester City,HOME,corners_for,3.5,19,16,0.8421052631578947
2024-25,2025-05-25,Manchester City,HOME,corners_for,4.5,19,14,0.7368421052631579
2024-25,2025-05-25,Manchester City,HOME,corners_for,5.5,19,13,0.6842105263157895
2024-25,2025-05-25,Manchester City,HOME,corners_for,6.5,19,13,0.6842105263157895
2024-25,2025-05-25,Manchester City,HOME,corners_for,7.5,19,10,0.5263157894736842
2024-25,2025-05-25,Manchester City,HOME,corners_against,2.5,19,10,0.5263157894736842
2024-25,2025-05-25,Manchester City,HOME,corners_against,3.5,19,7,0.3684210526315789
2024-25,2025-05-25,Manchester City,HOME,corners_against,4.5,19,4,0.21052631578947367
2024-25,2025-05-25,Manchester City,HOME,corners_against,5.5,19,0,0.0
2024-25,2025-05-25,Manchester City,HOME,corners_against,6.5,19,0,0.0
2024-25,2025-05-25,Manchester City,HOME,corners_against,7.5,19,0,0.0
2024-25,2025-05-25,Manchester City,HOME,yellow_cards,0.5,19,16,0.8421052631578947
2024-25,2025-05-25,Manchester City,HOME,yellow_cards,1.5,19,11,0.5789473684210527
2024-25,2025-05-25,Manchester City,HOME,yellow_cards,2.5,19,5,0.2631578947368421
2024-25,2025-05-25,Manchester City,HOME,yellow_cards,3.5,19,1,0.05263157894736842
2024-25,2025-05-25,Manchester City,HOME,yellow_cards,4.5,19,0,0.0
2024-25,2025-05-25,Manchester City,AWAY,fouls_committed,8.5,19,6,0.3157894736842105
2024-25,2025-05-25,Manchester City,AWAY,fouls_committed,9.5,19,4,0.21052631578947367
2024-25,2025-05-25,Manchester City,AWAY,fouls_committed,10.5,19,1,0.05263157894736842
2024-25,2025-05-25,Manchester City,AWAY,fouls_committed,11.5,19,1,0.05263157894736842
2024-25,2025-05-25,Manchester City,AWAY,fouls_committed,12.5,19,1,0.05263157894736842
2024-25,2025-05-25,Manchester City,AWAY,fouls_committed,13.5,19,1,0.05263157894736842
2024-25,2025-05-25,Manchester City,AWAY,fouls_committed,14.5,19,1,0.05263157894736842
2024-25,2025-05-25,Manchester City,AWAY,fouls_committed,15.5,19,0,0.0
2024-25,2025-05-25,Manchester City,AWAY,fouls_suffered,8.5,19,13,0.6842105263157895
2024-25,2025-05-25,Manchester City,AWAY,fouls_suffered,9.5,19,10,0.5263157894736842
2024-25,2025-05-25,Manchester City,AWAY,fouls_suffered,10.5,19,9,0.47368421052631576
2024-25,2025-05-25,Manchester City,AWAY,fouls_suffered,11.5,19,6,0.3157894736842105
2024-25,2025-05-25,Manchester City,AWAY,fouls_suffered,12.5,19,3,0.15789473684210525
2024-25,2025-05-25,Manchester City,AWAY,fouls_suffered,13.5,19,2,0.10526315789473684
2024-25,2025-05-25,Manchester City,AWAY,fouls_suffered,14.5,19,0,0.0
2024-25,2025-05-25,Manchester City,AWAY,fouls_suffered,15.5,19,0,0.0
2024-25,2025-05-25,Manchester City,AWAY,corners_for,2.5,19,17,0.8947368421052632
2024-25,2025-05-25,Manchester City,AWAY,corners_for,3.5,19,14,0.7368421052631579
2024-25,2025-05-25,Manchester City,AWAY,corners_for,4.5,19,10,0.5263157894736842
2024-25,2025-05-25,Manchester City,AWAY,corners_for,5.5,19,8,0.42105263157894735
2024-25,2025-05-25,Manchester City,AWAY,corners_for,6.5,19,6,0.3157894736842105
2024-25,2025-05-25,Manchester City,AWAY,corners_for,7.5,19,5,0.2631578947368421
2024-25,2025-05-25,Manchester City,AWAY,corners_against,2.5,19,14,0.7368421052631579
2024-25,2025-05-25,Manchester City,AWAY,corners_against,3.5,19,11,0.5789473684210527
2024-25,2025-05-25,Manchester City,AWAY,corners_against,4.5,19,7,0.3684210526315789
2024-25,2025-05-25,Manchester City,AWAY,corners_against,5.5,19,3,0.15789473684210525
2024-25,2025-05-25,Manchester City,AWAY,corners_against,6.5,19,2,0.10526315789473684
2024-25,2025-05-25,Manchester City,AWAY,corners_against,7.5,19,1,0.05263157894736842
2024-25,2025-05-25,Manchester City,AWAY,yellow_cards,0.5,19,12,0.631578947368421
2024-25,2025-05-25,Manchester City,AWAY,yellow_cards,1.5,19,7,0.3684210526315789
2024-25,2025-05-25,Manchester City,AWAY,yellow_cards,2.5,19,4,0.21052631578947367
2024-25,2025-05-25,Manchester City,AWAY,yellow_cards,3.5,19,1,0.05263157894736842
2024-25,2025-05-25,Manchester City,AWAY,yellow_cards,4.5,19,0,0.0
2024-25,2025-05-25,Manchester United,ALL,fouls_committed,8.5,38,31,0.8157894736842105
2024-25,2025-05-25,Manchester United,ALL,fouls_committed,9.5,38,25,0.6578947368421053
2024-25,2025-05-25,Manchester United,ALL,fouls_committed,10.5,38,21,0.5526315789473685
2024-25,2025-05-25,Manchester United,ALL,fouls_committed,11.5,38,18,0.47368421052631576
2024-25,2025-05-25,Manchester United,ALL,fouls_committed,12.5,38,11,0.2894736842105263
2024-25,2025-05-25,Manchester United,ALL,fouls_committed,13.5,38,6,0.15789473684210525
2024-25,2025-05-25,Manchester United,ALL,fouls_committed,14.5,38,2,0.05263157894736842
2024-25,2025-05-25,Manchester United,ALL,fouls_committed,15.5,38,2,0.05263157894736842
2024-25,2025-05-25,Manchester United,ALL,fouls_suffered,8.5,38,26,0.6842105263157895
2024-25,2025-05-25,Manchester United,ALL,fouls_suffered,9.5,38,24,0.631578947368421
2024-25,2025-05-25,Manchester United,ALL,fouls_suffered,10.5,38,19,0.5
2024-25,2025-05-25,Manchester United,ALL,fouls_suffered,11.5,38,14,0.3684210526315789
2024-25,2025-05-25,Manchester United,ALL,fouls_suffered,12.5,38,8,0.21052631578947367
2024-25,2025-05-25,Manchester United,ALL,fouls_suffered,13.5,38,4,0.10526315789473684
2024-25,2025-05-25,Manchester United,ALL,fouls_suffered,14.5,38,2,0.05263157894736842
2024-25,2025-05-25,Manchester United,ALL,fouls_suffered,15.5,38,2,0.05263157894736842
2024-25,2025-05-25,Manchester United,ALL,corners_for,2.5,38,29,0.7631578947368421
2024-25,2025-05-25,Manchester United,ALL,corners_for,3.5,38,27,0.7105263157894737
2024-25,2025-05-25,Manchester United,ALL,corners_for,4.5,38,20,0.5263157894736842
2024-25,2025-05-25,Manchester United,ALL,corners_for,5.5,38,12,0.3157894736842105
2024-25,2025-05-25,Manchester United,ALL,corners_for,6.5,38,12,0.3157894736842105
2024-25,2025-05-25,Manchester United,ALL,corners_for,7.5,38,10,0.2631578947368421
2024-25,2025-05-25,Manchester United,ALL,corners_against,2.5,38,30,0.7894736842105263
2024-25,2025-05-25,Manchester United,ALL,corners_against,3.5,38,23,0.6052631578947368
2024-25,2025-05-25,Manchester United,ALL,corners_against,4.5,38,18,0.47368421052631576
2024-25,2025-05-25,Manchester United,ALL,corners_against,5.5,38,15,0.39473684210526316
2024-25,2025-05-25,Manchester United,ALL,corners_against,6.5,38,10,0.2631578947368421
2024-25,2025-05-25,Manchester United,ALL,corners_against,7.5,38,6,0.15789473684210525
2024-25,2025-05-25,Manchester United,ALL,yellow_cards,0.5,38,32,0.8421052631578947
2024-25,2025-05-25,Manchester United,ALL,yellow_cards,1.5,38,24,0.631578947368421
2024-25,2025-05-25,Manchester United,ALL,yellow_cards,2.5,38,13,0.34210526315789475
2024-25,2025-05-25,Manchester United,ALL,yellow_cards,3.5,38,8,0.21052631578947367
2024-25,2025-05-25,Manchester United,ALL,yellow_cards,4.5,38,4,0.10526315789473684
2024-25,2025-05-25,Manchester United,HOME,fouls_committed,8.5,19,15,0.7894736842105263
2024-25,2025-05-25,Manchester United,HOME,fouls_committed,9.5,19,13,0.6842105263157895
2024-25,2025-05-25,Manchester United,HOME,fouls_committed,10.5,19,11,0.5789473684210527
2024-25,2025-05-25,Manchester United,HOME,fouls_committed,11.5,19,9,0.47368421052631576
2024-25,2025-05-25,Manchester United,HOME,fouls_committed,12.5,19,6,0.3157894736842105
2024-25,2025-05-25,Manchester United,HOME,fouls_committed,13.5,19,3,0.15789473684210525
2024-25,2025-05-25,Manchester United,HOME,fouls_committed,14.5,19,2,0.10526315789473684
2024-25,2025-05-25,Manchester United,HOME,fouls_committed,15.5,19,2,0.10526315789473684
2024-25,2025-05-25,Manchester United,HOME,fouls_suffered,8.5,19,15,0.7894736842105263
2024-25,2025-05-25,Manchester United,HOME,fouls_suffered,9.5,19,14,0.7368421052631579
2024-25,2025-05-25,Manchester United,HOME,fouls_suffered,10.5,19,11,0.5789473684210527
2024-25,2025-05-25,Manchester United,HOME,fouls_suffered,11.5,19,9,0.47368421052631576
2024-25,2025-05-25,Manchester United,HOME,fouls_suffered,12.5,19,7,0.3684210526315789
2024-25,2025-05-25,Manchester United,HOME,fouls_suffered,13.5,19,4,0.21052631578947367
2024-25,2025-05-25,Manchester United,HOME,fouls_suffered,14.5,19,2,0.10526315789473684
2024-25,2025-05-25,Manchester United,HOME,fouls_suffered,15.5,19,2,0.10526315789473684
2024-25,2025-05-25,Manchester United,HOME,corners_for,2.5,19,15,0.7894736842105263
2024-25,2025-05-25,Manchester United,HOME,corners_for,3.5,19,15,0.7894736842105263
2024-25,2025-05-25,Manchester United,HOME,corners_for,4.5,19,12,0.631578947368421
2024-25,2025-05-25,Manchester United,HOME,corners_for,5.5,19,6,0.3157894736842105
2024-25,2025-05-25,Manchester United,HOME,corners_for,6.5,19,6,0.3157894736842105
2024-25,2025-05-25,Manchester United,HOME,corners_for,7.5,19,5,0.2631578947368421
2024-25,2025-05-25,Manchester United,HOME,corners_against,2.5,19,12,0.631578947368421
2024-25,2025-05-25,Manchester United,HOME,corners_against,3.5,19,7,0.3684210526315789
2024-25,2025-05-25,Manchester United,HOME,corners_against,4.5,19,6,0.3157894736842105
2024-25,2025-05-25,Manchester United,HOME,corners_against,5.5,19,4,0.21052631578947367
2024-25,2025-05-25,Manchester United,HOME,corners_against,6.5,19,3,0.15789473684210525
2024-25,2025-05-25,Manchester United,HOME,corners_against,7.5,19,3,0.15789473684210525
2024-25,2025-05-25,Manchester United,HOME,yellow_cards,0.5,19,15,0.7894736842105263
2024-25,2025-05-25,Manchester United,HOME,yellow_cards,1.5,19,12,0.631578947368421
2024-25,2025-05-25,Manchester United,HOME,yellow_cards,2.5,19,7,0.3684210526315789
2024-25,2025-05-25,Manchester United,HOME,yellow_cards,3.5,19,4,0.21052631578947367
2024-25,2025-05-25,Manchester United,HOME,yellow_cards,4.5,19,2,0.10526315789473684
2024-25,2025-05-25,Manchester United,AWAY,fouls_committed,8.5,19,16,0.8421052631578947
2024-25,2025-05-25,Manchester United,AWAY,fouls_committed,9.5,19,12,0.631578947368421
2024-25,2025-05-25,Manchester United,AWAY,fouls_committed,10.5,19,10,0.5263157894736842
2024-25,2025-05-25,Manchester United,AWAY,fouls_committed,11.5,19,9,0.47368421052631576
2024-25,2025-05-25,Manchester United,AWAY,fouls_committed,12.5,19,5,0.2631578947368421
2024-25,2025-05-25,Manchester United,AWAY,fouls_committed,13.5,19,3,0.15789473684210525
2024-25,2025-05-25,Manchester United,AWAY,fouls_committed,14.5,19,0,0.0
2024-25,2025-05-25,Manchester United,AWAY,fouls_committed,15.5,19,0,0.0
2024-25,2025-05-25,Manchester United,AWAY,fouls_suffered,8.5,19,11,0.5789473684210527
2024-25,2025-05-25,Manchester United,AWAY,fouls_suffered,9.5,19,10,0.5263157894736842
2024-25,2025-05-25,Manchester United,AWAY,fouls_suffered,10.5,19,8,0.42105263157894735
2024-25,2025-05-25,Manchester United,AWAY,fouls_suffered,11.5,19,5,0.2631578947368421
2024-25,2025-05-25,Manchester United,AWAY,fouls_suffered,12.5,19,1,0.05263157894736842
2024-25,2025-05-25,Manchester United,AWAY,fouls_suffered,13.5,19,0,0.0
2024-25,2025-05-25,Manchester United,AWAY,fouls_suffered,14.5,19,0,0.0
2024-25,2025-05-25,Manchester United,AWAY,fouls_suffered,15.5,19,0,0.0
2024-25,2025-05-25,Manchester United,AWAY,corners_for,2.5,19,14,0.7368421052631579
2024-25,2025-05-25,Manchester United,AWAY,corners_for,3.5,19,12,0.631578947368421
2024-25,2025-05-25,Manchester United,AWAY,corners_for,4.5,19,8,0.42105263157894735
2024-25,2025-05-25,Manchester United,AWAY,corners_for,5.5,19,6,0.3157894736842105
2024-25,2025-05-25,Manchester United,AWAY,corners_for,6.5,19,6,0.3157894736842105
2024-25,2025-05-25,Manchester United,AWAY,corners_for,7.5,19,5,0.2631578947368421
2024-25,2025-05-25,Manchester United,AWAY,corners_against,2.5,19,18,0.9473684210526315
2024-25,2025-05-25,Manchester United,AWAY,corners_against,3.5,19,16,0.8421052631578947
2024-25,2025-05-25,Manchester United,AWAY,corners_against,4.5,19,12,0.631578947368421
2024-25,2025-05-25,Manchester United,AWAY,corners_against,5.5,19,11,0.5789473684210527
2024-25,2025-05-25,Manchester United,AWAY,corners_against,6.5,19,7,0.3684210526315789
2024-25,2025-05-25,Manchester United,AWAY,corners_against,7.5,19,3,0.15789473684210525
2024-25,2025-05-25,Manchester United,AWAY,yellow_cards,0.5,19,17,0.8947368421052632
2024-25,2025-05-25,Manchester United,AWAY,yellow_cards,1.5,19,12,0.631578947368421
2024-25,2025-05-25,Manchester United,AWAY,yellow_cards,2.5,19,6,0.3157894736842105
2024-25,2025-05-25,Manchester United,AWAY,yellow_cards,3.5,19,4,0.21052631578947367
2024-25,2025-05-25,Manchester United,AWAY,yellow_cards,4.5,19,2,0.10526315789473684
2024-25,2025-05-25,Newcastle United,ALL,fouls_committed,8.5,38,26,0.6842105263157895
2024-25,2025-05-25,Newcastle United,ALL,fouls_committed,9.5,38,20,0.5263157894736842
2024-25,2025-05-25,Newcastle United,ALL,fouls_committed,10.5,38,17,0.4473684210526316
2024-25,2025-05-25,Newcastle United,ALL,fouls_committed,11.5,38,12,0.3157894736842105
2024-25,2025-05-25,Newcastle United,ALL,fouls_committed,12.5,38,9,0.23684210526315788
2024-25,2025-05-25,Newcastle United,ALL,fouls_committed,13.5,38,8,0.21052631578947367
2024-25,2025-05-25,Newcastle United,ALL,fouls_committed,14.5,38,7,0.18421052631578946
2024-25,2025-05-25,Newcastle United,ALL,fouls_committed,15.5,38,3,0.07894736842105263
2024-25,2025-05-25,Newcastle United,ALL,fouls_suffered,8.5,38,34,0.8947368421052632
2024-25,2025-05-25,Newcastle United,ALL,fouls_suffered,9.5,38,27,0.7105263157894737
2024-25,2025-05-25,Newcastle United,ALL,fouls_suffered,10.5,38,23,0.6052631578947368
2024-25,2025-05-25,Newcastle United,ALL,fouls_suffered,11.5,38,22,0.5789473684210527
2024-25,2025-05-25,Newcastle United,ALL,fouls_suffered,12.5,38,18,0.47368421052631576
2024-25,2025-05-25,Newcastle United,ALL,fouls_suffered,13.5,38,11,0.2894736842105263
2024-25,2025-05-25,Newcastle United,ALL,fouls_suffered,14.5,38,11,0.2894736842105263
2024-25,2025-05-25,Newcastle United,ALL,fouls_suffered,15.5,38,8,0.21052631578947367
2024-25,2025-05-25,Newcastle United,ALL,corners_for,2.5,38,33,0.868421052631579
2024-25,2025-05-25,Newcastle United,ALL,corners_for,3.5,38,31,0.8157894736842105
2024-25,2025-05-25,Newcastle United,ALL,corners_for,4.5,38,22,0.5789473684210527
2024-25,2025-05-25,Newcastle United,ALL,corners_for,5.5,38,17,0.4473684210526316
2024-25,2025-05-25,Newcastle United,ALL,corners_for,6.5,38,17,0.4473684210526316
2024-25,2025-05-25,Newcastle United,ALL,corners_for,7.5,38,10,0.2631578947368421
2024-25,2025-05-25,Newcastle United,ALL,corners_against,2.5,38,30,0.7894736842105263
2024-25,2025-05-25,Newcastle United,ALL,corners_against,3.5,38,25,0.6578947368421053
2024-25,2025-05-25,Newcastle United,ALL,corners_against,4.5,38,20,0.5263157894736842
2024-25,2025-05-25,Newcastle United,ALL,corners_against,5.5,38,19,0.5
2024-25,2025-05-25,Newcastle United,ALL,corners_against,6.5,38,12,0.3157894736842105
2024-25,2025-05-25,Newcastle United,ALL,corners_against,7.5,38,8,0.21052631578947367
2024-25,2025-05-25,Newcastle United,ALL,yellow_cards,0.5,38,31,0.8157894736842105
2024-25,2025-05-25,Newcastle United,ALL,yellow_cards,1.5,38,19,0.5
2024-25,2025-05-25,Newcastle United,ALL,yellow_cards,2.5,38,12,0.3157894736842105
2024-25,2025-05-25,Newcastle United,ALL,yellow_cards,3.5,38,6,0.15789473684210525
2024-25,2025-05-25,Newcastle United,ALL,yellow_cards,4.5,38,0,0.0
2024-25,2025-05-25,Newcastle United,HOME,fouls_committed,8.5,19,16,0.8421052631578947
2024-25,2025-05-25,Newcastle United,HOME,fouls_committed,9.5,19,12,0.631578947368421
2024-25,2025-05-25,Newcastle United,HOME,fouls_committed,10.5,19,10,0.5263157894736842
2024-25,2025-05-25,Newcastle United,HOME,fouls_committed,11.5,19,7,0.3684210526315789
2024-25,2025-05-25,Newcastle United,HOME,fouls_committed,12.5,19,5,0.2631578947368421
2024-25,2025-05-25,Newcastle United,HOME,fouls_committed,13.5,19,5,0.2631578947368421
2024-25,2025-05-25,Newcastle United,HOME,fouls_committed,14.5,19,4,0.21052631578947367
2024-25,2025-05-25,Newcastle United,HOME,fouls_committed,15.5,19,2,0.10526315789473684
2024-25,2025-05-25,Newcastle United,HOME,fouls_suffered,8.5,19,18,0.9473684210526315
2024-25,2025-05-25,Newcastle United,HOME,fouls_suffered,9.5,19,14,0.7368421052631579
2024-25,2025-05-25,Newcastle United,HOME,fouls_suffered,10.5,19,12,0.631578947368421
2024-25,2025-05-25,Newcastle United,HOME,fouls_suffered,11.5,19,12,0.631578947368421
2024-25,2025-05-25,Newcastle United,HOME,fouls_suffered,12.5,19,11,0.5789473684210527
2024-25,2025-05-25,Newcastle United,HOME,fouls_suffered,13.5,19,7,0.3684210526315789
2024-25,2025-05-25,Newcastle United,HOME,fouls_suffered,14.5,19,7,0.3684210526315789
2024-25,2025-05-25,Newcastle United,HOME,fouls_suffered,15.5,19,5,0.2631578947368421
2024-25,2025-05-25,Newcastle United,HOME,corners_for,2.5,19,18,0.9473684210526315
2024-25,2025-05-25,Newcastle United,HOME,corners_for,3.5,19,17,0.8947368421052632
2024-25,2025-05-25,Newcastle United,HOME,corners_for,4.5,19,13,0.6842105263157895
2024-25,2025-05-25,Newcastle United,HOME,corners_for,5.5,19,9,0.47368421052631576
2024-25,2025-05-25,Newcastle United,HOME,corners_for,6.5,19,9,0.47368421052631576
2024-25,2025-05-25,Newcastle United,HOME,corners_for,7.5,19,5,0.2631578947368421
2024-25,2025-05-25,Newcastle United,HOME,corners_against,2.5,19,15,0.7894736842105263
2024-25,2025-05-25,Newcastle United,HOME,corners_against,3.5,19,13,0.6842105263157895
2024-25,2025-05-25,Newcastle United,HOME,corners_against,4.5,19,11,0.5789473684210527
2024-25,2025-05-25,Newcastle United,HOME,corners_against,5.5,19,10,0.5263157894736842
2024-25,2025-05-25,Newcastle United,HOME,corners_against,6.5,19,4,0.21052631578947367
2024-25,2025-05-25,Newcastle United,HOME,corners_against,7.5,19,3,0.15789473684210525
2024-25,2025-05-25,Newcastle United,HOME,yellow_cards,0.5,19,17,0.8947368421052632
2024-25,2025-05-25,Newcastle United,HOME,yellow_cards,1.5,19,11,0.5789473684210527
2024-25,2025-05-25,Newcastle United,HOME,yellow_cards,2.5,19,6,0.3157894736842105
2024-25,2025-05-25,Newcastle United,HOME,yellow_cards,3.5,19,5,0.2631578947368421
2024-25,2025-05-25,Newcastle United,HOME,yellow_cards,4.5,19,0,0.0
2024-25,2025-05-25,Newcastle United,AWAY,fouls_committed,8.5,19,10,0.5263157894736842
2024-25,2025-05-25,Newcastle United,AWAY,fouls_committed,9.5,19,8,0.42105263157894735
2024-25,2025-05-25,Newcastle United,AWAY,fouls_committed,10.5,19,7,0.3684210526315789
2024-25,2025-05-25,Newcastle United,AWAY,fouls_committed,11.5,19,5,0.2631578947368421
2024-25,2025-05-25,Newcastle United,AWAY,fouls_committed,12.5,19,4,0.21052631578947367
2024-25,2025-05-25,Newcastle United,AWAY,fouls_committed,13.5,19,3,0.15789473684210525
2024-25,2025-05-25,Newcastle United,AWAY,fouls_committed,14.5,19,3,0.15789473684210525
2024-25,2025-05-25,Newcastle United,AWAY,fouls_committed,15.5,19,1,0.05263157894736842
2024-25,2025-05-25,Newcastle United,AWAY,fouls_suffered,8.5,19,16,0.8421052631578947
2024-25,2025-05-25,Newcastle United,AWAY,fouls_suffered,9.5,19,13,0.6842105263157895
2024-25,2025-05-25,Newcastle United,AWAY,fouls_suffered,10.5,19,11,0.5789473684210527
2024-25,2025-05-25,Newcastle United,AWAY,fouls_suffered,11.5,19,10,0.5263157894736842
2024-25,2025-05-25,Newcastle United,AWAY,fouls_suffered,12.5,19,7,0.3684210526315789
2024-25,2025-05-25,Newcastle United,AWAY,fouls_suffered,13.5,19,4,0.21052631578947367
2024-25,2025-05-25,Newcastle United,AWAY,fouls_suffered,14.5,19,4,0.21052631578947367
2024-25,2025-05-25,Newcastle United,AWAY,fouls_suffered,15.5,19,3,0.15789473684210525
2024-25,2025-05-25,Newcastle United,AWAY,corners_for,2.5,19,15,0.7894736842105263
2024-25,2025-05-25,Newcastle United,AWAY,corners_for,3.5,19,14,0.7368421052631579
2024-25,2025-05-25,Newcastle United,AWAY,corners_for,4.5,19,9,0.47368421052631576
2024-25,2025-05-25,Newcastle United,AWAY,corners_for,5.5,19,8,0.42105263157894735
2024-25,2025-05-25,Newcastle United,AWAY,corners_for,6.5,19,8,0.42105263157894735
2024-25,2025-05-25,Newcastle United,AWAY,corners_for,7.5,19,5,0.2631578947368421
2024-25,2025-05-25,Newcastle United,AWAY,corners_against,2.5,19,15,0.7894736842105263
2024-25,2025-05-25,Newcastle United,AWAY,corners_against,3.5,19,12,0.631578947368421
2024-25,2025-05-25,Newcastle United,AWAY,corners_against,4.5,19,9,0.47368421052631576
2024-25,2025-05-25,Newcastle United,AWAY,corners_against,5.5,19,9,0.47368421052631576
2024-25,2025-05-25,Newcastle United,AWAY,corners_against,6.5,19,8,0.42105263157894735
2024-25,2025-05-25,Newcastle United,AWAY,corners_against,7.5,19,5,0.2631578947368421
2024-25,2025-05-25,Newcastle United,AWAY,yellow_cards,0.5,19,14,0.7368421052631579
2024-25,2025-05-25,Newcastle United,AWAY,yellow_cards,1.5,19,8,0.42105263157894735
2024-25,2025-05-25,Newcastle United,AWAY,yellow_cards,2.5,19,6,0.3157894736842105
2024-25,2025-05-25,Newcastle United,AWAY,yellow_cards,3.5,19,1,0.05263157894736842
2024-25,2025-05-25,Newcastle United,AWAY,yellow_cards,4.5,19,0,0.0
2024-25,2025-05-25,Nottingham Forest,ALL,fouls_committed,8.5,38,27,0.7105263157894737
2024-25,2025-05-25,Nottingham Forest,ALL,fouls_committed,9.5,38,23,0.6052631578947368
2024-25,2025-05-25,Nottingham Forest,ALL,fouls_committed,10.5,38,19,0.5
2024-25,2025-05-25,Nottingham Forest,ALL,fouls_committed,11.5,38,15,0.39473684210526316
2024-25,2025-05-25,Nottingham Forest,ALL,fouls_committed,12.5,38,11,0.2894736842105263
2024-25,2025-05-25,Nottingham Forest,ALL,fouls_committed,13.5,38,7,0.18421052631578946
2024-25,2025-05-25,Nottingham Forest,ALL,fouls_committed,14.5,38,5,0.13157894736842105
2024-25,2025-05-25,Nottingham Forest,ALL,fouls_committed,15.5,38,1,0.02631578947368421
2024-25,2025-05-25,Nottingham Forest,ALL,fouls_suffered,8.5,38,31,0.8157894736842105
2024-25,2025-05-25,Nottingham Forest,ALL,fouls_suffered,9.5,38,27,0.7105263157894737
2024-25,2025-05-25,Nottingham Forest,ALL,fouls_suffered,10.5,38,23,0.6052631578947368
2024-25,2025-05-25,Nottingham Forest,ALL,fouls_suffered,11.5,38,19,0.5
2024-25,2025-05-25,Nottingham Forest,ALL,fouls_suffered,12.5,38,14,0.3684210526315789
2024-25,2025-05-25,Nottingham Forest,ALL,fouls_suffered,13.5,38,9,0.23684210526315788
2024-25,2025-05-25,Nottingham Forest,ALL,fouls_suffered,14.5,38,7,0.18421052631578946
2024-25,2025-05-25,Nottingham Forest,ALL,fouls_suffered,15.5,38,5,0.13157894736842105
2024-25,2025-05-25,Nottingham Forest,ALL,corners_for,2.5,38,28,0.7368421052631579
2024-25,2025-05-25,Nottingham Forest,ALL,corners_for,3.5,38,21,0.5526315789473685
2024-25,2025-05-25,Nottingham Forest,ALL,corners_for,4.5,38,12,0.3157894736842105
2024-25,2025-05-25,Nottingham Forest,ALL,corners_for,5.5,38,11,0.2894736842105263
2024-25,2025-05-25,Nottingham Forest,ALL,corners_for,6.5,38,8,0.21052631578947367
2024-25,2025-05-25,Nottingham Forest,ALL,corners_for,7.5,38,4,0.10526315789473684
2024-25,2025-05-25,Nottingham Forest,ALL,corners_against,2.5,38,37,0.9736842105263158
2024-25,2025-05-25,Nottingham Forest,ALL,corners_against,3.5,38,34,0.8947368421052632
2024-25,2025-05-25,Nottingham Forest,ALL,corners_against,4.5,38,30,0.7894736842105263
2024-25,2025-05-25,Nottingham Forest,ALL,corners_against,5.5,38,24,0.631578947368421
2024-25,2025-05-25,Nottingham Forest,ALL,corners_against,6.5,38,18,0.47368421052631576
2024-25,2025-05-25,Nottingham Forest,ALL,corners_against,7.5,38,11,0.2894736842105263
2024-25,2025-05-25,Nottingham Forest,ALL,yellow_cards,0.5,38,34,0.8947368421052632
2024-25,2025-05-25,Nottingham Forest,ALL,yellow_cards,1.5,38,25,0.6578947368421053
2024-25,2025-05-25,Nottingham Forest,ALL,yellow_cards,2.5,38,15,0.39473684210526316
2024-25,2025-05-25,Nottingham Forest,ALL,yellow_cards,3.5,38,7,0.18421052631578946
2024-25,2025-05-25,Nottingham Forest,ALL,yellow_cards,4.5,38,1,0.02631578947368421
2024-25,2025-05-25,Nottingham Forest,HOME,fouls_committed,8.5,19,13,0.6842105263157895
2024-25,2025-05-25,Nottingham Forest,HOME,fouls_committed,9.5,19,10,0.5263157894736842
2024-25,2025-05-25,Nottingham Forest,HOME,fouls_committed,10.5,19,7,0.3684210526315789
2024-25,2025-05-25,Nottingham Forest,HOME,fouls_committed,11.5,19,5,0.2631578947368421
2024-25,2025-05-25,Nottingham Forest,HOME,fouls_committed,12.5,19,3,0.15789473684210525
2024-25,2025-05-25,Nottingham Forest,HOME,fouls_committed,13.5,19,2,0.10526315789473684
2024-25,2025-05-25,Nottingham Forest,HOME,fouls_committed,14.5,19,2,0.10526315789473684
2024-25,2025-05-25,Nottingham Forest,HOME,fouls_committed,15.5,19,1,0.05263157894736842
2024-25,2025-05-25,Nottingham Forest,HOME,fouls_suffered,8.5,19,15,0.7894736842105263
2024-25,2025-05-25,Nottingham Forest,HOME,fouls_suffered,9.5,19,14,0.7368421052631579
2024-25,2025-05-25,Nottingham Forest,HOME,fouls_suffered,10.5,19,13,0.6842105263157895
2024-25,2025-05-25,Nottingham Forest,HOME,fouls_suffered,11.5,19,11,0.5789473684210527
2024-25,2025-05-25,Nottingham Forest,HOME,fouls_suffered,12.5,19,8,0.42105263157894735
2024-25,2025-05-25,Nottingham Forest,HOME,fouls_suffered,13.5,19,5,0.2631578947368421
2024-25,2025-05-25,Nottingham Forest,HOME,fouls_suffered,14.5,19,5,0.2631578947368421
2024-25,2025-05-25,Nottingham Forest,HOME,fouls_suffered,15.5,19,4,0.21052631578947367
2024-25,2025-05-25,Nottingham Forest,HOME,corners_for,2.5,19,14,0.7368421052631579
2024-25,2025-05-25,Nottingham Forest,HOME,corners_for,3.5,19,11,0.5789473684210527
2024-25,2025-05-25,Nottingham Forest,HOME,corners_for,4.5,19,6,0.3157894736842105
2024-25,2025-05-25,Nottingham Forest,HOME,corners_for,5.5,19,6,0.3157894736842105
2024-25,2025-05-25,Nottingham Forest,HOME,corners_for,6.5,19,4,0.21052631578947367
2024-25,2025-05-25,Nottingham Forest,HOME,corners_for,7.5,19,2,0.10526315789473684
2024-25,2025-05-25,Nottingham Forest,HOME,corners_against,2.5,19,18,0.9473684210526315
2024-25,2025-05-25,Nottingham Forest,HOME,corners_against,3.5,19,16,0.8421052631578947
2024-25,2025-05-25,Nottingham Forest,HOME,corners_against,4.5,19,14,0.7368421052631579
2024-25,2025-05-25,Nottingham Forest,HOME,corners_against,5.5,19,11,0.5789473684210527
2024-25,2025-05-25,Nottingham Forest,HOME,corners_against,6.5,19,7,0.3684210526315789
2024-25,2025-05-25,Nottingham Forest,HOME,corners_against,7.5,19,4,0.21052631578947367
2024-25,2025-05-25,Nottingham Forest,HOME,yellow_cards,0.5,19,16,0.8421052631578947
2024-25,2025-05-25,Nottingham Forest,HOME,yellow_cards,1.5,19,9,0.47368421052631576
2024-25,2025-05-25,Nottingham Forest,HOME,yellow_cards,2.5,19,5,0.2631578947368421
2024-25,2025-05-25,Nottingham Forest,HOME,yellow_cards,3.5,19,0,0.0
2024-25,2025-05-25,Nottingham Forest,HOME,yellow_cards,4.5,19,0,0.0
2024-25,2025-05-25,Nottingham Forest,AWAY,fouls_committed,8.5,19,14,0.7368421052631579
2024-25,2025-05-25,Nottingham Forest,AWAY,fouls_committed,9.5,19,13,0.6842105263157895
2024-25,2025-05-25,Nottingham Forest,AWAY,fouls_committed,10.5,19,12,0.631578947368421
2024-25,2025-05-25,Nottingham Forest,AWAY,fouls_committed,11.5,19,10,0.5263157894736842
2024-25,2025-05-25,Nottingham Forest,AWAY,fouls_committed,12.5,19,8,0.42105263157894735
2024-25,2025-05-25,Nottingham Forest,AWAY,fouls_committed,13.5,19,5,0.2631578947368421
2024-25,2025-05-25,Nottingham Forest,AWAY,fouls_committed,14.5,19,3,0.15789473684210525
2024-25,2025-05-25,Nottingham Forest,AWAY,fouls_committed,15.5,19,0,0.0
2024-25,2025-05-25,Nottingham Forest,AWAY,fouls_suffered,8.5,19,16,0.8421052631578947
2024-25,2025-05-25,Nottingham Forest,AWAY,fouls_suffered,9.5,19,13,0.6842105263157895
2024-25,2025-05-25,Nottingham Forest,AWAY,fouls_suffered,10.5,19,10,0.5263157894736842
2024-25,2025-05-25,Nottingham Forest,AWAY,fouls_suffered,11.5,19,8,0.42105263157894735
2024-25,2025-05-25,Nottingham Forest,AWAY,fouls_suffered,12.5,19,6,0.3157894736842105
2024-25,2025-05-25,Nottingham Forest,AWAY,fouls_suffered,13.5,19,4,0.21052631578947367
2024-25,2025-05-25,Nottingham Forest,AWAY,fouls_suffered,14.5,19,2,0.10526315789473684
2024-25,2025-05-25,Nottingham Forest,AWAY,fouls_suffered,15.5,19,1,0.05263157894736842
2024-25,2025-05-25,Nottingham Forest,AWAY,corners_for,2.5,19,14,0.7368421052631579
2024-25,2025-05-25,Nottingham Forest,AWAY,corners_for,3.5,19,10,0.5263157894736842
2024-25,2025-05-25,Nottingham Forest,AWAY,corners_for,4.5,19,6,0.3157894736842105
2024-25,2025-05-25,Nottingham Forest,AWAY,corners_for,5.5,19,5,0.2631578947368421
2024-25,2025-05-25,Nottingham Forest,AWAY,corners_for,6.5,19,4,0.21052631578947367
2024-25,2025-05-25,Nottingham Forest,AWAY,corners_for,7.5,19,2,0.10526315789473684
2024-25,2025-05-25,Nottingham Forest,AWAY,corners_against,2.5,19,19,1.0
2024-25,2025-05-25,Nottingham Forest,AWAY,corners_against,3.5,19,18,0.9473684210526315
2024-25,2025-05-25,Nottingham Forest,AWAY,corners_against,4.5,19,16,0.8421052631578947
2024-25,2025-05-25,Nottingham Forest,AWAY,corners_against,5.5,19,13,0.6842105263157895
2024-25,2025-05-25,Nottingham Forest,AWAY,corners_against,6.5,19,11,0.5789473684210527
2024-25,2025-05-25,Nottingham Forest,AWAY,corners_against,7.5,19,7,0.3684210526315789
2024-25,2025-05-25,Nottingham Forest,AWAY,yellow_cards,0.5,19,18,0.9473684210526315
2024-25,2025-05-25,Nottingham Forest,AWAY,yellow_cards,1.5,19,16,0.8421052631578947
2024-25,2025-05-25,Nottingham Forest,AWAY,yellow_cards,2.5,19,10,0.5263157894736842
2024-25,2025-05-25,Nottingham Forest,AWAY,yellow_cards,3.5,19,7,0.3684210526315789
2024-25,2025-05-25,Nottingham Forest,AWAY,yellow_cards,4.5,19,1,0.05263157894736842
2024-25,2025-05-25,Southampton,ALL,fouls_committed,8.5,38,34,0.8947368421052632
2024-25,2025-05-25,Southampton,ALL,fouls_committed,9.5,38,29,0.7631578947368421
2024-25,2025-05-25,Southampton,ALL,fouls_committed,10.5,38,23,0.6052631578947368
2024-25,2025-05-25,Southampton,ALL,fouls_committed,11.5,38,19,0.5
2024-25,2025-05-25,Southampton,ALL,fouls_committed,12.5,38,16,0.42105263157894735
2024-25,2025-05-25,Southampton,ALL,fouls_committed,13.5,38,13,0.34210526315789475
2024-25,2025-05-25,Southampton,ALL,fouls_committed,14.5,38,9,0.23684210526315788
2024-25,2025-05-25,Southampton,ALL,fouls_committed,15.5,38,6,0.15789473684210525
2024-25,2025-05-25,Southampton,ALL,fouls_suffered,8.5,38,27,0.7105263157894737
2024-25,2025-05-25,Southampton,ALL,fouls_suffered,9.5,38,24,0.631578947368421
2024-25,2025-05-25,Southampton,ALL,fouls_suffered,10.5,38,20,0.5263157894736842
2024-25,2025-05-25,Southampton,ALL,fouls_suffered,11.5,38,19,0.5
2024-25,2025-05-25,Southampton,ALL,fouls_suffered,12.5,38,16,0.42105263157894735
2024-25,2025-05-25,Southampton,ALL,fouls_suffered,13.5,38,15,0.39473684210526316
2024-25,2025-05-25,Southampton,ALL,fouls_suffered,14.5,38,10,0.2631578947368421
2024-25,2025-05-25,Southampton,ALL,fouls_suffered,15.5,38,7,0.18421052631578946
2024-25,2025-05-25,Southampton,ALL,corners_for,2.5,38,23,0.6052631578947368
2024-25,2025-05-25,Southampton,ALL,corners_for,3.5,38,20,0.5263157894736842
2024-25,2025-05-25,Southampton,ALL,corners_for,4.5,38,15,0.39473684210526316
2024-25,2025-05-25,Southampton,ALL,corners_for,5.5,38,8,0.21052631578947367
2024-25,2025-05-25,Southampton,ALL,corners_for,6.5,38,7,0.18421052631578946
2024-25,2025-05-25,Southampton,ALL,corners_for,7.5,38,5,0.13157894736842105
2024-25,2025-05-25,Southampton,ALL,corners_against,2.5,38,29,0.7631578947368421
2024-25,2025-05-25,Southampton,ALL,corners_against,3.5,38,28,0.7368421052631579
2024-25,2025-05-25,Southampton,ALL,corners_against,4.5,38,25,0.6578947368421053
2024-25,2025-05-25,Southampton,ALL,corners_against,5.5,38,23,0.6052631578947368
2024-25,2025-05-25,Southampton,ALL,corners_against,6.5,38,17,0.4473684210526316
2024-25,2025-05-25,Southampton,ALL,corners_against,7.5,38,12,0.3157894736842105
2024-25,2025-05-25,Southampton,ALL,yellow_cards,0.5,38,36,0.9473684210526315
2024-25,2025-05-25,Southampton,ALL,yellow_cards,1.5,38,24,0.631578947368421
2024-25,2025-05-25,Southampton,ALL,yellow_cards,2.5,38,19,0.5
2024-25,2025-05-25,Southampton,ALL,yellow_cards,3.5,38,8,0.21052631578947367
2024-25,2025-05-25,Southampton,ALL,yellow_cards,4.5,38,2,0.05263157894736842
2024-25,2025-05-25,Southampton,HOME,fouls_committed,8.5,19,16,0.8421052631578947
2024-25,2025-05-25,Southampton,HOME,fouls_committed,9.5,19,15,0.7894736842105263
2024-25,2025-05-25,Southampton,HOME,fouls_committed,10.5,19,11,0.5789473684210527
2024-25,2025-05-25,Southampton,HOME,fouls_committed,11.5,19,7,0.3684210526315789
2024-25,2025-05-25,Southampton,HOME,fouls_committed,12.5,19,6,0.3157894736842105
2024-25,2025-05-25,Southampton,HOME,fouls_committed,13.5,19,5,0.2631578947368421
2024-25,2025-05-25,Southampton,HOME,fouls_committed,14.5,19,2,0.10526315789473684
2024-25,2025-05-25,Southampton,HOME,fouls_committed,15.5,19,1,0.05263157894736842
2024-25,2025-05-25,Southampton,HOME,fouls_suffered,8.5,19,13,0.6842105263157895
2024-25,2025-05-25,Southampton,HOME,fouls_suffered,9.5,19,11,0.5789473684210527
2024-25,2025-05-25,Southampton,HOME,fouls_suffered,10.5,19,10,0.5263157894736842
2024-25,2025-05-25,Southampton,HOME,fouls_suffered,11.5,19,10,0.5263157894736842
2024-25,2025-05-25,Southampton,HOME,fouls_suffered,12.5,19,8,0.42105263157894735
2024-25,2025-05-25,Southampton,HOME,fouls_suffered,13.5,19,7,0.3684210526315789
2024-25,2025-05-25,Southampton,HOME,fouls_suffered,14.5,19,4,0.21052631578947367
2024-25,2025-05-25,Southampton,HOME,fouls_suffered,15.5,19,2,0.10526315789473684
2024-25,2025-05-25,Southampton,HOME,corners_for,2.5,19,10,0.5263157894736842
2024-25,2025-05-25,Southampton,HOME,corners_for,3.5,19,7,0.3684210526315789
2024-25,2025-05-25,Southampton,HOME,corners_for,4.5,19,5,0.2631578947368421
2024-25,2025-05-25,Southampton,HOME,corners_for,5.5,19,1,0.05263157894736842
2024-25,2025-05-25,Southampton,HOME,corners_for,6.5,19,1,0.05263157894736842
2024-25,2025-05-25,Southampton,HOME,corners_for,7.5,19,1,0.05263157894736842
2024-25,2025-05-25,Southampton,HOME,corners_against,2.5,19,15,0.7894736842105263
2024-25,2025-05-25,Southampton,HOME,corners_against,3.5,19,15,0.7894736842105263
2024-25,2025-05-25,Southampton,HOME,corners_against,4.5,19,15,0.7894736842105263
2024-25,2025-05-25,Southampton,HOME,corners_against,5.5,19,14,0.7368421052631579
2024-25,2025-05-25,Southampton,HOME,corners_against,6.5,19,10,0.5263157894736842
2024-25,2025-05-25,Southampton,HOME,corners_against,7.5,19,8,0.42105263157894735
2024-25,2025-05-25,Southampton,HOME,yellow_cards,0.5,19,17,0.8947368421052632
2024-25,2025-05-25,Southampton,HOME,yellow_cards,1.5,19,10,0.5263157894736842
2024-25,2025-05-25,Southampton,HOME,yellow_cards,2.5,19,6,0.3157894736842105
2024-25,2025-05-25,Southampton,HOME,yellow_cards,3.5,19,3,0.15789473684210525
2024-25,2025-05-25,Southampton,HOME,yellow_cards,4.5,19,1,0.05263157894736842
2024-25,2025-05-25,Southampton,AWAY,fouls_committed,8.5,19,18,0.9473684210526315
2024-25,2025-05-25,Southampton,AWAY,fouls_committed,9.5,19,14,0.7368421052631579
2024-25,2025-05-25,Southampton,AWAY,fouls_committed,10.5,19,12,0.631578947368421
2024-25,2025-05-25,Southampton,AWAY,fouls_committed,11.5,19,12,0.631578947368421
2024-25,2025-05-25,Southampton,AWAY,fouls_committed,12.5,19,10,0.5263157894736842
2024-25,2025-05-25,Southampton,AWAY,fouls_committed,13.5,19,8,0.42105263157894735
2024-25,2025-05-25,Southampton,AWAY,fouls_committed,14.5,19,7,0.3684210526315789
2024-25,2025-05-25,Southampton,AWAY,fouls_committed,15.5,19,5,0.2631578947368421
2024-25,2025-05-25,Southampton,AWAY,fouls_suffered,8.5,19,14,0.7368421052631579
2024-25,2025-05-25,Southampton,AWAY,fouls_suffered,9.5,19,13,0.6842105263157895
2024-25,2025-05-25,Southampton,AWAY,fouls_suffered,10.5,19,10,0.5263157894736842
2024-25,2025-05-25,Southampton,AWAY,fouls_suffered,11.5,19,9,0.47368421052631576
2024-25,2025-05-25,Southampton,AWAY,fouls_suffered,12.5,19,8,0.42105263157894735
2024-25,2025-05-25,Southampton,AWAY,fouls_suffered,13.5,19,8,0.42105263157894735
2024-25,2025-05-25,Southampton,AWAY,fouls_suffered,14.5,19,6,0.3157894736842105
2024-25,2025-05-25,Southampton,AWAY,fouls_suffered,15.5,19,5,0.2631578947368421
2024-25,2025-05-25,Southampton,AWAY,corners_for,2.5,19,13,0.6842105263157895
2024-25,2025-05-25,Southampton,AWAY,corners_for,3.5,19,13,0.6842105263157895
2024-25,2025-05-25,Southampton,AWAY,corners_for,4.5,19,10,0.5263157894736842
2024-25,2025-05-25,Southampton,AWAY,corners_for,5.5,19,7,0.3684210526315789
2024-25,2025-05-25,Southampton,AWAY,corners_for,6.5,19,6,0.3157894736842105
2024-25,2025-05-25,Southampton,AWAY,corners_for,7.5,19,4,0.21052631578947367
2024-25,2025-05-25,Southampton,AWAY,corners_against,2.5,19,14,0.7368421052631579
2024-25,2025-05-25,Southampton,AWAY,corners_against,3.5,19,13,0.6842105263157895
2024-25,2025-05-25,Southampton,AWAY,corners_against,4.5,19,10,0.5263157894736842
2024-25,2025-05-25,Southampton,AWAY,corners_against,5.5,19,9,0.47368421052631576
2024-25,2025-05-25,Southampton,AWAY,corners_against,6.5,19,7,0.3684210526315789
2024-25,2025-05-25,Southampton,AWAY,corners_against,7.5,19,4,0.21052631578947367
2024-25,2025-05-25,Southampton,AWAY,yellow_cards,0.5,19,19,1.0
2024-25,2025-05-25,Southampton,AWAY,yellow_cards,1.5,19,14,0.7368421052631579
2024-25,2025-05-25,Southampton,AWAY,yellow_cards,2.5,19,13,0.6842105263157895
2024-25,2025-05-25,Southampton,AWAY,yellow_cards,3.5,19,5,0.2631578947368421
2024-25,2025-05-25,Southampton,AWAY,yellow_cards,4.5,19,1,0.05263157894736842
2024-25,2025-05-25,Tottenham,ALL,fouls_committed,8.5,38,34,0.8947368421052632
2024-25,2025-05-25,Tottenham,ALL,fouls_committed,9.5,38,30,0.7894736842105263
2024-25,2025-05-25,Tottenham,ALL,fouls_committed,10.5,38,26,0.6842105263157895
2024-25,2025-05-25,Tottenham,ALL,fouls_committed,11.5,38,21,0.5526315789473685
2024-25,2025-05-25,Tottenham,ALL,fouls_committed,12.5,38,16,0.42105263157894735
2024-25,2025-05-25,Tottenham,ALL,fouls_committed,13.5,38,11,0.2894736842105263
2024-25,2025-05-25,Tottenham,ALL,fouls_committed,14.5,38,7,0.18421052631578946
2024-25,2025-05-25,Tottenham,ALL,fouls_committed,15.5,38,3,0.07894736842105263
2024-25,2025-05-25,Tottenham,ALL,fouls_suffered,8.5,38,33,0.868421052631579
2024-25,2025-05-25,Tottenham,ALL,fouls_suffered,9.5,38,30,0.7894736842105263
2024-25,2025-05-25,Tottenham,ALL,fouls_suffered,10.5,38,27,0.7105263157894737
2024-25,2025-05-25,Tottenham,ALL,fouls_suffered,11.5,38,25,0.6578947368421053
2024-25,2025-05-25,Tottenham,ALL,fouls_suffered,12.5,38,22,0.5789473684210527
2024-25,2025-05-25,Tottenham,ALL,fouls_suffered,13.5,38,21,0.5526315789473685
2024-25,2025-05-25,Tottenham,ALL,fouls_suffered,14.5,38,17,0.4473684210526316
2024-25,2025-05-25,Tottenham,ALL,fouls_suffered,15.5,38,11,0.2894736842105263
2024-25,2025-05-25,Tottenham,ALL,corners_for,2.5,38,35,0.9210526315789473
2024-25,2025-05-25,Tottenham,ALL,corners_for,3.5,38,30,0.7894736842105263
2024-25,2025-05-25,Tottenham,ALL,corners_for,4.5,38,25,0.6578947368421053
2024-25,2025-05-25,Tottenham,ALL,corners_for,5.5,38,21,0.5526315789473685
2024-25,2025-05-25,Tottenham,ALL,corners_for,6.5,38,18,0.47368421052631576
2024-25,2025-05-25,Tottenham,ALL,corners_for,7.5,38,12,0.3157894736842105
2024-25,2025-05-25,Tottenham,ALL,corners_against,2.5,38,30,0.7894736842105263
2024-25,2025-05-25,Tottenham,ALL,corners_against,3.5,38,28,0.7368421052631579
2024-25,2025-05-25,Tottenham,ALL,corners_against,4.5,38,22,0.5789473684210527
2024-25,2025-05-25,Tottenham,ALL,corners_against,5.5,38,15,0.39473684210526316
2024-25,2025-05-25,Tottenham,ALL,corners_against,6.5,38,12,0.3157894736842105
2024-25,2025-05-25,Tottenham,ALL,corners_against,7.5,38,11,0.2894736842105263
2024-25,2025-05-25,Tottenham,ALL,yellow_cards,0.5,38,35,0.9210526315789473
2024-25,2025-05-25,Tottenham,ALL,yellow_cards,1.5,38,19,0.5
2024-25,2025-05-25,Tottenham,ALL,yellow_cards,2.5,38,10,0.2631578947368421
2024-25,2025-05-25,Tottenham,ALL,yellow_cards,3.5,38,4,0.10526315789473684
2024-25,2025-05-25,Tottenham,ALL,yellow_cards,4.5,38,2,0.05263157894736842
2024-25,2025-05-25,Tottenham,HOME,fouls_committed,8.5,19,16,0.8421052631578947
2024-25,2025-05-25,Tottenham,HOME,fouls_committed,9.5,19,15,0.7894736842105263
2024-25,2025-05-25,Tottenham,HOME,fouls_committed,10.5,19,13,0.6842105263157895
2024-25,2025-05-25,Tottenham,HOME,fouls_committed,11.5,19,9,0.47368421052631576
2024-25,2025-05-25,Tottenham,HOME,fouls_committed,12.5,19,7,0.3684210526315789
2024-25,2025-05-25,Tottenham,HOME,fouls_committed,13.5,19,4,0.21052631578947367
2024-25,2025-05-25,Tottenham,HOME,fouls_committed,14.5,19,3,0.15789473684210525
2024-25,2025-05-25,Tottenham,HOME,fouls_committed,15.5,19,2,0.10526315789473684
2024-25,2025-05-25,Tottenham,HOME,fouls_suffered,8.5,19,18,0.9473684210526315
2024-25,2025-05-25,Tottenham,HOME,fouls_suffered,9.5,19,15,0.7894736842105263
2024-25,2025-05-25,Tottenham,HOME,fouls_suffered,10.5,19,12,0.631578947368421
2024-25,2025-05-25,Tottenham,HOME,fouls_suffered,11.5,19,11,0.5789473684210527
2024-25,2025-05-25,Tottenham,HOME,fouls_suffered,12.5,19,10,0.5263157894736842
2024-25,2025-05-25,Tottenham,HOME,fouls_suffered,13.5,19,10,0.5263157894736842
2024-25,2025-05-25,Tottenham,HOME,fouls_suffered,14.5,19,8,0.42105263157894735
2024-25,2025-05-25,Tottenham,HOME,fouls_suffered,15.5,19,4,0.21052631578947367
2024-25,2025-05-25,Tottenham,HOME,corners_for,2.5,19,18,0.9473684210526315
2024-25,2025-05-25,Tottenham,HOME,corners_for,3.5,19,17,0.8947368421052632
2024-25,2025-05-25,Tottenham,HOME,corners_for,4.5,19,15,0.7894736842105263
2024-25,2025-05-25,Tottenham,HOME,corners_for,5.5,19,13,0.6842105263157895
2024-25,2025-05-25,Tottenham,HOME,corners_for,6.5,19,11,0.5789473684210527
2024-25,2025-05-25,Tottenham,HOME,corners_for,7.5,19,7,0.3684210526315789
2024-25,2025-05-25,Tottenham,HOME,corners_against,2.5,19,16,0.8421052631578947
2024-25,2025-05-25,Tottenham,HOME,corners_against,3.5,19,15,0.7894736842105263
2024-25,2025-05-25,Tottenham,HOME,corners_against,4.5,19,12,0.631578947368421
2024-25,2025-05-25,Tottenham,HOME,corners_against,5.5,19,7,0.3684210526315789
2024-25,2025-05-25,Tottenham,HOME,corners_against,6.5,19,5,0.2631578947368421
2024-25,2025-05-25,Tottenham,HOME,corners_against,7.5,19,5,0.2631578947368421
2024-25,2025-05-25,Tottenham,HOME,yellow_cards,0.5,19,17,0.8947368421052632
2024-25,2025-05-25,Tottenham,HOME,yellow_cards,1.5,19,7,0.3684210526315789
2024-25,2025-05-25,Tottenham,HOME,yellow_cards,2.5,19,5,0.2631578947368421
2024-25,2025-05-25,Tottenham,HOME,yellow_cards,3.5,19,1,0.05263157894736842
2024-25,2025-05-25,Tottenham,HOME,yellow_cards,4.5,19,1,0.05263157894736842
2024-25,2025-05-25,Tottenham,AWAY,fouls_committed,8.5,19,18,0.9473684210526315
2024-25,2025-05-25,Tottenham,AWAY,fouls_committed,9.5,19,15,0.7894736842105263
2024-25,2025-05-25,Tottenham,AWAY,fouls_committed,10.5,19,13,0.6842105263157895
2024-25,2025-05-25,Tottenham,AWAY,fouls_committed,11.5,19,12,0.631578947368421
2024-25,2025-05-25,Tottenham,AWAY,fouls_committed,12.5,19,9,0.47368421052631576
2024-25,2025-05-25,Tottenham,AWAY,fouls_committed,13.5,19,7,0.3684210526315789
2024-25,2025-05-25,Tottenham,AWAY,fouls_committed,14.5,19,4,0.21052631578947367
2024-25,2025-05-25,Tottenham,AWAY,fouls_committed,15.5,19,1,0.05263157894736842
2024-25,2025-05-25,Tottenham,AWAY,fouls_suffered,8.5,19,15,0.7894736842105263
2024-25,2025-05-25,Tottenham,AWAY,fouls_suffered,9.5,19,15,0.7894736842105263
2024-25,2025-05-25,Tottenham,AWAY,fouls_suffered,10.5,19,15,0.7894736842105263
2024-25,2025-05-25,Tottenham,AWAY,fouls_suffered,11.5,19,14,0.7368421052631579
2024-25,2025-05-25,Tottenham,AWAY,fouls_suffered,12.5,19,12,0.631578947368421
2024-25,2025-05-25,Tottenham,AWAY,fouls_suffered,13.5,19,11,0.5789473684210527
2024-25,2025-05-25,Tottenham,AWAY,fouls_suffered,14.5,19,9,0.47368421052631576
2024-25,2025-05-25,Tottenham,AWAY,fouls_suffered,15.5,19,7,0.3684210526315789
2024-25,2025-05-25,Tottenham,AWAY,corners_for,2.5,19,17,0.8947368421052632
2024-25,2025-05-25,Tottenham,AWAY,corners_for,3.5,19,13,0.6842105263157895
2024-25,2025-05-25,Tottenham,AWAY,corners_for,4.5,19,10,0.5263157894736842
2024-25,2025-05-25,Tottenham,AWAY,corners_for,5.5,19,8,0.42105263157894735
2024-25,2025-05-25,Tottenham,AWAY,corners_for,6.5,19,7,0.3684210526315789
2024-25,2025-05-25,Tottenham,AWAY,corners_for,7.5,19,5,0.2631578947368421
2024-25,2025-05-25,Tottenham,AWAY,corners_against,2.5,19,14,0.7368421052631579
2024-25,2025-05-25,Tottenham,AWAY,corners_against,3.5,19,13,0.6842105263157895
2024-25,2025-05-25,Tottenham,AWAY,corners_against,4.5,19,10,0.5263157894736842
2024-25,2025-05-25,Tottenham,AWAY,corners_against,5.5,19,8,0.42105263157894735
2024-25,2025-05-25,Tottenham,AWAY,corners_against,6.5,19,7,0.3684210526315789
2024-25,2025-05-25,Tottenham,AWAY,corners_against,7.5,19,6,0.3157894736842105
2024-25,2025-05-25,Tottenham,AWAY,yellow_cards,0.5,19,18,0.9473684210526315
2024-25,2025-05-25,Tottenham,AWAY,yellow_cards,1.5,19,12,0.631578947368421
2024-25,2025-05-25,Tottenham,AWAY,yellow_cards,2.5,19,5,0.2631578947368421
2024-25,2025-05-25,Tottenham,AWAY,yellow_cards,3.5,19,3,0.15789473684210525
2024-25,2025-05-25,Tottenham,AWAY,yellow_cards,4.5,19,1,0.05263157894736842
2024-25,2025-05-25,West Ham United,ALL,fouls_committed,8.5,38,30,0.7894736842105263
2024-25,2025-05-25,West Ham United,ALL,fouls_committed,9.5,38,26,0.6842105263157895
2024-25,2025-05-25,West Ham United,ALL,fouls_committed,10.5,38,21,0.5526315789473685
2024-25,2025-05-25,West Ham United,ALL,fouls_committed,11.5,38,19,0.5
2024-25,2025-05-25,West Ham United,ALL,fouls_committed,12.5,38,15,0.39473684210526316
2024-25,2025-05-25,West Ham United,ALL,fouls_committed,13.5,38,11,0.2894736842105263
2024-25,2025-05-25,West Ham United,ALL,fouls_committed,14.5,38,8,0.21052631578947367
2024-25,2025-05-25,West Ham United,ALL,fouls_committed,15.5,38,6,0.15789473684210525
2024-25,2025-05-25,West Ham United,ALL,fouls_suffered,8.5,38,27,0.7105263157894737
2024-25,2025-05-25,West Ham United,ALL,fouls_suffered,9.5,38,23,0.6052631578947368
2024-25,2025-05-25,West Ham United,ALL,fouls_suffered,10.5,38,19,0.5
2024-25,2025-05-25,West Ham United,ALL,fouls_suffered,11.5,38,16,0.42105263157894735
2024-25,2025-05-25,West Ham United,ALL,fouls_suffered,12.5,38,15,0.39473684210526316
2024-25,2025-05-25,West Ham United,ALL,fouls_suffered,13.5,38,10,0.2631578947368421
2024-25,2025-05-25,West Ham United,ALL,fouls_suffered,14.5,38,10,0.2631578947368421
2024-25,2025-05-25,West Ham United,ALL,fouls_suffered,15.5,38,5,0.13157894736842105
2024-25,2025-05-25,West Ham United,ALL,corners_for,2.5,38,26,0.6842105263157895
2024-25,2025-05-25,West Ham United,ALL,corners_for,3.5,38,17,0.4473684210526316
2024-25,2025-05-25,West Ham United,ALL,corners_for,4.5,38,16,0.42105263157894735
2024-25,2025-05-25,West Ham United,ALL,corners_for,5.5,38,11,0.2894736842105263
2024-25,2025-05-25,West Ham United,ALL,corners_for,6.5,38,7,0.18421052631578946
2024-25,2025-05-25,West Ham United,ALL,corners_for,7.5,38,5,0.13157894736842105
2024-25,2025-05-25,West Ham United,ALL,corners_against,2.5,38,33,0.868421052631579
2024-25,2025-05-25,West Ham United,ALL,corners_against,3.5,38,26,0.6842105263157895
2024-25,2025-05-25,West Ham United,ALL,corners_against,4.5,38,20,0.5263157894736842
2024-25,2025-05-25,West Ham United,ALL,corners_against,5.5,38,16,0.42105263157894735
2024-25,2025-05-25,West Ham United,ALL,corners_against,6.5,38,13,0.34210526315789475
2024-25,2025-05-25,West Ham United,ALL,corners_against,7.5,38,9,0.23684210526315788
2024-25,2025-05-25,West Ham United,ALL,yellow_cards,0.5,38,33,0.868421052631579
2024-25,2025-05-25,West Ham United,ALL,yellow_cards,1.5,38,23,0.6052631578947368
2024-25,2025-05-25,West Ham United,ALL,yellow_cards,2.5,38,12,0.3157894736842105
2024-25,2025-05-25,West Ham United,ALL,yellow_cards,3.5,38,5,0.13157894736842105
2024-25,2025-05-25,West Ham United,ALL,yellow_cards,4.5,38,4,0.10526315789473684
2024-25,2025-05-25,West Ham United,HOME,fouls_committed,8.5,19,16,0.8421052631578947
2024-25,2025-05-25,West Ham United,HOME,fouls_committed,9.5,19,15,0.7894736842105263
2024-25,2025-05-25,West Ham United,HOME,fouls_committed,10.5,19,11,0.5789473684210527
2024-25,2025-05-25,West Ham United,HOME,fouls_committed,11.5,19,11,0.5789473684210527
2024-25,2025-05-25,West Ham United,HOME,fouls_committed,12.5,19,8,0.42105263157894735
2024-25,2025-05-25,West Ham United,HOME,fouls_committed,13.5,19,6,0.3157894736842105
2024-25,2025-05-25,West Ham United,HOME,fouls_committed,14.5,19,3,0.15789473684210525
2024-25,2025-05-25,West Ham United,HOME,fouls_committed,15.5,19,3,0.15789473684210525
2024-25,2025-05-25,West Ham United,HOME,fouls_suffered,8.5,19,14,0.7368421052631579
2024-25,2025-05-25,West Ham United,HOME,fouls_suffered,9.5,19,12,0.631578947368421
2024-25,2025-05-25,West Ham United,HOME,fouls_suffered,10.5,19,10,0.5263157894736842
2024-25,2025-05-25,West Ham United,HOME,fouls_suffered,11.5,19,9,0.47368421052631576
2024-25,2025-05-25,West Ham United,HOME,fouls_suffered,12.5,19,9,0.47368421052631576
2024-25,2025-05-25,West Ham United,HOME,fouls_suffered,13.5,19,5,0.2631578947368421
2024-25,2025-05-25,West Ham United,HOME,fouls_suffered,14.5,19,5,0.2631578947368421
2024-25,2025-05-25,West Ham United,HOME,fouls_suffered,15.5,19,3,0.15789473684210525
2024-25,2025-05-25,West Ham United,HOME,corners_for,2.5,19,14,0.7368421052631579
2024-25,2025-05-25,West Ham United,HOME,corners_for,3.5,19,10,0.5263157894736842
2024-25,2025-05-25,West Ham United,HOME,corners_for,4.5,19,9,0.47368421052631576
2024-25,2025-05-25,West Ham United,HOME,corners_for,5.5,19,7,0.3684210526315789
2024-25,2025-05-25,West Ham United,HOME,corners_for,6.5,19,5,0.2631578947368421
2024-25,2025-05-25,West Ham United,HOME,corners_for,7.5,19,4,0.21052631578947367
2024-25,2025-05-25,West Ham United,HOME,corners_against,2.5,19,17,0.8947368421052632
2024-25,2025-05-25,West Ham United,HOME,corners_against,3.5,19,13,0.6842105263157895
2024-25,2025-05-25,West Ham United,HOME,corners_against,4.5,19,10,0.5263157894736842
2024-25,2025-05-25,West Ham United,HOME,corners_against,5.5,19,6,0.3157894736842105
2024-25,2025-05-25,West Ham United,HOME,corners_against,6.5,19,4,0.21052631578947367
2024-25,2025-05-25,West Ham United,HOME,corners_against,7.5,19,2,0.10526315789473684
2024-25,2025-05-25,West Ham United,HOME,yellow_cards,0.5,19,15,0.7894736842105263
2024-25,2025-05-25,West Ham United,HOME,yellow_cards,1.5,19,11,0.5789473684210527
2024-25,2025-05-25,West Ham United,HOME,yellow_cards,2.5,19,7,0.3684210526315789
2024-25,2025-05-25,West Ham United,HOME,yellow_cards,3.5,19,5,0.2631578947368421
2024-25,2025-05-25,West Ham United,HOME,yellow_cards,4.5,19,4,0.21052631578947367
2024-25,2025-05-25,West Ham United,AWAY,fouls_committed,8.5,19,14,0.7368421052631579
2024-25,2025-05-25,West Ham United,AWAY,fouls_committed,9.5,19,11,0.5789473684210527
2024-25,2025-05-25,West Ham United,AWAY,fouls_committed,10.5,19,10,0.5263157894736842
2024-25,2025-05-25,West Ham United,AWAY,fouls_committed,11.5,19,8,0.42105263157894735
2024-25,2025-05-25,West Ham United,AWAY,fouls_committed,12.5,19,7,0.3684210526315789
2024-25,2025-05-25,West Ham United,AWAY,fouls_committed,13.5,19,5,0.2631578947368421
2024-25,2025-05-25,West Ham United,AWAY,fouls_committed,14.5,19,5,0.2631578947368421
2024-25,2025-05-25,West Ham United,AWAY,fouls_committed,15.5,19,3,0.15789473684210525
2024-25,2025-05-25,West Ham United,AWAY,fouls_suffered,8.5,19,13,0.6842105263157895
2024-25,2025-05-25,West Ham United,AWAY,fouls_suffered,9.5,19,11,0.5789473684210527
2024-25,2025-05-25,West Ham United,AWAY,fouls_suffered,10.5,19,9,0.47368421052631576
2024-25,2025-05-25,West Ham United,AWAY,fouls_suffered,11.5,19,7,0.3684210526315789
2024-25,2025-05-25,West Ham United,AWAY,fouls_suffered,12.5,19,6,0.3157894736842105
2024-25,2025-05-25,West Ham United,AWAY,fouls_suffered,13.5,19,5,0.2631578947368421
2024-25,2025-05-25,West Ham United,AWAY,fouls_suffered,14.5,19,5,0.2631578947368421
2024-25,2025-05-25,West Ham United,AWAY,fouls_suffered,15.5,19,2,0.10526315789473684
2024-25,2025-05-25,West Ham United,AWAY,corners_for,2.5,19,12,0.631578947368421
2024-25,2025-05-25,West Ham United,AWAY,corners_for,3.5,19,7,0.3684210526315789
2024-25,2025-05-25,West Ham United,AWAY,corners_for,4.5,19,7,0.3684210526315789
2024-25,2025-05-25,West Ham United,AWAY,corners_for,5.5,19,4,0.21052631578947367
2024-25,2025-05-25,West Ham United,AWAY,corners_for,6.5,19,2,0.10526315789473684
2024-25,2025-05-25,West Ham United,AWAY,corners_for,7.5,19,1,0.05263157894736842
2024-25,2025-05-25,West Ham United,AWAY,corners_against,2.5,19,16,0.8421052631578947
2024-25,2025-05-25,West Ham United,AWAY,corners_against,3.5,19,13,0.6842105263157895
2024-25,2025-05-25,West Ham United,AWAY,corners_against,4.5,19,10,0.5263157894736842
2024-25,2025-05-25,West Ham United,AWAY,corners_against,5.5,19,10,0.5263157894736842
2024-25,2025-05-25,West Ham United,AWAY,corners_against,6.5,19,9,0.47368421052631576
2024-25,2025-05-25,West Ham United,AWAY,corners_against,7.5,19,7,0.3684210526315789
2024-25,2025-05-25,West Ham United,AWAY,yellow_cards,0.5,19,18,0.9473684210526315
2024-25,2025-05-25,West Ham United,AWAY,yellow_cards,1.5,19,12,0.631578947368421
2024-25,2025-05-25,West Ham United,AWAY,yellow_cards,2.5,19,5,0.2631578947368421
2024-25,2025-05-25,West Ham United,AWAY,yellow_cards,3.5,19,0,0.0
2024-25,2025-05-25,West Ham United,AWAY,yellow_cards,4.5,19,0,0.0
2024-25,2025-05-25,Wolverhampton Wanderers,ALL,fouls_committed,8.5,38,30,0.7894736842105263
2024-25,2025-05-25,Wolverhampton Wanderers,ALL,fouls_committed,9.5,38,29,0.7631578947368421
2024-25,2025-05-25,Wolverhampton Wanderers,ALL,fouls_committed,10.5,38,25,0.6578947368421053
2024-25,2025-05-25,Wolverhampton Wanderers,ALL,fouls_committed,11.5,38,23,0.6052631578947368
2024-25,2025-05-25,Wolverhampton Wanderers,ALL,fouls_committed,12.5,38,21,0.5526315789473685
2024-25,2025-05-25,Wolverhampton Wanderers,ALL,fouls_committed,13.5,38,15,0.39473684210526316
2024-25,2025-05-25,Wolverhampton Wanderers,ALL,fouls_committed,14.5,38,11,0.2894736842105263
2024-25,2025-05-25,Wolverhampton Wanderers,ALL,fouls_committed,15.5,38,11,0.2894736842105263
2024-25,2025-05-25,Wolverhampton Wanderers,ALL,fouls_suffered,8.5,38,32,0.8421052631578947
2024-25,2025-05-25,Wolverhampton Wanderers,ALL,fouls_suffered,9.5,38,27,0.7105263157894737
2024-25,2025-05-25,Wolverhampton Wanderers,ALL,fouls_suffered,10.5,38,24,0.631578947368421
2024-25,2025-05-25,Wolverhampton Wanderers,ALL,fouls_suffered,11.5,38,21,0.5526315789473685
2024-25,2025-05-25,Wolverhampton Wanderers,ALL,fouls_suffered,12.5,38,13,0.34210526315789475
2024-25,2025-05-25,Wolverhampton Wanderers,ALL,fouls_suffered,13.5,38,11,0.2894736842105263
2024-25,2025-05-25,Wolverhampton Wanderers,ALL,fouls_suffered,14.5,38,9,0.23684210526315788
2024-25,2025-05-25,Wolverhampton Wanderers,ALL,fouls_suffered,15.5,38,4,0.10526315789473684
2024-25,2025-05-25,Wolverhampton Wanderers,ALL,corners_for,2.5,38,25,0.6578947368421053
2024-25,2025-05-25,Wolverhampton Wanderers,ALL,corners_for,3.5,38,20,0.5263157894736842
2024-25,2025-05-25,Wolverhampton Wanderers,ALL,corners_for,4.5,38,16,0.42105263157894735
2024-25,2025-05-25,Wolverhampton Wanderers,ALL,corners_for,5.5,38,9,0.23684210526315788
2024-25,2025-05-25,Wolverhampton Wanderers,ALL,corners_for,6.5,38,7,0.18421052631578946
2024-25,2025-05-25,Wolverhampton Wanderers,ALL,corners_for,7.5,38,3,0.07894736842105263
2024-25,2025-05-25,Wolverhampton Wanderers,ALL,corners_against,2.5,38,35,0.9210526315789473
2024-25,2025-05-25,Wolverhampton Wanderers,ALL,corners_against,3.5,38,30,0.7894736842105263
2024-25,2025-05-25,Wolverhampton Wanderers,ALL,corners_against,4.5,38,22,0.5789473684210527
2024-25,2025-05-25,Wolverhampton Wanderers,ALL,corners_against,5.5,38,16,0.42105263157894735
2024-25,2025-05-25,Wolverhampton Wanderers,ALL,corners_against,6.5,38,12,0.3157894736842105
2024-25,2025-05-25,Wolverhampton Wanderers,ALL,corners_against,7.5,38,9,0.23684210526315788
2024-25,2025-05-25,Wolverhampton Wanderers,ALL,yellow_cards,0.5,38,31,0.8157894736842105
2024-25,2025-05-25,Wolverhampton Wanderers,ALL,yellow_cards,1.5,38,24,0.631578947368421
2024-25,2025-05-25,Wolverhampton Wanderers,ALL,yellow_cards,2.5,38,11,0.2894736842105263
2024-25,2025-05-25,Wolverhampton Wanderers,ALL,yellow_cards,3.5,38,6,0.15789473684210525
2024-25,2025-05-25,Wolverhampton Wanderers,ALL,yellow_cards,4.5,38,1,0.02631578947368421
2024-25,2025-05-25,Wolverhampton Wanderers,HOME,fouls_committed,8.5,19,13,0.6842105263157895
2024-25,2025-05-25,Wolverhampton Wanderers,HOME,fouls_committed,9.5,19,13,0.6842105263157895
2024-25,2025-05-25,Wolverhampton Wanderers,HOME,fouls_committed,10.5,19,12,0.631578947368421
2024-25,2025-05-25,Wolverhampton Wanderers,HOME,fouls_committed,11.5,19,11,0.5789473684210527
2024-25,2025-05-25,Wolverhampton Wanderers,HOME,fouls_committed,12.5,19,9,0.47368421052631576
2024-25,2025-05-25,Wolverhampton Wanderers,HOME,fouls_committed,13.5,19,6,0.3157894736842105
2024-25,2025-05-25,Wolverhampton Wanderers,HOME,fouls_committed,14.5,19,5,0.2631578947368421
2024-25,2025-05-25,Wolverhampton Wanderers,HOME,fouls_committed,15.5,19,5,0.2631578947368421
2024-25,2025-05-25,Wolverhampton Wanderers,HOME,fouls_suffered,8.5,19,15,0.7894736842105263
2024-25,2025-05-25,Wolverhampton Wanderers,HOME,fouls_suffered,9.5,19,12,0.631578947368421
2024-25,2025-05-25,Wolverhampton Wanderers,HOME,fouls_suffered,10.5,19,11,0.5789473684210527
2024-25,2025-05-25,Wolverhampton Wanderers,HOME,fouls_suffered,11.5,19,10,0.5263157894736842
2024-25,2025-05-25,Wolverhampton Wanderers,HOME,fouls_suffered,12.5,19,6,0.3157894736842105
2024-25,2025-05-25,Wolverhampton Wanderers,HOME,fouls_suffered,13.5,19,4,0.21052631578947367
2024-25,2025-05-25,Wolverhampton Wanderers,HOME,fouls_suffered,14.5,19,4,0.21052631578947367
2024-25,2025-05-25,Wolverhampton Wanderers,HOME,fouls_suffered,15.5,19,2,0.10526315789473684
2024-25,2025-05-25,Wolverhampton Wanderers,HOME,corners_for,2.5,19,13,0.6842105263157895
2024-25,2025-05-25,Wolverhampton Wanderers,HOME,corners_for,3.5,19,11,0.5789473684210527
2024-25,2025-05-25,Wolverhampton Wanderers,HOME,corners_for,4.5,19,8,0.42105263157894735
2024-25,2025-05-25,Wolverhampton Wanderers,HOME,corners_for,5.5,19,4,0.21052631578947367
2024-25,2025-05-25,Wolverhampton Wanderers,HOME,corners_for,6.5,19,4,0.21052631578947367
2024-25,2025-05-25,Wolverhampton Wanderers,HOME,corners_for,7.5,19,1,0.05263157894736842
2024-25,2025-05-25,Wolverhampton Wanderers,HOME,corners_against,2.5,19,17,0.8947368421052632
2024-25,2025-05-25,Wolverhampton Wanderers,HOME,corners_against,3.5,19,14,0.7368421052631579
2024-25,2025-05-25,Wolverhampton Wanderers,HOME,corners_against,4.5,19,10,0.5263157894736842
2024-25,2025-05-25,Wolverhampton Wanderers,HOME,corners_against,5.5,19,6,0.3157894736842105
2024-25,2025-05-25,Wolverhampton Wanderers,HOME,corners_against,6.5,19,5,0.2631578947368421
2024-25,2025-05-25,Wolverhampton Wanderers,HOME,corners_against,7.5,19,4,0.21052631578947367
2024-25,2025-05-25,Wolverhampton Wanderers,HOME,yellow_cards,0.5,19,17,0.8947368421052632
2024-25,2025-05-25,Wolverhampton Wanderers,HOME,yellow_cards,1.5,19,10,0.5263157894736842
2024-25,2025-05-25,Wolverhampton Wanderers,HOME,yellow_cards,2.5,19,4,0.21052631578947367
2024-25,2025-05-25,Wolverhampton Wanderers,HOME,yellow_cards,3.5,19,3,0.15789473684210525
2024-25,2025-05-25,Wolverhampton Wanderers,HOME,yellow_cards,4.5,19,0,0.0
2024-25,2025-05-25,Wolverhampton Wanderers,AWAY,fouls_committed,8.5,19,17,0.8947368421052632
2024-25,2025-05-25,Wolverhampton Wanderers,AWAY,fouls_committed,9.5,19,16,0.8421052631578947
2024-25,2025-05-25,Wolverhampton Wanderers,AWAY,fouls_committed,10.5,19,13,0.6842105263157895
2024-25,2025-05-25,Wolverhampton Wanderers,AWAY,fouls_committed,11.5,19,12,0.631578947368421
2024-25,2025-05-25,Wolverhampton Wanderers,AWAY,fouls_committed,12.5,19,12,0.631578947368421
2024-25,2025-05-25,Wolverhampton Wanderers,AWAY,fouls_committed,13.5,19,9,0.47368421052631576
2024-25,2025-05-25,Wolverhampton Wanderers,AWAY,fouls_committed,14.5,19,6,0.3157894736842105
2024-25,2025-05-25,Wolverhampton Wanderers,AWAY,fouls_committed,15.5,19,6,0.3157894736842105
2024-25,2025-05-25,Wolverhampton Wanderers,AWAY,fouls_suffered,8.5,19,17,0.8947368421052632
2024-25,2025-05-25,Wolverhampton Wanderers,AWAY,fouls_suffered,9.5,19,15,0.7894736842105263
2024-25,2025-05-25,Wolverhampton Wanderers,AWAY,fouls_suffered,10.5,19,13,0.6842105263157895
2024-25,2025-05-25,Wolverhampton Wanderers,AWAY,fouls_suffered,11.5,19,11,0.5789473684210527
2024-25,2025-05-25,Wolverhampton Wanderers,AWAY,fouls_suffered,12.5,19,7,0.3684210526315789
2024-25,2025-05-25,Wolverhampton Wanderers,AWAY,fouls_suffered,13.5,19,7,0.3684210526315789
2024-25,2025-05-25,Wolverhampton Wanderers,AWAY,fouls_suffered,14.5,19,5,0.2631578947368421
2024-25,2025-05-25,Wolverhampton Wanderers,AWAY,fouls_suffered,15.5,19,2,0.10526315789473684
2024-25,2025-05-25,Wolverhampton Wanderers,AWAY,corners_for,2.5,19,12,0.631578947368421
2024-25,2025-05-25,Wolverhampton Wanderers,AWAY,corners_for,3.5,19,9,0.47368421052631576
2024-25,2025-05-25,Wolverhampton Wanderers,AWAY,corners_for,4.5,19,8,0.42105263157894735
2024-25,2025-05-25,Wolverhampton Wanderers,AWAY,corners_for,5.5,19,5,0.2631578947368421
2024-25,2025-05-25,Wolverhampton Wanderers,AWAY,corners_for,6.5,19,3,0.15789473684210525
2024-25,2025-05-25,Wolverhampton Wanderers,AWAY,corners_for,7.5,19,2,0.10526315789473684
2024-25,2025-05-25,Wolverhampton Wanderers,AWAY,corners_against,2.5,19,18,0.9473684210526315
2024-25,2025-05-25,Wolverhampton Wanderers,AWAY,corners_against,3.5,19,16,0.8421052631578947
2024-25,2025-05-25,Wolverhampton Wanderers,AWAY,corners_against,4.5,19,12,0.631578947368421
2024-25,2025-05-25,Wolverhampton Wanderers,AWAY,corners_against,5.5,19,10,0.5263157894736842
2024-25,2025-05-25,Wolverhampton Wanderers,AWAY,corners_against,6.5,19,7,0.3684210526315789
2024-25,2025-05-25,Wolverhampton Wanderers,AWAY,corners_against,7.5,19,5,0.2631578947368421
2024-25,2025-05-25,Wolverhampton Wanderers,AWAY,yellow_cards,0.5,19,14,0.7368421052631579
2024-25,2025-05-25,Wolverhampton Wanderers,AWAY,yellow_cards,1.5,19,14,0.7368421052631579
2024-25,2025-05-25,Wolverhampton Wanderers,AWAY,yellow_cards,2.5,19,7,0.3684210526315789
2024-25,2025-05-25,Wolverhampton Wanderers,AWAY,yellow_cards,3.5,19,3,0.15789473684210525
2024-25,2025-05-25,Wolverhampton Wanderers,AWAY,yellow_cards,4.5,19,1,0.05263157894736842
2025-26,2026-05-24,Arsenal,ALL,fouls_committed,8.5,38,24,0.631578947368421
2025-26,2026-05-24,Arsenal,ALL,fouls_committed,9.5,38,23,0.6052631578947368
2025-26,2026-05-24,Arsenal,ALL,fouls_committed,10.5,38,21,0.5526315789473685
2025-26,2026-05-24,Arsenal,ALL,fouls_committed,11.5,38,13,0.34210526315789475
2025-26,2026-05-24,Arsenal,ALL,fouls_committed,12.5,38,8,0.21052631578947367
2025-26,2026-05-24,Arsenal,ALL,fouls_committed,13.5,38,4,0.10526315789473684
2025-26,2026-05-24,Arsenal,ALL,fouls_committed,14.5,38,2,0.05263157894736842
2025-26,2026-05-24,Arsenal,ALL,fouls_committed,15.5,38,2,0.05263157894736842
2025-26,2026-05-24,Arsenal,ALL,fouls_suffered,8.5,38,31,0.8157894736842105
2025-26,2026-05-24,Arsenal,ALL,fouls_suffered,9.5,38,26,0.6842105263157895
2025-26,2026-05-24,Arsenal,ALL,fouls_suffered,10.5,38,20,0.5263157894736842
2025-26,2026-05-24,Arsenal,ALL,fouls_suffered,11.5,38,16,0.42105263157894735
2025-26,2026-05-24,Arsenal,ALL,fouls_suffered,12.5,38,12,0.3157894736842105
2025-26,2026-05-24,Arsenal,ALL,fouls_suffered,13.5,38,9,0.23684210526315788
2025-26,2026-05-24,Arsenal,ALL,fouls_suffered,14.5,38,5,0.13157894736842105
2025-26,2026-05-24,Arsenal,ALL,fouls_suffered,15.5,38,3,0.07894736842105263
2025-26,2026-05-24,Arsenal,ALL,corners_for,2.5,38,36,0.9473684210526315
2025-26,2026-05-24,Arsenal,ALL,corners_for,3.5,38,26,0.6842105263157895
2025-26,2026-05-24,Arsenal,ALL,corners_for,4.5,38,20,0.5263157894736842
2025-26,2026-05-24,Arsenal,ALL,corners_for,5.5,38,15,0.39473684210526316
2025-26,2026-05-24,Arsenal,ALL,corners_for,6.5,38,14,0.3684210526315789
2025-26,2026-05-24,Arsenal,ALL,corners_for,7.5,38,12,0.3157894736842105
2025-26,2026-05-24,Arsenal,ALL,corners_against,2.5,38,23,0.6052631578947368
2025-26,2026-05-24,Arsenal,ALL,corners_against,3.5,38,13,0.34210526315789475
2025-26,2026-05-24,Arsenal,ALL,corners_against,4.5,38,7,0.18421052631578946
2025-26,2026-05-24,Arsenal,ALL,corners_against,5.5,38,7,0.18421052631578946
2025-26,2026-05-24,Arsenal,ALL,corners_against,6.5,38,5,0.13157894736842105
2025-26,2026-05-24,Arsenal,ALL,corners_against,7.5,38,3,0.07894736842105263
2025-26,2026-05-24,Arsenal,ALL,yellow_cards,0.5,38,30,0.7894736842105263
2025-26,2026-05-24,Arsenal,ALL,yellow_cards,1.5,38,13,0.34210526315789475
2025-26,2026-05-24,Arsenal,ALL,yellow_cards,2.5,38,3,0.07894736842105263
2025-26,2026-05-24,Arsenal,ALL,yellow_cards,3.5,38,3,0.07894736842105263
2025-26,2026-05-24,Arsenal,ALL,yellow_cards,4.5,38,1,0.02631578947368421
2025-26,2026-05-24,Arsenal,HOME,fouls_committed,8.5,19,11,0.5789473684210527
2025-26,2026-05-24,Arsenal,HOME,fouls_committed,9.5,19,11,0.5789473684210527
2025-26,2026-05-24,Arsenal,HOME,fouls_committed,10.5,19,10,0.5263157894736842
2025-26,2026-05-24,Arsenal,HOME,fouls_committed,11.5,19,4,0.21052631578947367
2025-26,2026-05-24,Arsenal,HOME,fouls_committed,12.5,19,3,0.15789473684210525
2025-26,2026-05-24,Arsenal,HOME,fouls_committed,13.5,19,2,0.10526315789473684
2025-26,2026-05-24,Arsenal,HOME,fouls_committed,14.5,19,1,0.05263157894736842
2025-26,2026-05-24,Arsenal,HOME,fouls_committed,15.5,19,1,0.05263157894736842
2025-26,2026-05-24,Arsenal,HOME,fouls_suffered,8.5,19,18,0.9473684210526315
2025-26,2026-05-24,Arsenal,HOME,fouls_suffered,9.5,19,14,0.7368421052631579
2025-26,2026-05-24,Arsenal,HOME,fouls_suffered,10.5,19,12,0.631578947368421
2025-26,2026-05-24,Arsenal,HOME,fouls_suffered,11.5,19,9,0.47368421052631576
2025-26,2026-05-24,Arsenal,HOME,fouls_suffered,12.5,19,7,0.3684210526315789
2025-26,2026-05-24,Arsenal,HOME,fouls_suffered,13.5,19,6,0.3157894736842105
2025-26,2026-05-24,Arsenal,HOME,fouls_suffered,14.5,19,4,0.21052631578947367
2025-26,2026-05-24,Arsenal,HOME,fouls_suffered,15.5,19,2,0.10526315789473684
2025-26,2026-05-24,Arsenal,HOME,corners_for,2.5,19,18,0.9473684210526315
2025-26,2026-05-24,Arsenal,HOME,corners_for,3.5,19,14,0.7368421052631579
2025-26,2026-05-24,Arsenal,HOME,corners_for,4.5,19,11,0.5789473684210527
2025-26,2026-05-24,Arsenal,HOME,corners_for,5.5,19,9,0.47368421052631576
2025-26,2026-05-24,Arsenal,HOME,corners_for,6.5,19,9,0.47368421052631576
2025-26,2026-05-24,Arsenal,HOME,corners_for,7.5,19,7,0.3684210526315789
2025-26,2026-05-24,Arsenal,HOME,corners_against,2.5,19,9,0.47368421052631576
2025-26,2026-05-24,Arsenal,HOME,corners_against,3.5,19,4,0.21052631578947367
2025-26,2026-05-24,Arsenal,HOME,corners_against,4.5,19,2,0.10526315789473684
2025-26,2026-05-24,Arsenal,HOME,corners_against,5.5,19,2,0.10526315789473684
2025-26,2026-05-24,Arsenal,HOME,corners_against,6.5,19,2,0.10526315789473684
2025-26,2026-05-24,Arsenal,HOME,corners_against,7.5,19,2,0.10526315789473684
2025-26,2026-05-24,Arsenal,HOME,yellow_cards,0.5,19,12,0.631578947368421
2025-26,2026-05-24,Arsenal,HOME,yellow_cards,1.5,19,5,0.2631578947368421
2025-26,2026-05-24,Arsenal,HOME,yellow_cards,2.5,19,0,0.0
2025-26,2026-05-24,Arsenal,HOME,yellow_cards,3.5,19,0,0.0
2025-26,2026-05-24,Arsenal,HOME,yellow_cards,4.5,19,0,0.0
2025-26,2026-05-24,Arsenal,AWAY,fouls_committed,8.5,19,13,0.6842105263157895
2025-26,2026-05-24,Arsenal,AWAY,fouls_committed,9.5,19,12,0.631578947368421
2025-26,2026-05-24,Arsenal,AWAY,fouls_committed,10.5,19,11,0.5789473684210527
2025-26,2026-05-24,Arsenal,AWAY,fouls_committed,11.5,19,9,0.47368421052631576
2025-26,2026-05-24,Arsenal,AWAY,fouls_committed,12.5,19,5,0.2631578947368421
2025-26,2026-05-24,Arsenal,AWAY,fouls_committed,13.5,19,2,0.10526315789473684
2025-26,2026-05-24,Arsenal,AWAY,fouls_committed,14.5,19,1,0.05263157894736842
2025-26,2026-05-24,Arsenal,AWAY,fouls_committed,15.5,19,1,0.05263157894736842
2025-26,2026-05-24,Arsenal,AWAY,fouls_suffered,8.5,19,13,0.6842105263157895
2025-26,2026-05-24,Arsenal,AWAY,fouls_suffered,9.5,19,12,0.631578947368421
2025-26,2026-05-24,Arsenal,AWAY,fouls_suffered,10.5,19,8,0.42105263157894735
2025-26,2026-05-24,Arsenal,AWAY,fouls_suffered,11.5,19,7,0.3684210526315789
2025-26,2026-05-24,Arsenal,AWAY,fouls_suffered,12.5,19,5,0.2631578947368421
2025-26,2026-05-24,Arsenal,AWAY,fouls_suffered,13.5,19,3,0.15789473684210525
2025-26,2026-05-24,Arsenal,AWAY,fouls_suffered,14.5,19,1,0.05263157894736842
2025-26,2026-05-24,Arsenal,AWAY,fouls_suffered,15.5,19,1,0.05263157894736842
2025-26,2026-05-24,Arsenal,AWAY,corners_for,2.5,19,18,0.9473684210526315
2025-26,2026-05-24,Arsenal,AWAY,corners_for,3.5,19,12,0.631578947368421
2025-26,2026-05-24,Arsenal,AWAY,corners_for,4.5,19,9,0.47368421052631576
2025-26,2026-05-24,Arsenal,AWAY,corners_for,5.5,19,6,0.3157894736842105
2025-26,2026-05-24,Arsenal,AWAY,corners_for,6.5,19,5,0.2631578947368421
2025-26,2026-05-24,Arsenal,AWAY,corners_for,7.5,19,5,0.2631578947368421
2025-26,2026-05-24,Arsenal,AWAY,corners_against,2.5,19,14,0.7368421052631579
2025-26,2026-05-24,Arsenal,AWAY,corners_against,3.5,19,9,0.47368421052631576
2025-26,2026-05-24,Arsenal,AWAY,corners_against,4.5,19,5,0.2631578947368421
2025-26,2026-05-24,Arsenal,AWAY,corners_against,5.5,19,5,0.2631578947368421
2025-26,2026-05-24,Arsenal,AWAY,corners_against,6.5,19,3,0.15789473684210525
2025-26,2026-05-24,Arsenal,AWAY,corners_against,7.5,19,1,0.05263157894736842
2025-26,2026-05-24,Arsenal,AWAY,yellow_cards,0.5,19,18,0.9473684210526315
2025-26,2026-05-24,Arsenal,AWAY,yellow_cards,1.5,19,8,0.42105263157894735
2025-26,2026-05-24,Arsenal,AWAY,yellow_cards,2.5,19,3,0.15789473684210525
2025-26,2026-05-24,Arsenal,AWAY,yellow_cards,3.5,19,3,0.15789473684210525
2025-26,2026-05-24,Arsenal,AWAY,yellow_cards,4.5,19,1,0.05263157894736842
2025-26,2026-05-24,Aston Villa,ALL,fouls_committed,8.5,38,26,0.6842105263157895
2025-26,2026-05-24,Aston Villa,ALL,fouls_committed,9.5,38,21,0.5526315789473685
2025-26,2026-05-24,Aston Villa,ALL,fouls_committed,10.5,38,16,0.42105263157894735
2025-26,2026-05-24,Aston Villa,ALL,fouls_committed,11.5,38,11,0.2894736842105263
2025-26,2026-05-24,Aston Villa,ALL,fouls_committed,12.5,38,7,0.18421052631578946
2025-26,2026-05-24,Aston Villa,ALL,fouls_committed,13.5,38,4,0.10526315789473684
2025-26,2026-05-24,Aston Villa,ALL,fouls_committed,14.5,38,4,0.10526315789473684
2025-26,2026-05-24,Aston Villa,ALL,fouls_committed,15.5,38,2,0.05263157894736842
2025-26,2026-05-24,Aston Villa,ALL,fouls_suffered,8.5,38,31,0.8157894736842105
2025-26,2026-05-24,Aston Villa,ALL,fouls_suffered,9.5,38,29,0.7631578947368421
2025-26,2026-05-24,Aston Villa,ALL,fouls_suffered,10.5,38,27,0.7105263157894737
2025-26,2026-05-24,Aston Villa,ALL,fouls_suffered,11.5,38,23,0.6052631578947368
2025-26,2026-05-24,Aston Villa,ALL,fouls_suffered,12.5,38,22,0.5789473684210527
2025-26,2026-05-24,Aston Villa,ALL,fouls_suffered,13.5,38,18,0.47368421052631576
2025-26,2026-05-24,Aston Villa,ALL,fouls_suffered,14.5,38,14,0.3684210526315789
2025-26,2026-05-24,Aston Villa,ALL,fouls_suffered,15.5,38,11,0.2894736842105263
2025-26,2026-05-24,Aston Villa,ALL,corners_for,2.5,38,37,0.9736842105263158
2025-26,2026-05-24,Aston Villa,ALL,corners_for,3.5,38,29,0.7631578947368421
2025-26,2026-05-24,Aston Villa,ALL,corners_for,4.5,38,23,0.6052631578947368
2025-26,2026-05-24,Aston Villa,ALL,corners_for,5.5,38,15,0.39473684210526316
2025-26,2026-05-24,Aston Villa,ALL,corners_for,6.5,38,8,0.21052631578947367
2025-26,2026-05-24,Aston Villa,ALL,corners_for,7.5,38,4,0.10526315789473684
2025-26,2026-05-24,Aston Villa,ALL,corners_against,2.5,38,30,0.7894736842105263
2025-26,2026-05-24,Aston Villa,ALL,corners_against,3.5,38,25,0.6578947368421053
2025-26,2026-05-24,Aston Villa,ALL,corners_against,4.5,38,22,0.5789473684210527
2025-26,2026-05-24,Aston Villa,ALL,corners_against,5.5,38,16,0.42105263157894735
2025-26,2026-05-24,Aston Villa,ALL,corners_against,6.5,38,8,0.21052631578947367
2025-26,2026-05-24,Aston Villa,ALL,corners_against,7.5,38,7,0.18421052631578946
2025-26,2026-05-24,Aston Villa,ALL,yellow_cards,0.5,38,31,0.8157894736842105
2025-26,2026-05-24,Aston Villa,ALL,yellow_cards,1.5,38,19,0.5
2025-26,2026-05-24,Aston Villa,ALL,yellow_cards,2.5,38,8,0.21052631578947367
2025-26,2026-05-24,Aston Villa,ALL,yellow_cards,3.5,38,0,0.0
2025-26,2026-05-24,Aston Villa,ALL,yellow_cards,4.5,38,0,0.0
2025-26,2026-05-24,Aston Villa,HOME,fouls_committed,8.5,19,14,0.7368421052631579
2025-26,2026-05-24,Aston Villa,HOME,fouls_committed,9.5,19,12,0.631578947368421
2025-26,2026-05-24,Aston Villa,HOME,fouls_committed,10.5,19,8,0.42105263157894735
2025-26,2026-05-24,Aston Villa,HOME,fouls_committed,11.5,19,5,0.2631578947368421
2025-26,2026-05-24,Aston Villa,HOME,fouls_committed,12.5,19,3,0.15789473684210525
2025-26,2026-05-24,Aston Villa,HOME,fouls_committed,13.5,19,1,0.05263157894736842
2025-26,2026-05-24,Aston Villa,HOME,fouls_committed,14.5,19,1,0.05263157894736842
2025-26,2026-05-24,Aston Villa,HOME,fouls_committed,15.5,19,0,0.0
2025-26,2026-05-24,Aston Villa,HOME,fouls_suffered,8.5,19,16,0.8421052631578947
2025-26,2026-05-24,Aston Villa,HOME,fouls_suffered,9.5,19,14,0.7368421052631579
2025-26,2026-05-24,Aston Villa,HOME,fouls_suffered,10.5,19,14,0.7368421052631579
2025-26,2026-05-24,Aston Villa,HOME,fouls_suffered,11.5,19,12,0.631578947368421
2025-26,2026-05-24,Aston Villa,HOME,fouls_suffered,12.5,19,11,0.5789473684210527
2025-26,2026-05-24,Aston Villa,HOME,fouls_suffered,13.5,19,9,0.47368421052631576
2025-26,2026-05-24,Aston Villa,HOME,fouls_suffered,14.5,19,7,0.3684210526315789
2025-26,2026-05-24,Aston Villa,HOME,fouls_suffered,15.5,19,5,0.2631578947368421
2025-26,2026-05-24,Aston Villa,HOME,corners_for,2.5,19,18,0.9473684210526315
2025-26,2026-05-24,Aston Villa,HOME,corners_for,3.5,19,15,0.7894736842105263
2025-26,2026-05-24,Aston Villa,HOME,corners_for,4.5,19,12,0.631578947368421
2025-26,2026-05-24,Aston Villa,HOME,corners_for,5.5,19,9,0.47368421052631576
2025-26,2026-05-24,Aston Villa,HOME,corners_for,6.5,19,5,0.2631578947368421
2025-26,2026-05-24,Aston Villa,HOME,corners_for,7.5,19,2,0.10526315789473684
2025-26,2026-05-24,Aston Villa,HOME,corners_against,2.5,19,16,0.8421052631578947
2025-26,2026-05-24,Aston Villa,HOME,corners_against,3.5,19,14,0.7368421052631579
2025-26,2026-05-24,Aston Villa,HOME,corners_against,4.5,19,11,0.5789473684210527
2025-26,2026-05-24,Aston Villa,HOME,corners_against,5.5,19,7,0.3684210526315789
2025-26,2026-05-24,Aston Villa,HOME,corners_against,6.5,19,4,0.21052631578947367
2025-26,2026-05-24,Aston Villa,HOME,corners_against,7.5,19,4,0.21052631578947367
2025-26,2026-05-24,Aston Villa,HOME,yellow_cards,0.5,19,15,0.7894736842105263
2025-26,2026-05-24,Aston Villa,HOME,yellow_cards,1.5,19,7,0.3684210526315789
2025-26,2026-05-24,Aston Villa,HOME,yellow_cards,2.5,19,3,0.15789473684210525
2025-26,2026-05-24,Aston Villa,HOME,yellow_cards,3.5,19,0,0.0
2025-26,2026-05-24,Aston Villa,HOME,yellow_cards,4.5,19,0,0.0
2025-26,2026-05-24,Aston Villa,AWAY,fouls_committed,8.5,19,12,0.631578947368421
2025-26,2026-05-24,Aston Villa,AWAY,fouls_committed,9.5,19,9,0.47368421052631576
2025-26,2026-05-24,Aston Villa,AWAY,fouls_committed,10.5,19,8,0.42105263157894735
2025-26,2026-05-24,Aston Villa,AWAY,fouls_committed,11.5,19,6,0.3157894736842105
2025-26,2026-05-24,Aston Villa,AWAY,fouls_committed,12.5,19,4,0.21052631578947367
2025-26,2026-05-24,Aston Villa,AWAY,fouls_committed,13.5,19,3,0.15789473684210525
2025-26,2026-05-24,Aston Villa,AWAY,fouls_committed,14.5,19,3,0.15789473684210525
2025-26,2026-05-24,Aston Villa,AWAY,fouls_committed,15.5,19,2,0.10526315789473684
2025-26,2026-05-24,Aston Villa,AWAY,fouls_suffered,8.5,19,15,0.7894736842105263
2025-26,2026-05-24,Aston Villa,AWAY,fouls_suffered,9.5,19,15,0.7894736842105263
2025-26,2026-05-24,Aston Villa,AWAY,fouls_suffered,10.5,19,13,0.6842105263157895
2025-26,2026-05-24,Aston Villa,AWAY,fouls_suffered,11.5,19,11,0.5789473684210527
2025-26,2026-05-24,Aston Villa,AWAY,fouls_suffered,12.5,19,11,0.5789473684210527
2025-26,2026-05-24,Aston Villa,AWAY,fouls_suffered,13.5,19,9,0.47368421052631576
2025-26,2026-05-24,Aston Villa,AWAY,fouls_suffered,14.5,19,7,0.3684210526315789
2025-26,2026-05-24,Aston Villa,AWAY,fouls_suffered,15.5,19,6,0.3157894736842105
2025-26,2026-05-24,Aston Villa,AWAY,corners_for,2.5,19,19,1.0
2025-26,2026-05-24,Aston Villa,AWAY,corners_for,3.5,19,14,0.7368421052631579
2025-26,2026-05-24,Aston Villa,AWAY,corners_for,4.5,19,11,0.5789473684210527
2025-26,2026-05-24,Aston Villa,AWAY,corners_for,5.5,19,6,0.3157894736842105
2025-26,2026-05-24,Aston Villa,AWAY,corners_for,6.5,19,3,0.15789473684210525
2025-26,2026-05-24,Aston Villa,AWAY,corners_for,7.5,19,2,0.10526315789473684
2025-26,2026-05-24,Aston Villa,AWAY,corners_against,2.5,19,14,0.7368421052631579
2025-26,2026-05-24,Aston Villa,AWAY,corners_against,3.5,19,11,0.5789473684210527
2025-26,2026-05-24,Aston Villa,AWAY,corners_against,4.5,19,11,0.5789473684210527
2025-26,2026-05-24,Aston Villa,AWAY,corners_against,5.5,19,9,0.47368421052631576
2025-26,2026-05-24,Aston Villa,AWAY,corners_against,6.5,19,4,0.21052631578947367
2025-26,2026-05-24,Aston Villa,AWAY,corners_against,7.5,19,3,0.15789473684210525
2025-26,2026-05-24,Aston Villa,AWAY,yellow_cards,0.5,19,16,0.8421052631578947
2025-26,2026-05-24,Aston Villa,AWAY,yellow_cards,1.5,19,12,0.631578947368421
2025-26,2026-05-24,Aston Villa,AWAY,yellow_cards,2.5,19,5,0.2631578947368421
2025-26,2026-05-24,Aston Villa,AWAY,yellow_cards,3.5,19,0,0.0
2025-26,2026-05-24,Aston Villa,AWAY,yellow_cards,4.5,19,0,0.0
2025-26,2026-05-24,Bournemouth,ALL,fouls_committed,8.5,38,29,0.7631578947368421
2025-26,2026-05-24,Bournemouth,ALL,fouls_committed,9.5,38,27,0.7105263157894737
2025-26,2026-05-24,Bournemouth,ALL,fouls_committed,10.5,38,24,0.631578947368421
2025-26,2026-05-24,Bournemouth,ALL,fouls_committed,11.5,38,21,0.5526315789473685
2025-26,2026-05-24,Bournemouth,ALL,fouls_committed,12.5,38,18,0.47368421052631576
2025-26,2026-05-24,Bournemouth,ALL,fouls_committed,13.5,38,13,0.34210526315789475
2025-26,2026-05-24,Bournemouth,ALL,fouls_committed,14.5,38,12,0.3157894736842105
2025-26,2026-05-24,Bournemouth,ALL,fouls_committed,15.5,38,8,0.21052631578947367
2025-26,2026-05-24,Bournemouth,ALL,fouls_suffered,8.5,38,28,0.7368421052631579
2025-26,2026-05-24,Bournemouth,ALL,fouls_suffered,9.5,38,26,0.6842105263157895
2025-26,2026-05-24,Bournemouth,ALL,fouls_suffered,10.5,38,18,0.47368421052631576
2025-26,2026-05-24,Bournemouth,ALL,fouls_suffered,11.5,38,11,0.2894736842105263
2025-26,2026-05-24,Bournemouth,ALL,fouls_suffered,12.5,38,7,0.18421052631578946
2025-26,2026-05-24,Bournemouth,ALL,fouls_suffered,13.5,38,6,0.15789473684210525
2025-26,2026-05-24,Bournemouth,ALL,fouls_suffered,14.5,38,3,0.07894736842105263
2025-26,2026-05-24,Bournemouth,ALL,fouls_suffered,15.5,38,2,0.05263157894736842
2025-26,2026-05-24,Bournemouth,ALL,corners_for,2.5,38,34,0.8947368421052632
2025-26,2026-05-24,Bournemouth,ALL,corners_for,3.5,38,28,0.7368421052631579
2025-26,2026-05-24,Bournemouth,ALL,corners_for,4.5,38,22,0.5789473684210527
2025-26,2026-05-24,Bournemouth,ALL,corners_for,5.5,38,17,0.4473684210526316
2025-26,2026-05-24,Bournemouth,ALL,corners_for,6.5,38,13,0.34210526315789475
2025-26,2026-05-24,Bournemouth,ALL,corners_for,7.5,38,8,0.21052631578947367
2025-26,2026-05-24,Bournemouth,ALL,corners_against,2.5,38,30,0.7894736842105263
2025-26,2026-05-24,Bournemouth,ALL,corners_against,3.5,38,25,0.6578947368421053
2025-26,2026-05-24,Bournemouth,ALL,corners_against,4.5,38,22,0.5789473684210527
2025-26,2026-05-24,Bournemouth,ALL,corners_against,5.5,38,18,0.47368421052631576
2025-26,2026-05-24,Bournemouth,ALL,corners_against,6.5,38,11,0.2894736842105263
2025-26,2026-05-24,Bournemouth,ALL,corners_against,7.5,38,8,0.21052631578947367
2025-26,2026-05-24,Bournemouth,ALL,yellow_cards,0.5,38,34,0.8947368421052632
2025-26,2026-05-24,Bournemouth,ALL,yellow_cards,1.5,38,28,0.7368421052631579
2025-26,2026-05-24,Bournemouth,ALL,yellow_cards,2.5,38,18,0.47368421052631576
2025-26,2026-05-24,Bournemouth,ALL,yellow_cards,3.5,38,7,0.18421052631578946
2025-26,2026-05-24,Bournemouth,ALL,yellow_cards,4.5,38,1,0.02631578947368421
2025-26,2026-05-24,Bournemouth,HOME,fouls_committed,8.5,19,14,0.7368421052631579
2025-26,2026-05-24,Bournemouth,HOME,fouls_committed,9.5,19,12,0.631578947368421
2025-26,2026-05-24,Bournemouth,HOME,fouls_committed,10.5,19,10,0.5263157894736842
2025-26,2026-05-24,Bournemouth,HOME,fouls_committed,11.5,19,9,0.47368421052631576
2025-26,2026-05-24,Bournemouth,HOME,fouls_committed,12.5,19,9,0.47368421052631576
2025-26,2026-05-24,Bournemouth,HOME,fouls_committed,13.5,19,7,0.3684210526315789
2025-26,2026-05-24,Bournemouth,HOME,fouls_committed,14.5,19,6,0.3157894736842105
2025-26,2026-05-24,Bournemouth,HOME,fouls_committed,15.5,19,4,0.21052631578947367
2025-26,2026-05-24,Bournemouth,HOME,fouls_suffered,8.5,19,15,0.7894736842105263
2025-26,2026-05-24,Bournemouth,HOME,fouls_suffered,9.5,19,14,0.7368421052631579
2025-26,2026-05-24,Bournemouth,HOME,fouls_suffered,10.5,19,7,0.3684210526315789
2025-26,2026-05-24,Bournemouth,HOME,fouls_suffered,11.5,19,4,0.21052631578947367
2025-26,2026-05-24,Bournemouth,HOME,fouls_suffered,12.5,19,3,0.15789473684210525
2025-26,2026-05-24,Bournemouth,HOME,fouls_suffered,13.5,19,2,0.10526315789473684
2025-26,2026-05-24,Bournemouth,HOME,fouls_suffered,14.5,19,1,0.05263157894736842
2025-26,2026-05-24,Bournemouth,HOME,fouls_suffered,15.5,19,1,0.05263157894736842
2025-26,2026-05-24,Bournemouth,HOME,corners_for,2.5,19,18,0.9473684210526315
2025-26,2026-05-24,Bournemouth,HOME,corners_for,3.5,19,16,0.8421052631578947
2025-26,2026-05-24,Bournemouth,HOME,corners_for,4.5,19,13,0.6842105263157895
2025-26,2026-05-24,Bournemouth,HOME,corners_for,5.5,19,10,0.5263157894736842
2025-26,2026-05-24,Bournemouth,HOME,corners_for,6.5,19,8,0.42105263157894735
2025-26,2026-05-24,Bournemouth,HOME,corners_for,7.5,19,4,0.21052631578947367
2025-26,2026-05-24,Bournemouth,HOME,corners_against,2.5,19,14,0.7368421052631579
2025-26,2026-05-24,Bournemouth,HOME,corners_against,3.5,19,9,0.47368421052631576
2025-26,2026-05-24,Bournemouth,HOME,corners_against,4.5,19,6,0.3157894736842105
2025-26,2026-05-24,Bournemouth,HOME,corners_against,5.5,19,5,0.2631578947368421
2025-26,2026-05-24,Bournemouth,HOME,corners_against,6.5,19,3,0.15789473684210525
2025-26,2026-05-24,Bournemouth,HOME,corners_against,7.5,19,2,0.10526315789473684
2025-26,2026-05-24,Bournemouth,HOME,yellow_cards,0.5,19,16,0.8421052631578947
2025-26,2026-05-24,Bournemouth,HOME,yellow_cards,1.5,19,13,0.6842105263157895
2025-26,2026-05-24,Bournemouth,HOME,yellow_cards,2.5,19,9,0.47368421052631576
2025-26,2026-05-24,Bournemouth,HOME,yellow_cards,3.5,19,3,0.15789473684210525
2025-26,2026-05-24,Bournemouth,HOME,yellow_cards,4.5,19,0,0.0
2025-26,2026-05-24,Bournemouth,AWAY,fouls_committed,8.5,19,15,0.7894736842105263
2025-26,2026-05-24,Bournemouth,AWAY,fouls_committed,9.5,19,15,0.7894736842105263
2025-26,2026-05-24,Bournemouth,AWAY,fouls_committed,10.5,19,14,0.7368421052631579
2025-26,2026-05-24,Bournemouth,AWAY,fouls_committed,11.5,19,12,0.631578947368421
2025-26,2026-05-24,Bournemouth,AWAY,fouls_committed,12.5,19,9,0.47368421052631576
2025-26,2026-05-24,Bournemouth,AWAY,fouls_committed,13.5,19,6,0.3157894736842105
2025-26,2026-05-24,Bournemouth,AWAY,fouls_committed,14.5,19,6,0.3157894736842105
2025-26,2026-05-24,Bournemouth,AWAY,fouls_committed,15.5,19,4,0.21052631578947367
2025-26,2026-05-24,Bournemouth,AWAY,fouls_suffered,8.5,19,13,0.6842105263157895
2025-26,2026-05-24,Bournemouth,AWAY,fouls_suffered,9.5,19,12,0.631578947368421
2025-26,2026-05-24,Bournemouth,AWAY,fouls_suffered,10.5,19,11,0.5789473684210527
2025-26,2026-05-24,Bournemouth,AWAY,fouls_suffered,11.5,19,7,0.3684210526315789
2025-26,2026-05-24,Bournemouth,AWAY,fouls_suffered,12.5,19,4,0.21052631578947367
2025-26,2026-05-24,Bournemouth,AWAY,fouls_suffered,13.5,19,4,0.21052631578947367
2025-26,2026-05-24,Bournemouth,AWAY,fouls_suffered,14.5,19,2,0.10526315789473684
2025-26,2026-05-24,Bournemouth,AWAY,fouls_suffered,15.5,19,1,0.05263157894736842
2025-26,2026-05-24,Bournemouth,AWAY,corners_for,2.5,19,16,0.8421052631578947
2025-26,2026-05-24,Bournemouth,AWAY,corners_for,3.5,19,12,0.631578947368421
2025-26,2026-05-24,Bournemouth,AWAY,corners_for,4.5,19,9,0.47368421052631576
2025-26,2026-05-24,Bournemouth,AWAY,corners_for,5.5,19,7,0.3684210526315789
2025-26,2026-05-24,Bournemouth,AWAY,corners_for,6.5,19,5,0.2631578947368421
2025-26,2026-05-24,Bournemouth,AWAY,corners_for,7.5,19,4,0.21052631578947367
2025-26,2026-05-24,Bournemouth,AWAY,corners_against,2.5,19,16,0.8421052631578947
2025-26,2026-05-24,Bournemouth,AWAY,corners_against,3.5,19,16,0.8421052631578947
2025-26,2026-05-24,Bournemouth,AWAY,corners_against,4.5,19,16,0.8421052631578947
2025-26,2026-05-24,Bournemouth,AWAY,corners_against,5.5,19,13,0.6842105263157895
2025-26,2026-05-24,Bournemouth,AWAY,corners_against,6.5,19,8,0.42105263157894735
2025-26,2026-05-24,Bournemouth,AWAY,corners_against,7.5,19,6,0.3157894736842105
2025-26,2026-05-24,Bournemouth,AWAY,yellow_cards,0.5,19,18,0.9473684210526315
2025-26,2026-05-24,Bournemouth,AWAY,yellow_cards,1.5,19,15,0.7894736842105263
2025-26,2026-05-24,Bournemouth,AWAY,yellow_cards,2.5,19,9,0.47368421052631576
2025-26,2026-05-24,Bournemouth,AWAY,yellow_cards,3.5,19,4,0.21052631578947367
2025-26,2026-05-24,Bournemouth,AWAY,yellow_cards,4.5,19,1,0.05263157894736842
2025-26,2026-05-24,Brentford,ALL,fouls_committed,8.5,38,28,0.7368421052631579
2025-26,2026-05-24,Brentford,ALL,fouls_committed,9.5,38,19,0.5
2025-26,2026-05-24,Brentford,ALL,fouls_committed,10.5,38,14,0.3684210526315789
2025-26,2026-05-24,Brentford,ALL,fouls_committed,11.5,38,11,0.2894736842105263
2025-26,2026-05-24,Brentford,ALL,fouls_committed,12.5,38,8,0.21052631578947367
2025-26,2026-05-24,Brentford,ALL,fouls_committed,13.5,38,5,0.13157894736842105
2025-26,2026-05-24,Brentford,ALL,fouls_committed,14.5,38,3,0.07894736842105263
2025-26,2026-05-24,Brentford,ALL,fouls_committed,15.5,38,1,0.02631578947368421
2025-26,2026-05-24,Brentford,ALL,fouls_suffered,8.5,38,24,0.631578947368421
2025-26,2026-05-24,Brentford,ALL,fouls_suffered,9.5,38,17,0.4473684210526316
2025-26,2026-05-24,Brentford,ALL,fouls_suffered,10.5,38,10,0.2631578947368421
2025-26,2026-05-24,Brentford,ALL,fouls_suffered,11.5,38,7,0.18421052631578946
2025-26,2026-05-24,Brentford,ALL,fouls_suffered,12.5,38,5,0.13157894736842105
2025-26,2026-05-24,Brentford,ALL,fouls_suffered,13.5,38,2,0.05263157894736842
2025-26,2026-05-24,Brentford,ALL,fouls_suffered,14.5,38,0,0.0
2025-26,2026-05-24,Brentford,ALL,fouls_suffered,15.5,38,0,0.0
2025-26,2026-05-24,Brentford,ALL,corners_for,2.5,38,28,0.7368421052631579
2025-26,2026-05-24,Brentford,ALL,corners_for,3.5,38,24,0.631578947368421
2025-26,2026-05-24,Brentford,ALL,corners_for,4.5,38,20,0.5263157894736842
2025-26,2026-05-24,Brentford,ALL,corners_for,5.5,38,14,0.3684210526315789
2025-26,2026-05-24,Brentford,ALL,corners_for,6.5,38,9,0.23684210526315788
2025-26,2026-05-24,Brentford,ALL,corners_for,7.5,38,8,0.21052631578947367
2025-26,2026-05-24,Brentford,ALL,corners_against,2.5,38,33,0.868421052631579
2025-26,2026-05-24,Brentford,ALL,corners_against,3.5,38,27,0.7105263157894737
2025-26,2026-05-24,Brentford,ALL,corners_against,4.5,38,18,0.47368421052631576
2025-26,2026-05-24,Brentford,ALL,corners_against,5.5,38,15,0.39473684210526316
2025-26,2026-05-24,Brentford,ALL,corners_against,6.5,38,9,0.23684210526315788
2025-26,2026-05-24,Brentford,ALL,corners_against,7.5,38,6,0.15789473684210525
2025-26,2026-05-24,Brentford,ALL,yellow_cards,0.5,38,33,0.868421052631579
2025-26,2026-05-24,Brentford,ALL,yellow_cards,1.5,38,23,0.6052631578947368
2025-26,2026-05-24,Brentford,ALL,yellow_cards,2.5,38,10,0.2631578947368421
2025-26,2026-05-24,Brentford,ALL,yellow_cards,3.5,38,3,0.07894736842105263
2025-26,2026-05-24,Brentford,ALL,yellow_cards,4.5,38,0,0.0
2025-26,2026-05-24,Brentford,HOME,fouls_committed,8.5,19,11,0.5789473684210527
2025-26,2026-05-24,Brentford,HOME,fouls_committed,9.5,19,9,0.47368421052631576
2025-26,2026-05-24,Brentford,HOME,fouls_committed,10.5,19,7,0.3684210526315789
2025-26,2026-05-24,Brentford,HOME,fouls_committed,11.5,19,5,0.2631578947368421
2025-26,2026-05-24,Brentford,HOME,fouls_committed,12.5,19,3,0.15789473684210525
2025-26,2026-05-24,Brentford,HOME,fouls_committed,13.5,19,1,0.05263157894736842
2025-26,2026-05-24,Brentford,HOME,fouls_committed,14.5,19,0,0.0
2025-26,2026-05-24,Brentford,HOME,fouls_committed,15.5,19,0,0.0
2025-26,2026-05-24,Brentford,HOME,fouls_suffered,8.5,19,14,0.7368421052631579
2025-26,2026-05-24,Brentford,HOME,fouls_suffered,9.5,19,11,0.5789473684210527
2025-26,2026-05-24,Brentford,HOME,fouls_suffered,10.5,19,6,0.3157894736842105
2025-26,2026-05-24,Brentford,HOME,fouls_suffered,11.5,19,5,0.2631578947368421
2025-26,2026-05-24,Brentford,HOME,fouls_suffered,12.5,19,4,0.21052631578947367
2025-26,2026-05-24,Brentford,HOME,fouls_suffered,13.5,19,1,0.05263157894736842
2025-26,2026-05-24,Brentford,HOME,fouls_suffered,14.5,19,0,0.0
2025-26,2026-05-24,Brentford,HOME,fouls_suffered,15.5,19,0,0.0
2025-26,2026-05-24,Brentford,HOME,corners_for,2.5,19,13,0.6842105263157895
2025-26,2026-05-24,Brentford,HOME,corners_for,3.5,19,11,0.5789473684210527
2025-26,2026-05-24,Brentford,HOME,corners_for,4.5,19,10,0.5263157894736842
2025-26,2026-05-24,Brentford,HOME,corners_for,5.5,19,7,0.3684210526315789
2025-26,2026-05-24,Brentford,HOME,corners_for,6.5,19,3,0.15789473684210525
2025-26,2026-05-24,Brentford,HOME,corners_for,7.5,19,2,0.10526315789473684
2025-26,2026-05-24,Brentford,HOME,corners_against,2.5,19,15,0.7894736842105263
2025-26,2026-05-24,Brentford,HOME,corners_against,3.5,19,12,0.631578947368421
2025-26,2026-05-24,Brentford,HOME,corners_against,4.5,19,7,0.3684210526315789
2025-26,2026-05-24,Brentford,HOME,corners_against,5.5,19,5,0.2631578947368421
2025-26,2026-05-24,Brentford,HOME,corners_against,6.5,19,2,0.10526315789473684
2025-26,2026-05-24,Brentford,HOME,corners_against,7.5,19,2,0.10526315789473684
2025-26,2026-05-24,Brentford,HOME,yellow_cards,0.5,19,15,0.7894736842105263
2025-26,2026-05-24,Brentford,HOME,yellow_cards,1.5,19,9,0.47368421052631576
2025-26,2026-05-24,Brentford,HOME,yellow_cards,2.5,19,4,0.21052631578947367
2025-26,2026-05-24,Brentford,HOME,yellow_cards,3.5,19,0,0.0
2025-26,2026-05-24,Brentford,HOME,yellow_cards,4.5,19,0,0.0
2025-26,2026-05-24,Brentford,AWAY,fouls_committed,8.5,19,17,0.8947368421052632
2025-26,2026-05-24,Brentford,AWAY,fouls_committed,9.5,19,10,0.5263157894736842
2025-26,2026-05-24,Brentford,AWAY,fouls_committed,10.5,19,7,0.3684210526315789
2025-26,2026-05-24,Brentford,AWAY,fouls_committed,11.5,19,6,0.3157894736842105
2025-26,2026-05-24,Brentford,AWAY,fouls_committed,12.5,19,5,0.2631578947368421
2025-26,2026-05-24,Brentford,AWAY,fouls_committed,13.5,19,4,0.21052631578947367
2025-26,2026-05-24,Brentford,AWAY,fouls_committed,14.5,19,3,0.15789473684210525
2025-26,2026-05-24,Brentford,AWAY,fouls_committed,15.5,19,1,0.05263157894736842
2025-26,2026-05-24,Brentford,AWAY,fouls_suffered,8.5,19,10,0.5263157894736842
2025-26,2026-05-24,Brentford,AWAY,fouls_suffered,9.5,19,6,0.3157894736842105
2025-26,2026-05-24,Brentford,AWAY,fouls_suffered,10.5,19,4,0.21052631578947367
2025-26,2026-05-24,Brentford,AWAY,fouls_suffered,11.5,19,2,0.10526315789473684
2025-26,2026-05-24,Brentford,AWAY,fouls_suffered,12.5,19,1,0.05263157894736842
2025-26,2026-05-24,Brentford,AWAY,fouls_suffered,13.5,19,1,0.05263157894736842
2025-26,2026-05-24,Brentford,AWAY,fouls_suffered,14.5,19,0,0.0
2025-26,2026-05-24,Brentford,AWAY,fouls_suffered,15.5,19,0,0.0
2025-26,2026-05-24,Brentford,AWAY,corners_for,2.5,19,15,0.7894736842105263
2025-26,2026-05-24,Brentford,AWAY,corners_for,3.5,19,13,0.6842105263157895
2025-26,2026-05-24,Brentford,AWAY,corners_for,4.5,19,10,0.5263157894736842
2025-26,2026-05-24,Brentford,AWAY,corners_for,5.5,19,7,0.3684210526315789
2025-26,2026-05-24,Brentford,AWAY,corners_for,6.5,19,6,0.3157894736842105
2025-26,2026-05-24,Brentford,AWAY,corners_for,7.5,19,6,0.3157894736842105
2025-26,2026-05-24,Brentford,AWAY,corners_against,2.5,19,18,0.9473684210526315
2025-26,2026-05-24,Brentford,AWAY,corners_against,3.5,19,15,0.7894736842105263
2025-26,2026-05-24,Brentford,AWAY,corners_against,4.5,19,11,0.5789473684210527
2025-26,2026-05-24,Brentford,AWAY,corners_against,5.5,19,10,0.5263157894736842
2025-26,2026-05-24,Brentford,AWAY,corners_against,6.5,19,7,0.3684210526315789
2025-26,2026-05-24,Brentford,AWAY,corners_against,7.5,19,4,0.21052631578947367
2025-26,2026-05-24,Brentford,AWAY,yellow_cards,0.5,19,18,0.9473684210526315
2025-26,2026-05-24,Brentford,AWAY,yellow_cards,1.5,19,14,0.7368421052631579
2025-26,2026-05-24,Brentford,AWAY,yellow_cards,2.5,19,6,0.3157894736842105
2025-26,2026-05-24,Brentford,AWAY,yellow_cards,3.5,19,3,0.15789473684210525
2025-26,2026-05-24,Brentford,AWAY,yellow_cards,4.5,19,0,0.0
2025-26,2026-05-24,Brighton & Hove Albion,ALL,fouls_committed,8.5,38,34,0.8947368421052632
2025-26,2026-05-24,Brighton & Hove Albion,ALL,fouls_committed,9.5,38,31,0.8157894736842105
2025-26,2026-05-24,Brighton & Hove Albion,ALL,fouls_committed,10.5,38,25,0.6578947368421053
2025-26,2026-05-24,Brighton & Hove Albion,ALL,fouls_committed,11.5,38,21,0.5526315789473685
2025-26,2026-05-24,Brighton & Hove Albion,ALL,fouls_committed,12.5,38,15,0.39473684210526316
2025-26,2026-05-24,Brighton & Hove Albion,ALL,fouls_committed,13.5,38,12,0.3157894736842105
2025-26,2026-05-24,Brighton & Hove Albion,ALL,fouls_committed,14.5,38,9,0.23684210526315788
2025-26,2026-05-24,Brighton & Hove Albion,ALL,fouls_committed,15.5,38,5,0.13157894736842105
2025-26,2026-05-24,Brighton & Hove Albion,ALL,fouls_suffered,8.5,38,26,0.6842105263157895
2025-26,2026-05-24,Brighton & Hove Albion,ALL,fouls_suffered,9.5,38,18,0.47368421052631576
2025-26,2026-05-24,Brighton & Hove Albion,ALL,fouls_suffered,10.5,38,15,0.39473684210526316
2025-26,2026-05-24,Brighton & Hove Albion,ALL,fouls_suffered,11.5,38,11,0.2894736842105263
2025-26,2026-05-24,Brighton & Hove Albion,ALL,fouls_suffered,12.5,38,10,0.2631578947368421
2025-26,2026-05-24,Brighton & Hove Albion,ALL,fouls_suffered,13.5,38,7,0.18421052631578946
2025-26,2026-05-24,Brighton & Hove Albion,ALL,fouls_suffered,14.5,38,4,0.10526315789473684
2025-26,2026-05-24,Brighton & Hove Albion,ALL,fouls_suffered,15.5,38,2,0.05263157894736842
2025-26,2026-05-24,Brighton & Hove Albion,ALL,corners_for,2.5,38,30,0.7894736842105263
2025-26,2026-05-24,Brighton & Hove Albion,ALL,corners_for,3.5,38,26,0.6842105263157895
2025-26,2026-05-24,Brighton & Hove Albion,ALL,corners_for,4.5,38,18,0.47368421052631576
2025-26,2026-05-24,Brighton & Hove Albion,ALL,corners_for,5.5,38,13,0.34210526315789475
2025-26,2026-05-24,Brighton & Hove Albion,ALL,corners_for,6.5,38,10,0.2631578947368421
2025-26,2026-05-24,Brighton & Hove Albion,ALL,corners_for,7.5,38,7,0.18421052631578946
2025-26,2026-05-24,Brighton & Hove Albion,ALL,corners_against,2.5,38,30,0.7894736842105263
2025-26,2026-05-24,Brighton & Hove Albion,ALL,corners_against,3.5,38,27,0.7105263157894737
2025-26,2026-05-24,Brighton & Hove Albion,ALL,corners_against,4.5,38,19,0.5
2025-26,2026-05-24,Brighton & Hove Albion,ALL,corners_against,5.5,38,16,0.42105263157894735
2025-26,2026-05-24,Brighton & Hove Albion,ALL,corners_against,6.5,38,10,0.2631578947368421
2025-26,2026-05-24,Brighton & Hove Albion,ALL,corners_against,7.5,38,4,0.10526315789473684
2025-26,2026-05-24,Brighton & Hove Albion,ALL,yellow_cards,0.5,38,33,0.868421052631579
2025-26,2026-05-24,Brighton & Hove Albion,ALL,yellow_cards,1.5,38,24,0.631578947368421
2025-26,2026-05-24,Brighton & Hove Albion,ALL,yellow_cards,2.5,38,15,0.39473684210526316
2025-26,2026-05-24,Brighton & Hove Albion,ALL,yellow_cards,3.5,38,9,0.23684210526315788
2025-26,2026-05-24,Brighton & Hove Albion,ALL,yellow_cards,4.5,38,4,0.10526315789473684
2025-26,2026-05-24,Brighton & Hove Albion,HOME,fouls_committed,8.5,19,17,0.8947368421052632
2025-26,2026-05-24,Brighton & Hove Albion,HOME,fouls_committed,9.5,19,15,0.7894736842105263
2025-26,2026-05-24,Brighton & Hove Albion,HOME,fouls_committed,10.5,19,11,0.5789473684210527
2025-26,2026-05-24,Brighton & Hove Albion,HOME,fouls_committed,11.5,19,8,0.42105263157894735
2025-26,2026-05-24,Brighton & Hove Albion,HOME,fouls_committed,12.5,19,5,0.2631578947368421
2025-26,2026-05-24,Brighton & Hove Albion,HOME,fouls_committed,13.5,19,4,0.21052631578947367
2025-26,2026-05-24,Brighton & Hove Albion,HOME,fouls_committed,14.5,19,3,0.15789473684210525
2025-26,2026-05-24,Brighton & Hove Albion,HOME,fouls_committed,15.5,19,2,0.10526315789473684
2025-26,2026-05-24,Brighton & Hove Albion,HOME,fouls_suffered,8.5,19,14,0.7368421052631579
2025-26,2026-05-24,Brighton & Hove Albion,HOME,fouls_suffered,9.5,19,10,0.5263157894736842
2025-26,2026-05-24,Brighton & Hove Albion,HOME,fouls_suffered,10.5,19,10,0.5263157894736842
2025-26,2026-05-24,Brighton & Hove Albion,HOME,fouls_suffered,11.5,19,8,0.42105263157894735
2025-26,2026-05-24,Brighton & Hove Albion,HOME,fouls_suffered,12.5,19,7,0.3684210526315789
2025-26,2026-05-24,Brighton & Hove Albion,HOME,fouls_suffered,13.5,19,5,0.2631578947368421
2025-26,2026-05-24,Brighton & Hove Albion,HOME,fouls_suffered,14.5,19,3,0.15789473684210525
2025-26,2026-05-24,Brighton & Hove Albion,HOME,fouls_suffered,15.5,19,1,0.05263157894736842
2025-26,2026-05-24,Brighton & Hove Albion,HOME,corners_for,2.5,19,17,0.8947368421052632
2025-26,2026-05-24,Brighton & Hove Albion,HOME,corners_for,3.5,19,14,0.7368421052631579
2025-26,2026-05-24,Brighton & Hove Albion,HOME,corners_for,4.5,19,8,0.42105263157894735
2025-26,2026-05-24,Brighton & Hove Albion,HOME,corners_for,5.5,19,6,0.3157894736842105
2025-26,2026-05-24,Brighton & Hove Albion,HOME,corners_for,6.5,19,5,0.2631578947368421
2025-26,2026-05-24,Brighton & Hove Albion,HOME,corners_for,7.5,19,3,0.15789473684210525
2025-26,2026-05-24,Brighton & Hove Albion,HOME,corners_against,2.5,19,16,0.8421052631578947
2025-26,2026-05-24,Brighton & Hove Albion,HOME,corners_against,3.5,19,13,0.6842105263157895
2025-26,2026-05-24,Brighton & Hove Albion,HOME,corners_against,4.5,19,7,0.3684210526315789
2025-26,2026-05-24,Brighton & Hove Albion,HOME,corners_against,5.5,19,6,0.3157894736842105
2025-26,2026-05-24,Brighton & Hove Albion,HOME,corners_against,6.5,19,3,0.15789473684210525
2025-26,2026-05-24,Brighton & Hove Albion,HOME,corners_against,7.5,19,2,0.10526315789473684
2025-26,2026-05-24,Brighton & Hove Albion,HOME,yellow_cards,0.5,19,15,0.7894736842105263
2025-26,2026-05-24,Brighton & Hove Albion,HOME,yellow_cards,1.5,19,10,0.5263157894736842
2025-26,2026-05-24,Brighton & Hove Albion,HOME,yellow_cards,2.5,19,5,0.2631578947368421
2025-26,2026-05-24,Brighton & Hove Albion,HOME,yellow_cards,3.5,19,3,0.15789473684210525
2025-26,2026-05-24,Brighton & Hove Albion,HOME,yellow_cards,4.5,19,1,0.05263157894736842
2025-26,2026-05-24,Brighton & Hove Albion,AWAY,fouls_committed,8.5,19,17,0.8947368421052632
2025-26,2026-05-24,Brighton & Hove Albion,AWAY,fouls_committed,9.5,19,16,0.8421052631578947
2025-26,2026-05-24,Brighton & Hove Albion,AWAY,fouls_committed,10.5,19,14,0.7368421052631579
2025-26,2026-05-24,Brighton & Hove Albion,AWAY,fouls_committed,11.5,19,13,0.6842105263157895
2025-26,2026-05-24,Brighton & Hove Albion,AWAY,fouls_committed,12.5,19,10,0.5263157894736842
2025-26,2026-05-24,Brighton & Hove Albion,AWAY,fouls_committed,13.5,19,8,0.42105263157894735
2025-26,2026-05-24,Brighton & Hove Albion,AWAY,fouls_committed,14.5,19,6,0.3157894736842105
2025-26,2026-05-24,Brighton & Hove Albion,AWAY,fouls_committed,15.5,19,3,0.15789473684210525
2025-26,2026-05-24,Brighton & Hove Albion,AWAY,fouls_suffered,8.5,19,12,0.631578947368421
2025-26,2026-05-24,Brighton & Hove Albion,AWAY,fouls_suffered,9.5,19,8,0.42105263157894735
2025-26,2026-05-24,Brighton & Hove Albion,AWAY,fouls_suffered,10.5,19,5,0.2631578947368421
2025-26,2026-05-24,Brighton & Hove Albion,AWAY,fouls_suffered,11.5,19,3,0.15789473684210525
2025-26,2026-05-24,Brighton & Hove Albion,AWAY,fouls_suffered,12.5,19,3,0.15789473684210525
2025-26,2026-05-24,Brighton & Hove Albion,AWAY,fouls_suffered,13.5,19,2,0.10526315789473684
2025-26,2026-05-24,Brighton & Hove Albion,AWAY,fouls_suffered,14.5,19,1,0.05263157894736842
2025-26,2026-05-24,Brighton & Hove Albion,AWAY,fouls_suffered,15.5,19,1,0.05263157894736842
2025-26,2026-05-24,Brighton & Hove Albion,AWAY,corners_for,2.5,19,13,0.6842105263157895
2025-26,2026-05-24,Brighton & Hove Albion,AWAY,corners_for,3.5,19,12,0.631578947368421
2025-26,2026-05-24,Brighton & Hove Albion,AWAY,corners_for,4.5,19,10,0.5263157894736842
2025-26,2026-05-24,Brighton & Hove Albion,AWAY,corners_for,5.5,19,7,0.3684210526315789
2025-26,2026-05-24,Brighton & Hove Albion,AWAY,corners_for,6.5,19,5,0.2631578947368421
2025-26,2026-05-24,Brighton & Hove Albion,AWAY,corners_for,7.5,19,4,0.21052631578947367
2025-26,2026-05-24,Brighton & Hove Albion,AWAY,corners_against,2.5,19,14,0.7368421052631579
2025-26,2026-05-24,Brighton & Hove Albion,AWAY,corners_against,3.5,19,14,0.7368421052631579
2025-26,2026-05-24,Brighton & Hove Albion,AWAY,corners_against,4.5,19,12,0.631578947368421
2025-26,2026-05-24,Brighton & Hove Albion,AWAY,corners_against,5.5,19,10,0.5263157894736842
2025-26,2026-05-24,Brighton & Hove Albion,AWAY,corners_against,6.5,19,7,0.3684210526315789
2025-26,2026-05-24,Brighton & Hove Albion,AWAY,corners_against,7.5,19,2,0.10526315789473684
2025-26,2026-05-24,Brighton & Hove Albion,AWAY,yellow_cards,0.5,19,18,0.9473684210526315
2025-26,2026-05-24,Brighton & Hove Albion,AWAY,yellow_cards,1.5,19,14,0.7368421052631579
2025-26,2026-05-24,Brighton & Hove Albion,AWAY,yellow_cards,2.5,19,10,0.5263157894736842
2025-26,2026-05-24,Brighton & Hove Albion,AWAY,yellow_cards,3.5,19,6,0.3157894736842105
2025-26,2026-05-24,Brighton & Hove Albion,AWAY,yellow_cards,4.5,19,3,0.15789473684210525
2025-26,2026-05-24,Burnley,ALL,fouls_committed,8.5,38,29,0.7631578947368421
2025-26,2026-05-24,Burnley,ALL,fouls_committed,9.5,38,21,0.5526315789473685
2025-26,2026-05-24,Burnley,ALL,fouls_committed,10.5,38,15,0.39473684210526316
2025-26,2026-05-24,Burnley,ALL,fouls_committed,11.5,38,9,0.23684210526315788
2025-26,2026-05-24,Burnley,ALL,fouls_committed,12.5,38,6,0.15789473684210525
2025-26,2026-05-24,Burnley,ALL,fouls_committed,13.5,38,4,0.10526315789473684
2025-26,2026-05-24,Burnley,ALL,fouls_committed,14.5,38,4,0.10526315789473684
2025-26,2026-05-24,Burnley,ALL,fouls_committed,15.5,38,3,0.07894736842105263
2025-26,2026-05-24,Burnley,ALL,fouls_suffered,8.5,38,21,0.5526315789473685
2025-26,2026-05-24,Burnley,ALL,fouls_suffered,9.5,38,15,0.39473684210526316
2025-26,2026-05-24,Burnley,ALL,fouls_suffered,10.5,38,13,0.34210526315789475
2025-26,2026-05-24,Burnley,ALL,fouls_suffered,11.5,38,8,0.21052631578947367
2025-26,2026-05-24,Burnley,ALL,fouls_suffered,12.5,38,4,0.10526315789473684
2025-26,2026-05-24,Burnley,ALL,fouls_suffered,13.5,38,2,0.05263157894736842
2025-26,2026-05-24,Burnley,ALL,fouls_suffered,14.5,38,1,0.02631578947368421
2025-26,2026-05-24,Burnley,ALL,fouls_suffered,15.5,38,0,0.0
2025-26,2026-05-24,Burnley,ALL,corners_for,2.5,38,25,0.6578947368421053
2025-26,2026-05-24,Burnley,ALL,corners_for,3.5,38,18,0.47368421052631576
2025-26,2026-05-24,Burnley,ALL,corners_for,4.5,38,11,0.2894736842105263
2025-26,2026-05-24,Burnley,ALL,corners_for,5.5,38,7,0.18421052631578946
2025-26,2026-05-24,Burnley,ALL,corners_for,6.5,38,4,0.10526315789473684
2025-26,2026-05-24,Burnley,ALL,corners_for,7.5,38,3,0.07894736842105263
2025-26,2026-05-24,Burnley,ALL,corners_against,2.5,38,35,0.9210526315789473
2025-26,2026-05-24,Burnley,ALL,corners_against,3.5,38,32,0.8421052631578947
2025-26,2026-05-24,Burnley,ALL,corners_against,4.5,38,27,0.7105263157894737
2025-26,2026-05-24,Burnley,ALL,corners_against,5.5,38,20,0.5263157894736842
2025-26,2026-05-24,Burnley,ALL,corners_against,6.5,38,14,0.3684210526315789
2025-26,2026-05-24,Burnley,ALL,corners_against,7.5,38,11,0.2894736842105263
2025-26,2026-05-24,Burnley,ALL,yellow_cards,0.5,38,31,0.8157894736842105
2025-26,2026-05-24,Burnley,ALL,yellow_cards,1.5,38,22,0.5789473684210527
2025-26,2026-05-24,Burnley,ALL,yellow_cards,2.5,38,7,0.18421052631578946
2025-26,2026-05-24,Burnley,ALL,yellow_cards,3.5,38,3,0.07894736842105263
2025-26,2026-05-24,Burnley,ALL,yellow_cards,4.5,38,1,0.02631578947368421
2025-26,2026-05-24,Burnley,HOME,fouls_committed,8.5,19,15,0.7894736842105263
2025-26,2026-05-24,Burnley,HOME,fouls_committed,9.5,19,9,0.47368421052631576
2025-26,2026-05-24,Burnley,HOME,fouls_committed,10.5,19,5,0.2631578947368421
2025-26,2026-05-24,Burnley,HOME,fouls_committed,11.5,19,3,0.15789473684210525
2025-26,2026-05-24,Burnley,HOME,fouls_committed,12.5,19,2,0.10526315789473684
2025-26,2026-05-24,Burnley,HOME,fouls_committed,13.5,19,1,0.05263157894736842
2025-26,2026-05-24,Burnley,HOME,fouls_committed,14.5,19,1,0.05263157894736842
2025-26,2026-05-24,Burnley,HOME,fouls_committed,15.5,19,1,0.05263157894736842
2025-26,2026-05-24,Burnley,HOME,fouls_suffered,8.5,19,9,0.47368421052631576
2025-26,2026-05-24,Burnley,HOME,fouls_suffered,9.5,19,6,0.3157894736842105
2025-26,2026-05-24,Burnley,HOME,fouls_suffered,10.5,19,5,0.2631578947368421
2025-26,2026-05-24,Burnley,HOME,fouls_suffered,11.5,19,2,0.10526315789473684
2025-26,2026-05-24,Burnley,HOME,fouls_suffered,12.5,19,1,0.05263157894736842
2025-26,2026-05-24,Burnley,HOME,fouls_suffered,13.5,19,0,0.0
2025-26,2026-05-24,Burnley,HOME,fouls_suffered,14.5,19,0,0.0
2025-26,2026-05-24,Burnley,HOME,fouls_suffered,15.5,19,0,0.0
2025-26,2026-05-24,Burnley,HOME,corners_for,2.5,19,12,0.631578947368421
2025-26,2026-05-24,Burnley,HOME,corners_for,3.5,19,9,0.47368421052631576
2025-26,2026-05-24,Burnley,HOME,corners_for,4.5,19,6,0.3157894736842105
2025-26,2026-05-24,Burnley,HOME,corners_for,5.5,19,4,0.21052631578947367
2025-26,2026-05-24,Burnley,HOME,corners_for,6.5,19,3,0.15789473684210525
2025-26,2026-05-24,Burnley,HOME,corners_for,7.5,19,2,0.10526315789473684
2025-26,2026-05-24,Burnley,HOME,corners_against,2.5,19,17,0.8947368421052632
2025-26,2026-05-24,Burnley,HOME,corners_against,3.5,19,15,0.7894736842105263
2025-26,2026-05-24,Burnley,HOME,corners_against,4.5,19,12,0.631578947368421
2025-26,2026-05-24,Burnley,HOME,corners_against,5.5,19,9,0.47368421052631576
2025-26,2026-05-24,Burnley,HOME,corners_against,6.5,19,7,0.3684210526315789
2025-26,2026-05-24,Burnley,HOME,corners_against,7.5,19,6,0.3157894736842105
2025-26,2026-05-24,Burnley,HOME,yellow_cards,0.5,19,14,0.7368421052631579
2025-26,2026-05-24,Burnley,HOME,yellow_cards,1.5,19,9,0.47368421052631576
2025-26,2026-05-24,Burnley,HOME,yellow_cards,2.5,19,1,0.05263157894736842
2025-26,2026-05-24,Burnley,HOME,yellow_cards,3.5,19,0,0.0
2025-26,2026-05-24,Burnley,HOME,yellow_cards,4.5,19,0,0.0
2025-26,2026-05-24,Burnley,AWAY,fouls_committed,8.5,19,14,0.7368421052631579
2025-26,2026-05-24,Burnley,AWAY,fouls_committed,9.5,19,12,0.631578947368421
2025-26,2026-05-24,Burnley,AWAY,fouls_committed,10.5,19,10,0.5263157894736842
2025-26,2026-05-24,Burnley,AWAY,fouls_committed,11.5,19,6,0.3157894736842105
2025-26,2026-05-24,Burnley,AWAY,fouls_committed,12.5,19,4,0.21052631578947367
2025-26,2026-05-24,Burnley,AWAY,fouls_committed,13.5,19,3,0.15789473684210525
2025-26,2026-05-24,Burnley,AWAY,fouls_committed,14.5,19,3,0.15789473684210525
2025-26,2026-05-24,Burnley,AWAY,fouls_committed,15.5,19,2,0.10526315789473684
2025-26,2026-05-24,Burnley,AWAY,fouls_suffered,8.5,19,12,0.631578947368421
2025-26,2026-05-24,Burnley,AWAY,fouls_suffered,9.5,19,9,0.47368421052631576
2025-26,2026-05-24,Burnley,AWAY,fouls_suffered,10.5,19,8,0.42105263157894735
2025-26,2026-05-24,Burnley,AWAY,fouls_suffered,11.5,19,6,0.3157894736842105
2025-26,2026-05-24,Burnley,AWAY,fouls_suffered,12.5,19,3,0.15789473684210525
2025-26,2026-05-24,Burnley,AWAY,fouls_suffered,13.5,19,2,0.10526315789473684
2025-26,2026-05-24,Burnley,AWAY,fouls_suffered,14.5,19,1,0.05263157894736842
2025-26,2026-05-24,Burnley,AWAY,fouls_suffered,15.5,19,0,0.0
2025-26,2026-05-24,Burnley,AWAY,corners_for,2.5,19,13,0.6842105263157895
2025-26,2026-05-24,Burnley,AWAY,corners_for,3.5,19,9,0.47368421052631576
2025-26,2026-05-24,Burnley,AWAY,corners_for,4.5,19,5,0.2631578947368421
2025-26,2026-05-24,Burnley,AWAY,corners_for,5.5,19,3,0.15789473684210525
2025-26,2026-05-24,Burnley,AWAY,corners_for,6.5,19,1,0.05263157894736842
2025-26,2026-05-24,Burnley,AWAY,corners_for,7.5,19,1,0.05263157894736842
2025-26,2026-05-24,Burnley,AWAY,corners_against,2.5,19,18,0.9473684210526315
2025-26,2026-05-24,Burnley,AWAY,corners_against,3.5,19,17,0.8947368421052632
2025-26,2026-05-24,Burnley,AWAY,corners_against,4.5,19,15,0.7894736842105263
2025-26,2026-05-24,Burnley,AWAY,corners_against,5.5,19,11,0.5789473684210527
2025-26,2026-05-24,Burnley,AWAY,corners_against,6.5,19,7,0.3684210526315789
2025-26,2026-05-24,Burnley,AWAY,corners_against,7.5,19,5,0.2631578947368421
2025-26,2026-05-24,Burnley,AWAY,yellow_cards,0.5,19,17,0.8947368421052632
2025-26,2026-05-24,Burnley,AWAY,yellow_cards,1.5,19,13,0.6842105263157895
2025-26,2026-05-24,Burnley,AWAY,yellow_cards,2.5,19,6,0.3157894736842105
2025-26,2026-05-24,Burnley,AWAY,yellow_cards,3.5,19,3,0.15789473684210525
2025-26,2026-05-24,Burnley,AWAY,yellow_cards,4.5,19,1,0.05263157894736842
2025-26,2026-05-24,Chelsea,ALL,fouls_committed,8.5,38,32,0.8421052631578947
2025-26,2026-05-24,Chelsea,ALL,fouls_committed,9.5,38,26,0.6842105263157895
2025-26,2026-05-24,Chelsea,ALL,fouls_committed,10.5,38,21,0.5526315789473685
2025-26,2026-05-24,Chelsea,ALL,fouls_committed,11.5,38,18,0.47368421052631576
2025-26,2026-05-24,Chelsea,ALL,fouls_committed,12.5,38,13,0.34210526315789475
2025-26,2026-05-24,Chelsea,ALL,fouls_committed,13.5,38,9,0.23684210526315788
2025-26,2026-05-24,Chelsea,ALL,fouls_committed,14.5,38,5,0.13157894736842105
2025-26,2026-05-24,Chelsea,ALL,fouls_committed,15.5,38,4,0.10526315789473684
2025-26,2026-05-24,Chelsea,ALL,fouls_suffered,8.5,38,34,0.8947368421052632
2025-26,2026-05-24,Chelsea,ALL,fouls_suffered,9.5,38,33,0.868421052631579
2025-26,2026-05-24,Chelsea,ALL,fouls_suffered,10.5,38,28,0.7368421052631579
2025-26,2026-05-24,Chelsea,ALL,fouls_suffered,11.5,38,23,0.6052631578947368
2025-26,2026-05-24,Chelsea,ALL,fouls_suffered,12.5,38,20,0.5263157894736842
2025-26,2026-05-24,Chelsea,ALL,fouls_suffered,13.5,38,10,0.2631578947368421
2025-26,2026-05-24,Chelsea,ALL,fouls_suffered,14.5,38,7,0.18421052631578946
2025-26,2026-05-24,Chelsea,ALL,fouls_suffered,15.5,38,4,0.10526315789473684
2025-26,2026-05-24,Chelsea,ALL,corners_for,2.5,38,33,0.868421052631579
2025-26,2026-05-24,Chelsea,ALL,corners_for,3.5,38,30,0.7894736842105263
2025-26,2026-05-24,Chelsea,ALL,corners_for,4.5,38,25,0.6578947368421053
2025-26,2026-05-24,Chelsea,ALL,corners_for,5.5,38,19,0.5
2025-26,2026-05-24,Chelsea,ALL,corners_for,6.5,38,16,0.42105263157894735
2025-26,2026-05-24,Chelsea,ALL,corners_for,7.5,38,13,0.34210526315789475
2025-26,2026-05-24,Chelsea,ALL,corners_against,2.5,38,28,0.7368421052631579
2025-26,2026-05-24,Chelsea,ALL,corners_against,3.5,38,22,0.5789473684210527
2025-26,2026-05-24,Chelsea,ALL,corners_against,4.5,38,18,0.47368421052631576
2025-26,2026-05-24,Chelsea,ALL,corners_against,5.5,38,11,0.2894736842105263
2025-26,2026-05-24,Chelsea,ALL,corners_against,6.5,38,8,0.21052631578947367
2025-26,2026-05-24,Chelsea,ALL,corners_against,7.5,38,3,0.07894736842105263
2025-26,2026-05-24,Chelsea,ALL,yellow_cards,0.5,38,37,0.9736842105263158
2025-26,2026-05-24,Chelsea,ALL,yellow_cards,1.5,38,27,0.7105263157894737
2025-26,2026-05-24,Chelsea,ALL,yellow_cards,2.5,38,15,0.39473684210526316
2025-26,2026-05-24,Chelsea,ALL,yellow_cards,3.5,38,6,0.15789473684210525
2025-26,2026-05-24,Chelsea,ALL,yellow_cards,4.5,38,3,0.07894736842105263
2025-26,2026-05-24,Chelsea,HOME,fouls_committed,8.5,19,17,0.8947368421052632
2025-26,2026-05-24,Chelsea,HOME,fouls_committed,9.5,19,13,0.6842105263157895
2025-26,2026-05-24,Chelsea,HOME,fouls_committed,10.5,19,11,0.5789473684210527
2025-26,2026-05-24,Chelsea,HOME,fouls_committed,11.5,19,8,0.42105263157894735
2025-26,2026-05-24,Chelsea,HOME,fouls_committed,12.5,19,4,0.21052631578947367
2025-26,2026-05-24,Chelsea,HOME,fouls_committed,13.5,19,2,0.10526315789473684
2025-26,2026-05-24,Chelsea,HOME,fouls_committed,14.5,19,2,0.10526315789473684
2025-26,2026-05-24,Chelsea,HOME,fouls_committed,15.5,19,1,0.05263157894736842
2025-26,2026-05-24,Chelsea,HOME,fouls_suffered,8.5,19,17,0.8947368421052632
2025-26,2026-05-24,Chelsea,HOME,fouls_suffered,9.5,19,17,0.8947368421052632
2025-26,2026-05-24,Chelsea,HOME,fouls_suffered,10.5,19,14,0.7368421052631579
2025-26,2026-05-24,Chelsea,HOME,fouls_suffered,11.5,19,12,0.631578947368421
2025-26,2026-05-24,Chelsea,HOME,fouls_suffered,12.5,19,10,0.5263157894736842
2025-26,2026-05-24,Chelsea,HOME,fouls_suffered,13.5,19,5,0.2631578947368421
2025-26,2026-05-24,Chelsea,HOME,fouls_suffered,14.5,19,3,0.15789473684210525
2025-26,2026-05-24,Chelsea,HOME,fouls_suffered,15.5,19,3,0.15789473684210525
2025-26,2026-05-24,Chelsea,HOME,corners_for,2.5,19,19,1.0
2025-26,2026-05-24,Chelsea,HOME,corners_for,3.5,19,16,0.8421052631578947
2025-26,2026-05-24,Chelsea,HOME,corners_for,4.5,19,13,0.6842105263157895
2025-26,2026-05-24,Chelsea,HOME,corners_for,5.5,19,12,0.631578947368421
2025-26,2026-05-24,Chelsea,HOME,corners_for,6.5,19,10,0.5263157894736842
2025-26,2026-05-24,Chelsea,HOME,corners_for,7.5,19,8,0.42105263157894735
2025-26,2026-05-24,Chelsea,HOME,corners_against,2.5,19,11,0.5789473684210527
2025-26,2026-05-24,Chelsea,HOME,corners_against,3.5,19,8,0.42105263157894735
2025-26,2026-05-24,Chelsea,HOME,corners_against,4.5,19,6,0.3157894736842105
2025-26,2026-05-24,Chelsea,HOME,corners_against,5.5,19,5,0.2631578947368421
2025-26,2026-05-24,Chelsea,HOME,corners_against,6.5,19,5,0.2631578947368421
2025-26,2026-05-24,Chelsea,HOME,corners_against,7.5,19,2,0.10526315789473684
2025-26,2026-05-24,Chelsea,HOME,yellow_cards,0.5,19,18,0.9473684210526315
2025-26,2026-05-24,Chelsea,HOME,yellow_cards,1.5,19,12,0.631578947368421
2025-26,2026-05-24,Chelsea,HOME,yellow_cards,2.5,19,8,0.42105263157894735
2025-26,2026-05-24,Chelsea,HOME,yellow_cards,3.5,19,3,0.15789473684210525
2025-26,2026-05-24,Chelsea,HOME,yellow_cards,4.5,19,1,0.05263157894736842
2025-26,2026-05-24,Chelsea,AWAY,fouls_committed,8.5,19,15,0.7894736842105263
2025-26,2026-05-24,Chelsea,AWAY,fouls_committed,9.5,19,13,0.6842105263157895
2025-26,2026-05-24,Chelsea,AWAY,fouls_committed,10.5,19,10,0.5263157894736842
2025-26,2026-05-24,Chelsea,AWAY,fouls_committed,11.5,19,10,0.5263157894736842
2025-26,2026-05-24,Chelsea,AWAY,fouls_committed,12.5,19,9,0.47368421052631576
2025-26,2026-05-24,Chelsea,AWAY,fouls_committed,13.5,19,7,0.3684210526315789
2025-26,2026-05-24,Chelsea,AWAY,fouls_committed,14.5,19,3,0.15789473684210525
2025-26,2026-05-24,Chelsea,AWAY,fouls_committed,15.5,19,3,0.15789473684210525
2025-26,2026-05-24,Chelsea,AWAY,fouls_suffered,8.5,19,17,0.8947368421052632
2025-26,2026-05-24,Chelsea,AWAY,fouls_suffered,9.5,19,16,0.8421052631578947
2025-26,2026-05-24,Chelsea,AWAY,fouls_suffered,10.5,19,14,0.7368421052631579
2025-26,2026-05-24,Chelsea,AWAY,fouls_suffered,11.5,19,11,0.5789473684210527
2025-26,2026-05-24,Chelsea,AWAY,fouls_suffered,12.5,19,10,0.5263157894736842
2025-26,2026-05-24,Chelsea,AWAY,fouls_suffered,13.5,19,5,0.2631578947368421
2025-26,2026-05-24,Chelsea,AWAY,fouls_suffered,14.5,19,4,0.21052631578947367
2025-26,2026-05-24,Chelsea,AWAY,fouls_suffered,15.5,19,1,0.05263157894736842
2025-26,2026-05-24,Chelsea,AWAY,corners_for,2.5,19,14,0.7368421052631579
2025-26,2026-05-24,Chelsea,AWAY,corners_for,3.5,19,14,0.7368421052631579
2025-26,2026-05-24,Chelsea,AWAY,corners_for,4.5,19,12,0.631578947368421
2025-26,2026-05-24,Chelsea,AWAY,corners_for,5.5,19,7,0.3684210526315789
2025-26,2026-05-24,Chelsea,AWAY,corners_for,6.5,19,6,0.3157894736842105
2025-26,2026-05-24,Chelsea,AWAY,corners_for,7.5,19,5,0.2631578947368421
2025-26,2026-05-24,Chelsea,AWAY,corners_against,2.5,19,17,0.8947368421052632
2025-26,2026-05-24,Chelsea,AWAY,corners_against,3.5,19,14,0.7368421052631579
2025-26,2026-05-24,Chelsea,AWAY,corners_against,4.5,19,12,0.631578947368421
2025-26,2026-05-24,Chelsea,AWAY,corners_against,5.5,19,6,0.3157894736842105
2025-26,2026-05-24,Chelsea,AWAY,corners_against,6.5,19,3,0.15789473684210525
2025-26,2026-05-24,Chelsea,AWAY,corners_against,7.5,19,1,0.05263157894736842
2025-26,2026-05-24,Chelsea,AWAY,yellow_cards,0.5,19,19,1.0
2025-26,2026-05-24,Chelsea,AWAY,yellow_cards,1.5,19,15,0.7894736842105263
2025-26,2026-05-24,Chelsea,AWAY,yellow_cards,2.5,19,7,0.3684210526315789
2025-26,2026-05-24,Chelsea,AWAY,yellow_cards,3.5,19,3,0.15789473684210525
2025-26,2026-05-24,Chelsea,AWAY,yellow_cards,4.5,19,2,0.10526315789473684
2025-26,2026-05-24,Crystal Palace,ALL,fouls_committed,8.5,38,27,0.7105263157894737
2025-26,2026-05-24,Crystal Palace,ALL,fouls_committed,9.5,38,23,0.6052631578947368
2025-26,2026-05-24,Crystal Palace,ALL,fouls_committed,10.5,38,18,0.47368421052631576
2025-26,2026-05-24,Crystal Palace,ALL,fouls_committed,11.5,38,13,0.34210526315789475
2025-26,2026-05-24,Crystal Palace,ALL,fouls_committed,12.5,38,8,0.21052631578947367
2025-26,2026-05-24,Crystal Palace,ALL,fouls_committed,13.5,38,7,0.18421052631578946
2025-26,2026-05-24,Crystal Palace,ALL,fouls_committed,14.5,38,4,0.10526315789473684
2025-26,2026-05-24,Crystal Palace,ALL,fouls_committed,15.5,38,3,0.07894736842105263
2025-26,2026-05-24,Crystal Palace,ALL,fouls_suffered,8.5,38,24,0.631578947368421
2025-26,2026-05-24,Crystal Palace,ALL,fouls_suffered,9.5,38,23,0.6052631578947368
2025-26,2026-05-24,Crystal Palace,ALL,fouls_suffered,10.5,38,17,0.4473684210526316
2025-26,2026-05-24,Crystal Palace,ALL,fouls_suffered,11.5,38,14,0.3684210526315789
2025-26,2026-05-24,Crystal Palace,ALL,fouls_suffered,12.5,38,9,0.23684210526315788
2025-26,2026-05-24,Crystal Palace,ALL,fouls_suffered,13.5,38,4,0.10526315789473684
2025-26,2026-05-24,Crystal Palace,ALL,fouls_suffered,14.5,38,2,0.05263157894736842
2025-26,2026-05-24,Crystal Palace,ALL,fouls_suffered,15.5,38,1,0.02631578947368421
2025-26,2026-05-24,Crystal Palace,ALL,corners_for,2.5,38,30,0.7894736842105263
2025-26,2026-05-24,Crystal Palace,ALL,corners_for,3.5,38,25,0.6578947368421053
2025-26,2026-05-24,Crystal Palace,ALL,corners_for,4.5,38,13,0.34210526315789475
2025-26,2026-05-24,Crystal Palace,ALL,corners_for,5.5,38,10,0.2631578947368421
2025-26,2026-05-24,Crystal Palace,ALL,corners_for,6.5,38,6,0.15789473684210525
2025-26,2026-05-24,Crystal Palace,ALL,corners_for,7.5,38,4,0.10526315789473684
2025-26,2026-05-24,Crystal Palace,ALL,corners_against,2.5,38,33,0.868421052631579
2025-26,2026-05-24,Crystal Palace,ALL,corners_against,3.5,38,25,0.6578947368421053
2025-26,2026-05-24,Crystal Palace,ALL,corners_against,4.5,38,21,0.5526315789473685
2025-26,2026-05-24,Crystal Palace,ALL,corners_against,5.5,38,15,0.39473684210526316
2025-26,2026-05-24,Crystal Palace,ALL,corners_against,6.5,38,11,0.2894736842105263
2025-26,2026-05-24,Crystal Palace,ALL,corners_against,7.5,38,9,0.23684210526315788
2025-26,2026-05-24,Crystal Palace,ALL,yellow_cards,0.5,38,30,0.7894736842105263
2025-26,2026-05-24,Crystal Palace,ALL,yellow_cards,1.5,38,26,0.6842105263157895
2025-26,2026-05-24,Crystal Palace,ALL,yellow_cards,2.5,38,16,0.42105263157894735
2025-26,2026-05-24,Crystal Palace,ALL,yellow_cards,3.5,38,1,0.02631578947368421
2025-26,2026-05-24,Crystal Palace,ALL,yellow_cards,4.5,38,1,0.02631578947368421
2025-26,2026-05-24,Crystal Palace,HOME,fouls_committed,8.5,19,13,0.6842105263157895
2025-26,2026-05-24,Crystal Palace,HOME,fouls_committed,9.5,19,11,0.5789473684210527
2025-26,2026-05-24,Crystal Palace,HOME,fouls_committed,10.5,19,8,0.42105263157894735
2025-26,2026-05-24,Crystal Palace,HOME,fouls_committed,11.5,19,5,0.2631578947368421
2025-26,2026-05-24,Crystal Palace,HOME,fouls_committed,12.5,19,4,0.21052631578947367
2025-26,2026-05-24,Crystal Palace,HOME,fouls_committed,13.5,19,3,0.15789473684210525
2025-26,2026-05-24,Crystal Palace,HOME,fouls_committed,14.5,19,2,0.10526315789473684
2025-26,2026-05-24,Crystal Palace,HOME,fouls_committed,15.5,19,2,0.10526315789473684
2025-26,2026-05-24,Crystal Palace,HOME,fouls_suffered,8.5,19,13,0.6842105263157895
2025-26,2026-05-24,Crystal Palace,HOME,fouls_suffered,9.5,19,13,0.6842105263157895
2025-26,2026-05-24,Crystal Palace,HOME,fouls_suffered,10.5,19,11,0.5789473684210527
2025-26,2026-05-24,Crystal Palace,HOME,fouls_suffered,11.5,19,8,0.42105263157894735
2025-26,2026-05-24,Crystal Palace,HOME,fouls_suffered,12.5,19,4,0.21052631578947367
2025-26,2026-05-24,Crystal Palace,HOME,fouls_suffered,13.5,19,2,0.10526315789473684
2025-26,2026-05-24,Crystal Palace,HOME,fouls_suffered,14.5,19,1,0.05263157894736842
2025-26,2026-05-24,Crystal Palace,HOME,fouls_suffered,15.5,19,1,0.05263157894736842
2025-26,2026-05-24,Crystal Palace,HOME,corners_for,2.5,19,15,0.7894736842105263
2025-26,2026-05-24,Crystal Palace,HOME,corners_for,3.5,19,12,0.631578947368421
2025-26,2026-05-24,Crystal Palace,HOME,corners_for,4.5,19,8,0.42105263157894735
2025-26,2026-05-24,Crystal Palace,HOME,corners_for,5.5,19,6,0.3157894736842105
2025-26,2026-05-24,Crystal Palace,HOME,corners_for,6.5,19,3,0.15789473684210525
2025-26,2026-05-24,Crystal Palace,HOME,corners_for,7.5,19,2,0.10526315789473684
2025-26,2026-05-24,Crystal Palace,HOME,corners_against,2.5,19,16,0.8421052631578947
2025-26,2026-05-24,Crystal Palace,HOME,corners_against,3.5,19,11,0.5789473684210527
2025-26,2026-05-24,Crystal Palace,HOME,corners_against,4.5,19,8,0.42105263157894735
2025-26,2026-05-24,Crystal Palace,HOME,corners_against,5.5,19,4,0.21052631578947367
2025-26,2026-05-24,Crystal Palace,HOME,corners_against,6.5,19,2,0.10526315789473684
2025-26,2026-05-24,Crystal Palace,HOME,corners_against,7.5,19,2,0.10526315789473684
2025-26,2026-05-24,Crystal Palace,HOME,yellow_cards,0.5,19,14,0.7368421052631579
2025-26,2026-05-24,Crystal Palace,HOME,yellow_cards,1.5,19,10,0.5263157894736842
2025-26,2026-05-24,Crystal Palace,HOME,yellow_cards,2.5,19,4,0.21052631578947367
2025-26,2026-05-24,Crystal Palace,HOME,yellow_cards,3.5,19,1,0.05263157894736842
2025-26,2026-05-24,Crystal Palace,HOME,yellow_cards,4.5,19,1,0.05263157894736842
2025-26,2026-05-24,Crystal Palace,AWAY,fouls_committed,8.5,19,14,0.7368421052631579
2025-26,2026-05-24,Crystal Palace,AWAY,fouls_committed,9.5,19,12,0.631578947368421
2025-26,2026-05-24,Crystal Palace,AWAY,fouls_committed,10.5,19,10,0.5263157894736842
2025-26,2026-05-24,Crystal Palace,AWAY,fouls_committed,11.5,19,8,0.42105263157894735
2025-26,2026-05-24,Crystal Palace,AWAY,fouls_committed,12.5,19,4,0.21052631578947367
2025-26,2026-05-24,Crystal Palace,AWAY,fouls_committed,13.5,19,4,0.21052631578947367
2025-26,2026-05-24,Crystal Palace,AWAY,fouls_committed,14.5,19,2,0.10526315789473684
2025-26,2026-05-24,Crystal Palace,AWAY,fouls_committed,15.5,19,1,0.05263157894736842
2025-26,2026-05-24,Crystal Palace,AWAY,fouls_suffered,8.5,19,11,0.5789473684210527
2025-26,2026-05-24,Crystal Palace,AWAY,fouls_suffered,9.5,19,10,0.5263157894736842
2025-26,2026-05-24,Crystal Palace,AWAY,fouls_suffered,10.5,19,6,0.3157894736842105
2025-26,2026-05-24,Crystal Palace,AWAY,fouls_suffered,11.5,19,6,0.3157894736842105
2025-26,2026-05-24,Crystal Palace,AWAY,fouls_suffered,12.5,19,5,0.2631578947368421
2025-26,2026-05-24,Crystal Palace,AWAY,fouls_suffered,13.5,19,2,0.10526315789473684
2025-26,2026-05-24,Crystal Palace,AWAY,fouls_suffered,14.5,19,1,0.05263157894736842
2025-26,2026-05-24,Crystal Palace,AWAY,fouls_suffered,15.5,19,0,0.0
2025-26,2026-05-24,Crystal Palace,AWAY,corners_for,2.5,19,15,0.7894736842105263
2025-26,2026-05-24,Crystal Palace,AWAY,corners_for,3.5,19,13,0.6842105263157895
2025-26,2026-05-24,Crystal Palace,AWAY,corners_for,4.5,19,5,0.2631578947368421
2025-26,2026-05-24,Crystal Palace,AWAY,corners_for,5.5,19,4,0.21052631578947367
2025-26,2026-05-24,Crystal Palace,AWAY,corners_for,6.5,19,3,0.15789473684210525
2025-26,2026-05-24,Crystal Palace,AWAY,corners_for,7.5,19,2,0.10526315789473684
2025-26,2026-05-24,Crystal Palace,AWAY,corners_against,2.5,19,17,0.8947368421052632
2025-26,2026-05-24,Crystal Palace,AWAY,corners_against,3.5,19,14,0.7368421052631579
2025-26,2026-05-24,Crystal Palace,AWAY,corners_against,4.5,19,13,0.6842105263157895
2025-26,2026-05-24,Crystal Palace,AWAY,corners_against,5.5,19,11,0.5789473684210527
2025-26,2026-05-24,Crystal Palace,AWAY,corners_against,6.5,19,9,0.47368421052631576
2025-26,2026-05-24,Crystal Palace,AWAY,corners_against,7.5,19,7,0.3684210526315789
2025-26,2026-05-24,Crystal Palace,AWAY,yellow_cards,0.5,19,16,0.8421052631578947
2025-26,2026-05-24,Crystal Palace,AWAY,yellow_cards,1.5,19,16,0.8421052631578947
2025-26,2026-05-24,Crystal Palace,AWAY,yellow_cards,2.5,19,12,0.631578947368421
2025-26,2026-05-24,Crystal Palace,AWAY,yellow_cards,3.5,19,0,0.0
2025-26,2026-05-24,Crystal Palace,AWAY,yellow_cards,4.5,19,0,0.0
2025-26,2026-05-24,Everton,ALL,fouls_committed,8.5,38,28,0.7368421052631579
2025-26,2026-05-24,Everton,ALL,fouls_committed,9.5,38,23,0.6052631578947368
2025-26,2026-05-24,Everton,ALL,fouls_committed,10.5,38,20,0.5263157894736842
2025-26,2026-05-24,Everton,ALL,fouls_committed,11.5,38,17,0.4473684210526316
2025-26,2026-05-24,Everton,ALL,fouls_committed,12.5,38,12,0.3157894736842105
2025-26,2026-05-24,Everton,ALL,fouls_committed,13.5,38,8,0.21052631578947367
2025-26,2026-05-24,Everton,ALL,fouls_committed,14.5,38,3,0.07894736842105263
2025-26,2026-05-24,Everton,ALL,fouls_committed,15.5,38,2,0.05263157894736842
2025-26,2026-05-24,Everton,ALL,fouls_suffered,8.5,38,26,0.6842105263157895
2025-26,2026-05-24,Everton,ALL,fouls_suffered,9.5,38,24,0.631578947368421
2025-26,2026-05-24,Everton,ALL,fouls_suffered,10.5,38,23,0.6052631578947368
2025-26,2026-05-24,Everton,ALL,fouls_suffered,11.5,38,19,0.5
2025-26,2026-05-24,Everton,ALL,fouls_suffered,12.5,38,16,0.42105263157894735
2025-26,2026-05-24,Everton,ALL,fouls_suffered,13.5,38,13,0.34210526315789475
2025-26,2026-05-24,Everton,ALL,fouls_suffered,14.5,38,11,0.2894736842105263
2025-26,2026-05-24,Everton,ALL,fouls_suffered,15.5,38,2,0.05263157894736842
2025-26,2026-05-24,Everton,ALL,corners_for,2.5,38,25,0.6578947368421053
2025-26,2026-05-24,Everton,ALL,corners_for,3.5,38,19,0.5
2025-26,2026-05-24,Everton,ALL,corners_for,4.5,38,14,0.3684210526315789
2025-26,2026-05-24,Everton,ALL,corners_for,5.5,38,12,0.3157894736842105
2025-26,2026-05-24,Everton,ALL,corners_for,6.5,38,8,0.21052631578947367
2025-26,2026-05-24,Everton,ALL,corners_for,7.5,38,5,0.13157894736842105
2025-26,2026-05-24,Everton,ALL,corners_against,2.5,38,31,0.8157894736842105
2025-26,2026-05-24,Everton,ALL,corners_against,3.5,38,26,0.6842105263157895
2025-26,2026-05-24,Everton,ALL,corners_against,4.5,38,22,0.5789473684210527
2025-26,2026-05-24,Everton,ALL,corners_against,5.5,38,16,0.42105263157894735
2025-26,2026-05-24,Everton,ALL,corners_against,6.5,38,11,0.2894736842105263
2025-26,2026-05-24,Everton,ALL,corners_against,7.5,38,7,0.18421052631578946
2025-26,2026-05-24,Everton,ALL,yellow_cards,0.5,38,29,0.7631578947368421
2025-26,2026-05-24,Everton,ALL,yellow_cards,1.5,38,26,0.6842105263157895
2025-26,2026-05-24,Everton,ALL,yellow_cards,2.5,38,12,0.3157894736842105
2025-26,2026-05-24,Everton,ALL,yellow_cards,3.5,38,5,0.13157894736842105
2025-26,2026-05-24,Everton,ALL,yellow_cards,4.5,38,1,0.02631578947368421
2025-26,2026-05-24,Everton,HOME,fouls_committed,8.5,19,13,0.6842105263157895
2025-26,2026-05-24,Everton,HOME,fouls_committed,9.5,19,10,0.5263157894736842
2025-26,2026-05-24,Everton,HOME,fouls_committed,10.5,19,9,0.47368421052631576
2025-26,2026-05-24,Everton,HOME,fouls_committed,11.5,19,8,0.42105263157894735
2025-26,2026-05-24,Everton,HOME,fouls_committed,12.5,19,7,0.3684210526315789
2025-26,2026-05-24,Everton,HOME,fouls_committed,13.5,19,5,0.2631578947368421
2025-26,2026-05-24,Everton,HOME,fouls_committed,14.5,19,3,0.15789473684210525
2025-26,2026-05-24,Everton,HOME,fouls_committed,15.5,19,2,0.10526315789473684
2025-26,2026-05-24,Everton,HOME,fouls_suffered,8.5,19,12,0.631578947368421
2025-26,2026-05-24,Everton,HOME,fouls_suffered,9.5,19,11,0.5789473684210527
2025-26,2026-05-24,Everton,HOME,fouls_suffered,10.5,19,11,0.5789473684210527
2025-26,2026-05-24,Everton,HOME,fouls_suffered,11.5,19,11,0.5789473684210527
2025-26,2026-05-24,Everton,HOME,fouls_suffered,12.5,19,9,0.47368421052631576
2025-26,2026-05-24,Everton,HOME,fouls_suffered,13.5,19,8,0.42105263157894735
2025-26,2026-05-24,Everton,HOME,fouls_suffered,14.5,19,7,0.3684210526315789
2025-26,2026-05-24,Everton,HOME,fouls_suffered,15.5,19,2,0.10526315789473684
2025-26,2026-05-24,Everton,HOME,corners_for,2.5,19,14,0.7368421052631579
2025-26,2026-05-24,Everton,HOME,corners_for,3.5,19,11,0.5789473684210527
2025-26,2026-05-24,Everton,HOME,corners_for,4.5,19,9,0.47368421052631576
2025-26,2026-05-24,Everton,HOME,corners_for,5.5,19,8,0.42105263157894735
2025-26,2026-05-24,Everton,HOME,corners_for,6.5,19,6,0.3157894736842105
2025-26,2026-05-24,Everton,HOME,corners_for,7.5,19,4,0.21052631578947367
2025-26,2026-05-24,Everton,HOME,corners_against,2.5,19,15,0.7894736842105263
2025-26,2026-05-24,Everton,HOME,corners_against,3.5,19,11,0.5789473684210527
2025-26,2026-05-24,Everton,HOME,corners_against,4.5,19,9,0.47368421052631576
2025-26,2026-05-24,Everton,HOME,corners_against,5.5,19,6,0.3157894736842105
2025-26,2026-05-24,Everton,HOME,corners_against,6.5,19,5,0.2631578947368421
2025-26,2026-05-24,Everton,HOME,corners_against,7.5,19,3,0.15789473684210525
2025-26,2026-05-24,Everton,HOME,yellow_cards,0.5,19,14,0.7368421052631579
2025-26,2026-05-24,Everton,HOME,yellow_cards,1.5,19,12,0.631578947368421
2025-26,2026-05-24,Everton,HOME,yellow_cards,2.5,19,6,0.3157894736842105
2025-26,2026-05-24,Everton,HOME,yellow_cards,3.5,19,3,0.15789473684210525
2025-26,2026-05-24,Everton,HOME,yellow_cards,4.5,19,0,0.0
2025-26,2026-05-24,Everton,AWAY,fouls_committed,8.5,19,15,0.7894736842105263
2025-26,2026-05-24,Everton,AWAY,fouls_committed,9.5,19,13,0.6842105263157895
2025-26,2026-05-24,Everton,AWAY,fouls_committed,10.5,19,11,0.5789473684210527
2025-26,2026-05-24,Everton,AWAY,fouls_committed,11.5,19,9,0.47368421052631576
2025-26,2026-05-24,Everton,AWAY,fouls_committed,12.5,19,5,0.2631578947368421
2025-26,2026-05-24,Everton,AWAY,fouls_committed,13.5,19,3,0.15789473684210525
2025-26,2026-05-24,Everton,AWAY,fouls_committed,14.5,19,0,0.0
2025-26,2026-05-24,Everton,AWAY,fouls_committed,15.5,19,0,0.0
2025-26,2026-05-24,Everton,AWAY,fouls_suffered,8.5,19,14,0.7368421052631579
2025-26,2026-05-24,Everton,AWAY,fouls_suffered,9.5,19,13,0.6842105263157895
2025-26,2026-05-24,Everton,AWAY,fouls_suffered,10.5,19,12,0.631578947368421
2025-26,2026-05-24,Everton,AWAY,fouls_suffered,11.5,19,8,0.42105263157894735
2025-26,2026-05-24,Everton,AWAY,fouls_suffered,12.5,19,7,0.3684210526315789
2025-26,2026-05-24,Everton,AWAY,fouls_suffered,13.5,19,5,0.2631578947368421
2025-26,2026-05-24,Everton,AWAY,fouls_suffered,14.5,19,4,0.21052631578947367
2025-26,2026-05-24,Everton,AWAY,fouls_suffered,15.5,19,0,0.0
2025-26,2026-05-24,Everton,AWAY,corners_for,2.5,19,11,0.5789473684210527
2025-26,2026-05-24,Everton,AWAY,corners_for,3.5,19,8,0.42105263157894735
2025-26,2026-05-24,Everton,AWAY,corners_for,4.5,19,5,0.2631578947368421
2025-26,2026-05-24,Everton,AWAY,corners_for,5.5,19,4,0.21052631578947367
2025-26,2026-05-24,Everton,AWAY,corners_for,6.5,19,2,0.10526315789473684
2025-26,2026-05-24,Everton,AWAY,corners_for,7.5,19,1,0.05263157894736842
2025-26,2026-05-24,Everton,AWAY,corners_against,2.5,19,16,0.8421052631578947
2025-26,2026-05-24,Everton,AWAY,corners_against,3.5,19,15,0.7894736842105263
2025-26,2026-05-24,Everton,AWAY,corners_against,4.5,19,13,0.6842105263157895
2025-26,2026-05-24,Everton,AWAY,corners_against,5.5,19,10,0.5263157894736842
2025-26,2026-05-24,Everton,AWAY,corners_against,6.5,19,6,0.3157894736842105
2025-26,2026-05-24,Everton,AWAY,corners_against,7.5,19,4,0.21052631578947367
2025-26,2026-05-24,Everton,AWAY,yellow_cards,0.5,19,15,0.7894736842105263
2025-26,2026-05-24,Everton,AWAY,yellow_cards,1.5,19,14,0.7368421052631579
2025-26,2026-05-24,Everton,AWAY,yellow_cards,2.5,19,6,0.3157894736842105
2025-26,2026-05-24,Everton,AWAY,yellow_cards,3.5,19,2,0.10526315789473684
2025-26,2026-05-24,Everton,AWAY,yellow_cards,4.5,19,1,0.05263157894736842
2025-26,2026-05-24,Fulham,ALL,fouls_committed,8.5,38,29,0.7631578947368421
2025-26,2026-05-24,Fulham,ALL,fouls_committed,9.5,38,27,0.7105263157894737
2025-26,2026-05-24,Fulham,ALL,fouls_committed,10.5,38,22,0.5789473684210527
2025-26,2026-05-24,Fulham,ALL,fouls_committed,11.5,38,15,0.39473684210526316
2025-26,2026-05-24,Fulham,ALL,fouls_committed,12.5,38,12,0.3157894736842105
2025-26,2026-05-24,Fulham,ALL,fouls_committed,13.5,38,7,0.18421052631578946
2025-26,2026-05-24,Fulham,ALL,fouls_committed,14.5,38,4,0.10526315789473684
2025-26,2026-05-24,Fulham,ALL,fouls_committed,15.5,38,3,0.07894736842105263
2025-26,2026-05-24,Fulham,ALL,fouls_suffered,8.5,38,20,0.5263157894736842
2025-26,2026-05-24,Fulham,ALL,fouls_suffered,9.5,38,18,0.47368421052631576
2025-26,2026-05-24,Fulham,ALL,fouls_suffered,10.5,38,15,0.39473684210526316
2025-26,2026-05-24,Fulham,ALL,fouls_suffered,11.5,38,11,0.2894736842105263
2025-26,2026-05-24,Fulham,ALL,fouls_suffered,12.5,38,8,0.21052631578947367
2025-26,2026-05-24,Fulham,ALL,fouls_suffered,13.5,38,6,0.15789473684210525
2025-26,2026-05-24,Fulham,ALL,fouls_suffered,14.5,38,4,0.10526315789473684
2025-26,2026-05-24,Fulham,ALL,fouls_suffered,15.5,38,3,0.07894736842105263
2025-26,2026-05-24,Fulham,ALL,corners_for,2.5,38,33,0.868421052631579
2025-26,2026-05-24,Fulham,ALL,corners_for,3.5,38,25,0.6578947368421053
2025-26,2026-05-24,Fulham,ALL,corners_for,4.5,38,18,0.47368421052631576
2025-26,2026-05-24,Fulham,ALL,corners_for,5.5,38,16,0.42105263157894735
2025-26,2026-05-24,Fulham,ALL,corners_for,6.5,38,9,0.23684210526315788
2025-26,2026-05-24,Fulham,ALL,corners_for,7.5,38,5,0.13157894736842105
2025-26,2026-05-24,Fulham,ALL,corners_against,2.5,38,34,0.8947368421052632
2025-26,2026-05-24,Fulham,ALL,corners_against,3.5,38,30,0.7894736842105263
2025-26,2026-05-24,Fulham,ALL,corners_against,4.5,38,24,0.631578947368421
2025-26,2026-05-24,Fulham,ALL,corners_against,5.5,38,19,0.5
2025-26,2026-05-24,Fulham,ALL,corners_against,6.5,38,10,0.2631578947368421
2025-26,2026-05-24,Fulham,ALL,corners_against,7.5,38,8,0.21052631578947367
2025-26,2026-05-24,Fulham,ALL,yellow_cards,0.5,38,33,0.868421052631579
2025-26,2026-05-24,Fulham,ALL,yellow_cards,1.5,38,21,0.5526315789473685
2025-26,2026-05-24,Fulham,ALL,yellow_cards,2.5,38,12,0.3157894736842105
2025-26,2026-05-24,Fulham,ALL,yellow_cards,3.5,38,6,0.15789473684210525
2025-26,2026-05-24,Fulham,ALL,yellow_cards,4.5,38,3,0.07894736842105263
2025-26,2026-05-24,Fulham,HOME,fouls_committed,8.5,19,15,0.7894736842105263
2025-26,2026-05-24,Fulham,HOME,fouls_committed,9.5,19,14,0.7368421052631579
2025-26,2026-05-24,Fulham,HOME,fouls_committed,10.5,19,13,0.6842105263157895
2025-26,2026-05-24,Fulham,HOME,fouls_committed,11.5,19,7,0.3684210526315789
2025-26,2026-05-24,Fulham,HOME,fouls_committed,12.5,19,5,0.2631578947368421
2025-26,2026-05-24,Fulham,HOME,fouls_committed,13.5,19,3,0.15789473684210525
2025-26,2026-05-24,Fulham,HOME,fouls_committed,14.5,19,1,0.05263157894736842
2025-26,2026-05-24,Fulham,HOME,fouls_committed,15.5,19,1,0.05263157894736842
2025-26,2026-05-24,Fulham,HOME,fouls_suffered,8.5,19,12,0.631578947368421
2025-26,2026-05-24,Fulham,HOME,fouls_suffered,9.5,19,10,0.5263157894736842
2025-26,2026-05-24,Fulham,HOME,fouls_suffered,10.5,19,9,0.47368421052631576
2025-26,2026-05-24,Fulham,HOME,fouls_suffered,11.5,19,9,0.47368421052631576
2025-26,2026-05-24,Fulham,HOME,fouls_suffered,12.5,19,6,0.3157894736842105
2025-26,2026-05-24,Fulham,HOME,fouls_suffered,13.5,19,4,0.21052631578947367
2025-26,2026-05-24,Fulham,HOME,fouls_suffered,14.5,19,2,0.10526315789473684
2025-26,2026-05-24,Fulham,HOME,fouls_suffered,15.5,19,1,0.05263157894736842
2025-26,2026-05-24,Fulham,HOME,corners_for,2.5,19,15,0.7894736842105263
2025-26,2026-05-24,Fulham,HOME,corners_for,3.5,19,13,0.6842105263157895
2025-26,2026-05-24,Fulham,HOME,corners_for,4.5,19,13,0.6842105263157895
2025-26,2026-05-24,Fulham,HOME,corners_for,5.5,19,12,0.631578947368421
2025-26,2026-05-24,Fulham,HOME,corners_for,6.5,19,6,0.3157894736842105
2025-26,2026-05-24,Fulham,HOME,corners_for,7.5,19,3,0.15789473684210525
2025-26,2026-05-24,Fulham,HOME,corners_against,2.5,19,16,0.8421052631578947
2025-26,2026-05-24,Fulham,HOME,corners_against,3.5,19,15,0.7894736842105263
2025-26,2026-05-24,Fulham,HOME,corners_against,4.5,19,13,0.6842105263157895
2025-26,2026-05-24,Fulham,HOME,corners_against,5.5,19,10,0.5263157894736842
2025-26,2026-05-24,Fulham,HOME,corners_against,6.5,19,5,0.2631578947368421
2025-26,2026-05-24,Fulham,HOME,corners_against,7.5,19,5,0.2631578947368421
2025-26,2026-05-24,Fulham,HOME,yellow_cards,0.5,19,16,0.8421052631578947
2025-26,2026-05-24,Fulham,HOME,yellow_cards,1.5,19,10,0.5263157894736842
2025-26,2026-05-24,Fulham,HOME,yellow_cards,2.5,19,6,0.3157894736842105
2025-26,2026-05-24,Fulham,HOME,yellow_cards,3.5,19,3,0.15789473684210525
2025-26,2026-05-24,Fulham,HOME,yellow_cards,4.5,19,1,0.05263157894736842
2025-26,2026-05-24,Fulham,AWAY,fouls_committed,8.5,19,14,0.7368421052631579
2025-26,2026-05-24,Fulham,AWAY,fouls_committed,9.5,19,13,0.6842105263157895
2025-26,2026-05-24,Fulham,AWAY,fouls_committed,10.5,19,9,0.47368421052631576
2025-26,2026-05-24,Fulham,AWAY,fouls_committed,11.5,19,8,0.42105263157894735
2025-26,2026-05-24,Fulham,AWAY,fouls_committed,12.5,19,7,0.3684210526315789
2025-26,2026-05-24,Fulham,AWAY,fouls_committed,13.5,19,4,0.21052631578947367
2025-26,2026-05-24,Fulham,AWAY,fouls_committed,14.5,19,3,0.15789473684210525
2025-26,2026-05-24,Fulham,AWAY,fouls_committed,15.5,19,2,0.10526315789473684
2025-26,2026-05-24,Fulham,AWAY,fouls_suffered,8.5,19,8,0.42105263157894735
2025-26,2026-05-24,Fulham,AWAY,fouls_suffered,9.5,19,8,0.42105263157894735
2025-26,2026-05-24,Fulham,AWAY,fouls_suffered,10.5,19,6,0.3157894736842105
2025-26,2026-05-24,Fulham,AWAY,fouls_suffered,11.5,19,2,0.10526315789473684
2025-26,2026-05-24,Fulham,AWAY,fouls_suffered,12.5,19,2,0.10526315789473684
2025-26,2026-05-24,Fulham,AWAY,fouls_suffered,13.5,19,2,0.10526315789473684
2025-26,2026-05-24,Fulham,AWAY,fouls_suffered,14.5,19,2,0.10526315789473684
2025-26,2026-05-24,Fulham,AWAY,fouls_suffered,15.5,19,2,0.10526315789473684
2025-26,2026-05-24,Fulham,AWAY,corners_for,2.5,19,18,0.9473684210526315
2025-26,2026-05-24,Fulham,AWAY,corners_for,3.5,19,12,0.631578947368421
2025-26,2026-05-24,Fulham,AWAY,corners_for,4.5,19,5,0.2631578947368421
2025-26,2026-05-24,Fulham,AWAY,corners_for,5.5,19,4,0.21052631578947367
2025-26,2026-05-24,Fulham,AWAY,corners_for,6.5,19,3,0.15789473684210525
2025-26,2026-05-24,Fulham,AWAY,corners_for,7.5,19,2,0.10526315789473684
2025-26,2026-05-24,Fulham,AWAY,corners_against,2.5,19,18,0.9473684210526315
2025-26,2026-05-24,Fulham,AWAY,corners_against,3.5,19,15,0.7894736842105263
2025-26,2026-05-24,Fulham,AWAY,corners_against,4.5,19,11,0.5789473684210527
2025-26,2026-05-24,Fulham,AWAY,corners_against,5.5,19,9,0.47368421052631576
2025-26,2026-05-24,Fulham,AWAY,corners_against,6.5,19,5,0.2631578947368421
2025-26,2026-05-24,Fulham,AWAY,corners_against,7.5,19,3,0.15789473684210525
2025-26,2026-05-24,Fulham,AWAY,yellow_cards,0.5,19,17,0.8947368421052632
2025-26,2026-05-24,Fulham,AWAY,yellow_cards,1.5,19,11,0.5789473684210527
2025-26,2026-05-24,Fulham,AWAY,yellow_cards,2.5,19,6,0.3157894736842105
2025-26,2026-05-24,Fulham,AWAY,yellow_cards,3.5,19,3,0.15789473684210525
2025-26,2026-05-24,Fulham,AWAY,yellow_cards,4.5,19,2,0.10526315789473684
2025-26,2026-05-24,Leeds,ALL,fouls_committed,8.5,38,30,0.7894736842105263
2025-26,2026-05-24,Leeds,ALL,fouls_committed,9.5,38,23,0.6052631578947368
2025-26,2026-05-24,Leeds,ALL,fouls_committed,10.5,38,16,0.42105263157894735
2025-26,2026-05-24,Leeds,ALL,fouls_committed,11.5,38,12,0.3157894736842105
2025-26,2026-05-24,Leeds,ALL,fouls_committed,12.5,38,9,0.23684210526315788
2025-26,2026-05-24,Leeds,ALL,fouls_committed,13.5,38,7,0.18421052631578946
2025-26,2026-05-24,Leeds,ALL,fouls_committed,14.5,38,5,0.13157894736842105
2025-26,2026-05-24,Leeds,ALL,fouls_committed,15.5,38,2,0.05263157894736842
2025-26,2026-05-24,Leeds,ALL,fouls_suffered,8.5,38,30,0.7894736842105263
2025-26,2026-05-24,Leeds,ALL,fouls_suffered,9.5,38,26,0.6842105263157895
2025-26,2026-05-24,Leeds,ALL,fouls_suffered,10.5,38,21,0.5526315789473685
2025-26,2026-05-24,Leeds,ALL,fouls_suffered,11.5,38,14,0.3684210526315789
2025-26,2026-05-24,Leeds,ALL,fouls_suffered,12.5,38,9,0.23684210526315788
2025-26,2026-05-24,Leeds,ALL,fouls_suffered,13.5,38,7,0.18421052631578946
2025-26,2026-05-24,Leeds,ALL,fouls_suffered,14.5,38,6,0.15789473684210525
2025-26,2026-05-24,Leeds,ALL,fouls_suffered,15.5,38,5,0.13157894736842105
2025-26,2026-05-24,Leeds,ALL,corners_for,2.5,38,31,0.8157894736842105
2025-26,2026-05-24,Leeds,ALL,corners_for,3.5,38,25,0.6578947368421053
2025-26,2026-05-24,Leeds,ALL,corners_for,4.5,38,17,0.4473684210526316
2025-26,2026-05-24,Leeds,ALL,corners_for,5.5,38,10,0.2631578947368421
2025-26,2026-05-24,Leeds,ALL,corners_for,6.5,38,8,0.21052631578947367
2025-26,2026-05-24,Leeds,ALL,corners_for,7.5,38,3,0.07894736842105263
2025-26,2026-05-24,Leeds,ALL,corners_against,2.5,38,29,0.7631578947368421
2025-26,2026-05-24,Leeds,ALL,corners_against,3.5,38,24,0.631578947368421
2025-26,2026-05-24,Leeds,ALL,corners_against,4.5,38,16,0.42105263157894735
2025-26,2026-05-24,Leeds,ALL,corners_against,5.5,38,14,0.3684210526315789
2025-26,2026-05-24,Leeds,ALL,corners_against,6.5,38,11,0.2894736842105263
2025-26,2026-05-24,Leeds,ALL,corners_against,7.5,38,10,0.2631578947368421
2025-26,2026-05-24,Leeds,ALL,yellow_cards,0.5,38,32,0.8421052631578947
2025-26,2026-05-24,Leeds,ALL,yellow_cards,1.5,38,17,0.4473684210526316
2025-26,2026-05-24,Leeds,ALL,yellow_cards,2.5,38,8,0.21052631578947367
2025-26,2026-05-24,Leeds,ALL,yellow_cards,3.5,38,4,0.10526315789473684
2025-26,2026-05-24,Leeds,ALL,yellow_cards,4.5,38,1,0.02631578947368421
2025-26,2026-05-24,Leeds,HOME,fouls_committed,8.5,19,15,0.7894736842105263
2025-26,2026-05-24,Leeds,HOME,fouls_committed,9.5,19,11,0.5789473684210527
2025-26,2026-05-24,Leeds,HOME,fouls_committed,10.5,19,6,0.3157894736842105
2025-26,2026-05-24,Leeds,HOME,fouls_committed,11.5,19,6,0.3157894736842105
2025-26,2026-05-24,Leeds,HOME,fouls_committed,12.5,19,3,0.15789473684210525
2025-26,2026-05-24,Leeds,HOME,fouls_committed,13.5,19,3,0.15789473684210525
2025-26,2026-05-24,Leeds,HOME,fouls_committed,14.5,19,2,0.10526315789473684
2025-26,2026-05-24,Leeds,HOME,fouls_committed,15.5,19,1,0.05263157894736842
2025-26,2026-05-24,Leeds,HOME,fouls_suffered,8.5,19,15,0.7894736842105263
2025-26,2026-05-24,Leeds,HOME,fouls_suffered,9.5,19,13,0.6842105263157895
2025-26,2026-05-24,Leeds,HOME,fouls_suffered,10.5,19,12,0.631578947368421
2025-26,2026-05-24,Leeds,HOME,fouls_suffered,11.5,19,9,0.47368421052631576
2025-26,2026-05-24,Leeds,HOME,fouls_suffered,12.5,19,7,0.3684210526315789
2025-26,2026-05-24,Leeds,HOME,fouls_suffered,13.5,19,5,0.2631578947368421
2025-26,2026-05-24,Leeds,HOME,fouls_suffered,14.5,19,4,0.21052631578947367
2025-26,2026-05-24,Leeds,HOME,fouls_suffered,15.5,19,3,0.15789473684210525
2025-26,2026-05-24,Leeds,HOME,corners_for,2.5,19,19,1.0
2025-26,2026-05-24,Leeds,HOME,corners_for,3.5,19,17,0.8947368421052632
2025-26,2026-05-24,Leeds,HOME,corners_for,4.5,19,14,0.7368421052631579
2025-26,2026-05-24,Leeds,HOME,corners_for,5.5,19,8,0.42105263157894735
2025-26,2026-05-24,Leeds,HOME,corners_for,6.5,19,6,0.3157894736842105
2025-26,2026-05-24,Leeds,HOME,corners_for,7.5,19,2,0.10526315789473684
2025-26,2026-05-24,Leeds,HOME,corners_against,2.5,19,13,0.6842105263157895
2025-26,2026-05-24,Leeds,HOME,corners_against,3.5,19,10,0.5263157894736842
2025-26,2026-05-24,Leeds,HOME,corners_against,4.5,19,6,0.3157894736842105
2025-26,2026-05-24,Leeds,HOME,corners_against,5.5,19,4,0.21052631578947367
2025-26,2026-05-24,Leeds,HOME,corners_against,6.5,19,3,0.15789473684210525
2025-26,2026-05-24,Leeds,HOME,corners_against,7.5,19,3,0.15789473684210525
2025-26,2026-05-24,Leeds,HOME,yellow_cards,0.5,19,16,0.8421052631578947
2025-26,2026-05-24,Leeds,HOME,yellow_cards,1.5,19,8,0.42105263157894735
2025-26,2026-05-24,Leeds,HOME,yellow_cards,2.5,19,4,0.21052631578947367
2025-26,2026-05-24,Leeds,HOME,yellow_cards,3.5,19,2,0.10526315789473684
2025-26,2026-05-24,Leeds,HOME,yellow_cards,4.5,19,1,0.05263157894736842
2025-26,2026-05-24,Leeds,AWAY,fouls_committed,8.5,19,15,0.7894736842105263
2025-26,2026-05-24,Leeds,AWAY,fouls_committed,9.5,19,12,0.631578947368421
2025-26,2026-05-24,Leeds,AWAY,fouls_committed,10.5,19,10,0.5263157894736842
2025-26,2026-05-24,Leeds,AWAY,fouls_committed,11.5,19,6,0.3157894736842105
2025-26,2026-05-24,Leeds,AWAY,fouls_committed,12.5,19,6,0.3157894736842105
2025-26,2026-05-24,Leeds,AWAY,fouls_committed,13.5,19,4,0.21052631578947367
2025-26,2026-05-24,Leeds,AWAY,fouls_committed,14.5,19,3,0.15789473684210525
2025-26,2026-05-24,Leeds,AWAY,fouls_committed,15.5,19,1,0.05263157894736842
2025-26,2026-05-24,Leeds,AWAY,fouls_suffered,8.5,19,15,0.7894736842105263
2025-26,2026-05-24,Leeds,AWAY,fouls_suffered,9.5,19,13,0.6842105263157895
2025-26,2026-05-24,Leeds,AWAY,fouls_suffered,10.5,19,9,0.47368421052631576
2025-26,2026-05-24,Leeds,AWAY,fouls_suffered,11.5,19,5,0.2631578947368421
2025-26,2026-05-24,Leeds,AWAY,fouls_suffered,12.5,19,2,0.10526315789473684
2025-26,2026-05-24,Leeds,AWAY,fouls_suffered,13.5,19,2,0.10526315789473684
2025-26,2026-05-24,Leeds,AWAY,fouls_suffered,14.5,19,2,0.10526315789473684
2025-26,2026-05-24,Leeds,AWAY,fouls_suffered,15.5,19,2,0.10526315789473684
2025-26,2026-05-24,Leeds,AWAY,corners_for,2.5,19,12,0.631578947368421
2025-26,2026-05-24,Leeds,AWAY,corners_for,3.5,19,8,0.42105263157894735
2025-26,2026-05-24,Leeds,AWAY,corners_for,4.5,19,3,0.15789473684210525
2025-26,2026-05-24,Leeds,AWAY,corners_for,5.5,19,2,0.10526315789473684
2025-26,2026-05-24,Leeds,AWAY,corners_for,6.5,19,2,0.10526315789473684
2025-26,2026-05-24,Leeds,AWAY,corners_for,7.5,19,1,0.05263157894736842
2025-26,2026-05-24,Leeds,AWAY,corners_against,2.5,19,16,0.8421052631578947
2025-26,2026-05-24,Leeds,AWAY,corners_against,3.5,19,14,0.7368421052631579
2025-26,2026-05-24,Leeds,AWAY,corners_against,4.5,19,10,0.5263157894736842
2025-26,2026-05-24,Leeds,AWAY,corners_against,5.5,19,10,0.5263157894736842
2025-26,2026-05-24,Leeds,AWAY,corners_against,6.5,19,8,0.42105263157894735
2025-26,2026-05-24,Leeds,AWAY,corners_against,7.5,19,7,0.3684210526315789
2025-26,2026-05-24,Leeds,AWAY,yellow_cards,0.5,19,16,0.8421052631578947
2025-26,2026-05-24,Leeds,AWAY,yellow_cards,1.5,19,9,0.47368421052631576
2025-26,2026-05-24,Leeds,AWAY,yellow_cards,2.5,19,4,0.21052631578947367
2025-26,2026-05-24,Leeds,AWAY,yellow_cards,3.5,19,2,0.10526315789473684
2025-26,2026-05-24,Leeds,AWAY,yellow_cards,4.5,19,0,0.0
2025-26,2026-05-24,Liverpool,ALL,fouls_committed,8.5,38,26,0.6842105263157895
2025-26,2026-05-24,Liverpool,ALL,fouls_committed,9.5,38,21,0.5526315789473685
2025-26,2026-05-24,Liverpool,ALL,fouls_committed,10.5,38,15,0.39473684210526316
2025-26,2026-05-24,Liverpool,ALL,fouls_committed,11.5,38,10,0.2631578947368421
2025-26,2026-05-24,Liverpool,ALL,fouls_committed,12.5,38,8,0.21052631578947367
2025-26,2026-05-24,Liverpool,ALL,fouls_committed,13.5,38,5,0.13157894736842105
2025-26,2026-05-24,Liverpool,ALL,fouls_committed,14.5,38,3,0.07894736842105263
2025-26,2026-05-24,Liverpool,ALL,fouls_committed,15.5,38,1,0.02631578947368421
2025-26,2026-05-24,Liverpool,ALL,fouls_suffered,8.5,38,29,0.7631578947368421
2025-26,2026-05-24,Liverpool,ALL,fouls_suffered,9.5,38,25,0.6578947368421053
2025-26,2026-05-24,Liverpool,ALL,fouls_suffered,10.5,38,17,0.4473684210526316
2025-26,2026-05-24,Liverpool,ALL,fouls_suffered,11.5,38,13,0.34210526315789475
2025-26,2026-05-24,Liverpool,ALL,fouls_suffered,12.5,38,10,0.2631578947368421
2025-26,2026-05-24,Liverpool,ALL,fouls_suffered,13.5,38,7,0.18421052631578946
2025-26,2026-05-24,Liverpool,ALL,fouls_suffered,14.5,38,4,0.10526315789473684
2025-26,2026-05-24,Liverpool,ALL,fouls_suffered,15.5,38,3,0.07894736842105263
2025-26,2026-05-24,Liverpool,ALL,corners_for,2.5,38,30,0.7894736842105263
2025-26,2026-05-24,Liverpool,ALL,corners_for,3.5,38,28,0.7368421052631579
2025-26,2026-05-24,Liverpool,ALL,corners_for,4.5,38,26,0.6842105263157895
2025-26,2026-05-24,Liverpool,ALL,corners_for,5.5,38,22,0.5789473684210527
2025-26,2026-05-24,Liverpool,ALL,corners_for,6.5,38,16,0.42105263157894735
2025-26,2026-05-24,Liverpool,ALL,corners_for,7.5,38,13,0.34210526315789475
2025-26,2026-05-24,Liverpool,ALL,corners_against,2.5,38,29,0.7631578947368421
2025-26,2026-05-24,Liverpool,ALL,corners_against,3.5,38,22,0.5789473684210527
2025-26,2026-05-24,Liverpool,ALL,corners_against,4.5,38,14,0.3684210526315789
2025-26,2026-05-24,Liverpool,ALL,corners_against,5.5,38,11,0.2894736842105263
2025-26,2026-05-24,Liverpool,ALL,corners_against,6.5,38,10,0.2631578947368421
2025-26,2026-05-24,Liverpool,ALL,corners_against,7.5,38,4,0.10526315789473684
2025-26,2026-05-24,Liverpool,ALL,yellow_cards,0.5,38,29,0.7631578947368421
2025-26,2026-05-24,Liverpool,ALL,yellow_cards,1.5,38,19,0.5
2025-26,2026-05-24,Liverpool,ALL,yellow_cards,2.5,38,6,0.15789473684210525
2025-26,2026-05-24,Liverpool,ALL,yellow_cards,3.5,38,2,0.05263157894736842
2025-26,2026-05-24,Liverpool,ALL,yellow_cards,4.5,38,1,0.02631578947368421
2025-26,2026-05-24,Liverpool,HOME,fouls_committed,8.5,19,12,0.631578947368421
2025-26,2026-05-24,Liverpool,HOME,fouls_committed,9.5,19,11,0.5789473684210527
2025-26,2026-05-24,Liverpool,HOME,fouls_committed,10.5,19,7,0.3684210526315789
2025-26,2026-05-24,Liverpool,HOME,fouls_committed,11.5,19,4,0.21052631578947367
2025-26,2026-05-24,Liverpool,HOME,fouls_committed,12.5,19,3,0.15789473684210525
2025-26,2026-05-24,Liverpool,HOME,fouls_committed,13.5,19,1,0.05263157894736842
2025-26,2026-05-24,Liverpool,HOME,fouls_committed,14.5,19,1,0.05263157894736842
2025-26,2026-05-24,Liverpool,HOME,fouls_committed,15.5,19,1,0.05263157894736842
2025-26,2026-05-24,Liverpool,HOME,fouls_suffered,8.5,19,14,0.7368421052631579
2025-26,2026-05-24,Liverpool,HOME,fouls_suffered,9.5,19,13,0.6842105263157895
2025-26,2026-05-24,Liverpool,HOME,fouls_suffered,10.5,19,8,0.42105263157894735
2025-26,2026-05-24,Liverpool,HOME,fouls_suffered,11.5,19,6,0.3157894736842105
2025-26,2026-05-24,Liverpool,HOME,fouls_suffered,12.5,19,6,0.3157894736842105
2025-26,2026-05-24,Liverpool,HOME,fouls_suffered,13.5,19,4,0.21052631578947367
2025-26,2026-05-24,Liverpool,HOME,fouls_suffered,14.5,19,3,0.15789473684210525
2025-26,2026-05-24,Liverpool,HOME,fouls_suffered,15.5,19,2,0.10526315789473684
2025-26,2026-05-24,Liverpool,HOME,corners_for,2.5,19,17,0.8947368421052632
2025-26,2026-05-24,Liverpool,HOME,corners_for,3.5,19,15,0.7894736842105263
2025-26,2026-05-24,Liverpool,HOME,corners_for,4.5,19,15,0.7894736842105263
2025-26,2026-05-24,Liverpool,HOME,corners_for,5.5,19,11,0.5789473684210527
2025-26,2026-05-24,Liverpool,HOME,corners_for,6.5,19,8,0.42105263157894735
2025-26,2026-05-24,Liverpool,HOME,corners_for,7.5,19,6,0.3157894736842105
2025-26,2026-05-24,Liverpool,HOME,corners_against,2.5,19,15,0.7894736842105263
2025-26,2026-05-24,Liverpool,HOME,corners_against,3.5,19,13,0.6842105263157895
2025-26,2026-05-24,Liverpool,HOME,corners_against,4.5,19,7,0.3684210526315789
2025-26,2026-05-24,Liverpool,HOME,corners_against,5.5,19,6,0.3157894736842105
2025-26,2026-05-24,Liverpool,HOME,corners_against,6.5,19,5,0.2631578947368421
2025-26,2026-05-24,Liverpool,HOME,corners_against,7.5,19,4,0.21052631578947367
2025-26,2026-05-24,Liverpool,HOME,yellow_cards,0.5,19,14,0.7368421052631579
2025-26,2026-05-24,Liverpool,HOME,yellow_cards,1.5,19,8,0.42105263157894735
2025-26,2026-05-24,Liverpool,HOME,yellow_cards,2.5,19,0,0.0
2025-26,2026-05-24,Liverpool,HOME,yellow_cards,3.5,19,0,0.0
2025-26,2026-05-24,Liverpool,HOME,yellow_cards,4.5,19,0,0.0
2025-26,2026-05-24,Liverpool,AWAY,fouls_committed,8.5,19,14,0.7368421052631579
2025-26,2026-05-24,Liverpool,AWAY,fouls_committed,9.5,19,10,0.5263157894736842
2025-26,2026-05-24,Liverpool,AWAY,fouls_committed,10.5,19,8,0.42105263157894735
2025-26,2026-05-24,Liverpool,AWAY,fouls_committed,11.5,19,6,0.3157894736842105
2025-26,2026-05-24,Liverpool,AWAY,fouls_committed,12.5,19,5,0.2631578947368421
2025-26,2026-05-24,Liverpool,AWAY,fouls_committed,13.5,19,4,0.21052631578947367
2025-26,2026-05-24,Liverpool,AWAY,fouls_committed,14.5,19,2,0.10526315789473684
2025-26,2026-05-24,Liverpool,AWAY,fouls_committed,15.5,19,0,0.0
2025-26,2026-05-24,Liverpool,AWAY,fouls_suffered,8.5,19,15,0.7894736842105263
2025-26,2026-05-24,Liverpool,AWAY,fouls_suffered,9.5,19,12,0.631578947368421
2025-26,2026-05-24,Liverpool,AWAY,fouls_suffered,10.5,19,9,0.47368421052631576
2025-26,2026-05-24,Liverpool,AWAY,fouls_suffered,11.5,19,7,0.3684210526315789
2025-26,2026-05-24,Liverpool,AWAY,fouls_suffered,12.5,19,4,0.21052631578947367
2025-26,2026-05-24,Liverpool,AWAY,fouls_suffered,13.5,19,3,0.15789473684210525
2025-26,2026-05-24,Liverpool,AWAY,fouls_suffered,14.5,19,1,0.05263157894736842
2025-26,2026-05-24,Liverpool,AWAY,fouls_suffered,15.5,19,1,0.05263157894736842
2025-26,2026-05-24,Liverpool,AWAY,corners_for,2.5,19,13,0.6842105263157895
2025-26,2026-05-24,Liverpool,AWAY,corners_for,3.5,19,13,0.6842105263157895
2025-26,2026-05-24,Liverpool,AWAY,corners_for,4.5,19,11,0.5789473684210527
2025-26,2026-05-24,Liverpool,AWAY,corners_for,5.5,19,11,0.5789473684210527
2025-26,2026-05-24,Liverpool,AWAY,corners_for,6.5,19,8,0.42105263157894735
2025-26,2026-05-24,Liverpool,AWAY,corners_for,7.5,19,7,0.3684210526315789
2025-26,2026-05-24,Liverpool,AWAY,corners_against,2.5,19,14,0.7368421052631579
2025-26,2026-05-24,Liverpool,AWAY,corners_against,3.5,19,9,0.47368421052631576
2025-26,2026-05-24,Liverpool,AWAY,corners_against,4.5,19,7,0.3684210526315789
2025-26,2026-05-24,Liverpool,AWAY,corners_against,5.5,19,5,0.2631578947368421
2025-26,2026-05-24,Liverpool,AWAY,corners_against,6.5,19,5,0.2631578947368421
2025-26,2026-05-24,Liverpool,AWAY,corners_against,7.5,19,0,0.0
2025-26,2026-05-24,Liverpool,AWAY,yellow_cards,0.5,19,15,0.7894736842105263
2025-26,2026-05-24,Liverpool,AWAY,yellow_cards,1.5,19,11,0.5789473684210527
2025-26,2026-05-24,Liverpool,AWAY,yellow_cards,2.5,19,6,0.3157894736842105
2025-26,2026-05-24,Liverpool,AWAY,yellow_cards,3.5,19,2,0.10526315789473684
2025-26,2026-05-24,Liverpool,AWAY,yellow_cards,4.5,19,1,0.05263157894736842
2025-26,2026-05-24,Manchester City,ALL,fouls_committed,8.5,38,17,0.4473684210526316
2025-26,2026-05-24,Manchester City,ALL,fouls_committed,9.5,38,16,0.42105263157894735
2025-26,2026-05-24,Manchester City,ALL,fouls_committed,10.5,38,13,0.34210526315789475
2025-26,2026-05-24,Manchester City,ALL,fouls_committed,11.5,38,13,0.34210526315789475
2025-26,2026-05-24,Manchester City,ALL,fouls_committed,12.5,38,9,0.23684210526315788
2025-26,2026-05-24,Manchester City,ALL,fouls_committed,13.5,38,8,0.21052631578947367
2025-26,2026-05-24,Manchester City,ALL,fouls_committed,14.5,38,5,0.13157894736842105
2025-26,2026-05-24,Manchester City,ALL,fouls_committed,15.5,38,5,0.13157894736842105
2025-26,2026-05-24,Manchester City,ALL,fouls_suffered,8.5,38,31,0.8157894736842105
2025-26,2026-05-24,Manchester City,ALL,fouls_suffered,9.5,38,28,0.7368421052631579
2025-26,2026-05-24,Manchester City,ALL,fouls_suffered,10.5,38,21,0.5526315789473685
2025-26,2026-05-24,Manchester City,ALL,fouls_suffered,11.5,38,18,0.47368421052631576
2025-26,2026-05-24,Manchester City,ALL,fouls_suffered,12.5,38,16,0.42105263157894735
2025-26,2026-05-24,Manchester City,ALL,fouls_suffered,13.5,38,11,0.2894736842105263
2025-26,2026-05-24,Manchester City,ALL,fouls_suffered,14.5,38,6,0.15789473684210525
2025-26,2026-05-24,Manchester City,ALL,fouls_suffered,15.5,38,3,0.07894736842105263
2025-26,2026-05-24,Manchester City,ALL,corners_for,2.5,38,32,0.8421052631578947
2025-26,2026-05-24,Manchester City,ALL,corners_for,3.5,38,31,0.8157894736842105
2025-26,2026-05-24,Manchester City,ALL,corners_for,4.5,38,27,0.7105263157894737
2025-26,2026-05-24,Manchester City,ALL,corners_for,5.5,38,24,0.631578947368421
2025-26,2026-05-24,Manchester City,ALL,corners_for,6.5,38,16,0.42105263157894735
2025-26,2026-05-24,Manchester City,ALL,corners_for,7.5,38,14,0.3684210526315789
2025-26,2026-05-24,Manchester City,ALL,corners_against,2.5,38,27,0.7105263157894737
2025-26,2026-05-24,Manchester City,ALL,corners_against,3.5,38,21,0.5526315789473685
2025-26,2026-05-24,Manchester City,ALL,corners_against,4.5,38,14,0.3684210526315789
2025-26,2026-05-24,Manchester City,ALL,corners_against,5.5,38,5,0.13157894736842105
2025-26,2026-05-24,Manchester City,ALL,corners_against,6.5,38,4,0.10526315789473684
2025-26,2026-05-24,Manchester City,ALL,corners_against,7.5,38,1,0.02631578947368421
2025-26,2026-05-24,Manchester City,ALL,yellow_cards,0.5,38,32,0.8421052631578947
2025-26,2026-05-24,Manchester City,ALL,yellow_cards,1.5,38,21,0.5526315789473685
2025-26,2026-05-24,Manchester City,ALL,yellow_cards,2.5,38,10,0.2631578947368421
2025-26,2026-05-24,Manchester City,ALL,yellow_cards,3.5,38,4,0.10526315789473684
2025-26,2026-05-24,Manchester City,ALL,yellow_cards,4.5,38,0,0.0
2025-26,2026-05-24,Manchester City,HOME,fouls_committed,8.5,19,9,0.47368421052631576
2025-26,2026-05-24,Manchester City,HOME,fouls_committed,9.5,19,8,0.42105263157894735
2025-26,2026-05-24,Manchester City,HOME,fouls_committed,10.5,19,6,0.3157894736842105
2025-26,2026-05-24,Manchester City,HOME,fouls_committed,11.5,19,6,0.3157894736842105
2025-26,2026-05-24,Manchester City,HOME,fouls_committed,12.5,19,4,0.21052631578947367
2025-26,2026-05-24,Manchester City,HOME,fouls_committed,13.5,19,4,0.21052631578947367
2025-26,2026-05-24,Manchester City,HOME,fouls_committed,14.5,19,3,0.15789473684210525
2025-26,2026-05-24,Manchester City,HOME,fouls_committed,15.5,19,3,0.15789473684210525
2025-26,2026-05-24,Manchester City,HOME,fouls_suffered,8.5,19,14,0.7368421052631579
2025-26,2026-05-24,Manchester City,HOME,fouls_suffered,9.5,19,14,0.7368421052631579
2025-26,2026-05-24,Manchester City,HOME,fouls_suffered,10.5,19,11,0.5789473684210527
2025-26,2026-05-24,Manchester City,HOME,fouls_suffered,11.5,19,9,0.47368421052631576
2025-26,2026-05-24,Manchester City,HOME,fouls_suffered,12.5,19,7,0.3684210526315789
2025-26,2026-05-24,Manchester City,HOME,fouls_suffered,13.5,19,6,0.3157894736842105
2025-26,2026-05-24,Manchester City,HOME,fouls_suffered,14.5,19,2,0.10526315789473684
2025-26,2026-05-24,Manchester City,HOME,fouls_suffered,15.5,19,1,0.05263157894736842
2025-26,2026-05-24,Manchester City,HOME,corners_for,2.5,19,18,0.9473684210526315
2025-26,2026-05-24,Manchester City,HOME,corners_for,3.5,19,18,0.9473684210526315
2025-26,2026-05-24,Manchester City,HOME,corners_for,4.5,19,16,0.8421052631578947
2025-26,2026-05-24,Manchester City,HOME,corners_for,5.5,19,15,0.7894736842105263
2025-26,2026-05-24,Manchester City,HOME,corners_for,6.5,19,11,0.5789473684210527
2025-26,2026-05-24,Manchester City,HOME,corners_for,7.5,19,9,0.47368421052631576
2025-26,2026-05-24,Manchester City,HOME,corners_against,2.5,19,11,0.5789473684210527
2025-26,2026-05-24,Manchester City,HOME,corners_against,3.5,19,10,0.5263157894736842
2025-26,2026-05-24,Manchester City,HOME,corners_against,4.5,19,5,0.2631578947368421
2025-26,2026-05-24,Manchester City,HOME,corners_against,5.5,19,2,0.10526315789473684
2025-26,2026-05-24,Manchester City,HOME,corners_against,6.5,19,1,0.05263157894736842
2025-26,2026-05-24,Manchester City,HOME,corners_against,7.5,19,0,0.0
2025-26,2026-05-24,Manchester City,HOME,yellow_cards,0.5,19,15,0.7894736842105263
2025-26,2026-05-24,Manchester City,HOME,yellow_cards,1.5,19,8,0.42105263157894735
2025-26,2026-05-24,Manchester City,HOME,yellow_cards,2.5,19,4,0.21052631578947367
2025-26,2026-05-24,Manchester City,HOME,yellow_cards,3.5,19,2,0.10526315789473684
2025-26,2026-05-24,Manchester City,HOME,yellow_cards,4.5,19,0,0.0
2025-26,2026-05-24,Manchester City,AWAY,fouls_committed,8.5,19,8,0.42105263157894735
2025-26,2026-05-24,Manchester City,AWAY,fouls_committed,9.5,19,8,0.42105263157894735
2025-26,2026-05-24,Manchester City,AWAY,fouls_committed,10.5,19,7,0.3684210526315789
2025-26,2026-05-24,Manchester City,AWAY,fouls_committed,11.5,19,7,0.3684210526315789
2025-26,2026-05-24,Manchester City,AWAY,fouls_committed,12.5,19,5,0.2631578947368421
2025-26,2026-05-24,Manchester City,AWAY,fouls_committed,13.5,19,4,0.21052631578947367
2025-26,2026-05-24,Manchester City,AWAY,fouls_committed,14.5,19,2,0.10526315789473684
2025-26,2026-05-24,Manchester City,AWAY,fouls_committed,15.5,19,2,0.10526315789473684
2025-26,2026-05-24,Manchester City,AWAY,fouls_suffered,8.5,19,17,0.8947368421052632
2025-26,2026-05-24,Manchester City,AWAY,fouls_suffered,9.5,19,14,0.7368421052631579
2025-26,2026-05-24,Manchester City,AWAY,fouls_suffered,10.5,19,10,0.5263157894736842
2025-26,2026-05-24,Manchester City,AWAY,fouls_suffered,11.5,19,9,0.47368421052631576
2025-26,2026-05-24,Manchester City,AWAY,fouls_suffered,12.5,19,9,0.47368421052631576
2025-26,2026-05-24,Manchester City,AWAY,fouls_suffered,13.5,19,5,0.2631578947368421
2025-26,2026-05-24,Manchester City,AWAY,fouls_suffered,14.5,19,4,0.21052631578947367
2025-26,2026-05-24,Manchester City,AWAY,fouls_suffered,15.5,19,2,0.10526315789473684
2025-26,2026-05-24,Manchester City,AWAY,corners_for,2.5,19,14,0.7368421052631579
2025-26,2026-05-24,Manchester City,AWAY,corners_for,3.5,19,13,0.6842105263157895
2025-26,2026-05-24,Manchester City,AWAY,corners_for,4.5,19,11,0.5789473684210527
2025-26,2026-05-24,Manchester City,AWAY,corners_for,5.5,19,9,0.47368421052631576
2025-26,2026-05-24,Manchester City,AWAY,corners_for,6.5,19,5,0.2631578947368421
2025-26,2026-05-24,Manchester City,AWAY,corners_for,7.5,19,5,0.2631578947368421
2025-26,2026-05-24,Manchester City,AWAY,corners_against,2.5,19,16,0.8421052631578947
2025-26,2026-05-24,Manchester City,AWAY,corners_against,3.5,19,11,0.5789473684210527
2025-26,2026-05-24,Manchester City,AWAY,corners_against,4.5,19,9,0.47368421052631576
2025-26,2026-05-24,Manchester City,AWAY,corners_against,5.5,19,3,0.15789473684210525
2025-26,2026-05-24,Manchester City,AWAY,corners_against,6.5,19,3,0.15789473684210525
2025-26,2026-05-24,Manchester City,AWAY,corners_against,7.5,19,1,0.05263157894736842
2025-26,2026-05-24,Manchester City,AWAY,yellow_cards,0.5,19,17,0.8947368421052632
2025-26,2026-05-24,Manchester City,AWAY,yellow_cards,1.5,19,13,0.6842105263157895
2025-26,2026-05-24,Manchester City,AWAY,yellow_cards,2.5,19,6,0.3157894736842105
2025-26,2026-05-24,Manchester City,AWAY,yellow_cards,3.5,19,2,0.10526315789473684
2025-26,2026-05-24,Manchester City,AWAY,yellow_cards,4.5,19,0,0.0
2025-26,2026-05-24,Manchester United,ALL,fouls_committed,8.5,38,28,0.7368421052631579
2025-26,2026-05-24,Manchester United,ALL,fouls_committed,9.5,38,22,0.5789473684210527
2025-26,2026-05-24,Manchester United,ALL,fouls_committed,10.5,38,17,0.4473684210526316
2025-26,2026-05-24,Manchester United,ALL,fouls_committed,11.5,38,16,0.42105263157894735
2025-26,2026-05-24,Manchester United,ALL,fouls_committed,12.5,38,10,0.2631578947368421
2025-26,2026-05-24,Manchester United,ALL,fouls_committed,13.5,38,5,0.13157894736842105
2025-26,2026-05-24,Manchester United,ALL,fouls_committed,14.5,38,2,0.05263157894736842
2025-26,2026-05-24,Manchester United,ALL,fouls_committed,15.5,38,1,0.02631578947368421
2025-26,2026-05-24,Manchester United,ALL,fouls_suffered,8.5,38,32,0.8421052631578947
2025-26,2026-05-24,Manchester United,ALL,fouls_suffered,9.5,38,25,0.6578947368421053
2025-26,2026-05-24,Manchester United,ALL,fouls_suffered,10.5,38,21,0.5526315789473685
2025-26,2026-05-24,Manchester United,ALL,fouls_suffered,11.5,38,16,0.42105263157894735
2025-26,2026-05-24,Manchester United,ALL,fouls_suffered,12.5,38,8,0.21052631578947367
2025-26,2026-05-24,Manchester United,ALL,fouls_suffered,13.5,38,7,0.18421052631578946
2025-26,2026-05-24,Manchester United,ALL,fouls_suffered,14.5,38,4,0.10526315789473684
2025-26,2026-05-24,Manchester United,ALL,fouls_suffered,15.5,38,2,0.05263157894736842
2025-26,2026-05-24,Manchester United,ALL,corners_for,2.5,38,30,0.7894736842105263
2025-26,2026-05-24,Manchester United,ALL,corners_for,3.5,38,24,0.631578947368421
2025-26,2026-05-24,Manchester United,ALL,corners_for,4.5,38,19,0.5
2025-26,2026-05-24,Manchester United,ALL,corners_for,5.5,38,15,0.39473684210526316
2025-26,2026-05-24,Manchester United,ALL,corners_for,6.5,38,11,0.2894736842105263
2025-26,2026-05-24,Manchester United,ALL,corners_for,7.5,38,6,0.15789473684210525
2025-26,2026-05-24,Manchester United,ALL,corners_against,2.5,38,28,0.7368421052631579
2025-26,2026-05-24,Manchester United,ALL,corners_against,3.5,38,27,0.7105263157894737
2025-26,2026-05-24,Manchester United,ALL,corners_against,4.5,38,21,0.5526315789473685
2025-26,2026-05-24,Manchester United,ALL,corners_against,5.5,38,17,0.4473684210526316
2025-26,2026-05-24,Manchester United,ALL,corners_against,6.5,38,10,0.2631578947368421
2025-26,2026-05-24,Manchester United,ALL,corners_against,7.5,38,7,0.18421052631578946
2025-26,2026-05-24,Manchester United,ALL,yellow_cards,0.5,38,33,0.868421052631579
2025-26,2026-05-24,Manchester United,ALL,yellow_cards,1.5,38,23,0.6052631578947368
2025-26,2026-05-24,Manchester United,ALL,yellow_cards,2.5,38,6,0.15789473684210525
2025-26,2026-05-24,Manchester United,ALL,yellow_cards,3.5,38,0,0.0
2025-26,2026-05-24,Manchester United,ALL,yellow_cards,4.5,38,0,0.0
2025-26,2026-05-24,Manchester United,HOME,fouls_committed,8.5,19,16,0.8421052631578947
2025-26,2026-05-24,Manchester United,HOME,fouls_committed,9.5,19,13,0.6842105263157895
2025-26,2026-05-24,Manchester United,HOME,fouls_committed,10.5,19,10,0.5263157894736842
2025-26,2026-05-24,Manchester United,HOME,fouls_committed,11.5,19,9,0.47368421052631576
2025-26,2026-05-24,Manchester United,HOME,fouls_committed,12.5,19,5,0.2631578947368421
2025-26,2026-05-24,Manchester United,HOME,fouls_committed,13.5,19,1,0.05263157894736842
2025-26,2026-05-24,Manchester United,HOME,fouls_committed,14.5,19,1,0.05263157894736842
2025-26,2026-05-24,Manchester United,HOME,fouls_committed,15.5,19,0,0.0
2025-26,2026-05-24,Manchester United,HOME,fouls_suffered,8.5,19,15,0.7894736842105263
2025-26,2026-05-24,Manchester United,HOME,fouls_suffered,9.5,19,10,0.5263157894736842
2025-26,2026-05-24,Manchester United,HOME,fouls_suffered,10.5,19,10,0.5263157894736842
2025-26,2026-05-24,Manchester United,HOME,fouls_suffered,11.5,19,8,0.42105263157894735
2025-26,2026-05-24,Manchester United,HOME,fouls_suffered,12.5,19,4,0.21052631578947367
2025-26,2026-05-24,Manchester United,HOME,fouls_suffered,13.5,19,3,0.15789473684210525
2025-26,2026-05-24,Manchester United,HOME,fouls_suffered,14.5,19,2,0.10526315789473684
2025-26,2026-05-24,Manchester United,HOME,fouls_suffered,15.5,19,1,0.05263157894736842
2025-26,2026-05-24,Manchester United,HOME,corners_for,2.5,19,15,0.7894736842105263
2025-26,2026-05-24,Manchester United,HOME,corners_for,3.5,19,12,0.631578947368421
2025-26,2026-05-24,Manchester United,HOME,corners_for,4.5,19,12,0.631578947368421
2025-26,2026-05-24,Manchester United,HOME,corners_for,5.5,19,10,0.5263157894736842
2025-26,2026-05-24,Manchester United,HOME,corners_for,6.5,19,8,0.42105263157894735
2025-26,2026-05-24,Manchester United,HOME,corners_for,7.5,19,3,0.15789473684210525
2025-26,2026-05-24,Manchester United,HOME,corners_against,2.5,19,14,0.7368421052631579
2025-26,2026-05-24,Manchester United,HOME,corners_against,3.5,19,13,0.6842105263157895
2025-26,2026-05-24,Manchester United,HOME,corners_against,4.5,19,9,0.47368421052631576
2025-26,2026-05-24,Manchester United,HOME,corners_against,5.5,19,8,0.42105263157894735
2025-26,2026-05-24,Manchester United,HOME,corners_against,6.5,19,3,0.15789473684210525
2025-26,2026-05-24,Manchester United,HOME,corners_against,7.5,19,2,0.10526315789473684
2025-26,2026-05-24,Manchester United,HOME,yellow_cards,0.5,19,17,0.8947368421052632
2025-26,2026-05-24,Manchester United,HOME,yellow_cards,1.5,19,13,0.6842105263157895
2025-26,2026-05-24,Manchester United,HOME,yellow_cards,2.5,19,2,0.10526315789473684
2025-26,2026-05-24,Manchester United,HOME,yellow_cards,3.5,19,0,0.0
2025-26,2026-05-24,Manchester United,HOME,yellow_cards,4.5,19,0,0.0
2025-26,2026-05-24,Manchester United,AWAY,fouls_committed,8.5,19,12,0.631578947368421
2025-26,2026-05-24,Manchester United,AWAY,fouls_committed,9.5,19,9,0.47368421052631576
2025-26,2026-05-24,Manchester United,AWAY,fouls_committed,10.5,19,7,0.3684210526315789
2025-26,2026-05-24,Manchester United,AWAY,fouls_committed,11.5,19,7,0.3684210526315789
2025-26,2026-05-24,Manchester United,AWAY,fouls_committed,12.5,19,5,0.2631578947368421
2025-26,2026-05-24,Manchester United,AWAY,fouls_committed,13.5,19,4,0.21052631578947367
2025-26,2026-05-24,Manchester United,AWAY,fouls_committed,14.5,19,1,0.05263157894736842
2025-26,2026-05-24,Manchester United,AWAY,fouls_committed,15.5,19,1,0.05263157894736842
2025-26,2026-05-24,Manchester United,AWAY,fouls_suffered,8.5,19,17,0.8947368421052632
2025-26,2026-05-24,Manchester United,AWAY,fouls_suffered,9.5,19,15,0.7894736842105263
2025-26,2026-05-24,Manchester United,AWAY,fouls_suffered,10.5,19,11,0.5789473684210527
2025-26,2026-05-24,Manchester United,AWAY,fouls_suffered,11.5,19,8,0.42105263157894735
2025-26,2026-05-24,Manchester United,AWAY,fouls_suffered,12.5,19,4,0.21052631578947367
2025-26,2026-05-24,Manchester United,AWAY,fouls_suffered,13.5,19,4,0.21052631578947367
2025-26,2026-05-24,Manchester United,AWAY,fouls_suffered,14.5,19,2,0.10526315789473684
2025-26,2026-05-24,Manchester United,AWAY,fouls_suffered,15.5,19,1,0.05263157894736842
2025-26,2026-05-24,Manchester United,AWAY,corners_for,2.5,19,15,0.7894736842105263
2025-26,2026-05-24,Manchester United,AWAY,corners_for,3.5,19,12,0.631578947368421
2025-26,2026-05-24,Manchester United,AWAY,corners_for,4.5,19,7,0.3684210526315789
2025-26,2026-05-24,Manchester United,AWAY,corners_for,5.5,19,5,0.2631578947368421
2025-26,2026-05-24,Manchester United,AWAY,corners_for,6.5,19,3,0.15789473684210525
2025-26,2026-05-24,Manchester United,AWAY,corners_for,7.5,19,3,0.15789473684210525
2025-26,2026-05-24,Manchester United,AWAY,corners_against,2.5,19,14,0.7368421052631579
2025-26,2026-05-24,Manchester United,AWAY,corners_against,3.5,19,14,0.7368421052631579
2025-26,2026-05-24,Manchester United,AWAY,corners_against,4.5,19,12,0.631578947368421
2025-26,2026-05-24,Manchester United,AWAY,corners_against,5.5,19,9,0.47368421052631576
2025-26,2026-05-24,Manchester United,AWAY,corners_against,6.5,19,7,0.3684210526315789
2025-26,2026-05-24,Manchester United,AWAY,corners_against,7.5,19,5,0.2631578947368421
2025-26,2026-05-24,Manchester United,AWAY,yellow_cards,0.5,19,16,0.8421052631578947
2025-26,2026-05-24,Manchester United,AWAY,yellow_cards,1.5,19,10,0.5263157894736842
2025-26,2026-05-24,Manchester United,AWAY,yellow_cards,2.5,19,4,0.21052631578947367
2025-26,2026-05-24,Manchester United,AWAY,yellow_cards,3.5,19,0,0.0
2025-26,2026-05-24,Manchester United,AWAY,yellow_cards,4.5,19,0,0.0
2025-26,2026-05-24,Newcastle United,ALL,fouls_committed,8.5,38,26,0.6842105263157895
2025-26,2026-05-24,Newcastle United,ALL,fouls_committed,9.5,38,24,0.631578947368421
2025-26,2026-05-24,Newcastle United,ALL,fouls_committed,10.5,38,17,0.4473684210526316
2025-26,2026-05-24,Newcastle United,ALL,fouls_committed,11.5,38,11,0.2894736842105263
2025-26,2026-05-24,Newcastle United,ALL,fouls_committed,12.5,38,10,0.2631578947368421
2025-26,2026-05-24,Newcastle United,ALL,fouls_committed,13.5,38,6,0.15789473684210525
2025-26,2026-05-24,Newcastle United,ALL,fouls_committed,14.5,38,5,0.13157894736842105
2025-26,2026-05-24,Newcastle United,ALL,fouls_committed,15.5,38,2,0.05263157894736842
2025-26,2026-05-24,Newcastle United,ALL,fouls_suffered,8.5,38,33,0.868421052631579
2025-26,2026-05-24,Newcastle United,ALL,fouls_suffered,9.5,38,28,0.7368421052631579
2025-26,2026-05-24,Newcastle United,ALL,fouls_suffered,10.5,38,24,0.631578947368421
2025-26,2026-05-24,Newcastle United,ALL,fouls_suffered,11.5,38,21,0.5526315789473685
2025-26,2026-05-24,Newcastle United,ALL,fouls_suffered,12.5,38,15,0.39473684210526316
2025-26,2026-05-24,Newcastle United,ALL,fouls_suffered,13.5,38,12,0.3157894736842105
2025-26,2026-05-24,Newcastle United,ALL,fouls_suffered,14.5,38,10,0.2631578947368421
2025-26,2026-05-24,Newcastle United,ALL,fouls_suffered,15.5,38,7,0.18421052631578946
2025-26,2026-05-24,Newcastle United,ALL,corners_for,2.5,38,30,0.7894736842105263
2025-26,2026-05-24,Newcastle United,ALL,corners_for,3.5,38,30,0.7894736842105263
2025-26,2026-05-24,Newcastle United,ALL,corners_for,4.5,38,26,0.6842105263157895
2025-26,2026-05-24,Newcastle United,ALL,corners_for,5.5,38,23,0.6052631578947368
2025-26,2026-05-24,Newcastle United,ALL,corners_for,6.5,38,17,0.4473684210526316
2025-26,2026-05-24,Newcastle United,ALL,corners_for,7.5,38,12,0.3157894736842105
2025-26,2026-05-24,Newcastle United,ALL,corners_against,2.5,38,30,0.7894736842105263
2025-26,2026-05-24,Newcastle United,ALL,corners_against,3.5,38,24,0.631578947368421
2025-26,2026-05-24,Newcastle United,ALL,corners_against,4.5,38,19,0.5
2025-26,2026-05-24,Newcastle United,ALL,corners_against,5.5,38,14,0.3684210526315789
2025-26,2026-05-24,Newcastle United,ALL,corners_against,6.5,38,11,0.2894736842105263
2025-26,2026-05-24,Newcastle United,ALL,corners_against,7.5,38,8,0.21052631578947367
2025-26,2026-05-24,Newcastle United,ALL,yellow_cards,0.5,38,33,0.868421052631579
2025-26,2026-05-24,Newcastle United,ALL,yellow_cards,1.5,38,20,0.5263157894736842
2025-26,2026-05-24,Newcastle United,ALL,yellow_cards,2.5,38,7,0.18421052631578946
2025-26,2026-05-24,Newcastle United,ALL,yellow_cards,3.5,38,2,0.05263157894736842
2025-26,2026-05-24,Newcastle United,ALL,yellow_cards,4.5,38,1,0.02631578947368421
2025-26,2026-05-24,Newcastle United,HOME,fouls_committed,8.5,19,13,0.6842105263157895
2025-26,2026-05-24,Newcastle United,HOME,fouls_committed,9.5,19,12,0.631578947368421
2025-26,2026-05-24,Newcastle United,HOME,fouls_committed,10.5,19,10,0.5263157894736842
2025-26,2026-05-24,Newcastle United,HOME,fouls_committed,11.5,19,7,0.3684210526315789
2025-26,2026-05-24,Newcastle United,HOME,fouls_committed,12.5,19,7,0.3684210526315789
2025-26,2026-05-24,Newcastle United,HOME,fouls_committed,13.5,19,5,0.2631578947368421
2025-26,2026-05-24,Newcastle United,HOME,fouls_committed,14.5,19,4,0.21052631578947367
2025-26,2026-05-24,Newcastle United,HOME,fouls_committed,15.5,19,2,0.10526315789473684
2025-26,2026-05-24,Newcastle United,HOME,fouls_suffered,8.5,19,17,0.8947368421052632
2025-26,2026-05-24,Newcastle United,HOME,fouls_suffered,9.5,19,16,0.8421052631578947
2025-26,2026-05-24,Newcastle United,HOME,fouls_suffered,10.5,19,15,0.7894736842105263
2025-26,2026-05-24,Newcastle United,HOME,fouls_suffered,11.5,19,13,0.6842105263157895
2025-26,2026-05-24,Newcastle United,HOME,fouls_suffered,12.5,19,8,0.42105263157894735
2025-26,2026-05-24,Newcastle United,HOME,fouls_suffered,13.5,19,8,0.42105263157894735
2025-26,2026-05-24,Newcastle United,HOME,fouls_suffered,14.5,19,7,0.3684210526315789
2025-26,2026-05-24,Newcastle United,HOME,fouls_suffered,15.5,19,5,0.2631578947368421
2025-26,2026-05-24,Newcastle United,HOME,corners_for,2.5,19,16,0.8421052631578947
2025-26,2026-05-24,Newcastle United,HOME,corners_for,3.5,19,16,0.8421052631578947
2025-26,2026-05-24,Newcastle United,HOME,corners_for,4.5,19,15,0.7894736842105263
2025-26,2026-05-24,Newcastle United,HOME,corners_for,5.5,19,14,0.7368421052631579
2025-26,2026-05-24,Newcastle United,HOME,corners_for,6.5,19,12,0.631578947368421
2025-26,2026-05-24,Newcastle United,HOME,corners_for,7.5,19,9,0.47368421052631576
2025-26,2026-05-24,Newcastle United,HOME,corners_against,2.5,19,15,0.7894736842105263
2025-26,2026-05-24,Newcastle United,HOME,corners_against,3.5,19,12,0.631578947368421
2025-26,2026-05-24,Newcastle United,HOME,corners_against,4.5,19,8,0.42105263157894735
2025-26,2026-05-24,Newcastle United,HOME,corners_against,5.5,19,6,0.3157894736842105
2025-26,2026-05-24,Newcastle United,HOME,corners_against,6.5,19,5,0.2631578947368421
2025-26,2026-05-24,Newcastle United,HOME,corners_against,7.5,19,5,0.2631578947368421
2025-26,2026-05-24,Newcastle United,HOME,yellow_cards,0.5,19,16,0.8421052631578947
2025-26,2026-05-24,Newcastle United,HOME,yellow_cards,1.5,19,10,0.5263157894736842
2025-26,2026-05-24,Newcastle United,HOME,yellow_cards,2.5,19,3,0.15789473684210525
2025-26,2026-05-24,Newcastle United,HOME,yellow_cards,3.5,19,0,0.0
2025-26,2026-05-24,Newcastle United,HOME,yellow_cards,4.5,19,0,0.0
2025-26,2026-05-24,Newcastle United,AWAY,fouls_committed,8.5,19,13,0.6842105263157895
2025-26,2026-05-24,Newcastle United,AWAY,fouls_committed,9.5,19,12,0.631578947368421
2025-26,2026-05-24,Newcastle United,AWAY,fouls_committed,10.5,19,7,0.3684210526315789
2025-26,2026-05-24,Newcastle United,AWAY,fouls_committed,11.5,19,4,0.21052631578947367
2025-26,2026-05-24,Newcastle United,AWAY,fouls_committed,12.5,19,3,0.15789473684210525
2025-26,2026-05-24,Newcastle United,AWAY,fouls_committed,13.5,19,1,0.05263157894736842
2025-26,2026-05-24,Newcastle United,AWAY,fouls_committed,14.5,19,1,0.05263157894736842
2025-26,2026-05-24,Newcastle United,AWAY,fouls_committed,15.5,19,0,0.0
2025-26,2026-05-24,Newcastle United,AWAY,fouls_suffered,8.5,19,16,0.8421052631578947
2025-26,2026-05-24,Newcastle United,AWAY,fouls_suffered,9.5,19,12,0.631578947368421
2025-26,2026-05-24,Newcastle United,AWAY,fouls_suffered,10.5,19,9,0.47368421052631576
2025-26,2026-05-24,Newcastle United,AWAY,fouls_suffered,11.5,19,8,0.42105263157894735
2025-26,2026-05-24,Newcastle United,AWAY,fouls_suffered,12.5,19,7,0.3684210526315789
2025-26,2026-05-24,Newcastle United,AWAY,fouls_suffered,13.5,19,4,0.21052631578947367
2025-26,2026-05-24,Newcastle United,AWAY,fouls_suffered,14.5,19,3,0.15789473684210525
2025-26,2026-05-24,Newcastle United,AWAY,fouls_suffered,15.5,19,2,0.10526315789473684
2025-26,2026-05-24,Newcastle United,AWAY,corners_for,2.5,19,14,0.7368421052631579
2025-26,2026-05-24,Newcastle United,AWAY,corners_for,3.5,19,14,0.7368421052631579
2025-26,2026-05-24,Newcastle United,AWAY,corners_for,4.5,19,11,0.5789473684210527
2025-26,2026-05-24,Newcastle United,AWAY,corners_for,5.5,19,9,0.47368421052631576
2025-26,2026-05-24,Newcastle United,AWAY,corners_for,6.5,19,5,0.2631578947368421
2025-26,2026-05-24,Newcastle United,AWAY,corners_for,7.5,19,3,0.15789473684210525
2025-26,2026-05-24,Newcastle United,AWAY,corners_against,2.5,19,15,0.7894736842105263
2025-26,2026-05-24,Newcastle United,AWAY,corners_against,3.5,19,12,0.631578947368421
2025-26,2026-05-24,Newcastle United,AWAY,corners_against,4.5,19,11,0.5789473684210527
2025-26,2026-05-24,Newcastle United,AWAY,corners_against,5.5,19,8,0.42105263157894735
2025-26,2026-05-24,Newcastle United,AWAY,corners_against,6.5,19,6,0.3157894736842105
2025-26,2026-05-24,Newcastle United,AWAY,corners_against,7.5,19,3,0.15789473684210525
2025-26,2026-05-24,Newcastle United,AWAY,yellow_cards,0.5,19,17,0.8947368421052632
2025-26,2026-05-24,Newcastle United,AWAY,yellow_cards,1.5,19,10,0.5263157894736842
2025-26,2026-05-24,Newcastle United,AWAY,yellow_cards,2.5,19,4,0.21052631578947367
2025-26,2026-05-24,Newcastle United,AWAY,yellow_cards,3.5,19,2,0.10526315789473684
2025-26,2026-05-24,Newcastle United,AWAY,yellow_cards,4.5,19,1,0.05263157894736842
2025-26,2026-05-24,Nottingham Forest,ALL,fouls_committed,8.5,38,28,0.7368421052631579
2025-26,2026-05-24,Nottingham Forest,ALL,fouls_committed,9.5,38,25,0.6578947368421053
2025-26,2026-05-24,Nottingham Forest,ALL,fouls_committed,10.5,38,21,0.5526315789473685
2025-26,2026-05-24,Nottingham Forest,ALL,fouls_committed,11.5,38,13,0.34210526315789475
2025-26,2026-05-24,Nottingham Forest,ALL,fouls_committed,12.5,38,11,0.2894736842105263
2025-26,2026-05-24,Nottingham Forest,ALL,fouls_committed,13.5,38,7,0.18421052631578946
2025-26,2026-05-24,Nottingham Forest,ALL,fouls_committed,14.5,38,6,0.15789473684210525
2025-26,2026-05-24,Nottingham Forest,ALL,fouls_committed,15.5,38,2,0.05263157894736842
2025-26,2026-05-24,Nottingham Forest,ALL,fouls_suffered,8.5,38,32,0.8421052631578947
2025-26,2026-05-24,Nottingham Forest,ALL,fouls_suffered,9.5,38,29,0.7631578947368421
2025-26,2026-05-24,Nottingham Forest,ALL,fouls_suffered,10.5,38,24,0.631578947368421
2025-26,2026-05-24,Nottingham Forest,ALL,fouls_suffered,11.5,38,18,0.47368421052631576
2025-26,2026-05-24,Nottingham Forest,ALL,fouls_suffered,12.5,38,13,0.34210526315789475
2025-26,2026-05-24,Nottingham Forest,ALL,fouls_suffered,13.5,38,8,0.21052631578947367
2025-26,2026-05-24,Nottingham Forest,ALL,fouls_suffered,14.5,38,7,0.18421052631578946
2025-26,2026-05-24,Nottingham Forest,ALL,fouls_suffered,15.5,38,5,0.13157894736842105
2025-26,2026-05-24,Nottingham Forest,ALL,corners_for,2.5,38,34,0.8947368421052632
2025-26,2026-05-24,Nottingham Forest,ALL,corners_for,3.5,38,30,0.7894736842105263
2025-26,2026-05-24,Nottingham Forest,ALL,corners_for,4.5,38,24,0.631578947368421
2025-26,2026-05-24,Nottingham Forest,ALL,corners_for,5.5,38,15,0.39473684210526316
2025-26,2026-05-24,Nottingham Forest,ALL,corners_for,6.5,38,10,0.2631578947368421
2025-26,2026-05-24,Nottingham Forest,ALL,corners_for,7.5,38,7,0.18421052631578946
2025-26,2026-05-24,Nottingham Forest,ALL,corners_against,2.5,38,30,0.7894736842105263
2025-26,2026-05-24,Nottingham Forest,ALL,corners_against,3.5,38,25,0.6578947368421053
2025-26,2026-05-24,Nottingham Forest,ALL,corners_against,4.5,38,18,0.47368421052631576
2025-26,2026-05-24,Nottingham Forest,ALL,corners_against,5.5,38,14,0.3684210526315789
2025-26,2026-05-24,Nottingham Forest,ALL,corners_against,6.5,38,9,0.23684210526315788
2025-26,2026-05-24,Nottingham Forest,ALL,corners_against,7.5,38,6,0.15789473684210525
2025-26,2026-05-24,Nottingham Forest,ALL,yellow_cards,0.5,38,31,0.8157894736842105
2025-26,2026-05-24,Nottingham Forest,ALL,yellow_cards,1.5,38,16,0.42105263157894735
2025-26,2026-05-24,Nottingham Forest,ALL,yellow_cards,2.5,38,7,0.18421052631578946
2025-26,2026-05-24,Nottingham Forest,ALL,yellow_cards,3.5,38,5,0.13157894736842105
2025-26,2026-05-24,Nottingham Forest,ALL,yellow_cards,4.5,38,1,0.02631578947368421
2025-26,2026-05-24,Nottingham Forest,HOME,fouls_committed,8.5,19,13,0.6842105263157895
2025-26,2026-05-24,Nottingham Forest,HOME,fouls_committed,9.5,19,12,0.631578947368421
2025-26,2026-05-24,Nottingham Forest,HOME,fouls_committed,10.5,19,10,0.5263157894736842
2025-26,2026-05-24,Nottingham Forest,HOME,fouls_committed,11.5,19,6,0.3157894736842105
2025-26,2026-05-24,Nottingham Forest,HOME,fouls_committed,12.5,19,5,0.2631578947368421
2025-26,2026-05-24,Nottingham Forest,HOME,fouls_committed,13.5,19,3,0.15789473684210525
2025-26,2026-05-24,Nottingham Forest,HOME,fouls_committed,14.5,19,2,0.10526315789473684
2025-26,2026-05-24,Nottingham Forest,HOME,fouls_committed,15.5,19,1,0.05263157894736842
2025-26,2026-05-24,Nottingham Forest,HOME,fouls_suffered,8.5,19,15,0.7894736842105263
2025-26,2026-05-24,Nottingham Forest,HOME,fouls_suffered,9.5,19,13,0.6842105263157895
2025-26,2026-05-24,Nottingham Forest,HOME,fouls_suffered,10.5,19,10,0.5263157894736842
2025-26,2026-05-24,Nottingham Forest,HOME,fouls_suffered,11.5,19,8,0.42105263157894735
2025-26,2026-05-24,Nottingham Forest,HOME,fouls_suffered,12.5,19,6,0.3157894736842105
2025-26,2026-05-24,Nottingham Forest,HOME,fouls_suffered,13.5,19,3,0.15789473684210525
2025-26,2026-05-24,Nottingham Forest,HOME,fouls_suffered,14.5,19,2,0.10526315789473684
2025-26,2026-05-24,Nottingham Forest,HOME,fouls_suffered,15.5,19,1,0.05263157894736842
2025-26,2026-05-24,Nottingham Forest,HOME,corners_for,2.5,19,18,0.9473684210526315
2025-26,2026-05-24,Nottingham Forest,HOME,corners_for,3.5,19,17,0.8947368421052632
2025-26,2026-05-24,Nottingham Forest,HOME,corners_for,4.5,19,15,0.7894736842105263
2025-26,2026-05-24,Nottingham Forest,HOME,corners_for,5.5,19,10,0.5263157894736842
2025-26,2026-05-24,Nottingham Forest,HOME,corners_for,6.5,19,8,0.42105263157894735
2025-26,2026-05-24,Nottingham Forest,HOME,corners_for,7.5,19,5,0.2631578947368421
2025-26,2026-05-24,Nottingham Forest,HOME,corners_against,2.5,19,13,0.6842105263157895
2025-26,2026-05-24,Nottingham Forest,HOME,corners_against,3.5,19,10,0.5263157894736842
2025-26,2026-05-24,Nottingham Forest,HOME,corners_against,4.5,19,6,0.3157894736842105
2025-26,2026-05-24,Nottingham Forest,HOME,corners_against,5.5,19,3,0.15789473684210525
2025-26,2026-05-24,Nottingham Forest,HOME,corners_against,6.5,19,3,0.15789473684210525
2025-26,2026-05-24,Nottingham Forest,HOME,corners_against,7.5,19,1,0.05263157894736842
2025-26,2026-05-24,Nottingham Forest,HOME,yellow_cards,0.5,19,15,0.7894736842105263
2025-26,2026-05-24,Nottingham Forest,HOME,yellow_cards,1.5,19,7,0.3684210526315789
2025-26,2026-05-24,Nottingham Forest,HOME,yellow_cards,2.5,19,1,0.05263157894736842
2025-26,2026-05-24,Nottingham Forest,HOME,yellow_cards,3.5,19,1,0.05263157894736842
2025-26,2026-05-24,Nottingham Forest,HOME,yellow_cards,4.5,19,0,0.0
2025-26,2026-05-24,Nottingham Forest,AWAY,fouls_committed,8.5,19,15,0.7894736842105263
2025-26,2026-05-24,Nottingham Forest,AWAY,fouls_committed,9.5,19,13,0.6842105263157895
2025-26,2026-05-24,Nottingham Forest,AWAY,fouls_committed,10.5,19,11,0.5789473684210527
2025-26,2026-05-24,Nottingham Forest,AWAY,fouls_committed,11.5,19,7,0.3684210526315789
2025-26,2026-05-24,Nottingham Forest,AWAY,fouls_committed,12.5,19,6,0.3157894736842105
2025-26,2026-05-24,Nottingham Forest,AWAY,fouls_committed,13.5,19,4,0.21052631578947367
2025-26,2026-05-24,Nottingham Forest,AWAY,fouls_committed,14.5,19,4,0.21052631578947367
2025-26,2026-05-24,Nottingham Forest,AWAY,fouls_committed,15.5,19,1,0.05263157894736842
2025-26,2026-05-24,Nottingham Forest,AWAY,fouls_suffered,8.5,19,17,0.8947368421052632
2025-26,2026-05-24,Nottingham Forest,AWAY,fouls_suffered,9.5,19,16,0.8421052631578947
2025-26,2026-05-24,Nottingham Forest,AWAY,fouls_suffered,10.5,19,14,0.7368421052631579
2025-26,2026-05-24,Nottingham Forest,AWAY,fouls_suffered,11.5,19,10,0.5263157894736842
2025-26,2026-05-24,Nottingham Forest,AWAY,fouls_suffered,12.5,19,7,0.3684210526315789
2025-26,2026-05-24,Nottingham Forest,AWAY,fouls_suffered,13.5,19,5,0.2631578947368421
2025-26,2026-05-24,Nottingham Forest,AWAY,fouls_suffered,14.5,19,5,0.2631578947368421
2025-26,2026-05-24,Nottingham Forest,AWAY,fouls_suffered,15.5,19,4,0.21052631578947367
2025-26,2026-05-24,Nottingham Forest,AWAY,corners_for,2.5,19,16,0.8421052631578947
2025-26,2026-05-24,Nottingham Forest,AWAY,corners_for,3.5,19,13,0.6842105263157895
2025-26,2026-05-24,Nottingham Forest,AWAY,corners_for,4.5,19,9,0.47368421052631576
2025-26,2026-05-24,Nottingham Forest,AWAY,corners_for,5.5,19,5,0.2631578947368421
2025-26,2026-05-24,Nottingham Forest,AWAY,corners_for,6.5,19,2,0.10526315789473684
2025-26,2026-05-24,Nottingham Forest,AWAY,corners_for,7.5,19,2,0.10526315789473684
2025-26,2026-05-24,Nottingham Forest,AWAY,corners_against,2.5,19,17,0.8947368421052632
2025-26,2026-05-24,Nottingham Forest,AWAY,corners_against,3.5,19,15,0.7894736842105263
2025-26,2026-05-24,Nottingham Forest,AWAY,corners_against,4.5,19,12,0.631578947368421
2025-26,2026-05-24,Nottingham Forest,AWAY,corners_against,5.5,19,11,0.5789473684210527
2025-26,2026-05-24,Nottingham Forest,AWAY,corners_against,6.5,19,6,0.3157894736842105
2025-26,2026-05-24,Nottingham Forest,AWAY,corners_against,7.5,19,5,0.2631578947368421
2025-26,2026-05-24,Nottingham Forest,AWAY,yellow_cards,0.5,19,16,0.8421052631578947
2025-26,2026-05-24,Nottingham Forest,AWAY,yellow_cards,1.5,19,9,0.47368421052631576
2025-26,2026-05-24,Nottingham Forest,AWAY,yellow_cards,2.5,19,6,0.3157894736842105
2025-26,2026-05-24,Nottingham Forest,AWAY,yellow_cards,3.5,19,4,0.21052631578947367
2025-26,2026-05-24,Nottingham Forest,AWAY,yellow_cards,4.5,19,1,0.05263157894736842
2025-26,2026-05-24,Sunderland,ALL,fouls_committed,8.5,38,25,0.6578947368421053
2025-26,2026-05-24,Sunderland,ALL,fouls_committed,9.5,38,23,0.6052631578947368
2025-26,2026-05-24,Sunderland,ALL,fouls_committed,10.5,38,20,0.5263157894736842
2025-26,2026-05-24,Sunderland,ALL,fouls_committed,11.5,38,17,0.4473684210526316
2025-26,2026-05-24,Sunderland,ALL,fouls_committed,12.5,38,13,0.34210526315789475
2025-26,2026-05-24,Sunderland,ALL,fouls_committed,13.5,38,8,0.21052631578947367
2025-26,2026-05-24,Sunderland,ALL,fouls_committed,14.5,38,5,0.13157894736842105
2025-26,2026-05-24,Sunderland,ALL,fouls_committed,15.5,38,3,0.07894736842105263
2025-26,2026-05-24,Sunderland,ALL,fouls_suffered,8.5,38,34,0.8947368421052632
2025-26,2026-05-24,Sunderland,ALL,fouls_suffered,9.5,38,30,0.7894736842105263
2025-26,2026-05-24,Sunderland,ALL,fouls_suffered,10.5,38,22,0.5789473684210527
2025-26,2026-05-24,Sunderland,ALL,fouls_suffered,11.5,38,17,0.4473684210526316
2025-26,2026-05-24,Sunderland,ALL,fouls_suffered,12.5,38,12,0.3157894736842105
2025-26,2026-05-24,Sunderland,ALL,fouls_suffered,13.5,38,8,0.21052631578947367
2025-26,2026-05-24,Sunderland,ALL,fouls_suffered,14.5,38,7,0.18421052631578946
2025-26,2026-05-24,Sunderland,ALL,fouls_suffered,15.5,38,1,0.02631578947368421
2025-26,2026-05-24,Sunderland,ALL,corners_for,2.5,38,31,0.8157894736842105
2025-26,2026-05-24,Sunderland,ALL,corners_for,3.5,38,16,0.42105263157894735
2025-26,2026-05-24,Sunderland,ALL,corners_for,4.5,38,11,0.2894736842105263
2025-26,2026-05-24,Sunderland,ALL,corners_for,5.5,38,6,0.15789473684210525
2025-26,2026-05-24,Sunderland,ALL,corners_for,6.5,38,3,0.07894736842105263
2025-26,2026-05-24,Sunderland,ALL,corners_for,7.5,38,0,0.0
2025-26,2026-05-24,Sunderland,ALL,corners_against,2.5,38,33,0.868421052631579
2025-26,2026-05-24,Sunderland,ALL,corners_against,3.5,38,27,0.7105263157894737
2025-26,2026-05-24,Sunderland,ALL,corners_against,4.5,38,22,0.5789473684210527
2025-26,2026-05-24,Sunderland,ALL,corners_against,5.5,38,18,0.47368421052631576
2025-26,2026-05-24,Sunderland,ALL,corners_against,6.5,38,13,0.34210526315789475
2025-26,2026-05-24,Sunderland,ALL,corners_against,7.5,38,6,0.15789473684210525
2025-26,2026-05-24,Sunderland,ALL,yellow_cards,0.5,38,33,0.868421052631579
2025-26,2026-05-24,Sunderland,ALL,yellow_cards,1.5,38,22,0.5789473684210527
2025-26,2026-05-24,Sunderland,ALL,yellow_cards,2.5,38,15,0.39473684210526316
2025-26,2026-05-24,Sunderland,ALL,yellow_cards,3.5,38,6,0.15789473684210525
2025-26,2026-05-24,Sunderland,ALL,yellow_cards,4.5,38,3,0.07894736842105263
2025-26,2026-05-24,Sunderland,HOME,fouls_committed,8.5,19,12,0.631578947368421
2025-26,2026-05-24,Sunderland,HOME,fouls_committed,9.5,19,11,0.5789473684210527
2025-26,2026-05-24,Sunderland,HOME,fouls_committed,10.5,19,9,0.47368421052631576
2025-26,2026-05-24,Sunderland,HOME,fouls_committed,11.5,19,8,0.42105263157894735
2025-26,2026-05-24,Sunderland,HOME,fouls_committed,12.5,19,6,0.3157894736842105
2025-26,2026-05-24,Sunderland,HOME,fouls_committed,13.5,19,4,0.21052631578947367
2025-26,2026-05-24,Sunderland,HOME,fouls_committed,14.5,19,1,0.05263157894736842
2025-26,2026-05-24,Sunderland,HOME,fouls_committed,15.5,19,0,0.0
2025-26,2026-05-24,Sunderland,HOME,fouls_suffered,8.5,19,17,0.8947368421052632
2025-26,2026-05-24,Sunderland,HOME,fouls_suffered,9.5,19,16,0.8421052631578947
2025-26,2026-05-24,Sunderland,HOME,fouls_suffered,10.5,19,12,0.631578947368421
2025-26,2026-05-24,Sunderland,HOME,fouls_suffered,11.5,19,12,0.631578947368421
2025-26,2026-05-24,Sunderland,HOME,fouls_suffered,12.5,19,7,0.3684210526315789
2025-26,2026-05-24,Sunderland,HOME,fouls_suffered,13.5,19,4,0.21052631578947367
2025-26,2026-05-24,Sunderland,HOME,fouls_suffered,14.5,19,4,0.21052631578947367
2025-26,2026-05-24,Sunderland,HOME,fouls_suffered,15.5,19,1,0.05263157894736842
2025-26,2026-05-24,Sunderland,HOME,corners_for,2.5,19,16,0.8421052631578947
2025-26,2026-05-24,Sunderland,HOME,corners_for,3.5,19,8,0.42105263157894735
2025-26,2026-05-24,Sunderland,HOME,corners_for,4.5,19,7,0.3684210526315789
2025-26,2026-05-24,Sunderland,HOME,corners_for,5.5,19,6,0.3157894736842105
2025-26,2026-05-24,Sunderland,HOME,corners_for,6.5,19,3,0.15789473684210525
2025-26,2026-05-24,Sunderland,HOME,corners_for,7.5,19,0,0.0
2025-26,2026-05-24,Sunderland,HOME,corners_against,2.5,19,15,0.7894736842105263
2025-26,2026-05-24,Sunderland,HOME,corners_against,3.5,19,13,0.6842105263157895
2025-26,2026-05-24,Sunderland,HOME,corners_against,4.5,19,10,0.5263157894736842
2025-26,2026-05-24,Sunderland,HOME,corners_against,5.5,19,8,0.42105263157894735
2025-26,2026-05-24,Sunderland,HOME,corners_against,6.5,19,5,0.2631578947368421
2025-26,2026-05-24,Sunderland,HOME,corners_against,7.5,19,3,0.15789473684210525
2025-26,2026-05-24,Sunderland,HOME,yellow_cards,0.5,19,16,0.8421052631578947
2025-26,2026-05-24,Sunderland,HOME,yellow_cards,1.5,19,10,0.5263157894736842
2025-26,2026-05-24,Sunderland,HOME,yellow_cards,2.5,19,7,0.3684210526315789
2025-26,2026-05-24,Sunderland,HOME,yellow_cards,3.5,19,2,0.10526315789473684
2025-26,2026-05-24,Sunderland,HOME,yellow_cards,4.5,19,2,0.10526315789473684
2025-26,2026-05-24,Sunderland,AWAY,fouls_committed,8.5,19,13,0.6842105263157895
2025-26,2026-05-24,Sunderland,AWAY,fouls_committed,9.5,19,12,0.631578947368421
2025-26,2026-05-24,Sunderland,AWAY,fouls_committed,10.5,19,11,0.5789473684210527
2025-26,2026-05-24,Sunderland,AWAY,fouls_committed,11.5,19,9,0.47368421052631576
2025-26,2026-05-24,Sunderland,AWAY,fouls_committed,12.5,19,7,0.3684210526315789
2025-26,2026-05-24,Sunderland,AWAY,fouls_committed,13.5,19,4,0.21052631578947367
2025-26,2026-05-24,Sunderland,AWAY,fouls_committed,14.5,19,4,0.21052631578947367
2025-26,2026-05-24,Sunderland,AWAY,fouls_committed,15.5,19,3,0.15789473684210525
2025-26,2026-05-24,Sunderland,AWAY,fouls_suffered,8.5,19,17,0.8947368421052632
2025-26,2026-05-24,Sunderland,AWAY,fouls_suffered,9.5,19,14,0.7368421052631579
2025-26,2026-05-24,Sunderland,AWAY,fouls_suffered,10.5,19,10,0.5263157894736842
2025-26,2026-05-24,Sunderland,AWAY,fouls_suffered,11.5,19,5,0.2631578947368421
2025-26,2026-05-24,Sunderland,AWAY,fouls_suffered,12.5,19,5,0.2631578947368421
2025-26,2026-05-24,Sunderland,AWAY,fouls_suffered,13.5,19,4,0.21052631578947367
2025-26,2026-05-24,Sunderland,AWAY,fouls_suffered,14.5,19,3,0.15789473684210525
2025-26,2026-05-24,Sunderland,AWAY,fouls_suffered,15.5,19,0,0.0
2025-26,2026-05-24,Sunderland,AWAY,corners_for,2.5,19,15,0.7894736842105263
2025-26,2026-05-24,Sunderland,AWAY,corners_for,3.5,19,8,0.42105263157894735
2025-26,2026-05-24,Sunderland,AWAY,corners_for,4.5,19,4,0.21052631578947367
2025-26,2026-05-24,Sunderland,AWAY,corners_for,5.5,19,0,0.0
2025-26,2026-05-24,Sunderland,AWAY,corners_for,6.5,19,0,0.0
2025-26,2026-05-24,Sunderland,AWAY,corners_for,7.5,19,0,0.0
2025-26,2026-05-24,Sunderland,AWAY,corners_against,2.5,19,18,0.9473684210526315
2025-26,2026-05-24,Sunderland,AWAY,corners_against,3.5,19,14,0.7368421052631579
2025-26,2026-05-24,Sunderland,AWAY,corners_against,4.5,19,12,0.631578947368421
2025-26,2026-05-24,Sunderland,AWAY,corners_against,5.5,19,10,0.5263157894736842
2025-26,2026-05-24,Sunderland,AWAY,corners_against,6.5,19,8,0.42105263157894735
2025-26,2026-05-24,Sunderland,AWAY,corners_against,7.5,19,3,0.15789473684210525
2025-26,2026-05-24,Sunderland,AWAY,yellow_cards,0.5,19,17,0.8947368421052632
2025-26,2026-05-24,Sunderland,AWAY,yellow_cards,1.5,19,12,0.631578947368421
2025-26,2026-05-24,Sunderland,AWAY,yellow_cards,2.5,19,8,0.42105263157894735
2025-26,2026-05-24,Sunderland,AWAY,yellow_cards,3.5,19,4,0.21052631578947367
2025-26,2026-05-24,Sunderland,AWAY,yellow_cards,4.5,19,1,0.05263157894736842
2025-26,2026-05-24,Tottenham,ALL,fouls_committed,8.5,38,34,0.8947368421052632
2025-26,2026-05-24,Tottenham,ALL,fouls_committed,9.5,38,31,0.8157894736842105
2025-26,2026-05-24,Tottenham,ALL,fouls_committed,10.5,38,27,0.7105263157894737
2025-26,2026-05-24,Tottenham,ALL,fouls_committed,11.5,38,24,0.631578947368421
2025-26,2026-05-24,Tottenham,ALL,fouls_committed,12.5,38,18,0.47368421052631576
2025-26,2026-05-24,Tottenham,ALL,fouls_committed,13.5,38,14,0.3684210526315789
2025-26,2026-05-24,Tottenham,ALL,fouls_committed,14.5,38,8,0.21052631578947367
2025-26,2026-05-24,Tottenham,ALL,fouls_committed,15.5,38,3,0.07894736842105263
2025-26,2026-05-24,Tottenham,ALL,fouls_suffered,8.5,38,23,0.6052631578947368
2025-26,2026-05-24,Tottenham,ALL,fouls_suffered,9.5,38,20,0.5263157894736842
2025-26,2026-05-24,Tottenham,ALL,fouls_suffered,10.5,38,18,0.47368421052631576
2025-26,2026-05-24,Tottenham,ALL,fouls_suffered,11.5,38,12,0.3157894736842105
2025-26,2026-05-24,Tottenham,ALL,fouls_suffered,12.5,38,7,0.18421052631578946
2025-26,2026-05-24,Tottenham,ALL,fouls_suffered,13.5,38,5,0.13157894736842105
2025-26,2026-05-24,Tottenham,ALL,fouls_suffered,14.5,38,2,0.05263157894736842
2025-26,2026-05-24,Tottenham,ALL,fouls_suffered,15.5,38,2,0.05263157894736842
2025-26,2026-05-24,Tottenham,ALL,corners_for,2.5,38,28,0.7368421052631579
2025-26,2026-05-24,Tottenham,ALL,corners_for,3.5,38,24,0.631578947368421
2025-26,2026-05-24,Tottenham,ALL,corners_for,4.5,38,22,0.5789473684210527
2025-26,2026-05-24,Tottenham,ALL,corners_for,5.5,38,19,0.5
2025-26,2026-05-24,Tottenham,ALL,corners_for,6.5,38,13,0.34210526315789475
2025-26,2026-05-24,Tottenham,ALL,corners_for,7.5,38,10,0.2631578947368421
2025-26,2026-05-24,Tottenham,ALL,corners_against,2.5,38,31,0.8157894736842105
2025-26,2026-05-24,Tottenham,ALL,corners_against,3.5,38,22,0.5789473684210527
2025-26,2026-05-24,Tottenham,ALL,corners_against,4.5,38,19,0.5
2025-26,2026-05-24,Tottenham,ALL,corners_against,5.5,38,10,0.2631578947368421
2025-26,2026-05-24,Tottenham,ALL,corners_against,6.5,38,7,0.18421052631578946
2025-26,2026-05-24,Tottenham,ALL,corners_against,7.5,38,5,0.13157894736842105
2025-26,2026-05-24,Tottenham,ALL,yellow_cards,0.5,38,34,0.8947368421052632
2025-26,2026-05-24,Tottenham,ALL,yellow_cards,1.5,38,32,0.8421052631578947
2025-26,2026-05-24,Tottenham,ALL,yellow_cards,2.5,38,24,0.631578947368421
2025-26,2026-05-24,Tottenham,ALL,yellow_cards,3.5,38,7,0.18421052631578946
2025-26,2026-05-24,Tottenham,ALL,yellow_cards,4.5,38,4,0.10526315789473684
2025-26,2026-05-24,Tottenham,HOME,fouls_committed,8.5,19,18,0.9473684210526315
2025-26,2026-05-24,Tottenham,HOME,fouls_committed,9.5,19,16,0.8421052631578947
2025-26,2026-05-24,Tottenham,HOME,fouls_committed,10.5,19,14,0.7368421052631579
2025-26,2026-05-24,Tottenham,HOME,fouls_committed,11.5,19,12,0.631578947368421
2025-26,2026-05-24,Tottenham,HOME,fouls_committed,12.5,19,10,0.5263157894736842
2025-26,2026-05-24,Tottenham,HOME,fouls_committed,13.5,19,9,0.47368421052631576
2025-26,2026-05-24,Tottenham,HOME,fouls_committed,14.5,19,5,0.2631578947368421
2025-26,2026-05-24,Tottenham,HOME,fouls_committed,15.5,19,2,0.10526315789473684
2025-26,2026-05-24,Tottenham,HOME,fouls_suffered,8.5,19,12,0.631578947368421
2025-26,2026-05-24,Tottenham,HOME,fouls_suffered,9.5,19,11,0.5789473684210527
2025-26,2026-05-24,Tottenham,HOME,fouls_suffered,10.5,19,11,0.5789473684210527
2025-26,2026-05-24,Tottenham,HOME,fouls_suffered,11.5,19,8,0.42105263157894735
2025-26,2026-05-24,Tottenham,HOME,fouls_suffered,12.5,19,5,0.2631578947368421
2025-26,2026-05-24,Tottenham,HOME,fouls_suffered,13.5,19,3,0.15789473684210525
2025-26,2026-05-24,Tottenham,HOME,fouls_suffered,14.5,19,1,0.05263157894736842
2025-26,2026-05-24,Tottenham,HOME,fouls_suffered,15.5,19,1,0.05263157894736842
2025-26,2026-05-24,Tottenham,HOME,corners_for,2.5,19,15,0.7894736842105263
2025-26,2026-05-24,Tottenham,HOME,corners_for,3.5,19,13,0.6842105263157895
2025-26,2026-05-24,Tottenham,HOME,corners_for,4.5,19,13,0.6842105263157895
2025-26,2026-05-24,Tottenham,HOME,corners_for,5.5,19,12,0.631578947368421
2025-26,2026-05-24,Tottenham,HOME,corners_for,6.5,19,7,0.3684210526315789
2025-26,2026-05-24,Tottenham,HOME,corners_for,7.5,19,5,0.2631578947368421
2025-26,2026-05-24,Tottenham,HOME,corners_against,2.5,19,16,0.8421052631578947
2025-26,2026-05-24,Tottenham,HOME,corners_against,3.5,19,13,0.6842105263157895
2025-26,2026-05-24,Tottenham,HOME,corners_against,4.5,19,12,0.631578947368421
2025-26,2026-05-24,Tottenham,HOME,corners_against,5.5,19,6,0.3157894736842105
2025-26,2026-05-24,Tottenham,HOME,corners_against,6.5,19,3,0.15789473684210525
2025-26,2026-05-24,Tottenham,HOME,corners_against,7.5,19,3,0.15789473684210525
2025-26,2026-05-24,Tottenham,HOME,yellow_cards,0.5,19,18,0.9473684210526315
2025-26,2026-05-24,Tottenham,HOME,yellow_cards,1.5,19,17,0.8947368421052632
2025-26,2026-05-24,Tottenham,HOME,yellow_cards,2.5,19,13,0.6842105263157895
2025-26,2026-05-24,Tottenham,HOME,yellow_cards,3.5,19,4,0.21052631578947367
2025-26,2026-05-24,Tottenham,HOME,yellow_cards,4.5,19,3,0.15789473684210525
2025-26,2026-05-24,Tottenham,AWAY,fouls_committed,8.5,19,16,0.8421052631578947
2025-26,2026-05-24,Tottenham,AWAY,fouls_committed,9.5,19,15,0.7894736842105263
2025-26,2026-05-24,Tottenham,AWAY,fouls_committed,10.5,19,13,0.6842105263157895
2025-26,2026-05-24,Tottenham,AWAY,fouls_committed,11.5,19,12,0.631578947368421
2025-26,2026-05-24,Tottenham,AWAY,fouls_committed,12.5,19,8,0.42105263157894735
2025-26,2026-05-24,Tottenham,AWAY,fouls_committed,13.5,19,5,0.2631578947368421
2025-26,2026-05-24,Tottenham,AWAY,fouls_committed,14.5,19,3,0.15789473684210525
2025-26,2026-05-24,Tottenham,AWAY,fouls_committed,15.5,19,1,0.05263157894736842
2025-26,2026-05-24,Tottenham,AWAY,fouls_suffered,8.5,19,11,0.5789473684210527
2025-26,2026-05-24,Tottenham,AWAY,fouls_suffered,9.5,19,9,0.47368421052631576
2025-26,2026-05-24,Tottenham,AWAY,fouls_suffered,10.5,19,7,0.3684210526315789
2025-26,2026-05-24,Tottenham,AWAY,fouls_suffered,11.5,19,4,0.21052631578947367
2025-26,2026-05-24,Tottenham,AWAY,fouls_suffered,12.5,19,2,0.10526315789473684
2025-26,2026-05-24,Tottenham,AWAY,fouls_suffered,13.5,19,2,0.10526315789473684
2025-26,2026-05-24,Tottenham,AWAY,fouls_suffered,14.5,19,1,0.05263157894736842
2025-26,2026-05-24,Tottenham,AWAY,fouls_suffered,15.5,19,1,0.05263157894736842
2025-26,2026-05-24,Tottenham,AWAY,corners_for,2.5,19,13,0.6842105263157895
2025-26,2026-05-24,Tottenham,AWAY,corners_for,3.5,19,11,0.5789473684210527
2025-26,2026-05-24,Tottenham,AWAY,corners_for,4.5,19,9,0.47368421052631576
2025-26,2026-05-24,Tottenham,AWAY,corners_for,5.5,19,7,0.3684210526315789
2025-26,2026-05-24,Tottenham,AWAY,corners_for,6.5,19,6,0.3157894736842105
2025-26,2026-05-24,Tottenham,AWAY,corners_for,7.5,19,5,0.2631578947368421
2025-26,2026-05-24,Tottenham,AWAY,corners_against,2.5,19,15,0.7894736842105263
2025-26,2026-05-24,Tottenham,AWAY,corners_against,3.5,19,9,0.47368421052631576
2025-26,2026-05-24,Tottenham,AWAY,corners_against,4.5,19,7,0.3684210526315789
2025-26,2026-05-24,Tottenham,AWAY,corners_against,5.5,19,4,0.21052631578947367
2025-26,2026-05-24,Tottenham,AWAY,corners_against,6.5,19,4,0.21052631578947367
2025-26,2026-05-24,Tottenham,AWAY,corners_against,7.5,19,2,0.10526315789473684
2025-26,2026-05-24,Tottenham,AWAY,yellow_cards,0.5,19,16,0.8421052631578947
2025-26,2026-05-24,Tottenham,AWAY,yellow_cards,1.5,19,15,0.7894736842105263
2025-26,2026-05-24,Tottenham,AWAY,yellow_cards,2.5,19,11,0.5789473684210527
2025-26,2026-05-24,Tottenham,AWAY,yellow_cards,3.5,19,3,0.15789473684210525
2025-26,2026-05-24,Tottenham,AWAY,yellow_cards,4.5,19,1,0.05263157894736842
2025-26,2026-05-24,West Ham United,ALL,fouls_committed,8.5,38,31,0.8157894736842105
2025-26,2026-05-24,West Ham United,ALL,fouls_committed,9.5,38,28,0.7368421052631579
2025-26,2026-05-24,West Ham United,ALL,fouls_committed,10.5,38,20,0.5263157894736842
2025-26,2026-05-24,West Ham United,ALL,fouls_committed,11.5,38,14,0.3684210526315789
2025-26,2026-05-24,West Ham United,ALL,fouls_committed,12.5,38,10,0.2631578947368421
2025-26,2026-05-24,West Ham United,ALL,fouls_committed,13.5,38,9,0.23684210526315788
2025-26,2026-05-24,West Ham United,ALL,fouls_committed,14.5,38,6,0.15789473684210525
2025-26,2026-05-24,West Ham United,ALL,fouls_committed,15.5,38,3,0.07894736842105263
2025-26,2026-05-24,West Ham United,ALL,fouls_suffered,8.5,38,27,0.7105263157894737
2025-26,2026-05-24,West Ham United,ALL,fouls_suffered,9.5,38,25,0.6578947368421053
2025-26,2026-05-24,West Ham United,ALL,fouls_suffered,10.5,38,22,0.5789473684210527
2025-26,2026-05-24,West Ham United,ALL,fouls_suffered,11.5,38,17,0.4473684210526316
2025-26,2026-05-24,West Ham United,ALL,fouls_suffered,12.5,38,12,0.3157894736842105
2025-26,2026-05-24,West Ham United,ALL,fouls_suffered,13.5,38,8,0.21052631578947367
2025-26,2026-05-24,West Ham United,ALL,fouls_suffered,14.5,38,3,0.07894736842105263
2025-26,2026-05-24,West Ham United,ALL,fouls_suffered,15.5,38,3,0.07894736842105263
2025-26,2026-05-24,West Ham United,ALL,corners_for,2.5,38,32,0.8421052631578947
2025-26,2026-05-24,West Ham United,ALL,corners_for,3.5,38,28,0.7368421052631579
2025-26,2026-05-24,West Ham United,ALL,corners_for,4.5,38,26,0.6842105263157895
2025-26,2026-05-24,West Ham United,ALL,corners_for,5.5,38,17,0.4473684210526316
2025-26,2026-05-24,West Ham United,ALL,corners_for,6.5,38,9,0.23684210526315788
2025-26,2026-05-24,West Ham United,ALL,corners_for,7.5,38,2,0.05263157894736842
2025-26,2026-05-24,West Ham United,ALL,corners_against,2.5,38,35,0.9210526315789473
2025-26,2026-05-24,West Ham United,ALL,corners_against,3.5,38,29,0.7631578947368421
2025-26,2026-05-24,West Ham United,ALL,corners_against,4.5,38,24,0.631578947368421
2025-26,2026-05-24,West Ham United,ALL,corners_against,5.5,38,18,0.47368421052631576
2025-26,2026-05-24,West Ham United,ALL,corners_against,6.5,38,13,0.34210526315789475
2025-26,2026-05-24,West Ham United,ALL,corners_against,7.5,38,12,0.3157894736842105
2025-26,2026-05-24,West Ham United,ALL,yellow_cards,0.5,38,33,0.868421052631579
2025-26,2026-05-24,West Ham United,ALL,yellow_cards,1.5,38,21,0.5526315789473685
2025-26,2026-05-24,West Ham United,ALL,yellow_cards,2.5,38,11,0.2894736842105263
2025-26,2026-05-24,West Ham United,ALL,yellow_cards,3.5,38,2,0.05263157894736842
2025-26,2026-05-24,West Ham United,ALL,yellow_cards,4.5,38,0,0.0
2025-26,2026-05-24,West Ham United,HOME,fouls_committed,8.5,19,15,0.7894736842105263
2025-26,2026-05-24,West Ham United,HOME,fouls_committed,9.5,19,13,0.6842105263157895
2025-26,2026-05-24,West Ham United,HOME,fouls_committed,10.5,19,10,0.5263157894736842
2025-26,2026-05-24,West Ham United,HOME,fouls_committed,11.5,19,7,0.3684210526315789
2025-26,2026-05-24,West Ham United,HOME,fouls_committed,12.5,19,6,0.3157894736842105
2025-26,2026-05-24,West Ham United,HOME,fouls_committed,13.5,19,6,0.3157894736842105
2025-26,2026-05-24,West Ham United,HOME,fouls_committed,14.5,19,4,0.21052631578947367
2025-26,2026-05-24,West Ham United,HOME,fouls_committed,15.5,19,1,0.05263157894736842
2025-26,2026-05-24,West Ham United,HOME,fouls_suffered,8.5,19,13,0.6842105263157895
2025-26,2026-05-24,West Ham United,HOME,fouls_suffered,9.5,19,12,0.631578947368421
2025-26,2026-05-24,West Ham United,HOME,fouls_suffered,10.5,19,9,0.47368421052631576
2025-26,2026-05-24,West Ham United,HOME,fouls_suffered,11.5,19,7,0.3684210526315789
2025-26,2026-05-24,West Ham United,HOME,fouls_suffered,12.5,19,6,0.3157894736842105
2025-26,2026-05-24,West Ham United,HOME,fouls_suffered,13.5,19,4,0.21052631578947367
2025-26,2026-05-24,West Ham United,HOME,fouls_suffered,14.5,19,2,0.10526315789473684
2025-26,2026-05-24,West Ham United,HOME,fouls_suffered,15.5,19,2,0.10526315789473684
2025-26,2026-05-24,West Ham United,HOME,corners_for,2.5,19,17,0.8947368421052632
2025-26,2026-05-24,West Ham United,HOME,corners_for,3.5,19,15,0.7894736842105263
2025-26,2026-05-24,West Ham United,HOME,corners_for,4.5,19,14,0.7368421052631579
2025-26,2026-05-24,West Ham United,HOME,corners_for,5.5,19,9,0.47368421052631576
2025-26,2026-05-24,West Ham United,HOME,corners_for,6.5,19,6,0.3157894736842105
2025-26,2026-05-24,West Ham United,HOME,corners_for,7.5,19,2,0.10526315789473684
2025-26,2026-05-24,West Ham United,HOME,corners_against,2.5,19,17,0.8947368421052632
2025-26,2026-05-24,West Ham United,HOME,corners_against,3.5,19,13,0.6842105263157895
2025-26,2026-05-24,West Ham United,HOME,corners_against,4.5,19,9,0.47368421052631576
2025-26,2026-05-24,West Ham United,HOME,corners_against,5.5,19,5,0.2631578947368421
2025-26,2026-05-24,West Ham United,HOME,corners_against,6.5,19,4,0.21052631578947367
2025-26,2026-05-24,West Ham United,HOME,corners_against,7.5,19,4,0.21052631578947367
2025-26,2026-05-24,West Ham United,HOME,yellow_cards,0.5,19,16,0.8421052631578947
2025-26,2026-05-24,West Ham United,HOME,yellow_cards,1.5,19,9,0.47368421052631576
2025-26,2026-05-24,West Ham United,HOME,yellow_cards,2.5,19,5,0.2631578947368421
2025-26,2026-05-24,West Ham United,HOME,yellow_cards,3.5,19,0,0.0
2025-26,2026-05-24,West Ham United,HOME,yellow_cards,4.5,19,0,0.0
2025-26,2026-05-24,West Ham United,AWAY,fouls_committed,8.5,19,16,0.8421052631578947
2025-26,2026-05-24,West Ham United,AWAY,fouls_committed,9.5,19,15,0.7894736842105263
2025-26,2026-05-24,West Ham United,AWAY,fouls_committed,10.5,19,10,0.5263157894736842
2025-26,2026-05-24,West Ham United,AWAY,fouls_committed,11.5,19,7,0.3684210526315789
2025-26,2026-05-24,West Ham United,AWAY,fouls_committed,12.5,19,4,0.21052631578947367
2025-26,2026-05-24,West Ham United,AWAY,fouls_committed,13.5,19,3,0.15789473684210525
2025-26,2026-05-24,West Ham United,AWAY,fouls_committed,14.5,19,2,0.10526315789473684
2025-26,2026-05-24,West Ham United,AWAY,fouls_committed,15.5,19,2,0.10526315789473684
2025-26,2026-05-24,West Ham United,AWAY,fouls_suffered,8.5,19,14,0.7368421052631579
2025-26,2026-05-24,West Ham United,AWAY,fouls_suffered,9.5,19,13,0.6842105263157895
2025-26,2026-05-24,West Ham United,AWAY,fouls_suffered,10.5,19,13,0.6842105263157895
2025-26,2026-05-24,West Ham United,AWAY,fouls_suffered,11.5,19,10,0.5263157894736842
2025-26,2026-05-24,West Ham United,AWAY,fouls_suffered,12.5,19,6,0.3157894736842105
2025-26,2026-05-24,West Ham United,AWAY,fouls_suffered,13.5,19,4,0.21052631578947367
2025-26,2026-05-24,West Ham United,AWAY,fouls_suffered,14.5,19,1,0.05263157894736842
2025-26,2026-05-24,West Ham United,AWAY,fouls_suffered,15.5,19,1,0.05263157894736842
2025-26,2026-05-24,West Ham United,AWAY,corners_for,2.5,19,15,0.7894736842105263
2025-26,2026-05-24,West Ham United,AWAY,corners_for,3.5,19,13,0.6842105263157895
2025-26,2026-05-24,West Ham United,AWAY,corners_for,4.5,19,12,0.631578947368421
2025-26,2026-05-24,West Ham United,AWAY,corners_for,5.5,19,8,0.42105263157894735
2025-26,2026-05-24,West Ham United,AWAY,corners_for,6.5,19,3,0.15789473684210525
2025-26,2026-05-24,West Ham United,AWAY,corners_for,7.5,19,0,0.0
2025-26,2026-05-24,West Ham United,AWAY,corners_against,2.5,19,18,0.9473684210526315
2025-26,2026-05-24,West Ham United,AWAY,corners_against,3.5,19,16,0.8421052631578947
2025-26,2026-05-24,West Ham United,AWAY,corners_against,4.5,19,15,0.7894736842105263
2025-26,2026-05-24,West Ham United,AWAY,corners_against,5.5,19,13,0.6842105263157895
2025-26,2026-05-24,West Ham United,AWAY,corners_against,6.5,19,9,0.47368421052631576
2025-26,2026-05-24,West Ham United,AWAY,corners_against,7.5,19,8,0.42105263157894735
2025-26,2026-05-24,West Ham United,AWAY,yellow_cards,0.5,19,17,0.8947368421052632
2025-26,2026-05-24,West Ham United,AWAY,yellow_cards,1.5,19,12,0.631578947368421
2025-26,2026-05-24,West Ham United,AWAY,yellow_cards,2.5,19,6,0.3157894736842105
2025-26,2026-05-24,West Ham United,AWAY,yellow_cards,3.5,19,2,0.10526315789473684
2025-26,2026-05-24,West Ham United,AWAY,yellow_cards,4.5,19,0,0.0
2025-26,2026-05-24,Wolverhampton Wanderers,ALL,fouls_committed,8.5,38,35,0.9210526315789473
2025-26,2026-05-24,Wolverhampton Wanderers,ALL,fouls_committed,9.5,38,34,0.8947368421052632
2025-26,2026-05-24,Wolverhampton Wanderers,ALL,fouls_committed,10.5,38,32,0.8421052631578947
2025-26,2026-05-24,Wolverhampton Wanderers,ALL,fouls_committed,11.5,38,25,0.6578947368421053
2025-26,2026-05-24,Wolverhampton Wanderers,ALL,fouls_committed,12.5,38,21,0.5526315789473685
2025-26,2026-05-24,Wolverhampton Wanderers,ALL,fouls_committed,13.5,38,14,0.3684210526315789
2025-26,2026-05-24,Wolverhampton Wanderers,ALL,fouls_committed,14.5,38,10,0.2631578947368421
2025-26,2026-05-24,Wolverhampton Wanderers,ALL,fouls_committed,15.5,38,7,0.18421052631578946
2025-26,2026-05-24,Wolverhampton Wanderers,ALL,fouls_suffered,8.5,38,30,0.7894736842105263
2025-26,2026-05-24,Wolverhampton Wanderers,ALL,fouls_suffered,9.5,38,23,0.6052631578947368
2025-26,2026-05-24,Wolverhampton Wanderers,ALL,fouls_suffered,10.5,38,18,0.47368421052631576
2025-26,2026-05-24,Wolverhampton Wanderers,ALL,fouls_suffered,11.5,38,15,0.39473684210526316
2025-26,2026-05-24,Wolverhampton Wanderers,ALL,fouls_suffered,12.5,38,11,0.2894736842105263
2025-26,2026-05-24,Wolverhampton Wanderers,ALL,fouls_suffered,13.5,38,6,0.15789473684210525
2025-26,2026-05-24,Wolverhampton Wanderers,ALL,fouls_suffered,14.5,38,5,0.13157894736842105
2025-26,2026-05-24,Wolverhampton Wanderers,ALL,fouls_suffered,15.5,38,3,0.07894736842105263
2025-26,2026-05-24,Wolverhampton Wanderers,ALL,corners_for,2.5,38,24,0.631578947368421
2025-26,2026-05-24,Wolverhampton Wanderers,ALL,corners_for,3.5,38,17,0.4473684210526316
2025-26,2026-05-24,Wolverhampton Wanderers,ALL,corners_for,4.5,38,11,0.2894736842105263
2025-26,2026-05-24,Wolverhampton Wanderers,ALL,corners_for,5.5,38,7,0.18421052631578946
2025-26,2026-05-24,Wolverhampton Wanderers,ALL,corners_for,6.5,38,3,0.07894736842105263
2025-26,2026-05-24,Wolverhampton Wanderers,ALL,corners_for,7.5,38,1,0.02631578947368421
2025-26,2026-05-24,Wolverhampton Wanderers,ALL,corners_against,2.5,38,34,0.8947368421052632
2025-26,2026-05-24,Wolverhampton Wanderers,ALL,corners_against,3.5,38,30,0.7894736842105263
2025-26,2026-05-24,Wolverhampton Wanderers,ALL,corners_against,4.5,38,26,0.6842105263157895
2025-26,2026-05-24,Wolverhampton Wanderers,ALL,corners_against,5.5,38,22,0.5789473684210527
2025-26,2026-05-24,Wolverhampton Wanderers,ALL,corners_against,6.5,38,18,0.47368421052631576
2025-26,2026-05-24,Wolverhampton Wanderers,ALL,corners_against,7.5,38,12,0.3157894736842105
2025-26,2026-05-24,Wolverhampton Wanderers,ALL,yellow_cards,0.5,38,35,0.9210526315789473
2025-26,2026-05-24,Wolverhampton Wanderers,ALL,yellow_cards,1.5,38,26,0.6842105263157895
2025-26,2026-05-24,Wolverhampton Wanderers,ALL,yellow_cards,2.5,38,12,0.3157894736842105
2025-26,2026-05-24,Wolverhampton Wanderers,ALL,yellow_cards,3.5,38,5,0.13157894736842105
2025-26,2026-05-24,Wolverhampton Wanderers,ALL,yellow_cards,4.5,38,0,0.0
2025-26,2026-05-24,Wolverhampton Wanderers,HOME,fouls_committed,8.5,19,17,0.8947368421052632
2025-26,2026-05-24,Wolverhampton Wanderers,HOME,fouls_committed,9.5,19,16,0.8421052631578947
2025-26,2026-05-24,Wolverhampton Wanderers,HOME,fouls_committed,10.5,19,15,0.7894736842105263
2025-26,2026-05-24,Wolverhampton Wanderers,HOME,fouls_committed,11.5,19,11,0.5789473684210527
2025-26,2026-05-24,Wolverhampton Wanderers,HOME,fouls_committed,12.5,19,9,0.47368421052631576
2025-26,2026-05-24,Wolverhampton Wanderers,HOME,fouls_committed,13.5,19,5,0.2631578947368421
2025-26,2026-05-24,Wolverhampton Wanderers,HOME,fouls_committed,14.5,19,4,0.21052631578947367
2025-26,2026-05-24,Wolverhampton Wanderers,HOME,fouls_committed,15.5,19,3,0.15789473684210525
2025-26,2026-05-24,Wolverhampton Wanderers,HOME,fouls_suffered,8.5,19,14,0.7368421052631579
2025-26,2026-05-24,Wolverhampton Wanderers,HOME,fouls_suffered,9.5,19,11,0.5789473684210527
2025-26,2026-05-24,Wolverhampton Wanderers,HOME,fouls_suffered,10.5,19,8,0.42105263157894735
2025-26,2026-05-24,Wolverhampton Wanderers,HOME,fouls_suffered,11.5,19,6,0.3157894736842105
2025-26,2026-05-24,Wolverhampton Wanderers,HOME,fouls_suffered,12.5,19,5,0.2631578947368421
2025-26,2026-05-24,Wolverhampton Wanderers,HOME,fouls_suffered,13.5,19,4,0.21052631578947367
2025-26,2026-05-24,Wolverhampton Wanderers,HOME,fouls_suffered,14.5,19,3,0.15789473684210525
2025-26,2026-05-24,Wolverhampton Wanderers,HOME,fouls_suffered,15.5,19,1,0.05263157894736842
2025-26,2026-05-24,Wolverhampton Wanderers,HOME,corners_for,2.5,19,12,0.631578947368421
2025-26,2026-05-24,Wolverhampton Wanderers,HOME,corners_for,3.5,19,8,0.42105263157894735
2025-26,2026-05-24,Wolverhampton Wanderers,HOME,corners_for,4.5,19,5,0.2631578947368421
2025-26,2026-05-24,Wolverhampton Wanderers,HOME,corners_for,5.5,19,2,0.10526315789473684
2025-26,2026-05-24,Wolverhampton Wanderers,HOME,corners_for,6.5,19,0,0.0
2025-26,2026-05-24,Wolverhampton Wanderers,HOME,corners_for,7.5,19,0,0.0
2025-26,2026-05-24,Wolverhampton Wanderers,HOME,corners_against,2.5,19,17,0.8947368421052632
2025-26,2026-05-24,Wolverhampton Wanderers,HOME,corners_against,3.5,19,14,0.7368421052631579
2025-26,2026-05-24,Wolverhampton Wanderers,HOME,corners_against,4.5,19,11,0.5789473684210527
2025-26,2026-05-24,Wolverhampton Wanderers,HOME,corners_against,5.5,19,9,0.47368421052631576
2025-26,2026-05-24,Wolverhampton Wanderers,HOME,corners_against,6.5,19,6,0.3157894736842105
2025-26,2026-05-24,Wolverhampton Wanderers,HOME,corners_against,7.5,19,4,0.21052631578947367
2025-26,2026-05-24,Wolverhampton Wanderers,HOME,yellow_cards,0.5,19,17,0.8947368421052632
2025-26,2026-05-24,Wolverhampton Wanderers,HOME,yellow_cards,1.5,19,11,0.5789473684210527
2025-26,2026-05-24,Wolverhampton Wanderers,HOME,yellow_cards,2.5,19,4,0.21052631578947367
2025-26,2026-05-24,Wolverhampton Wanderers,HOME,yellow_cards,3.5,19,0,0.0
2025-26,2026-05-24,Wolverhampton Wanderers,HOME,yellow_cards,4.5,19,0,0.0
2025-26,2026-05-24,Wolverhampton Wanderers,AWAY,fouls_committed,8.5,19,18,0.9473684210526315
2025-26,2026-05-24,Wolverhampton Wanderers,AWAY,fouls_committed,9.5,19,18,0.9473684210526315
2025-26,2026-05-24,Wolverhampton Wanderers,AWAY,fouls_committed,10.5,19,17,0.8947368421052632
2025-26,2026-05-24,Wolverhampton Wanderers,AWAY,fouls_committed,11.5,19,14,0.7368421052631579
2025-26,2026-05-24,Wolverhampton Wanderers,AWAY,fouls_committed,12.5,19,12,0.631578947368421
2025-26,2026-05-24,Wolverhampton Wanderers,AWAY,fouls_committed,13.5,19,9,0.47368421052631576
2025-26,2026-05-24,Wolverhampton Wanderers,AWAY,fouls_committed,14.5,19,6,0.3157894736842105
2025-26,2026-05-24,Wolverhampton Wanderers,AWAY,fouls_committed,15.5,19,4,0.21052631578947367
2025-26,2026-05-24,Wolverhampton Wanderers,AWAY,fouls_suffered,8.5,19,16,0.8421052631578947
2025-26,2026-05-24,Wolverhampton Wanderers,AWAY,fouls_suffered,9.5,19,12,0.631578947368421
2025-26,2026-05-24,Wolverhampton Wanderers,AWAY,fouls_suffered,10.5,19,10,0.5263157894736842
2025-26,2026-05-24,Wolverhampton Wanderers,AWAY,fouls_suffered,11.5,19,9,0.47368421052631576
2025-26,2026-05-24,Wolverhampton Wanderers,AWAY,fouls_suffered,12.5,19,6,0.3157894736842105
2025-26,2026-05-24,Wolverhampton Wanderers,AWAY,fouls_suffered,13.5,19,2,0.10526315789473684
2025-26,2026-05-24,Wolverhampton Wanderers,AWAY,fouls_suffered,14.5,19,2,0.10526315789473684
2025-26,2026-05-24,Wolverhampton Wanderers,AWAY,fouls_suffered,15.5,19,2,0.10526315789473684
2025-26,2026-05-24,Wolverhampton Wanderers,AWAY,corners_for,2.5,19,12,0.631578947368421
2025-26,2026-05-24,Wolverhampton Wanderers,AWAY,corners_for,3.5,19,9,0.47368421052631576
2025-26,2026-05-24,Wolverhampton Wanderers,AWAY,corners_for,4.5,19,6,0.3157894736842105
2025-26,2026-05-24,Wolverhampton Wanderers,AWAY,corners_for,5.5,19,5,0.2631578947368421
2025-26,2026-05-24,Wolverhampton Wanderers,AWAY,corners_for,6.5,19,3,0.15789473684210525
2025-26,2026-05-24,Wolverhampton Wanderers,AWAY,corners_for,7.5,19,1,0.05263157894736842
2025-26,2026-05-24,Wolverhampton Wanderers,AWAY,corners_against,2.5,19,17,0.8947368421052632
2025-26,2026-05-24,Wolverhampton Wanderers,AWAY,corners_against,3.5,19,16,0.8421052631578947
2025-26,2026-05-24,Wolverhampton Wanderers,AWAY,corners_against,4.5,19,15,0.7894736842105263
2025-26,2026-05-24,Wolverhampton Wanderers,AWAY,corners_against,5.5,19,13,0.6842105263157895
2025-26,2026-05-24,Wolverhampton Wanderers,AWAY,corners_against,6.5,19,12,0.631578947368421
2025-26,2026-05-24,Wolverhampton Wanderers,AWAY,corners_against,7.5,19,8,0.42105263157894735
2025-26,2026-05-24,Wolverhampton Wanderers,AWAY,yellow_cards,0.5,19,18,0.9473684210526315
2025-26,2026-05-24,Wolverhampton Wanderers,AWAY,yellow_cards,1.5,19,15,0.7894736842105263
2025-26,2026-05-24,Wolverhampton Wanderers,AWAY,yellow_cards,2.5,19,8,0.42105263157894735
2025-26,2026-05-24,Wolverhampton Wanderers,AWAY,yellow_cards,3.5,19,5,0.2631578947368421
2025-26,2026-05-24,Wolverhampton Wanderers,AWAY,yellow_cards,4.5,19,0,0.0
2026-27,2026-08-21,Arsenal,ALL,fouls_committed,8.5,1,1,1.0
2026-27,2026-08-21,Arsenal,ALL,fouls_committed,9.5,1,1,1.0
2026-27,2026-08-21,Arsenal,ALL,fouls_committed,10.5,1,0,0.0
2026-27,2026-08-21,Arsenal,ALL,fouls_committed,11.5,1,0,0.0
2026-27,2026-08-21,Arsenal,ALL,fouls_committed,12.5,1,0,0.0
2026-27,2026-08-21,Arsenal,ALL,fouls_committed,13.5,1,0,0.0
2026-27,2026-08-21,Arsenal,ALL,fouls_committed,14.5,1,0,0.0
2026-27,2026-08-21,Arsenal,ALL,fouls_committed,15.5,1,0,0.0
2026-27,2026-08-21,Arsenal,ALL,fouls_suffered,8.5,1,1,1.0
2026-27,2026-08-21,Arsenal,ALL,fouls_suffered,9.5,1,1,1.0
2026-27,2026-08-21,Arsenal,ALL,fouls_suffered,10.5,1,1,1.0
2026-27,2026-08-21,Arsenal,ALL,fouls_suffered,11.5,1,1,1.0
2026-27,2026-08-21,Arsenal,ALL,fouls_suffered,12.5,1,1,1.0
2026-27,2026-08-21,Arsenal,ALL,fouls_suffered,13.5,1,0,0.0
2026-27,2026-08-21,Arsenal,ALL,fouls_suffered,14.5,1,0,0.0
2026-27,2026-08-21,Arsenal,ALL,fouls_suffered,15.5,1,0,0.0
2026-27,2026-08-21,Arsenal,ALL,corners_for,2.5,1,1,1.0
2026-27,2026-08-21,Arsenal,ALL,corners_for,3.5,1,1,1.0
2026-27,2026-08-21,Arsenal,ALL,corners_for,4.5,1,1,1.0
2026-27,2026-08-21,Arsenal,ALL,corners_for,5.5,1,1,1.0
2026-27,2026-08-21,Arsenal,ALL,corners_for,6.5,1,1,1.0
2026-27,2026-08-21,Arsenal,ALL,corners_for,7.5,1,1,1.0
2026-27,2026-08-21,Arsenal,ALL,corners_against,2.5,1,0,0.0
2026-27,2026-08-21,Arsenal,ALL,corners_against,3.5,1,0,0.0
2026-27,2026-08-21,Arsenal,ALL,corners_against,4.5,1,0,0.0
2026-27,2026-08-21,Arsenal,ALL,corners_against,5.5,1,0,0.0
2026-27,2026-08-21,Arsenal,ALL,corners_against,6.5,1,0,0.0
2026-27,2026-08-21,Arsenal,ALL,corners_against,7.5,1,0,0.0
2026-27,2026-08-21,Arsenal,ALL,yellow_cards,0.5,1,1,1.0
2026-27,2026-08-21,Arsenal,ALL,yellow_cards,1.5,1,0,0.0
2026-27,2026-08-21,Arsenal,ALL,yellow_cards,2.5,1,0,0.0
2026-27,2026-08-21,Arsenal,ALL,yellow_cards,3.5,1,0,0.0
2026-27,2026-08-21,Arsenal,ALL,yellow_cards,4.5,1,0,0.0
2026-27,2026-08-21,Arsenal,HOME,fouls_committed,8.5,1,1,1.0
2026-27,2026-08-21,Arsenal,HOME,fouls_committed,9.5,1,1,1.0
2026-27,2026-08-21,Arsenal,HOME,fouls_committed,10.5,1,0,0.0
2026-27,2026-08-21,Arsenal,HOME,fouls_committed,11.5,1,0,0.0
2026-27,2026-08-21,Arsenal,HOME,fouls_committed,12.5,1,0,0.0
2026-27,2026-08-21,Arsenal,HOME,fouls_committed,13.5,1,0,0.0
2026-27,2026-08-21,Arsenal,HOME,fouls_committed,14.5,1,0,0.0
2026-27,2026-08-21,Arsenal,HOME,fouls_committed,15.5,1,0,0.0
2026-27,2026-08-21,Arsenal,HOME,fouls_suffered,8.5,1,1,1.0
2026-27,2026-08-21,Arsenal,HOME,fouls_suffered,9.5,1,1,1.0
2026-27,2026-08-21,Arsenal,HOME,fouls_suffered,10.5,1,1,1.0
2026-27,2026-08-21,Arsenal,HOME,fouls_suffered,11.5,1,1,1.0
2026-27,2026-08-21,Arsenal,HOME,fouls_suffered,12.5,1,1,1.0
2026-27,2026-08-21,Arsenal,HOME,fouls_suffered,13.5,1,0,0.0
2026-27,2026-08-21,Arsenal,HOME,fouls_suffered,14.5,1,0,0.0
2026-27,2026-08-21,Arsenal,HOME,fouls_suffered,15.5,1,0,0.0
2026-27,2026-08-21,Arsenal,HOME,corners_for,2.5,1,1,1.0
2026-27,2026-08-21,Arsenal,HOME,corners_for,3.5,1,1,1.0
2026-27,2026-08-21,Arsenal,HOME,corners_for,4.5,1,1,1.0
2026-27,2026-08-21,Arsenal,HOME,corners_for,5.5,1,1,1.0
2026-27,2026-08-21,Arsenal,HOME,corners_for,6.5,1,1,1.0
2026-27,2026-08-21,Arsenal,HOME,corners_for,7.5,1,1,1.0
2026-27,2026-08-21,Arsenal,HOME,corners_against,2.5,1,0,0.0
2026-27,2026-08-21,Arsenal,HOME,corners_against,3.5,1,0,0.0
2026-27,2026-08-21,Arsenal,HOME,corners_against,4.5,1,0,0.0
2026-27,2026-08-21,Arsenal,HOME,corners_against,5.5,1,0,0.0
2026-27,2026-08-21,Arsenal,HOME,corners_against,6.5,1,0,0.0
2026-27,2026-08-21,Arsenal,HOME,corners_against,7.5,1,0,0.0
2026-27,2026-08-21,Arsenal,HOME,yellow_cards,0.5,1,1,1.0
2026-27,2026-08-21,Arsenal,HOME,yellow_cards,1.5,1,0,0.0
2026-27,2026-08-21,Arsenal,HOME,yellow_cards,2.5,1,0,0.0
2026-27,2026-08-21,Arsenal,HOME,yellow_cards,3.5,1,0,0.0
2026-27,2026-08-21,Arsenal,HOME,yellow_cards,4.5,1,0,0.0
2026-27,2026-08-23,Aston Villa,ALL,fouls_committed,8.5,1,1,1.0
2026-27,2026-08-23,Aston Villa,ALL,fouls_committed,9.5,1,1,1.0
2026-27,2026-08-23,Aston Villa,ALL,fouls_committed,10.5,1,1,1.0
2026-27,2026-08-23,Aston Villa,ALL,fouls_committed,11.5,1,0,0.0
2026-27,2026-08-23,Aston Villa,ALL,fouls_committed,12.5,1,0,0.0
2026-27,2026-08-23,Aston Villa,ALL,fouls_committed,13.5,1,0,0.0
2026-27,2026-08-23,Aston Villa,ALL,fouls_committed,14.5,1,0,0.0
2026-27,2026-08-23,Aston Villa,ALL,fouls_committed,15.5,1,0,0.0
2026-27,2026-08-23,Aston Villa,ALL,fouls_suffered,8.5,1,1,1.0
2026-27,2026-08-23,Aston Villa,ALL,fouls_suffered,9.5,1,1,1.0
2026-27,2026-08-23,Aston Villa,ALL,fouls_suffered,10.5,1,1,1.0
2026-27,2026-08-23,Aston Villa,ALL,fouls_suffered,11.5,1,1,1.0
2026-27,2026-08-23,Aston Villa,ALL,fouls_suffered,12.5,1,0,0.0
2026-27,2026-08-23,Aston Villa,ALL,fouls_suffered,13.5,1,0,0.0
2026-27,2026-08-23,Aston Villa,ALL,fouls_suffered,14.5,1,0,0.0
2026-27,2026-08-23,Aston Villa,ALL,fouls_suffered,15.5,1,0,0.0
2026-27,2026-08-23,Aston Villa,ALL,corners_for,2.5,1,0,0.0
2026-27,2026-08-23,Aston Villa,ALL,corners_for,3.5,1,0,0.0
2026-27,2026-08-23,Aston Villa,ALL,corners_for,4.5,1,0,0.0
2026-27,2026-08-23,Aston Villa,ALL,corners_for,5.5,1,0,0.0
2026-27,2026-08-23,Aston Villa,ALL,corners_for,6.5,1,0,0.0
2026-27,2026-08-23,Aston Villa,ALL,corners_for,7.5,1,0,0.0
2026-27,2026-08-23,Aston Villa,ALL,corners_against,2.5,1,1,1.0
2026-27,2026-08-23,Aston Villa,ALL,corners_against,3.5,1,1,1.0
2026-27,2026-08-23,Aston Villa,ALL,corners_against,4.5,1,1,1.0
2026-27,2026-08-23,Aston Villa,ALL,corners_against,5.5,1,0,0.0
2026-27,2026-08-23,Aston Villa,ALL,corners_against,6.5,1,0,0.0
2026-27,2026-08-23,Aston Villa,ALL,corners_against,7.5,1,0,0.0
2026-27,2026-08-23,Aston Villa,ALL,yellow_cards,0.5,1,1,1.0
2026-27,2026-08-23,Aston Villa,ALL,yellow_cards,1.5,1,1,1.0
2026-27,2026-08-23,Aston Villa,ALL,yellow_cards,2.5,1,1,1.0
2026-27,2026-08-23,Aston Villa,ALL,yellow_cards,3.5,1,0,0.0
2026-27,2026-08-23,Aston Villa,ALL,yellow_cards,4.5,1,0,0.0
2026-27,2026-08-23,Aston Villa,AWAY,fouls_committed,8.5,1,1,1.0
2026-27,2026-08-23,Aston Villa,AWAY,fouls_committed,9.5,1,1,1.0
2026-27,2026-08-23,Aston Villa,AWAY,fouls_committed,10.5,1,1,1.0
2026-27,2026-08-23,Aston Villa,AWAY,fouls_committed,11.5,1,0,0.0
2026-27,2026-08-23,Aston Villa,AWAY,fouls_committed,12.5,1,0,0.0
2026-27,2026-08-23,Aston Villa,AWAY,fouls_committed,13.5,1,0,0.0
2026-27,2026-08-23,Aston Villa,AWAY,fouls_committed,14.5,1,0,0.0
2026-27,2026-08-23,Aston Villa,AWAY,fouls_committed,15.5,1,0,0.0
2026-27,2026-08-23,Aston Villa,AWAY,fouls_suffered,8.5,1,1,1.0
2026-27,2026-08-23,Aston Villa,AWAY,fouls_suffered,9.5,1,1,1.0
2026-27,2026-08-23,Aston Villa,AWAY,fouls_suffered,10.5,1,1,1.0
2026-27,2026-08-23,Aston Villa,AWAY,fouls_suffered,11.5,1,1,1.0
2026-27,2026-08-23,Aston Villa,AWAY,fouls_suffered,12.5,1,0,0.0
2026-27,2026-08-23,Aston Villa,AWAY,fouls_suffered,13.5,1,0,0.0
2026-27,2026-08-23,Aston Villa,AWAY,fouls_suffered,14.5,1,0,0.0
2026-27,2026-08-23,Aston Villa,AWAY,fouls_suffered,15.5,1,0,0.0
2026-27,2026-08-23,Aston Villa,AWAY,corners_for,2.5,1,0,0.0
2026-27,2026-08-23,Aston Villa,AWAY,corners_for,3.5,1,0,0.0
2026-27,2026-08-23,Aston Villa,AWAY,corners_for,4.5,1,0,0.0
2026-27,2026-08-23,Aston Villa,AWAY,corners_for,5.5,1,0,0.0
2026-27,2026-08-23,Aston Villa,AWAY,corners_for,6.5,1,0,0.0
2026-27,2026-08-23,Aston Villa,AWAY,corners_for,7.5,1,0,0.0
2026-27,2026-08-23,Aston Villa,AWAY,corners_against,2.5,1,1,1.0
2026-27,2026-08-23,Aston Villa,AWAY,corners_against,3.5,1,1,1.0
2026-27,2026-08-23,Aston Villa,AWAY,corners_against,4.5,1,1,1.0
2026-27,2026-08-23,Aston Villa,AWAY,corners_against,5.5,1,0,0.0
2026-27,2026-08-23,Aston Villa,AWAY,corners_against,6.5,1,0,0.0
2026-27,2026-08-23,Aston Villa,AWAY,corners_against,7.5,1,0,0.0
2026-27,2026-08-23,Aston Villa,AWAY,yellow_cards,0.5,1,1,1.0
2026-27,2026-08-23,Aston Villa,AWAY,yellow_cards,1.5,1,1,1.0
2026-27,2026-08-23,Aston Villa,AWAY,yellow_cards,2.5,1,1,1.0
2026-27,2026-08-23,Aston Villa,AWAY,yellow_cards,3.5,1,0,0.0
2026-27,2026-08-23,Aston Villa,AWAY,yellow_cards,4.5,1,0,0.0
2026-27,2026-08-23,Bournemouth,ALL,fouls_committed,8.5,1,1,1.0
2026-27,2026-08-23,Bournemouth,ALL,fouls_committed,9.5,1,1,1.0
2026-27,2026-08-23,Bournemouth,ALL,fouls_committed,10.5,1,1,1.0
2026-27,2026-08-23,Bournemouth,ALL,fouls_committed,11.5,1,0,0.0
2026-27,2026-08-23,Bournemouth,ALL,fouls_committed,12.5,1,0,0.0
2026-27,2026-08-23,Bournemouth,ALL,fouls_committed,13.5,1,0,0.0
2026-27,2026-08-23,Bournemouth,ALL,fouls_committed,14.5,1,0,0.0
2026-27,2026-08-23,Bournemouth,ALL,fouls_committed,15.5,1,0,0.0
2026-27,2026-08-23,Bournemouth,ALL,fouls_suffered,8.5,1,1,1.0
2026-27,2026-08-23,Bournemouth,ALL,fouls_suffered,9.5,1,1,1.0
2026-27,2026-08-23,Bournemouth,ALL,fouls_suffered,10.5,1,1,1.0
2026-27,2026-08-23,Bournemouth,ALL,fouls_suffered,11.5,1,0,0.0
2026-27,2026-08-23,Bournemouth,ALL,fouls_suffered,12.5,1,0,0.0
2026-27,2026-08-23,Bournemouth,ALL,fouls_suffered,13.5,1,0,0.0
2026-27,2026-08-23,Bournemouth,ALL,fouls_suffered,14.5,1,0,0.0
2026-27,2026-08-23,Bournemouth,ALL,fouls_suffered,15.5,1,0,0.0
2026-27,2026-08-23,Bournemouth,ALL,corners_for,2.5,1,1,1.0
2026-27,2026-08-23,Bournemouth,ALL,corners_for,3.5,1,0,0.0
2026-27,2026-08-23,Bournemouth,ALL,corners_for,4.5,1,0,0.0
2026-27,2026-08-23,Bournemouth,ALL,corners_for,5.5,1,0,0.0
2026-27,2026-08-23,Bournemouth,ALL,corners_for,6.5,1,0,0.0
2026-27,2026-08-23,Bournemouth,ALL,corners_for,7.5,1,0,0.0
2026-27,2026-08-23,Bournemouth,ALL,corners_against,2.5,1,1,1.0
2026-27,2026-08-23,Bournemouth,ALL,corners_against,3.5,1,1,1.0
2026-27,2026-08-23,Bournemouth,ALL,corners_against,4.5,1,1,1.0
2026-27,2026-08-23,Bournemouth,ALL,corners_against,5.5,1,1,1.0
2026-27,2026-08-23,Bournemouth,ALL,corners_against,6.5,1,1,1.0
2026-27,2026-08-23,Bournemouth,ALL,corners_against,7.5,1,1,1.0
2026-27,2026-08-23,Bournemouth,ALL,yellow_cards,0.5,1,1,1.0
2026-27,2026-08-23,Bournemouth,ALL,yellow_cards,1.5,1,1,1.0
2026-27,2026-08-23,Bournemouth,ALL,yellow_cards,2.5,1,0,0.0
2026-27,2026-08-23,Bournemouth,ALL,yellow_cards,3.5,1,0,0.0
2026-27,2026-08-23,Bournemouth,ALL,yellow_cards,4.5,1,0,0.0
2026-27,2026-08-23,Bournemouth,AWAY,fouls_committed,8.5,1,1,1.0
2026-27,2026-08-23,Bournemouth,AWAY,fouls_committed,9.5,1,1,1.0
2026-27,2026-08-23,Bournemouth,AWAY,fouls_committed,10.5,1,1,1.0
2026-27,2026-08-23,Bournemouth,AWAY,fouls_committed,11.5,1,0,0.0
2026-27,2026-08-23,Bournemouth,AWAY,fouls_committed,12.5,1,0,0.0
2026-27,2026-08-23,Bournemouth,AWAY,fouls_committed,13.5,1,0,0.0
2026-27,2026-08-23,Bournemouth,AWAY,fouls_committed,14.5,1,0,0.0
2026-27,2026-08-23,Bournemouth,AWAY,fouls_committed,15.5,1,0,0.0
2026-27,2026-08-23,Bournemouth,AWAY,fouls_suffered,8.5,1,1,1.0
2026-27,2026-08-23,Bournemouth,AWAY,fouls_suffered,9.5,1,1,1.0
2026-27,2026-08-23,Bournemouth,AWAY,fouls_suffered,10.5,1,1,1.0
2026-27,2026-08-23,Bournemouth,AWAY,fouls_suffered,11.5,1,0,0.0
2026-27,2026-08-23,Bournemouth,AWAY,fouls_suffered,12.5,1,0,0.0
2026-27,2026-08-23,Bournemouth,AWAY,fouls_suffered,13.5,1,0,0.0
2026-27,2026-08-23,Bournemouth,AWAY,fouls_suffered,14.5,1,0,0.0
2026-27,2026-08-23,Bournemouth,AWAY,fouls_suffered,15.5,1,0,0.0
2026-27,2026-08-23,Bournemouth,AWAY,corners_for,2.5,1,1,1.0
2026-27,2026-08-23,Bournemouth,AWAY,corners_for,3.5,1,0,0.0
2026-27,2026-08-23,Bournemouth,AWAY,corners_for,4.5,1,0,0.0
2026-27,2026-08-23,Bournemouth,AWAY,corners_for,5.5,1,0,0.0
2026-27,2026-08-23,Bournemouth,AWAY,corners_for,6.5,1,0,0.0
2026-27,2026-08-23,Bournemouth,AWAY,corners_for,7.5,1,0,0.0
2026-27,2026-08-23,Bournemouth,AWAY,corners_against,2.5,1,1,1.0
2026-27,2026-08-23,Bournemouth,AWAY,corners_against,3.5,1,1,1.0
2026-27,2026-08-23,Bournemouth,AWAY,corners_against,4.5,1,1,1.0
2026-27,2026-08-23,Bournemouth,AWAY,corners_against,5.5,1,1,1.0
2026-27,2026-08-23,Bournemouth,AWAY,corners_against,6.5,1,1,1.0
2026-27,2026-08-23,Bournemouth,AWAY,corners_against,7.5,1,1,1.0
2026-27,2026-08-23,Bournemouth,AWAY,yellow_cards,0.5,1,1,1.0
2026-27,2026-08-23,Bournemouth,AWAY,yellow_cards,1.5,1,1,1.0
2026-27,2026-08-23,Bournemouth,AWAY,yellow_cards,2.5,1,0,0.0
2026-27,2026-08-23,Bournemouth,AWAY,yellow_cards,3.5,1,0,0.0
2026-27,2026-08-23,Bournemouth,AWAY,yellow_cards,4.5,1,0,0.0
2026-27,2026-08-22,Brentford,ALL,fouls_committed,8.5,1,1,1.0
2026-27,2026-08-22,Brentford,ALL,fouls_committed,9.5,1,1,1.0
2026-27,2026-08-22,Brentford,ALL,fouls_committed,10.5,1,1,1.0
2026-27,2026-08-22,Brentford,ALL,fouls_committed,11.5,1,1,1.0
2026-27,2026-08-22,Brentford,ALL,fouls_committed,12.5,1,1,1.0
2026-27,2026-08-22,Brentford,ALL,fouls_committed,13.5,1,1,1.0
2026-27,2026-08-22,Brentford,ALL,fouls_committed,14.5,1,1,1.0
2026-27,2026-08-22,Brentford,ALL,fouls_committed,15.5,1,1,1.0
2026-27,2026-08-22,Brentford,ALL,fouls_suffered,8.5,1,1,1.0
2026-27,2026-08-22,Brentford,ALL,fouls_suffered,9.5,1,1,1.0
2026-27,2026-08-22,Brentford,ALL,fouls_suffered,10.5,1,1,1.0
2026-27,2026-08-22,Brentford,ALL,fouls_suffered,11.5,1,1,1.0
2026-27,2026-08-22,Brentford,ALL,fouls_suffered,12.5,1,1,1.0
2026-27,2026-08-22,Brentford,ALL,fouls_suffered,13.5,1,1,1.0
2026-27,2026-08-22,Brentford,ALL,fouls_suffered,14.5,1,0,0.0
2026-27,2026-08-22,Brentford,ALL,fouls_suffered,15.5,1,0,0.0
2026-27,2026-08-22,Brentford,ALL,corners_for,2.5,1,1,1.0
2026-27,2026-08-22,Brentford,ALL,corners_for,3.5,1,1,1.0
2026-27,2026-08-22,Brentford,ALL,corners_for,4.5,1,1,1.0
2026-27,2026-08-22,Brentford,ALL,corners_for,5.5,1,1,1.0
2026-27,2026-08-22,Brentford,ALL,corners_for,6.5,1,1,1.0
2026-27,2026-08-22,Brentford,ALL,corners_for,7.5,1,0,0.0
2026-27,2026-08-22,Brentford,ALL,corners_against,2.5,1,1,1.0
2026-27,2026-08-22,Brentford,ALL,corners_against,3.5,1,0,0.0
2026-27,2026-08-22,Brentford,ALL,corners_against,4.5,1,0,0.0
2026-27,2026-08-22,Brentford,ALL,corners_against,5.5,1,0,0.0
2026-27,2026-08-22,Brentford,ALL,corners_against,6.5,1,0,0.0
2026-27,2026-08-22,Brentford,ALL,corners_against,7.5,1,0,0.0
2026-27,2026-08-22,Brentford,ALL,yellow_cards,0.5,1,1,1.0
2026-27,2026-08-22,Brentford,ALL,yellow_cards,1.5,1,0,0.0
2026-27,2026-08-22,Brentford,ALL,yellow_cards,2.5,1,0,0.0
2026-27,2026-08-22,Brentford,ALL,yellow_cards,3.5,1,0,0.0
2026-27,2026-08-22,Brentford,ALL,yellow_cards,4.5,1,0,0.0
2026-27,2026-08-22,Brentford,HOME,fouls_committed,8.5,1,1,1.0
2026-27,2026-08-22,Brentford,HOME,fouls_committed,9.5,1,1,1.0
2026-27,2026-08-22,Brentford,HOME,fouls_committed,10.5,1,1,1.0
2026-27,2026-08-22,Brentford,HOME,fouls_committed,11.5,1,1,1.0
2026-27,2026-08-22,Brentford,HOME,fouls_committed,12.5,1,1,1.0
2026-27,2026-08-22,Brentford,HOME,fouls_committed,13.5,1,1,1.0
2026-27,2026-08-22,Brentford,HOME,fouls_committed,14.5,1,1,1.0
2026-27,2026-08-22,Brentford,HOME,fouls_committed,15.5,1,1,1.0
2026-27,2026-08-22,Brentford,HOME,fouls_suffered,8.5,1,1,1.0
2026-27,2026-08-22,Brentford,HOME,fouls_suffered,9.5,1,1,1.0
2026-27,2026-08-22,Brentford,HOME,fouls_suffered,10.5,1,1,1.0
2026-27,2026-08-22,Brentford,HOME,fouls_suffered,11.5,1,1,1.0
2026-27,2026-08-22,Brentford,HOME,fouls_suffered,12.5,1,1,1.0
2026-27,2026-08-22,Brentford,HOME,fouls_suffered,13.5,1,1,1.0
2026-27,2026-08-22,Brentford,HOME,fouls_suffered,14.5,1,0,0.0
2026-27,2026-08-22,Brentford,HOME,fouls_suffered,15.5,1,0,0.0
2026-27,2026-08-22,Brentford,HOME,corners_for,2.5,1,1,1.0
2026-27,2026-08-22,Brentford,HOME,corners_for,3.5,1,1,1.0
2026-27,2026-08-22,Brentford,HOME,corners_for,4.5,1,1,1.0
2026-27,2026-08-22,Brentford,HOME,corners_for,5.5,1,1,1.0
2026-27,2026-08-22,Brentford,HOME,corners_for,6.5,1,1,1.0
2026-27,2026-08-22,Brentford,HOME,corners_for,7.5,1,0,0.0
2026-27,2026-08-22,Brentford,HOME,corners_against,2.5,1,1,1.0
2026-27,2026-08-22,Brentford,HOME,corners_against,3.5,1,0,0.0
2026-27,2026-08-22,Brentford,HOME,corners_against,4.5,1,0,0.0
2026-27,2026-08-22,Brentford,HOME,corners_against,5.5,1,0,0.0
2026-27,2026-08-22,Brentford,HOME,corners_against,6.5,1,0,0.0
2026-27,2026-08-22,Brentford,HOME,corners_against,7.5,1,0,0.0
2026-27,2026-08-22,Brentford,HOME,yellow_cards,0.5,1,1,1.0
2026-27,2026-08-22,Brentford,HOME,yellow_cards,1.5,1,0,0.0
2026-27,2026-08-22,Brentford,HOME,yellow_cards,2.5,1,0,0.0
2026-27,2026-08-22,Brentford,HOME,yellow_cards,3.5,1,0,0.0
2026-27,2026-08-22,Brentford,HOME,yellow_cards,4.5,1,0,0.0
2026-27,2026-08-23,Brighton & Hove Albion,ALL,fouls_committed,8.5,1,1,1.0
2026-27,2026-08-23,Brighton & Hove Albion,ALL,fouls_committed,9.5,1,1,1.0
2026-27,2026-08-23,Brighton & Hove Albion,ALL,fouls_committed,10.5,1,1,1.0
2026-27,2026-08-23,Brighton & Hove Albion,ALL,fouls_committed,11.5,1,1,1.0
2026-27,2026-08-23,Brighton & Hove Albion,ALL,fouls_committed,12.5,1,0,0.0
2026-27,2026-08-23,Brighton & Hove Albion,ALL,fouls_committed,13.5,1,0,0.0
2026-27,2026-08-23,Brighton & Hove Albion,ALL,fouls_committed,14.5,1,0,0.0
2026-27,2026-08-23,Brighton & Hove Albion,ALL,fouls_committed,15.5,1,0,0.0
2026-27,2026-08-23,Brighton & Hove Albion,ALL,fouls_suffered,8.5,1,1,1.0
2026-27,2026-08-23,Brighton & Hove Albion,ALL,fouls_suffered,9.5,1,1,1.0
2026-27,2026-08-23,Brighton & Hove Albion,ALL,fouls_suffered,10.5,1,1,1.0
2026-27,2026-08-23,Brighton & Hove Albion,ALL,fouls_suffered,11.5,1,0,0.0
2026-27,2026-08-23,Brighton & Hove Albion,ALL,fouls_suffered,12.5,1,0,0.0
2026-27,2026-08-23,Brighton & Hove Albion,ALL,fouls_suffered,13.5,1,0,0.0
2026-27,2026-08-23,Brighton & Hove Albion,ALL,fouls_suffered,14.5,1,0,0.0
2026-27,2026-08-23,Brighton & Hove Albion,ALL,fouls_suffered,15.5,1,0,0.0
2026-27,2026-08-23,Brighton & Hove Albion,ALL,corners_for,2.5,1,1,1.0
2026-27,2026-08-23,Brighton & Hove Albion,ALL,corners_for,3.5,1,1,1.0
2026-27,2026-08-23,Brighton & Hove Albion,ALL,corners_for,4.5,1,1,1.0
2026-27,2026-08-23,Brighton & Hove Albion,ALL,corners_for,5.5,1,0,0.0
2026-27,2026-08-23,Brighton & Hove Albion,ALL,corners_for,6.5,1,0,0.0
2026-27,2026-08-23,Brighton & Hove Albion,ALL,corners_for,7.5,1,0,0.0
2026-27,2026-08-23,Brighton & Hove Albion,ALL,corners_against,2.5,1,0,0.0
2026-27,2026-08-23,Brighton & Hove Albion,ALL,corners_against,3.5,1,0,0.0
2026-27,2026-08-23,Brighton & Hove Albion,ALL,corners_against,4.5,1,0,0.0
2026-27,2026-08-23,Brighton & Hove Albion,ALL,corners_against,5.5,1,0,0.0
2026-27,2026-08-23,Brighton & Hove Albion,ALL,corners_against,6.5,1,0,0.0
2026-27,2026-08-23,Brighton & Hove Albion,ALL,corners_against,7.5,1,0,0.0
2026-27,2026-08-23,Brighton & Hove Albion,ALL,yellow_cards,0.5,1,1,1.0
2026-27,2026-08-23,Brighton & Hove Albion,ALL,yellow_cards,1.5,1,1,1.0
2026-27,2026-08-23,Brighton & Hove Albion,ALL,yellow_cards,2.5,1,0,0.0
2026-27,2026-08-23,Brighton & Hove Albion,ALL,yellow_cards,3.5,1,0,0.0
2026-27,2026-08-23,Brighton & Hove Albion,ALL,yellow_cards,4.5,1,0,0.0
2026-27,2026-08-23,Brighton & Hove Albion,HOME,fouls_committed,8.5,1,1,1.0
2026-27,2026-08-23,Brighton & Hove Albion,HOME,fouls_committed,9.5,1,1,1.0
2026-27,2026-08-23,Brighton & Hove Albion,HOME,fouls_committed,10.5,1,1,1.0
2026-27,2026-08-23,Brighton & Hove Albion,HOME,fouls_committed,11.5,1,1,1.0
2026-27,2026-08-23,Brighton & Hove Albion,HOME,fouls_committed,12.5,1,0,0.0
2026-27,2026-08-23,Brighton & Hove Albion,HOME,fouls_committed,13.5,1,0,0.0
2026-27,2026-08-23,Brighton & Hove Albion,HOME,fouls_committed,14.5,1,0,0.0
2026-27,2026-08-23,Brighton & Hove Albion,HOME,fouls_committed,15.5,1,0,0.0
2026-27,2026-08-23,Brighton & Hove Albion,HOME,fouls_suffered,8.5,1,1,1.0
2026-27,2026-08-23,Brighton & Hove Albion,HOME,fouls_suffered,9.5,1,1,1.0
2026-27,2026-08-23,Brighton & Hove Albion,HOME,fouls_suffered,10.5,1,1,1.0
2026-27,2026-08-23,Brighton & Hove Albion,HOME,fouls_suffered,11.5,1,0,0.0
2026-27,2026-08-23,Brighton & Hove Albion,HOME,fouls_suffered,12.5,1,0,0.0
2026-27,2026-08-23,Brighton & Hove Albion,HOME,fouls_suffered,13.5,1,0,0.0
2026-27,2026-08-23,Brighton & Hove Albion,HOME,fouls_suffered,14.5,1,0,0.0
2026-27,2026-08-23,Brighton & Hove Albion,HOME,fouls_suffered,15.5,1,0,0.0
2026-27,2026-08-23,Brighton & Hove Albion,HOME,corners_for,2.5,1,1,1.0
2026-27,2026-08-23,Brighton & Hove Albion,HOME,corners_for,3.5,1,1,1.0
2026-27,2026-08-23,Brighton & Hove Albion,HOME,corners_for,4.5,1,1,1.0
2026-27,2026-08-23,Brighton & Hove Albion,HOME,corners_for,5.5,1,0,0.0
2026-27,2026-08-23,Brighton & Hove Albion,HOME,corners_for,6.5,1,0,0.0
2026-27,2026-08-23,Brighton & Hove Albion,HOME,corners_for,7.5,1,0,0.0
2026-27,2026-08-23,Brighton & Hove Albion,HOME,corners_against,2.5,1,0,0.0
2026-27,2026-08-23,Brighton & Hove Albion,HOME,corners_against,3.5,1,0,0.0
2026-27,2026-08-23,Brighton & Hove Albion,HOME,corners_against,4.5,1,0,0.0
2026-27,2026-08-23,Brighton & Hove Albion,HOME,corners_against,5.5,1,0,0.0
2026-27,2026-08-23,Brighton & Hove Albion,HOME,corners_against,6.5,1,0,0.0
2026-27,2026-08-23,Brighton & Hove Albion,HOME,corners_against,7.5,1,0,0.0
2026-27,2026-08-23,Brighton & Hove Albion,HOME,yellow_cards,0.5,1,1,1.0
2026-27,2026-08-23,Brighton & Hove Albion,HOME,yellow_cards,1.5,1,1,1.0
2026-27,2026-08-23,Brighton & Hove Albion,HOME,yellow_cards,2.5,1,0,0.0
2026-27,2026-08-23,Brighton & Hove Albion,HOME,yellow_cards,3.5,1,0,0.0
2026-27,2026-08-23,Brighton & Hove Albion,HOME,yellow_cards,4.5,1,0,0.0
2026-27,2026-08-24,Chelsea,ALL,fouls_committed,8.5,1,0,0.0
2026-27,2026-08-24,Chelsea,ALL,fouls_committed,9.5,1,0,0.0
2026-27,2026-08-24,Chelsea,ALL,fouls_committed,10.5,1,0,0.0
2026-27,2026-08-24,Chelsea,ALL,fouls_committed,11.5,1,0,0.0
2026-27,2026-08-24,Chelsea,ALL,fouls_committed,12.5,1,0,0.0
2026-27,2026-08-24,Chelsea,ALL,fouls_committed,13.5,1,0,0.0
2026-27,2026-08-24,Chelsea,ALL,fouls_committed,14.5,1,0,0.0
2026-27,2026-08-24,Chelsea,ALL,fouls_committed,15.5,1,0,0.0
2026-27,2026-08-24,Chelsea,ALL,fouls_suffered,8.5,1,1,1.0
2026-27,2026-08-24,Chelsea,ALL,fouls_suffered,9.5,1,1,1.0
2026-27,2026-08-24,Chelsea,ALL,fouls_suffered,10.5,1,1,1.0
2026-27,2026-08-24,Chelsea,ALL,fouls_suffered,11.5,1,1,1.0
2026-27,2026-08-24,Chelsea,ALL,fouls_suffered,12.5,1,0,0.0
2026-27,2026-08-24,Chelsea,ALL,fouls_suffered,13.5,1,0,0.0
2026-27,2026-08-24,Chelsea,ALL,fouls_suffered,14.5,1,0,0.0
2026-27,2026-08-24,Chelsea,ALL,fouls_suffered,15.5,1,0,0.0
2026-27,2026-08-24,Chelsea,ALL,corners_for,2.5,1,1,1.0
2026-27,2026-08-24,Chelsea,ALL,corners_for,3.5,1,1,1.0
2026-27,2026-08-24,Chelsea,ALL,corners_for,4.5,1,0,0.0
2026-27,2026-08-24,Chelsea,ALL,corners_for,5.5,1,0,0.0
2026-27,2026-08-24,Chelsea,ALL,corners_for,6.5,1,0,0.0
2026-27,2026-08-24,Chelsea,ALL,corners_for,7.5,1,0,0.0
2026-27,2026-08-24,Chelsea,ALL,corners_against,2.5,1,1,1.0
2026-27,2026-08-24,Chelsea,ALL,corners_against,3.5,1,1,1.0
2026-27,2026-08-24,Chelsea,ALL,corners_against,4.5,1,1,1.0
2026-27,2026-08-24,Chelsea,ALL,corners_against,5.5,1,1,1.0
2026-27,2026-08-24,Chelsea,ALL,corners_against,6.5,1,0,0.0
2026-27,2026-08-24,Chelsea,ALL,corners_against,7.5,1,0,0.0
2026-27,2026-08-24,Chelsea,ALL,yellow_cards,0.5,1,1,1.0
2026-27,2026-08-24,Chelsea,ALL,yellow_cards,1.5,1,1,1.0
2026-27,2026-08-24,Chelsea,ALL,yellow_cards,2.5,1,1,1.0
2026-27,2026-08-24,Chelsea,ALL,yellow_cards,3.5,1,0,0.0
2026-27,2026-08-24,Chelsea,ALL,yellow_cards,4.5,1,0,0.0
2026-27,2026-08-24,Chelsea,AWAY,fouls_committed,8.5,1,0,0.0
2026-27,2026-08-24,Chelsea,AWAY,fouls_committed,9.5,1,0,0.0
2026-27,2026-08-24,Chelsea,AWAY,fouls_committed,10.5,1,0,0.0
2026-27,2026-08-24,Chelsea,AWAY,fouls_committed,11.5,1,0,0.0
2026-27,2026-08-24,Chelsea,AWAY,fouls_committed,12.5,1,0,0.0
2026-27,2026-08-24,Chelsea,AWAY,fouls_committed,13.5,1,0,0.0
2026-27,2026-08-24,Chelsea,AWAY,fouls_committed,14.5,1,0,0.0
2026-27,2026-08-24,Chelsea,AWAY,fouls_committed,15.5,1,0,0.0
2026-27,2026-08-24,Chelsea,AWAY,fouls_suffered,8.5,1,1,1.0
2026-27,2026-08-24,Chelsea,AWAY,fouls_suffered,9.5,1,1,1.0
2026-27,2026-08-24,Chelsea,AWAY,fouls_suffered,10.5,1,1,1.0
2026-27,2026-08-24,Chelsea,AWAY,fouls_suffered,11.5,1,1,1.0
2026-27,2026-08-24,Chelsea,AWAY,fouls_suffered,12.5,1,0,0.0
2026-27,2026-08-24,Chelsea,AWAY,fouls_suffered,13.5,1,0,0.0
2026-27,2026-08-24,Chelsea,AWAY,fouls_suffered,14.5,1,0,0.0
2026-27,2026-08-24,Chelsea,AWAY,fouls_suffered,15.5,1,0,0.0
2026-27,2026-08-24,Chelsea,AWAY,corners_for,2.5,1,1,1.0
2026-27,2026-08-24,Chelsea,AWAY,corners_for,3.5,1,1,1.0
2026-27,2026-08-24,Chelsea,AWAY,corners_for,4.5,1,0,0.0
2026-27,2026-08-24,Chelsea,AWAY,corners_for,5.5,1,0,0.0
2026-27,2026-08-24,Chelsea,AWAY,corners_for,6.5,1,0,0.0
2026-27,2026-08-24,Chelsea,AWAY,corners_for,7.5,1,0,0.0
2026-27,2026-08-24,Chelsea,AWAY,corners_against,2.5,1,1,1.0
2026-27,2026-08-24,Chelsea,AWAY,corners_against,3.5,1,1,1.0
2026-27,2026-08-24,Chelsea,AWAY,corners_against,4.5,1,1,1.0
2026-27,2026-08-24,Chelsea,AWAY,corners_against,5.5,1,1,1.0
2026-27,2026-08-24,Chelsea,AWAY,corners_against,6.5,1,0,0.0
2026-27,2026-08-24,Chelsea,AWAY,corners_against,7.5,1,0,0.0
2026-27,2026-08-24,Chelsea,AWAY,yellow_cards,0.5,1,1,1.0
2026-27,2026-08-24,Chelsea,AWAY,yellow_cards,1.5,1,1,1.0
2026-27,2026-08-24,Chelsea,AWAY,yellow_cards,2.5,1,1,1.0
2026-27,2026-08-24,Chelsea,AWAY,yellow_cards,3.5,1,0,0.0
2026-27,2026-08-24,Chelsea,AWAY,yellow_cards,4.5,1,0,0.0
2026-27,2026-08-21,Coventry,ALL,fouls_committed,8.5,1,1,1.0
2026-27,2026-08-21,Coventry,ALL,fouls_committed,9.5,1,1,1.0
2026-27,2026-08-21,Coventry,ALL,fouls_committed,10.5,1,1,1.0
2026-27,2026-08-21,Coventry,ALL,fouls_committed,11.5,1,1,1.0
2026-27,2026-08-21,Coventry,ALL,fouls_committed,12.5,1,1,1.0
2026-27,2026-08-21,Coventry,ALL,fouls_committed,13.5,1,0,0.0
2026-27,2026-08-21,Coventry,ALL,fouls_committed,14.5,1,0,0.0
2026-27,2026-08-21,Coventry,ALL,fouls_committed,15.5,1,0,0.0
2026-27,2026-08-21,Coventry,ALL,fouls_suffered,8.5,1,1,1.0
2026-27,2026-08-21,Coventry,ALL,fouls_suffered,9.5,1,1,1.0
2026-27,2026-08-21,Coventry,ALL,fouls_suffered,10.5,1,0,0.0
2026-27,2026-08-21,Coventry,ALL,fouls_suffered,11.5,1,0,0.0
2026-27,2026-08-21,Coventry,ALL,fouls_suffered,12.5,1,0,0.0
2026-27,2026-08-21,Coventry,ALL,fouls_suffered,13.5,1,0,0.0
2026-27,2026-08-21,Coventry,ALL,fouls_suffered,14.5,1,0,0.0
2026-27,2026-08-21,Coventry,ALL,fouls_suffered,15.5,1,0,0.0
2026-27,2026-08-21,Coventry,ALL,corners_for,2.5,1,0,0.0
2026-27,2026-08-21,Coventry,ALL,corners_for,3.5,1,0,0.0
2026-27,2026-08-21,Coventry,ALL,corners_for,4.5,1,0,0.0
2026-27,2026-08-21,Coventry,ALL,corners_for,5.5,1,0,0.0
2026-27,2026-08-21,Coventry,ALL,corners_for,6.5,1,0,0.0
2026-27,2026-08-21,Coventry,ALL,corners_for,7.5,1,0,0.0
2026-27,2026-08-21,Coventry,ALL,corners_against,2.5,1,1,1.0
2026-27,2026-08-21,Coventry,ALL,corners_against,3.5,1,1,1.0
2026-27,2026-08-21,Coventry,ALL,corners_against,4.5,1,1,1.0
2026-27,2026-08-21,Coventry,ALL,corners_against,5.5,1,1,1.0
2026-27,2026-08-21,Coventry,ALL,corners_against,6.5,1,1,1.0
2026-27,2026-08-21,Coventry,ALL,corners_against,7.5,1,1,1.0
2026-27,2026-08-21,Coventry,ALL,yellow_cards,0.5,1,1,1.0
2026-27,2026-08-21,Coventry,ALL,yellow_cards,1.5,1,0,0.0
2026-27,2026-08-21,Coventry,ALL,yellow_cards,2.5,1,0,0.0
2026-27,2026-08-21,Coventry,ALL,yellow_cards,3.5,1,0,0.0
2026-27,2026-08-21,Coventry,ALL,yellow_cards,4.5,1,0,0.0
2026-27,2026-08-21,Coventry,AWAY,fouls_committed,8.5,1,1,1.0
2026-27,2026-08-21,Coventry,AWAY,fouls_committed,9.5,1,1,1.0
2026-27,2026-08-21,Coventry,AWAY,fouls_committed,10.5,1,1,1.0
2026-27,2026-08-21,Coventry,AWAY,fouls_committed,11.5,1,1,1.0
2026-27,2026-08-21,Coventry,AWAY,fouls_committed,12.5,1,1,1.0
2026-27,2026-08-21,Coventry,AWAY,fouls_committed,13.5,1,0,0.0
2026-27,2026-08-21,Coventry,AWAY,fouls_committed,14.5,1,0,0.0
2026-27,2026-08-21,Coventry,AWAY,fouls_committed,15.5,1,0,0.0
2026-27,2026-08-21,Coventry,AWAY,fouls_suffered,8.5,1,1,1.0
2026-27,2026-08-21,Coventry,AWAY,fouls_suffered,9.5,1,1,1.0
2026-27,2026-08-21,Coventry,AWAY,fouls_suffered,10.5,1,0,0.0
2026-27,2026-08-21,Coventry,AWAY,fouls_suffered,11.5,1,0,0.0
2026-27,2026-08-21,Coventry,AWAY,fouls_suffered,12.5,1,0,0.0
2026-27,2026-08-21,Coventry,AWAY,fouls_suffered,13.5,1,0,0.0
2026-27,2026-08-21,Coventry,AWAY,fouls_suffered,14.5,1,0,0.0
2026-27,2026-08-21,Coventry,AWAY,fouls_suffered,15.5,1,0,0.0
2026-27,2026-08-21,Coventry,AWAY,corners_for,2.5,1,0,0.0
2026-27,2026-08-21,Coventry,AWAY,corners_for,3.5,1,0,0.0
2026-27,2026-08-21,Coventry,AWAY,corners_for,4.5,1,0,0.0
2026-27,2026-08-21,Coventry,AWAY,corners_for,5.5,1,0,0.0
2026-27,2026-08-21,Coventry,AWAY,corners_for,6.5,1,0,0.0
2026-27,2026-08-21,Coventry,AWAY,corners_for,7.5,1,0,0.0
2026-27,2026-08-21,Coventry,AWAY,corners_against,2.5,1,1,1.0
2026-27,2026-08-21,Coventry,AWAY,corners_against,3.5,1,1,1.0
2026-27,2026-08-21,Coventry,AWAY,corners_against,4.5,1,1,1.0
2026-27,2026-08-21,Coventry,AWAY,corners_against,5.5,1,1,1.0
2026-27,2026-08-21,Coventry,AWAY,corners_against,6.5,1,1,1.0
2026-27,2026-08-21,Coventry,AWAY,corners_against,7.5,1,1,1.0
2026-27,2026-08-21,Coventry,AWAY,yellow_cards,0.5,1,1,1.0
2026-27,2026-08-21,Coventry,AWAY,yellow_cards,1.5,1,0,0.0
2026-27,2026-08-21,Coventry,AWAY,yellow_cards,2.5,1,0,0.0
2026-27,2026-08-21,Coventry,AWAY,yellow_cards,3.5,1,0,0.0
2026-27,2026-08-21,Coventry,AWAY,yellow_cards,4.5,1,0,0.0
2026-27,2026-08-22,Crystal Palace,ALL,fouls_committed,8.5,1,1,1.0
2026-27,2026-08-22,Crystal Palace,ALL,fouls_committed,9.5,1,1,1.0
2026-27,2026-08-22,Crystal Palace,ALL,fouls_committed,10.5,1,1,1.0
2026-27,2026-08-22,Crystal Palace,ALL,fouls_committed,11.5,1,1,1.0
2026-27,2026-08-22,Crystal Palace,ALL,fouls_committed,12.5,1,1,1.0
2026-27,2026-08-22,Crystal Palace,ALL,fouls_committed,13.5,1,1,1.0
2026-27,2026-08-22,Crystal Palace,ALL,fouls_committed,14.5,1,1,1.0
2026-27,2026-08-22,Crystal Palace,ALL,fouls_committed,15.5,1,0,0.0
2026-27,2026-08-22,Crystal Palace,ALL,fouls_suffered,8.5,1,0,0.0
2026-27,2026-08-22,Crystal Palace,ALL,fouls_suffered,9.5,1,0,0.0
2026-27,2026-08-22,Crystal Palace,ALL,fouls_suffered,10.5,1,0,0.0
2026-27,2026-08-22,Crystal Palace,ALL,fouls_suffered,11.5,1,0,0.0
2026-27,2026-08-22,Crystal Palace,ALL,fouls_suffered,12.5,1,0,0.0
2026-27,2026-08-22,Crystal Palace,ALL,fouls_suffered,13.5,1,0,0.0
2026-27,2026-08-22,Crystal Palace,ALL,fouls_suffered,14.5,1,0,0.0
2026-27,2026-08-22,Crystal Palace,ALL,fouls_suffered,15.5,1,0,0.0
2026-27,2026-08-22,Crystal Palace,ALL,corners_for,2.5,1,0,0.0
2026-27,2026-08-22,Crystal Palace,ALL,corners_for,3.5,1,0,0.0
2026-27,2026-08-22,Crystal Palace,ALL,corners_for,4.5,1,0,0.0
2026-27,2026-08-22,Crystal Palace,ALL,corners_for,5.5,1,0,0.0
2026-27,2026-08-22,Crystal Palace,ALL,corners_for,6.5,1,0,0.0
2026-27,2026-08-22,Crystal Palace,ALL,corners_for,7.5,1,0,0.0
2026-27,2026-08-22,Crystal Palace,ALL,corners_against,2.5,1,1,1.0
2026-27,2026-08-22,Crystal Palace,ALL,corners_against,3.5,1,1,1.0
2026-27,2026-08-22,Crystal Palace,ALL,corners_against,4.5,1,0,0.0
2026-27,2026-08-22,Crystal Palace,ALL,corners_against,5.5,1,0,0.0
2026-27,2026-08-22,Crystal Palace,ALL,corners_against,6.5,1,0,0.0
2026-27,2026-08-22,Crystal Palace,ALL,corners_against,7.5,1,0,0.0
2026-27,2026-08-22,Crystal Palace,ALL,yellow_cards,0.5,1,1,1.0
2026-27,2026-08-22,Crystal Palace,ALL,yellow_cards,1.5,1,0,0.0
2026-27,2026-08-22,Crystal Palace,ALL,yellow_cards,2.5,1,0,0.0
2026-27,2026-08-22,Crystal Palace,ALL,yellow_cards,3.5,1,0,0.0
2026-27,2026-08-22,Crystal Palace,ALL,yellow_cards,4.5,1,0,0.0
2026-27,2026-08-22,Crystal Palace,AWAY,fouls_committed,8.5,1,1,1.0
2026-27,2026-08-22,Crystal Palace,AWAY,fouls_committed,9.5,1,1,1.0
2026-27,2026-08-22,Crystal Palace,AWAY,fouls_committed,10.5,1,1,1.0
2026-27,2026-08-22,Crystal Palace,AWAY,fouls_committed,11.5,1,1,1.0
2026-27,2026-08-22,Crystal Palace,AWAY,fouls_committed,12.5,1,1,1.0
2026-27,2026-08-22,Crystal Palace,AWAY,fouls_committed,13.5,1,1,1.0
2026-27,2026-08-22,Crystal Palace,AWAY,fouls_committed,14.5,1,1,1.0
2026-27,2026-08-22,Crystal Palace,AWAY,fouls_committed,15.5,1,0,0.0
2026-27,2026-08-22,Crystal Palace,AWAY,fouls_suffered,8.5,1,0,0.0
2026-27,2026-08-22,Crystal Palace,AWAY,fouls_suffered,9.5,1,0,0.0
2026-27,2026-08-22,Crystal Palace,AWAY,fouls_suffered,10.5,1,0,0.0
2026-27,2026-08-22,Crystal Palace,AWAY,fouls_suffered,11.5,1,0,0.0
2026-27,2026-08-22,Crystal Palace,AWAY,fouls_suffered,12.5,1,0,0.0
2026-27,2026-08-22,Crystal Palace,AWAY,fouls_suffered,13.5,1,0,0.0
2026-27,2026-08-22,Crystal Palace,AWAY,fouls_suffered,14.5,1,0,0.0
2026-27,2026-08-22,Crystal Palace,AWAY,fouls_suffered,15.5,1,0,0.0
2026-27,2026-08-22,Crystal Palace,AWAY,corners_for,2.5,1,0,0.0
2026-27,2026-08-22,Crystal Palace,AWAY,corners_for,3.5,1,0,0.0
2026-27,2026-08-22,Crystal Palace,AWAY,corners_for,4.5,1,0,0.0
2026-27,2026-08-22,Crystal Palace,AWAY,corners_for,5.5,1,0,0.0
2026-27,2026-08-22,Crystal Palace,AWAY,corners_for,6.5,1,0,0.0
2026-27,2026-08-22,Crystal Palace,AWAY,corners_for,7.5,1,0,0.0
2026-27,2026-08-22,Crystal Palace,AWAY,corners_against,2.5,1,1,1.0
2026-27,2026-08-22,Crystal Palace,AWAY,corners_against,3.5,1,1,1.0
2026-27,2026-08-22,Crystal Palace,AWAY,corners_against,4.5,1,0,0.0
2026-27,2026-08-22,Crystal Palace,AWAY,corners_against,5.5,1,0,0.0
2026-27,2026-08-22,Crystal Palace,AWAY,corners_against,6.5,1,0,0.0
2026-27,2026-08-22,Crystal Palace,AWAY,corners_against,7.5,1,0,0.0
2026-27,2026-08-22,Crystal Palace,AWAY,yellow_cards,0.5,1,1,1.0
2026-27,2026-08-22,Crystal Palace,AWAY,yellow_cards,1.5,1,0,0.0
2026-27,2026-08-22,Crystal Palace,AWAY,yellow_cards,2.5,1,0,0.0
2026-27,2026-08-22,Crystal Palace,AWAY,yellow_cards,3.5,1,0,0.0
2026-27,2026-08-22,Crystal Palace,AWAY,yellow_cards,4.5,1,0,0.0
2026-27,2026-08-22,Everton,ALL,fouls_committed,8.5,1,0,0.0
2026-27,2026-08-22,Everton,ALL,fouls_committed,9.5,1,0,0.0
2026-27,2026-08-22,Everton,ALL,fouls_committed,10.5,1,0,0.0
2026-27,2026-08-22,Everton,ALL,fouls_committed,11.5,1,0,0.0
2026-27,2026-08-22,Everton,ALL,fouls_committed,12.5,1,0,0.0
2026-27,2026-08-22,Everton,ALL,fouls_committed,13.5,1,0,0.0
2026-27,2026-08-22,Everton,ALL,fouls_committed,14.5,1,0,0.0
2026-27,2026-08-22,Everton,ALL,fouls_committed,15.5,1,0,0.0
2026-27,2026-08-22,Everton,ALL,fouls_suffered,8.5,1,1,1.0
2026-27,2026-08-22,Everton,ALL,fouls_suffered,9.5,1,1,1.0
2026-27,2026-08-22,Everton,ALL,fouls_suffered,10.5,1,1,1.0
2026-27,2026-08-22,Everton,ALL,fouls_suffered,11.5,1,1,1.0
2026-27,2026-08-22,Everton,ALL,fouls_suffered,12.5,1,1,1.0
2026-27,2026-08-22,Everton,ALL,fouls_suffered,13.5,1,1,1.0
2026-27,2026-08-22,Everton,ALL,fouls_suffered,14.5,1,1,1.0
2026-27,2026-08-22,Everton,ALL,fouls_suffered,15.5,1,0,0.0
2026-27,2026-08-22,Everton,ALL,corners_for,2.5,1,1,1.0
2026-27,2026-08-22,Everton,ALL,corners_for,3.5,1,1,1.0
2026-27,2026-08-22,Everton,ALL,corners_for,4.5,1,0,0.0
2026-27,2026-08-22,Everton,ALL,corners_for,5.5,1,0,0.0
2026-27,2026-08-22,Everton,ALL,corners_for,6.5,1,0,0.0
2026-27,2026-08-22,Everton,ALL,corners_for,7.5,1,0,0.0
2026-27,2026-08-22,Everton,ALL,corners_against,2.5,1,0,0.0
2026-27,2026-08-22,Everton,ALL,corners_against,3.5,1,0,0.0
2026-27,2026-08-22,Everton,ALL,corners_against,4.5,1,0,0.0
2026-27,2026-08-22,Everton,ALL,corners_against,5.5,1,0,0.0
2026-27,2026-08-22,Everton,ALL,corners_against,6.5,1,0,0.0
2026-27,2026-08-22,Everton,ALL,corners_against,7.5,1,0,0.0
2026-27,2026-08-22,Everton,ALL,yellow_cards,0.5,1,0,0.0
2026-27,2026-08-22,Everton,ALL,yellow_cards,1.5,1,0,0.0
2026-27,2026-08-22,Everton,ALL,yellow_cards,2.5,1,0,0.0
2026-27,2026-08-22,Everton,ALL,yellow_cards,3.5,1,0,0.0
2026-27,2026-08-22,Everton,ALL,yellow_cards,4.5,1,0,0.0
2026-27,2026-08-22,Everton,HOME,fouls_committed,8.5,1,0,0.0
2026-27,2026-08-22,Everton,HOME,fouls_committed,9.5,1,0,0.0
2026-27,2026-08-22,Everton,HOME,fouls_committed,10.5,1,0,0.0
2026-27,2026-08-22,Everton,HOME,fouls_committed,11.5,1,0,0.0
2026-27,2026-08-22,Everton,HOME,fouls_committed,12.5,1,0,0.0
2026-27,2026-08-22,Everton,HOME,fouls_committed,13.5,1,0,0.0
2026-27,2026-08-22,Everton,HOME,fouls_committed,14.5,1,0,0.0
2026-27,2026-08-22,Everton,HOME,fouls_committed,15.5,1,0,0.0
2026-27,2026-08-22,Everton,HOME,fouls_suffered,8.5,1,1,1.0
2026-27,2026-08-22,Everton,HOME,fouls_suffered,9.5,1,1,1.0
2026-27,2026-08-22,Everton,HOME,fouls_suffered,10.5,1,1,1.0
2026-27,2026-08-22,Everton,HOME,fouls_suffered,11.5,1,1,1.0
2026-27,2026-08-22,Everton,HOME,fouls_suffered,12.5,1,1,1.0
2026-27,2026-08-22,Everton,HOME,fouls_suffered,13.5,1,1,1.0
2026-27,2026-08-22,Everton,HOME,fouls_suffered,14.5,1,1,1.0
2026-27,2026-08-22,Everton,HOME,fouls_suffered,15.5,1,0,0.0
2026-27,2026-08-22,Everton,HOME,corners_for,2.5,1,1,1.0
2026-27,2026-08-22,Everton,HOME,corners_for,3.5,1,1,1.0
2026-27,2026-08-22,Everton,HOME,corners_for,4.5,1,0,0.0
2026-27,2026-08-22,Everton,HOME,corners_for,5.5,1,0,0.0
2026-27,2026-08-22,Everton,HOME,corners_for,6.5,1,0,0.0
2026-27,2026-08-22,Everton,HOME,corners_for,7.5,1,0,0.0
2026-27,2026-08-22,Everton,HOME,corners_against,2.5,1,0,0.0
2026-27,2026-08-22,Everton,HOME,corners_against,3.5,1,0,0.0
2026-27,2026-08-22,Everton,HOME,corners_against,4.5,1,0,0.0
2026-27,2026-08-22,Everton,HOME,corners_against,5.5,1,0,0.0
2026-27,2026-08-22,Everton,HOME,corners_against,6.5,1,0,0.0
2026-27,2026-08-22,Everton,HOME,corners_against,7.5,1,0,0.0
2026-27,2026-08-22,Everton,HOME,yellow_cards,0.5,1,0,0.0
2026-27,2026-08-22,Everton,HOME,yellow_cards,1.5,1,0,0.0
2026-27,2026-08-22,Everton,HOME,yellow_cards,2.5,1,0,0.0
2026-27,2026-08-22,Everton,HOME,yellow_cards,3.5,1,0,0.0
2026-27,2026-08-22,Everton,HOME,yellow_cards,4.5,1,0,0.0
2026-27,2026-08-24,Fulham,ALL,fouls_committed,8.5,1,1,1.0
2026-27,2026-08-24,Fulham,ALL,fouls_committed,9.5,1,1,1.0
2026-27,2026-08-24,Fulham,ALL,fouls_committed,10.5,1,1,1.0
2026-27,2026-08-24,Fulham,ALL,fouls_committed,11.5,1,1,1.0
2026-27,2026-08-24,Fulham,ALL,fouls_committed,12.5,1,0,0.0
2026-27,2026-08-24,Fulham,ALL,fouls_committed,13.5,1,0,0.0
2026-27,2026-08-24,Fulham,ALL,fouls_committed,14.5,1,0,0.0
2026-27,2026-08-24,Fulham,ALL,fouls_committed,15.5,1,0,0.0
2026-27,2026-08-24,Fulham,ALL,fouls_suffered,8.5,1,0,0.0
2026-27,2026-08-24,Fulham,ALL,fouls_suffered,9.5,1,0,0.0
2026-27,2026-08-24,Fulham,ALL,fouls_suffered,10.5,1,0,0.0
2026-27,2026-08-24,Fulham,ALL,fouls_suffered,11.5,1,0,0.0
2026-27,2026-08-24,Fulham,ALL,fouls_suffered,12.5,1,0,0.0
2026-27,2026-08-24,Fulham,ALL,fouls_suffered,13.5,1,0,0.0
2026-27,2026-08-24,Fulham,ALL,fouls_suffered,14.5,1,0,0.0
2026-27,2026-08-24,Fulham,ALL,fouls_suffered,15.5,1,0,0.0
2026-27,2026-08-24,Fulham,ALL,corners_for,2.5,1,1,1.0
2026-27,2026-08-24,Fulham,ALL,corners_for,3.5,1,1,1.0
2026-27,2026-08-24,Fulham,ALL,corners_for,4.5,1,1,1.0
2026-27,2026-08-24,Fulham,ALL,corners_for,5.5,1,1,1.0
2026-27,2026-08-24,Fulham,ALL,corners_for,6.5,1,0,0.0
2026-27,2026-08-24,Fulham,ALL,corners_for,7.5,1,0,0.0
2026-27,2026-08-24,Fulham,ALL,corners_against,2.5,1,1,1.0
2026-27,2026-08-24,Fulham,ALL,corners_against,3.5,1,1,1.0
2026-27,2026-08-24,Fulham,ALL,corners_against,4.5,1,0,0.0
2026-27,2026-08-24,Fulham,ALL,corners_against,5.5,1,0,0.0
2026-27,2026-08-24,Fulham,ALL,corners_against,6.5,1,0,0.0
2026-27,2026-08-24,Fulham,ALL,corners_against,7.5,1,0,0.0
2026-27,2026-08-24,Fulham,ALL,yellow_cards,0.5,1,1,1.0
2026-27,2026-08-24,Fulham,ALL,yellow_cards,1.5,1,1,1.0
2026-27,2026-08-24,Fulham,ALL,yellow_cards,2.5,1,0,0.0
2026-27,2026-08-24,Fulham,ALL,yellow_cards,3.5,1,0,0.0
2026-27,2026-08-24,Fulham,ALL,yellow_cards,4.5,1,0,0.0
2026-27,2026-08-24,Fulham,HOME,fouls_committed,8.5,1,1,1.0
2026-27,2026-08-24,Fulham,HOME,fouls_committed,9.5,1,1,1.0
2026-27,2026-08-24,Fulham,HOME,fouls_committed,10.5,1,1,1.0
2026-27,2026-08-24,Fulham,HOME,fouls_committed,11.5,1,1,1.0
2026-27,2026-08-24,Fulham,HOME,fouls_committed,12.5,1,0,0.0
2026-27,2026-08-24,Fulham,HOME,fouls_committed,13.5,1,0,0.0
2026-27,2026-08-24,Fulham,HOME,fouls_committed,14.5,1,0,0.0
2026-27,2026-08-24,Fulham,HOME,fouls_committed,15.5,1,0,0.0
2026-27,2026-08-24,Fulham,HOME,fouls_suffered,8.5,1,0,0.0
2026-27,2026-08-24,Fulham,HOME,fouls_suffered,9.5,1,0,0.0
2026-27,2026-08-24,Fulham,HOME,fouls_suffered,10.5,1,0,0.0
2026-27,2026-08-24,Fulham,HOME,fouls_suffered,11.5,1,0,0.0
2026-27,2026-08-24,Fulham,HOME,fouls_suffered,12.5,1,0,0.0
2026-27,2026-08-24,Fulham,HOME,fouls_suffered,13.5,1,0,0.0
2026-27,2026-08-24,Fulham,HOME,fouls_suffered,14.5,1,0,0.0
2026-27,2026-08-24,Fulham,HOME,fouls_suffered,15.5,1,0,0.0
2026-27,2026-08-24,Fulham,HOME,corners_for,2.5,1,1,1.0
2026-27,2026-08-24,Fulham,HOME,corners_for,3.5,1,1,1.0
2026-27,2026-08-24,Fulham,HOME,corners_for,4.5,1,1,1.0
2026-27,2026-08-24,Fulham,HOME,corners_for,5.5,1,1,1.0
2026-27,2026-08-24,Fulham,HOME,corners_for,6.5,1,0,0.0
2026-27,2026-08-24,Fulham,HOME,corners_for,7.5,1,0,0.0
2026-27,2026-08-24,Fulham,HOME,corners_against,2.5,1,1,1.0
2026-27,2026-08-24,Fulham,HOME,corners_against,3.5,1,1,1.0
2026-27,2026-08-24,Fulham,HOME,corners_against,4.5,1,0,0.0
2026-27,2026-08-24,Fulham,HOME,corners_against,5.5,1,0,0.0
2026-27,2026-08-24,Fulham,HOME,corners_against,6.5,1,0,0.0
2026-27,2026-08-24,Fulham,HOME,corners_against,7.5,1,0,0.0
2026-27,2026-08-24,Fulham,HOME,yellow_cards,0.5,1,1,1.0
2026-27,2026-08-24,Fulham,HOME,yellow_cards,1.5,1,1,1.0
2026-27,2026-08-24,Fulham,HOME,yellow_cards,2.5,1,0,0.0
2026-27,2026-08-24,Fulham,HOME,yellow_cards,3.5,1,0,0.0
2026-27,2026-08-24,Fulham,HOME,yellow_cards,4.5,1,0,0.0
2026-27,2026-08-22,Hull,ALL,fouls_committed,8.5,1,1,1.0
2026-27,2026-08-22,Hull,ALL,fouls_committed,9.5,1,1,1.0
2026-27,2026-08-22,Hull,ALL,fouls_committed,10.5,1,0,0.0
2026-27,2026-08-22,Hull,ALL,fouls_committed,11.5,1,0,0.0
2026-27,2026-08-22,Hull,ALL,fouls_committed,12.5,1,0,0.0
2026-27,2026-08-22,Hull,ALL,fouls_committed,13.5,1,0,0.0
2026-27,2026-08-22,Hull,ALL,fouls_committed,14.5,1,0,0.0
2026-27,2026-08-22,Hull,ALL,fouls_committed,15.5,1,0,0.0
2026-27,2026-08-22,Hull,ALL,fouls_suffered,8.5,1,1,1.0
2026-27,2026-08-22,Hull,ALL,fouls_suffered,9.5,1,0,0.0
2026-27,2026-08-22,Hull,ALL,fouls_suffered,10.5,1,0,0.0
2026-27,2026-08-22,Hull,ALL,fouls_suffered,11.5,1,0,0.0
2026-27,2026-08-22,Hull,ALL,fouls_suffered,12.5,1,0,0.0
2026-27,2026-08-22,Hull,ALL,fouls_suffered,13.5,1,0,0.0
2026-27,2026-08-22,Hull,ALL,fouls_suffered,14.5,1,0,0.0
2026-27,2026-08-22,Hull,ALL,fouls_suffered,15.5,1,0,0.0
2026-27,2026-08-22,Hull,ALL,corners_for,2.5,1,0,0.0
2026-27,2026-08-22,Hull,ALL,corners_for,3.5,1,0,0.0
2026-27,2026-08-22,Hull,ALL,corners_for,4.5,1,0,0.0
2026-27,2026-08-22,Hull,ALL,corners_for,5.5,1,0,0.0
2026-27,2026-08-22,Hull,ALL,corners_for,6.5,1,0,0.0
2026-27,2026-08-22,Hull,ALL,corners_for,7.5,1,0,0.0
2026-27,2026-08-22,Hull,ALL,corners_against,2.5,1,1,1.0
2026-27,2026-08-22,Hull,ALL,corners_against,3.5,1,1,1.0
2026-27,2026-08-22,Hull,ALL,corners_against,4.5,1,1,1.0
2026-27,2026-08-22,Hull,ALL,corners_against,5.5,1,1,1.0
2026-27,2026-08-22,Hull,ALL,corners_against,6.5,1,0,0.0
2026-27,2026-08-22,Hull,ALL,corners_against,7.5,1,0,0.0
2026-27,2026-08-22,Hull,ALL,yellow_cards,0.5,1,1,1.0
2026-27,2026-08-22,Hull,ALL,yellow_cards,1.5,1,1,1.0
2026-27,2026-08-22,Hull,ALL,yellow_cards,2.5,1,0,0.0
2026-27,2026-08-22,Hull,ALL,yellow_cards,3.5,1,0,0.0
2026-27,2026-08-22,Hull,ALL,yellow_cards,4.5,1,0,0.0
2026-27,2026-08-22,Hull,HOME,fouls_committed,8.5,1,1,1.0
2026-27,2026-08-22,Hull,HOME,fouls_committed,9.5,1,1,1.0
2026-27,2026-08-22,Hull,HOME,fouls_committed,10.5,1,0,0.0
2026-27,2026-08-22,Hull,HOME,fouls_committed,11.5,1,0,0.0
2026-27,2026-08-22,Hull,HOME,fouls_committed,12.5,1,0,0.0
2026-27,2026-08-22,Hull,HOME,fouls_committed,13.5,1,0,0.0
2026-27,2026-08-22,Hull,HOME,fouls_committed,14.5,1,0,0.0
2026-27,2026-08-22,Hull,HOME,fouls_committed,15.5,1,0,0.0
2026-27,2026-08-22,Hull,HOME,fouls_suffered,8.5,1,1,1.0
2026-27,2026-08-22,Hull,HOME,fouls_suffered,9.5,1,0,0.0
2026-27,2026-08-22,Hull,HOME,fouls_suffered,10.5,1,0,0.0
2026-27,2026-08-22,Hull,HOME,fouls_suffered,11.5,1,0,0.0
2026-27,2026-08-22,Hull,HOME,fouls_suffered,12.5,1,0,0.0
2026-27,2026-08-22,Hull,HOME,fouls_suffered,13.5,1,0,0.0
2026-27,2026-08-22,Hull,HOME,fouls_suffered,14.5,1,0,0.0
2026-27,2026-08-22,Hull,HOME,fouls_suffered,15.5,1,0,0.0
2026-27,2026-08-22,Hull,HOME,corners_for,2.5,1,0,0.0
2026-27,2026-08-22,Hull,HOME,corners_for,3.5,1,0,0.0
2026-27,2026-08-22,Hull,HOME,corners_for,4.5,1,0,0.0
2026-27,2026-08-22,Hull,HOME,corners_for,5.5,1,0,0.0
2026-27,2026-08-22,Hull,HOME,corners_for,6.5,1,0,0.0
2026-27,2026-08-22,Hull,HOME,corners_for,7.5,1,0,0.0
2026-27,2026-08-22,Hull,HOME,corners_against,2.5,1,1,1.0
2026-27,2026-08-22,Hull,HOME,corners_against,3.5,1,1,1.0
2026-27,2026-08-22,Hull,HOME,corners_against,4.5,1,1,1.0
2026-27,2026-08-22,Hull,HOME,corners_against,5.5,1,1,1.0
2026-27,2026-08-22,Hull,HOME,corners_against,6.5,1,0,0.0
2026-27,2026-08-22,Hull,HOME,corners_against,7.5,1,0,0.0
2026-27,2026-08-22,Hull,HOME,yellow_cards,0.5,1,1,1.0
2026-27,2026-08-22,Hull,HOME,yellow_cards,1.5,1,1,1.0
2026-27,2026-08-22,Hull,HOME,yellow_cards,2.5,1,0,0.0
2026-27,2026-08-22,Hull,HOME,yellow_cards,3.5,1,0,0.0
2026-27,2026-08-22,Hull,HOME,yellow_cards,4.5,1,0,0.0
2026-27,2026-08-22,Ipswich,ALL,fouls_committed,8.5,1,1,1.0
2026-27,2026-08-22,Ipswich,ALL,fouls_committed,9.5,1,1,1.0
2026-27,2026-08-22,Ipswich,ALL,fouls_committed,10.5,1,1,1.0
2026-27,2026-08-22,Ipswich,ALL,fouls_committed,11.5,1,1,1.0
2026-27,2026-08-22,Ipswich,ALL,fouls_committed,12.5,1,0,0.0
2026-27,2026-08-22,Ipswich,ALL,fouls_committed,13.5,1,0,0.0
2026-27,2026-08-22,Ipswich,ALL,fouls_committed,14.5,1,0,0.0
2026-27,2026-08-22,Ipswich,ALL,fouls_committed,15.5,1,0,0.0
2026-27,2026-08-22,Ipswich,ALL,fouls_suffered,8.5,1,1,1.0
2026-27,2026-08-22,Ipswich,ALL,fouls_suffered,9.5,1,1,1.0
2026-27,2026-08-22,Ipswich,ALL,fouls_suffered,10.5,1,1,1.0
2026-27,2026-08-22,Ipswich,ALL,fouls_suffered,11.5,1,1,1.0
2026-27,2026-08-22,Ipswich,ALL,fouls_suffered,12.5,1,1,1.0
2026-27,2026-08-22,Ipswich,ALL,fouls_suffered,13.5,1,1,1.0
2026-27,2026-08-22,Ipswich,ALL,fouls_suffered,14.5,1,0,0.0
2026-27,2026-08-22,Ipswich,ALL,fouls_suffered,15.5,1,0,0.0
2026-27,2026-08-22,Ipswich,ALL,corners_for,2.5,1,1,1.0
2026-27,2026-08-22,Ipswich,ALL,corners_for,3.5,1,0,0.0
2026-27,2026-08-22,Ipswich,ALL,corners_for,4.5,1,0,0.0
2026-27,2026-08-22,Ipswich,ALL,corners_for,5.5,1,0,0.0
2026-27,2026-08-22,Ipswich,ALL,corners_for,6.5,1,0,0.0
2026-27,2026-08-22,Ipswich,ALL,corners_for,7.5,1,0,0.0
2026-27,2026-08-22,Ipswich,ALL,corners_against,2.5,1,1,1.0
2026-27,2026-08-22,Ipswich,ALL,corners_against,3.5,1,1,1.0
2026-27,2026-08-22,Ipswich,ALL,corners_against,4.5,1,1,1.0
2026-27,2026-08-22,Ipswich,ALL,corners_against,5.5,1,0,0.0
2026-27,2026-08-22,Ipswich,ALL,corners_against,6.5,1,0,0.0
2026-27,2026-08-22,Ipswich,ALL,corners_against,7.5,1,0,0.0
2026-27,2026-08-22,Ipswich,ALL,yellow_cards,0.5,1,0,0.0
2026-27,2026-08-22,Ipswich,ALL,yellow_cards,1.5,1,0,0.0
2026-27,2026-08-22,Ipswich,ALL,yellow_cards,2.5,1,0,0.0
2026-27,2026-08-22,Ipswich,ALL,yellow_cards,3.5,1,0,0.0
2026-27,2026-08-22,Ipswich,ALL,yellow_cards,4.5,1,0,0.0
2026-27,2026-08-22,Ipswich,HOME,fouls_committed,8.5,1,1,1.0
2026-27,2026-08-22,Ipswich,HOME,fouls_committed,9.5,1,1,1.0
2026-27,2026-08-22,Ipswich,HOME,fouls_committed,10.5,1,1,1.0
2026-27,2026-08-22,Ipswich,HOME,fouls_committed,11.5,1,1,1.0
2026-27,2026-08-22,Ipswich,HOME,fouls_committed,12.5,1,0,0.0
2026-27,2026-08-22,Ipswich,HOME,fouls_committed,13.5,1,0,0.0
2026-27,2026-08-22,Ipswich,HOME,fouls_committed,14.5,1,0,0.0
2026-27,2026-08-22,Ipswich,HOME,fouls_committed,15.5,1,0,0.0
2026-27,2026-08-22,Ipswich,HOME,fouls_suffered,8.5,1,1,1.0
2026-27,2026-08-22,Ipswich,HOME,fouls_suffered,9.5,1,1,1.0
2026-27,2026-08-22,Ipswich,HOME,fouls_suffered,10.5,1,1,1.0
2026-27,2026-08-22,Ipswich,HOME,fouls_suffered,11.5,1,1,1.0
2026-27,2026-08-22,Ipswich,HOME,fouls_suffered,12.5,1,1,1.0
2026-27,2026-08-22,Ipswich,HOME,fouls_suffered,13.5,1,1,1.0
2026-27,2026-08-22,Ipswich,HOME,fouls_suffered,14.5,1,0,0.0
2026-27,2026-08-22,Ipswich,HOME,fouls_suffered,15.5,1,0,0.0
2026-27,2026-08-22,Ipswich,HOME,corners_for,2.5,1,1,1.0
2026-27,2026-08-22,Ipswich,HOME,corners_for,3.5,1,0,0.0
2026-27,2026-08-22,Ipswich,HOME,corners_for,4.5,1,0,0.0
2026-27,2026-08-22,Ipswich,HOME,corners_for,5.5,1,0,0.0
2026-27,2026-08-22,Ipswich,HOME,corners_for,6.5,1,0,0.0
2026-27,2026-08-22,Ipswich,HOME,corners_for,7.5,1,0,0.0
2026-27,2026-08-22,Ipswich,HOME,corners_against,2.5,1,1,1.0
2026-27,2026-08-22,Ipswich,HOME,corners_against,3.5,1,1,1.0
2026-27,2026-08-22,Ipswich,HOME,corners_against,4.5,1,1,1.0
2026-27,2026-08-22,Ipswich,HOME,corners_against,5.5,1,0,0.0
2026-27,2026-08-22,Ipswich,HOME,corners_against,6.5,1,0,0.0
2026-27,2026-08-22,Ipswich,HOME,corners_against,7.5,1,0,0.0
2026-27,2026-08-22,Ipswich,HOME,yellow_cards,0.5,1,0,0.0
2026-27,2026-08-22,Ipswich,HOME,yellow_cards,1.5,1,0,0.0
2026-27,2026-08-22,Ipswich,HOME,yellow_cards,2.5,1,0,0.0
2026-27,2026-08-22,Ipswich,HOME,yellow_cards,3.5,1,0,0.0
2026-27,2026-08-22,Ipswich,HOME,yellow_cards,4.5,1,0,0.0
2026-27,2026-08-22,Leeds,ALL,fouls_committed,8.5,1,1,1.0
2026-27,2026-08-22,Leeds,ALL,fouls_committed,9.5,1,1,1.0
2026-27,2026-08-22,Leeds,ALL,fouls_committed,10.5,1,1,1.0
2026-27,2026-08-22,Leeds,ALL,fouls_committed,11.5,1,1,1.0
2026-27,2026-08-22,Leeds,ALL,fouls_committed,12.5,1,1,1.0
2026-27,2026-08-22,Leeds,ALL,fouls_committed,13.5,1,1,1.0
2026-27,2026-08-22,Leeds,ALL,fouls_committed,14.5,1,0,0.0
2026-27,2026-08-22,Leeds,ALL,fouls_committed,15.5,1,0,0.0
2026-27,2026-08-22,Leeds,ALL,fouls_suffered,8.5,1,1,1.0
2026-27,2026-08-22,Leeds,ALL,fouls_suffered,9.5,1,1,1.0
2026-27,2026-08-22,Leeds,ALL,fouls_suffered,10.5,1,1,1.0
2026-27,2026-08-22,Leeds,ALL,fouls_suffered,11.5,1,1,1.0
2026-27,2026-08-22,Leeds,ALL,fouls_suffered,12.5,1,1,1.0
2026-27,2026-08-22,Leeds,ALL,fouls_suffered,13.5,1,1,1.0
2026-27,2026-08-22,Leeds,ALL,fouls_suffered,14.5,1,1,1.0
2026-27,2026-08-22,Leeds,ALL,fouls_suffered,15.5,1,0,0.0
2026-27,2026-08-22,Leeds,ALL,corners_for,2.5,1,0,0.0
2026-27,2026-08-22,Leeds,ALL,corners_for,3.5,1,0,0.0
2026-27,2026-08-22,Leeds,ALL,corners_for,4.5,1,0,0.0
2026-27,2026-08-22,Leeds,ALL,corners_for,5.5,1,0,0.0
2026-27,2026-08-22,Leeds,ALL,corners_for,6.5,1,0,0.0
2026-27,2026-08-22,Leeds,ALL,corners_for,7.5,1,0,0.0
2026-27,2026-08-22,Leeds,ALL,corners_against,2.5,1,1,1.0
2026-27,2026-08-22,Leeds,ALL,corners_against,3.5,1,0,0.0
2026-27,2026-08-22,Leeds,ALL,corners_against,4.5,1,0,0.0
2026-27,2026-08-22,Leeds,ALL,corners_against,5.5,1,0,0.0
2026-27,2026-08-22,Leeds,ALL,corners_against,6.5,1,0,0.0
2026-27,2026-08-22,Leeds,ALL,corners_against,7.5,1,0,0.0
2026-27,2026-08-22,Leeds,ALL,yellow_cards,0.5,1,1,1.0
2026-27,2026-08-22,Leeds,ALL,yellow_cards,1.5,1,0,0.0
2026-27,2026-08-22,Leeds,ALL,yellow_cards,2.5,1,0,0.0
2026-27,2026-08-22,Leeds,ALL,yellow_cards,3.5,1,0,0.0
2026-27,2026-08-22,Leeds,ALL,yellow_cards,4.5,1,0,0.0
2026-27,2026-08-22,Leeds,AWAY,fouls_committed,8.5,1,1,1.0
2026-27,2026-08-22,Leeds,AWAY,fouls_committed,9.5,1,1,1.0
2026-27,2026-08-22,Leeds,AWAY,fouls_committed,10.5,1,1,1.0
2026-27,2026-08-22,Leeds,AWAY,fouls_committed,11.5,1,1,1.0
2026-27,2026-08-22,Leeds,AWAY,fouls_committed,12.5,1,1,1.0
2026-27,2026-08-22,Leeds,AWAY,fouls_committed,13.5,1,1,1.0
2026-27,2026-08-22,Leeds,AWAY,fouls_committed,14.5,1,0,0.0
2026-27,2026-08-22,Leeds,AWAY,fouls_committed,15.5,1,0,0.0
2026-27,2026-08-22,Leeds,AWAY,fouls_suffered,8.5,1,1,1.0
2026-27,2026-08-22,Leeds,AWAY,fouls_suffered,9.5,1,1,1.0
2026-27,2026-08-22,Leeds,AWAY,fouls_suffered,10.5,1,1,1.0
2026-27,2026-08-22,Leeds,AWAY,fouls_suffered,11.5,1,1,1.0
2026-27,2026-08-22,Leeds,AWAY,fouls_suffered,12.5,1,1,1.0
2026-27,2026-08-22,Leeds,AWAY,fouls_suffered,13.5,1,1,1.0
2026-27,2026-08-22,Leeds,AWAY,fouls_suffered,14.5,1,1,1.0
2026-27,2026-08-22,Leeds,AWAY,fouls_suffered,15.5,1,0,0.0
2026-27,2026-08-22,Leeds,AWAY,corners_for,2.5,1,0,0.0
2026-27,2026-08-22,Leeds,AWAY,corners_for,3.5,1,0,0.0
2026-27,2026-08-22,Leeds,AWAY,corners_for,4.5,1,0,0.0
2026-27,2026-08-22,Leeds,AWAY,corners_for,5.5,1,0,0.0
2026-27,2026-08-22,Leeds,AWAY,corners_for,6.5,1,0,0.0
2026-27,2026-08-22,Leeds,AWAY,corners_for,7.5,1,0,0.0
2026-27,2026-08-22,Leeds,AWAY,corners_against,2.5,1,1,1.0
2026-27,2026-08-22,Leeds,AWAY,corners_against,3.5,1,0,0.0
2026-27,2026-08-22,Leeds,AWAY,corners_against,4.5,1,0,0.0
2026-27,2026-08-22,Leeds,AWAY,corners_against,5.5,1,0,0.0
2026-27,2026-08-22,Leeds,AWAY,corners_against,6.5,1,0,0.0
2026-27,2026-08-22,Leeds,AWAY,corners_against,7.5,1,0,0.0
2026-27,2026-08-22,Leeds,AWAY,yellow_cards,0.5,1,1,1.0
2026-27,2026-08-22,Leeds,AWAY,yellow_cards,1.5,1,0,0.0
2026-27,2026-08-22,Leeds,AWAY,yellow_cards,2.5,1,0,0.0
2026-27,2026-08-22,Leeds,AWAY,yellow_cards,3.5,1,0,0.0
2026-27,2026-08-22,Leeds,AWAY,yellow_cards,4.5,1,0,0.0
2026-27,2026-08-23,Liverpool,ALL,fouls_committed,8.5,1,1,1.0
2026-27,2026-08-23,Liverpool,ALL,fouls_committed,9.5,1,1,1.0
2026-27,2026-08-23,Liverpool,ALL,fouls_committed,10.5,1,1,1.0
2026-27,2026-08-23,Liverpool,ALL,fouls_committed,11.5,1,1,1.0
2026-27,2026-08-23,Liverpool,ALL,fouls_committed,12.5,1,1,1.0
2026-27,2026-08-23,Liverpool,ALL,fouls_committed,13.5,1,1,1.0
2026-27,2026-08-23,Liverpool,ALL,fouls_committed,14.5,1,1,1.0
2026-27,2026-08-23,Liverpool,ALL,fouls_committed,15.5,1,0,0.0
2026-27,2026-08-23,Liverpool,ALL,fouls_suffered,8.5,1,1,1.0
2026-27,2026-08-23,Liverpool,ALL,fouls_suffered,9.5,1,1,1.0
2026-27,2026-08-23,Liverpool,ALL,fouls_suffered,10.5,1,1,1.0
2026-27,2026-08-23,Liverpool,ALL,fouls_suffered,11.5,1,1,1.0
2026-27,2026-08-23,Liverpool,ALL,fouls_suffered,12.5,1,1,1.0
2026-27,2026-08-23,Liverpool,ALL,fouls_suffered,13.5,1,1,1.0
2026-27,2026-08-23,Liverpool,ALL,fouls_suffered,14.5,1,1,1.0
2026-27,2026-08-23,Liverpool,ALL,fouls_suffered,15.5,1,1,1.0
2026-27,2026-08-23,Liverpool,ALL,corners_for,2.5,1,1,1.0
2026-27,2026-08-23,Liverpool,ALL,corners_for,3.5,1,1,1.0
2026-27,2026-08-23,Liverpool,ALL,corners_for,4.5,1,1,1.0
2026-27,2026-08-23,Liverpool,ALL,corners_for,5.5,1,1,1.0
2026-27,2026-08-23,Liverpool,ALL,corners_for,6.5,1,0,0.0
2026-27,2026-08-23,Liverpool,ALL,corners_for,7.5,1,0,0.0
2026-27,2026-08-23,Liverpool,ALL,corners_against,2.5,1,0,0.0
2026-27,2026-08-23,Liverpool,ALL,corners_against,3.5,1,0,0.0
2026-27,2026-08-23,Liverpool,ALL,corners_against,4.5,1,0,0.0
2026-27,2026-08-23,Liverpool,ALL,corners_against,5.5,1,0,0.0
2026-27,2026-08-23,Liverpool,ALL,corners_against,6.5,1,0,0.0
2026-27,2026-08-23,Liverpool,ALL,corners_against,7.5,1,0,0.0
2026-27,2026-08-23,Liverpool,ALL,yellow_cards,0.5,1,1,1.0
2026-27,2026-08-23,Liverpool,ALL,yellow_cards,1.5,1,1,1.0
2026-27,2026-08-23,Liverpool,ALL,yellow_cards,2.5,1,1,1.0
2026-27,2026-08-23,Liverpool,ALL,yellow_cards,3.5,1,0,0.0
2026-27,2026-08-23,Liverpool,ALL,yellow_cards,4.5,1,0,0.0
2026-27,2026-08-23,Liverpool,AWAY,fouls_committed,8.5,1,1,1.0
2026-27,2026-08-23,Liverpool,AWAY,fouls_committed,9.5,1,1,1.0
2026-27,2026-08-23,Liverpool,AWAY,fouls_committed,10.5,1,1,1.0
2026-27,2026-08-23,Liverpool,AWAY,fouls_committed,11.5,1,1,1.0
2026-27,2026-08-23,Liverpool,AWAY,fouls_committed,12.5,1,1,1.0
2026-27,2026-08-23,Liverpool,AWAY,fouls_committed,13.5,1,1,1.0
2026-27,2026-08-23,Liverpool,AWAY,fouls_committed,14.5,1,1,1.0
2026-27,2026-08-23,Liverpool,AWAY,fouls_committed,15.5,1,0,0.0
2026-27,2026-08-23,Liverpool,AWAY,fouls_suffered,8.5,1,1,1.0
2026-27,2026-08-23,Liverpool,AWAY,fouls_suffered,9.5,1,1,1.0
2026-27,2026-08-23,Liverpool,AWAY,fouls_suffered,10.5,1,1,1.0
2026-27,2026-08-23,Liverpool,AWAY,fouls_suffered,11.5,1,1,1.0
2026-27,2026-08-23,Liverpool,AWAY,fouls_suffered,12.5,1,1,1.0
2026-27,2026-08-23,Liverpool,AWAY,fouls_suffered,13.5,1,1,1.0
2026-27,2026-08-23,Liverpool,AWAY,fouls_suffered,14.5,1,1,1.0
2026-27,2026-08-23,Liverpool,AWAY,fouls_suffered,15.5,1,1,1.0
2026-27,2026-08-23,Liverpool,AWAY,corners_for,2.5,1,1,1.0
2026-27,2026-08-23,Liverpool,AWAY,corners_for,3.5,1,1,1.0
2026-27,2026-08-23,Liverpool,AWAY,corners_for,4.5,1,1,1.0
2026-27,2026-08-23,Liverpool,AWAY,corners_for,5.5,1,1,1.0
2026-27,2026-08-23,Liverpool,AWAY,corners_for,6.5,1,0,0.0
2026-27,2026-08-23,Liverpool,AWAY,corners_for,7.5,1,0,0.0
2026-27,2026-08-23,Liverpool,AWAY,corners_against,2.5,1,0,0.0
2026-27,2026-08-23,Liverpool,AWAY,corners_against,3.5,1,0,0.0
2026-27,2026-08-23,Liverpool,AWAY,corners_against,4.5,1,0,0.0
2026-27,2026-08-23,Liverpool,AWAY,corners_against,5.5,1,0,0.0
2026-27,2026-08-23,Liverpool,AWAY,corners_against,6.5,1,0,0.0
2026-27,2026-08-23,Liverpool,AWAY,corners_against,7.5,1,0,0.0
2026-27,2026-08-23,Liverpool,AWAY,yellow_cards,0.5,1,1,1.0
2026-27,2026-08-23,Liverpool,AWAY,yellow_cards,1.5,1,1,1.0
2026-27,2026-08-23,Liverpool,AWAY,yellow_cards,2.5,1,1,1.0
2026-27,2026-08-23,Liverpool,AWAY,yellow_cards,3.5,1,0,0.0
2026-27,2026-08-23,Liverpool,AWAY,yellow_cards,4.5,1,0,0.0
2026-27,2026-08-23,Manchester City,ALL,fouls_committed,8.5,1,1,1.0
2026-27,2026-08-23,Manchester City,ALL,fouls_committed,9.5,1,1,1.0
2026-27,2026-08-23,Manchester City,ALL,fouls_committed,10.5,1,1,1.0
2026-27,2026-08-23,Manchester City,ALL,fouls_committed,11.5,1,0,0.0
2026-27,2026-08-23,Manchester City,ALL,fouls_committed,12.5,1,0,0.0
2026-27,2026-08-23,Manchester City,ALL,fouls_committed,13.5,1,0,0.0
2026-27,2026-08-23,Manchester City,ALL,fouls_committed,14.5,1,0,0.0
2026-27,2026-08-23,Manchester City,ALL,fouls_committed,15.5,1,0,0.0
2026-27,2026-08-23,Manchester City,ALL,fouls_suffered,8.5,1,1,1.0
2026-27,2026-08-23,Manchester City,ALL,fouls_suffered,9.5,1,1,1.0
2026-27,2026-08-23,Manchester City,ALL,fouls_suffered,10.5,1,1,1.0
2026-27,2026-08-23,Manchester City,ALL,fouls_suffered,11.5,1,0,0.0
2026-27,2026-08-23,Manchester City,ALL,fouls_suffered,12.5,1,0,0.0
2026-27,2026-08-23,Manchester City,ALL,fouls_suffered,13.5,1,0,0.0
2026-27,2026-08-23,Manchester City,ALL,fouls_suffered,14.5,1,0,0.0
2026-27,2026-08-23,Manchester City,ALL,fouls_suffered,15.5,1,0,0.0
2026-27,2026-08-23,Manchester City,ALL,corners_for,2.5,1,1,1.0
2026-27,2026-08-23,Manchester City,ALL,corners_for,3.5,1,1,1.0
2026-27,2026-08-23,Manchester City,ALL,corners_for,4.5,1,1,1.0
2026-27,2026-08-23,Manchester City,ALL,corners_for,5.5,1,1,1.0
2026-27,2026-08-23,Manchester City,ALL,corners_for,6.5,1,1,1.0
2026-27,2026-08-23,Manchester City,ALL,corners_for,7.5,1,1,1.0
2026-27,2026-08-23,Manchester City,ALL,corners_against,2.5,1,1,1.0
2026-27,2026-08-23,Manchester City,ALL,corners_against,3.5,1,0,0.0
2026-27,2026-08-23,Manchester City,ALL,corners_against,4.5,1,0,0.0
2026-27,2026-08-23,Manchester City,ALL,corners_against,5.5,1,0,0.0
2026-27,2026-08-23,Manchester City,ALL,corners_against,6.5,1,0,0.0
2026-27,2026-08-23,Manchester City,ALL,corners_against,7.5,1,0,0.0
2026-27,2026-08-23,Manchester City,ALL,yellow_cards,0.5,1,1,1.0
2026-27,2026-08-23,Manchester City,ALL,yellow_cards,1.5,1,0,0.0
2026-27,2026-08-23,Manchester City,ALL,yellow_cards,2.5,1,0,0.0
2026-27,2026-08-23,Manchester City,ALL,yellow_cards,3.5,1,0,0.0
2026-27,2026-08-23,Manchester City,ALL,yellow_cards,4.5,1,0,0.0
2026-27,2026-08-23,Manchester City,HOME,fouls_committed,8.5,1,1,1.0
2026-27,2026-08-23,Manchester City,HOME,fouls_committed,9.5,1,1,1.0
2026-27,2026-08-23,Manchester City,HOME,fouls_committed,10.5,1,1,1.0
2026-27,2026-08-23,Manchester City,HOME,fouls_committed,11.5,1,0,0.0
2026-27,2026-08-23,Manchester City,HOME,fouls_committed,12.5,1,0,0.0
2026-27,2026-08-23,Manchester City,HOME,fouls_committed,13.5,1,0,0.0
2026-27,2026-08-23,Manchester City,HOME,fouls_committed,14.5,1,0,0.0
2026-27,2026-08-23,Manchester City,HOME,fouls_committed,15.5,1,0,0.0
2026-27,2026-08-23,Manchester City,HOME,fouls_suffered,8.5,1,1,1.0
2026-27,2026-08-23,Manchester City,HOME,fouls_suffered,9.5,1,1,1.0
2026-27,2026-08-23,Manchester City,HOME,fouls_suffered,10.5,1,1,1.0
2026-27,2026-08-23,Manchester City,HOME,fouls_suffered,11.5,1,0,0.0
2026-27,2026-08-23,Manchester City,HOME,fouls_suffered,12.5,1,0,0.0
2026-27,2026-08-23,Manchester City,HOME,fouls_suffered,13.5,1,0,0.0
2026-27,2026-08-23,Manchester City,HOME,fouls_suffered,14.5,1,0,0.0
2026-27,2026-08-23,Manchester City,HOME,fouls_suffered,15.5,1,0,0.0
2026-27,2026-08-23,Manchester City,HOME,corners_for,2.5,1,1,1.0
2026-27,2026-08-23,Manchester City,HOME,corners_for,3.5,1,1,1.0
2026-27,2026-08-23,Manchester City,HOME,corners_for,4.5,1,1,1.0
2026-27,2026-08-23,Manchester City,HOME,corners_for,5.5,1,1,1.0
2026-27,2026-08-23,Manchester City,HOME,corners_for,6.5,1,1,1.0
2026-27,2026-08-23,Manchester City,HOME,corners_for,7.5,1,1,1.0
2026-27,2026-08-23,Manchester City,HOME,corners_against,2.5,1,1,1.0
2026-27,2026-08-23,Manchester City,HOME,corners_against,3.5,1,0,0.0
2026-27,2026-08-23,Manchester City,HOME,corners_against,4.5,1,0,0.0
2026-27,2026-08-23,Manchester City,HOME,corners_against,5.5,1,0,0.0
2026-27,2026-08-23,Manchester City,HOME,corners_against,6.5,1,0,0.0
2026-27,2026-08-23,Manchester City,HOME,corners_against,7.5,1,0,0.0
2026-27,2026-08-23,Manchester City,HOME,yellow_cards,0.5,1,1,1.0
2026-27,2026-08-23,Manchester City,HOME,yellow_cards,1.5,1,0,0.0
2026-27,2026-08-23,Manchester City,HOME,yellow_cards,2.5,1,0,0.0
2026-27,2026-08-23,Manchester City,HOME,yellow_cards,3.5,1,0,0.0
2026-27,2026-08-23,Manchester City,HOME,yellow_cards,4.5,1,0,0.0
2026-27,2026-08-22,Manchester United,ALL,fouls_committed,8.5,1,1,1.0
2026-27,2026-08-22,Manchester United,ALL,fouls_committed,9.5,1,0,0.0
2026-27,2026-08-22,Manchester United,ALL,fouls_committed,10.5,1,0,0.0
2026-27,2026-08-22,Manchester United,ALL,fouls_committed,11.5,1,0,0.0
2026-27,2026-08-22,Manchester United,ALL,fouls_committed,12.5,1,0,0.0
2026-27,2026-08-22,Manchester United,ALL,fouls_committed,13.5,1,0,0.0
2026-27,2026-08-22,Manchester United,ALL,fouls_committed,14.5,1,0,0.0
2026-27,2026-08-22,Manchester United,ALL,fouls_committed,15.5,1,0,0.0
2026-27,2026-08-22,Manchester United,ALL,fouls_suffered,8.5,1,1,1.0
2026-27,2026-08-22,Manchester United,ALL,fouls_suffered,9.5,1,1,1.0
2026-27,2026-08-22,Manchester United,ALL,fouls_suffered,10.5,1,0,0.0
2026-27,2026-08-22,Manchester United,ALL,fouls_suffered,11.5,1,0,0.0
2026-27,2026-08-22,Manchester United,ALL,fouls_suffered,12.5,1,0,0.0
2026-27,2026-08-22,Manchester United,ALL,fouls_suffered,13.5,1,0,0.0
2026-27,2026-08-22,Manchester United,ALL,fouls_suffered,14.5,1,0,0.0
2026-27,2026-08-22,Manchester United,ALL,fouls_suffered,15.5,1,0,0.0
2026-27,2026-08-22,Manchester United,ALL,corners_for,2.5,1,1,1.0
2026-27,2026-08-22,Manchester United,ALL,corners_for,3.5,1,1,1.0
2026-27,2026-08-22,Manchester United,ALL,corners_for,4.5,1,1,1.0
2026-27,2026-08-22,Manchester United,ALL,corners_for,5.5,1,1,1.0
2026-27,2026-08-22,Manchester United,ALL,corners_for,6.5,1,0,0.0
2026-27,2026-08-22,Manchester United,ALL,corners_for,7.5,1,0,0.0
2026-27,2026-08-22,Manchester United,ALL,corners_against,2.5,1,0,0.0
2026-27,2026-08-22,Manchester United,ALL,corners_against,3.5,1,0,0.0
2026-27,2026-08-22,Manchester United,ALL,corners_against,4.5,1,0,0.0
2026-27,2026-08-22,Manchester United,ALL,corners_against,5.5,1,0,0.0
2026-27,2026-08-22,Manchester United,ALL,corners_against,6.5,1,0,0.0
2026-27,2026-08-22,Manchester United,ALL,corners_against,7.5,1,0,0.0
2026-27,2026-08-22,Manchester United,ALL,yellow_cards,0.5,1,1,1.0
2026-27,2026-08-22,Manchester United,ALL,yellow_cards,1.5,1,0,0.0
2026-27,2026-08-22,Manchester United,ALL,yellow_cards,2.5,1,0,0.0
2026-27,2026-08-22,Manchester United,ALL,yellow_cards,3.5,1,0,0.0
2026-27,2026-08-22,Manchester United,ALL,yellow_cards,4.5,1,0,0.0
2026-27,2026-08-22,Manchester United,AWAY,fouls_committed,8.5,1,1,1.0
2026-27,2026-08-22,Manchester United,AWAY,fouls_committed,9.5,1,0,0.0
2026-27,2026-08-22,Manchester United,AWAY,fouls_committed,10.5,1,0,0.0
2026-27,2026-08-22,Manchester United,AWAY,fouls_committed,11.5,1,0,0.0
2026-27,2026-08-22,Manchester United,AWAY,fouls_committed,12.5,1,0,0.0
2026-27,2026-08-22,Manchester United,AWAY,fouls_committed,13.5,1,0,0.0
2026-27,2026-08-22,Manchester United,AWAY,fouls_committed,14.5,1,0,0.0
2026-27,2026-08-22,Manchester United,AWAY,fouls_committed,15.5,1,0,0.0
2026-27,2026-08-22,Manchester United,AWAY,fouls_suffered,8.5,1,1,1.0
2026-27,2026-08-22,Manchester United,AWAY,fouls_suffered,9.5,1,1,1.0
2026-27,2026-08-22,Manchester United,AWAY,fouls_suffered,10.5,1,0,0.0
2026-27,2026-08-22,Manchester United,AWAY,fouls_suffered,11.5,1,0,0.0
2026-27,2026-08-22,Manchester United,AWAY,fouls_suffered,12.5,1,0,0.0
2026-27,2026-08-22,Manchester United,AWAY,fouls_suffered,13.5,1,0,0.0
2026-27,2026-08-22,Manchester United,AWAY,fouls_suffered,14.5,1,0,0.0
2026-27,2026-08-22,Manchester United,AWAY,fouls_suffered,15.5,1,0,0.0
2026-27,2026-08-22,Manchester United,AWAY,corners_for,2.5,1,1,1.0
2026-27,2026-08-22,Manchester United,AWAY,corners_for,3.5,1,1,1.0
2026-27,2026-08-22,Manchester United,AWAY,corners_for,4.5,1,1,1.0
2026-27,2026-08-22,Manchester United,AWAY,corners_for,5.5,1,1,1.0
2026-27,2026-08-22,Manchester United,AWAY,corners_for,6.5,1,0,0.0
2026-27,2026-08-22,Manchester United,AWAY,corners_for,7.5,1,0,0.0
2026-27,2026-08-22,Manchester United,AWAY,corners_against,2.5,1,0,0.0
2026-27,2026-08-22,Manchester United,AWAY,corners_against,3.5,1,0,0.0
2026-27,2026-08-22,Manchester United,AWAY,corners_against,4.5,1,0,0.0
2026-27,2026-08-22,Manchester United,AWAY,corners_against,5.5,1,0,0.0
2026-27,2026-08-22,Manchester United,AWAY,corners_against,6.5,1,0,0.0
2026-27,2026-08-22,Manchester United,AWAY,corners_against,7.5,1,0,0.0
2026-27,2026-08-22,Manchester United,AWAY,yellow_cards,0.5,1,1,1.0
2026-27,2026-08-22,Manchester United,AWAY,yellow_cards,1.5,1,0,0.0
2026-27,2026-08-22,Manchester United,AWAY,yellow_cards,2.5,1,0,0.0
2026-27,2026-08-22,Manchester United,AWAY,yellow_cards,3.5,1,0,0.0
2026-27,2026-08-22,Manchester United,AWAY,yellow_cards,4.5,1,0,0.0
2026-27,2026-08-23,Newcastle United,ALL,fouls_committed,8.5,1,1,1.0
2026-27,2026-08-23,Newcastle United,ALL,fouls_committed,9.5,1,1,1.0
2026-27,2026-08-23,Newcastle United,ALL,fouls_committed,10.5,1,1,1.0
2026-27,2026-08-23,Newcastle United,ALL,fouls_committed,11.5,1,1,1.0
2026-27,2026-08-23,Newcastle United,ALL,fouls_committed,12.5,1,1,1.0
2026-27,2026-08-23,Newcastle United,ALL,fouls_committed,13.5,1,1,1.0
2026-27,2026-08-23,Newcastle United,ALL,fouls_committed,14.5,1,1,1.0
2026-27,2026-08-23,Newcastle United,ALL,fouls_committed,15.5,1,1,1.0
2026-27,2026-08-23,Newcastle United,ALL,fouls_suffered,8.5,1,1,1.0
2026-27,2026-08-23,Newcastle United,ALL,fouls_suffered,9.5,1,1,1.0
2026-27,2026-08-23,Newcastle United,ALL,fouls_suffered,10.5,1,1,1.0
2026-27,2026-08-23,Newcastle United,ALL,fouls_suffered,11.5,1,1,1.0
2026-27,2026-08-23,Newcastle United,ALL,fouls_suffered,12.5,1,1,1.0
2026-27,2026-08-23,Newcastle United,ALL,fouls_suffered,13.5,1,1,1.0
2026-27,2026-08-23,Newcastle United,ALL,fouls_suffered,14.5,1,1,1.0
2026-27,2026-08-23,Newcastle United,ALL,fouls_suffered,15.5,1,0,0.0
2026-27,2026-08-23,Newcastle United,ALL,corners_for,2.5,1,0,0.0
2026-27,2026-08-23,Newcastle United,ALL,corners_for,3.5,1,0,0.0
2026-27,2026-08-23,Newcastle United,ALL,corners_for,4.5,1,0,0.0
2026-27,2026-08-23,Newcastle United,ALL,corners_for,5.5,1,0,0.0
2026-27,2026-08-23,Newcastle United,ALL,corners_for,6.5,1,0,0.0
2026-27,2026-08-23,Newcastle United,ALL,corners_for,7.5,1,0,0.0
2026-27,2026-08-23,Newcastle United,ALL,corners_against,2.5,1,1,1.0
2026-27,2026-08-23,Newcastle United,ALL,corners_against,3.5,1,1,1.0
2026-27,2026-08-23,Newcastle United,ALL,corners_against,4.5,1,1,1.0
2026-27,2026-08-23,Newcastle United,ALL,corners_against,5.5,1,1,1.0
2026-27,2026-08-23,Newcastle United,ALL,corners_against,6.5,1,0,0.0
2026-27,2026-08-23,Newcastle United,ALL,corners_against,7.5,1,0,0.0
2026-27,2026-08-23,Newcastle United,ALL,yellow_cards,0.5,1,1,1.0
2026-27,2026-08-23,Newcastle United,ALL,yellow_cards,1.5,1,1,1.0
2026-27,2026-08-23,Newcastle United,ALL,yellow_cards,2.5,1,1,1.0
2026-27,2026-08-23,Newcastle United,ALL,yellow_cards,3.5,1,1,1.0
2026-27,2026-08-23,Newcastle United,ALL,yellow_cards,4.5,1,1,1.0
2026-27,2026-08-23,Newcastle United,HOME,fouls_committed,8.5,1,1,1.0
2026-27,2026-08-23,Newcastle United,HOME,fouls_committed,9.5,1,1,1.0
2026-27,2026-08-23,Newcastle United,HOME,fouls_committed,10.5,1,1,1.0
2026-27,2026-08-23,Newcastle United,HOME,fouls_committed,11.5,1,1,1.0
2026-27,2026-08-23,Newcastle United,HOME,fouls_committed,12.5,1,1,1.0
2026-27,2026-08-23,Newcastle United,HOME,fouls_committed,13.5,1,1,1.0
2026-27,2026-08-23,Newcastle United,HOME,fouls_committed,14.5,1,1,1.0
2026-27,2026-08-23,Newcastle United,HOME,fouls_committed,15.5,1,1,1.0
2026-27,2026-08-23,Newcastle United,HOME,fouls_suffered,8.5,1,1,1.0
2026-27,2026-08-23,Newcastle United,HOME,fouls_suffered,9.5,1,1,1.0
2026-27,2026-08-23,Newcastle United,HOME,fouls_suffered,10.5,1,1,1.0
2026-27,2026-08-23,Newcastle United,HOME,fouls_suffered,11.5,1,1,1.0
2026-27,2026-08-23,Newcastle United,HOME,fouls_suffered,12.5,1,1,1.0
2026-27,2026-08-23,Newcastle United,HOME,fouls_suffered,13.5,1,1,1.0
2026-27,2026-08-23,Newcastle United,HOME,fouls_suffered,14.5,1,1,1.0
2026-27,2026-08-23,Newcastle United,HOME,fouls_suffered,15.5,1,0,0.0
2026-27,2026-08-23,Newcastle United,HOME,corners_for,2.5,1,0,0.0
2026-27,2026-08-23,Newcastle United,HOME,corners_for,3.5,1,0,0.0
2026-27,2026-08-23,Newcastle United,HOME,corners_for,4.5,1,0,0.0
2026-27,2026-08-23,Newcastle United,HOME,corners_for,5.5,1,0,0.0
2026-27,2026-08-23,Newcastle United,HOME,corners_for,6.5,1,0,0.0
2026-27,2026-08-23,Newcastle United,HOME,corners_for,7.5,1,0,0.0
2026-27,2026-08-23,Newcastle United,HOME,corners_against,2.5,1,1,1.0
2026-27,2026-08-23,Newcastle United,HOME,corners_against,3.5,1,1,1.0
2026-27,2026-08-23,Newcastle United,HOME,corners_against,4.5,1,1,1.0
2026-27,2026-08-23,Newcastle United,HOME,corners_against,5.5,1,1,1.0
2026-27,2026-08-23,Newcastle United,HOME,corners_against,6.5,1,0,0.0
2026-27,2026-08-23,Newcastle United,HOME,corners_against,7.5,1,0,0.0
2026-27,2026-08-23,Newcastle United,HOME,yellow_cards,0.5,1,1,1.0
2026-27,2026-08-23,Newcastle United,HOME,yellow_cards,1.5,1,1,1.0
2026-27,2026-08-23,Newcastle United,HOME,yellow_cards,2.5,1,1,1.0
2026-27,2026-08-23,Newcastle United,HOME,yellow_cards,3.5,1,1,1.0
2026-27,2026-08-23,Newcastle United,HOME,yellow_cards,4.5,1,1,1.0
2026-27,2026-08-22,Nottingham Forest,ALL,fouls_committed,8.5,1,1,1.0
2026-27,2026-08-22,Nottingham Forest,ALL,fouls_committed,9.5,1,1,1.0
2026-27,2026-08-22,Nottingham Forest,ALL,fouls_committed,10.5,1,1,1.0
2026-27,2026-08-22,Nottingham Forest,ALL,fouls_committed,11.5,1,1,1.0
2026-27,2026-08-22,Nottingham Forest,ALL,fouls_committed,12.5,1,1,1.0
2026-27,2026-08-22,Nottingham Forest,ALL,fouls_committed,13.5,1,1,1.0
2026-27,2026-08-22,Nottingham Forest,ALL,fouls_committed,14.5,1,1,1.0
2026-27,2026-08-22,Nottingham Forest,ALL,fouls_committed,15.5,1,0,0.0
2026-27,2026-08-22,Nottingham Forest,ALL,fouls_suffered,8.5,1,1,1.0
2026-27,2026-08-22,Nottingham Forest,ALL,fouls_suffered,9.5,1,1,1.0
2026-27,2026-08-22,Nottingham Forest,ALL,fouls_suffered,10.5,1,1,1.0
2026-27,2026-08-22,Nottingham Forest,ALL,fouls_suffered,11.5,1,1,1.0
2026-27,2026-08-22,Nottingham Forest,ALL,fouls_suffered,12.5,1,1,1.0
2026-27,2026-08-22,Nottingham Forest,ALL,fouls_suffered,13.5,1,1,1.0
2026-27,2026-08-22,Nottingham Forest,ALL,fouls_suffered,14.5,1,0,0.0
2026-27,2026-08-22,Nottingham Forest,ALL,fouls_suffered,15.5,1,0,0.0
2026-27,2026-08-22,Nottingham Forest,ALL,corners_for,2.5,1,1,1.0
2026-27,2026-08-22,Nottingham Forest,ALL,corners_for,3.5,1,0,0.0
2026-27,2026-08-22,Nottingham Forest,ALL,corners_for,4.5,1,0,0.0
2026-27,2026-08-22,Nottingham Forest,ALL,corners_for,5.5,1,0,0.0
2026-27,2026-08-22,Nottingham Forest,ALL,corners_for,6.5,1,0,0.0
2026-27,2026-08-22,Nottingham Forest,ALL,corners_for,7.5,1,0,0.0
2026-27,2026-08-22,Nottingham Forest,ALL,corners_against,2.5,1,0,0.0
2026-27,2026-08-22,Nottingham Forest,ALL,corners_against,3.5,1,0,0.0
2026-27,2026-08-22,Nottingham Forest,ALL,corners_against,4.5,1,0,0.0
2026-27,2026-08-22,Nottingham Forest,ALL,corners_against,5.5,1,0,0.0
2026-27,2026-08-22,Nottingham Forest,ALL,corners_against,6.5,1,0,0.0
2026-27,2026-08-22,Nottingham Forest,ALL,corners_against,7.5,1,0,0.0
2026-27,2026-08-22,Nottingham Forest,ALL,yellow_cards,0.5,1,1,1.0
2026-27,2026-08-22,Nottingham Forest,ALL,yellow_cards,1.5,1,1,1.0
2026-27,2026-08-22,Nottingham Forest,ALL,yellow_cards,2.5,1,0,0.0
2026-27,2026-08-22,Nottingham Forest,ALL,yellow_cards,3.5,1,0,0.0
2026-27,2026-08-22,Nottingham Forest,ALL,yellow_cards,4.5,1,0,0.0
2026-27,2026-08-22,Nottingham Forest,HOME,fouls_committed,8.5,1,1,1.0
2026-27,2026-08-22,Nottingham Forest,HOME,fouls_committed,9.5,1,1,1.0
2026-27,2026-08-22,Nottingham Forest,HOME,fouls_committed,10.5,1,1,1.0
2026-27,2026-08-22,Nottingham Forest,HOME,fouls_committed,11.5,1,1,1.0
2026-27,2026-08-22,Nottingham Forest,HOME,fouls_committed,12.5,1,1,1.0
2026-27,2026-08-22,Nottingham Forest,HOME,fouls_committed,13.5,1,1,1.0
2026-27,2026-08-22,Nottingham Forest,HOME,fouls_committed,14.5,1,1,1.0
2026-27,2026-08-22,Nottingham Forest,HOME,fouls_committed,15.5,1,0,0.0
2026-27,2026-08-22,Nottingham Forest,HOME,fouls_suffered,8.5,1,1,1.0
2026-27,2026-08-22,Nottingham Forest,HOME,fouls_suffered,9.5,1,1,1.0
2026-27,2026-08-22,Nottingham Forest,HOME,fouls_suffered,10.5,1,1,1.0
2026-27,2026-08-22,Nottingham Forest,HOME,fouls_suffered,11.5,1,1,1.0
2026-27,2026-08-22,Nottingham Forest,HOME,fouls_suffered,12.5,1,1,1.0
2026-27,2026-08-22,Nottingham Forest,HOME,fouls_suffered,13.5,1,1,1.0
2026-27,2026-08-22,Nottingham Forest,HOME,fouls_suffered,14.5,1,0,0.0
2026-27,2026-08-22,Nottingham Forest,HOME,fouls_suffered,15.5,1,0,0.0
2026-27,2026-08-22,Nottingham Forest,HOME,corners_for,2.5,1,1,1.0
2026-27,2026-08-22,Nottingham Forest,HOME,corners_for,3.5,1,0,0.0
2026-27,2026-08-22,Nottingham Forest,HOME,corners_for,4.5,1,0,0.0
2026-27,2026-08-22,Nottingham Forest,HOME,corners_for,5.5,1,0,0.0
2026-27,2026-08-22,Nottingham Forest,HOME,corners_for,6.5,1,0,0.0
2026-27,2026-08-22,Nottingham Forest,HOME,corners_for,7.5,1,0,0.0
2026-27,2026-08-22,Nottingham Forest,HOME,corners_against,2.5,1,0,0.0
2026-27,2026-08-22,Nottingham Forest,HOME,corners_against,3.5,1,0,0.0
2026-27,2026-08-22,Nottingham Forest,HOME,corners_against,4.5,1,0,0.0
2026-27,2026-08-22,Nottingham Forest,HOME,corners_against,5.5,1,0,0.0
2026-27,2026-08-22,Nottingham Forest,HOME,corners_against,6.5,1,0,0.0
2026-27,2026-08-22,Nottingham Forest,HOME,corners_against,7.5,1,0,0.0
2026-27,2026-08-22,Nottingham Forest,HOME,yellow_cards,0.5,1,1,1.0
2026-27,2026-08-22,Nottingham Forest,HOME,yellow_cards,1.5,1,1,1.0
2026-27,2026-08-22,Nottingham Forest,HOME,yellow_cards,2.5,1,0,0.0
2026-27,2026-08-22,Nottingham Forest,HOME,yellow_cards,3.5,1,0,0.0
2026-27,2026-08-22,Nottingham Forest,HOME,yellow_cards,4.5,1,0,0.0
2026-27,2026-08-22,Sunderland,ALL,fouls_committed,8.5,1,1,1.0
2026-27,2026-08-22,Sunderland,ALL,fouls_committed,9.5,1,1,1.0
2026-27,2026-08-22,Sunderland,ALL,fouls_committed,10.5,1,1,1.0
2026-27,2026-08-22,Sunderland,ALL,fouls_committed,11.5,1,1,1.0
2026-27,2026-08-22,Sunderland,ALL,fouls_committed,12.5,1,1,1.0
2026-27,2026-08-22,Sunderland,ALL,fouls_committed,13.5,1,1,1.0
2026-27,2026-08-22,Sunderland,ALL,fouls_committed,14.5,1,0,0.0
2026-27,2026-08-22,Sunderland,ALL,fouls_committed,15.5,1,0,0.0
2026-27,2026-08-22,Sunderland,ALL,fouls_suffered,8.5,1,1,1.0
2026-27,2026-08-22,Sunderland,ALL,fouls_suffered,9.5,1,1,1.0
2026-27,2026-08-22,Sunderland,ALL,fouls_suffered,10.5,1,1,1.0
2026-27,2026-08-22,Sunderland,ALL,fouls_suffered,11.5,1,1,1.0
2026-27,2026-08-22,Sunderland,ALL,fouls_suffered,12.5,1,0,0.0
2026-27,2026-08-22,Sunderland,ALL,fouls_suffered,13.5,1,0,0.0
2026-27,2026-08-22,Sunderland,ALL,fouls_suffered,14.5,1,0,0.0
2026-27,2026-08-22,Sunderland,ALL,fouls_suffered,15.5,1,0,0.0
2026-27,2026-08-22,Sunderland,ALL,corners_for,2.5,1,1,1.0
2026-27,2026-08-22,Sunderland,ALL,corners_for,3.5,1,1,1.0
2026-27,2026-08-22,Sunderland,ALL,corners_for,4.5,1,1,1.0
2026-27,2026-08-22,Sunderland,ALL,corners_for,5.5,1,0,0.0
2026-27,2026-08-22,Sunderland,ALL,corners_for,6.5,1,0,0.0
2026-27,2026-08-22,Sunderland,ALL,corners_for,7.5,1,0,0.0
2026-27,2026-08-22,Sunderland,ALL,corners_against,2.5,1,1,1.0
2026-27,2026-08-22,Sunderland,ALL,corners_against,3.5,1,0,0.0
2026-27,2026-08-22,Sunderland,ALL,corners_against,4.5,1,0,0.0
2026-27,2026-08-22,Sunderland,ALL,corners_against,5.5,1,0,0.0
2026-27,2026-08-22,Sunderland,ALL,corners_against,6.5,1,0,0.0
2026-27,2026-08-22,Sunderland,ALL,corners_against,7.5,1,0,0.0
2026-27,2026-08-22,Sunderland,ALL,yellow_cards,0.5,1,1,1.0
2026-27,2026-08-22,Sunderland,ALL,yellow_cards,1.5,1,1,1.0
2026-27,2026-08-22,Sunderland,ALL,yellow_cards,2.5,1,1,1.0
2026-27,2026-08-22,Sunderland,ALL,yellow_cards,3.5,1,0,0.0
2026-27,2026-08-22,Sunderland,ALL,yellow_cards,4.5,1,0,0.0
2026-27,2026-08-22,Sunderland,AWAY,fouls_committed,8.5,1,1,1.0
2026-27,2026-08-22,Sunderland,AWAY,fouls_committed,9.5,1,1,1.0
2026-27,2026-08-22,Sunderland,AWAY,fouls_committed,10.5,1,1,1.0
2026-27,2026-08-22,Sunderland,AWAY,fouls_committed,11.5,1,1,1.0
2026-27,2026-08-22,Sunderland,AWAY,fouls_committed,12.5,1,1,1.0
2026-27,2026-08-22,Sunderland,AWAY,fouls_committed,13.5,1,1,1.0
2026-27,2026-08-22,Sunderland,AWAY,fouls_committed,14.5,1,0,0.0
2026-27,2026-08-22,Sunderland,AWAY,fouls_committed,15.5,1,0,0.0
2026-27,2026-08-22,Sunderland,AWAY,fouls_suffered,8.5,1,1,1.0
2026-27,2026-08-22,Sunderland,AWAY,fouls_suffered,9.5,1,1,1.0
2026-27,2026-08-22,Sunderland,AWAY,fouls_suffered,10.5,1,1,1.0
2026-27,2026-08-22,Sunderland,AWAY,fouls_suffered,11.5,1,1,1.0
2026-27,2026-08-22,Sunderland,AWAY,fouls_suffered,12.5,1,0,0.0
2026-27,2026-08-22,Sunderland,AWAY,fouls_suffered,13.5,1,0,0.0
2026-27,2026-08-22,Sunderland,AWAY,fouls_suffered,14.5,1,0,0.0
2026-27,2026-08-22,Sunderland,AWAY,fouls_suffered,15.5,1,0,0.0
2026-27,2026-08-22,Sunderland,AWAY,corners_for,2.5,1,1,1.0
2026-27,2026-08-22,Sunderland,AWAY,corners_for,3.5,1,1,1.0
2026-27,2026-08-22,Sunderland,AWAY,corners_for,4.5,1,1,1.0
2026-27,2026-08-22,Sunderland,AWAY,corners_for,5.5,1,0,0.0
2026-27,2026-08-22,Sunderland,AWAY,corners_for,6.5,1,0,0.0
2026-27,2026-08-22,Sunderland,AWAY,corners_for,7.5,1,0,0.0
2026-27,2026-08-22,Sunderland,AWAY,corners_against,2.5,1,1,1.0
2026-27,2026-08-22,Sunderland,AWAY,corners_against,3.5,1,0,0.0
2026-27,2026-08-22,Sunderland,AWAY,corners_against,4.5,1,0,0.0
2026-27,2026-08-22,Sunderland,AWAY,corners_against,5.5,1,0,0.0
2026-27,2026-08-22,Sunderland,AWAY,corners_against,6.5,1,0,0.0
2026-27,2026-08-22,Sunderland,AWAY,corners_against,7.5,1,0,0.0
2026-27,2026-08-22,Sunderland,AWAY,yellow_cards,0.5,1,1,1.0
2026-27,2026-08-22,Sunderland,AWAY,yellow_cards,1.5,1,1,1.0
2026-27,2026-08-22,Sunderland,AWAY,yellow_cards,2.5,1,1,1.0
2026-27,2026-08-22,Sunderland,AWAY,yellow_cards,3.5,1,0,0.0
2026-27,2026-08-22,Sunderland,AWAY,yellow_cards,4.5,1,0,0.0
2026-27,2026-08-22,Tottenham,ALL,fouls_committed,8.5,1,1,1.0
2026-27,2026-08-22,Tottenham,ALL,fouls_committed,9.5,1,1,1.0
2026-27,2026-08-22,Tottenham,ALL,fouls_committed,10.5,1,1,1.0
2026-27,2026-08-22,Tottenham,ALL,fouls_committed,11.5,1,1,1.0
2026-27,2026-08-22,Tottenham,ALL,fouls_committed,12.5,1,1,1.0
2026-27,2026-08-22,Tottenham,ALL,fouls_committed,13.5,1,1,1.0
2026-27,2026-08-22,Tottenham,ALL,fouls_committed,14.5,1,0,0.0
2026-27,2026-08-22,Tottenham,ALL,fouls_committed,15.5,1,0,0.0
2026-27,2026-08-22,Tottenham,ALL,fouls_suffered,8.5,1,1,1.0
2026-27,2026-08-22,Tottenham,ALL,fouls_suffered,9.5,1,1,1.0
2026-27,2026-08-22,Tottenham,ALL,fouls_suffered,10.5,1,1,1.0
2026-27,2026-08-22,Tottenham,ALL,fouls_suffered,11.5,1,1,1.0
2026-27,2026-08-22,Tottenham,ALL,fouls_suffered,12.5,1,1,1.0
2026-27,2026-08-22,Tottenham,ALL,fouls_suffered,13.5,1,1,1.0
2026-27,2026-08-22,Tottenham,ALL,fouls_suffered,14.5,1,1,1.0
2026-27,2026-08-22,Tottenham,ALL,fouls_suffered,15.5,1,1,1.0
2026-27,2026-08-22,Tottenham,ALL,corners_for,2.5,1,1,1.0
2026-27,2026-08-22,Tottenham,ALL,corners_for,3.5,1,0,0.0
2026-27,2026-08-22,Tottenham,ALL,corners_for,4.5,1,0,0.0
2026-27,2026-08-22,Tottenham,ALL,corners_for,5.5,1,0,0.0
2026-27,2026-08-22,Tottenham,ALL,corners_for,6.5,1,0,0.0
2026-27,2026-08-22,Tottenham,ALL,corners_for,7.5,1,0,0.0
2026-27,2026-08-22,Tottenham,ALL,corners_against,2.5,1,1,1.0
2026-27,2026-08-22,Tottenham,ALL,corners_against,3.5,1,1,1.0
2026-27,2026-08-22,Tottenham,ALL,corners_against,4.5,1,1,1.0
2026-27,2026-08-22,Tottenham,ALL,corners_against,5.5,1,1,1.0
2026-27,2026-08-22,Tottenham,ALL,corners_against,6.5,1,1,1.0
2026-27,2026-08-22,Tottenham,ALL,corners_against,7.5,1,0,0.0
2026-27,2026-08-22,Tottenham,ALL,yellow_cards,0.5,1,1,1.0
2026-27,2026-08-22,Tottenham,ALL,yellow_cards,1.5,1,0,0.0
2026-27,2026-08-22,Tottenham,ALL,yellow_cards,2.5,1,0,0.0
2026-27,2026-08-22,Tottenham,ALL,yellow_cards,3.5,1,0,0.0
2026-27,2026-08-22,Tottenham,ALL,yellow_cards,4.5,1,0,0.0
2026-27,2026-08-22,Tottenham,AWAY,fouls_committed,8.5,1,1,1.0
2026-27,2026-08-22,Tottenham,AWAY,fouls_committed,9.5,1,1,1.0
2026-27,2026-08-22,Tottenham,AWAY,fouls_committed,10.5,1,1,1.0
2026-27,2026-08-22,Tottenham,AWAY,fouls_committed,11.5,1,1,1.0
2026-27,2026-08-22,Tottenham,AWAY,fouls_committed,12.5,1,1,1.0
2026-27,2026-08-22,Tottenham,AWAY,fouls_committed,13.5,1,1,1.0
2026-27,2026-08-22,Tottenham,AWAY,fouls_committed,14.5,1,0,0.0
2026-27,2026-08-22,Tottenham,AWAY,fouls_committed,15.5,1,0,0.0
2026-27,2026-08-22,Tottenham,AWAY,fouls_suffered,8.5,1,1,1.0
2026-27,2026-08-22,Tottenham,AWAY,fouls_suffered,9.5,1,1,1.0
2026-27,2026-08-22,Tottenham,AWAY,fouls_suffered,10.5,1,1,1.0
2026-27,2026-08-22,Tottenham,AWAY,fouls_suffered,11.5,1,1,1.0
2026-27,2026-08-22,Tottenham,AWAY,fouls_suffered,12.5,1,1,1.0
2026-27,2026-08-22,Tottenham,AWAY,fouls_suffered,13.5,1,1,1.0
2026-27,2026-08-22,Tottenham,AWAY,fouls_suffered,14.5,1,1,1.0
2026-27,2026-08-22,Tottenham,AWAY,fouls_suffered,15.5,1,1,1.0
2026-27,2026-08-22,Tottenham,AWAY,corners_for,2.5,1,1,1.0
2026-27,2026-08-22,Tottenham,AWAY,corners_for,3.5,1,0,0.0
2026-27,2026-08-22,Tottenham,AWAY,corners_for,4.5,1,0,0.0
2026-27,2026-08-22,Tottenham,AWAY,corners_for,5.5,1,0,0.0
2026-27,2026-08-22,Tottenham,AWAY,corners_for,6.5,1,0,0.0
2026-27,2026-08-22,Tottenham,AWAY,corners_for,7.5,1,0,0.0
2026-27,2026-08-22,Tottenham,AWAY,corners_against,2.5,1,1,1.0
2026-27,2026-08-22,Tottenham,AWAY,corners_against,3.5,1,1,1.0
2026-27,2026-08-22,Tottenham,AWAY,corners_against,4.5,1,1,1.0
2026-27,2026-08-22,Tottenham,AWAY,corners_against,5.5,1,1,1.0
2026-27,2026-08-22,Tottenham,AWAY,corners_against,6.5,1,1,1.0
2026-27,2026-08-22,Tottenham,AWAY,corners_against,7.5,1,0,0.0
2026-27,2026-08-22,Tottenham,AWAY,yellow_cards,0.5,1,1,1.0
2026-27,2026-08-22,Tottenham,AWAY,yellow_cards,1.5,1,0,0.0
2026-27,2026-08-22,Tottenham,AWAY,yellow_cards,2.5,1,0,0.0
2026-27,2026-08-22,Tottenham,AWAY,yellow_cards,3.5,1,0,0.0
2026-27,2026-08-22,Tottenham,AWAY,yellow_cards,4.5,1,0,0.0
