match_id,season,match_date,team,opponent,venue,referee,goals_for,goals_against,ht_goals_for,ht_goals_against,shots_for,shots_against,shots_on_target_for,shots_on_target_against,fouls_committed,fouls_suffered,corners_for,corners_against,yellow_cards,yellow_cards_opponent,red_cards,red_cards_opponent,xg_for,xg_against,points,result
0f2308874945d21c04c3,2022-23,2022-08-05,Crystal Palace,Arsenal,H,A Taylor,0.0,2.0,0.0,1.0,10.0,10.0,2.0,2.0,16.0,11.0,3.0,5.0,1.0,2.0,0.0,0.0,,,0,L
0f2308874945d21c04c3,2022-23,2022-08-05,Arsenal,Crystal Palace,A,A Taylor,2.0,0.0,1.0,0.0,10.0,10.0,2.0,2.0,11.0,16.0,5.0,3.0,2.0,1.0,0.0,0.0,,,3,W
76753107e6b79adfa7d0,2022-23,2022-08-06,Fulham,Liverpool,H,A Madley,2.0,2.0,1.0,0.0,9.0,11.0,3.0,4.0,7.0,9.0,4.0,4.0,2.0,0.0,0.0,0.0,,,1,D
76753107e6b79adfa7d0,2022-23,2022-08-06,Liverpool,Fulham,A,A Madley,2.0,2.0,0.0,1.0,11.0,9.0,4.0,3.0,9.0,7.0,4.0,4.0,0.0,2.0,0.0,0.0,,,1,D
49daf8f728a59f92ff13,2022-23,2022-08-06,Bournemouth,Aston Villa,H,P Bankes,2.0,0.0,1.0,0.0,7.0,15.0,3.0,2.0,18.0,16.0,5.0,5.0,3.0,3.0,0.0,0.0,,,3,W
49daf8f728a59f92ff13,2022-23,2022-08-06,Aston Villa,Bournemouth,A,P Bankes,0.0,2.0,0.0,1.0,15.0,7.0,2.0,3.0,16.0,18.0,5.0,5.0,3.0,3.0,0.0,0.0,,,0,L
12a3ad05307d9c73abed,2022-23,2022-08-06,Leeds,Wolverhampton Wanderers,H,R Jones,2.0,1.0,1.0,1.0,12.0,15.0,4.0,6.0,13.0,9.0,6.0,4.0,2.0,0.0,0.0,0.0,,,3,W
12a3ad05307d9c73abed,2022-23,2022-08-06,Wolverhampton Wanderers,Leeds,A,R Jones,1.0,2.0,1.0,1.0,15.0,12.0,6.0,4.0,9.0,13.0,4.0,6.0,0.0,2.0,0.0,0.0,,,0,L
c3bac8e5b11ffb16cf95,2022-23,2022-08-06,Newcastle United,Nottingham Forest,H,S Hooper,2.0,0.0,0.0,0.0,23.0,5.0,10.0,0.0,9.0,14.0,11.0,1.0,0.0,3.0,0.0,0.0,,,3,W
c3bac8e5b11ffb16cf95,2022-23,2022-08-06,Nottingham Forest,Newcastle United,A,S Hooper,0.0,2.0,0.0,0.0,5.0,23.0,0.0,10.0,14.0,9.0,1.0,11.0,3.0,0.0,0.0,0.0,,,0,L
74c696f73384943d0d85,2022-23,2022-08-06,Tottenham,Southampton,H,A Marriner,4.0,1.0,2.0,1.0,18.0,10.0,8.0,2.0,11.0,6.0,10.0,2.0,3.0,0.0,0.0,0.0,,,3,W
74c696f73384943d0d85,2022-23,2022-08-06,Southampton,Tottenham,A,A Marriner,1.0,4.0,1.0,2.0,10.0,18.0,2.0,8.0,6.0,11.0,2.0,10.0,0.0,3.0,0.0,0.0,,,0,L
76e0d3d73ba4a9740e83,2022-23,2022-08-06,Everton,Chelsea,H,C Pawson,0.0,1.0,0.0,1.0,8.0,15.0,4.0,6.0,14.0,11.0,4.0,16.0,3.0,2.0,0.0,0.0,,,0,L
76e0d3d73ba4a9740e83,2022-23,2022-08-06,Chelsea,Everton,A,C Pawson,1.0,0.0,1.0,0.0,15.0,8.0,6.0,4.0,11.0,14.0,16.0,4.0,2.0,3.0,0.0,0.0,,,3,W
4425a1f5a2042ec3e44e,2022-23,2022-08-07,Leicester,Brentford,H,J Gillett,2.0,2.0,1.0,0.0,14.0,8.0,5.0,3.0,6.0,5.0,5.0,6.0,0.0,0.0,0.0,0.0,,,1,D
4425a1f5a2042ec3e44e,2022-23,2022-08-07,Brentford,Leicester,A,J Gillett,2.0,2.0,0.0,1.0,8.0,14.0,3.0,5.0,5.0,6.0,6.0,5.0,0.0,0.0,0.0,0.0,,,1,D
0278cc1f85c4f6838e51,2022-23,2022-08-07,Manchester United,Brighton & Hove Albion,H,P Tierney,1.0,2.0,0.0,2.0,17.0,15.0,5.0,4.0,7.0,12.0,6.0,2.0,4.0,1.0,0.0,0.0,,,0,L
0278cc1f85c4f6838e51,2022-23,2022-08-07,Brighton & Hove Albion,Manchester United,A,P Tierney,2.0,1.0,2.0,0.0,15.0,17.0,4.0,5.0,12.0,7.0,2.0,6.0,1.0,4.0,0.0,0.0,,,3,W
413b42c3b7a0086813a0,2022-23,2022-08-07,West Ham United,Manchester City,H,M Oliver,0.0,2.0,0.0,1.0,6.0,14.0,1.0,2.0,8.0,4.0,1.0,4.0,0.0,1.0,0.0,0.0,,,0,L
413b42c3b7a0086813a0,2022-23,2022-08-07,Manchester City,West Ham United,A,M Oliver,2.0,0.0,1.0,0.0,14.0,6.0,2.0,1.0,4.0,8.0,4.0,1.0,1.0,0.0,0.0,0.0,,,3,W
0641a43591fdbac10cde,2022-23,2022-08-13,Aston Villa,Everton,H,M Oliver,2.0,1.0,1.0,0.0,12.0,15.0,4.0,4.0,9.0,7.0,5.0,8.0,4.0,1.0,0.0,0.0,,,3,W
0641a43591fdbac10cde,2022-23,2022-08-13,Everton,Aston Villa,A,M Oliver,1.0,2.0,0.0,1.0,15.0,12.0,4.0,4.0,7.0,9.0,8.0,5.0,1.0,4.0,0.0,0.0,,,0,L
207e193a3325c15a45b8,2022-23,2022-08-13,Arsenal,Leicester,H,D England,4.0,2.0,2.0,0.0,19.0,6.0,7.0,2.0,15.0,9.0,6.0,2.0,1.0,1.0,0.0,0.0,,,3,W
207e193a3325c15a45b8,2022-23,2022-08-13,Leicester,Arsenal,A,D England,2.0,4.0,0.0,2.0,6.0,19.0,2.0,7.0,9.0,15.0,2.0,6.0,1.0,1.0,0.0,0.0,,,0,L
7f9a48950600028f37f6,2022-23,2022-08-13,Brighton & Hove Albion,Newcastle United,H,G Scott,0.0,0.0,0.0,0.0,13.0,4.0,7.0,1.0,8.0,6.0,7.0,3.0,2.0,3.0,0.0,0.0,,,1,D
7f9a48950600028f37f6,2022-23,2022-08-13,Newcastle United,Brighton & Hove Albion,A,G Scott,0.0,0.0,0.0,0.0,4.0,13.0,1.0,7.0,6.0,8.0,3.0,7.0,3.0,2.0,0.0,0.0,,,1,D
68d5bb536923ed7b3db3,2022-23,2022-08-13,Manchester City,Bournemouth,H,D Coote,4.0,0.0,3.0,0.0,19.0,3.0,7.0,1.0,9.0,9.0,11.0,1.0,0.0,3.0,0.0,0.0,,,3,W
68d5bb536923ed7b3db3,2022-23,2022-08-13,Bournemouth,Manchester City,A,D Coote,0.0,4.0,0.0,3.0,3.0,19.0,1.0,7.0,9.0,9.0,1.0,11.0,3.0,0.0,0.0,0.0,,,0,L
95472919b4681fc91908,2022-23,2022-08-13,Southampton,Leeds,H,T Harrington,2.0,2.0,0.0,0.0,14.0,13.0,4.0,5.0,10.0,12.0,2.0,5.0,1.0,3.0,0.0,0.0,,,1,D
95472919b4681fc91908,2022-23,2022-08-13,Leeds,Southampton,A,T Harrington,2.0,2.0,0.0,0.0,13.0,14.0,5.0,4.0,12.0,10.0,5.0,2.0,3.0,1.0,0.0,0.0,,,1,D
9ce732d401a20ca2aaa2,2022-23,2022-08-13,Wolverhampton Wanderers,Fulham,H,J Brooks,0.0,0.0,0.0,0.0,7.0,9.0,1.0,3.0,7.0,14.0,5.0,3.0,3.0,3.0,0.0,0.0,,,1,D
9ce732d401a20ca2aaa2,2022-23,2022-08-13,Fulham,Wolverhampton Wanderers,A,J Brooks,0.0,0.0,0.0,0.0,9.0,7.0,3.0,1.0,14.0,7.0,3.0,5.0,3.0,3.0,0.0,0.0,,,1,D
ed72ddba123d47855542,2022-23,2022-08-13,Brentford,Manchester United,H,S Attwell,4.0,0.0,4.0,0.0,13.0,15.0,7.0,4.0,6.0,15.0,8.0,2.0,0.0,4.0,0.0,0.0,,,3,W
ed72ddba123d47855542,2022-23,2022-08-13,Manchester United,Brentford,A,S Attwell,0.0,4.0,0.0,4.0,15.0,13.0,4.0,7.0,15.0,6.0,2.0,8.0,4.0,0.0,0.0,0.0,,,0,L
6ac31ba93290f71ed065,2022-23,2022-08-14,Nottingham Forest,West Ham United,H,R Jones,1.0,0.0,1.0,0.0,13.0,19.0,6.0,5.0,10.0,11.0,6.0,7.0,4.0,1.0,0.0,0.0,,,3,W
6ac31ba93290f71ed065,2022-23,2022-08-14,West Ham United,Nottingham Forest,A,R Jones,0.0,1.0,0.0,1.0,19.0,13.0,5.0,6.0,11.0,10.0,7.0,6.0,1.0,4.0,0.0,0.0,,,0,L
0cb4bd87ace687b405de,2022-23,2022-08-14,Chelsea,Tottenham,H,A Taylor,2.0,2.0,1.0,0.0,16.0,10.0,3.0,5.0,9.0,9.0,8.0,5.0,3.0,0.0,0.0,0.0,,,1,D
0cb4bd87ace687b405de,2022-23,2022-08-14,Tottenham,Chelsea,A,A Taylor,2.0,2.0,0.0,1.0,10.0,16.0,5.0,3.0,9.0,9.0,5.0,8.0,0.0,3.0,0.0,0.0,,,1,D
11829d986f8ddbf72044,2022-23,2022-08-15,Liverpool,Crystal Palace,H,P Tierney,1.0,1.0,0.0,1.0,24.0,7.0,4.0,3.0,7.0,8.0,4.0,2.0,2.0,4.0,1.0,0.0,,,1,D
11829d986f8ddbf72044,2022-23,2022-08-15,Crystal Palace,Liverpool,A,P Tierney,1.0,1.0,1.0,0.0,7.0,24.0,3.0,4.0,8.0,7.0,2.0,4.0,4.0,2.0,0.0,1.0,,,1,D
bd3b2d95af6af16b564a,2022-23,2022-08-20,Tottenham,Wolverhampton Wanderers,H,S Hooper,1.0,0.0,0.0,0.0,11.0,20.0,4.0,3.0,10.0,8.0,8.0,6.0,2.0,2.0,0.0,0.0,,,3,W
bd3b2d95af6af16b564a,2022-23,2022-08-20,Wolverhampton Wanderers,Tottenham,A,S Hooper,0.0,1.0,0.0,0.0,20.0,11.0,3.0,4.0,8.0,10.0,6.0,8.0,2.0,2.0,0.0,0.0,,,0,L
b6021694be1558d6976d,2022-23,2022-08-20,Crystal Palace,Aston Villa,H,A Madley,3.0,1.0,1.0,1.0,17.0,13.0,9.0,5.0,16.0,14.0,4.0,2.0,2.0,1.0,0.0,0.0,,,3,W
b6021694be1558d6976d,2022-23,2022-08-20,Aston Villa,Crystal Palace,A,A Madley,1.0,3.0,1.0,1.0,13.0,17.0,5.0,9.0,14.0,16.0,2.0,4.0,1.0,2.0,0.0,0.0,,,0,L
21c3d08dd45f869e7e8a,2022-23,2022-08-20,Everton,Nottingham Forest,H,A Marriner,1.0,1.0,0.0,0.0,19.0,14.0,8.0,5.0,6.0,9.0,6.0,2.0,3.0,2.0,0.0,0.0,,,1,D
21c3d08dd45f869e7e8a,2022-23,2022-08-20,Nottingham Forest,Everton,A,A Marriner,1.0,1.0,0.0,0.0,14.0,19.0,5.0,8.0,9.0,6.0,2.0,6.0,2.0,3.0,0.0,0.0,,,1,D
70e0d4cdf1bb4143b520,2022-23,2022-08-20,Fulham,Brentford,H,P Bankes,3.0,2.0,2.0,1.0,18.0,13.0,9.0,5.0,13.0,7.0,6.0,3.0,3.0,2.0,0.0,0.0,,,3,W
70e0d4cdf1bb4143b520,2022-23,2022-08-20,Brentford,Fulham,A,P Bankes,2.0,3.0,1.0,2.0,13.0,18.0,5.0,9.0,7.0,13.0,3.0,6.0,2.0,3.0,0.0,0.0,,,0,L
fb6eca0bc83f24dcc9f4,2022-23,2022-08-20,Leicester,Southampton,H,M Salisbury,1.0,2.0,0.0,0.0,6.0,9.0,1.0,3.0,11.0,15.0,2.0,5.0,2.0,3.0,0.0,0.0,,,0,L
fb6eca0bc83f24dcc9f4,2022-23,2022-08-20,Southampton,Leicester,A,M Salisbury,2.0,1.0,0.0,0.0,9.0,6.0,3.0,1.0,15.0,11.0,5.0,2.0,3.0,2.0,0.0,0.0,,,3,W
d78e9cfccc26018f13da,2022-23,2022-08-20,Bournemouth,Arsenal,H,C Pawson,0.0,3.0,0.0,2.0,6.0,14.0,1.0,6.0,12.0,10.0,3.0,4.0,2.0,1.0,0.0,0.0,,,0,L
d78e9cfccc26018f13da,2022-23,2022-08-20,Arsenal,Bournemouth,A,C Pawson,3.0,0.0,2.0,0.0,14.0,6.0,6.0,1.0,10.0,12.0,4.0,3.0,1.0,2.0,0.0,0.0,,,3,W
bc749c481a84a8b7a04d,2022-23,2022-08-21,Leeds,Chelsea,H,S Attwell,3.0,0.0,2.0,0.0,12.0,14.0,6.0,3.0,16.0,15.0,4.0,6.0,0.0,1.0,0.0,1.0,,,3,W
bc749c481a84a8b7a04d,2022-23,2022-08-21,Chelsea,Leeds,A,S Attwell,0.0,3.0,0.0,2.0,14.0,12.0,3.0,6.0,15.0,16.0,6.0,4.0,1.0,0.0,1.0,0.0,,,0,L
a0af28dbfe94f7978658,2022-23,2022-08-21,West Ham United,Brighton & Hove Albion,H,A Taylor,0.0,2.0,0.0,1.0,13.0,11.0,3.0,2.0,10.0,7.0,5.0,4.0,2.0,0.0,0.0,0.0,,,0,L
a0af28dbfe94f7978658,2022-23,2022-08-21,Brighton & Hove Albion,West Ham United,A,A Taylor,2.0,0.0,1.0,0.0,11.0,13.0,2.0,3.0,7.0,10.0,4.0,5.0,0.0,2.0,0.0,0.0,,,3,W
3ed04b7c103118c3c537,2022-23,2022-08-21,Newcastle United,Manchester City,H,J Gillett,3.0,3.0,2.0,1.0,12.0,21.0,6.0,10.0,14.0,7.0,5.0,5.0,4.0,2.0,0.0,0.0,,,1,D
3ed04b7c103118c3c537,2022-23,2022-08-21,Manchester City,Newcastle United,A,J Gillett,3.0,3.0,1.0,2.0,21.0,12.0,10.0,6.0,7.0,14.0,5.0,5.0,2.0,4.0,0.0,0.0,,,1,D
739f138c9898bbaec5f6,2022-23,2022-08-22,Manchester United,Liverpool,H,M Oliver,2.0,1.0,1.0,0.0,12.0,17.0,4.0,5.0,11.0,7.0,6.0,8.0,3.0,1.0,0.0,0.0,,,3,W
739f138c9898bbaec5f6,2022-23,2022-08-22,Liverpool,Manchester United,A,M Oliver,1.0,2.0,0.0,1.0,17.0,12.0,5.0,4.0,7.0,11.0,8.0,6.0,1.0,3.0,0.0,0.0,,,0,L
55e149c0887df239055c,2022-23,2022-08-27,Southampton,Manchester United,H,A Madley,0.0,1.0,0.0,0.0,17.0,11.0,5.0,6.0,4.0,14.0,5.0,3.0,0.0,3.0,0.0,0.0,,,0,L
55e149c0887df239055c,2022-23,2022-08-27,Manchester United,Southampton,A,A Madley,1.0,0.0,0.0,0.0,11.0,17.0,6.0,5.0,14.0,4.0,3.0,5.0,3.0,0.0,0.0,0.0,,,3,W
58ca09d53dfd06f27583,2022-23,2022-08-27,Brentford,Everton,H,J Brooks,1.0,1.0,0.0,1.0,19.0,14.0,5.0,7.0,8.0,8.0,8.0,5.0,2.0,2.0,0.0,0.0,,,1,D
58ca09d53dfd06f27583,2022-23,2022-08-27,Everton,Brentford,A,J Brooks,1.0,1.0,1.0,0.0,14.0,19.0,7.0,5.0,8.0,8.0,5.0,8.0,2.0,2.0,0.0,0.0,,,1,D
ed6459cb9468ee98f639,2022-23,2022-08-27,Brighton & Hove Albion,Leeds,H,M Salisbury,1.0,0.0,0.0,0.0,13.0,10.0,4.0,2.0,10.0,14.0,5.0,3.0,2.0,3.0,0.0,0.0,,,3,W
ed6459cb9468ee98f639,2022-23,2022-08-27,Leeds,Brighton & Hove Albion,A,M Salisbury,0.0,1.0,0.0,0.0,10.0,13.0,2.0,4.0,14.0,10.0,3.0,5.0,3.0,2.0,0.0,0.0,,,0,L
a5b41da30e678233f737,2022-23,2022-08-27,Chelsea,Leicester,H,P Tierney,2.0,1.0,0.0,0.0,7.0,17.0,3.0,5.0,10.0,7.0,3.0,11.0,1.0,2.0,1.0,0.0,,,3,W
a5b41da30e678233f737,2022-23,2022-08-27,Leicester,Chelsea,A,P Tierney,1.0,2.0,0.0,0.0,17.0,7.0,5.0,3.0,7.0,10.0,11.0,3.0,2.0,1.0,0.0,1.0,,,0,L
9fa74d6d56604f44758e,2022-23,2022-08-27,Liverpool,Bournemouth,H,S Attwell,9.0,0.0,5.0,0.0,19.0,5.0,12.0,2.0,6.0,5.0,8.0,1.0,0.0,1.0,0.0,0.0,,,3,W
9fa74d6d56604f44758e,2022-23,2022-08-27,Bournemouth,Liverpool,A,S Attwell,0.0,9.0,0.0,5.0,5.0,19.0,2.0,12.0,5.0,6.0,1.0,8.0,1.0,0.0,0.0,0.0,,,0,L
cad29ba7261bde8df39e,2022-23,2022-08-27,Manchester City,Crystal Palace,H,D England,4.0,2.0,0.0,2.0,18.0,2.0,5.0,2.0,14.0,8.0,6.0,1.0,1.0,2.0,0.0,0.0,,,3,W
cad29ba7261bde8df39e,2022-23,2022-08-27,Crystal Palace,Manchester City,A,D England,2.0,4.0,2.0,0.0,2.0,18.0,2.0,5.0,8.0,14.0,1.0,6.0,2.0,1.0,0.0,0.0,,,0,L
938b05c9beb26b34732d,2022-23,2022-08-27,Arsenal,Fulham,H,J Gillett,2.0,1.0,0.0,0.0,22.0,11.0,8.0,3.0,6.0,12.0,9.0,2.0,2.0,3.0,0.0,0.0,,,3,W
938b05c9beb26b34732d,2022-23,2022-08-27,Fulham,Arsenal,A,J Gillett,1.0,2.0,0.0,0.0,11.0,22.0,3.0,8.0,12.0,6.0,2.0,9.0,3.0,2.0,0.0,0.0,,,0,L
8eb85e26ed77f62e482a,2022-23,2022-08-28,Aston Villa,West Ham United,H,D Coote,0.0,1.0,0.0,0.0,9.0,7.0,3.0,2.0,10.0,10.0,3.0,2.0,2.0,0.0,0.0,0.0,,,0,L
8eb85e26ed77f62e482a,2022-23,2022-08-28,West Ham United,Aston Villa,A,D Coote,1.0,0.0,0.0,0.0,7.0,9.0,2.0,3.0,10.0,10.0,2.0,3.0,0.0,2.0,0.0,0.0,,,3,W
678fcc81c4b4d4e5e44d,2022-23,2022-08-28,Wolverhampton Wanderers,Newcastle United,H,P Bankes,1.0,1.0,1.0,0.0,10.0,21.0,4.0,6.0,10.0,11.0,4.0,13.0,2.0,1.0,0.0,0.0,,,1,D
678fcc81c4b4d4e5e44d,2022-23,2022-08-28,Newcastle United,Wolverhampton Wanderers,A,P Bankes,1.0,1.0,0.0,1.0,21.0,10.0,6.0,4.0,11.0,10.0,13.0,4.0,1.0,2.0,0.0,0.0,,,1,D
cc1d46e4a08501f89ef0,2022-23,2022-08-28,Nottingham Forest,Tottenham,H,C Pawson,0.0,2.0,0.0,1.0,17.0,18.0,1.0,7.0,11.0,13.0,6.0,1.0,6.0,1.0,0.0,0.0,,,0,L
cc1d46e4a08501f89ef0,2022-23,2022-08-28,Tottenham,Nottingham Forest,A,C Pawson,2.0,0.0,1.0,0.0,18.0,17.0,7.0,1.0,13.0,11.0,1.0,6.0,1.0,6.0,0.0,0.0,,,3,W
2a3d680d1ade6e6b156b,2022-23,2022-08-30,Crystal Palace,Brentford,H,S Hooper,1.0,1.0,0.0,0.0,13.0,9.0,4.0,3.0,11.0,8.0,4.0,6.0,1.0,2.0,0.0,0.0,,,1,D
2a3d680d1ade6e6b156b,2022-23,2022-08-30,Brentford,Crystal Palace,A,S Hooper,1.0,1.0,0.0,0.0,9.0,13.0,3.0,4.0,8.0,11.0,6.0,4.0,2.0,1.0,0.0,0.0,,,1,D
2af9ea2917fecf89f24a,2022-23,2022-08-30,Fulham,Brighton & Hove Albion,H,T Bramall,2.0,1.0,0.0,0.0,10.0,7.0,3.0,4.0,9.0,11.0,3.0,3.0,2.0,1.0,0.0,0.0,,,3,W
2af9ea2917fecf89f24a,2022-23,2022-08-30,Brighton & Hove Albion,Fulham,A,T Bramall,1.0,2.0,0.0,0.0,7.0,10.0,4.0,3.0,11.0,9.0,3.0,3.0,1.0,2.0,0.0,0.0,,,0,L
45319b047afdfbb45eb4,2022-23,2022-08-30,Southampton,Chelsea,H,M Oliver,2.0,1.0,2.0,1.0,9.0,10.0,7.0,4.0,15.0,10.0,5.0,3.0,2.0,1.0,0.0,0.0,,,3,W
45319b047afdfbb45eb4,2022-23,2022-08-30,Chelsea,Southampton,A,M Oliver,1.0,2.0,1.0,2.0,10.0,9.0,4.0,7.0,10.0,15.0,3.0,5.0,1.0,2.0,0.0,0.0,,,0,L
b9f804d807f45a523d7c,2022-23,2022-08-30,Leeds,Everton,H,D England,1.0,1.0,0.0,1.0,14.0,7.0,5.0,2.0,10.0,9.0,10.0,2.0,3.0,3.0,0.0,0.0,,,1,D
b9f804d807f45a523d7c,2022-23,2022-08-30,Everton,Leeds,A,D England,1.0,1.0,1.0,0.0,7.0,14.0,2.0,5.0,9.0,10.0,2.0,10.0,3.0,3.0,0.0,0.0,,,1,D
5a7467b6529cce0fb817,2022-23,2022-08-31,Arsenal,Aston Villa,H,R Jones,2.0,1.0,1.0,0.0,22.0,4.0,9.0,3.0,10.0,14.0,10.0,3.0,2.0,3.0,0.0,0.0,,,3,W
5a7467b6529cce0fb817,2022-23,2022-08-31,Aston Villa,Arsenal,A,R Jones,1.0,2.0,0.0,1.0,4.0,22.0,3.0,9.0,14.0,10.0,3.0,10.0,3.0,2.0,0.0,0.0,,,0,L
646595881355e20719df,2022-23,2022-08-31,Bournemouth,Wolverhampton Wanderers,H,A Taylor,0.0,0.0,0.0,0.0,5.0,17.0,2.0,4.0,12.0,12.0,2.0,5.0,2.0,1.0,0.0,0.0,,,1,D
646595881355e20719df,2022-23,2022-08-31,Wolverhampton Wanderers,Bournemouth,A,A Taylor,0.0,0.0,0.0,0.0,17.0,5.0,4.0,2.0,12.0,12.0,5.0,2.0,1.0,2.0,0.0,0.0,,,1,D
509868b83370658fe495,2022-23,2022-08-31,Manchester City,Nottingham Forest,H,P Tierney,6.0,0.0,3.0,0.0,17.0,8.0,9.0,1.0,9.0,7.0,10.0,1.0,0.0,1.0,0.0,0.0,,,3,W
509868b83370658fe495,2022-23,2022-08-31,Nottingham Forest,Manchester City,A,P Tierney,0.0,6.0,0.0,3.0,8.0,17.0,1.0,9.0,7.0,9.0,1.0,10.0,1.0,0.0,0.0,0.0,,,0,L
5dd0e8639f5b46f6b677,2022-23,2022-08-31,West Ham United,Tottenham,H,P Bankes,1.0,1.0,0.0,1.0,14.0,13.0,4.0,4.0,10.0,9.0,3.0,4.0,2.0,5.0,0.0,0.0,,,1,D
5dd0e8639f5b46f6b677,2022-23,2022-08-31,Tottenham,West Ham United,A,P Bankes,1.0,1.0,1.0,0.0,13.0,14.0,4.0,4.0,9.0,10.0,4.0,3.0,5.0,2.0,0.0,0.0,,,1,D
a9de602daac9b8b219cf,2022-23,2022-08-31,Liverpool,Newcastle United,H,A Marriner,2.0,1.0,0.0,1.0,23.0,5.0,6.0,2.0,9.0,10.0,13.0,0.0,0.0,2.0,0.0,0.0,,,3,W
a9de602daac9b8b219cf,2022-23,2022-08-31,Newcastle United,Liverpool,A,A Marriner,1.0,2.0,1.0,0.0,5.0,23.0,2.0,6.0,10.0,9.0,0.0,13.0,2.0,0.0,0.0,0.0,,,0,L
8e2cbdcca7bb19fcba61,2022-23,2022-09-01,Leicester,Manchester United,H,C Pawson,0.0,1.0,0.0,1.0,10.0,9.0,2.0,2.0,7.0,15.0,1.0,3.0,1.0,3.0,0.0,0.0,,,0,L
8e2cbdcca7bb19fcba61,2022-23,2022-09-01,Manchester United,Leicester,A,C Pawson,1.0,0.0,1.0,0.0,9.0,10.0,2.0,2.0,15.0,7.0,3.0,1.0,3.0,1.0,0.0,0.0,,,3,W
18f91f5030354cc2cad0,2022-23,2022-09-03,Everton,Liverpool,H,A Taylor,0.0,0.0,0.0,0.0,14.0,23.0,3.0,8.0,7.0,11.0,7.0,9.0,2.0,2.0,0.0,0.0,,,1,D
18f91f5030354cc2cad0,2022-23,2022-09-03,Liverpool,Everton,A,A Taylor,0.0,0.0,0.0,0.0,23.0,14.0,8.0,3.0,11.0,7.0,9.0,7.0,2.0,2.0,0.0,0.0,,,1,D
74de37cbabd626103ee3,2022-23,2022-09-03,Brentford,Leeds,H,R Jones,5.0,2.0,2.0,1.0,14.0,17.0,8.0,6.0,8.0,9.0,2.0,6.0,2.0,2.0,0.0,0.0,,,3,W
74de37cbabd626103ee3,2022-23,2022-09-03,Leeds,Brentford,A,R Jones,2.0,5.0,1.0,2.0,17.0,14.0,6.0,8.0,9.0,8.0,6.0,2.0,2.0,2.0,0.0,0.0,,,0,L
6c610058ce247a88f5ef,2022-23,2022-09-03,Chelsea,West Ham United,H,A Madley,2.0,1.0,0.0,0.0,8.0,6.0,3.0,3.0,6.0,11.0,10.0,3.0,4.0,2.0,0.0,0.0,,,3,W
6c610058ce247a88f5ef,2022-23,2022-09-03,West Ham United,Chelsea,A,A Madley,1.0,2.0,0.0,0.0,6.0,8.0,3.0,3.0,11.0,6.0,3.0,10.0,2.0,4.0,0.0,0.0,,,0,L
f52d8cc047fbd29ef11a,2022-23,2022-09-03,Newcastle United,Crystal Palace,H,M Salisbury,0.0,0.0,0.0,0.0,23.0,19.0,6.0,9.0,19.0,12.0,13.0,5.0,2.0,1.0,0.0,0.0,,,1,D
f52d8cc047fbd29ef11a,2022-23,2022-09-03,Crystal Palace,Newcastle United,A,M Salisbury,0.0,0.0,0.0,0.0,19.0,23.0,9.0,6.0,12.0,19.0,5.0,13.0,1.0,2.0,0.0,0.0,,,1,D
8e2498c407cf07be677e,2022-23,2022-09-03,Nottingham Forest,Bournemouth,H,M Oliver,2.0,3.0,2.0,0.0,11.0,8.0,3.0,3.0,13.0,10.0,4.0,6.0,2.0,1.0,0.0,0.0,,,0,L
8e2498c407cf07be677e,2022-23,2022-09-03,Bournemouth,Nottingham Forest,A,M Oliver,3.0,2.0,0.0,2.0,8.0,11.0,3.0,3.0,10.0,13.0,6.0,4.0,1.0,2.0,0.0,0.0,,,3,W
b9c2ebf9fae0268d9e05,2022-23,2022-09-03,Tottenham,Fulham,H,S Attwell,2.0,1.0,1.0,0.0,23.0,9.0,10.0,3.0,9.0,6.0,10.0,3.0,3.0,4.0,0.0,0.0,,,3,W
b9c2ebf9fae0268d9e05,2022-23,2022-09-03,Fulham,Tottenham,A,S Attwell,1.0,2.0,0.0,1.0,9.0,23.0,3.0,10.0,6.0,9.0,3.0,10.0,4.0,3.0,0.0,0.0,,,0,L
a03f28b39c87e2f38bbc,2022-23,2022-09-03,Wolverhampton Wanderers,Southampton,H,J Brooks,1.0,0.0,1.0,0.0,7.0,12.0,2.0,1.0,10.0,14.0,5.0,6.0,4.0,2.0,0.0,0.0,,,3,W
a03f28b39c87e2f38bbc,2022-23,2022-09-03,Southampton,Wolverhampton Wanderers,A,J Brooks,0.0,1.0,0.0,1.0,12.0,7.0,1.0,2.0,14.0,10.0,6.0,5.0,2.0,4.0,0.0,0.0,,,0,L
30dc9b9e7f6980246208,2022-23,2022-09-03,Aston Villa,Manchester City,H,S Hooper,1.0,1.0,0.0,0.0,3.0,13.0,1.0,4.0,7.0,6.0,1.0,4.0,2.0,0.0,0.0,0.0,,,1,D
30dc9b9e7f6980246208,2022-23,2022-09-03,Manchester City,Aston Villa,A,S Hooper,1.0,1.0,0.0,0.0,13.0,3.0,4.0,1.0,6.0,7.0,4.0,1.0,0.0,2.0,0.0,0.0,,,1,D
ac6a758eb258d3819767,2022-23,2022-09-04,Brighton & Hove Albion,Leicester,H,T Harrington,5.0,2.0,2.0,2.0,23.0,6.0,11.0,4.0,6.0,8.0,10.0,1.0,1.0,1.0,0.0,0.0,,,3,W
ac6a758eb258d3819767,2022-23,2022-09-04,Leicester,Brighton & Hove Albion,A,T Harrington,2.0,5.0,2.0,2.0,6.0,23.0,4.0,11.0,8.0,6.0,1.0,10.0,1.0,1.0,0.0,0.0,,,0,L
d976757611ea64e4b3f1,2022-23,2022-09-04,Manchester United,Arsenal,H,P Tierney,3.0,1.0,1.0,0.0,10.0,16.0,6.0,3.0,13.0,9.0,2.0,5.0,3.0,3.0,0.0,0.0,,,3,W
d976757611ea64e4b3f1,2022-23,2022-09-04,Arsenal,Manchester United,A,P Tierney,1.0,3.0,0.0,1.0,16.0,10.0,3.0,6.0,9.0,13.0,5.0,2.0,3.0,3.0,0.0,0.0,,,0,L
7e848d18b9a3232e5f3c,2022-23,2022-09-16,Aston Villa,Southampton,H,T Harrington,1.0,0.0,1.0,0.0,11.0,7.0,3.0,1.0,13.0,13.0,6.0,3.0,3.0,1.0,0.0,0.0,,,3,W
7e848d18b9a3232e5f3c,2022-23,2022-09-16,Southampton,Aston Villa,A,T Harrington,0.0,1.0,0.0,1.0,7.0,11.0,1.0,3.0,13.0,13.0,3.0,6.0,1.0,3.0,0.0,0.0,,,0,L
aba450c1c73b8cb4a412,2022-23,2022-09-16,Nottingham Forest,Fulham,H,J Gillett,2.0,3.0,1.0,0.0,11.0,15.0,3.0,7.0,11.0,10.0,2.0,10.0,2.0,4.0,0.0,0.0,,,0,L
aba450c1c73b8cb4a412,2022-23,2022-09-16,Fulham,Nottingham Forest,A,J Gillett,3.0,2.0,0.0,1.0,15.0,11.0,7.0,3.0,10.0,11.0,10.0,2.0,4.0,2.0,0.0,0.0,,,3,W
90a09998cc14cb7abfc9,2022-23,2022-09-17,Wolverhampton Wanderers,Manchester City,H,A Taylor,0.0,3.0,0.0,2.0,6.0,16.0,1.0,7.0,7.0,9.0,5.0,7.0,2.0,1.0,1.0,0.0,,,0,L
90a09998cc14cb7abfc9,2022-23,2022-09-17,Manchester City,Wolverhampton Wanderers,A,A Taylor,3.0,0.0,2.0,0.0,16.0,6.0,7.0,1.0,9.0,7.0,7.0,5.0,1.0,2.0,0.0,1.0,,,3,W
6d99aecde41d477cf05b,2022-23,2022-09-17,Newcastle United,Bournemouth,H,C Pawson,1.0,1.0,0.0,0.0,20.0,10.0,7.0,3.0,10.0,11.0,8.0,1.0,2.0,2.0,0.0,0.0,,,1,D
6d99aecde41d477cf05b,2022-23,2022-09-17,Bournemouth,Newcastle United,A,C Pawson,1.0,1.0,0.0,0.0,10.0,20.0,3.0,7.0,11.0,10.0,1.0,8.0,2.0,2.0,0.0,0.0,,,1,D
b669c6b3514535b505f2,2022-23,2022-09-17,Tottenham,Leicester,H,S Hooper,6.0,2.0,2.0,2.0,16.0,19.0,11.0,7.0,9.0,9.0,6.0,1.0,1.0,2.0,0.0,0.0,,,3,W
b669c6b3514535b505f2,2022-23,2022-09-17,Leicester,Tottenham,A,S Hooper,2.0,6.0,2.0,2.0,19.0,16.0,7.0,11.0,9.0,9.0,1.0,6.0,2.0,1.0,0.0,0.0,,,0,L
c081c39d0fa21ad30f77,2022-23,2022-09-18,Brentford,Arsenal,H,D Coote,0.0,3.0,0.0,2.0,5.0,13.0,2.0,7.0,10.0,10.0,3.0,3.0,0.0,2.0,0.0,0.0,,,0,L
c081c39d0fa21ad30f77,2022-23,2022-09-18,Arsenal,Brentford,A,D Coote,3.0,0.0,2.0,0.0,13.0,5.0,7.0,2.0,10.0,10.0,3.0,3.0,2.0,0.0,0.0,0.0,,,3,W
da401fbb3071289bcdea,2022-23,2022-09-18,Everton,West Ham United,H,M Oliver,1.0,0.0,0.0,0.0,7.0,14.0,2.0,4.0,8.0,11.0,5.0,14.0,3.0,1.0,0.0,0.0,,,3,W
da401fbb3071289bcdea,2022-23,2022-09-18,West Ham United,Everton,A,M Oliver,0.0,1.0,0.0,0.0,14.0,7.0,4.0,2.0,11.0,8.0,14.0,5.0,1.0,3.0,0.0,0.0,,,0,L
610b0db09213c511285b,2022-23,2022-10-01,Arsenal,Tottenham,H,A Taylor,3.0,1.0,1.0,1.0,22.0,7.0,9.0,3.0,10.0,10.0,5.0,2.0,2.0,1.0,0.0,1.0,,,3,W
610b0db09213c511285b,2022-23,2022-10-01,Tottenham,Arsenal,A,A Taylor,1.0,3.0,1.0,1.0,7.0,22.0,3.0,9.0,10.0,10.0,2.0,5.0,1.0,2.0,1.0,0.0,,,0,L
8e875663fb5882e8c541,2022-23,2022-10-01,Bournemouth,Brentford,H,T Bramall,0.0,0.0,0.0,0.0,7.0,13.0,1.0,4.0,11.0,10.0,7.0,8.0,1.0,2.0,0.0,0.0,,,1,D
8e875663fb5882e8c541,2022-23,2022-10-01,Brentford,Bournemouth,A,T Bramall,0.0,0.0,0.0,0.0,13.0,7.0,4.0,1.0,10.0,11.0,8.0,7.0,2.0,1.0,0.0,0.0,,,1,D
1a9185b3f9f23028bd4b,2022-23,2022-10-01,Crystal Palace,Chelsea,H,C Kavanagh,1.0,2.0,1.0,1.0,7.0,13.0,3.0,3.0,11.0,13.0,5.0,2.0,1.0,3.0,0.0,0.0,,,0,L
1a9185b3f9f23028bd4b,2022-23,2022-10-01,Chelsea,Crystal Palace,A,C Kavanagh,2.0,1.0,1.0,1.0,13.0,7.0,3.0,3.0,13.0,11.0,2.0,5.0,3.0,1.0,0.0,0.0,,,3,W
2622354837b581f164f8,2022-23,2022-10-01,Fulham,Newcastle United,H,D England,1.0,4.0,0.0,3.0,3.0,19.0,1.0,10.0,9.0,10.0,1.0,8.0,2.0,0.0,1.0,0.0,,,0,L
2622354837b581f164f8,2022-23,2022-10-01,Newcastle United,Fulham,A,D England,4.0,1.0,3.0,0.0,19.0,3.0,10.0,1.0,10.0,9.0,8.0,1.0,0.0,2.0,0.0,1.0,,,3,W
9796b4940cbffcd524d3,2022-23,2022-10-01,Liverpool,Brighton & Hove Albion,H,A Madley,3.0,3.0,1.0,2.0,15.0,6.0,7.0,6.0,9.0,13.0,9.0,2.0,1.0,1.0,0.0,0.0,,,1,D
9796b4940cbffcd524d3,2022-23,2022-10-01,Brighton & Hove Albion,Liverpool,A,A Madley,3.0,3.0,2.0,1.0,6.0,15.0,6.0,7.0,13.0,9.0,2.0,9.0,1.0,1.0,0.0,0.0,,,1,D
c458b0d5f6b6d94d54b2,2022-23,2022-10-01,Southampton,Everton,H,A Marriner,1.0,2.0,0.0,0.0,22.0,12.0,6.0,5.0,11.0,10.0,7.0,6.0,2.0,2.0,0.0,0.0,,,0,L
c458b0d5f6b6d94d54b2,2022-23,2022-10-01,Everton,Southampton,A,A Marriner,2.0,1.0,0.0,0.0,12.0,22.0,5.0,6.0,10.0,11.0,6.0,7.0,2.0,2.0,0.0,0.0,,,3,W
4e672756522a55a725b0,2022-23,2022-10-01,West Ham United,Wolverhampton Wanderers,H,P Tierney,2.0,0.0,1.0,0.0,18.0,15.0,5.0,4.0,8.0,6.0,1.0,6.0,2.0,2.0,0.0,0.0,,,3,W
4e672756522a55a725b0,2022-23,2022-10-01,Wolverhampton Wanderers,West Ham United,A,P Tierney,0.0,2.0,0.0,1.0,15.0,18.0,4.0,5.0,6.0,8.0,6.0,1.0,2.0,2.0,0.0,0.0,,,0,L
993b4b278a3c976236b5,2022-23,2022-10-02,Manchester City,Manchester United,H,M Oliver,6.0,3.0,4.0,0.0,22.0,12.0,10.0,8.0,3.0,9.0,5.0,1.0,0.0,3.0,0.0,0.0,,,3,W
993b4b278a3c976236b5,2022-23,2022-10-02,Manchester United,Manchester City,A,M Oliver,3.0,6.0,0.0,4.0,12.0,22.0,8.0,10.0,9.0,3.0,1.0,5.0,3.0,0.0,0.0,0.0,,,0,L
73c77a595e618a5e63e7,2022-23,2022-10-02,Leeds,Aston Villa,H,S Attwell,0.0,0.0,0.0,0.0,9.0,19.0,1.0,7.0,23.0,12.0,2.0,9.0,3.0,2.0,1.0,0.0,,,1,D
73c77a595e618a5e63e7,2022-23,2022-10-02,Aston Villa,Leeds,A,S Attwell,0.0,0.0,0.0,0.0,19.0,9.0,7.0,1.0,12.0,23.0,9.0,2.0,2.0,3.0,0.0,1.0,,,1,D
6393ab8792900465552a,2022-23,2022-10-03,Leicester,Nottingham Forest,H,R Jones,4.0,0.0,3.0,0.0,17.0,10.0,7.0,3.0,13.0,12.0,6.0,6.0,2.0,4.0,0.0,0.0,,,3,W
6393ab8792900465552a,2022-23,2022-10-03,Nottingham Forest,Leicester,A,R Jones,0.0,4.0,0.0,3.0,10.0,17.0,3.0,7.0,12.0,13.0,6.0,6.0,4.0,2.0,0.0,0.0,,,0,L
e9ebf963eb7a3b22fe20,2022-23,2022-10-08,Bournemouth,Leicester,H,M Salisbury,2.0,1.0,0.0,1.0,10.0,9.0,4.0,5.0,8.0,16.0,7.0,2.0,1.0,2.0,0.0,0.0,,,3,W
e9ebf963eb7a3b22fe20,2022-23,2022-10-08,Leicester,Bournemouth,A,M Salisbury,1.0,2.0,1.0,0.0,9.0,10.0,5.0,4.0,16.0,8.0,2.0,7.0,2.0,1.0,0.0,0.0,,,0,L
763e46622f20c97aec8b,2022-23,2022-10-08,Chelsea,Wolverhampton Wanderers,H,S Hooper,3.0,0.0,1.0,0.0,20.0,8.0,7.0,2.0,8.0,8.0,4.0,2.0,2.0,0.0,0.0,0.0,,,3,W
763e46622f20c97aec8b,2022-23,2022-10-08,Wolverhampton Wanderers,Chelsea,A,S Hooper,0.0,3.0,0.0,1.0,8.0,20.0,2.0,7.0,8.0,8.0,2.0,4.0,0.0,2.0,0.0,0.0,,,0,L
c1988c6a59219076ac7b,2022-23,2022-10-08,Manchester City,Southampton,H,A Madley,4.0,0.0,2.0,0.0,21.0,5.0,8.0,0.0,4.0,8.0,9.0,1.0,0.0,1.0,0.0,0.0,,,3,W
c1988c6a59219076ac7b,2022-23,2022-10-08,Southampton,Manchester City,A,A Madley,0.0,4.0,0.0,2.0,5.0,21.0,0.0,8.0,8.0,4.0,1.0,9.0,1.0,0.0,0.0,0.0,,,0,L
feb01c765a89969ffb90,2022-23,2022-10-08,Newcastle United,Brentford,H,J Brooks,5.0,1.0,2.0,0.0,16.0,6.0,6.0,3.0,14.0,9.0,9.0,5.0,0.0,1.0,0.0,0.0,,,3,W
feb01c765a89969ffb90,2022-23,2022-10-08,Brentford,Newcastle United,A,J Brooks,1.0,5.0,0.0,2.0,6.0,16.0,3.0,6.0,9.0,14.0,5.0,9.0,1.0,0.0,0.0,0.0,,,0,L
f84341928b66f43c2618,2022-23,2022-10-08,Brighton & Hove Albion,Tottenham,H,T Harrington,0.0,1.0,0.0,1.0,14.0,8.0,4.0,3.0,9.0,14.0,6.0,2.0,1.0,2.0,0.0,0.0,,,0,L
f84341928b66f43c2618,2022-23,2022-10-08,Tottenham,Brighton & Hove Albion,A,T Harrington,1.0,0.0,1.0,0.0,8.0,14.0,3.0,4.0,14.0,9.0,2.0,6.0,2.0,1.0,0.0,0.0,,,3,W
2d2200e3e9ce873b51a9,2022-23,2022-10-09,Crystal Palace,Leeds,H,P Tierney,2.0,1.0,1.0,1.0,13.0,10.0,5.0,4.0,13.0,23.0,5.0,3.0,3.0,3.0,0.0,0.0,,,3,W
2d2200e3e9ce873b51a9,2022-23,2022-10-09,Leeds,Crystal Palace,A,P Tierney,1.0,2.0,1.0,1.0,10.0,13.0,4.0,5.0,23.0,13.0,3.0,5.0,3.0,3.0,0.0,0.0,,,0,L
4ebc5cb839e2885b7818,2022-23,2022-10-09,West Ham United,Fulham,H,C Kavanagh,3.0,1.0,1.0,1.0,17.0,8.0,8.0,2.0,9.0,7.0,4.0,2.0,1.0,3.0,0.0,0.0,,,3,W
4ebc5cb839e2885b7818,2022-23,2022-10-09,Fulham,West Ham United,A,C Kavanagh,1.0,3.0,1.0,1.0,8.0,17.0,2.0,8.0,7.0,9.0,2.0,4.0,3.0,1.0,0.0,0.0,,,0,L
fcd1bb6e5784d419d314,2022-23,2022-10-09,Arsenal,Liverpool,H,M Oliver,3.0,2.0,2.0,1.0,11.0,8.0,7.0,3.0,11.0,11.0,4.0,3.0,1.0,2.0,0.0,0.0,,,3,W
fcd1bb6e5784d419d314,2022-23,2022-10-09,Liverpool,Arsenal,A,M Oliver,2.0,3.0,1.0,2.0,8.0,11.0,3.0,7.0,11.0,11.0,3.0,4.0,2.0,1.0,0.0,0.0,,,0,L
cea1c23b9ea3346e5e2e,2022-23,2022-10-09,Everton,Manchester United,H,D Coote,1.0,2.0,1.0,2.0,11.0,12.0,2.0,4.0,7.0,13.0,5.0,4.0,2.0,1.0,0.0,0.0,,,0,L
cea1c23b9ea3346e5e2e,2022-23,2022-10-09,Manchester United,Everton,A,D Coote,2.0,1.0,2.0,1.0,12.0,11.0,4.0,2.0,13.0,7.0,4.0,5.0,1.0,2.0,0.0,0.0,,,3,W
c0f89a2a40c6a6587320,2022-23,2022-10-10,Nottingham Forest,Aston Villa,H,A Taylor,1.0,1.0,1.0,1.0,6.0,12.0,3.0,2.0,13.0,19.0,1.0,4.0,3.0,3.0,0.0,0.0,,,1,D
c0f89a2a40c6a6587320,2022-23,2022-10-10,Aston Villa,Nottingham Forest,A,A Taylor,1.0,1.0,1.0,1.0,12.0,6.0,2.0,3.0,19.0,13.0,4.0,1.0,3.0,3.0,0.0,0.0,,,1,D
9f72f666b40755b4d1de,2022-23,2022-10-14,Brentford,Brighton & Hove Albion,H,M Salisbury,2.0,0.0,1.0,0.0,7.0,21.0,3.0,7.0,12.0,15.0,2.0,11.0,3.0,1.0,0.0,0.0,,,3,W
9f72f666b40755b4d1de,2022-23,2022-10-14,Brighton & Hove Albion,Brentford,A,M Salisbury,0.0,2.0,0.0,1.0,21.0,7.0,7.0,3.0,15.0,12.0,11.0,2.0,1.0,3.0,0.0,0.0,,,0,L
13d437617b1067ffb1c2,2022-23,2022-10-15,Leicester,Crystal Palace,H,A Madley,0.0,0.0,0.0,0.0,14.0,8.0,5.0,1.0,18.0,13.0,9.0,2.0,2.0,2.0,0.0,0.0,,,1,D
13d437617b1067ffb1c2,2022-23,2022-10-15,Crystal Palace,Leicester,A,A Madley,0.0,0.0,0.0,0.0,8.0,14.0,1.0,5.0,13.0,18.0,2.0,9.0,2.0,2.0,0.0,0.0,,,1,D
c07366a6a21438bc1cca,2022-23,2022-10-15,Fulham,Bournemouth,H,G Scott,2.0,2.0,1.0,2.0,19.0,10.0,4.0,6.0,9.0,11.0,5.0,6.0,2.0,0.0,0.0,0.0,,,1,D
c07366a6a21438bc1cca,2022-23,2022-10-15,Bournemouth,Fulham,A,G Scott,2.0,2.0,2.0,1.0,10.0,19.0,6.0,4.0,11.0,9.0,6.0,5.0,0.0,2.0,0.0,0.0,,,1,D
0c292f968381c62af736,2022-23,2022-10-15,Wolverhampton Wanderers,Nottingham Forest,H,T Bramall,1.0,0.0,0.0,0.0,9.0,10.0,2.0,2.0,17.0,13.0,4.0,5.0,2.0,2.0,0.0,0.0,,,3,W
0c292f968381c62af736,2022-23,2022-10-15,Nottingham Forest,Wolverhampton Wanderers,A,T Bramall,0.0,1.0,0.0,0.0,10.0,9.0,2.0,2.0,13.0,17.0,5.0,4.0,2.0,2.0,0.0,0.0,,,0,L
d30402bfc2e7d4b8cba9,2022-23,2022-10-15,Tottenham,Everton,H,P Tierney,2.0,0.0,0.0,0.0,21.0,4.0,7.0,0.0,12.0,13.0,7.0,1.0,1.0,4.0,0.0,0.0,,,3,W
d30402bfc2e7d4b8cba9,2022-23,2022-10-15,Everton,Tottenham,A,P Tierney,0.0,2.0,0.0,0.0,4.0,21.0,0.0,7.0,13.0,12.0,1.0,7.0,4.0,1.0,0.0,0.0,,,0,L
39516139c2cd6825bea3,2022-23,2022-10-16,Aston Villa,Chelsea,H,R Jones,0.0,2.0,0.0,1.0,18.0,8.0,7.0,4.0,12.0,11.0,7.0,1.0,0.0,3.0,0.0,0.0,,,0,L
39516139c2cd6825bea3,2022-23,2022-10-16,Chelsea,Aston Villa,A,R Jones,2.0,0.0,1.0,0.0,8.0,18.0,4.0,7.0,11.0,12.0,1.0,7.0,3.0,0.0,0.0,0.0,,,3,W
fab0b517e57658c6ae8c,2022-23,2022-10-16,Leeds,Arsenal,H,C Kavanagh,0.0,1.0,0.0,1.0,16.0,9.0,4.0,4.0,10.0,11.0,6.0,3.0,0.0,2.0,0.0,0.0,,,0,L
fab0b517e57658c6ae8c,2022-23,2022-10-16,Arsenal,Leeds,A,C Kavanagh,1.0,0.0,1.0,0.0,9.0,16.0,4.0,4.0,11.0,10.0,3.0,6.0,2.0,0.0,0.0,0.0,,,3,W
25398e71b525bef70438,2022-23,2022-10-16,Manchester United,Newcastle United,H,C Pawson,0.0,0.0,0.0,0.0,15.0,9.0,2.0,2.0,13.0,11.0,4.0,4.0,3.0,1.0,0.0,0.0,,,1,D
25398e71b525bef70438,2022-23,2022-10-16,Newcastle United,Manchester United,A,C Pawson,0.0,0.0,0.0,0.0,9.0,15.0,2.0,2.0,11.0,13.0,4.0,4.0,1.0,3.0,0.0,0.0,,,1,D
182e91cc778d40f2950b,2022-23,2022-10-16,Southampton,West Ham United,H,P Bankes,1.0,1.0,1.0,0.0,10.0,25.0,8.0,4.0,7.0,3.0,4.0,14.0,1.0,1.0,0.0,0.0,,,1,D
182e91cc778d40f2950b,2022-23,2022-10-16,West Ham United,Southampton,A,P Bankes,1.0,1.0,0.0,1.0,25.0,10.0,4.0,8.0,3.0,7.0,14.0,4.0,1.0,1.0,0.0,0.0,,,1,D
5ccc4988e5246ab2fdf3,2022-23,2022-10-16,Liverpool,Manchester City,H,A Taylor,1.0,0.0,0.0,0.0,13.0,16.0,2.0,6.0,10.0,7.0,5.0,6.0,3.0,1.0,0.0,0.0,,,3,W
5ccc4988e5246ab2fdf3,2022-23,2022-10-16,Manchester City,Liverpool,A,A Taylor,0.0,1.0,0.0,0.0,16.0,13.0,6.0,2.0,7.0,10.0,6.0,5.0,1.0,3.0,0.0,0.0,,,0,L
07c6d90ed34538d90d2c,2022-23,2022-10-18,Brighton & Hove Albion,Nottingham Forest,H,D England,0.0,0.0,0.0,0.0,19.0,3.0,7.0,0.0,10.0,14.0,9.0,1.0,3.0,1.0,0.0,0.0,,,1,D
07c6d90ed34538d90d2c,2022-23,2022-10-18,Nottingham Forest,Brighton & Hove Albion,A,D England,0.0,0.0,0.0,0.0,3.0,19.0,0.0,7.0,14.0,10.0,1.0,9.0,1.0,3.0,0.0,0.0,,,1,D
91f69f222c3e2660817f,2022-23,2022-10-18,Crystal Palace,Wolverhampton Wanderers,H,D Coote,2.0,1.0,0.0,1.0,14.0,10.0,4.0,4.0,14.0,18.0,4.0,3.0,3.0,1.0,0.0,0.0,,,3,W
91f69f222c3e2660817f,2022-23,2022-10-18,Wolverhampton Wanderers,Crystal Palace,A,D Coote,1.0,2.0,1.0,0.0,10.0,14.0,4.0,4.0,18.0,14.0,3.0,4.0,1.0,3.0,0.0,0.0,,,0,L
cb3f7fc9e0b473d71044,2022-23,2022-10-19,Bournemouth,Southampton,H,J Brooks,0.0,1.0,0.0,1.0,15.0,9.0,3.0,3.0,8.0,13.0,7.0,3.0,1.0,3.0,0.0,0.0,,,0,L
cb3f7fc9e0b473d71044,2022-23,2022-10-19,Southampton,Bournemouth,A,J Brooks,1.0,0.0,1.0,0.0,9.0,15.0,3.0,3.0,13.0,8.0,3.0,7.0,3.0,1.0,0.0,0.0,,,3,W
8edc47c4b9cd4915821d,2022-23,2022-10-19,Brentford,Chelsea,H,J Gillett,0.0,0.0,0.0,0.0,8.0,14.0,5.0,5.0,7.0,7.0,6.0,2.0,0.0,0.0,0.0,0.0,,,1,D
8edc47c4b9cd4915821d,2022-23,2022-10-19,Chelsea,Brentford,A,J Gillett,0.0,0.0,0.0,0.0,14.0,8.0,5.0,5.0,7.0,7.0,2.0,6.0,0.0,0.0,0.0,0.0,,,1,D
2b4b603552f6b764b5d0,2022-23,2022-10-19,Liverpool,West Ham United,H,S Attwell,1.0,0.0,1.0,0.0,22.0,8.0,7.0,3.0,9.0,8.0,8.0,3.0,0.0,0.0,0.0,0.0,,,3,W
2b4b603552f6b764b5d0,2022-23,2022-10-19,West Ham United,Liverpool,A,S Attwell,0.0,1.0,0.0,1.0,8.0,22.0,3.0,7.0,8.0,9.0,3.0,8.0,0.0,0.0,0.0,0.0,,,0,L
fa6737bde4f9e7b793e0,2022-23,2022-10-19,Newcastle United,Everton,H,T Harrington,1.0,0.0,1.0,0.0,16.0,1.0,4.0,0.0,9.0,12.0,8.0,2.0,2.0,4.0,0.0,0.0,,,3,W
fa6737bde4f9e7b793e0,2022-23,2022-10-19,Everton,Newcastle United,A,T Harrington,0.0,1.0,0.0,1.0,1.0,16.0,0.0,4.0,12.0,9.0,2.0,8.0,4.0,2.0,0.0,0.0,,,0,L
421c7ecfc83a1e48901d,2022-23,2022-10-19,Manchester United,Tottenham,H,S Hooper,2.0,0.0,0.0,0.0,28.0,9.0,10.0,2.0,7.0,7.0,8.0,3.0,1.0,0.0,0.0,0.0,,,3,W
421c7ecfc83a1e48901d,2022-23,2022-10-19,Tottenham,Manchester United,A,S Hooper,0.0,2.0,0.0,0.0,9.0,28.0,2.0,10.0,7.0,7.0,3.0,8.0,0.0,1.0,0.0,0.0,,,0,L
9d831fe3ccf2a7bb28e0,2022-23,2022-10-20,Fulham,Aston Villa,H,M Oliver,3.0,0.0,1.0,0.0,18.0,12.0,8.0,6.0,11.0,11.0,9.0,7.0,0.0,2.0,0.0,1.0,,,3,W
9d831fe3ccf2a7bb28e0,2022-23,2022-10-20,Aston Villa,Fulham,A,M Oliver,0.0,3.0,0.0,1.0,12.0,18.0,6.0,8.0,11.0,11.0,7.0,9.0,2.0,0.0,1.0,0.0,,,0,L
e23e7e3ac344adac8cda,2022-23,2022-10-20,Leicester,Leeds,H,P Bankes,2.0,0.0,2.0,0.0,5.0,14.0,1.0,2.0,15.0,11.0,2.0,9.0,2.0,1.0,0.0,0.0,,,3,W
e23e7e3ac344adac8cda,2022-23,2022-10-20,Leeds,Leicester,A,P Bankes,0.0,2.0,0.0,2.0,14.0,5.0,2.0,1.0,11.0,15.0,9.0,2.0,1.0,2.0,0.0,0.0,,,0,L
7b3a984786f115384fbe,2022-23,2022-10-22,Nottingham Forest,Liverpool,H,P Tierney,1.0,0.0,0.0,0.0,10.0,15.0,7.0,7.0,14.0,8.0,2.0,11.0,2.0,1.0,0.0,0.0,,,3,W
7b3a984786f115384fbe,2022-23,2022-10-22,Liverpool,Nottingham Forest,A,P Tierney,0.0,1.0,0.0,0.0,15.0,10.0,7.0,7.0,8.0,14.0,11.0,2.0,1.0,2.0,0.0,0.0,,,0,L
dfe88935dcbb0a59ea2f,2022-23,2022-10-22,Everton,Crystal Palace,H,S Hooper,3.0,0.0,1.0,0.0,9.0,9.0,6.0,2.0,16.0,14.0,3.0,4.0,3.0,4.0,0.0,0.0,,,3,W
dfe88935dcbb0a59ea2f,2022-23,2022-10-22,Crystal Palace,Everton,A,S Hooper,0.0,3.0,0.0,1.0,9.0,9.0,2.0,6.0,14.0,16.0,4.0,3.0,4.0,3.0,0.0,0.0,,,0,L
771d02a015862b098547,2022-23,2022-10-22,Manchester City,Brighton & Hove Albion,H,C Pawson,3.0,1.0,2.0,0.0,10.0,8.0,4.0,2.0,11.0,12.0,7.0,3.0,1.0,3.0,0.0,0.0,,,3,W
771d02a015862b098547,2022-23,2022-10-22,Brighton & Hove Albion,Manchester City,A,C Pawson,1.0,3.0,0.0,2.0,8.0,10.0,2.0,4.0,12.0,11.0,3.0,7.0,3.0,1.0,0.0,0.0,,,0,L
a8beb6e890f74936344b,2022-23,2022-10-22,Chelsea,Manchester United,H,S Attwell,1.0,1.0,0.0,0.0,6.0,13.0,2.0,6.0,8.0,10.0,6.0,4.0,1.0,4.0,0.0,0.0,,,1,D
a8beb6e890f74936344b,2022-23,2022-10-22,Manchester United,Chelsea,A,S Attwell,1.0,1.0,0.0,0.0,13.0,6.0,6.0,2.0,10.0,8.0,4.0,6.0,4.0,1.0,0.0,0.0,,,1,D
2c3ba50de257810a0589,2022-23,2022-10-23,Aston Villa,Brentford,H,D England,4.0,0.0,3.0,0.0,19.0,12.0,11.0,3.0,14.0,11.0,7.0,6.0,1.0,0.0,0.0,0.0,,,3,W
2c3ba50de257810a0589,2022-23,2022-10-23,Brentford,Aston Villa,A,D England,0.0,4.0,0.0,3.0,12.0,19.0,3.0,11.0,11.0,14.0,6.0,7.0,0.0,1.0,0.0,0.0,,,0,L
30b32e90991488551eb7,2022-23,2022-10-23,Leeds,Fulham,H,A Taylor,2.0,3.0,1.0,1.0,14.0,11.0,5.0,5.0,12.0,8.0,3.0,6.0,1.0,1.0,0.0,0.0,,,0,L
30b32e90991488551eb7,2022-23,2022-10-23,Fulham,Leeds,A,A Taylor,3.0,2.0,1.0,1.0,11.0,14.0,5.0,5.0,8.0,12.0,6.0,3.0,1.0,1.0,0.0,0.0,,,3,W
df1169519b5ac80f8121,2022-23,2022-10-23,Southampton,Arsenal,H,R Jones,1.0,1.0,0.0,1.0,10.0,12.0,3.0,3.0,11.0,8.0,9.0,4.0,2.0,1.0,0.0,0.0,,,1,D
df1169519b5ac80f8121,2022-23,2022-10-23,Arsenal,Southampton,A,R Jones,1.0,1.0,1.0,0.0,12.0,10.0,3.0,3.0,8.0,11.0,4.0,9.0,1.0,2.0,0.0,0.0,,,1,D
9aa2e2d88517c1c15e5a,2022-23,2022-10-23,Wolverhampton Wanderers,Leicester,H,M Oliver,0.0,4.0,0.0,2.0,21.0,5.0,5.0,4.0,10.0,13.0,9.0,2.0,2.0,1.0,0.0,0.0,,,0,L
9aa2e2d88517c1c15e5a,2022-23,2022-10-23,Leicester,Wolverhampton Wanderers,A,M Oliver,4.0,0.0,2.0,0.0,5.0,21.0,4.0,5.0,13.0,10.0,2.0,9.0,1.0,2.0,0.0,0.0,,,3,W
5910abf6768075869641,2022-23,2022-10-23,Tottenham,Newcastle United,H,J Gillett,1.0,2.0,0.0,2.0,17.0,13.0,5.0,5.0,12.0,6.0,6.0,7.0,4.0,2.0,0.0,0.0,,,0,L
5910abf6768075869641,2022-23,2022-10-23,Newcastle United,Tottenham,A,J Gillett,2.0,1.0,2.0,0.0,13.0,17.0,5.0,5.0,6.0,12.0,7.0,6.0,2.0,4.0,0.0,0.0,,,3,W
7e60f855a7ad1050573f,2022-23,2022-10-24,West Ham United,Bournemouth,H,D Coote,2.0,0.0,1.0,0.0,20.0,5.0,4.0,3.0,9.0,11.0,5.0,0.0,0.0,2.0,0.0,0.0,,,3,W
7e60f855a7ad1050573f,2022-23,2022-10-24,Bournemouth,West Ham United,A,D Coote,0.0,2.0,0.0,1.0,5.0,20.0,3.0,4.0,11.0,9.0,0.0,5.0,2.0,0.0,0.0,0.0,,,0,L
34715bc397bd2e0072d6,2022-23,2022-10-29,Leicester,Manchester City,H,R Jones,0.0,1.0,0.0,0.0,10.0,15.0,5.0,5.0,5.0,10.0,3.0,10.0,0.0,0.0,0.0,0.0,,,0,L
34715bc397bd2e0072d6,2022-23,2022-10-29,Manchester City,Leicester,A,R Jones,1.0,0.0,0.0,0.0,15.0,10.0,5.0,5.0,10.0,5.0,10.0,3.0,0.0,0.0,0.0,0.0,,,3,W
408ee1536c3a3bb3309c,2022-23,2022-10-29,Bournemouth,Tottenham,H,A Taylor,2.0,3.0,1.0,0.0,6.0,23.0,4.0,7.0,10.0,5.0,2.0,19.0,1.0,2.0,0.0,0.0,,,0,L
408ee1536c3a3bb3309c,2022-23,2022-10-29,Tottenham,Bournemouth,A,A Taylor,3.0,2.0,0.0,1.0,23.0,6.0,7.0,4.0,5.0,10.0,19.0,2.0,2.0,1.0,0.0,0.0,,,3,W
3c1da1711dba90a61cc9,2022-23,2022-10-29,Brentford,Wolverhampton Wanderers,H,R Madley,1.0,1.0,0.0,0.0,12.0,14.0,3.0,4.0,10.0,17.0,3.0,6.0,3.0,3.0,0.0,1.0,,,1,D
3c1da1711dba90a61cc9,2022-23,2022-10-29,Wolverhampton Wanderers,Brentford,A,R Madley,1.0,1.0,0.0,0.0,14.0,12.0,4.0,3.0,17.0,10.0,6.0,3.0,3.0,3.0,1.0,0.0,,,1,D
c9d88f5d1f95611acb51,2022-23,2022-10-29,Brighton & Hove Albion,Chelsea,H,A Madley,4.0,1.0,3.0,0.0,19.0,15.0,9.0,7.0,16.0,6.0,8.0,7.0,1.0,2.0,0.0,0.0,,,3,W
c9d88f5d1f95611acb51,2022-23,2022-10-29,Chelsea,Brighton & Hove Albion,A,A Madley,1.0,4.0,0.0,3.0,15.0,19.0,7.0,9.0,6.0,16.0,7.0,8.0,2.0,1.0,0.0,0.0,,,0,L
c22d3bd98749cb7cf404,2022-23,2022-10-29,Crystal Palace,Southampton,H,M Salisbury,1.0,0.0,1.0,0.0,12.0,14.0,3.0,4.0,13.0,12.0,8.0,4.0,3.0,3.0,0.0,0.0,,,3,W
c22d3bd98749cb7cf404,2022-23,2022-10-29,Southampton,Crystal Palace,A,M Salisbury,0.0,1.0,0.0,1.0,14.0,12.0,4.0,3.0,12.0,13.0,4.0,8.0,3.0,3.0,0.0,0.0,,,0,L
ad79d8039a6a8172d710,2022-23,2022-10-29,Newcastle United,Aston Villa,H,P Tierney,4.0,0.0,1.0,0.0,20.0,3.0,7.0,0.0,11.0,11.0,3.0,0.0,1.0,1.0,0.0,0.0,,,3,W
ad79d8039a6a8172d710,2022-23,2022-10-29,Aston Villa,Newcastle United,A,P Tierney,0.0,4.0,0.0,1.0,3.0,20.0,0.0,7.0,11.0,11.0,0.0,3.0,1.0,1.0,0.0,0.0,,,0,L
63b5113e1b6d496bbbc5,2022-23,2022-10-29,Fulham,Everton,H,J Brooks,0.0,0.0,0.0,0.0,24.0,9.0,6.0,4.0,10.0,8.0,13.0,4.0,2.0,1.0,0.0,0.0,,,1,D
63b5113e1b6d496bbbc5,2022-23,2022-10-29,Everton,Fulham,A,J Brooks,0.0,0.0,0.0,0.0,9.0,24.0,4.0,6.0,8.0,10.0,4.0,13.0,1.0,2.0,0.0,0.0,,,1,D
e96eaecfb14a783ab7b3,2022-23,2022-10-29,Liverpool,Leeds,H,M Oliver,1.0,2.0,1.0,1.0,22.0,14.0,10.0,6.0,9.0,3.0,14.0,5.0,0.0,1.0,0.0,0.0,,,0,L
e96eaecfb14a783ab7b3,2022-23,2022-10-29,Leeds,Liverpool,A,M Oliver,2.0,1.0,1.0,1.0,14.0,22.0,6.0,10.0,3.0,9.0,5.0,14.0,1.0,0.0,0.0,0.0,,,3,W
bb71f16e3cc659cfeb23,2022-23,2022-10-30,Arsenal,Nottingham Forest,H,S Hooper,5.0,0.0,1.0,0.0,24.0,5.0,10.0,2.0,9.0,8.0,9.0,4.0,0.0,1.0,0.0,0.0,,,3,W
bb71f16e3cc659cfeb23,2022-23,2022-10-30,Nottingham Forest,Arsenal,A,S Hooper,0.0,5.0,0.0,1.0,5.0,24.0,2.0,10.0,8.0,9.0,4.0,9.0,1.0,0.0,0.0,0.0,,,0,L
6639279e7625ef27e2de,2022-23,2022-10-30,Manchester United,West Ham United,H,C Kavanagh,1.0,0.0,1.0,0.0,16.0,13.0,3.0,5.0,12.0,10.0,5.0,10.0,1.0,3.0,0.0,0.0,,,3,W
6639279e7625ef27e2de,2022-23,2022-10-30,West Ham United,Manchester United,A,C Kavanagh,0.0,1.0,0.0,1.0,13.0,16.0,5.0,3.0,10.0,12.0,10.0,5.0,3.0,1.0,0.0,0.0,,,0,L
cdeb45cc9a5de0e00d5d,2022-23,2022-11-05,Leeds,Bournemouth,H,T Harrington,4.0,3.0,1.0,2.0,18.0,9.0,4.0,6.0,16.0,10.0,13.0,3.0,2.0,2.0,0.0,0.0,,,3,W
cdeb45cc9a5de0e00d5d,2022-23,2022-11-05,Bournemouth,Leeds,A,T Harrington,3.0,4.0,2.0,1.0,9.0,18.0,6.0,4.0,10.0,16.0,3.0,13.0,2.0,2.0,0.0,0.0,,,0,L
48d1db9bd19ff7b75ec5,2022-23,2022-11-05,Manchester City,Fulham,H,D England,2.0,1.0,1.0,1.0,16.0,4.0,5.0,2.0,6.0,11.0,9.0,0.0,2.0,4.0,1.0,0.0,,,3,W
48d1db9bd19ff7b75ec5,2022-23,2022-11-05,Fulham,Manchester City,A,D England,1.0,2.0,1.0,1.0,4.0,16.0,2.0,5.0,11.0,6.0,0.0,9.0,4.0,2.0,0.0,1.0,,,0,L
edd59e3f55b076e6b392,2022-23,2022-11-05,Nottingham Forest,Brentford,H,A Marriner,2.0,2.0,1.0,1.0,15.0,6.0,7.0,2.0,10.0,11.0,3.0,3.0,2.0,2.0,0.0,0.0,,,1,D
edd59e3f55b076e6b392,2022-23,2022-11-05,Brentford,Nottingham Forest,A,A Marriner,2.0,2.0,1.0,1.0,6.0,15.0,2.0,7.0,11.0,10.0,3.0,3.0,2.0,2.0,0.0,0.0,,,1,D
c8c5895277306343308c,2022-23,2022-11-05,Wolverhampton Wanderers,Brighton & Hove Albion,H,G Scott,2.0,3.0,2.0,2.0,8.0,19.0,5.0,8.0,15.0,11.0,4.0,9.0,2.0,0.0,1.0,0.0,,,0,L
c8c5895277306343308c,2022-23,2022-11-05,Brighton & Hove Albion,Wolverhampton Wanderers,A,G Scott,3.0,2.0,2.0,2.0,19.0,8.0,8.0,5.0,11.0,15.0,9.0,4.0,0.0,2.0,0.0,1.0,,,3,W
8460120e433ed11af4ab,2022-23,2022-11-05,Everton,Leicester,H,D Coote,0.0,2.0,0.0,1.0,12.0,22.0,2.0,8.0,9.0,5.0,8.0,3.0,0.0,0.0,0.0,0.0,,,0,L
8460120e433ed11af4ab,2022-23,2022-11-05,Leicester,Everton,A,D Coote,2.0,0.0,1.0,0.0,22.0,12.0,8.0,2.0,5.0,9.0,3.0,8.0,0.0,0.0,0.0,0.0,,,3,W
5b154787bd91f9fe72e7,2022-23,2022-11-06,Chelsea,Arsenal,H,M Oliver,0.0,1.0,0.0,0.0,5.0,14.0,1.0,2.0,20.0,13.0,4.0,6.0,5.0,2.0,0.0,0.0,,,0,L
5b154787bd91f9fe72e7,2022-23,2022-11-06,Arsenal,Chelsea,A,M Oliver,1.0,0.0,0.0,0.0,14.0,5.0,2.0,1.0,13.0,20.0,6.0,4.0,2.0,5.0,0.0,0.0,,,3,W
24b48de736f2770e347a,2022-23,2022-11-06,Aston Villa,Manchester United,H,A Taylor,3.0,1.0,2.0,1.0,6.0,8.0,4.0,3.0,6.0,12.0,3.0,5.0,3.0,3.0,0.0,0.0,,,3,W
24b48de736f2770e347a,2022-23,2022-11-06,Manchester United,Aston Villa,A,A Taylor,1.0,3.0,1.0,2.0,8.0,6.0,3.0,4.0,12.0,6.0,5.0,3.0,3.0,3.0,0.0,0.0,,,0,L
f6f84d20c8e062670ee5,2022-23,2022-11-06,Southampton,Newcastle United,H,S Attwell,1.0,4.0,0.0,1.0,16.0,7.0,5.0,4.0,7.0,10.0,8.0,2.0,1.0,0.0,0.0,0.0,,,0,L
f6f84d20c8e062670ee5,2022-23,2022-11-06,Newcastle United,Southampton,A,S Attwell,4.0,1.0,1.0,0.0,7.0,16.0,4.0,5.0,10.0,7.0,2.0,8.0,0.0,1.0,0.0,0.0,,,3,W
b3c2b52de3a698522dee,2022-23,2022-11-06,West Ham United,Crystal Palace,H,P Tierney,1.0,2.0,1.0,1.0,5.0,15.0,2.0,6.0,10.0,7.0,2.0,5.0,1.0,1.0,0.0,0.0,,,0,L
b3c2b52de3a698522dee,2022-23,2022-11-06,Crystal Palace,West Ham United,A,P Tierney,2.0,1.0,1.0,1.0,15.0,5.0,6.0,2.0,7.0,10.0,5.0,2.0,1.0,1.0,0.0,0.0,,,3,W
71aa20108552d20cc6ea,2022-23,2022-11-06,Tottenham,Liverpool,H,A Madley,1.0,2.0,0.0,2.0,14.0,13.0,5.0,6.0,10.0,8.0,5.0,3.0,0.0,0.0,0.0,0.0,,,0,L
71aa20108552d20cc6ea,2022-23,2022-11-06,Liverpool,Tottenham,A,A Madley,2.0,1.0,2.0,0.0,13.0,14.0,6.0,5.0,8.0,10.0,3.0,5.0,0.0,0.0,0.0,0.0,,,3,W
c5574176ea9e0d8f2f40,2022-23,2022-11-12,Manchester City,Brentford,H,P Bankes,1.0,2.0,1.0,1.0,29.0,10.0,6.0,8.0,9.0,7.0,10.0,2.0,2.0,2.0,0.0,0.0,,,0,L
c5574176ea9e0d8f2f40,2022-23,2022-11-12,Brentford,Manchester City,A,P Bankes,2.0,1.0,1.0,1.0,10.0,29.0,8.0,6.0,7.0,9.0,2.0,10.0,2.0,2.0,0.0,0.0,,,3,W
17bd532ce6ef0c61f180,2022-23,2022-11-12,Bournemouth,Everton,H,C Pawson,3.0,0.0,2.0,0.0,16.0,15.0,9.0,3.0,12.0,8.0,3.0,5.0,2.0,0.0,0.0,0.0,,,3,W
17bd532ce6ef0c61f180,2022-23,2022-11-12,Everton,Bournemouth,A,C Pawson,0.0,3.0,0.0,2.0,15.0,16.0,3.0,9.0,8.0,12.0,5.0,3.0,0.0,2.0,0.0,0.0,,,0,L
acc035c3be31070b86a2,2022-23,2022-11-12,Liverpool,Southampton,H,S Hooper,3.0,1.0,3.0,1.0,15.0,9.0,7.0,5.0,8.0,8.0,6.0,0.0,0.0,2.0,0.0,0.0,,,3,W
acc035c3be31070b86a2,2022-23,2022-11-12,Southampton,Liverpool,A,S Hooper,1.0,3.0,1.0,3.0,9.0,15.0,5.0,7.0,8.0,8.0,0.0,6.0,2.0,0.0,0.0,0.0,,,0,L
4f24eafca55d3d08821c,2022-23,2022-11-12,Nottingham Forest,Crystal Palace,H,J Brooks,1.0,0.0,0.0,0.0,9.0,8.0,2.0,0.0,11.0,13.0,1.0,5.0,1.0,4.0,0.0,0.0,,,3,W
4f24eafca55d3d08821c,2022-23,2022-11-12,Crystal Palace,Nottingham Forest,A,J Brooks,0.0,1.0,0.0,0.0,8.0,9.0,0.0,2.0,13.0,11.0,5.0,1.0,4.0,1.0,0.0,0.0,,,0,L
da85fb9d098b7ce27015,2022-23,2022-11-12,Tottenham,Leeds,H,M Salisbury,4.0,3.0,1.0,2.0,14.0,12.0,8.0,5.0,8.0,7.0,9.0,2.0,1.0,1.0,0.0,1.0,,,3,W
da85fb9d098b7ce27015,2022-23,2022-11-12,Leeds,Tottenham,A,M Salisbury,3.0,4.0,2.0,1.0,12.0,14.0,5.0,8.0,7.0,8.0,2.0,9.0,1.0,1.0,1.0,0.0,,,0,L
cdd19e5904da53bef70c,2022-23,2022-11-12,West Ham United,Leicester,H,J Gillett,0.0,2.0,0.0,1.0,18.0,9.0,6.0,6.0,9.0,8.0,7.0,2.0,3.0,1.0,0.0,0.0,,,0,L
cdd19e5904da53bef70c,2022-23,2022-11-12,Leicester,West Ham United,A,J Gillett,2.0,0.0,1.0,0.0,9.0,18.0,6.0,6.0,8.0,9.0,2.0,7.0,1.0,3.0,0.0,0.0,,,3,W
8b90af383d78105c8273,2022-23,2022-11-12,Newcastle United,Chelsea,H,R Jones,1.0,0.0,0.0,0.0,10.0,5.0,3.0,2.0,14.0,11.0,5.0,3.0,3.0,2.0,0.0,0.0,,,3,W
8b90af383d78105c8273,2022-23,2022-11-12,Chelsea,Newcastle United,A,R Jones,0.0,1.0,0.0,0.0,5.0,10.0,2.0,3.0,11.0,14.0,3.0,5.0,2.0,3.0,0.0,0.0,,,0,L
53e133929ad636965a86,2022-23,2022-11-12,Wolverhampton Wanderers,Arsenal,H,S Attwell,0.0,2.0,0.0,0.0,11.0,14.0,2.0,4.0,5.0,6.0,6.0,4.0,3.0,2.0,0.0,0.0,,,0,L
53e133929ad636965a86,2022-23,2022-11-12,Arsenal,Wolverhampton Wanderers,A,S Attwell,2.0,0.0,0.0,0.0,14.0,11.0,4.0,2.0,6.0,5.0,4.0,6.0,2.0,3.0,0.0,0.0,,,3,W
b1ef11ed2b2a6f2dea44,2022-23,2022-11-13,Brighton & Hove Albion,Aston Villa,H,C Kavanagh,1.0,2.0,1.0,1.0,7.0,8.0,2.0,2.0,14.0,11.0,11.0,4.0,2.0,7.0,0.0,0.0,,,0,L
b1ef11ed2b2a6f2dea44,2022-23,2022-11-13,Aston Villa,Brighton & Hove Albion,A,C Kavanagh,2.0,1.0,1.0,1.0,8.0,7.0,2.0,2.0,11.0,14.0,4.0,11.0,7.0,2.0,0.0,0.0,,,3,W
a67867f4ab82aa3147f2,2022-23,2022-11-13,Fulham,Manchester United,H,P Tierney,1.0,2.0,0.0,1.0,14.0,14.0,7.0,9.0,9.0,10.0,10.0,3.0,1.0,1.0,0.0,0.0,,,0,L
a67867f4ab82aa3147f2,2022-23,2022-11-13,Manchester United,Fulham,A,P Tierney,2.0,1.0,1.0,0.0,14.0,14.0,9.0,7.0,10.0,9.0,3.0,10.0,1.0,1.0,0.0,0.0,,,3,W
b0cded8c1ad3bf588700,2022-23,2022-12-26,Brentford,Tottenham,H,D Coote,2.0,2.0,1.0,0.0,9.0,16.0,5.0,8.0,11.0,10.0,6.0,5.0,3.0,1.0,0.0,0.0,,,1,D
b0cded8c1ad3bf588700,2022-23,2022-12-26,Tottenham,Brentford,A,D Coote,2.0,2.0,0.0,1.0,16.0,9.0,8.0,5.0,10.0,11.0,5.0,6.0,1.0,3.0,0.0,0.0,,,1,D
06113e4eccf15bca2a04,2022-23,2022-12-26,Crystal Palace,Fulham,H,A Madley,0.0,3.0,0.0,1.0,4.0,23.0,0.0,11.0,12.0,15.0,1.0,8.0,0.0,0.0,2.0,0.0,,,0,L
06113e4eccf15bca2a04,2022-23,2022-12-26,Fulham,Crystal Palace,A,A Madley,3.0,0.0,1.0,0.0,23.0,4.0,11.0,0.0,15.0,12.0,8.0,1.0,0.0,0.0,0.0,2.0,,,3,W
5ee9432424747d4ec842,2022-23,2022-12-26,Everton,Wolverhampton Wanderers,H,C Pawson,1.0,2.0,1.0,1.0,12.0,7.0,6.0,4.0,9.0,22.0,2.0,2.0,1.0,6.0,0.0,0.0,,,0,L
5ee9432424747d4ec842,2022-23,2022-12-26,Wolverhampton Wanderers,Everton,A,C Pawson,2.0,1.0,1.0,1.0,7.0,12.0,4.0,6.0,22.0,9.0,2.0,2.0,6.0,1.0,0.0,0.0,,,3,W
ae3c7a00a7e36d10a62f,2022-23,2022-12-26,Leicester,Newcastle United,H,J Gillett,0.0,3.0,0.0,3.0,8.0,12.0,2.0,5.0,9.0,6.0,5.0,5.0,0.0,0.0,0.0,0.0,,,0,L
ae3c7a00a7e36d10a62f,2022-23,2022-12-26,Newcastle United,Leicester,A,J Gillett,3.0,0.0,3.0,0.0,12.0,8.0,5.0,2.0,6.0,9.0,5.0,5.0,0.0,0.0,0.0,0.0,,,3,W
28c7eed2dd2589928545,2022-23,2022-12-26,Southampton,Brighton & Hove Albion,H,R Jones,1.0,3.0,0.0,2.0,14.0,7.0,4.0,4.0,9.0,10.0,4.0,2.0,1.0,2.0,0.0,0.0,,,0,L
28c7eed2dd2589928545,2022-23,2022-12-26,Brighton & Hove Albion,Southampton,A,R Jones,3.0,1.0,2.0,0.0,7.0,14.0,4.0,4.0,10.0,9.0,2.0,4.0,2.0,1.0,0.0,0.0,,,3,W
85ede115af738f894c70,2022-23,2022-12-26,Aston Villa,Liverpool,H,P Tierney,1.0,3.0,0.0,2.0,12.0,16.0,6.0,9.0,7.0,12.0,0.0,6.0,0.0,0.0,0.0,0.0,,,0,L
85ede115af738f894c70,2022-23,2022-12-26,Liverpool,Aston Villa,A,P Tierney,3.0,1.0,2.0,0.0,16.0,12.0,9.0,6.0,12.0,7.0,6.0,0.0,0.0,0.0,0.0,0.0,,,3,W
71c77a8e8e2066b27069,2022-23,2022-12-26,Arsenal,West Ham United,H,M Oliver,3.0,1.0,0.0,1.0,16.0,8.0,5.0,4.0,13.0,17.0,7.0,5.0,0.0,2.0,0.0,0.0,,,3,W
71c77a8e8e2066b27069,2022-23,2022-12-26,West Ham United,Arsenal,A,M Oliver,1.0,3.0,1.0,0.0,8.0,16.0,4.0,5.0,17.0,13.0,5.0,7.0,2.0,0.0,0.0,0.0,,,0,L
85502ac444e621c25bc7,2022-23,2022-12-27,Chelsea,Bournemouth,H,S Hooper,2.0,0.0,2.0,0.0,15.0,9.0,5.0,4.0,8.0,10.0,6.0,8.0,0.0,0.0,0.0,0.0,,,3,W
85502ac444e621c25bc7,2022-23,2022-12-27,Bournemouth,Chelsea,A,S Hooper,0.0,2.0,0.0,2.0,9.0,15.0,4.0,5.0,10.0,8.0,8.0,6.0,0.0,0.0,0.0,0.0,,,0,L
4cae0e549b42351e4264,2022-23,2022-12-27,Manchester United,Nottingham Forest,H,A Taylor,3.0,0.0,2.0,0.0,17.0,8.0,8.0,3.0,13.0,4.0,9.0,9.0,3.0,1.0,0.0,0.0,,,3,W
4cae0e549b42351e4264,2022-23,2022-12-27,Nottingham Forest,Manchester United,A,A Taylor,0.0,3.0,0.0,2.0,8.0,17.0,3.0,8.0,4.0,13.0,9.0,9.0,1.0,3.0,0.0,0.0,,,0,L
e8c08a609e6423340ddd,2022-23,2022-12-28,Leeds,Manchester City,H,S Attwell,1.0,3.0,0.0,1.0,9.0,26.0,1.0,9.0,11.0,14.0,3.0,5.0,3.0,3.0,0.0,0.0,,,0,L
e8c08a609e6423340ddd,2022-23,2022-12-28,Manchester City,Leeds,A,S Attwell,3.0,1.0,1.0,0.0,26.0,9.0,9.0,1.0,14.0,11.0,5.0,3.0,3.0,3.0,0.0,0.0,,,3,W
e5859a50ba04999288bf,2022-23,2022-12-30,West Ham United,Brentford,H,D England,0.0,2.0,0.0,2.0,20.0,9.0,5.0,6.0,9.0,5.0,8.0,1.0,1.0,0.0,0.0,0.0,,,0,L
e5859a50ba04999288bf,2022-23,2022-12-30,Brentford,West Ham United,A,D England,2.0,0.0,2.0,0.0,9.0,20.0,6.0,5.0,5.0,9.0,1.0,8.0,0.0,1.0,0.0,0.0,,,3,W
9f6ee82122f03dc727bf,2022-23,2022-12-30,Liverpool,Leicester,H,C Pawson,2.0,1.0,2.0,1.0,21.0,7.0,5.0,2.0,8.0,15.0,4.0,5.0,0.0,1.0,0.0,0.0,,,3,W
9f6ee82122f03dc727bf,2022-23,2022-12-30,Leicester,Liverpool,A,C Pawson,1.0,2.0,1.0,2.0,7.0,21.0,2.0,5.0,15.0,8.0,5.0,4.0,1.0,0.0,0.0,0.0,,,0,L
8cdfdee3d33ae8b52293,2022-23,2022-12-31,Wolverhampton Wanderers,Manchester United,H,R Jones,0.0,1.0,0.0,0.0,10.0,16.0,3.0,6.0,11.0,11.0,7.0,5.0,1.0,3.0,0.0,0.0,,,0,L
8cdfdee3d33ae8b52293,2022-23,2022-12-31,Manchester United,Wolverhampton Wanderers,A,R Jones,1.0,0.0,0.0,0.0,16.0,10.0,6.0,3.0,11.0,11.0,5.0,7.0,3.0,1.0,0.0,0.0,,,3,W
2520214a052555235e37,2022-23,2022-12-31,Bournemouth,Crystal Palace,H,A Marriner,0.0,2.0,0.0,2.0,6.0,15.0,2.0,6.0,17.0,11.0,2.0,7.0,4.0,1.0,0.0,0.0,,,0,L
2520214a052555235e37,2022-23,2022-12-31,Crystal Palace,Bournemouth,A,A Marriner,2.0,0.0,2.0,0.0,15.0,6.0,6.0,2.0,11.0,17.0,7.0,2.0,1.0,4.0,0.0,0.0,,,3,W
512b83ef3f3e41b908b8,2022-23,2022-12-31,Fulham,Southampton,H,G Scott,2.0,1.0,1.0,0.0,8.0,9.0,2.0,3.0,8.0,13.0,4.0,4.0,0.0,1.0,0.0,0.0,,,3,W
512b83ef3f3e41b908b8,2022-23,2022-12-31,Southampton,Fulham,A,G Scott,1.0,2.0,0.0,1.0,9.0,8.0,3.0,2.0,13.0,8.0,4.0,4.0,1.0,0.0,0.0,0.0,,,0,L
a1298f2302c2608f5e9a,2022-23,2022-12-31,Manchester City,Everton,H,A Madley,1.0,1.0,1.0,0.0,16.0,2.0,3.0,1.0,13.0,14.0,7.0,1.0,3.0,4.0,0.0,0.0,,,1,D
a1298f2302c2608f5e9a,2022-23,2022-12-31,Everton,Manchester City,A,A Madley,1.0,1.0,0.0,1.0,2.0,16.0,1.0,3.0,14.0,13.0,1.0,7.0,4.0,3.0,0.0,0.0,,,1,D
aad4f0aa1434d541677f,2022-23,2022-12-31,Newcastle United,Leeds,H,S Hooper,0.0,0.0,0.0,0.0,16.0,8.0,5.0,1.0,13.0,19.0,9.0,3.0,3.0,5.0,0.0,0.0,,,1,D
aad4f0aa1434d541677f,2022-23,2022-12-31,Leeds,Newcastle United,A,S Hooper,0.0,0.0,0.0,0.0,8.0,16.0,1.0,5.0,19.0,13.0,3.0,9.0,5.0,3.0,0.0,0.0,,,1,D
5eca2ba66dfd249bb643,2022-23,2022-12-31,Brighton & Hove Albion,Arsenal,H,A Taylor,2.0,4.0,0.0,2.0,9.0,14.0,5.0,7.0,7.0,11.0,7.0,4.0,3.0,3.0,0.0,0.0,,,0,L
5eca2ba66dfd249bb643,2022-23,2022-12-31,Arsenal,Brighton & Hove Albion,A,A Taylor,4.0,2.0,2.0,0.0,14.0,9.0,7.0,5.0,11.0,7.0,4.0,7.0,3.0,3.0,0.0,0.0,,,3,W
e2a6089e60001f6bce42,2022-23,2023-01-01,Tottenham,Aston Villa,H,J Brooks,0.0,2.0,0.0,0.0,6.0,13.0,2.0,4.0,15.0,10.0,5.0,3.0,4.0,3.0,0.0,0.0,,,0,L
e2a6089e60001f6bce42,2022-23,2023-01-01,Aston Villa,Tottenham,A,J Brooks,2.0,0.0,0.0,0.0,13.0,6.0,4.0,2.0,10.0,15.0,3.0,5.0,3.0,4.0,0.0,0.0,,,3,W
743d069d0726235b05dd,2022-23,2023-01-01,Nottingham Forest,Chelsea,H,P Bankes,1.0,1.0,0.0,1.0,12.0,7.0,5.0,2.0,16.0,14.0,1.0,2.0,2.0,2.0,0.0,0.0,,,1,D
743d069d0726235b05dd,2022-23,2023-01-01,Chelsea,Nottingham Forest,A,P Bankes,1.0,1.0,1.0,0.0,7.0,12.0,2.0,5.0,14.0,16.0,2.0,1.0,2.0,2.0,0.0,0.0,,,1,D
325c97e8ce7bf1acde46,2022-23,2023-01-02,Brentford,Liverpool,H,S Attwell,3.0,1.0,2.0,0.0,10.0,16.0,7.0,6.0,5.0,8.0,4.0,9.0,1.0,3.0,0.0,0.0,,,3,W
325c97e8ce7bf1acde46,2022-23,2023-01-02,Liverpool,Brentford,A,S Attwell,1.0,3.0,0.0,2.0,16.0,10.0,6.0,7.0,8.0,5.0,9.0,4.0,3.0,1.0,0.0,0.0,,,0,L
2e3f90ad23c08563f2d1,2022-23,2023-01-03,Arsenal,Newcastle United,H,A Madley,0.0,0.0,0.0,0.0,17.0,8.0,4.0,1.0,10.0,16.0,5.0,5.0,4.0,4.0,0.0,0.0,,,1,D
2e3f90ad23c08563f2d1,2022-23,2023-01-03,Newcastle United,Arsenal,A,A Madley,0.0,0.0,0.0,0.0,8.0,17.0,1.0,4.0,16.0,10.0,5.0,5.0,4.0,4.0,0.0,0.0,,,1,D
e19dc355203f24f7c165,2022-23,2023-01-03,Everton,Brighton & Hove Albion,H,A Marriner,1.0,4.0,0.0,1.0,10.0,19.0,4.0,8.0,8.0,10.0,5.0,2.0,3.0,1.0,0.0,0.0,,,0,L
e19dc355203f24f7c165,2022-23,2023-01-03,Brighton & Hove Albion,Everton,A,A Marriner,4.0,1.0,1.0,0.0,19.0,10.0,8.0,4.0,10.0,8.0,2.0,5.0,1.0,3.0,0.0,0.0,,,3,W
2c2589bc2d0bce8065d4,2022-23,2023-01-03,Leicester,Fulham,H,D Bond,0.0,1.0,0.0,1.0,15.0,11.0,6.0,2.0,12.0,11.0,6.0,3.0,2.0,6.0,0.0,0.0,,,0,L
2c2589bc2d0bce8065d4,2022-23,2023-01-03,Fulham,Leicester,A,D Bond,1.0,0.0,1.0,0.0,11.0,15.0,2.0,6.0,11.0,12.0,3.0,6.0,6.0,2.0,0.0,0.0,,,3,W
852b725a88078716e1cb,2022-23,2023-01-03,Manchester United,Bournemouth,H,M Salisbury,3.0,0.0,1.0,0.0,18.0,7.0,6.0,4.0,13.0,7.0,6.0,5.0,0.0,3.0,0.0,0.0,,,3,W
852b725a88078716e1cb,2022-23,2023-01-03,Bournemouth,Manchester United,A,M Salisbury,0.0,3.0,0.0,1.0,7.0,18.0,4.0,6.0,7.0,13.0,5.0,6.0,3.0,0.0,0.0,0.0,,,0,L
11f144c11f9ac4cff113,2022-23,2023-01-04,Southampton,Nottingham Forest,H,T Bramall,0.0,1.0,0.0,1.0,8.0,11.0,0.0,1.0,14.0,17.0,6.0,2.0,2.0,2.0,0.0,0.0,,,0,L
11f144c11f9ac4cff113,2022-23,2023-01-04,Nottingham Forest,Southampton,A,T Bramall,1.0,0.0,1.0,0.0,11.0,8.0,1.0,0.0,17.0,14.0,2.0,6.0,2.0,2.0,0.0,0.0,,,3,W
da89caf91af685bc30ce,2022-23,2023-01-04,Leeds,West Ham United,H,D Coote,2.0,2.0,1.0,1.0,14.0,15.0,6.0,2.0,11.0,18.0,8.0,1.0,3.0,1.0,0.0,0.0,,,1,D
da89caf91af685bc30ce,2022-23,2023-01-04,West Ham United,Leeds,A,D Coote,2.0,2.0,1.0,1.0,15.0,14.0,2.0,6.0,18.0,11.0,1.0,8.0,1.0,3.0,0.0,0.0,,,1,D
62a4a263fa059037b6f3,2022-23,2023-01-04,Aston Villa,Wolverhampton Wanderers,H,J Gillett,1.0,1.0,0.0,1.0,13.0,10.0,4.0,3.0,6.0,12.0,7.0,8.0,1.0,3.0,0.0,0.0,,,1,D
62a4a263fa059037b6f3,2022-23,2023-01-04,Wolverhampton Wanderers,Aston Villa,A,J Gillett,1.0,1.0,1.0,0.0,10.0,13.0,3.0,4.0,12.0,6.0,8.0,7.0,3.0,1.0,0.0,0.0,,,1,D
ca14c633ae65cf6e0b3b,2022-23,2023-01-04,Crystal Palace,Tottenham,H,M Oliver,0.0,4.0,0.0,0.0,19.0,14.0,4.0,6.0,11.0,8.0,10.0,4.0,1.0,2.0,0.0,0.0,,,0,L
ca14c633ae65cf6e0b3b,2022-23,2023-01-04,Tottenham,Crystal Palace,A,M Oliver,4.0,0.0,0.0,0.0,14.0,19.0,6.0,4.0,8.0,11.0,4.0,10.0,2.0,1.0,0.0,0.0,,,3,W
12829f5db913705eb00b,2022-23,2023-01-05,Chelsea,Manchester City,H,P Tierney,0.0,1.0,0.0,0.0,8.0,12.0,2.0,3.0,9.0,9.0,3.0,2.0,2.0,0.0,0.0,0.0,,,0,L
12829f5db913705eb00b,2022-23,2023-01-05,Manchester City,Chelsea,A,P Tierney,1.0,0.0,0.0,0.0,12.0,8.0,3.0,2.0,9.0,9.0,2.0,3.0,0.0,2.0,0.0,0.0,,,3,W
9677f5fa9d1663ce16f9,2022-23,2023-01-12,Fulham,Chelsea,H,D Coote,2.0,1.0,1.0,0.0,8.0,20.0,3.0,10.0,12.0,16.0,5.0,7.0,4.0,3.0,0.0,1.0,,,3,W
9677f5fa9d1663ce16f9,2022-23,2023-01-12,Chelsea,Fulham,A,D Coote,1.0,2.0,0.0,1.0,20.0,8.0,10.0,3.0,16.0,12.0,7.0,5.0,3.0,4.0,1.0,0.0,,,0,L
bcfcad9ed79a03e16346,2022-23,2023-01-13,Aston Villa,Leeds,H,M Oliver,2.0,1.0,1.0,0.0,11.0,16.0,5.0,4.0,12.0,8.0,0.0,11.0,2.0,2.0,0.0,0.0,,,3,W
bcfcad9ed79a03e16346,2022-23,2023-01-13,Leeds,Aston Villa,A,M Oliver,1.0,2.0,0.0,1.0,16.0,11.0,4.0,5.0,8.0,12.0,11.0,0.0,2.0,2.0,0.0,0.0,,,0,L
737ba57ef4c348f80652,2022-23,2023-01-14,Manchester United,Manchester City,H,S Attwell,2.0,1.0,0.0,0.0,8.0,5.0,4.0,1.0,15.0,5.0,1.0,2.0,3.0,0.0,0.0,0.0,,,3,W
737ba57ef4c348f80652,2022-23,2023-01-14,Manchester City,Manchester United,A,S Attwell,1.0,2.0,0.0,0.0,5.0,8.0,1.0,4.0,5.0,15.0,2.0,1.0,0.0,3.0,0.0,0.0,,,0,L
abecc24ce937e472c362,2022-23,2023-01-14,Brighton & Hove Albion,Liverpool,H,D England,3.0,0.0,0.0,0.0,16.0,6.0,9.0,2.0,8.0,15.0,7.0,1.0,1.0,3.0,0.0,0.0,,,3,W
abecc24ce937e472c362,2022-23,2023-01-14,Liverpool,Brighton & Hove Albion,A,D England,0.0,3.0,0.0,0.0,6.0,16.0,2.0,9.0,15.0,8.0,1.0,7.0,3.0,1.0,0.0,0.0,,,0,L
9fa5e4d76eadf9749db3,2022-23,2023-01-14,Everton,Southampton,H,J Brooks,1.0,2.0,1.0,0.0,12.0,13.0,4.0,5.0,7.0,19.0,6.0,4.0,0.0,3.0,0.0,0.0,,,0,L
9fa5e4d76eadf9749db3,2022-23,2023-01-14,Southampton,Everton,A,J Brooks,2.0,1.0,0.0,1.0,13.0,12.0,5.0,4.0,19.0,7.0,4.0,6.0,3.0,0.0,0.0,0.0,,,3,W
519544747c60450e8722,2022-23,2023-01-14,Nottingham Forest,Leicester,H,P Tierney,2.0,0.0,0.0,0.0,15.0,6.0,5.0,1.0,11.0,12.0,3.0,5.0,1.0,2.0,0.0,0.0,,,3,W
519544747c60450e8722,2022-23,2023-01-14,Leicester,Nottingham Forest,A,P Tierney,0.0,2.0,0.0,0.0,6.0,15.0,1.0,5.0,12.0,11.0,5.0,3.0,2.0,1.0,0.0,0.0,,,0,L
0899d3f8280276601d33,2022-23,2023-01-14,Wolverhampton Wanderers,West Ham United,H,S Hooper,1.0,0.0,0.0,0.0,17.0,16.0,4.0,4.0,10.0,7.0,4.0,3.0,0.0,2.0,0.0,0.0,,,3,W
0899d3f8280276601d33,2022-23,2023-01-14,West Ham United,Wolverhampton Wanderers,A,S Hooper,0.0,1.0,0.0,0.0,16.0,17.0,4.0,4.0,7.0,10.0,3.0,4.0,2.0,0.0,0.0,0.0,,,0,L
d5557c816326b99638db,2022-23,2023-01-14,Brentford,Bournemouth,H,J Gillett,2.0,0.0,1.0,0.0,12.0,7.0,4.0,2.0,5.0,9.0,5.0,3.0,1.0,1.0,0.0,0.0,,,3,W
d5557c816326b99638db,2022-23,2023-01-14,Bournemouth,Brentford,A,J Gillett,0.0,2.0,0.0,1.0,7.0,12.0,2.0,4.0,9.0,5.0,3.0,5.0,1.0,1.0,0.0,0.0,,,0,L
d9f5baa60dd0db18e0a8,2022-23,2023-01-15,Chelsea,Crystal Palace,H,P Bankes,1.0,0.0,0.0,0.0,15.0,10.0,5.0,5.0,10.0,17.0,11.0,7.0,2.0,5.0,0.0,0.0,,,3,W
d9f5baa60dd0db18e0a8,2022-23,2023-01-15,Crystal Palace,Chelsea,A,P Bankes,0.0,1.0,0.0,0.0,10.0,15.0,5.0,5.0,17.0,10.0,7.0,11.0,5.0,2.0,0.0,0.0,,,0,L
3366ac4bdaddb9c822bc,2022-23,2023-01-15,Newcastle United,Fulham,H,R Jones,1.0,0.0,0.0,0.0,20.0,5.0,5.0,0.0,6.0,14.0,10.0,5.0,1.0,3.0,0.0,0.0,,,3,W
3366ac4bdaddb9c822bc,2022-23,2023-01-15,Fulham,Newcastle United,A,R Jones,0.0,1.0,0.0,0.0,5.0,20.0,0.0,5.0,14.0,6.0,5.0,10.0,3.0,1.0,0.0,0.0,,,0,L
d98705c50312db4b4f4d,2022-23,2023-01-15,Tottenham,Arsenal,H,C Pawson,0.0,2.0,0.0,2.0,17.0,14.0,7.0,5.0,16.0,15.0,4.0,3.0,4.0,2.0,0.0,0.0,,,0,L
d98705c50312db4b4f4d,2022-23,2023-01-15,Arsenal,Tottenham,A,C Pawson,2.0,0.0,2.0,0.0,14.0,17.0,5.0,7.0,15.0,16.0,3.0,4.0,2.0,4.0,0.0,0.0,,,3,W
cc506dd400b9bb2b18f0,2022-23,2023-01-18,Crystal Palace,Manchester United,H,R Jones,1.0,1.0,0.0,1.0,10.0,15.0,5.0,4.0,9.0,10.0,3.0,3.0,1.0,2.0,0.0,0.0,,,1,D
cc506dd400b9bb2b18f0,2022-23,2023-01-18,Manchester United,Crystal Palace,A,R Jones,1.0,1.0,1.0,0.0,15.0,10.0,4.0,5.0,10.0,9.0,3.0,3.0,2.0,1.0,0.0,0.0,,,1,D
811948e3a0c5da6eab53,2022-23,2023-01-19,Manchester City,Tottenham,H,S Hooper,4.0,2.0,0.0,2.0,16.0,9.0,6.0,3.0,10.0,14.0,8.0,3.0,1.0,2.0,0.0,0.0,,,3,W
811948e3a0c5da6eab53,2022-23,2023-01-19,Tottenham,Manchester City,A,S Hooper,2.0,4.0,2.0,0.0,9.0,16.0,3.0,6.0,14.0,10.0,3.0,8.0,2.0,1.0,0.0,0.0,,,0,L
436832a8899c8c5ff235,2022-23,2023-01-21,Liverpool,Chelsea,H,M Oliver,0.0,0.0,0.0,0.0,15.0,11.0,3.0,2.0,16.0,9.0,5.0,5.0,3.0,1.0,0.0,0.0,,,1,D
436832a8899c8c5ff235,2022-23,2023-01-21,Chelsea,Liverpool,A,M Oliver,0.0,0.0,0.0,0.0,11.0,15.0,2.0,3.0,9.0,16.0,5.0,5.0,1.0,3.0,0.0,0.0,,,1,D
c863e16bba8b4e1bbcd5,2022-23,2023-01-21,Bournemouth,Nottingham Forest,H,A Madley,1.0,1.0,1.0,0.0,16.0,20.0,4.0,5.0,10.0,7.0,4.0,6.0,1.0,2.0,0.0,0.0,,,1,D
c863e16bba8b4e1bbcd5,2022-23,2023-01-21,Nottingham Forest,Bournemouth,A,A Madley,1.0,1.0,0.0,1.0,20.0,16.0,5.0,4.0,7.0,10.0,6.0,4.0,2.0,1.0,0.0,0.0,,,1,D
d1d2dd5b1f53cad438a4,2022-23,2023-01-21,Leicester,Brighton & Hove Albion,H,T Bramall,2.0,2.0,1.0,1.0,9.0,13.0,2.0,4.0,9.0,9.0,5.0,6.0,0.0,1.0,0.0,0.0,,,1,D
d1d2dd5b1f53cad438a4,2022-23,2023-01-21,Brighton & Hove Albion,Leicester,A,T Bramall,2.0,2.0,1.0,1.0,13.0,9.0,4.0,2.0,9.0,9.0,6.0,5.0,1.0,0.0,0.0,0.0,,,1,D
fe56faae0784455a97b6,2022-23,2023-01-21,Southampton,Aston Villa,H,M Salisbury,0.0,1.0,0.0,0.0,8.0,16.0,5.0,5.0,19.0,9.0,2.0,2.0,1.0,2.0,0.0,0.0,,,0,L
fe56faae0784455a97b6,2022-23,2023-01-21,Aston Villa,Southampton,A,M Salisbury,1.0,0.0,0.0,0.0,16.0,8.0,5.0,5.0,9.0,19.0,2.0,2.0,2.0,1.0,0.0,0.0,,,3,W
bb066113a5ace0c49251,2022-23,2023-01-21,West Ham United,Everton,H,S Attwell,2.0,0.0,2.0,0.0,11.0,5.0,4.0,2.0,9.0,6.0,4.0,9.0,1.0,1.0,0.0,0.0,,,3,W
bb066113a5ace0c49251,2022-23,2023-01-21,Everton,West Ham United,A,S Attwell,0.0,2.0,0.0,2.0,5.0,11.0,2.0,4.0,6.0,9.0,9.0,4.0,1.0,1.0,0.0,0.0,,,0,L
b68fd3aa91173d06a585,2022-23,2023-01-21,Crystal Palace,Newcastle United,H,C Pawson,0.0,0.0,0.0,0.0,6.0,16.0,1.0,7.0,13.0,7.0,3.0,15.0,4.0,2.0,0.0,0.0,,,1,D
b68fd3aa91173d06a585,2022-23,2023-01-21,Newcastle United,Crystal Palace,A,C Pawson,0.0,0.0,0.0,0.0,16.0,6.0,7.0,1.0,7.0,13.0,15.0,3.0,2.0,4.0,0.0,0.0,,,1,D
b19fe132344023c7a19a,2022-23,2023-01-22,Leeds,Brentford,H,P Bankes,0.0,0.0,0.0,0.0,9.0,6.0,5.0,0.0,10.0,18.0,2.0,3.0,2.0,2.0,0.0,0.0,,,1,D
b19fe132344023c7a19a,2022-23,2023-01-22,Brentford,Leeds,A,P Bankes,0.0,0.0,0.0,0.0,6.0,9.0,0.0,5.0,18.0,10.0,3.0,2.0,2.0,2.0,0.0,0.0,,,1,D
62355ea19c38f5504c25,2022-23,2023-01-22,Manchester City,Wolverhampton Wanderers,H,D Coote,3.0,0.0,1.0,0.0,13.0,10.0,7.0,1.0,10.0,10.0,5.0,7.0,1.0,2.0,0.0,0.0,,,3,W
62355ea19c38f5504c25,2022-23,2023-01-22,Wolverhampton Wanderers,Manchester City,A,D Coote,0.0,3.0,0.0,1.0,10.0,13.0,1.0,7.0,10.0,10.0,7.0,5.0,2.0,1.0,0.0,0.0,,,0,L
461cf461f0c63d738caa,2022-23,2023-01-22,Arsenal,Manchester United,H,A Taylor,3.0,2.0,1.0,1.0,25.0,6.0,5.0,4.0,8.0,9.0,12.0,4.0,1.0,2.0,0.0,0.0,,,3,W
461cf461f0c63d738caa,2022-23,2023-01-22,Manchester United,Arsenal,A,A Taylor,2.0,3.0,1.0,1.0,6.0,25.0,4.0,5.0,9.0,8.0,4.0,12.0,2.0,1.0,0.0,0.0,,,0,L
f2ccb4ffd2a71077cd85,2022-23,2023-01-23,Fulham,Tottenham,H,P Tierney,0.0,1.0,0.0,1.0,10.0,10.0,5.0,3.0,10.0,10.0,3.0,8.0,1.0,3.0,0.0,0.0,,,0,L
f2ccb4ffd2a71077cd85,2022-23,2023-01-23,Tottenham,Fulham,A,P Tierney,1.0,0.0,1.0,0.0,10.0,10.0,3.0,5.0,10.0,10.0,8.0,3.0,3.0,1.0,0.0,0.0,,,3,W
7c12ecc483157c7750a2,2022-23,2023-02-03,Chelsea,Fulham,H,S Attwell,0.0,0.0,0.0,0.0,12.0,10.0,3.0,4.0,16.0,12.0,6.0,2.0,1.0,4.0,0.0,0.0,,,1,D
7c12ecc483157c7750a2,2022-23,2023-02-03,Fulham,Chelsea,A,S Attwell,0.0,0.0,0.0,0.0,10.0,12.0,4.0,3.0,12.0,16.0,2.0,6.0,4.0,1.0,0.0,0.0,,,1,D
4b330d497cc83aca8b5b,2022-23,2023-02-04,Everton,Arsenal,H,D Coote,1.0,0.0,0.0,0.0,12.0,15.0,4.0,3.0,13.0,8.0,7.0,5.0,4.0,1.0,0.0,0.0,,,3,W
4b330d497cc83aca8b5b,2022-23,2023-02-04,Arsenal,Everton,A,D Coote,0.0,1.0,0.0,0.0,15.0,12.0,3.0,4.0,8.0,13.0,5.0,7.0,1.0,4.0,0.0,0.0,,,0,L
593728ebd8d39a09e8e5,2022-23,2023-02-04,Aston Villa,Leicester,H,D England,2.0,4.0,2.0,3.0,19.0,9.0,4.0,5.0,10.0,10.0,11.0,3.0,0.0,2.0,0.0,0.0,,,0,L
593728ebd8d39a09e8e5,2022-23,2023-02-04,Leicester,Aston Villa,A,D England,4.0,2.0,3.0,2.0,9.0,19.0,5.0,4.0,10.0,10.0,3.0,11.0,2.0,0.0,0.0,0.0,,,3,W
c110dfa7909ae0c40f67,2022-23,2023-02-04,Brentford,Southampton,H,D Bond,3.0,0.0,2.0,0.0,14.0,14.0,4.0,6.0,10.0,9.0,4.0,4.0,1.0,2.0,0.0,0.0,,,3,W
c110dfa7909ae0c40f67,2022-23,2023-02-04,Southampton,Brentford,A,D Bond,0.0,3.0,0.0,2.0,14.0,14.0,6.0,4.0,9.0,10.0,4.0,4.0,2.0,1.0,0.0,0.0,,,0,L
9835fa1775c364bfec69,2022-23,2023-02-04,Brighton & Hove Albion,Bournemouth,H,C Pawson,1.0,0.0,0.0,0.0,20.0,12.0,6.0,2.0,14.0,7.0,7.0,3.0,3.0,1.0,0.0,0.0,,,3,W
9835fa1775c364bfec69,2022-23,2023-02-04,Bournemouth,Brighton & Hove Albion,A,C Pawson,0.0,1.0,0.0,0.0,12.0,20.0,2.0,6.0,7.0,14.0,3.0,7.0,1.0,3.0,0.0,0.0,,,0,L
4c1811e5f0bf896613c0,2022-23,2023-02-04,Manchester United,Crystal Palace,H,A Marriner,2.0,1.0,1.0,0.0,14.0,10.0,5.0,3.0,9.0,9.0,5.0,5.0,1.0,2.0,1.0,0.0,,,3,W
4c1811e5f0bf896613c0,2022-23,2023-02-04,Crystal Palace,Manchester United,A,A Marriner,1.0,2.0,0.0,1.0,10.0,14.0,3.0,5.0,9.0,9.0,5.0,5.0,2.0,1.0,0.0,1.0,,,0,L
479b071ba9273fe6f067,2022-23,2023-02-04,Wolverhampton Wanderers,Liverpool,H,P Tierney,3.0,0.0,2.0,0.0,12.0,22.0,6.0,4.0,9.0,7.0,2.0,7.0,1.0,1.0,0.0,0.0,,,3,W
479b071ba9273fe6f067,2022-23,2023-02-04,Liverpool,Wolverhampton Wanderers,A,P Tierney,0.0,3.0,0.0,2.0,22.0,12.0,4.0,6.0,7.0,9.0,7.0,2.0,1.0,1.0,0.0,0.0,,,0,L
93c17537019144aff3ef,2022-23,2023-02-04,Newcastle United,West Ham United,H,P Bankes,1.0,1.0,1.0,1.0,8.0,10.0,2.0,1.0,11.0,13.0,4.0,2.0,2.0,1.0,0.0,0.0,,,1,D
93c17537019144aff3ef,2022-23,2023-02-04,West Ham United,Newcastle United,A,P Bankes,1.0,1.0,1.0,1.0,10.0,8.0,1.0,2.0,13.0,11.0,2.0,4.0,1.0,2.0,0.0,0.0,,,1,D
863562118ab4d1bbe767,2022-23,2023-02-05,Nottingham Forest,Leeds,H,R Jones,1.0,0.0,1.0,0.0,6.0,10.0,2.0,4.0,15.0,14.0,0.0,2.0,4.0,2.0,0.0,0.0,,,3,W
863562118ab4d1bbe767,2022-23,2023-02-05,Leeds,Nottingham Forest,A,R Jones,0.0,1.0,0.0,1.0,10.0,6.0,4.0,2.0,14.0,15.0,2.0,0.0,2.0,4.0,0.0,0.0,,,0,L
c4f8fddc9f5a4ad3f44d,2022-23,2023-02-05,Tottenham,Manchester City,H,A Madley,1.0,0.0,1.0,0.0,12.0,15.0,3.0,5.0,19.0,14.0,4.0,6.0,2.0,3.0,1.0,0.0,,,3,W
c4f8fddc9f5a4ad3f44d,2022-23,2023-02-05,Manchester City,Tottenham,A,A Madley,0.0,1.0,0.0,1.0,15.0,12.0,5.0,3.0,14.0,19.0,6.0,4.0,3.0,2.0,0.0,1.0,,,0,L
52b317aa071bf8eebc1a,2022-23,2023-02-08,Manchester United,Leeds,H,S Hooper,2.0,2.0,0.0,1.0,24.0,8.0,7.0,2.0,7.0,11.0,6.0,5.0,1.0,3.0,0.0,0.0,,,1,D
52b317aa071bf8eebc1a,2022-23,2023-02-08,Leeds,Manchester United,A,S Hooper,2.0,2.0,1.0,0.0,8.0,24.0,2.0,7.0,11.0,7.0,5.0,6.0,3.0,1.0,0.0,0.0,,,1,D
a84c71a4cd5f3a0fac63,2022-23,2023-02-11,West Ham United,Chelsea,H,C Pawson,1.0,1.0,1.0,1.0,10.0,12.0,2.0,4.0,9.0,11.0,5.0,6.0,1.0,1.0,0.0,0.0,,,1,D
a84c71a4cd5f3a0fac63,2022-23,2023-02-11,Chelsea,West Ham United,A,C Pawson,1.0,1.0,1.0,1.0,12.0,10.0,4.0,2.0,11.0,9.0,6.0,5.0,1.0,1.0,0.0,0.0,,,1,D
a133d2cf878d9098b533,2022-23,2023-02-11,Arsenal,Brentford,H,P Bankes,1.0,1.0,0.0,0.0,23.0,9.0,7.0,2.0,9.0,9.0,7.0,4.0,0.0,2.0,0.0,0.0,,,1,D
a133d2cf878d9098b533,2022-23,2023-02-11,Brentford,Arsenal,A,P Bankes,1.0,1.0,0.0,0.0,9.0,23.0,2.0,7.0,9.0,9.0,4.0,7.0,2.0,0.0,0.0,0.0,,,1,D
1a50a21f30352f9b3fe7,2022-23,2023-02-11,Crystal Palace,Brighton & Hove Albion,H,M Oliver,1.0,1.0,0.0,0.0,6.0,17.0,1.0,7.0,10.0,11.0,1.0,6.0,4.0,1.0,0.0,0.0,,,1,D
1a50a21f30352f9b3fe7,2022-23,2023-02-11,Brighton & Hove Albion,Crystal Palace,A,M Oliver,1.0,1.0,0.0,0.0,17.0,6.0,7.0,1.0,11.0,10.0,6.0,1.0,1.0,4.0,0.0,0.0,,,1,D
321bbf2b8294499c3681,2022-23,2023-02-11,Fulham,Nottingham Forest,H,A Madley,2.0,0.0,1.0,0.0,16.0,10.0,3.0,1.0,9.0,11.0,5.0,4.0,0.0,1.0,0.0,0.0,,,3,W
321bbf2b8294499c3681,2022-23,2023-02-11,Nottingham Forest,Fulham,A,A Madley,0.0,2.0,0.0,1.0,10.0,16.0,1.0,3.0,11.0,9.0,4.0,5.0,1.0,0.0,0.0,0.0,,,0,L
f63c5a8b9625182f623e,2022-23,2023-02-11,Leicester,Tottenham,H,M Salisbury,4.0,1.0,3.0,1.0,15.0,11.0,7.0,4.0,14.0,9.0,1.0,5.0,5.0,2.0,0.0,0.0,,,3,W
f63c5a8b9625182f623e,2022-23,2023-02-11,Tottenham,Leicester,A,M Salisbury,1.0,4.0,1.0,3.0,11.0,15.0,4.0,7.0,9.0,14.0,5.0,1.0,2.0,5.0,0.0,0.0,,,0,L
f09b187613a013aba84b,2022-23,2023-02-11,Southampton,Wolverhampton Wanderers,H,J Gillett,1.0,2.0,1.0,0.0,17.0,11.0,2.0,2.0,12.0,14.0,5.0,2.0,2.0,2.0,0.0,1.0,,,0,L
f09b187613a013aba84b,2022-23,2023-02-11,Wolverhampton Wanderers,Southampton,A,J Gillett,2.0,1.0,0.0,1.0,11.0,17.0,2.0,2.0,14.0,12.0,2.0,5.0,2.0,2.0,1.0,0.0,,,3,W
1dbde5f94683695d1ab9,2022-23,2023-02-11,Bournemouth,Newcastle United,H,S Attwell,1.0,1.0,1.0,1.0,11.0,15.0,5.0,7.0,8.0,10.0,4.0,6.0,2.0,3.0,0.0,0.0,,,1,D
1dbde5f94683695d1ab9,2022-23,2023-02-11,Newcastle United,Bournemouth,A,S Attwell,1.0,1.0,1.0,1.0,15.0,11.0,7.0,5.0,10.0,8.0,6.0,4.0,3.0,2.0,0.0,0.0,,,1,D
767a06c641aee078919b,2022-23,2023-02-12,Leeds,Manchester United,H,P Tierney,0.0,2.0,0.0,0.0,16.0,11.0,6.0,5.0,10.0,13.0,7.0,3.0,2.0,1.0,0.0,0.0,,,0,L
767a06c641aee078919b,2022-23,2023-02-12,Manchester United,Leeds,A,P Tierney,2.0,0.0,0.0,0.0,11.0,16.0,5.0,6.0,13.0,10.0,3.0,7.0,1.0,2.0,0.0,0.0,,,3,W
1e87ebf5dafea7728807,2022-23,2023-02-12,Manchester City,Aston Villa,H,R Jones,3.0,1.0,3.0,0.0,17.0,6.0,9.0,2.0,13.0,14.0,8.0,4.0,1.0,2.0,0.0,0.0,,,3,W
1e87ebf5dafea7728807,2022-23,2023-02-12,Aston Villa,Manchester City,A,R Jones,1.0,3.0,0.0,3.0,6.0,17.0,2.0,9.0,14.0,13.0,4.0,8.0,2.0,1.0,0.0,0.0,,,0,L
99bc0001824d5e261ca0,2022-23,2023-02-13,Liverpool,Everton,H,S Hooper,2.0,0.0,1.0,0.0,15.0,6.0,6.0,1.0,8.0,16.0,3.0,3.0,1.0,3.0,0.0,0.0,,,3,W
99bc0001824d5e261ca0,2022-23,2023-02-13,Everton,Liverpool,A,S Hooper,0.0,2.0,0.0,1.0,6.0,15.0,1.0,6.0,16.0,8.0,3.0,3.0,3.0,1.0,0.0,0.0,,,0,L
83b56e35bc0e188edad2,2022-23,2023-02-15,Arsenal,Manchester City,H,A Taylor,1.0,3.0,1.0,1.0,10.0,9.0,1.0,6.0,11.0,15.0,1.0,3.0,2.0,3.0,0.0,0.0,,,0,L
83b56e35bc0e188edad2,2022-23,2023-02-15,Manchester City,Arsenal,A,A Taylor,3.0,1.0,1.0,1.0,9.0,10.0,6.0,1.0,15.0,11.0,3.0,1.0,3.0,2.0,0.0,0.0,,,3,W
dec0f09be8f67557ea5a,2022-23,2023-02-18,Aston Villa,Arsenal,H,S Hooper,2.0,4.0,2.0,1.0,7.0,20.0,5.0,5.0,13.0,4.0,2.0,9.0,2.0,1.0,0.0,0.0,,,0,L
dec0f09be8f67557ea5a,2022-23,2023-02-18,Arsenal,Aston Villa,A,S Hooper,4.0,2.0,1.0,2.0,20.0,7.0,5.0,5.0,4.0,13.0,9.0,2.0,1.0,2.0,0.0,0.0,,,3,W
a24876536322cd65118b,2022-23,2023-02-18,Brentford,Crystal Palace,H,P Tierney,1.0,1.0,0.0,0.0,12.0,10.0,5.0,4.0,10.0,8.0,2.0,6.0,2.0,2.0,0.0,0.0,,,1,D
a24876536322cd65118b,2022-23,2023-02-18,Crystal Palace,Brentford,A,P Tierney,1.0,1.0,0.0,0.0,10.0,12.0,4.0,5.0,8.0,10.0,6.0,2.0,2.0,2.0,0.0,0.0,,,1,D
011ad2bf23688b0d962d,2022-23,2023-02-18,Brighton & Hove Albion,Fulham,H,D England,0.0,1.0,0.0,0.0,21.0,5.0,7.0,2.0,12.0,14.0,10.0,2.0,0.0,5.0,0.0,0.0,,,0,L
011ad2bf23688b0d962d,2022-23,2023-02-18,Fulham,Brighton & Hove Albion,A,D England,1.0,0.0,0.0,0.0,5.0,21.0,2.0,7.0,14.0,12.0,2.0,10.0,5.0,0.0,0.0,0.0,,,3,W
b67098ac1f776e24387b,2022-23,2023-02-18,Chelsea,Southampton,H,D Coote,0.0,1.0,0.0,1.0,17.0,8.0,5.0,5.0,16.0,24.0,8.0,2.0,3.0,6.0,0.0,0.0,,,0,L
b67098ac1f776e24387b,2022-23,2023-02-18,Southampton,Chelsea,A,D Coote,1.0,0.0,1.0,0.0,8.0,17.0,5.0,5.0,24.0,16.0,2.0,8.0,6.0,3.0,0.0,0.0,,,3,W
64dd30dcf4f7b70e7f64,2022-23,2023-02-18,Everton,Leeds,H,A Madley,1.0,0.0,0.0,0.0,15.0,8.0,6.0,0.0,8.0,6.0,6.0,4.0,2.0,3.0,0.0,0.0,,,3,W
64dd30dcf4f7b70e7f64,2022-23,2023-02-18,Leeds,Everton,A,A Madley,0.0,1.0,0.0,0.0,8.0,15.0,0.0,6.0,6.0,8.0,4.0,6.0,3.0,2.0,0.0,0.0,,,0,L
cd33875386338a3b7cdf,2022-23,2023-02-18,Nottingham Forest,Manchester City,H,G Scott,1.0,1.0,0.0,1.0,4.0,26.0,1.0,6.0,8.0,6.0,0.0,10.0,1.0,0.0,0.0,0.0,,,1,D
cd33875386338a3b7cdf,2022-23,2023-02-18,Manchester City,Nottingham Forest,A,G Scott,1.0,1.0,1.0,0.0,26.0,4.0,6.0,1.0,6.0,8.0,10.0,0.0,0.0,1.0,0.0,0.0,,,1,D
15770bf52f59de2b5d89,2022-23,2023-02-18,Wolverhampton Wanderers,Bournemouth,H,M Salisbury,0.0,1.0,0.0,0.0,15.0,5.0,4.0,1.0,12.0,10.0,12.0,2.0,3.0,3.0,0.0,0.0,,,0,L
15770bf52f59de2b5d89,2022-23,2023-02-18,Bournemouth,Wolverhampton Wanderers,A,M Salisbury,1.0,0.0,0.0,0.0,5.0,15.0,1.0,4.0,10.0,12.0,2.0,12.0,3.0,3.0,0.0,0.0,,,3,W
2154367e5dd739429633,2022-23,2023-02-18,Newcastle United,Liverpool,H,A Taylor,0.0,2.0,0.0,2.0,14.0,13.0,4.0,7.0,3.0,8.0,6.0,7.0,1.0,1.0,1.0,0.0,,,0,L
2154367e5dd739429633,2022-23,2023-02-18,Liverpool,Newcastle United,A,A Taylor,2.0,0.0,2.0,0.0,13.0,14.0,7.0,4.0,8.0,3.0,7.0,6.0,1.0,1.0,0.0,1.0,,,3,W
5ee521d3c88916c0278c,2022-23,2023-02-19,Manchester United,Leicester,H,S Attwell,3.0,0.0,1.0,0.0,26.0,19.0,8.0,3.0,9.0,9.0,6.0,6.0,0.0,2.0,0.0,0.0,,,3,W
5ee521d3c88916c0278c,2022-23,2023-02-19,Leicester,Manchester United,A,S Attwell,0.0,3.0,0.0,1.0,19.0,26.0,3.0,8.0,9.0,9.0,6.0,6.0,2.0,0.0,0.0,0.0,,,0,L
01fa9adc11285a94e50c,2022-23,2023-02-19,Tottenham,West Ham United,H,M Oliver,2.0,0.0,0.0,0.0,16.0,6.0,6.0,1.0,16.0,10.0,4.0,7.0,2.0,1.0,0.0,0.0,,,3,W
01fa9adc11285a94e50c,2022-23,2023-02-19,West Ham United,Tottenham,A,M Oliver,0.0,2.0,0.0,0.0,6.0,16.0,1.0,6.0,10.0,16.0,7.0,4.0,1.0,2.0,0.0,0.0,,,0,L
1f07133a472137049340,2022-23,2023-02-24,Fulham,Wolverhampton Wanderers,H,M Oliver,1.0,1.0,0.0,1.0,10.0,8.0,5.0,2.0,12.0,17.0,4.0,3.0,2.0,0.0,0.0,0.0,,,1,D
1f07133a472137049340,2022-23,2023-02-24,Wolverhampton Wanderers,Fulham,A,M Oliver,1.0,1.0,1.0,0.0,8.0,10.0,2.0,5.0,17.0,12.0,3.0,4.0,0.0,2.0,0.0,0.0,,,1,D
2d985e858adc170f661b,2022-23,2023-02-25,Everton,Aston Villa,H,A Taylor,0.0,2.0,0.0,0.0,15.0,9.0,5.0,5.0,12.0,12.0,5.0,1.0,2.0,1.0,0.0,0.0,,,0,L
2d985e858adc170f661b,2022-23,2023-02-25,Aston Villa,Everton,A,A Taylor,2.0,0.0,0.0,0.0,9.0,15.0,5.0,5.0,12.0,12.0,1.0,5.0,1.0,2.0,0.0,0.0,,,3,W
440573c8a608298dfd8e,2022-23,2023-02-25,Leeds,Southampton,H,P Bankes,1.0,0.0,0.0,0.0,14.0,8.0,4.0,2.0,15.0,13.0,9.0,2.0,2.0,4.0,0.0,0.0,,,3,W
440573c8a608298dfd8e,2022-23,2023-02-25,Southampton,Leeds,A,P Bankes,0.0,1.0,0.0,0.0,8.0,14.0,2.0,4.0,13.0,15.0,2.0,9.0,4.0,2.0,0.0,0.0,,,0,L
d96567990416505d3735,2022-23,2023-02-25,Leicester,Arsenal,H,C Pawson,0.0,1.0,0.0,0.0,1.0,10.0,0.0,2.0,14.0,9.0,0.0,8.0,0.0,1.0,0.0,0.0,,,0,L
d96567990416505d3735,2022-23,2023-02-25,Arsenal,Leicester,A,C Pawson,1.0,0.0,0.0,0.0,10.0,1.0,2.0,0.0,9.0,14.0,8.0,0.0,1.0,0.0,0.0,0.0,,,3,W
139982820cd769e37c30,2022-23,2023-02-25,West Ham United,Nottingham Forest,H,J Gillett,4.0,0.0,0.0,0.0,18.0,8.0,5.0,3.0,8.0,5.0,12.0,3.0,0.0,0.0,0.0,0.0,,,3,W
139982820cd769e37c30,2022-23,2023-02-25,Nottingham Forest,West Ham United,A,J Gillett,0.0,4.0,0.0,0.0,8.0,18.0,3.0,5.0,5.0,8.0,3.0,12.0,0.0,0.0,0.0,0.0,,,0,L
7207502546d8ddbd33f0,2022-23,2023-02-25,Bournemouth,Manchester City,H,P Tierney,1.0,4.0,0.0,3.0,13.0,20.0,2.0,5.0,10.0,9.0,4.0,6.0,2.0,2.0,0.0,0.0,,,0,L
7207502546d8ddbd33f0,2022-23,2023-02-25,Manchester City,Bournemouth,A,P Tierney,4.0,1.0,3.0,0.0,20.0,13.0,5.0,2.0,9.0,10.0,6.0,4.0,2.0,2.0,0.0,0.0,,,3,W
ae14f94ef931b4e7bcd4,2022-23,2023-02-25,Crystal Palace,Liverpool,H,D England,0.0,0.0,0.0,0.0,6.0,12.0,0.0,4.0,11.0,14.0,5.0,3.0,2.0,5.0,0.0,0.0,,,1,D
ae14f94ef931b4e7bcd4,2022-23,2023-02-25,Liverpool,Crystal Palace,A,D England,0.0,0.0,0.0,0.0,12.0,6.0,4.0,0.0,14.0,11.0,3.0,5.0,5.0,2.0,0.0,0.0,,,1,D
25548fc19099ad013a99,2022-23,2023-02-26,Tottenham,Chelsea,H,S Attwell,2.0,0.0,0.0,0.0,8.0,10.0,3.0,2.0,10.0,10.0,4.0,4.0,2.0,3.0,0.0,0.0,,,3,W
25548fc19099ad013a99,2022-23,2023-02-26,Chelsea,Tottenham,A,S Attwell,0.0,2.0,0.0,0.0,10.0,8.0,2.0,3.0,10.0,10.0,4.0,4.0,3.0,2.0,0.0,0.0,,,0,L
8fb80c7700726a47d824,2022-23,2023-03-01,Arsenal,Everton,H,M Oliver,4.0,0.0,2.0,0.0,15.0,8.0,5.0,5.0,5.0,12.0,5.0,1.0,0.0,2.0,0.0,0.0,,,3,W
8fb80c7700726a47d824,2022-23,2023-03-01,Everton,Arsenal,A,M Oliver,0.0,4.0,0.0,2.0,8.0,15.0,5.0,5.0,12.0,5.0,1.0,5.0,2.0,0.0,0.0,0.0,,,0,L
29d10748d5c39b2df49e,2022-23,2023-03-01,Liverpool,Wolverhampton Wanderers,H,P Tierney,2.0,0.0,0.0,0.0,15.0,4.0,6.0,1.0,13.0,14.0,5.0,2.0,2.0,3.0,0.0,0.0,,,3,W
29d10748d5c39b2df49e,2022-23,2023-03-01,Wolverhampton Wanderers,Liverpool,A,P Tierney,0.0,2.0,0.0,0.0,4.0,15.0,1.0,6.0,14.0,13.0,2.0,5.0,3.0,2.0,0.0,0.0,,,0,L
ae903f24e8fbed3ac1c8,2022-23,2023-03-04,Manchester City,Newcastle United,H,S Hooper,2.0,0.0,1.0,0.0,11.0,5.0,3.0,2.0,8.0,13.0,8.0,4.0,2.0,4.0,0.0,0.0,,,3,W
ae903f24e8fbed3ac1c8,2022-23,2023-03-04,Newcastle United,Manchester City,A,S Hooper,0.0,2.0,0.0,1.0,5.0,11.0,2.0,3.0,13.0,8.0,4.0,8.0,4.0,2.0,0.0,0.0,,,0,L
a81ab1c723e88df7903a,2022-23,2023-03-04,Arsenal,Bournemouth,H,C Kavanagh,3.0,2.0,0.0,1.0,31.0,4.0,9.0,4.0,6.0,8.0,17.0,1.0,0.0,2.0,0.0,0.0,,,3,W
a81ab1c723e88df7903a,2022-23,2023-03-04,Bournemouth,Arsenal,A,C Kavanagh,2.0,3.0,1.0,0.0,4.0,31.0,4.0,9.0,8.0,6.0,1.0,17.0,2.0,0.0,0.0,0.0,,,0,L
255922eb01681ed26f30,2022-23,2023-03-04,Aston Villa,Crystal Palace,H,C Pawson,1.0,0.0,1.0,0.0,8.0,3.0,1.0,0.0,14.0,17.0,2.0,4.0,2.0,3.0,0.0,1.0,,,3,W
255922eb01681ed26f30,2022-23,2023-03-04,Crystal Palace,Aston Villa,A,C Pawson,0.0,1.0,0.0,1.0,3.0,8.0,0.0,1.0,17.0,14.0,4.0,2.0,3.0,2.0,1.0,0.0,,,0,L
79bb6b35578822ca934f,2022-23,2023-03-04,Brighton & Hove Albion,West Ham United,H,S Attwell,4.0,0.0,1.0,0.0,20.0,3.0,9.0,2.0,6.0,8.0,7.0,3.0,0.0,3.0,0.0,0.0,,,3,W
79bb6b35578822ca934f,2022-23,2023-03-04,West Ham United,Brighton & Hove Albion,A,S Attwell,0.0,4.0,0.0,1.0,3.0,20.0,2.0,9.0,8.0,6.0,3.0,7.0,3.0,0.0,0.0,0.0,,,0,L
94e0754377c2c66e868a,2022-23,2023-03-04,Chelsea,Leeds,H,M Oliver,1.0,0.0,0.0,0.0,13.0,11.0,3.0,2.0,10.0,7.0,5.0,7.0,2.0,0.0,0.0,0.0,,,3,W
94e0754377c2c66e868a,2022-23,2023-03-04,Leeds,Chelsea,A,M Oliver,0.0,1.0,0.0,0.0,11.0,13.0,2.0,3.0,7.0,10.0,7.0,5.0,0.0,2.0,0.0,0.0,,,0,L
7b2c2c1cdc9c81808370,2022-23,2023-03-04,Wolverhampton Wanderers,Tottenham,H,T Robinson,1.0,0.0,0.0,0.0,8.0,21.0,5.0,6.0,11.0,18.0,4.0,8.0,1.0,1.0,0.0,0.0,,,3,W
7b2c2c1cdc9c81808370,2022-23,2023-03-04,Tottenham,Wolverhampton Wanderers,A,T Robinson,0.0,1.0,0.0,0.0,21.0,8.0,6.0,5.0,18.0,11.0,8.0,4.0,1.0,1.0,0.0,0.0,,,0,L
5286605665bee474c9d3,2022-23,2023-03-04,Southampton,Leicester,H,R Jones,1.0,0.0,1.0,0.0,11.0,11.0,5.0,0.0,12.0,11.0,3.0,4.0,4.0,2.0,0.0,0.0,,,3,W
5286605665bee474c9d3,2022-23,2023-03-04,Leicester,Southampton,A,R Jones,0.0,1.0,0.0,1.0,11.0,11.0,0.0,5.0,11.0,12.0,4.0,3.0,2.0,4.0,0.0,0.0,,,0,L
fc17961b091ae7c27d02,2022-23,2023-03-05,Nottingham Forest,Everton,H,J Brooks,2.0,2.0,1.0,2.0,10.0,10.0,4.0,3.0,11.0,17.0,3.0,3.0,3.0,5.0,0.0,0.0,,,1,D
fc17961b091ae7c27d02,2022-23,2023-03-05,Everton,Nottingham Forest,A,J Brooks,2.0,2.0,2.0,1.0,10.0,10.0,3.0,4.0,17.0,11.0,3.0,3.0,5.0,3.0,0.0,0.0,,,1,D
14a2418c71a64fb1d95a,2022-23,2023-03-05,Liverpool,Manchester United,H,A Madley,7.0,0.0,1.0,0.0,18.0,8.0,8.0,4.0,13.0,14.0,4.0,3.0,2.0,3.0,0.0,0.0,,,3,W
14a2418c71a64fb1d95a,2022-23,2023-03-05,Manchester United,Liverpool,A,A Madley,0.0,7.0,0.0,1.0,8.0,18.0,4.0,8.0,14.0,13.0,3.0,4.0,3.0,2.0,0.0,0.0,,,0,L
fa4a9a7918a9592287f4,2022-23,2023-03-06,Brentford,Fulham,H,A Taylor,3.0,2.0,1.0,1.0,14.0,9.0,6.0,5.0,12.0,17.0,2.0,3.0,0.0,3.0,0.0,0.0,,,3,W
fa4a9a7918a9592287f4,2022-23,2023-03-06,Fulham,Brentford,A,A Taylor,2.0,3.0,1.0,1.0,9.0,14.0,5.0,6.0,17.0,12.0,3.0,2.0,3.0,0.0,0.0,0.0,,,0,L
0af4bf4b189bf8379a54,2022-23,2023-03-11,Bournemouth,Liverpool,H,J Brooks,1.0,0.0,1.0,0.0,5.0,15.0,2.0,6.0,7.0,9.0,3.0,8.0,2.0,1.0,0.0,0.0,,,3,W
0af4bf4b189bf8379a54,2022-23,2023-03-11,Liverpool,Bournemouth,A,J Brooks,0.0,1.0,0.0,1.0,15.0,5.0,6.0,2.0,9.0,7.0,8.0,3.0,1.0,2.0,0.0,0.0,,,0,L
89f1ca7e287760c89280,2022-23,2023-03-11,Everton,Brentford,H,S Hooper,1.0,0.0,1.0,0.0,13.0,12.0,6.0,4.0,11.0,12.0,5.0,8.0,2.0,1.0,0.0,0.0,,,3,W
89f1ca7e287760c89280,2022-23,2023-03-11,Brentford,Everton,A,S Hooper,0.0,1.0,0.0,1.0,12.0,13.0,4.0,6.0,12.0,11.0,8.0,5.0,1.0,2.0,0.0,0.0,,,0,L
aab8bde2df6f04611522,2022-23,2023-03-11,Leeds,Brighton & Hove Albion,H,P Tierney,2.0,2.0,1.0,1.0,12.0,14.0,4.0,2.0,12.0,9.0,4.0,7.0,1.0,1.0,0.0,0.0,,,1,D
aab8bde2df6f04611522,2022-23,2023-03-11,Brighton & Hove Albion,Leeds,A,P Tierney,2.0,2.0,1.0,1.0,14.0,12.0,2.0,4.0,9.0,12.0,7.0,4.0,1.0,1.0,0.0,0.0,,,1,D
eb50204125ff685baa0c,2022-23,2023-03-11,Leicester,Chelsea,H,A Marriner,1.0,3.0,1.0,2.0,17.0,12.0,7.0,6.0,10.0,11.0,2.0,5.0,1.0,2.0,1.0,0.0,,,0,L
eb50204125ff685baa0c,2022-23,2023-03-11,Chelsea,Leicester,A,A Marriner,3.0,1.0,2.0,1.0,12.0,17.0,6.0,7.0,11.0,10.0,5.0,2.0,2.0,1.0,0.0,1.0,,,3,W
dc97a0c536c55f988bbc,2022-23,2023-03-11,Tottenham,Nottingham Forest,H,C Pawson,3.0,1.0,2.0,0.0,15.0,9.0,7.0,5.0,13.0,13.0,2.0,10.0,3.0,1.0,0.0,0.0,,,3,W
dc97a0c536c55f988bbc,2022-23,2023-03-11,Nottingham Forest,Tottenham,A,C Pawson,1.0,3.0,0.0,2.0,9.0,15.0,5.0,7.0,13.0,13.0,10.0,2.0,1.0,3.0,0.0,0.0,,,0,L
430f9d5827707e430ed3,2022-23,2023-03-11,Crystal Palace,Manchester City,H,R Jones,0.0,1.0,0.0,0.0,4.0,14.0,0.0,4.0,11.0,17.0,2.0,6.0,2.0,2.0,0.0,0.0,,,0,L
430f9d5827707e430ed3,2022-23,2023-03-11,Manchester City,Crystal Palace,A,R Jones,1.0,0.0,0.0,0.0,14.0,4.0,4.0,0.0,17.0,11.0,6.0,2.0,2.0,2.0,0.0,0.0,,,3,W
ae8757472fc025aa0a21,2022-23,2023-03-12,Fulham,Arsenal,H,D Coote,0.0,3.0,0.0,3.0,12.0,15.0,2.0,7.0,10.0,9.0,4.0,8.0,0.0,1.0,0.0,0.0,,,0,L
ae8757472fc025aa0a21,2022-23,2023-03-12,Arsenal,Fulham,A,D Coote,3.0,0.0,3.0,0.0,15.0,12.0,7.0,2.0,9.0,10.0,8.0,4.0,1.0,0.0,0.0,0.0,,,3,W
9d5e1075c53bf0a4f84b,2022-23,2023-03-12,Manchester United,Southampton,H,A Taylor,0.0,0.0,0.0,0.0,10.0,17.0,4.0,4.0,12.0,9.0,7.0,8.0,2.0,0.0,0.0,0.0,,,1,D
9d5e1075c53bf0a4f84b,2022-23,2023-03-12,Southampton,Manchester United,A,A Taylor,0.0,0.0,0.0,0.0,17.0,10.0,4.0,4.0,9.0,12.0,8.0,7.0,0.0,2.0,0.0,0.0,,,1,D
e3dafca157a9822ec85a,2022-23,2023-03-12,West Ham United,Aston Villa,H,C Kavanagh,1.0,1.0,1.0,1.0,17.0,12.0,6.0,4.0,8.0,6.0,13.0,2.0,1.0,0.0,0.0,0.0,,,1,D
e3dafca157a9822ec85a,2022-23,2023-03-12,Aston Villa,West Ham United,A,C Kavanagh,1.0,1.0,1.0,1.0,12.0,17.0,4.0,6.0,6.0,8.0,2.0,13.0,0.0,1.0,0.0,0.0,,,1,D
8bc5370a4064ce9d7f93,2022-23,2023-03-12,Newcastle United,Wolverhampton Wanderers,H,A Madley,2.0,1.0,1.0,0.0,19.0,7.0,8.0,4.0,11.0,10.0,10.0,3.0,1.0,2.0,0.0,0.0,,,3,W
8bc5370a4064ce9d7f93,2022-23,2023-03-12,Wolverhampton Wanderers,Newcastle United,A,A Madley,1.0,2.0,0.0,1.0,7.0,19.0,4.0,8.0,10.0,11.0,3.0,10.0,2.0,1.0,0.0,0.0,,,0,L
41a7f4226876bfd531cf,2022-23,2023-03-15,Brighton & Hove Albion,Crystal Palace,H,P Bankes,1.0,0.0,1.0,0.0,11.0,11.0,5.0,3.0,13.0,20.0,1.0,4.0,1.0,2.0,0.0,0.0,,,3,W
41a7f4226876bfd531cf,2022-23,2023-03-15,Crystal Palace,Brighton & Hove Albion,A,P Bankes,0.0,1.0,0.0,1.0,11.0,11.0,3.0,5.0,20.0,13.0,4.0,1.0,2.0,1.0,0.0,0.0,,,0,L
e1dbe52d901e27f11c93,2022-23,2023-03-15,Southampton,Brentford,H,M Salisbury,0.0,2.0,0.0,1.0,7.0,11.0,1.0,5.0,14.0,10.0,3.0,3.0,1.0,2.0,0.0,0.0,,,0,L
e1dbe52d901e27f11c93,2022-23,2023-03-15,Brentford,Southampton,A,M Salisbury,2.0,0.0,1.0,0.0,11.0,7.0,5.0,1.0,10.0,14.0,3.0,3.0,2.0,1.0,0.0,0.0,,,3,W
3af26066976c02603b4b,2022-23,2023-03-17,Nottingham Forest,Newcastle United,H,P Tierney,1.0,2.0,1.0,1.0,5.0,15.0,3.0,4.0,17.0,9.0,3.0,7.0,5.0,1.0,0.0,0.0,,,0,L
3af26066976c02603b4b,2022-23,2023-03-17,Newcastle United,Nottingham Forest,A,P Tierney,2.0,1.0,1.0,1.0,15.0,5.0,4.0,3.0,9.0,17.0,7.0,3.0,1.0,5.0,0.0,0.0,,,3,W
8e71f436a08dfc765601,2022-23,2023-03-18,Aston Villa,Bournemouth,H,R Jones,3.0,0.0,1.0,0.0,20.0,10.0,9.0,3.0,8.0,13.0,9.0,6.0,1.0,4.0,0.0,0.0,,,3,W
8e71f436a08dfc765601,2022-23,2023-03-18,Bournemouth,Aston Villa,A,R Jones,0.0,3.0,0.0,1.0,10.0,20.0,3.0,9.0,13.0,8.0,6.0,9.0,4.0,1.0,0.0,0.0,,,0,L
68e1181c29eb0dc728be,2022-23,2023-03-18,Brentford,Leicester,H,D Bond,1.0,1.0,1.0,0.0,11.0,14.0,2.0,1.0,10.0,11.0,8.0,4.0,1.0,2.0,1.0,0.0,,,1,D
68e1181c29eb0dc728be,2022-23,2023-03-18,Leicester,Brentford,A,D Bond,1.0,1.0,0.0,1.0,14.0,11.0,1.0,2.0,11.0,10.0,4.0,8.0,2.0,1.0,0.0,1.0,,,1,D
906e5fcc20076e5c8c78,2022-23,2023-03-18,Southampton,Tottenham,H,S Hooper,3.0,3.0,0.0,1.0,19.0,17.0,7.0,3.0,13.0,8.0,10.0,3.0,1.0,1.0,0.0,0.0,,,1,D
906e5fcc20076e5c8c78,2022-23,2023-03-18,Tottenham,Southampton,A,S Hooper,3.0,3.0,1.0,0.0,17.0,19.0,3.0,7.0,8.0,13.0,3.0,10.0,1.0,1.0,0.0,0.0,,,1,D
a657e709aaa1ef8eb729,2022-23,2023-03-18,Wolverhampton Wanderers,Leeds,H,M Salisbury,2.0,4.0,0.0,1.0,23.0,11.0,8.0,4.0,15.0,9.0,5.0,4.0,3.0,5.0,1.0,0.0,,,0,L
a657e709aaa1ef8eb729,2022-23,2023-03-18,Leeds,Wolverhampton Wanderers,A,M Salisbury,4.0,2.0,1.0,0.0,11.0,23.0,4.0,8.0,9.0,15.0,4.0,5.0,5.0,3.0,0.0,1.0,,,3,W
1bf29fe445fe6a884e46,2022-23,2023-03-18,Chelsea,Everton,H,D England,2.0,2.0,0.0,0.0,20.0,12.0,7.0,3.0,8.0,12.0,8.0,2.0,2.0,2.0,0.0,0.0,,,1,D
1bf29fe445fe6a884e46,2022-23,2023-03-18,Everton,Chelsea,A,D England,2.0,2.0,0.0,0.0,12.0,20.0,3.0,7.0,12.0,8.0,2.0,8.0,2.0,2.0,0.0,0.0,,,1,D
2a41adcfd4b91ab863dc,2022-23,2023-03-19,Arsenal,Crystal Palace,H,S Attwell,4.0,1.0,2.0,0.0,15.0,8.0,5.0,4.0,8.0,10.0,5.0,4.0,0.0,1.0,0.0,0.0,,,3,W
2a41adcfd4b91ab863dc,2022-23,2023-03-19,Crystal Palace,Arsenal,A,S Attwell,1.0,4.0,0.0,2.0,8.0,15.0,4.0,5.0,10.0,8.0,4.0,5.0,1.0,0.0,0.0,0.0,,,0,L
f385a17aca485a48284f,2022-23,2023-04-01,Manchester City,Liverpool,H,S Hooper,4.0,1.0,1.0,1.0,17.0,4.0,8.0,1.0,9.0,12.0,7.0,1.0,1.0,1.0,0.0,0.0,,,3,W
f385a17aca485a48284f,2022-23,2023-04-01,Liverpool,Manchester City,A,S Hooper,1.0,4.0,1.0,1.0,4.0,17.0,1.0,8.0,12.0,9.0,1.0,7.0,1.0,1.0,0.0,0.0,,,0,L
cf4653bb41ce08cd534e,2022-23,2023-04-01,Arsenal,Leeds,H,D England,4.0,1.0,1.0,0.0,13.0,7.0,6.0,5.0,11.0,13.0,4.0,3.0,0.0,2.0,0.0,0.0,,,3,W
cf4653bb41ce08cd534e,2022-23,2023-04-01,Leeds,Arsenal,A,D England,1.0,4.0,0.0,1.0,7.0,13.0,5.0,6.0,13.0,11.0,3.0,4.0,2.0,0.0,0.0,0.0,,,0,L
55cede9f35401e454a00,2022-23,2023-04-01,Bournemouth,Fulham,H,P Bankes,2.0,1.0,0.0,1.0,12.0,10.0,7.0,2.0,15.0,13.0,4.0,3.0,1.0,4.0,0.0,0.0,,,3,W
55cede9f35401e454a00,2022-23,2023-04-01,Fulham,Bournemouth,A,P Bankes,1.0,2.0,1.0,0.0,10.0,12.0,2.0,7.0,13.0,15.0,3.0,4.0,4.0,1.0,0.0,0.0,,,0,L
bfe9314415b950ea009e,2022-23,2023-04-01,Brighton & Hove Albion,Brentford,H,M Oliver,3.0,3.0,2.0,2.0,33.0,7.0,15.0,5.0,16.0,10.0,14.0,0.0,2.0,1.0,0.0,0.0,,,1,D
bfe9314415b950ea009e,2022-23,2023-04-01,Brentford,Brighton & Hove Albion,A,M Oliver,3.0,3.0,2.0,2.0,7.0,33.0,5.0,15.0,10.0,16.0,0.0,14.0,1.0,2.0,0.0,0.0,,,1,D
4ecf2e74d6cc8e21417e,2022-23,2023-04-01,Crystal Palace,Leicester,H,T Robinson,2.0,1.0,0.0,0.0,31.0,3.0,9.0,2.0,12.0,16.0,10.0,1.0,3.0,4.0,0.0,0.0,,,3,W
4ecf2e74d6cc8e21417e,2022-23,2023-04-01,Leicester,Crystal Palace,A,T Robinson,1.0,2.0,0.0,0.0,3.0,31.0,2.0,9.0,16.0,12.0,1.0,10.0,4.0,3.0,0.0,0.0,,,0,L
eb39f57d488fc9792408,2022-23,2023-04-01,Nottingham Forest,Wolverhampton Wanderers,H,C Kavanagh,1.0,1.0,1.0,0.0,17.0,8.0,7.0,1.0,14.0,13.0,4.0,3.0,3.0,5.0,0.0,0.0,,,1,D
eb39f57d488fc9792408,2022-23,2023-04-01,Wolverhampton Wanderers,Nottingham Forest,A,C Kavanagh,1.0,1.0,0.0,1.0,8.0,17.0,1.0,7.0,13.0,14.0,3.0,4.0,5.0,3.0,0.0,0.0,,,1,D
913ff9bfc08feabfadcf,2022-23,2023-04-01,Chelsea,Aston Villa,H,A Madley,0.0,2.0,0.0,1.0,27.0,5.0,8.0,2.0,14.0,16.0,13.0,2.0,3.0,3.0,0.0,0.0,,,0,L
913ff9bfc08feabfadcf,2022-23,2023-04-01,Aston Villa,Chelsea,A,A Madley,2.0,0.0,1.0,0.0,5.0,27.0,2.0,8.0,16.0,14.0,2.0,13.0,3.0,3.0,0.0,0.0,,,3,W
3f4844c0c3fb29284257,2022-23,2023-04-02,West Ham United,Southampton,H,P Tierney,1.0,0.0,1.0,0.0,12.0,9.0,2.0,3.0,10.0,11.0,5.0,3.0,0.0,2.0,0.0,0.0,,,3,W
3f4844c0c3fb29284257,2022-23,2023-04-02,Southampton,West Ham United,A,P Tierney,0.0,1.0,0.0,1.0,9.0,12.0,3.0,2.0,11.0,10.0,3.0,5.0,2.0,0.0,0.0,0.0,,,0,L
80668ab78dc261b20d95,2022-23,2023-04-02,Newcastle United,Manchester United,H,S Attwell,2.0,0.0,0.0,0.0,22.0,6.0,6.0,1.0,8.0,12.0,7.0,4.0,0.0,0.0,0.0,0.0,,,3,W
80668ab78dc261b20d95,2022-23,2023-04-02,Manchester United,Newcastle United,A,S Attwell,0.0,2.0,0.0,0.0,6.0,22.0,1.0,6.0,12.0,8.0,4.0,7.0,0.0,0.0,0.0,0.0,,,0,L
a219b3e26340a11f9ca6,2022-23,2023-04-03,Everton,Tottenham,H,D Coote,1.0,1.0,0.0,0.0,15.0,8.0,6.0,2.0,10.0,14.0,3.0,3.0,0.0,3.0,1.0,1.0,,,1,D
a219b3e26340a11f9ca6,2022-23,2023-04-03,Tottenham,Everton,A,D Coote,1.0,1.0,0.0,0.0,8.0,15.0,2.0,6.0,14.0,10.0,3.0,3.0,3.0,0.0,1.0,1.0,,,1,D
2289b5d564054ae36f8b,2022-23,2023-04-04,Bournemouth,Brighton & Hove Albion,H,D Bond,0.0,2.0,0.0,1.0,14.0,16.0,3.0,6.0,11.0,5.0,5.0,5.0,1.0,1.0,0.0,0.0,,,0,L
2289b5d564054ae36f8b,2022-23,2023-04-04,Brighton & Hove Albion,Bournemouth,A,D Bond,2.0,0.0,1.0,0.0,16.0,14.0,6.0,3.0,5.0,11.0,5.0,5.0,1.0,1.0,0.0,0.0,,,3,W
4445e314c651e1ffebe1,2022-23,2023-04-04,Leeds,Nottingham Forest,H,R Jones,2.0,1.0,2.0,1.0,21.0,13.0,6.0,1.0,11.0,13.0,11.0,4.0,1.0,4.0,0.0,0.0,,,3,W
4445e314c651e1ffebe1,2022-23,2023-04-04,Nottingham Forest,Leeds,A,R Jones,1.0,2.0,1.0,2.0,13.0,21.0,1.0,6.0,13.0,11.0,4.0,11.0,4.0,1.0,0.0,0.0,,,0,L
2e9348ff288dd97f42f4,2022-23,2023-04-04,Leicester,Aston Villa,H,G Scott,1.0,2.0,1.0,1.0,9.0,15.0,4.0,5.0,10.0,14.0,4.0,8.0,2.0,0.0,1.0,0.0,,,0,L
2e9348ff288dd97f42f4,2022-23,2023-04-04,Aston Villa,Leicester,A,G Scott,2.0,1.0,1.0,1.0,15.0,9.0,5.0,4.0,14.0,10.0,8.0,4.0,0.0,2.0,0.0,1.0,,,3,W
824d35c4ccd2a4bc7716,2022-23,2023-04-04,Chelsea,Liverpool,H,A Taylor,0.0,0.0,0.0,0.0,12.0,7.0,3.0,4.0,6.0,17.0,3.0,5.0,1.0,4.0,0.0,0.0,,,1,D
824d35c4ccd2a4bc7716,2022-23,2023-04-04,Liverpool,Chelsea,A,A Taylor,0.0,0.0,0.0,0.0,7.0,12.0,4.0,3.0,17.0,6.0,5.0,3.0,4.0,1.0,0.0,0.0,,,1,D
ad6bad2dadda987cb73c,2022-23,2023-04-05,Manchester United,Brentford,H,J Brooks,1.0,0.0,1.0,0.0,18.0,6.0,3.0,1.0,8.0,13.0,12.0,3.0,3.0,2.0,0.0,0.0,,,3,W
ad6bad2dadda987cb73c,2022-23,2023-04-05,Brentford,Manchester United,A,J Brooks,0.0,1.0,0.0,1.0,6.0,18.0,1.0,3.0,13.0,8.0,3.0,12.0,2.0,3.0,0.0,0.0,,,0,L
8b0f162522573c28ba91,2022-23,2023-04-05,West Ham United,Newcastle United,H,C Pawson,1.0,5.0,1.0,2.0,7.0,15.0,2.0,8.0,11.0,12.0,7.0,6.0,2.0,1.0,0.0,0.0,,,0,L
8b0f162522573c28ba91,2022-23,2023-04-05,Newcastle United,West Ham United,A,C Pawson,5.0,1.0,2.0,1.0,15.0,7.0,8.0,2.0,12.0,11.0,6.0,7.0,1.0,2.0,0.0,0.0,,,3,W
1c0d410f00800729d4c2,2022-23,2023-04-08,Manchester United,Everton,H,M Oliver,2.0,0.0,1.0,0.0,29.0,15.0,11.0,1.0,10.0,9.0,10.0,4.0,0.0,0.0,0.0,0.0,,,3,W
1c0d410f00800729d4c2,2022-23,2023-04-08,Everton,Manchester United,A,M Oliver,0.0,2.0,0.0,1.0,15.0,29.0,1.0,11.0,9.0,10.0,4.0,10.0,0.0,0.0,0.0,0.0,,,0,L
b1f17997710b65c2acff,2022-23,2023-04-08,Aston Villa,Nottingham Forest,H,A Taylor,2.0,0.0,0.0,0.0,8.0,6.0,3.0,2.0,7.0,17.0,1.0,8.0,3.0,4.0,0.0,0.0,,,3,W
b1f17997710b65c2acff,2022-23,2023-04-08,Nottingham Forest,Aston Villa,A,A Taylor,0.0,2.0,0.0,0.0,6.0,8.0,2.0,3.0,17.0,7.0,8.0,1.0,4.0,3.0,0.0,0.0,,,0,L
e8f5f2754e83342c7482,2022-23,2023-04-08,Brentford,Newcastle United,H,C Kavanagh,1.0,2.0,1.0,0.0,12.0,10.0,6.0,4.0,10.0,15.0,6.0,5.0,0.0,0.0,0.0,0.0,,,0,L
e8f5f2754e83342c7482,2022-23,2023-04-08,Newcastle United,Brentford,A,C Kavanagh,2.0,1.0,0.0,1.0,10.0,12.0,4.0,6.0,15.0,10.0,5.0,6.0,0.0,0.0,0.0,0.0,,,3,W
7ad7ae801cbd86f70c61,2022-23,2023-04-08,Fulham,West Ham United,H,J Gillett,0.0,1.0,0.0,1.0,16.0,9.0,3.0,5.0,10.0,12.0,11.0,4.0,1.0,1.0,0.0,0.0,,,0,L
7ad7ae801cbd86f70c61,2022-23,2023-04-08,West Ham United,Fulham,A,J Gillett,1.0,0.0,1.0,0.0,9.0,16.0,5.0,3.0,12.0,10.0,4.0,11.0,1.0,1.0,0.0,0.0,,,3,W
34ea7c547003a11fb980,2022-23,2023-04-08,Leicester,Bournemouth,H,D Coote,0.0,1.0,0.0,1.0,14.0,19.0,4.0,7.0,10.0,13.0,6.0,6.0,0.0,3.0,0.0,0.0,,,0,L
34ea7c547003a11fb980,2022-23,2023-04-08,Bournemouth,Leicester,A,D Coote,1.0,0.0,1.0,0.0,19.0,14.0,7.0,4.0,13.0,10.0,6.0,6.0,3.0,0.0,0.0,0.0,,,3,W
39e69df1c075aedb6bf2,2022-23,2023-04-08,Tottenham,Brighton & Hove Albion,H,S Attwell,2.0,1.0,1.0,1.0,9.0,17.0,3.0,4.0,15.0,15.0,3.0,7.0,3.0,1.0,0.0,0.0,,,3,W
39e69df1c075aedb6bf2,2022-23,2023-04-08,Brighton & Hove Albion,Tottenham,A,S Attwell,1.0,2.0,1.0,1.0,17.0,9.0,4.0,3.0,15.0,15.0,7.0,3.0,1.0,3.0,0.0,0.0,,,0,L
12c2d360774158a32ee1,2022-23,2023-04-08,Wolverhampton Wanderers,Chelsea,H,P Bankes,1.0,0.0,1.0,0.0,9.0,13.0,4.0,1.0,14.0,10.0,8.0,8.0,2.0,5.0,0.0,0.0,,,3,W
12c2d360774158a32ee1,2022-23,2023-04-08,Chelsea,Wolverhampton Wanderers,A,P Bankes,0.0,1.0,0.0,1.0,13.0,9.0,1.0,4.0,10.0,14.0,8.0,8.0,5.0,2.0,0.0,0.0,,,0,L
4c53b3e5cac6c26e0eb6,2022-23,2023-04-08,Southampton,Manchester City,H,R Jones,1.0,4.0,0.0,1.0,4.0,13.0,1.0,8.0,6.0,10.0,0.0,10.0,0.0,2.0,0.0,0.0,,,0,L
4c53b3e5cac6c26e0eb6,2022-23,2023-04-08,Manchester City,Southampton,A,R Jones,4.0,1.0,1.0,0.0,13.0,4.0,8.0,1.0,10.0,6.0,10.0,0.0,2.0,0.0,0.0,0.0,,,3,W
1994dee26abc999110d4,2022-23,2023-04-09,Leeds,Crystal Palace,H,S Hooper,1.0,5.0,1.0,1.0,11.0,16.0,7.0,8.0,11.0,8.0,2.0,4.0,3.0,1.0,0.0,0.0,,,0,L
1994dee26abc999110d4,2022-23,2023-04-09,Crystal Palace,Leeds,A,S Hooper,5.0,1.0,1.0,1.0,16.0,11.0,8.0,7.0,8.0,11.0,4.0,2.0,1.0,3.0,0.0,0.0,,,3,W
1825011f99c1c6f4d5a7,2022-23,2023-04-09,Liverpool,Arsenal,H,P Tierney,2.0,2.0,1.0,2.0,21.0,9.0,6.0,5.0,11.0,11.0,5.0,4.0,4.0,4.0,0.0,0.0,,,1,D
1825011f99c1c6f4d5a7,2022-23,2023-04-09,Arsenal,Liverpool,A,P Tierney,2.0,2.0,2.0,1.0,9.0,21.0,5.0,6.0,11.0,11.0,4.0,5.0,4.0,4.0,0.0,0.0,,,1,D
88d5531047e6e7f02c1a,2022-23,2023-04-15,Aston Villa,Newcastle United,H,J Brooks,3.0,0.0,1.0,0.0,16.0,8.0,6.0,2.0,13.0,15.0,7.0,2.0,1.0,1.0,0.0,0.0,,,3,W
88d5531047e6e7f02c1a,2022-23,2023-04-15,Newcastle United,Aston Villa,A,J Brooks,0.0,3.0,0.0,1.0,8.0,16.0,2.0,6.0,15.0,13.0,2.0,7.0,1.0,1.0,0.0,0.0,,,0,L
c9c406212d345357cf27,2022-23,2023-04-15,Chelsea,Brighton & Hove Albion,H,R Jones,1.0,2.0,1.0,1.0,8.0,26.0,2.0,10.0,11.0,11.0,2.0,8.0,2.0,2.0,0.0,0.0,,,0,L
c9c406212d345357cf27,2022-23,2023-04-15,Brighton & Hove Albion,Chelsea,A,R Jones,2.0,1.0,1.0,1.0,26.0,8.0,10.0,2.0,11.0,11.0,8.0,2.0,2.0,2.0,0.0,0.0,,,3,W
5e7a858ff478c9fb85e5,2022-23,2023-04-15,Everton,Fulham,H,A Taylor,1.0,3.0,1.0,1.0,15.0,21.0,7.0,7.0,10.0,6.0,4.0,8.0,3.0,2.0,0.0,0.0,,,0,L
5e7a858ff478c9fb85e5,2022-23,2023-04-15,Fulham,Everton,A,A Taylor,3.0,1.0,1.0,1.0,21.0,15.0,7.0,7.0,6.0,10.0,8.0,4.0,2.0,3.0,0.0,0.0,,,3,W
6acc0e4cd2cb371649d7,2022-23,2023-04-15,Southampton,Crystal Palace,H,M Oliver,0.0,2.0,0.0,0.0,11.0,9.0,4.0,2.0,6.0,13.0,6.0,2.0,3.0,1.0,0.0,0.0,,,0,L
6acc0e4cd2cb371649d7,2022-23,2023-04-15,Crystal Palace,Southampton,A,M Oliver,2.0,0.0,0.0,0.0,9.0,11.0,2.0,4.0,13.0,6.0,2.0,6.0,1.0,3.0,0.0,0.0,,,3,W
efda360678cf0d30ac0b,2022-23,2023-04-15,Tottenham,Bournemouth,H,A Madley,2.0,3.0,1.0,1.0,24.0,6.0,8.0,6.0,8.0,9.0,8.0,1.0,1.0,2.0,0.0,0.0,,,0,L
efda360678cf0d30ac0b,2022-23,2023-04-15,Bournemouth,Tottenham,A,A Madley,3.0,2.0,1.0,1.0,6.0,24.0,6.0,8.0,9.0,8.0,1.0,8.0,2.0,1.0,0.0,0.0,,,3,W
ffa369d55aba7172525c,2022-23,2023-04-15,Wolverhampton Wanderers,Brentford,H,P Tierney,2.0,0.0,1.0,0.0,11.0,10.0,9.0,3.0,12.0,8.0,5.0,2.0,1.0,1.0,0.0,0.0,,,3,W
ffa369d55aba7172525c,2022-23,2023-04-15,Brentford,Wolverhampton Wanderers,A,P Tierney,0.0,2.0,0.0,1.0,10.0,11.0,3.0,9.0,8.0,12.0,2.0,5.0,1.0,1.0,0.0,0.0,,,0,L
228167a8fb037d70436d,2022-23,2023-04-15,Manchester City,Leicester,H,D England,3.0,1.0,3.0,0.0,12.0,10.0,4.0,4.0,8.0,8.0,6.0,2.0,1.0,1.0,0.0,0.0,,,3,W
228167a8fb037d70436d,2022-23,2023-04-15,Leicester,Manchester City,A,D England,1.0,3.0,0.0,3.0,10.0,12.0,4.0,4.0,8.0,8.0,2.0,6.0,1.0,1.0,0.0,0.0,,,0,L
5b465ecd7769b373ff1b,2022-23,2023-04-16,West Ham United,Arsenal,H,D Coote,2.0,2.0,1.0,2.0,16.0,11.0,3.0,5.0,11.0,8.0,7.0,2.0,1.0,2.0,0.0,0.0,,,1,D
5b465ecd7769b373ff1b,2022-23,2023-04-16,Arsenal,West Ham United,A,D Coote,2.0,2.0,2.0,1.0,11.0,16.0,5.0,3.0,8.0,11.0,2.0,7.0,2.0,1.0,0.0,0.0,,,1,D
05bcd23689ccdd0b4cf6,2022-23,2023-04-16,Nottingham Forest,Manchester United,H,S Hooper,0.0,2.0,0.0,1.0,6.0,22.0,0.0,8.0,9.0,9.0,4.0,9.0,2.0,2.0,0.0,0.0,,,0,L
05bcd23689ccdd0b4cf6,2022-23,2023-04-16,Manchester United,Nottingham Forest,A,S Hooper,2.0,0.0,1.0,0.0,22.0,6.0,8.0,0.0,9.0,9.0,9.0,4.0,2.0,2.0,0.0,0.0,,,3,W
f2a272ed60aa61e7cc3a,2022-23,2023-04-17,Leeds,Liverpool,H,C Pawson,1.0,6.0,0.0,2.0,13.0,13.0,3.0,7.0,6.0,12.0,4.0,2.0,0.0,1.0,0.0,0.0,,,0,L
f2a272ed60aa61e7cc3a,2022-23,2023-04-17,Liverpool,Leeds,A,C Pawson,6.0,1.0,2.0,0.0,13.0,13.0,7.0,3.0,12.0,6.0,2.0,4.0,1.0,0.0,0.0,0.0,,,3,W
1ead03f2af7ac40b7aae,2022-23,2023-04-21,Arsenal,Southampton,H,S Hooper,3.0,3.0,1.0,2.0,25.0,8.0,6.0,6.0,10.0,14.0,7.0,2.0,1.0,5.0,0.0,0.0,,,1,D
1ead03f2af7ac40b7aae,2022-23,2023-04-21,Southampton,Arsenal,A,S Hooper,3.0,3.0,2.0,1.0,8.0,25.0,6.0,6.0,14.0,10.0,2.0,7.0,5.0,1.0,0.0,0.0,,,1,D
deabc102e9851d4705c8,2022-23,2023-04-22,Fulham,Leeds,H,P Bankes,2.0,1.0,0.0,0.0,12.0,10.0,5.0,2.0,10.0,15.0,8.0,6.0,1.0,4.0,0.0,0.0,,,3,W
deabc102e9851d4705c8,2022-23,2023-04-22,Leeds,Fulham,A,P Bankes,1.0,2.0,0.0,0.0,10.0,12.0,2.0,5.0,15.0,10.0,6.0,8.0,4.0,1.0,0.0,0.0,,,0,L
0527dca1aca568446cbd,2022-23,2023-04-22,Brentford,Aston Villa,H,M Salisbury,1.0,1.0,0.0,0.0,6.0,14.0,5.0,2.0,12.0,8.0,8.0,4.0,3.0,2.0,0.0,0.0,,,1,D
0527dca1aca568446cbd,2022-23,2023-04-22,Aston Villa,Brentford,A,M Salisbury,1.0,1.0,0.0,0.0,14.0,6.0,2.0,5.0,8.0,12.0,4.0,8.0,2.0,3.0,0.0,0.0,,,1,D
46b29108569523246d69,2022-23,2023-04-22,Crystal Palace,Everton,H,J Brooks,0.0,0.0,0.0,0.0,12.0,10.0,2.0,5.0,12.0,14.0,8.0,1.0,1.0,1.0,0.0,1.0,,,1,D
46b29108569523246d69,2022-23,2023-04-22,Everton,Crystal Palace,A,J Brooks,0.0,0.0,0.0,0.0,10.0,12.0,5.0,2.0,14.0,12.0,1.0,8.0,1.0,1.0,1.0,0.0,,,1,D
107d219925cdcb045346,2022-23,2023-04-22,Leicester,Wolverhampton Wanderers,H,A Madley,2.0,1.0,1.0,1.0,15.0,16.0,8.0,3.0,17.0,16.0,1.0,7.0,1.0,3.0,0.0,0.0,,,3,W
107d219925cdcb045346,2022-23,2023-04-22,Wolverhampton Wanderers,Leicester,A,A Madley,1.0,2.0,1.0,1.0,16.0,15.0,3.0,8.0,16.0,17.0,7.0,1.0,3.0,1.0,0.0,0.0,,,0,L
71c0ede399bfabc4a1a0,2022-23,2023-04-22,Liverpool,Nottingham Forest,H,M Oliver,3.0,2.0,0.0,0.0,18.0,11.0,6.0,5.0,9.0,12.0,9.0,3.0,0.0,1.0,0.0,0.0,,,3,W
71c0ede399bfabc4a1a0,2022-23,2023-04-22,Nottingham Forest,Liverpool,A,M Oliver,2.0,3.0,0.0,0.0,11.0,18.0,5.0,6.0,12.0,9.0,3.0,9.0,1.0,0.0,0.0,0.0,,,0,L
942db0742c88e27d4b01,2022-23,2023-04-23,Bournemouth,West Ham United,H,A Taylor,0.0,4.0,0.0,3.0,17.0,18.0,5.0,10.0,7.0,8.0,8.0,5.0,1.0,2.0,0.0,0.0,,,0,L
942db0742c88e27d4b01,2022-23,2023-04-23,West Ham United,Bournemouth,A,A Taylor,4.0,0.0,3.0,0.0,18.0,17.0,10.0,5.0,8.0,7.0,5.0,8.0,2.0,1.0,0.0,0.0,,,3,W
e9eb9b13d0678863f87b,2022-23,2023-04-23,Newcastle United,Tottenham,H,D Coote,6.0,1.0,5.0,0.0,25.0,11.0,8.0,3.0,7.0,13.0,9.0,3.0,0.0,3.0,0.0,0.0,,,3,W
e9eb9b13d0678863f87b,2022-23,2023-04-23,Tottenham,Newcastle United,A,D Coote,1.0,6.0,0.0,5.0,11.0,25.0,3.0,8.0,13.0,7.0,3.0,9.0,3.0,0.0,0.0,0.0,,,0,L
15cd8ff7db121f50d1cf,2022-23,2023-04-25,Wolverhampton Wanderers,Crystal Palace,H,R Jones,2.0,0.0,1.0,0.0,9.0,14.0,3.0,4.0,13.0,14.0,6.0,11.0,5.0,4.0,0.0,0.0,,,3,W
15cd8ff7db121f50d1cf,2022-23,2023-04-25,Crystal Palace,Wolverhampton Wanderers,A,R Jones,0.0,2.0,0.0,1.0,14.0,9.0,4.0,3.0,14.0,13.0,11.0,6.0,4.0,5.0,0.0,0.0,,,0,L
862dfa48e475b669d0fe,2022-23,2023-04-25,Aston Villa,Fulham,H,T Bramall,1.0,0.0,1.0,0.0,14.0,1.0,3.0,0.0,6.0,18.0,8.0,2.0,3.0,2.0,0.0,0.0,,,3,W
862dfa48e475b669d0fe,2022-23,2023-04-25,Fulham,Aston Villa,A,T Bramall,0.0,1.0,0.0,1.0,1.0,14.0,0.0,3.0,18.0,6.0,2.0,8.0,2.0,3.0,0.0,0.0,,,0,L
1bc7b98de5dfff5f86f0,2022-23,2023-04-25,Leeds,Leicester,H,P Tierney,1.0,1.0,1.0,0.0,13.0,15.0,3.0,3.0,14.0,15.0,3.0,6.0,4.0,2.0,0.0,0.0,,,1,D
1bc7b98de5dfff5f86f0,2022-23,2023-04-25,Leicester,Leeds,A,P Tierney,1.0,1.0,0.0,1.0,15.0,13.0,3.0,3.0,15.0,14.0,6.0,3.0,2.0,4.0,0.0,0.0,,,1,D
b8101018f36cb209189c,2022-23,2023-04-26,Nottingham Forest,Brighton & Hove Albion,H,J Gillett,3.0,1.0,1.0,1.0,12.0,17.0,5.0,7.0,7.0,8.0,2.0,7.0,2.0,0.0,0.0,0.0,,,3,W
b8101018f36cb209189c,2022-23,2023-04-26,Brighton & Hove Albion,Nottingham Forest,A,J Gillett,1.0,3.0,1.0,1.0,17.0,12.0,7.0,5.0,8.0,7.0,7.0,2.0,0.0,2.0,0.0,0.0,,,0,L
d68ba8d1b5071e82da2e,2022-23,2023-04-26,Chelsea,Brentford,H,A Madley,0.0,2.0,0.0,1.0,15.0,7.0,4.0,1.0,5.0,13.0,5.0,2.0,1.0,2.0,0.0,0.0,,,0,L
d68ba8d1b5071e82da2e,2022-23,2023-04-26,Brentford,Chelsea,A,A Madley,2.0,0.0,1.0,0.0,7.0,15.0,1.0,4.0,13.0,5.0,2.0,5.0,2.0,1.0,0.0,0.0,,,3,W
ce900c4dc5384313d2ee,2022-23,2023-04-26,West Ham United,Liverpool,H,C Kavanagh,1.0,2.0,1.0,1.0,7.0,20.0,2.0,4.0,6.0,8.0,3.0,6.0,0.0,0.0,0.0,0.0,,,0,L
ce900c4dc5384313d2ee,2022-23,2023-04-26,Liverpool,West Ham United,A,C Kavanagh,2.0,1.0,1.0,1.0,20.0,7.0,4.0,2.0,8.0,6.0,6.0,3.0,0.0,0.0,0.0,0.0,,,3,W
4db7bd83efb89836bd78,2022-23,2023-04-26,Manchester City,Arsenal,H,M Oliver,4.0,1.0,2.0,0.0,14.0,8.0,9.0,2.0,13.0,13.0,1.0,3.0,3.0,1.0,0.0,0.0,,,3,W
4db7bd83efb89836bd78,2022-23,2023-04-26,Arsenal,Manchester City,A,M Oliver,1.0,4.0,0.0,2.0,8.0,14.0,2.0,9.0,13.0,13.0,3.0,1.0,1.0,3.0,0.0,0.0,,,0,L
7781d01df8a931c19c60,2022-23,2023-04-27,Everton,Newcastle United,H,A Marriner,1.0,4.0,0.0,1.0,13.0,15.0,5.0,8.0,8.0,6.0,3.0,14.0,2.0,1.0,0.0,0.0,,,0,L
7781d01df8a931c19c60,2022-23,2023-04-27,Newcastle United,Everton,A,A Marriner,4.0,1.0,1.0,0.0,15.0,13.0,8.0,5.0,6.0,8.0,14.0,3.0,1.0,2.0,0.0,0.0,,,3,W
4ad54fd7e033e4e4f5eb,2022-23,2023-04-27,Southampton,Bournemouth,H,D England,0.0,1.0,0.0,0.0,11.0,16.0,2.0,2.0,9.0,11.0,6.0,4.0,0.0,3.0,0.0,0.0,,,0,L
4ad54fd7e033e4e4f5eb,2022-23,2023-04-27,Bournemouth,Southampton,A,D England,1.0,0.0,0.0,0.0,16.0,11.0,2.0,2.0,11.0,9.0,4.0,6.0,3.0,0.0,0.0,0.0,,,3,W
67f59604c9cfd1f654d3,2022-23,2023-04-27,Tottenham,Manchester United,H,A Taylor,2.0,2.0,0.0,2.0,18.0,17.0,7.0,8.0,8.0,7.0,6.0,8.0,1.0,2.0,0.0,0.0,,,1,D
67f59604c9cfd1f654d3,2022-23,2023-04-27,Manchester United,Tottenham,A,A Taylor,2.0,2.0,2.0,0.0,17.0,18.0,8.0,7.0,7.0,8.0,8.0,6.0,2.0,1.0,0.0,0.0,,,1,D
16ca9ec8b32a97e9c0b4,2022-23,2023-04-29,Crystal Palace,West Ham United,H,C Pawson,4.0,3.0,3.0,2.0,16.0,8.0,6.0,4.0,9.0,17.0,8.0,5.0,1.0,2.0,0.0,0.0,,,3,W
16ca9ec8b32a97e9c0b4,2022-23,2023-04-29,West Ham United,Crystal Palace,A,C Pawson,3.0,4.0,2.0,3.0,8.0,16.0,4.0,6.0,17.0,9.0,5.0,8.0,2.0,1.0,0.0,0.0,,,0,L
f622b7298c404687e13a,2022-23,2023-04-29,Brentford,Nottingham Forest,H,P Bankes,2.0,1.0,0.0,1.0,14.0,5.0,8.0,3.0,6.0,13.0,6.0,0.0,1.0,2.0,0.0,0.0,,,3,W
f622b7298c404687e13a,2022-23,2023-04-29,Nottingham Forest,Brentford,A,P Bankes,1.0,2.0,1.0,0.0,5.0,14.0,3.0,8.0,13.0,6.0,0.0,6.0,2.0,1.0,0.0,0.0,,,0,L
b3661b8aec4b3f5d413c,2022-23,2023-04-29,Brighton & Hove Albion,Wolverhampton Wanderers,H,D Coote,6.0,0.0,4.0,0.0,22.0,10.0,8.0,2.0,14.0,11.0,2.0,5.0,1.0,1.0,0.0,0.0,,,3,W
b3661b8aec4b3f5d413c,2022-23,2023-04-29,Wolverhampton Wanderers,Brighton & Hove Albion,A,D Coote,0.0,6.0,0.0,4.0,10.0,22.0,2.0,8.0,11.0,14.0,5.0,2.0,1.0,1.0,0.0,0.0,,,0,L
d29696438b8544be5636,2022-23,2023-04-30,Bournemouth,Leeds,H,C Kavanagh,4.0,1.0,2.0,1.0,12.0,15.0,7.0,6.0,12.0,14.0,2.0,6.0,1.0,0.0,0.0,0.0,,,3,W
d29696438b8544be5636,2022-23,2023-04-30,Leeds,Bournemouth,A,C Kavanagh,1.0,4.0,1.0,2.0,15.0,12.0,6.0,7.0,14.0,12.0,6.0,2.0,0.0,1.0,0.0,0.0,,,0,L
2e643cec9c930233c9e7,2022-23,2023-04-30,Fulham,Manchester City,H,S Hooper,1.0,2.0,1.0,2.0,4.0,12.0,1.0,9.0,9.0,10.0,2.0,5.0,1.0,3.0,0.0,0.0,,,0,L
2e643cec9c930233c9e7,2022-23,2023-04-30,Manchester City,Fulham,A,S Hooper,2.0,1.0,2.0,1.0,12.0,4.0,9.0,1.0,10.0,9.0,5.0,2.0,3.0,1.0,0.0,0.0,,,3,W
b1e90e84da65206c7d45,2022-23,2023-04-30,Manchester United,Aston Villa,H,J Gillett,1.0,0.0,1.0,0.0,14.0,7.0,6.0,1.0,16.0,7.0,1.0,4.0,2.0,0.0,0.0,0.0,,,3,W
b1e90e84da65206c7d45,2022-23,2023-04-30,Aston Villa,Manchester United,A,J Gillett,0.0,1.0,0.0,1.0,7.0,14.0,1.0,6.0,7.0,16.0,4.0,1.0,0.0,2.0,0.0,0.0,,,0,L
800d918f6aabe6d38854,2022-23,2023-04-30,Newcastle United,Southampton,H,A Taylor,3.0,1.0,0.0,1.0,22.0,4.0,5.0,3.0,7.0,10.0,11.0,2.0,1.0,4.0,0.0,0.0,,,3,W
800d918f6aabe6d38854,2022-23,2023-04-30,Southampton,Newcastle United,A,A Taylor,1.0,3.0,1.0,0.0,4.0,22.0,3.0,5.0,10.0,7.0,2.0,11.0,4.0,1.0,0.0,0.0,,,0,L
ab12c2f76633ff83ce39,2022-23,2023-04-30,Liverpool,Tottenham,H,P Tierney,4.0,3.0,3.0,1.0,12.0,10.0,4.0,7.0,12.0,6.0,5.0,2.0,3.0,2.0,0.0,0.0,,,3,W
ab12c2f76633ff83ce39,2022-23,2023-04-30,Tottenham,Liverpool,A,P Tierney,3.0,4.0,1.0,3.0,10.0,12.0,7.0,4.0,6.0,12.0,2.0,5.0,2.0,3.0,0.0,0.0,,,0,L
53d1137761157e823a32,2022-23,2023-05-01,Leicester,Everton,H,M Oliver,2.0,2.0,2.0,1.0,15.0,23.0,6.0,8.0,10.0,12.0,2.0,9.0,4.0,1.0,0.0,0.0,,,1,D
53d1137761157e823a32,2022-23,2023-05-01,Everton,Leicester,A,M Oliver,2.0,2.0,1.0,2.0,23.0,15.0,8.0,6.0,12.0,10.0,9.0,2.0,1.0,4.0,0.0,0.0,,,1,D
759740e91546e13f1a3b,2022-23,2023-05-02,Arsenal,Chelsea,H,R Jones,3.0,1.0,3.0,0.0,16.0,7.0,10.0,4.0,10.0,10.0,7.0,2.0,0.0,2.0,0.0,0.0,,,3,W
759740e91546e13f1a3b,2022-23,2023-05-02,Chelsea,Arsenal,A,R Jones,1.0,3.0,0.0,3.0,7.0,16.0,4.0,10.0,10.0,10.0,2.0,7.0,2.0,0.0,0.0,0.0,,,0,L
bb85f3893db55f7dbc58,2022-23,2023-05-03,Liverpool,Fulham,H,S Attwell,1.0,0.0,1.0,0.0,15.0,9.0,3.0,3.0,10.0,8.0,7.0,5.0,0.0,0.0,0.0,0.0,,,3,W
bb85f3893db55f7dbc58,2022-23,2023-05-03,Fulham,Liverpool,A,S Attwell,0.0,1.0,0.0,1.0,9.0,15.0,3.0,3.0,8.0,10.0,5.0,7.0,0.0,0.0,0.0,0.0,,,0,L
fb3159dea2edb0dc40c5,2022-23,2023-05-03,Manchester City,West Ham United,H,J Brooks,3.0,0.0,0.0,0.0,16.0,6.0,7.0,2.0,8.0,8.0,6.0,3.0,0.0,1.0,0.0,0.0,,,3,W
fb3159dea2edb0dc40c5,2022-23,2023-05-03,West Ham United,Manchester City,A,J Brooks,0.0,3.0,0.0,0.0,6.0,16.0,2.0,7.0,8.0,8.0,3.0,6.0,1.0,0.0,0.0,0.0,,,0,L
69f0056ec7dc59a86d0b,2022-23,2023-05-04,Brighton & Hove Albion,Manchester United,H,A Marriner,1.0,0.0,0.0,0.0,22.0,16.0,6.0,5.0,10.0,14.0,8.0,6.0,4.0,4.0,0.0,0.0,,,3,W
69f0056ec7dc59a86d0b,2022-23,2023-05-04,Manchester United,Brighton & Hove Albion,A,A Marriner,0.0,1.0,0.0,0.0,16.0,22.0,5.0,6.0,14.0,10.0,6.0,8.0,4.0,4.0,0.0,0.0,,,0,L
3599af6dbec6945984f8,2022-23,2023-05-06,Bournemouth,Chelsea,H,J Brooks,1.0,3.0,1.0,1.0,10.0,11.0,4.0,5.0,9.0,11.0,7.0,7.0,1.0,3.0,0.0,0.0,,,0,L
3599af6dbec6945984f8,2022-23,2023-05-06,Chelsea,Bournemouth,A,J Brooks,3.0,1.0,1.0,1.0,11.0,10.0,5.0,4.0,11.0,9.0,7.0,7.0,3.0,1.0,0.0,0.0,,,3,W
afa7e659f5eb1c0c7431,2022-23,2023-05-06,Manchester City,Leeds,H,A Madley,2.0,1.0,2.0,0.0,18.0,4.0,6.0,2.0,3.0,16.0,10.0,1.0,0.0,3.0,0.0,0.0,,,3,W
afa7e659f5eb1c0c7431,2022-23,2023-05-06,Leeds,Manchester City,A,A Madley,1.0,2.0,0.0,2.0,4.0,18.0,2.0,6.0,16.0,3.0,1.0,10.0,3.0,0.0,0.0,0.0,,,0,L
008c856ba2eae948942b,2022-23,2023-05-06,Tottenham,Crystal Palace,H,D England,1.0,0.0,1.0,0.0,8.0,7.0,3.0,2.0,15.0,14.0,8.0,4.0,3.0,5.0,0.0,0.0,,,3,W
008c856ba2eae948942b,2022-23,2023-05-06,Crystal Palace,Tottenham,A,D England,0.0,1.0,0.0,1.0,7.0,8.0,2.0,3.0,14.0,15.0,4.0,8.0,5.0,3.0,0.0,0.0,,,0,L
001f76b39ff89a6ef6b4,2022-23,2023-05-06,Wolverhampton Wanderers,Aston Villa,H,S Attwell,1.0,0.0,1.0,0.0,6.0,16.0,2.0,3.0,20.0,9.0,5.0,6.0,3.0,3.0,0.0,0.0,,,3,W
001f76b39ff89a6ef6b4,2022-23,2023-05-06,Aston Villa,Wolverhampton Wanderers,A,S Attwell,0.0,1.0,0.0,1.0,16.0,6.0,3.0,2.0,9.0,20.0,6.0,5.0,3.0,3.0,0.0,0.0,,,0,L
cbc4d3761c5487192c82,2022-23,2023-05-06,Liverpool,Brentford,H,A Taylor,1.0,0.0,1.0,0.0,15.0,5.0,5.0,1.0,19.0,10.0,7.0,3.0,4.0,2.0,0.0,0.0,,,3,W
cbc4d3761c5487192c82,2022-23,2023-05-06,Brentford,Liverpool,A,A Taylor,0.0,1.0,0.0,1.0,5.0,15.0,1.0,5.0,10.0,19.0,3.0,7.0,2.0,4.0,0.0,0.0,,,0,L
2d48a4d9b63ce4226ef8,2022-23,2023-05-07,Newcastle United,Arsenal,H,C Kavanagh,0.0,2.0,0.0,1.0,12.0,10.0,5.0,6.0,16.0,12.0,9.0,4.0,2.0,1.0,0.0,0.0,,,0,L
2d48a4d9b63ce4226ef8,2022-23,2023-05-07,Arsenal,Newcastle United,A,C Kavanagh,2.0,0.0,1.0,0.0,10.0,12.0,6.0,5.0,12.0,16.0,4.0,9.0,1.0,2.0,0.0,0.0,,,3,W
66bcd715f2bd75f314b6,2022-23,2023-05-07,West Ham United,Manchester United,H,P Bankes,1.0,0.0,1.0,0.0,15.0,19.0,4.0,4.0,4.0,9.0,5.0,6.0,0.0,2.0,0.0,0.0,,,3,W
66bcd715f2bd75f314b6,2022-23,2023-05-07,Manchester United,West Ham United,A,P Bankes,0.0,1.0,0.0,1.0,19.0,15.0,4.0,4.0,9.0,4.0,6.0,5.0,2.0,0.0,0.0,0.0,,,0,L
9f2ac647715fbb0d8bc4,2022-23,2023-05-08,Fulham,Leicester,H,R Jones,5.0,3.0,3.0,0.0,17.0,18.0,7.0,9.0,13.0,15.0,2.0,7.0,0.0,3.0,0.0,0.0,,,3,W
9f2ac647715fbb0d8bc4,2022-23,2023-05-08,Leicester,Fulham,A,R Jones,3.0,5.0,0.0,3.0,18.0,17.0,9.0,7.0,15.0,13.0,7.0,2.0,3.0,0.0,0.0,0.0,,,0,L
48354b748cda058d5846,2022-23,2023-05-08,Brighton & Hove Albion,Everton,H,S Hooper,1.0,5.0,0.0,3.0,23.0,10.0,5.0,5.0,11.0,13.0,15.0,1.0,1.0,5.0,0.0,0.0,,,0,L
48354b748cda058d5846,2022-23,2023-05-08,Everton,Brighton & Hove Albion,A,S Hooper,5.0,1.0,3.0,0.0,10.0,23.0,5.0,5.0,13.0,11.0,1.0,15.0,5.0,1.0,0.0,0.0,,,3,W
ac0bb95684cc2beeb59f,2022-23,2023-05-08,Nottingham Forest,Southampton,H,M Oliver,4.0,3.0,3.0,1.0,9.0,19.0,4.0,5.0,16.0,10.0,2.0,11.0,1.0,0.0,0.0,0.0,,,3,W
ac0bb95684cc2beeb59f,2022-23,2023-05-08,Southampton,Nottingham Forest,A,M Oliver,3.0,4.0,1.0,3.0,19.0,9.0,5.0,4.0,10.0,16.0,11.0,2.0,0.0,1.0,0.0,0.0,,,0,L
31bb79b3e849437240ab,2022-23,2023-05-13,Leeds,Newcastle United,H,S Hooper,2.0,2.0,1.0,1.0,9.0,18.0,4.0,5.0,16.0,14.0,2.0,6.0,3.0,2.0,1.0,0.0,,,1,D
31bb79b3e849437240ab,2022-23,2023-05-13,Newcastle United,Leeds,A,S Hooper,2.0,2.0,1.0,1.0,18.0,9.0,5.0,4.0,14.0,16.0,6.0,2.0,2.0,3.0,0.0,1.0,,,1,D
1f7ce864aa8f6a52d3b6,2022-23,2023-05-13,Aston Villa,Tottenham,H,P Bankes,2.0,1.0,1.0,0.0,8.0,5.0,4.0,2.0,9.0,14.0,8.0,3.0,3.0,3.0,0.0,0.0,,,3,W
1f7ce864aa8f6a52d3b6,2022-23,2023-05-13,Tottenham,Aston Villa,A,P Bankes,1.0,2.0,0.0,1.0,5.0,8.0,2.0,4.0,14.0,9.0,3.0,8.0,3.0,3.0,0.0,0.0,,,0,L
38fcdb20cc289c948698,2022-23,2023-05-13,Chelsea,Nottingham Forest,H,P Tierney,2.0,2.0,0.0,1.0,14.0,11.0,6.0,2.0,13.0,15.0,2.0,5.0,3.0,1.0,0.0,0.0,,,1,D
38fcdb20cc289c948698,2022-23,2023-05-13,Nottingham Forest,Chelsea,A,P Tierney,2.0,2.0,1.0,0.0,11.0,14.0,2.0,6.0,15.0,13.0,5.0,2.0,1.0,3.0,0.0,0.0,,,1,D
aec5e9c4ccc57372e526,2022-23,2023-05-13,Crystal Palace,Bournemouth,H,M Salisbury,2.0,0.0,1.0,0.0,17.0,5.0,5.0,0.0,5.0,12.0,11.0,2.0,0.0,2.0,0.0,0.0,,,3,W
aec5e9c4ccc57372e526,2022-23,2023-05-13,Bournemouth,Crystal Palace,A,M Salisbury,0.0,2.0,0.0,1.0,5.0,17.0,0.0,5.0,12.0,5.0,2.0,11.0,2.0,0.0,0.0,0.0,,,0,L
baafc04eee0490f3c92e,2022-23,2023-05-13,Manchester United,Wolverhampton Wanderers,H,J Brooks,2.0,0.0,1.0,0.0,27.0,5.0,9.0,0.0,9.0,9.0,11.0,7.0,3.0,2.0,0.0,0.0,,,3,W
baafc04eee0490f3c92e,2022-23,2023-05-13,Wolverhampton Wanderers,Manchester United,A,J Brooks,0.0,2.0,0.0,1.0,5.0,27.0,0.0,9.0,9.0,9.0,7.0,11.0,2.0,3.0,0.0,0.0,,,0,L
f9f9e870138c6bbeb2eb,2022-23,2023-05-13,Southampton,Fulham,H,T Bramall,0.0,2.0,0.0,0.0,5.0,9.0,1.0,4.0,17.0,12.0,1.0,8.0,2.0,0.0,0.0,0.0,,,0,L
f9f9e870138c6bbeb2eb,2022-23,2023-05-13,Fulham,Southampton,A,T Bramall,2.0,0.0,0.0,0.0,9.0,5.0,4.0,1.0,12.0,17.0,8.0,1.0,0.0,2.0,0.0,0.0,,,3,W
285efd936e98013d78ff,2022-23,2023-05-14,Brentford,West Ham United,H,M Oliver,2.0,0.0,2.0,0.0,24.0,4.0,10.0,4.0,5.0,5.0,7.0,5.0,1.0,0.0,0.0,0.0,,,3,W
285efd936e98013d78ff,2022-23,2023-05-14,West Ham United,Brentford,A,M Oliver,0.0,2.0,0.0,2.0,4.0,24.0,4.0,10.0,5.0,5.0,5.0,7.0,0.0,1.0,0.0,0.0,,,0,L
67bde285e822c6f2db59,2022-23,2023-05-14,Everton,Manchester City,H,A Taylor,0.0,3.0,0.0,2.0,7.0,9.0,3.0,4.0,12.0,4.0,8.0,6.0,1.0,0.0,0.0,0.0,,,0,L
67bde285e822c6f2db59,2022-23,2023-05-14,Manchester City,Everton,A,A Taylor,3.0,0.0,2.0,0.0,9.0,7.0,4.0,3.0,4.0,12.0,6.0,8.0,0.0,1.0,0.0,0.0,,,3,W
8bd235ad7d93877e4c5f,2022-23,2023-05-14,Arsenal,Brighton & Hove Albion,H,A Madley,0.0,3.0,0.0,0.0,14.0,12.0,2.0,6.0,13.0,17.0,5.0,2.0,1.0,2.0,0.0,0.0,,,0,L
8bd235ad7d93877e4c5f,2022-23,2023-05-14,Brighton & Hove Albion,Arsenal,A,A Madley,3.0,0.0,0.0,0.0,12.0,14.0,6.0,2.0,17.0,13.0,2.0,5.0,2.0,1.0,0.0,0.0,,,3,W
dd3394848067d72aa115,2022-23,2023-05-15,Leicester,Liverpool,H,C Pawson,0.0,3.0,0.0,2.0,4.0,16.0,4.0,5.0,11.0,17.0,4.0,4.0,2.0,1.0,0.0,0.0,,,0,L
dd3394848067d72aa115,2022-23,2023-05-15,Liverpool,Leicester,A,C Pawson,3.0,0.0,2.0,0.0,16.0,4.0,5.0,4.0,17.0,11.0,4.0,4.0,1.0,2.0,0.0,0.0,,,3,W
089edffeffe7c20e2b30,2022-23,2023-05-18,Newcastle United,Brighton & Hove Albion,H,R Jones,4.0,1.0,2.0,0.0,22.0,8.0,9.0,2.0,17.0,16.0,6.0,1.0,2.0,4.0,0.0,0.0,,,3,W
089edffeffe7c20e2b30,2022-23,2023-05-18,Brighton & Hove Albion,Newcastle United,A,R Jones,1.0,4.0,0.0,2.0,8.0,22.0,2.0,9.0,16.0,17.0,1.0,6.0,4.0,2.0,0.0,0.0,,,0,L
09c8724886068c09ccb4,2022-23,2023-05-20,Tottenham,Brentford,H,J Gillett,1.0,3.0,1.0,0.0,22.0,11.0,8.0,4.0,11.0,9.0,8.0,2.0,1.0,1.0,0.0,0.0,,,0,L
09c8724886068c09ccb4,2022-23,2023-05-20,Brentford,Tottenham,A,J Gillett,3.0,1.0,0.0,1.0,11.0,22.0,4.0,8.0,9.0,11.0,2.0,8.0,1.0,1.0,0.0,0.0,,,3,W
be3fd4de6a1ede958edd,2022-23,2023-05-20,Bournemouth,Manchester United,H,C Kavanagh,0.0,1.0,0.0,1.0,10.0,20.0,4.0,5.0,6.0,7.0,3.0,6.0,1.0,0.0,0.0,0.0,,,0,L
be3fd4de6a1ede958edd,2022-23,2023-05-20,Manchester United,Bournemouth,A,C Kavanagh,1.0,0.0,1.0,0.0,20.0,10.0,5.0,4.0,7.0,6.0,6.0,3.0,0.0,1.0,0.0,0.0,,,3,W
8e101e6f796ab4975983,2022-23,2023-05-20,Fulham,Crystal Palace,H,J Smith,2.0,2.0,1.0,1.0,11.0,11.0,4.0,5.0,13.0,12.0,7.0,4.0,3.0,0.0,0.0,0.0,,,1,D
8e101e6f796ab4975983,2022-23,2023-05-20,Crystal Palace,Fulham,A,J Smith,2.0,2.0,1.0,1.0,11.0,11.0,5.0,4.0,12.0,13.0,4.0,7.0,0.0,3.0,0.0,0.0,,,1,D
c9c2f076a29d89a6a337,2022-23,2023-05-20,Liverpool,Aston Villa,H,J Brooks,1.0,1.0,0.0,1.0,10.0,6.0,5.0,3.0,16.0,13.0,9.0,4.0,3.0,5.0,0.0,0.0,,,1,D
c9c2f076a29d89a6a337,2022-23,2023-05-20,Aston Villa,Liverpool,A,J Brooks,1.0,1.0,1.0,0.0,6.0,10.0,3.0,5.0,13.0,16.0,4.0,9.0,5.0,3.0,0.0,0.0,,,1,D
37455b4eae15422e6cc7,2022-23,2023-05-20,Wolverhampton Wanderers,Everton,H,D Coote,1.0,1.0,1.0,0.0,13.0,19.0,5.0,4.0,18.0,10.0,1.0,7.0,5.0,1.0,0.0,0.0,,,1,D
37455b4eae15422e6cc7,2022-23,2023-05-20,Everton,Wolverhampton Wanderers,A,D Coote,1.0,1.0,0.0,1.0,19.0,13.0,4.0,5.0,10.0,18.0,7.0,1.0,1.0,5.0,0.0,0.0,,,1,D
ea64c4a0fb690bfa3167,2022-23,2023-05-20,Nottingham Forest,Arsenal,H,A Taylor,1.0,0.0,1.0,0.0,6.0,11.0,2.0,3.0,11.0,12.0,3.0,6.0,3.0,2.0,0.0,0.0,,,3,W
ea64c4a0fb690bfa3167,2022-23,2023-05-20,Arsenal,Nottingham Forest,A,A Taylor,0.0,1.0,0.0,1.0,11.0,6.0,3.0,2.0,12.0,11.0,6.0,3.0,2.0,3.0,0.0,0.0,,,0,L
4b4d521fa6de5d66a668,2022-23,2023-05-21,West Ham United,Leeds,H,P Bankes,3.0,1.0,1.0,1.0,19.0,12.0,9.0,3.0,6.0,11.0,9.0,5.0,1.0,3.0,0.0,0.0,,,3,W
4b4d521fa6de5d66a668,2022-23,2023-05-21,Leeds,West Ham United,A,P Bankes,1.0,3.0,1.0,1.0,12.0,19.0,3.0,9.0,11.0,6.0,5.0,9.0,3.0,1.0,0.0,0.0,,,0,L
40dce6c1345b33dc1320,2022-23,2023-05-21,Brighton & Hove Albion,Southampton,H,P Tierney,3.0,1.0,2.0,0.0,26.0,5.0,8.0,1.0,8.0,9.0,4.0,3.0,2.0,5.0,0.0,0.0,,,3,W
40dce6c1345b33dc1320,2022-23,2023-05-21,Southampton,Brighton & Hove Albion,A,P Tierney,1.0,3.0,0.0,2.0,5.0,26.0,1.0,8.0,9.0,8.0,3.0,4.0,5.0,2.0,0.0,0.0,,,0,L
f1daceed1e2314310b2a,2022-23,2023-05-21,Manchester City,Chelsea,H,M Oliver,1.0,0.0,1.0,0.0,15.0,13.0,2.0,6.0,12.0,9.0,5.0,2.0,0.0,2.0,0.0,0.0,,,3,W
f1daceed1e2314310b2a,2022-23,2023-05-21,Chelsea,Manchester City,A,M Oliver,0.0,1.0,0.0,1.0,13.0,15.0,6.0,2.0,9.0,12.0,2.0,5.0,2.0,0.0,0.0,0.0,,,0,L
f5ab696e5a1b49b84d42,2022-23,2023-05-22,Newcastle United,Leicester,H,A Marriner,0.0,0.0,0.0,0.0,23.0,1.0,4.0,1.0,9.0,5.0,12.0,1.0,2.0,0.0,0.0,0.0,,,1,D
f5ab696e5a1b49b84d42,2022-23,2023-05-22,Leicester,Newcastle United,A,A Marriner,0.0,0.0,0.0,0.0,1.0,23.0,1.0,4.0,5.0,9.0,1.0,12.0,0.0,2.0,0.0,0.0,,,1,D
e1a7d4c2b7073c168556,2022-23,2023-05-24,Brighton & Hove Albion,Manchester City,H,S Hooper,1.0,1.0,1.0,1.0,20.0,13.0,7.0,4.0,16.0,11.0,5.0,1.0,2.0,1.0,0.0,0.0,,,1,D
e1a7d4c2b7073c168556,2022-23,2023-05-24,Manchester City,Brighton & Hove Albion,A,S Hooper,1.0,1.0,1.0,1.0,13.0,20.0,4.0,7.0,11.0,16.0,1.0,5.0,1.0,2.0,0.0,0.0,,,1,D
4bffbb07302b7789de69,2022-23,2023-05-25,Manchester United,Chelsea,H,S Attwell,4.0,1.0,2.0,0.0,18.0,14.0,9.0,5.0,12.0,6.0,3.0,4.0,1.0,1.0,0.0,0.0,,,3,W
4bffbb07302b7789de69,2022-23,2023-05-25,Chelsea,Manchester United,A,S Attwell,1.0,4.0,0.0,2.0,14.0,18.0,5.0,9.0,6.0,12.0,4.0,3.0,1.0,1.0,0.0,0.0,,,0,L
743469609acab2affcc6,2022-23,2023-05-28,Arsenal,Wolverhampton Wanderers,H,A Marriner,5.0,0.0,3.0,0.0,14.0,6.0,8.0,0.0,8.0,11.0,8.0,4.0,0.0,0.0,0.0,0.0,,,3,W
743469609acab2affcc6,2022-23,2023-05-28,Wolverhampton Wanderers,Arsenal,A,A Marriner,0.0,5.0,0.0,3.0,6.0,14.0,0.0,8.0,11.0,8.0,4.0,8.0,0.0,0.0,0.0,0.0,,,0,L
c0ad591d4ffa5ef9dcfe,2022-23,2023-05-28,Aston Villa,Brighton & Hove Albion,H,D Coote,2.0,1.0,2.0,1.0,12.0,8.0,5.0,4.0,15.0,16.0,4.0,3.0,4.0,4.0,0.0,0.0,,,3,W
c0ad591d4ffa5ef9dcfe,2022-23,2023-05-28,Brighton & Hove Albion,Aston Villa,A,D Coote,1.0,2.0,1.0,2.0,8.0,12.0,4.0,5.0,16.0,15.0,3.0,4.0,4.0,4.0,0.0,0.0,,,0,L
11443a1c0aea88149480,2022-23,2023-05-28,Brentford,Manchester City,H,J Brooks,1.0,0.0,0.0,0.0,11.0,17.0,4.0,3.0,12.0,8.0,3.0,4.0,4.0,0.0,0.0,0.0,,,3,W
11443a1c0aea88149480,2022-23,2023-05-28,Manchester City,Brentford,A,J Brooks,0.0,1.0,0.0,0.0,17.0,11.0,3.0,4.0,8.0,12.0,4.0,3.0,0.0,4.0,0.0,0.0,,,0,L
c11cc21fdd56de257097,2022-23,2023-05-28,Chelsea,Newcastle United,H,J Gillett,1.0,1.0,1.0,1.0,22.0,13.0,5.0,4.0,9.0,11.0,10.0,3.0,0.0,0.0,0.0,0.0,,,1,D
c11cc21fdd56de257097,2022-23,2023-05-28,Newcastle United,Chelsea,A,J Gillett,1.0,1.0,1.0,1.0,13.0,22.0,4.0,5.0,11.0,9.0,3.0,10.0,0.0,0.0,0.0,0.0,,,1,D
1bb580230a8425e7bbbc,2022-23,2023-05-28,Crystal Palace,Nottingham Forest,H,T Bramall,1.0,1.0,0.0,1.0,16.0,7.0,4.0,4.0,9.0,13.0,5.0,4.0,0.0,2.0,0.0,0.0,,,1,D
1bb580230a8425e7bbbc,2022-23,2023-05-28,Nottingham Forest,Crystal Palace,A,T Bramall,1.0,1.0,1.0,0.0,7.0,16.0,4.0,4.0,13.0,9.0,4.0,5.0,2.0,0.0,0.0,0.0,,,1,D
af2ece7c9e60c05eebca,2022-23,2023-05-28,Everton,Bournemouth,H,S Attwell,1.0,0.0,0.0,0.0,13.0,7.0,6.0,2.0,11.0,12.0,9.0,3.0,1.0,3.0,0.0,0.0,,,3,W
af2ece7c9e60c05eebca,2022-23,2023-05-28,Bournemouth,Everton,A,S Attwell,0.0,1.0,0.0,0.0,7.0,13.0,2.0,6.0,12.0,11.0,3.0,9.0,3.0,1.0,0.0,0.0,,,0,L
0c9253598237b445a691,2022-23,2023-05-28,Leeds,Tottenham,H,A Taylor,1.0,4.0,0.0,1.0,19.0,11.0,2.0,7.0,7.0,5.0,12.0,3.0,3.0,0.0,0.0,0.0,,,0,L
0c9253598237b445a691,2022-23,2023-05-28,Tottenham,Leeds,A,A Taylor,4.0,1.0,1.0,0.0,11.0,19.0,7.0,2.0,5.0,7.0,3.0,12.0,0.0,3.0,0.0,0.0,,,3,W
3d9b142811f4ca26d6a8,2022-23,2023-05-28,Leicester,West Ham United,H,S Hooper,2.0,1.0,1.0,0.0,13.0,16.0,4.0,3.0,8.0,10.0,3.0,5.0,1.0,1.0,0.0,0.0,,,3,W
3d9b142811f4ca26d6a8,2022-23,2023-05-28,West Ham United,Leicester,A,S Hooper,1.0,2.0,0.0,1.0,16.0,13.0,3.0,4.0,10.0,8.0,5.0,3.0,1.0,1.0,0.0,0.0,,,0,L
c24ce332f28dee28e855,2022-23,2023-05-28,Manchester United,Fulham,H,R Jones,2.0,1.0,1.0,1.0,21.0,10.0,8.0,3.0,14.0,10.0,5.0,4.0,1.0,2.0,0.0,0.0,,,3,W
c24ce332f28dee28e855,2022-23,2023-05-28,Fulham,Manchester United,A,R Jones,1.0,2.0,1.0,1.0,10.0,21.0,3.0,8.0,10.0,14.0,4.0,5.0,2.0,1.0,0.0,0.0,,,0,L
5971df9ead05d1abc727,2022-23,2023-05-28,Southampton,Liverpool,H,D England,4.0,4.0,2.0,2.0,15.0,30.0,10.0,8.0,4.0,10.0,2.0,9.0,0.0,2.0,0.0,0.0,,,1,D
5971df9ead05d1abc727,2022-23,2023-05-28,Liverpool,Southampton,A,D England,4.0,4.0,2.0,2.0,30.0,15.0,8.0,10.0,10.0,4.0,9.0,2.0,2.0,0.0,0.0,0.0,,,1,D
8d5227b352d3fdb98f48,2023-24,2023-08-11,Burnley,Manchester City,H,C Pawson,0.0,3.0,0.0,2.0,6.0,17.0,1.0,8.0,11.0,8.0,6.0,5.0,0.0,0.0,1.0,0.0,,,0,L
8d5227b352d3fdb98f48,2023-24,2023-08-11,Manchester City,Burnley,A,C Pawson,3.0,0.0,2.0,0.0,17.0,6.0,8.0,1.0,8.0,11.0,5.0,6.0,0.0,0.0,0.0,1.0,,,3,W
f751685abfbedc43515f,2023-24,2023-08-12,Arsenal,Nottingham Forest,H,M Oliver,2.0,1.0,2.0,0.0,15.0,6.0,7.0,2.0,12.0,12.0,8.0,3.0,2.0,2.0,0.0,0.0,,,3,W
f751685abfbedc43515f,2023-24,2023-08-12,Nottingham Forest,Arsenal,A,M Oliver,1.0,2.0,0.0,2.0,6.0,15.0,2.0,7.0,12.0,12.0,3.0,8.0,2.0,2.0,0.0,0.0,,,0,L
784a632b87c974dce93c,2023-24,2023-08-12,Bournemouth,West Ham United,H,P Bankes,1.0,1.0,0.0,0.0,14.0,16.0,5.0,3.0,9.0,14.0,10.0,4.0,1.0,4.0,0.0,0.0,,,1,D
784a632b87c974dce93c,2023-24,2023-08-12,West Ham United,Bournemouth,A,P Bankes,1.0,1.0,0.0,0.0,16.0,14.0,3.0,5.0,14.0,9.0,4.0,10.0,4.0,1.0,0.0,0.0,,,1,D
909bcd86c059f74d56be,2023-24,2023-08-12,Brighton & Hove Albion,Luton,H,D Coote,4.0,1.0,1.0,0.0,27.0,9.0,12.0,3.0,11.0,12.0,6.0,7.0,2.0,2.0,0.0,0.0,,,3,W
909bcd86c059f74d56be,2023-24,2023-08-12,Luton,Brighton & Hove Albion,A,D Coote,1.0,4.0,0.0,1.0,9.0,27.0,3.0,12.0,12.0,11.0,7.0,6.0,2.0,2.0,0.0,0.0,,,0,L
401d35f6264889c4f4d3,2023-24,2023-08-12,Everton,Fulham,H,S Attwell,0.0,1.0,0.0,0.0,19.0,9.0,9.0,2.0,12.0,6.0,10.0,4.0,0.0,2.0,0.0,0.0,,,0,L
401d35f6264889c4f4d3,2023-24,2023-08-12,Fulham,Everton,A,S Attwell,1.0,0.0,0.0,0.0,9.0,19.0,2.0,9.0,6.0,12.0,4.0,10.0,2.0,0.0,0.0,0.0,,,3,W
adfa0ff2170ae937243e,2023-24,2023-08-12,Sheffield United,Crystal Palace,H,J Brooks,0.0,1.0,0.0,0.0,8.0,24.0,1.0,8.0,18.0,11.0,5.0,5.0,3.0,0.0,0.0,0.0,,,0,L
adfa0ff2170ae937243e,2023-24,2023-08-12,Crystal Palace,Sheffield United,A,J Brooks,1.0,0.0,0.0,0.0,24.0,8.0,8.0,1.0,11.0,18.0,5.0,5.0,0.0,3.0,0.0,0.0,,,3,W
e0c796e56e336a924dcc,2023-24,2023-08-12,Newcastle United,Aston Villa,H,A Madley,5.0,1.0,2.0,1.0,17.0,16.0,13.0,6.0,12.0,17.0,6.0,5.0,4.0,4.0,0.0,0.0,,,3,W
e0c796e56e336a924dcc,2023-24,2023-08-12,Aston Villa,Newcastle United,A,A Madley,1.0,5.0,1.0,2.0,16.0,17.0,6.0,13.0,17.0,12.0,5.0,6.0,4.0,4.0,0.0,0.0,,,0,L
1df8c4f9ff9891fb1e6e,2023-24,2023-08-13,Brentford,Tottenham,H,R Jones,2.0,2.0,2.0,2.0,11.0,18.0,6.0,6.0,12.0,13.0,3.0,6.0,1.0,4.0,0.0,0.0,,,1,D
1df8c4f9ff9891fb1e6e,2023-24,2023-08-13,Tottenham,Brentford,A,R Jones,2.0,2.0,2.0,2.0,18.0,11.0,6.0,6.0,13.0,12.0,6.0,3.0,4.0,1.0,0.0,0.0,,,1,D
00942a8b6bdbaf5f9517,2023-24,2023-08-13,Chelsea,Liverpool,H,A Taylor,1.0,1.0,1.0,1.0,10.0,13.0,4.0,1.0,5.0,12.0,4.0,4.0,3.0,3.0,0.0,0.0,,,1,D
00942a8b6bdbaf5f9517,2023-24,2023-08-13,Liverpool,Chelsea,A,A Taylor,1.0,1.0,1.0,1.0,13.0,10.0,1.0,4.0,12.0,5.0,4.0,4.0,3.0,3.0,0.0,0.0,,,1,D
22bdcd3c9c8232fe395e,2023-24,2023-08-14,Manchester United,Wolverhampton Wanderers,H,S Hooper,1.0,0.0,0.0,0.0,15.0,23.0,3.0,6.0,14.0,10.0,8.0,7.0,2.0,3.0,0.0,0.0,,,3,W
22bdcd3c9c8232fe395e,2023-24,2023-08-14,Wolverhampton Wanderers,Manchester United,A,S Hooper,0.0,1.0,0.0,0.0,23.0,15.0,6.0,3.0,10.0,14.0,7.0,8.0,3.0,2.0,0.0,0.0,,,0,L
8a6597b54c5533f8a738,2023-24,2023-08-18,Nottingham Forest,Sheffield United,H,P Bankes,2.0,1.0,1.0,0.0,16.0,7.0,4.0,3.0,5.0,9.0,6.0,7.0,2.0,3.0,0.0,0.0,,,3,W
8a6597b54c5533f8a738,2023-24,2023-08-18,Sheffield United,Nottingham Forest,A,P Bankes,1.0,2.0,0.0,1.0,7.0,16.0,3.0,4.0,9.0,5.0,7.0,6.0,3.0,2.0,0.0,0.0,,,0,L
6bf1a44944661f6e14aa,2023-24,2023-08-19,Fulham,Brentford,H,D Bond,0.0,3.0,0.0,1.0,10.0,17.0,2.0,8.0,13.0,12.0,5.0,5.0,2.0,2.0,1.0,0.0,,,0,L
6bf1a44944661f6e14aa,2023-24,2023-08-19,Brentford,Fulham,A,D Bond,3.0,0.0,1.0,0.0,17.0,10.0,8.0,2.0,12.0,13.0,5.0,5.0,2.0,2.0,0.0,1.0,,,3,W
2d3871027105465f2118,2023-24,2023-08-19,Liverpool,Bournemouth,H,T Bramall,3.0,1.0,2.0,1.0,26.0,13.0,10.0,5.0,11.0,13.0,10.0,2.0,1.0,3.0,1.0,0.0,,,3,W
2d3871027105465f2118,2023-24,2023-08-19,Bournemouth,Liverpool,A,T Bramall,1.0,3.0,1.0,2.0,13.0,26.0,5.0,10.0,13.0,11.0,2.0,10.0,3.0,1.0,0.0,1.0,,,0,L
a2ff8b816303714cf5c1,2023-24,2023-08-19,Wolverhampton Wanderers,Brighton & Hove Albion,H,A Madley,1.0,4.0,0.0,1.0,16.0,16.0,5.0,8.0,14.0,11.0,5.0,3.0,3.0,6.0,1.0,0.0,,,0,L
a2ff8b816303714cf5c1,2023-24,2023-08-19,Brighton & Hove Albion,Wolverhampton Wanderers,A,A Madley,4.0,1.0,1.0,0.0,16.0,16.0,8.0,5.0,11.0,14.0,3.0,5.0,6.0,3.0,0.0,1.0,,,3,W
d3d9dfa4a07caeb6f069,2023-24,2023-08-19,Tottenham,Manchester United,H,M Oliver,2.0,0.0,0.0,0.0,17.0,22.0,6.0,6.0,9.0,8.0,5.0,6.0,1.0,3.0,0.0,0.0,,,3,W
d3d9dfa4a07caeb6f069,2023-24,2023-08-19,Manchester United,Tottenham,A,M Oliver,0.0,2.0,0.0,0.0,22.0,17.0,6.0,6.0,8.0,9.0,6.0,5.0,3.0,1.0,0.0,0.0,,,0,L
22660b8b3838735b39db,2023-24,2023-08-19,Manchester City,Newcastle United,H,R Jones,1.0,0.0,1.0,0.0,14.0,7.0,4.0,1.0,12.0,11.0,3.0,0.0,1.0,5.0,0.0,0.0,,,3,W
22660b8b3838735b39db,2023-24,2023-08-19,Newcastle United,Manchester City,A,R Jones,0.0,1.0,0.0,1.0,7.0,14.0,1.0,4.0,11.0,12.0,0.0,3.0,5.0,1.0,0.0,0.0,,,0,L
ee0acbc91a9fe08987d3,2023-24,2023-08-20,Aston Villa,Everton,H,A Taylor,4.0,0.0,2.0,0.0,13.0,9.0,7.0,2.0,8.0,12.0,7.0,6.0,3.0,4.0,0.0,0.0,,,3,W
ee0acbc91a9fe08987d3,2023-24,2023-08-20,Everton,Aston Villa,A,A Taylor,0.0,4.0,0.0,2.0,9.0,13.0,2.0,7.0,12.0,8.0,6.0,7.0,4.0,3.0,0.0,0.0,,,0,L
f97e412f265c2d454a92,2023-24,2023-08-20,West Ham United,Chelsea,H,J Brooks,3.0,1.0,1.0,1.0,12.0,17.0,6.0,4.0,12.0,9.0,3.0,9.0,2.0,3.0,1.0,0.0,,,3,W
f97e412f265c2d454a92,2023-24,2023-08-20,Chelsea,West Ham United,A,J Brooks,1.0,3.0,1.0,1.0,17.0,12.0,4.0,6.0,9.0,12.0,9.0,3.0,3.0,2.0,0.0,1.0,,,0,L
1bb051654e1187eb24ac,2023-24,2023-08-21,Crystal Palace,Arsenal,H,D Coote,0.0,1.0,0.0,0.0,14.0,14.0,2.0,3.0,14.0,10.0,1.0,8.0,2.0,1.0,0.0,1.0,,,0,L
1bb051654e1187eb24ac,2023-24,2023-08-21,Arsenal,Crystal Palace,A,D Coote,1.0,0.0,0.0,0.0,14.0,14.0,3.0,2.0,10.0,14.0,8.0,1.0,1.0,2.0,1.0,0.0,,,3,W
157f04d46d92999e3b7f,2023-24,2023-08-25,Chelsea,Luton,H,R Jones,3.0,0.0,1.0,0.0,19.0,11.0,8.0,1.0,15.0,12.0,6.0,4.0,2.0,3.0,0.0,0.0,,,3,W
157f04d46d92999e3b7f,2023-24,2023-08-25,Luton,Chelsea,A,R Jones,0.0,3.0,0.0,1.0,11.0,19.0,1.0,8.0,12.0,15.0,4.0,6.0,3.0,2.0,0.0,0.0,,,0,L
50a7c1760429e5cf1c27,2023-24,2023-08-26,Bournemouth,Tottenham,H,T Robinson,0.0,2.0,0.0,1.0,11.0,17.0,3.0,6.0,18.0,11.0,6.0,2.0,1.0,3.0,0.0,0.0,,,0,L
50a7c1760429e5cf1c27,2023-24,2023-08-26,Tottenham,Bournemouth,A,T Robinson,2.0,0.0,1.0,0.0,17.0,11.0,6.0,3.0,11.0,18.0,2.0,6.0,3.0,1.0,0.0,0.0,,,3,W
8ea773ed449f389b1c6f,2023-24,2023-08-26,Arsenal,Fulham,H,P Tierney,2.0,2.0,0.0,1.0,19.0,8.0,11.0,3.0,6.0,5.0,8.0,3.0,0.0,3.0,0.0,1.0,,,1,D
8ea773ed449f389b1c6f,2023-24,2023-08-26,Fulham,Arsenal,A,P Tierney,2.0,2.0,1.0,0.0,8.0,19.0,3.0,11.0,5.0,6.0,3.0,8.0,3.0,0.0,1.0,0.0,,,1,D
9fe4cfd7c48b6e057655,2023-24,2023-08-26,Brentford,Crystal Palace,H,P Bankes,1.0,1.0,1.0,0.0,12.0,15.0,1.0,5.0,9.0,15.0,8.0,6.0,0.0,0.0,0.0,0.0,,,1,D
9fe4cfd7c48b6e057655,2023-24,2023-08-26,Crystal Palace,Brentford,A,P Bankes,1.0,1.0,0.0,1.0,15.0,12.0,5.0,1.0,15.0,9.0,6.0,8.0,0.0,0.0,0.0,0.0,,,1,D
b49e62b29190b31eb43b,2023-24,2023-08-26,Everton,Wolverhampton Wanderers,H,C Pawson,0.0,1.0,0.0,0.0,15.0,11.0,7.0,2.0,10.0,14.0,7.0,0.0,3.0,4.0,0.0,0.0,,,0,L
b49e62b29190b31eb43b,2023-24,2023-08-26,Wolverhampton Wanderers,Everton,A,C Pawson,1.0,0.0,0.0,0.0,11.0,15.0,2.0,7.0,14.0,10.0,0.0,7.0,4.0,3.0,0.0,0.0,,,3,W
ea15fad9a17b65e315ca,2023-24,2023-08-26,Manchester United,Nottingham Forest,H,S Attwell,3.0,2.0,1.0,2.0,18.0,9.0,9.0,4.0,13.0,11.0,11.0,3.0,4.0,4.0,0.0,1.0,,,3,W
ea15fad9a17b65e315ca,2023-24,2023-08-26,Nottingham Forest,Manchester United,A,S Attwell,2.0,3.0,2.0,1.0,9.0,18.0,4.0,9.0,11.0,13.0,3.0,11.0,4.0,4.0,1.0,0.0,,,0,L
a3ffa54cf3fb18e84ab6,2023-24,2023-08-26,Brighton & Hove Albion,West Ham United,H,A Taylor,1.0,3.0,0.0,1.0,25.0,12.0,10.0,3.0,10.0,9.0,17.0,4.0,1.0,3.0,0.0,0.0,,,0,L
a3ffa54cf3fb18e84ab6,2023-24,2023-08-26,West Ham United,Brighton & Hove Albion,A,A Taylor,3.0,1.0,1.0,0.0,12.0,25.0,3.0,10.0,9.0,10.0,4.0,17.0,3.0,1.0,0.0,0.0,,,3,W
a616ea2cbb51877c69de,2023-24,2023-08-27,Burnley,Aston Villa,H,M Salisbury,1.0,3.0,0.0,2.0,9.0,16.0,2.0,6.0,12.0,11.0,4.0,6.0,2.0,0.0,0.0,0.0,,,0,L
a616ea2cbb51877c69de,2023-24,2023-08-27,Aston Villa,Burnley,A,M Salisbury,3.0,1.0,2.0,0.0,16.0,9.0,6.0,2.0,11.0,12.0,6.0,4.0,0.0,2.0,0.0,0.0,,,3,W
164165830602d3d3bb7a,2023-24,2023-08-27,Sheffield United,Manchester City,H,J Gillett,1.0,2.0,0.0,0.0,6.0,30.0,2.0,9.0,11.0,2.0,1.0,12.0,3.0,0.0,0.0,0.0,,,0,L
164165830602d3d3bb7a,2023-24,2023-08-27,Manchester City,Sheffield United,A,J Gillett,2.0,1.0,0.0,0.0,30.0,6.0,9.0,2.0,2.0,11.0,12.0,1.0,0.0,3.0,0.0,0.0,,,3,W
7376a25ee7e06dc5e8c1,2023-24,2023-08-27,Newcastle United,Liverpool,H,J Brooks,1.0,2.0,1.0,0.0,23.0,9.0,8.0,4.0,16.0,10.0,5.0,9.0,1.0,2.0,0.0,1.0,,,0,L
7376a25ee7e06dc5e8c1,2023-24,2023-08-27,Liverpool,Newcastle United,A,J Brooks,2.0,1.0,0.0,1.0,9.0,23.0,4.0,8.0,10.0,16.0,9.0,5.0,2.0,1.0,1.0,0.0,,,3,W
ee3778e5b533da8084a0,2023-24,2023-09-01,Luton,West Ham United,H,P Tierney,1.0,2.0,0.0,1.0,16.0,9.0,1.0,3.0,8.0,13.0,9.0,6.0,1.0,1.0,0.0,0.0,,,0,L
ee3778e5b533da8084a0,2023-24,2023-09-01,West Ham United,Luton,A,P Tierney,2.0,1.0,1.0,0.0,9.0,16.0,3.0,1.0,13.0,8.0,6.0,9.0,1.0,1.0,0.0,0.0,,,3,W
a6db6337a516dfa25ab5,2023-24,2023-09-02,Sheffield United,Everton,H,A Madley,2.0,2.0,2.0,1.0,13.0,16.0,8.0,6.0,11.0,13.0,4.0,6.0,1.0,2.0,0.0,0.0,,,1,D
a6db6337a516dfa25ab5,2023-24,2023-09-02,Everton,Sheffield United,A,A Madley,2.0,2.0,1.0,2.0,16.0,13.0,6.0,8.0,13.0,11.0,6.0,4.0,2.0,1.0,0.0,0.0,,,1,D
36c09c60ac1616ba0e69,2023-24,2023-09-02,Brentford,Bournemouth,H,R Madley,2.0,2.0,1.0,1.0,21.0,12.0,7.0,5.0,6.0,13.0,5.0,2.0,1.0,2.0,0.0,0.0,,,1,D
36c09c60ac1616ba0e69,2023-24,2023-09-02,Bournemouth,Brentford,A,R Madley,2.0,2.0,1.0,1.0,12.0,21.0,5.0,7.0,13.0,6.0,2.0,5.0,2.0,1.0,0.0,0.0,,,1,D
46a63a77266c5f426dc2,2023-24,2023-09-02,Burnley,Tottenham,H,D England,2.0,5.0,1.0,2.0,16.0,20.0,4.0,10.0,15.0,9.0,7.0,4.0,4.0,3.0,0.0,0.0,,,0,L
46a63a77266c5f426dc2,2023-24,2023-09-02,Tottenham,Burnley,A,D England,5.0,2.0,2.0,1.0,20.0,16.0,10.0,4.0,9.0,15.0,4.0,7.0,3.0,4.0,0.0,0.0,,,3,W
13be68fc70f15c6208af,2023-24,2023-09-02,Chelsea,Nottingham Forest,H,T Robinson,0.0,1.0,0.0,0.0,21.0,7.0,2.0,3.0,10.0,9.0,8.0,0.0,3.0,4.0,0.0,0.0,,,0,L
13be68fc70f15c6208af,2023-24,2023-09-02,Nottingham Forest,Chelsea,A,T Robinson,1.0,0.0,0.0,0.0,7.0,21.0,3.0,2.0,9.0,10.0,0.0,8.0,4.0,3.0,0.0,0.0,,,3,W
1ff777444071a56d24d7,2023-24,2023-09-02,Manchester City,Fulham,H,M Oliver,5.0,1.0,2.0,1.0,7.0,6.0,5.0,4.0,12.0,12.0,4.0,5.0,2.0,4.0,0.0,0.0,,,3,W
1ff777444071a56d24d7,2023-24,2023-09-02,Fulham,Manchester City,A,M Oliver,1.0,5.0,1.0,2.0,6.0,7.0,4.0,5.0,12.0,12.0,5.0,4.0,4.0,2.0,0.0,0.0,,,0,L
6fa192b4b19b473811a6,2023-24,2023-09-02,Brighton & Hove Albion,Newcastle United,H,S Attwell,3.0,1.0,1.0,0.0,15.0,9.0,6.0,2.0,14.0,17.0,5.0,3.0,4.0,4.0,0.0,0.0,,,3,W
6fa192b4b19b473811a6,2023-24,2023-09-02,Newcastle United,Brighton & Hove Albion,A,S Attwell,1.0,3.0,0.0,1.0,9.0,15.0,2.0,6.0,17.0,14.0,3.0,5.0,4.0,4.0,0.0,0.0,,,0,L
17c1bc6a3fd4308e248e,2023-24,2023-09-03,Crystal Palace,Wolverhampton Wanderers,H,R Jones,3.0,2.0,0.0,0.0,16.0,12.0,11.0,4.0,12.0,12.0,4.0,2.0,1.0,3.0,0.0,0.0,,,3,W
17c1bc6a3fd4308e248e,2023-24,2023-09-03,Wolverhampton Wanderers,Crystal Palace,A,R Jones,2.0,3.0,0.0,0.0,12.0,16.0,4.0,11.0,12.0,12.0,2.0,4.0,3.0,1.0,0.0,0.0,,,0,L
809a930cb7a70ab56320,2023-24,2023-09-03,Liverpool,Aston Villa,H,S Hooper,3.0,0.0,2.0,0.0,17.0,9.0,4.0,3.0,12.0,7.0,7.0,3.0,0.0,1.0,0.0,0.0,,,3,W
809a930cb7a70ab56320,2023-24,2023-09-03,Aston Villa,Liverpool,A,S Hooper,0.0,3.0,0.0,2.0,9.0,17.0,3.0,4.0,7.0,12.0,3.0,7.0,1.0,0.0,0.0,0.0,,,0,L
817d03c278c9bf9481e7,2023-24,2023-09-03,Arsenal,Manchester United,H,A Taylor,3.0,1.0,1.0,1.0,17.0,10.0,5.0,2.0,8.0,7.0,12.0,3.0,2.0,3.0,0.0,0.0,,,3,W
817d03c278c9bf9481e7,2023-24,2023-09-03,Manchester United,Arsenal,A,A Taylor,1.0,3.0,1.0,1.0,10.0,17.0,2.0,5.0,7.0,8.0,3.0,12.0,3.0,2.0,0.0,0.0,,,0,L
23b0274b73dae99286ee,2023-24,2023-09-16,Wolverhampton Wanderers,Liverpool,H,M Oliver,1.0,3.0,1.0,0.0,11.0,16.0,2.0,6.0,10.0,4.0,4.0,4.0,1.0,3.0,0.0,0.0,,,0,L
23b0274b73dae99286ee,2023-24,2023-09-16,Liverpool,Wolverhampton Wanderers,A,M Oliver,3.0,1.0,0.0,1.0,16.0,11.0,6.0,2.0,4.0,10.0,4.0,4.0,3.0,1.0,0.0,0.0,,,3,W
f2c5267e14aee12e950a,2023-24,2023-09-16,Aston Villa,Crystal Palace,H,D England,3.0,1.0,0.0,0.0,16.0,6.0,5.0,3.0,13.0,9.0,4.0,2.0,5.0,3.0,0.0,0.0,,,3,W
f2c5267e14aee12e950a,2023-24,2023-09-16,Crystal Palace,Aston Villa,A,D England,1.0,3.0,0.0,0.0,6.0,16.0,3.0,5.0,9.0,13.0,2.0,4.0,3.0,5.0,0.0,0.0,,,0,L
21bf912664ba52a37d87,2023-24,2023-09-16,Fulham,Luton,H,M Salisbury,1.0,0.0,0.0,0.0,13.0,7.0,2.0,2.0,6.0,14.0,6.0,2.0,2.0,2.0,0.0,0.0,,,3,W
21bf912664ba52a37d87,2023-24,2023-09-16,Luton,Fulham,A,M Salisbury,0.0,1.0,0.0,0.0,7.0,13.0,2.0,2.0,14.0,6.0,2.0,6.0,2.0,2.0,0.0,0.0,,,0,L
34654eddeb48243218bc,2023-24,2023-09-16,Manchester United,Brighton & Hove Albion,H,J Gillett,1.0,3.0,0.0,1.0,14.0,10.0,4.0,8.0,8.0,9.0,8.0,1.0,2.0,2.0,0.0,0.0,,,0,L
34654eddeb48243218bc,2023-24,2023-09-16,Brighton & Hove Albion,Manchester United,A,J Gillett,3.0,1.0,1.0,0.0,10.0,14.0,8.0,4.0,9.0,8.0,1.0,8.0,2.0,2.0,0.0,0.0,,,3,W
415114679d40ae6f9312,2023-24,2023-09-16,Tottenham,Sheffield United,H,P Bankes,2.0,1.0,0.0,0.0,28.0,7.0,10.0,5.0,13.0,14.0,15.0,2.0,6.0,5.0,0.0,1.0,,,3,W
415114679d40ae6f9312,2023-24,2023-09-16,Sheffield United,Tottenham,A,P Bankes,1.0,2.0,0.0,0.0,7.0,28.0,5.0,10.0,14.0,13.0,2.0,15.0,5.0,6.0,1.0,0.0,,,0,L
dbd1d8f9d8584da5a0cf,2023-24,2023-09-16,West Ham United,Manchester City,H,A Madley,1.0,3.0,1.0,0.0,6.0,29.0,3.0,15.0,7.0,11.0,4.0,11.0,3.0,2.0,0.0,0.0,,,0,L
dbd1d8f9d8584da5a0cf,2023-24,2023-09-16,Manchester City,West Ham United,A,A Madley,3.0,1.0,0.0,1.0,29.0,6.0,15.0,3.0,11.0,7.0,11.0,4.0,2.0,3.0,0.0,0.0,,,3,W
fb845a60a9078fbec946,2023-24,2023-09-16,Newcastle United,Brentford,H,C Pawson,1.0,0.0,0.0,0.0,9.0,11.0,2.0,2.0,8.0,12.0,8.0,3.0,3.0,5.0,0.0,0.0,,,3,W
fb845a60a9078fbec946,2023-24,2023-09-16,Brentford,Newcastle United,A,C Pawson,0.0,1.0,0.0,0.0,11.0,9.0,2.0,2.0,12.0,8.0,3.0,8.0,5.0,3.0,0.0,0.0,,,0,L
79aa63eb6324a7a818aa,2023-24,2023-09-17,Bournemouth,Chelsea,H,D Coote,0.0,0.0,0.0,0.0,13.0,14.0,4.0,6.0,15.0,20.0,1.0,7.0,1.0,5.0,0.0,0.0,,,1,D
79aa63eb6324a7a818aa,2023-24,2023-09-17,Chelsea,Bournemouth,A,D Coote,0.0,0.0,0.0,0.0,14.0,13.0,6.0,4.0,20.0,15.0,7.0,1.0,5.0,1.0,0.0,0.0,,,1,D
67bdf580d99c37bfad31,2023-24,2023-09-17,Everton,Arsenal,H,S Hooper,0.0,1.0,0.0,0.0,8.0,13.0,1.0,4.0,12.0,10.0,1.0,11.0,1.0,1.0,0.0,0.0,,,0,L
67bdf580d99c37bfad31,2023-24,2023-09-17,Arsenal,Everton,A,S Hooper,1.0,0.0,0.0,0.0,13.0,8.0,4.0,1.0,10.0,12.0,11.0,1.0,1.0,1.0,0.0,0.0,,,3,W
d1601667e6af3892c428,2023-24,2023-09-18,Nottingham Forest,Burnley,H,R Jones,1.0,1.0,0.0,1.0,14.0,10.0,4.0,3.0,16.0,10.0,5.0,4.0,2.0,3.0,0.0,1.0,,,1,D
d1601667e6af3892c428,2023-24,2023-09-18,Burnley,Nottingham Forest,A,R Jones,1.0,1.0,1.0,0.0,10.0,14.0,3.0,4.0,10.0,16.0,4.0,5.0,3.0,2.0,1.0,0.0,,,1,D
5c1ca659ff74bf935dac,2023-24,2023-09-23,Crystal Palace,Fulham,H,P Tierney,0.0,0.0,0.0,0.0,7.0,10.0,3.0,5.0,10.0,15.0,3.0,2.0,3.0,2.0,0.0,0.0,,,1,D
5c1ca659ff74bf935dac,2023-24,2023-09-23,Fulham,Crystal Palace,A,P Tierney,0.0,0.0,0.0,0.0,10.0,7.0,5.0,3.0,15.0,10.0,2.0,3.0,2.0,3.0,0.0,0.0,,,1,D
4d192b0829e1067a241e,2023-24,2023-09-23,Luton,Wolverhampton Wanderers,H,J Smith,1.0,1.0,0.0,0.0,20.0,3.0,4.0,3.0,12.0,17.0,10.0,1.0,0.0,2.0,0.0,1.0,,,1,D
4d192b0829e1067a241e,2023-24,2023-09-23,Wolverhampton Wanderers,Luton,A,J Smith,1.0,1.0,0.0,0.0,3.0,20.0,3.0,4.0,17.0,12.0,1.0,10.0,2.0,0.0,1.0,0.0,,,1,D
9902d59ccf208304069b,2023-24,2023-09-23,Manchester City,Nottingham Forest,H,A Taylor,2.0,0.0,2.0,0.0,7.0,10.0,4.0,3.0,5.0,17.0,6.0,6.0,3.0,7.0,1.0,0.0,,,3,W
9902d59ccf208304069b,2023-24,2023-09-23,Nottingham Forest,Manchester City,A,A Taylor,0.0,2.0,0.0,2.0,10.0,7.0,3.0,4.0,17.0,5.0,6.0,6.0,7.0,3.0,0.0,1.0,,,0,L
21c12825f5336c11fcea,2023-24,2023-09-23,Brentford,Everton,H,M Oliver,1.0,3.0,1.0,1.0,12.0,18.0,2.0,6.0,9.0,12.0,1.0,4.0,2.0,2.0,0.0,0.0,,,0,L
21c12825f5336c11fcea,2023-24,2023-09-23,Everton,Brentford,A,M Oliver,3.0,1.0,1.0,1.0,18.0,12.0,6.0,2.0,12.0,9.0,4.0,1.0,2.0,2.0,0.0,0.0,,,3,W
f7f4389501ffcaed121f,2023-24,2023-09-23,Burnley,Manchester United,H,T Harrington,0.0,1.0,0.0,1.0,12.0,11.0,4.0,4.0,6.0,12.0,9.0,5.0,1.0,2.0,0.0,0.0,,,0,L
f7f4389501ffcaed121f,2023-24,2023-09-23,Manchester United,Burnley,A,T Harrington,1.0,0.0,1.0,0.0,11.0,12.0,4.0,4.0,12.0,6.0,5.0,9.0,2.0,1.0,0.0,0.0,,,3,W
87be2c4c530c1dcf30eb,2023-24,2023-09-24,Arsenal,Tottenham,H,R Jones,2.0,2.0,1.0,1.0,13.0,13.0,6.0,5.0,12.0,19.0,11.0,4.0,3.0,4.0,0.0,0.0,,,1,D
87be2c4c530c1dcf30eb,2023-24,2023-09-24,Tottenham,Arsenal,A,R Jones,2.0,2.0,1.0,1.0,13.0,13.0,5.0,6.0,19.0,12.0,4.0,11.0,4.0,3.0,0.0,0.0,,,1,D
3aff9ea097132c962194,2023-24,2023-09-24,Brighton & Hove Albion,Bournemouth,H,J Brooks,3.0,1.0,1.0,1.0,13.0,12.0,4.0,4.0,12.0,17.0,4.0,4.0,3.0,3.0,0.0,0.0,,,3,W
3aff9ea097132c962194,2023-24,2023-09-24,Bournemouth,Brighton & Hove Albion,A,J Brooks,1.0,3.0,1.0,1.0,12.0,13.0,4.0,4.0,17.0,12.0,4.0,4.0,3.0,3.0,0.0,0.0,,,0,L
b5dcee3b39143f3c51f9,2023-24,2023-09-24,Chelsea,Aston Villa,H,J Gillett,0.0,1.0,0.0,0.0,10.0,15.0,4.0,7.0,9.0,11.0,5.0,11.0,2.0,3.0,0.0,0.0,,,0,L
b5dcee3b39143f3c51f9,2023-24,2023-09-24,Aston Villa,Chelsea,A,J Gillett,1.0,0.0,0.0,0.0,15.0,10.0,7.0,4.0,11.0,9.0,11.0,5.0,3.0,2.0,0.0,0.0,,,3,W
e9fd8277d9eace81ae57,2023-24,2023-09-24,Liverpool,West Ham United,H,C Kavanagh,3.0,1.0,1.0,1.0,22.0,11.0,7.0,4.0,12.0,13.0,7.0,4.0,0.0,2.0,0.0,0.0,,,3,W
e9fd8277d9eace81ae57,2023-24,2023-09-24,West Ham United,Liverpool,A,C Kavanagh,1.0,3.0,1.0,1.0,11.0,22.0,4.0,7.0,13.0,12.0,4.0,7.0,2.0,0.0,0.0,0.0,,,0,L
c5210a0fdf90fecaa1af,2023-24,2023-09-24,Sheffield United,Newcastle United,H,S Attwell,0.0,8.0,0.0,3.0,9.0,22.0,1.0,15.0,12.0,8.0,2.0,6.0,3.0,0.0,0.0,0.0,,,0,L
c5210a0fdf90fecaa1af,2023-24,2023-09-24,Newcastle United,Sheffield United,A,S Attwell,8.0,0.0,3.0,0.0,22.0,9.0,15.0,1.0,8.0,12.0,6.0,2.0,0.0,3.0,0.0,0.0,,,3,W
ee1c22ffdaca95eaca35,2023-24,2023-09-30,Aston Villa,Brighton & Hove Albion,H,A Madley,6.0,1.0,3.0,0.0,19.0,11.0,9.0,3.0,19.0,21.0,1.0,3.0,4.0,4.0,0.0,0.0,,,3,W
ee1c22ffdaca95eaca35,2023-24,2023-09-30,Brighton & Hove Albion,Aston Villa,A,A Madley,1.0,6.0,0.0,3.0,11.0,19.0,3.0,9.0,21.0,19.0,3.0,1.0,4.0,4.0,0.0,0.0,,,0,L
49d82abf99e615879b47,2023-24,2023-09-30,Bournemouth,Arsenal,H,M Salisbury,0.0,4.0,0.0,2.0,8.0,15.0,1.0,8.0,11.0,10.0,6.0,6.0,0.0,1.0,0.0,0.0,,,0,L
49d82abf99e615879b47,2023-24,2023-09-30,Arsenal,Bournemouth,A,M Salisbury,4.0,0.0,2.0,0.0,15.0,8.0,8.0,1.0,10.0,11.0,6.0,6.0,1.0,0.0,0.0,0.0,,,3,W
e1baf57ad47697e3ac7f,2023-24,2023-09-30,Everton,Luton,H,A Taylor,1.0,2.0,1.0,2.0,23.0,9.0,5.0,2.0,8.0,10.0,3.0,6.0,0.0,1.0,0.0,0.0,,,0,L
e1baf57ad47697e3ac7f,2023-24,2023-09-30,Luton,Everton,A,A Taylor,2.0,1.0,2.0,1.0,9.0,23.0,2.0,5.0,10.0,8.0,6.0,3.0,1.0,0.0,0.0,0.0,,,3,W
c3141c84075de519cf9c,2023-24,2023-09-30,Manchester United,Crystal Palace,H,C Kavanagh,0.0,1.0,0.0,1.0,19.0,8.0,4.0,2.0,10.0,8.0,10.0,4.0,3.0,2.0,0.0,0.0,,,0,L
c3141c84075de519cf9c,2023-24,2023-09-30,Crystal Palace,Manchester United,A,C Kavanagh,1.0,0.0,1.0,0.0,8.0,19.0,2.0,4.0,8.0,10.0,4.0,10.0,2.0,3.0,0.0,0.0,,,3,W
eaa40e9fb32cbf47a809,2023-24,2023-09-30,Newcastle United,Burnley,H,T Bramall,2.0,0.0,1.0,0.0,20.0,8.0,8.0,2.0,7.0,15.0,5.0,3.0,1.0,3.0,0.0,0.0,,,3,W
eaa40e9fb32cbf47a809,2023-24,2023-09-30,Burnley,Newcastle United,A,T Bramall,0.0,2.0,0.0,1.0,8.0,20.0,2.0,8.0,15.0,7.0,3.0,5.0,3.0,1.0,0.0,0.0,,,0,L
83b749d3d3fd368eca6c,2023-24,2023-09-30,West Ham United,Sheffield United,H,G Scott,2.0,0.0,2.0,0.0,20.0,16.0,9.0,2.0,6.0,9.0,7.0,4.0,1.0,1.0,0.0,0.0,,,3,W
83b749d3d3fd368eca6c,2023-24,2023-09-30,Sheffield United,West Ham United,A,G Scott,0.0,2.0,0.0,2.0,16.0,20.0,2.0,9.0,9.0,6.0,4.0,7.0,1.0,1.0,0.0,0.0,,,0,L
5d3e1d2106cd1d2662d5,2023-24,2023-09-30,Wolverhampton Wanderers,Manchester City,H,C Pawson,2.0,1.0,1.0,0.0,3.0,23.0,1.0,8.0,18.0,12.0,0.0,6.0,5.0,4.0,0.0,0.0,,,3,W
5d3e1d2106cd1d2662d5,2023-24,2023-09-30,Manchester City,Wolverhampton Wanderers,A,C Pawson,1.0,2.0,0.0,1.0,23.0,3.0,8.0,1.0,12.0,18.0,6.0,0.0,4.0,5.0,0.0,0.0,,,0,L
4bc1cfab88f1eb36d9be,2023-24,2023-09-30,Tottenham,Liverpool,H,S Hooper,2.0,1.0,1.0,1.0,24.0,12.0,8.0,4.0,11.0,17.0,12.0,5.0,5.0,4.0,0.0,2.0,,,3,W
4bc1cfab88f1eb36d9be,2023-24,2023-09-30,Liverpool,Tottenham,A,S Hooper,1.0,2.0,1.0,1.0,12.0,24.0,4.0,8.0,17.0,11.0,5.0,12.0,4.0,5.0,2.0,0.0,,,0,L
3434c74abaad133906ea,2023-24,2023-10-01,Nottingham Forest,Brentford,H,P Tierney,1.0,1.0,0.0,0.0,6.0,18.0,1.0,5.0,6.0,10.0,1.0,11.0,1.0,2.0,1.0,0.0,,,1,D
3434c74abaad133906ea,2023-24,2023-10-01,Brentford,Nottingham Forest,A,P Tierney,1.0,1.0,0.0,0.0,18.0,6.0,5.0,1.0,10.0,6.0,11.0,1.0,2.0,1.0,0.0,1.0,,,1,D
59debc9834902000b8f4,2023-24,2023-10-02,Fulham,Chelsea,H,T Robinson,0.0,2.0,0.0,2.0,10.0,11.0,3.0,4.0,15.0,12.0,8.0,1.0,1.0,4.0,0.0,0.0,,,0,L
59debc9834902000b8f4,2023-24,2023-10-02,Chelsea,Fulham,A,T Robinson,2.0,0.0,2.0,0.0,11.0,10.0,4.0,3.0,12.0,15.0,1.0,8.0,4.0,1.0,0.0,0.0,,,3,W
07ce35d9fc291b756371,2023-24,2023-10-03,Luton,Burnley,H,P Bankes,1.0,2.0,0.0,1.0,18.0,14.0,3.0,4.0,14.0,6.0,7.0,6.0,4.0,2.0,0.0,0.0,,,0,L
07ce35d9fc291b756371,2023-24,2023-10-03,Burnley,Luton,A,P Bankes,2.0,1.0,1.0,0.0,14.0,18.0,4.0,3.0,6.0,14.0,6.0,7.0,2.0,4.0,0.0,0.0,,,3,W
9c8694f1dc865fe96f62,2023-24,2023-10-07,Luton,Tottenham,H,J Brooks,0.0,1.0,0.0,0.0,12.0,15.0,2.0,4.0,16.0,7.0,5.0,6.0,2.0,1.0,0.0,1.0,,,0,L
9c8694f1dc865fe96f62,2023-24,2023-10-07,Tottenham,Luton,A,J Brooks,1.0,0.0,0.0,0.0,15.0,12.0,4.0,2.0,7.0,16.0,6.0,5.0,1.0,2.0,1.0,0.0,,,3,W
5352639ae788e28ff827,2023-24,2023-10-07,Burnley,Chelsea,H,S Attwell,1.0,4.0,1.0,1.0,10.0,9.0,3.0,5.0,11.0,8.0,7.0,3.0,2.0,4.0,0.0,0.0,,,0,L
5352639ae788e28ff827,2023-24,2023-10-07,Chelsea,Burnley,A,S Attwell,4.0,1.0,1.0,1.0,9.0,10.0,5.0,3.0,8.0,11.0,3.0,7.0,4.0,2.0,0.0,0.0,,,3,W
a772ca603280b084e5c2,2023-24,2023-10-07,Everton,Bournemouth,H,D Coote,3.0,0.0,2.0,0.0,25.0,11.0,8.0,4.0,14.0,15.0,8.0,7.0,1.0,2.0,0.0,0.0,,,3,W
a772ca603280b084e5c2,2023-24,2023-10-07,Bournemouth,Everton,A,D Coote,0.0,3.0,0.0,2.0,11.0,25.0,4.0,8.0,15.0,14.0,7.0,8.0,2.0,1.0,0.0,0.0,,,0,L
3284fd2d0e08f5599296,2023-24,2023-10-07,Fulham,Sheffield United,H,S Barrott,3.0,1.0,0.0,0.0,20.0,5.0,6.0,2.0,8.0,10.0,9.0,4.0,1.0,2.0,0.0,0.0,,,3,W
3284fd2d0e08f5599296,2023-24,2023-10-07,Sheffield United,Fulham,A,S Barrott,1.0,3.0,0.0,0.0,5.0,20.0,2.0,6.0,10.0,8.0,4.0,9.0,2.0,1.0,0.0,0.0,,,0,L
876b59661fd7ce525f15,2023-24,2023-10-07,Manchester United,Brentford,H,A Madley,2.0,1.0,0.0,1.0,21.0,11.0,8.0,3.0,10.0,17.0,7.0,5.0,0.0,5.0,0.0,0.0,,,3,W
876b59661fd7ce525f15,2023-24,2023-10-07,Brentford,Manchester United,A,A Madley,1.0,2.0,1.0,0.0,11.0,21.0,3.0,8.0,17.0,10.0,5.0,7.0,5.0,0.0,0.0,0.0,,,0,L
cf8e024177d3455d563c,2023-24,2023-10-07,Crystal Palace,Nottingham Forest,H,C Pawson,0.0,0.0,0.0,0.0,8.0,16.0,2.0,5.0,7.0,12.0,3.0,7.0,0.0,1.0,0.0,0.0,,,1,D
cf8e024177d3455d563c,2023-24,2023-10-07,Nottingham Forest,Crystal Palace,A,C Pawson,0.0,0.0,0.0,0.0,16.0,8.0,5.0,2.0,12.0,7.0,7.0,3.0,1.0,0.0,0.0,0.0,,,1,D
e8840c245034013f8aa6,2023-24,2023-10-08,Brighton & Hove Albion,Liverpool,H,A Taylor,2.0,2.0,1.0,2.0,14.0,14.0,3.0,4.0,12.0,20.0,8.0,1.0,1.0,2.0,0.0,0.0,,,1,D
e8840c245034013f8aa6,2023-24,2023-10-08,Liverpool,Brighton & Hove Albion,A,A Taylor,2.0,2.0,2.0,1.0,14.0,14.0,4.0,3.0,20.0,12.0,1.0,8.0,2.0,1.0,0.0,0.0,,,1,D
afb93d0c72e43806b3bc,2023-24,2023-10-08,West Ham United,Newcastle United,H,P Bankes,2.0,2.0,1.0,0.0,5.0,10.0,3.0,3.0,11.0,18.0,4.0,2.0,3.0,3.0,0.0,0.0,,,1,D
afb93d0c72e43806b3bc,2023-24,2023-10-08,Newcastle United,West Ham United,A,P Bankes,2.0,2.0,0.0,1.0,10.0,5.0,3.0,3.0,18.0,11.0,2.0,4.0,3.0,3.0,0.0,0.0,,,1,D
2877d4bbe11cbaec5635,2023-24,2023-10-08,Wolverhampton Wanderers,Aston Villa,H,R Jones,1.0,1.0,0.0,0.0,8.0,18.0,3.0,4.0,19.0,9.0,2.0,10.0,2.0,2.0,1.0,0.0,,,1,D
2877d4bbe11cbaec5635,2023-24,2023-10-08,Aston Villa,Wolverhampton Wanderers,A,R Jones,1.0,1.0,0.0,0.0,18.0,8.0,4.0,3.0,9.0,19.0,10.0,2.0,2.0,2.0,0.0,1.0,,,1,D
2db4ef3ac8727cb51d8b,2023-24,2023-10-08,Arsenal,Manchester City,H,M Oliver,1.0,0.0,0.0,0.0,12.0,4.0,2.0,1.0,8.0,7.0,5.0,4.0,2.0,3.0,0.0,0.0,,,3,W
2db4ef3ac8727cb51d8b,2023-24,2023-10-08,Manchester City,Arsenal,A,M Oliver,0.0,1.0,0.0,0.0,4.0,12.0,1.0,2.0,7.0,8.0,4.0,5.0,3.0,2.0,0.0,0.0,,,0,L
5444ed49b70e6ebc6162,2023-24,2023-10-21,Liverpool,Everton,H,C Pawson,2.0,0.0,0.0,0.0,26.0,6.0,6.0,1.0,9.0,9.0,12.0,4.0,1.0,1.0,0.0,1.0,,,3,W
5444ed49b70e6ebc6162,2023-24,2023-10-21,Everton,Liverpool,A,C Pawson,0.0,2.0,0.0,0.0,6.0,26.0,1.0,6.0,9.0,9.0,4.0,12.0,1.0,1.0,1.0,0.0,,,0,L
780a060acfb82773b81d,2023-24,2023-10-21,Bournemouth,Wolverhampton Wanderers,H,P Tierney,1.0,2.0,1.0,0.0,7.0,20.0,4.0,7.0,15.0,10.0,3.0,12.0,2.0,6.0,1.0,0.0,,,0,L
780a060acfb82773b81d,2023-24,2023-10-21,Wolverhampton Wanderers,Bournemouth,A,P Tierney,2.0,1.0,0.0,1.0,20.0,7.0,7.0,4.0,10.0,15.0,12.0,3.0,6.0,2.0,0.0,1.0,,,3,W
21cf616caa98a2e0897a,2023-24,2023-10-21,Brentford,Burnley,H,J Smith,3.0,0.0,1.0,0.0,23.0,6.0,10.0,1.0,14.0,12.0,5.0,5.0,5.0,2.0,0.0,1.0,,,3,W
21cf616caa98a2e0897a,2023-24,2023-10-21,Burnley,Brentford,A,J Smith,0.0,3.0,0.0,1.0,6.0,23.0,1.0,10.0,12.0,14.0,5.0,5.0,2.0,5.0,1.0,0.0,,,0,L
39d9bd0a4b21aea59181,2023-24,2023-10-21,Manchester City,Brighton & Hove Albion,H,R Jones,2.0,1.0,2.0,0.0,10.0,5.0,6.0,3.0,9.0,11.0,2.0,2.0,2.0,2.0,1.0,0.0,,,3,W
39d9bd0a4b21aea59181,2023-24,2023-10-21,Brighton & Hove Albion,Manchester City,A,R Jones,1.0,2.0,0.0,2.0,5.0,10.0,3.0,6.0,11.0,9.0,2.0,2.0,2.0,2.0,0.0,1.0,,,0,L
95e276f111b9d3b57e4a,2023-24,2023-10-21,Newcastle United,Crystal Palace,H,T Robinson,4.0,0.0,3.0,0.0,10.0,17.0,7.0,3.0,7.0,12.0,6.0,8.0,2.0,3.0,0.0,0.0,,,3,W
95e276f111b9d3b57e4a,2023-24,2023-10-21,Crystal Palace,Newcastle United,A,T Robinson,0.0,4.0,0.0,3.0,17.0,10.0,3.0,7.0,12.0,7.0,8.0,6.0,3.0,2.0,0.0,0.0,,,0,L
fb95a1e1dcd0ec29ae0f,2023-24,2023-10-21,Nottingham Forest,Luton,H,S Barrott,2.0,2.0,0.0,0.0,19.0,13.0,8.0,4.0,12.0,11.0,4.0,2.0,3.0,0.0,0.0,0.0,,,1,D
fb95a1e1dcd0ec29ae0f,2023-24,2023-10-21,Luton,Nottingham Forest,A,S Barrott,2.0,2.0,0.0,0.0,13.0,19.0,4.0,8.0,11.0,12.0,2.0,4.0,0.0,3.0,0.0,0.0,,,1,D
fdb007d2e41813d62388,2023-24,2023-10-21,Chelsea,Arsenal,H,C Kavanagh,2.0,2.0,1.0,0.0,11.0,13.0,5.0,3.0,7.0,14.0,2.0,7.0,3.0,3.0,0.0,0.0,,,1,D
fdb007d2e41813d62388,2023-24,2023-10-21,Arsenal,Chelsea,A,C Kavanagh,2.0,2.0,0.0,1.0,13.0,11.0,3.0,5.0,14.0,7.0,7.0,2.0,3.0,3.0,0.0,0.0,,,1,D
e59f0e40f78f947b8323,2023-24,2023-10-21,Sheffield United,Manchester United,H,M Oliver,1.0,2.0,1.0,1.0,12.0,14.0,6.0,5.0,12.0,10.0,5.0,4.0,3.0,1.0,0.0,0.0,,,0,L
e59f0e40f78f947b8323,2023-24,2023-10-21,Manchester United,Sheffield United,A,M Oliver,2.0,1.0,1.0,1.0,14.0,12.0,5.0,6.0,10.0,12.0,4.0,5.0,1.0,3.0,0.0,0.0,,,3,W
c9858a49a97cea11120e,2023-24,2023-10-22,Aston Villa,West Ham United,H,D Coote,4.0,1.0,1.0,0.0,15.0,14.0,7.0,4.0,9.0,15.0,8.0,7.0,0.0,1.0,0.0,0.0,,,3,W
c9858a49a97cea11120e,2023-24,2023-10-22,West Ham United,Aston Villa,A,D Coote,1.0,4.0,0.0,1.0,14.0,15.0,4.0,7.0,15.0,9.0,7.0,8.0,1.0,0.0,0.0,0.0,,,0,L
eef7e814ec968990bd01,2023-24,2023-10-23,Tottenham,Fulham,H,A Taylor,2.0,0.0,1.0,0.0,15.0,10.0,5.0,3.0,10.0,14.0,3.0,5.0,2.0,0.0,0.0,0.0,,,3,W
eef7e814ec968990bd01,2023-24,2023-10-23,Fulham,Tottenham,A,A Taylor,0.0,2.0,0.0,1.0,10.0,15.0,3.0,5.0,14.0,10.0,5.0,3.0,0.0,2.0,0.0,0.0,,,0,L
d8383facd879687d2fe9,2023-24,2023-10-27,Crystal Palace,Tottenham,H,A Madley,1.0,2.0,0.0,0.0,13.0,10.0,3.0,1.0,19.0,11.0,11.0,2.0,2.0,1.0,0.0,0.0,,,0,L
d8383facd879687d2fe9,2023-24,2023-10-27,Tottenham,Crystal Palace,A,A Madley,2.0,1.0,0.0,0.0,10.0,13.0,1.0,3.0,11.0,19.0,2.0,11.0,1.0,2.0,0.0,0.0,,,3,W
4910f0ceea2817698b74,2023-24,2023-10-28,Chelsea,Brentford,H,S Hooper,0.0,2.0,0.0,0.0,17.0,7.0,2.0,5.0,12.0,7.0,10.0,1.0,1.0,4.0,0.0,0.0,,,0,L
4910f0ceea2817698b74,2023-24,2023-10-28,Brentford,Chelsea,A,S Hooper,2.0,0.0,0.0,0.0,7.0,17.0,5.0,2.0,7.0,12.0,1.0,10.0,4.0,1.0,0.0,0.0,,,3,W
b5c5b035abe83ca36815,2023-24,2023-10-28,Arsenal,Sheffield United,H,T Robinson,5.0,0.0,1.0,0.0,13.0,2.0,8.0,0.0,9.0,13.0,6.0,1.0,0.0,3.0,0.0,0.0,,,3,W
b5c5b035abe83ca36815,2023-24,2023-10-28,Sheffield United,Arsenal,A,T Robinson,0.0,5.0,0.0,1.0,2.0,13.0,0.0,8.0,13.0,9.0,1.0,6.0,3.0,0.0,0.0,0.0,,,0,L
0ee4fef5bb801b55ab80,2023-24,2023-10-28,Bournemouth,Burnley,H,S Barrott,2.0,1.0,1.0,1.0,13.0,6.0,6.0,3.0,9.0,12.0,10.0,5.0,2.0,3.0,0.0,0.0,,,3,W
0ee4fef5bb801b55ab80,2023-24,2023-10-28,Burnley,Bournemouth,A,S Barrott,1.0,2.0,1.0,1.0,6.0,13.0,3.0,6.0,12.0,9.0,5.0,10.0,3.0,2.0,0.0,0.0,,,0,L
a7f40d32e49f61bac7bd,2023-24,2023-10-28,Wolverhampton Wanderers,Newcastle United,H,A Taylor,2.0,2.0,1.0,2.0,11.0,13.0,6.0,5.0,13.0,15.0,8.0,7.0,1.0,4.0,0.0,0.0,,,1,D
a7f40d32e49f61bac7bd,2023-24,2023-10-28,Newcastle United,Wolverhampton Wanderers,A,A Taylor,2.0,2.0,2.0,1.0,13.0,11.0,5.0,6.0,15.0,13.0,7.0,8.0,4.0,1.0,0.0,0.0,,,1,D
7f82fc263a2e8569f1fc,2023-24,2023-10-29,West Ham United,Everton,H,S Attwell,0.0,1.0,0.0,0.0,12.0,10.0,2.0,4.0,7.0,11.0,4.0,3.0,4.0,1.0,0.0,0.0,,,0,L
7f82fc263a2e8569f1fc,2023-24,2023-10-29,Everton,West Ham United,A,S Attwell,1.0,0.0,0.0,0.0,10.0,12.0,4.0,2.0,11.0,7.0,3.0,4.0,1.0,4.0,0.0,0.0,,,3,W
b088f82d41b9b3f4d984,2023-24,2023-10-29,Aston Villa,Luton,H,J Brooks,3.0,1.0,1.0,0.0,17.0,7.0,6.0,1.0,11.0,10.0,6.0,4.0,3.0,2.0,0.0,0.0,,,3,W
b088f82d41b9b3f4d984,2023-24,2023-10-29,Luton,Aston Villa,A,J Brooks,1.0,3.0,0.0,1.0,7.0,17.0,1.0,6.0,10.0,11.0,4.0,6.0,2.0,3.0,0.0,0.0,,,0,L
b149d5e2e3813d423c81,2023-24,2023-10-29,Brighton & Hove Albion,Fulham,H,M Salisbury,1.0,1.0,1.0,0.0,18.0,10.0,7.0,5.0,12.0,8.0,7.0,3.0,0.0,3.0,0.0,0.0,,,1,D
b149d5e2e3813d423c81,2023-24,2023-10-29,Fulham,Brighton & Hove Albion,A,M Salisbury,1.0,1.0,0.0,1.0,10.0,18.0,5.0,7.0,8.0,12.0,3.0,7.0,3.0,0.0,0.0,0.0,,,1,D
4b3c30bd26660cf13a30,2023-24,2023-10-29,Liverpool,Nottingham Forest,H,C Kavanagh,3.0,0.0,2.0,0.0,21.0,9.0,8.0,1.0,9.0,13.0,8.0,3.0,2.0,3.0,0.0,0.0,,,3,W
4b3c30bd26660cf13a30,2023-24,2023-10-29,Nottingham Forest,Liverpool,A,C Kavanagh,0.0,3.0,0.0,2.0,9.0,21.0,1.0,8.0,13.0,9.0,3.0,8.0,3.0,2.0,0.0,0.0,,,0,L
8eb93b6ef99c7f446cca,2023-24,2023-10-29,Manchester United,Manchester City,H,P Tierney,0.0,3.0,0.0,1.0,7.0,21.0,3.0,10.0,9.0,4.0,7.0,12.0,4.0,1.0,0.0,0.0,,,0,L
8eb93b6ef99c7f446cca,2023-24,2023-10-29,Manchester City,Manchester United,A,P Tierney,3.0,0.0,1.0,0.0,21.0,7.0,10.0,3.0,4.0,9.0,12.0,7.0,1.0,4.0,0.0,0.0,,,3,W
7b467227b436940a7069,2023-24,2023-11-04,Fulham,Manchester United,H,J Brooks,0.0,1.0,0.0,0.0,18.0,12.0,3.0,5.0,9.0,15.0,9.0,4.0,5.0,2.0,0.0,0.0,,,0,L
7b467227b436940a7069,2023-24,2023-11-04,Manchester United,Fulham,A,J Brooks,1.0,0.0,0.0,0.0,12.0,18.0,5.0,3.0,15.0,9.0,4.0,9.0,2.0,5.0,0.0,0.0,,,3,W
3a1e592b277e2cf4538d,2023-24,2023-11-04,Brentford,West Ham United,H,T Bramall,3.0,2.0,1.0,2.0,16.0,12.0,4.0,2.0,12.0,14.0,4.0,3.0,1.0,4.0,0.0,0.0,,,3,W
3a1e592b277e2cf4538d,2023-24,2023-11-04,West Ham United,Brentford,A,T Bramall,2.0,3.0,2.0,1.0,12.0,16.0,2.0,4.0,14.0,12.0,3.0,4.0,4.0,1.0,0.0,0.0,,,0,L
8c09192375f258734b67,2023-24,2023-11-04,Burnley,Crystal Palace,H,P Bankes,0.0,2.0,0.0,1.0,17.0,4.0,5.0,3.0,9.0,12.0,12.0,1.0,0.0,5.0,0.0,0.0,,,0,L
8c09192375f258734b67,2023-24,2023-11-04,Crystal Palace,Burnley,A,P Bankes,2.0,0.0,1.0,0.0,4.0,17.0,3.0,5.0,12.0,9.0,1.0,12.0,5.0,0.0,0.0,0.0,,,3,W
7fd278485b9285d72960,2023-24,2023-11-04,Everton,Brighton & Hove Albion,H,T Robinson,1.0,1.0,1.0,0.0,10.0,7.0,4.0,2.0,15.0,5.0,3.0,3.0,4.0,2.0,0.0,0.0,,,1,D
7fd278485b9285d72960,2023-24,2023-11-04,Brighton & Hove Albion,Everton,A,T Robinson,1.0,1.0,0.0,1.0,7.0,10.0,2.0,4.0,5.0,15.0,3.0,3.0,2.0,4.0,0.0,0.0,,,1,D
8c41891e42416a5351b5,2023-24,2023-11-04,Manchester City,Bournemouth,H,C Pawson,6.0,1.0,3.0,0.0,21.0,5.0,8.0,1.0,8.0,9.0,12.0,1.0,0.0,1.0,0.0,0.0,,,3,W
8c41891e42416a5351b5,2023-24,2023-11-04,Bournemouth,Manchester City,A,C Pawson,1.0,6.0,0.0,3.0,5.0,21.0,1.0,8.0,9.0,8.0,1.0,12.0,1.0,0.0,0.0,0.0,,,0,L
a7dc34ac9534fc02a14d,2023-24,2023-11-04,Sheffield United,Wolverhampton Wanderers,H,R Jones,2.0,1.0,0.0,0.0,11.0,10.0,2.0,3.0,13.0,10.0,4.0,4.0,2.0,3.0,0.0,0.0,,,3,W
a7dc34ac9534fc02a14d,2023-24,2023-11-04,Wolverhampton Wanderers,Sheffield United,A,R Jones,1.0,2.0,0.0,0.0,10.0,11.0,3.0,2.0,10.0,13.0,4.0,4.0,3.0,2.0,0.0,0.0,,,0,L
e78307f0ce7be84a0166,2023-24,2023-11-04,Newcastle United,Arsenal,H,S Attwell,1.0,0.0,0.0,0.0,9.0,14.0,2.0,1.0,14.0,9.0,0.0,11.0,5.0,1.0,0.0,0.0,,,3,W
e78307f0ce7be84a0166,2023-24,2023-11-04,Arsenal,Newcastle United,A,S Attwell,0.0,1.0,0.0,0.0,14.0,9.0,1.0,2.0,9.0,14.0,11.0,0.0,1.0,5.0,0.0,0.0,,,0,L
76d7f4cef87ec7b6cede,2023-24,2023-11-05,Nottingham Forest,Aston Villa,H,J Gillett,2.0,0.0,1.0,0.0,5.0,13.0,3.0,3.0,6.0,9.0,0.0,10.0,1.0,1.0,0.0,0.0,,,3,W
76d7f4cef87ec7b6cede,2023-24,2023-11-05,Aston Villa,Nottingham Forest,A,J Gillett,0.0,2.0,0.0,1.0,13.0,5.0,3.0,3.0,9.0,6.0,10.0,0.0,1.0,1.0,0.0,0.0,,,0,L
0688392d2abfc7b87d36,2023-24,2023-11-05,Luton,Liverpool,H,A Madley,1.0,1.0,0.0,0.0,8.0,24.0,5.0,6.0,7.0,13.0,4.0,7.0,1.0,1.0,0.0,0.0,,,1,D
0688392d2abfc7b87d36,2023-24,2023-11-05,Liverpool,Luton,A,A Madley,1.0,1.0,0.0,0.0,24.0,8.0,6.0,5.0,13.0,7.0,7.0,4.0,1.0,1.0,0.0,0.0,,,1,D
1a23eb885a8de40dbdfb,2023-24,2023-11-06,Tottenham,Chelsea,H,M Oliver,1.0,4.0,1.0,1.0,8.0,17.0,5.0,8.0,12.0,21.0,1.0,6.0,1.0,5.0,2.0,0.0,,,0,L
1a23eb885a8de40dbdfb,2023-24,2023-11-06,Chelsea,Tottenham,A,M Oliver,4.0,1.0,1.0,1.0,17.0,8.0,8.0,5.0,21.0,12.0,6.0,1.0,5.0,1.0,0.0,2.0,,,3,W
cb0b14df15ed1e54c628,2023-24,2023-11-11,Wolverhampton Wanderers,Tottenham,H,T Robinson,2.0,1.0,0.0,1.0,17.0,6.0,4.0,2.0,19.0,15.0,11.0,3.0,4.0,3.0,0.0,0.0,,,3,W
cb0b14df15ed1e54c628,2023-24,2023-11-11,Tottenham,Wolverhampton Wanderers,A,T Robinson,1.0,2.0,1.0,0.0,6.0,17.0,2.0,4.0,15.0,19.0,3.0,11.0,3.0,4.0,0.0,0.0,,,0,L
8038051c088b7c0a04ca,2023-24,2023-11-11,Arsenal,Burnley,H,M Oliver,3.0,1.0,1.0,0.0,16.0,8.0,6.0,5.0,8.0,9.0,3.0,3.0,0.0,1.0,1.0,0.0,,,3,W
8038051c088b7c0a04ca,2023-24,2023-11-11,Burnley,Arsenal,A,M Oliver,1.0,3.0,0.0,1.0,8.0,16.0,5.0,6.0,9.0,8.0,3.0,3.0,1.0,0.0,0.0,1.0,,,0,L
a4d1caae25bc21090b88,2023-24,2023-11-11,Crystal Palace,Everton,H,S Barrott,2.0,3.0,1.0,1.0,13.0,8.0,4.0,4.0,9.0,18.0,9.0,2.0,1.0,4.0,0.0,0.0,,,0,L
a4d1caae25bc21090b88,2023-24,2023-11-11,Everton,Crystal Palace,A,S Barrott,3.0,2.0,1.0,1.0,8.0,13.0,4.0,4.0,18.0,9.0,2.0,9.0,4.0,1.0,0.0,0.0,,,3,W
0cec446375b1019f50ed,2023-24,2023-11-11,Manchester United,Luton,H,G Scott,1.0,0.0,0.0,0.0,15.0,10.0,4.0,4.0,9.0,11.0,11.0,3.0,0.0,2.0,0.0,0.0,,,3,W
0cec446375b1019f50ed,2023-24,2023-11-11,Luton,Manchester United,A,G Scott,0.0,1.0,0.0,0.0,10.0,15.0,4.0,4.0,11.0,9.0,3.0,11.0,2.0,0.0,0.0,0.0,,,0,L
a67e432c42395033e94f,2023-24,2023-11-11,Bournemouth,Newcastle United,H,C Kavanagh,2.0,0.0,0.0,0.0,19.0,8.0,10.0,5.0,10.0,4.0,6.0,5.0,2.0,1.0,0.0,0.0,,,3,W
a67e432c42395033e94f,2023-24,2023-11-11,Newcastle United,Bournemouth,A,C Kavanagh,0.0,2.0,0.0,0.0,8.0,19.0,5.0,10.0,4.0,10.0,5.0,6.0,1.0,2.0,0.0,0.0,,,0,L
ee8fea8afc0d53c5e7ca,2023-24,2023-11-12,Aston Villa,Fulham,H,S Hooper,3.0,1.0,2.0,0.0,12.0,9.0,6.0,5.0,4.0,17.0,2.0,2.0,2.0,5.0,0.0,0.0,,,3,W
ee8fea8afc0d53c5e7ca,2023-24,2023-11-12,Fulham,Aston Villa,A,S Hooper,1.0,3.0,0.0,2.0,9.0,12.0,5.0,6.0,17.0,4.0,2.0,2.0,5.0,2.0,0.0,0.0,,,0,L
48c331ce949f04452b86,2023-24,2023-11-12,Brighton & Hove Albion,Sheffield United,H,J Brooks,1.0,1.0,1.0,0.0,11.0,9.0,6.0,1.0,13.0,16.0,6.0,3.0,3.0,2.0,1.0,0.0,,,1,D
48c331ce949f04452b86,2023-24,2023-11-12,Sheffield United,Brighton & Hove Albion,A,J Brooks,1.0,1.0,0.0,1.0,9.0,11.0,1.0,6.0,16.0,13.0,3.0,6.0,2.0,3.0,0.0,1.0,,,1,D
bd55092853529c789be8,2023-24,2023-11-12,Liverpool,Brentford,H,P Tierney,3.0,0.0,1.0,0.0,17.0,16.0,10.0,3.0,16.0,12.0,6.0,8.0,1.0,2.0,0.0,0.0,,,3,W
bd55092853529c789be8,2023-24,2023-11-12,Brentford,Liverpool,A,P Tierney,0.0,3.0,0.0,1.0,16.0,17.0,3.0,10.0,12.0,16.0,8.0,6.0,2.0,1.0,0.0,0.0,,,0,L
18956db88766290649c4,2023-24,2023-11-12,West Ham United,Nottingham Forest,H,M Salisbury,3.0,2.0,1.0,1.0,16.0,10.0,6.0,5.0,9.0,12.0,9.0,4.0,2.0,2.0,0.0,0.0,,,3,W
18956db88766290649c4,2023-24,2023-11-12,Nottingham Forest,West Ham United,A,M Salisbury,2.0,3.0,1.0,1.0,10.0,16.0,5.0,6.0,12.0,9.0,4.0,9.0,2.0,2.0,0.0,0.0,,,0,L
2491572afe29753390fa,2023-24,2023-11-12,Chelsea,Manchester City,H,A Taylor,4.0,4.0,2.0,2.0,17.0,15.0,9.0,10.0,12.0,15.0,3.0,3.0,5.0,3.0,0.0,0.0,,,1,D
2491572afe29753390fa,2023-24,2023-11-12,Manchester City,Chelsea,A,A Taylor,4.0,4.0,2.0,2.0,15.0,17.0,10.0,9.0,15.0,12.0,3.0,3.0,3.0,5.0,0.0,0.0,,,1,D
a5afa6dffa01562fb889,2023-24,2023-11-25,Manchester City,Liverpool,H,C Kavanagh,1.0,1.0,1.0,0.0,16.0,8.0,5.0,3.0,9.0,11.0,9.0,6.0,1.0,3.0,0.0,0.0,,,1,D
a5afa6dffa01562fb889,2023-24,2023-11-25,Liverpool,Manchester City,A,C Kavanagh,1.0,1.0,0.0,1.0,8.0,16.0,3.0,5.0,11.0,9.0,6.0,9.0,3.0,1.0,0.0,0.0,,,1,D
7ac97fddf3b45dff3976,2023-24,2023-11-25,Burnley,West Ham United,H,S Barrott,1.0,2.0,0.0,0.0,11.0,11.0,5.0,3.0,11.0,7.0,4.0,5.0,1.0,3.0,0.0,0.0,,,0,L
7ac97fddf3b45dff3976,2023-24,2023-11-25,West Ham United,Burnley,A,S Barrott,2.0,1.0,0.0,0.0,11.0,11.0,3.0,5.0,7.0,11.0,5.0,4.0,3.0,1.0,0.0,0.0,,,3,W
58a5beb66836020532ad,2023-24,2023-11-25,Luton,Crystal Palace,H,J Gillett,2.0,1.0,0.0,0.0,8.0,16.0,3.0,8.0,15.0,12.0,4.0,5.0,6.0,1.0,0.0,0.0,,,3,W
58a5beb66836020532ad,2023-24,2023-11-25,Crystal Palace,Luton,A,J Gillett,1.0,2.0,0.0,0.0,16.0,8.0,8.0,3.0,12.0,15.0,5.0,4.0,1.0,6.0,0.0,0.0,,,0,L
43b108d394bb423631cd,2023-24,2023-11-25,Newcastle United,Chelsea,H,S Hooper,4.0,1.0,1.0,1.0,14.0,7.0,5.0,4.0,13.0,19.0,4.0,2.0,4.0,4.0,0.0,1.0,,,3,W
43b108d394bb423631cd,2023-24,2023-11-25,Chelsea,Newcastle United,A,S Hooper,1.0,4.0,1.0,1.0,7.0,14.0,4.0,5.0,19.0,13.0,2.0,4.0,4.0,4.0,1.0,0.0,,,0,L
224a516740d5ea2dcc7d,2023-24,2023-11-25,Nottingham Forest,Brighton & Hove Albion,H,A Taylor,2.0,3.0,1.0,2.0,18.0,11.0,5.0,5.0,12.0,7.0,6.0,4.0,2.0,4.0,0.0,1.0,,,0,L
224a516740d5ea2dcc7d,2023-24,2023-11-25,Brighton & Hove Albion,Nottingham Forest,A,A Taylor,3.0,2.0,2.0,1.0,11.0,18.0,5.0,5.0,7.0,12.0,4.0,6.0,4.0,2.0,1.0,0.0,,,3,W
1c62d2e1be33332fc7c5,2023-24,2023-11-25,Sheffield United,Bournemouth,H,A Madley,1.0,3.0,0.0,2.0,10.0,23.0,2.0,11.0,6.0,8.0,4.0,7.0,4.0,1.0,0.0,0.0,,,0,L
1c62d2e1be33332fc7c5,2023-24,2023-11-25,Bournemouth,Sheffield United,A,A Madley,3.0,1.0,2.0,0.0,23.0,10.0,11.0,2.0,8.0,6.0,7.0,4.0,1.0,4.0,0.0,0.0,,,3,W
545796f6c66bf4c6c5f4,2023-24,2023-11-25,Brentford,Arsenal,H,T Robinson,0.0,1.0,0.0,0.0,9.0,15.0,3.0,4.0,9.0,7.0,1.0,8.0,1.0,1.0,0.0,0.0,,,0,L
545796f6c66bf4c6c5f4,2023-24,2023-11-25,Arsenal,Brentford,A,T Robinson,1.0,0.0,0.0,0.0,15.0,9.0,4.0,3.0,7.0,9.0,8.0,1.0,1.0,1.0,0.0,0.0,,,3,W
b5311296f35d12b24ea3,2023-24,2023-11-26,Tottenham,Aston Villa,H,R Jones,1.0,2.0,1.0,1.0,18.0,15.0,8.0,5.0,11.0,13.0,9.0,3.0,0.0,4.0,0.0,0.0,,,0,L
b5311296f35d12b24ea3,2023-24,2023-11-26,Aston Villa,Tottenham,A,R Jones,2.0,1.0,1.0,1.0,15.0,18.0,5.0,8.0,13.0,11.0,3.0,9.0,4.0,0.0,0.0,0.0,,,3,W
8cacb86e1662b42a0b81,2023-24,2023-11-26,Everton,Manchester United,H,J Brooks,0.0,3.0,0.0,1.0,24.0,9.0,6.0,4.0,10.0,8.0,6.0,5.0,3.0,0.0,0.0,0.0,,,0,L
8cacb86e1662b42a0b81,2023-24,2023-11-26,Manchester United,Everton,A,J Brooks,3.0,0.0,1.0,0.0,9.0,24.0,4.0,6.0,8.0,10.0,5.0,6.0,0.0,3.0,0.0,0.0,,,3,W
c1d53aa05d7b813a355d,2023-24,2023-11-27,Fulham,Wolverhampton Wanderers,H,M Salisbury,3.0,2.0,1.0,1.0,12.0,10.0,6.0,6.0,13.0,13.0,6.0,2.0,2.0,2.0,0.0,0.0,,,3,W
c1d53aa05d7b813a355d,2023-24,2023-11-27,Wolverhampton Wanderers,Fulham,A,M Salisbury,2.0,3.0,1.0,1.0,10.0,12.0,6.0,6.0,13.0,13.0,2.0,6.0,2.0,2.0,0.0,0.0,,,0,L
6cd43656c1bccf6a0bd2,2023-24,2023-12-02,Arsenal,Wolverhampton Wanderers,H,P Bankes,2.0,1.0,2.0,0.0,19.0,6.0,6.0,3.0,10.0,10.0,4.0,0.0,1.0,2.0,0.0,0.0,,,3,W
6cd43656c1bccf6a0bd2,2023-24,2023-12-02,Wolverhampton Wanderers,Arsenal,A,P Bankes,1.0,2.0,0.0,2.0,6.0,19.0,3.0,6.0,10.0,10.0,0.0,4.0,2.0,1.0,0.0,0.0,,,0,L
3995b44136d99baf6e73,2023-24,2023-12-02,Brentford,Luton,H,A Taylor,3.0,1.0,0.0,0.0,27.0,7.0,6.0,1.0,10.0,8.0,7.0,5.0,1.0,2.0,0.0,0.0,,,3,W
3995b44136d99baf6e73,2023-24,2023-12-02,Luton,Brentford,A,A Taylor,1.0,3.0,0.0,0.0,7.0,27.0,1.0,6.0,8.0,10.0,5.0,7.0,2.0,1.0,0.0,0.0,,,0,L
2dd54f89b97ba588367b,2023-24,2023-12-02,Burnley,Sheffield United,H,C Kavanagh,5.0,0.0,2.0,0.0,19.0,6.0,7.0,3.0,9.0,12.0,6.0,1.0,2.0,5.0,0.0,1.0,,,3,W
2dd54f89b97ba588367b,2023-24,2023-12-02,Sheffield United,Burnley,A,C Kavanagh,0.0,5.0,0.0,2.0,6.0,19.0,3.0,7.0,12.0,9.0,1.0,6.0,5.0,2.0,1.0,0.0,,,0,L
642247e6cd5a5d7f269b,2023-24,2023-12-02,Nottingham Forest,Everton,H,P Tierney,0.0,1.0,0.0,0.0,13.0,12.0,2.0,3.0,15.0,14.0,4.0,3.0,1.0,0.0,0.0,0.0,,,0,L
642247e6cd5a5d7f269b,2023-24,2023-12-02,Everton,Nottingham Forest,A,P Tierney,1.0,0.0,0.0,0.0,12.0,13.0,3.0,2.0,14.0,15.0,3.0,4.0,0.0,1.0,0.0,0.0,,,3,W
920479522195ee992eda,2023-24,2023-12-02,Newcastle United,Manchester United,H,R Jones,1.0,0.0,0.0,0.0,22.0,8.0,4.0,1.0,6.0,13.0,7.0,3.0,1.0,2.0,0.0,0.0,,,3,W
920479522195ee992eda,2023-24,2023-12-02,Manchester United,Newcastle United,A,R Jones,0.0,1.0,0.0,0.0,8.0,22.0,1.0,4.0,13.0,6.0,3.0,7.0,2.0,1.0,0.0,0.0,,,0,L
5a685eac310919a942d0,2023-24,2023-12-03,Bournemouth,Aston Villa,H,T Bramall,2.0,2.0,1.0,1.0,15.0,11.0,7.0,3.0,16.0,12.0,7.0,7.0,5.0,3.0,0.0,0.0,,,1,D
5a685eac310919a942d0,2023-24,2023-12-03,Aston Villa,Bournemouth,A,T Bramall,2.0,2.0,1.0,1.0,11.0,15.0,3.0,7.0,12.0,16.0,7.0,7.0,3.0,5.0,0.0,0.0,,,1,D
12098d80700ec31cd5e8,2023-24,2023-12-03,Chelsea,Brighton & Hove Albion,H,C Pawson,3.0,2.0,2.0,1.0,8.0,18.0,5.0,9.0,16.0,12.0,5.0,8.0,3.0,5.0,1.0,0.0,,,3,W
12098d80700ec31cd5e8,2023-24,2023-12-03,Brighton & Hove Albion,Chelsea,A,C Pawson,2.0,3.0,1.0,2.0,18.0,8.0,9.0,5.0,12.0,16.0,8.0,5.0,5.0,3.0,0.0,1.0,,,0,L
694ae8c361f369f0fda8,2023-24,2023-12-03,Liverpool,Fulham,H,S Attwell,4.0,3.0,2.0,2.0,26.0,9.0,12.0,5.0,6.0,7.0,3.0,4.0,0.0,0.0,0.0,0.0,,,3,W
694ae8c361f369f0fda8,2023-24,2023-12-03,Fulham,Liverpool,A,S Attwell,3.0,4.0,2.0,2.0,9.0,26.0,5.0,12.0,7.0,6.0,4.0,3.0,0.0,0.0,0.0,0.0,,,0,L
97839c0fedf9f5ffdbd0,2023-24,2023-12-03,West Ham United,Crystal Palace,H,M Oliver,1.0,1.0,1.0,0.0,9.0,9.0,3.0,2.0,17.0,7.0,2.0,3.0,2.0,0.0,0.0,0.0,,,1,D
97839c0fedf9f5ffdbd0,2023-24,2023-12-03,Crystal Palace,West Ham United,A,M Oliver,1.0,1.0,0.0,1.0,9.0,9.0,2.0,3.0,7.0,17.0,3.0,2.0,0.0,2.0,0.0,0.0,,,1,D
49998b98049a3a944205,2023-24,2023-12-03,Manchester City,Tottenham,H,S Hooper,3.0,3.0,2.0,1.0,18.0,8.0,4.0,4.0,14.0,14.0,10.0,8.0,4.0,4.0,0.0,0.0,,,1,D
49998b98049a3a944205,2023-24,2023-12-03,Tottenham,Manchester City,A,S Hooper,3.0,3.0,1.0,2.0,8.0,18.0,4.0,4.0,14.0,14.0,8.0,10.0,4.0,4.0,0.0,0.0,,,1,D
9cdee2d2aff8b2b842aa,2023-24,2023-12-05,Wolverhampton Wanderers,Burnley,H,J Gillett,1.0,0.0,1.0,0.0,7.0,12.0,4.0,3.0,11.0,15.0,6.0,8.0,2.0,4.0,0.0,0.0,,,3,W
9cdee2d2aff8b2b842aa,2023-24,2023-12-05,Burnley,Wolverhampton Wanderers,A,J Gillett,0.0,1.0,0.0,1.0,12.0,7.0,3.0,4.0,15.0,11.0,8.0,6.0,4.0,2.0,0.0,0.0,,,0,L
86c7d98547814b22503f,2023-24,2023-12-05,Luton,Arsenal,H,S Barrott,3.0,4.0,1.0,2.0,6.0,23.0,4.0,9.0,14.0,7.0,3.0,8.0,2.0,1.0,0.0,0.0,,,0,L
86c7d98547814b22503f,2023-24,2023-12-05,Arsenal,Luton,A,S Barrott,4.0,3.0,2.0,1.0,23.0,6.0,9.0,4.0,7.0,14.0,8.0,3.0,1.0,2.0,0.0,0.0,,,3,W
d3b4e8e1d84b77999796,2023-24,2023-12-06,Brighton & Hove Albion,Brentford,H,P Bankes,2.0,1.0,1.0,1.0,18.0,8.0,7.0,2.0,10.0,8.0,7.0,3.0,3.0,1.0,0.0,0.0,,,3,W
d3b4e8e1d84b77999796,2023-24,2023-12-06,Brentford,Brighton & Hove Albion,A,P Bankes,1.0,2.0,1.0,1.0,8.0,18.0,2.0,7.0,8.0,10.0,3.0,7.0,1.0,3.0,0.0,0.0,,,0,L
71deb7446bc2caa3241a,2023-24,2023-12-06,Crystal Palace,Bournemouth,H,C Pawson,0.0,2.0,0.0,1.0,16.0,11.0,3.0,4.0,10.0,17.0,3.0,9.0,1.0,3.0,0.0,0.0,,,0,L
71deb7446bc2caa3241a,2023-24,2023-12-06,Bournemouth,Crystal Palace,A,C Pawson,2.0,0.0,1.0,0.0,11.0,16.0,4.0,3.0,17.0,10.0,9.0,3.0,3.0,1.0,0.0,0.0,,,3,W
e3402bd95155b6d56611,2023-24,2023-12-06,Fulham,Nottingham Forest,H,J Smith,5.0,0.0,2.0,0.0,14.0,4.0,6.0,1.0,7.0,10.0,6.0,1.0,0.0,1.0,0.0,0.0,,,3,W
e3402bd95155b6d56611,2023-24,2023-12-06,Nottingham Forest,Fulham,A,J Smith,0.0,5.0,0.0,2.0,4.0,14.0,1.0,6.0,10.0,7.0,1.0,6.0,1.0,0.0,0.0,0.0,,,0,L
2e1220cd94951fc0e5fe,2023-24,2023-12-06,Sheffield United,Liverpool,H,S Hooper,0.0,2.0,0.0,1.0,6.0,15.0,1.0,8.0,12.0,8.0,2.0,12.0,2.0,3.0,0.0,0.0,,,0,L
2e1220cd94951fc0e5fe,2023-24,2023-12-06,Liverpool,Sheffield United,A,S Hooper,2.0,0.0,1.0,0.0,15.0,6.0,8.0,1.0,8.0,12.0,12.0,2.0,3.0,2.0,0.0,0.0,,,3,W
83179545065398589a62,2023-24,2023-12-06,Aston Villa,Manchester City,H,J Brooks,1.0,0.0,0.0,0.0,22.0,2.0,7.0,2.0,13.0,13.0,6.0,0.0,2.0,2.0,0.0,0.0,,,3,W
83179545065398589a62,2023-24,2023-12-06,Manchester City,Aston Villa,A,J Brooks,0.0,1.0,0.0,0.0,2.0,22.0,2.0,7.0,13.0,13.0,0.0,6.0,2.0,2.0,0.0,0.0,,,0,L
4523b77080fdb500be35,2023-24,2023-12-06,Manchester United,Chelsea,H,C Kavanagh,2.0,1.0,1.0,1.0,28.0,13.0,9.0,3.0,12.0,12.0,12.0,4.0,4.0,0.0,0.0,0.0,,,3,W
4523b77080fdb500be35,2023-24,2023-12-06,Chelsea,Manchester United,A,C Kavanagh,1.0,2.0,1.0,1.0,13.0,28.0,3.0,9.0,12.0,12.0,4.0,12.0,0.0,4.0,0.0,0.0,,,0,L
c8f85108e625032544da,2023-24,2023-12-07,Everton,Newcastle United,H,T Robinson,3.0,0.0,0.0,0.0,21.0,13.0,6.0,3.0,18.0,8.0,5.0,2.0,3.0,0.0,0.0,0.0,,,3,W
c8f85108e625032544da,2023-24,2023-12-07,Newcastle United,Everton,A,T Robinson,0.0,3.0,0.0,0.0,13.0,21.0,3.0,6.0,8.0,18.0,2.0,5.0,0.0,3.0,0.0,0.0,,,0,L
188001dc5d5b8cedfe6c,2023-24,2023-12-07,Tottenham,West Ham United,H,M Salisbury,1.0,2.0,1.0,0.0,23.0,11.0,7.0,5.0,11.0,12.0,8.0,4.0,3.0,3.0,0.0,0.0,,,0,L
188001dc5d5b8cedfe6c,2023-24,2023-12-07,West Ham United,Tottenham,A,M Salisbury,2.0,1.0,0.0,1.0,11.0,23.0,5.0,7.0,12.0,11.0,4.0,8.0,3.0,3.0,0.0,0.0,,,3,W
fefa04bdba14488abd3a,2023-24,2023-12-09,Crystal Palace,Liverpool,H,A Madley,1.0,2.0,0.0,0.0,8.0,14.0,4.0,2.0,17.0,17.0,6.0,5.0,5.0,2.0,1.0,0.0,,,0,L
fefa04bdba14488abd3a,2023-24,2023-12-09,Liverpool,Crystal Palace,A,A Madley,2.0,1.0,0.0,0.0,14.0,8.0,2.0,4.0,17.0,17.0,5.0,6.0,2.0,5.0,0.0,1.0,,,3,W
2309e597ab542b944511,2023-24,2023-12-09,Brighton & Hove Albion,Burnley,H,S Hooper,1.0,1.0,0.0,1.0,29.0,6.0,11.0,3.0,5.0,8.0,9.0,1.0,0.0,4.0,0.0,0.0,,,1,D
2309e597ab542b944511,2023-24,2023-12-09,Burnley,Brighton & Hove Albion,A,S Hooper,1.0,1.0,1.0,0.0,6.0,29.0,3.0,11.0,8.0,5.0,1.0,9.0,4.0,0.0,0.0,0.0,,,1,D
18752706ec13b9244884,2023-24,2023-12-09,Manchester United,Bournemouth,H,P Bankes,0.0,3.0,0.0,1.0,20.0,10.0,3.0,4.0,7.0,10.0,10.0,4.0,3.0,1.0,0.0,0.0,,,0,L
18752706ec13b9244884,2023-24,2023-12-09,Bournemouth,Manchester United,A,P Bankes,3.0,0.0,1.0,0.0,10.0,20.0,4.0,3.0,10.0,7.0,4.0,10.0,1.0,3.0,0.0,0.0,,,3,W
8089ba6acf36579c11c9,2023-24,2023-12-09,Sheffield United,Brentford,H,S Attwell,1.0,0.0,1.0,0.0,9.0,10.0,4.0,4.0,14.0,13.0,3.0,4.0,5.0,1.0,0.0,0.0,,,3,W
8089ba6acf36579c11c9,2023-24,2023-12-09,Brentford,Sheffield United,A,S Attwell,0.0,1.0,0.0,1.0,10.0,9.0,4.0,4.0,13.0,14.0,4.0,3.0,1.0,5.0,0.0,0.0,,,0,L
6e1f25df722e99ef66c9,2023-24,2023-12-09,Wolverhampton Wanderers,Nottingham Forest,H,S Barrott,1.0,1.0,1.0,1.0,10.0,8.0,4.0,2.0,9.0,11.0,4.0,3.0,0.0,1.0,0.0,0.0,,,1,D
6e1f25df722e99ef66c9,2023-24,2023-12-09,Nottingham Forest,Wolverhampton Wanderers,A,S Barrott,1.0,1.0,1.0,1.0,8.0,10.0,2.0,4.0,11.0,9.0,3.0,4.0,1.0,0.0,0.0,0.0,,,1,D
a73dcbd646a475212f75,2023-24,2023-12-09,Aston Villa,Arsenal,H,J Gillett,1.0,0.0,1.0,0.0,10.0,12.0,3.0,5.0,16.0,11.0,3.0,3.0,4.0,2.0,0.0,0.0,,,3,W
a73dcbd646a475212f75,2023-24,2023-12-09,Arsenal,Aston Villa,A,J Gillett,0.0,1.0,0.0,1.0,12.0,10.0,5.0,3.0,11.0,16.0,3.0,3.0,2.0,4.0,0.0,0.0,,,0,L
60c64955ef458dfe3314,2023-24,2023-12-10,Everton,Chelsea,H,M Oliver,2.0,0.0,0.0,0.0,9.0,16.0,5.0,4.0,12.0,12.0,4.0,8.0,2.0,2.0,0.0,0.0,,,3,W
60c64955ef458dfe3314,2023-24,2023-12-10,Chelsea,Everton,A,M Oliver,0.0,2.0,0.0,0.0,16.0,9.0,4.0,5.0,12.0,12.0,8.0,4.0,2.0,2.0,0.0,0.0,,,0,L
0b948128bf8dd875f38f,2023-24,2023-12-10,Fulham,West Ham United,H,P Tierney,5.0,0.0,3.0,0.0,14.0,9.0,8.0,5.0,5.0,10.0,3.0,6.0,2.0,1.0,0.0,0.0,,,3,W
0b948128bf8dd875f38f,2023-24,2023-12-10,West Ham United,Fulham,A,P Tierney,0.0,5.0,0.0,3.0,9.0,14.0,5.0,8.0,10.0,5.0,6.0,3.0,1.0,2.0,0.0,0.0,,,0,L
d89294307c56dceb84e8,2023-24,2023-12-10,Luton,Manchester City,H,T Robinson,1.0,2.0,1.0,0.0,4.0,18.0,2.0,6.0,16.0,6.0,6.0,3.0,2.0,1.0,0.0,0.0,,,0,L
d89294307c56dceb84e8,2023-24,2023-12-10,Manchester City,Luton,A,T Robinson,2.0,1.0,0.0,1.0,18.0,4.0,6.0,2.0,6.0,16.0,3.0,6.0,1.0,2.0,0.0,0.0,,,3,W
1d0ae1ce45e9dde52440,2023-24,2023-12-10,Tottenham,Newcastle United,H,C Kavanagh,4.0,1.0,2.0,0.0,23.0,9.0,12.0,3.0,10.0,12.0,3.0,6.0,1.0,3.0,0.0,0.0,,,3,W
1d0ae1ce45e9dde52440,2023-24,2023-12-10,Newcastle United,Tottenham,A,C Kavanagh,1.0,4.0,0.0,2.0,9.0,23.0,3.0,12.0,12.0,10.0,6.0,3.0,3.0,1.0,0.0,0.0,,,0,L
b617594501bd44e0de64,2023-24,2023-12-15,Nottingham Forest,Tottenham,H,J Gillett,0.0,2.0,0.0,1.0,15.0,12.0,1.0,6.0,16.0,11.0,6.0,4.0,2.0,4.0,0.0,1.0,,,0,L
b617594501bd44e0de64,2023-24,2023-12-15,Tottenham,Nottingham Forest,A,J Gillett,2.0,0.0,1.0,0.0,12.0,15.0,6.0,1.0,11.0,16.0,4.0,6.0,4.0,2.0,1.0,0.0,,,3,W
c3ec8a270fd62c1a974c,2023-24,2023-12-16,Chelsea,Sheffield United,H,A Madley,2.0,0.0,0.0,0.0,15.0,6.0,6.0,1.0,9.0,14.0,7.0,6.0,1.0,3.0,0.0,0.0,,,3,W
c3ec8a270fd62c1a974c,2023-24,2023-12-16,Sheffield United,Chelsea,A,A Madley,0.0,2.0,0.0,0.0,6.0,15.0,1.0,6.0,14.0,9.0,6.0,7.0,3.0,1.0,0.0,0.0,,,0,L
6f9046e5b5571c9ad97d,2023-24,2023-12-16,Manchester City,Crystal Palace,H,P Tierney,2.0,2.0,1.0,0.0,19.0,5.0,9.0,2.0,12.0,9.0,6.0,1.0,1.0,1.0,0.0,0.0,,,1,D
6f9046e5b5571c9ad97d,2023-24,2023-12-16,Crystal Palace,Manchester City,A,P Tierney,2.0,2.0,0.0,1.0,5.0,19.0,2.0,9.0,9.0,12.0,1.0,6.0,1.0,1.0,0.0,0.0,,,1,D
68f65f675d1a6deb7477,2023-24,2023-12-16,Newcastle United,Fulham,H,S Barrott,3.0,0.0,0.0,0.0,27.0,6.0,10.0,4.0,7.0,12.0,5.0,1.0,0.0,2.0,0.0,1.0,,,3,W
68f65f675d1a6deb7477,2023-24,2023-12-16,Fulham,Newcastle United,A,S Barrott,0.0,3.0,0.0,0.0,6.0,27.0,4.0,10.0,12.0,7.0,1.0,5.0,2.0,0.0,1.0,0.0,,,0,L
de3134a33f7ca34ab92e,2023-24,2023-12-16,Burnley,Everton,H,A Taylor,0.0,2.0,0.0,2.0,14.0,9.0,2.0,6.0,9.0,8.0,8.0,6.0,0.0,1.0,0.0,0.0,,,0,L
de3134a33f7ca34ab92e,2023-24,2023-12-16,Everton,Burnley,A,A Taylor,2.0,0.0,2.0,0.0,9.0,14.0,6.0,2.0,8.0,9.0,6.0,8.0,1.0,0.0,0.0,0.0,,,3,W
f48809d45beae0dbc834,2023-24,2023-12-17,Arsenal,Brighton & Hove Albion,H,T Robinson,2.0,0.0,0.0,0.0,26.0,6.0,9.0,1.0,11.0,9.0,10.0,1.0,1.0,3.0,0.0,0.0,,,3,W
f48809d45beae0dbc834,2023-24,2023-12-17,Brighton & Hove Albion,Arsenal,A,T Robinson,0.0,2.0,0.0,0.0,6.0,26.0,1.0,9.0,9.0,11.0,1.0,10.0,3.0,1.0,0.0,0.0,,,0,L
d9a9e7955eebb04f940c,2023-24,2023-12-17,Brentford,Aston Villa,H,D Coote,1.0,2.0,1.0,0.0,4.0,15.0,3.0,5.0,19.0,6.0,7.0,12.0,6.0,4.0,1.0,1.0,,,0,L
d9a9e7955eebb04f940c,2023-24,2023-12-17,Aston Villa,Brentford,A,D Coote,2.0,1.0,0.0,1.0,15.0,4.0,5.0,3.0,6.0,19.0,12.0,7.0,4.0,6.0,1.0,1.0,,,3,W
13b5a029997dc9e7d40e,2023-24,2023-12-17,West Ham United,Wolverhampton Wanderers,H,C Kavanagh,3.0,0.0,2.0,0.0,13.0,14.0,4.0,3.0,12.0,15.0,6.0,6.0,3.0,1.0,0.0,0.0,,,3,W
13b5a029997dc9e7d40e,2023-24,2023-12-17,Wolverhampton Wanderers,West Ham United,A,C Kavanagh,0.0,3.0,0.0,2.0,14.0,13.0,3.0,4.0,15.0,12.0,6.0,6.0,1.0,3.0,0.0,0.0,,,0,L
b0c372e279bf83076ba2,2023-24,2023-12-17,Liverpool,Manchester United,H,M Oliver,0.0,0.0,0.0,0.0,34.0,6.0,8.0,1.0,13.0,8.0,12.0,0.0,2.0,4.0,0.0,1.0,,,1,D
b0c372e279bf83076ba2,2023-24,2023-12-17,Manchester United,Liverpool,A,M Oliver,0.0,0.0,0.0,0.0,6.0,34.0,1.0,8.0,8.0,13.0,0.0,12.0,4.0,2.0,1.0,0.0,,,1,D
692b52ff76d4d65dd7c9,2023-24,2023-12-21,Crystal Palace,Brighton & Hove Albion,H,J Brooks,1.0,1.0,1.0,0.0,11.0,18.0,3.0,6.0,12.0,11.0,3.0,1.0,5.0,2.0,0.0,0.0,,,1,D
692b52ff76d4d65dd7c9,2023-24,2023-12-21,Brighton & Hove Albion,Crystal Palace,A,J Brooks,1.0,1.0,0.0,1.0,18.0,11.0,6.0,3.0,11.0,12.0,1.0,3.0,2.0,5.0,0.0,0.0,,,1,D
aad2ef597f2e1d1dc33c,2023-24,2023-12-22,Aston Villa,Sheffield United,H,A Taylor,1.0,1.0,0.0,0.0,12.0,5.0,4.0,2.0,11.0,16.0,9.0,1.0,3.0,3.0,0.0,0.0,,,1,D
aad2ef597f2e1d1dc33c,2023-24,2023-12-22,Sheffield United,Aston Villa,A,A Taylor,1.0,1.0,0.0,0.0,5.0,12.0,2.0,4.0,16.0,11.0,1.0,9.0,3.0,3.0,0.0,0.0,,,1,D
77ddf59ca34ff1bba75a,2023-24,2023-12-23,West Ham United,Manchester United,H,S Hooper,2.0,0.0,0.0,0.0,12.0,11.0,5.0,3.0,13.0,15.0,4.0,4.0,2.0,3.0,0.0,0.0,,,3,W
77ddf59ca34ff1bba75a,2023-24,2023-12-23,Manchester United,West Ham United,A,S Hooper,0.0,2.0,0.0,0.0,11.0,12.0,3.0,5.0,15.0,13.0,4.0,4.0,3.0,2.0,0.0,0.0,,,0,L
88f641260dc03e98b957,2023-24,2023-12-23,Fulham,Burnley,H,R Welch,0.0,2.0,0.0,0.0,19.0,7.0,5.0,2.0,5.0,17.0,8.0,6.0,2.0,1.0,0.0,0.0,,,0,L
88f641260dc03e98b957,2023-24,2023-12-23,Burnley,Fulham,A,R Welch,2.0,0.0,0.0,0.0,7.0,19.0,2.0,5.0,17.0,5.0,6.0,8.0,1.0,2.0,0.0,0.0,,,3,W
55fee7b6a5a654a09179,2023-24,2023-12-23,Luton,Newcastle United,H,D England,1.0,0.0,1.0,0.0,16.0,15.0,5.0,2.0,11.0,5.0,6.0,7.0,2.0,1.0,0.0,0.0,,,3,W
55fee7b6a5a654a09179,2023-24,2023-12-23,Newcastle United,Luton,A,D England,0.0,1.0,0.0,1.0,15.0,16.0,2.0,5.0,5.0,11.0,7.0,6.0,1.0,2.0,0.0,0.0,,,0,L
73d77f17839c23f8e6ad,2023-24,2023-12-23,Nottingham Forest,Bournemouth,H,R Jones,2.0,3.0,0.0,0.0,11.0,18.0,5.0,7.0,10.0,10.0,6.0,6.0,0.0,3.0,1.0,0.0,,,0,L
73d77f17839c23f8e6ad,2023-24,2023-12-23,Bournemouth,Nottingham Forest,A,R Jones,3.0,2.0,0.0,0.0,18.0,11.0,7.0,5.0,10.0,10.0,6.0,6.0,3.0,0.0,0.0,1.0,,,3,W
a4fa7f3594de1cbb0699,2023-24,2023-12-23,Tottenham,Everton,H,S Attwell,2.0,1.0,2.0,0.0,13.0,18.0,6.0,8.0,6.0,18.0,3.0,8.0,1.0,4.0,0.0,0.0,,,3,W
a4fa7f3594de1cbb0699,2023-24,2023-12-23,Everton,Tottenham,A,S Attwell,1.0,2.0,0.0,2.0,18.0,13.0,8.0,6.0,18.0,6.0,8.0,3.0,4.0,1.0,0.0,0.0,,,0,L
8b3bc42322afb3618fe3,2023-24,2023-12-23,Liverpool,Arsenal,H,C Kavanagh,1.0,1.0,1.0,1.0,13.0,13.0,3.0,2.0,13.0,14.0,4.0,5.0,2.0,5.0,0.0,0.0,,,1,D
8b3bc42322afb3618fe3,2023-24,2023-12-23,Arsenal,Liverpool,A,C Kavanagh,1.0,1.0,1.0,1.0,13.0,13.0,2.0,3.0,14.0,13.0,5.0,4.0,5.0,2.0,0.0,0.0,,,1,D
9595e8da9980aec1bcfe,2023-24,2023-12-24,Wolverhampton Wanderers,Chelsea,H,D Coote,2.0,1.0,0.0,0.0,14.0,16.0,6.0,5.0,11.0,9.0,10.0,6.0,3.0,5.0,0.0,0.0,,,3,W
9595e8da9980aec1bcfe,2023-24,2023-12-24,Chelsea,Wolverhampton Wanderers,A,D Coote,1.0,2.0,0.0,0.0,16.0,14.0,5.0,6.0,9.0,11.0,6.0,10.0,5.0,3.0,0.0,0.0,,,0,L
076f84f0d447ef99936a,2023-24,2023-12-26,Newcastle United,Nottingham Forest,H,C Kavanagh,1.0,3.0,1.0,1.0,19.0,15.0,7.0,6.0,10.0,11.0,10.0,2.0,3.0,3.0,0.0,0.0,,,0,L
076f84f0d447ef99936a,2023-24,2023-12-26,Nottingham Forest,Newcastle United,A,C Kavanagh,3.0,1.0,1.0,1.0,15.0,19.0,6.0,7.0,11.0,10.0,2.0,10.0,3.0,3.0,0.0,0.0,,,3,W
6afbb50e4e8a31e25af4,2023-24,2023-12-26,Bournemouth,Fulham,H,T Robinson,3.0,0.0,1.0,0.0,16.0,8.0,4.0,3.0,10.0,10.0,6.0,5.0,0.0,2.0,0.0,0.0,,,3,W
6afbb50e4e8a31e25af4,2023-24,2023-12-26,Fulham,Bournemouth,A,T Robinson,0.0,3.0,0.0,1.0,8.0,16.0,3.0,4.0,10.0,10.0,5.0,6.0,2.0,0.0,0.0,0.0,,,0,L
c86cdfc1be2f47169a9e,2023-24,2023-12-26,Sheffield United,Luton,H,S Allison,2.0,3.0,0.0,1.0,21.0,12.0,6.0,4.0,13.0,13.0,9.0,4.0,5.0,0.0,0.0,0.0,,,0,L
c86cdfc1be2f47169a9e,2023-24,2023-12-26,Luton,Sheffield United,A,S Allison,3.0,2.0,1.0,0.0,12.0,21.0,4.0,6.0,13.0,13.0,4.0,9.0,0.0,5.0,0.0,0.0,,,3,W
64e8de7bae810bc67eda,2023-24,2023-12-26,Burnley,Liverpool,H,P Tierney,0.0,2.0,0.0,1.0,9.0,19.0,0.0,10.0,7.0,10.0,4.0,4.0,2.0,1.0,0.0,0.0,,,0,L
64e8de7bae810bc67eda,2023-24,2023-12-26,Liverpool,Burnley,A,P Tierney,2.0,0.0,1.0,0.0,19.0,9.0,10.0,0.0,10.0,7.0,4.0,4.0,1.0,2.0,0.0,0.0,,,3,W
6d149c59035e3e6cda4e,2023-24,2023-12-26,Manchester United,Aston Villa,H,C Pawson,3.0,2.0,0.0,2.0,13.0,10.0,7.0,4.0,10.0,10.0,3.0,6.0,1.0,3.0,0.0,0.0,,,3,W
6d149c59035e3e6cda4e,2023-24,2023-12-26,Aston Villa,Manchester United,A,C Pawson,2.0,3.0,2.0,0.0,10.0,13.0,4.0,7.0,10.0,10.0,6.0,3.0,3.0,1.0,0.0,0.0,,,0,L
93b37de27ff7fcf9fa74,2023-24,2023-12-27,Brentford,Wolverhampton Wanderers,H,A Madley,1.0,4.0,1.0,3.0,14.0,11.0,4.0,5.0,5.0,14.0,8.0,2.0,1.0,1.0,0.0,0.0,,,0,L
93b37de27ff7fcf9fa74,2023-24,2023-12-27,Wolverhampton Wanderers,Brentford,A,A Madley,4.0,1.0,3.0,1.0,11.0,14.0,5.0,4.0,14.0,5.0,2.0,8.0,1.0,1.0,0.0,0.0,,,3,W
500e47b622e9b3ade5c8,2023-24,2023-12-27,Chelsea,Crystal Palace,H,M Salisbury,2.0,1.0,1.0,1.0,9.0,13.0,4.0,5.0,13.0,16.0,4.0,3.0,3.0,2.0,0.0,0.0,,,3,W
500e47b622e9b3ade5c8,2023-24,2023-12-27,Crystal Palace,Chelsea,A,M Salisbury,1.0,2.0,1.0,1.0,13.0,9.0,5.0,4.0,16.0,13.0,3.0,4.0,2.0,3.0,0.0,0.0,,,0,L
3afebccc94dff5de1e46,2023-24,2023-12-27,Everton,Manchester City,H,J Brooks,1.0,3.0,1.0,0.0,7.0,23.0,2.0,9.0,13.0,5.0,8.0,4.0,4.0,2.0,0.0,0.0,,,0,L
3afebccc94dff5de1e46,2023-24,2023-12-27,Manchester City,Everton,A,J Brooks,3.0,1.0,0.0,1.0,23.0,7.0,9.0,2.0,5.0,13.0,4.0,8.0,2.0,4.0,0.0,0.0,,,3,W
f1a259f170ef67bd87ad,2023-24,2023-12-28,Brighton & Hove Albion,Tottenham,H,J Gillett,4.0,2.0,2.0,0.0,15.0,19.0,9.0,3.0,18.0,6.0,7.0,6.0,3.0,2.0,0.0,0.0,,,3,W
f1a259f170ef67bd87ad,2023-24,2023-12-28,Tottenham,Brighton & Hove Albion,A,J Gillett,2.0,4.0,0.0,2.0,19.0,15.0,3.0,9.0,6.0,18.0,6.0,7.0,2.0,3.0,0.0,0.0,,,0,L
62de02702b593cfe36bc,2023-24,2023-12-28,Arsenal,West Ham United,H,M Oliver,0.0,2.0,0.0,1.0,30.0,6.0,8.0,3.0,8.0,8.0,10.0,3.0,2.0,0.0,0.0,0.0,,,0,L
62de02702b593cfe36bc,2023-24,2023-12-28,West Ham United,Arsenal,A,M Oliver,2.0,0.0,1.0,0.0,6.0,30.0,3.0,8.0,8.0,8.0,3.0,10.0,0.0,2.0,0.0,0.0,,,3,W
b85045f4da39290b0400,2023-24,2023-12-30,Luton,Chelsea,H,P Tierney,2.0,3.0,0.0,2.0,15.0,12.0,6.0,8.0,14.0,21.0,7.0,2.0,2.0,2.0,0.0,0.0,,,0,L
b85045f4da39290b0400,2023-24,2023-12-30,Chelsea,Luton,A,P Tierney,3.0,2.0,2.0,0.0,12.0,15.0,8.0,6.0,21.0,14.0,2.0,7.0,2.0,2.0,0.0,0.0,,,3,W
479bba7415df6d796fc0,2023-24,2023-12-30,Aston Villa,Burnley,H,S Attwell,3.0,2.0,2.0,1.0,19.0,9.0,7.0,5.0,9.0,14.0,6.0,2.0,4.0,1.0,0.0,1.0,,,3,W
479bba7415df6d796fc0,2023-24,2023-12-30,Burnley,Aston Villa,A,S Attwell,2.0,3.0,1.0,2.0,9.0,19.0,5.0,7.0,14.0,9.0,2.0,6.0,1.0,4.0,1.0,0.0,,,0,L
317b6cc23679e88da296,2023-24,2023-12-30,Crystal Palace,Brentford,H,R Jones,3.0,1.0,2.0,1.0,13.0,9.0,6.0,4.0,14.0,10.0,7.0,4.0,0.0,1.0,0.0,0.0,,,3,W
317b6cc23679e88da296,2023-24,2023-12-30,Brentford,Crystal Palace,A,R Jones,1.0,3.0,1.0,2.0,9.0,13.0,4.0,6.0,10.0,14.0,4.0,7.0,1.0,0.0,0.0,0.0,,,0,L
83ef2604b10ca2aede97,2023-24,2023-12-30,Manchester City,Sheffield United,H,D Coote,2.0,0.0,1.0,0.0,18.0,4.0,4.0,2.0,5.0,6.0,12.0,2.0,1.0,1.0,0.0,0.0,,,3,W
83ef2604b10ca2aede97,2023-24,2023-12-30,Sheffield United,Manchester City,A,D Coote,0.0,2.0,0.0,1.0,4.0,18.0,2.0,4.0,6.0,5.0,2.0,12.0,1.0,1.0,0.0,0.0,,,0,L
2d0f2e65138b1ef2155a,2023-24,2023-12-30,Wolverhampton Wanderers,Everton,H,T Bramall,3.0,0.0,1.0,0.0,12.0,10.0,6.0,0.0,9.0,14.0,5.0,2.0,2.0,3.0,0.0,0.0,,,3,W
2d0f2e65138b1ef2155a,2023-24,2023-12-30,Everton,Wolverhampton Wanderers,A,T Bramall,0.0,3.0,0.0,1.0,10.0,12.0,0.0,6.0,14.0,9.0,2.0,5.0,3.0,2.0,0.0,0.0,,,0,L
c68bac671717f5592d9f,2023-24,2023-12-30,Nottingham Forest,Manchester United,H,T Robinson,2.0,1.0,0.0,0.0,8.0,10.0,2.0,5.0,9.0,11.0,4.0,5.0,2.0,4.0,0.0,0.0,,,3,W
c68bac671717f5592d9f,2023-24,2023-12-30,Manchester United,Nottingham Forest,A,T Robinson,1.0,2.0,0.0,0.0,10.0,8.0,5.0,2.0,11.0,9.0,5.0,4.0,4.0,2.0,0.0,0.0,,,0,L
8ac3c6af0331003d7ffa,2023-24,2023-12-31,Fulham,Arsenal,H,J Smith,2.0,1.0,1.0,1.0,15.0,13.0,4.0,3.0,11.0,10.0,5.0,4.0,4.0,1.0,0.0,0.0,,,3,W
8ac3c6af0331003d7ffa,2023-24,2023-12-31,Arsenal,Fulham,A,J Smith,1.0,2.0,1.0,1.0,13.0,15.0,3.0,4.0,10.0,11.0,4.0,5.0,1.0,4.0,0.0,0.0,,,0,L
9a01eacbfe941b800a8a,2023-24,2023-12-31,Tottenham,Bournemouth,H,S Hooper,3.0,1.0,1.0,0.0,12.0,24.0,6.0,4.0,9.0,18.0,4.0,13.0,3.0,3.0,0.0,0.0,,,3,W
9a01eacbfe941b800a8a,2023-24,2023-12-31,Bournemouth,Tottenham,A,S Hooper,1.0,3.0,0.0,1.0,24.0,12.0,4.0,6.0,18.0,9.0,13.0,4.0,3.0,3.0,0.0,0.0,,,0,L
5ab14855160793d097de,2023-24,2024-01-01,Liverpool,Newcastle United,H,A Taylor,4.0,2.0,0.0,0.0,34.0,5.0,15.0,3.0,16.0,15.0,7.0,3.0,3.0,5.0,0.0,0.0,,,3,W
5ab14855160793d097de,2023-24,2024-01-01,Newcastle United,Liverpool,A,A Taylor,2.0,4.0,0.0,0.0,5.0,34.0,3.0,15.0,15.0,16.0,3.0,7.0,5.0,3.0,0.0,0.0,,,0,L
78a108af09bf2db7a1a4,2023-24,2024-01-02,West Ham United,Brighton & Hove Albion,H,S Barrott,0.0,0.0,0.0,0.0,6.0,22.0,2.0,8.0,4.0,6.0,2.0,0.0,1.0,0.0,0.0,0.0,,,1,D
78a108af09bf2db7a1a4,2023-24,2024-01-02,Brighton & Hove Albion,West Ham United,A,S Barrott,0.0,0.0,0.0,0.0,22.0,6.0,8.0,2.0,6.0,4.0,0.0,2.0,0.0,1.0,0.0,0.0,,,1,D
e0e98e81464385ee94ea,2023-24,2024-01-12,Burnley,Luton,H,T Harrington,1.0,1.0,1.0,0.0,13.0,14.0,7.0,5.0,7.0,12.0,2.0,8.0,1.0,0.0,0.0,0.0,,,1,D
e0e98e81464385ee94ea,2023-24,2024-01-12,Luton,Burnley,A,T Harrington,1.0,1.0,0.0,1.0,14.0,13.0,5.0,7.0,12.0,7.0,8.0,2.0,0.0,1.0,0.0,0.0,,,1,D
7b1773fb8ee986e70626,2023-24,2024-01-13,Chelsea,Fulham,H,A Taylor,1.0,0.0,1.0,0.0,17.0,14.0,3.0,4.0,13.0,9.0,6.0,4.0,5.0,1.0,0.0,0.0,,,3,W
7b1773fb8ee986e70626,2023-24,2024-01-13,Fulham,Chelsea,A,A Taylor,0.0,1.0,0.0,1.0,14.0,17.0,4.0,3.0,9.0,13.0,4.0,6.0,1.0,5.0,0.0,0.0,,,0,L
8db2b57301b20e793abc,2023-24,2024-01-13,Newcastle United,Manchester City,H,C Kavanagh,2.0,3.0,2.0,1.0,12.0,27.0,5.0,11.0,7.0,7.0,3.0,13.0,1.0,2.0,0.0,0.0,,,0,L
8db2b57301b20e793abc,2023-24,2024-01-13,Manchester City,Newcastle United,A,C Kavanagh,3.0,2.0,1.0,2.0,27.0,12.0,11.0,5.0,7.0,7.0,13.0,3.0,2.0,1.0,0.0,0.0,,,3,W
d36f888a2377306fd793,2023-24,2024-01-14,Everton,Aston Villa,H,D Coote,0.0,0.0,0.0,0.0,10.0,16.0,2.0,5.0,13.0,14.0,4.0,5.0,1.0,4.0,0.0,0.0,,,1,D
d36f888a2377306fd793,2023-24,2024-01-14,Aston Villa,Everton,A,D Coote,0.0,0.0,0.0,0.0,16.0,10.0,5.0,2.0,14.0,13.0,5.0,4.0,4.0,1.0,0.0,0.0,,,1,D
48da64276cbd734f8996,2023-24,2024-01-14,Manchester United,Tottenham,H,J Brooks,2.0,2.0,2.0,1.0,9.0,16.0,2.0,6.0,8.0,5.0,8.0,13.0,2.0,1.0,0.0,0.0,,,1,D
48da64276cbd734f8996,2023-24,2024-01-14,Tottenham,Manchester United,A,J Brooks,2.0,2.0,1.0,2.0,16.0,9.0,6.0,2.0,5.0,8.0,13.0,8.0,1.0,2.0,0.0,0.0,,,1,D
be9a52a6bcdc8cfab928,2023-24,2024-01-20,Arsenal,Crystal Palace,H,P Tierney,5.0,0.0,2.0,0.0,21.0,12.0,6.0,5.0,8.0,12.0,6.0,7.0,0.0,0.0,0.0,0.0,,,3,W
be9a52a6bcdc8cfab928,2023-24,2024-01-20,Crystal Palace,Arsenal,A,P Tierney,0.0,5.0,0.0,2.0,12.0,21.0,5.0,6.0,12.0,8.0,7.0,6.0,0.0,0.0,0.0,0.0,,,0,L
64f82256cafb6d0523d6,2023-24,2024-01-20,Brentford,Nottingham Forest,H,D England,3.0,2.0,1.0,1.0,11.0,12.0,5.0,3.0,10.0,14.0,6.0,4.0,1.0,3.0,0.0,0.0,,,3,W
64f82256cafb6d0523d6,2023-24,2024-01-20,Nottingham Forest,Brentford,A,D England,2.0,3.0,1.0,1.0,12.0,11.0,3.0,5.0,14.0,10.0,4.0,6.0,3.0,1.0,0.0,0.0,,,0,L
7287d064e396f3b12aae,2023-24,2024-01-21,Sheffield United,West Ham United,H,M Salisbury,2.0,2.0,1.0,1.0,21.0,16.0,6.0,5.0,11.0,10.0,4.0,1.0,3.0,1.0,1.0,1.0,,,1,D
7287d064e396f3b12aae,2023-24,2024-01-21,West Ham United,Sheffield United,A,M Salisbury,2.0,2.0,1.0,1.0,16.0,21.0,5.0,6.0,10.0,11.0,1.0,4.0,1.0,3.0,1.0,1.0,,,1,D
f20749fb660ce524b3bf,2023-24,2024-01-21,Bournemouth,Liverpool,H,A Madley,0.0,4.0,0.0,0.0,11.0,14.0,1.0,7.0,9.0,12.0,8.0,5.0,1.0,2.0,0.0,0.0,,,0,L
f20749fb660ce524b3bf,2023-24,2024-01-21,Liverpool,Bournemouth,A,A Madley,4.0,0.0,0.0,0.0,14.0,11.0,7.0,1.0,12.0,9.0,5.0,8.0,2.0,1.0,0.0,0.0,,,3,W
b5f647c84e4ed560dd0c,2023-24,2024-01-22,Brighton & Hove Albion,Wolverhampton Wanderers,H,C Pawson,0.0,0.0,0.0,0.0,11.0,8.0,4.0,3.0,10.0,13.0,8.0,2.0,1.0,4.0,0.0,0.0,,,1,D
b5f647c84e4ed560dd0c,2023-24,2024-01-22,Wolverhampton Wanderers,Brighton & Hove Albion,A,C Pawson,0.0,0.0,0.0,0.0,8.0,11.0,3.0,4.0,13.0,10.0,2.0,8.0,4.0,1.0,0.0,0.0,,,1,D
8018cb081bb64eb81660,2023-24,2024-01-30,Nottingham Forest,Arsenal,H,S Hooper,1.0,2.0,0.0,0.0,9.0,19.0,3.0,3.0,6.0,7.0,2.0,11.0,0.0,1.0,0.0,0.0,,,0,L
8018cb081bb64eb81660,2023-24,2024-01-30,Arsenal,Nottingham Forest,A,S Hooper,2.0,1.0,0.0,0.0,19.0,9.0,3.0,3.0,7.0,6.0,11.0,2.0,1.0,0.0,0.0,0.0,,,3,W
816283dde29215c9aa01,2023-24,2024-01-30,Fulham,Everton,H,T Bramall,0.0,0.0,0.0,0.0,25.0,21.0,6.0,4.0,6.0,13.0,15.0,6.0,1.0,2.0,0.0,0.0,,,1,D
816283dde29215c9aa01,2023-24,2024-01-30,Everton,Fulham,A,T Bramall,0.0,0.0,0.0,0.0,21.0,25.0,4.0,6.0,13.0,6.0,6.0,15.0,2.0,1.0,0.0,0.0,,,1,D
e2e2f46d68fdd175fa05,2023-24,2024-01-30,Luton,Brighton & Hove Albion,H,R Jones,4.0,0.0,3.0,0.0,18.0,9.0,8.0,2.0,13.0,14.0,7.0,4.0,2.0,2.0,0.0,0.0,,,3,W
e2e2f46d68fdd175fa05,2023-24,2024-01-30,Brighton & Hove Albion,Luton,A,R Jones,0.0,4.0,0.0,3.0,9.0,18.0,2.0,8.0,14.0,13.0,4.0,7.0,2.0,2.0,0.0,0.0,,,0,L
9fd5433c8bc8f2906527,2023-24,2024-01-30,Crystal Palace,Sheffield United,H,T Harrington,3.0,2.0,2.0,2.0,12.0,9.0,4.0,5.0,8.0,18.0,11.0,1.0,1.0,4.0,0.0,0.0,,,3,W
9fd5433c8bc8f2906527,2023-24,2024-01-30,Sheffield United,Crystal Palace,A,T Harrington,2.0,3.0,2.0,2.0,9.0,12.0,5.0,4.0,18.0,8.0,1.0,11.0,4.0,1.0,0.0,0.0,,,0,L
0fe0668d80c8e0dc6258,2023-24,2024-01-30,Aston Villa,Newcastle United,H,J Brooks,1.0,3.0,0.0,2.0,12.0,14.0,6.0,5.0,14.0,12.0,8.0,7.0,4.0,1.0,0.0,0.0,,,0,L
0fe0668d80c8e0dc6258,2023-24,2024-01-30,Newcastle United,Aston Villa,A,J Brooks,3.0,1.0,2.0,0.0,14.0,12.0,5.0,6.0,12.0,14.0,7.0,8.0,1.0,4.0,0.0,0.0,,,3,W
cf76ece8664414682cbb,2023-24,2024-01-31,Manchester City,Burnley,H,S Barrott,3.0,1.0,2.0,0.0,14.0,8.0,4.0,3.0,3.0,13.0,7.0,3.0,2.0,2.0,0.0,0.0,,,3,W
cf76ece8664414682cbb,2023-24,2024-01-31,Burnley,Manchester City,A,S Barrott,1.0,3.0,0.0,2.0,8.0,14.0,3.0,4.0,13.0,3.0,3.0,7.0,2.0,2.0,0.0,0.0,,,0,L
7e1ba9237ee605750d87,2023-24,2024-01-31,Tottenham,Brentford,H,D Coote,3.0,2.0,0.0,1.0,19.0,9.0,5.0,5.0,13.0,15.0,5.0,3.0,2.0,3.0,0.0,0.0,,,3,W
7e1ba9237ee605750d87,2023-24,2024-01-31,Brentford,Tottenham,A,D Coote,2.0,3.0,1.0,0.0,9.0,19.0,5.0,5.0,15.0,13.0,3.0,5.0,3.0,2.0,0.0,0.0,,,0,L
3d34b1f956d296b1f92d,2023-24,2024-01-31,Liverpool,Chelsea,H,P Tierney,4.0,1.0,2.0,0.0,28.0,4.0,13.0,3.0,15.0,16.0,8.0,1.0,2.0,4.0,0.0,0.0,,,3,W
3d34b1f956d296b1f92d,2023-24,2024-01-31,Chelsea,Liverpool,A,P Tierney,1.0,4.0,0.0,2.0,4.0,28.0,3.0,13.0,16.0,15.0,1.0,8.0,4.0,2.0,0.0,0.0,,,0,L
2c703cd03bce69ea7d14,2023-24,2024-02-01,West Ham United,Bournemouth,H,T Robinson,1.0,1.0,0.0,1.0,9.0,9.0,3.0,4.0,13.0,11.0,1.0,5.0,1.0,3.0,0.0,0.0,,,1,D
2c703cd03bce69ea7d14,2023-24,2024-02-01,Bournemouth,West Ham United,A,T Robinson,1.0,1.0,1.0,0.0,9.0,9.0,4.0,3.0,11.0,13.0,5.0,1.0,3.0,1.0,0.0,0.0,,,1,D
7fa70f10f82e3bbc47b6,2023-24,2024-02-01,Wolverhampton Wanderers,Manchester United,H,J Gillett,3.0,4.0,0.0,2.0,16.0,21.0,7.0,8.0,10.0,10.0,4.0,5.0,2.0,5.0,0.0,0.0,,,0,L
7fa70f10f82e3bbc47b6,2023-24,2024-02-01,Manchester United,Wolverhampton Wanderers,A,J Gillett,4.0,3.0,2.0,0.0,21.0,16.0,8.0,7.0,10.0,10.0,5.0,4.0,5.0,2.0,0.0,0.0,,,3,W
4b4c4c2efa80c4830862,2023-24,2024-02-03,Everton,Tottenham,H,M Oliver,2.0,2.0,1.0,2.0,14.0,9.0,5.0,6.0,8.0,14.0,9.0,5.0,3.0,0.0,0.0,0.0,,,1,D
4b4c4c2efa80c4830862,2023-24,2024-02-03,Tottenham,Everton,A,M Oliver,2.0,2.0,2.0,1.0,9.0,14.0,6.0,5.0,14.0,8.0,5.0,9.0,0.0,3.0,0.0,0.0,,,1,D
06c80db4fa069498ea20,2023-24,2024-02-03,Brighton & Hove Albion,Crystal Palace,H,S Hooper,4.0,1.0,3.0,0.0,13.0,7.0,6.0,5.0,8.0,14.0,3.0,2.0,1.0,3.0,0.0,0.0,,,3,W
06c80db4fa069498ea20,2023-24,2024-02-03,Crystal Palace,Brighton & Hove Albion,A,S Hooper,1.0,4.0,0.0,3.0,7.0,13.0,5.0,6.0,14.0,8.0,2.0,3.0,3.0,1.0,0.0,0.0,,,0,L
4f374253978c00ce0c05,2023-24,2024-02-03,Burnley,Fulham,H,D Bond,2.0,2.0,0.0,2.0,12.0,15.0,4.0,7.0,11.0,7.0,2.0,13.0,2.0,2.0,0.0,0.0,,,1,D
4f374253978c00ce0c05,2023-24,2024-02-03,Fulham,Burnley,A,D Bond,2.0,2.0,2.0,0.0,15.0,12.0,7.0,4.0,7.0,11.0,13.0,2.0,2.0,2.0,0.0,0.0,,,1,D
8cfe9fe9efb3fc0221df,2023-24,2024-02-03,Newcastle United,Luton,H,T Bramall,4.0,4.0,2.0,2.0,19.0,11.0,6.0,8.0,13.0,16.0,8.0,2.0,2.0,2.0,0.0,0.0,,,1,D
8cfe9fe9efb3fc0221df,2023-24,2024-02-03,Luton,Newcastle United,A,T Bramall,4.0,4.0,2.0,2.0,11.0,19.0,8.0,6.0,16.0,13.0,2.0,8.0,2.0,2.0,0.0,0.0,,,1,D
e7ffe10a00994a15b4a6,2023-24,2024-02-03,Sheffield United,Aston Villa,H,P Tierney,0.0,5.0,0.0,4.0,10.0,14.0,5.0,10.0,10.0,7.0,3.0,4.0,1.0,0.0,0.0,0.0,,,0,L
e7ffe10a00994a15b4a6,2023-24,2024-02-03,Aston Villa,Sheffield United,A,P Tierney,5.0,0.0,4.0,0.0,14.0,10.0,10.0,5.0,7.0,10.0,4.0,3.0,0.0,1.0,0.0,0.0,,,3,W
27082edcf72c5354bc98,2023-24,2024-02-04,Bournemouth,Nottingham Forest,H,R Welch,1.0,1.0,1.0,1.0,9.0,8.0,2.0,6.0,19.0,12.0,11.0,6.0,3.0,2.0,1.0,0.0,,,1,D
27082edcf72c5354bc98,2023-24,2024-02-04,Nottingham Forest,Bournemouth,A,R Welch,1.0,1.0,1.0,1.0,8.0,9.0,6.0,2.0,12.0,19.0,6.0,11.0,2.0,3.0,0.0,1.0,,,1,D
caeb14e26441197a17b9,2023-24,2024-02-04,Chelsea,Wolverhampton Wanderers,H,T Robinson,2.0,4.0,1.0,2.0,15.0,14.0,6.0,7.0,15.0,11.0,10.0,1.0,3.0,2.0,0.0,0.0,,,0,L
caeb14e26441197a17b9,2023-24,2024-02-04,Wolverhampton Wanderers,Chelsea,A,T Robinson,4.0,2.0,2.0,1.0,14.0,15.0,7.0,6.0,11.0,15.0,1.0,10.0,2.0,3.0,0.0,0.0,,,3,W
badf44ad08ecf945a836,2023-24,2024-02-04,Manchester United,West Ham United,H,A Madley,3.0,0.0,1.0,0.0,12.0,22.0,5.0,3.0,10.0,5.0,5.0,8.0,0.0,1.0,0.0,0.0,,,3,W
badf44ad08ecf945a836,2023-24,2024-02-04,West Ham United,Manchester United,A,A Madley,0.0,3.0,0.0,1.0,22.0,12.0,3.0,5.0,5.0,10.0,8.0,5.0,1.0,0.0,0.0,0.0,,,0,L
2d27c22c1fd417d1b958,2023-24,2024-02-04,Arsenal,Liverpool,H,A Taylor,3.0,1.0,1.0,1.0,15.0,10.0,7.0,1.0,11.0,11.0,2.0,4.0,6.0,2.0,0.0,1.0,,,3,W
2d27c22c1fd417d1b958,2023-24,2024-02-04,Liverpool,Arsenal,A,A Taylor,1.0,3.0,1.0,1.0,10.0,15.0,1.0,7.0,11.0,11.0,4.0,2.0,2.0,6.0,1.0,0.0,,,0,L
b017ed18b2392bfdebab,2023-24,2024-02-05,Brentford,Manchester City,H,J Gillett,1.0,3.0,1.0,1.0,9.0,25.0,3.0,15.0,2.0,4.0,8.0,13.0,1.0,0.0,0.0,0.0,,,0,L
b017ed18b2392bfdebab,2023-24,2024-02-05,Manchester City,Brentford,A,J Gillett,3.0,1.0,1.0,1.0,25.0,9.0,15.0,3.0,4.0,2.0,13.0,8.0,0.0,1.0,0.0,0.0,,,3,W
9ac1df6cc3bbb30db242,2023-24,2024-02-10,Manchester City,Everton,H,J Brooks,2.0,0.0,0.0,0.0,19.0,5.0,3.0,1.0,6.0,11.0,9.0,0.0,0.0,2.0,0.0,0.0,,,3,W
9ac1df6cc3bbb30db242,2023-24,2024-02-10,Everton,Manchester City,A,J Brooks,0.0,2.0,0.0,0.0,5.0,19.0,1.0,3.0,11.0,6.0,0.0,9.0,2.0,0.0,0.0,0.0,,,0,L
4eed9de2e225a253fe13,2023-24,2024-02-10,Fulham,Bournemouth,H,D England,3.0,1.0,2.0,0.0,7.0,25.0,6.0,4.0,11.0,11.0,1.0,14.0,1.0,2.0,0.0,0.0,,,3,W
4eed9de2e225a253fe13,2023-24,2024-02-10,Bournemouth,Fulham,A,D England,1.0,3.0,0.0,2.0,25.0,7.0,4.0,6.0,11.0,11.0,14.0,1.0,2.0,1.0,0.0,0.0,,,0,L
e45c7b0c07196ba07236,2023-24,2024-02-10,Liverpool,Burnley,H,T Robinson,3.0,1.0,1.0,1.0,25.0,9.0,10.0,4.0,11.0,13.0,9.0,3.0,3.0,2.0,0.0,0.0,,,3,W
e45c7b0c07196ba07236,2023-24,2024-02-10,Burnley,Liverpool,A,T Robinson,1.0,3.0,1.0,1.0,9.0,25.0,4.0,10.0,13.0,11.0,3.0,9.0,2.0,3.0,0.0,0.0,,,0,L
8ac5d14f9894ab405357,2023-24,2024-02-10,Luton,Sheffield United,H,C Kavanagh,1.0,3.0,0.0,2.0,20.0,7.0,5.0,3.0,7.0,12.0,13.0,1.0,1.0,2.0,0.0,0.0,,,0,L
8ac5d14f9894ab405357,2023-24,2024-02-10,Sheffield United,Luton,A,C Kavanagh,3.0,1.0,2.0,0.0,7.0,20.0,3.0,5.0,12.0,7.0,1.0,13.0,2.0,1.0,0.0,0.0,,,3,W
dd8ce445f7344963d7db,2023-24,2024-02-10,Tottenham,Brighton & Hove Albion,H,S Barrott,2.0,1.0,0.0,1.0,16.0,6.0,6.0,3.0,14.0,13.0,9.0,6.0,2.0,3.0,0.0,0.0,,,3,W
dd8ce445f7344963d7db,2023-24,2024-02-10,Brighton & Hove Albion,Tottenham,A,S Barrott,1.0,2.0,1.0,0.0,6.0,16.0,3.0,6.0,13.0,14.0,6.0,9.0,3.0,2.0,0.0,0.0,,,0,L
cc53a72d8ef46ea75f51,2023-24,2024-02-10,Wolverhampton Wanderers,Brentford,H,S Hooper,0.0,2.0,0.0,1.0,17.0,9.0,5.0,6.0,11.0,9.0,7.0,4.0,2.0,3.0,0.0,0.0,,,0,L
cc53a72d8ef46ea75f51,2023-24,2024-02-10,Brentford,Wolverhampton Wanderers,A,S Hooper,2.0,0.0,1.0,0.0,9.0,17.0,6.0,5.0,9.0,11.0,4.0,7.0,3.0,2.0,0.0,0.0,,,3,W
9263431d15c9f82aa428,2023-24,2024-02-10,Nottingham Forest,Newcastle United,H,A Taylor,2.0,3.0,2.0,2.0,13.0,7.0,3.0,5.0,9.0,6.0,4.0,4.0,1.0,2.0,0.0,0.0,,,0,L
9263431d15c9f82aa428,2023-24,2024-02-10,Newcastle United,Nottingham Forest,A,A Taylor,3.0,2.0,2.0,2.0,7.0,13.0,5.0,3.0,6.0,9.0,4.0,4.0,2.0,1.0,0.0,0.0,,,3,W
8e6417159453eb7475c8,2023-24,2024-02-11,West Ham United,Arsenal,H,C Pawson,0.0,6.0,0.0,4.0,5.0,25.0,1.0,12.0,17.0,11.0,2.0,6.0,4.0,0.0,0.0,0.0,,,0,L
8e6417159453eb7475c8,2023-24,2024-02-11,Arsenal,West Ham United,A,C Pawson,6.0,0.0,4.0,0.0,25.0,5.0,12.0,1.0,11.0,17.0,6.0,2.0,0.0,4.0,0.0,0.0,,,3,W
fdb31555c91279894c90,2023-24,2024-02-11,Aston Villa,Manchester United,H,R Jones,1.0,2.0,0.0,1.0,23.0,17.0,10.0,5.0,9.0,7.0,10.0,8.0,3.0,2.0,0.0,0.0,,,0,L
fdb31555c91279894c90,2023-24,2024-02-11,Manchester United,Aston Villa,A,R Jones,2.0,1.0,1.0,0.0,17.0,23.0,5.0,10.0,7.0,9.0,8.0,10.0,2.0,3.0,0.0,0.0,,,3,W
ffbca15c3a340096c9a3,2023-24,2024-02-12,Crystal Palace,Chelsea,H,M Oliver,1.0,3.0,1.0,0.0,13.0,14.0,4.0,5.0,14.0,7.0,1.0,7.0,2.0,2.0,0.0,0.0,,,0,L
ffbca15c3a340096c9a3,2023-24,2024-02-12,Chelsea,Crystal Palace,A,M Oliver,3.0,1.0,0.0,1.0,14.0,13.0,5.0,4.0,7.0,14.0,7.0,1.0,2.0,2.0,0.0,0.0,,,3,W
aa5dfe58ae3d29d7ce3a,2023-24,2024-02-17,Brentford,Liverpool,H,M Oliver,1.0,4.0,0.0,1.0,15.0,15.0,6.0,8.0,4.0,18.0,1.0,6.0,2.0,1.0,0.0,0.0,,,0,L
aa5dfe58ae3d29d7ce3a,2023-24,2024-02-17,Liverpool,Brentford,A,M Oliver,4.0,1.0,1.0,0.0,15.0,15.0,8.0,6.0,18.0,4.0,6.0,1.0,1.0,2.0,0.0,0.0,,,3,W
07926bdd1cde2cc21a01,2023-24,2024-02-17,Burnley,Arsenal,H,J Gillett,0.0,5.0,0.0,2.0,8.0,16.0,0.0,7.0,11.0,8.0,4.0,6.0,2.0,1.0,0.0,0.0,,,0,L
07926bdd1cde2cc21a01,2023-24,2024-02-17,Arsenal,Burnley,A,J Gillett,5.0,0.0,2.0,0.0,16.0,8.0,7.0,0.0,8.0,11.0,6.0,4.0,1.0,2.0,0.0,0.0,,,3,W
ffb2deecb770c2c98fd6,2023-24,2024-02-17,Fulham,Aston Villa,H,L Smith,1.0,2.0,0.0,1.0,15.0,12.0,4.0,3.0,11.0,6.0,4.0,4.0,5.0,2.0,0.0,0.0,,,0,L
ffb2deecb770c2c98fd6,2023-24,2024-02-17,Aston Villa,Fulham,A,L Smith,2.0,1.0,1.0,0.0,12.0,15.0,3.0,4.0,6.0,11.0,4.0,4.0,2.0,5.0,0.0,0.0,,,3,W
ce7d2fd666e4c0211876,2023-24,2024-02-17,Newcastle United,Bournemouth,H,M Salisbury,2.0,2.0,0.0,0.0,17.0,12.0,5.0,7.0,9.0,22.0,4.0,2.0,1.0,3.0,0.0,0.0,,,1,D
ce7d2fd666e4c0211876,2023-24,2024-02-17,Bournemouth,Newcastle United,A,M Salisbury,2.0,2.0,0.0,0.0,12.0,17.0,7.0,5.0,22.0,9.0,2.0,4.0,3.0,1.0,0.0,0.0,,,1,D
f3f9ad44702276fafc02,2023-24,2024-02-17,Nottingham Forest,West Ham United,H,T Bramall,2.0,0.0,1.0,0.0,19.0,10.0,8.0,3.0,13.0,15.0,5.0,3.0,4.0,4.0,0.0,1.0,,,3,W
f3f9ad44702276fafc02,2023-24,2024-02-17,West Ham United,Nottingham Forest,A,T Bramall,0.0,2.0,0.0,1.0,10.0,19.0,3.0,8.0,15.0,13.0,3.0,5.0,4.0,4.0,1.0,0.0,,,0,L
69bd8f1fb37a28da8f9f,2023-24,2024-02-17,Tottenham,Wolverhampton Wanderers,H,A Taylor,1.0,2.0,0.0,1.0,15.0,12.0,4.0,7.0,8.0,13.0,10.0,4.0,0.0,1.0,0.0,0.0,,,0,L
69bd8f1fb37a28da8f9f,2023-24,2024-02-17,Wolverhampton Wanderers,Tottenham,A,A Taylor,2.0,1.0,1.0,0.0,12.0,15.0,7.0,4.0,13.0,8.0,4.0,10.0,1.0,0.0,0.0,0.0,,,3,W
23400484e8e6aac7f3d7,2023-24,2024-02-17,Manchester City,Chelsea,H,A Madley,1.0,1.0,0.0,1.0,31.0,9.0,5.0,6.0,7.0,12.0,12.0,1.0,1.0,3.0,0.0,0.0,,,1,D
23400484e8e6aac7f3d7,2023-24,2024-02-17,Chelsea,Manchester City,A,A Madley,1.0,1.0,1.0,0.0,9.0,31.0,6.0,5.0,12.0,7.0,1.0,12.0,3.0,1.0,0.0,0.0,,,1,D
5a2860b32cf3dc343d2c,2023-24,2024-02-18,Sheffield United,Brighton & Hove Albion,H,S Attwell,0.0,5.0,0.0,2.0,6.0,24.0,1.0,10.0,3.0,5.0,5.0,10.0,1.0,4.0,1.0,0.0,,,0,L
5a2860b32cf3dc343d2c,2023-24,2024-02-18,Brighton & Hove Albion,Sheffield United,A,S Attwell,5.0,0.0,2.0,0.0,24.0,6.0,10.0,1.0,5.0,3.0,10.0,5.0,4.0,1.0,0.0,1.0,,,3,W
c04f63f243fc081339d2,2023-24,2024-02-18,Luton,Manchester United,H,D Coote,1.0,2.0,1.0,2.0,22.0,21.0,4.0,9.0,7.0,21.0,8.0,6.0,3.0,5.0,0.0,0.0,,,0,L
c04f63f243fc081339d2,2023-24,2024-02-18,Manchester United,Luton,A,D Coote,2.0,1.0,2.0,1.0,21.0,22.0,9.0,4.0,21.0,7.0,6.0,8.0,5.0,3.0,0.0,0.0,,,3,W
73ddcd7fb322727cf2ae,2023-24,2024-02-19,Everton,Crystal Palace,H,P Tierney,1.0,1.0,0.0,0.0,19.0,10.0,4.0,4.0,8.0,12.0,3.0,6.0,0.0,2.0,0.0,0.0,,,1,D
73ddcd7fb322727cf2ae,2023-24,2024-02-19,Crystal Palace,Everton,A,P Tierney,1.0,1.0,0.0,0.0,10.0,19.0,4.0,4.0,12.0,8.0,6.0,3.0,2.0,0.0,0.0,0.0,,,1,D
cc244639110aefe825fb,2023-24,2024-02-20,Manchester City,Brentford,H,D England,1.0,0.0,0.0,0.0,25.0,6.0,11.0,2.0,12.0,6.0,10.0,1.0,2.0,4.0,0.0,0.0,,,3,W
cc244639110aefe825fb,2023-24,2024-02-20,Brentford,Manchester City,A,D England,0.0,1.0,0.0,0.0,6.0,25.0,2.0,11.0,6.0,12.0,1.0,10.0,4.0,2.0,0.0,0.0,,,0,L
2b80337790581b480fe4,2023-24,2024-02-21,Liverpool,Luton,H,A Madley,4.0,1.0,0.0,1.0,29.0,12.0,13.0,3.0,15.0,14.0,13.0,4.0,1.0,4.0,0.0,0.0,,,3,W
2b80337790581b480fe4,2023-24,2024-02-21,Luton,Liverpool,A,A Madley,1.0,4.0,1.0,0.0,12.0,29.0,3.0,13.0,14.0,15.0,4.0,13.0,4.0,1.0,0.0,0.0,,,0,L
60bda189750e426ea557,2023-24,2024-02-24,Aston Villa,Nottingham Forest,H,S Barrott,4.0,2.0,3.0,1.0,16.0,10.0,6.0,3.0,7.0,16.0,7.0,2.0,1.0,2.0,0.0,0.0,,,3,W
60bda189750e426ea557,2023-24,2024-02-24,Nottingham Forest,Aston Villa,A,S Barrott,2.0,4.0,1.0,3.0,10.0,16.0,3.0,6.0,16.0,7.0,2.0,7.0,2.0,1.0,0.0,0.0,,,0,L
7a95da8c30eed43d81cb,2023-24,2024-02-24,Brighton & Hove Albion,Everton,H,T Harrington,1.0,1.0,0.0,0.0,23.0,6.0,7.0,3.0,9.0,14.0,11.0,3.0,2.0,3.0,1.0,0.0,,,1,D
7a95da8c30eed43d81cb,2023-24,2024-02-24,Everton,Brighton & Hove Albion,A,T Harrington,1.0,1.0,0.0,0.0,6.0,23.0,3.0,7.0,14.0,9.0,3.0,11.0,3.0,2.0,0.0,1.0,,,1,D
2a562ee7a48334fb13b0,2023-24,2024-02-24,Crystal Palace,Burnley,H,L Smith,3.0,0.0,0.0,0.0,15.0,2.0,6.0,0.0,8.0,13.0,12.0,3.0,3.0,1.0,0.0,1.0,,,3,W
2a562ee7a48334fb13b0,2023-24,2024-02-24,Burnley,Crystal Palace,A,L Smith,0.0,3.0,0.0,0.0,2.0,15.0,0.0,6.0,13.0,8.0,3.0,12.0,1.0,3.0,1.0,0.0,,,0,L
7ca9c63d95ae1a79a869,2023-24,2024-02-24,Manchester United,Fulham,H,M Oliver,1.0,2.0,0.0,0.0,21.0,17.0,9.0,5.0,6.0,11.0,10.0,9.0,2.0,5.0,0.0,0.0,,,0,L
7ca9c63d95ae1a79a869,2023-24,2024-02-24,Fulham,Manchester United,A,M Oliver,2.0,1.0,0.0,0.0,17.0,21.0,5.0,9.0,11.0,6.0,9.0,10.0,5.0,2.0,0.0,0.0,,,3,W
ee60c85264355c98fc1a,2023-24,2024-02-24,Bournemouth,Manchester City,H,J Gillett,0.0,1.0,0.0,1.0,13.0,15.0,4.0,6.0,14.0,6.0,3.0,8.0,2.0,2.0,0.0,0.0,,,0,L
ee60c85264355c98fc1a,2023-24,2024-02-24,Manchester City,Bournemouth,A,J Gillett,1.0,0.0,1.0,0.0,15.0,13.0,6.0,4.0,6.0,14.0,8.0,3.0,2.0,2.0,0.0,0.0,,,3,W
60cbce496c589a1d9bf2,2023-24,2024-02-24,Arsenal,Newcastle United,H,P Tierney,4.0,1.0,2.0,0.0,18.0,3.0,8.0,2.0,15.0,6.0,9.0,0.0,1.0,0.0,0.0,0.0,,,3,W
60cbce496c589a1d9bf2,2023-24,2024-02-24,Newcastle United,Arsenal,A,P Tierney,1.0,4.0,0.0,2.0,3.0,18.0,2.0,8.0,6.0,15.0,0.0,9.0,0.0,1.0,0.0,0.0,,,0,L
80efed3aeab656605626,2023-24,2024-02-25,Wolverhampton Wanderers,Sheffield United,H,D Bond,1.0,0.0,1.0,0.0,13.0,12.0,2.0,4.0,8.0,4.0,5.0,6.0,2.0,1.0,0.0,0.0,,,3,W
80efed3aeab656605626,2023-24,2024-02-25,Sheffield United,Wolverhampton Wanderers,A,D Bond,0.0,1.0,0.0,1.0,12.0,13.0,4.0,2.0,4.0,8.0,6.0,5.0,1.0,2.0,0.0,0.0,,,0,L
393a408bee80395abe35,2023-24,2024-02-26,West Ham United,Brentford,H,S Hooper,4.0,2.0,2.0,1.0,17.0,14.0,6.0,8.0,5.0,9.0,1.0,7.0,1.0,2.0,0.0,0.0,,,3,W
393a408bee80395abe35,2023-24,2024-02-26,Brentford,West Ham United,A,S Hooper,2.0,4.0,1.0,2.0,14.0,17.0,8.0,6.0,9.0,5.0,7.0,1.0,2.0,1.0,0.0,0.0,,,0,L
625f19b9ec4db20a1b80,2023-24,2024-03-02,Brentford,Chelsea,H,J Gillett,2.0,2.0,0.0,1.0,14.0,17.0,5.0,6.0,10.0,9.0,0.0,6.0,3.0,1.0,0.0,0.0,,,1,D
625f19b9ec4db20a1b80,2023-24,2024-03-02,Chelsea,Brentford,A,J Gillett,2.0,2.0,1.0,0.0,17.0,14.0,6.0,5.0,9.0,10.0,6.0,0.0,1.0,3.0,0.0,0.0,,,1,D
c25da5a342f39605c3a8,2023-24,2024-03-02,Everton,West Ham United,H,C Pawson,1.0,3.0,0.0,0.0,22.0,12.0,11.0,5.0,9.0,6.0,4.0,5.0,1.0,2.0,0.0,0.0,,,0,L
c25da5a342f39605c3a8,2023-24,2024-03-02,West Ham United,Everton,A,C Pawson,3.0,1.0,0.0,0.0,12.0,22.0,5.0,11.0,6.0,9.0,5.0,4.0,2.0,1.0,0.0,0.0,,,3,W
c88694b7631b9c859c36,2023-24,2024-03-02,Fulham,Brighton & Hove Albion,H,S Hooper,3.0,0.0,2.0,0.0,12.0,15.0,5.0,5.0,16.0,10.0,2.0,6.0,1.0,2.0,0.0,0.0,,,3,W
c88694b7631b9c859c36,2023-24,2024-03-02,Brighton & Hove Albion,Fulham,A,S Hooper,0.0,3.0,0.0,2.0,15.0,12.0,5.0,5.0,10.0,16.0,6.0,2.0,2.0,1.0,0.0,0.0,,,0,L
778b6c5d9dc9ec007d6a,2023-24,2024-03-02,Newcastle United,Wolverhampton Wanderers,H,T Robinson,3.0,0.0,2.0,0.0,14.0,12.0,7.0,3.0,8.0,11.0,3.0,5.0,0.0,1.0,0.0,0.0,,,3,W
778b6c5d9dc9ec007d6a,2023-24,2024-03-02,Wolverhampton Wanderers,Newcastle United,A,T Robinson,0.0,3.0,0.0,2.0,12.0,14.0,3.0,7.0,11.0,8.0,5.0,3.0,1.0,0.0,0.0,0.0,,,0,L
9e423eed1a831e735c09,2023-24,2024-03-02,Nottingham Forest,Liverpool,H,P Tierney,0.0,1.0,0.0,0.0,8.0,22.0,2.0,2.0,11.0,12.0,3.0,12.0,2.0,2.0,0.0,0.0,,,0,L
9e423eed1a831e735c09,2023-24,2024-03-02,Liverpool,Nottingham Forest,A,P Tierney,1.0,0.0,0.0,0.0,22.0,8.0,2.0,2.0,12.0,11.0,12.0,3.0,2.0,2.0,0.0,0.0,,,3,W
d1fc6a9227cd789c7298,2023-24,2024-03-02,Tottenham,Crystal Palace,H,J Brooks,3.0,1.0,0.0,0.0,14.0,4.0,6.0,1.0,7.0,16.0,11.0,1.0,1.0,2.0,0.0,0.0,,,3,W
d1fc6a9227cd789c7298,2023-24,2024-03-02,Crystal Palace,Tottenham,A,J Brooks,1.0,3.0,0.0,0.0,4.0,14.0,1.0,6.0,16.0,7.0,1.0,11.0,2.0,1.0,0.0,0.0,,,0,L
4d6de0bbedd2339f2ae4,2023-24,2024-03-02,Luton,Aston Villa,H,M Oliver,2.0,3.0,0.0,2.0,13.0,12.0,5.0,8.0,8.0,19.0,8.0,6.0,1.0,4.0,0.0,0.0,,,0,L
4d6de0bbedd2339f2ae4,2023-24,2024-03-02,Aston Villa,Luton,A,M Oliver,3.0,2.0,2.0,0.0,12.0,13.0,8.0,5.0,19.0,8.0,6.0,8.0,4.0,1.0,0.0,0.0,,,3,W
59da52c611dfd5cb7354,2023-24,2024-03-03,Burnley,Bournemouth,H,D Coote,0.0,2.0,0.0,1.0,20.0,10.0,6.0,3.0,8.0,13.0,7.0,2.0,2.0,4.0,0.0,0.0,,,0,L
59da52c611dfd5cb7354,2023-24,2024-03-03,Bournemouth,Burnley,A,D Coote,2.0,0.0,1.0,0.0,10.0,20.0,3.0,6.0,13.0,8.0,2.0,7.0,4.0,2.0,0.0,0.0,,,3,W
d758f83569bd2cf40738,2023-24,2024-03-03,Manchester City,Manchester United,H,A Madley,3.0,1.0,0.0,1.0,27.0,3.0,8.0,1.0,5.0,10.0,15.0,2.0,0.0,1.0,0.0,0.0,,,3,W
d758f83569bd2cf40738,2023-24,2024-03-03,Manchester United,Manchester City,A,A Madley,1.0,3.0,1.0,0.0,3.0,27.0,1.0,8.0,10.0,5.0,2.0,15.0,1.0,0.0,0.0,0.0,,,0,L
b96f51da4b1ab6ee77ee,2023-24,2024-03-04,Sheffield United,Arsenal,H,S Barrott,0.0,6.0,0.0,5.0,4.0,22.0,0.0,10.0,11.0,4.0,0.0,7.0,1.0,0.0,0.0,0.0,,,0,L
b96f51da4b1ab6ee77ee,2023-24,2024-03-04,Arsenal,Sheffield United,A,S Barrott,6.0,0.0,5.0,0.0,22.0,4.0,10.0,0.0,4.0,11.0,7.0,0.0,0.0,1.0,0.0,0.0,,,3,W
5ad895df2a7bcef7c683,2023-24,2024-03-09,Manchester United,Everton,H,S Hooper,2.0,0.0,2.0,0.0,15.0,23.0,8.0,6.0,13.0,11.0,5.0,8.0,1.0,2.0,0.0,0.0,,,3,W
5ad895df2a7bcef7c683,2023-24,2024-03-09,Everton,Manchester United,A,S Hooper,0.0,2.0,0.0,2.0,23.0,15.0,6.0,8.0,11.0,13.0,8.0,5.0,2.0,1.0,0.0,0.0,,,0,L
6b3f2f9a5ec6ab82d65a,2023-24,2024-03-09,Bournemouth,Sheffield United,H,A Taylor,2.0,2.0,0.0,1.0,32.0,13.0,12.0,9.0,12.0,11.0,10.0,3.0,3.0,5.0,0.0,0.0,,,1,D
6b3f2f9a5ec6ab82d65a,2023-24,2024-03-09,Sheffield United,Bournemouth,A,A Taylor,2.0,2.0,1.0,0.0,13.0,32.0,9.0,12.0,11.0,12.0,3.0,10.0,5.0,3.0,0.0,0.0,,,1,D
3efa0fbc68d2ada1772c,2023-24,2024-03-09,Crystal Palace,Luton,H,S Singh,1.0,1.0,1.0,0.0,21.0,8.0,4.0,2.0,20.0,11.0,8.0,6.0,2.0,3.0,0.0,0.0,,,1,D
3efa0fbc68d2ada1772c,2023-24,2024-03-09,Luton,Crystal Palace,A,S Singh,1.0,1.0,0.0,1.0,8.0,21.0,2.0,4.0,11.0,20.0,6.0,8.0,3.0,2.0,0.0,0.0,,,1,D
4f8354b24471d2ab5980,2023-24,2024-03-09,Wolverhampton Wanderers,Fulham,H,T Harrington,2.0,1.0,0.0,0.0,8.0,23.0,3.0,6.0,7.0,11.0,3.0,4.0,2.0,2.0,0.0,0.0,,,3,W
4f8354b24471d2ab5980,2023-24,2024-03-09,Fulham,Wolverhampton Wanderers,A,T Harrington,1.0,2.0,0.0,0.0,23.0,8.0,6.0,3.0,11.0,7.0,4.0,3.0,2.0,2.0,0.0,0.0,,,0,L
7c31a86b56f57a5655f9,2023-24,2024-03-09,Arsenal,Brentford,H,R Jones,2.0,1.0,1.0,1.0,17.0,9.0,6.0,4.0,9.0,10.0,10.0,4.0,2.0,4.0,0.0,0.0,,,3,W
7c31a86b56f57a5655f9,2023-24,2024-03-09,Brentford,Arsenal,A,R Jones,1.0,2.0,1.0,1.0,9.0,17.0,4.0,6.0,10.0,9.0,4.0,10.0,4.0,2.0,0.0,0.0,,,0,L
335451e1446a6ceca253,2023-24,2024-03-10,Aston Villa,Tottenham,H,C Kavanagh,0.0,4.0,0.0,0.0,10.0,9.0,1.0,5.0,11.0,15.0,6.0,4.0,0.0,2.0,1.0,0.0,,,0,L
335451e1446a6ceca253,2023-24,2024-03-10,Tottenham,Aston Villa,A,C Kavanagh,4.0,0.0,0.0,0.0,9.0,10.0,5.0,1.0,15.0,11.0,4.0,6.0,2.0,0.0,0.0,1.0,,,3,W
e79332c5dc8254a75a44,2023-24,2024-03-10,Brighton & Hove Albion,Nottingham Forest,H,M Salisbury,1.0,0.0,1.0,0.0,10.0,9.0,3.0,4.0,14.0,14.0,6.0,3.0,4.0,4.0,0.0,0.0,,,3,W
e79332c5dc8254a75a44,2023-24,2024-03-10,Nottingham Forest,Brighton & Hove Albion,A,M Salisbury,0.0,1.0,0.0,1.0,9.0,10.0,4.0,3.0,14.0,14.0,3.0,6.0,4.0,4.0,0.0,0.0,,,0,L
bbb96bf2d9e61210e310,2023-24,2024-03-10,West Ham United,Burnley,H,D England,2.0,2.0,0.0,2.0,22.0,11.0,4.0,4.0,11.0,18.0,4.0,4.0,2.0,4.0,0.0,0.0,,,1,D
bbb96bf2d9e61210e310,2023-24,2024-03-10,Burnley,West Ham United,A,D England,2.0,2.0,2.0,0.0,11.0,22.0,4.0,4.0,18.0,11.0,4.0,4.0,4.0,2.0,0.0,0.0,,,1,D
c5c2126c29db58c08131,2023-24,2024-03-10,Liverpool,Manchester City,H,M Oliver,1.0,1.0,0.0,1.0,19.0,10.0,6.0,6.0,6.0,10.0,7.0,4.0,0.0,3.0,0.0,0.0,,,1,D
c5c2126c29db58c08131,2023-24,2024-03-10,Manchester City,Liverpool,A,M Oliver,1.0,1.0,1.0,0.0,10.0,19.0,6.0,6.0,10.0,6.0,4.0,7.0,3.0,0.0,0.0,0.0,,,1,D
39db47e1762196f9cb29,2023-24,2024-03-11,Chelsea,Newcastle United,H,J Brooks,3.0,2.0,1.0,1.0,12.0,11.0,8.0,3.0,12.0,7.0,0.0,4.0,3.0,1.0,0.0,0.0,,,3,W
39db47e1762196f9cb29,2023-24,2024-03-11,Newcastle United,Chelsea,A,J Brooks,2.0,3.0,1.0,1.0,11.0,12.0,3.0,8.0,7.0,12.0,4.0,0.0,1.0,3.0,0.0,0.0,,,0,L
4265e4b21e20a5bcc7e0,2023-24,2024-03-13,Bournemouth,Luton,H,S Allison,4.0,3.0,0.0,3.0,24.0,8.0,10.0,4.0,16.0,11.0,11.0,3.0,1.0,2.0,0.0,0.0,,,3,W
4265e4b21e20a5bcc7e0,2023-24,2024-03-13,Luton,Bournemouth,A,S Allison,3.0,4.0,3.0,0.0,8.0,24.0,4.0,10.0,11.0,16.0,3.0,11.0,2.0,1.0,0.0,0.0,,,0,L
17d05f087ca6dfda1ef8,2023-24,2024-03-16,Burnley,Brentford,H,D Bond,2.0,1.0,1.0,0.0,17.0,9.0,6.0,5.0,14.0,17.0,5.0,4.0,2.0,4.0,0.0,1.0,,,3,W
17d05f087ca6dfda1ef8,2023-24,2024-03-16,Brentford,Burnley,A,D Bond,1.0,2.0,0.0,1.0,9.0,17.0,5.0,6.0,17.0,14.0,4.0,5.0,4.0,2.0,1.0,0.0,,,0,L
6697c37a8b7380634fbb,2023-24,2024-03-16,Luton,Nottingham Forest,H,D England,1.0,1.0,0.0,1.0,10.0,16.0,4.0,6.0,10.0,17.0,6.0,7.0,1.0,2.0,0.0,0.0,,,1,D
6697c37a8b7380634fbb,2023-24,2024-03-16,Nottingham Forest,Luton,A,D England,1.0,1.0,1.0,0.0,16.0,10.0,6.0,4.0,17.0,10.0,7.0,6.0,2.0,1.0,0.0,0.0,,,1,D
9c4a75cc9cad49c5ae50,2023-24,2024-03-16,Fulham,Tottenham,H,R Jones,3.0,0.0,1.0,0.0,16.0,14.0,7.0,5.0,9.0,10.0,4.0,5.0,2.0,3.0,0.0,0.0,,,3,W
9c4a75cc9cad49c5ae50,2023-24,2024-03-16,Tottenham,Fulham,A,R Jones,0.0,3.0,0.0,1.0,14.0,16.0,5.0,7.0,10.0,9.0,5.0,4.0,3.0,2.0,0.0,0.0,,,0,L
2e4adb84b3437cbf2866,2023-24,2024-03-17,West Ham United,Aston Villa,H,J Gillett,1.0,1.0,1.0,0.0,13.0,13.0,5.0,5.0,13.0,12.0,7.0,11.0,3.0,3.0,0.0,0.0,,,1,D
2e4adb84b3437cbf2866,2023-24,2024-03-17,Aston Villa,West Ham United,A,J Gillett,1.0,1.0,0.0,1.0,13.0,13.0,5.0,5.0,12.0,13.0,11.0,7.0,3.0,3.0,0.0,0.0,,,1,D
295c537fb1e0688ec87b,2023-24,2024-03-30,Newcastle United,West Ham United,H,R Jones,4.0,3.0,1.0,2.0,24.0,10.0,9.0,4.0,9.0,8.0,3.0,4.0,1.0,1.0,1.0,0.0,,,3,W
295c537fb1e0688ec87b,2023-24,2024-03-30,West Ham United,Newcastle United,A,R Jones,3.0,4.0,2.0,1.0,10.0,24.0,4.0,9.0,8.0,9.0,4.0,3.0,1.0,1.0,0.0,1.0,,,0,L
e45b3c3f52b6c85c3097,2023-24,2024-03-30,Bournemouth,Everton,H,S Barrott,2.0,1.0,0.0,0.0,11.0,7.0,4.0,3.0,14.0,11.0,9.0,8.0,1.0,2.0,0.0,0.0,,,3,W
e45b3c3f52b6c85c3097,2023-24,2024-03-30,Everton,Bournemouth,A,S Barrott,1.0,2.0,0.0,0.0,7.0,11.0,3.0,4.0,11.0,14.0,8.0,9.0,2.0,1.0,0.0,0.0,,,0,L
0f995097dc421a3faa59,2023-24,2024-03-30,Chelsea,Burnley,H,D England,2.0,2.0,1.0,0.0,33.0,18.0,13.0,7.0,12.0,7.0,12.0,4.0,2.0,2.0,0.0,1.0,,,1,D
0f995097dc421a3faa59,2023-24,2024-03-30,Burnley,Chelsea,A,D England,2.0,2.0,0.0,1.0,18.0,33.0,7.0,13.0,7.0,12.0,4.0,12.0,2.0,2.0,1.0,0.0,,,1,D
c36ed87ee5874ce3776b,2023-24,2024-03-30,Nottingham Forest,Crystal Palace,H,C Kavanagh,1.0,1.0,0.0,1.0,12.0,10.0,5.0,3.0,14.0,12.0,4.0,6.0,1.0,1.0,0.0,0.0,,,1,D
c36ed87ee5874ce3776b,2023-24,2024-03-30,Crystal Palace,Nottingham Forest,A,C Kavanagh,1.0,1.0,1.0,0.0,10.0,12.0,3.0,5.0,12.0,14.0,6.0,4.0,1.0,1.0,0.0,0.0,,,1,D
c31130a4569dbd68c7c3,2023-24,2024-03-30,Sheffield United,Fulham,H,T Robinson,3.0,3.0,0.0,0.0,8.0,24.0,4.0,9.0,10.0,13.0,2.0,15.0,4.0,1.0,0.0,0.0,,,1,D
c31130a4569dbd68c7c3,2023-24,2024-03-30,Fulham,Sheffield United,A,T Robinson,3.0,3.0,0.0,0.0,24.0,8.0,9.0,4.0,13.0,10.0,15.0,2.0,1.0,4.0,0.0,0.0,,,1,D
e4c4b3b42e284ec502c1,2023-24,2024-03-30,Tottenham,Luton,H,J Gillett,2.0,1.0,0.0,1.0,17.0,7.0,4.0,3.0,16.0,14.0,3.0,6.0,2.0,4.0,0.0,0.0,,,3,W
e4c4b3b42e284ec502c1,2023-24,2024-03-30,Luton,Tottenham,A,J Gillett,1.0,2.0,1.0,0.0,7.0,17.0,3.0,4.0,14.0,16.0,6.0,3.0,4.0,2.0,0.0,0.0,,,0,L
8cdb01d795ef940215be,2023-24,2024-03-30,Aston Villa,Wolverhampton Wanderers,H,P Tierney,2.0,0.0,1.0,0.0,11.0,13.0,5.0,3.0,11.0,19.0,5.0,4.0,3.0,4.0,0.0,0.0,,,3,W
8cdb01d795ef940215be,2023-24,2024-03-30,Wolverhampton Wanderers,Aston Villa,A,P Tierney,0.0,2.0,0.0,1.0,13.0,11.0,3.0,5.0,19.0,11.0,4.0,5.0,4.0,3.0,0.0,0.0,,,0,L
0df1a2fdd83b87f35b06,2023-24,2024-03-30,Brentford,Manchester United,H,S Hooper,1.0,1.0,0.0,0.0,31.0,11.0,5.0,5.0,7.0,14.0,14.0,4.0,2.0,2.0,0.0,0.0,,,1,D
0df1a2fdd83b87f35b06,2023-24,2024-03-30,Manchester United,Brentford,A,S Hooper,1.0,1.0,0.0,0.0,11.0,31.0,5.0,5.0,14.0,7.0,4.0,14.0,2.0,2.0,0.0,0.0,,,1,D
639717501748bb1dc866,2023-24,2024-03-31,Liverpool,Brighton & Hove Albion,H,D Coote,2.0,1.0,1.0,1.0,30.0,9.0,8.0,3.0,20.0,6.0,8.0,4.0,5.0,3.0,0.0,0.0,,,3,W
639717501748bb1dc866,2023-24,2024-03-31,Brighton & Hove Albion,Liverpool,A,D Coote,1.0,2.0,1.0,1.0,9.0,30.0,3.0,8.0,6.0,20.0,4.0,8.0,3.0,5.0,0.0,0.0,,,0,L
69daa084a5509bdf9e79,2023-24,2024-03-31,Manchester City,Arsenal,H,A Taylor,0.0,0.0,0.0,0.0,12.0,6.0,1.0,2.0,9.0,20.0,7.0,4.0,0.0,2.0,0.0,0.0,,,1,D
69daa084a5509bdf9e79,2023-24,2024-03-31,Arsenal,Manchester City,A,A Taylor,0.0,0.0,0.0,0.0,6.0,12.0,2.0,1.0,20.0,9.0,4.0,7.0,2.0,0.0,0.0,0.0,,,1,D
cffb8ee981e7f9483c2f,2023-24,2024-04-02,Newcastle United,Everton,H,T Harrington,1.0,1.0,1.0,0.0,18.0,10.0,6.0,3.0,9.0,14.0,7.0,3.0,0.0,3.0,0.0,0.0,,,1,D
cffb8ee981e7f9483c2f,2023-24,2024-04-02,Everton,Newcastle United,A,T Harrington,1.0,1.0,0.0,1.0,10.0,18.0,3.0,6.0,14.0,9.0,3.0,7.0,3.0,0.0,0.0,0.0,,,1,D
e7a2753dede6443a7bcf,2023-24,2024-04-02,Nottingham Forest,Fulham,H,M Oliver,3.0,1.0,3.0,0.0,16.0,18.0,4.0,3.0,7.0,8.0,3.0,8.0,0.0,0.0,0.0,0.0,,,3,W
e7a2753dede6443a7bcf,2023-24,2024-04-02,Fulham,Nottingham Forest,A,M Oliver,1.0,3.0,0.0,3.0,18.0,16.0,3.0,4.0,8.0,7.0,8.0,3.0,0.0,0.0,0.0,0.0,,,0,L
51588e1ad39f4310b2d5,2023-24,2024-04-02,Bournemouth,Crystal Palace,H,G Scott,1.0,0.0,0.0,0.0,11.0,3.0,6.0,2.0,13.0,14.0,9.0,2.0,3.0,2.0,0.0,0.0,,,3,W
51588e1ad39f4310b2d5,2023-24,2024-04-02,Crystal Palace,Bournemouth,A,G Scott,0.0,1.0,0.0,0.0,3.0,11.0,2.0,6.0,14.0,13.0,2.0,9.0,2.0,3.0,0.0,0.0,,,0,L
6753d55cd43c896e2f23,2023-24,2024-04-02,Burnley,Wolverhampton Wanderers,H,T Bramall,1.0,1.0,1.0,1.0,13.0,8.0,6.0,2.0,10.0,12.0,7.0,4.0,0.0,2.0,0.0,0.0,,,1,D
6753d55cd43c896e2f23,2023-24,2024-04-02,Wolverhampton Wanderers,Burnley,A,T Bramall,1.0,1.0,1.0,1.0,8.0,13.0,2.0,6.0,12.0,10.0,4.0,7.0,2.0,0.0,0.0,0.0,,,1,D
a4127541798533f09980,2023-24,2024-04-02,West Ham United,Tottenham,H,J Brooks,1.0,1.0,1.0,1.0,11.0,13.0,4.0,4.0,13.0,9.0,9.0,5.0,1.0,4.0,0.0,0.0,,,1,D
a4127541798533f09980,2023-24,2024-04-02,Tottenham,West Ham United,A,J Brooks,1.0,1.0,1.0,1.0,13.0,11.0,4.0,4.0,9.0,13.0,5.0,9.0,4.0,1.0,0.0,0.0,,,1,D
ba1ce6ef28280707d225,2023-24,2024-04-03,Arsenal,Luton,H,C Pawson,2.0,0.0,2.0,0.0,13.0,5.0,4.0,1.0,12.0,8.0,3.0,1.0,1.0,1.0,0.0,0.0,,,3,W
ba1ce6ef28280707d225,2023-24,2024-04-03,Luton,Arsenal,A,C Pawson,0.0,2.0,0.0,2.0,5.0,13.0,1.0,4.0,8.0,12.0,1.0,3.0,1.0,1.0,0.0,0.0,,,0,L
4de43997bff20b3f22d2,2023-24,2024-04-03,Brentford,Brighton & Hove Albion,H,A Madley,0.0,0.0,0.0,0.0,5.0,24.0,2.0,6.0,9.0,12.0,1.0,5.0,1.0,1.0,0.0,0.0,,,1,D
4de43997bff20b3f22d2,2023-24,2024-04-03,Brighton & Hove Albion,Brentford,A,A Madley,0.0,0.0,0.0,0.0,24.0,5.0,6.0,2.0,12.0,9.0,5.0,1.0,1.0,1.0,0.0,0.0,,,1,D
d04ca8d3f62c2a3f9a6a,2023-24,2024-04-03,Manchester City,Aston Villa,H,D England,4.0,1.0,2.0,1.0,25.0,8.0,11.0,3.0,6.0,13.0,2.0,3.0,1.0,2.0,0.0,0.0,,,3,W
d04ca8d3f62c2a3f9a6a,2023-24,2024-04-03,Aston Villa,Manchester City,A,D England,1.0,4.0,1.0,2.0,8.0,25.0,3.0,11.0,13.0,6.0,3.0,2.0,2.0,1.0,0.0,0.0,,,0,L
a664be75aa7abba196a0,2023-24,2024-04-04,Liverpool,Sheffield United,H,S Attwell,3.0,1.0,1.0,0.0,29.0,8.0,9.0,3.0,6.0,9.0,13.0,1.0,0.0,1.0,0.0,0.0,,,3,W
a664be75aa7abba196a0,2023-24,2024-04-04,Sheffield United,Liverpool,A,S Attwell,1.0,3.0,0.0,1.0,8.0,29.0,3.0,9.0,9.0,6.0,1.0,13.0,1.0,0.0,0.0,0.0,,,0,L
b5bd76439039c3115e02,2023-24,2024-04-04,Chelsea,Manchester United,H,J Gillett,4.0,3.0,2.0,2.0,28.0,19.0,10.0,5.0,7.0,15.0,12.0,3.0,3.0,0.0,0.0,0.0,,,3,W
b5bd76439039c3115e02,2023-24,2024-04-04,Manchester United,Chelsea,A,J Gillett,3.0,4.0,2.0,2.0,19.0,28.0,5.0,10.0,15.0,7.0,3.0,12.0,0.0,3.0,0.0,0.0,,,0,L
a9d75bc4174d95d619b7,2023-24,2024-04-06,Crystal Palace,Manchester City,H,P Tierney,2.0,4.0,1.0,1.0,7.0,18.0,4.0,8.0,13.0,3.0,2.0,9.0,1.0,1.0,0.0,0.0,,,0,L
a9d75bc4174d95d619b7,2023-24,2024-04-06,Manchester City,Crystal Palace,A,P Tierney,4.0,2.0,1.0,1.0,18.0,7.0,8.0,4.0,3.0,13.0,9.0,2.0,1.0,1.0,0.0,0.0,,,3,W
95b309baed963a9baff2,2023-24,2024-04-06,Aston Villa,Brentford,H,M Salisbury,3.0,3.0,1.0,0.0,11.0,8.0,3.0,3.0,15.0,11.0,11.0,3.0,2.0,2.0,0.0,0.0,,,1,D
95b309baed963a9baff2,2023-24,2024-04-06,Brentford,Aston Villa,A,M Salisbury,3.0,3.0,0.0,1.0,8.0,11.0,3.0,3.0,11.0,15.0,3.0,11.0,2.0,2.0,0.0,0.0,,,1,D
c1e9db5907f5a08c6549,2023-24,2024-04-06,Everton,Burnley,H,M Oliver,1.0,0.0,1.0,0.0,12.0,6.0,3.0,1.0,11.0,13.0,3.0,5.0,2.0,1.0,0.0,1.0,,,3,W
c1e9db5907f5a08c6549,2023-24,2024-04-06,Burnley,Everton,A,M Oliver,0.0,1.0,0.0,1.0,6.0,12.0,1.0,3.0,13.0,11.0,5.0,3.0,1.0,2.0,1.0,0.0,,,0,L
404ee4bfbe7f9e50f6c3,2023-24,2024-04-06,Fulham,Newcastle United,H,S Allison,0.0,1.0,0.0,0.0,14.0,12.0,4.0,5.0,10.0,13.0,14.0,3.0,1.0,2.0,0.0,0.0,,,0,L
404ee4bfbe7f9e50f6c3,2023-24,2024-04-06,Newcastle United,Fulham,A,S Allison,1.0,0.0,0.0,0.0,12.0,14.0,5.0,4.0,13.0,10.0,3.0,14.0,2.0,1.0,0.0,0.0,,,3,W
79ab970197529a960aae,2023-24,2024-04-06,Luton,Bournemouth,H,A Madley,2.0,1.0,0.0,0.0,19.0,8.0,9.0,1.0,7.0,14.0,7.0,2.0,0.0,0.0,0.0,0.0,,,3,W
79ab970197529a960aae,2023-24,2024-04-06,Bournemouth,Luton,A,A Madley,1.0,2.0,0.0,0.0,8.0,19.0,1.0,9.0,14.0,7.0,2.0,7.0,0.0,0.0,0.0,0.0,,,0,L
fd52ebed0e930cffc7a6,2023-24,2024-04-06,Wolverhampton Wanderers,West Ham United,H,T Harrington,1.0,2.0,1.0,0.0,14.0,11.0,7.0,4.0,15.0,7.0,4.0,4.0,5.0,2.0,0.0,0.0,,,0,L
fd52ebed0e930cffc7a6,2023-24,2024-04-06,West Ham United,Wolverhampton Wanderers,A,T Harrington,2.0,1.0,0.0,1.0,11.0,14.0,4.0,7.0,7.0,15.0,4.0,4.0,2.0,5.0,0.0,0.0,,,3,W
81d588786cc45c3806e8,2023-24,2024-04-06,Brighton & Hove Albion,Arsenal,H,J Brooks,0.0,3.0,0.0,1.0,10.0,20.0,2.0,7.0,14.0,13.0,8.0,7.0,1.0,2.0,0.0,0.0,,,0,L
81d588786cc45c3806e8,2023-24,2024-04-06,Arsenal,Brighton & Hove Albion,A,J Brooks,3.0,0.0,1.0,0.0,20.0,10.0,7.0,2.0,13.0,14.0,7.0,8.0,2.0,1.0,0.0,0.0,,,3,W
7b3f38d56f48803c6bb9,2023-24,2024-04-07,Manchester United,Liverpool,H,A Taylor,2.0,2.0,0.0,1.0,9.0,28.0,5.0,7.0,9.0,10.0,6.0,11.0,5.0,2.0,0.0,0.0,,,1,D
7b3f38d56f48803c6bb9,2023-24,2024-04-07,Liverpool,Manchester United,A,A Taylor,2.0,2.0,1.0,0.0,28.0,9.0,7.0,5.0,10.0,9.0,11.0,6.0,2.0,5.0,0.0,0.0,,,1,D
1d93e8edf61477de66a1,2023-24,2024-04-07,Sheffield United,Chelsea,H,R Jones,2.0,2.0,1.0,1.0,11.0,6.0,6.0,3.0,12.0,10.0,7.0,6.0,4.0,2.0,0.0,0.0,,,1,D
1d93e8edf61477de66a1,2023-24,2024-04-07,Chelsea,Sheffield United,A,R Jones,2.0,2.0,1.0,1.0,6.0,11.0,3.0,6.0,10.0,12.0,6.0,7.0,2.0,4.0,0.0,0.0,,,1,D
24ce3697cb827f201c95,2023-24,2024-04-07,Tottenham,Nottingham Forest,H,S Hooper,3.0,1.0,1.0,1.0,17.0,13.0,7.0,6.0,11.0,12.0,12.0,2.0,2.0,3.0,0.0,0.0,,,3,W
24ce3697cb827f201c95,2023-24,2024-04-07,Nottingham Forest,Tottenham,A,S Hooper,1.0,3.0,1.0,1.0,13.0,17.0,6.0,7.0,12.0,11.0,2.0,12.0,3.0,2.0,0.0,0.0,,,0,L
8fe6937652c559c8c286,2023-24,2024-04-13,Newcastle United,Tottenham,H,T Robinson,4.0,0.0,2.0,0.0,18.0,11.0,5.0,2.0,14.0,12.0,16.0,3.0,0.0,4.0,0.0,0.0,,,3,W
8fe6937652c559c8c286,2023-24,2024-04-13,Tottenham,Newcastle United,A,T Robinson,0.0,4.0,0.0,2.0,11.0,18.0,2.0,5.0,12.0,14.0,3.0,16.0,4.0,0.0,0.0,0.0,,,0,L
6bee78ba1ed0c89ba9ae,2023-24,2024-04-13,Brentford,Sheffield United,H,S Barrott,2.0,0.0,0.0,0.0,9.0,8.0,5.0,2.0,8.0,11.0,3.0,6.0,3.0,1.0,0.0,0.0,,,3,W
6bee78ba1ed0c89ba9ae,2023-24,2024-04-13,Sheffield United,Brentford,A,S Barrott,0.0,2.0,0.0,0.0,8.0,9.0,2.0,5.0,11.0,8.0,6.0,3.0,1.0,3.0,0.0,0.0,,,0,L
218b0ce5ee4c7d119d23,2023-24,2024-04-13,Burnley,Brighton & Hove Albion,H,S Hooper,1.0,1.0,0.0,0.0,11.0,20.0,3.0,8.0,18.0,8.0,4.0,5.0,1.0,2.0,0.0,0.0,,,1,D
218b0ce5ee4c7d119d23,2023-24,2024-04-13,Brighton & Hove Albion,Burnley,A,S Hooper,1.0,1.0,0.0,0.0,20.0,11.0,8.0,3.0,8.0,18.0,5.0,4.0,2.0,1.0,0.0,0.0,,,1,D
2a4422ca9dc54d56e479,2023-24,2024-04-13,Manchester City,Luton,H,J Brooks,5.0,1.0,1.0,0.0,33.0,4.0,13.0,2.0,7.0,6.0,12.0,1.0,1.0,0.0,0.0,0.0,,,3,W
2a4422ca9dc54d56e479,2023-24,2024-04-13,Luton,Manchester City,A,J Brooks,1.0,5.0,0.0,1.0,4.0,33.0,2.0,13.0,6.0,7.0,1.0,12.0,0.0,1.0,0.0,0.0,,,0,L
ad53c91942bb597ecb67,2023-24,2024-04-13,Nottingham Forest,Wolverhampton Wanderers,H,C Pawson,2.0,2.0,1.0,1.0,18.0,11.0,9.0,4.0,15.0,10.0,10.0,1.0,2.0,3.0,0.0,0.0,,,1,D
ad53c91942bb597ecb67,2023-24,2024-04-13,Wolverhampton Wanderers,Nottingham Forest,A,C Pawson,2.0,2.0,1.0,1.0,11.0,18.0,4.0,9.0,10.0,15.0,1.0,10.0,3.0,2.0,0.0,0.0,,,1,D
903492baaf1a483dc900,2023-24,2024-04-13,Bournemouth,Manchester United,H,T Harrington,2.0,2.0,2.0,1.0,20.0,8.0,5.0,2.0,13.0,14.0,7.0,2.0,4.0,0.0,0.0,0.0,,,1,D
903492baaf1a483dc900,2023-24,2024-04-13,Manchester United,Bournemouth,A,T Harrington,2.0,2.0,1.0,2.0,8.0,20.0,2.0,5.0,14.0,13.0,2.0,7.0,0.0,4.0,0.0,0.0,,,1,D
f8d44780dfcabd514709,2023-24,2024-04-14,Liverpool,Crystal Palace,H,C Kavanagh,0.0,1.0,0.0,1.0,21.0,8.0,6.0,5.0,10.0,10.0,11.0,1.0,1.0,1.0,0.0,0.0,,,0,L
f8d44780dfcabd514709,2023-24,2024-04-14,Crystal Palace,Liverpool,A,C Kavanagh,1.0,0.0,1.0,0.0,8.0,21.0,5.0,6.0,10.0,10.0,1.0,11.0,1.0,1.0,0.0,0.0,,,3,W
0c4e2a730d93d839b4ca,2023-24,2024-04-14,West Ham United,Fulham,H,S Attwell,0.0,2.0,0.0,1.0,15.0,18.0,4.0,10.0,6.0,13.0,8.0,3.0,1.0,2.0,0.0,0.0,,,0,L
0c4e2a730d93d839b4ca,2023-24,2024-04-14,Fulham,West Ham United,A,S Attwell,2.0,0.0,1.0,0.0,18.0,15.0,10.0,4.0,13.0,6.0,3.0,8.0,2.0,1.0,0.0,0.0,,,3,W
4a2410731425a213e7bc,2023-24,2024-04-14,Arsenal,Aston Villa,H,D Coote,0.0,2.0,0.0,0.0,18.0,11.0,4.0,2.0,12.0,7.0,4.0,6.0,3.0,1.0,0.0,0.0,,,0,L
4a2410731425a213e7bc,2023-24,2024-04-14,Aston Villa,Arsenal,A,D Coote,2.0,0.0,0.0,0.0,11.0,18.0,2.0,4.0,7.0,12.0,6.0,4.0,1.0,3.0,0.0,0.0,,,3,W
d2f6da16c49135573a1e,2023-24,2024-04-15,Chelsea,Everton,H,P Tierney,6.0,0.0,4.0,0.0,14.0,10.0,10.0,2.0,5.0,21.0,4.0,8.0,1.0,4.0,0.0,0.0,,,3,W
d2f6da16c49135573a1e,2023-24,2024-04-15,Everton,Chelsea,A,P Tierney,0.0,6.0,0.0,4.0,10.0,14.0,2.0,10.0,21.0,5.0,8.0,4.0,4.0,1.0,0.0,0.0,,,0,L
23f51ff39942b6234268,2023-24,2024-04-20,Luton,Brentford,H,J Gillett,1.0,5.0,0.0,2.0,6.0,21.0,3.0,9.0,13.0,9.0,4.0,9.0,1.0,2.0,0.0,0.0,,,0,L
23f51ff39942b6234268,2023-24,2024-04-20,Brentford,Luton,A,J Gillett,5.0,1.0,2.0,0.0,21.0,6.0,9.0,3.0,9.0,13.0,9.0,4.0,2.0,1.0,0.0,0.0,,,3,W
f78bde296f0bc349e0a1,2023-24,2024-04-20,Sheffield United,Burnley,H,A Madley,1.0,4.0,0.0,2.0,18.0,16.0,11.0,9.0,10.0,9.0,11.0,2.0,1.0,0.0,0.0,0.0,,,0,L
f78bde296f0bc349e0a1,2023-24,2024-04-20,Burnley,Sheffield United,A,A Madley,4.0,1.0,2.0,0.0,16.0,18.0,9.0,11.0,9.0,10.0,2.0,11.0,0.0,1.0,0.0,0.0,,,3,W
0e0683397e724195a478,2023-24,2024-04-20,Wolverhampton Wanderers,Arsenal,H,P Tierney,0.0,2.0,0.0,1.0,5.0,24.0,3.0,9.0,14.0,9.0,1.0,2.0,3.0,2.0,0.0,0.0,,,0,L
0e0683397e724195a478,2023-24,2024-04-20,Arsenal,Wolverhampton Wanderers,A,P Tierney,2.0,0.0,1.0,0.0,24.0,5.0,9.0,3.0,9.0,14.0,2.0,1.0,2.0,3.0,0.0,0.0,,,3,W
a8beb413472942f9884e,2023-24,2024-04-21,Everton,Nottingham Forest,H,A Taylor,2.0,0.0,1.0,0.0,7.0,8.0,4.0,3.0,15.0,9.0,6.0,4.0,3.0,2.0,0.0,0.0,,,3,W
a8beb413472942f9884e,2023-24,2024-04-21,Nottingham Forest,Everton,A,A Taylor,0.0,2.0,0.0,1.0,8.0,7.0,3.0,4.0,9.0,15.0,4.0,6.0,2.0,3.0,0.0,0.0,,,0,L
53f8172152079a008223,2023-24,2024-04-21,Aston Villa,Bournemouth,H,T Robinson,3.0,1.0,1.0,1.0,14.0,14.0,4.0,6.0,8.0,14.0,8.0,4.0,1.0,3.0,0.0,0.0,,,3,W
53f8172152079a008223,2023-24,2024-04-21,Bournemouth,Aston Villa,A,T Robinson,1.0,3.0,1.0,1.0,14.0,14.0,6.0,4.0,14.0,8.0,4.0,8.0,3.0,1.0,0.0,0.0,,,0,L
082cd5909b148d07a5e9,2023-24,2024-04-21,Crystal Palace,West Ham United,H,G Scott,5.0,2.0,4.0,1.0,18.0,4.0,7.0,1.0,9.0,9.0,4.0,0.0,3.0,2.0,0.0,0.0,,,3,W
082cd5909b148d07a5e9,2023-24,2024-04-21,West Ham United,Crystal Palace,A,G Scott,2.0,5.0,1.0,4.0,4.0,18.0,1.0,7.0,9.0,9.0,0.0,4.0,2.0,3.0,0.0,0.0,,,0,L
6187a3a0ea17d0d610f5,2023-24,2024-04-21,Fulham,Liverpool,H,C Pawson,1.0,3.0,1.0,1.0,12.0,14.0,5.0,7.0,5.0,11.0,1.0,4.0,3.0,0.0,0.0,0.0,,,0,L
6187a3a0ea17d0d610f5,2023-24,2024-04-21,Liverpool,Fulham,A,C Pawson,3.0,1.0,1.0,1.0,14.0,12.0,7.0,5.0,11.0,5.0,4.0,1.0,0.0,3.0,0.0,0.0,,,3,W
b92901bb87b56c8c719d,2023-24,2024-04-23,Arsenal,Chelsea,H,S Hooper,5.0,0.0,1.0,0.0,27.0,7.0,10.0,1.0,12.0,11.0,4.0,2.0,2.0,2.0,0.0,0.0,,,3,W
b92901bb87b56c8c719d,2023-24,2024-04-23,Chelsea,Arsenal,A,S Hooper,0.0,5.0,0.0,1.0,7.0,27.0,1.0,10.0,11.0,12.0,2.0,4.0,2.0,2.0,0.0,0.0,,,0,L
c569fd3f219f02be7753,2023-24,2024-04-24,Wolverhampton Wanderers,Bournemouth,H,S Attwell,0.0,1.0,0.0,1.0,15.0,21.0,4.0,6.0,10.0,17.0,8.0,12.0,4.0,1.0,0.0,1.0,,,0,L
c569fd3f219f02be7753,2023-24,2024-04-24,Bournemouth,Wolverhampton Wanderers,A,S Attwell,1.0,0.0,1.0,0.0,21.0,15.0,6.0,4.0,17.0,10.0,12.0,8.0,1.0,4.0,1.0,0.0,,,3,W
cf654c89c4d29b2252ab,2023-24,2024-04-24,Crystal Palace,Newcastle United,H,T Bramall,2.0,0.0,0.0,0.0,20.0,7.0,7.0,2.0,10.0,15.0,7.0,2.0,3.0,3.0,0.0,0.0,,,3,W
cf654c89c4d29b2252ab,2023-24,2024-04-24,Newcastle United,Crystal Palace,A,T Bramall,0.0,2.0,0.0,0.0,7.0,20.0,2.0,7.0,15.0,10.0,2.0,7.0,3.0,3.0,0.0,0.0,,,0,L
f78d358d7793d49f3f89,2023-24,2024-04-24,Everton,Liverpool,H,A Madley,2.0,0.0,1.0,0.0,16.0,23.0,6.0,7.0,6.0,13.0,4.0,13.0,0.0,3.0,0.0,0.0,,,3,W
f78d358d7793d49f3f89,2023-24,2024-04-24,Liverpool,Everton,A,A Madley,0.0,2.0,0.0,1.0,23.0,16.0,7.0,6.0,13.0,6.0,13.0,4.0,3.0,0.0,0.0,0.0,,,0,L
83b8e5ac37d26410aa4d,2023-24,2024-04-24,Manchester United,Sheffield United,H,M Salisbury,4.0,2.0,1.0,1.0,25.0,10.0,13.0,4.0,7.0,9.0,9.0,4.0,0.0,1.0,0.0,0.0,,,3,W
83b8e5ac37d26410aa4d,2023-24,2024-04-24,Sheffield United,Manchester United,A,M Salisbury,2.0,4.0,1.0,1.0,10.0,25.0,4.0,13.0,9.0,7.0,4.0,9.0,1.0,0.0,0.0,0.0,,,0,L
44845b7e2ed200ba4a56,2023-24,2024-04-25,Brighton & Hove Albion,Manchester City,H,J Gillett,0.0,4.0,0.0,3.0,7.0,14.0,3.0,6.0,10.0,3.0,4.0,4.0,2.0,0.0,0.0,0.0,,,0,L
44845b7e2ed200ba4a56,2023-24,2024-04-25,Manchester City,Brighton & Hove Albion,A,J Gillett,4.0,0.0,3.0,0.0,14.0,7.0,6.0,3.0,3.0,10.0,4.0,4.0,0.0,2.0,0.0,0.0,,,3,W
90dfa0c104ce6605e739,2023-24,2024-04-27,West Ham United,Liverpool,H,A Taylor,2.0,2.0,1.0,0.0,11.0,28.0,8.0,8.0,8.0,10.0,5.0,8.0,0.0,2.0,0.0,0.0,,,1,D
90dfa0c104ce6605e739,2023-24,2024-04-27,Liverpool,West Ham United,A,A Taylor,2.0,2.0,0.0,1.0,28.0,11.0,8.0,8.0,10.0,8.0,8.0,5.0,2.0,0.0,0.0,0.0,,,1,D
7941e88ebd61319088ee,2023-24,2024-04-27,Fulham,Crystal Palace,H,S Attwell,1.0,1.0,0.0,0.0,9.0,14.0,2.0,4.0,11.0,15.0,5.0,9.0,0.0,2.0,0.0,0.0,,,1,D
7941e88ebd61319088ee,2023-24,2024-04-27,Crystal Palace,Fulham,A,S Attwell,1.0,1.0,0.0,0.0,14.0,9.0,4.0,2.0,15.0,11.0,9.0,5.0,2.0,0.0,0.0,0.0,,,1,D
06f33c749fa885b7c114,2023-24,2024-04-27,Manchester United,Burnley,H,J Brooks,1.0,1.0,0.0,0.0,27.0,16.0,10.0,7.0,7.0,11.0,6.0,5.0,1.0,3.0,0.0,0.0,,,1,D
06f33c749fa885b7c114,2023-24,2024-04-27,Burnley,Manchester United,A,J Brooks,1.0,1.0,0.0,0.0,16.0,27.0,7.0,10.0,11.0,7.0,5.0,6.0,3.0,1.0,0.0,0.0,,,1,D
d9b772d7309e362dad81,2023-24,2024-04-27,Newcastle United,Sheffield United,H,T Harrington,5.0,1.0,1.0,1.0,20.0,15.0,7.0,5.0,9.0,10.0,4.0,5.0,0.0,0.0,0.0,0.0,,,3,W
d9b772d7309e362dad81,2023-24,2024-04-27,Sheffield United,Newcastle United,A,T Harrington,1.0,5.0,1.0,1.0,15.0,20.0,5.0,7.0,10.0,9.0,5.0,4.0,0.0,0.0,0.0,0.0,,,0,L
159757ac11ddf90cb20a,2023-24,2024-04-27,Wolverhampton Wanderers,Luton,H,D Coote,2.0,1.0,1.0,0.0,13.0,9.0,5.0,6.0,14.0,14.0,4.0,4.0,3.0,1.0,0.0,0.0,,,3,W
159757ac11ddf90cb20a,2023-24,2024-04-27,Luton,Wolverhampton Wanderers,A,D Coote,1.0,2.0,0.0,1.0,9.0,13.0,6.0,5.0,14.0,14.0,4.0,4.0,1.0,3.0,0.0,0.0,,,0,L
0deb5e267dae048329d0,2023-24,2024-04-27,Everton,Brentford,H,D England,1.0,0.0,0.0,0.0,18.0,10.0,1.0,4.0,10.0,12.0,6.0,6.0,1.0,2.0,0.0,0.0,,,3,W
0deb5e267dae048329d0,2023-24,2024-04-27,Brentford,Everton,A,D England,0.0,1.0,0.0,0.0,10.0,18.0,4.0,1.0,12.0,10.0,6.0,6.0,2.0,1.0,0.0,0.0,,,0,L
6ad35b8cf00558e2b86f,2023-24,2024-04-27,Aston Villa,Chelsea,H,C Pawson,2.0,2.0,2.0,0.0,9.0,21.0,4.0,5.0,13.0,14.0,2.0,4.0,3.0,5.0,0.0,0.0,,,1,D
6ad35b8cf00558e2b86f,2023-24,2024-04-27,Chelsea,Aston Villa,A,C Pawson,2.0,2.0,0.0,2.0,21.0,9.0,5.0,4.0,14.0,13.0,4.0,2.0,5.0,3.0,0.0,0.0,,,1,D
5e878ff1bc1dc83221ad,2023-24,2024-04-28,Bournemouth,Brighton & Hove Albion,H,P Tierney,3.0,0.0,1.0,0.0,15.0,13.0,6.0,1.0,14.0,10.0,8.0,2.0,2.0,2.0,0.0,0.0,,,3,W
5e878ff1bc1dc83221ad,2023-24,2024-04-28,Brighton & Hove Albion,Bournemouth,A,P Tierney,0.0,3.0,0.0,1.0,13.0,15.0,1.0,6.0,10.0,14.0,2.0,8.0,2.0,2.0,0.0,0.0,,,0,L
d30e4dfaa747950c32c7,2023-24,2024-04-28,Tottenham,Arsenal,H,M Oliver,2.0,3.0,0.0,3.0,14.0,9.0,2.0,3.0,12.0,16.0,8.0,6.0,2.0,1.0,0.0,0.0,,,0,L
d30e4dfaa747950c32c7,2023-24,2024-04-28,Arsenal,Tottenham,A,M Oliver,3.0,2.0,3.0,0.0,9.0,14.0,3.0,2.0,16.0,12.0,6.0,8.0,1.0,2.0,0.0,0.0,,,3,W
8d33dffc88ab69785df9,2023-24,2024-04-28,Nottingham Forest,Manchester City,H,S Hooper,0.0,2.0,0.0,1.0,14.0,11.0,2.0,5.0,8.0,6.0,4.0,5.0,0.0,0.0,0.0,0.0,,,0,L
8d33dffc88ab69785df9,2023-24,2024-04-28,Manchester City,Nottingham Forest,A,S Hooper,2.0,0.0,1.0,0.0,11.0,14.0,5.0,2.0,6.0,8.0,5.0,4.0,0.0,0.0,0.0,0.0,,,3,W
843e6ff70aac51beb2c1,2023-24,2024-05-02,Chelsea,Tottenham,H,R Jones,2.0,0.0,1.0,0.0,16.0,19.0,5.0,3.0,12.0,16.0,4.0,9.0,0.0,1.0,0.0,0.0,,,3,W
843e6ff70aac51beb2c1,2023-24,2024-05-02,Tottenham,Chelsea,A,R Jones,0.0,2.0,0.0,1.0,19.0,16.0,3.0,5.0,16.0,12.0,9.0,4.0,1.0,0.0,0.0,0.0,,,0,L
b515eeeb9ff1afbc8727,2023-24,2024-05-03,Luton,Everton,H,T Robinson,1.0,1.0,1.0,1.0,18.0,10.0,5.0,3.0,14.0,12.0,8.0,7.0,1.0,3.0,0.0,0.0,,,1,D
b515eeeb9ff1afbc8727,2023-24,2024-05-03,Everton,Luton,A,T Robinson,1.0,1.0,1.0,1.0,10.0,18.0,3.0,5.0,12.0,14.0,7.0,8.0,3.0,1.0,0.0,0.0,,,1,D
f8cd0f12f84bb1081d38,2023-24,2024-05-04,Arsenal,Bournemouth,H,D Coote,3.0,0.0,1.0,0.0,25.0,7.0,9.0,2.0,16.0,12.0,6.0,1.0,2.0,3.0,0.0,0.0,,,3,W
f8cd0f12f84bb1081d38,2023-24,2024-05-04,Bournemouth,Arsenal,A,D Coote,0.0,3.0,0.0,1.0,7.0,25.0,2.0,9.0,12.0,16.0,1.0,6.0,3.0,2.0,0.0,0.0,,,0,L
105d4b7e53f024babdc4,2023-24,2024-05-04,Brentford,Fulham,H,G Scott,0.0,0.0,0.0,0.0,7.0,15.0,3.0,3.0,3.0,6.0,7.0,6.0,1.0,1.0,0.0,0.0,,,1,D
105d4b7e53f024babdc4,2023-24,2024-05-04,Fulham,Brentford,A,G Scott,0.0,0.0,0.0,0.0,15.0,7.0,3.0,3.0,6.0,3.0,6.0,7.0,1.0,1.0,0.0,0.0,,,1,D
11805ec8d68610d91138,2023-24,2024-05-04,Burnley,Newcastle United,H,A Taylor,1.0,4.0,0.0,3.0,17.0,23.0,5.0,11.0,8.0,8.0,4.0,11.0,2.0,2.0,0.0,0.0,,,0,L
11805ec8d68610d91138,2023-24,2024-05-04,Newcastle United,Burnley,A,A Taylor,4.0,1.0,3.0,0.0,23.0,17.0,11.0,5.0,8.0,8.0,11.0,4.0,2.0,2.0,0.0,0.0,,,3,W
0af29e5de2bcae47c1ca,2023-24,2024-05-04,Sheffield United,Nottingham Forest,H,C Kavanagh,1.0,3.0,1.0,1.0,17.0,15.0,5.0,4.0,9.0,7.0,5.0,3.0,0.0,1.0,1.0,0.0,,,0,L
0af29e5de2bcae47c1ca,2023-24,2024-05-04,Nottingham Forest,Sheffield United,A,C Kavanagh,3.0,1.0,1.0,1.0,15.0,17.0,4.0,5.0,7.0,9.0,3.0,5.0,1.0,0.0,0.0,1.0,,,3,W
e2972cd48af8f53efcf6,2023-24,2024-05-04,Manchester City,Wolverhampton Wanderers,H,C Pawson,5.0,1.0,3.0,0.0,20.0,2.0,12.0,1.0,4.0,17.0,6.0,0.0,0.0,4.0,0.0,0.0,,,3,W
e2972cd48af8f53efcf6,2023-24,2024-05-04,Wolverhampton Wanderers,Manchester City,A,C Pawson,1.0,5.0,0.0,3.0,2.0,20.0,1.0,12.0,17.0,4.0,0.0,6.0,4.0,0.0,0.0,0.0,,,0,L
9289db759b05a38271d4,2023-24,2024-05-05,Brighton & Hove Albion,Aston Villa,H,R Jones,1.0,0.0,0.0,0.0,15.0,2.0,8.0,1.0,13.0,10.0,7.0,3.0,2.0,1.0,0.0,0.0,,,3,W
9289db759b05a38271d4,2023-24,2024-05-05,Aston Villa,Brighton & Hove Albion,A,R Jones,0.0,1.0,0.0,0.0,2.0,15.0,1.0,8.0,10.0,13.0,3.0,7.0,1.0,2.0,0.0,0.0,,,0,L
d844dfd35d2c29e9b8bd,2023-24,2024-05-05,Chelsea,West Ham United,H,A Madley,5.0,0.0,3.0,0.0,25.0,13.0,14.0,2.0,12.0,10.0,8.0,6.0,1.0,3.0,0.0,0.0,,,3,W
d844dfd35d2c29e9b8bd,2023-24,2024-05-05,West Ham United,Chelsea,A,A Madley,0.0,5.0,0.0,3.0,13.0,25.0,2.0,14.0,10.0,12.0,6.0,8.0,3.0,1.0,0.0,0.0,,,0,L
cf413685301459f64558,2023-24,2024-05-05,Liverpool,Tottenham,H,P Tierney,4.0,2.0,2.0,0.0,25.0,11.0,13.0,6.0,14.0,12.0,8.0,3.0,1.0,4.0,0.0,0.0,,,3,W
cf413685301459f64558,2023-24,2024-05-05,Tottenham,Liverpool,A,P Tierney,2.0,4.0,0.0,2.0,11.0,25.0,6.0,13.0,12.0,14.0,3.0,8.0,4.0,1.0,0.0,0.0,,,0,L
9c6640f8ec2b95697bf3,2023-24,2024-05-06,Crystal Palace,Manchester United,H,J Gillett,4.0,0.0,2.0,0.0,18.0,7.0,10.0,2.0,12.0,8.0,6.0,3.0,1.0,1.0,0.0,0.0,,,3,W
9c6640f8ec2b95697bf3,2023-24,2024-05-06,Manchester United,Crystal Palace,A,J Gillett,0.0,4.0,0.0,2.0,7.0,18.0,2.0,10.0,8.0,12.0,3.0,6.0,1.0,1.0,0.0,0.0,,,0,L
0fd40a5453d199fe6792,2023-24,2024-05-11,Fulham,Manchester City,H,A Taylor,0.0,4.0,0.0,1.0,1.0,16.0,1.0,9.0,9.0,6.0,1.0,7.0,1.0,0.0,1.0,0.0,,,0,L
0fd40a5453d199fe6792,2023-24,2024-05-11,Manchester City,Fulham,A,A Taylor,4.0,0.0,1.0,0.0,16.0,1.0,9.0,1.0,6.0,9.0,7.0,1.0,0.0,1.0,0.0,1.0,,,3,W
4a2724fcd6f8f0f9143b,2023-24,2024-05-11,Bournemouth,Brentford,H,M Donohue,1.0,2.0,0.0,0.0,13.0,11.0,4.0,5.0,16.0,12.0,3.0,8.0,2.0,2.0,0.0,0.0,,,0,L
4a2724fcd6f8f0f9143b,2023-24,2024-05-11,Brentford,Bournemouth,A,M Donohue,2.0,1.0,0.0,0.0,11.0,13.0,5.0,4.0,12.0,16.0,8.0,3.0,2.0,2.0,0.0,0.0,,,3,W
014eb18e8c7644b22208,2023-24,2024-05-11,Everton,Sheffield United,H,S Attwell,1.0,0.0,1.0,0.0,15.0,13.0,6.0,1.0,6.0,11.0,3.0,6.0,1.0,2.0,0.0,0.0,,,3,W
014eb18e8c7644b22208,2023-24,2024-05-11,Sheffield United,Everton,A,S Attwell,0.0,1.0,0.0,1.0,13.0,15.0,1.0,6.0,11.0,6.0,6.0,3.0,2.0,1.0,0.0,0.0,,,0,L
563aaeccf8feef98d998,2023-24,2024-05-11,Newcastle United,Brighton & Hove Albion,H,D England,1.0,1.0,1.0,1.0,18.0,15.0,7.0,4.0,9.0,16.0,8.0,4.0,3.0,4.0,0.0,0.0,,,1,D
563aaeccf8feef98d998,2023-24,2024-05-11,Brighton & Hove Albion,Newcastle United,A,D England,1.0,1.0,1.0,1.0,15.0,18.0,4.0,7.0,16.0,9.0,4.0,8.0,4.0,3.0,0.0,0.0,,,1,D
cac77b6454fc87dafed1,2023-24,2024-05-11,Tottenham,Burnley,H,J Gillett,2.0,1.0,1.0,1.0,21.0,7.0,9.0,3.0,10.0,14.0,9.0,3.0,3.0,5.0,0.0,0.0,,,3,W
cac77b6454fc87dafed1,2023-24,2024-05-11,Burnley,Tottenham,A,J Gillett,1.0,2.0,1.0,1.0,7.0,21.0,3.0,9.0,14.0,10.0,3.0,9.0,5.0,3.0,0.0,0.0,,,0,L
c75af41a6c1bd58ab5a7,2023-24,2024-05-11,West Ham United,Luton,H,M Oliver,3.0,1.0,0.0,1.0,24.0,4.0,8.0,1.0,9.0,15.0,7.0,6.0,1.0,3.0,0.0,0.0,,,3,W
c75af41a6c1bd58ab5a7,2023-24,2024-05-11,Luton,West Ham United,A,M Oliver,1.0,3.0,1.0,0.0,4.0,24.0,1.0,8.0,15.0,9.0,6.0,7.0,3.0,1.0,0.0,0.0,,,0,L
1aaf53d72d290d5eda31,2023-24,2024-05-11,Wolverhampton Wanderers,Crystal Palace,H,T Bramall,1.0,3.0,0.0,2.0,13.0,13.0,7.0,3.0,13.0,12.0,8.0,3.0,3.0,2.0,0.0,1.0,,,0,L
1aaf53d72d290d5eda31,2023-24,2024-05-11,Crystal Palace,Wolverhampton Wanderers,A,T Bramall,3.0,1.0,2.0,0.0,13.0,13.0,3.0,7.0,12.0,13.0,3.0,8.0,2.0,3.0,1.0,0.0,,,3,W
630360fca51c525d0e4e,2023-24,2024-05-11,Nottingham Forest,Chelsea,H,T Harrington,2.0,3.0,1.0,1.0,20.0,12.0,4.0,5.0,14.0,8.0,5.0,6.0,2.0,3.0,0.0,0.0,,,0,L
630360fca51c525d0e4e,2023-24,2024-05-11,Chelsea,Nottingham Forest,A,T Harrington,3.0,2.0,1.0,1.0,12.0,20.0,5.0,4.0,8.0,14.0,6.0,5.0,3.0,2.0,0.0,0.0,,,3,W
ec259d3a45a16a0eedc1,2023-24,2024-05-12,Manchester United,Arsenal,H,P Tierney,0.0,1.0,0.0,1.0,14.0,11.0,2.0,5.0,5.0,6.0,4.0,7.0,0.0,2.0,0.0,0.0,,,0,L
ec259d3a45a16a0eedc1,2023-24,2024-05-12,Arsenal,Manchester United,A,P Tierney,1.0,0.0,1.0,0.0,11.0,14.0,5.0,2.0,6.0,5.0,7.0,4.0,2.0,0.0,0.0,0.0,,,3,W
82381846c4f672b4dd86,2023-24,2024-05-13,Aston Villa,Liverpool,H,S Hooper,3.0,3.0,1.0,2.0,19.0,14.0,5.0,7.0,11.0,15.0,5.0,4.0,1.0,1.0,0.0,0.0,,,1,D
82381846c4f672b4dd86,2023-24,2024-05-13,Liverpool,Aston Villa,A,S Hooper,3.0,3.0,2.0,1.0,14.0,19.0,7.0,5.0,15.0,11.0,4.0,5.0,1.0,1.0,0.0,0.0,,,1,D
b0884f0d4faed9393c4f,2023-24,2024-05-14,Tottenham,Manchester City,H,C Kavanagh,0.0,2.0,0.0,0.0,10.0,8.0,5.0,5.0,14.0,11.0,7.0,4.0,3.0,3.0,0.0,0.0,,,0,L
b0884f0d4faed9393c4f,2023-24,2024-05-14,Manchester City,Tottenham,A,C Kavanagh,2.0,0.0,0.0,0.0,8.0,10.0,5.0,5.0,11.0,14.0,4.0,7.0,3.0,3.0,0.0,0.0,,,3,W
8456564fe923e6b3f536,2023-24,2024-05-15,Brighton & Hove Albion,Chelsea,H,M Salisbury,1.0,2.0,0.0,1.0,12.0,13.0,2.0,6.0,13.0,14.0,4.0,6.0,2.0,2.0,0.0,1.0,,,0,L
8456564fe923e6b3f536,2023-24,2024-05-15,Chelsea,Brighton & Hove Albion,A,M Salisbury,2.0,1.0,1.0,0.0,13.0,12.0,6.0,2.0,14.0,13.0,6.0,4.0,2.0,2.0,1.0,0.0,,,3,W
5be315fecd4891d67a40,2023-24,2024-05-15,Manchester United,Newcastle United,H,R Jones,3.0,2.0,1.0,0.0,17.0,21.0,8.0,8.0,16.0,7.0,9.0,9.0,3.0,3.0,0.0,0.0,,,3,W
5be315fecd4891d67a40,2023-24,2024-05-15,Newcastle United,Manchester United,A,R Jones,2.0,3.0,0.0,1.0,21.0,17.0,8.0,8.0,7.0,16.0,9.0,9.0,3.0,3.0,0.0,0.0,,,0,L
2380194cd3197059e9d4,2023-24,2024-05-19,Arsenal,Everton,H,M Oliver,2.0,1.0,1.0,1.0,26.0,5.0,5.0,2.0,8.0,11.0,8.0,1.0,4.0,3.0,0.0,0.0,,,3,W
2380194cd3197059e9d4,2023-24,2024-05-19,Everton,Arsenal,A,M Oliver,1.0,2.0,1.0,1.0,5.0,26.0,2.0,5.0,11.0,8.0,1.0,8.0,3.0,4.0,0.0,0.0,,,0,L
a7256d14a7dcc78b177e,2023-24,2024-05-19,Brentford,Newcastle United,H,S Hooper,2.0,4.0,0.0,3.0,10.0,12.0,5.0,7.0,15.0,11.0,3.0,0.0,4.0,4.0,0.0,0.0,,,0,L
a7256d14a7dcc78b177e,2023-24,2024-05-19,Newcastle United,Brentford,A,S Hooper,4.0,2.0,3.0,0.0,12.0,10.0,7.0,5.0,11.0,15.0,0.0,3.0,4.0,4.0,0.0,0.0,,,3,W
14356a6d1d070d757cf0,2023-24,2024-05-19,Brighton & Hove Albion,Manchester United,H,C Pawson,0.0,2.0,0.0,0.0,17.0,11.0,3.0,4.0,10.0,9.0,7.0,5.0,1.0,3.0,0.0,0.0,,,0,L
14356a6d1d070d757cf0,2023-24,2024-05-19,Manchester United,Brighton & Hove Albion,A,C Pawson,2.0,0.0,0.0,0.0,11.0,17.0,4.0,3.0,9.0,10.0,5.0,7.0,3.0,1.0,0.0,0.0,,,3,W
448813b9d96a6579a99b,2023-24,2024-05-19,Burnley,Nottingham Forest,H,G Scott,1.0,2.0,0.0,2.0,20.0,12.0,3.0,6.0,11.0,5.0,4.0,3.0,1.0,0.0,0.0,0.0,,,0,L
448813b9d96a6579a99b,2023-24,2024-05-19,Nottingham Forest,Burnley,A,G Scott,2.0,1.0,2.0,0.0,12.0,20.0,6.0,3.0,5.0,11.0,3.0,4.0,0.0,1.0,0.0,0.0,,,3,W
f2205f69e49de339bb7b,2023-24,2024-05-19,Chelsea,Bournemouth,H,A Taylor,2.0,1.0,1.0,0.0,16.0,22.0,6.0,5.0,5.0,9.0,6.0,5.0,2.0,3.0,0.0,0.0,,,3,W
f2205f69e49de339bb7b,2023-24,2024-05-19,Bournemouth,Chelsea,A,A Taylor,1.0,2.0,0.0,1.0,22.0,16.0,5.0,6.0,9.0,5.0,5.0,6.0,3.0,2.0,0.0,0.0,,,0,L
4dbba7c37700344f604e,2023-24,2024-05-19,Crystal Palace,Aston Villa,H,D Bond,5.0,0.0,2.0,0.0,15.0,8.0,9.0,2.0,10.0,8.0,2.0,4.0,1.0,4.0,0.0,0.0,,,3,W
4dbba7c37700344f604e,2023-24,2024-05-19,Aston Villa,Crystal Palace,A,D Bond,0.0,5.0,0.0,2.0,8.0,15.0,2.0,9.0,8.0,10.0,4.0,2.0,4.0,1.0,0.0,0.0,,,0,L
ca2d0a32e81cae4ef38a,2023-24,2024-05-19,Liverpool,Wolverhampton Wanderers,H,C Kavanagh,2.0,0.0,2.0,0.0,36.0,4.0,14.0,3.0,14.0,11.0,10.0,2.0,1.0,1.0,0.0,1.0,,,3,W
ca2d0a32e81cae4ef38a,2023-24,2024-05-19,Wolverhampton Wanderers,Liverpool,A,C Kavanagh,0.0,2.0,0.0,2.0,4.0,36.0,3.0,14.0,11.0,14.0,2.0,10.0,1.0,1.0,1.0,0.0,,,0,L
8c83115a48ced803b0d8,2023-24,2024-05-19,Luton,Fulham,H,M Donohue,2.0,4.0,1.0,2.0,15.0,15.0,6.0,7.0,15.0,20.0,4.0,4.0,5.0,4.0,0.0,0.0,,,0,L
8c83115a48ced803b0d8,2023-24,2024-05-19,Fulham,Luton,A,M Donohue,4.0,2.0,2.0,1.0,15.0,15.0,7.0,6.0,20.0,15.0,4.0,4.0,4.0,5.0,0.0,0.0,,,3,W
5d4b71fc36ed4f46c4b4,2023-24,2024-05-19,Manchester City,West Ham United,H,J Brooks,3.0,1.0,2.0,1.0,28.0,3.0,12.0,2.0,3.0,12.0,11.0,2.0,0.0,1.0,0.0,0.0,,,3,W
5d4b71fc36ed4f46c4b4,2023-24,2024-05-19,West Ham United,Manchester City,A,J Brooks,1.0,3.0,1.0,2.0,3.0,28.0,2.0,12.0,12.0,3.0,2.0,11.0,1.0,0.0,0.0,0.0,,,0,L
5a852308e345f675b731,2023-24,2024-05-19,Sheffield United,Tottenham,H,A Madley,0.0,3.0,0.0,1.0,6.0,18.0,1.0,9.0,11.0,9.0,2.0,6.0,2.0,0.0,0.0,0.0,,,0,L
5a852308e345f675b731,2023-24,2024-05-19,Tottenham,Sheffield United,A,A Madley,3.0,0.0,1.0,0.0,18.0,6.0,9.0,1.0,9.0,11.0,6.0,2.0,0.0,2.0,0.0,0.0,,,3,W
16997dc9cef7ead29809,2024-25,2024-08-16,Manchester United,Fulham,H,R Jones,1.0,0.0,0.0,0.0,14.0,10.0,5.0,2.0,12.0,10.0,7.0,8.0,2.0,3.0,0.0,0.0,,,3,W
16997dc9cef7ead29809,2024-25,2024-08-16,Fulham,Manchester United,A,R Jones,0.0,1.0,0.0,0.0,10.0,14.0,2.0,5.0,10.0,12.0,8.0,7.0,3.0,2.0,0.0,0.0,,,0,L
acda54f2f3f96d9ef2bf,2024-25,2024-08-17,Ipswich,Liverpool,H,T Robinson,0.0,2.0,0.0,0.0,7.0,18.0,2.0,5.0,9.0,18.0,2.0,10.0,3.0,1.0,0.0,0.0,,,0,L
acda54f2f3f96d9ef2bf,2024-25,2024-08-17,Liverpool,Ipswich,A,T Robinson,2.0,0.0,0.0,0.0,18.0,7.0,5.0,2.0,18.0,9.0,10.0,2.0,1.0,3.0,0.0,0.0,,,3,W
4b8a3ea6cf92b0ffc70e,2024-25,2024-08-17,Arsenal,Wolverhampton Wanderers,H,J Gillett,2.0,0.0,1.0,0.0,18.0,9.0,6.0,3.0,17.0,14.0,8.0,2.0,2.0,2.0,0.0,0.0,,,3,W
4b8a3ea6cf92b0ffc70e,2024-25,2024-08-17,Wolverhampton Wanderers,Arsenal,A,J Gillett,0.0,2.0,0.0,1.0,9.0,18.0,3.0,6.0,14.0,17.0,2.0,8.0,2.0,2.0,0.0,0.0,,,0,L
499c59f0daca85bad574,2024-25,2024-08-17,Everton,Brighton & Hove Albion,H,S Hooper,0.0,3.0,0.0,1.0,9.0,10.0,1.0,5.0,8.0,8.0,1.0,5.0,1.0,1.0,1.0,0.0,,,0,L
499c59f0daca85bad574,2024-25,2024-08-17,Brighton & Hove Albion,Everton,A,S Hooper,3.0,0.0,1.0,0.0,10.0,9.0,5.0,1.0,8.0,8.0,5.0,1.0,1.0,1.0,0.0,1.0,,,3,W
b8186753647d384486a3,2024-25,2024-08-17,Newcastle United,Southampton,H,C Pawson,1.0,0.0,1.0,0.0,3.0,19.0,1.0,4.0,15.0,16.0,3.0,12.0,2.0,4.0,1.0,0.0,,,3,W
b8186753647d384486a3,2024-25,2024-08-17,Southampton,Newcastle United,A,C Pawson,0.0,1.0,0.0,1.0,19.0,3.0,4.0,1.0,16.0,15.0,12.0,3.0,4.0,2.0,0.0,1.0,,,0,L
fd844e217b8a15022a13,2024-25,2024-08-17,Nottingham Forest,Bournemouth,H,M Oliver,1.0,1.0,1.0,0.0,14.0,13.0,8.0,4.0,17.0,8.0,2.0,6.0,1.0,3.0,0.0,0.0,,,1,D
fd844e217b8a15022a13,2024-25,2024-08-17,Bournemouth,Nottingham Forest,A,M Oliver,1.0,1.0,0.0,1.0,13.0,14.0,4.0,8.0,8.0,17.0,6.0,2.0,3.0,1.0,0.0,0.0,,,1,D
ae19425c66c76d464bec,2024-25,2024-08-17,West Ham United,Aston Villa,H,T Harrington,1.0,2.0,1.0,1.0,14.0,15.0,3.0,3.0,18.0,11.0,5.0,3.0,1.0,2.0,0.0,0.0,,,0,L
ae19425c66c76d464bec,2024-25,2024-08-17,Aston Villa,West Ham United,A,T Harrington,2.0,1.0,1.0,1.0,15.0,14.0,3.0,3.0,11.0,18.0,3.0,5.0,2.0,1.0,0.0,0.0,,,3,W
8d6d66aa23ffdd9ade87,2024-25,2024-08-18,Brentford,Crystal Palace,H,S Barrott,2.0,1.0,1.0,0.0,9.0,14.0,5.0,6.0,6.0,15.0,4.0,7.0,1.0,5.0,0.0,0.0,,,3,W
8d6d66aa23ffdd9ade87,2024-25,2024-08-18,Crystal Palace,Brentford,A,S Barrott,1.0,2.0,0.0,1.0,14.0,9.0,6.0,5.0,15.0,6.0,7.0,4.0,5.0,1.0,0.0,0.0,,,0,L
ceb89c6b965000bb9f36,2024-25,2024-08-18,Chelsea,Manchester City,H,A Taylor,0.0,2.0,0.0,1.0,10.0,11.0,3.0,5.0,12.0,9.0,4.0,3.0,1.0,1.0,0.0,0.0,,,0,L
ceb89c6b965000bb9f36,2024-25,2024-08-18,Manchester City,Chelsea,A,A Taylor,2.0,0.0,1.0,0.0,11.0,10.0,5.0,3.0,9.0,12.0,3.0,4.0,1.0,1.0,0.0,0.0,,,3,W
2edb1146eb399e0cdf7f,2024-25,2024-08-19,Leicester,Tottenham,H,C Kavanagh,1.0,1.0,0.0,1.0,7.0,15.0,3.0,7.0,11.0,12.0,2.0,13.0,1.0,1.0,0.0,0.0,,,1,D
2edb1146eb399e0cdf7f,2024-25,2024-08-19,Tottenham,Leicester,A,C Kavanagh,1.0,1.0,1.0,0.0,15.0,7.0,7.0,3.0,12.0,11.0,13.0,2.0,1.0,1.0,0.0,0.0,,,1,D
d1f8a476dab9e0960636,2024-25,2024-08-24,Brighton & Hove Albion,Manchester United,H,C Pawson,2.0,1.0,1.0,0.0,14.0,11.0,5.0,4.0,9.0,13.0,4.0,4.0,1.0,2.0,0.0,0.0,,,3,W
d1f8a476dab9e0960636,2024-25,2024-08-24,Manchester United,Brighton & Hove Albion,A,C Pawson,1.0,2.0,0.0,1.0,11.0,14.0,4.0,5.0,13.0,9.0,4.0,4.0,2.0,1.0,0.0,0.0,,,0,L
70210ce9164698508307,2024-25,2024-08-24,Crystal Palace,West Ham United,H,R Jones,0.0,2.0,0.0,0.0,14.0,18.0,2.0,3.0,9.0,17.0,3.0,3.0,1.0,1.0,0.0,0.0,,,0,L
70210ce9164698508307,2024-25,2024-08-24,West Ham United,Crystal Palace,A,R Jones,2.0,0.0,0.0,0.0,18.0,14.0,3.0,2.0,17.0,9.0,3.0,3.0,1.0,1.0,0.0,0.0,,,3,W
e2c9013e59cc4570a453,2024-25,2024-08-24,Fulham,Leicester,H,D Bond,2.0,1.0,1.0,1.0,18.0,10.0,6.0,4.0,14.0,13.0,7.0,5.0,2.0,2.0,0.0,0.0,,,3,W
e2c9013e59cc4570a453,2024-25,2024-08-24,Leicester,Fulham,A,D Bond,1.0,2.0,1.0,1.0,10.0,18.0,4.0,6.0,13.0,14.0,5.0,7.0,2.0,2.0,0.0,0.0,,,0,L
bd7038b597d2f59a2c1f,2024-25,2024-08-24,Manchester City,Ipswich,H,M Salisbury,4.0,1.0,3.0,1.0,14.0,1.0,5.0,1.0,4.0,15.0,10.0,1.0,2.0,3.0,0.0,0.0,,,3,W
bd7038b597d2f59a2c1f,2024-25,2024-08-24,Ipswich,Manchester City,A,M Salisbury,1.0,4.0,1.0,3.0,1.0,14.0,1.0,5.0,15.0,4.0,1.0,10.0,3.0,2.0,0.0,0.0,,,0,L
e86fef38676b273dd980,2024-25,2024-08-24,Southampton,Nottingham Forest,H,S Barrott,0.0,1.0,0.0,0.0,5.0,23.0,1.0,8.0,14.0,14.0,4.0,10.0,3.0,3.0,0.0,0.0,,,0,L
e86fef38676b273dd980,2024-25,2024-08-24,Nottingham Forest,Southampton,A,S Barrott,1.0,0.0,0.0,0.0,23.0,5.0,8.0,1.0,14.0,14.0,10.0,4.0,3.0,3.0,0.0,0.0,,,3,W
852c6776babe2f471d01,2024-25,2024-08-24,Tottenham,Everton,H,A Taylor,4.0,0.0,2.0,0.0,13.0,10.0,7.0,1.0,11.0,15.0,12.0,5.0,0.0,0.0,0.0,0.0,,,3,W
852c6776babe2f471d01,2024-25,2024-08-24,Everton,Tottenham,A,A Taylor,0.0,4.0,0.0,2.0,10.0,13.0,1.0,7.0,15.0,11.0,5.0,12.0,0.0,0.0,0.0,0.0,,,0,L
92879e61febc38d792e0,2024-25,2024-08-24,Aston Villa,Arsenal,H,M Oliver,0.0,2.0,0.0,0.0,11.0,9.0,3.0,4.0,8.0,15.0,4.0,1.0,1.0,3.0,0.0,0.0,,,0,L
92879e61febc38d792e0,2024-25,2024-08-24,Arsenal,Aston Villa,A,M Oliver,2.0,0.0,0.0,0.0,9.0,11.0,4.0,3.0,15.0,8.0,1.0,4.0,3.0,1.0,0.0,0.0,,,3,W
091d7bc0171562434782,2024-25,2024-08-25,Bournemouth,Newcastle United,H,D Coote,1.0,1.0,1.0,0.0,16.0,14.0,4.0,5.0,19.0,8.0,8.0,9.0,2.0,2.0,0.0,0.0,,,1,D
091d7bc0171562434782,2024-25,2024-08-25,Newcastle United,Bournemouth,A,D Coote,1.0,1.0,0.0,1.0,14.0,16.0,5.0,4.0,8.0,19.0,9.0,8.0,2.0,2.0,0.0,0.0,,,1,D
57ac59da0e7a5e7d2616,2024-25,2024-08-25,Wolverhampton Wanderers,Chelsea,H,D England,2.0,6.0,2.0,2.0,12.0,14.0,4.0,8.0,13.0,13.0,5.0,5.0,2.0,3.0,0.0,0.0,,,0,L
57ac59da0e7a5e7d2616,2024-25,2024-08-25,Chelsea,Wolverhampton Wanderers,A,D England,6.0,2.0,2.0,2.0,14.0,12.0,8.0,4.0,13.0,13.0,5.0,5.0,3.0,2.0,0.0,0.0,,,3,W
f91bec7c3470247ddb95,2024-25,2024-08-25,Liverpool,Brentford,H,S Attwell,2.0,0.0,1.0,0.0,19.0,8.0,8.0,2.0,10.0,7.0,9.0,4.0,2.0,3.0,0.0,0.0,,,3,W
f91bec7c3470247ddb95,2024-25,2024-08-25,Brentford,Liverpool,A,S Attwell,0.0,2.0,0.0,1.0,8.0,19.0,2.0,8.0,7.0,10.0,4.0,9.0,3.0,2.0,0.0,0.0,,,0,L
13421664726e2a371ec4,2024-25,2024-08-31,Arsenal,Brighton & Hove Albion,H,C Kavanagh,1.0,1.0,1.0,0.0,11.0,22.0,7.0,4.0,12.0,7.0,3.0,7.0,3.0,2.0,1.0,0.0,,,1,D
13421664726e2a371ec4,2024-25,2024-08-31,Brighton & Hove Albion,Arsenal,A,C Kavanagh,1.0,1.0,0.0,1.0,22.0,11.0,4.0,7.0,7.0,12.0,7.0,3.0,2.0,3.0,0.0,1.0,,,1,D
c3b22e87ae6df2271953,2024-25,2024-08-31,Brentford,Southampton,H,J Smith,3.0,1.0,1.0,0.0,20.0,18.0,7.0,6.0,10.0,7.0,2.0,8.0,2.0,1.0,0.0,0.0,,,3,W
c3b22e87ae6df2271953,2024-25,2024-08-31,Southampton,Brentford,A,J Smith,1.0,3.0,0.0,1.0,18.0,20.0,6.0,7.0,7.0,10.0,8.0,2.0,1.0,2.0,0.0,0.0,,,0,L
381a7273369ba9834372,2024-25,2024-08-31,Everton,Bournemouth,H,S Attwell,2.0,3.0,0.0,0.0,18.0,17.0,8.0,7.0,6.0,1.0,8.0,4.0,2.0,1.0,0.0,0.0,,,0,L
381a7273369ba9834372,2024-25,2024-08-31,Bournemouth,Everton,A,S Attwell,3.0,2.0,0.0,0.0,17.0,18.0,7.0,8.0,1.0,6.0,4.0,8.0,1.0,2.0,0.0,0.0,,,3,W
659d5af40c80b406dc41,2024-25,2024-08-31,Ipswich,Fulham,H,L Smith,1.0,1.0,1.0,1.0,11.0,9.0,4.0,4.0,15.0,15.0,8.0,6.0,2.0,3.0,0.0,0.0,,,1,D
659d5af40c80b406dc41,2024-25,2024-08-31,Fulham,Ipswich,A,L Smith,1.0,1.0,1.0,1.0,9.0,11.0,4.0,4.0,15.0,15.0,6.0,8.0,3.0,2.0,0.0,0.0,,,1,D
6c250dd73a8414b73401,2024-25,2024-08-31,Leicester,Aston Villa,H,D Coote,1.0,2.0,0.0,1.0,9.0,10.0,3.0,5.0,13.0,21.0,1.0,4.0,4.0,5.0,0.0,0.0,,,0,L
6c250dd73a8414b73401,2024-25,2024-08-31,Aston Villa,Leicester,A,D Coote,2.0,1.0,1.0,0.0,10.0,9.0,5.0,3.0,21.0,13.0,4.0,1.0,5.0,4.0,0.0,0.0,,,3,W
904b326342eec31a2f8e,2024-25,2024-08-31,Nottingham Forest,Wolverhampton Wanderers,H,S Hooper,1.0,1.0,1.0,1.0,16.0,11.0,5.0,3.0,15.0,18.0,7.0,3.0,3.0,4.0,0.0,0.0,,,1,D
904b326342eec31a2f8e,2024-25,2024-08-31,Wolverhampton Wanderers,Nottingham Forest,A,S Hooper,1.0,1.0,1.0,1.0,11.0,16.0,3.0,5.0,18.0,15.0,3.0,7.0,4.0,3.0,0.0,0.0,,,1,D
1935e2edb59fc7a29fb9,2024-25,2024-08-31,West Ham United,Manchester City,H,M Oliver,1.0,3.0,1.0,2.0,10.0,23.0,2.0,8.0,10.0,3.0,3.0,11.0,3.0,2.0,0.0,0.0,,,0,L
1935e2edb59fc7a29fb9,2024-25,2024-08-31,Manchester City,West Ham United,A,M Oliver,3.0,1.0,2.0,1.0,23.0,10.0,8.0,2.0,3.0,10.0,11.0,3.0,2.0,3.0,0.0,0.0,,,3,W
a475524798b54471285c,2024-25,2024-09-01,Chelsea,Crystal Palace,H,J Gillett,1.0,1.0,1.0,0.0,13.0,9.0,7.0,3.0,9.0,13.0,4.0,5.0,4.0,2.0,0.0,0.0,,,1,D
a475524798b54471285c,2024-25,2024-09-01,Crystal Palace,Chelsea,A,J Gillett,1.0,1.0,0.0,1.0,9.0,13.0,3.0,7.0,13.0,9.0,5.0,4.0,2.0,4.0,0.0,0.0,,,1,D
606d99a9666f8d772db0,2024-25,2024-09-01,Newcastle United,Tottenham,H,R Jones,2.0,1.0,1.0,0.0,9.0,20.0,3.0,6.0,16.0,13.0,7.0,12.0,4.0,4.0,0.0,0.0,,,3,W
606d99a9666f8d772db0,2024-25,2024-09-01,Tottenham,Newcastle United,A,R Jones,1.0,2.0,0.0,1.0,20.0,9.0,6.0,3.0,13.0,16.0,12.0,7.0,4.0,4.0,0.0,0.0,,,0,L
a8cb75de1bfa7733e574,2024-25,2024-09-01,Manchester United,Liverpool,H,A Taylor,0.0,3.0,0.0,2.0,8.0,11.0,3.0,3.0,7.0,7.0,5.0,2.0,4.0,1.0,0.0,0.0,,,0,L
a8cb75de1bfa7733e574,2024-25,2024-09-01,Liverpool,Manchester United,A,A Taylor,3.0,0.0,2.0,0.0,11.0,8.0,3.0,3.0,7.0,7.0,2.0,5.0,1.0,4.0,0.0,0.0,,,3,W
baa5123368738159d564,2024-25,2024-09-14,Southampton,Manchester United,H,S Attwell,0.0,3.0,0.0,2.0,6.0,20.0,4.0,10.0,11.0,14.0,0.0,7.0,1.0,4.0,1.0,0.0,,,0,L
baa5123368738159d564,2024-25,2024-09-14,Manchester United,Southampton,A,S Attwell,3.0,0.0,2.0,0.0,20.0,6.0,10.0,4.0,14.0,11.0,7.0,0.0,4.0,1.0,0.0,1.0,,,3,W
912e32cae79f2b554d2b,2024-25,2024-09-14,Brighton & Hove Albion,Ipswich,H,S Barrott,0.0,0.0,0.0,0.0,21.0,6.0,6.0,1.0,14.0,16.0,9.0,2.0,4.0,3.0,0.0,0.0,,,1,D
912e32cae79f2b554d2b,2024-25,2024-09-14,Ipswich,Brighton & Hove Albion,A,S Barrott,0.0,0.0,0.0,0.0,6.0,21.0,1.0,6.0,16.0,14.0,2.0,9.0,3.0,4.0,0.0,0.0,,,1,D
07e3ac2fd9e5c37a2490,2024-25,2024-09-14,Crystal Palace,Leicester,H,T Harrington,2.0,2.0,0.0,1.0,20.0,9.0,4.0,4.0,11.0,15.0,5.0,2.0,0.0,3.0,0.0,0.0,,,1,D
07e3ac2fd9e5c37a2490,2024-25,2024-09-14,Leicester,Crystal Palace,A,T Harrington,2.0,2.0,1.0,0.0,9.0,20.0,4.0,4.0,15.0,11.0,2.0,5.0,3.0,0.0,0.0,0.0,,,1,D
722144bae21df1d7be74,2024-25,2024-09-14,Fulham,West Ham United,H,T Robinson,1.0,1.0,1.0,0.0,21.0,11.0,5.0,3.0,15.0,18.0,3.0,2.0,2.0,3.0,0.0,0.0,,,1,D
722144bae21df1d7be74,2024-25,2024-09-14,West Ham United,Fulham,A,T Robinson,1.0,1.0,0.0,1.0,11.0,21.0,3.0,5.0,18.0,15.0,2.0,3.0,3.0,2.0,0.0,0.0,,,1,D
2a681b581e1aa44393c9,2024-25,2024-09-14,Liverpool,Nottingham Forest,H,M Oliver,0.0,1.0,0.0,0.0,14.0,5.0,5.0,3.0,15.0,6.0,7.0,2.0,4.0,4.0,0.0,0.0,,,0,L
2a681b581e1aa44393c9,2024-25,2024-09-14,Nottingham Forest,Liverpool,A,M Oliver,1.0,0.0,0.0,0.0,5.0,14.0,3.0,5.0,6.0,15.0,2.0,7.0,4.0,4.0,0.0,0.0,,,3,W
0ff93546de9be99244f6,2024-25,2024-09-14,Manchester City,Brentford,H,D Bond,2.0,1.0,2.0,1.0,18.0,8.0,7.0,5.0,9.0,3.0,12.0,3.0,3.0,1.0,0.0,0.0,,,3,W
0ff93546de9be99244f6,2024-25,2024-09-14,Brentford,Manchester City,A,D Bond,1.0,2.0,1.0,2.0,8.0,18.0,5.0,7.0,3.0,9.0,3.0,12.0,1.0,3.0,0.0,0.0,,,0,L
cd370b6a0957267aee09,2024-25,2024-09-14,Aston Villa,Everton,H,C Pawson,3.0,2.0,1.0,2.0,17.0,6.0,8.0,2.0,10.0,12.0,6.0,2.0,1.0,4.0,0.0,0.0,,,3,W
cd370b6a0957267aee09,2024-25,2024-09-14,Everton,Aston Villa,A,C Pawson,2.0,3.0,2.0,1.0,6.0,17.0,2.0,8.0,12.0,10.0,2.0,6.0,4.0,1.0,0.0,0.0,,,0,L
fc9ebf99efbe951045ea,2024-25,2024-09-14,Bournemouth,Chelsea,H,A Taylor,0.0,1.0,0.0,0.0,19.0,10.0,7.0,3.0,16.0,9.0,6.0,3.0,6.0,8.0,0.0,0.0,,,0,L
fc9ebf99efbe951045ea,2024-25,2024-09-14,Chelsea,Bournemouth,A,A Taylor,1.0,0.0,0.0,0.0,10.0,19.0,3.0,7.0,9.0,16.0,3.0,6.0,8.0,6.0,0.0,0.0,,,3,W
eeecc34b96667770e9d0,2024-25,2024-09-15,Tottenham,Arsenal,H,J Gillett,0.0,1.0,0.0,0.0,15.0,7.0,5.0,4.0,13.0,10.0,7.0,6.0,5.0,3.0,0.0,0.0,,,0,L
eeecc34b96667770e9d0,2024-25,2024-09-15,Arsenal,Tottenham,A,J Gillett,1.0,0.0,0.0,0.0,7.0,15.0,4.0,5.0,10.0,13.0,6.0,7.0,3.0,5.0,0.0,0.0,,,3,W
577b7e2ccf9200461a4c,2024-25,2024-09-15,Wolverhampton Wanderers,Newcastle United,H,C Kavanagh,1.0,2.0,1.0,0.0,12.0,14.0,5.0,6.0,17.0,6.0,4.0,7.0,3.0,3.0,0.0,0.0,,,0,L
577b7e2ccf9200461a4c,2024-25,2024-09-15,Newcastle United,Wolverhampton Wanderers,A,C Kavanagh,2.0,1.0,0.0,1.0,14.0,12.0,6.0,5.0,6.0,17.0,7.0,4.0,3.0,3.0,0.0,0.0,,,3,W
314132237dce2cf3eb41,2024-25,2024-09-21,West Ham United,Chelsea,H,S Barrott,0.0,3.0,0.0,2.0,15.0,12.0,7.0,5.0,17.0,9.0,6.0,5.0,5.0,2.0,0.0,0.0,,,0,L
314132237dce2cf3eb41,2024-25,2024-09-21,Chelsea,West Ham United,A,S Barrott,3.0,0.0,2.0,0.0,12.0,15.0,5.0,7.0,9.0,17.0,5.0,6.0,2.0,5.0,0.0,0.0,,,3,W
3f08e25117e4110c3ee8,2024-25,2024-09-21,Aston Villa,Wolverhampton Wanderers,H,T Robinson,3.0,1.0,0.0,1.0,9.0,10.0,4.0,4.0,11.0,16.0,6.0,5.0,3.0,6.0,0.0,0.0,,,3,W
3f08e25117e4110c3ee8,2024-25,2024-09-21,Wolverhampton Wanderers,Aston Villa,A,T Robinson,1.0,3.0,1.0,0.0,10.0,9.0,4.0,4.0,16.0,11.0,5.0,6.0,6.0,3.0,0.0,0.0,,,0,L
b6976d9c682c70f34b25,2024-25,2024-09-21,Fulham,Newcastle United,H,P Bankes,3.0,1.0,2.0,0.0,22.0,15.0,11.0,4.0,16.0,8.0,6.0,0.0,6.0,0.0,0.0,0.0,,,3,W
b6976d9c682c70f34b25,2024-25,2024-09-21,Newcastle United,Fulham,A,P Bankes,1.0,3.0,0.0,2.0,15.0,22.0,4.0,11.0,8.0,16.0,0.0,6.0,0.0,6.0,0.0,0.0,,,0,L
e678f4f51a9330f7b8dd,2024-25,2024-09-21,Leicester,Everton,H,D England,1.0,1.0,0.0,1.0,12.0,16.0,2.0,5.0,11.0,12.0,6.0,1.0,1.0,2.0,0.0,0.0,,,1,D
e678f4f51a9330f7b8dd,2024-25,2024-09-21,Everton,Leicester,A,D England,1.0,1.0,1.0,0.0,16.0,12.0,5.0,2.0,12.0,11.0,1.0,6.0,2.0,1.0,0.0,0.0,,,1,D
d58fd70cb5b70dfb914a,2024-25,2024-09-21,Liverpool,Bournemouth,H,T Harrington,3.0,0.0,3.0,0.0,19.0,19.0,13.0,6.0,10.0,12.0,3.0,9.0,1.0,4.0,0.0,0.0,,,3,W
d58fd70cb5b70dfb914a,2024-25,2024-09-21,Bournemouth,Liverpool,A,T Harrington,0.0,3.0,0.0,3.0,19.0,19.0,6.0,13.0,12.0,10.0,9.0,3.0,4.0,1.0,0.0,0.0,,,0,L
9042d79724ff5d2cf4fc,2024-25,2024-09-21,Southampton,Ipswich,H,S Allison,1.0,1.0,1.0,0.0,11.0,13.0,3.0,6.0,16.0,16.0,2.0,10.0,4.0,4.0,0.0,0.0,,,1,D
9042d79724ff5d2cf4fc,2024-25,2024-09-21,Ipswich,Southampton,A,S Allison,1.0,1.0,0.0,1.0,13.0,11.0,6.0,3.0,16.0,16.0,10.0,2.0,4.0,4.0,0.0,0.0,,,1,D
2afb4c078558ab18d5b3,2024-25,2024-09-21,Tottenham,Brentford,H,J Brooks,3.0,1.0,2.0,1.0,23.0,6.0,10.0,6.0,11.0,9.0,9.0,4.0,3.0,1.0,0.0,0.0,,,3,W
2afb4c078558ab18d5b3,2024-25,2024-09-21,Brentford,Tottenham,A,J Brooks,1.0,3.0,1.0,2.0,6.0,23.0,6.0,10.0,9.0,11.0,4.0,9.0,1.0,3.0,0.0,0.0,,,0,L
39c8cb44a9e6e25cf2e3,2024-25,2024-09-21,Crystal Palace,Manchester United,H,D Coote,0.0,0.0,0.0,0.0,9.0,15.0,4.0,6.0,7.0,12.0,4.0,11.0,3.0,1.0,0.0,0.0,,,1,D
39c8cb44a9e6e25cf2e3,2024-25,2024-09-21,Manchester United,Crystal Palace,A,D Coote,0.0,0.0,0.0,0.0,15.0,9.0,6.0,4.0,12.0,7.0,11.0,4.0,1.0,3.0,0.0,0.0,,,1,D
53ca915ea4ceb339a7b8,2024-25,2024-09-22,Brighton & Hove Albion,Nottingham Forest,H,R Jones,2.0,2.0,2.0,1.0,14.0,4.0,3.0,3.0,12.0,11.0,9.0,1.0,3.0,4.0,0.0,1.0,,,1,D
53ca915ea4ceb339a7b8,2024-25,2024-09-22,Nottingham Forest,Brighton & Hove Albion,A,R Jones,2.0,2.0,1.0,2.0,4.0,14.0,3.0,3.0,11.0,12.0,1.0,9.0,4.0,3.0,1.0,0.0,,,1,D
da78061fe4581a01946e,2024-25,2024-09-22,Manchester City,Arsenal,H,M Oliver,2.0,2.0,1.0,2.0,33.0,5.0,11.0,3.0,7.0,10.0,8.0,2.0,3.0,4.0,0.0,1.0,,,1,D
da78061fe4581a01946e,2024-25,2024-09-22,Arsenal,Manchester City,A,M Oliver,2.0,2.0,2.0,1.0,5.0,33.0,3.0,11.0,10.0,7.0,2.0,8.0,4.0,3.0,1.0,0.0,,,1,D
2c2b592e65937d21f251,2024-25,2024-09-28,Newcastle United,Manchester City,H,J Gillett,1.0,1.0,0.0,1.0,11.0,16.0,4.0,6.0,14.0,10.0,5.0,6.0,4.0,4.0,0.0,0.0,,,1,D
2c2b592e65937d21f251,2024-25,2024-09-28,Manchester City,Newcastle United,A,J Gillett,1.0,1.0,1.0,0.0,16.0,11.0,6.0,4.0,10.0,14.0,6.0,5.0,4.0,4.0,0.0,0.0,,,1,D
507c9876097a41303059,2024-25,2024-09-28,Arsenal,Leicester,H,S Barrott,4.0,2.0,2.0,0.0,36.0,5.0,16.0,3.0,11.0,6.0,17.0,0.0,2.0,4.0,0.0,0.0,,,3,W
507c9876097a41303059,2024-25,2024-09-28,Leicester,Arsenal,A,S Barrott,2.0,4.0,0.0,2.0,5.0,36.0,3.0,16.0,6.0,11.0,0.0,17.0,4.0,2.0,0.0,0.0,,,0,L
240337ade6aafa94ff78,2024-25,2024-09-28,Brentford,West Ham United,H,S Hooper,1.0,1.0,1.0,0.0,8.0,19.0,3.0,3.0,2.0,11.0,7.0,7.0,2.0,3.0,0.0,0.0,,,1,D
240337ade6aafa94ff78,2024-25,2024-09-28,West Ham United,Brentford,A,S Hooper,1.0,1.0,0.0,1.0,19.0,8.0,3.0,3.0,11.0,2.0,7.0,7.0,3.0,2.0,0.0,0.0,,,1,D
0930b2a5b3e644f1fded,2024-25,2024-09-28,Chelsea,Brighton & Hove Albion,H,P Bankes,4.0,2.0,4.0,2.0,15.0,15.0,7.0,5.0,11.0,8.0,8.0,2.0,3.0,2.0,0.0,0.0,,,3,W
0930b2a5b3e644f1fded,2024-25,2024-09-28,Brighton & Hove Albion,Chelsea,A,P Bankes,2.0,4.0,2.0,4.0,15.0,15.0,5.0,7.0,8.0,11.0,2.0,8.0,2.0,3.0,0.0,0.0,,,0,L
32ed692662b304d2d15c,2024-25,2024-09-28,Everton,Crystal Palace,H,A Madley,2.0,1.0,0.0,1.0,8.0,17.0,2.0,5.0,13.0,11.0,5.0,8.0,2.0,1.0,0.0,0.0,,,3,W
32ed692662b304d2d15c,2024-25,2024-09-28,Crystal Palace,Everton,A,A Madley,1.0,2.0,1.0,0.0,17.0,8.0,5.0,2.0,11.0,13.0,8.0,5.0,1.0,2.0,0.0,0.0,,,0,L
dcba24777921de8e73db,2024-25,2024-09-28,Nottingham Forest,Fulham,H,J Smith,0.0,1.0,0.0,0.0,11.0,14.0,1.0,2.0,11.0,15.0,6.0,5.0,2.0,4.0,0.0,0.0,,,0,L
dcba24777921de8e73db,2024-25,2024-09-28,Fulham,Nottingham Forest,A,J Smith,1.0,0.0,0.0,0.0,14.0,11.0,2.0,1.0,15.0,11.0,5.0,6.0,4.0,2.0,0.0,0.0,,,3,W
c3db4937d97f980dea85,2024-25,2024-09-28,Wolverhampton Wanderers,Liverpool,H,A Taylor,1.0,2.0,0.0,1.0,8.0,10.0,3.0,6.0,16.0,8.0,2.0,10.0,2.0,3.0,0.0,0.0,,,0,L
c3db4937d97f980dea85,2024-25,2024-09-28,Liverpool,Wolverhampton Wanderers,A,A Taylor,2.0,1.0,1.0,0.0,10.0,8.0,6.0,3.0,8.0,16.0,10.0,2.0,3.0,2.0,0.0,0.0,,,3,W
70b3fe0ea96b70f093d0,2024-25,2024-09-29,Ipswich,Aston Villa,H,S Attwell,2.0,2.0,1.0,2.0,15.0,7.0,5.0,3.0,10.0,14.0,10.0,0.0,4.0,1.0,0.0,0.0,,,1,D
70b3fe0ea96b70f093d0,2024-25,2024-09-29,Aston Villa,Ipswich,A,S Attwell,2.0,2.0,2.0,1.0,7.0,15.0,3.0,5.0,14.0,10.0,0.0,10.0,1.0,4.0,0.0,0.0,,,1,D
e160766252655a401d4c,2024-25,2024-09-29,Manchester United,Tottenham,H,C Kavanagh,0.0,3.0,0.0,1.0,11.0,24.0,2.0,10.0,16.0,14.0,5.0,3.0,5.0,3.0,1.0,0.0,,,0,L
e160766252655a401d4c,2024-25,2024-09-29,Tottenham,Manchester United,A,C Kavanagh,3.0,0.0,1.0,0.0,24.0,11.0,10.0,2.0,14.0,16.0,3.0,5.0,3.0,5.0,0.0,1.0,,,3,W
000fa9ff79966a897e61,2024-25,2024-09-30,Bournemouth,Southampton,H,M Oliver,3.0,1.0,3.0,0.0,14.0,9.0,6.0,3.0,19.0,12.0,7.0,4.0,2.0,5.0,0.0,0.0,,,3,W
000fa9ff79966a897e61,2024-25,2024-09-30,Southampton,Bournemouth,A,M Oliver,1.0,3.0,0.0,3.0,9.0,14.0,3.0,6.0,12.0,19.0,4.0,7.0,5.0,2.0,0.0,0.0,,,0,L
eaddeeed6956df20abe8,2024-25,2024-10-05,Crystal Palace,Liverpool,H,S Hooper,0.0,1.0,0.0,1.0,9.0,16.0,5.0,4.0,7.0,15.0,3.0,8.0,4.0,2.0,0.0,0.0,,,0,L
eaddeeed6956df20abe8,2024-25,2024-10-05,Liverpool,Crystal Palace,A,S Hooper,1.0,0.0,1.0,0.0,16.0,9.0,4.0,5.0,15.0,7.0,8.0,3.0,2.0,4.0,0.0,0.0,,,3,W
0d4fd39c73eb475696b5,2024-25,2024-10-05,Arsenal,Southampton,H,T Harrington,3.0,1.0,0.0,0.0,29.0,8.0,6.0,2.0,10.0,9.0,13.0,1.0,0.0,3.0,0.0,0.0,,,3,W
0d4fd39c73eb475696b5,2024-25,2024-10-05,Southampton,Arsenal,A,T Harrington,1.0,3.0,0.0,0.0,8.0,29.0,2.0,6.0,9.0,10.0,1.0,13.0,3.0,0.0,0.0,0.0,,,0,L
f2d3c9be6508b1042ee8,2024-25,2024-10-05,Brentford,Wolverhampton Wanderers,H,A Madley,5.0,3.0,4.0,2.0,19.0,17.0,12.0,6.0,9.0,10.0,10.0,3.0,2.0,3.0,0.0,0.0,,,3,W
f2d3c9be6508b1042ee8,2024-25,2024-10-05,Wolverhampton Wanderers,Brentford,A,A Madley,3.0,5.0,2.0,4.0,17.0,19.0,6.0,12.0,10.0,9.0,3.0,10.0,3.0,2.0,0.0,0.0,,,0,L
2ec4e90989d1507c44c1,2024-25,2024-10-05,Leicester,Bournemouth,H,D Bond,1.0,0.0,1.0,0.0,6.0,17.0,2.0,2.0,12.0,14.0,0.0,9.0,4.0,1.0,0.0,0.0,,,3,W
2ec4e90989d1507c44c1,2024-25,2024-10-05,Bournemouth,Leicester,A,D Bond,0.0,1.0,0.0,1.0,17.0,6.0,2.0,2.0,14.0,12.0,9.0,0.0,1.0,4.0,0.0,0.0,,,0,L
6cccf9717233a8f9fb4d,2024-25,2024-10-05,Manchester City,Fulham,H,P Bankes,3.0,2.0,1.0,1.0,20.0,11.0,7.0,4.0,4.0,10.0,8.0,3.0,2.0,1.0,0.0,0.0,,,3,W
6cccf9717233a8f9fb4d,2024-25,2024-10-05,Fulham,Manchester City,A,P Bankes,2.0,3.0,1.0,1.0,11.0,20.0,4.0,7.0,10.0,4.0,3.0,8.0,1.0,2.0,0.0,0.0,,,0,L
6fa7d253353f88c11356,2024-25,2024-10-05,West Ham United,Ipswich,H,A Taylor,4.0,1.0,2.0,1.0,23.0,9.0,13.0,2.0,12.0,6.0,5.0,5.0,0.0,1.0,0.0,0.0,,,3,W
6fa7d253353f88c11356,2024-25,2024-10-05,Ipswich,West Ham United,A,A Taylor,1.0,4.0,1.0,2.0,9.0,23.0,2.0,13.0,6.0,12.0,5.0,5.0,1.0,0.0,0.0,0.0,,,0,L
3aa00fed1a2391931a75,2024-25,2024-10-05,Everton,Newcastle United,H,C Pawson,0.0,0.0,0.0,0.0,8.0,14.0,2.0,3.0,12.0,8.0,0.0,10.0,1.0,2.0,0.0,0.0,,,1,D
3aa00fed1a2391931a75,2024-25,2024-10-05,Newcastle United,Everton,A,C Pawson,0.0,0.0,0.0,0.0,14.0,8.0,3.0,2.0,8.0,12.0,10.0,0.0,2.0,1.0,0.0,0.0,,,1,D
6fd69feb5a7eebf6d1a4,2024-25,2024-10-06,Aston Villa,Manchester United,H,R Jones,0.0,0.0,0.0,0.0,11.0,10.0,1.0,4.0,12.0,11.0,6.0,3.0,1.0,5.0,0.0,0.0,,,1,D
6fd69feb5a7eebf6d1a4,2024-25,2024-10-06,Manchester United,Aston Villa,A,R Jones,0.0,0.0,0.0,0.0,10.0,11.0,4.0,1.0,11.0,12.0,3.0,6.0,5.0,1.0,0.0,0.0,,,1,D
3728c39b16301262f829,2024-25,2024-10-06,Chelsea,Nottingham Forest,H,C Kavanagh,1.0,1.0,0.0,0.0,22.0,16.0,8.0,9.0,12.0,11.0,11.0,3.0,6.0,2.0,0.0,1.0,,,1,D
3728c39b16301262f829,2024-25,2024-10-06,Nottingham Forest,Chelsea,A,C Kavanagh,1.0,1.0,0.0,0.0,16.0,22.0,9.0,8.0,11.0,12.0,3.0,11.0,2.0,6.0,1.0,0.0,,,1,D
94ffe859182cbc970be8,2024-25,2024-10-06,Brighton & Hove Albion,Tottenham,H,D Coote,3.0,2.0,0.0,2.0,11.0,13.0,4.0,3.0,14.0,10.0,4.0,7.0,2.0,2.0,0.0,0.0,,,3,W
94ffe859182cbc970be8,2024-25,2024-10-06,Tottenham,Brighton & Hove Albion,A,D Coote,2.0,3.0,2.0,0.0,13.0,11.0,3.0,4.0,10.0,14.0,7.0,4.0,2.0,2.0,0.0,0.0,,,0,L
5d81b501b8998265bae0,2024-25,2024-10-19,Tottenham,West Ham United,H,A Madley,4.0,1.0,1.0,1.0,22.0,11.0,7.0,4.0,10.0,15.0,13.0,5.0,1.0,3.0,0.0,1.0,,,3,W
5d81b501b8998265bae0,2024-25,2024-10-19,West Ham United,Tottenham,A,A Madley,1.0,4.0,1.0,1.0,11.0,22.0,4.0,7.0,15.0,10.0,5.0,13.0,3.0,1.0,1.0,0.0,,,0,L
776817b1d657b300815d,2024-25,2024-10-19,Fulham,Aston Villa,H,D England,1.0,3.0,1.0,1.0,10.0,14.0,4.0,5.0,8.0,11.0,6.0,11.0,3.0,3.0,1.0,1.0,,,0,L
776817b1d657b300815d,2024-25,2024-10-19,Aston Villa,Fulham,A,D England,3.0,1.0,1.0,1.0,14.0,10.0,5.0,4.0,11.0,8.0,11.0,6.0,3.0,3.0,1.0,1.0,,,3,W
6c549f7e36ced4973f03,2024-25,2024-10-19,Ipswich,Everton,H,M Oliver,0.0,2.0,0.0,2.0,13.0,11.0,2.0,8.0,12.0,10.0,5.0,8.0,1.0,1.0,0.0,0.0,,,0,L
6c549f7e36ced4973f03,2024-25,2024-10-19,Everton,Ipswich,A,M Oliver,2.0,0.0,2.0,0.0,11.0,13.0,8.0,2.0,10.0,12.0,8.0,5.0,1.0,1.0,0.0,0.0,,,3,W
ffbabf26ae3bf005f935,2024-25,2024-10-19,Manchester United,Brentford,H,S Barrott,2.0,1.0,0.0,1.0,23.0,8.0,11.0,2.0,14.0,5.0,9.0,2.0,2.0,2.0,0.0,0.0,,,3,W
ffbabf26ae3bf005f935,2024-25,2024-10-19,Brentford,Manchester United,A,S Barrott,1.0,2.0,1.0,0.0,8.0,23.0,2.0,11.0,5.0,14.0,2.0,9.0,2.0,2.0,0.0,0.0,,,0,L
2844d079e4b3d2004815,2024-25,2024-10-19,Newcastle United,Brighton & Hove Albion,H,P Bankes,0.0,1.0,0.0,1.0,21.0,10.0,6.0,5.0,11.0,9.0,9.0,4.0,2.0,2.0,0.0,0.0,,,0,L
2844d079e4b3d2004815,2024-25,2024-10-19,Brighton & Hove Albion,Newcastle United,A,P Bankes,1.0,0.0,1.0,0.0,10.0,21.0,5.0,6.0,9.0,11.0,4.0,9.0,2.0,2.0,0.0,0.0,,,3,W
c483806f776bb7b988b7,2024-25,2024-10-19,Southampton,Leicester,H,A Taylor,2.0,3.0,2.0,0.0,14.0,18.0,7.0,4.0,10.0,10.0,10.0,6.0,5.0,3.0,1.0,0.0,,,0,L
c483806f776bb7b988b7,2024-25,2024-10-19,Leicester,Southampton,A,A Taylor,3.0,2.0,0.0,2.0,18.0,14.0,4.0,7.0,10.0,10.0,6.0,10.0,3.0,5.0,0.0,1.0,,,3,W
efab39dab365033ed3d6,2024-25,2024-10-19,Bournemouth,Arsenal,H,R Jones,2.0,0.0,0.0,0.0,13.0,6.0,4.0,1.0,12.0,11.0,7.0,4.0,1.0,1.0,0.0,1.0,,,3,W
efab39dab365033ed3d6,2024-25,2024-10-19,Arsenal,Bournemouth,A,R Jones,0.0,2.0,0.0,0.0,6.0,13.0,1.0,4.0,11.0,12.0,4.0,7.0,1.0,1.0,1.0,0.0,,,0,L
8561ac5b59e0daf4b267,2024-25,2024-10-20,Wolverhampton Wanderers,Manchester City,H,C Kavanagh,1.0,2.0,1.0,1.0,3.0,22.0,2.0,7.0,8.0,5.0,1.0,18.0,4.0,1.0,0.0,0.0,,,0,L
8561ac5b59e0daf4b267,2024-25,2024-10-20,Manchester City,Wolverhampton Wanderers,A,C Kavanagh,2.0,1.0,1.0,1.0,22.0,3.0,7.0,2.0,5.0,8.0,18.0,1.0,1.0,4.0,0.0,0.0,,,3,W
54105bf610c97af95fa3,2024-25,2024-10-20,Liverpool,Chelsea,H,J Brooks,2.0,1.0,1.0,0.0,9.0,12.0,5.0,2.0,12.0,13.0,1.0,6.0,4.0,3.0,0.0,0.0,,,3,W
54105bf610c97af95fa3,2024-25,2024-10-20,Chelsea,Liverpool,A,J Brooks,1.0,2.0,0.0,1.0,12.0,9.0,2.0,5.0,13.0,12.0,6.0,1.0,3.0,4.0,0.0,0.0,,,0,L
c349f872929b509adf99,2024-25,2024-10-21,Nottingham Forest,Crystal Palace,H,T Robinson,1.0,0.0,0.0,0.0,20.0,20.0,6.0,7.0,9.0,12.0,6.0,6.0,2.0,3.0,0.0,0.0,,,3,W
c349f872929b509adf99,2024-25,2024-10-21,Crystal Palace,Nottingham Forest,A,T Robinson,0.0,1.0,0.0,0.0,20.0,20.0,7.0,6.0,12.0,9.0,6.0,6.0,3.0,2.0,0.0,0.0,,,0,L
fe8d7fbc50e3d93452a6,2024-25,2024-10-25,Leicester,Nottingham Forest,H,C Pawson,1.0,3.0,1.0,1.0,11.0,20.0,1.0,5.0,16.0,9.0,6.0,7.0,5.0,2.0,0.0,0.0,,,0,L
fe8d7fbc50e3d93452a6,2024-25,2024-10-25,Nottingham Forest,Leicester,A,C Pawson,3.0,1.0,1.0,1.0,20.0,11.0,5.0,1.0,9.0,16.0,7.0,6.0,2.0,5.0,0.0,0.0,,,3,W
8c6b8b092751d4f2b9e3,2024-25,2024-10-26,Aston Villa,Bournemouth,H,A Madley,1.0,1.0,0.0,0.0,18.0,11.0,8.0,3.0,12.0,14.0,9.0,7.0,7.0,6.0,0.0,0.0,,,1,D
8c6b8b092751d4f2b9e3,2024-25,2024-10-26,Bournemouth,Aston Villa,A,A Madley,1.0,1.0,0.0,0.0,11.0,18.0,3.0,8.0,14.0,12.0,7.0,9.0,6.0,7.0,0.0,0.0,,,1,D
46b413c39662e46a16c8,2024-25,2024-10-26,Brentford,Ipswich,H,L Smith,4.0,3.0,2.0,2.0,20.0,11.0,9.0,5.0,7.0,10.0,5.0,5.0,0.0,1.0,0.0,1.0,,,3,W
46b413c39662e46a16c8,2024-25,2024-10-26,Ipswich,Brentford,A,L Smith,3.0,4.0,2.0,2.0,11.0,20.0,5.0,9.0,10.0,7.0,5.0,5.0,1.0,0.0,1.0,0.0,,,0,L
44d17d6a0d610b7b7d0c,2024-25,2024-10-26,Brighton & Hove Albion,Wolverhampton Wanderers,H,M Oliver,2.0,2.0,1.0,0.0,19.0,14.0,6.0,7.0,12.0,10.0,9.0,6.0,3.0,3.0,0.0,0.0,,,1,D
44d17d6a0d610b7b7d0c,2024-25,2024-10-26,Wolverhampton Wanderers,Brighton & Hove Albion,A,M Oliver,2.0,2.0,0.0,1.0,14.0,19.0,7.0,6.0,10.0,12.0,6.0,9.0,3.0,3.0,0.0,0.0,,,1,D
dd2d969ec5f39086b319,2024-25,2024-10-26,Manchester City,Southampton,H,T Harrington,1.0,0.0,1.0,0.0,22.0,5.0,8.0,2.0,9.0,9.0,12.0,1.0,1.0,3.0,0.0,0.0,,,3,W
dd2d969ec5f39086b319,2024-25,2024-10-26,Southampton,Manchester City,A,T Harrington,0.0,1.0,0.0,1.0,5.0,22.0,2.0,8.0,9.0,9.0,1.0,12.0,3.0,1.0,0.0,0.0,,,0,L
0d608e355da043295302,2024-25,2024-10-26,Everton,Fulham,H,J Brooks,1.0,1.0,0.0,0.0,10.0,14.0,5.0,3.0,8.0,8.0,4.0,2.0,1.0,0.0,0.0,0.0,,,1,D
0d608e355da043295302,2024-25,2024-10-26,Fulham,Everton,A,J Brooks,1.0,1.0,0.0,0.0,14.0,10.0,3.0,5.0,8.0,8.0,2.0,4.0,0.0,1.0,0.0,0.0,,,1,D
b13c5f95a3a9214f6323,2024-25,2024-10-27,Chelsea,Newcastle United,H,S Hooper,2.0,1.0,1.0,1.0,17.0,11.0,7.0,3.0,13.0,16.0,7.0,4.0,6.0,3.0,0.0,0.0,,,3,W
b13c5f95a3a9214f6323,2024-25,2024-10-27,Newcastle United,Chelsea,A,S Hooper,1.0,2.0,1.0,1.0,11.0,17.0,3.0,7.0,16.0,13.0,4.0,7.0,3.0,6.0,0.0,0.0,,,0,L
b5e2bb4af6a594e47587,2024-25,2024-10-27,Crystal Palace,Tottenham,H,D Bond,1.0,0.0,1.0,0.0,14.0,11.0,6.0,3.0,16.0,12.0,8.0,8.0,4.0,4.0,0.0,0.0,,,3,W
b5e2bb4af6a594e47587,2024-25,2024-10-27,Tottenham,Crystal Palace,A,D Bond,0.0,1.0,0.0,1.0,11.0,14.0,3.0,6.0,12.0,16.0,8.0,8.0,4.0,4.0,0.0,0.0,,,0,L
4bba1eecce8d84dce07e,2024-25,2024-10-27,West Ham United,Manchester United,H,D Coote,2.0,1.0,0.0,0.0,12.0,18.0,3.0,5.0,6.0,7.0,6.0,5.0,5.0,1.0,0.0,0.0,,,3,W
4bba1eecce8d84dce07e,2024-25,2024-10-27,Manchester United,West Ham United,A,D Coote,1.0,2.0,0.0,0.0,18.0,12.0,5.0,3.0,7.0,6.0,5.0,6.0,1.0,5.0,0.0,0.0,,,0,L
ee42e0f64fc747812698,2024-25,2024-10-27,Arsenal,Liverpool,H,A Taylor,2.0,2.0,2.0,1.0,9.0,9.0,3.0,4.0,14.0,14.0,1.0,3.0,2.0,2.0,0.0,0.0,,,1,D
ee42e0f64fc747812698,2024-25,2024-10-27,Liverpool,Arsenal,A,A Taylor,2.0,2.0,1.0,2.0,9.0,9.0,4.0,3.0,14.0,14.0,3.0,1.0,2.0,2.0,0.0,0.0,,,1,D
4822bd8bcddd232db6df,2024-25,2024-11-02,Newcastle United,Arsenal,H,J Brooks,1.0,0.0,1.0,0.0,9.0,10.0,4.0,1.0,16.0,18.0,4.0,6.0,4.0,4.0,0.0,0.0,,,3,W
4822bd8bcddd232db6df,2024-25,2024-11-02,Arsenal,Newcastle United,A,J Brooks,0.0,1.0,0.0,1.0,10.0,9.0,1.0,4.0,18.0,16.0,6.0,4.0,4.0,4.0,0.0,0.0,,,0,L
e21489c412ff2bcf2509,2024-25,2024-11-02,Bournemouth,Manchester City,H,M Oliver,2.0,1.0,1.0,0.0,12.0,18.0,6.0,4.0,11.0,6.0,3.0,10.0,2.0,1.0,0.0,0.0,,,3,W
e21489c412ff2bcf2509,2024-25,2024-11-02,Manchester City,Bournemouth,A,M Oliver,1.0,2.0,0.0,1.0,18.0,12.0,4.0,6.0,6.0,11.0,10.0,3.0,1.0,2.0,0.0,0.0,,,0,L
ad898e079776977429c2,2024-25,2024-11-02,Ipswich,Leicester,H,T Robinson,1.0,1.0,0.0,0.0,14.0,20.0,2.0,6.0,11.0,10.0,4.0,6.0,4.0,2.0,1.0,0.0,,,1,D
ad898e079776977429c2,2024-25,2024-11-02,Leicester,Ipswich,A,T Robinson,1.0,1.0,0.0,0.0,20.0,14.0,6.0,2.0,10.0,11.0,6.0,4.0,2.0,4.0,0.0,1.0,,,1,D
6c9b438d36aec53dab7f,2024-25,2024-11-02,Liverpool,Brighton & Hove Albion,H,T Harrington,2.0,1.0,0.0,1.0,16.0,13.0,8.0,5.0,10.0,18.0,10.0,7.0,1.0,1.0,0.0,0.0,,,3,W
6c9b438d36aec53dab7f,2024-25,2024-11-02,Brighton & Hove Albion,Liverpool,A,T Harrington,1.0,2.0,1.0,0.0,13.0,16.0,5.0,8.0,18.0,10.0,7.0,10.0,1.0,1.0,0.0,0.0,,,0,L
d07060ebb4dac369aafb,2024-25,2024-11-02,Nottingham Forest,West Ham United,H,P Bankes,3.0,0.0,1.0,0.0,19.0,4.0,6.0,2.0,7.0,9.0,11.0,6.0,1.0,2.0,0.0,1.0,,,3,W
d07060ebb4dac369aafb,2024-25,2024-11-02,West Ham United,Nottingham Forest,A,P Bankes,0.0,3.0,0.0,1.0,4.0,19.0,2.0,6.0,9.0,7.0,6.0,11.0,2.0,1.0,1.0,0.0,,,0,L
e5f6047753ca22ec72a5,2024-25,2024-11-02,Southampton,Everton,H,A Madley,1.0,0.0,0.0,0.0,9.0,16.0,2.0,5.0,14.0,18.0,3.0,6.0,4.0,2.0,0.0,0.0,,,3,W
e5f6047753ca22ec72a5,2024-25,2024-11-02,Everton,Southampton,A,A Madley,0.0,1.0,0.0,0.0,16.0,9.0,5.0,2.0,18.0,14.0,6.0,3.0,2.0,4.0,0.0,0.0,,,0,L
4363da999711871e284d,2024-25,2024-11-02,Wolverhampton Wanderers,Crystal Palace,H,A Taylor,2.0,2.0,0.0,0.0,11.0,19.0,6.0,7.0,7.0,9.0,3.0,6.0,1.0,2.0,0.0,0.0,,,1,D
4363da999711871e284d,2024-25,2024-11-02,Crystal Palace,Wolverhampton Wanderers,A,A Taylor,2.0,2.0,0.0,0.0,19.0,11.0,7.0,6.0,9.0,7.0,6.0,3.0,2.0,1.0,0.0,0.0,,,1,D
818579f0abb2adc3ebde,2024-25,2024-11-03,Tottenham,Aston Villa,H,C Pawson,4.0,1.0,0.0,1.0,16.0,12.0,6.0,1.0,14.0,14.0,6.0,4.0,2.0,0.0,0.0,0.0,,,3,W
818579f0abb2adc3ebde,2024-25,2024-11-03,Aston Villa,Tottenham,A,C Pawson,1.0,4.0,1.0,0.0,12.0,16.0,1.0,6.0,14.0,14.0,4.0,6.0,0.0,2.0,0.0,0.0,,,0,L
83814d1b1d971965ba09,2024-25,2024-11-03,Manchester United,Chelsea,H,R Jones,1.0,1.0,0.0,0.0,11.0,12.0,4.0,3.0,19.0,14.0,4.0,8.0,6.0,2.0,0.0,0.0,,,1,D
83814d1b1d971965ba09,2024-25,2024-11-03,Chelsea,Manchester United,A,R Jones,1.0,1.0,0.0,0.0,12.0,11.0,3.0,4.0,14.0,19.0,8.0,4.0,2.0,6.0,0.0,0.0,,,1,D
0f1ccf50e24fd8f674e6,2024-25,2024-11-04,Fulham,Brentford,H,S Attwell,2.0,1.0,0.0,1.0,26.0,5.0,12.0,2.0,3.0,10.0,11.0,3.0,2.0,1.0,0.0,0.0,,,3,W
0f1ccf50e24fd8f674e6,2024-25,2024-11-04,Brentford,Fulham,A,S Attwell,1.0,2.0,1.0,0.0,5.0,26.0,2.0,12.0,10.0,3.0,3.0,11.0,1.0,2.0,0.0,0.0,,,0,L
821b2cebaa0649c130aa,2024-25,2024-11-09,Brentford,Bournemouth,H,D Bond,3.0,2.0,1.0,1.0,12.0,15.0,6.0,3.0,8.0,16.0,6.0,4.0,2.0,4.0,0.0,0.0,,,3,W
821b2cebaa0649c130aa,2024-25,2024-11-09,Bournemouth,Brentford,A,D Bond,2.0,3.0,1.0,1.0,15.0,12.0,3.0,6.0,16.0,8.0,4.0,6.0,4.0,2.0,0.0,0.0,,,0,L
c87a66ba2b5e90fd3e27,2024-25,2024-11-09,Crystal Palace,Fulham,H,M Salisbury,0.0,2.0,0.0,1.0,13.0,17.0,5.0,7.0,10.0,11.0,1.0,8.0,1.0,1.0,1.0,0.0,,,0,L
c87a66ba2b5e90fd3e27,2024-25,2024-11-09,Fulham,Crystal Palace,A,M Salisbury,2.0,0.0,1.0,0.0,17.0,13.0,7.0,5.0,11.0,10.0,8.0,1.0,1.0,1.0,0.0,1.0,,,3,W
4c13689c1a95f701a466,2024-25,2024-11-09,West Ham United,Everton,H,S Attwell,0.0,0.0,0.0,0.0,11.0,18.0,6.0,4.0,10.0,9.0,7.0,6.0,1.0,2.0,0.0,0.0,,,1,D
4c13689c1a95f701a466,2024-25,2024-11-09,Everton,West Ham United,A,S Attwell,0.0,0.0,0.0,0.0,18.0,11.0,4.0,6.0,9.0,10.0,6.0,7.0,2.0,1.0,0.0,0.0,,,1,D
00ed886411c9ca029721,2024-25,2024-11-09,Wolverhampton Wanderers,Southampton,H,T Bramall,2.0,0.0,1.0,0.0,8.0,9.0,4.0,0.0,14.0,12.0,1.0,9.0,1.0,4.0,0.0,0.0,,,3,W
00ed886411c9ca029721,2024-25,2024-11-09,Southampton,Wolverhampton Wanderers,A,T Bramall,0.0,2.0,0.0,1.0,9.0,8.0,0.0,4.0,12.0,14.0,9.0,1.0,4.0,1.0,0.0,0.0,,,0,L
7928fcde7ef73f0528db,2024-25,2024-11-09,Brighton & Hove Albion,Manchester City,H,S Barrott,2.0,1.0,0.0,1.0,10.0,15.0,4.0,6.0,12.0,10.0,0.0,4.0,3.0,3.0,0.0,0.0,,,3,W
7928fcde7ef73f0528db,2024-25,2024-11-09,Manchester City,Brighton & Hove Albion,A,S Barrott,1.0,2.0,1.0,0.0,15.0,10.0,6.0,4.0,10.0,12.0,4.0,0.0,3.0,3.0,0.0,0.0,,,0,L
983866547736b29f5640,2024-25,2024-11-09,Liverpool,Aston Villa,H,D Coote,2.0,0.0,1.0,0.0,14.0,12.0,5.0,2.0,11.0,15.0,2.0,9.0,0.0,3.0,0.0,0.0,,,3,W
983866547736b29f5640,2024-25,2024-11-09,Aston Villa,Liverpool,A,D Coote,0.0,2.0,0.0,1.0,12.0,14.0,2.0,5.0,15.0,11.0,9.0,2.0,3.0,0.0,0.0,0.0,,,0,L
432559e11c3db283c575,2024-25,2024-11-10,Manchester United,Leicester,H,P Bankes,3.0,0.0,2.0,0.0,13.0,6.0,3.0,5.0,9.0,5.0,1.0,5.0,0.0,1.0,0.0,0.0,,,3,W
432559e11c3db283c575,2024-25,2024-11-10,Leicester,Manchester United,A,P Bankes,0.0,3.0,0.0,2.0,6.0,13.0,5.0,3.0,5.0,9.0,5.0,1.0,1.0,0.0,0.0,0.0,,,0,L
ce2648568d6f1ae7deb5,2024-25,2024-11-10,Nottingham Forest,Newcastle United,H,A Taylor,1.0,3.0,1.0,0.0,9.0,17.0,3.0,6.0,13.0,6.0,4.0,5.0,1.0,1.0,0.0,0.0,,,0,L
ce2648568d6f1ae7deb5,2024-25,2024-11-10,Newcastle United,Nottingham Forest,A,A Taylor,3.0,1.0,0.0,1.0,17.0,9.0,6.0,3.0,6.0,13.0,5.0,4.0,1.0,1.0,0.0,0.0,,,3,W
50d5031bcb9ee8dafc39,2024-25,2024-11-10,Tottenham,Ipswich,H,D England,1.0,2.0,0.0,2.0,17.0,8.0,5.0,3.0,10.0,19.0,12.0,2.0,1.0,5.0,0.0,0.0,,,0,L
50d5031bcb9ee8dafc39,2024-25,2024-11-10,Ipswich,Tottenham,A,D England,2.0,1.0,2.0,0.0,8.0,17.0,3.0,5.0,19.0,10.0,2.0,12.0,5.0,1.0,0.0,0.0,,,3,W
8c08e64198431df192d8,2024-25,2024-11-10,Chelsea,Arsenal,H,M Oliver,1.0,1.0,0.0,0.0,17.0,13.0,3.0,3.0,12.0,12.0,4.0,3.0,4.0,2.0,0.0,0.0,,,1,D
8c08e64198431df192d8,2024-25,2024-11-10,Arsenal,Chelsea,A,M Oliver,1.0,1.0,0.0,0.0,13.0,17.0,3.0,3.0,12.0,12.0,3.0,4.0,2.0,4.0,0.0,0.0,,,1,D
6a2befe2412caa4d24ef,2024-25,2024-11-23,Leicester,Chelsea,H,A Madley,1.0,2.0,0.0,1.0,4.0,16.0,1.0,7.0,15.0,12.0,2.0,9.0,4.0,3.0,0.0,0.0,,,0,L
6a2befe2412caa4d24ef,2024-25,2024-11-23,Chelsea,Leicester,A,A Madley,2.0,1.0,1.0,0.0,16.0,4.0,7.0,1.0,12.0,15.0,9.0,2.0,3.0,4.0,0.0,0.0,,,3,W
c824ac5097ea646b3d99,2024-25,2024-11-23,Arsenal,Nottingham Forest,H,S Hooper,3.0,0.0,1.0,0.0,19.0,7.0,7.0,0.0,10.0,1.0,8.0,1.0,3.0,2.0,0.0,0.0,,,3,W
c824ac5097ea646b3d99,2024-25,2024-11-23,Nottingham Forest,Arsenal,A,S Hooper,0.0,3.0,0.0,1.0,7.0,19.0,0.0,7.0,1.0,10.0,1.0,8.0,2.0,3.0,0.0,0.0,,,0,L
22c6085b4aab0b4df038,2024-25,2024-11-23,Aston Villa,Crystal Palace,H,T Robinson,2.0,2.0,1.0,2.0,17.0,13.0,5.0,6.0,10.0,11.0,10.0,1.0,3.0,2.0,0.0,0.0,,,1,D
22c6085b4aab0b4df038,2024-25,2024-11-23,Crystal Palace,Aston Villa,A,T Robinson,2.0,2.0,2.0,1.0,13.0,17.0,6.0,5.0,11.0,10.0,1.0,10.0,2.0,3.0,0.0,0.0,,,1,D
6b395985e966b6a966a1,2024-25,2024-11-23,Bournemouth,Brighton & Hove Albion,H,S Attwell,1.0,2.0,0.0,1.0,19.0,6.0,5.0,4.0,13.0,10.0,7.0,0.0,2.0,2.0,0.0,1.0,,,0,L
6b395985e966b6a966a1,2024-25,2024-11-23,Brighton & Hove Albion,Bournemouth,A,S Attwell,2.0,1.0,1.0,0.0,6.0,19.0,4.0,5.0,10.0,13.0,0.0,7.0,2.0,2.0,1.0,0.0,,,3,W
846fed34e17fe4c6c6f8,2024-25,2024-11-23,Everton,Brentford,H,C Kavanagh,0.0,0.0,0.0,0.0,27.0,9.0,5.0,2.0,8.0,10.0,10.0,4.0,0.0,0.0,0.0,1.0,,,1,D
846fed34e17fe4c6c6f8,2024-25,2024-11-23,Brentford,Everton,A,C Kavanagh,0.0,0.0,0.0,0.0,9.0,27.0,2.0,5.0,10.0,8.0,4.0,10.0,0.0,0.0,1.0,0.0,,,1,D
ed318b510a290606badd,2024-25,2024-11-23,Fulham,Wolverhampton Wanderers,H,R Jones,1.0,4.0,1.0,1.0,10.0,10.0,3.0,5.0,14.0,14.0,7.0,2.0,3.0,0.0,0.0,0.0,,,0,L
ed318b510a290606badd,2024-25,2024-11-23,Wolverhampton Wanderers,Fulham,A,R Jones,4.0,1.0,1.0,1.0,10.0,10.0,5.0,3.0,14.0,14.0,2.0,7.0,0.0,3.0,0.0,0.0,,,3,W
a23bdaacb7ad24b73a91,2024-25,2024-11-23,Manchester City,Tottenham,H,J Brooks,0.0,4.0,0.0,2.0,23.0,9.0,5.0,7.0,19.0,9.0,9.0,3.0,4.0,2.0,0.0,0.0,,,0,L
a23bdaacb7ad24b73a91,2024-25,2024-11-23,Tottenham,Manchester City,A,J Brooks,4.0,0.0,2.0,0.0,9.0,23.0,7.0,5.0,9.0,19.0,3.0,9.0,2.0,4.0,0.0,0.0,,,3,W
87ab4d723868042edf5f,2024-25,2024-11-24,Southampton,Liverpool,H,S Barrott,2.0,3.0,1.0,1.0,7.0,27.0,5.0,11.0,11.0,9.0,3.0,10.0,3.0,4.0,0.0,0.0,,,0,L
87ab4d723868042edf5f,2024-25,2024-11-24,Liverpool,Southampton,A,S Barrott,3.0,2.0,1.0,1.0,27.0,7.0,11.0,5.0,9.0,11.0,10.0,3.0,4.0,3.0,0.0,0.0,,,3,W
843e34d2f9be09f8e388,2024-25,2024-11-24,Ipswich,Manchester United,H,A Taylor,1.0,1.0,1.0,1.0,11.0,11.0,6.0,4.0,11.0,10.0,4.0,3.0,0.0,0.0,0.0,0.0,,,1,D
843e34d2f9be09f8e388,2024-25,2024-11-24,Manchester United,Ipswich,A,A Taylor,1.0,1.0,1.0,1.0,11.0,11.0,4.0,6.0,10.0,11.0,3.0,4.0,0.0,0.0,0.0,0.0,,,1,D
77be518dd54927edfbca,2024-25,2024-11-25,Newcastle United,West Ham United,H,C Pawson,0.0,2.0,0.0,1.0,18.0,15.0,2.0,6.0,11.0,8.0,8.0,3.0,1.0,0.0,0.0,0.0,,,0,L
77be518dd54927edfbca,2024-25,2024-11-25,West Ham United,Newcastle United,A,C Pawson,2.0,0.0,1.0,0.0,15.0,18.0,6.0,2.0,8.0,11.0,3.0,8.0,0.0,1.0,0.0,0.0,,,3,W
1c8aeca1de557db1b45f,2024-25,2024-11-29,Brighton & Hove Albion,Southampton,H,R Jones,1.0,1.0,1.0,0.0,22.0,10.0,5.0,2.0,20.0,16.0,7.0,6.0,2.0,4.0,0.0,0.0,,,1,D
1c8aeca1de557db1b45f,2024-25,2024-11-29,Southampton,Brighton & Hove Albion,A,R Jones,1.0,1.0,0.0,1.0,10.0,22.0,2.0,5.0,16.0,20.0,6.0,7.0,4.0,2.0,0.0,0.0,,,1,D
54e0029948dc74548e5e,2024-25,2024-11-30,Brentford,Leicester,H,M Oliver,4.0,1.0,3.0,1.0,13.0,7.0,6.0,3.0,9.0,10.0,5.0,4.0,1.0,1.0,0.0,0.0,,,3,W
54e0029948dc74548e5e,2024-25,2024-11-30,Leicester,Brentford,A,M Oliver,1.0,4.0,1.0,3.0,7.0,13.0,3.0,6.0,10.0,9.0,4.0,5.0,1.0,1.0,0.0,0.0,,,0,L
4b31cb45c198a8c3e3ca,2024-25,2024-11-30,Crystal Palace,Newcastle United,H,D England,1.0,1.0,0.0,0.0,16.0,1.0,4.0,0.0,12.0,11.0,8.0,9.0,3.0,3.0,0.0,0.0,,,1,D
4b31cb45c198a8c3e3ca,2024-25,2024-11-30,Newcastle United,Crystal Palace,A,D England,1.0,1.0,0.0,0.0,1.0,16.0,0.0,4.0,11.0,12.0,9.0,8.0,3.0,3.0,0.0,0.0,,,1,D
17d0fdae7aa41fdd8ab2,2024-25,2024-11-30,Nottingham Forest,Ipswich,H,T Harrington,1.0,0.0,0.0,0.0,12.0,7.0,5.0,3.0,5.0,16.0,8.0,7.0,1.0,3.0,0.0,0.0,,,3,W
17d0fdae7aa41fdd8ab2,2024-25,2024-11-30,Ipswich,Nottingham Forest,A,T Harrington,0.0,1.0,0.0,0.0,7.0,12.0,3.0,5.0,16.0,5.0,7.0,8.0,3.0,1.0,0.0,0.0,,,0,L
1cd23a488b30c75fd8ef,2024-25,2024-11-30,Wolverhampton Wanderers,Bournemouth,H,P Bankes,2.0,4.0,1.0,3.0,10.0,12.0,3.0,8.0,13.0,11.0,3.0,4.0,4.0,1.0,0.0,0.0,,,0,L
1cd23a488b30c75fd8ef,2024-25,2024-11-30,Bournemouth,Wolverhampton Wanderers,A,P Bankes,4.0,2.0,3.0,1.0,12.0,10.0,8.0,3.0,11.0,13.0,4.0,3.0,1.0,4.0,0.0,0.0,,,3,W
5cca42a9cda60cdf4eec,2024-25,2024-11-30,West Ham United,Arsenal,H,A Taylor,2.0,5.0,2.0,5.0,12.0,16.0,5.0,7.0,10.0,13.0,2.0,10.0,4.0,1.0,0.0,0.0,,,0,L
5cca42a9cda60cdf4eec,2024-25,2024-11-30,Arsenal,West Ham United,A,A Taylor,5.0,2.0,5.0,2.0,16.0,12.0,7.0,5.0,13.0,10.0,10.0,2.0,1.0,4.0,0.0,0.0,,,3,W
6ca7af4907a2a6df0847,2024-25,2024-12-01,Chelsea,Aston Villa,H,S Attwell,3.0,0.0,2.0,0.0,17.0,10.0,8.0,4.0,21.0,6.0,3.0,4.0,2.0,2.0,0.0,0.0,,,3,W
6ca7af4907a2a6df0847,2024-25,2024-12-01,Aston Villa,Chelsea,A,S Attwell,0.0,3.0,0.0,2.0,10.0,17.0,4.0,8.0,6.0,21.0,4.0,3.0,2.0,2.0,0.0,0.0,,,0,L
a9fedd6aef3d2f858598,2024-25,2024-12-01,Manchester United,Everton,H,J Brooks,4.0,0.0,2.0,0.0,11.0,8.0,5.0,2.0,12.0,12.0,2.0,2.0,2.0,3.0,0.0,0.0,,,3,W
a9fedd6aef3d2f858598,2024-25,2024-12-01,Everton,Manchester United,A,J Brooks,0.0,4.0,0.0,2.0,8.0,11.0,2.0,5.0,12.0,12.0,2.0,2.0,3.0,2.0,0.0,0.0,,,0,L
7e20b3faa75a46542b03,2024-25,2024-12-01,Tottenham,Fulham,H,D Bond,1.0,1.0,0.0,0.0,8.0,14.0,3.0,6.0,4.0,14.0,7.0,11.0,0.0,1.0,0.0,1.0,,,1,D
7e20b3faa75a46542b03,2024-25,2024-12-01,Fulham,Tottenham,A,D Bond,1.0,1.0,0.0,0.0,14.0,8.0,6.0,3.0,14.0,4.0,11.0,7.0,1.0,0.0,1.0,0.0,,,1,D
cbe189431fe4c44b1d94,2024-25,2024-12-01,Liverpool,Manchester City,H,C Kavanagh,2.0,0.0,1.0,0.0,18.0,8.0,7.0,2.0,9.0,8.0,7.0,4.0,1.0,3.0,0.0,0.0,,,3,W
cbe189431fe4c44b1d94,2024-25,2024-12-01,Manchester City,Liverpool,A,C Kavanagh,0.0,2.0,0.0,1.0,8.0,18.0,2.0,7.0,8.0,9.0,4.0,7.0,3.0,1.0,0.0,0.0,,,0,L
e1f49634814e9ecaa2d7,2024-25,2024-12-03,Ipswich,Crystal Palace,H,C Pawson,0.0,1.0,0.0,0.0,9.0,13.0,2.0,3.0,14.0,13.0,4.0,7.0,2.0,4.0,0.0,0.0,,,0,L
e1f49634814e9ecaa2d7,2024-25,2024-12-03,Crystal Palace,Ipswich,A,C Pawson,1.0,0.0,0.0,0.0,13.0,9.0,3.0,2.0,13.0,14.0,7.0,4.0,4.0,2.0,0.0,0.0,,,3,W
92a53a85683e5e19d646,2024-25,2024-12-03,Leicester,West Ham United,H,J Smith,3.0,1.0,1.0,0.0,8.0,31.0,6.0,10.0,9.0,7.0,3.0,9.0,2.0,2.0,0.0,0.0,,,3,W
92a53a85683e5e19d646,2024-25,2024-12-03,West Ham United,Leicester,A,J Smith,1.0,3.0,0.0,1.0,31.0,8.0,10.0,6.0,7.0,9.0,9.0,3.0,2.0,2.0,0.0,0.0,,,0,L
1c316889f59ebfe38e73,2024-25,2024-12-04,Everton,Wolverhampton Wanderers,H,M Salisbury,4.0,0.0,2.0,0.0,13.0,6.0,4.0,2.0,10.0,8.0,3.0,4.0,2.0,0.0,0.0,0.0,,,3,W
1c316889f59ebfe38e73,2024-25,2024-12-04,Wolverhampton Wanderers,Everton,A,M Salisbury,0.0,4.0,0.0,2.0,6.0,13.0,2.0,4.0,8.0,10.0,4.0,3.0,0.0,2.0,0.0,0.0,,,0,L
4844d38e8d9c861d892e,2024-25,2024-12-04,Manchester City,Nottingham Forest,H,M Oliver,3.0,0.0,2.0,0.0,17.0,12.0,7.0,3.0,7.0,15.0,8.0,2.0,2.0,4.0,0.0,0.0,,,3,W
4844d38e8d9c861d892e,2024-25,2024-12-04,Nottingham Forest,Manchester City,A,M Oliver,0.0,3.0,0.0,2.0,12.0,17.0,3.0,7.0,15.0,7.0,2.0,8.0,4.0,2.0,0.0,0.0,,,0,L
b4afdd646217152ce3f9,2024-25,2024-12-04,Newcastle United,Liverpool,H,A Madley,3.0,3.0,1.0,0.0,17.0,16.0,6.0,5.0,9.0,17.0,5.0,6.0,2.0,5.0,0.0,0.0,,,1,D
b4afdd646217152ce3f9,2024-25,2024-12-04,Liverpool,Newcastle United,A,A Madley,3.0,3.0,0.0,1.0,16.0,17.0,5.0,6.0,17.0,9.0,6.0,5.0,5.0,2.0,0.0,0.0,,,1,D
08c66ef3807c02ece8f4,2024-25,2024-12-04,Southampton,Chelsea,H,T Harrington,1.0,5.0,1.0,3.0,6.0,26.0,4.0,13.0,7.0,14.0,5.0,7.0,1.0,0.0,1.0,0.0,,,0,L
08c66ef3807c02ece8f4,2024-25,2024-12-04,Chelsea,Southampton,A,T Harrington,5.0,1.0,3.0,1.0,26.0,6.0,13.0,4.0,14.0,7.0,7.0,5.0,0.0,1.0,0.0,1.0,,,3,W
366feb81e9190b85b676,2024-25,2024-12-04,Arsenal,Manchester United,H,S Barrott,2.0,0.0,0.0,0.0,14.0,5.0,6.0,2.0,12.0,8.0,13.0,0.0,1.0,3.0,0.0,0.0,,,3,W
366feb81e9190b85b676,2024-25,2024-12-04,Manchester United,Arsenal,A,S Barrott,0.0,2.0,0.0,0.0,5.0,14.0,2.0,6.0,8.0,12.0,0.0,13.0,3.0,1.0,0.0,0.0,,,0,L
bd0b7cac2db0991fc945,2024-25,2024-12-04,Aston Villa,Brentford,H,L Smith,3.0,1.0,3.0,0.0,20.0,9.0,10.0,1.0,11.0,15.0,10.0,5.0,2.0,2.0,0.0,0.0,,,3,W
bd0b7cac2db0991fc945,2024-25,2024-12-04,Brentford,Aston Villa,A,L Smith,1.0,3.0,0.0,3.0,9.0,20.0,1.0,10.0,15.0,11.0,5.0,10.0,2.0,2.0,0.0,0.0,,,0,L
90dd584fcfd1a8959a7d,2024-25,2024-12-05,Fulham,Brighton & Hove Albion,H,P Bankes,3.0,1.0,1.0,0.0,6.0,13.0,2.0,3.0,7.0,8.0,5.0,6.0,2.0,2.0,0.0,0.0,,,3,W
90dd584fcfd1a8959a7d,2024-25,2024-12-05,Brighton & Hove Albion,Fulham,A,P Bankes,1.0,3.0,0.0,1.0,13.0,6.0,3.0,2.0,8.0,7.0,6.0,5.0,2.0,2.0,0.0,0.0,,,0,L
30ac66a4a327c0ea7fe9,2024-25,2024-12-05,Bournemouth,Tottenham,H,S Hooper,1.0,0.0,1.0,0.0,21.0,12.0,8.0,4.0,15.0,8.0,5.0,9.0,2.0,2.0,0.0,0.0,,,3,W
30ac66a4a327c0ea7fe9,2024-25,2024-12-05,Tottenham,Bournemouth,A,S Hooper,0.0,1.0,0.0,1.0,12.0,21.0,4.0,8.0,8.0,15.0,9.0,5.0,2.0,2.0,0.0,0.0,,,0,L
b8f89ff90f9d1ab9dda2,2024-25,2024-12-07,Aston Villa,Southampton,H,D Bond,1.0,0.0,1.0,0.0,18.0,4.0,5.0,0.0,18.0,15.0,14.0,1.0,1.0,3.0,0.0,0.0,,,3,W
b8f89ff90f9d1ab9dda2,2024-25,2024-12-07,Southampton,Aston Villa,A,D Bond,0.0,1.0,0.0,1.0,4.0,18.0,0.0,5.0,15.0,18.0,1.0,14.0,3.0,1.0,0.0,0.0,,,0,L
456f310919e84106ec74,2024-25,2024-12-07,Brentford,Newcastle United,H,T Robinson,4.0,2.0,2.0,2.0,11.0,16.0,8.0,3.0,10.0,7.0,3.0,4.0,3.0,0.0,0.0,0.0,,,3,W
456f310919e84106ec74,2024-25,2024-12-07,Newcastle United,Brentford,A,T Robinson,2.0,4.0,2.0,2.0,16.0,11.0,3.0,8.0,7.0,10.0,4.0,3.0,0.0,3.0,0.0,0.0,,,0,L
a91700170dd3ba5b62fb,2024-25,2024-12-07,Crystal Palace,Manchester City,H,R Jones,2.0,2.0,1.0,1.0,12.0,12.0,3.0,4.0,4.0,10.0,6.0,8.0,1.0,0.0,0.0,1.0,,,1,D
a91700170dd3ba5b62fb,2024-25,2024-12-07,Manchester City,Crystal Palace,A,R Jones,2.0,2.0,1.0,1.0,12.0,12.0,4.0,3.0,10.0,4.0,8.0,6.0,0.0,1.0,1.0,0.0,,,1,D
a30a23d6aeb7843c42b7,2024-25,2024-12-07,Manchester United,Nottingham Forest,H,D England,2.0,3.0,1.0,1.0,17.0,11.0,7.0,3.0,10.0,13.0,5.0,3.0,0.0,2.0,0.0,0.0,,,0,L
a30a23d6aeb7843c42b7,2024-25,2024-12-07,Nottingham Forest,Manchester United,A,D England,3.0,2.0,1.0,1.0,11.0,17.0,3.0,7.0,13.0,10.0,3.0,5.0,2.0,0.0,0.0,0.0,,,3,W
9d91f62042abc735116d,2024-25,2024-12-08,Fulham,Arsenal,H,C Kavanagh,1.0,1.0,1.0,0.0,2.0,12.0,2.0,4.0,10.0,9.0,0.0,6.0,4.0,2.0,0.0,0.0,,,1,D
9d91f62042abc735116d,2024-25,2024-12-08,Arsenal,Fulham,A,C Kavanagh,1.0,1.0,0.0,1.0,12.0,2.0,4.0,2.0,9.0,10.0,6.0,0.0,2.0,4.0,0.0,0.0,,,1,D
bafffc82f2f6135c496d,2024-25,2024-12-08,Ipswich,Bournemouth,H,M Salisbury,1.0,2.0,1.0,0.0,18.0,22.0,5.0,6.0,9.0,13.0,6.0,13.0,2.0,1.0,0.0,0.0,,,0,L
bafffc82f2f6135c496d,2024-25,2024-12-08,Bournemouth,Ipswich,A,M Salisbury,2.0,1.0,0.0,1.0,22.0,18.0,6.0,5.0,13.0,9.0,13.0,6.0,1.0,2.0,0.0,0.0,,,3,W
87981082b55cf72e22ad,2024-25,2024-12-08,Leicester,Brighton & Hove Albion,H,S Attwell,2.0,2.0,0.0,1.0,10.0,16.0,3.0,7.0,9.0,10.0,5.0,5.0,1.0,2.0,0.0,0.0,,,1,D
87981082b55cf72e22ad,2024-25,2024-12-08,Brighton & Hove Albion,Leicester,A,S Attwell,2.0,2.0,1.0,0.0,16.0,10.0,7.0,3.0,10.0,9.0,5.0,5.0,2.0,1.0,0.0,0.0,,,1,D
814693be5623758dfd58,2024-25,2024-12-08,Tottenham,Chelsea,H,A Taylor,3.0,4.0,2.0,1.0,13.0,17.0,5.0,8.0,17.0,11.0,5.0,10.0,2.0,2.0,0.0,0.0,,,0,L
814693be5623758dfd58,2024-25,2024-12-08,Chelsea,Tottenham,A,A Taylor,4.0,3.0,1.0,2.0,17.0,13.0,8.0,5.0,11.0,17.0,10.0,5.0,2.0,2.0,0.0,0.0,,,3,W
6642415f99250e0062f4,2024-25,2024-12-09,West Ham United,Wolverhampton Wanderers,H,J Brooks,2.0,1.0,0.0,0.0,19.0,19.0,4.0,5.0,12.0,17.0,11.0,0.0,5.0,4.0,0.0,0.0,,,3,W
6642415f99250e0062f4,2024-25,2024-12-09,Wolverhampton Wanderers,West Ham United,A,J Brooks,1.0,2.0,0.0,0.0,19.0,19.0,5.0,4.0,17.0,12.0,0.0,11.0,4.0,5.0,0.0,0.0,,,0,L
103b02a9b8638534cb92,2024-25,2024-12-14,Arsenal,Everton,H,C Pawson,0.0,0.0,0.0,0.0,13.0,2.0,5.0,0.0,6.0,9.0,8.0,2.0,0.0,3.0,0.0,0.0,,,1,D
103b02a9b8638534cb92,2024-25,2024-12-14,Everton,Arsenal,A,C Pawson,0.0,0.0,0.0,0.0,2.0,13.0,0.0,5.0,9.0,6.0,2.0,8.0,3.0,0.0,0.0,0.0,,,1,D
3daa19b1d87c79ce9324,2024-25,2024-12-14,Liverpool,Fulham,H,T Harrington,2.0,2.0,0.0,1.0,16.0,12.0,4.0,3.0,10.0,7.0,5.0,4.0,3.0,4.0,1.0,0.0,,,1,D
3daa19b1d87c79ce9324,2024-25,2024-12-14,Fulham,Liverpool,A,T Harrington,2.0,2.0,1.0,0.0,12.0,16.0,3.0,4.0,7.0,10.0,4.0,5.0,4.0,3.0,0.0,1.0,,,1,D
656f62d8937a32eba80d,2024-25,2024-12-14,Newcastle United,Leicester,H,T Bramall,4.0,0.0,1.0,0.0,27.0,4.0,11.0,1.0,7.0,16.0,5.0,2.0,3.0,3.0,0.0,0.0,,,3,W
656f62d8937a32eba80d,2024-25,2024-12-14,Leicester,Newcastle United,A,T Bramall,0.0,4.0,0.0,1.0,4.0,27.0,1.0,11.0,16.0,7.0,2.0,5.0,3.0,3.0,0.0,0.0,,,0,L
ec4e8beec900d40a9244,2024-25,2024-12-14,Wolverhampton Wanderers,Ipswich,H,S Hooper,1.0,2.0,0.0,1.0,16.0,10.0,6.0,5.0,13.0,9.0,7.0,3.0,0.0,2.0,1.0,0.0,,,0,L
ec4e8beec900d40a9244,2024-25,2024-12-14,Ipswich,Wolverhampton Wanderers,A,S Hooper,2.0,1.0,1.0,0.0,10.0,16.0,5.0,6.0,9.0,13.0,3.0,7.0,2.0,0.0,0.0,1.0,,,3,W
8eaaa2a999b72369b12c,2024-25,2024-12-14,Nottingham Forest,Aston Villa,H,S Barrott,2.0,1.0,0.0,0.0,17.0,8.0,6.0,2.0,12.0,6.0,4.0,3.0,0.0,1.0,0.0,0.0,,,3,W
8eaaa2a999b72369b12c,2024-25,2024-12-14,Aston Villa,Nottingham Forest,A,S Barrott,1.0,2.0,0.0,0.0,8.0,17.0,2.0,6.0,6.0,12.0,3.0,4.0,1.0,0.0,0.0,0.0,,,0,L
1067d5c43b28958e959a,2024-25,2024-12-15,Brighton & Hove Albion,Crystal Palace,H,M Oliver,1.0,3.0,0.0,2.0,17.0,13.0,5.0,5.0,11.0,15.0,8.0,5.0,1.0,4.0,0.0,0.0,,,0,L
1067d5c43b28958e959a,2024-25,2024-12-15,Crystal Palace,Brighton & Hove Albion,A,M Oliver,3.0,1.0,2.0,0.0,13.0,17.0,5.0,5.0,15.0,11.0,5.0,8.0,4.0,1.0,0.0,0.0,,,3,W
6caa5d49bba70d33ea9d,2024-25,2024-12-15,Manchester City,Manchester United,H,A Taylor,1.0,2.0,1.0,0.0,10.0,10.0,3.0,3.0,5.0,14.0,8.0,2.0,1.0,1.0,0.0,0.0,,,0,L
6caa5d49bba70d33ea9d,2024-25,2024-12-15,Manchester United,Manchester City,A,A Taylor,2.0,1.0,0.0,1.0,10.0,10.0,3.0,3.0,14.0,5.0,2.0,8.0,1.0,1.0,0.0,0.0,,,3,W
32e0d8659c3b71f3152f,2024-25,2024-12-15,Chelsea,Brentford,H,P Bankes,2.0,1.0,1.0,0.0,26.0,9.0,8.0,4.0,11.0,7.0,8.0,5.0,0.0,2.0,1.0,0.0,,,3,W
32e0d8659c3b71f3152f,2024-25,2024-12-15,Brentford,Chelsea,A,P Bankes,1.0,2.0,0.0,1.0,9.0,26.0,4.0,8.0,7.0,11.0,5.0,8.0,2.0,0.0,0.0,1.0,,,0,L
4a8993c3b418348ae621,2024-25,2024-12-15,Southampton,Tottenham,H,D England,0.0,5.0,0.0,5.0,9.0,18.0,3.0,9.0,8.0,15.0,2.0,5.0,1.0,3.0,0.0,0.0,,,0,L
4a8993c3b418348ae621,2024-25,2024-12-15,Tottenham,Southampton,A,D England,5.0,0.0,5.0,0.0,18.0,9.0,9.0,3.0,15.0,8.0,5.0,2.0,3.0,1.0,0.0,0.0,,,3,W
8cb59017cb316d07c47a,2024-25,2024-12-16,Bournemouth,West Ham United,H,C Kavanagh,1.0,1.0,0.0,0.0,29.0,16.0,9.0,3.0,6.0,11.0,12.0,6.0,0.0,2.0,0.0,0.0,,,1,D
8cb59017cb316d07c47a,2024-25,2024-12-16,West Ham United,Bournemouth,A,C Kavanagh,1.0,1.0,0.0,0.0,16.0,29.0,3.0,9.0,11.0,6.0,6.0,12.0,2.0,0.0,0.0,0.0,,,1,D
d066471020c8d296310d,2024-25,2024-12-21,Aston Villa,Manchester City,H,P Bankes,2.0,1.0,1.0,0.0,11.0,12.0,6.0,6.0,14.0,7.0,5.0,4.0,3.0,3.0,0.0,0.0,,,3,W
d066471020c8d296310d,2024-25,2024-12-21,Manchester City,Aston Villa,A,P Bankes,1.0,2.0,0.0,1.0,12.0,11.0,6.0,6.0,7.0,14.0,4.0,5.0,3.0,3.0,0.0,0.0,,,0,L
f4e38bf9778e1062dc50,2024-25,2024-12-21,Brentford,Nottingham Forest,H,M Oliver,0.0,2.0,0.0,1.0,7.0,10.0,3.0,6.0,9.0,14.0,9.0,5.0,3.0,4.0,0.0,0.0,,,0,L
f4e38bf9778e1062dc50,2024-25,2024-12-21,Nottingham Forest,Brentford,A,M Oliver,2.0,0.0,1.0,0.0,10.0,7.0,6.0,3.0,14.0,9.0,5.0,9.0,4.0,3.0,0.0,0.0,,,3,W
d29cc403b23fdbf2ab54,2024-25,2024-12-21,Ipswich,Newcastle United,H,S Attwell,0.0,4.0,0.0,3.0,10.0,15.0,2.0,7.0,9.0,7.0,2.0,1.0,2.0,0.0,0.0,0.0,,,0,L
d29cc403b23fdbf2ab54,2024-25,2024-12-21,Newcastle United,Ipswich,A,S Attwell,4.0,0.0,3.0,0.0,15.0,10.0,7.0,2.0,7.0,9.0,1.0,2.0,0.0,2.0,0.0,0.0,,,3,W
64fb4ce228b8dffea3dd,2024-25,2024-12-21,West Ham United,Brighton & Hove Albion,H,R Jones,1.0,1.0,0.0,0.0,11.0,12.0,4.0,6.0,14.0,20.0,8.0,4.0,2.0,2.0,0.0,0.0,,,1,D
64fb4ce228b8dffea3dd,2024-25,2024-12-21,Brighton & Hove Albion,West Ham United,A,R Jones,1.0,1.0,0.0,0.0,12.0,11.0,6.0,4.0,20.0,14.0,4.0,8.0,2.0,2.0,0.0,0.0,,,1,D
46db46fa1ec5b14ffb55,2024-25,2024-12-21,Crystal Palace,Arsenal,H,S Hooper,1.0,5.0,1.0,3.0,15.0,14.0,6.0,6.0,9.0,8.0,3.0,3.0,2.0,2.0,0.0,0.0,,,0,L
46db46fa1ec5b14ffb55,2024-25,2024-12-21,Arsenal,Crystal Palace,A,S Hooper,5.0,1.0,3.0,1.0,14.0,15.0,6.0,6.0,8.0,9.0,3.0,3.0,2.0,2.0,0.0,0.0,,,3,W
7658939b831e6113bab0,2024-25,2024-12-22,Everton,Chelsea,H,C Kavanagh,0.0,0.0,0.0,0.0,5.0,12.0,4.0,5.0,20.0,12.0,2.0,5.0,4.0,1.0,0.0,0.0,,,1,D
7658939b831e6113bab0,2024-25,2024-12-22,Chelsea,Everton,A,C Kavanagh,0.0,0.0,0.0,0.0,12.0,5.0,5.0,4.0,12.0,20.0,5.0,2.0,1.0,4.0,0.0,0.0,,,1,D
eb3b67b5666f5f159cf8,2024-25,2024-12-22,Fulham,Southampton,H,T Robinson,0.0,0.0,0.0,0.0,16.0,5.0,5.0,1.0,8.0,15.0,6.0,5.0,1.0,3.0,0.0,0.0,,,1,D
eb3b67b5666f5f159cf8,2024-25,2024-12-22,Southampton,Fulham,A,T Robinson,0.0,0.0,0.0,0.0,5.0,16.0,1.0,5.0,15.0,8.0,5.0,6.0,3.0,1.0,0.0,0.0,,,1,D
6b9c9f8fb9c6d86d30f9,2024-25,2024-12-22,Leicester,Wolverhampton Wanderers,H,A Taylor,0.0,3.0,0.0,3.0,9.0,8.0,5.0,4.0,15.0,16.0,6.0,1.0,2.0,0.0,0.0,0.0,,,0,L
6b9c9f8fb9c6d86d30f9,2024-25,2024-12-22,Wolverhampton Wanderers,Leicester,A,A Taylor,3.0,0.0,3.0,0.0,8.0,9.0,4.0,5.0,16.0,15.0,1.0,6.0,0.0,2.0,0.0,0.0,,,3,W
d22e35bb6126a5a82e19,2024-25,2024-12-22,Manchester United,Bournemouth,H,C Pawson,0.0,3.0,0.0,1.0,23.0,10.0,7.0,5.0,11.0,11.0,13.0,1.0,1.0,3.0,0.0,0.0,,,0,L
d22e35bb6126a5a82e19,2024-25,2024-12-22,Bournemouth,Manchester United,A,C Pawson,3.0,0.0,1.0,0.0,10.0,23.0,5.0,7.0,11.0,11.0,1.0,13.0,3.0,1.0,0.0,0.0,,,3,W
ac2d3a7c41ff9a37d02b,2024-25,2024-12-22,Tottenham,Liverpool,H,S Barrott,3.0,6.0,1.0,3.0,9.0,24.0,5.0,12.0,7.0,9.0,7.0,5.0,1.0,2.0,0.0,0.0,,,0,L
ac2d3a7c41ff9a37d02b,2024-25,2024-12-22,Liverpool,Tottenham,A,S Barrott,6.0,3.0,3.0,1.0,24.0,9.0,12.0,5.0,9.0,7.0,5.0,7.0,2.0,1.0,0.0,0.0,,,3,W
cb99d680c73b30395d8e,2024-25,2024-12-26,Manchester City,Everton,H,S Hooper,1.0,1.0,1.0,1.0,24.0,8.0,5.0,3.0,5.0,10.0,8.0,5.0,1.0,4.0,0.0,0.0,,,1,D
cb99d680c73b30395d8e,2024-25,2024-12-26,Everton,Manchester City,A,S Hooper,1.0,1.0,1.0,1.0,8.0,24.0,3.0,5.0,10.0,5.0,5.0,8.0,4.0,1.0,0.0,0.0,,,1,D
ec68da85306f60919e74,2024-25,2024-12-26,Bournemouth,Crystal Palace,H,T Bramall,0.0,0.0,0.0,0.0,18.0,10.0,4.0,4.0,13.0,12.0,5.0,2.0,2.0,2.0,0.0,0.0,,,1,D
ec68da85306f60919e74,2024-25,2024-12-26,Crystal Palace,Bournemouth,A,T Bramall,0.0,0.0,0.0,0.0,10.0,18.0,4.0,4.0,12.0,13.0,2.0,5.0,2.0,2.0,0.0,0.0,,,1,D
747423896338f54d44f9,2024-25,2024-12-26,Chelsea,Fulham,H,S Barrott,1.0,2.0,1.0,0.0,12.0,14.0,8.0,7.0,13.0,13.0,3.0,1.0,1.0,3.0,0.0,0.0,,,0,L
747423896338f54d44f9,2024-25,2024-12-26,Fulham,Chelsea,A,S Barrott,2.0,1.0,0.0,1.0,14.0,12.0,7.0,8.0,13.0,13.0,1.0,3.0,3.0,1.0,0.0,0.0,,,3,W
974646ea68579c5d9e19,2024-25,2024-12-26,Newcastle United,Aston Villa,H,A Taylor,3.0,0.0,1.0,0.0,22.0,4.0,8.0,1.0,15.0,10.0,9.0,6.0,2.0,1.0,0.0,1.0,,,3,W
974646ea68579c5d9e19,2024-25,2024-12-26,Aston Villa,Newcastle United,A,A Taylor,0.0,3.0,0.0,1.0,4.0,22.0,1.0,8.0,10.0,15.0,6.0,9.0,1.0,2.0,1.0,0.0,,,0,L
ac44f46bb23bb3ec6a6c,2024-25,2024-12-26,Nottingham Forest,Tottenham,H,C Pawson,1.0,0.0,1.0,0.0,10.0,13.0,3.0,4.0,12.0,13.0,2.0,7.0,3.0,2.0,0.0,1.0,,,3,W
ac44f46bb23bb3ec6a6c,2024-25,2024-12-26,Tottenham,Nottingham Forest,A,C Pawson,0.0,1.0,0.0,1.0,13.0,10.0,4.0,3.0,13.0,12.0,7.0,2.0,2.0,3.0,1.0,0.0,,,0,L
047554d353cbf958c798,2024-25,2024-12-26,Southampton,West Ham United,H,L Smith,0.0,1.0,0.0,0.0,18.0,16.0,5.0,2.0,15.0,8.0,2.0,2.0,1.0,2.0,0.0,0.0,,,0,L
047554d353cbf958c798,2024-25,2024-12-26,West Ham United,Southampton,A,L Smith,1.0,0.0,0.0,0.0,16.0,18.0,2.0,5.0,8.0,15.0,2.0,2.0,2.0,1.0,0.0,0.0,,,3,W
ffe8b88d4326726b33ff,2024-25,2024-12-26,Wolverhampton Wanderers,Manchester United,H,T Harrington,2.0,0.0,0.0,0.0,7.0,11.0,4.0,4.0,12.0,12.0,4.0,4.0,2.0,2.0,0.0,1.0,,,3,W
ffe8b88d4326726b33ff,2024-25,2024-12-26,Manchester United,Wolverhampton Wanderers,A,T Harrington,0.0,2.0,0.0,0.0,11.0,7.0,4.0,4.0,12.0,12.0,4.0,4.0,2.0,2.0,1.0,0.0,,,0,L
79fa3edb59914d958b1e,2024-25,2024-12-26,Liverpool,Leicester,H,D Bond,3.0,1.0,1.0,1.0,19.0,4.0,7.0,1.0,17.0,5.0,14.0,1.0,3.0,2.0,0.0,0.0,,,3,W
79fa3edb59914d958b1e,2024-25,2024-12-26,Leicester,Liverpool,A,D Bond,1.0,3.0,1.0,1.0,4.0,19.0,1.0,7.0,5.0,17.0,1.0,14.0,2.0,3.0,0.0,0.0,,,0,L
561a54ebf34dc9b1d56f,2024-25,2024-12-27,Brighton & Hove Albion,Brentford,H,A Madley,0.0,0.0,0.0,0.0,24.0,8.0,7.0,3.0,6.0,12.0,5.0,3.0,0.0,2.0,0.0,0.0,,,1,D
561a54ebf34dc9b1d56f,2024-25,2024-12-27,Brentford,Brighton & Hove Albion,A,A Madley,0.0,0.0,0.0,0.0,8.0,24.0,3.0,7.0,12.0,6.0,3.0,5.0,2.0,0.0,0.0,0.0,,,1,D
d258fb22c900c39e641f,2024-25,2024-12-27,Arsenal,Ipswich,H,D England,1.0,0.0,1.0,0.0,13.0,3.0,5.0,0.0,7.0,12.0,5.0,1.0,1.0,1.0,0.0,0.0,,,3,W
d258fb22c900c39e641f,2024-25,2024-12-27,Ipswich,Arsenal,A,D England,0.0,1.0,0.0,1.0,3.0,13.0,0.0,5.0,12.0,7.0,1.0,5.0,1.0,1.0,0.0,0.0,,,0,L
bb6be406e35f3deb4033,2024-25,2024-12-29,Leicester,Manchester City,H,M Oliver,0.0,2.0,0.0,1.0,11.0,14.0,4.0,5.0,11.0,6.0,4.0,4.0,2.0,1.0,0.0,0.0,,,0,L
bb6be406e35f3deb4033,2024-25,2024-12-29,Manchester City,Leicester,A,M Oliver,2.0,0.0,1.0,0.0,14.0,11.0,5.0,4.0,6.0,11.0,4.0,4.0,1.0,2.0,0.0,0.0,,,3,W
9b25210013baf99ab905,2024-25,2024-12-29,Crystal Palace,Southampton,H,M Salisbury,2.0,1.0,1.0,1.0,19.0,7.0,10.0,3.0,18.0,19.0,8.0,7.0,2.0,3.0,0.0,0.0,,,3,W
9b25210013baf99ab905,2024-25,2024-12-29,Southampton,Crystal Palace,A,M Salisbury,1.0,2.0,1.0,1.0,7.0,19.0,3.0,10.0,19.0,18.0,7.0,8.0,3.0,2.0,0.0,0.0,,,0,L
a6cccdbafa154d272832,2024-25,2024-12-29,Everton,Nottingham Forest,H,T Harrington,0.0,2.0,0.0,1.0,13.0,11.0,2.0,7.0,13.0,10.0,5.0,4.0,4.0,1.0,0.0,0.0,,,0,L
a6cccdbafa154d272832,2024-25,2024-12-29,Nottingham Forest,Everton,A,T Harrington,2.0,0.0,1.0,0.0,11.0,13.0,7.0,2.0,10.0,13.0,4.0,5.0,1.0,4.0,0.0,0.0,,,3,W
2bd4fd4afccc7249b967,2024-25,2024-12-29,Fulham,Bournemouth,H,R Jones,2.0,2.0,1.0,0.0,11.0,16.0,6.0,9.0,7.0,16.0,1.0,7.0,1.0,3.0,0.0,0.0,,,1,D
2bd4fd4afccc7249b967,2024-25,2024-12-29,Bournemouth,Fulham,A,R Jones,2.0,2.0,0.0,1.0,16.0,11.0,9.0,6.0,16.0,7.0,7.0,1.0,3.0,1.0,0.0,0.0,,,1,D
38d243a580bec22fdffe,2024-25,2024-12-29,Tottenham,Wolverhampton Wanderers,H,C Kavanagh,2.0,2.0,2.0,1.0,13.0,11.0,3.0,3.0,9.0,10.0,5.0,5.0,1.0,2.0,0.0,0.0,,,1,D
38d243a580bec22fdffe,2024-25,2024-12-29,Wolverhampton Wanderers,Tottenham,A,C Kavanagh,2.0,2.0,1.0,2.0,11.0,13.0,3.0,3.0,10.0,9.0,5.0,5.0,2.0,1.0,0.0,0.0,,,1,D
987775d8bf817c73f3f4,2024-25,2024-12-29,West Ham United,Liverpool,H,A Taylor,0.0,5.0,0.0,3.0,7.0,22.0,0.0,13.0,7.0,10.0,3.0,6.0,0.0,0.0,0.0,0.0,,,0,L
987775d8bf817c73f3f4,2024-25,2024-12-29,Liverpool,West Ham United,A,A Taylor,5.0,0.0,3.0,0.0,22.0,7.0,13.0,0.0,10.0,7.0,6.0,3.0,0.0,0.0,0.0,0.0,,,3,W
7804ce50ce2f5b4d2955,2024-25,2024-12-30,Aston Villa,Brighton & Hove Albion,H,C Pawson,2.0,2.0,1.0,1.0,20.0,13.0,4.0,4.0,9.0,14.0,12.0,3.0,2.0,3.0,0.0,0.0,,,1,D
7804ce50ce2f5b4d2955,2024-25,2024-12-30,Brighton & Hove Albion,Aston Villa,A,C Pawson,2.0,2.0,1.0,1.0,13.0,20.0,4.0,4.0,14.0,9.0,3.0,12.0,3.0,2.0,0.0,0.0,,,1,D
1c89d5192471b7d62b57,2024-25,2024-12-30,Ipswich,Chelsea,H,J Brooks,2.0,0.0,1.0,0.0,9.0,20.0,6.0,5.0,9.0,5.0,4.0,7.0,4.0,4.0,0.0,0.0,,,3,W
1c89d5192471b7d62b57,2024-25,2024-12-30,Chelsea,Ipswich,A,J Brooks,0.0,2.0,0.0,1.0,20.0,9.0,5.0,6.0,5.0,9.0,7.0,4.0,4.0,4.0,0.0,0.0,,,0,L
4f9cba2c155fff6dd789,2024-25,2024-12-30,Manchester United,Newcastle United,H,S Hooper,0.0,2.0,0.0,2.0,10.0,12.0,0.0,4.0,13.0,8.0,2.0,3.0,1.0,1.0,0.0,0.0,,,0,L
4f9cba2c155fff6dd789,2024-25,2024-12-30,Newcastle United,Manchester United,A,S Hooper,2.0,0.0,2.0,0.0,12.0,10.0,4.0,0.0,8.0,13.0,3.0,2.0,1.0,1.0,0.0,0.0,,,3,W
289c271282f4768a0d4a,2024-25,2025-01-01,Brentford,Arsenal,H,P Bankes,1.0,3.0,1.0,1.0,5.0,14.0,2.0,5.0,6.0,8.0,4.0,3.0,1.0,2.0,0.0,0.0,,,0,L
289c271282f4768a0d4a,2024-25,2025-01-01,Arsenal,Brentford,A,P Bankes,3.0,1.0,1.0,1.0,14.0,5.0,5.0,2.0,8.0,6.0,3.0,4.0,2.0,1.0,0.0,0.0,,,3,W
326d7127bba4a503ba15,2024-25,2025-01-04,Tottenham,Newcastle United,H,A Madley,1.0,2.0,1.0,2.0,13.0,14.0,4.0,4.0,11.0,15.0,9.0,10.0,1.0,4.0,0.0,0.0,,,0,L
326d7127bba4a503ba15,2024-25,2025-01-04,Newcastle United,Tottenham,A,A Madley,2.0,1.0,2.0,1.0,14.0,13.0,4.0,4.0,15.0,11.0,10.0,9.0,4.0,1.0,0.0,0.0,,,3,W
cdb45ddd3e45b5e2c64a,2024-25,2025-01-04,Aston Villa,Leicester,H,J Gillett,2.0,1.0,0.0,0.0,13.0,4.0,5.0,2.0,10.0,11.0,7.0,2.0,0.0,1.0,0.0,0.0,,,3,W
cdb45ddd3e45b5e2c64a,2024-25,2025-01-04,Leicester,Aston Villa,A,J Gillett,1.0,2.0,0.0,0.0,4.0,13.0,2.0,5.0,11.0,10.0,2.0,7.0,1.0,0.0,0.0,0.0,,,0,L
25b253d7cadc9a3d290d,2024-25,2025-01-04,Bournemouth,Everton,H,J Brooks,1.0,0.0,0.0,0.0,19.0,9.0,8.0,0.0,15.0,14.0,9.0,3.0,2.0,2.0,0.0,0.0,,,3,W
25b253d7cadc9a3d290d,2024-25,2025-01-04,Everton,Bournemouth,A,J Brooks,0.0,1.0,0.0,0.0,9.0,19.0,0.0,8.0,14.0,15.0,3.0,9.0,2.0,2.0,0.0,0.0,,,0,L
567deab140456f00f599,2024-25,2025-01-04,Crystal Palace,Chelsea,H,T Robinson,1.0,1.0,0.0,1.0,13.0,15.0,6.0,1.0,9.0,12.0,6.0,6.0,0.0,2.0,0.0,0.0,,,1,D
567deab140456f00f599,2024-25,2025-01-04,Chelsea,Crystal Palace,A,T Robinson,1.0,1.0,1.0,0.0,15.0,13.0,1.0,6.0,12.0,9.0,6.0,6.0,2.0,0.0,0.0,0.0,,,1,D
13afa4ae3e5c1ed73219,2024-25,2025-01-04,Manchester City,West Ham United,H,M Salisbury,4.0,1.0,2.0,0.0,10.0,17.0,7.0,4.0,8.0,13.0,7.0,1.0,2.0,1.0,0.0,0.0,,,3,W
13afa4ae3e5c1ed73219,2024-25,2025-01-04,West Ham United,Manchester City,A,M Salisbury,1.0,4.0,0.0,2.0,17.0,10.0,4.0,7.0,13.0,8.0,1.0,7.0,1.0,2.0,0.0,0.0,,,0,L
470dc58ac40c4251c387,2024-25,2025-01-04,Southampton,Brentford,H,S Attwell,0.0,5.0,0.0,1.0,8.0,20.0,1.0,11.0,10.0,4.0,2.0,2.0,2.0,0.0,0.0,0.0,,,0,L
470dc58ac40c4251c387,2024-25,2025-01-04,Brentford,Southampton,A,S Attwell,5.0,0.0,1.0,0.0,20.0,8.0,11.0,1.0,4.0,10.0,2.0,2.0,0.0,2.0,0.0,0.0,,,3,W
4414464725687b6cc06f,2024-25,2025-01-04,Brighton & Hove Albion,Arsenal,H,A Taylor,1.0,1.0,0.0,1.0,11.0,9.0,4.0,3.0,17.0,14.0,2.0,5.0,2.0,3.0,0.0,0.0,,,1,D
4414464725687b6cc06f,2024-25,2025-01-04,Arsenal,Brighton & Hove Albion,A,A Taylor,1.0,1.0,1.0,0.0,9.0,11.0,3.0,4.0,14.0,17.0,5.0,2.0,3.0,2.0,0.0,0.0,,,1,D
97a0ba6380d5af3546fa,2024-25,2025-01-05,Fulham,Ipswich,H,D Bond,2.0,2.0,0.0,1.0,15.0,7.0,4.0,3.0,10.0,14.0,9.0,2.0,1.0,5.0,0.0,0.0,,,1,D
97a0ba6380d5af3546fa,2024-25,2025-01-05,Ipswich,Fulham,A,D Bond,2.0,2.0,1.0,0.0,7.0,15.0,3.0,4.0,14.0,10.0,2.0,9.0,5.0,1.0,0.0,0.0,,,1,D
05f21f39fc820865a17e,2024-25,2025-01-05,Liverpool,Manchester United,H,M Oliver,2.0,2.0,0.0,0.0,19.0,13.0,6.0,4.0,10.0,13.0,6.0,9.0,2.0,4.0,0.0,0.0,,,1,D
05f21f39fc820865a17e,2024-25,2025-01-05,Manchester United,Liverpool,A,M Oliver,2.0,2.0,0.0,0.0,13.0,19.0,4.0,6.0,13.0,10.0,9.0,6.0,4.0,2.0,0.0,0.0,,,1,D
1a440980fd4ee8a12482,2024-25,2025-01-06,Wolverhampton Wanderers,Nottingham Forest,H,P Bankes,0.0,3.0,0.0,2.0,13.0,11.0,6.0,3.0,10.0,8.0,5.0,3.0,1.0,2.0,0.0,0.0,,,0,L
1a440980fd4ee8a12482,2024-25,2025-01-06,Nottingham Forest,Wolverhampton Wanderers,A,P Bankes,3.0,0.0,2.0,0.0,11.0,13.0,3.0,6.0,8.0,10.0,3.0,5.0,2.0,1.0,0.0,0.0,,,3,W
8bedeefaf5d6e80db912,2024-25,2025-01-14,Brentford,Manchester City,H,A Taylor,2.0,2.0,0.0,0.0,18.0,21.0,6.0,8.0,4.0,4.0,4.0,5.0,0.0,0.0,0.0,0.0,,,1,D
8bedeefaf5d6e80db912,2024-25,2025-01-14,Manchester City,Brentford,A,A Taylor,2.0,2.0,0.0,0.0,21.0,18.0,8.0,6.0,4.0,4.0,5.0,4.0,0.0,0.0,0.0,0.0,,,1,D
ad469a9572c4ff928c85,2024-25,2025-01-14,Chelsea,Bournemouth,H,R Jones,2.0,2.0,1.0,0.0,26.0,7.0,10.0,3.0,15.0,16.0,9.0,3.0,2.0,3.0,0.0,0.0,,,1,D
ad469a9572c4ff928c85,2024-25,2025-01-14,Bournemouth,Chelsea,A,R Jones,2.0,2.0,0.0,1.0,7.0,26.0,3.0,10.0,16.0,15.0,3.0,9.0,3.0,2.0,0.0,0.0,,,1,D
8a46fa971fdb9bd863c5,2024-25,2025-01-14,West Ham United,Fulham,H,C Pawson,3.0,2.0,2.0,0.0,4.0,21.0,3.0,5.0,9.0,18.0,0.0,3.0,3.0,3.0,0.0,0.0,,,3,W
8a46fa971fdb9bd863c5,2024-25,2025-01-14,Fulham,West Ham United,A,C Pawson,2.0,3.0,0.0,2.0,21.0,4.0,5.0,3.0,18.0,9.0,3.0,0.0,3.0,3.0,0.0,0.0,,,0,L
ac23fb6fab3738a6a446,2024-25,2025-01-14,Nottingham Forest,Liverpool,H,C Kavanagh,1.0,1.0,1.0,0.0,6.0,23.0,3.0,7.0,7.0,10.0,0.0,9.0,2.0,1.0,0.0,0.0,,,1,D
ac23fb6fab3738a6a446,2024-25,2025-01-14,Liverpool,Nottingham Forest,A,C Kavanagh,1.0,1.0,0.0,1.0,23.0,6.0,7.0,3.0,10.0,7.0,9.0,0.0,1.0,2.0,0.0,0.0,,,1,D
391f532159e7d96c59b6,2024-25,2025-01-15,Everton,Aston Villa,H,S Barrott,0.0,1.0,0.0,0.0,10.0,11.0,3.0,3.0,17.0,10.0,8.0,5.0,2.0,1.0,0.0,0.0,,,0,L
391f532159e7d96c59b6,2024-25,2025-01-15,Aston Villa,Everton,A,S Barrott,1.0,0.0,0.0,0.0,11.0,10.0,3.0,3.0,10.0,17.0,5.0,8.0,1.0,2.0,0.0,0.0,,,3,W
1cc1e9abf996038d55ec,2024-25,2025-01-15,Leicester,Crystal Palace,H,A Madley,0.0,2.0,0.0,0.0,21.0,9.0,4.0,4.0,7.0,6.0,4.0,3.0,0.0,0.0,0.0,0.0,,,0,L
1cc1e9abf996038d55ec,2024-25,2025-01-15,Crystal Palace,Leicester,A,A Madley,2.0,0.0,0.0,0.0,9.0,21.0,4.0,4.0,6.0,7.0,3.0,4.0,0.0,0.0,0.0,0.0,,,3,W
df29d758c0d3bfce6ecf,2024-25,2025-01-15,Newcastle United,Wolverhampton Wanderers,H,D England,3.0,0.0,1.0,0.0,17.0,13.0,5.0,7.0,10.0,13.0,4.0,2.0,0.0,2.0,0.0,0.0,,,3,W
df29d758c0d3bfce6ecf,2024-25,2025-01-15,Wolverhampton Wanderers,Newcastle United,A,D England,0.0,3.0,0.0,1.0,13.0,17.0,7.0,5.0,13.0,10.0,2.0,4.0,2.0,0.0,0.0,0.0,,,0,L
9e91c587ed6d1aad2a75,2024-25,2025-01-15,Arsenal,Tottenham,H,S Hooper,2.0,1.0,2.0,1.0,14.0,10.0,4.0,2.0,16.0,9.0,10.0,4.0,3.0,1.0,0.0,0.0,,,3,W
9e91c587ed6d1aad2a75,2024-25,2025-01-15,Tottenham,Arsenal,A,S Hooper,1.0,2.0,1.0,2.0,10.0,14.0,2.0,4.0,9.0,16.0,4.0,10.0,1.0,3.0,0.0,0.0,,,0,L
d57b0a99b201677ef382,2024-25,2025-01-16,Ipswich,Brighton & Hove Albion,H,T Harrington,0.0,2.0,0.0,0.0,5.0,11.0,3.0,5.0,13.0,14.0,1.0,9.0,2.0,2.0,0.0,0.0,,,0,L
d57b0a99b201677ef382,2024-25,2025-01-16,Brighton & Hove Albion,Ipswich,A,T Harrington,2.0,0.0,0.0,0.0,11.0,5.0,5.0,3.0,14.0,13.0,9.0,1.0,2.0,2.0,0.0,0.0,,,3,W
79ac2ac5d37cf9701560,2024-25,2025-01-16,Manchester United,Southampton,H,J Brooks,3.0,1.0,0.0,1.0,23.0,13.0,9.0,5.0,7.0,10.0,5.0,4.0,1.0,3.0,0.0,0.0,,,3,W
79ac2ac5d37cf9701560,2024-25,2025-01-16,Southampton,Manchester United,A,J Brooks,1.0,3.0,1.0,0.0,13.0,23.0,5.0,9.0,10.0,7.0,4.0,5.0,3.0,1.0,0.0,0.0,,,0,L
7ac62d6421a0ed0d2cfa,2024-25,2025-01-18,Newcastle United,Bournemouth,H,S Attwell,1.0,4.0,1.0,2.0,13.0,19.0,5.0,10.0,7.0,18.0,7.0,6.0,1.0,6.0,0.0,0.0,,,0,L
7ac62d6421a0ed0d2cfa,2024-25,2025-01-18,Bournemouth,Newcastle United,A,S Attwell,4.0,1.0,2.0,1.0,19.0,13.0,10.0,5.0,18.0,7.0,6.0,7.0,6.0,1.0,0.0,0.0,,,3,W
fe8053def36f8ad887c6,2024-25,2025-01-18,Brentford,Liverpool,H,A Madley,0.0,2.0,0.0,0.0,11.0,37.0,6.0,8.0,6.0,14.0,2.0,15.0,2.0,3.0,0.0,0.0,,,0,L
fe8053def36f8ad887c6,2024-25,2025-01-18,Liverpool,Brentford,A,A Madley,2.0,0.0,0.0,0.0,37.0,11.0,8.0,6.0,14.0,6.0,15.0,2.0,3.0,2.0,0.0,0.0,,,3,W
9fc36f57de1554ef79f6,2024-25,2025-01-18,Leicester,Fulham,H,M Salisbury,0.0,2.0,0.0,0.0,8.0,17.0,4.0,2.0,8.0,8.0,5.0,2.0,3.0,1.0,0.0,0.0,,,0,L
9fc36f57de1554ef79f6,2024-25,2025-01-18,Fulham,Leicester,A,M Salisbury,2.0,0.0,0.0,0.0,17.0,8.0,2.0,4.0,8.0,8.0,2.0,5.0,1.0,3.0,0.0,0.0,,,3,W
4e4c52c96bffa54bd2bb,2024-25,2025-01-18,West Ham United,Crystal Palace,H,T Bramall,0.0,2.0,0.0,0.0,7.0,12.0,0.0,7.0,13.0,10.0,2.0,4.0,1.0,0.0,1.0,0.0,,,0,L
4e4c52c96bffa54bd2bb,2024-25,2025-01-18,Crystal Palace,West Ham United,A,T Bramall,2.0,0.0,0.0,0.0,12.0,7.0,7.0,0.0,10.0,13.0,4.0,2.0,0.0,1.0,0.0,1.0,,,3,W
9a5089f65023df089e57,2024-25,2025-01-18,Arsenal,Aston Villa,H,C Kavanagh,2.0,2.0,1.0,0.0,18.0,8.0,6.0,4.0,10.0,18.0,10.0,1.0,2.0,3.0,0.0,0.0,,,1,D
9a5089f65023df089e57,2024-25,2025-01-18,Aston Villa,Arsenal,A,C Kavanagh,2.0,2.0,0.0,1.0,8.0,18.0,4.0,6.0,18.0,10.0,1.0,10.0,3.0,2.0,0.0,0.0,,,1,D
6bf45df904910eda79c9,2024-25,2025-01-19,Everton,Tottenham,H,D England,3.0,2.0,3.0,0.0,12.0,11.0,6.0,6.0,14.0,14.0,3.0,8.0,2.0,1.0,0.0,0.0,,,3,W
6bf45df904910eda79c9,2024-25,2025-01-19,Tottenham,Everton,A,D England,2.0,3.0,0.0,3.0,11.0,12.0,6.0,6.0,14.0,14.0,8.0,3.0,1.0,2.0,0.0,0.0,,,0,L
745f0018a6cb843f9bfa,2024-25,2025-01-19,Manchester United,Brighton & Hove Albion,H,P Bankes,1.0,3.0,1.0,1.0,10.0,6.0,1.0,3.0,13.0,12.0,4.0,2.0,3.0,3.0,0.0,0.0,,,0,L
745f0018a6cb843f9bfa,2024-25,2025-01-19,Brighton & Hove Albion,Manchester United,A,P Bankes,3.0,1.0,1.0,1.0,6.0,10.0,3.0,1.0,12.0,13.0,2.0,4.0,3.0,3.0,0.0,0.0,,,3,W
9b210d64c16b201fff5b,2024-25,2025-01-19,Nottingham Forest,Southampton,H,A Taylor,3.0,2.0,3.0,0.0,14.0,10.0,5.0,4.0,4.0,18.0,2.0,8.0,0.0,4.0,0.0,0.0,,,3,W
9b210d64c16b201fff5b,2024-25,2025-01-19,Southampton,Nottingham Forest,A,A Taylor,2.0,3.0,0.0,3.0,10.0,14.0,4.0,5.0,18.0,4.0,8.0,2.0,4.0,0.0,0.0,0.0,,,0,L
6797376b42db691daf9a,2024-25,2025-01-19,Ipswich,Manchester City,H,S Barrott,0.0,6.0,0.0,3.0,8.0,17.0,4.0,9.0,4.0,7.0,4.0,7.0,0.0,1.0,0.0,0.0,,,0,L
6797376b42db691daf9a,2024-25,2025-01-19,Manchester City,Ipswich,A,S Barrott,6.0,0.0,3.0,0.0,17.0,8.0,9.0,4.0,7.0,4.0,7.0,4.0,1.0,0.0,0.0,0.0,,,3,W
0f6411017486dc05c6b9,2024-25,2025-01-20,Chelsea,Wolverhampton Wanderers,H,S Hooper,3.0,1.0,1.0,1.0,19.0,9.0,7.0,4.0,8.0,14.0,3.0,6.0,4.0,2.0,0.0,0.0,,,3,W
0f6411017486dc05c6b9,2024-25,2025-01-20,Wolverhampton Wanderers,Chelsea,A,S Hooper,1.0,3.0,1.0,1.0,9.0,19.0,4.0,7.0,14.0,8.0,6.0,3.0,2.0,4.0,0.0,0.0,,,0,L
ac21cd8acdadf7b65840,2024-25,2025-01-25,Bournemouth,Nottingham Forest,H,C Pawson,5.0,0.0,1.0,0.0,16.0,18.0,10.0,4.0,9.0,12.0,3.0,9.0,2.0,3.0,0.0,0.0,,,3,W
ac21cd8acdadf7b65840,2024-25,2025-01-25,Nottingham Forest,Bournemouth,A,C Pawson,0.0,5.0,0.0,1.0,18.0,16.0,4.0,10.0,12.0,9.0,9.0,3.0,3.0,2.0,0.0,0.0,,,0,L
5f6ceddf5cf98bee6df1,2024-25,2025-01-25,Brighton & Hove Albion,Everton,H,T Robinson,0.0,1.0,0.0,1.0,16.0,3.0,1.0,1.0,8.0,11.0,9.0,1.0,3.0,4.0,0.0,0.0,,,0,L
5f6ceddf5cf98bee6df1,2024-25,2025-01-25,Everton,Brighton & Hove Albion,A,T Robinson,1.0,0.0,1.0,0.0,3.0,16.0,1.0,1.0,11.0,8.0,1.0,9.0,4.0,3.0,0.0,0.0,,,3,W
712cc8fbb56f1eda64d4,2024-25,2025-01-25,Liverpool,Ipswich,H,M Salisbury,4.0,1.0,3.0,0.0,16.0,3.0,6.0,3.0,10.0,11.0,3.0,4.0,0.0,2.0,0.0,0.0,,,3,W
712cc8fbb56f1eda64d4,2024-25,2025-01-25,Ipswich,Liverpool,A,M Salisbury,1.0,4.0,0.0,3.0,3.0,16.0,3.0,6.0,11.0,10.0,4.0,3.0,2.0,0.0,0.0,0.0,,,0,L
f54973d2c7a88d7c5421,2024-25,2025-01-25,Southampton,Newcastle United,H,S Barrott,1.0,3.0,1.0,2.0,12.0,17.0,5.0,9.0,10.0,5.0,3.0,8.0,1.0,0.0,0.0,0.0,,,0,L
f54973d2c7a88d7c5421,2024-25,2025-01-25,Newcastle United,Southampton,A,S Barrott,3.0,1.0,2.0,1.0,17.0,12.0,9.0,5.0,5.0,10.0,8.0,3.0,0.0,1.0,0.0,0.0,,,3,W
f3423752d4535b86831f,2024-25,2025-01-25,Wolverhampton Wanderers,Arsenal,H,M Oliver,0.0,1.0,0.0,0.0,9.0,9.0,4.0,3.0,20.0,10.0,1.0,5.0,0.0,1.0,1.0,1.0,,,0,L
f3423752d4535b86831f,2024-25,2025-01-25,Arsenal,Wolverhampton Wanderers,A,M Oliver,1.0,0.0,0.0,0.0,9.0,9.0,3.0,4.0,10.0,20.0,5.0,1.0,1.0,0.0,1.0,1.0,,,3,W
d78d30f9021e9b579c0b,2024-25,2025-01-25,Manchester City,Chelsea,H,J Brooks,3.0,1.0,1.0,1.0,15.0,10.0,6.0,4.0,6.0,8.0,2.0,4.0,3.0,2.0,0.0,0.0,,,3,W
d78d30f9021e9b579c0b,2024-25,2025-01-25,Chelsea,Manchester City,A,J Brooks,1.0,3.0,1.0,1.0,10.0,15.0,4.0,6.0,8.0,6.0,4.0,2.0,2.0,3.0,0.0,0.0,,,0,L
5de9f5fc43e6f08d2762,2024-25,2025-01-26,Crystal Palace,Brentford,H,T Harrington,1.0,2.0,0.0,0.0,16.0,13.0,5.0,6.0,8.0,11.0,4.0,7.0,2.0,2.0,0.0,0.0,,,0,L
5de9f5fc43e6f08d2762,2024-25,2025-01-26,Brentford,Crystal Palace,A,T Harrington,2.0,1.0,0.0,0.0,13.0,16.0,6.0,5.0,11.0,8.0,7.0,4.0,2.0,2.0,0.0,0.0,,,3,W
b733bdb688e7157b9173,2024-25,2025-01-26,Tottenham,Leicester,H,R Jones,1.0,2.0,1.0,0.0,15.0,12.0,6.0,3.0,6.0,16.0,6.0,4.0,1.0,5.0,0.0,0.0,,,0,L
b733bdb688e7157b9173,2024-25,2025-01-26,Leicester,Tottenham,A,R Jones,2.0,1.0,0.0,1.0,12.0,15.0,3.0,6.0,16.0,6.0,4.0,6.0,5.0,1.0,0.0,0.0,,,3,W
0b042698543fba3baa8b,2024-25,2025-01-26,Aston Villa,West Ham United,H,P Bankes,1.0,1.0,1.0,0.0,14.0,14.0,4.0,4.0,13.0,16.0,4.0,3.0,2.0,3.0,0.0,0.0,,,1,D
0b042698543fba3baa8b,2024-25,2025-01-26,West Ham United,Aston Villa,A,P Bankes,1.0,1.0,0.0,1.0,14.0,14.0,4.0,4.0,16.0,13.0,3.0,4.0,3.0,2.0,0.0,0.0,,,1,D
433cab5f11ea07db13fd,2024-25,2025-01-26,Fulham,Manchester United,H,A Taylor,0.0,1.0,0.0,0.0,9.0,4.0,3.0,1.0,7.0,9.0,3.0,0.0,0.0,1.0,0.0,0.0,,,0,L
433cab5f11ea07db13fd,2024-25,2025-01-26,Manchester United,Fulham,A,A Taylor,1.0,0.0,0.0,0.0,4.0,9.0,1.0,3.0,9.0,7.0,0.0,3.0,1.0,0.0,0.0,0.0,,,3,W
8570e5efd70c9cdedef0,2024-25,2025-02-01,Nottingham Forest,Brighton & Hove Albion,H,S Hooper,7.0,0.0,3.0,0.0,14.0,10.0,9.0,5.0,8.0,13.0,4.0,6.0,1.0,3.0,0.0,0.0,,,3,W
8570e5efd70c9cdedef0,2024-25,2025-02-01,Brighton & Hove Albion,Nottingham Forest,A,S Hooper,0.0,7.0,0.0,3.0,10.0,14.0,5.0,9.0,13.0,8.0,6.0,4.0,3.0,1.0,0.0,0.0,,,0,L
f9f4efaec7ae2579aa3e,2024-25,2025-02-01,Bournemouth,Liverpool,H,D England,0.0,2.0,0.0,1.0,14.0,19.0,3.0,7.0,15.0,9.0,3.0,3.0,2.0,3.0,0.0,0.0,,,0,L
f9f4efaec7ae2579aa3e,2024-25,2025-02-01,Liverpool,Bournemouth,A,D England,2.0,0.0,1.0,0.0,19.0,14.0,7.0,3.0,9.0,15.0,3.0,3.0,3.0,2.0,0.0,0.0,,,3,W
659e2d3499aea87a19ff,2024-25,2025-02-01,Everton,Leicester,H,D Bond,4.0,0.0,3.0,0.0,13.0,9.0,7.0,1.0,7.0,13.0,5.0,6.0,0.0,0.0,0.0,0.0,,,3,W
659e2d3499aea87a19ff,2024-25,2025-02-01,Leicester,Everton,A,D Bond,0.0,4.0,0.0,3.0,9.0,13.0,1.0,7.0,13.0,7.0,6.0,5.0,0.0,0.0,0.0,0.0,,,0,L
8f364d05ab0294b3e07e,2024-25,2025-02-01,Ipswich,Southampton,H,M Oliver,1.0,2.0,1.0,1.0,15.0,9.0,6.0,4.0,11.0,14.0,1.0,2.0,0.0,3.0,0.0,0.0,,,0,L
8f364d05ab0294b3e07e,2024-25,2025-02-01,Southampton,Ipswich,A,M Oliver,2.0,1.0,1.0,1.0,9.0,15.0,4.0,6.0,14.0,11.0,2.0,1.0,3.0,0.0,0.0,0.0,,,3,W
0f1fb6bfb45397446372,2024-25,2025-02-01,Newcastle United,Fulham,H,C Kavanagh,1.0,2.0,1.0,0.0,11.0,15.0,4.0,4.0,10.0,15.0,4.0,7.0,4.0,4.0,0.0,0.0,,,0,L
0f1fb6bfb45397446372,2024-25,2025-02-01,Fulham,Newcastle United,A,C Kavanagh,2.0,1.0,0.0,1.0,15.0,11.0,4.0,4.0,15.0,10.0,7.0,4.0,4.0,4.0,0.0,0.0,,,3,W
2b95e6a01c5e16434d13,2024-25,2025-02-01,Wolverhampton Wanderers,Aston Villa,H,A Madley,2.0,0.0,1.0,0.0,8.0,10.0,5.0,3.0,20.0,13.0,5.0,8.0,2.0,3.0,0.0,0.0,,,3,W
2b95e6a01c5e16434d13,2024-25,2025-02-01,Aston Villa,Wolverhampton Wanderers,A,A Madley,0.0,2.0,0.0,1.0,10.0,8.0,3.0,5.0,13.0,20.0,8.0,5.0,3.0,2.0,0.0,0.0,,,0,L
870d020839899d8405da,2024-25,2025-02-02,Brentford,Tottenham,H,J Gillett,0.0,2.0,0.0,1.0,20.0,13.0,4.0,2.0,4.0,11.0,10.0,3.0,0.0,1.0,0.0,0.0,,,0,L
870d020839899d8405da,2024-25,2025-02-02,Tottenham,Brentford,A,J Gillett,2.0,0.0,1.0,0.0,13.0,20.0,2.0,4.0,11.0,4.0,3.0,10.0,1.0,0.0,0.0,0.0,,,3,W
4abb421b026e2452bf40,2024-25,2025-02-02,Manchester United,Crystal Palace,H,J Brooks,0.0,2.0,0.0,0.0,17.0,11.0,2.0,3.0,12.0,13.0,11.0,0.0,3.0,1.0,0.0,0.0,,,0,L
4abb421b026e2452bf40,2024-25,2025-02-02,Crystal Palace,Manchester United,A,J Brooks,2.0,0.0,0.0,0.0,11.0,17.0,3.0,2.0,13.0,12.0,0.0,11.0,1.0,3.0,0.0,0.0,,,3,W
f2d47a587223227036ef,2024-25,2025-02-02,Arsenal,Manchester City,H,P Bankes,5.0,1.0,1.0,0.0,12.0,7.0,7.0,4.0,6.0,7.0,5.0,2.0,2.0,0.0,0.0,0.0,,,3,W
f2d47a587223227036ef,2024-25,2025-02-02,Manchester City,Arsenal,A,P Bankes,1.0,5.0,0.0,1.0,7.0,12.0,4.0,7.0,7.0,6.0,2.0,5.0,0.0,2.0,0.0,0.0,,,0,L
3af7a65e3052f96981a8,2024-25,2025-02-03,Chelsea,West Ham United,H,S Attwell,2.0,1.0,0.0,1.0,22.0,14.0,3.0,5.0,11.0,10.0,4.0,3.0,3.0,1.0,0.0,0.0,,,3,W
3af7a65e3052f96981a8,2024-25,2025-02-03,West Ham United,Chelsea,A,S Attwell,1.0,2.0,1.0,0.0,14.0,22.0,5.0,3.0,10.0,11.0,3.0,4.0,1.0,3.0,0.0,0.0,,,0,L
b98ade36f0a67d9d3e81,2024-25,2025-02-12,Everton,Liverpool,H,M Oliver,2.0,2.0,1.0,1.0,10.0,6.0,3.0,4.0,9.0,20.0,2.0,3.0,2.0,2.0,1.0,1.0,,,1,D
b98ade36f0a67d9d3e81,2024-25,2025-02-12,Liverpool,Everton,A,M Oliver,2.0,2.0,1.0,1.0,6.0,10.0,4.0,3.0,20.0,9.0,3.0,2.0,2.0,2.0,1.0,1.0,,,1,D
39bf6cc1e9fb89758456,2024-25,2025-02-14,Brighton & Hove Albion,Chelsea,H,K Kavanagh,3.0,0.0,2.0,0.0,13.0,8.0,5.0,0.0,12.0,15.0,2.0,9.0,1.0,2.0,0.0,0.0,,,3,W
39bf6cc1e9fb89758456,2024-25,2025-02-14,Chelsea,Brighton & Hove Albion,A,K Kavanagh,0.0,3.0,0.0,2.0,8.0,13.0,0.0,5.0,15.0,12.0,9.0,2.0,2.0,1.0,0.0,0.0,,,0,L
f39ed7f396b6ea51f6e7,2024-25,2025-02-15,Leicester,Arsenal,H,S Barrott,0.0,2.0,0.0,0.0,6.0,11.0,2.0,5.0,9.0,10.0,3.0,7.0,2.0,1.0,0.0,0.0,,,0,L
f39ed7f396b6ea51f6e7,2024-25,2025-02-15,Arsenal,Leicester,A,S Barrott,2.0,0.0,0.0,0.0,11.0,6.0,5.0,2.0,10.0,9.0,7.0,3.0,1.0,2.0,0.0,0.0,,,3,W
40272d27158319ed1392,2024-25,2025-02-15,Aston Villa,Ipswich,H,R Jones,1.0,1.0,0.0,0.0,25.0,4.0,6.0,3.0,7.0,11.0,16.0,1.0,0.0,3.0,0.0,1.0,,,1,D
40272d27158319ed1392,2024-25,2025-02-15,Ipswich,Aston Villa,A,R Jones,1.0,1.0,0.0,0.0,4.0,25.0,3.0,6.0,11.0,7.0,1.0,16.0,3.0,0.0,1.0,0.0,,,1,D
3e07cfe8dd75d7c0b36f,2024-25,2025-02-15,Fulham,Nottingham Forest,H,T Bramall,2.0,1.0,1.0,1.0,24.0,8.0,10.0,2.0,13.0,8.0,8.0,4.0,0.0,0.0,0.0,0.0,,,3,W
3e07cfe8dd75d7c0b36f,2024-25,2025-02-15,Nottingham Forest,Fulham,A,T Bramall,1.0,2.0,1.0,1.0,8.0,24.0,2.0,10.0,8.0,13.0,4.0,8.0,0.0,0.0,0.0,0.0,,,0,L
cf1decfb6f8cd529b5c4,2024-25,2025-02-15,Manchester City,Newcastle United,H,A Madley,4.0,0.0,3.0,0.0,11.0,3.0,7.0,1.0,5.0,13.0,7.0,4.0,0.0,1.0,0.0,0.0,,,3,W
cf1decfb6f8cd529b5c4,2024-25,2025-02-15,Newcastle United,Manchester City,A,A Madley,0.0,4.0,0.0,3.0,3.0,11.0,1.0,7.0,13.0,5.0,4.0,7.0,1.0,0.0,0.0,0.0,,,0,L
973cb778bcea1ebf316a,2024-25,2025-02-15,Southampton,Bournemouth,H,J Gillett,1.0,3.0,0.0,2.0,11.0,14.0,4.0,7.0,13.0,15.0,4.0,6.0,1.0,3.0,0.0,0.0,,,0,L
973cb778bcea1ebf316a,2024-25,2025-02-15,Bournemouth,Southampton,A,J Gillett,3.0,1.0,2.0,0.0,14.0,11.0,7.0,4.0,15.0,13.0,6.0,4.0,3.0,1.0,0.0,0.0,,,3,W
5456c40fe06bc5e7dacc,2024-25,2025-02-15,West Ham United,Brentford,H,D England,0.0,1.0,0.0,1.0,13.0,14.0,3.0,5.0,10.0,13.0,9.0,2.0,1.0,1.0,0.0,0.0,,,0,L
5456c40fe06bc5e7dacc,2024-25,2025-02-15,Brentford,West Ham United,A,D England,1.0,0.0,1.0,0.0,14.0,13.0,5.0,3.0,13.0,10.0,2.0,9.0,1.0,1.0,0.0,0.0,,,3,W
8d4b1b3352f3a7cc1909,2024-25,2025-02-15,Crystal Palace,Everton,H,A Taylor,1.0,2.0,0.0,1.0,17.0,11.0,6.0,6.0,9.0,12.0,6.0,2.0,0.0,1.0,0.0,0.0,,,0,L
8d4b1b3352f3a7cc1909,2024-25,2025-02-15,Everton,Crystal Palace,A,A Taylor,2.0,1.0,1.0,0.0,11.0,17.0,6.0,6.0,12.0,9.0,2.0,6.0,1.0,0.0,0.0,0.0,,,3,W
6af160b29e08cf1cdd03,2024-25,2025-02-16,Liverpool,Wolverhampton Wanderers,H,S Hooper,2.0,1.0,2.0,0.0,10.0,16.0,3.0,4.0,15.0,13.0,4.0,3.0,2.0,2.0,0.0,0.0,,,3,W
6af160b29e08cf1cdd03,2024-25,2025-02-16,Wolverhampton Wanderers,Liverpool,A,S Hooper,1.0,2.0,0.0,2.0,16.0,10.0,4.0,3.0,13.0,15.0,3.0,4.0,2.0,2.0,0.0,0.0,,,0,L
fe677c72d2b0c0548c55,2024-25,2025-02-16,Tottenham,Manchester United,H,P Bankes,1.0,0.0,1.0,0.0,22.0,16.0,7.0,6.0,13.0,9.0,10.0,5.0,1.0,2.0,0.0,0.0,,,3,W
fe677c72d2b0c0548c55,2024-25,2025-02-16,Manchester United,Tottenham,A,P Bankes,0.0,1.0,0.0,1.0,16.0,22.0,6.0,7.0,9.0,13.0,5.0,10.0,2.0,1.0,0.0,0.0,,,0,L
cb04b6f36a90f2def0cb,2024-25,2025-02-19,Aston Villa,Liverpool,H,C Pawson,2.0,2.0,2.0,1.0,9.0,17.0,4.0,3.0,8.0,6.0,6.0,8.0,1.0,0.0,0.0,0.0,,,1,D
cb04b6f36a90f2def0cb,2024-25,2025-02-19,Liverpool,Aston Villa,A,C Pawson,2.0,2.0,1.0,2.0,17.0,9.0,3.0,4.0,6.0,8.0,8.0,6.0,0.0,1.0,0.0,0.0,,,1,D
12b297cb3f99dfcdcf21,2024-25,2025-02-21,Leicester,Brentford,H,T Harrington,0.0,4.0,0.0,3.0,8.0,14.0,3.0,6.0,10.0,10.0,5.0,6.0,4.0,0.0,0.0,0.0,,,0,L
12b297cb3f99dfcdcf21,2024-25,2025-02-21,Brentford,Leicester,A,T Harrington,4.0,0.0,3.0,0.0,14.0,8.0,6.0,3.0,10.0,10.0,6.0,5.0,0.0,4.0,0.0,0.0,,,3,W
6f13a59b49ded5abc9ab,2024-25,2025-02-22,Everton,Manchester United,H,A Madley,2.0,2.0,2.0,0.0,9.0,9.0,8.0,3.0,12.0,9.0,7.0,9.0,4.0,1.0,0.0,0.0,,,1,D
6f13a59b49ded5abc9ab,2024-25,2025-02-22,Manchester United,Everton,A,A Madley,2.0,2.0,0.0,2.0,9.0,9.0,3.0,8.0,9.0,12.0,9.0,7.0,1.0,4.0,0.0,0.0,,,1,D
36399cc53d11c10cfce5,2024-25,2025-02-22,Arsenal,West Ham United,H,C Pawson,0.0,1.0,0.0,1.0,20.0,5.0,2.0,2.0,16.0,15.0,2.0,0.0,1.0,3.0,1.0,0.0,,,0,L
36399cc53d11c10cfce5,2024-25,2025-02-22,West Ham United,Arsenal,A,C Pawson,1.0,0.0,1.0,0.0,5.0,20.0,2.0,2.0,15.0,16.0,0.0,2.0,3.0,1.0,0.0,1.0,,,3,W
c0637de2814ecd1310ed,2024-25,2025-02-22,Bournemouth,Wolverhampton Wanderers,H,M Salisbury,0.0,1.0,0.0,1.0,8.0,13.0,3.0,5.0,17.0,9.0,6.0,7.0,3.0,3.0,1.0,0.0,,,0,L
c0637de2814ecd1310ed,2024-25,2025-02-22,Wolverhampton Wanderers,Bournemouth,A,M Salisbury,1.0,0.0,1.0,0.0,13.0,8.0,5.0,3.0,9.0,17.0,7.0,6.0,3.0,3.0,0.0,1.0,,,3,W
2550264aa916f39e18f2,2024-25,2025-02-22,Fulham,Crystal Palace,H,R Jones,0.0,2.0,0.0,1.0,10.0,10.0,0.0,5.0,10.0,7.0,7.0,7.0,1.0,3.0,0.0,0.0,,,0,L
2550264aa916f39e18f2,2024-25,2025-02-22,Crystal Palace,Fulham,A,R Jones,2.0,0.0,1.0,0.0,10.0,10.0,5.0,0.0,7.0,10.0,7.0,7.0,3.0,1.0,0.0,0.0,,,3,W
c0c589a2b7e8c2d5f8e5,2024-25,2025-02-22,Ipswich,Tottenham,H,T Robinson,1.0,4.0,1.0,2.0,17.0,10.0,5.0,6.0,15.0,14.0,4.0,4.0,2.0,1.0,0.0,0.0,,,0,L
c0c589a2b7e8c2d5f8e5,2024-25,2025-02-22,Tottenham,Ipswich,A,T Robinson,4.0,1.0,2.0,1.0,10.0,17.0,6.0,5.0,14.0,15.0,4.0,4.0,1.0,2.0,0.0,0.0,,,3,W
0a96d26895206cc0fef3,2024-25,2025-02-22,Southampton,Brighton & Hove Albion,H,D Bond,0.0,4.0,0.0,1.0,6.0,18.0,1.0,12.0,11.0,12.0,5.0,6.0,2.0,0.0,0.0,0.0,,,0,L
0a96d26895206cc0fef3,2024-25,2025-02-22,Brighton & Hove Albion,Southampton,A,D Bond,4.0,0.0,1.0,0.0,18.0,6.0,12.0,1.0,12.0,11.0,6.0,5.0,0.0,2.0,0.0,0.0,,,3,W
e990e67be559bcd67895,2024-25,2025-02-22,Aston Villa,Chelsea,H,M Oliver,2.0,1.0,0.0,1.0,12.0,15.0,6.0,7.0,15.0,16.0,2.0,3.0,1.0,3.0,0.0,0.0,,,3,W
e990e67be559bcd67895,2024-25,2025-02-22,Chelsea,Aston Villa,A,M Oliver,1.0,2.0,1.0,0.0,15.0,12.0,7.0,6.0,16.0,15.0,3.0,2.0,3.0,1.0,0.0,0.0,,,0,L
1e29ec3c7f3b3936f340,2024-25,2025-02-23,Newcastle United,Nottingham Forest,H,J Gillett,4.0,3.0,4.0,1.0,13.0,17.0,5.0,5.0,11.0,13.0,7.0,6.0,1.0,4.0,0.0,0.0,,,3,W
1e29ec3c7f3b3936f340,2024-25,2025-02-23,Nottingham Forest,Newcastle United,A,J Gillett,3.0,4.0,1.0,4.0,17.0,13.0,5.0,5.0,13.0,11.0,6.0,7.0,4.0,1.0,0.0,0.0,,,0,L
893783e9e9efa35687da,2024-25,2025-02-23,Manchester City,Liverpool,H,A Taylor,0.0,2.0,0.0,2.0,16.0,8.0,5.0,4.0,3.0,10.0,7.0,5.0,0.0,0.0,0.0,0.0,,,0,L
893783e9e9efa35687da,2024-25,2025-02-23,Liverpool,Manchester City,A,A Taylor,2.0,0.0,2.0,0.0,8.0,16.0,4.0,5.0,10.0,3.0,5.0,7.0,0.0,0.0,0.0,0.0,,,3,W
59d8d8808e7a60471585,2024-25,2025-02-25,Brighton & Hove Albion,Bournemouth,H,M Oliver,2.0,1.0,1.0,0.0,11.0,19.0,4.0,5.0,12.0,14.0,1.0,9.0,2.0,1.0,0.0,0.0,,,3,W
59d8d8808e7a60471585,2024-25,2025-02-25,Bournemouth,Brighton & Hove Albion,A,M Oliver,1.0,2.0,0.0,1.0,19.0,11.0,5.0,4.0,14.0,12.0,9.0,1.0,1.0,2.0,0.0,0.0,,,0,L
850564044cb5dc7c7f4f,2024-25,2025-02-25,Crystal Palace,Aston Villa,H,S Barrott,4.0,1.0,1.0,0.0,19.0,6.0,6.0,2.0,19.0,10.0,3.0,8.0,3.0,1.0,0.0,0.0,,,3,W
850564044cb5dc7c7f4f,2024-25,2025-02-25,Aston Villa,Crystal Palace,A,S Barrott,1.0,4.0,0.0,1.0,6.0,19.0,2.0,6.0,10.0,19.0,8.0,3.0,1.0,3.0,0.0,0.0,,,0,L
5b21a1984351fe314b22,2024-25,2025-02-25,Wolverhampton Wanderers,Fulham,H,P Bankes,1.0,2.0,1.0,1.0,18.0,11.0,5.0,5.0,8.0,15.0,7.0,5.0,1.0,3.0,0.0,0.0,,,0,L
5b21a1984351fe314b22,2024-25,2025-02-25,Fulham,Wolverhampton Wanderers,A,P Bankes,2.0,1.0,1.0,1.0,11.0,18.0,5.0,5.0,15.0,8.0,5.0,7.0,3.0,1.0,0.0,0.0,,,3,W
d1e0245b680bd04e9d89,2024-25,2025-02-25,Chelsea,Southampton,H,T Bramall,4.0,0.0,3.0,0.0,19.0,7.0,10.0,2.0,6.0,9.0,4.0,2.0,1.0,2.0,0.0,0.0,,,3,W
d1e0245b680bd04e9d89,2024-25,2025-02-25,Southampton,Chelsea,A,T Bramall,0.0,4.0,0.0,3.0,7.0,19.0,2.0,10.0,9.0,6.0,2.0,4.0,2.0,1.0,0.0,0.0,,,0,L
0065d8e025db6a515e61,2024-25,2025-02-26,Brentford,Everton,H,S Hooper,1.0,1.0,1.0,0.0,12.0,14.0,3.0,4.0,3.0,6.0,2.0,5.0,2.0,1.0,0.0,0.0,,,1,D
0065d8e025db6a515e61,2024-25,2025-02-26,Everton,Brentford,A,S Hooper,1.0,1.0,0.0,1.0,14.0,12.0,4.0,3.0,6.0,3.0,5.0,2.0,1.0,2.0,0.0,0.0,,,1,D
4ca3a316433a04fd023e,2024-25,2025-02-26,Manchester United,Ipswich,H,D England,3.0,2.0,2.0,2.0,10.0,12.0,6.0,3.0,9.0,16.0,5.0,6.0,4.0,4.0,1.0,0.0,,,3,W
4ca3a316433a04fd023e,2024-25,2025-02-26,Ipswich,Manchester United,A,D England,2.0,3.0,2.0,2.0,12.0,10.0,3.0,6.0,16.0,9.0,6.0,5.0,4.0,4.0,0.0,1.0,,,0,L
9e05757f039c2e578fd5,2024-25,2025-02-26,Nottingham Forest,Arsenal,H,A Madley,0.0,0.0,0.0,0.0,6.0,13.0,2.0,1.0,10.0,17.0,3.0,11.0,1.0,1.0,0.0,0.0,,,1,D
9e05757f039c2e578fd5,2024-25,2025-02-26,Arsenal,Nottingham Forest,A,A Madley,0.0,0.0,0.0,0.0,13.0,6.0,1.0,2.0,17.0,10.0,11.0,3.0,1.0,1.0,0.0,0.0,,,1,D
83d08e092a4018ea519c,2024-25,2025-02-26,Tottenham,Manchester City,H,J Gillett,0.0,1.0,0.0,1.0,11.0,12.0,6.0,5.0,12.0,15.0,8.0,3.0,3.0,0.0,0.0,0.0,,,0,L
83d08e092a4018ea519c,2024-25,2025-02-26,Manchester City,Tottenham,A,J Gillett,1.0,0.0,1.0,0.0,12.0,11.0,5.0,6.0,15.0,12.0,3.0,8.0,0.0,3.0,0.0,0.0,,,3,W
15adbd147343bf0f6cb1,2024-25,2025-02-26,Liverpool,Newcastle United,H,C Kavanagh,2.0,0.0,1.0,0.0,12.0,3.0,3.0,0.0,12.0,11.0,4.0,2.0,0.0,1.0,0.0,0.0,,,3,W
15adbd147343bf0f6cb1,2024-25,2025-02-26,Newcastle United,Liverpool,A,C Kavanagh,0.0,2.0,0.0,1.0,3.0,12.0,0.0,3.0,11.0,12.0,2.0,4.0,1.0,0.0,0.0,0.0,,,0,L
5b11f7dcd320378d7a31,2024-25,2025-02-27,West Ham United,Leicester,H,S Attwell,2.0,0.0,2.0,0.0,8.0,10.0,2.0,2.0,12.0,6.0,3.0,3.0,0.0,0.0,0.0,0.0,,,3,W
5b11f7dcd320378d7a31,2024-25,2025-02-27,Leicester,West Ham United,A,S Attwell,0.0,2.0,0.0,2.0,10.0,8.0,2.0,2.0,6.0,12.0,3.0,3.0,0.0,0.0,0.0,0.0,,,0,L
f972e096278b5ade1aba,2024-25,2025-03-08,Nottingham Forest,Manchester City,H,C Kavanagh,1.0,0.0,0.0,0.0,9.0,14.0,4.0,3.0,9.0,7.0,3.0,2.0,3.0,2.0,0.0,0.0,,,3,W
f972e096278b5ade1aba,2024-25,2025-03-08,Manchester City,Nottingham Forest,A,C Kavanagh,0.0,1.0,0.0,0.0,14.0,9.0,3.0,4.0,7.0,9.0,2.0,3.0,2.0,3.0,0.0,0.0,,,0,L
96b5795a0186264f1aef,2024-25,2025-03-08,Brighton & Hove Albion,Fulham,H,S Barrott,2.0,1.0,1.0,1.0,9.0,6.0,4.0,1.0,6.0,12.0,3.0,7.0,0.0,2.0,0.0,0.0,,,3,W
96b5795a0186264f1aef,2024-25,2025-03-08,Fulham,Brighton & Hove Albion,A,S Barrott,1.0,2.0,1.0,1.0,6.0,9.0,1.0,4.0,12.0,6.0,7.0,3.0,2.0,0.0,0.0,0.0,,,0,L
3c512ba90ad1af15ca54,2024-25,2025-03-08,Crystal Palace,Ipswich,H,S Hooper,1.0,0.0,0.0,0.0,19.0,15.0,4.0,8.0,8.0,7.0,5.0,4.0,4.0,3.0,0.0,0.0,,,3,W
3c512ba90ad1af15ca54,2024-25,2025-03-08,Ipswich,Crystal Palace,A,S Hooper,0.0,1.0,0.0,0.0,15.0,19.0,8.0,4.0,7.0,8.0,4.0,5.0,3.0,4.0,0.0,0.0,,,0,L
814f86354ef1bc566aec,2024-25,2025-03-08,Liverpool,Southampton,H,L Smith,3.0,1.0,0.0,1.0,28.0,6.0,7.0,4.0,10.0,9.0,6.0,4.0,2.0,1.0,0.0,0.0,,,3,W
814f86354ef1bc566aec,2024-25,2025-03-08,Southampton,Liverpool,A,L Smith,1.0,3.0,1.0,0.0,6.0,28.0,4.0,7.0,9.0,10.0,4.0,6.0,1.0,2.0,0.0,0.0,,,0,L
811f37e87bb3ff9c6e5d,2024-25,2025-03-08,Brentford,Aston Villa,H,J Gillett,0.0,1.0,0.0,0.0,13.0,12.0,3.0,4.0,10.0,5.0,6.0,5.0,2.0,2.0,0.0,0.0,,,0,L
811f37e87bb3ff9c6e5d,2024-25,2025-03-08,Aston Villa,Brentford,A,J Gillett,1.0,0.0,0.0,0.0,12.0,13.0,4.0,3.0,5.0,10.0,5.0,6.0,2.0,2.0,0.0,0.0,,,3,W
492b55e6328d0ef90a29,2024-25,2025-03-08,Wolverhampton Wanderers,Everton,H,S Attwell,1.0,1.0,1.0,1.0,11.0,12.0,3.0,4.0,11.0,16.0,5.0,5.0,2.0,2.0,0.0,0.0,,,1,D
492b55e6328d0ef90a29,2024-25,2025-03-08,Everton,Wolverhampton Wanderers,A,S Attwell,1.0,1.0,1.0,1.0,12.0,11.0,4.0,3.0,16.0,11.0,5.0,5.0,2.0,2.0,0.0,0.0,,,1,D
55b7db40f30ef7a37200,2024-25,2025-03-09,Chelsea,Leicester,H,T Robinson,1.0,0.0,0.0,0.0,20.0,3.0,7.0,3.0,12.0,13.0,12.0,2.0,1.0,0.0,0.0,0.0,,,3,W
55b7db40f30ef7a37200,2024-25,2025-03-09,Leicester,Chelsea,A,T Robinson,0.0,1.0,0.0,0.0,3.0,20.0,3.0,7.0,13.0,12.0,2.0,12.0,0.0,1.0,0.0,0.0,,,0,L
0f40addffe30839d2464,2024-25,2025-03-09,Tottenham,Bournemouth,H,J Brooks,2.0,2.0,0.0,1.0,12.0,17.0,4.0,8.0,15.0,16.0,3.0,6.0,3.0,3.0,0.0,0.0,,,1,D
0f40addffe30839d2464,2024-25,2025-03-09,Bournemouth,Tottenham,A,J Brooks,2.0,2.0,1.0,0.0,17.0,12.0,8.0,4.0,16.0,15.0,6.0,3.0,3.0,3.0,0.0,0.0,,,1,D
516c0de6028a40405999,2024-25,2025-03-09,Manchester United,Arsenal,H,A Taylor,1.0,1.0,1.0,0.0,10.0,17.0,6.0,6.0,8.0,11.0,2.0,9.0,0.0,1.0,0.0,0.0,,,1,D
516c0de6028a40405999,2024-25,2025-03-09,Arsenal,Manchester United,A,A Taylor,1.0,1.0,0.0,1.0,17.0,10.0,6.0,6.0,11.0,8.0,9.0,2.0,1.0,0.0,0.0,0.0,,,1,D
0d70e4615c4ef30f4023,2024-25,2025-03-10,West Ham United,Newcastle United,H,M Salisbury,0.0,1.0,0.0,0.0,9.0,9.0,2.0,3.0,7.0,15.0,3.0,4.0,0.0,1.0,0.0,0.0,,,0,L
0d70e4615c4ef30f4023,2024-25,2025-03-10,Newcastle United,West Ham United,A,M Salisbury,1.0,0.0,0.0,0.0,9.0,9.0,3.0,2.0,15.0,7.0,4.0,3.0,1.0,0.0,0.0,0.0,,,3,W
8ccad75a6effb3bfe628,2024-25,2025-03-15,Everton,West Ham United,H,D Bond,1.0,1.0,0.0,0.0,13.0,10.0,5.0,5.0,12.0,8.0,6.0,5.0,1.0,2.0,0.0,0.0,,,1,D
8ccad75a6effb3bfe628,2024-25,2025-03-15,West Ham United,Everton,A,D Bond,1.0,1.0,0.0,0.0,10.0,13.0,5.0,5.0,8.0,12.0,5.0,6.0,2.0,1.0,0.0,0.0,,,1,D
eaf24b45194c0e2d0c55,2024-25,2025-03-15,Ipswich,Nottingham Forest,H,M Salisbury,2.0,4.0,0.0,3.0,11.0,11.0,4.0,6.0,4.0,13.0,6.0,3.0,1.0,1.0,0.0,0.0,,,0,L
eaf24b45194c0e2d0c55,2024-25,2025-03-15,Nottingham Forest,Ipswich,A,M Salisbury,4.0,2.0,3.0,0.0,11.0,11.0,6.0,4.0,13.0,4.0,3.0,6.0,1.0,1.0,0.0,0.0,,,3,W
e0a957f97d244a2af43d,2024-25,2025-03-15,Manchester City,Brighton & Hove Albion,H,S Hooper,2.0,2.0,2.0,1.0,11.0,15.0,3.0,3.0,10.0,10.0,4.0,5.0,2.0,5.0,0.0,0.0,,,1,D
e0a957f97d244a2af43d,2024-25,2025-03-15,Brighton & Hove Albion,Manchester City,A,S Hooper,2.0,2.0,1.0,2.0,15.0,11.0,3.0,3.0,10.0,10.0,5.0,4.0,5.0,2.0,0.0,0.0,,,1,D
3a5afb1d2351758d38b2,2024-25,2025-03-15,Southampton,Wolverhampton Wanderers,H,R Jones,1.0,2.0,0.0,1.0,10.0,5.0,3.0,3.0,12.0,13.0,5.0,1.0,0.0,0.0,0.0,0.0,,,0,L
3a5afb1d2351758d38b2,2024-25,2025-03-15,Wolverhampton Wanderers,Southampton,A,R Jones,2.0,1.0,1.0,0.0,5.0,10.0,3.0,3.0,13.0,12.0,1.0,5.0,0.0,0.0,0.0,0.0,,,3,W
fa0ad98f46a8222fbc63,2024-25,2025-03-15,Bournemouth,Brentford,H,C Pawson,1.0,2.0,1.0,1.0,17.0,10.0,5.0,4.0,13.0,7.0,4.0,3.0,3.0,0.0,0.0,0.0,,,0,L
fa0ad98f46a8222fbc63,2024-25,2025-03-15,Brentford,Bournemouth,A,C Pawson,2.0,1.0,1.0,1.0,10.0,17.0,4.0,5.0,7.0,13.0,3.0,4.0,0.0,3.0,0.0,0.0,,,3,W
40adf861f2ca0eebfcbc,2024-25,2025-03-16,Arsenal,Chelsea,H,C Kavanagh,1.0,0.0,1.0,0.0,12.0,8.0,4.0,2.0,10.0,13.0,5.0,4.0,3.0,3.0,0.0,0.0,,,3,W
40adf861f2ca0eebfcbc,2024-25,2025-03-16,Chelsea,Arsenal,A,C Kavanagh,0.0,1.0,0.0,1.0,8.0,12.0,2.0,4.0,13.0,10.0,4.0,5.0,3.0,3.0,0.0,0.0,,,0,L
e2f534196f4b8c7cce74,2024-25,2025-03-16,Fulham,Tottenham,H,A Madley,2.0,0.0,0.0,0.0,13.0,12.0,4.0,4.0,13.0,10.0,6.0,5.0,0.0,0.0,0.0,0.0,,,3,W
e2f534196f4b8c7cce74,2024-25,2025-03-16,Tottenham,Fulham,A,A Madley,0.0,2.0,0.0,0.0,12.0,13.0,4.0,4.0,10.0,13.0,5.0,6.0,0.0,0.0,0.0,0.0,,,0,L
7f6c9d63bdd0715476c7,2024-25,2025-03-16,Leicester,Manchester United,H,T Bramall,0.0,3.0,0.0,1.0,11.0,18.0,3.0,5.0,6.0,6.0,6.0,4.0,2.0,0.0,0.0,0.0,,,0,L
7f6c9d63bdd0715476c7,2024-25,2025-03-16,Manchester United,Leicester,A,T Bramall,3.0,0.0,1.0,0.0,18.0,11.0,5.0,3.0,6.0,6.0,4.0,6.0,0.0,2.0,0.0,0.0,,,3,W
1c051feb086d745cac26,2024-25,2025-04-01,Arsenal,Fulham,H,J Brooks,2.0,1.0,1.0,0.0,17.0,9.0,4.0,3.0,2.0,10.0,5.0,4.0,1.0,2.0,0.0,0.0,,,3,W
1c051feb086d745cac26,2024-25,2025-04-01,Fulham,Arsenal,A,J Brooks,1.0,2.0,0.0,1.0,9.0,17.0,3.0,4.0,10.0,2.0,4.0,5.0,2.0,1.0,0.0,0.0,,,0,L
c5aeb8d3348985d00464,2024-25,2025-04-01,Wolverhampton Wanderers,West Ham United,H,T Harrington,1.0,0.0,1.0,0.0,9.0,10.0,2.0,1.0,16.0,12.0,1.0,2.0,4.0,2.0,0.0,0.0,,,3,W
c5aeb8d3348985d00464,2024-25,2025-04-01,West Ham United,Wolverhampton Wanderers,A,T Harrington,0.0,1.0,0.0,1.0,10.0,9.0,1.0,2.0,12.0,16.0,2.0,1.0,2.0,4.0,0.0,0.0,,,0,L
71ee351f86c6fe662433,2024-25,2025-04-01,Nottingham Forest,Manchester United,H,J Gillett,1.0,0.0,1.0,0.0,8.0,23.0,2.0,6.0,5.0,12.0,3.0,10.0,1.0,3.0,0.0,0.0,,,3,W
71ee351f86c6fe662433,2024-25,2025-04-01,Manchester United,Nottingham Forest,A,J Gillett,0.0,1.0,0.0,1.0,23.0,8.0,6.0,2.0,12.0,5.0,10.0,3.0,3.0,1.0,0.0,0.0,,,0,L
465230139add89da44d0,2024-25,2025-04-02,Bournemouth,Ipswich,H,R Jones,1.0,2.0,0.0,1.0,24.0,10.0,7.0,2.0,14.0,15.0,8.0,3.0,1.0,2.0,0.0,0.0,,,0,L
465230139add89da44d0,2024-25,2025-04-02,Ipswich,Bournemouth,A,R Jones,2.0,1.0,1.0,0.0,10.0,24.0,2.0,7.0,15.0,14.0,3.0,8.0,2.0,1.0,0.0,0.0,,,3,W
7c2787f256bcf380dc04,2024-25,2025-04-02,Brighton & Hove Albion,Aston Villa,H,S Attwell,0.0,3.0,0.0,0.0,11.0,8.0,4.0,5.0,16.0,11.0,4.0,0.0,1.0,3.0,0.0,0.0,,,0,L
7c2787f256bcf380dc04,2024-25,2025-04-02,Aston Villa,Brighton & Hove Albion,A,S Attwell,3.0,0.0,0.0,0.0,8.0,11.0,5.0,4.0,11.0,16.0,0.0,4.0,3.0,1.0,0.0,0.0,,,3,W
4a3a1d69299d67d57607,2024-25,2025-04-02,Manchester City,Leicester,H,D England,2.0,0.0,2.0,0.0,18.0,2.0,5.0,0.0,11.0,8.0,5.0,0.0,1.0,4.0,0.0,0.0,,,3,W
4a3a1d69299d67d57607,2024-25,2025-04-02,Leicester,Manchester City,A,D England,0.0,2.0,0.0,2.0,2.0,18.0,0.0,5.0,8.0,11.0,0.0,5.0,4.0,1.0,0.0,0.0,,,0,L
e955f346ef7c05c3beff,2024-25,2025-04-02,Newcastle United,Brentford,H,P Bankes,2.0,1.0,1.0,0.0,21.0,12.0,4.0,3.0,12.0,12.0,4.0,5.0,1.0,1.0,0.0,0.0,,,3,W
e955f346ef7c05c3beff,2024-25,2025-04-02,Brentford,Newcastle United,A,P Bankes,1.0,2.0,0.0,1.0,12.0,21.0,3.0,4.0,12.0,12.0,5.0,4.0,1.0,1.0,0.0,0.0,,,0,L
1b24b4a4a9a35a37df6d,2024-25,2025-04-02,Southampton,Crystal Palace,H,A Madley,1.0,1.0,1.0,0.0,8.0,9.0,2.0,3.0,14.0,9.0,2.0,2.0,2.0,1.0,0.0,0.0,,,1,D
1b24b4a4a9a35a37df6d,2024-25,2025-04-02,Crystal Palace,Southampton,A,A Madley,1.0,1.0,0.0,1.0,9.0,8.0,3.0,2.0,9.0,14.0,2.0,2.0,1.0,2.0,0.0,0.0,,,1,D
a69d9cc1d234dbeb0a8e,2024-25,2025-04-02,Liverpool,Everton,H,S Barrott,1.0,0.0,0.0,0.0,17.0,5.0,3.0,0.0,7.0,11.0,11.0,5.0,2.0,2.0,0.0,0.0,,,3,W
a69d9cc1d234dbeb0a8e,2024-25,2025-04-02,Everton,Liverpool,A,S Barrott,0.0,1.0,0.0,0.0,5.0,17.0,0.0,3.0,11.0,7.0,5.0,11.0,2.0,2.0,0.0,0.0,,,0,L
c24ee2c5b7c108d178ff,2024-25,2025-04-03,Chelsea,Tottenham,H,C Pawson,1.0,0.0,0.0,0.0,11.0,8.0,5.0,2.0,7.0,16.0,4.0,6.0,5.0,5.0,0.0,0.0,,,3,W
c24ee2c5b7c108d178ff,2024-25,2025-04-03,Tottenham,Chelsea,A,C Pawson,0.0,1.0,0.0,0.0,8.0,11.0,2.0,5.0,16.0,7.0,6.0,4.0,5.0,5.0,0.0,0.0,,,0,L
30a0c4d950bb49f63a20,2024-25,2025-04-05,Everton,Arsenal,H,D England,1.0,1.0,0.0,1.0,5.0,14.0,2.0,5.0,17.0,13.0,3.0,8.0,3.0,1.0,0.0,0.0,,,1,D
30a0c4d950bb49f63a20,2024-25,2025-04-05,Arsenal,Everton,A,D England,1.0,1.0,1.0,0.0,14.0,5.0,5.0,2.0,13.0,17.0,8.0,3.0,1.0,3.0,0.0,0.0,,,1,D
c21dbc9f2e79d23207ed,2024-25,2025-04-05,Crystal Palace,Brighton & Hove Albion,H,A Taylor,2.0,1.0,1.0,1.0,8.0,11.0,3.0,5.0,12.0,13.0,2.0,4.0,0.0,1.0,2.0,1.0,,,3,W
c21dbc9f2e79d23207ed,2024-25,2025-04-05,Brighton & Hove Albion,Crystal Palace,A,A Taylor,1.0,2.0,1.0,1.0,11.0,8.0,5.0,3.0,13.0,12.0,4.0,2.0,1.0,0.0,1.0,2.0,,,0,L
4e4d370bec4f503924e8,2024-25,2025-04-05,Ipswich,Wolverhampton Wanderers,H,P Bankes,1.0,2.0,1.0,0.0,6.0,22.0,2.0,7.0,12.0,16.0,4.0,8.0,2.0,2.0,0.0,0.0,,,0,L
4e4d370bec4f503924e8,2024-25,2025-04-05,Wolverhampton Wanderers,Ipswich,A,P Bankes,2.0,1.0,0.0,1.0,22.0,6.0,7.0,2.0,16.0,12.0,8.0,4.0,2.0,2.0,0.0,0.0,,,3,W
5942ab71f8d8409bfe57,2024-25,2025-04-05,West Ham United,Bournemouth,H,T Robinson,2.0,2.0,0.0,1.0,9.0,11.0,3.0,4.0,13.0,13.0,4.0,7.0,2.0,2.0,0.0,0.0,,,1,D
5942ab71f8d8409bfe57,2024-25,2025-04-05,Bournemouth,West Ham United,A,T Robinson,2.0,2.0,1.0,0.0,11.0,9.0,4.0,3.0,13.0,13.0,7.0,4.0,2.0,2.0,0.0,0.0,,,1,D
bfd7a5e741155349f498,2024-25,2025-04-05,Aston Villa,Nottingham Forest,H,S Hooper,2.0,1.0,2.0,0.0,17.0,19.0,8.0,3.0,7.0,15.0,4.0,4.0,2.0,2.0,0.0,0.0,,,3,W
bfd7a5e741155349f498,2024-25,2025-04-05,Nottingham Forest,Aston Villa,A,S Hooper,1.0,2.0,0.0,2.0,19.0,17.0,3.0,8.0,15.0,7.0,4.0,4.0,2.0,2.0,0.0,0.0,,,0,L
12348e5b970f198f8ed7,2024-25,2025-04-06,Brentford,Chelsea,H,M Oliver,0.0,0.0,0.0,0.0,9.0,21.0,2.0,5.0,12.0,12.0,3.0,6.0,1.0,3.0,0.0,0.0,,,1,D
12348e5b970f198f8ed7,2024-25,2025-04-06,Chelsea,Brentford,A,M Oliver,0.0,0.0,0.0,0.0,21.0,9.0,5.0,2.0,12.0,12.0,6.0,3.0,3.0,1.0,0.0,0.0,,,1,D
66745bbf49d7d8060b2a,2024-25,2025-04-06,Fulham,Liverpool,H,C Kavanagh,3.0,2.0,3.0,1.0,12.0,14.0,6.0,6.0,10.0,9.0,4.0,4.0,3.0,0.0,0.0,0.0,,,3,W
66745bbf49d7d8060b2a,2024-25,2025-04-06,Liverpool,Fulham,A,C Kavanagh,2.0,3.0,1.0,3.0,14.0,12.0,6.0,6.0,9.0,10.0,4.0,4.0,0.0,3.0,0.0,0.0,,,0,L
95a6a18dca861905898e,2024-25,2025-04-06,Tottenham,Southampton,H,M Salisbury,3.0,1.0,2.0,0.0,13.0,12.0,8.0,4.0,16.0,20.0,4.0,1.0,1.0,1.0,0.0,0.0,,,3,W
95a6a18dca861905898e,2024-25,2025-04-06,Southampton,Tottenham,A,M Salisbury,1.0,3.0,0.0,2.0,12.0,13.0,4.0,8.0,20.0,16.0,1.0,4.0,1.0,1.0,0.0,0.0,,,0,L
f23480af2b86bb1b909b,2024-25,2025-04-06,Manchester United,Manchester City,H,J Brooks,0.0,0.0,0.0,0.0,13.0,9.0,2.0,5.0,13.0,9.0,5.0,3.0,3.0,2.0,0.0,0.0,,,1,D
f23480af2b86bb1b909b,2024-25,2025-04-06,Manchester City,Manchester United,A,J Brooks,0.0,0.0,0.0,0.0,9.0,13.0,5.0,2.0,9.0,13.0,3.0,5.0,2.0,3.0,0.0,0.0,,,1,D
f68c131c9d4a35fdbdf5,2024-25,2025-04-07,Leicester,Newcastle United,H,R Jones,0.0,3.0,0.0,3.0,7.0,16.0,2.0,5.0,8.0,9.0,12.0,2.0,2.0,0.0,0.0,0.0,,,0,L
f68c131c9d4a35fdbdf5,2024-25,2025-04-07,Newcastle United,Leicester,A,R Jones,3.0,0.0,3.0,0.0,16.0,7.0,5.0,2.0,9.0,8.0,2.0,12.0,0.0,2.0,0.0,0.0,,,3,W
58bbd2c2f6b3e4a74e20,2024-25,2025-04-12,Manchester City,Crystal Palace,H,J Gillett,5.0,2.0,2.0,2.0,21.0,8.0,9.0,3.0,10.0,16.0,1.0,4.0,2.0,3.0,0.0,0.0,,,3,W
58bbd2c2f6b3e4a74e20,2024-25,2025-04-12,Crystal Palace,Manchester City,A,J Gillett,2.0,5.0,2.0,2.0,8.0,21.0,3.0,9.0,16.0,10.0,4.0,1.0,3.0,2.0,0.0,0.0,,,0,L
15660a362eefdc7798f5,2024-25,2025-04-12,Brighton & Hove Albion,Leicester,H,D Bond,2.0,2.0,1.0,1.0,21.0,15.0,7.0,6.0,9.0,11.0,3.0,6.0,2.0,5.0,0.0,0.0,,,1,D
15660a362eefdc7798f5,2024-25,2025-04-12,Leicester,Brighton & Hove Albion,A,D Bond,2.0,2.0,1.0,1.0,15.0,21.0,6.0,7.0,11.0,9.0,6.0,3.0,5.0,2.0,0.0,0.0,,,1,D
8307137a21f814c6d212,2024-25,2025-04-12,Nottingham Forest,Everton,H,C Pawson,0.0,1.0,0.0,0.0,10.0,13.0,5.0,5.0,9.0,13.0,1.0,7.0,0.0,3.0,0.0,0.0,,,0,L
8307137a21f814c6d212,2024-25,2025-04-12,Everton,Nottingham Forest,A,C Pawson,1.0,0.0,0.0,0.0,13.0,10.0,5.0,5.0,13.0,9.0,7.0,1.0,3.0,0.0,0.0,0.0,,,3,W
bd949c137f35d5786fe7,2024-25,2025-04-12,Southampton,Aston Villa,H,T Bramall,0.0,3.0,0.0,0.0,7.0,25.0,2.0,10.0,11.0,4.0,2.0,14.0,3.0,1.0,0.0,0.0,,,0,L
bd949c137f35d5786fe7,2024-25,2025-04-12,Aston Villa,Southampton,A,T Bramall,3.0,0.0,0.0,0.0,25.0,7.0,10.0,2.0,4.0,11.0,14.0,2.0,1.0,3.0,0.0,0.0,,,3,W
a608e882f5ff8fa49982,2024-25,2025-04-12,Arsenal,Brentford,H,S Hooper,1.0,1.0,0.0,0.0,14.0,3.0,3.0,2.0,7.0,9.0,13.0,5.0,1.0,3.0,0.0,0.0,,,1,D
a608e882f5ff8fa49982,2024-25,2025-04-12,Brentford,Arsenal,A,S Hooper,1.0,1.0,0.0,0.0,3.0,14.0,2.0,3.0,9.0,7.0,5.0,13.0,3.0,1.0,0.0,0.0,,,1,D
f7be52f6fac82d1590a6,2024-25,2025-04-13,Chelsea,Ipswich,H,S Attwell,2.0,2.0,0.0,2.0,34.0,13.0,9.0,4.0,11.0,7.0,15.0,4.0,2.0,2.0,0.0,0.0,,,1,D
f7be52f6fac82d1590a6,2024-25,2025-04-13,Ipswich,Chelsea,A,S Attwell,2.0,2.0,2.0,0.0,13.0,34.0,4.0,9.0,7.0,11.0,4.0,15.0,2.0,2.0,0.0,0.0,,,1,D
228006295a08042d77a3,2024-25,2025-04-13,Liverpool,West Ham United,H,A Madley,2.0,1.0,1.0,0.0,15.0,11.0,6.0,4.0,15.0,8.0,10.0,3.0,0.0,2.0,0.0,0.0,,,3,W
228006295a08042d77a3,2024-25,2025-04-13,West Ham United,Liverpool,A,A Madley,1.0,2.0,0.0,1.0,11.0,15.0,4.0,6.0,8.0,15.0,3.0,10.0,2.0,0.0,0.0,0.0,,,0,L
a3c033d881ebfc3fe78d,2024-25,2025-04-13,Wolverhampton Wanderers,Tottenham,H,A Taylor,4.0,2.0,2.0,0.0,13.0,11.0,5.0,4.0,12.0,15.0,1.0,4.0,1.0,2.0,0.0,0.0,,,3,W
a3c033d881ebfc3fe78d,2024-25,2025-04-13,Tottenham,Wolverhampton Wanderers,A,A Taylor,2.0,4.0,0.0,2.0,11.0,13.0,4.0,5.0,15.0,12.0,4.0,1.0,2.0,1.0,0.0,0.0,,,0,L
ff9f29ca53e8ebe3309b,2024-25,2025-04-13,Newcastle United,Manchester United,H,C Kavanagh,4.0,1.0,1.0,1.0,13.0,9.0,6.0,5.0,7.0,9.0,7.0,2.0,0.0,2.0,0.0,0.0,,,3,W
ff9f29ca53e8ebe3309b,2024-25,2025-04-13,Manchester United,Newcastle United,A,C Kavanagh,1.0,4.0,1.0,1.0,9.0,13.0,5.0,6.0,9.0,7.0,2.0,7.0,2.0,0.0,0.0,0.0,,,0,L
776ed6d2730307f231fd,2024-25,2025-04-14,Bournemouth,Fulham,H,O Oliver,1.0,0.0,1.0,0.0,12.0,12.0,3.0,7.0,11.0,10.0,6.0,9.0,3.0,2.0,0.0,0.0,,,3,W
776ed6d2730307f231fd,2024-25,2025-04-14,Fulham,Bournemouth,A,O Oliver,0.0,1.0,0.0,1.0,12.0,12.0,7.0,3.0,10.0,11.0,9.0,6.0,2.0,3.0,0.0,0.0,,,0,L
1fa7784000feb5993730,2024-25,2025-04-16,Newcastle United,Crystal Palace,H,D England,5.0,0.0,4.0,0.0,14.0,11.0,7.0,4.0,9.0,15.0,5.0,4.0,2.0,3.0,0.0,0.0,,,3,W
1fa7784000feb5993730,2024-25,2025-04-16,Crystal Palace,Newcastle United,A,D England,0.0,5.0,0.0,4.0,11.0,14.0,4.0,7.0,15.0,9.0,4.0,5.0,3.0,2.0,0.0,0.0,,,0,L
96d2e697709fc9d2ee20,2024-25,2025-04-19,Brentford,Brighton & Hove Albion,H,T Robinson,4.0,2.0,1.0,1.0,16.0,12.0,8.0,3.0,7.0,11.0,4.0,8.0,3.0,3.0,0.0,1.0,,,3,W
96d2e697709fc9d2ee20,2024-25,2025-04-19,Brighton & Hove Albion,Brentford,A,T Robinson,2.0,4.0,1.0,1.0,12.0,16.0,3.0,8.0,11.0,7.0,8.0,4.0,3.0,3.0,1.0,0.0,,,0,L
0365367e7679593889ca,2024-25,2025-04-19,Crystal Palace,Bournemouth,H,S Barrott,0.0,0.0,0.0,0.0,5.0,15.0,0.0,4.0,13.0,10.0,5.0,4.0,3.0,4.0,1.0,0.0,,,1,D
0365367e7679593889ca,2024-25,2025-04-19,Bournemouth,Crystal Palace,A,S Barrott,0.0,0.0,0.0,0.0,15.0,5.0,4.0,0.0,10.0,13.0,4.0,5.0,4.0,3.0,0.0,1.0,,,1,D
0d962805963ff0423ed0,2024-25,2025-04-19,Everton,Manchester City,H,S Hooper,0.0,2.0,0.0,0.0,8.0,12.0,3.0,7.0,7.0,6.0,2.0,5.0,4.0,0.0,0.0,0.0,,,0,L
0d962805963ff0423ed0,2024-25,2025-04-19,Manchester City,Everton,A,S Hooper,2.0,0.0,0.0,0.0,12.0,8.0,7.0,3.0,6.0,7.0,5.0,2.0,0.0,4.0,0.0,0.0,,,3,W
5ae005ada43097a03505,2024-25,2025-04-19,West Ham United,Southampton,H,A Kitchen,1.0,1.0,0.0,0.0,12.0,15.0,4.0,4.0,14.0,13.0,2.0,5.0,2.0,1.0,0.0,0.0,,,1,D
5ae005ada43097a03505,2024-25,2025-04-19,Southampton,West Ham United,A,A Kitchen,1.0,1.0,0.0,0.0,15.0,12.0,4.0,4.0,13.0,14.0,5.0,2.0,1.0,2.0,0.0,0.0,,,1,D
cfa104a47e1e8aa6f177,2024-25,2025-04-19,Aston Villa,Newcastle United,H,J Gillett,4.0,1.0,1.0,1.0,23.0,10.0,9.0,3.0,9.0,12.0,7.0,7.0,1.0,3.0,0.0,0.0,,,3,W
cfa104a47e1e8aa6f177,2024-25,2025-04-19,Newcastle United,Aston Villa,A,J Gillett,1.0,4.0,1.0,1.0,10.0,23.0,3.0,9.0,12.0,9.0,7.0,7.0,3.0,1.0,0.0,0.0,,,0,L
4b8876d7d12dab80d41f,2024-25,2025-04-20,Fulham,Chelsea,H,A Taylor,1.0,2.0,1.0,0.0,6.0,13.0,1.0,8.0,13.0,9.0,6.0,4.0,1.0,3.0,0.0,0.0,,,0,L
4b8876d7d12dab80d41f,2024-25,2025-04-20,Chelsea,Fulham,A,A Taylor,2.0,1.0,0.0,1.0,13.0,6.0,8.0,1.0,9.0,13.0,4.0,6.0,3.0,1.0,0.0,0.0,,,3,W
f5a1300243bc1a2b224f,2024-25,2025-04-20,Ipswich,Arsenal,H,C Kavanagh,0.0,4.0,0.0,2.0,4.0,24.0,0.0,7.0,10.0,7.0,0.0,12.0,0.0,0.0,1.0,0.0,,,0,L
f5a1300243bc1a2b224f,2024-25,2025-04-20,Arsenal,Ipswich,A,C Kavanagh,4.0,0.0,2.0,0.0,24.0,4.0,7.0,0.0,7.0,10.0,12.0,0.0,0.0,0.0,0.0,1.0,,,3,W
5ca56c3d9972454d6162,2024-25,2025-04-20,Manchester United,Wolverhampton Wanderers,H,R Jones,0.0,1.0,0.0,0.0,12.0,4.0,2.0,2.0,11.0,18.0,9.0,2.0,2.0,3.0,0.0,0.0,,,0,L
5ca56c3d9972454d6162,2024-25,2025-04-20,Wolverhampton Wanderers,Manchester United,A,R Jones,1.0,0.0,0.0,0.0,4.0,12.0,2.0,2.0,18.0,11.0,2.0,9.0,3.0,2.0,0.0,0.0,,,3,W
33afc239ca752bd3e8c0,2024-25,2025-04-20,Leicester,Liverpool,H,S Attwell,0.0,1.0,0.0,0.0,5.0,28.0,0.0,10.0,11.0,7.0,1.0,13.0,1.0,2.0,0.0,0.0,,,0,L
33afc239ca752bd3e8c0,2024-25,2025-04-20,Liverpool,Leicester,A,S Attwell,1.0,0.0,0.0,0.0,28.0,5.0,10.0,0.0,7.0,11.0,13.0,1.0,2.0,1.0,0.0,0.0,,,3,W
529149a817e4c1386a71,2024-25,2025-04-21,Tottenham,Nottingham Forest,H,P Bankes,1.0,2.0,0.0,2.0,22.0,4.0,6.0,3.0,11.0,12.0,7.0,1.0,1.0,4.0,0.0,0.0,,,0,L
529149a817e4c1386a71,2024-25,2025-04-21,Nottingham Forest,Tottenham,A,P Bankes,2.0,1.0,2.0,0.0,4.0,22.0,3.0,6.0,12.0,11.0,1.0,7.0,4.0,1.0,0.0,0.0,,,3,W
6e1aa2a4d7b78f7d481d,2024-25,2025-04-22,Manchester City,Aston Villa,H,C Pawson,2.0,1.0,1.0,1.0,14.0,7.0,6.0,3.0,9.0,10.0,10.0,2.0,3.0,3.0,0.0,0.0,,,3,W
6e1aa2a4d7b78f7d481d,2024-25,2025-04-22,Aston Villa,Manchester City,A,C Pawson,1.0,2.0,1.0,1.0,7.0,14.0,3.0,6.0,10.0,9.0,2.0,10.0,3.0,3.0,0.0,0.0,,,0,L
4c70adeb9654c2c335c5,2024-25,2025-04-23,Arsenal,Crystal Palace,H,M Salisbury,2.0,2.0,2.0,1.0,12.0,15.0,6.0,4.0,4.0,6.0,3.0,6.0,1.0,1.0,0.0,0.0,,,1,D
4c70adeb9654c2c335c5,2024-25,2025-04-23,Crystal Palace,Arsenal,A,M Salisbury,2.0,2.0,1.0,2.0,15.0,12.0,4.0,6.0,6.0,4.0,6.0,3.0,1.0,1.0,0.0,0.0,,,1,D
77ad6207d1c3cb1320dd,2024-25,2025-04-26,Chelsea,Everton,H,C Kavanagh,1.0,0.0,1.0,0.0,10.0,6.0,7.0,3.0,11.0,11.0,10.0,2.0,0.0,0.0,0.0,0.0,,,3,W
77ad6207d1c3cb1320dd,2024-25,2025-04-26,Everton,Chelsea,A,C Kavanagh,0.0,1.0,0.0,1.0,6.0,10.0,3.0,7.0,11.0,11.0,2.0,10.0,0.0,0.0,0.0,0.0,,,0,L
71b1c8ff2b598bd25e25,2024-25,2025-04-26,Brighton & Hove Albion,West Ham United,H,D England,3.0,2.0,1.0,0.0,16.0,12.0,9.0,4.0,7.0,9.0,8.0,1.0,1.0,1.0,0.0,0.0,,,3,W
71b1c8ff2b598bd25e25,2024-25,2025-04-26,West Ham United,Brighton & Hove Albion,A,D England,2.0,3.0,0.0,1.0,12.0,16.0,4.0,9.0,9.0,7.0,1.0,8.0,1.0,1.0,0.0,0.0,,,0,L
b84182aeabe8d380e37a,2024-25,2025-04-26,Newcastle United,Ipswich,H,M Salisbury,3.0,0.0,1.0,0.0,25.0,4.0,5.0,0.0,9.0,9.0,11.0,2.0,1.0,2.0,0.0,1.0,,,3,W
b84182aeabe8d380e37a,2024-25,2025-04-26,Ipswich,Newcastle United,A,M Salisbury,0.0,3.0,0.0,1.0,4.0,25.0,0.0,5.0,9.0,9.0,2.0,11.0,2.0,1.0,1.0,0.0,,,0,L
55e82d44e00c061b5fe7,2024-25,2025-04-26,Southampton,Fulham,H,T Harrington,1.0,2.0,1.0,0.0,7.0,26.0,3.0,5.0,10.0,12.0,0.0,13.0,1.0,1.0,0.0,0.0,,,0,L
55e82d44e00c061b5fe7,2024-25,2025-04-26,Fulham,Southampton,A,T Harrington,2.0,1.0,0.0,1.0,26.0,7.0,5.0,3.0,12.0,10.0,13.0,0.0,1.0,1.0,0.0,0.0,,,3,W
7f0193db29a854b0deef,2024-25,2025-04-26,Wolverhampton Wanderers,Leicester,H,S Barrott,3.0,0.0,1.0,0.0,20.0,8.0,6.0,2.0,7.0,17.0,4.0,2.0,1.0,4.0,0.0,0.0,,,3,W
7f0193db29a854b0deef,2024-25,2025-04-26,Leicester,Wolverhampton Wanderers,A,S Barrott,0.0,3.0,0.0,1.0,8.0,20.0,2.0,6.0,17.0,7.0,2.0,4.0,4.0,1.0,0.0,0.0,,,0,L
beec82698db68a88d05f,2024-25,2025-04-27,Bournemouth,Manchester United,H,P Bankes,1.0,1.0,1.0,0.0,8.0,25.0,1.0,6.0,11.0,12.0,5.0,10.0,4.0,2.0,1.0,0.0,,,1,D
beec82698db68a88d05f,2024-25,2025-04-27,Manchester United,Bournemouth,A,P Bankes,1.0,1.0,0.0,1.0,25.0,8.0,6.0,1.0,12.0,11.0,10.0,5.0,2.0,4.0,0.0,1.0,,,1,D
d86d2f05dcc2e9201238,2024-25,2025-04-27,Liverpool,Tottenham,H,T Bramall,5.0,1.0,3.0,1.0,25.0,8.0,8.0,3.0,16.0,9.0,8.0,2.0,2.0,1.0,0.0,0.0,,,3,W
d86d2f05dcc2e9201238,2024-25,2025-04-27,Tottenham,Liverpool,A,T Bramall,1.0,5.0,1.0,3.0,8.0,25.0,3.0,8.0,9.0,16.0,2.0,8.0,1.0,2.0,0.0,0.0,,,0,L
a955a978cde7096baf67,2024-25,2025-05-01,Nottingham Forest,Brentford,H,D England,0.0,2.0,0.0,1.0,14.0,11.0,5.0,3.0,10.0,12.0,4.0,5.0,3.0,5.0,0.0,0.0,,,0,L
a955a978cde7096baf67,2024-25,2025-05-01,Brentford,Nottingham Forest,A,D England,2.0,0.0,1.0,0.0,11.0,14.0,3.0,5.0,12.0,10.0,5.0,4.0,5.0,3.0,0.0,0.0,,,3,W
95b39f526986307c2ec8,2024-25,2025-05-02,Manchester City,Wolverhampton Wanderers,H,P Bankes,1.0,0.0,1.0,0.0,9.0,6.0,2.0,1.0,7.0,11.0,4.0,5.0,0.0,0.0,0.0,0.0,,,3,W
95b39f526986307c2ec8,2024-25,2025-05-02,Wolverhampton Wanderers,Manchester City,A,P Bankes,0.0,1.0,0.0,1.0,6.0,9.0,1.0,2.0,11.0,7.0,5.0,4.0,0.0,0.0,0.0,0.0,,,0,L
aeaffc99a49c105d1268,2024-25,2025-05-03,Aston Villa,Fulham,H,R Jones,1.0,0.0,1.0,0.0,10.0,11.0,3.0,3.0,6.0,17.0,5.0,3.0,0.0,5.0,0.0,0.0,,,3,W
aeaffc99a49c105d1268,2024-25,2025-05-03,Fulham,Aston Villa,A,R Jones,0.0,1.0,0.0,1.0,11.0,10.0,3.0,3.0,17.0,6.0,3.0,5.0,5.0,0.0,0.0,0.0,,,0,L
cde56882ed86806f66c5,2024-25,2025-05-03,Everton,Ipswich,H,L Smith,2.0,2.0,2.0,1.0,8.0,12.0,3.0,5.0,12.0,15.0,3.0,3.0,4.0,4.0,0.0,0.0,,,1,D
cde56882ed86806f66c5,2024-25,2025-05-03,Ipswich,Everton,A,L Smith,2.0,2.0,1.0,2.0,12.0,8.0,5.0,3.0,15.0,12.0,3.0,3.0,4.0,4.0,0.0,0.0,,,1,D
0c471aec605dd3c07287,2024-25,2025-05-03,Leicester,Southampton,H,D Webb,2.0,0.0,2.0,0.0,14.0,8.0,4.0,2.0,12.0,13.0,7.0,7.0,1.0,3.0,0.0,0.0,,,3,W
0c471aec605dd3c07287,2024-25,2025-05-03,Southampton,Leicester,A,D Webb,0.0,2.0,0.0,2.0,8.0,14.0,2.0,4.0,13.0,12.0,7.0,7.0,3.0,1.0,0.0,0.0,,,0,L
6c19453db5a5668145fc,2024-25,2025-05-03,Arsenal,Bournemouth,H,J Gillett,1.0,2.0,1.0,0.0,13.0,9.0,4.0,2.0,7.0,16.0,2.0,3.0,0.0,2.0,0.0,0.0,,,0,L
6c19453db5a5668145fc,2024-25,2025-05-03,Bournemouth,Arsenal,A,J Gillett,2.0,1.0,0.0,1.0,9.0,13.0,2.0,4.0,16.0,7.0,3.0,2.0,2.0,0.0,0.0,0.0,,,3,W
043067b9c89c5fe9b6e4,2024-25,2025-05-04,Brentford,Manchester United,H,A Taylor,4.0,3.0,2.0,1.0,12.0,14.0,6.0,5.0,8.0,10.0,7.0,4.0,0.0,2.0,0.0,0.0,,,3,W
043067b9c89c5fe9b6e4,2024-25,2025-05-04,Manchester United,Brentford,A,A Taylor,3.0,4.0,1.0,2.0,14.0,12.0,5.0,6.0,10.0,8.0,4.0,7.0,2.0,0.0,0.0,0.0,,,0,L
c7354098cb25de605b94,2024-25,2025-05-04,Brighton & Hove Albion,Newcastle United,H,C Pawson,1.0,1.0,1.0,0.0,5.0,13.0,2.0,5.0,15.0,10.0,1.0,4.0,2.0,1.0,0.0,0.0,,,1,D
c7354098cb25de605b94,2024-25,2025-05-04,Newcastle United,Brighton & Hove Albion,A,C Pawson,1.0,1.0,0.0,1.0,13.0,5.0,5.0,2.0,10.0,15.0,4.0,1.0,1.0,2.0,0.0,0.0,,,1,D
8c406e8dbd638cebdf91,2024-25,2025-05-04,West Ham United,Tottenham,H,M Oliver,1.0,1.0,1.0,1.0,11.0,7.0,2.0,2.0,18.0,15.0,1.0,3.0,2.0,2.0,0.0,0.0,,,1,D
8c406e8dbd638cebdf91,2024-25,2025-05-04,Tottenham,West Ham United,A,M Oliver,1.0,1.0,1.0,1.0,7.0,11.0,2.0,2.0,15.0,18.0,3.0,1.0,2.0,2.0,0.0,0.0,,,1,D
852dab646e83efe43b59,2024-25,2025-05-04,Chelsea,Liverpool,H,S Hooper,3.0,1.0,1.0,0.0,17.0,11.0,7.0,2.0,10.0,11.0,3.0,6.0,2.0,2.0,0.0,0.0,,,3,W
852dab646e83efe43b59,2024-25,2025-05-04,Liverpool,Chelsea,A,S Hooper,1.0,3.0,0.0,1.0,11.0,17.0,2.0,7.0,11.0,10.0,6.0,3.0,2.0,2.0,0.0,0.0,,,0,L
87d84f9df92b188b9039,2024-25,2025-05-05,Crystal Palace,Nottingham Forest,H,A Madley,1.0,1.0,0.0,0.0,20.0,12.0,3.0,4.0,9.0,15.0,7.0,4.0,3.0,8.0,0.0,0.0,,,1,D
87d84f9df92b188b9039,2024-25,2025-05-05,Nottingham Forest,Crystal Palace,A,A Madley,1.0,1.0,0.0,0.0,12.0,20.0,4.0,3.0,15.0,9.0,4.0,7.0,8.0,3.0,0.0,0.0,,,1,D
dd6501252014d4a371bc,2024-25,2025-05-10,Fulham,Everton,H,M Salisbury,1.0,3.0,1.0,1.0,18.0,11.0,6.0,7.0,15.0,9.0,5.0,5.0,1.0,0.0,0.0,0.0,,,0,L
dd6501252014d4a371bc,2024-25,2025-05-10,Everton,Fulham,A,M Salisbury,3.0,1.0,1.0,1.0,11.0,18.0,7.0,6.0,9.0,15.0,5.0,5.0,0.0,1.0,0.0,0.0,,,3,W
250c0b4008e75de49172,2024-25,2025-05-10,Ipswich,Brentford,H,S Barrott,0.0,1.0,0.0,1.0,11.0,15.0,4.0,5.0,6.0,12.0,5.0,6.0,2.0,4.0,0.0,0.0,,,0,L
250c0b4008e75de49172,2024-25,2025-05-10,Brentford,Ipswich,A,S Barrott,1.0,0.0,1.0,0.0,15.0,11.0,5.0,4.0,12.0,6.0,6.0,5.0,4.0,2.0,0.0,0.0,,,3,W
00e33bf49fbd87348cc3,2024-25,2025-05-10,Southampton,Manchester City,H,T Robinson,0.0,0.0,0.0,0.0,2.0,26.0,0.0,5.0,9.0,8.0,1.0,15.0,2.0,0.0,0.0,0.0,,,1,D
00e33bf49fbd87348cc3,2024-25,2025-05-10,Manchester City,Southampton,A,T Robinson,0.0,0.0,0.0,0.0,26.0,2.0,5.0,0.0,8.0,9.0,15.0,1.0,0.0,2.0,0.0,0.0,,,1,D
2374cdf7057ecdeb8094,2024-25,2025-05-10,Wolverhampton Wanderers,Brighton & Hove Albion,H,M Oliver,0.0,2.0,0.0,1.0,10.0,7.0,3.0,2.0,8.0,12.0,7.0,4.0,1.0,1.0,0.0,0.0,,,0,L
2374cdf7057ecdeb8094,2024-25,2025-05-10,Brighton & Hove Albion,Wolverhampton Wanderers,A,M Oliver,2.0,0.0,1.0,0.0,7.0,10.0,2.0,3.0,12.0,8.0,4.0,7.0,1.0,1.0,0.0,0.0,,,3,W
f71f4f84d4f32bb8d63c,2024-25,2025-05-10,Bournemouth,Aston Villa,H,S Attwell,0.0,1.0,0.0,1.0,10.0,6.0,4.0,3.0,19.0,12.0,10.0,0.0,4.0,3.0,0.0,1.0,,,0,L
f71f4f84d4f32bb8d63c,2024-25,2025-05-10,Aston Villa,Bournemouth,A,S Attwell,1.0,0.0,1.0,0.0,6.0,10.0,3.0,4.0,12.0,19.0,0.0,10.0,3.0,4.0,1.0,0.0,,,3,W
28961720ec8eec5813d5,2024-25,2025-05-11,Newcastle United,Chelsea,H,J Brooks,2.0,0.0,1.0,0.0,15.0,10.0,6.0,3.0,9.0,13.0,2.0,8.0,4.0,2.0,0.0,1.0,,,3,W
28961720ec8eec5813d5,2024-25,2025-05-11,Chelsea,Newcastle United,A,J Brooks,0.0,2.0,0.0,1.0,10.0,15.0,3.0,6.0,13.0,9.0,8.0,2.0,2.0,4.0,1.0,0.0,,,0,L
5961d57c661ead305810,2024-25,2025-05-11,Manchester United,West Ham United,H,J Gillett,0.0,2.0,0.0,1.0,20.0,9.0,5.0,4.0,3.0,13.0,8.0,5.0,0.0,1.0,0.0,0.0,,,0,L
5961d57c661ead305810,2024-25,2025-05-11,West Ham United,Manchester United,A,J Gillett,2.0,0.0,1.0,0.0,9.0,20.0,4.0,5.0,13.0,3.0,5.0,8.0,1.0,0.0,0.0,0.0,,,3,W
14788e605a155225a4fd,2024-25,2025-05-11,Nottingham Forest,Leicester,H,T Harrington,2.0,2.0,1.0,1.0,15.0,10.0,4.0,6.0,11.0,11.0,4.0,4.0,3.0,3.0,0.0,0.0,,,1,D
14788e605a155225a4fd,2024-25,2025-05-11,Leicester,Nottingham Forest,A,T Harrington,2.0,2.0,1.0,1.0,10.0,15.0,6.0,4.0,11.0,11.0,4.0,4.0,3.0,3.0,0.0,0.0,,,1,D
7d80ab4357a046472a21,2024-25,2025-05-11,Tottenham,Crystal Palace,H,C Kavanagh,0.0,2.0,0.0,1.0,8.0,23.0,1.0,10.0,12.0,10.0,4.0,8.0,1.0,1.0,0.0,0.0,,,0,L
7d80ab4357a046472a21,2024-25,2025-05-11,Crystal Palace,Tottenham,A,C Kavanagh,2.0,0.0,1.0,0.0,23.0,8.0,10.0,1.0,10.0,12.0,8.0,4.0,1.0,1.0,0.0,0.0,,,3,W
ce5ad1681cd296f4ff1d,2024-25,2025-05-11,Liverpool,Arsenal,H,A Taylor,2.0,2.0,2.0,0.0,14.0,15.0,5.0,7.0,13.0,10.0,3.0,1.0,1.0,1.0,0.0,1.0,,,1,D
ce5ad1681cd296f4ff1d,2024-25,2025-05-11,Arsenal,Liverpool,A,A Taylor,2.0,2.0,0.0,2.0,15.0,14.0,7.0,5.0,10.0,13.0,1.0,3.0,1.0,1.0,1.0,0.0,,,1,D
2c6c0bc906622fa1a6a0,2024-25,2025-05-16,Aston Villa,Tottenham,H,P Bankes,2.0,0.0,0.0,0.0,18.0,3.0,7.0,1.0,5.0,12.0,9.0,1.0,1.0,2.0,0.0,0.0,,,3,W
2c6c0bc906622fa1a6a0,2024-25,2025-05-16,Tottenham,Aston Villa,A,P Bankes,0.0,2.0,0.0,0.0,3.0,18.0,1.0,7.0,12.0,5.0,1.0,9.0,2.0,1.0,0.0,0.0,,,0,L
96026f9680d350aeebdd,2024-25,2025-05-16,Chelsea,Manchester United,H,C Kavanagh,1.0,0.0,0.0,0.0,11.0,4.0,3.0,1.0,10.0,14.0,7.0,2.0,1.0,6.0,0.0,0.0,,,3,W
96026f9680d350aeebdd,2024-25,2025-05-16,Manchester United,Chelsea,A,C Kavanagh,0.0,1.0,0.0,0.0,4.0,11.0,1.0,3.0,14.0,10.0,2.0,7.0,6.0,1.0,0.0,0.0,,,0,L
ce658cf4e0d441d208f8,2024-25,2025-05-18,Everton,Southampton,H,M Oliver,2.0,0.0,2.0,0.0,13.0,6.0,5.0,2.0,6.0,10.0,4.0,5.0,1.0,1.0,0.0,0.0,,,3,W
ce658cf4e0d441d208f8,2024-25,2025-05-18,Southampton,Everton,A,M Oliver,0.0,2.0,0.0,2.0,6.0,13.0,2.0,5.0,10.0,6.0,5.0,4.0,1.0,1.0,0.0,0.0,,,0,L
761c4f5e983909f891c6,2024-25,2025-05-18,West Ham United,Nottingham Forest,H,S Barrott,1.0,2.0,0.0,1.0,16.0,10.0,5.0,5.0,14.0,7.0,8.0,7.0,6.0,3.0,0.0,0.0,,,0,L
761c4f5e983909f891c6,2024-25,2025-05-18,Nottingham Forest,West Ham United,A,S Barrott,2.0,1.0,1.0,0.0,10.0,16.0,5.0,5.0,7.0,14.0,7.0,8.0,3.0,6.0,0.0,0.0,,,3,W
11187115c771a4197504,2024-25,2025-05-18,Brentford,Fulham,H,J Gillett,2.0,3.0,2.0,1.0,11.0,16.0,6.0,7.0,12.0,8.0,5.0,3.0,4.0,4.0,0.0,0.0,,,0,L
11187115c771a4197504,2024-25,2025-05-18,Fulham,Brentford,A,J Gillett,3.0,2.0,1.0,2.0,16.0,11.0,7.0,6.0,8.0,12.0,3.0,5.0,4.0,4.0,0.0,0.0,,,3,W
bc1c3c97d3911228dfc1,2024-25,2025-05-18,Leicester,Ipswich,H,A Kitchen,2.0,0.0,1.0,0.0,9.0,20.0,3.0,2.0,15.0,12.0,2.0,2.0,1.0,0.0,0.0,0.0,,,3,W
bc1c3c97d3911228dfc1,2024-25,2025-05-18,Ipswich,Leicester,A,A Kitchen,0.0,2.0,0.0,1.0,20.0,9.0,2.0,3.0,12.0,15.0,2.0,2.0,0.0,1.0,0.0,0.0,,,0,L
97a51e6d338ee34b7d56,2024-25,2025-05-18,Arsenal,Newcastle United,H,S Hooper,1.0,0.0,0.0,0.0,12.0,14.0,4.0,5.0,9.0,9.0,10.0,7.0,3.0,3.0,0.0,0.0,,,3,W
97a51e6d338ee34b7d56,2024-25,2025-05-18,Newcastle United,Arsenal,A,S Hooper,0.0,1.0,0.0,0.0,14.0,12.0,5.0,4.0,9.0,9.0,7.0,10.0,3.0,3.0,0.0,0.0,,,0,L
5f94ae890443fb42f0f5,2024-25,2025-05-19,Brighton & Hove Albion,Liverpool,H,J Brooks,3.0,2.0,1.0,2.0,25.0,18.0,12.0,5.0,9.0,8.0,3.0,3.0,1.0,0.0,0.0,0.0,,,3,W
5f94ae890443fb42f0f5,2024-25,2025-05-19,Liverpool,Brighton & Hove Albion,A,J Brooks,2.0,3.0,2.0,1.0,18.0,25.0,5.0,12.0,8.0,9.0,3.0,3.0,0.0,1.0,0.0,0.0,,,0,L
ecb2224d7e4ad12d227b,2024-25,2025-05-20,Crystal Palace,Wolverhampton Wanderers,H,D Webb,4.0,2.0,2.0,1.0,14.0,12.0,10.0,3.0,14.0,8.0,0.0,10.0,1.0,2.0,0.0,0.0,,,3,W
ecb2224d7e4ad12d227b,2024-25,2025-05-20,Wolverhampton Wanderers,Crystal Palace,A,D Webb,2.0,4.0,1.0,2.0,12.0,14.0,3.0,10.0,8.0,14.0,10.0,0.0,2.0,1.0,0.0,0.0,,,0,L
d5aa0d786abc3ef9a53f,2024-25,2025-05-20,Manchester City,Bournemouth,H,T Bramall,3.0,1.0,2.0,0.0,12.0,8.0,5.0,2.0,7.0,13.0,3.0,1.0,1.0,3.0,1.0,1.0,,,3,W
d5aa0d786abc3ef9a53f,2024-25,2025-05-20,Bournemouth,Manchester City,A,T Bramall,1.0,3.0,0.0,2.0,8.0,12.0,2.0,5.0,13.0,7.0,1.0,3.0,3.0,1.0,1.0,1.0,,,0,L
dd7fd630d79d192ec295,2024-25,2025-05-25,Bournemouth,Leicester,H,L Smith,2.0,0.0,0.0,0.0,20.0,3.0,7.0,0.0,19.0,16.0,6.0,1.0,0.0,2.0,0.0,0.0,,,3,W
dd7fd630d79d192ec295,2024-25,2025-05-25,Leicester,Bournemouth,A,L Smith,0.0,2.0,0.0,0.0,3.0,20.0,0.0,7.0,16.0,19.0,1.0,6.0,2.0,0.0,0.0,0.0,,,0,L
915d70969705ea41e9ae,2024-25,2025-05-25,Fulham,Manchester City,H,A Madley,0.0,2.0,0.0,1.0,13.0,20.0,3.0,5.0,11.0,5.0,1.0,6.0,0.0,0.0,0.0,0.0,,,0,L
915d70969705ea41e9ae,2024-25,2025-05-25,Manchester City,Fulham,A,A Madley,2.0,0.0,1.0,0.0,20.0,13.0,5.0,3.0,5.0,11.0,6.0,1.0,0.0,0.0,0.0,0.0,,,3,W
b9fbdafa8cec4926ad79,2024-25,2025-05-25,Ipswich,West Ham United,H,T Robinson,1.0,3.0,0.0,1.0,14.0,10.0,4.0,6.0,10.0,9.0,4.0,0.0,1.0,1.0,0.0,0.0,,,0,L
b9fbdafa8cec4926ad79,2024-25,2025-05-25,West Ham United,Ipswich,A,T Robinson,3.0,1.0,1.0,0.0,10.0,14.0,6.0,4.0,9.0,10.0,0.0,4.0,1.0,1.0,0.0,0.0,,,3,W
a9586b25fd7e2f479701,2024-25,2025-05-25,Liverpool,Crystal Palace,H,D England,1.0,1.0,0.0,1.0,14.0,8.0,3.0,5.0,7.0,10.0,11.0,0.0,1.0,0.0,1.0,0.0,,,1,D
a9586b25fd7e2f479701,2024-25,2025-05-25,Crystal Palace,Liverpool,A,D England,1.0,1.0,1.0,0.0,8.0,14.0,5.0,3.0,10.0,7.0,0.0,11.0,0.0,1.0,0.0,1.0,,,1,D
22184e5f7e54f1795026,2024-25,2025-05-25,Manchester United,Aston Villa,H,T Bramall,2.0,0.0,0.0,0.0,25.0,6.0,10.0,1.0,10.0,10.0,4.0,3.0,2.0,2.0,0.0,1.0,,,3,W
22184e5f7e54f1795026,2024-25,2025-05-25,Aston Villa,Manchester United,A,T Bramall,0.0,2.0,0.0,0.0,6.0,25.0,1.0,10.0,10.0,10.0,3.0,4.0,2.0,2.0,1.0,0.0,,,0,L
e799c093d21549daaf88,2024-25,2025-05-25,Newcastle United,Everton,H,T Harrington,0.0,1.0,0.0,0.0,17.0,14.0,6.0,6.0,12.0,9.0,12.0,3.0,1.0,4.0,0.0,0.0,,,0,L
e799c093d21549daaf88,2024-25,2025-05-25,Everton,Newcastle United,A,T Harrington,1.0,0.0,0.0,0.0,14.0,17.0,6.0,6.0,9.0,12.0,3.0,12.0,4.0,1.0,0.0,0.0,,,3,W
d674dec66ce330323223,2024-25,2025-05-25,Nottingham Forest,Chelsea,H,A Taylor,0.0,1.0,0.0,0.0,10.0,6.0,2.0,2.0,10.0,11.0,7.0,4.0,2.0,2.0,0.0,0.0,,,0,L
d674dec66ce330323223,2024-25,2025-05-25,Chelsea,Nottingham Forest,A,A Taylor,1.0,0.0,0.0,0.0,6.0,10.0,2.0,2.0,11.0,10.0,4.0,7.0,2.0,2.0,0.0,0.0,,,3,W
9048e4c7201d6ee445c0,2024-25,2025-05-25,Southampton,Arsenal,H,D Bond,1.0,2.0,0.0,1.0,7.0,23.0,2.0,8.0,7.0,8.0,5.0,8.0,0.0,0.0,0.0,0.0,,,0,L
9048e4c7201d6ee445c0,2024-25,2025-05-25,Arsenal,Southampton,A,D Bond,2.0,1.0,1.0,0.0,23.0,7.0,8.0,2.0,8.0,7.0,8.0,5.0,0.0,0.0,0.0,0.0,,,3,W
7a7df5c8b4e5b88663b5,2024-25,2025-05-25,Tottenham,Brighton & Hove Albion,H,R Jones,1.0,4.0,1.0,0.0,4.0,23.0,2.0,8.0,13.0,8.0,2.0,11.0,3.0,1.0,0.0,0.0,,,0,L
7a7df5c8b4e5b88663b5,2024-25,2025-05-25,Brighton & Hove Albion,Tottenham,A,R Jones,4.0,1.0,0.0,1.0,23.0,4.0,8.0,2.0,8.0,13.0,11.0,2.0,1.0,3.0,0.0,0.0,,,3,W
24755a099779b5a53e1a,2024-25,2025-05-25,Wolverhampton Wanderers,Brentford,H,C Pawson,1.0,1.0,0.0,1.0,18.0,13.0,6.0,7.0,7.0,9.0,8.0,3.0,2.0,1.0,0.0,0.0,,,1,D
24755a099779b5a53e1a,2024-25,2025-05-25,Brentford,Wolverhampton Wanderers,A,C Pawson,1.0,1.0,1.0,0.0,13.0,18.0,7.0,6.0,9.0,7.0,3.0,8.0,1.0,2.0,0.0,0.0,,,1,D
0b1af42a17aec96420b5,2025-26,2025-08-15,Liverpool,Bournemouth,H,A Taylor,4.0,2.0,1.0,0.0,19.0,10.0,10.0,3.0,7.0,10.0,6.0,7.0,1.0,2.0,0.0,0.0,,,3,W
0b1af42a17aec96420b5,2025-26,2025-08-15,Bournemouth,Liverpool,A,A Taylor,2.0,4.0,0.0,1.0,10.0,19.0,3.0,10.0,10.0,7.0,7.0,6.0,2.0,1.0,0.0,0.0,,,0,L
65d04dbc5e4b1d6e896b,2025-26,2025-08-16,Aston Villa,Newcastle United,H,C Pawson,0.0,0.0,0.0,0.0,3.0,16.0,3.0,3.0,13.0,11.0,3.0,6.0,1.0,1.0,1.0,0.0,,,1,D
65d04dbc5e4b1d6e896b,2025-26,2025-08-16,Newcastle United,Aston Villa,A,C Pawson,0.0,0.0,0.0,0.0,16.0,3.0,3.0,3.0,11.0,13.0,6.0,3.0,1.0,1.0,0.0,1.0,,,1,D
fd61477ad12eb7e1d922,2025-26,2025-08-16,Brighton & Hove Albion,Fulham,H,S Barrott,1.0,1.0,0.0,0.0,10.0,7.0,4.0,2.0,16.0,15.0,4.0,3.0,3.0,3.0,0.0,0.0,,,1,D
fd61477ad12eb7e1d922,2025-26,2025-08-16,Fulham,Brighton & Hove Albion,A,S Barrott,1.0,1.0,0.0,0.0,7.0,10.0,2.0,4.0,15.0,16.0,3.0,4.0,3.0,3.0,0.0,0.0,,,1,D
5420c68f6f1918d72432,2025-26,2025-08-16,Sunderland,West Ham United,H,R Jones,3.0,0.0,0.0,0.0,10.0,12.0,5.0,4.0,8.0,10.0,5.0,7.0,0.0,1.0,0.0,0.0,,,3,W
5420c68f6f1918d72432,2025-26,2025-08-16,West Ham United,Sunderland,A,R Jones,0.0,3.0,0.0,0.0,12.0,10.0,4.0,5.0,10.0,8.0,7.0,5.0,1.0,0.0,0.0,0.0,,,0,L
dbaf3a0a88259c2d62c7,2025-26,2025-08-16,Tottenham,Burnley,H,M Oliver,3.0,0.0,1.0,0.0,16.0,14.0,6.0,4.0,14.0,8.0,6.0,5.0,0.0,0.0,0.0,0.0,,,3,W
dbaf3a0a88259c2d62c7,2025-26,2025-08-16,Burnley,Tottenham,A,M Oliver,0.0,3.0,0.0,1.0,14.0,16.0,4.0,6.0,8.0,14.0,5.0,6.0,0.0,0.0,0.0,0.0,,,0,L
f17f537eb41aa245ad3f,2025-26,2025-08-16,Wolverhampton Wanderers,Manchester City,H,J Gillett,0.0,4.0,0.0,2.0,9.0,15.0,3.0,4.0,13.0,7.0,4.0,6.0,1.0,2.0,0.0,0.0,,,0,L
f17f537eb41aa245ad3f,2025-26,2025-08-16,Manchester City,Wolverhampton Wanderers,A,J Gillett,4.0,0.0,2.0,0.0,15.0,9.0,4.0,3.0,7.0,13.0,6.0,4.0,2.0,1.0,0.0,0.0,,,3,W
21dc5f69a9d1995daa2e,2025-26,2025-08-17,Chelsea,Crystal Palace,H,D England,0.0,0.0,0.0,0.0,19.0,12.0,3.0,4.0,10.0,12.0,11.0,2.0,2.0,3.0,0.0,0.0,,,1,D
21dc5f69a9d1995daa2e,2025-26,2025-08-17,Crystal Palace,Chelsea,A,D England,0.0,0.0,0.0,0.0,12.0,19.0,4.0,3.0,12.0,10.0,2.0,11.0,3.0,2.0,0.0,0.0,,,1,D
1aa62c11d10789ae3e92,2025-26,2025-08-17,Nottingham Forest,Brentford,H,P Bankes,3.0,1.0,3.0,0.0,11.0,10.0,5.0,3.0,7.0,15.0,5.0,5.0,1.0,2.0,0.0,0.0,,,3,W
1aa62c11d10789ae3e92,2025-26,2025-08-17,Brentford,Nottingham Forest,A,P Bankes,1.0,3.0,0.0,3.0,10.0,11.0,3.0,5.0,15.0,7.0,5.0,5.0,2.0,1.0,0.0,0.0,,,0,L
9044d0d676ce7c2bcfa5,2025-26,2025-08-17,Manchester United,Arsenal,H,S Hooper,0.0,1.0,0.0,1.0,22.0,9.0,7.0,3.0,10.0,19.0,3.0,4.0,1.0,4.0,0.0,0.0,,,0,L
9044d0d676ce7c2bcfa5,2025-26,2025-08-17,Arsenal,Manchester United,A,S Hooper,1.0,0.0,1.0,0.0,9.0,22.0,3.0,7.0,19.0,10.0,4.0,3.0,4.0,1.0,0.0,0.0,,,3,W
b89c7702ee02e85ed667,2025-26,2025-08-18,Leeds,Everton,H,C Kavanagh,1.0,0.0,0.0,0.0,21.0,7.0,3.0,1.0,6.0,8.0,7.0,2.0,0.0,2.0,0.0,0.0,,,3,W
b89c7702ee02e85ed667,2025-26,2025-08-18,Everton,Leeds,A,C Kavanagh,0.0,1.0,0.0,0.0,7.0,21.0,1.0,3.0,8.0,6.0,2.0,7.0,2.0,0.0,0.0,0.0,,,0,L
6bae600ff3f41ad94aee,2025-26,2025-08-22,West Ham United,Chelsea,H,M Oliver,1.0,5.0,1.0,3.0,12.0,12.0,4.0,7.0,7.0,10.0,7.0,5.0,0.0,1.0,0.0,0.0,,,0,L
6bae600ff3f41ad94aee,2025-26,2025-08-22,Chelsea,West Ham United,A,M Oliver,5.0,1.0,3.0,1.0,12.0,12.0,7.0,4.0,10.0,7.0,5.0,7.0,1.0,0.0,0.0,0.0,,,3,W
61efff67c895681bc2c0,2025-26,2025-08-23,Manchester City,Tottenham,H,P Bankes,0.0,2.0,0.0,2.0,10.0,12.0,4.0,5.0,7.0,12.0,7.0,2.0,1.0,4.0,0.0,0.0,,,0,L
61efff67c895681bc2c0,2025-26,2025-08-23,Tottenham,Manchester City,A,P Bankes,2.0,0.0,2.0,0.0,12.0,10.0,5.0,4.0,12.0,7.0,2.0,7.0,4.0,1.0,0.0,0.0,,,3,W
0ef1fd2aac63d0a6a2b6,2025-26,2025-08-23,Bournemouth,Wolverhampton Wanderers,H,T Bramall,1.0,0.0,1.0,0.0,14.0,6.0,4.0,1.0,13.0,16.0,8.0,3.0,2.0,4.0,0.0,1.0,,,3,W
0ef1fd2aac63d0a6a2b6,2025-26,2025-08-23,Wolverhampton Wanderers,Bournemouth,A,T Bramall,0.0,1.0,0.0,1.0,6.0,14.0,1.0,4.0,16.0,13.0,3.0,8.0,4.0,2.0,1.0,0.0,,,0,L
4edba4c41915dfe80d1d,2025-26,2025-08-23,Brentford,Aston Villa,H,T Harrington,1.0,0.0,1.0,0.0,9.0,17.0,2.0,2.0,11.0,9.0,2.0,9.0,1.0,2.0,0.0,0.0,,,3,W
4edba4c41915dfe80d1d,2025-26,2025-08-23,Aston Villa,Brentford,A,T Harrington,0.0,1.0,0.0,1.0,17.0,9.0,2.0,2.0,9.0,11.0,9.0,2.0,2.0,1.0,0.0,0.0,,,0,L
e1d2b0a29e47aca45b53,2025-26,2025-08-23,Burnley,Sunderland,H,M Salisbury,2.0,0.0,0.0,0.0,7.0,9.0,2.0,1.0,9.0,5.0,4.0,3.0,0.0,1.0,0.0,0.0,,,3,W
e1d2b0a29e47aca45b53,2025-26,2025-08-23,Sunderland,Burnley,A,M Salisbury,0.0,2.0,0.0,0.0,9.0,7.0,1.0,2.0,5.0,9.0,3.0,4.0,1.0,0.0,0.0,0.0,,,0,L
bd741f511de757b73b5f,2025-26,2025-08-23,Arsenal,Leeds,H,J Gillett,5.0,0.0,2.0,0.0,18.0,3.0,5.0,1.0,8.0,11.0,2.0,2.0,0.0,2.0,0.0,0.0,,,3,W
bd741f511de757b73b5f,2025-26,2025-08-23,Leeds,Arsenal,A,J Gillett,0.0,5.0,0.0,2.0,3.0,18.0,1.0,5.0,11.0,8.0,2.0,2.0,2.0,0.0,0.0,0.0,,,0,L
a68f84d0ba8a7e8df3c7,2025-26,2025-08-24,Crystal Palace,Nottingham Forest,H,A Taylor,1.0,1.0,1.0,0.0,8.0,9.0,4.0,1.0,11.0,11.0,1.0,3.0,3.0,3.0,0.0,0.0,,,1,D
a68f84d0ba8a7e8df3c7,2025-26,2025-08-24,Nottingham Forest,Crystal Palace,A,A Taylor,1.0,1.0,0.0,1.0,9.0,8.0,1.0,4.0,11.0,11.0,3.0,1.0,3.0,3.0,0.0,0.0,,,1,D
30970af3285da8a891f0,2025-26,2025-08-24,Everton,Brighton & Hove Albion,H,S Attwell,2.0,0.0,1.0,0.0,11.0,13.0,3.0,4.0,7.0,15.0,2.0,2.0,4.0,3.0,0.0,0.0,,,3,W
30970af3285da8a891f0,2025-26,2025-08-24,Brighton & Hove Albion,Everton,A,S Attwell,0.0,2.0,0.0,1.0,13.0,11.0,4.0,3.0,15.0,7.0,2.0,2.0,3.0,4.0,0.0,0.0,,,0,L
d8b2dd1904f58ab96dc6,2025-26,2025-08-24,Fulham,Manchester United,H,C Kavanagh,1.0,1.0,0.0,0.0,13.0,10.0,4.0,3.0,12.0,10.0,9.0,6.0,1.0,1.0,0.0,0.0,,,1,D
d8b2dd1904f58ab96dc6,2025-26,2025-08-24,Manchester United,Fulham,A,C Kavanagh,1.0,1.0,0.0,0.0,10.0,13.0,3.0,4.0,10.0,12.0,6.0,9.0,1.0,1.0,0.0,0.0,,,1,D
c322406b953eca33daf2,2025-26,2025-08-25,Newcastle United,Liverpool,H,S Hooper,2.0,3.0,0.0,1.0,10.0,5.0,3.0,4.0,17.0,15.0,7.0,1.0,2.0,3.0,1.0,0.0,,,0,L
c322406b953eca33daf2,2025-26,2025-08-25,Liverpool,Newcastle United,A,S Hooper,3.0,2.0,1.0,0.0,5.0,10.0,4.0,3.0,15.0,17.0,1.0,7.0,3.0,2.0,0.0,1.0,,,3,W
2b53d83261c37138838c,2025-26,2025-08-30,Chelsea,Fulham,H,R Jones,2.0,0.0,1.0,0.0,13.0,11.0,6.0,3.0,11.0,17.0,6.0,4.0,2.0,2.0,0.0,0.0,,,3,W
2b53d83261c37138838c,2025-26,2025-08-30,Fulham,Chelsea,A,R Jones,0.0,2.0,0.0,1.0,11.0,13.0,3.0,6.0,17.0,11.0,4.0,6.0,2.0,2.0,0.0,0.0,,,0,L
43dbb151702e11ab0d73,2025-26,2025-08-30,Manchester United,Burnley,H,S Barrott,3.0,2.0,1.0,0.0,26.0,6.0,6.0,3.0,9.0,9.0,7.0,1.0,1.0,5.0,0.0,0.0,,,3,W
43dbb151702e11ab0d73,2025-26,2025-08-30,Burnley,Manchester United,A,S Barrott,2.0,3.0,0.0,1.0,6.0,26.0,3.0,6.0,9.0,9.0,1.0,7.0,5.0,1.0,0.0,0.0,,,0,L
7cf7c5c4f92cab0bb87b,2025-26,2025-08-30,Sunderland,Brentford,H,A Taylor,2.0,1.0,0.0,0.0,12.0,7.0,3.0,4.0,11.0,12.0,3.0,4.0,3.0,2.0,0.0,0.0,,,3,W
7cf7c5c4f92cab0bb87b,2025-26,2025-08-30,Brentford,Sunderland,A,A Taylor,1.0,2.0,0.0,0.0,7.0,12.0,4.0,3.0,12.0,11.0,4.0,3.0,2.0,3.0,0.0,0.0,,,0,L
6d6ea000d7d2308d708d,2025-26,2025-08-30,Tottenham,Bournemouth,H,S Hooper,0.0,1.0,0.0,1.0,5.0,20.0,1.0,6.0,17.0,13.0,0.0,8.0,2.0,4.0,0.0,0.0,,,0,L
6d6ea000d7d2308d708d,2025-26,2025-08-30,Bournemouth,Tottenham,A,S Hooper,1.0,0.0,1.0,0.0,20.0,5.0,6.0,1.0,13.0,17.0,8.0,0.0,4.0,2.0,0.0,0.0,,,3,W
ed8744209cb7d0f308a6,2025-26,2025-08-30,Wolverhampton Wanderers,Everton,H,M Oliver,2.0,3.0,1.0,2.0,12.0,10.0,4.0,4.0,15.0,10.0,2.0,2.0,0.0,1.0,0.0,0.0,,,0,L
ed8744209cb7d0f308a6,2025-26,2025-08-30,Everton,Wolverhampton Wanderers,A,M Oliver,3.0,2.0,2.0,1.0,10.0,12.0,4.0,4.0,10.0,15.0,2.0,2.0,1.0,0.0,0.0,0.0,,,3,W
db81310bd0694ede27ed,2025-26,2025-08-30,Leeds,Newcastle United,H,P Bankes,0.0,0.0,0.0,0.0,10.0,8.0,1.0,2.0,10.0,15.0,5.0,5.0,1.0,1.0,0.0,0.0,,,1,D
db81310bd0694ede27ed,2025-26,2025-08-30,Newcastle United,Leeds,A,P Bankes,0.0,0.0,0.0,0.0,8.0,10.0,2.0,1.0,15.0,10.0,5.0,5.0,1.0,1.0,0.0,0.0,,,1,D
5a851244ca5ce40437c1,2025-26,2025-08-31,Brighton & Hove Albion,Manchester City,H,D England,2.0,1.0,0.0,1.0,12.0,12.0,7.0,3.0,16.0,14.0,3.0,2.0,2.0,2.0,0.0,0.0,,,3,W
5a851244ca5ce40437c1,2025-26,2025-08-31,Manchester City,Brighton & Hove Albion,A,D England,1.0,2.0,1.0,0.0,12.0,12.0,3.0,7.0,14.0,16.0,2.0,3.0,2.0,2.0,0.0,0.0,,,0,L
a5d0ac0596d23bc378d5,2025-26,2025-08-31,Nottingham Forest,West Ham United,H,C Pawson,0.0,3.0,0.0,0.0,11.0,12.0,3.0,8.0,14.0,6.0,9.0,7.0,0.0,0.0,0.0,0.0,,,0,L
a5d0ac0596d23bc378d5,2025-26,2025-08-31,West Ham United,Nottingham Forest,A,C Pawson,3.0,0.0,0.0,0.0,12.0,11.0,8.0,3.0,6.0,14.0,7.0,9.0,0.0,0.0,0.0,0.0,,,3,W
900eb69d3c0ee844ede0,2025-26,2025-08-31,Liverpool,Arsenal,H,C Kavanagh,1.0,0.0,0.0,0.0,9.0,11.0,3.0,1.0,7.0,10.0,3.0,8.0,2.0,2.0,0.0,0.0,,,3,W
900eb69d3c0ee844ede0,2025-26,2025-08-31,Arsenal,Liverpool,A,C Kavanagh,0.0,1.0,0.0,0.0,11.0,9.0,1.0,3.0,10.0,7.0,8.0,3.0,2.0,2.0,0.0,0.0,,,0,L
a4a99c07b2e9b1f52541,2025-26,2025-08-31,Aston Villa,Crystal Palace,H,S Attwell,0.0,3.0,0.0,1.0,13.0,6.0,4.0,4.0,7.0,14.0,10.0,1.0,2.0,3.0,0.0,0.0,,,0,L
a4a99c07b2e9b1f52541,2025-26,2025-08-31,Crystal Palace,Aston Villa,A,S Attwell,3.0,0.0,1.0,0.0,6.0,13.0,4.0,4.0,14.0,7.0,1.0,10.0,3.0,2.0,0.0,0.0,,,3,W
2389db6207a3546ae310,2025-26,2025-09-13,Arsenal,Nottingham Forest,H,D England,3.0,0.0,1.0,0.0,16.0,5.0,5.0,1.0,8.0,11.0,8.0,4.0,1.0,1.0,0.0,0.0,,,3,W
2389db6207a3546ae310,2025-26,2025-09-13,Nottingham Forest,Arsenal,A,D England,0.0,3.0,0.0,1.0,5.0,16.0,1.0,5.0,11.0,8.0,4.0,8.0,1.0,1.0,0.0,0.0,,,0,L
daee8a08b71dc9b0240d,2025-26,2025-09-13,Bournemouth,Brighton & Hove Albion,H,P Bankes,2.0,1.0,1.0,0.0,13.0,6.0,5.0,2.0,16.0,10.0,4.0,4.0,4.0,4.0,0.0,0.0,,,3,W
daee8a08b71dc9b0240d,2025-26,2025-09-13,Brighton & Hove Albion,Bournemouth,A,P Bankes,1.0,2.0,0.0,1.0,6.0,13.0,2.0,5.0,10.0,16.0,4.0,4.0,4.0,4.0,0.0,0.0,,,0,L
29ddc40596dc2ce99478,2025-26,2025-09-13,Crystal Palace,Sunderland,H,T Bramall,0.0,0.0,0.0,0.0,14.0,6.0,6.0,0.0,10.0,8.0,5.0,3.0,1.0,1.0,0.0,0.0,,,1,D
29ddc40596dc2ce99478,2025-26,2025-09-13,Sunderland,Crystal Palace,A,T Bramall,0.0,0.0,0.0,0.0,6.0,14.0,0.0,6.0,8.0,10.0,3.0,5.0,1.0,1.0,0.0,0.0,,,1,D
0edbf9f22de4e6874331,2025-26,2025-09-13,Everton,Aston Villa,H,S Hooper,0.0,0.0,0.0,0.0,20.0,7.0,2.0,1.0,17.0,15.0,10.0,3.0,3.0,3.0,0.0,0.0,,,1,D
0edbf9f22de4e6874331,2025-26,2025-09-13,Aston Villa,Everton,A,S Hooper,0.0,0.0,0.0,0.0,7.0,20.0,1.0,2.0,15.0,17.0,3.0,10.0,3.0,3.0,0.0,0.0,,,1,D
710f4ec393465c23c9eb,2025-26,2025-09-13,Fulham,Leeds,H,C Pawson,1.0,0.0,0.0,0.0,5.0,10.0,3.0,3.0,20.0,15.0,3.0,3.0,1.0,2.0,0.0,0.0,,,3,W
710f4ec393465c23c9eb,2025-26,2025-09-13,Leeds,Fulham,A,C Pawson,0.0,1.0,0.0,0.0,10.0,5.0,3.0,3.0,15.0,20.0,3.0,3.0,2.0,1.0,0.0,0.0,,,0,L
db97397fb67764500fd9,2025-26,2025-09-13,Newcastle United,Wolverhampton Wanderers,H,C Kavanagh,1.0,0.0,1.0,0.0,16.0,8.0,4.0,3.0,10.0,17.0,10.0,4.0,1.0,4.0,0.0,0.0,,,3,W
db97397fb67764500fd9,2025-26,2025-09-13,Wolverhampton Wanderers,Newcastle United,A,C Kavanagh,0.0,1.0,0.0,1.0,8.0,16.0,3.0,4.0,17.0,10.0,4.0,10.0,4.0,1.0,0.0,0.0,,,0,L
76d24653b890e17b5fe2,2025-26,2025-09-13,West Ham United,Tottenham,H,J Gillett,0.0,3.0,0.0,0.0,7.0,14.0,4.0,5.0,8.0,7.0,2.0,13.0,0.0,1.0,1.0,0.0,,,0,L
76d24653b890e17b5fe2,2025-26,2025-09-13,Tottenham,West Ham United,A,J Gillett,3.0,0.0,0.0,0.0,14.0,7.0,5.0,4.0,7.0,8.0,13.0,2.0,1.0,0.0,0.0,1.0,,,3,W
00c447e451478096d7a3,2025-26,2025-09-13,Brentford,Chelsea,H,S Attwell,2.0,2.0,1.0,0.0,7.0,16.0,4.0,6.0,13.0,9.0,5.0,6.0,3.0,2.0,0.0,0.0,,,1,D
00c447e451478096d7a3,2025-26,2025-09-13,Chelsea,Brentford,A,S Attwell,2.0,2.0,0.0,1.0,16.0,7.0,6.0,4.0,9.0,13.0,6.0,5.0,2.0,3.0,0.0,0.0,,,1,D
e91b6f121f29c0a0d919,2025-26,2025-09-14,Burnley,Liverpool,H,M Oliver,0.0,1.0,0.0,0.0,3.0,27.0,0.0,4.0,9.0,9.0,1.0,13.0,0.0,2.0,0.0,0.0,,,0,L
e91b6f121f29c0a0d919,2025-26,2025-09-14,Liverpool,Burnley,A,M Oliver,1.0,0.0,0.0,0.0,27.0,3.0,4.0,0.0,9.0,9.0,13.0,1.0,2.0,0.0,0.0,0.0,,,3,W
c964b636734a558df1ae,2025-26,2025-09-14,Manchester City,Manchester United,H,A Taylor,3.0,0.0,1.0,0.0,13.0,12.0,6.0,2.0,8.0,8.0,2.0,4.0,0.0,0.0,0.0,0.0,,,3,W
c964b636734a558df1ae,2025-26,2025-09-14,Manchester United,Manchester City,A,A Taylor,0.0,3.0,0.0,1.0,12.0,13.0,2.0,6.0,8.0,8.0,4.0,2.0,0.0,0.0,0.0,0.0,,,0,L
2157fb234fe7b06df58b,2025-26,2025-09-20,Liverpool,Everton,H,D England,2.0,1.0,2.0,0.0,11.0,9.0,3.0,2.0,11.0,10.0,5.0,4.0,2.0,3.0,0.0,0.0,,,3,W
2157fb234fe7b06df58b,2025-26,2025-09-20,Everton,Liverpool,A,D England,1.0,2.0,0.0,2.0,9.0,11.0,2.0,3.0,10.0,11.0,4.0,5.0,3.0,2.0,0.0,0.0,,,0,L
0890bd9cde9867de83bf,2025-26,2025-09-20,Brighton & Hove Albion,Tottenham,H,C Kavanagh,2.0,2.0,2.0,1.0,12.0,11.0,4.0,3.0,10.0,13.0,2.0,10.0,1.0,2.0,0.0,0.0,,,1,D
0890bd9cde9867de83bf,2025-26,2025-09-20,Tottenham,Brighton & Hove Albion,A,C Kavanagh,2.0,2.0,1.0,2.0,11.0,12.0,3.0,4.0,13.0,10.0,10.0,2.0,2.0,1.0,0.0,0.0,,,1,D
454fd2ca7c474bd4aa3f,2025-26,2025-09-20,Burnley,Nottingham Forest,H,T Bramall,1.0,1.0,1.0,1.0,12.0,17.0,5.0,8.0,12.0,11.0,4.0,5.0,1.0,1.0,0.0,0.0,,,1,D
454fd2ca7c474bd4aa3f,2025-26,2025-09-20,Nottingham Forest,Burnley,A,T Bramall,1.0,1.0,1.0,1.0,17.0,12.0,8.0,5.0,11.0,12.0,5.0,4.0,1.0,1.0,0.0,0.0,,,1,D
2284cf276976adfdddff,2025-26,2025-09-20,West Ham United,Crystal Palace,H,T Harrington,1.0,2.0,0.0,1.0,8.0,18.0,3.0,3.0,15.0,5.0,8.0,8.0,3.0,3.0,0.0,0.0,,,0,L
2284cf276976adfdddff,2025-26,2025-09-20,Crystal Palace,West Ham United,A,T Harrington,2.0,1.0,1.0,0.0,18.0,8.0,3.0,3.0,5.0,15.0,8.0,8.0,3.0,3.0,0.0,0.0,,,3,W
be83f04f053e5dfdb49d,2025-26,2025-09-20,Wolverhampton Wanderers,Leeds,H,A Taylor,1.0,3.0,1.0,3.0,16.0,6.0,6.0,4.0,11.0,9.0,4.0,0.0,1.0,1.0,0.0,0.0,,,0,L
be83f04f053e5dfdb49d,2025-26,2025-09-20,Leeds,Wolverhampton Wanderers,A,A Taylor,3.0,1.0,3.0,1.0,6.0,16.0,4.0,6.0,9.0,11.0,0.0,4.0,1.0,1.0,0.0,0.0,,,3,W
e449895385bc6819e021,2025-26,2025-09-20,Manchester United,Chelsea,H,P Bankes,2.0,1.0,2.0,0.0,11.0,5.0,4.0,1.0,13.0,14.0,5.0,5.0,0.0,5.0,1.0,1.0,,,3,W
e449895385bc6819e021,2025-26,2025-09-20,Chelsea,Manchester United,A,P Bankes,1.0,2.0,0.0,2.0,5.0,11.0,1.0,4.0,14.0,13.0,5.0,5.0,5.0,0.0,1.0,1.0,,,0,L
0d4bc4eb124df2bb5b1c,2025-26,2025-09-20,Fulham,Brentford,H,M Oliver,3.0,1.0,2.0,1.0,14.0,8.0,3.0,3.0,11.0,13.0,2.0,10.0,4.0,1.0,0.0,0.0,,,3,W
0d4bc4eb124df2bb5b1c,2025-26,2025-09-20,Brentford,Fulham,A,M Oliver,1.0,3.0,1.0,2.0,8.0,14.0,3.0,3.0,13.0,11.0,10.0,2.0,1.0,4.0,0.0,0.0,,,0,L
319565fe07f7f71d19b5,2025-26,2025-09-21,Bournemouth,Newcastle United,H,R Jones,0.0,0.0,0.0,0.0,11.0,4.0,2.0,1.0,7.0,10.0,5.0,2.0,2.0,1.0,0.0,0.0,,,1,D
319565fe07f7f71d19b5,2025-26,2025-09-21,Newcastle United,Bournemouth,A,R Jones,0.0,0.0,0.0,0.0,4.0,11.0,1.0,2.0,10.0,7.0,2.0,5.0,1.0,2.0,0.0,0.0,,,1,D
514a9b38d9b91746a476,2025-26,2025-09-21,Sunderland,Aston Villa,H,S Barrott,1.0,1.0,0.0,0.0,14.0,12.0,4.0,2.0,14.0,8.0,6.0,5.0,2.0,1.0,1.0,0.0,,,1,D
514a9b38d9b91746a476,2025-26,2025-09-21,Aston Villa,Sunderland,A,S Barrott,1.0,1.0,0.0,0.0,12.0,14.0,2.0,4.0,8.0,14.0,5.0,6.0,1.0,2.0,0.0,1.0,,,1,D
f060e33b82d01b6bde39,2025-26,2025-09-21,Arsenal,Manchester City,H,S Attwell,1.0,1.0,0.0,1.0,12.0,5.0,3.0,3.0,11.0,10.0,11.0,2.0,1.0,2.0,0.0,0.0,,,1,D
f060e33b82d01b6bde39,2025-26,2025-09-21,Manchester City,Arsenal,A,S Attwell,1.0,1.0,1.0,0.0,5.0,12.0,3.0,3.0,10.0,11.0,2.0,11.0,2.0,1.0,0.0,0.0,,,1,D
b1a4d23ae44af996a598,2025-26,2025-09-27,Brentford,Manchester United,H,C Pawson,3.0,1.0,2.0,1.0,10.0,14.0,8.0,6.0,14.0,10.0,4.0,2.0,2.0,2.0,0.0,0.0,,,3,W
b1a4d23ae44af996a598,2025-26,2025-09-27,Manchester United,Brentford,A,C Pawson,1.0,3.0,1.0,2.0,14.0,10.0,6.0,8.0,10.0,14.0,2.0,4.0,2.0,2.0,0.0,0.0,,,0,L
7807db37bc3a166acdf8,2025-26,2025-09-27,Chelsea,Brighton & Hove Albion,H,S Hooper,1.0,3.0,1.0,0.0,13.0,12.0,3.0,3.0,9.0,16.0,5.0,7.0,3.0,5.0,1.0,0.0,,,0,L
7807db37bc3a166acdf8,2025-26,2025-09-27,Brighton & Hove Albion,Chelsea,A,S Hooper,3.0,1.0,0.0,1.0,12.0,13.0,3.0,3.0,16.0,9.0,7.0,5.0,5.0,3.0,0.0,1.0,,,3,W
e2315a38d748c5d7b97d,2025-26,2025-09-27,Crystal Palace,Liverpool,H,C Kavanagh,2.0,1.0,1.0,0.0,16.0,20.0,7.0,4.0,10.0,8.0,2.0,6.0,1.0,3.0,0.0,0.0,,,3,W
e2315a38d748c5d7b97d,2025-26,2025-09-27,Liverpool,Crystal Palace,A,C Kavanagh,1.0,2.0,0.0,1.0,20.0,16.0,4.0,7.0,8.0,10.0,6.0,2.0,3.0,1.0,0.0,0.0,,,0,L
222ed4ca81d1e81e8b49,2025-26,2025-09-27,Leeds,Bournemouth,H,M Oliver,2.0,2.0,1.0,1.0,19.0,12.0,8.0,5.0,12.0,13.0,7.0,4.0,2.0,2.0,0.0,0.0,,,1,D
222ed4ca81d1e81e8b49,2025-26,2025-09-27,Bournemouth,Leeds,A,M Oliver,2.0,2.0,1.0,1.0,12.0,19.0,5.0,8.0,13.0,12.0,4.0,7.0,2.0,2.0,0.0,0.0,,,1,D
6fde501ebdf4fd3f9c28,2025-26,2025-09-27,Manchester City,Burnley,H,R Jones,5.0,1.0,1.0,1.0,21.0,9.0,8.0,2.0,5.0,7.0,10.0,2.0,1.0,3.0,0.0,0.0,,,3,W
6fde501ebdf4fd3f9c28,2025-26,2025-09-27,Burnley,Manchester City,A,R Jones,1.0,5.0,1.0,1.0,9.0,21.0,2.0,8.0,7.0,5.0,2.0,10.0,3.0,1.0,0.0,0.0,,,0,L
2adaf851eb6f404943a0,2025-26,2025-09-27,Nottingham Forest,Sunderland,H,T Harrington,0.0,1.0,0.0,1.0,22.0,11.0,6.0,3.0,11.0,6.0,7.0,4.0,4.0,2.0,0.0,0.0,,,0,L
2adaf851eb6f404943a0,2025-26,2025-09-27,Sunderland,Nottingham Forest,A,T Harrington,1.0,0.0,1.0,0.0,11.0,22.0,3.0,6.0,6.0,11.0,4.0,7.0,2.0,4.0,0.0,0.0,,,3,W
9dc49494a7cceda01a24,2025-26,2025-09-27,Tottenham,Wolverhampton Wanderers,H,M Salisbury,1.0,1.0,0.0,0.0,10.0,9.0,3.0,3.0,9.0,11.0,10.0,9.0,3.0,2.0,0.0,0.0,,,1,D
9dc49494a7cceda01a24,2025-26,2025-09-27,Wolverhampton Wanderers,Tottenham,A,M Salisbury,1.0,1.0,0.0,0.0,9.0,10.0,3.0,3.0,11.0,9.0,9.0,10.0,2.0,3.0,0.0,0.0,,,1,D
297484f5896b08cba8ff,2025-26,2025-09-28,Aston Villa,Fulham,H,A Madley,3.0,1.0,1.0,1.0,9.0,11.0,4.0,4.0,10.0,13.0,2.0,8.0,1.0,4.0,0.0,0.0,,,3,W
297484f5896b08cba8ff,2025-26,2025-09-28,Fulham,Aston Villa,A,A Madley,1.0,3.0,1.0,1.0,11.0,9.0,4.0,4.0,13.0,10.0,8.0,2.0,4.0,1.0,0.0,0.0,,,0,L
df2d2b671b9cf16d10e4,2025-26,2025-09-28,Newcastle United,Arsenal,H,J Gillett,1.0,2.0,1.0,0.0,8.0,20.0,3.0,7.0,8.0,9.0,7.0,12.0,2.0,1.0,0.0,0.0,,,0,L
df2d2b671b9cf16d10e4,2025-26,2025-09-28,Arsenal,Newcastle United,A,J Gillett,2.0,1.0,0.0,1.0,20.0,8.0,7.0,3.0,9.0,8.0,12.0,7.0,1.0,2.0,0.0,0.0,,,3,W
8429741e071f5b33f77c,2025-26,2025-09-29,Everton,West Ham United,H,S Barrott,1.0,1.0,1.0,0.0,12.0,14.0,6.0,3.0,7.0,16.0,3.0,5.0,3.0,4.0,0.0,0.0,,,1,D
8429741e071f5b33f77c,2025-26,2025-09-29,West Ham United,Everton,A,S Barrott,1.0,1.0,0.0,1.0,14.0,12.0,3.0,6.0,16.0,7.0,5.0,3.0,4.0,3.0,0.0,0.0,,,1,D
59a652e8aace7c197b4f,2025-26,2025-10-03,Bournemouth,Fulham,H,S Hooper,3.0,1.0,0.0,0.0,11.0,12.0,6.0,4.0,8.0,10.0,4.0,3.0,0.0,1.0,0.0,0.0,,,3,W
59a652e8aace7c197b4f,2025-26,2025-10-03,Fulham,Bournemouth,A,S Hooper,1.0,3.0,0.0,0.0,12.0,11.0,4.0,6.0,10.0,8.0,3.0,4.0,1.0,0.0,0.0,0.0,,,0,L
d1ab35aae2ccc0aea649,2025-26,2025-10-04,Leeds,Tottenham,H,T Bramall,1.0,2.0,1.0,1.0,16.0,9.0,4.0,3.0,10.0,12.0,4.0,1.0,2.0,3.0,0.0,0.0,,,0,L
d1ab35aae2ccc0aea649,2025-26,2025-10-04,Tottenham,Leeds,A,T Bramall,2.0,1.0,1.0,1.0,9.0,16.0,3.0,4.0,12.0,10.0,1.0,4.0,3.0,2.0,0.0,0.0,,,3,W
039e9845d1e62de863e8,2025-26,2025-10-04,Arsenal,West Ham United,H,J Brooks,2.0,0.0,1.0,0.0,21.0,4.0,5.0,0.0,14.0,14.0,8.0,3.0,0.0,2.0,0.0,0.0,,,3,W
039e9845d1e62de863e8,2025-26,2025-10-04,West Ham United,Arsenal,A,J Brooks,0.0,2.0,0.0,1.0,4.0,21.0,0.0,5.0,14.0,14.0,3.0,8.0,2.0,0.0,0.0,0.0,,,0,L
3e1061c9cd20cc2c77de,2025-26,2025-10-04,Manchester United,Sunderland,H,S Attwell,2.0,0.0,2.0,0.0,15.0,8.0,6.0,3.0,10.0,12.0,2.0,3.0,1.0,4.0,0.0,0.0,,,3,W
3e1061c9cd20cc2c77de,2025-26,2025-10-04,Sunderland,Manchester United,A,S Attwell,0.0,2.0,0.0,2.0,8.0,15.0,3.0,6.0,12.0,10.0,3.0,2.0,4.0,1.0,0.0,0.0,,,0,L
f156e686ca8a019dbdef,2025-26,2025-10-04,Chelsea,Liverpool,H,A Taylor,2.0,1.0,1.0,0.0,12.0,12.0,6.0,2.0,9.0,8.0,7.0,2.0,0.0,2.0,0.0,0.0,,,3,W
f156e686ca8a019dbdef,2025-26,2025-10-04,Liverpool,Chelsea,A,A Taylor,1.0,2.0,0.0,1.0,12.0,12.0,2.0,6.0,8.0,9.0,2.0,7.0,2.0,0.0,0.0,0.0,,,0,L
0367112e74762d20ab59,2025-26,2025-10-05,Aston Villa,Burnley,H,A Kitchen,2.0,1.0,1.0,0.0,15.0,5.0,7.0,2.0,9.0,15.0,6.0,4.0,3.0,1.0,0.0,0.0,,,3,W
0367112e74762d20ab59,2025-26,2025-10-05,Burnley,Aston Villa,A,A Kitchen,1.0,2.0,0.0,1.0,5.0,15.0,2.0,7.0,15.0,9.0,4.0,6.0,1.0,3.0,0.0,0.0,,,0,L
8975a8f6b3ceb61b8255,2025-26,2025-10-05,Everton,Crystal Palace,H,M Salisbury,2.0,1.0,0.0,1.0,14.0,15.0,7.0,8.0,13.0,16.0,2.0,4.0,2.0,3.0,0.0,0.0,,,3,W
8975a8f6b3ceb61b8255,2025-26,2025-10-05,Crystal Palace,Everton,A,M Salisbury,1.0,2.0,1.0,0.0,15.0,14.0,8.0,7.0,16.0,13.0,4.0,2.0,3.0,2.0,0.0,0.0,,,0,L
d8a982c94093b87ea638,2025-26,2025-10-05,Newcastle United,Nottingham Forest,H,P Bankes,2.0,0.0,0.0,0.0,18.0,5.0,9.0,4.0,16.0,15.0,8.0,1.0,0.0,4.0,0.0,0.0,,,3,W
d8a982c94093b87ea638,2025-26,2025-10-05,Nottingham Forest,Newcastle United,A,P Bankes,0.0,2.0,0.0,0.0,5.0,18.0,4.0,9.0,15.0,16.0,1.0,8.0,4.0,0.0,0.0,0.0,,,0,L
4b892e4f601232c15d8f,2025-26,2025-10-05,Wolverhampton Wanderers,Brighton & Hove Albion,H,J Gillett,1.0,1.0,1.0,0.0,6.0,17.0,3.0,6.0,13.0,9.0,2.0,8.0,2.0,4.0,0.0,0.0,,,1,D
4b892e4f601232c15d8f,2025-26,2025-10-05,Brighton & Hove Albion,Wolverhampton Wanderers,A,J Gillett,1.0,1.0,0.0,1.0,17.0,6.0,6.0,3.0,9.0,13.0,8.0,2.0,4.0,2.0,0.0,0.0,,,1,D
127aa9729a538dfa93bc,2025-26,2025-10-05,Brentford,Manchester City,H,D England,0.0,1.0,0.0,1.0,6.0,10.0,1.0,4.0,10.0,6.0,3.0,2.0,3.0,2.0,0.0,0.0,,,0,L
127aa9729a538dfa93bc,2025-26,2025-10-05,Manchester City,Brentford,A,D England,1.0,0.0,1.0,0.0,10.0,6.0,4.0,1.0,6.0,10.0,2.0,3.0,2.0,3.0,0.0,0.0,,,3,W
25159dbefd791793f17e,2025-26,2025-10-18,Nottingham Forest,Chelsea,H,C Kavanagh,0.0,3.0,0.0,0.0,12.0,17.0,2.0,6.0,13.0,16.0,5.0,2.0,2.0,2.0,0.0,1.0,,,0,L
25159dbefd791793f17e,2025-26,2025-10-18,Chelsea,Nottingham Forest,A,C Kavanagh,3.0,0.0,0.0,0.0,17.0,12.0,6.0,2.0,16.0,13.0,2.0,5.0,2.0,2.0,1.0,0.0,,,3,W
65f0e58d65f7178e22fc,2025-26,2025-10-18,Brighton & Hove Albion,Newcastle United,H,C Pawson,2.0,1.0,1.0,0.0,13.0,16.0,5.0,3.0,9.0,9.0,8.0,4.0,0.0,1.0,0.0,0.0,,,3,W
65f0e58d65f7178e22fc,2025-26,2025-10-18,Newcastle United,Brighton & Hove Albion,A,C Pawson,1.0,2.0,0.0,1.0,16.0,13.0,3.0,5.0,9.0,9.0,4.0,8.0,1.0,0.0,0.0,0.0,,,0,L
ca9f528940f55b5819dd,2025-26,2025-10-18,Burnley,Leeds,H,T Robinson,2.0,0.0,1.0,0.0,4.0,19.0,3.0,4.0,10.0,7.0,1.0,5.0,2.0,1.0,0.0,0.0,,,3,W
ca9f528940f55b5819dd,2025-26,2025-10-18,Leeds,Burnley,A,T Robinson,0.0,2.0,0.0,1.0,19.0,4.0,4.0,3.0,7.0,10.0,5.0,1.0,1.0,2.0,0.0,0.0,,,0,L
7e9bbb84692d8cae8ff9,2025-26,2025-10-18,Crystal Palace,Bournemouth,H,J Gillett,3.0,3.0,0.0,2.0,20.0,8.0,7.0,5.0,8.0,16.0,6.0,5.0,1.0,4.0,0.0,0.0,,,1,D
7e9bbb84692d8cae8ff9,2025-26,2025-10-18,Bournemouth,Crystal Palace,A,J Gillett,3.0,3.0,2.0,0.0,8.0,20.0,5.0,7.0,16.0,8.0,5.0,6.0,4.0,1.0,0.0,0.0,,,1,D
615767ddaf2c4508a10a,2025-26,2025-10-18,Manchester City,Everton,H,T Harrington,2.0,0.0,0.0,0.0,19.0,5.0,7.0,1.0,8.0,14.0,11.0,3.0,0.0,2.0,0.0,0.0,,,3,W
615767ddaf2c4508a10a,2025-26,2025-10-18,Everton,Manchester City,A,T Harrington,0.0,2.0,0.0,0.0,5.0,19.0,1.0,7.0,14.0,8.0,3.0,11.0,2.0,0.0,0.0,0.0,,,0,L
a5e6f7d909ff2be875fe,2025-26,2025-10-18,Sunderland,Wolverhampton Wanderers,H,R Jones,2.0,0.0,1.0,0.0,8.0,16.0,2.0,3.0,5.0,12.0,3.0,2.0,0.0,0.0,0.0,0.0,,,3,W
a5e6f7d909ff2be875fe,2025-26,2025-10-18,Wolverhampton Wanderers,Sunderland,A,R Jones,0.0,2.0,0.0,1.0,16.0,8.0,3.0,2.0,12.0,5.0,2.0,3.0,0.0,0.0,0.0,0.0,,,0,L
f66c3ebfad14501af579,2025-26,2025-10-18,Fulham,Arsenal,H,A Taylor,0.0,1.0,0.0,0.0,9.0,16.0,0.0,5.0,11.0,4.0,6.0,10.0,0.0,0.0,0.0,0.0,,,0,L
f66c3ebfad14501af579,2025-26,2025-10-18,Arsenal,Fulham,A,A Taylor,1.0,0.0,0.0,0.0,16.0,9.0,5.0,0.0,4.0,11.0,10.0,6.0,0.0,0.0,0.0,0.0,,,3,W
29b5c62b0a9767d33fb0,2025-26,2025-10-19,Tottenham,Aston Villa,H,S Hooper,1.0,2.0,1.0,1.0,9.0,8.0,3.0,2.0,11.0,7.0,6.0,6.0,2.0,0.0,0.0,0.0,,,0,L
29b5c62b0a9767d33fb0,2025-26,2025-10-19,Aston Villa,Tottenham,A,S Hooper,2.0,1.0,1.0,1.0,8.0,9.0,2.0,3.0,7.0,11.0,6.0,6.0,0.0,2.0,0.0,0.0,,,3,W
6579db3e90e4f55a5cb6,2025-26,2025-10-19,Liverpool,Manchester United,H,M Oliver,1.0,2.0,0.0,1.0,19.0,12.0,6.0,4.0,8.0,14.0,9.0,4.0,0.0,2.0,0.0,0.0,,,0,L
6579db3e90e4f55a5cb6,2025-26,2025-10-19,Manchester United,Liverpool,A,M Oliver,2.0,1.0,1.0,0.0,12.0,19.0,4.0,6.0,14.0,8.0,4.0,9.0,2.0,0.0,0.0,0.0,,,3,W
2c6254c0c3c932eba93a,2025-26,2025-10-20,West Ham United,Brentford,H,A Madley,0.0,2.0,0.0,1.0,7.0,22.0,1.0,7.0,10.0,10.0,6.0,10.0,1.0,1.0,0.0,0.0,,,0,L
2c6254c0c3c932eba93a,2025-26,2025-10-20,Brentford,West Ham United,A,A Madley,2.0,0.0,1.0,0.0,22.0,7.0,7.0,1.0,10.0,10.0,10.0,6.0,1.0,1.0,0.0,0.0,,,3,W
9cfcbc3a1d8780e6c59d,2025-26,2025-10-24,Leeds,West Ham United,H,S Attwell,2.0,1.0,2.0,0.0,13.0,9.0,5.0,3.0,12.0,11.0,3.0,4.0,3.0,3.0,0.0,0.0,,,3,W
9cfcbc3a1d8780e6c59d,2025-26,2025-10-24,West Ham United,Leeds,A,S Attwell,1.0,2.0,0.0,2.0,9.0,13.0,3.0,5.0,11.0,12.0,4.0,3.0,3.0,3.0,0.0,0.0,,,0,L
d38a8e548465d5092670,2025-26,2025-10-25,Chelsea,Sunderland,H,A Madley,1.0,2.0,1.0,1.0,16.0,10.0,7.0,4.0,15.0,13.0,9.0,1.0,1.0,1.0,0.0,0.0,,,0,L
d38a8e548465d5092670,2025-26,2025-10-25,Sunderland,Chelsea,A,A Madley,2.0,1.0,1.0,1.0,10.0,16.0,4.0,7.0,13.0,15.0,1.0,9.0,1.0,1.0,0.0,0.0,,,3,W
465aa5b3f2b7a150cc0d,2025-26,2025-10-25,Newcastle United,Fulham,H,P Bankes,2.0,1.0,1.0,0.0,18.0,12.0,7.0,5.0,11.0,18.0,4.0,3.0,0.0,2.0,0.0,0.0,,,3,W
465aa5b3f2b7a150cc0d,2025-26,2025-10-25,Fulham,Newcastle United,A,P Bankes,1.0,2.0,0.0,1.0,12.0,18.0,5.0,7.0,18.0,11.0,3.0,4.0,2.0,0.0,0.0,0.0,,,0,L
cad70ae71bc002fed5a4,2025-26,2025-10-25,Manchester United,Brighton & Hove Albion,H,A Taylor,4.0,2.0,2.0,0.0,13.0,17.0,9.0,5.0,4.0,13.0,1.0,6.0,2.0,2.0,0.0,0.0,,,3,W
cad70ae71bc002fed5a4,2025-26,2025-10-25,Brighton & Hove Albion,Manchester United,A,A Taylor,2.0,4.0,0.0,2.0,17.0,13.0,5.0,9.0,13.0,4.0,6.0,1.0,2.0,2.0,0.0,0.0,,,0,L
2b5dddc0ba9bf5156e0e,2025-26,2025-10-25,Brentford,Liverpool,H,S Hooper,3.0,2.0,2.0,1.0,17.0,18.0,8.0,5.0,7.0,10.0,5.0,4.0,3.0,2.0,0.0,0.0,,,3,W
2b5dddc0ba9bf5156e0e,2025-26,2025-10-25,Liverpool,Brentford,A,S Hooper,2.0,3.0,1.0,2.0,18.0,17.0,5.0,8.0,10.0,7.0,4.0,5.0,2.0,3.0,0.0,0.0,,,0,L
338c7826594a0f7771c2,2025-26,2025-10-26,Arsenal,Crystal Palace,H,T Bramall,1.0,0.0,1.0,0.0,10.0,7.0,3.0,1.0,6.0,11.0,4.0,3.0,0.0,0.0,0.0,0.0,,,3,W
338c7826594a0f7771c2,2025-26,2025-10-26,Crystal Palace,Arsenal,A,T Bramall,0.0,1.0,0.0,1.0,7.0,10.0,1.0,3.0,11.0,6.0,3.0,4.0,0.0,0.0,0.0,0.0,,,0,L
712b4e2b11c90f208c69,2025-26,2025-10-26,Aston Villa,Manchester City,H,M Oliver,1.0,0.0,1.0,0.0,9.0,18.0,3.0,4.0,8.0,16.0,5.0,6.0,1.0,4.0,0.0,0.0,,,3,W
712b4e2b11c90f208c69,2025-26,2025-10-26,Manchester City,Aston Villa,A,M Oliver,0.0,1.0,0.0,1.0,18.0,9.0,4.0,3.0,16.0,8.0,6.0,5.0,4.0,1.0,0.0,0.0,,,0,L
a7cbc169465eafe0cce7,2025-26,2025-10-26,Bournemouth,Nottingham Forest,H,S Barrott,2.0,0.0,2.0,0.0,13.0,8.0,5.0,4.0,17.0,7.0,6.0,4.0,3.0,1.0,0.0,0.0,,,3,W
a7cbc169465eafe0cce7,2025-26,2025-10-26,Nottingham Forest,Bournemouth,A,S Barrott,0.0,2.0,0.0,2.0,8.0,13.0,4.0,5.0,7.0,17.0,4.0,6.0,1.0,3.0,0.0,0.0,,,0,L
c901707df4b0f0eacd4f,2025-26,2025-10-26,Wolverhampton Wanderers,Burnley,H,T Harrington,2.0,3.0,2.0,2.0,15.0,11.0,7.0,7.0,12.0,7.0,5.0,3.0,1.0,0.0,0.0,0.0,,,0,L
c901707df4b0f0eacd4f,2025-26,2025-10-26,Burnley,Wolverhampton Wanderers,A,T Harrington,3.0,2.0,2.0,2.0,11.0,15.0,7.0,7.0,7.0,12.0,3.0,5.0,0.0,1.0,0.0,0.0,,,3,W
e05fe499a79facb5034e,2025-26,2025-10-26,Everton,Tottenham,H,C Pawson,0.0,3.0,0.0,2.0,12.0,7.0,2.0,4.0,9.0,8.0,9.0,8.0,2.0,0.0,0.0,0.0,,,0,L
e05fe499a79facb5034e,2025-26,2025-10-26,Tottenham,Everton,A,C Pawson,3.0,0.0,2.0,0.0,7.0,12.0,4.0,2.0,8.0,9.0,8.0,9.0,0.0,2.0,0.0,0.0,,,3,W
19509180f80e38b552e4,2025-26,2025-11-01,Brighton & Hove Albion,Leeds,H,M Oliver,3.0,0.0,1.0,0.0,14.0,5.0,7.0,2.0,10.0,7.0,4.0,7.0,0.0,1.0,0.0,0.0,,,3,W
19509180f80e38b552e4,2025-26,2025-11-01,Leeds,Brighton & Hove Albion,A,M Oliver,0.0,3.0,0.0,1.0,5.0,14.0,2.0,7.0,7.0,10.0,7.0,4.0,1.0,0.0,0.0,0.0,,,0,L
70bb066d7a130efdf16c,2025-26,2025-11-01,Burnley,Arsenal,H,C Kavanagh,0.0,2.0,0.0,2.0,3.0,12.0,0.0,8.0,10.0,13.0,1.0,6.0,2.0,1.0,0.0,0.0,,,0,L
70bb066d7a130efdf16c,2025-26,2025-11-01,Arsenal,Burnley,A,C Kavanagh,2.0,0.0,2.0,0.0,12.0,3.0,8.0,0.0,13.0,10.0,6.0,1.0,1.0,2.0,0.0,0.0,,,3,W
7b369edd14f3e150dc47,2025-26,2025-11-01,Crystal Palace,Brentford,H,P Bankes,2.0,0.0,1.0,0.0,9.0,6.0,2.0,2.0,7.0,11.0,6.0,5.0,0.0,3.0,0.0,0.0,,,3,W
7b369edd14f3e150dc47,2025-26,2025-11-01,Brentford,Crystal Palace,A,P Bankes,0.0,2.0,0.0,1.0,6.0,9.0,2.0,2.0,11.0,7.0,5.0,6.0,3.0,0.0,0.0,0.0,,,0,L
0c433ebe0096e42ed3bb,2025-26,2025-11-01,Fulham,Wolverhampton Wanderers,H,J Brooks,3.0,0.0,1.0,0.0,19.0,5.0,6.0,2.0,13.0,14.0,10.0,1.0,1.0,3.0,0.0,1.0,,,3,W
0c433ebe0096e42ed3bb,2025-26,2025-11-01,Wolverhampton Wanderers,Fulham,A,J Brooks,0.0,3.0,0.0,1.0,5.0,19.0,2.0,6.0,14.0,13.0,1.0,10.0,3.0,1.0,1.0,0.0,,,0,L
c20f0e79c6f2715f26ea,2025-26,2025-11-01,Nottingham Forest,Manchester United,H,D England,2.0,2.0,0.0,1.0,17.0,18.0,3.0,7.0,10.0,7.0,8.0,5.0,1.0,1.0,0.0,0.0,,,1,D
c20f0e79c6f2715f26ea,2025-26,2025-11-01,Manchester United,Nottingham Forest,A,D England,2.0,2.0,1.0,0.0,18.0,17.0,7.0,3.0,7.0,10.0,5.0,8.0,1.0,1.0,0.0,0.0,,,1,D
2f9c5ee3196d19535c02,2025-26,2025-11-01,Tottenham,Chelsea,H,J Gillett,0.0,1.0,0.0,1.0,3.0,15.0,1.0,9.0,14.0,12.0,6.0,5.0,4.0,2.0,0.0,0.0,,,0,L
2f9c5ee3196d19535c02,2025-26,2025-11-01,Chelsea,Tottenham,A,J Gillett,1.0,0.0,1.0,0.0,15.0,3.0,9.0,1.0,12.0,14.0,5.0,6.0,2.0,4.0,0.0,0.0,,,3,W
37baa8ab956b86d6880c,2025-26,2025-11-01,Liverpool,Aston Villa,H,S Attwell,2.0,0.0,1.0,0.0,16.0,10.0,4.0,3.0,13.0,11.0,1.0,4.0,2.0,3.0,0.0,0.0,,,3,W
37baa8ab956b86d6880c,2025-26,2025-11-01,Aston Villa,Liverpool,A,S Attwell,0.0,2.0,0.0,1.0,10.0,16.0,3.0,4.0,11.0,13.0,4.0,1.0,3.0,2.0,0.0,0.0,,,0,L
091be63b9770c8854e3c,2025-26,2025-11-02,West Ham United,Newcastle United,H,R Jones,3.0,1.0,2.0,1.0,15.0,12.0,9.0,4.0,5.0,10.0,7.0,6.0,1.0,2.0,0.0,0.0,,,3,W
091be63b9770c8854e3c,2025-26,2025-11-02,Newcastle United,West Ham United,A,R Jones,1.0,3.0,1.0,2.0,12.0,15.0,4.0,9.0,10.0,5.0,6.0,7.0,2.0,1.0,0.0,0.0,,,0,L
fa99af3fe48f9a75caa5,2025-26,2025-11-02,Manchester City,Bournemouth,H,A Taylor,3.0,1.0,2.0,1.0,15.0,8.0,8.0,5.0,8.0,11.0,10.0,4.0,2.0,2.0,0.0,0.0,,,3,W
fa99af3fe48f9a75caa5,2025-26,2025-11-02,Bournemouth,Manchester City,A,A Taylor,1.0,3.0,1.0,2.0,8.0,15.0,5.0,8.0,11.0,8.0,4.0,10.0,2.0,2.0,0.0,0.0,,,0,L
dec9a4e0ba4434dc036d,2025-26,2025-11-03,Sunderland,Everton,H,T Bramall,1.0,1.0,0.0,1.0,17.0,8.0,3.0,2.0,10.0,12.0,4.0,1.0,3.0,2.0,0.0,0.0,,,1,D
dec9a4e0ba4434dc036d,2025-26,2025-11-03,Everton,Sunderland,A,T Bramall,1.0,1.0,1.0,0.0,8.0,17.0,2.0,3.0,12.0,10.0,1.0,4.0,2.0,3.0,0.0,0.0,,,1,D
9738f7f9365ff6784336,2025-26,2025-11-08,Tottenham,Manchester United,H,S Barrott,2.0,2.0,0.0,1.0,10.0,5.0,4.0,2.0,10.0,8.0,5.0,3.0,5.0,1.0,0.0,0.0,,,1,D
9738f7f9365ff6784336,2025-26,2025-11-08,Manchester United,Tottenham,A,S Barrott,2.0,2.0,1.0,0.0,5.0,10.0,2.0,4.0,8.0,10.0,3.0,5.0,1.0,5.0,0.0,0.0,,,1,D
ec63f65a14998b9e4e19,2025-26,2025-11-08,Everton,Fulham,H,A Madley,2.0,0.0,1.0,0.0,14.0,8.0,5.0,4.0,11.0,14.0,7.0,5.0,2.0,2.0,0.0,0.0,,,3,W
ec63f65a14998b9e4e19,2025-26,2025-11-08,Fulham,Everton,A,A Madley,0.0,2.0,0.0,1.0,8.0,14.0,4.0,5.0,14.0,11.0,5.0,7.0,2.0,2.0,0.0,0.0,,,0,L
882a81a4516636eb698a,2025-26,2025-11-08,West Ham United,Burnley,H,M Salisbury,3.0,2.0,1.0,1.0,15.0,16.0,6.0,7.0,15.0,13.0,7.0,4.0,2.0,2.0,0.0,0.0,,,3,W
882a81a4516636eb698a,2025-26,2025-11-08,Burnley,West Ham United,A,M Salisbury,2.0,3.0,1.0,1.0,16.0,15.0,7.0,6.0,13.0,15.0,4.0,7.0,2.0,2.0,0.0,0.0,,,0,L
0c0be508e48ac0b31b14,2025-26,2025-11-08,Sunderland,Arsenal,H,C Pawson,2.0,2.0,1.0,0.0,6.0,17.0,2.0,7.0,13.0,13.0,2.0,2.0,2.0,1.0,0.0,0.0,,,1,D
0c0be508e48ac0b31b14,2025-26,2025-11-08,Arsenal,Sunderland,A,C Pawson,2.0,2.0,0.0,1.0,17.0,6.0,7.0,2.0,13.0,13.0,2.0,2.0,1.0,2.0,0.0,0.0,,,1,D
7e6952943fcc3fa08e93,2025-26,2025-11-08,Chelsea,Wolverhampton Wanderers,H,A Kitchen,3.0,0.0,0.0,0.0,20.0,3.0,8.0,0.0,12.0,14.0,10.0,1.0,1.0,2.0,0.0,0.0,,,3,W
7e6952943fcc3fa08e93,2025-26,2025-11-08,Wolverhampton Wanderers,Chelsea,A,A Kitchen,0.0,3.0,0.0,0.0,3.0,20.0,0.0,8.0,14.0,12.0,1.0,10.0,2.0,1.0,0.0,0.0,,,0,L
b30b5efe06a205bc8417,2025-26,2025-11-09,Aston Villa,Bournemouth,H,J Brooks,4.0,0.0,2.0,0.0,16.0,13.0,8.0,4.0,8.0,20.0,6.0,9.0,2.0,2.0,0.0,0.0,,,3,W
b30b5efe06a205bc8417,2025-26,2025-11-09,Bournemouth,Aston Villa,A,J Brooks,0.0,4.0,0.0,2.0,13.0,16.0,4.0,8.0,20.0,8.0,9.0,6.0,2.0,2.0,0.0,0.0,,,0,L
6237c91d616d01ecbe24,2025-26,2025-11-09,Brentford,Newcastle United,H,S Attwell,3.0,1.0,0.0,1.0,15.0,5.0,7.0,1.0,10.0,13.0,6.0,2.0,2.0,1.0,0.0,0.0,,,3,W
6237c91d616d01ecbe24,2025-26,2025-11-09,Newcastle United,Brentford,A,S Attwell,1.0,3.0,1.0,0.0,5.0,15.0,1.0,7.0,13.0,10.0,2.0,6.0,1.0,2.0,0.0,0.0,,,0,L
7456c4f3ff46d21177c5,2025-26,2025-11-09,Crystal Palace,Brighton & Hove Albion,H,T Robinson,0.0,0.0,0.0,0.0,10.0,7.0,2.0,3.0,10.0,12.0,4.0,8.0,1.0,4.0,0.0,0.0,,,1,D
7456c4f3ff46d21177c5,2025-26,2025-11-09,Brighton & Hove Albion,Crystal Palace,A,T Robinson,0.0,0.0,0.0,0.0,7.0,10.0,3.0,2.0,12.0,10.0,8.0,4.0,4.0,1.0,0.0,0.0,,,1,D
1ebb97df5bb14f8722f0,2025-26,2025-11-09,Nottingham Forest,Leeds,H,J Gillett,3.0,1.0,1.0,1.0,14.0,10.0,6.0,3.0,10.0,11.0,6.0,4.0,2.0,1.0,0.0,0.0,,,3,W
1ebb97df5bb14f8722f0,2025-26,2025-11-09,Leeds,Nottingham Forest,A,J Gillett,1.0,3.0,1.0,1.0,10.0,14.0,3.0,6.0,11.0,10.0,4.0,6.0,1.0,2.0,0.0,0.0,,,0,L
ececd161b259489b1207,2025-26,2025-11-09,Manchester City,Liverpool,H,C Kavanagh,3.0,0.0,2.0,0.0,14.0,7.0,6.0,1.0,14.0,15.0,7.0,7.0,2.0,4.0,0.0,0.0,,,3,W
ececd161b259489b1207,2025-26,2025-11-09,Liverpool,Manchester City,A,C Kavanagh,0.0,3.0,0.0,2.0,7.0,14.0,1.0,6.0,15.0,14.0,7.0,7.0,4.0,2.0,0.0,0.0,,,0,L
e12b9dd898d753ecfd5e,2025-26,2025-11-22,Burnley,Chelsea,H,P Bankes,0.0,2.0,0.0,1.0,8.0,15.0,2.0,5.0,13.0,8.0,1.0,9.0,2.0,3.0,0.0,0.0,,,0,L
e12b9dd898d753ecfd5e,2025-26,2025-11-22,Chelsea,Burnley,A,P Bankes,2.0,0.0,1.0,0.0,15.0,8.0,5.0,2.0,8.0,13.0,9.0,1.0,3.0,2.0,0.0,0.0,,,3,W
18a66dea6a3bae4a0361,2025-26,2025-11-22,Bournemouth,West Ham United,H,T Bramall,2.0,2.0,0.0,2.0,28.0,5.0,10.0,2.0,9.0,10.0,9.0,2.0,3.0,2.0,0.0,0.0,,,1,D
18a66dea6a3bae4a0361,2025-26,2025-11-22,West Ham United,Bournemouth,A,T Bramall,2.0,2.0,2.0,0.0,5.0,28.0,2.0,10.0,10.0,9.0,2.0,9.0,2.0,3.0,0.0,0.0,,,1,D
0027aa553ca625c27ad3,2025-26,2025-11-22,Brighton & Hove Albion,Brentford,H,C Kavanagh,2.0,1.0,0.0,1.0,14.0,10.0,5.0,4.0,10.0,9.0,7.0,4.0,4.0,2.0,0.0,0.0,,,3,W
0027aa553ca625c27ad3,2025-26,2025-11-22,Brentford,Brighton & Hove Albion,A,C Kavanagh,1.0,2.0,1.0,0.0,10.0,14.0,4.0,5.0,9.0,10.0,4.0,7.0,2.0,4.0,0.0,0.0,,,0,L
50c74ef873aa0c4b51c1,2025-26,2025-11-22,Fulham,Sunderland,H,D England,1.0,0.0,0.0,0.0,24.0,4.0,6.0,2.0,5.0,13.0,7.0,4.0,3.0,3.0,0.0,0.0,,,3,W
50c74ef873aa0c4b51c1,2025-26,2025-11-22,Sunderland,Fulham,A,D England,0.0,1.0,0.0,0.0,4.0,24.0,2.0,6.0,13.0,5.0,4.0,7.0,3.0,3.0,0.0,0.0,,,0,L
56ac2bef165ec3d4e572,2025-26,2025-11-22,Liverpool,Nottingham Forest,H,A Madley,0.0,3.0,0.0,1.0,21.0,15.0,4.0,7.0,11.0,8.0,8.0,6.0,2.0,0.0,0.0,0.0,,,0,L
56ac2bef165ec3d4e572,2025-26,2025-11-22,Nottingham Forest,Liverpool,A,A Madley,3.0,0.0,1.0,0.0,15.0,21.0,7.0,4.0,8.0,11.0,6.0,8.0,0.0,2.0,0.0,0.0,,,3,W
ee2a5992245bdc53c156,2025-26,2025-11-22,Wolverhampton Wanderers,Crystal Palace,H,A Taylor,0.0,2.0,0.0,0.0,8.0,10.0,1.0,4.0,13.0,9.0,1.0,4.0,2.0,3.0,0.0,0.0,,,0,L
ee2a5992245bdc53c156,2025-26,2025-11-22,Crystal Palace,Wolverhampton Wanderers,A,A Taylor,2.0,0.0,0.0,0.0,10.0,8.0,4.0,1.0,9.0,13.0,4.0,1.0,3.0,2.0,0.0,0.0,,,3,W
c83a4c22456d2954b44c,2025-26,2025-11-22,Newcastle United,Manchester City,H,S Barrott,2.0,1.0,0.0,0.0,9.0,17.0,5.0,4.0,13.0,8.0,5.0,9.0,1.0,3.0,0.0,0.0,,,3,W
c83a4c22456d2954b44c,2025-26,2025-11-22,Manchester City,Newcastle United,A,S Barrott,1.0,2.0,0.0,0.0,17.0,9.0,4.0,5.0,8.0,13.0,9.0,5.0,3.0,1.0,0.0,0.0,,,0,L
095f1daac3443a6e9c88,2025-26,2025-11-23,Leeds,Aston Villa,H,R Jones,1.0,2.0,1.0,0.0,14.0,14.0,5.0,3.0,18.0,16.0,3.0,3.0,5.0,1.0,0.0,0.0,,,0,L
095f1daac3443a6e9c88,2025-26,2025-11-23,Aston Villa,Leeds,A,R Jones,2.0,1.0,0.0,1.0,14.0,14.0,3.0,5.0,16.0,18.0,3.0,3.0,1.0,5.0,0.0,0.0,,,3,W
caf8b889df42f3e54197,2025-26,2025-11-23,Arsenal,Tottenham,H,M Oliver,4.0,1.0,2.0,0.0,17.0,3.0,8.0,2.0,11.0,15.0,4.0,1.0,1.0,3.0,0.0,0.0,,,3,W
caf8b889df42f3e54197,2025-26,2025-11-23,Tottenham,Arsenal,A,M Oliver,1.0,4.0,0.0,2.0,3.0,17.0,2.0,8.0,15.0,11.0,1.0,4.0,3.0,1.0,0.0,0.0,,,0,L
5e9e8b966300899424e6,2025-26,2025-11-24,Manchester United,Everton,H,T Harrington,0.0,1.0,0.0,1.0,25.0,3.0,6.0,1.0,12.0,9.0,9.0,1.0,2.0,0.0,0.0,1.0,,,0,L
5e9e8b966300899424e6,2025-26,2025-11-24,Everton,Manchester United,A,T Harrington,1.0,0.0,1.0,0.0,3.0,25.0,1.0,6.0,9.0,12.0,1.0,9.0,0.0,2.0,1.0,0.0,,,3,W
caf3657263cdb7081892,2025-26,2025-11-29,Brentford,Burnley,H,S Barrott,3.0,1.0,0.0,0.0,14.0,6.0,4.0,2.0,7.0,7.0,5.0,6.0,0.0,2.0,0.0,0.0,,,3,W
caf3657263cdb7081892,2025-26,2025-11-29,Burnley,Brentford,A,S Barrott,1.0,3.0,0.0,0.0,6.0,14.0,2.0,4.0,7.0,7.0,6.0,5.0,2.0,0.0,0.0,0.0,,,0,L
9c0728e6f824792071f9,2025-26,2025-11-29,Manchester City,Leeds,H,P Bankes,3.0,2.0,2.0,0.0,18.0,9.0,9.0,4.0,17.0,11.0,8.0,1.0,4.0,1.0,0.0,0.0,,,3,W
9c0728e6f824792071f9,2025-26,2025-11-29,Leeds,Manchester City,A,P Bankes,2.0,3.0,0.0,2.0,9.0,18.0,4.0,9.0,11.0,17.0,1.0,8.0,1.0,4.0,0.0,0.0,,,0,L
d434c0211e884dc3a52a,2025-26,2025-11-29,Sunderland,Bournemouth,H,T Robinson,3.0,2.0,1.0,2.0,12.0,18.0,6.0,6.0,14.0,13.0,6.0,3.0,5.0,5.0,0.0,1.0,,,3,W
d434c0211e884dc3a52a,2025-26,2025-11-29,Bournemouth,Sunderland,A,T Robinson,2.0,3.0,2.0,1.0,18.0,12.0,6.0,6.0,13.0,14.0,3.0,6.0,5.0,5.0,1.0,0.0,,,0,L
b91f8243033840e21b58,2025-26,2025-11-29,Everton,Newcastle United,H,C Pawson,1.0,4.0,0.0,3.0,10.0,13.0,2.0,8.0,4.0,6.0,8.0,7.0,0.0,0.0,0.0,0.0,,,0,L
b91f8243033840e21b58,2025-26,2025-11-29,Newcastle United,Everton,A,C Pawson,4.0,1.0,3.0,0.0,13.0,10.0,8.0,2.0,6.0,4.0,7.0,8.0,0.0,0.0,0.0,0.0,,,3,W
ce07e7f6799c90d85a3e,2025-26,2025-11-29,Tottenham,Fulham,H,S Attwell,1.0,2.0,0.0,2.0,14.0,7.0,2.0,3.0,11.0,7.0,8.0,2.0,3.0,2.0,0.0,0.0,,,0,L
ce07e7f6799c90d85a3e,2025-26,2025-11-29,Fulham,Tottenham,A,S Attwell,2.0,1.0,2.0,0.0,7.0,14.0,3.0,2.0,7.0,11.0,2.0,8.0,2.0,3.0,0.0,0.0,,,3,W
36dce84ffd446ba89f6a,2025-26,2025-11-30,Crystal Palace,Manchester United,H,R Jones,1.0,2.0,1.0,0.0,14.0,14.0,3.0,6.0,14.0,14.0,4.0,4.0,3.0,2.0,0.0,0.0,,,0,L
36dce84ffd446ba89f6a,2025-26,2025-11-30,Manchester United,Crystal Palace,A,R Jones,2.0,1.0,0.0,1.0,14.0,14.0,6.0,3.0,14.0,14.0,4.0,4.0,2.0,3.0,0.0,0.0,,,3,W
17c9c165edea0a8c19fa,2025-26,2025-11-30,Aston Villa,Wolverhampton Wanderers,H,C Kavanagh,1.0,0.0,0.0,0.0,16.0,9.0,6.0,4.0,13.0,21.0,7.0,3.0,0.0,4.0,0.0,0.0,,,3,W
17c9c165edea0a8c19fa,2025-26,2025-11-30,Wolverhampton Wanderers,Aston Villa,A,C Kavanagh,0.0,1.0,0.0,0.0,9.0,16.0,4.0,6.0,21.0,13.0,3.0,7.0,4.0,0.0,0.0,0.0,,,0,L
3640496aad283a10bb1b,2025-26,2025-11-30,Nottingham Forest,Brighton & Hove Albion,H,M Oliver,0.0,2.0,0.0,1.0,19.0,17.0,3.0,6.0,11.0,10.0,9.0,2.0,0.0,1.0,0.0,0.0,,,0,L
3640496aad283a10bb1b,2025-26,2025-11-30,Brighton & Hove Albion,Nottingham Forest,A,M Oliver,2.0,0.0,1.0,0.0,17.0,19.0,6.0,3.0,10.0,11.0,2.0,9.0,1.0,0.0,0.0,0.0,,,3,W
a47b9f07e1d96bafb69a,2025-26,2025-11-30,West Ham United,Liverpool,H,D England,0.0,2.0,0.0,0.0,7.0,9.0,0.0,5.0,12.0,14.0,7.0,2.0,1.0,0.0,1.0,0.0,,,0,L
a47b9f07e1d96bafb69a,2025-26,2025-11-30,Liverpool,West Ham United,A,D England,2.0,0.0,0.0,0.0,9.0,7.0,5.0,0.0,14.0,12.0,2.0,7.0,0.0,1.0,0.0,1.0,,,3,W
3039248b0ffc47cc1092,2025-26,2025-11-30,Chelsea,Arsenal,H,A Taylor,1.0,1.0,0.0,0.0,11.0,8.0,4.0,4.0,12.0,13.0,3.0,3.0,1.0,6.0,1.0,0.0,,,1,D
3039248b0ffc47cc1092,2025-26,2025-11-30,Arsenal,Chelsea,A,A Taylor,1.0,1.0,0.0,0.0,8.0,11.0,4.0,4.0,13.0,12.0,3.0,3.0,6.0,1.0,0.0,1.0,,,1,D
1b92082c8132bea03650,2025-26,2025-12-02,Bournemouth,Everton,H,M Salisbury,0.0,1.0,0.0,0.0,5.0,13.0,2.0,3.0,14.0,14.0,1.0,6.0,3.0,3.0,0.0,0.0,,,0,L
1b92082c8132bea03650,2025-26,2025-12-02,Everton,Bournemouth,A,M Salisbury,1.0,0.0,0.0,0.0,13.0,5.0,3.0,2.0,14.0,14.0,6.0,1.0,3.0,3.0,0.0,0.0,,,3,W
07663183663e12494174,2025-26,2025-12-02,Fulham,Manchester City,H,C Pawson,4.0,5.0,1.0,3.0,12.0,11.0,6.0,4.0,9.0,7.0,7.0,2.0,0.0,1.0,0.0,0.0,,,0,L
07663183663e12494174,2025-26,2025-12-02,Manchester City,Fulham,A,C Pawson,5.0,4.0,3.0,1.0,11.0,12.0,4.0,6.0,7.0,9.0,2.0,7.0,1.0,0.0,0.0,0.0,,,3,W
a4a7954eec86da1589f3,2025-26,2025-12-02,Newcastle United,Tottenham,H,T Bramall,2.0,2.0,0.0,0.0,19.0,8.0,7.0,2.0,5.0,12.0,11.0,8.0,0.0,3.0,0.0,0.0,,,1,D
a4a7954eec86da1589f3,2025-26,2025-12-02,Tottenham,Newcastle United,A,T Bramall,2.0,2.0,0.0,0.0,8.0,19.0,2.0,7.0,12.0,5.0,8.0,11.0,3.0,0.0,0.0,0.0,,,1,D
4e5607368b5257bc1441,2025-26,2025-12-03,Arsenal,Brentford,H,T Harrington,2.0,0.0,1.0,0.0,15.0,6.0,7.0,1.0,7.0,9.0,4.0,8.0,0.0,1.0,0.0,0.0,,,3,W
4e5607368b5257bc1441,2025-26,2025-12-03,Brentford,Arsenal,A,T Harrington,0.0,2.0,0.0,1.0,6.0,15.0,1.0,7.0,9.0,7.0,8.0,4.0,1.0,0.0,0.0,0.0,,,0,L
fbf54508c9fd9629be09,2025-26,2025-12-03,Brighton & Hove Albion,Aston Villa,H,A Madley,3.0,4.0,2.0,2.0,16.0,14.0,7.0,10.0,10.0,9.0,5.0,6.0,2.0,2.0,0.0,0.0,,,0,L
fbf54508c9fd9629be09,2025-26,2025-12-03,Aston Villa,Brighton & Hove Albion,A,A Madley,4.0,3.0,2.0,2.0,14.0,16.0,10.0,7.0,9.0,10.0,6.0,5.0,2.0,2.0,0.0,0.0,,,3,W
bcb816e2e1e6d40404ec,2025-26,2025-12-03,Burnley,Crystal Palace,H,T Kirk,0.0,1.0,0.0,1.0,11.0,3.0,4.0,3.0,9.0,8.0,3.0,4.0,0.0,0.0,0.0,0.0,,,0,L
bcb816e2e1e6d40404ec,2025-26,2025-12-03,Crystal Palace,Burnley,A,T Kirk,1.0,0.0,1.0,0.0,3.0,11.0,3.0,4.0,8.0,9.0,4.0,3.0,0.0,0.0,0.0,0.0,,,3,W
40f5db5bb56b993e28ff,2025-26,2025-12-03,Wolverhampton Wanderers,Nottingham Forest,H,T Robinson,0.0,1.0,0.0,0.0,5.0,10.0,1.0,3.0,19.0,11.0,3.0,9.0,2.0,2.0,0.0,0.0,,,0,L
40f5db5bb56b993e28ff,2025-26,2025-12-03,Nottingham Forest,Wolverhampton Wanderers,A,T Robinson,1.0,0.0,0.0,0.0,10.0,5.0,3.0,1.0,11.0,19.0,9.0,3.0,2.0,2.0,0.0,0.0,,,3,W
21c1de6c8c3b8fd35921,2025-26,2025-12-03,Leeds,Chelsea,H,D England,3.0,1.0,2.0,0.0,17.0,14.0,5.0,2.0,10.0,13.0,4.0,2.0,1.0,1.0,0.0,0.0,,,3,W
21c1de6c8c3b8fd35921,2025-26,2025-12-03,Chelsea,Leeds,A,D England,1.0,3.0,0.0,2.0,14.0,17.0,2.0,5.0,13.0,10.0,2.0,4.0,1.0,1.0,0.0,0.0,,,0,L
510540b24a9f163b8153,2025-26,2025-12-03,Liverpool,Sunderland,H,S Attwell,1.0,1.0,0.0,0.0,23.0,9.0,4.0,6.0,10.0,5.0,7.0,3.0,1.0,1.0,0.0,0.0,,,1,D
510540b24a9f163b8153,2025-26,2025-12-03,Sunderland,Liverpool,A,S Attwell,1.0,1.0,0.0,0.0,9.0,23.0,6.0,4.0,5.0,10.0,3.0,7.0,1.0,1.0,0.0,0.0,,,1,D
c816b534d044946b0e3b,2025-26,2025-12-04,Manchester United,West Ham United,H,A Kitchen,1.0,1.0,0.0,0.0,17.0,11.0,4.0,3.0,13.0,9.0,6.0,6.0,2.0,2.0,0.0,0.0,,,1,D
c816b534d044946b0e3b,2025-26,2025-12-04,West Ham United,Manchester United,A,A Kitchen,1.0,1.0,0.0,0.0,11.0,17.0,3.0,4.0,9.0,13.0,6.0,6.0,2.0,2.0,0.0,0.0,,,1,D
4300e7240feba93f1a08,2025-26,2025-12-06,Aston Villa,Arsenal,H,P Bankes,2.0,1.0,1.0,0.0,15.0,15.0,6.0,9.0,10.0,8.0,3.0,3.0,0.0,2.0,0.0,0.0,,,3,W
4300e7240feba93f1a08,2025-26,2025-12-06,Arsenal,Aston Villa,A,P Bankes,1.0,2.0,0.0,1.0,15.0,15.0,9.0,6.0,8.0,10.0,3.0,3.0,2.0,0.0,0.0,0.0,,,0,L
3674698d596900e66adb,2025-26,2025-12-06,Bournemouth,Chelsea,H,M Oliver,0.0,0.0,0.0,0.0,13.0,11.0,5.0,4.0,15.0,13.0,5.0,0.0,0.0,2.0,0.0,0.0,,,1,D
3674698d596900e66adb,2025-26,2025-12-06,Chelsea,Bournemouth,A,M Oliver,0.0,0.0,0.0,0.0,11.0,13.0,4.0,5.0,13.0,15.0,0.0,5.0,2.0,0.0,0.0,0.0,,,1,D
98cd665969b1de68bc94,2025-26,2025-12-06,Everton,Nottingham Forest,H,C Kavanagh,3.0,0.0,2.0,0.0,11.0,7.0,5.0,3.0,17.0,15.0,6.0,3.0,4.0,3.0,0.0,0.0,,,3,W
98cd665969b1de68bc94,2025-26,2025-12-06,Nottingham Forest,Everton,A,C Kavanagh,0.0,3.0,0.0,2.0,7.0,11.0,3.0,5.0,15.0,17.0,3.0,6.0,3.0,4.0,0.0,0.0,,,0,L
ac54aec42e3342a1a731,2025-26,2025-12-06,Manchester City,Sunderland,H,A Madley,3.0,0.0,2.0,0.0,18.0,8.0,6.0,1.0,9.0,10.0,6.0,5.0,1.0,0.0,0.0,1.0,,,3,W
ac54aec42e3342a1a731,2025-26,2025-12-06,Sunderland,Manchester City,A,A Madley,0.0,3.0,0.0,2.0,8.0,18.0,1.0,6.0,10.0,9.0,5.0,6.0,0.0,1.0,1.0,0.0,,,0,L
1260f75d6e2e39330176,2025-26,2025-12-06,Newcastle United,Burnley,H,S Attwell,2.0,1.0,2.0,0.0,17.0,9.0,7.0,3.0,9.0,11.0,9.0,9.0,2.0,2.0,0.0,1.0,,,3,W
1260f75d6e2e39330176,2025-26,2025-12-06,Burnley,Newcastle United,A,S Attwell,1.0,2.0,0.0,2.0,9.0,17.0,3.0,7.0,11.0,9.0,9.0,9.0,2.0,2.0,1.0,0.0,,,0,L
f350a5bdaaba92c5eaba,2025-26,2025-12-06,Tottenham,Brentford,H,R Jones,2.0,0.0,2.0,0.0,15.0,4.0,7.0,1.0,8.0,9.0,7.0,6.0,3.0,4.0,0.0,0.0,,,3,W
f350a5bdaaba92c5eaba,2025-26,2025-12-06,Brentford,Tottenham,A,R Jones,0.0,2.0,0.0,2.0,4.0,15.0,1.0,7.0,9.0,8.0,6.0,7.0,4.0,3.0,0.0,0.0,,,0,L
d3863ca1f96e9bfaff38,2025-26,2025-12-06,Leeds,Liverpool,H,A Taylor,3.0,3.0,0.0,0.0,12.0,16.0,5.0,7.0,14.0,14.0,5.0,4.0,3.0,3.0,0.0,0.0,,,1,D
d3863ca1f96e9bfaff38,2025-26,2025-12-06,Liverpool,Leeds,A,A Taylor,3.0,3.0,0.0,0.0,16.0,12.0,7.0,5.0,14.0,14.0,4.0,5.0,3.0,3.0,0.0,0.0,,,1,D
0aced93a3e98e00eb096,2025-26,2025-12-07,Brighton & Hove Albion,West Ham United,H,S Hooper,1.0,1.0,0.0,0.0,22.0,14.0,4.0,5.0,12.0,8.0,10.0,6.0,2.0,2.0,0.0,0.0,,,1,D
0aced93a3e98e00eb096,2025-26,2025-12-07,West Ham United,Brighton & Hove Albion,A,S Hooper,1.0,1.0,0.0,0.0,14.0,22.0,5.0,4.0,8.0,12.0,6.0,10.0,2.0,2.0,0.0,0.0,,,1,D
a90fef4e851feb5cf5f7,2025-26,2025-12-07,Fulham,Crystal Palace,H,S Barrott,1.0,2.0,1.0,1.0,12.0,11.0,4.0,5.0,5.0,8.0,6.0,4.0,0.0,0.0,0.0,0.0,,,0,L
a90fef4e851feb5cf5f7,2025-26,2025-12-07,Crystal Palace,Fulham,A,S Barrott,2.0,1.0,1.0,1.0,11.0,12.0,5.0,4.0,8.0,5.0,4.0,6.0,0.0,0.0,0.0,0.0,,,3,W
83fdf7eab9de2901990a,2025-26,2025-12-08,Wolverhampton Wanderers,Manchester United,H,M Salisbury,1.0,4.0,1.0,1.0,8.0,27.0,2.0,10.0,17.0,12.0,1.0,9.0,3.0,2.0,0.0,0.0,,,0,L
83fdf7eab9de2901990a,2025-26,2025-12-08,Manchester United,Wolverhampton Wanderers,A,M Salisbury,4.0,1.0,1.0,1.0,27.0,8.0,10.0,2.0,12.0,17.0,9.0,1.0,2.0,3.0,0.0,0.0,,,3,W
44c77d5f62bdbe8a07a8,2025-26,2025-12-13,Chelsea,Everton,H,T Bramall,2.0,0.0,2.0,0.0,17.0,11.0,5.0,2.0,13.0,11.0,4.0,7.0,1.0,0.0,0.0,0.0,,,3,W
44c77d5f62bdbe8a07a8,2025-26,2025-12-13,Everton,Chelsea,A,T Bramall,0.0,2.0,0.0,2.0,11.0,17.0,2.0,5.0,11.0,13.0,7.0,4.0,0.0,1.0,0.0,0.0,,,0,L
85025837a7a7585b4ca9,2025-26,2025-12-13,Liverpool,Brighton & Hove Albion,H,C Pawson,2.0,0.0,1.0,0.0,18.0,14.0,4.0,1.0,8.0,15.0,2.0,2.0,1.0,2.0,0.0,0.0,,,3,W
85025837a7a7585b4ca9,2025-26,2025-12-13,Brighton & Hove Albion,Liverpool,A,C Pawson,0.0,2.0,0.0,1.0,14.0,18.0,1.0,4.0,15.0,8.0,2.0,2.0,2.0,1.0,0.0,0.0,,,0,L
ca57fdce20cc54c09fb7,2025-26,2025-12-13,Burnley,Fulham,H,M Oliver,2.0,3.0,1.0,2.0,16.0,6.0,8.0,4.0,8.0,8.0,10.0,4.0,1.0,2.0,0.0,0.0,,,0,L
ca57fdce20cc54c09fb7,2025-26,2025-12-13,Fulham,Burnley,A,M Oliver,3.0,2.0,2.0,1.0,6.0,16.0,4.0,8.0,8.0,8.0,4.0,10.0,2.0,1.0,0.0,0.0,,,3,W
6689bb01471d6e19b697,2025-26,2025-12-13,Arsenal,Wolverhampton Wanderers,H,R Jones,2.0,1.0,0.0,0.0,16.0,3.0,2.0,2.0,7.0,15.0,8.0,0.0,0.0,4.0,0.0,0.0,,,3,W
6689bb01471d6e19b697,2025-26,2025-12-13,Wolverhampton Wanderers,Arsenal,A,R Jones,1.0,2.0,0.0,0.0,3.0,16.0,2.0,2.0,15.0,7.0,0.0,8.0,4.0,0.0,0.0,0.0,,,0,L
e410238f398565c5b611,2025-26,2025-12-14,Crystal Palace,Manchester City,H,D England,0.0,3.0,0.0,1.0,16.0,7.0,4.0,6.0,9.0,6.0,2.0,2.0,2.0,0.0,0.0,0.0,,,0,L
e410238f398565c5b611,2025-26,2025-12-14,Manchester City,Crystal Palace,A,D England,3.0,0.0,1.0,0.0,7.0,16.0,6.0,4.0,6.0,9.0,2.0,2.0,0.0,2.0,0.0,0.0,,,3,W
a68163ebc962e1522324,2025-26,2025-12-14,Nottingham Forest,Tottenham,H,S Barrott,3.0,0.0,1.0,0.0,15.0,6.0,6.0,1.0,9.0,13.0,3.0,3.0,1.0,3.0,0.0,0.0,,,3,W
a68163ebc962e1522324,2025-26,2025-12-14,Tottenham,Nottingham Forest,A,S Barrott,0.0,3.0,0.0,1.0,6.0,15.0,1.0,6.0,13.0,9.0,3.0,3.0,3.0,1.0,0.0,0.0,,,0,L
778dcf2b627318ac7bf4,2025-26,2025-12-14,Sunderland,Newcastle United,H,P Bankes,1.0,0.0,0.0,0.0,5.0,6.0,1.0,2.0,10.0,10.0,3.0,6.0,5.0,4.0,0.0,0.0,,,3,W
778dcf2b627318ac7bf4,2025-26,2025-12-14,Newcastle United,Sunderland,A,P Bankes,0.0,1.0,0.0,0.0,6.0,5.0,2.0,1.0,10.0,10.0,6.0,3.0,4.0,5.0,0.0,0.0,,,0,L
b08733bb230367e6f4ff,2025-26,2025-12-14,West Ham United,Aston Villa,H,A Taylor,2.0,3.0,2.0,1.0,10.0,7.0,3.0,4.0,18.0,13.0,5.0,3.0,1.0,2.0,0.0,0.0,,,0,L
b08733bb230367e6f4ff,2025-26,2025-12-14,Aston Villa,West Ham United,A,A Taylor,3.0,2.0,1.0,2.0,7.0,10.0,4.0,3.0,13.0,18.0,3.0,5.0,2.0,1.0,0.0,0.0,,,3,W
97ff1a1d6acbfa126a03,2025-26,2025-12-14,Brentford,Leeds,H,J Brooks,1.0,1.0,0.0,0.0,7.0,18.0,2.0,4.0,8.0,9.0,0.0,3.0,0.0,0.0,0.0,0.0,,,1,D
97ff1a1d6acbfa126a03,2025-26,2025-12-14,Leeds,Brentford,A,J Brooks,1.0,1.0,0.0,0.0,18.0,7.0,4.0,2.0,9.0,8.0,3.0,0.0,0.0,0.0,0.0,0.0,,,1,D
357190c8c0bf8a8151ad,2025-26,2025-12-15,Manchester United,Bournemouth,H,S Hooper,4.0,4.0,2.0,1.0,25.0,14.0,9.0,9.0,15.0,12.0,5.0,4.0,2.0,3.0,0.0,0.0,,,1,D
357190c8c0bf8a8151ad,2025-26,2025-12-15,Bournemouth,Manchester United,A,S Hooper,4.0,4.0,1.0,2.0,14.0,25.0,9.0,9.0,12.0,15.0,4.0,5.0,3.0,2.0,0.0,0.0,,,1,D
ed643502156a64024d10,2025-26,2025-12-20,Newcastle United,Chelsea,H,A Madley,2.0,2.0,2.0,0.0,11.0,13.0,5.0,4.0,13.0,14.0,6.0,4.0,3.0,6.0,0.0,0.0,,,1,D
ed643502156a64024d10,2025-26,2025-12-20,Chelsea,Newcastle United,A,A Madley,2.0,2.0,0.0,2.0,13.0,11.0,4.0,5.0,14.0,13.0,4.0,6.0,6.0,3.0,0.0,0.0,,,1,D
bc1557ac38779ba42eed,2025-26,2025-12-20,Bournemouth,Burnley,H,C Kavanagh,1.0,1.0,0.0,0.0,16.0,4.0,1.0,1.0,11.0,11.0,5.0,3.0,1.0,1.0,0.0,0.0,,,1,D
bc1557ac38779ba42eed,2025-26,2025-12-20,Burnley,Bournemouth,A,C Kavanagh,1.0,1.0,0.0,0.0,4.0,16.0,1.0,1.0,11.0,11.0,3.0,5.0,1.0,1.0,0.0,0.0,,,1,D
a1cd2b096cdfaddc8878,2025-26,2025-12-20,Brighton & Hove Albion,Sunderland,H,D England,0.0,0.0,0.0,0.0,16.0,14.0,4.0,6.0,11.0,15.0,3.0,4.0,2.0,2.0,0.0,0.0,,,1,D
a1cd2b096cdfaddc8878,2025-26,2025-12-20,Sunderland,Brighton & Hove Albion,A,D England,0.0,0.0,0.0,0.0,14.0,16.0,6.0,4.0,15.0,11.0,4.0,3.0,2.0,2.0,0.0,0.0,,,1,D
73ba551f426742eebd26,2025-26,2025-12-20,Manchester City,West Ham United,H,P Tierney,3.0,0.0,2.0,0.0,17.0,7.0,8.0,3.0,16.0,10.0,6.0,0.0,1.0,1.0,0.0,0.0,,,3,W
73ba551f426742eebd26,2025-26,2025-12-20,West Ham United,Manchester City,A,P Tierney,0.0,3.0,0.0,2.0,7.0,17.0,3.0,8.0,10.0,16.0,0.0,6.0,1.0,1.0,0.0,0.0,,,0,L
725d7d81e073def2593c,2025-26,2025-12-20,Wolverhampton Wanderers,Brentford,H,M Donohue,0.0,2.0,0.0,0.0,9.0,7.0,2.0,6.0,12.0,15.0,3.0,4.0,2.0,4.0,0.0,0.0,,,0,L
725d7d81e073def2593c,2025-26,2025-12-20,Brentford,Wolverhampton Wanderers,A,M Donohue,2.0,0.0,0.0,0.0,7.0,9.0,6.0,2.0,15.0,12.0,4.0,3.0,4.0,2.0,0.0,0.0,,,3,W
ebc10eb19d027860183c,2025-26,2025-12-20,Tottenham,Liverpool,H,J Brooks,1.0,2.0,0.0,0.0,15.0,8.0,4.0,4.0,9.0,7.0,2.0,6.0,3.0,3.0,2.0,0.0,,,0,L
ebc10eb19d027860183c,2025-26,2025-12-20,Liverpool,Tottenham,A,J Brooks,2.0,1.0,0.0,0.0,8.0,15.0,4.0,4.0,7.0,9.0,6.0,2.0,3.0,3.0,0.0,2.0,,,3,W
1c1241ae1de0b7c8d478,2025-26,2025-12-20,Everton,Arsenal,H,S Barrott,0.0,1.0,0.0,1.0,5.0,13.0,1.0,2.0,4.0,5.0,2.0,3.0,2.0,2.0,0.0,0.0,,,0,L
1c1241ae1de0b7c8d478,2025-26,2025-12-20,Arsenal,Everton,A,S Barrott,1.0,0.0,1.0,0.0,13.0,5.0,2.0,1.0,5.0,4.0,3.0,2.0,2.0,2.0,0.0,0.0,,,3,W
edca987cfea5c5b2536e,2025-26,2025-12-20,Leeds,Crystal Palace,H,T Bramall,4.0,1.0,2.0,0.0,20.0,9.0,8.0,3.0,5.0,10.0,9.0,5.0,1.0,3.0,0.0,0.0,,,3,W
edca987cfea5c5b2536e,2025-26,2025-12-20,Crystal Palace,Leeds,A,T Bramall,1.0,4.0,0.0,2.0,9.0,20.0,3.0,8.0,10.0,5.0,5.0,9.0,3.0,1.0,0.0,0.0,,,0,L
998b5cbe14e39c51a599,2025-26,2025-12-21,Aston Villa,Manchester United,H,M Oliver,2.0,1.0,1.0,1.0,12.0,15.0,4.0,6.0,11.0,14.0,5.0,5.0,1.0,2.0,0.0,0.0,,,3,W
998b5cbe14e39c51a599,2025-26,2025-12-21,Manchester United,Aston Villa,A,M Oliver,1.0,2.0,1.0,1.0,15.0,12.0,6.0,4.0,14.0,11.0,5.0,5.0,2.0,1.0,0.0,0.0,,,0,L
7955521a4390b7d1e836,2025-26,2025-12-22,Fulham,Nottingham Forest,H,A Taylor,1.0,0.0,1.0,0.0,11.0,12.0,1.0,2.0,5.0,9.0,1.0,5.0,5.0,4.0,0.0,0.0,,,3,W
7955521a4390b7d1e836,2025-26,2025-12-22,Nottingham Forest,Fulham,A,A Taylor,0.0,1.0,0.0,1.0,12.0,11.0,2.0,1.0,9.0,5.0,5.0,1.0,4.0,5.0,0.0,0.0,,,0,L
996f0a0119d5a16a4ff3,2025-26,2025-12-26,Manchester United,Newcastle United,H,A Taylor,1.0,0.0,1.0,0.0,10.0,16.0,4.0,3.0,9.0,5.0,2.0,11.0,2.0,1.0,0.0,0.0,,,3,W
996f0a0119d5a16a4ff3,2025-26,2025-12-26,Newcastle United,Manchester United,A,A Taylor,0.0,1.0,0.0,1.0,16.0,10.0,3.0,4.0,5.0,9.0,11.0,2.0,1.0,2.0,0.0,0.0,,,0,L
2ee0b3e83165cee905ca,2025-26,2025-12-27,Nottingham Forest,Manchester City,H,R Jones,1.0,2.0,0.0,0.0,7.0,16.0,2.0,5.0,5.0,13.0,5.0,5.0,1.0,2.0,0.0,0.0,,,0,L
2ee0b3e83165cee905ca,2025-26,2025-12-27,Manchester City,Nottingham Forest,A,R Jones,2.0,1.0,0.0,0.0,16.0,7.0,5.0,2.0,13.0,5.0,5.0,5.0,2.0,1.0,0.0,0.0,,,3,W
24deb18c1a002f6fc844,2025-26,2025-12-27,Arsenal,Brighton & Hove Albion,H,J Brooks,2.0,1.0,1.0,0.0,24.0,8.0,6.0,3.0,7.0,13.0,7.0,2.0,2.0,3.0,0.0,0.0,,,3,W
24deb18c1a002f6fc844,2025-26,2025-12-27,Brighton & Hove Albion,Arsenal,A,J Brooks,1.0,2.0,0.0,1.0,8.0,24.0,3.0,6.0,13.0,7.0,2.0,7.0,3.0,2.0,0.0,0.0,,,0,L
e3f6c25fd1a096d5af2d,2025-26,2025-12-27,Brentford,Bournemouth,H,P Bankes,4.0,1.0,2.0,0.0,15.0,20.0,7.0,10.0,9.0,8.0,2.0,15.0,2.0,2.0,0.0,0.0,,,3,W
e3f6c25fd1a096d5af2d,2025-26,2025-12-27,Bournemouth,Brentford,A,P Bankes,1.0,4.0,0.0,2.0,20.0,15.0,10.0,7.0,8.0,9.0,15.0,2.0,2.0,2.0,0.0,0.0,,,0,L
da267544b3c09b291d3f,2025-26,2025-12-27,Burnley,Everton,H,C Pawson,0.0,0.0,0.0,0.0,16.0,15.0,0.0,6.0,8.0,8.0,6.0,5.0,0.0,2.0,0.0,0.0,,,1,D
da267544b3c09b291d3f,2025-26,2025-12-27,Everton,Burnley,A,C Pawson,0.0,0.0,0.0,0.0,15.0,16.0,6.0,0.0,8.0,8.0,5.0,6.0,2.0,0.0,0.0,0.0,,,1,D
81d4fd284910c939c03f,2025-26,2025-12-27,Liverpool,Wolverhampton Wanderers,H,S Hooper,2.0,1.0,2.0,0.0,14.0,9.0,4.0,4.0,5.0,13.0,6.0,4.0,0.0,1.0,0.0,0.0,,,3,W
81d4fd284910c939c03f,2025-26,2025-12-27,Wolverhampton Wanderers,Liverpool,A,S Hooper,1.0,2.0,0.0,2.0,9.0,14.0,4.0,4.0,13.0,5.0,4.0,6.0,1.0,0.0,0.0,0.0,,,0,L
483a4309e4bc47aced41,2025-26,2025-12-27,West Ham United,Fulham,H,C Kavanagh,0.0,1.0,0.0,0.0,11.0,15.0,2.0,4.0,8.0,8.0,5.0,4.0,1.0,3.0,0.0,0.0,,,0,L
483a4309e4bc47aced41,2025-26,2025-12-27,Fulham,West Ham United,A,C Kavanagh,1.0,0.0,0.0,0.0,15.0,11.0,4.0,2.0,8.0,8.0,4.0,5.0,3.0,1.0,0.0,0.0,,,3,W
e658227636e86e42119e,2025-26,2025-12-27,Chelsea,Aston Villa,H,S Attwell,1.0,2.0,1.0,0.0,14.0,11.0,3.0,8.0,16.0,8.0,6.0,7.0,5.0,3.0,0.0,0.0,,,0,L
e658227636e86e42119e,2025-26,2025-12-27,Aston Villa,Chelsea,A,S Attwell,2.0,1.0,0.0,1.0,11.0,14.0,8.0,3.0,8.0,16.0,7.0,6.0,3.0,5.0,0.0,0.0,,,3,W
6697e3a57cb8218c811f,2025-26,2025-12-28,Sunderland,Leeds,H,T Harrington,1.0,1.0,1.0,0.0,8.0,17.0,3.0,6.0,7.0,9.0,3.0,9.0,1.0,0.0,0.0,0.0,,,1,D
6697e3a57cb8218c811f,2025-26,2025-12-28,Leeds,Sunderland,A,T Harrington,1.0,1.0,0.0,1.0,17.0,8.0,6.0,3.0,9.0,7.0,9.0,3.0,0.0,1.0,0.0,0.0,,,1,D
4e59e3399e1defe8f6ce,2025-26,2025-12-28,Crystal Palace,Tottenham,H,J Gillett,0.0,1.0,0.0,1.0,15.0,8.0,2.0,4.0,7.0,5.0,3.0,2.0,3.0,2.0,0.0,0.0,,,0,L
4e59e3399e1defe8f6ce,2025-26,2025-12-28,Tottenham,Crystal Palace,A,J Gillett,1.0,0.0,1.0,0.0,8.0,15.0,4.0,2.0,5.0,7.0,2.0,3.0,2.0,3.0,0.0,0.0,,,3,W
76781232a88cb897f44a,2025-26,2025-12-30,Burnley,Newcastle United,H,R Jones,1.0,3.0,1.0,2.0,15.0,20.0,4.0,9.0,9.0,3.0,3.0,4.0,2.0,1.0,0.0,0.0,,,0,L
76781232a88cb897f44a,2025-26,2025-12-30,Newcastle United,Burnley,A,R Jones,3.0,1.0,2.0,1.0,20.0,15.0,9.0,4.0,3.0,9.0,4.0,3.0,1.0,2.0,0.0,0.0,,,3,W
383f14093f7b4ad4cf6c,2025-26,2025-12-30,Chelsea,Bournemouth,H,S Barrott,2.0,2.0,2.0,2.0,17.0,17.0,3.0,6.0,5.0,12.0,12.0,3.0,1.0,1.0,0.0,0.0,,,1,D
383f14093f7b4ad4cf6c,2025-26,2025-12-30,Bournemouth,Chelsea,A,S Barrott,2.0,2.0,2.0,2.0,17.0,17.0,6.0,3.0,12.0,5.0,3.0,12.0,1.0,1.0,0.0,0.0,,,1,D
2ee5d60a7c84e57118af,2025-26,2025-12-30,Nottingham Forest,Everton,H,M Oliver,0.0,2.0,0.0,1.0,21.0,11.0,6.0,3.0,11.0,9.0,9.0,2.0,1.0,0.0,0.0,0.0,,,0,L
2ee5d60a7c84e57118af,2025-26,2025-12-30,Everton,Nottingham Forest,A,M Oliver,2.0,0.0,1.0,0.0,11.0,21.0,3.0,6.0,9.0,11.0,2.0,9.0,0.0,1.0,0.0,0.0,,,3,W
5cb11e2bc4e58cebb8ba,2025-26,2025-12-30,West Ham United,Brighton & Hove Albion,H,M Salisbury,2.0,2.0,2.0,1.0,10.0,16.0,4.0,6.0,11.0,18.0,5.0,5.0,3.0,5.0,0.0,0.0,,,1,D
5cb11e2bc4e58cebb8ba,2025-26,2025-12-30,Brighton & Hove Albion,West Ham United,A,M Salisbury,2.0,2.0,1.0,2.0,16.0,10.0,6.0,4.0,18.0,11.0,5.0,5.0,5.0,3.0,0.0,0.0,,,1,D
497fdcaf345cda7afe88,2025-26,2025-12-30,Arsenal,Aston Villa,H,D England,4.0,1.0,0.0,0.0,22.0,11.0,7.0,3.0,18.0,9.0,3.0,3.0,2.0,3.0,0.0,0.0,,,3,W
497fdcaf345cda7afe88,2025-26,2025-12-30,Aston Villa,Arsenal,A,D England,1.0,4.0,0.0,0.0,11.0,22.0,3.0,7.0,9.0,18.0,3.0,3.0,3.0,2.0,0.0,0.0,,,0,L
0f3de3fe580fda605306,2025-26,2025-12-30,Manchester United,Wolverhampton Wanderers,H,T Bramall,1.0,1.0,1.0,1.0,15.0,11.0,6.0,4.0,9.0,12.0,8.0,4.0,0.0,2.0,0.0,0.0,,,1,D
0f3de3fe580fda605306,2025-26,2025-12-30,Wolverhampton Wanderers,Manchester United,A,T Bramall,1.0,1.0,1.0,1.0,11.0,15.0,4.0,6.0,12.0,9.0,4.0,8.0,2.0,0.0,0.0,0.0,,,1,D
7ba76f1714bbfa3a0cab,2025-26,2026-01-01,Crystal Palace,Fulham,H,T Harrington,1.0,1.0,1.0,0.0,11.0,17.0,2.0,5.0,7.0,10.0,6.0,3.0,0.0,5.0,0.0,0.0,,,1,D
7ba76f1714bbfa3a0cab,2025-26,2026-01-01,Fulham,Crystal Palace,A,T Harrington,1.0,1.0,0.0,1.0,17.0,11.0,5.0,2.0,10.0,7.0,3.0,6.0,5.0,0.0,0.0,0.0,,,1,D
b756a90c74424d03f316,2025-26,2026-01-01,Liverpool,Leeds,H,C Kavanagh,0.0,0.0,0.0,0.0,19.0,4.0,4.0,2.0,10.0,8.0,8.0,3.0,0.0,2.0,0.0,0.0,,,1,D
b756a90c74424d03f316,2025-26,2026-01-01,Leeds,Liverpool,A,C Kavanagh,0.0,0.0,0.0,0.0,4.0,19.0,2.0,4.0,8.0,10.0,3.0,8.0,2.0,0.0,0.0,0.0,,,1,D
de8e5ae1c55c69e1893b,2025-26,2026-01-01,Brentford,Tottenham,H,A Madley,0.0,0.0,0.0,0.0,7.0,9.0,2.0,3.0,8.0,10.0,3.0,1.0,1.0,2.0,0.0,0.0,,,1,D
de8e5ae1c55c69e1893b,2025-26,2026-01-01,Tottenham,Brentford,A,A Madley,0.0,0.0,0.0,0.0,9.0,7.0,3.0,2.0,10.0,8.0,1.0,3.0,2.0,1.0,0.0,0.0,,,1,D
c844038367d8cf0fce1b,2025-26,2026-01-01,Sunderland,Manchester City,H,J Gillett,0.0,0.0,0.0,0.0,10.0,14.0,4.0,4.0,9.0,6.0,3.0,5.0,1.0,1.0,0.0,0.0,,,1,D
c844038367d8cf0fce1b,2025-26,2026-01-01,Manchester City,Sunderland,A,J Gillett,0.0,0.0,0.0,0.0,14.0,10.0,4.0,4.0,6.0,9.0,5.0,3.0,1.0,1.0,0.0,0.0,,,1,D
656030adf1f05f486b64,2025-26,2026-01-03,Aston Villa,Nottingham Forest,H,S Hooper,3.0,1.0,1.0,0.0,11.0,10.0,4.0,5.0,10.0,20.0,4.0,4.0,1.0,2.0,0.0,0.0,,,3,W
656030adf1f05f486b64,2025-26,2026-01-03,Nottingham Forest,Aston Villa,A,S Hooper,1.0,3.0,0.0,1.0,10.0,11.0,5.0,4.0,20.0,10.0,4.0,4.0,2.0,1.0,0.0,0.0,,,0,L
dbc6e8fceebdd5899cb9,2025-26,2026-01-03,Brighton & Hove Albion,Burnley,H,T Robinson,2.0,0.0,1.0,0.0,15.0,5.0,4.0,3.0,7.0,17.0,4.0,4.0,0.0,4.0,0.0,0.0,,,3,W
dbc6e8fceebdd5899cb9,2025-26,2026-01-03,Burnley,Brighton & Hove Albion,A,T Robinson,0.0,2.0,0.0,1.0,5.0,15.0,3.0,4.0,17.0,7.0,4.0,4.0,4.0,0.0,0.0,0.0,,,0,L
b4b2b80da84334ee74d6,2025-26,2026-01-03,Wolverhampton Wanderers,West Ham United,H,P Bankes,3.0,0.0,3.0,0.0,11.0,6.0,8.0,0.0,11.0,10.0,6.0,7.0,1.0,0.0,0.0,0.0,,,3,W
b4b2b80da84334ee74d6,2025-26,2026-01-03,West Ham United,Wolverhampton Wanderers,A,P Bankes,0.0,3.0,0.0,3.0,6.0,11.0,0.0,8.0,10.0,11.0,7.0,6.0,0.0,1.0,0.0,0.0,,,0,L
c18b049ac382aee931b7,2025-26,2026-01-03,Bournemouth,Arsenal,H,C Kavanagh,2.0,3.0,1.0,1.0,15.0,12.0,3.0,5.0,13.0,8.0,7.0,5.0,3.0,1.0,0.0,0.0,,,0,L
c18b049ac382aee931b7,2025-26,2026-01-03,Arsenal,Bournemouth,A,C Kavanagh,3.0,2.0,1.0,1.0,12.0,15.0,5.0,3.0,8.0,13.0,5.0,7.0,1.0,3.0,0.0,0.0,,,3,W
a6eb775cab9beeb92966,2025-26,2026-01-04,Leeds,Manchester United,H,J Gillett,1.0,1.0,0.0,0.0,11.0,15.0,3.0,2.0,9.0,9.0,6.0,4.0,0.0,1.0,0.0,0.0,,,1,D
a6eb775cab9beeb92966,2025-26,2026-01-04,Manchester United,Leeds,A,J Gillett,1.0,1.0,0.0,0.0,15.0,11.0,2.0,3.0,9.0,9.0,4.0,6.0,1.0,0.0,0.0,0.0,,,1,D
53f2f3225c8b67192369,2025-26,2026-01-04,Everton,Brentford,H,A Taylor,2.0,4.0,0.0,1.0,14.0,11.0,6.0,7.0,9.0,8.0,4.0,5.0,0.0,2.0,0.0,0.0,,,0,L
53f2f3225c8b67192369,2025-26,2026-01-04,Brentford,Everton,A,A Taylor,4.0,2.0,1.0,0.0,11.0,14.0,7.0,6.0,8.0,9.0,5.0,4.0,2.0,0.0,0.0,0.0,,,3,W
736cdd98fb3e9eb5f6bf,2025-26,2026-01-04,Newcastle United,Crystal Palace,H,J Brooks,2.0,0.0,0.0,0.0,12.0,11.0,7.0,1.0,5.0,12.0,8.0,6.0,1.0,3.0,0.0,0.0,,,3,W
736cdd98fb3e9eb5f6bf,2025-26,2026-01-04,Crystal Palace,Newcastle United,A,J Brooks,0.0,2.0,0.0,0.0,11.0,12.0,1.0,7.0,12.0,5.0,6.0,8.0,3.0,1.0,0.0,0.0,,,0,L
3bf7a72f4b6ac2c4ee95,2025-26,2026-01-04,Tottenham,Sunderland,H,S Attwell,1.0,1.0,1.0,0.0,13.0,10.0,5.0,3.0,10.0,6.0,3.0,5.0,2.0,3.0,0.0,0.0,,,1,D
3bf7a72f4b6ac2c4ee95,2025-26,2026-01-04,Sunderland,Tottenham,A,S Attwell,1.0,1.0,0.0,1.0,10.0,13.0,3.0,5.0,6.0,10.0,5.0,3.0,3.0,2.0,0.0,0.0,,,1,D
22ea961b884df6c287d6,2025-26,2026-01-04,Fulham,Liverpool,H,C Pawson,2.0,2.0,1.0,0.0,8.0,10.0,2.0,2.0,11.0,4.0,3.0,8.0,1.0,1.0,0.0,0.0,,,1,D
22ea961b884df6c287d6,2025-26,2026-01-04,Liverpool,Fulham,A,C Pawson,2.0,2.0,0.0,1.0,10.0,8.0,2.0,2.0,4.0,11.0,8.0,3.0,1.0,1.0,0.0,0.0,,,1,D
18f376fd3f28a3807bf5,2025-26,2026-01-04,Manchester City,Chelsea,H,M Oliver,1.0,1.0,1.0,0.0,14.0,8.0,3.0,3.0,12.0,14.0,8.0,2.0,3.0,3.0,0.0,0.0,,,1,D
18f376fd3f28a3807bf5,2025-26,2026-01-04,Chelsea,Manchester City,A,M Oliver,1.0,1.0,0.0,1.0,8.0,14.0,3.0,3.0,14.0,12.0,2.0,8.0,3.0,3.0,0.0,0.0,,,1,D
5b8e612f607960cc817e,2025-26,2026-01-06,West Ham United,Nottingham Forest,H,T Harrington,1.0,2.0,1.0,0.0,14.0,13.0,3.0,5.0,15.0,9.0,6.0,5.0,3.0,0.0,0.0,0.0,,,0,L
5b8e612f607960cc817e,2025-26,2026-01-06,Nottingham Forest,West Ham United,A,T Harrington,2.0,1.0,0.0,1.0,13.0,14.0,5.0,3.0,9.0,15.0,5.0,6.0,0.0,3.0,0.0,0.0,,,3,W
022585709455ebddedaf,2025-26,2026-01-07,Bournemouth,Tottenham,H,D England,3.0,2.0,2.0,1.0,11.0,16.0,3.0,4.0,19.0,10.0,3.0,7.0,3.0,3.0,0.0,0.0,,,3,W
022585709455ebddedaf,2025-26,2026-01-07,Tottenham,Bournemouth,A,D England,2.0,3.0,1.0,2.0,16.0,11.0,4.0,3.0,10.0,19.0,7.0,3.0,3.0,3.0,0.0,0.0,,,0,L
113907aae6140acaeac7,2025-26,2026-01-07,Brentford,Sunderland,H,M Donohue,3.0,0.0,1.0,0.0,18.0,11.0,6.0,3.0,13.0,13.0,7.0,4.0,2.0,1.0,0.0,0.0,,,3,W
113907aae6140acaeac7,2025-26,2026-01-07,Sunderland,Brentford,A,M Donohue,0.0,3.0,0.0,1.0,11.0,18.0,3.0,6.0,13.0,13.0,4.0,7.0,1.0,2.0,0.0,0.0,,,0,L
7b82e72b0e723c6cbb9f,2025-26,2026-01-07,Crystal Palace,Aston Villa,H,A Madley,0.0,0.0,0.0,0.0,11.0,15.0,5.0,3.0,8.0,3.0,3.0,5.0,2.0,0.0,0.0,0.0,,,1,D
7b82e72b0e723c6cbb9f,2025-26,2026-01-07,Aston Villa,Crystal Palace,A,A Madley,0.0,0.0,0.0,0.0,15.0,11.0,3.0,5.0,3.0,8.0,5.0,3.0,0.0,2.0,0.0,0.0,,,1,D
96ef19c44a569eb4c76c,2025-26,2026-01-07,Everton,Wolverhampton Wanderers,H,T Kirk,1.0,1.0,1.0,0.0,13.0,13.0,2.0,4.0,13.0,15.0,2.0,7.0,1.0,3.0,2.0,0.0,,,1,D
96ef19c44a569eb4c76c,2025-26,2026-01-07,Wolverhampton Wanderers,Everton,A,T Kirk,1.0,1.0,0.0,1.0,13.0,13.0,4.0,2.0,15.0,13.0,7.0,2.0,3.0,1.0,0.0,2.0,,,1,D
2854f68a59850bdd02a7,2025-26,2026-01-07,Fulham,Chelsea,H,P Bankes,2.0,1.0,0.0,0.0,16.0,14.0,5.0,6.0,11.0,6.0,2.0,11.0,3.0,3.0,0.0,1.0,,,3,W
2854f68a59850bdd02a7,2025-26,2026-01-07,Chelsea,Fulham,A,P Bankes,1.0,2.0,0.0,0.0,14.0,16.0,6.0,5.0,6.0,11.0,11.0,2.0,3.0,3.0,1.0,0.0,,,0,L
18037c109930d2dee03b,2025-26,2026-01-07,Manchester City,Brighton & Hove Albion,H,T Bramall,1.0,1.0,1.0,0.0,22.0,6.0,6.0,3.0,6.0,16.0,6.0,2.0,1.0,6.0,0.0,0.0,,,1,D
18037c109930d2dee03b,2025-26,2026-01-07,Brighton & Hove Albion,Manchester City,A,T Bramall,1.0,1.0,0.0,1.0,6.0,22.0,3.0,6.0,16.0,6.0,2.0,6.0,6.0,1.0,0.0,0.0,,,1,D
04b0cb1a914ebce020a5,2025-26,2026-01-07,Burnley,Manchester United,H,S Attwell,2.0,2.0,1.0,0.0,7.0,30.0,1.0,10.0,9.0,8.0,2.0,6.0,2.0,0.0,0.0,0.0,,,1,D
04b0cb1a914ebce020a5,2025-26,2026-01-07,Manchester United,Burnley,A,S Attwell,2.0,2.0,0.0,1.0,30.0,7.0,10.0,1.0,8.0,9.0,6.0,2.0,0.0,2.0,0.0,0.0,,,1,D
25610c962b149e505c0a,2025-26,2026-01-07,Newcastle United,Leeds,H,M Salisbury,4.0,3.0,1.0,2.0,18.0,14.0,8.0,6.0,11.0,10.0,8.0,4.0,3.0,2.0,0.0,0.0,,,3,W
25610c962b149e505c0a,2025-26,2026-01-07,Leeds,Newcastle United,A,M Salisbury,3.0,4.0,2.0,1.0,14.0,18.0,6.0,8.0,10.0,11.0,4.0,8.0,2.0,3.0,0.0,0.0,,,0,L
1749539dbe346797a5e0,2025-26,2026-01-08,Arsenal,Liverpool,H,A Taylor,0.0,0.0,0.0,0.0,9.0,8.0,4.0,0.0,10.0,9.0,3.0,0.0,2.0,2.0,0.0,0.0,,,1,D
1749539dbe346797a5e0,2025-26,2026-01-08,Liverpool,Arsenal,A,A Taylor,0.0,0.0,0.0,0.0,8.0,9.0,0.0,4.0,9.0,10.0,0.0,3.0,2.0,2.0,0.0,0.0,,,1,D
52fcbf3d8152542c4715,2025-26,2026-01-17,Manchester United,Manchester City,H,A Taylor,2.0,0.0,0.0,0.0,11.0,7.0,7.0,1.0,13.0,8.0,1.0,6.0,2.0,3.0,0.0,0.0,,,3,W
52fcbf3d8152542c4715,2025-26,2026-01-17,Manchester City,Manchester United,A,A Taylor,0.0,2.0,0.0,0.0,7.0,11.0,1.0,7.0,8.0,13.0,6.0,1.0,3.0,2.0,0.0,0.0,,,0,L
67a4d31a9e660d650120,2025-26,2026-01-17,Chelsea,Brentford,H,J Brooks,2.0,0.0,1.0,0.0,6.0,15.0,2.0,5.0,7.0,10.0,3.0,9.0,3.0,2.0,0.0,0.0,,,3,W
67a4d31a9e660d650120,2025-26,2026-01-17,Brentford,Chelsea,A,J Brooks,0.0,2.0,0.0,1.0,15.0,6.0,5.0,2.0,10.0,7.0,9.0,3.0,2.0,3.0,0.0,0.0,,,0,L
fc5b0ee5782dee925e21,2025-26,2026-01-17,Leeds,Fulham,H,C Kavanagh,1.0,0.0,0.0,0.0,14.0,8.0,5.0,1.0,6.0,11.0,7.0,3.0,1.0,5.0,0.0,0.0,,,3,W
fc5b0ee5782dee925e21,2025-26,2026-01-17,Fulham,Leeds,A,C Kavanagh,0.0,1.0,0.0,0.0,8.0,14.0,1.0,5.0,11.0,6.0,3.0,7.0,5.0,1.0,0.0,0.0,,,0,L
247dd233b4adac8bcc99,2025-26,2026-01-17,Liverpool,Burnley,H,A Madley,1.0,1.0,1.0,0.0,32.0,7.0,11.0,1.0,8.0,10.0,9.0,1.0,1.0,2.0,0.0,0.0,,,1,D
247dd233b4adac8bcc99,2025-26,2026-01-17,Burnley,Liverpool,A,A Madley,1.0,1.0,0.0,1.0,7.0,32.0,1.0,11.0,10.0,8.0,1.0,9.0,2.0,1.0,0.0,0.0,,,1,D
35726903e7d882b352b4,2025-26,2026-01-17,Sunderland,Crystal Palace,H,R Jones,2.0,1.0,1.0,1.0,13.0,6.0,7.0,2.0,8.0,15.0,3.0,4.0,3.0,3.0,0.0,0.0,,,3,W
35726903e7d882b352b4,2025-26,2026-01-17,Crystal Palace,Sunderland,A,R Jones,1.0,2.0,1.0,1.0,6.0,13.0,2.0,7.0,15.0,8.0,4.0,3.0,3.0,3.0,0.0,0.0,,,0,L
2aa163f9a22dfad204c1,2025-26,2026-01-17,Tottenham,West Ham United,H,J Gillett,1.0,2.0,0.0,1.0,21.0,17.0,6.0,4.0,12.0,17.0,11.0,5.0,5.0,3.0,0.0,0.0,,,0,L
2aa163f9a22dfad204c1,2025-26,2026-01-17,West Ham United,Tottenham,A,J Gillett,2.0,1.0,1.0,0.0,17.0,21.0,4.0,6.0,17.0,12.0,5.0,11.0,3.0,5.0,0.0,0.0,,,3,W
204f559a6052fbe9d7ac,2025-26,2026-01-17,Nottingham Forest,Arsenal,H,M Oliver,0.0,0.0,0.0,0.0,6.0,15.0,0.0,3.0,8.0,14.0,4.0,9.0,1.0,1.0,0.0,0.0,,,1,D
204f559a6052fbe9d7ac,2025-26,2026-01-17,Arsenal,Nottingham Forest,A,M Oliver,0.0,0.0,0.0,0.0,15.0,6.0,3.0,0.0,14.0,8.0,9.0,4.0,1.0,1.0,0.0,0.0,,,1,D
03c93544eda4ad474853,2025-26,2026-01-18,Wolverhampton Wanderers,Newcastle United,H,S Barrott,0.0,0.0,0.0,0.0,6.0,12.0,2.0,2.0,14.0,8.0,4.0,7.0,2.0,2.0,0.0,0.0,,,1,D
03c93544eda4ad474853,2025-26,2026-01-18,Newcastle United,Wolverhampton Wanderers,A,S Barrott,0.0,0.0,0.0,0.0,12.0,6.0,2.0,2.0,8.0,14.0,7.0,4.0,2.0,2.0,0.0,0.0,,,1,D
6ae07f348c89e0c9e7da,2025-26,2026-01-18,Aston Villa,Everton,H,T Harrington,0.0,1.0,0.0,0.0,18.0,9.0,5.0,3.0,15.0,13.0,6.0,4.0,1.0,2.0,0.0,0.0,,,0,L
6ae07f348c89e0c9e7da,2025-26,2026-01-18,Everton,Aston Villa,A,T Harrington,1.0,0.0,0.0,0.0,9.0,18.0,3.0,5.0,13.0,15.0,4.0,6.0,2.0,1.0,0.0,0.0,,,3,W
0249d70f44f581a709c6,2025-26,2026-01-19,Brighton & Hove Albion,Bournemouth,H,P Tierney,1.0,1.0,0.0,1.0,17.0,11.0,5.0,2.0,7.0,6.0,11.0,6.0,2.0,3.0,0.0,0.0,,,1,D
0249d70f44f581a709c6,2025-26,2026-01-19,Bournemouth,Brighton & Hove Albion,A,P Tierney,1.0,1.0,1.0,0.0,11.0,17.0,2.0,5.0,6.0,7.0,6.0,11.0,3.0,2.0,0.0,0.0,,,1,D
5cefde467ba4645d8590,2025-26,2026-01-24,West Ham United,Sunderland,H,T Bramall,3.0,1.0,3.0,0.0,13.0,7.0,5.0,2.0,9.0,16.0,3.0,3.0,2.0,4.0,0.0,0.0,,,3,W
5cefde467ba4645d8590,2025-26,2026-01-24,Sunderland,West Ham United,A,T Bramall,1.0,3.0,0.0,3.0,7.0,13.0,2.0,5.0,16.0,9.0,3.0,3.0,4.0,2.0,0.0,0.0,,,0,L
edda8f51580ebee33eec,2025-26,2026-01-24,Burnley,Tottenham,H,P Bankes,2.0,2.0,1.0,1.0,9.0,18.0,4.0,11.0,8.0,9.0,1.0,3.0,1.0,0.0,0.0,0.0,,,1,D
edda8f51580ebee33eec,2025-26,2026-01-24,Tottenham,Burnley,A,P Bankes,2.0,2.0,1.0,1.0,18.0,9.0,11.0,4.0,9.0,8.0,3.0,1.0,0.0,1.0,0.0,0.0,,,1,D
89c5203cbb73e7575a58,2025-26,2026-01-24,Fulham,Brighton & Hove Albion,H,M Oliver,2.0,1.0,0.0,1.0,12.0,13.0,4.0,5.0,10.0,6.0,6.0,6.0,1.0,1.0,0.0,0.0,,,3,W
89c5203cbb73e7575a58,2025-26,2026-01-24,Brighton & Hove Albion,Fulham,A,M Oliver,1.0,2.0,1.0,0.0,13.0,12.0,5.0,4.0,6.0,10.0,6.0,6.0,1.0,1.0,0.0,0.0,,,0,L
fc5938b3befd7e363b67,2025-26,2026-01-24,Manchester City,Wolverhampton Wanderers,H,F Hallam,2.0,0.0,2.0,0.0,11.0,11.0,4.0,1.0,16.0,14.0,4.0,6.0,1.0,3.0,0.0,0.0,,,3,W
fc5938b3befd7e363b67,2025-26,2026-01-24,Wolverhampton Wanderers,Manchester City,A,F Hallam,0.0,2.0,0.0,2.0,11.0,11.0,1.0,4.0,14.0,16.0,6.0,4.0,3.0,1.0,0.0,0.0,,,0,L
e32d2ad886548b86c2a4,2025-26,2026-01-24,Bournemouth,Liverpool,H,M Salisbury,3.0,2.0,2.0,1.0,12.0,14.0,5.0,4.0,7.0,7.0,3.0,11.0,1.0,1.0,0.0,0.0,,,3,W
e32d2ad886548b86c2a4,2025-26,2026-01-24,Liverpool,Bournemouth,A,M Salisbury,2.0,3.0,1.0,2.0,14.0,12.0,4.0,5.0,7.0,7.0,11.0,3.0,1.0,1.0,0.0,0.0,,,0,L
714cf121b9ae3e17e5a7,2025-26,2026-01-25,Brentford,Nottingham Forest,H,S Barrott,0.0,2.0,0.0,1.0,10.0,7.0,1.0,2.0,11.0,10.0,6.0,5.0,1.0,0.0,0.0,0.0,,,0,L
714cf121b9ae3e17e5a7,2025-26,2026-01-25,Nottingham Forest,Brentford,A,S Barrott,2.0,0.0,1.0,0.0,7.0,10.0,2.0,1.0,10.0,11.0,5.0,6.0,0.0,1.0,0.0,0.0,,,3,W
5bc905fa5a0312f70dcc,2025-26,2026-01-25,Crystal Palace,Chelsea,H,D England,1.0,3.0,0.0,1.0,13.0,10.0,7.0,6.0,11.0,10.0,4.0,5.0,2.0,2.0,1.0,0.0,,,0,L
5bc905fa5a0312f70dcc,2025-26,2026-01-25,Chelsea,Crystal Palace,A,D England,3.0,1.0,1.0,0.0,10.0,13.0,6.0,7.0,10.0,11.0,5.0,4.0,2.0,2.0,0.0,1.0,,,3,W
bf5ed5505e91051efcb3,2025-26,2026-01-25,Newcastle United,Aston Villa,H,J Gillett,0.0,2.0,0.0,1.0,15.0,14.0,4.0,8.0,7.0,12.0,6.0,5.0,1.0,2.0,0.0,0.0,,,0,L
bf5ed5505e91051efcb3,2025-26,2026-01-25,Aston Villa,Newcastle United,A,J Gillett,2.0,0.0,1.0,0.0,14.0,15.0,8.0,4.0,12.0,7.0,5.0,6.0,2.0,1.0,0.0,0.0,,,3,W
4b6945e4aeb5abfece57,2025-26,2026-01-25,Arsenal,Manchester United,H,C Pawson,2.0,3.0,1.0,1.0,15.0,10.0,4.0,3.0,11.0,9.0,9.0,2.0,2.0,0.0,0.0,0.0,,,0,L
4b6945e4aeb5abfece57,2025-26,2026-01-25,Manchester United,Arsenal,A,C Pawson,3.0,2.0,1.0,1.0,10.0,15.0,3.0,4.0,9.0,11.0,2.0,9.0,0.0,2.0,0.0,0.0,,,3,W
7bf300c44a9f874dd6d8,2025-26,2026-01-26,Everton,Leeds,H,S Hooper,1.0,1.0,0.0,1.0,10.0,14.0,3.0,4.0,9.0,13.0,4.0,4.0,0.0,3.0,0.0,0.0,,,1,D
7bf300c44a9f874dd6d8,2025-26,2026-01-26,Leeds,Everton,A,S Hooper,1.0,1.0,1.0,0.0,14.0,10.0,4.0,3.0,13.0,9.0,4.0,4.0,3.0,0.0,0.0,0.0,,,1,D
4bb3269f8123399441b5,2025-26,2026-01-31,Brighton & Hove Albion,Everton,H,C Kavanagh,1.0,1.0,0.0,0.0,11.0,7.0,2.0,4.0,13.0,14.0,5.0,2.0,1.0,2.0,0.0,0.0,,,1,D
4bb3269f8123399441b5,2025-26,2026-01-31,Everton,Brighton & Hove Albion,A,C Kavanagh,1.0,1.0,0.0,0.0,7.0,11.0,4.0,2.0,14.0,13.0,2.0,5.0,2.0,1.0,0.0,0.0,,,1,D
b715db5c0c22599679de,2025-26,2026-01-31,Leeds,Arsenal,H,S Attwell,0.0,4.0,0.0,2.0,3.0,14.0,1.0,8.0,10.0,7.0,4.0,12.0,1.0,1.0,0.0,0.0,,,0,L
b715db5c0c22599679de,2025-26,2026-01-31,Arsenal,Leeds,A,S Attwell,4.0,0.0,2.0,0.0,14.0,3.0,8.0,1.0,7.0,10.0,12.0,4.0,1.0,1.0,0.0,0.0,,,3,W
05d8b4d8480f48aec7d1,2025-26,2026-01-31,Wolverhampton Wanderers,Bournemouth,H,M Oliver,0.0,2.0,0.0,1.0,17.0,9.0,7.0,4.0,11.0,15.0,5.0,6.0,3.0,3.0,0.0,0.0,,,0,L
05d8b4d8480f48aec7d1,2025-26,2026-01-31,Bournemouth,Wolverhampton Wanderers,A,M Oliver,2.0,0.0,1.0,0.0,9.0,17.0,4.0,7.0,15.0,11.0,6.0,5.0,3.0,3.0,0.0,0.0,,,3,W
495431c380309e97db1b,2025-26,2026-01-31,Chelsea,West Ham United,H,A Taylor,3.0,2.0,0.0,2.0,14.0,11.0,6.0,6.0,11.0,13.0,9.0,3.0,3.0,2.0,0.0,1.0,,,3,W
495431c380309e97db1b,2025-26,2026-01-31,West Ham United,Chelsea,A,A Taylor,2.0,3.0,2.0,0.0,11.0,14.0,6.0,6.0,13.0,11.0,3.0,9.0,2.0,3.0,1.0,0.0,,,0,L
8e0b557a8aa0060d321f,2025-26,2026-01-31,Liverpool,Newcastle United,H,S Hooper,4.0,1.0,2.0,1.0,17.0,8.0,7.0,2.0,11.0,7.0,7.0,11.0,1.0,3.0,0.0,0.0,,,3,W
8e0b557a8aa0060d321f,2025-26,2026-01-31,Newcastle United,Liverpool,A,S Hooper,1.0,4.0,1.0,2.0,8.0,17.0,2.0,7.0,7.0,11.0,11.0,7.0,3.0,1.0,0.0,0.0,,,0,L
e293b7a341e2a95bef63,2025-26,2026-02-01,Aston Villa,Brentford,H,T Robinson,0.0,1.0,0.0,1.0,27.0,6.0,5.0,2.0,8.0,8.0,12.0,1.0,0.0,3.0,0.0,0.0,,,0,L
e293b7a341e2a95bef63,2025-26,2026-02-01,Brentford,Aston Villa,A,T Robinson,1.0,0.0,1.0,0.0,6.0,27.0,2.0,5.0,8.0,8.0,1.0,12.0,3.0,0.0,0.0,0.0,,,3,W
a77e70af7e6334fbeddc,2025-26,2026-02-01,Manchester United,Fulham,H,J Brooks,3.0,2.0,1.0,0.0,13.0,14.0,6.0,6.0,6.0,9.0,3.0,7.0,2.0,1.0,0.0,0.0,,,3,W
a77e70af7e6334fbeddc,2025-26,2026-02-01,Fulham,Manchester United,A,J Brooks,2.0,3.0,0.0,1.0,14.0,13.0,6.0,6.0,9.0,6.0,7.0,3.0,1.0,2.0,0.0,0.0,,,0,L
89ad153bb913d06c65ef,2025-26,2026-02-01,Nottingham Forest,Crystal Palace,H,M Salisbury,1.0,1.0,1.0,1.0,9.0,14.0,1.0,3.0,4.0,12.0,5.0,7.0,1.0,3.0,0.0,0.0,,,1,D
89ad153bb913d06c65ef,2025-26,2026-02-01,Crystal Palace,Nottingham Forest,A,M Salisbury,1.0,1.0,1.0,1.0,14.0,9.0,3.0,1.0,12.0,4.0,7.0,5.0,3.0,1.0,0.0,0.0,,,1,D
89eb132219e64f90296e,2025-26,2026-02-01,Tottenham,Manchester City,H,R Jones,2.0,2.0,0.0,2.0,12.0,15.0,6.0,3.0,15.0,12.0,3.0,4.0,3.0,3.0,0.0,0.0,,,1,D
89eb132219e64f90296e,2025-26,2026-02-01,Manchester City,Tottenham,A,R Jones,2.0,2.0,2.0,0.0,15.0,12.0,3.0,6.0,12.0,15.0,4.0,3.0,3.0,3.0,0.0,0.0,,,1,D
99869d75a542910699eb,2025-26,2026-02-02,Sunderland,Burnley,H,P Tierney,3.0,0.0,2.0,0.0,14.0,5.0,5.0,0.0,12.0,10.0,1.0,2.0,1.0,4.0,0.0,0.0,,,3,W
99869d75a542910699eb,2025-26,2026-02-02,Burnley,Sunderland,A,P Tierney,0.0,3.0,0.0,2.0,5.0,14.0,0.0,5.0,10.0,12.0,2.0,1.0,4.0,1.0,0.0,0.0,,,0,L
7f7f936f63e8d45d7b8f,2025-26,2026-02-06,Leeds,Nottingham Forest,H,P Bankes,3.0,1.0,2.0,0.0,14.0,16.0,5.0,6.0,9.0,12.0,5.0,10.0,1.0,1.0,0.0,0.0,,,3,W
7f7f936f63e8d45d7b8f,2025-26,2026-02-06,Nottingham Forest,Leeds,A,P Bankes,1.0,3.0,0.0,2.0,16.0,14.0,6.0,5.0,12.0,9.0,10.0,5.0,1.0,1.0,0.0,0.0,,,0,L
84e70867719cbb70787e,2025-26,2026-02-07,Manchester United,Tottenham,H,M Oliver,2.0,0.0,1.0,0.0,23.0,7.0,10.0,1.0,12.0,11.0,7.0,0.0,1.0,2.0,0.0,1.0,,,3,W
84e70867719cbb70787e,2025-26,2026-02-07,Tottenham,Manchester United,A,M Oliver,0.0,2.0,0.0,1.0,7.0,23.0,1.0,10.0,11.0,12.0,0.0,7.0,2.0,1.0,1.0,0.0,,,0,L
61f4584b3e6525a39a97,2025-26,2026-02-07,Arsenal,Sunderland,H,S Barrott,3.0,0.0,1.0,0.0,16.0,5.0,5.0,3.0,11.0,8.0,5.0,2.0,1.0,2.0,0.0,0.0,,,3,W
61f4584b3e6525a39a97,2025-26,2026-02-07,Sunderland,Arsenal,A,S Barrott,0.0,3.0,0.0,1.0,5.0,16.0,3.0,5.0,8.0,11.0,2.0,5.0,2.0,1.0,0.0,0.0,,,0,L
3412aad69b1e66cb28ee,2025-26,2026-02-07,Bournemouth,Aston Villa,H,A Taylor,1.0,1.0,0.0,1.0,20.0,7.0,9.0,4.0,4.0,11.0,11.0,4.0,1.0,1.0,0.0,0.0,,,1,D
3412aad69b1e66cb28ee,2025-26,2026-02-07,Aston Villa,Bournemouth,A,A Taylor,1.0,1.0,1.0,0.0,7.0,20.0,4.0,9.0,11.0,4.0,4.0,11.0,1.0,1.0,0.0,0.0,,,1,D
b0cb4b88bf8f8f587370,2025-26,2026-02-07,Burnley,West Ham United,H,D England,0.0,2.0,0.0,2.0,18.0,6.0,5.0,4.0,11.0,10.0,5.0,2.0,3.0,1.0,0.0,0.0,,,0,L
b0cb4b88bf8f8f587370,2025-26,2026-02-07,West Ham United,Burnley,A,D England,2.0,0.0,2.0,0.0,6.0,18.0,4.0,5.0,10.0,11.0,2.0,5.0,1.0,3.0,0.0,0.0,,,3,W
0e180fee81efe92bee7d,2025-26,2026-02-07,Fulham,Everton,H,S Attwell,1.0,2.0,1.0,0.0,13.0,16.0,3.0,3.0,11.0,12.0,6.0,6.0,1.0,5.0,0.0,0.0,,,0,L
0e180fee81efe92bee7d,2025-26,2026-02-07,Everton,Fulham,A,S Attwell,2.0,1.0,0.0,1.0,16.0,13.0,3.0,3.0,12.0,11.0,6.0,6.0,5.0,1.0,0.0,0.0,,,3,W
c4cb0168420b36281d96,2025-26,2026-02-07,Wolverhampton Wanderers,Chelsea,H,J Gillett,1.0,3.0,0.0,3.0,11.0,15.0,3.0,6.0,9.0,10.0,3.0,4.0,1.0,1.0,0.0,0.0,,,0,L
c4cb0168420b36281d96,2025-26,2026-02-07,Chelsea,Wolverhampton Wanderers,A,J Gillett,3.0,1.0,3.0,0.0,15.0,11.0,6.0,3.0,10.0,9.0,4.0,3.0,1.0,1.0,0.0,0.0,,,3,W
a21568ac8b2d81675d55,2025-26,2026-02-07,Newcastle United,Brentford,H,A Madley,2.0,3.0,1.0,2.0,16.0,11.0,4.0,5.0,14.0,18.0,9.0,3.0,2.0,2.0,0.0,0.0,,,0,L
a21568ac8b2d81675d55,2025-26,2026-02-07,Brentford,Newcastle United,A,A Madley,3.0,2.0,2.0,1.0,11.0,16.0,5.0,4.0,18.0,14.0,3.0,9.0,2.0,2.0,0.0,0.0,,,3,W
06a53f17184e4abc1289,2025-26,2026-02-08,Brighton & Hove Albion,Crystal Palace,H,T Bramall,0.0,1.0,0.0,0.0,7.0,7.0,2.0,4.0,12.0,9.0,3.0,4.0,1.0,3.0,0.0,0.0,,,0,L
06a53f17184e4abc1289,2025-26,2026-02-08,Crystal Palace,Brighton & Hove Albion,A,T Bramall,1.0,0.0,0.0,0.0,7.0,7.0,4.0,2.0,9.0,12.0,4.0,3.0,3.0,1.0,0.0,0.0,,,3,W
2ca7bd9ec6364cf540b8,2025-26,2026-02-08,Liverpool,Manchester City,H,C Pawson,1.0,2.0,0.0,0.0,15.0,17.0,4.0,7.0,13.0,16.0,5.0,4.0,2.0,4.0,1.0,0.0,,,0,L
2ca7bd9ec6364cf540b8,2025-26,2026-02-08,Manchester City,Liverpool,A,C Pawson,2.0,1.0,0.0,0.0,17.0,15.0,7.0,4.0,16.0,13.0,4.0,5.0,4.0,2.0,0.0,1.0,,,3,W
31d3a4ae814c9c0d416e,2025-26,2026-02-10,Chelsea,Leeds,H,R Jones,2.0,2.0,1.0,0.0,19.0,4.0,4.0,2.0,9.0,13.0,4.0,1.0,4.0,4.0,0.0,0.0,,,1,D
31d3a4ae814c9c0d416e,2025-26,2026-02-10,Leeds,Chelsea,A,R Jones,2.0,2.0,0.0,1.0,4.0,19.0,2.0,4.0,13.0,9.0,1.0,4.0,4.0,4.0,0.0,0.0,,,1,D
da17fd208cae964cb94f,2025-26,2026-02-10,Everton,Bournemouth,H,A Madley,1.0,2.0,1.0,0.0,16.0,11.0,6.0,4.0,14.0,15.0,7.0,2.0,1.0,3.0,1.0,0.0,,,0,L
da17fd208cae964cb94f,2025-26,2026-02-10,Bournemouth,Everton,A,A Madley,2.0,1.0,0.0,1.0,11.0,16.0,4.0,6.0,15.0,14.0,2.0,7.0,3.0,1.0,0.0,1.0,,,3,W
764572aa79b4b1126a05,2025-26,2026-02-10,Tottenham,Newcastle United,H,A Taylor,1.0,2.0,0.0,1.0,16.0,21.0,2.0,5.0,15.0,11.0,2.0,12.0,3.0,2.0,0.0,0.0,,,0,L
764572aa79b4b1126a05,2025-26,2026-02-10,Newcastle United,Tottenham,A,A Taylor,2.0,1.0,1.0,0.0,21.0,16.0,5.0,2.0,11.0,15.0,12.0,2.0,2.0,3.0,0.0,0.0,,,3,W
99037afb61466fe8704e,2025-26,2026-02-10,West Ham United,Manchester United,H,S Hooper,1.0,1.0,0.0,0.0,7.0,9.0,3.0,3.0,10.0,4.0,5.0,3.0,1.0,1.0,0.0,0.0,,,1,D
99037afb61466fe8704e,2025-26,2026-02-10,Manchester United,West Ham United,A,S Hooper,1.0,1.0,0.0,0.0,9.0,7.0,3.0,3.0,4.0,10.0,3.0,5.0,1.0,1.0,0.0,0.0,,,1,D
a311727305e0da12e939,2025-26,2026-02-11,Aston Villa,Brighton & Hove Albion,H,P Bankes,1.0,0.0,0.0,0.0,15.0,9.0,1.0,3.0,9.0,15.0,7.0,5.0,2.0,3.0,0.0,0.0,,,3,W
a311727305e0da12e939,2025-26,2026-02-11,Brighton & Hove Albion,Aston Villa,A,P Bankes,0.0,1.0,0.0,0.0,9.0,15.0,3.0,1.0,15.0,9.0,5.0,7.0,3.0,2.0,0.0,0.0,,,0,L
63837b7e826727f1b7c4,2025-26,2026-02-11,Crystal Palace,Burnley,H,F Hallam,2.0,3.0,2.0,3.0,21.0,8.0,3.0,3.0,11.0,8.0,8.0,2.0,2.0,1.0,0.0,0.0,,,0,L
63837b7e826727f1b7c4,2025-26,2026-02-11,Burnley,Crystal Palace,A,F Hallam,3.0,2.0,3.0,2.0,8.0,21.0,3.0,3.0,8.0,11.0,2.0,8.0,1.0,2.0,0.0,0.0,,,3,W
0257961cc1425c1adfad,2025-26,2026-02-11,Manchester City,Fulham,H,P Tierney,3.0,0.0,3.0,0.0,13.0,14.0,5.0,3.0,8.0,10.0,4.0,4.0,3.0,1.0,0.0,0.0,,,3,W
0257961cc1425c1adfad,2025-26,2026-02-11,Fulham,Manchester City,A,P Tierney,0.0,3.0,0.0,3.0,14.0,13.0,3.0,5.0,10.0,8.0,4.0,4.0,1.0,3.0,0.0,0.0,,,0,L
31d0846eb96cd7727ab0,2025-26,2026-02-11,Nottingham Forest,Wolverhampton Wanderers,H,T Robinson,0.0,0.0,0.0,0.0,35.0,7.0,10.0,3.0,12.0,13.0,8.0,2.0,0.0,2.0,0.0,0.0,,,1,D
31d0846eb96cd7727ab0,2025-26,2026-02-11,Wolverhampton Wanderers,Nottingham Forest,A,T Robinson,0.0,0.0,0.0,0.0,7.0,35.0,3.0,10.0,13.0,12.0,2.0,8.0,2.0,0.0,0.0,0.0,,,1,D
20efad507f628a102651,2025-26,2026-02-11,Sunderland,Liverpool,H,C Kavanagh,0.0,1.0,0.0,0.0,11.0,23.0,2.0,3.0,8.0,10.0,3.0,11.0,1.0,0.0,0.0,0.0,,,0,L
20efad507f628a102651,2025-26,2026-02-11,Liverpool,Sunderland,A,C Kavanagh,1.0,0.0,0.0,0.0,23.0,11.0,3.0,2.0,10.0,8.0,11.0,3.0,0.0,1.0,0.0,0.0,,,3,W
607b5fe3e96a4d89b8b9,2025-26,2026-02-12,Brentford,Arsenal,H,J Brooks,1.0,1.0,0.0,0.0,12.0,7.0,3.0,2.0,12.0,11.0,6.0,4.0,3.0,2.0,0.0,0.0,,,1,D
607b5fe3e96a4d89b8b9,2025-26,2026-02-12,Arsenal,Brentford,A,J Brooks,1.0,1.0,0.0,0.0,7.0,12.0,2.0,3.0,11.0,12.0,4.0,6.0,2.0,3.0,0.0,0.0,,,1,D
c916fcce3b968ccf5d74,2025-26,2026-02-18,Wolverhampton Wanderers,Arsenal,H,P Tierney,2.0,2.0,0.0,1.0,5.0,10.0,2.0,4.0,6.0,8.0,1.0,3.0,2.0,1.0,0.0,0.0,,,1,D
c916fcce3b968ccf5d74,2025-26,2026-02-18,Arsenal,Wolverhampton Wanderers,A,P Tierney,2.0,2.0,1.0,0.0,10.0,5.0,4.0,2.0,8.0,6.0,3.0,1.0,1.0,2.0,0.0,0.0,,,1,D
5f0626dde15bb0366cb3,2025-26,2026-02-21,Aston Villa,Leeds,H,M Oliver,1.0,1.0,0.0,1.0,16.0,14.0,4.0,4.0,11.0,16.0,7.0,2.0,1.0,4.0,0.0,0.0,,,1,D
5f0626dde15bb0366cb3,2025-26,2026-02-21,Leeds,Aston Villa,A,M Oliver,1.0,1.0,1.0,0.0,14.0,16.0,4.0,4.0,16.0,11.0,2.0,7.0,4.0,1.0,0.0,0.0,,,1,D
26797923e6a7906e3bd9,2025-26,2026-02-21,Brentford,Brighton & Hove Albion,H,J Gillett,0.0,2.0,0.0,2.0,13.0,11.0,3.0,7.0,9.0,14.0,6.0,4.0,1.0,2.0,0.0,0.0,,,0,L
26797923e6a7906e3bd9,2025-26,2026-02-21,Brighton & Hove Albion,Brentford,A,J Gillett,2.0,0.0,2.0,0.0,11.0,13.0,7.0,3.0,14.0,9.0,4.0,6.0,2.0,1.0,0.0,0.0,,,3,W
ffdfa80ff3988c8929fc,2025-26,2026-02-21,Chelsea,Burnley,H,L Smith,1.0,1.0,1.0,0.0,12.0,12.0,2.0,4.0,13.0,11.0,9.0,5.0,2.0,2.0,1.0,0.0,,,1,D
ffdfa80ff3988c8929fc,2025-26,2026-02-21,Burnley,Chelsea,A,L Smith,1.0,1.0,0.0,1.0,12.0,12.0,4.0,2.0,11.0,13.0,5.0,9.0,2.0,2.0,0.0,1.0,,,1,D
32a8f9b874a1b7e75dd5,2025-26,2026-02-21,West Ham United,Bournemouth,H,S Barrott,0.0,0.0,0.0,0.0,20.0,10.0,3.0,5.0,10.0,11.0,9.0,5.0,1.0,1.0,0.0,0.0,,,1,D
32a8f9b874a1b7e75dd5,2025-26,2026-02-21,Bournemouth,West Ham United,A,S Barrott,0.0,0.0,0.0,0.0,10.0,20.0,5.0,3.0,11.0,10.0,5.0,9.0,1.0,1.0,0.0,0.0,,,1,D
6ec185a516091120516c,2025-26,2026-02-21,Manchester City,Newcastle United,H,T Bramall,2.0,1.0,2.0,1.0,15.0,13.0,7.0,7.0,12.0,13.0,5.0,5.0,2.0,5.0,0.0,0.0,,,3,W
6ec185a516091120516c,2025-26,2026-02-21,Newcastle United,Manchester City,A,T Bramall,1.0,2.0,1.0,2.0,13.0,15.0,7.0,7.0,13.0,12.0,5.0,5.0,5.0,2.0,0.0,0.0,,,0,L
4e177ccc436e6824db28,2025-26,2026-02-22,Crystal Palace,Wolverhampton Wanderers,H,T Kirk,1.0,0.0,0.0,0.0,14.0,12.0,3.0,7.0,19.0,13.0,7.0,3.0,5.0,1.0,0.0,1.0,,,3,W
4e177ccc436e6824db28,2025-26,2026-02-22,Wolverhampton Wanderers,Crystal Palace,A,T Kirk,0.0,1.0,0.0,0.0,12.0,14.0,7.0,3.0,13.0,19.0,3.0,7.0,1.0,5.0,1.0,0.0,,,0,L
debd6e93a948a29daca5,2025-26,2026-02-22,Nottingham Forest,Liverpool,H,A Taylor,0.0,1.0,0.0,0.0,18.0,10.0,2.0,4.0,13.0,9.0,7.0,2.0,2.0,0.0,0.0,0.0,,,0,L
debd6e93a948a29daca5,2025-26,2026-02-22,Liverpool,Nottingham Forest,A,A Taylor,1.0,0.0,0.0,0.0,10.0,18.0,4.0,2.0,9.0,13.0,2.0,7.0,0.0,2.0,0.0,0.0,,,3,W
98dc1d86bb6e6306a5bf,2025-26,2026-02-22,Sunderland,Fulham,H,C Pawson,1.0,3.0,0.0,0.0,12.0,12.0,2.0,4.0,6.0,13.0,6.0,4.0,1.0,1.0,0.0,0.0,,,0,L
98dc1d86bb6e6306a5bf,2025-26,2026-02-22,Fulham,Sunderland,A,C Pawson,3.0,1.0,0.0,0.0,12.0,12.0,4.0,2.0,13.0,6.0,4.0,6.0,1.0,1.0,0.0,0.0,,,3,W
0629a2d353bc749397dd,2025-26,2026-02-22,Tottenham,Arsenal,H,P Bankes,1.0,4.0,1.0,1.0,6.0,20.0,5.0,7.0,17.0,11.0,2.0,5.0,2.0,1.0,0.0,0.0,,,0,L
0629a2d353bc749397dd,2025-26,2026-02-22,Arsenal,Tottenham,A,P Bankes,4.0,1.0,1.0,1.0,20.0,6.0,7.0,5.0,11.0,17.0,5.0,2.0,1.0,2.0,0.0,0.0,,,3,W
95f3fd540d2262f24a32,2025-26,2026-02-23,Everton,Manchester United,H,D England,0.0,1.0,0.0,0.0,12.0,11.0,4.0,3.0,12.0,7.0,10.0,1.0,2.0,3.0,0.0,0.0,,,0,L
95f3fd540d2262f24a32,2025-26,2026-02-23,Manchester United,Everton,A,D England,1.0,0.0,0.0,0.0,11.0,12.0,3.0,4.0,7.0,12.0,1.0,10.0,3.0,2.0,0.0,0.0,,,3,W
bab7107c11b46cbf53d8,2025-26,2026-02-27,Wolverhampton Wanderers,Aston Villa,H,C Pawson,2.0,0.0,0.0,0.0,9.0,14.0,2.0,5.0,13.0,19.0,0.0,5.0,3.0,3.0,0.0,0.0,,,3,W
bab7107c11b46cbf53d8,2025-26,2026-02-27,Aston Villa,Wolverhampton Wanderers,A,C Pawson,0.0,2.0,0.0,0.0,14.0,9.0,5.0,2.0,19.0,13.0,5.0,0.0,3.0,3.0,0.0,0.0,,,0,L
3224c031286668121143,2025-26,2026-02-28,Bournemouth,Sunderland,H,J Gillett,1.0,1.0,0.0,1.0,21.0,8.0,5.0,4.0,15.0,12.0,7.0,3.0,4.0,2.0,0.0,0.0,,,1,D
3224c031286668121143,2025-26,2026-02-28,Sunderland,Bournemouth,A,J Gillett,1.0,1.0,1.0,0.0,8.0,21.0,4.0,5.0,12.0,15.0,3.0,7.0,2.0,4.0,0.0,0.0,,,1,D
29babd4bf55811fb9e81,2025-26,2026-02-28,Burnley,Brentford,H,S Barrott,3.0,4.0,1.0,3.0,12.0,16.0,3.0,7.0,9.0,9.0,4.0,8.0,2.0,2.0,0.0,0.0,,,0,L
29babd4bf55811fb9e81,2025-26,2026-02-28,Brentford,Burnley,A,S Barrott,4.0,3.0,3.0,1.0,16.0,12.0,7.0,3.0,9.0,9.0,8.0,4.0,2.0,2.0,0.0,0.0,,,3,W
37f20906e16370ca790c,2025-26,2026-02-28,Liverpool,West Ham United,H,T Robinson,5.0,2.0,3.0,0.0,18.0,11.0,7.0,4.0,12.0,11.0,10.0,5.0,2.0,2.0,0.0,0.0,,,3,W
37f20906e16370ca790c,2025-26,2026-02-28,West Ham United,Liverpool,A,T Robinson,2.0,5.0,0.0,3.0,11.0,18.0,4.0,7.0,11.0,12.0,5.0,10.0,2.0,2.0,0.0,0.0,,,0,L
b017c9d4349d169b94dd,2025-26,2026-02-28,Newcastle United,Everton,H,S Attwell,2.0,3.0,1.0,2.0,17.0,9.0,7.0,5.0,15.0,7.0,7.0,2.0,2.0,3.0,0.0,0.0,,,0,L
b017c9d4349d169b94dd,2025-26,2026-02-28,Everton,Newcastle United,A,S Attwell,3.0,2.0,2.0,1.0,9.0,17.0,5.0,7.0,7.0,15.0,2.0,7.0,3.0,2.0,0.0,0.0,,,3,W
cd1a6117f593109e2341,2025-26,2026-02-28,Leeds,Manchester City,H,P Bankes,0.0,1.0,0.0,1.0,14.0,14.0,2.0,5.0,10.0,8.0,5.0,3.0,0.0,3.0,0.0,0.0,,,0,L
cd1a6117f593109e2341,2025-26,2026-02-28,Manchester City,Leeds,A,P Bankes,1.0,0.0,1.0,0.0,14.0,14.0,5.0,2.0,8.0,10.0,3.0,5.0,3.0,0.0,0.0,0.0,,,3,W
c789888144ce4ab51add,2025-26,2026-03-01,Brighton & Hove Albion,Nottingham Forest,H,A Madley,2.0,1.0,2.0,1.0,14.0,13.0,7.0,4.0,12.0,13.0,4.0,4.0,3.0,1.0,0.0,0.0,,,3,W
c789888144ce4ab51add,2025-26,2026-03-01,Nottingham Forest,Brighton & Hove Albion,A,A Madley,1.0,2.0,1.0,2.0,13.0,14.0,4.0,7.0,13.0,12.0,4.0,4.0,1.0,3.0,0.0,0.0,,,0,L
f645f95a774087521170,2025-26,2026-03-01,Fulham,Tottenham,H,T Bramall,2.0,1.0,2.0,0.0,18.0,13.0,4.0,1.0,11.0,14.0,5.0,8.0,3.0,3.0,0.0,0.0,,,3,W
f645f95a774087521170,2025-26,2026-03-01,Tottenham,Fulham,A,T Bramall,1.0,2.0,0.0,2.0,13.0,18.0,1.0,4.0,14.0,11.0,8.0,5.0,3.0,3.0,0.0,0.0,,,0,L
249ca46882a9349e450c,2025-26,2026-03-01,Manchester United,Crystal Palace,H,C Kavanagh,2.0,1.0,0.0,1.0,20.0,8.0,11.0,3.0,13.0,12.0,7.0,1.0,2.0,2.0,0.0,1.0,,,3,W
249ca46882a9349e450c,2025-26,2026-03-01,Crystal Palace,Manchester United,A,C Kavanagh,1.0,2.0,1.0,0.0,8.0,20.0,3.0,11.0,12.0,13.0,1.0,7.0,2.0,2.0,1.0,0.0,,,0,L
dbdda2398f2bf90109b3,2025-26,2026-03-01,Arsenal,Chelsea,H,D England,2.0,1.0,1.0,1.0,12.0,9.0,5.0,3.0,11.0,14.0,5.0,10.0,1.0,3.0,0.0,1.0,,,3,W
dbdda2398f2bf90109b3,2025-26,2026-03-01,Chelsea,Arsenal,A,D England,1.0,2.0,1.0,1.0,9.0,12.0,3.0,5.0,14.0,11.0,10.0,5.0,3.0,1.0,1.0,0.0,,,0,L
cd3b78ae19cf4d3f2db4,2025-26,2026-03-03,Bournemouth,Brentford,H,C Pawson,0.0,0.0,0.0,0.0,13.0,5.0,2.0,2.0,9.0,10.0,4.0,3.0,2.0,1.0,0.0,0.0,,,1,D
cd3b78ae19cf4d3f2db4,2025-26,2026-03-03,Brentford,Bournemouth,A,C Pawson,0.0,0.0,0.0,0.0,5.0,13.0,2.0,2.0,10.0,9.0,3.0,4.0,1.0,2.0,0.0,0.0,,,1,D
2a9b2848628ee0e22aab,2025-26,2026-03-03,Everton,Burnley,H,T Robinson,2.0,0.0,1.0,0.0,14.0,5.0,5.0,2.0,10.0,12.0,6.0,3.0,0.0,1.0,0.0,0.0,,,3,W
2a9b2848628ee0e22aab,2025-26,2026-03-03,Burnley,Everton,A,T Robinson,0.0,2.0,0.0,1.0,5.0,14.0,2.0,5.0,12.0,10.0,3.0,6.0,1.0,0.0,0.0,0.0,,,0,L
01afedea81d5e0258f12,2025-26,2026-03-03,Leeds,Sunderland,H,S Attwell,0.0,1.0,0.0,0.0,18.0,3.0,4.0,1.0,15.0,19.0,9.0,2.0,1.0,3.0,0.0,0.0,,,0,L
01afedea81d5e0258f12,2025-26,2026-03-03,Sunderland,Leeds,A,S Attwell,1.0,0.0,0.0,0.0,3.0,18.0,1.0,4.0,19.0,15.0,2.0,9.0,3.0,1.0,0.0,0.0,,,3,W
5cf3171bc7678c977b4e,2025-26,2026-03-03,Wolverhampton Wanderers,Liverpool,H,T Bramall,2.0,1.0,0.0,0.0,4.0,19.0,3.0,7.0,10.0,13.0,2.0,11.0,2.0,1.0,0.0,0.0,,,3,W
5cf3171bc7678c977b4e,2025-26,2026-03-03,Liverpool,Wolverhampton Wanderers,A,T Bramall,1.0,2.0,0.0,0.0,19.0,4.0,7.0,3.0,13.0,10.0,11.0,2.0,1.0,2.0,0.0,0.0,,,0,L
c240494d3487f6557558,2025-26,2026-03-04,Aston Villa,Chelsea,H,J Gillett,1.0,4.0,1.0,2.0,9.0,15.0,4.0,8.0,10.0,9.0,3.0,8.0,3.0,2.0,0.0,0.0,,,0,L
c240494d3487f6557558,2025-26,2026-03-04,Chelsea,Aston Villa,A,J Gillett,4.0,1.0,2.0,1.0,15.0,9.0,8.0,4.0,9.0,10.0,8.0,3.0,2.0,3.0,0.0,0.0,,,3,W
e2929f93e6796afcaefa,2025-26,2026-03-04,Brighton & Hove Albion,Arsenal,H,C Kavanagh,0.0,1.0,0.0,1.0,11.0,7.0,3.0,2.0,14.0,12.0,4.0,3.0,4.0,1.0,0.0,0.0,,,0,L
e2929f93e6796afcaefa,2025-26,2026-03-04,Arsenal,Brighton & Hove Albion,A,C Kavanagh,1.0,0.0,1.0,0.0,7.0,11.0,2.0,3.0,12.0,14.0,3.0,4.0,1.0,4.0,0.0,0.0,,,3,W
3d3950b35cd98ee73b30,2025-26,2026-03-04,Fulham,West Ham United,H,M Donohue,0.0,1.0,0.0,0.0,13.0,9.0,5.0,3.0,14.0,12.0,7.0,5.0,2.0,4.0,0.0,0.0,,,0,L
3d3950b35cd98ee73b30,2025-26,2026-03-04,West Ham United,Fulham,A,M Donohue,1.0,0.0,0.0,0.0,9.0,13.0,3.0,5.0,12.0,14.0,5.0,7.0,4.0,2.0,0.0,0.0,,,3,W
142d0922f16ecf6c2d85,2025-26,2026-03-04,Manchester City,Nottingham Forest,H,D England,2.0,2.0,1.0,0.0,21.0,9.0,7.0,4.0,10.0,6.0,6.0,1.0,0.0,4.0,0.0,0.0,,,1,D
142d0922f16ecf6c2d85,2025-26,2026-03-04,Nottingham Forest,Manchester City,A,D England,2.0,2.0,0.0,1.0,9.0,21.0,4.0,7.0,6.0,10.0,1.0,6.0,4.0,0.0,0.0,0.0,,,1,D
751beb2fd637b990782e,2025-26,2026-03-04,Newcastle United,Manchester United,H,P Bankes,2.0,1.0,1.0,1.0,12.0,14.0,5.0,5.0,15.0,16.0,2.0,4.0,2.0,3.0,1.0,0.0,,,3,W
751beb2fd637b990782e,2025-26,2026-03-04,Manchester United,Newcastle United,A,P Bankes,1.0,2.0,1.0,1.0,14.0,12.0,5.0,5.0,16.0,15.0,4.0,2.0,3.0,2.0,0.0,1.0,,,0,L
1cc6c218219665df3971,2025-26,2026-03-05,Tottenham,Crystal Palace,H,A Madley,1.0,3.0,1.0,3.0,12.0,9.0,4.0,4.0,14.0,14.0,6.0,3.0,3.0,2.0,0.0,0.0,,,0,L
1cc6c218219665df3971,2025-26,2026-03-05,Crystal Palace,Tottenham,A,A Madley,3.0,1.0,3.0,1.0,9.0,12.0,4.0,4.0,14.0,14.0,3.0,6.0,2.0,3.0,0.0,0.0,,,3,W
630d787184699485e50a,2025-26,2026-03-14,Burnley,Bournemouth,H,P Bankes,0.0,0.0,0.0,0.0,15.0,22.0,2.0,3.0,11.0,5.0,5.0,8.0,1.0,0.0,0.0,0.0,,,1,D
630d787184699485e50a,2025-26,2026-03-14,Bournemouth,Burnley,A,P Bankes,0.0,0.0,0.0,0.0,22.0,15.0,3.0,2.0,5.0,11.0,8.0,5.0,0.0,1.0,0.0,0.0,,,1,D
fa7b60f026fbafbbcd54,2025-26,2026-03-14,Sunderland,Brighton & Hove Albion,H,T Kirk,0.0,1.0,0.0,0.0,14.0,12.0,4.0,4.0,7.0,12.0,7.0,3.0,1.0,2.0,0.0,0.0,,,0,L
fa7b60f026fbafbbcd54,2025-26,2026-03-14,Brighton & Hove Albion,Sunderland,A,T Kirk,1.0,0.0,0.0,0.0,12.0,14.0,4.0,4.0,12.0,7.0,3.0,7.0,2.0,1.0,0.0,0.0,,,3,W
dde2ce971fae1bec09f0,2025-26,2026-03-14,Arsenal,Everton,H,A Madley,2.0,0.0,0.0,0.0,25.0,9.0,7.0,3.0,11.0,12.0,8.0,3.0,0.0,0.0,0.0,0.0,,,3,W
dde2ce971fae1bec09f0,2025-26,2026-03-14,Everton,Arsenal,A,A Madley,0.0,2.0,0.0,0.0,9.0,25.0,3.0,7.0,12.0,11.0,3.0,8.0,0.0,0.0,0.0,0.0,,,0,L
3e842201af695086934c,2025-26,2026-03-14,Chelsea,Newcastle United,H,P Tierney,0.0,1.0,0.0,1.0,22.0,7.0,3.0,5.0,9.0,10.0,8.0,1.0,2.0,2.0,0.0,0.0,,,0,L
3e842201af695086934c,2025-26,2026-03-14,Newcastle United,Chelsea,A,P Tierney,1.0,0.0,1.0,0.0,7.0,22.0,5.0,3.0,10.0,9.0,1.0,8.0,2.0,2.0,0.0,0.0,,,3,W
970d2893e609aa9cfa52,2025-26,2026-03-14,West Ham United,Manchester City,H,M Oliver,1.0,1.0,1.0,1.0,1.0,24.0,1.0,6.0,14.0,5.0,1.0,15.0,2.0,2.0,0.0,0.0,,,1,D
970d2893e609aa9cfa52,2025-26,2026-03-14,Manchester City,West Ham United,A,M Oliver,1.0,1.0,1.0,1.0,24.0,1.0,6.0,1.0,5.0,14.0,15.0,1.0,2.0,2.0,0.0,0.0,,,1,D
52010f7591847b9da53a,2025-26,2026-03-15,Crystal Palace,Leeds,H,T Bramall,0.0,0.0,0.0,0.0,12.0,10.0,0.0,3.0,12.0,11.0,8.0,3.0,2.0,1.0,0.0,1.0,,,1,D
52010f7591847b9da53a,2025-26,2026-03-15,Leeds,Crystal Palace,A,T Bramall,0.0,0.0,0.0,0.0,10.0,12.0,3.0,0.0,11.0,12.0,3.0,8.0,1.0,2.0,1.0,0.0,,,1,D
fe18f81dcc72eccbcc2f,2025-26,2026-03-15,Manchester United,Aston Villa,H,A Taylor,3.0,1.0,0.0,0.0,16.0,9.0,6.0,2.0,10.0,5.0,6.0,6.0,3.0,2.0,0.0,0.0,,,3,W
fe18f81dcc72eccbcc2f,2025-26,2026-03-15,Aston Villa,Manchester United,A,A Taylor,1.0,3.0,0.0,0.0,9.0,16.0,2.0,6.0,5.0,10.0,6.0,6.0,2.0,3.0,0.0,0.0,,,0,L
0ce38ed1e9540af56e6b,2025-26,2026-03-15,Nottingham Forest,Fulham,H,S Barrott,0.0,0.0,0.0,0.0,11.0,5.0,2.0,0.0,8.0,10.0,5.0,4.0,2.0,3.0,0.0,0.0,,,1,D
0ce38ed1e9540af56e6b,2025-26,2026-03-15,Fulham,Nottingham Forest,A,S Barrott,0.0,0.0,0.0,0.0,5.0,11.0,0.0,2.0,10.0,8.0,4.0,5.0,3.0,2.0,0.0,0.0,,,1,D
0db3cea12eda6b54fe12,2025-26,2026-03-15,Liverpool,Tottenham,H,C Kavanagh,1.0,1.0,1.0,0.0,17.0,13.0,4.0,7.0,8.0,13.0,3.0,4.0,0.0,0.0,0.0,0.0,,,1,D
0db3cea12eda6b54fe12,2025-26,2026-03-15,Tottenham,Liverpool,A,C Kavanagh,1.0,1.0,0.0,1.0,13.0,17.0,7.0,4.0,13.0,8.0,4.0,3.0,0.0,0.0,0.0,0.0,,,1,D
e8e9540f34a352130bba,2025-26,2026-03-16,Brentford,Wolverhampton Wanderers,H,S Attwell,2.0,2.0,2.0,1.0,10.0,13.0,3.0,4.0,12.0,10.0,1.0,5.0,2.0,4.0,0.0,0.0,,,1,D
e8e9540f34a352130bba,2025-26,2026-03-16,Wolverhampton Wanderers,Brentford,A,S Attwell,2.0,2.0,1.0,2.0,13.0,10.0,4.0,3.0,10.0,12.0,5.0,1.0,4.0,2.0,0.0,0.0,,,1,D
f81a3cd52e883f32463e,2025-26,2026-03-20,Bournemouth,Manchester United,H,S Attwell,2.0,2.0,0.0,0.0,16.0,14.0,5.0,5.0,10.0,9.0,6.0,8.0,2.0,2.0,0.0,1.0,,,1,D
f81a3cd52e883f32463e,2025-26,2026-03-20,Manchester United,Bournemouth,A,S Attwell,2.0,2.0,0.0,0.0,14.0,16.0,5.0,5.0,9.0,10.0,8.0,6.0,2.0,2.0,1.0,0.0,,,1,D
e3cb7318914166b2e212,2025-26,2026-03-21,Brighton & Hove Albion,Liverpool,H,D England,2.0,1.0,1.0,1.0,16.0,12.0,7.0,5.0,11.0,11.0,4.0,8.0,5.0,5.0,0.0,0.0,,,3,W
e3cb7318914166b2e212,2025-26,2026-03-21,Liverpool,Brighton & Hove Albion,A,D England,1.0,2.0,1.0,1.0,12.0,16.0,5.0,7.0,11.0,11.0,8.0,4.0,5.0,5.0,0.0,0.0,,,0,L
4552df97b1b86b170a5d,2025-26,2026-03-21,Fulham,Burnley,H,C Kavanagh,3.0,1.0,0.0,0.0,22.0,9.0,6.0,5.0,6.0,9.0,6.0,6.0,2.0,2.0,0.0,1.0,,,3,W
4552df97b1b86b170a5d,2025-26,2026-03-21,Burnley,Fulham,A,C Kavanagh,1.0,3.0,0.0,0.0,9.0,22.0,5.0,6.0,9.0,6.0,6.0,6.0,2.0,2.0,1.0,0.0,,,0,L
c81f1166a30e51eb0db3,2025-26,2026-03-21,Everton,Chelsea,H,S Barrott,3.0,0.0,1.0,0.0,10.0,12.0,9.0,4.0,6.0,7.0,3.0,9.0,0.0,2.0,0.0,0.0,,,3,W
c81f1166a30e51eb0db3,2025-26,2026-03-21,Chelsea,Everton,A,S Barrott,0.0,3.0,0.0,1.0,12.0,10.0,4.0,9.0,7.0,6.0,9.0,3.0,2.0,0.0,0.0,0.0,,,0,L
630b5bae36a72d638c6b,2025-26,2026-03-21,Leeds,Brentford,H,J Gillett,0.0,0.0,0.0,0.0,14.0,6.0,4.0,2.0,6.0,9.0,6.0,2.0,2.0,0.0,0.0,0.0,,,1,D
630b5bae36a72d638c6b,2025-26,2026-03-21,Brentford,Leeds,A,J Gillett,0.0,0.0,0.0,0.0,6.0,14.0,2.0,4.0,9.0,6.0,2.0,6.0,0.0,2.0,0.0,0.0,,,1,D
1bf1d218d048df454fe5,2025-26,2026-03-22,Newcastle United,Sunderland,H,A Taylor,1.0,2.0,1.0,0.0,16.0,17.0,4.0,7.0,8.0,19.0,9.0,5.0,1.0,6.0,0.0,0.0,,,0,L
1bf1d218d048df454fe5,2025-26,2026-03-22,Sunderland,Newcastle United,A,A Taylor,2.0,1.0,0.0,1.0,17.0,16.0,7.0,4.0,19.0,8.0,5.0,9.0,6.0,1.0,0.0,0.0,,,3,W
29ad0ec5408d32882854,2025-26,2026-03-22,Aston Villa,West Ham United,H,P Tierney,2.0,0.0,1.0,0.0,23.0,9.0,7.0,1.0,3.0,7.0,6.0,6.0,0.0,1.0,0.0,0.0,,,3,W
29ad0ec5408d32882854,2025-26,2026-03-22,West Ham United,Aston Villa,A,P Tierney,0.0,2.0,0.0,1.0,9.0,23.0,1.0,7.0,7.0,3.0,6.0,6.0,1.0,0.0,0.0,0.0,,,0,L
0eacc08f1932770bf018,2025-26,2026-03-22,Tottenham,Nottingham Forest,H,M Oliver,0.0,3.0,0.0,1.0,14.0,8.0,3.0,7.0,13.0,13.0,13.0,3.0,1.0,2.0,0.0,0.0,,,0,L
0eacc08f1932770bf018,2025-26,2026-03-22,Nottingham Forest,Tottenham,A,M Oliver,3.0,0.0,1.0,0.0,8.0,14.0,7.0,3.0,13.0,13.0,3.0,13.0,2.0,1.0,0.0,0.0,,,3,W
cb2b6915f1a2553c63a2,2025-26,2026-04-10,West Ham United,Wolverhampton Wanderers,H,J Gillett,4.0,0.0,1.0,0.0,18.0,14.0,7.0,3.0,11.0,7.0,5.0,2.0,2.0,2.0,0.0,0.0,,,3,W
cb2b6915f1a2553c63a2,2025-26,2026-04-10,Wolverhampton Wanderers,West Ham United,A,J Gillett,0.0,4.0,0.0,1.0,14.0,18.0,3.0,7.0,7.0,11.0,2.0,5.0,2.0,2.0,0.0,0.0,,,0,L
563ee77c8a5d8063c33f,2025-26,2026-04-11,Arsenal,Bournemouth,H,M Oliver,1.0,2.0,1.0,1.0,15.0,8.0,3.0,3.0,12.0,18.0,10.0,1.0,1.0,3.0,0.0,0.0,,,0,L
563ee77c8a5d8063c33f,2025-26,2026-04-11,Bournemouth,Arsenal,A,M Oliver,2.0,1.0,1.0,1.0,8.0,15.0,3.0,3.0,18.0,12.0,1.0,10.0,3.0,1.0,0.0,0.0,,,3,W
dc9763cca4017950517d,2025-26,2026-04-11,Brentford,Everton,H,F Hallam,2.0,2.0,1.0,1.0,17.0,14.0,4.0,7.0,6.0,7.0,2.0,3.0,0.0,2.0,0.0,0.0,,,1,D
dc9763cca4017950517d,2025-26,2026-04-11,Everton,Brentford,A,F Hallam,2.0,2.0,1.0,1.0,14.0,17.0,7.0,4.0,7.0,6.0,3.0,2.0,2.0,0.0,0.0,0.0,,,1,D
d21eba8b4334e9010263,2025-26,2026-04-11,Burnley,Brighton & Hove Albion,H,T Bramall,0.0,2.0,0.0,1.0,10.0,13.0,5.0,6.0,7.0,11.0,8.0,2.0,2.0,1.0,0.0,0.0,,,0,L
d21eba8b4334e9010263,2025-26,2026-04-11,Brighton & Hove Albion,Burnley,A,T Bramall,2.0,0.0,1.0,0.0,13.0,10.0,6.0,5.0,11.0,7.0,2.0,8.0,1.0,2.0,0.0,0.0,,,3,W
1b45ddf44e36a2cfd9d9,2025-26,2026-04-11,Liverpool,Fulham,H,A Taylor,2.0,0.0,2.0,0.0,18.0,19.0,5.0,4.0,10.0,4.0,6.0,9.0,0.0,0.0,0.0,0.0,,,3,W
1b45ddf44e36a2cfd9d9,2025-26,2026-04-11,Fulham,Liverpool,A,A Taylor,0.0,2.0,0.0,2.0,19.0,18.0,4.0,5.0,4.0,10.0,9.0,6.0,0.0,0.0,0.0,0.0,,,0,L
32962a30fae99ec760f2,2025-26,2026-04-12,Crystal Palace,Newcastle United,H,A Madley,2.0,1.0,0.0,1.0,11.0,7.0,5.0,3.0,17.0,12.0,2.0,4.0,0.0,3.0,0.0,0.0,,,3,W
32962a30fae99ec760f2,2025-26,2026-04-12,Newcastle United,Crystal Palace,A,A Madley,1.0,2.0,1.0,0.0,7.0,11.0,3.0,5.0,12.0,17.0,4.0,2.0,3.0,0.0,0.0,0.0,,,0,L
00c8da6e33c32e94acdd,2025-26,2026-04-12,Nottingham Forest,Aston Villa,H,M Salisbury,1.0,1.0,1.0,1.0,15.0,12.0,4.0,5.0,15.0,10.0,7.0,3.0,2.0,2.0,0.0,0.0,,,1,D
00c8da6e33c32e94acdd,2025-26,2026-04-12,Aston Villa,Nottingham Forest,A,M Salisbury,1.0,1.0,1.0,1.0,12.0,15.0,5.0,4.0,10.0,15.0,3.0,7.0,2.0,2.0,0.0,0.0,,,1,D
85e6b18ed72f60018b26,2025-26,2026-04-12,Sunderland,Tottenham,H,R Jones,1.0,0.0,0.0,0.0,13.0,11.0,2.0,7.0,14.0,15.0,2.0,6.0,3.0,3.0,0.0,0.0,,,3,W
85e6b18ed72f60018b26,2025-26,2026-04-12,Tottenham,Sunderland,A,R Jones,0.0,1.0,0.0,0.0,11.0,13.0,7.0,2.0,15.0,14.0,6.0,2.0,3.0,3.0,0.0,0.0,,,0,L
99ef482f5edf404f35df,2025-26,2026-04-12,Chelsea,Manchester City,H,C Kavanagh,0.0,3.0,0.0,0.0,12.0,18.0,3.0,8.0,10.0,14.0,4.0,12.0,3.0,1.0,0.0,0.0,,,0,L
99ef482f5edf404f35df,2025-26,2026-04-12,Manchester City,Chelsea,A,C Kavanagh,3.0,0.0,0.0,0.0,18.0,12.0,8.0,3.0,14.0,10.0,12.0,4.0,1.0,3.0,0.0,0.0,,,3,W
84b5e5e920f8e6219185,2025-26,2026-04-13,Manchester United,Leeds,H,P Tierney,1.0,2.0,0.0,2.0,20.0,15.0,9.0,6.0,12.0,15.0,11.0,4.0,3.0,2.0,1.0,0.0,,,0,L
84b5e5e920f8e6219185,2025-26,2026-04-13,Leeds,Manchester United,A,P Tierney,2.0,1.0,2.0,0.0,15.0,20.0,6.0,9.0,15.0,12.0,4.0,11.0,2.0,3.0,0.0,1.0,,,3,W
c401eb5363ef87ffb49d,2025-26,2026-04-18,Brentford,Fulham,H,P Tierney,0.0,0.0,0.0,0.0,13.0,11.0,4.0,0.0,8.0,13.0,9.0,3.0,0.0,1.0,0.0,0.0,,,1,D
c401eb5363ef87ffb49d,2025-26,2026-04-18,Fulham,Brentford,A,P Tierney,0.0,0.0,0.0,0.0,11.0,13.0,0.0,4.0,13.0,8.0,3.0,9.0,1.0,0.0,0.0,0.0,,,1,D
b2dcfbcba67ca28375c7,2025-26,2026-04-18,Leeds,Wolverhampton Wanderers,H,F Hallam,3.0,0.0,2.0,0.0,17.0,7.0,6.0,2.0,9.0,17.0,5.0,6.0,2.0,1.0,0.0,0.0,,,3,W
b2dcfbcba67ca28375c7,2025-26,2026-04-18,Wolverhampton Wanderers,Leeds,A,F Hallam,0.0,3.0,0.0,2.0,7.0,17.0,2.0,6.0,17.0,9.0,6.0,5.0,1.0,2.0,0.0,0.0,,,0,L
53ab430adbe52fb75c47,2025-26,2026-04-18,Newcastle United,Bournemouth,H,T Bramall,1.0,2.0,0.0,1.0,12.0,12.0,3.0,3.0,11.0,12.0,2.0,3.0,2.0,4.0,0.0,0.0,,,0,L
53ab430adbe52fb75c47,2025-26,2026-04-18,Bournemouth,Newcastle United,A,T Bramall,2.0,1.0,1.0,0.0,12.0,12.0,3.0,3.0,12.0,11.0,3.0,2.0,4.0,2.0,0.0,0.0,,,3,W
799668670d8370ac3298,2025-26,2026-04-18,Tottenham,Brighton & Hove Albion,H,S Attwell,2.0,2.0,1.0,1.0,13.0,10.0,6.0,3.0,14.0,14.0,7.0,5.0,3.0,1.0,0.0,0.0,,,1,D
799668670d8370ac3298,2025-26,2026-04-18,Brighton & Hove Albion,Tottenham,A,S Attwell,2.0,2.0,1.0,1.0,10.0,13.0,3.0,6.0,14.0,14.0,5.0,7.0,1.0,3.0,0.0,0.0,,,1,D
078b7349327132f0a1a8,2025-26,2026-04-18,Chelsea,Manchester United,H,M Oliver,0.0,1.0,0.0,1.0,21.0,4.0,3.0,1.0,12.0,13.0,7.0,1.0,1.0,3.0,0.0,0.0,,,0,L
078b7349327132f0a1a8,2025-26,2026-04-18,Manchester United,Chelsea,A,M Oliver,1.0,0.0,1.0,0.0,4.0,21.0,1.0,3.0,13.0,12.0,1.0,7.0,3.0,1.0,0.0,0.0,,,3,W
94245937e3757f50d79e,2025-26,2026-04-19,Aston Villa,Sunderland,H,S Barrott,4.0,3.0,2.0,1.0,15.0,10.0,7.0,7.0,11.0,11.0,4.0,5.0,1.0,3.0,0.0,0.0,,,3,W
94245937e3757f50d79e,2025-26,2026-04-19,Sunderland,Aston Villa,A,S Barrott,3.0,4.0,1.0,2.0,10.0,15.0,7.0,7.0,11.0,11.0,5.0,4.0,3.0,1.0,0.0,0.0,,,0,L
baae4a38c255cc51fb40,2025-26,2026-04-19,Everton,Liverpool,H,C Kavanagh,1.0,2.0,0.0,1.0,10.0,14.0,4.0,6.0,8.0,12.0,1.0,6.0,2.0,0.0,0.0,0.0,,,0,L
baae4a38c255cc51fb40,2025-26,2026-04-19,Liverpool,Everton,A,C Kavanagh,2.0,1.0,1.0,0.0,14.0,10.0,6.0,4.0,12.0,8.0,6.0,1.0,0.0,2.0,0.0,0.0,,,3,W
a79b5f1dc022e3257a54,2025-26,2026-04-19,Nottingham Forest,Burnley,H,T Kirk,4.0,1.0,0.0,1.0,10.0,4.0,4.0,3.0,8.0,12.0,4.0,4.0,0.0,2.0,0.0,0.0,,,3,W
a79b5f1dc022e3257a54,2025-26,2026-04-19,Burnley,Nottingham Forest,A,T Kirk,1.0,4.0,1.0,0.0,4.0,10.0,3.0,4.0,12.0,8.0,4.0,4.0,2.0,0.0,0.0,0.0,,,0,L
7a995b3227c24576ddb5,2025-26,2026-04-19,Manchester City,Arsenal,H,A Taylor,2.0,1.0,1.0,1.0,15.0,9.0,5.0,3.0,5.0,12.0,8.0,5.0,2.0,2.0,0.0,0.0,,,3,W
7a995b3227c24576ddb5,2025-26,2026-04-19,Arsenal,Manchester City,A,A Taylor,1.0,2.0,1.0,1.0,9.0,15.0,3.0,5.0,12.0,5.0,5.0,8.0,2.0,2.0,0.0,0.0,,,0,L
5ae9b9511b0df837d2c7,2025-26,2026-04-20,Crystal Palace,West Ham United,H,D England,0.0,0.0,0.0,0.0,9.0,9.0,1.0,4.0,13.0,12.0,4.0,6.0,2.0,1.0,0.0,0.0,,,1,D
5ae9b9511b0df837d2c7,2025-26,2026-04-20,West Ham United,Crystal Palace,A,D England,0.0,0.0,0.0,0.0,9.0,9.0,4.0,1.0,12.0,13.0,6.0,4.0,1.0,2.0,0.0,0.0,,,1,D
6a90ec6cb3268e5ecbd0,2025-26,2026-04-21,Brighton & Hove Albion,Chelsea,H,C Pawson,3.0,0.0,1.0,0.0,15.0,6.0,9.0,0.0,15.0,6.0,6.0,5.0,1.0,1.0,0.0,0.0,,,3,W
6a90ec6cb3268e5ecbd0,2025-26,2026-04-21,Chelsea,Brighton & Hove Albion,A,C Pawson,0.0,3.0,0.0,1.0,6.0,15.0,0.0,9.0,6.0,15.0,5.0,6.0,1.0,1.0,0.0,0.0,,,0,L
d1cb61f5ff572f731070,2025-26,2026-04-22,Bournemouth,Leeds,H,M Salisbury,2.0,2.0,0.0,0.0,17.0,10.0,7.0,3.0,6.0,10.0,12.0,1.0,3.0,0.0,0.0,0.0,,,1,D
d1cb61f5ff572f731070,2025-26,2026-04-22,Leeds,Bournemouth,A,M Salisbury,2.0,2.0,0.0,0.0,10.0,17.0,3.0,7.0,10.0,6.0,1.0,12.0,0.0,3.0,0.0,0.0,,,1,D
26c1bfb70efbd5590a3e,2025-26,2026-04-22,Burnley,Manchester City,H,A Madley,0.0,1.0,0.0,1.0,9.0,28.0,1.0,9.0,10.0,12.0,3.0,11.0,0.0,0.0,0.0,0.0,,,0,L
26c1bfb70efbd5590a3e,2025-26,2026-04-22,Manchester City,Burnley,A,A Madley,1.0,0.0,1.0,0.0,28.0,9.0,9.0,1.0,12.0,10.0,11.0,3.0,0.0,0.0,0.0,0.0,,,3,W
811b5df1218b3a5aa1e6,2025-26,2026-04-24,Sunderland,Nottingham Forest,H,D England,0.0,5.0,0.0,4.0,14.0,10.0,4.0,6.0,13.0,15.0,3.0,6.0,2.0,5.0,0.0,0.0,,,0,L
811b5df1218b3a5aa1e6,2025-26,2026-04-24,Nottingham Forest,Sunderland,A,D England,5.0,0.0,4.0,0.0,10.0,14.0,6.0,4.0,15.0,13.0,6.0,3.0,5.0,2.0,0.0,0.0,,,3,W
584078ab8931f3e48415,2025-26,2026-04-25,Fulham,Aston Villa,H,M Oliver,1.0,0.0,1.0,0.0,13.0,10.0,6.0,1.0,14.0,12.0,2.0,5.0,2.0,2.0,0.0,0.0,,,3,W
584078ab8931f3e48415,2025-26,2026-04-25,Aston Villa,Fulham,A,M Oliver,0.0,1.0,0.0,1.0,10.0,13.0,1.0,6.0,12.0,14.0,5.0,2.0,2.0,2.0,0.0,0.0,,,0,L
4bb91e1f24665bc3c11e,2025-26,2026-04-25,Liverpool,Crystal Palace,H,A Madley,3.0,1.0,2.0,0.0,9.0,14.0,3.0,7.0,10.0,10.0,5.0,8.0,1.0,3.0,0.0,0.0,,,3,W
4bb91e1f24665bc3c11e,2025-26,2026-04-25,Crystal Palace,Liverpool,A,A Madley,1.0,3.0,0.0,2.0,14.0,9.0,7.0,3.0,10.0,10.0,8.0,5.0,3.0,1.0,0.0,0.0,,,0,L
aaf3f0e6c1f9f536dc4e,2025-26,2026-04-25,West Ham United,Everton,H,S Attwell,2.0,1.0,0.0,0.0,10.0,11.0,3.0,3.0,9.0,11.0,3.0,4.0,3.0,4.0,0.0,0.0,,,3,W
aaf3f0e6c1f9f536dc4e,2025-26,2026-04-25,Everton,West Ham United,A,S Attwell,1.0,2.0,0.0,0.0,11.0,10.0,3.0,3.0,11.0,9.0,4.0,3.0,4.0,3.0,0.0,0.0,,,0,L
af58cc8b6eeed98e8452,2025-26,2026-04-25,Wolverhampton Wanderers,Tottenham,H,A Taylor,0.0,1.0,0.0,0.0,11.0,11.0,2.0,2.0,8.0,14.0,5.0,5.0,3.0,4.0,0.0,0.0,,,0,L
af58cc8b6eeed98e8452,2025-26,2026-04-25,Tottenham,Wolverhampton Wanderers,A,A Taylor,1.0,0.0,0.0,0.0,11.0,11.0,2.0,2.0,14.0,8.0,5.0,5.0,4.0,3.0,0.0,0.0,,,3,W
b1d63d9d9cd6d243c3e7,2025-26,2026-04-25,Arsenal,Newcastle United,H,S Barrott,1.0,0.0,1.0,0.0,11.0,13.0,4.0,3.0,13.0,10.0,7.0,2.0,2.0,2.0,0.0,0.0,,,3,W
b1d63d9d9cd6d243c3e7,2025-26,2026-04-25,Newcastle United,Arsenal,A,S Barrott,0.0,1.0,0.0,1.0,13.0,11.0,3.0,4.0,10.0,13.0,2.0,7.0,2.0,2.0,0.0,0.0,,,0,L
60bc443dcce32d7658ec,2025-26,2026-04-27,Manchester United,Brentford,H,C Kavanagh,2.0,1.0,2.0,0.0,11.0,12.0,6.0,4.0,6.0,9.0,7.0,8.0,2.0,4.0,0.0,0.0,,,3,W
60bc443dcce32d7658ec,2025-26,2026-04-27,Brentford,Manchester United,A,C Kavanagh,1.0,2.0,0.0,2.0,12.0,11.0,4.0,6.0,9.0,6.0,8.0,7.0,4.0,2.0,0.0,0.0,,,0,L
282cd39cf3e0b3bc79c5,2025-26,2026-05-01,Leeds,Burnley,H,T Bramall,3.0,1.0,1.0,0.0,18.0,9.0,8.0,3.0,12.0,11.0,5.0,0.0,4.0,3.0,0.0,0.0,,,3,W
282cd39cf3e0b3bc79c5,2025-26,2026-05-01,Burnley,Leeds,A,T Bramall,1.0,3.0,0.0,1.0,9.0,18.0,3.0,8.0,11.0,12.0,0.0,5.0,3.0,4.0,0.0,0.0,,,0,L
f4e074fae7b7efa8369f,2025-26,2026-05-02,Brentford,West Ham United,H,C Pawson,3.0,0.0,1.0,0.0,14.0,13.0,6.0,4.0,8.0,12.0,2.0,6.0,1.0,3.0,0.0,0.0,,,3,W
f4e074fae7b7efa8369f,2025-26,2026-05-02,West Ham United,Brentford,A,C Pawson,0.0,3.0,0.0,1.0,13.0,14.0,4.0,6.0,12.0,8.0,6.0,2.0,3.0,1.0,0.0,0.0,,,0,L
edf2903c39ba5174640f,2025-26,2026-05-02,Newcastle United,Brighton & Hove Albion,H,C Kavanagh,3.0,1.0,2.0,0.0,13.0,13.0,6.0,4.0,10.0,12.0,2.0,10.0,3.0,3.0,0.0,0.0,,,3,W
edf2903c39ba5174640f,2025-26,2026-05-02,Brighton & Hove Albion,Newcastle United,A,C Kavanagh,1.0,3.0,0.0,2.0,13.0,13.0,4.0,6.0,12.0,10.0,10.0,2.0,3.0,3.0,0.0,0.0,,,0,L
162faebe8ca596ee8b7d,2025-26,2026-05-02,Wolverhampton Wanderers,Sunderland,H,P Tierney,1.0,1.0,0.0,1.0,20.0,10.0,7.0,2.0,11.0,11.0,6.0,3.0,0.0,4.0,0.0,1.0,,,1,D
162faebe8ca596ee8b7d,2025-26,2026-05-02,Sunderland,Wolverhampton Wanderers,A,P Tierney,1.0,1.0,1.0,0.0,10.0,20.0,2.0,7.0,11.0,11.0,3.0,6.0,4.0,0.0,1.0,0.0,,,1,D
f2ea067dc0222239eeba,2025-26,2026-05-02,Arsenal,Fulham,H,J Gillett,3.0,0.0,3.0,0.0,18.0,10.0,9.0,1.0,7.0,12.0,3.0,4.0,0.0,1.0,0.0,0.0,,,3,W
f2ea067dc0222239eeba,2025-26,2026-05-02,Fulham,Arsenal,A,J Gillett,0.0,3.0,0.0,3.0,10.0,18.0,1.0,9.0,12.0,7.0,4.0,3.0,1.0,0.0,0.0,0.0,,,0,L
5d6a296e81539e96a790,2025-26,2026-05-03,Bournemouth,Crystal Palace,H,R Jones,3.0,0.0,2.0,0.0,16.0,7.0,5.0,1.0,10.0,11.0,7.0,1.0,0.0,2.0,0.0,0.0,,,3,W
5d6a296e81539e96a790,2025-26,2026-05-03,Crystal Palace,Bournemouth,A,R Jones,0.0,3.0,0.0,2.0,7.0,16.0,1.0,5.0,11.0,10.0,1.0,7.0,2.0,0.0,0.0,0.0,,,0,L
eda6ae3134f45e8f3123,2025-26,2026-05-03,Manchester United,Liverpool,H,D England,3.0,2.0,2.0,0.0,18.0,13.0,6.0,5.0,12.0,11.0,3.0,2.0,2.0,2.0,0.0,0.0,,,3,W
eda6ae3134f45e8f3123,2025-26,2026-05-03,Liverpool,Manchester United,A,D England,2.0,3.0,0.0,2.0,13.0,18.0,5.0,6.0,11.0,12.0,2.0,3.0,2.0,2.0,0.0,0.0,,,0,L
392999311c7a870ecbe1,2025-26,2026-05-03,Aston Villa,Tottenham,H,S Barrott,1.0,2.0,0.0,2.0,5.0,10.0,1.0,5.0,12.0,12.0,5.0,5.0,2.0,5.0,0.0,0.0,,,0,L
392999311c7a870ecbe1,2025-26,2026-05-03,Tottenham,Aston Villa,A,S Barrott,2.0,1.0,2.0,0.0,10.0,5.0,5.0,1.0,12.0,12.0,5.0,5.0,5.0,2.0,0.0,0.0,,,3,W
10540973f68c23ad08c3,2025-26,2026-05-04,Chelsea,Nottingham Forest,H,A Taylor,1.0,3.0,0.0,2.0,21.0,6.0,5.0,4.0,12.0,10.0,10.0,1.0,3.0,1.0,0.0,0.0,,,0,L
10540973f68c23ad08c3,2025-26,2026-05-04,Nottingham Forest,Chelsea,A,A Taylor,3.0,1.0,2.0,0.0,6.0,21.0,4.0,5.0,10.0,12.0,1.0,10.0,1.0,3.0,0.0,0.0,,,3,W
74dcb1dcd18513baf5c4,2025-26,2026-05-04,Everton,Manchester City,H,M Oliver,3.0,3.0,0.0,1.0,14.0,21.0,6.0,4.0,15.0,5.0,5.0,9.0,4.0,1.0,0.0,0.0,,,1,D
74dcb1dcd18513baf5c4,2025-26,2026-05-04,Manchester City,Everton,A,M Oliver,3.0,3.0,1.0,0.0,21.0,14.0,4.0,6.0,5.0,15.0,9.0,5.0,1.0,4.0,0.0,0.0,,,1,D
357b9b44bdc3b298c09d,2025-26,2026-05-09,Liverpool,Chelsea,H,C Pawson,1.0,1.0,1.0,1.0,8.0,6.0,3.0,3.0,17.0,17.0,5.0,2.0,2.0,4.0,0.0,0.0,,,1,D
357b9b44bdc3b298c09d,2025-26,2026-05-09,Chelsea,Liverpool,A,C Pawson,1.0,1.0,1.0,1.0,6.0,8.0,3.0,3.0,17.0,17.0,2.0,5.0,4.0,2.0,0.0,0.0,,,1,D
2e36279a486e44f8e698,2025-26,2026-05-09,Brighton & Hove Albion,Wolverhampton Wanderers,H,J Brooks,3.0,0.0,2.0,0.0,14.0,5.0,6.0,1.0,9.0,11.0,7.0,1.0,1.0,2.0,0.0,0.0,,,3,W
2e36279a486e44f8e698,2025-26,2026-05-09,Wolverhampton Wanderers,Brighton & Hove Albion,A,J Brooks,0.0,3.0,0.0,2.0,5.0,14.0,1.0,6.0,11.0,9.0,1.0,7.0,2.0,1.0,0.0,0.0,,,0,L
75c16a5f77d36a35e1c7,2025-26,2026-05-09,Fulham,Bournemouth,H,A Madley,0.0,1.0,0.0,0.0,14.0,10.0,2.0,5.0,12.0,21.0,11.0,2.0,4.0,2.0,1.0,1.0,,,0,L
75c16a5f77d36a35e1c7,2025-26,2026-05-09,Bournemouth,Fulham,A,A Madley,1.0,0.0,0.0,0.0,10.0,14.0,5.0,2.0,21.0,12.0,2.0,11.0,2.0,4.0,1.0,1.0,,,3,W
8f4f55739b493d318913,2025-26,2026-05-09,Sunderland,Manchester United,H,S Attwell,0.0,0.0,0.0,0.0,15.0,11.0,4.0,1.0,12.0,12.0,7.0,8.0,0.0,3.0,0.0,0.0,,,1,D
8f4f55739b493d318913,2025-26,2026-05-09,Manchester United,Sunderland,A,S Attwell,0.0,0.0,0.0,0.0,11.0,15.0,1.0,4.0,12.0,12.0,8.0,7.0,3.0,0.0,0.0,0.0,,,1,D
e06157009a58bf7a517c,2025-26,2026-05-09,Manchester City,Brentford,H,M Salisbury,3.0,0.0,0.0,0.0,25.0,4.0,10.0,2.0,8.0,14.0,10.0,2.0,4.0,2.0,0.0,0.0,,,3,W
e06157009a58bf7a517c,2025-26,2026-05-09,Brentford,Manchester City,A,M Salisbury,0.0,3.0,0.0,0.0,4.0,25.0,2.0,10.0,14.0,8.0,2.0,10.0,2.0,4.0,0.0,0.0,,,0,L
5117a8132a9a0ce70c0c,2025-26,2026-05-10,Burnley,Aston Villa,H,A Taylor,2.0,2.0,1.0,1.0,15.0,18.0,6.0,7.0,18.0,8.0,2.0,8.0,1.0,1.0,0.0,0.0,,,1,D
5117a8132a9a0ce70c0c,2025-26,2026-05-10,Aston Villa,Burnley,A,A Taylor,2.0,2.0,1.0,1.0,18.0,15.0,7.0,6.0,8.0,18.0,8.0,2.0,1.0,1.0,0.0,0.0,,,1,D
5d110626dc0adc04ac49,2025-26,2026-05-10,Crystal Palace,Everton,H,T Bramall,2.0,2.0,1.0,1.0,21.0,13.0,8.0,6.0,5.0,13.0,5.0,10.0,0.0,2.0,0.0,0.0,,,1,D
5d110626dc0adc04ac49,2025-26,2026-05-10,Everton,Crystal Palace,A,T Bramall,2.0,2.0,1.0,1.0,13.0,21.0,6.0,8.0,13.0,5.0,10.0,5.0,2.0,0.0,0.0,0.0,,,1,D
c341f8cb0ccee7672c4f,2025-26,2026-05-10,Nottingham Forest,Newcastle United,H,P Tierney,1.0,1.0,0.0,0.0,17.0,16.0,6.0,6.0,16.0,11.0,2.0,1.0,2.0,0.0,0.0,0.0,,,1,D
c341f8cb0ccee7672c4f,2025-26,2026-05-10,Newcastle United,Nottingham Forest,A,P Tierney,1.0,1.0,0.0,0.0,16.0,17.0,6.0,6.0,11.0,16.0,1.0,2.0,0.0,2.0,0.0,0.0,,,1,D
8cfdf4238181118636af,2025-26,2026-05-10,West Ham United,Arsenal,H,C Kavanagh,0.0,1.0,0.0,0.0,9.0,15.0,3.0,4.0,14.0,12.0,4.0,3.0,3.0,4.0,0.0,0.0,,,0,L
8cfdf4238181118636af,2025-26,2026-05-10,Arsenal,West Ham United,A,C Kavanagh,1.0,0.0,0.0,0.0,15.0,9.0,4.0,3.0,12.0,14.0,3.0,4.0,4.0,3.0,0.0,0.0,,,3,W
e9143f1f7da972e8bbc5,2025-26,2026-05-11,Tottenham,Leeds,H,J Gillett,1.0,1.0,0.0,0.0,16.0,11.0,3.0,4.0,12.0,7.0,14.0,2.0,3.0,1.0,0.0,0.0,,,1,D
e9143f1f7da972e8bbc5,2025-26,2026-05-11,Leeds,Tottenham,A,J Gillett,1.0,1.0,0.0,0.0,11.0,16.0,4.0,3.0,7.0,12.0,2.0,14.0,1.0,3.0,0.0,0.0,,,1,D
94a051a38206ab0440f9,2025-26,2026-05-13,Manchester City,Crystal Palace,H,S Attwell,3.0,0.0,2.0,0.0,15.0,6.0,4.0,2.0,10.0,7.0,9.0,4.0,0.0,2.0,0.0,0.0,,,3,W
94a051a38206ab0440f9,2025-26,2026-05-13,Crystal Palace,Manchester City,A,S Attwell,0.0,3.0,0.0,2.0,6.0,15.0,2.0,4.0,7.0,10.0,4.0,9.0,2.0,0.0,0.0,0.0,,,0,L
47fb399e2b0298f0a5c6,2025-26,2026-05-15,Aston Villa,Liverpool,H,C Kavanagh,4.0,2.0,1.0,0.0,14.0,16.0,9.0,5.0,12.0,9.0,4.0,9.0,3.0,1.0,0.0,0.0,,,3,W
47fb399e2b0298f0a5c6,2025-26,2026-05-15,Liverpool,Aston Villa,A,C Kavanagh,2.0,4.0,0.0,1.0,16.0,14.0,5.0,9.0,9.0,12.0,9.0,4.0,1.0,3.0,0.0,0.0,,,0,L
70793132b5cba140df56,2025-26,2026-05-17,Manchester United,Nottingham Forest,H,M Salisbury,3.0,2.0,1.0,0.0,29.0,11.0,8.0,4.0,11.0,5.0,7.0,6.0,2.0,1.0,0.0,0.0,,,3,W
70793132b5cba140df56,2025-26,2026-05-17,Nottingham Forest,Manchester United,A,M Salisbury,2.0,3.0,0.0,1.0,11.0,29.0,4.0,8.0,5.0,11.0,6.0,7.0,1.0,2.0,0.0,0.0,,,0,L
b6b086e667f01fc321a7,2025-26,2026-05-17,Brentford,Crystal Palace,H,S Barrott,2.0,2.0,1.0,1.0,14.0,16.0,3.0,5.0,7.0,5.0,9.0,4.0,1.0,3.0,0.0,0.0,,,1,D
b6b086e667f01fc321a7,2025-26,2026-05-17,Crystal Palace,Brentford,A,S Barrott,2.0,2.0,1.0,1.0,16.0,14.0,5.0,3.0,5.0,7.0,4.0,9.0,3.0,1.0,0.0,0.0,,,1,D
f33e788b92e93d3df749,2025-26,2026-05-17,Everton,Sunderland,H,J Brooks,1.0,3.0,1.0,0.0,10.0,7.0,4.0,3.0,14.0,9.0,3.0,2.0,3.0,0.0,0.0,0.0,,,0,L
f33e788b92e93d3df749,2025-26,2026-05-17,Sunderland,Everton,A,J Brooks,3.0,1.0,0.0,1.0,7.0,10.0,3.0,4.0,9.0,14.0,2.0,3.0,0.0,3.0,0.0,0.0,,,3,W
717275c52836f9e908b3,2025-26,2026-05-17,Leeds,Brighton & Hove Albion,H,M Oliver,1.0,0.0,0.0,0.0,7.0,19.0,1.0,8.0,9.0,7.0,7.0,8.0,1.0,0.0,0.0,0.0,,,3,W
717275c52836f9e908b3,2025-26,2026-05-17,Brighton & Hove Albion,Leeds,A,M Oliver,0.0,1.0,0.0,0.0,19.0,7.0,8.0,1.0,7.0,9.0,8.0,7.0,0.0,1.0,0.0,0.0,,,0,L
08ac84a9d86c10477bcf,2025-26,2026-05-17,Wolverhampton Wanderers,Fulham,H,T Kirk,1.0,1.0,1.0,1.0,11.0,13.0,3.0,5.0,20.0,8.0,3.0,6.0,1.0,0.0,0.0,0.0,,,1,D
08ac84a9d86c10477bcf,2025-26,2026-05-17,Fulham,Wolverhampton Wanderers,A,T Kirk,1.0,1.0,1.0,1.0,13.0,11.0,5.0,3.0,8.0,20.0,6.0,3.0,0.0,1.0,0.0,0.0,,,1,D
d10c766f472d3e165def,2025-26,2026-05-17,Newcastle United,West Ham United,H,J Gillett,3.0,1.0,2.0,0.0,15.0,15.0,7.0,8.0,8.0,11.0,9.0,1.0,1.0,3.0,0.0,0.0,,,3,W
d10c766f472d3e165def,2025-26,2026-05-17,West Ham United,Newcastle United,A,J Gillett,1.0,3.0,0.0,2.0,15.0,15.0,8.0,7.0,11.0,8.0,1.0,9.0,3.0,1.0,0.0,0.0,,,0,L
de3ccdeae6f95be60466,2025-26,2026-05-18,Arsenal,Burnley,H,P Tierney,1.0,0.0,1.0,0.0,13.0,5.0,3.0,0.0,7.0,16.0,3.0,3.0,1.0,3.0,0.0,0.0,,,3,W
de3ccdeae6f95be60466,2025-26,2026-05-18,Burnley,Arsenal,A,P Tierney,0.0,1.0,0.0,1.0,5.0,13.0,0.0,3.0,16.0,7.0,3.0,3.0,3.0,1.0,0.0,0.0,,,0,L
b0ebd1c12b58f1c6e148,2025-26,2026-05-19,Bournemouth,Manchester City,H,A Taylor,1.0,1.0,1.0,0.0,10.0,14.0,2.0,5.0,16.0,7.0,7.0,6.0,4.0,2.0,0.0,0.0,,,1,D
b0ebd1c12b58f1c6e148,2025-26,2026-05-19,Manchester City,Bournemouth,A,A Taylor,1.0,1.0,0.0,1.0,14.0,10.0,5.0,2.0,7.0,16.0,6.0,7.0,2.0,4.0,0.0,0.0,,,1,D
d5865ba591119e2c3b7a,2025-26,2026-05-19,Chelsea,Tottenham,H,S Attwell,2.0,1.0,1.0,0.0,9.0,9.0,4.0,3.0,11.0,18.0,3.0,4.0,4.0,3.0,0.0,0.0,,,3,W
d5865ba591119e2c3b7a,2025-26,2026-05-19,Tottenham,Chelsea,A,S Attwell,1.0,2.0,0.0,1.0,9.0,9.0,3.0,4.0,18.0,11.0,4.0,3.0,3.0,4.0,0.0,0.0,,,0,L
68d8ccd8f20b9df0cd48,2025-26,2026-05-24,Brighton & Hove Albion,Manchester United,H,S Barrott,0.0,3.0,0.0,2.0,13.0,11.0,2.0,7.0,11.0,8.0,0.0,3.0,0.0,1.0,0.0,0.0,,,0,L
68d8ccd8f20b9df0cd48,2025-26,2026-05-24,Manchester United,Brighton & Hove Albion,A,S Barrott,3.0,0.0,2.0,0.0,11.0,13.0,7.0,2.0,8.0,11.0,3.0,0.0,1.0,0.0,0.0,0.0,,,3,W
c1c7ed940e7aed84aca8,2025-26,2026-05-24,Burnley,Wolverhampton Wanderers,H,A Kitchen,1.0,1.0,0.0,1.0,16.0,16.0,8.0,4.0,10.0,11.0,7.0,7.0,2.0,2.0,0.0,0.0,,,1,D
c1c7ed940e7aed84aca8,2025-26,2026-05-24,Wolverhampton Wanderers,Burnley,A,A Kitchen,1.0,1.0,1.0,0.0,16.0,16.0,4.0,8.0,11.0,10.0,7.0,7.0,2.0,2.0,0.0,0.0,,,1,D
a653fc4b05c0576a884e,2025-26,2026-05-24,Crystal Palace,Arsenal,H,F Hallam,1.0,2.0,0.0,1.0,8.0,17.0,3.0,7.0,9.0,12.0,3.0,4.0,0.0,1.0,0.0,0.0,,,0,L
a653fc4b05c0576a884e,2025-26,2026-05-24,Arsenal,Crystal Palace,A,F Hallam,2.0,1.0,1.0,0.0,17.0,8.0,7.0,3.0,12.0,9.0,4.0,3.0,1.0,0.0,0.0,0.0,,,3,W
baa7080b4656f818b370,2025-26,2026-05-24,Fulham,Newcastle United,H,R Jones,2.0,0.0,1.0,0.0,21.0,7.0,6.0,2.0,13.0,6.0,6.0,6.0,2.0,2.0,0.0,0.0,,,3,W
baa7080b4656f818b370,2025-26,2026-05-24,Newcastle United,Fulham,A,R Jones,0.0,2.0,0.0,1.0,7.0,21.0,2.0,6.0,6.0,13.0,6.0,6.0,2.0,2.0,0.0,0.0,,,0,L
be428d26171087c1b564,2025-26,2026-05-24,Liverpool,Brentford,H,D England,1.0,1.0,0.0,0.0,24.0,11.0,8.0,2.0,9.0,9.0,14.0,2.0,2.0,3.0,0.0,0.0,,,1,D
be428d26171087c1b564,2025-26,2026-05-24,Brentford,Liverpool,A,D England,1.0,1.0,0.0,0.0,11.0,24.0,2.0,8.0,9.0,9.0,2.0,14.0,3.0,2.0,0.0,0.0,,,1,D
ee1aa1587511612c9b8e,2025-26,2026-05-24,Manchester City,Aston Villa,H,A Madley,1.0,2.0,1.0,0.0,16.0,12.0,3.0,5.0,8.0,4.0,9.0,4.0,1.0,0.0,0.0,0.0,,,0,L
ee1aa1587511612c9b8e,2025-26,2026-05-24,Aston Villa,Manchester City,A,A Madley,2.0,1.0,0.0,1.0,12.0,16.0,5.0,3.0,4.0,8.0,4.0,9.0,0.0,1.0,0.0,0.0,,,3,W
f3691569a289a4821be6,2025-26,2026-05-24,Nottingham Forest,Bournemouth,H,C Pawson,1.0,1.0,1.0,0.0,15.0,17.0,5.0,4.0,11.0,7.0,6.0,3.0,1.0,1.0,0.0,0.0,,,1,D
f3691569a289a4821be6,2025-26,2026-05-24,Bournemouth,Nottingham Forest,A,C Pawson,1.0,1.0,0.0,1.0,17.0,15.0,4.0,5.0,7.0,11.0,3.0,6.0,1.0,1.0,0.0,0.0,,,1,D
7921a1c01164d6b3395d,2025-26,2026-05-24,Sunderland,Chelsea,H,C Kavanagh,2.0,1.0,1.0,0.0,20.0,10.0,2.0,1.0,15.0,18.0,7.0,7.0,3.0,2.0,0.0,0.0,,,3,W
7921a1c01164d6b3395d,2025-26,2026-05-24,Chelsea,Sunderland,A,C Kavanagh,1.0,2.0,0.0,1.0,10.0,20.0,1.0,2.0,18.0,15.0,7.0,7.0,2.0,3.0,0.0,0.0,,,0,L
aec3745c5a083e7138dd,2025-26,2026-05-24,Tottenham,Everton,H,M Oliver,1.0,0.0,1.0,0.0,21.0,8.0,6.0,3.0,15.0,12.0,6.0,2.0,5.0,3.0,0.0,1.0,,,3,W
aec3745c5a083e7138dd,2025-26,2026-05-24,Everton,Tottenham,A,M Oliver,0.0,1.0,0.0,1.0,8.0,21.0,3.0,6.0,12.0,15.0,2.0,6.0,3.0,5.0,1.0,0.0,,,0,L
cd46c4374068182ca4c8,2025-26,2026-05-24,West Ham United,Leeds,H,A Taylor,3.0,0.0,0.0,0.0,16.0,13.0,9.0,3.0,11.0,14.0,6.0,4.0,0.0,3.0,0.0,0.0,,,3,W
cd46c4374068182ca4c8,2025-26,2026-05-24,Leeds,West Ham United,A,A Taylor,0.0,3.0,0.0,0.0,13.0,16.0,3.0,9.0,14.0,11.0,4.0,6.0,3.0,0.0,0.0,0.0,,,0,L
0a9f0bf0a8674d2a443b,2026-27,2026-08-21,Arsenal,Coventry,H,T Bramall,3.0,0.0,2.0,0.0,20.0,4.0,6.0,1.0,10.0,13.0,8.0,2.0,1.0,1.0,0.0,0.0,1.88,0.2,3,W
0a9f0bf0a8674d2a443b,2026-27,2026-08-21,Coventry,Arsenal,A,T Bramall,0.0,3.0,0.0,2.0,4.0,20.0,1.0,6.0,13.0,10.0,2.0,8.0,1.0,1.0,0.0,0.0,0.2,1.88,0,L
2304a830a7804f34b177,2026-27,2026-08-22,Hull,Manchester United,H,D England,2.0,0.0,2.0,0.0,8.0,21.0,4.0,5.0,10.0,9.0,1.0,6.0,2.0,1.0,0.0,0.0,1.01,1.83,3,W
2304a830a7804f34b177,2026-27,2026-08-22,Manchester United,Hull,A,D England,0.0,2.0,0.0,2.0,21.0,8.0,5.0,4.0,9.0,10.0,6.0,1.0,1.0,2.0,0.0,0.0,1.83,1.01,0,L
0598a9ab3c118e779149,2026-27,2026-08-22,Everton,Crystal Palace,H,P Tierney,2.0,0.0,1.0,0.0,16.0,11.0,5.0,4.0,5.0,15.0,4.0,0.0,0.0,1.0,0.0,0.0,1.12,1.96,3,W
0598a9ab3c118e779149,2026-27,2026-08-22,Crystal Palace,Everton,A,P Tierney,0.0,2.0,0.0,1.0,11.0,16.0,4.0,5.0,15.0,5.0,0.0,4.0,1.0,0.0,0.0,0.0,1.96,1.12,0,L
b2d5bc1930cf4a61af0f,2026-27,2026-08-22,Ipswich,Sunderland,H,F Hallam,2.0,1.0,1.0,1.0,10.0,11.0,3.0,4.0,12.0,14.0,3.0,5.0,0.0,3.0,0.0,0.0,1.8,0.66,3,W
b2d5bc1930cf4a61af0f,2026-27,2026-08-22,Sunderland,Ipswich,A,F Hallam,1.0,2.0,1.0,1.0,11.0,10.0,4.0,3.0,14.0,12.0,5.0,3.0,3.0,0.0,0.0,0.0,0.66,1.8,0,L
10489473369ebe324438,2026-27,2026-08-22,Nottingham Forest,Leeds,H,R Jones,0.0,1.0,0.0,0.0,12.0,11.0,2.0,3.0,15.0,14.0,3.0,2.0,2.0,1.0,0.0,0.0,0.66,0.47,0,L
10489473369ebe324438,2026-27,2026-08-22,Leeds,Nottingham Forest,A,R Jones,1.0,0.0,0.0,0.0,11.0,12.0,3.0,2.0,14.0,15.0,2.0,3.0,1.0,2.0,0.0,0.0,0.47,0.66,3,W
c5b6dd470d2e2dc1a27a,2026-27,2026-08-22,Brentford,Tottenham,H,M Oliver,3.0,0.0,2.0,0.0,26.0,9.0,8.0,4.0,17.0,14.0,7.0,3.0,1.0,1.0,0.0,0.0,3.88,0.57,3,W
c5b6dd470d2e2dc1a27a,2026-27,2026-08-22,Tottenham,Brentford,A,M Oliver,0.0,3.0,0.0,2.0,9.0,26.0,4.0,8.0,14.0,17.0,3.0,7.0,1.0,1.0,0.0,0.0,0.57,3.88,0,L
80126a3bcc5879d95522,2026-27,2026-08-23,Brighton & Hove Albion,Aston Villa,H,P Bankes,4.0,0.0,4.0,0.0,21.0,6.0,6.0,0.0,12.0,11.0,5.0,2.0,2.0,3.0,0.0,1.0,3.77,0.28,3,W
80126a3bcc5879d95522,2026-27,2026-08-23,Aston Villa,Brighton & Hove Albion,A,P Bankes,0.0,4.0,0.0,4.0,6.0,21.0,0.0,6.0,11.0,12.0,2.0,5.0,3.0,2.0,1.0,0.0,0.28,3.77,0,L
ed9e18269eda32e0e17e,2026-27,2026-08-23,Manchester City,Bournemouth,H,J Gillett,2.0,1.0,0.0,1.0,13.0,5.0,6.0,4.0,11.0,11.0,8.0,3.0,1.0,2.0,0.0,0.0,2.36,0.63,3,W
ed9e18269eda32e0e17e,2026-27,2026-08-23,Bournemouth,Manchester City,A,J Gillett,1.0,2.0,1.0,0.0,5.0,13.0,4.0,6.0,11.0,11.0,3.0,8.0,2.0,1.0,0.0,0.0,0.63,2.36,0,L
2460c740d97e55fc3a94,2026-27,2026-08-23,Newcastle United,Liverpool,H,S Attwell,2.0,2.0,1.0,0.0,13.0,27.0,4.0,7.0,16.0,15.0,2.0,6.0,5.0,3.0,0.0,0.0,1.57,2.98,1,D
2460c740d97e55fc3a94,2026-27,2026-08-23,Liverpool,Newcastle United,A,S Attwell,2.0,2.0,0.0,1.0,27.0,13.0,7.0,4.0,15.0,16.0,6.0,2.0,3.0,5.0,0.0,0.0,2.98,1.57,1,D
092f05f36b9603960bbf,2026-27,2026-08-24,Fulham,Chelsea,H,J Brooks,2.0,3.0,1.0,2.0,14.0,18.0,6.0,6.0,12.0,7.0,6.0,4.0,2.0,3.0,0.0,0.0,1.35,1.7,0,L
092f05f36b9603960bbf,2026-27,2026-08-24,Chelsea,Fulham,A,J Brooks,3.0,2.0,2.0,1.0,18.0,14.0,6.0,6.0,7.0,12.0,4.0,6.0,3.0,2.0,0.0,0.0,1.7,1.35,3,W
